uniprot_id,contrast,max_rank_shift,min_rank,max_rank,sensitive,gene
Q14204,Training_Young,3,1,4,FALSE,DYNC1H1
P26038,Training_Young,7,2,9,FALSE,MSN
Q9NP77,Training_Young,71,1,72,TRUE,SSU72
P26640,Training_Young,13,4,17,FALSE,VARS1
O76003,Training_Young,11,3,14,FALSE,GLRX3
P30837,Training_Young,3,3,6,FALSE,ALDH1B1
P26447,Training_Young,9,1,10,FALSE,S100A4
Q99584,Training_Young,7,2,9,FALSE,S100A13
P62280,Training_Young,5,6,11,FALSE,RPS11
P40227,Training_Young,24,10,34,FALSE,CCT6A
Q96S99,Training_Young,527,11,538,TRUE,PLEKHF1
Q9NSD9,Training_Young,10,5,15,FALSE,FARSB
Q06323,Training_Young,6,7,13,FALSE,PSME1
Q13409,Training_Young,22,9,31,FALSE,DYNC1I2
P63172,Training_Young,7,13,20,FALSE,DYNLT1
P07305,Training_Young,131,16,147,TRUE,H1-0
Q5JWF2,Training_Young,1138,17,1155,TRUE,GNAS
Q9Y6G9,Training_Young,30,18,48,FALSE,DYNC1LI1
P48643,Training_Young,10,10,20,FALSE,CCT5
Q93008,Training_Young,12,12,24,FALSE,USP9X
P50990,Training_Young,48,20,68,FALSE,CCT8
P55769,Training_Young,1211,22,1233,TRUE,SNU13
P16152,Training_Young,26,9,35,FALSE,CBR1
Q6PK04,Training_Young,31,24,55,FALSE,CCDC137
O95167,Training_Young,274,25,299,TRUE,NDUFA3
Q8WYA0,Training_Young,178,26,204,TRUE,IFT81
Q96AG3,Training_Young,11,19,30,FALSE,SLC25A46
Q13561,Training_Young,12,16,28,FALSE,DCTN2
Q969T9,Training_Young,712,29,741,TRUE,WBP2
P27338,Training_Young,905,30,935,TRUE,MAOB
P17655,Training_Young,18,31,49,FALSE,CAPN2
P08651,Training_Young,403,29,432,TRUE,NFIC
P26641,Training_Young,125,28,153,TRUE,EEF1G
Q9NS69,Training_Young,387,34,421,TRUE,TOMM22
P09936,Training_Young,30,14,44,FALSE,UCHL1
Q16658,Training_Young,17,32,49,FALSE,FSCN1
Q13508,Training_Young,178,37,215,TRUE,ART3
P54619,Training_Young,33,23,56,FALSE,PRKAG1
P21397,Training_Young,617,39,656,TRUE,MAOA
P29692,Training_Young,70,35,105,TRUE,EEF1D
Q14974,Training_Young,37,26,63,FALSE,KPNB1
E9PAV3,Training_Young,155,11,166,TRUE,NACA
P06703,Training_Young,53,15,68,TRUE,S100A6
O14880,Training_Young,628,22,650,TRUE,MGST3
P24666,Training_Young,1153,45,1198,TRUE,ACP1
P15311,Training_Young,35,11,46,FALSE,EZR
Q9UL46,Training_Young,72,41,113,TRUE,PSME2
O43852,Training_Young,16,32,48,FALSE,CALU
P20340,Training_Young,66,41,107,TRUE,RAB6A
P50402,Training_Young,618,50,668,TRUE,EMD
Q9BUF5,Training_Young,40,11,51,FALSE,TUBB6
P07814,Training_Young,97,24,121,TRUE,EPRS1
P19404,Training_Young,491,30,521,TRUE,NDUFV2
P07437,Training_Young,201,43,244,TRUE,TUBB
A5YM72,Training_Young,36,19,55,FALSE,CARNS1
P23327,Training_Young,76,54,130,TRUE,HRC
P00492,Training_Young,315,57,372,TRUE,HPRT1
O14558,Training_Young,120,57,177,TRUE,HSPB6
Q13885,Training_Young,43,51,94,FALSE,TUBB2A
P45974,Training_Young,43,17,60,FALSE,USP5
P31949,Training_Young,35,55,90,FALSE,S100A11
P08572,Training_Young,181,62,243,TRUE,COL4A2
Q9Y285,Training_Young,27,36,63,FALSE,FARSA
P02462,Training_Young,33,64,97,FALSE,COL4A1
Q702N8,Training_Young,233,65,298,TRUE,XIRP1
Q04446,Training_Young,31,62,93,FALSE,GBE1
Q14203,Training_Young,56,40,96,TRUE,DCTN1
P21796,Training_Young,1080,19,1099,TRUE,VDAC1
Q00765,Training_Young,155,39,194,TRUE,REEP5
P09497,Training_Young,107,54,161,TRUE,CLTB
P17948,Training_Young,126,71,197,TRUE,FLT1
Q99832,Training_Young,35,62,97,FALSE,CCT7
P10636,Training_Young,111,24,135,TRUE,MAPT
P42330,Training_Young,52,22,74,TRUE,AKR1C3
Q9NR19,Training_Young,1528,66,1594,TRUE,ACSS2
P17568,Training_Young,649,76,725,TRUE,NDUFB7
P14868,Training_Young,39,48,87,FALSE,DARS1
P10916,Training_Young,151,43,194,TRUE,MYL2
O75489,Training_Young,854,62,916,TRUE,NDUFS3
Q9BR39,Training_Young,1392,80,1472,TRUE,JPH2
P67809,Training_Young,78,46,124,TRUE,YBX1
Q92499,Training_Young,39,67,106,FALSE,DDX1
O75251,Training_Young,473,83,556,TRUE,NDUFS7
P56556,Training_Young,538,72,610,TRUE,NDUFA6
Q9Y277,Training_Young,726,29,755,TRUE,VDAC3
Q96AN5,Training_Young,966,86,1052,TRUE,TMEM143
Q8TCA0,Training_Young,1070,45,1115,TRUE,LRRC20
O95139,Training_Young,511,88,599,TRUE,NDUFB6
O00499,Training_Young,502,83,585,TRUE,BIN1
P68363,Training_Young,241,67,308,TRUE,TUBA1B
P04792,Training_Young,211,73,284,TRUE,HSPB1
Q9UBY9,Training_Young,201,66,267,TRUE,HSPB7
P61160,Training_Young,73,46,119,TRUE,ACTR2
P22392,Training_Young,377,12,389,TRUE,NME2
P00325,Training_Young,336,95,431,TRUE,ADH1B
Q9Y2J8,Training_Young,245,57,302,TRUE,PADI2
Q16563,Training_Young,1371,97,1468,TRUE,SYPL1
Q9Y3I0,Training_Young,45,53,98,FALSE,RTCB
Q15746,Training_Young,426,99,525,TRUE,MYLK
O75923,Training_Young,149,42,191,TRUE,DYSF
Q9H910,Training_Young,109,35,144,TRUE,JPT2
P50454,Training_Young,73,91,164,TRUE,SERPINH1
P17931,Training_Young,23,93,116,FALSE,LGALS3
P54646,Training_Young,53,51,104,TRUE,PRKAA2
P26639,Training_Young,271,82,353,TRUE,TARS1
P51970,Training_Young,759,78,837,TRUE,NDUFA8
P30101,Training_Young,57,50,107,TRUE,PDIA3
Q8N3D4,Training_Young,57,105,162,TRUE,EHBP1L1
P24311,Training_Young,807,109,916,TRUE,COX7B
P51572,Training_Young,61,49,110,TRUE,BCAP31
P00367,Training_Young,48,63,111,FALSE,GLUD1
Q9UBF6,Training_Young,1835,112,1947,TRUE,RNF7
P15927,Training_Young,574,103,677,TRUE,RPA2
P00414,Training_Young,473,112,585,TRUE,MT-CO3
P35555,Training_Young,246,108,354,TRUE,FBN1
O96000,Training_Young,628,92,720,TRUE,NDUFB10
Q8NBS9,Training_Young,106,117,223,TRUE,TXNDC5
Q9Y6M9,Training_Young,833,115,948,TRUE,NDUFB9
P29966,Training_Young,26,99,125,FALSE,MARCKS
P42126,Training_Young,1555,61,1616,TRUE,ECI1
P63279,Training_Young,1470,121,1591,TRUE,UBE2I
P08590,Training_Young,170,79,249,TRUE,MYL3
Q9BTE1,Training_Young,82,50,132,TRUE,DCTN5
P28331,Training_Young,889,88,977,TRUE,NDUFS1
P11047,Training_Young,164,124,288,TRUE,LAMC1
Q8IYU8,Training_Young,1063,101,1164,TRUE,MICU2
Q10589,Training_Young,814,127,941,TRUE,BST2
O75380,Training_Young,813,98,911,TRUE,NDUFS6
P50991,Training_Young,72,73,145,TRUE,CCT4
Q96CN7,Training_Young,1618,130,1748,TRUE,ISOC1
P04083,Training_Young,71,70,141,TRUE,ANXA1
Q03135,Training_Young,1485,132,1617,TRUE,CAV1
P03886,Training_Young,791,133,924,TRUE,MT-ND1
P78371,Training_Young,239,134,373,TRUE,CCT2
O60664,Training_Young,129,132,261,TRUE,PLIN3
P63173,Training_Young,1526,136,1662,TRUE,RPL38
P17987,Training_Young,46,91,137,FALSE,TCP1
P02452,Training_Young,175,138,313,TRUE,COL1A1
O43865,Training_Young,71,68,139,TRUE,AHCYL1
P09429,Training_Young,1772,140,1912,TRUE,HMGB1
P49821,Training_Young,930,110,1040,TRUE,NDUFV1
O75223,Training_Young,1715,142,1857,TRUE,GGCT
P06396,Training_Young,193,29,222,TRUE,GSN
P67936,Training_Young,56,144,200,TRUE,TPM4
Q9BXS5,Training_Young,118,27,145,TRUE,AP1M1
P21333,Training_Young,264,69,333,TRUE,FLNA
P03905,Training_Young,792,147,939,TRUE,MT-ND4
P17152,Training_Young,1527,146,1673,TRUE,TMEM11
Q14315,Training_Young,248,89,337,TRUE,FLNC
Q15056,Training_Young,1782,150,1932,TRUE,EIF4H
Q8TCU6,Training_Young,493,119,612,TRUE,PREX1
Q16795,Training_Young,888,126,1014,TRUE,NDUFA9
P23368,Training_Young,117,36,153,TRUE,ME2
Q14697,Training_Young,88,66,154,TRUE,GANAB
Q5JTV8,Training_Young,440,155,595,TRUE,TOR1AIP1
P49368,Training_Young,42,134,176,FALSE,CCT3
Q16718,Training_Young,1038,139,1177,TRUE,NDUFA5
Q9H3K6,Training_Young,96,140,236,TRUE,BOLA2
Q15819,Training_Young,1928,106,2034,TRUE,UBE2V2
Q00610,Training_Young,78,82,160,TRUE,CLTC
Q9Y320,Training_Young,389,148,537,TRUE,TMX2
O60884,Training_Young,120,108,228,TRUE,DNAJA2
Q04917,Training_Young,55,131,186,TRUE,YWHAH
Q9Y3A3,Training_Young,285,164,449,TRUE,MOB4
P14625,Training_Young,226,165,391,TRUE,HSP90B1
Q9NY33,Training_Young,119,47,166,TRUE,DPP3
Q96S96,Training_Young,1028,167,1195,TRUE,PEBP4
P40123,Training_Young,1124,104,1228,TRUE,CAP2
P63146,Training_Young,819,163,982,TRUE,UBE2B
P52758,Training_Young,1869,170,2039,TRUE,RIDA
P61221,Training_Young,47,139,186,FALSE,ABCE1
P02461,Training_Young,225,168,393,TRUE,COL3A1
O00231,Training_Young,63,142,205,TRUE,PSMD11
P22102,Training_Young,50,124,174,FALSE,GART
Q9BZQ8,Training_Young,1125,175,1300,TRUE,NIBAN1
Q07960,Training_Young,104,118,222,TRUE,ARHGAP1
P08123,Training_Young,275,177,452,TRUE,COL1A2
Q13557,Training_Young,204,81,285,TRUE,CAMK2D
P34932,Training_Young,129,50,179,TRUE,HSPA4
Q9Y6Y8,Training_Young,79,120,199,TRUE,SEC23IP
O43674,Training_Young,1035,166,1201,TRUE,NDUFB5
O95865,Training_Young,66,151,217,TRUE,DDAH2
Q00325,Training_Young,629,163,792,TRUE,SLC25A3
P62753,Training_Young,118,66,184,TRUE,RPS6
O43920,Training_Young,973,175,1148,TRUE,NDUFS5
O96008,Training_Young,1628,186,1814,TRUE,TOMM40
P03897,Training_Young,905,187,1092,TRUE,MT-ND3
O43676,Training_Young,817,183,1000,TRUE,NDUFB3
Q16531,Training_Young,450,134,584,TRUE,DDB1
O95168,Training_Young,696,187,883,TRUE,NDUFB4
P98160,Training_Young,827,177,1004,TRUE,HSPG2
P30153,Training_Young,384,166,550,TRUE,PPP2R1A
Q5VYK3,Training_Young,66,127,193,TRUE,ECPAS
Q6ZU65,Training_Young,190,184,374,TRUE,UBN2
Q9GZT8,Training_Young,1893,195,2088,TRUE,NIF3L1
O00217,Training_Young,1038,196,1234,TRUE,NDUFS8
P14854,Training_Young,969,129,1098,TRUE,COX6B1
P00403,Training_Young,772,75,847,TRUE,MT-CO2
O94826,Training_Young,38,161,199,FALSE,TOMM70
Q9UBW8,Training_Young,142,58,200,TRUE,COPS7A
P41091,Training_Young,147,54,201,TRUE,EIF2S3
P84243,Training_Young,322,192,514,TRUE,H3-3A
Q96Q06,Training_Young,1213,120,1333,TRUE,PLIN4
Q13867,Training_Young,1703,204,1907,TRUE,BLMH
Q6IAA8,Training_Young,276,52,328,TRUE,LAMTOR1
P63316,Training_Young,339,165,504,TRUE,TNNC1
O75306,Training_Young,979,162,1141,TRUE,NDUFS2
Q96C90,Training_Young,187,27,214,TRUE,PPP1R14B
Q9NX40,Training_Young,1869,209,2078,TRUE,OCIAD1
Q5VXT5,Training_Young,1066,95,1161,TRUE,SYPL2
P07203,Training_Young,1900,211,2111,TRUE,GPX1
Q86TX2,Training_Young,1005,196,1201,TRUE,ACOT1
Q8N8N7,Training_Young,1180,210,1390,TRUE,PTGR2
P53778,Training_Young,1488,214,1702,TRUE,MAPK12
P46109,Training_Young,1811,215,2026,TRUE,CRKL
P28838,Training_Young,91,125,216,TRUE,LAP3
P98179,Training_Young,689,217,906,TRUE,RBM3
Q99471,Training_Young,1848,218,2066,TRUE,PFDN5
Q8IXL7,Training_Young,778,219,997,TRUE,MSRB3
Q96CW1,Training_Young,156,79,235,TRUE,AP2M1
P52294,Training_Young,98,127,225,TRUE,KPNA1
O00299,Training_Young,201,21,222,TRUE,CLIC1
Q96DE0,Training_Young,1527,223,1750,TRUE,NUDT16
Q9NWV4,Training_Young,1463,221,1684,TRUE,CZIB
Q9Y4L1,Training_Young,149,76,225,TRUE,HYOU1
Q9NZN4,Training_Young,1825,224,2049,TRUE,EHD2
O95777,Training_Young,864,227,1091,TRUE,LSM8
P60033,Training_Young,492,209,701,TRUE,CD81
O95169,Training_Young,1216,204,1420,TRUE,NDUFB8
P09669,Training_Young,575,121,696,TRUE,COX6C
Q9UI09,Training_Young,831,230,1061,TRUE,NDUFA12
P05023,Training_Young,323,85,408,TRUE,ATP1A1
P20674,Training_Young,1008,99,1107,TRUE,COX5A
P50461,Training_Young,210,227,437,TRUE,CSRP3
Q16082,Training_Young,249,156,405,TRUE,HSPB2
Q99426,Training_Young,195,41,236,TRUE,TBCB
P02545,Training_Young,784,225,1009,TRUE,LMNA
P61224,Training_Young,174,186,360,TRUE,RAP1B
P35998,Training_Young,174,136,310,TRUE,PSMC2
Q8TED0,Training_Young,462,171,633,TRUE,UTP15
O14561,Training_Young,994,231,1225,TRUE,NDUFAB1
P54296,Training_Young,817,134,951,TRUE,MYOM2
P33176,Training_Young,80,211,291,TRUE,KIF5B
P55036,Training_Young,218,109,327,TRUE,PSMD4
P52179,Training_Young,608,170,778,TRUE,MYOM1
Q8IWX7,Training_Young,241,39,280,TRUE,UNC45B
P31150,Training_Young,1587,247,1834,TRUE,GDI1
P61163,Training_Young,94,154,248,TRUE,ACTR1A
P14543,Training_Young,219,249,468,TRUE,NID1
O95573,Training_Young,123,142,265,TRUE,ACSL3
P47897,Training_Young,166,85,251,TRUE,QARS1
O95298,Training_Young,728,251,979,TRUE,NDUFC2
P53004,Training_Young,216,37,253,TRUE,BLVRA
Q9NS86,Training_Young,1033,254,1287,TRUE,LANCL2
P12109,Training_Young,519,255,774,TRUE,COL6A1
P07355,Training_Young,352,125,477,TRUE,ANXA2
Q9GZV1,Training_Young,278,174,452,TRUE,ANKRD2
Q9H7C9,Training_Young,1023,156,1179,TRUE,AAMDC
P31939,Training_Young,236,40,276,TRUE,ATIC
P24310,Training_Young,746,155,901,TRUE,COX7A1
Q9BTV4,Training_Young,218,43,261,TRUE,TMEM43
P13798,Training_Young,602,155,757,TRUE,APEH
P19237,Training_Young,373,206,579,TRUE,TNNI1
P55060,Training_Young,98,166,264,TRUE,CSE1L
P08238,Training_Young,351,265,616,TRUE,HSP90AB1
Q16773,Training_Young,1132,266,1398,TRUE,KYAT1
O95278,Training_Young,792,267,1059,TRUE,EPM2A
P11142,Training_Young,1460,105,1565,TRUE,HSPA8
P09601,Training_Young,570,258,828,TRUE,HMOX1
Q15436,Training_Young,189,81,270,TRUE,SEC23A
P13805,Training_Young,377,213,590,TRUE,TNNT1
P04632,Training_Young,280,169,449,TRUE,CAPNS1
Q9H9Q2,Training_Young,417,263,680,TRUE,COPS7B
Q96E11,Training_Young,556,232,788,TRUE,MRRF
O75369,Training_Young,316,175,491,TRUE,FLNB
P06753,Training_Young,339,223,562,TRUE,TPM3
P10606,Training_Young,913,143,1056,TRUE,COX5B
P18206,Training_Young,519,156,675,TRUE,VCL
Q04837,Training_Young,177,102,279,TRUE,SSBP1
Q9NR28,Training_Young,1788,280,2068,TRUE,DIABLO
Q7Z4G1,Training_Young,240,281,521,TRUE,COMMD6
Q9UN86,Training_Young,598,282,880,TRUE,G3BP2
P50993,Training_Young,345,183,528,TRUE,ATP1A2
Q8WXH0,Training_Young,591,215,806,TRUE,SYNE2
O60237,Training_Young,215,212,427,TRUE,PPP1R12B
Q14BN4,Training_Young,162,162,324,TRUE,SLMAP
P11233,Training_Young,1792,287,2079,TRUE,RALA
Q86UE4,Training_Young,92,264,356,TRUE,MTDH
Q04828,Training_Young,225,114,339,TRUE,AKR1C1
P31943,Training_Young,1818,290,2108,TRUE,HNRNPH1
O14957,Training_Young,1166,291,1457,TRUE,UQCR11
Q16775,Training_Young,1581,147,1728,TRUE,HAGH
P30048,Training_Young,1168,293,1461,TRUE,PRDX3
P78527,Training_Young,458,294,752,TRUE,PRKDC
Q9HDC9,Training_Young,295,36,331,TRUE,APMAP
Q03252,Training_Young,1005,296,1301,TRUE,LMNB2
O43678,Training_Young,1081,227,1308,TRUE,NDUFA2
O75396,Training_Young,187,122,309,TRUE,SEC22B
O75431,Training_Young,1671,299,1970,TRUE,MTX2
Q8TD30,Training_Young,120,180,300,TRUE,GPT2
Q15631,Training_Young,1407,301,1708,TRUE,TSN
Q9UPN7,Training_Young,780,302,1082,TRUE,PPP6R1
O75208,Training_Young,1598,157,1755,TRUE,COQ9
P45880,Training_Young,1461,150,1611,TRUE,VDAC2
Q13085,Training_Young,402,118,520,TRUE,ACACA
P12883,Training_Young,502,208,710,TRUE,MYH7
Q9H4A4,Training_Young,1801,307,2108,TRUE,RNPEP
P62191,Training_Young,94,214,308,TRUE,PSMC1
Q15386,Training_Young,328,240,568,TRUE,UBE3C
O00186,Training_Young,1679,310,1989,TRUE,STXBP3
P11055,Training_Young,305,273,578,TRUE,MYH3
Q9HD33,Training_Young,1483,303,1786,TRUE,MRPL47
O95299,Training_Young,1178,236,1414,TRUE,NDUFA10
Q13564,Training_Young,1503,263,1766,TRUE,NAE1
O43181,Training_Young,892,247,1139,TRUE,NDUFS4
Q9H0N5,Training_Young,1825,249,2074,TRUE,PCBD2
P13073,Training_Young,1117,149,1266,TRUE,COX4I1
P02511,Training_Young,541,203,744,TRUE,CRYAB
O95182,Training_Young,953,295,1248,TRUE,NDUFA7
P42677,Training_Young,283,37,320,TRUE,RPS27
P02794,Training_Young,341,234,575,TRUE,FTH1
Q9BQ69,Training_Young,1631,168,1799,TRUE,MACROD1
P13807,Training_Young,404,240,644,TRUE,GYS1
Q7Z6Z7,Training_Young,292,65,357,TRUE,HUWE1
P57105,Training_Young,1769,325,2094,TRUE,SYNJ2BP
Q6UWP2,Training_Young,293,326,619,TRUE,DHRS11
Q9NX14,Training_Young,1258,289,1547,TRUE,NDUFB11
P61978,Training_Young,1726,328,2054,TRUE,HNRNPK
Q16181,Training_Young,182,152,334,TRUE,SEPTIN7
Q13203,Training_Young,141,189,330,TRUE,MYBPH
P27824,Training_Young,63,285,348,TRUE,CANX
O00629,Training_Young,208,228,436,TRUE,KPNA4
Q9UNE7,Training_Young,241,114,355,TRUE,STUB1
P00488,Training_Young,171,163,334,TRUE,F13A1
Q04760,Training_Young,1582,109,1691,TRUE,GLO1
Q96CM8,Training_Young,1737,336,2073,TRUE,ACSF2
Q15582,Training_Young,877,241,1118,TRUE,TGFBI
O43837,Training_Young,200,174,374,TRUE,IDH3B
Q08357,Training_Young,191,339,530,TRUE,SLC20A2
P24298,Training_Young,1115,335,1450,TRUE,GPT
P22626,Training_Young,1657,341,1998,TRUE,HNRNPA2B1
O15427,Training_Young,841,342,1183,TRUE,SLC16A3
P15880,Training_Young,168,175,343,TRUE,RPS2
Q9UI30,Training_Young,297,337,634,TRUE,TRMT112
P63302,Training_Young,892,345,1237,TRUE,SELENOW
P22352,Training_Young,1590,346,1936,TRUE,GPX3
Q8TD19,Training_Young,446,331,777,TRUE,NEK9
Q9BX66,Training_Young,713,335,1048,TRUE,SORBS1
P24534,Training_Young,268,176,444,TRUE,EEF1B2
Q16816,Training_Young,390,140,530,TRUE,PHKG1
Q99536,Training_Young,239,112,351,TRUE,VAT1
P09012,Training_Young,1460,349,1809,TRUE,SNRPA
P25788,Training_Young,460,170,630,TRUE,PSMA3
P53041,Training_Young,196,158,354,TRUE,PPP5C
Q14108,Training_Young,281,74,355,TRUE,SCARB2
P00387,Training_Young,416,268,684,TRUE,CYB5R3
P12429,Training_Young,1713,357,2070,TRUE,ANXA3
P39023,Training_Young,117,241,358,TRUE,RPL3
Q13155,Training_Young,281,78,359,TRUE,AIMP2
P01857,Training_Young,402,274,676,TRUE,IGHG1
P68104,Training_Young,870,179,1049,TRUE,EEF1A1
P09417,Training_Young,1513,250,1763,TRUE,QDPR
Q9Y394,Training_Young,363,193,556,TRUE,DHRS7
P49591,Training_Young,274,107,381,TRUE,SARS1
Q96RP9,Training_Young,1687,365,2052,TRUE,GFM1
Q9UKG1,Training_Young,217,277,494,TRUE,APPL1
O95376,Training_Young,1143,367,1510,TRUE,ARIH2
P00390,Training_Young,273,95,368,TRUE,GSR
Q9P003,Training_Young,225,144,369,TRUE,CNIH4
Q15075,Training_Young,141,335,476,TRUE,EEA1
Q5JPE7,Training_Young,1481,371,1852,TRUE,NOMO2
P11021,Training_Young,473,185,658,TRUE,HSPA5
Q9UMS0,Training_Young,1607,313,1920,TRUE,NFU1
Q9GZZ1,Training_Young,241,133,374,TRUE,NAA50
P46940,Training_Young,501,375,876,TRUE,IQGAP1
P49411,Training_Young,678,160,838,TRUE,TUFM
Q99829,Training_Young,1629,377,2006,TRUE,CPNE1
Q92523,Training_Young,1395,332,1727,TRUE,CPT1B
O60662,Training_Young,356,219,575,TRUE,KLHL41
O95721,Training_Young,404,34,438,TRUE,SNAP29
O43813,Training_Young,1718,381,2099,TRUE,LANCL1
Q8WW22,Training_Young,109,273,382,TRUE,DNAJA4
P43686,Training_Young,270,113,383,TRUE,PSMC4
Q86YB7,Training_Young,1619,382,2001,TRUE,ECHDC2
Q14232,Training_Young,306,363,669,TRUE,EIF2B1
Q5JTJ3,Training_Young,1668,386,2054,TRUE,COA6
P01889,Training_Young,1097,372,1469,TRUE,HLA-B
P62899,Training_Young,1528,388,1916,TRUE,RPL31
Q5VST9,Training_Young,387,148,535,TRUE,OBSCN
Q9BZL1,Training_Young,1698,390,2088,TRUE,UBL5
Q8N0U4,Training_Young,698,371,1069,TRUE,FAM185A
P09525,Training_Young,92,300,392,TRUE,ANXA4
P00352,Training_Young,1264,306,1570,TRUE,ALDH1A1
P21810,Training_Young,1418,394,1812,TRUE,BGN
O14744,Training_Young,334,61,395,TRUE,PRMT5
P78356,Training_Young,1664,396,2060,TRUE,PIP4K2B
Q96HN2,Training_Young,191,206,397,TRUE,AHCYL2
P01859,Training_Young,311,254,565,TRUE,IGHG2
Q9HBL0,Training_Young,1460,399,1859,TRUE,TNS1
O43237,Training_Young,232,270,502,TRUE,DYNC1LI2
Q9H0W9,Training_Young,1674,401,2075,TRUE,C11orf54
P62993,Training_Young,1710,402,2112,TRUE,GRB2
Q8NE86,Training_Young,1559,403,1962,TRUE,MCU
Q9UHP9,Training_Young,335,299,634,TRUE,SMPX
Q00872,Training_Young,479,292,771,TRUE,MYBPC1
P15954,Training_Young,893,258,1151,TRUE,COX7C
P60520,Training_Young,1548,407,1955,TRUE,GABARAPL2
O15143,Training_Young,101,333,434,TRUE,ARPC1B
O75663,Training_Young,140,369,509,TRUE,TIPRL
P59998,Training_Young,312,98,410,TRUE,ARPC4
P53985,Training_Young,125,383,508,TRUE,SLC16A1
P15531,Training_Young,263,149,412,TRUE,NME1
Q14444,Training_Young,266,379,645,TRUE,CAPRIN1
P61088,Training_Young,1702,286,1988,TRUE,UBE2N
Q9H1R3,Training_Young,905,415,1320,TRUE,MYLK2
O75822,Training_Young,289,258,547,TRUE,EIF3J
Q9HCP6,Training_Young,1062,393,1455,TRUE,HHATL
P55268,Training_Young,393,406,799,TRUE,LAMB2
P54284,Training_Young,1642,419,2061,TRUE,CACNB3
Q8NBF2,Training_Young,429,417,846,TRUE,NHLRC2
O95782,Training_Young,102,319,421,TRUE,AP2A1
P82914,Training_Young,158,308,466,TRUE,MRPS15
O60925,Training_Young,1208,423,1631,TRUE,PFDN1
P51553,Training_Young,240,184,424,TRUE,IDH3G
Q8IUZ5,Training_Young,409,130,539,TRUE,PHYKPL
P27816,Training_Young,330,224,554,TRUE,MAP4
P20472,Training_Young,678,427,1105,TRUE,PVALB
O14818,Training_Young,576,266,842,TRUE,PSMA7
Q9Y235,Training_Young,905,269,1174,TRUE,APOBEC2
O14732,Training_Young,1504,430,1934,TRUE,IMPA2
Q15124,Training_Young,1439,431,1870,TRUE,PGM5
P31689,Training_Young,272,402,674,TRUE,DNAJA1
Q14997,Training_Young,340,312,652,TRUE,PSME4
Q9BSH4,Training_Young,1575,434,2009,TRUE,TACO1
Q9NZU5,Training_Young,538,355,893,TRUE,LMCD1
P08311,Training_Young,45,408,453,FALSE,CTSG
O43414,Training_Young,1583,431,2014,TRUE,ERI3
Q9NZ08,Training_Young,192,246,438,TRUE,ERAP1
Q9H4G4,Training_Young,188,439,627,TRUE,GLIPR2
Q16836,Training_Young,1744,209,1953,TRUE,HADH
Q9NZA1,Training_Young,1648,441,2089,TRUE,CLIC5
P62807,Training_Young,601,354,955,TRUE,H2BC4
P03891,Training_Young,1068,443,1511,TRUE,MT-ND2
Q03154,Training_Young,346,98,444,TRUE,ACY1
P56181,Training_Young,1096,445,1541,TRUE,NDUFV3
Q12988,Training_Young,336,110,446,TRUE,HSPB3
P36873,Training_Young,342,435,777,TRUE,PPP1CC
P14866,Training_Young,1546,448,1994,TRUE,HNRNPL
P50213,Training_Young,753,195,948,TRUE,IDH3A
P49585,Training_Young,1577,386,1963,TRUE,PCYT1A
Q6H8Q1,Training_Young,934,396,1330,TRUE,ABLIM2
Q7Z434,Training_Young,244,208,452,TRUE,MAVS
P50895,Training_Young,1706,401,2107,TRUE,BCAM
P62333,Training_Young,264,226,490,TRUE,PSMC6
P07451,Training_Young,1538,455,1993,TRUE,CA3
Q9UJ70,Training_Young,234,338,572,TRUE,NAGK
Q99816,Training_Young,313,144,457,TRUE,TSG101
P68371,Training_Young,987,246,1233,TRUE,TUBB4B
O75438,Training_Young,981,445,1426,TRUE,NDUFB1
Q9Y3Z3,Training_Young,199,456,655,TRUE,SAMHD1
P0DP23,Training_Young,1460,102,1562,TRUE,CALM1
O94886,Training_Young,385,77,462,TRUE,TMEM63A
O14979,Training_Young,1663,439,2102,TRUE,HNRNPDL
P19075,Training_Young,1246,445,1691,TRUE,TSPAN8
P14406,Training_Young,1301,465,1766,TRUE,COX7A2
Q13177,Training_Young,227,239,466,TRUE,PAK2
Q99460,Training_Young,191,276,467,TRUE,PSMD1
P60842,Training_Young,1576,419,1995,TRUE,EIF4A1
P15088,Training_Young,845,469,1314,TRUE,CPA3
Q92879,Training_Young,774,415,1189,TRUE,CELF1
P30044,Training_Young,976,290,1266,TRUE,PRDX5
O75874,Training_Young,1518,472,1990,TRUE,IDH1
P46976,Training_Young,1190,278,1468,TRUE,GYG1
P05198,Training_Young,262,212,474,TRUE,EIF2S1
Q9UHX1,Training_Young,1236,440,1676,TRUE,PUF60
P07585,Training_Young,931,435,1366,TRUE,DCN
Q52LJ0,Training_Young,930,477,1407,TRUE,FAM98B
Q9NX63,Training_Young,1709,396,2105,TRUE,CHCHD3
Q9UKU7,Training_Young,993,479,1472,TRUE,ACAD8
O43707,Training_Young,424,446,870,TRUE,ACTN4
Q9UHY7,Training_Young,1631,481,2112,TRUE,ENOPH1
Q92629,Training_Young,1407,482,1889,TRUE,SGCD
Q16891,Training_Young,1801,299,2100,TRUE,IMMT
Q01469,Training_Young,1411,451,1862,TRUE,FABP5
Q96MF6,Training_Young,1297,485,1782,TRUE,COQ10A
Q13813,Training_Young,352,486,838,TRUE,SPTAN1
Q13642,Training_Young,1447,487,1934,TRUE,FHL1
Q6YN16,Training_Young,1659,398,2057,TRUE,HSDL2
P05166,Training_Young,158,339,497,TRUE,PCCB
P68133,Training_Young,638,350,988,TRUE,ACTA1
P39656,Training_Young,1284,491,1775,TRUE,DDOST
P62070,Training_Young,1334,492,1826,TRUE,RRAS2
Q9NTJ4,Training_Young,450,161,611,TRUE,MAN2C1
Q9BQE5,Training_Young,318,201,519,TRUE,APOL2
Q10567,Training_Young,394,171,565,TRUE,AP1B1
P16298,Training_Young,1539,496,2035,TRUE,PPP3CB
O14924,Training_Young,1228,497,1725,TRUE,RGS12
P13164,Training_Young,1210,460,1670,TRUE,IFITM1
P61158,Training_Young,285,214,499,TRUE,ACTR3
P67870,Training_Young,278,222,500,TRUE,CSNK2B
O00233,Training_Young,416,126,542,TRUE,PSMD9
P07108,Training_Young,1351,314,1665,TRUE,DBI
Q6NZI2,Training_Young,523,387,910,TRUE,CAVIN1
Q8NCA5,Training_Young,303,215,518,TRUE,FAM98A
Q01082,Training_Young,242,263,505,TRUE,SPTBN1
Q9HCU5,Training_Young,670,506,1176,TRUE,PREB
P01023,Training_Young,378,220,598,TRUE,A2M
O75155,Training_Young,465,172,637,TRUE,CAND2
P62495,Training_Young,136,414,550,TRUE,ETF1
O95210,Training_Young,682,320,1002,TRUE,STBD1
P14209,Training_Young,329,182,511,TRUE,CD99
P46020,Training_Young,371,255,626,TRUE,PHKA1
Q96CT7,Training_Young,410,122,532,TRUE,CCDC124
P0DOY3,Training_Young,399,180,579,TRUE,IGLC3
O15400,Training_Young,333,229,562,TRUE,STX7
Q9NTG7,Training_Young,1532,516,2048,TRUE,SIRT3
P40925,Training_Young,1844,138,1982,TRUE,MDH1
P35813,Training_Young,253,265,518,TRUE,PPM1A
O43242,Training_Young,334,185,519,TRUE,PSMD3
P00395,Training_Young,582,520,1102,TRUE,MT-CO1
P01834,Training_Young,425,491,916,TRUE,IGKC
P12814,Training_Young,434,489,923,TRUE,ACTN1
Q92734,Training_Young,299,224,523,TRUE,TFG
P35609,Training_Young,410,484,894,TRUE,ACTN2
Q86VN1,Training_Young,496,462,958,TRUE,VPS36
Q9Y316,Training_Young,364,181,545,TRUE,MEMO1
Q9NVH6,Training_Young,1265,527,1792,TRUE,TMLHE
Q6IQ26,Training_Young,436,528,964,TRUE,DENND5A
P28066,Training_Young,770,377,1147,TRUE,PSMA5
P42167,Training_Young,1208,479,1687,TRUE,TMPO
O75832,Training_Young,1379,531,1910,TRUE,PSMD10
Q9NY65,Training_Young,1571,532,2103,TRUE,TUBA8
O14841,Training_Young,1313,533,1846,TRUE,OPLAH
Q9P0J0,Training_Young,1372,344,1716,TRUE,NDUFA13
P63104,Training_Young,271,286,557,TRUE,YWHAZ
P62937,Training_Young,836,393,1229,TRUE,PPIA
Q9ULC4,Training_Young,292,245,537,TRUE,MCTS1
O14949,Training_Young,1745,323,2068,TRUE,UQCRQ
O75339,Training_Young,113,439,552,TRUE,CILP
Q12904,Training_Young,222,318,540,TRUE,AIMP1
P31948,Training_Young,726,269,995,TRUE,STIP1
P23526,Training_Young,620,280,900,TRUE,AHCY
Q8N3V7,Training_Young,709,540,1249,TRUE,SYNPO
Q96HE7,Training_Young,224,320,544,TRUE,ERO1A
Q9UGI8,Training_Young,1555,545,2100,TRUE,TES
Q8NE62,Training_Young,467,528,995,TRUE,CHDH
P48444,Training_Young,224,451,675,TRUE,ARCN1
A6NCE7,Training_Young,1481,548,2029,TRUE,MAP1LC3B2
P04406,Training_Young,1333,549,1882,TRUE,GAPDH
P62879,Training_Young,1093,550,1643,TRUE,GNB2
Q9Y696,Training_Young,201,350,551,TRUE,CLIC4
P19367,Training_Young,775,390,1165,TRUE,HK1
P07737,Training_Young,1368,281,1649,TRUE,PFN1
Q92973,Training_Young,218,478,696,TRUE,TNPO1
Q9BZE1,Training_Young,1558,555,2113,TRUE,MRPL37
Q9UNH7,Training_Young,1554,556,2110,TRUE,SNX6
P24043,Training_Young,640,557,1197,TRUE,LAMA2
P29992,Training_Young,1520,494,2014,TRUE,GNA11
Q9HBI1,Training_Young,1329,559,1888,TRUE,PARVB
P22695,Training_Young,1799,185,1984,TRUE,UQCRC2
Q13126,Training_Young,1500,525,2025,TRUE,MTAP
O75323,Training_Young,1613,272,1885,TRUE,NIPSNAP2
P12882,Training_Young,496,450,946,TRUE,MYH1
P49189,Training_Young,1670,400,2070,TRUE,ALDH9A1
Q9H987,Training_Young,447,565,1012,TRUE,SYNPO2L
O60220,Training_Young,692,552,1244,TRUE,TIMM8A
P31942,Training_Young,1550,514,2064,TRUE,HNRNPH3
P12081,Training_Young,400,168,568,TRUE,HARS1
P61313,Training_Young,277,292,569,TRUE,RPL15
Q6IPR1,Training_Young,1218,570,1788,TRUE,ETFRF1
O94905,Training_Young,1461,429,1890,TRUE,ERLIN2
P60709,Training_Young,645,376,1021,TRUE,ACTB
Q8N5M1,Training_Young,1401,573,1974,TRUE,ATPAF2
P22059,Training_Young,869,574,1443,TRUE,OSBP
O95817,Training_Young,435,306,741,TRUE,BAG3
P51636,Training_Young,539,566,1105,TRUE,CAV2
Q02338,Training_Young,1362,577,1939,TRUE,BDH1
Q13131,Training_Young,502,76,578,TRUE,PRKAA1
P30536,Training_Young,333,246,579,TRUE,TSPO
P05452,Training_Young,203,385,588,TRUE,CLEC3B
Q7Z3D6,Training_Young,1359,581,1940,TRUE,DGLUCY
P40429,Training_Young,226,454,680,TRUE,RPL13A
P20810,Training_Young,436,147,583,TRUE,CAST
Q86UP2,Training_Young,131,584,715,TRUE,KTN1
P61960,Training_Young,391,204,595,TRUE,UFM1
P36405,Training_Young,620,67,687,TRUE,ARL3
O75153,Training_Young,464,209,673,TRUE,CLUH
Q9BVK6,Training_Young,422,166,588,TRUE,TMED9
P25786,Training_Young,743,207,950,TRUE,PSMA1
P10828,Training_Young,557,590,1147,TRUE,THRB
P27797,Training_Young,335,256,591,TRUE,CALR
O95433,Training_Young,224,441,665,TRUE,AHSA1
P35637,Training_Young,829,593,1422,TRUE,FUS
Q9Y490,Training_Young,294,300,594,TRUE,TLN1
O95571,Training_Young,1681,117,1798,TRUE,ETHE1
P14314,Training_Young,280,316,596,TRUE,PRKCSH
Q9UGM6,Training_Young,296,594,890,TRUE,WARS2
P22314,Training_Young,827,351,1178,TRUE,UBA1
P48681,Training_Young,115,593,708,TRUE,NES
O95810,Training_Young,1059,600,1659,TRUE,CAVIN2
Q13200,Training_Young,342,259,601,TRUE,PSMD2
P52566,Training_Young,431,231,662,TRUE,ARHGDIB
P08574,Training_Young,1785,253,2038,TRUE,CYC1
P07099,Training_Young,418,366,784,TRUE,EPHX1
P12111,Training_Young,938,605,1543,TRUE,COL6A3
Q9H477,Training_Young,1393,606,1999,TRUE,RBKS
P83731,Training_Young,1332,607,1939,TRUE,RPL24
P17174,Training_Young,1832,246,2078,TRUE,GOT1
Q15149,Training_Young,556,349,905,TRUE,PLEC
P05026,Training_Young,644,123,767,TRUE,ATP1B1
Q16851,Training_Young,1366,417,1783,TRUE,UGP2
Q6P4A7,Training_Young,132,591,723,TRUE,SFXN4
P14672,Training_Young,154,502,656,TRUE,SLC2A4
Q96K17,Training_Young,455,159,614,TRUE,BTF3L4
Q9NVI7,Training_Young,1293,521,1814,TRUE,ATAD3A
Q13326,Training_Young,1205,616,1821,TRUE,SGCG
P36542,Training_Young,1129,604,1733,TRUE,ATP5F1C
P41227,Training_Young,188,430,618,TRUE,NAA10
Q96EY1,Training_Young,898,619,1517,TRUE,DNAJA3
P56192,Training_Young,779,620,1399,TRUE,MARS1
Q92791,Training_Young,1169,621,1790,TRUE,P3H4
Q9H8H3,Training_Young,1488,622,2110,TRUE,METTL7A
Q96A33,Training_Young,1397,623,2020,TRUE,CCDC47
P10644,Training_Young,920,416,1336,TRUE,PRKAR1A
Q8NC51,Training_Young,1256,625,1881,TRUE,SERBP1
P43155,Training_Young,1727,336,2063,TRUE,CRAT
Q96KP4,Training_Young,436,191,627,TRUE,CNDP2
O00418,Training_Young,974,579,1553,TRUE,EEF2K
O60256,Training_Young,1005,574,1579,TRUE,PRPSAP2
Q9HC38,Training_Young,1199,630,1829,TRUE,GLOD4
P61081,Training_Young,996,631,1627,TRUE,UBE2M
O43396,Training_Young,445,187,632,TRUE,TXNL1
Q92530,Training_Young,296,337,633,TRUE,PSMF1
Q92616,Training_Young,289,612,901,TRUE,GCN1
O43399,Training_Young,920,635,1555,TRUE,TPD52L2
Q9NPC6,Training_Young,549,636,1185,TRUE,MYOZ2
Q08043,Training_Young,419,614,1033,TRUE,ACTN3
O96007,Training_Young,1311,622,1933,TRUE,MOCS2
Q06432,Training_Young,1250,639,1889,TRUE,CACNG1
Q6XQN6,Training_Young,1405,640,2045,TRUE,NAPRT
Q9Y2Q9,Training_Young,349,543,892,TRUE,MRPS35
Q9UFN0,Training_Young,178,464,642,TRUE,NIPSNAP3A
Q2TBA0,Training_Young,318,413,731,TRUE,KLHL40
P35244,Training_Young,1474,619,2093,TRUE,RPA3
Q14152,Training_Young,833,645,1478,TRUE,EIF3A
Q9NZJ6,Training_Young,1371,646,2017,TRUE,COQ3
P61604,Training_Young,959,416,1375,TRUE,HSPE1
P01034,Training_Young,542,106,648,TRUE,CST3
O15498,Training_Young,566,83,649,TRUE,YKT6
Q9UNM6,Training_Young,510,140,650,TRUE,PSMD13
P09874,Training_Young,1282,651,1933,TRUE,PARP1
Q9H0R4,Training_Young,820,652,1472,TRUE,HDHD2
P50416,Training_Young,1315,653,1968,TRUE,CPT1A
P53990,Training_Young,816,654,1470,TRUE,IST1
Q8TCD5,Training_Young,1430,636,2066,TRUE,NT5C
P35080,Training_Young,683,368,1051,TRUE,PFN2
Q99613,Training_Young,821,225,1046,TRUE,EIF3C
Q86VX2,Training_Young,868,658,1526,TRUE,COMMD7
P61077,Training_Young,1568,545,2113,TRUE,UBE2D3
P0DOY2,Training_Young,257,614,871,TRUE,IGLC2
Q9NQE9,Training_Young,1413,661,2074,TRUE,HINT3
O15533,Training_Young,838,644,1482,TRUE,TAPBP
Q9NP72,Training_Young,409,254,663,TRUE,RAB18
Q9H444,Training_Young,373,291,664,TRUE,CHMP4B
P13667,Training_Young,354,311,665,TRUE,PDIA4
O00399,Training_Young,474,229,703,TRUE,DCTN6
P07237,Training_Young,995,419,1414,TRUE,P4HB
P02768,Training_Young,1277,634,1911,TRUE,ALB
P62263,Training_Young,484,185,669,TRUE,RPS14
P16083,Training_Young,675,670,1345,TRUE,NQO2
P32119,Training_Young,1635,197,1832,TRUE,PRDX2
P51649,Training_Young,1470,610,2080,TRUE,ALDH5A1
Q9BQS8,Training_Young,309,364,673,TRUE,FYCO1
P48059,Training_Young,1242,674,1916,TRUE,LIMS1
Q12805,Training_Young,1248,560,1808,TRUE,EFEMP1
Q9NR12,Training_Young,794,676,1470,TRUE,PDLIM7
P30566,Training_Young,1522,583,2105,TRUE,ADSL
P01876,Training_Young,382,389,771,TRUE,IGHA1
Q9UBR2,Training_Young,426,296,722,TRUE,CTSZ
P37837,Training_Young,783,680,1463,TRUE,TALDO1
O15260,Training_Young,503,512,1015,TRUE,SURF4
Q8IW45,Training_Young,1424,682,2106,TRUE,NAXD
Q7Z4H3,Training_Young,499,569,1068,TRUE,HDDC2
Q9NRP0,Training_Young,985,684,1669,TRUE,OSTC
Q9H479,Training_Young,1087,685,1772,TRUE,FN3K
P62826,Training_Young,919,294,1213,TRUE,RAN
Q8IWA4,Training_Young,563,675,1238,TRUE,MFN1
O00159,Training_Young,413,275,688,TRUE,MYO1C
P51888,Training_Young,1343,689,2032,TRUE,PRELP
Q15172,Training_Young,1078,689,1767,TRUE,PPP2R5A
Q6QEF8,Training_Young,473,218,691,TRUE,CORO6
Q9Y2Z0,Training_Young,430,646,1076,TRUE,SUGT1
Q9Y230,Training_Young,129,621,750,TRUE,RUVBL2
P62241,Training_Young,523,171,694,TRUE,RPS8
P55042,Training_Young,175,555,730,TRUE,RRAD
P46939,Training_Young,1416,696,2112,TRUE,UTRN
Q9BPW8,Training_Young,1059,697,1756,TRUE,NIPSNAP1
Q9Y512,Training_Young,1575,404,1979,TRUE,SAMM50
O95292,Training_Young,1341,500,1841,TRUE,VAPB
O95989,Training_Young,864,634,1498,TRUE,NUDT3
Q9H1E3,Training_Young,932,701,1633,TRUE,NUCKS1
Q86SX6,Training_Young,868,702,1570,TRUE,GLRX5
Q9HB71,Training_Young,88,615,703,TRUE,CACYBP
Q9HCC0,Training_Young,1000,667,1667,TRUE,MCCC2
P43034,Training_Young,318,387,705,TRUE,PAFAH1B1
Q00013,Training_Young,1446,645,2091,TRUE,MPP1
Q8NCN5,Training_Young,1057,631,1688,TRUE,PDPR
Q9BYV2,Training_Young,1017,708,1725,TRUE,TRIM54
P01911,Training_Young,1337,709,2046,TRUE,HLA-DRB1
P15259,Training_Young,1609,256,1865,TRUE,PGAM2
P43490,Training_Young,470,241,711,TRUE,NAMPT
Q9P032,Training_Young,1382,712,2094,TRUE,NDUFAF4
Q6P5Q4,Training_Young,764,713,1477,TRUE,LMOD2
Q9Y5Z7,Training_Young,993,714,1707,TRUE,HCFC2
P49257,Training_Young,513,202,715,TRUE,LMAN1
O43143,Training_Young,195,542,737,TRUE,DHX15
Q99417,Training_Young,1052,672,1724,TRUE,MYCBP
P26885,Training_Young,1051,718,1769,TRUE,FKBP2
P61619,Training_Young,427,708,1135,TRUE,SEC61A1
P22234,Training_Young,548,172,720,TRUE,PAICS
Q6ZMU5,Training_Young,1033,513,1546,TRUE,TRIM72
P49588,Training_Young,448,274,722,TRUE,AARS1
Q9BYT8,Training_Young,369,354,723,TRUE,NLN
P30041,Training_Young,1829,226,2055,TRUE,PRDX6
O43760,Training_Young,1141,725,1866,TRUE,SYNGR2
Q8NI60,Training_Young,1620,453,2073,TRUE,COQ8A
Q99807,Training_Young,936,698,1634,TRUE,COQ7
P03928,Training_Young,500,356,856,TRUE,MT-ATP8
P07900,Training_Young,1510,561,2071,TRUE,HSP90AA1
Q5U5X0,Training_Young,1105,730,1835,TRUE,LYRM7
Q9BUK0,Training_Young,1193,719,1912,TRUE,CHCHD7
Q9BUR5,Training_Young,1199,705,1904,TRUE,APOO
Q13148,Training_Young,456,277,733,TRUE,TARDBP
P61981,Training_Young,1533,444,1977,TRUE,YWHAG
P62244,Training_Young,473,262,735,TRUE,RPS15A
Q9NUJ1,Training_Young,1371,736,2107,TRUE,ABHD10
Q9NYL2,Training_Young,333,404,737,TRUE,MAP3K20
Q15392,Training_Young,1006,738,1744,TRUE,DHCR24
P08237,Training_Young,1433,456,1889,TRUE,PFKM
P55072,Training_Young,797,295,1092,TRUE,VCP
Q96CX2,Training_Young,197,598,795,TRUE,KCTD12
P07951,Training_Young,679,572,1251,TRUE,TPM2
O95674,Training_Young,230,622,852,TRUE,CDS2
Q9Y263,Training_Young,512,264,776,TRUE,PLAA
P98095,Training_Young,307,654,961,TRUE,FBLN2
O75764,Training_Young,1015,715,1730,TRUE,TCEA3
Q99653,Training_Young,677,747,1424,TRUE,CHP1
Q01105,Training_Young,1028,748,1776,TRUE,SET
P24539,Training_Young,1497,401,1898,TRUE,ATP5PB
P46926,Training_Young,1056,750,1806,TRUE,GNPDA1
Q14112,Training_Young,166,638,804,TRUE,NID2
Q96EL3,Training_Young,828,730,1558,TRUE,MRPL53
Q9UPU5,Training_Young,240,584,824,TRUE,USP24
Q14116,Training_Young,297,716,1013,TRUE,IL18
O15239,Training_Young,468,755,1223,TRUE,NDUFA1
P35611,Training_Young,512,382,894,TRUE,ADD1
O75531,Training_Young,1209,745,1954,TRUE,BANF1
P62328,Training_Young,525,233,758,TRUE,TMSB4X
Q00796,Training_Young,994,759,1753,TRUE,SORD
Q9UM22,Training_Young,1331,760,2091,TRUE,EPDR1
P55795,Training_Young,1327,760,2087,TRUE,HNRNPH2
P52564,Training_Young,996,762,1758,TRUE,MAP2K6
P50851,Training_Young,717,763,1480,TRUE,LRBA
P46199,Training_Young,874,625,1499,TRUE,MTIF2
P05976,Training_Young,740,470,1210,TRUE,MYL1
Q9BSD7,Training_Young,252,600,852,TRUE,NTPCR
Q7Z406,Training_Young,295,472,767,TRUE,MYH14
P12110,Training_Young,440,742,1182,TRUE,COL6A2
Q9NP98,Training_Young,568,746,1314,TRUE,MYOZ1
Q86VF7,Training_Young,315,455,770,TRUE,NRAP
Q16585,Training_Young,634,771,1405,TRUE,SGCB
Q13228,Training_Young,1567,489,2056,TRUE,SELENBP1
P12956,Training_Young,739,773,1512,TRUE,XRCC6
O00410,Training_Young,461,313,774,TRUE,IPO5
Q7Z422,Training_Young,1028,763,1791,TRUE,SZRD1
Q02252,Training_Young,1322,776,2098,TRUE,ALDH6A1
P07954,Training_Young,1501,506,2007,TRUE,FH
P25686,Training_Young,1227,761,1988,TRUE,DNAJB2
O43617,Training_Young,532,331,863,TRUE,TRAPPC3
Q13618,Training_Young,451,329,780,TRUE,CUL3
P23396,Training_Young,775,584,1359,TRUE,RPS3
P60903,Training_Young,478,304,782,TRUE,S100A10
O95373,Training_Young,461,322,783,TRUE,IPO7
P07738,Training_Young,1292,784,2076,TRUE,BPGM
Q96EY7,Training_Young,469,346,815,TRUE,PTCD3
Q9UJZ1,Training_Young,575,211,786,TRUE,STOML2
P05165,Training_Young,252,564,816,TRUE,PCCA
Q53GG5,Training_Young,977,645,1622,TRUE,PDLIM3
O00487,Training_Young,644,145,789,TRUE,PSMD14
P09493,Training_Young,695,589,1284,TRUE,TPM1
Q9H2G2,Training_Young,424,519,943,TRUE,SLK
Q14118,Training_Young,930,792,1722,TRUE,DAG1
Q15642,Training_Young,420,373,793,TRUE,TRIP10
Q8NHH9,Training_Young,1238,794,2032,TRUE,ATL2
Q9NVA2,Training_Young,522,314,836,TRUE,SEPTIN11
O43741,Training_Young,534,262,796,TRUE,PRKAB2
Q9UJW0,Training_Young,397,797,1194,TRUE,DCTN4
Q13347,Training_Young,506,292,798,TRUE,EIF3I
P47813,Training_Young,574,225,799,TRUE,EIF1AX
Q5TDH0,Training_Young,869,654,1523,TRUE,DDI2
Q8WTS6,Training_Young,558,243,801,TRUE,SETD7
P35754,Training_Young,1196,802,1998,TRUE,GLRX
P01871,Training_Young,318,485,803,TRUE,IGHM
Q13451,Training_Young,1070,804,1874,TRUE,FKBP5
P63010,Training_Young,186,639,825,TRUE,AP2B1
P99999,Training_Young,1390,461,1851,TRUE,CYCS
P14621,Training_Young,1248,490,1738,TRUE,ACYP2
Q96AB3,Training_Young,591,217,808,TRUE,ISOC2
Q05639,Training_Young,1219,555,1774,TRUE,EEF1A2
P06737,Training_Young,606,534,1140,TRUE,PYGL
P26373,Training_Young,475,336,811,TRUE,RPL13
Q9UH92,Training_Young,1120,812,1932,TRUE,MLX
Q96I23,Training_Young,717,813,1530,TRUE,PYURF
O75688,Training_Young,1301,769,2070,TRUE,PPM1B
P13693,Training_Young,1539,532,2071,TRUE,TPT1
P39059,Training_Young,847,764,1611,TRUE,COL15A1
Q15208,Training_Young,623,785,1408,TRUE,STK38
P50914,Training_Young,378,440,818,TRUE,RPL14
P01860,Training_Young,286,533,819,TRUE,IGHG3
O43765,Training_Young,951,820,1771,TRUE,SGTA
Q5TGZ0,Training_Young,671,821,1492,TRUE,MICOS10
Q13363,Training_Young,1124,822,1946,TRUE,CTBP1
P40763,Training_Young,996,701,1697,TRUE,STAT3
Q16586,Training_Young,801,824,1625,TRUE,SGCA
P46782,Training_Young,1046,825,1871,TRUE,RPS5
Q02952,Training_Young,432,664,1096,TRUE,AKAP12
Q9P0J6,Training_Young,603,492,1095,TRUE,MRPL36
P23786,Training_Young,1025,828,1853,TRUE,CPT2
P48047,Training_Young,1352,725,2077,TRUE,ATP5PO
Q8N183,Training_Young,756,811,1567,TRUE,NDUFAF2
Q96IV0,Training_Young,368,479,847,TRUE,NGLY1
P54289,Training_Young,1028,624,1652,TRUE,CACNA2D1
Q9BVC6,Training_Young,991,833,1824,TRUE,TMEM109
Q9Y4E8,Training_Young,716,211,927,TRUE,USP15
P19338,Training_Young,1049,835,1884,TRUE,NCL
A6NNS2,Training_Young,1190,836,2026,TRUE,DHRS7C
O96011,Training_Young,866,756,1622,TRUE,PEX11B
Q9UJU6,Training_Young,636,838,1474,TRUE,DBNL
P25705,Training_Young,1210,495,1705,TRUE,ATP5F1A
P18859,Training_Young,1057,640,1697,TRUE,ATP5PF
Q01085,Training_Young,406,435,841,TRUE,TIAL1
P55084,Training_Young,1739,320,2059,TRUE,HADHB
Q13838,Training_Young,1036,843,1879,TRUE,DDX39B
P48556,Training_Young,485,359,844,TRUE,PSMD8
Q9P0L0,Training_Young,489,412,901,TRUE,VAPA
Q9P2X3,Training_Young,176,670,846,TRUE,IMPACT
P11441,Training_Young,271,692,963,TRUE,UBL4A
P35052,Training_Young,1264,814,2078,TRUE,GPC1
P31946,Training_Young,944,603,1547,TRUE,YWHAB
O96005,Training_Young,586,827,1413,TRUE,CLPTM1
P02144,Training_Young,2033,80,2113,TRUE,MB
Q9UL25,Training_Young,735,852,1587,TRUE,RAB21
Q02750,Training_Young,510,343,853,TRUE,MAP2K1
Q8N4V1,Training_Young,237,661,898,TRUE,MMGT1
Q9BZE9,Training_Young,1217,800,2017,TRUE,ASPSCR1
P61457,Training_Young,830,770,1600,TRUE,PCBD1
P07919,Training_Young,1596,499,2095,TRUE,UQCRH
Q9H0U4,Training_Young,786,535,1321,TRUE,RAB1B
P05090,Training_Young,1112,859,1971,TRUE,APOD
Q9Y266,Training_Young,664,196,860,TRUE,NUDC
P49023,Training_Young,956,697,1653,TRUE,PXN
P62857,Training_Young,438,424,862,TRUE,RPS28
P18124,Training_Young,337,531,868,TRUE,RPL7
Q99873,Training_Young,574,290,864,TRUE,PRMT1
Q6NUK1,Training_Young,660,205,865,TRUE,SLC25A24
P31930,Training_Young,1717,371,2088,TRUE,UQCRC1
Q9NZQ9,Training_Young,797,867,1664,TRUE,TMOD4
Q9H9P8,Training_Young,939,868,1807,TRUE,L2HGDH
Q96AE4,Training_Young,1178,789,1967,TRUE,FUBP1
P02766,Training_Young,1191,845,2036,TRUE,TTR
Q15848,Training_Young,336,535,871,TRUE,ADIPOQ
Q9BX68,Training_Young,1223,872,2095,TRUE,HINT2
P83111,Training_Young,784,873,1657,TRUE,LACTB
P54652,Training_Young,448,695,1143,TRUE,HSPA2
P54136,Training_Young,698,177,875,TRUE,RARS1
Q0VDG4,Training_Young,1216,876,2092,TRUE,SCRN3
P14174,Training_Young,1056,545,1601,TRUE,MIF
Q9UJS0,Training_Young,1588,517,2105,TRUE,SLC25A13
Q9NXR7,Training_Young,477,879,1356,TRUE,BABAM2
P81605,Training_Young,950,875,1825,TRUE,DCD
Q6IBS0,Training_Young,1153,881,2034,TRUE,TWF2
Q14103,Training_Young,797,882,1679,TRUE,HNRNPD
Q9Y5P6,Training_Young,431,549,980,TRUE,GMPPB
P49773,Training_Young,958,719,1677,TRUE,HINT1
O00303,Training_Young,562,323,885,TRUE,EIF3F
P07602,Training_Young,1510,591,2101,TRUE,PSAP
Q9HBL7,Training_Young,1226,880,2106,TRUE,PLGRKT
Q01484,Training_Young,1195,888,2083,TRUE,ANK2
P28070,Training_Young,581,352,933,TRUE,PSMB4
P17612,Training_Young,939,543,1482,TRUE,PRKACA
Q13153,Training_Young,197,765,962,TRUE,PAK1
O60343,Training_Young,1042,841,1883,TRUE,TBC1D4
P82909,Training_Young,318,617,935,TRUE,MRPS36
P30740,Training_Young,587,307,894,TRUE,SERPINB1
O75821,Training_Young,615,895,1510,TRUE,EIF3G
O60493,Training_Young,768,896,1664,TRUE,SNX3
Q02878,Training_Young,524,373,897,TRUE,RPL6
P48147,Training_Young,1119,632,1751,TRUE,PREP
Q96IU4,Training_Young,963,881,1844,TRUE,ABHD14B
P19623,Training_Young,78,822,900,TRUE,SRM
Q5VWZ2,Training_Young,200,701,901,TRUE,LYPLAL1
Q8NDY3,Training_Young,989,396,1385,TRUE,ADPRHL1
Q15404,Training_Young,836,903,1739,TRUE,RSU1
Q93100,Training_Young,532,372,904,TRUE,PHKB
P01780,Training_Young,479,426,905,TRUE,IGHV3-7
Q8WY91,Training_Young,457,460,917,TRUE,THAP4
P10909,Training_Young,440,467,907,TRUE,CLU
Q4G0N4,Training_Young,383,679,1062,TRUE,NADK2
P00568,Training_Young,1288,562,1850,TRUE,AK1
Q14353,Training_Young,1298,677,1975,TRUE,GAMT
Q9UQN3,Training_Young,1007,911,1918,TRUE,CHMP2B
O43374,Training_Young,1143,912,2055,TRUE,RASA4
P60900,Training_Young,887,572,1459,TRUE,PSMA6
Q13057,Training_Young,701,914,1615,TRUE,COASY
P62633,Training_Young,736,915,1651,TRUE,CNBP
P01024,Training_Young,524,511,1035,TRUE,C3
P52272,Training_Young,1191,885,2076,TRUE,HNRNPM
P08294,Training_Young,639,898,1537,TRUE,SOD3
Q99436,Training_Young,406,513,919,TRUE,PSMB7
P25789,Training_Young,720,469,1189,TRUE,PSMA4
Q9UI12,Training_Young,1247,842,2089,TRUE,ATP6V1H
Q13884,Training_Young,626,922,1548,TRUE,SNTB1
Q8IXV7,Training_Young,336,587,923,TRUE,KLHDC8B
O94903,Training_Young,721,924,1645,TRUE,PLPBP
Q02221,Training_Young,468,896,1364,TRUE,COX6A2
Q9Y623,Training_Young,656,865,1521,TRUE,MYH4
Q5VW32,Training_Young,1181,850,2031,TRUE,BROX
Q96DG6,Training_Young,1436,551,1987,TRUE,CMBL
P27361,Training_Young,1247,854,2101,TRUE,MAPK3
Q13496,Training_Young,918,930,1848,TRUE,MTM1
Q9NVS2,Training_Young,592,422,1014,TRUE,MRPS18A
O95359,Training_Young,707,310,1017,TRUE,TACC2
Q13492,Training_Young,668,768,1436,TRUE,PICALM
Q96BW5,Training_Young,549,934,1483,TRUE,PTER
P16989,Training_Young,677,935,1612,TRUE,YBX3
Q08623,Training_Young,1024,936,1960,TRUE,PUDP
P13861,Training_Young,927,589,1516,TRUE,PRKAR2A
Q9BRF8,Training_Young,438,500,938,TRUE,CPPED1
Q9NZB2,Training_Young,327,659,986,TRUE,FAM120A
P00167,Training_Young,727,359,1086,TRUE,CYB5A
Q14714,Training_Young,605,941,1546,TRUE,SSPN
Q13683,Training_Young,950,867,1817,TRUE,ITGA7
Q9UHD8,Training_Young,447,836,1283,TRUE,SEPTIN9
Q6P1A2,Training_Young,748,944,1692,TRUE,LPCAT3
P54727,Training_Young,752,193,945,TRUE,RAD23B
P27694,Training_Young,1172,907,2079,TRUE,RPA1
Q6UW68,Training_Young,799,947,1746,TRUE,TMEM205
Q15233,Training_Young,1121,771,1892,TRUE,NONO
P49720,Training_Young,514,435,949,TRUE,PSMB3
Q08209,Training_Young,934,777,1711,TRUE,PPP3CA
Q15185,Training_Young,850,951,1801,TRUE,PTGES3
Q96DV4,Training_Young,1055,905,1960,TRUE,MRPL38
P63151,Training_Young,605,348,953,TRUE,PPP2R2A
P54920,Training_Young,930,502,1432,TRUE,NAPA
P28074,Training_Young,525,545,1070,TRUE,PSMB5
P38606,Training_Young,712,244,956,TRUE,ATP6V1A
P35908,Training_Young,838,908,1746,TRUE,KRT2
Q05519,Training_Young,1189,882,2071,TRUE,SRSF11
O95816,Training_Young,360,643,1003,TRUE,BAG2
Q02388,Training_Young,644,316,960,TRUE,COL7A1
P46779,Training_Young,590,371,961,TRUE,RPL28
P02787,Training_Young,879,699,1578,TRUE,TF
Q8N335,Training_Young,1481,347,1828,TRUE,GPD1L
Q9UMY4,Training_Young,721,964,1685,TRUE,SNX12
Q9UKV8,Training_Young,814,926,1740,TRUE,AGO2
P63098,Training_Young,658,966,1624,TRUE,PPP3R1
P08758,Training_Young,977,425,1402,TRUE,ANXA5
Q92614,Training_Young,388,580,968,TRUE,MYO18A
Q5VU43,Training_Young,619,769,1388,TRUE,PDE4DIP
Q9NUU7,Training_Young,703,970,1673,TRUE,DDX19A
Q9UHL4,Training_Young,1047,875,1922,TRUE,DPP7
P05783,Training_Young,856,783,1639,TRUE,KRT18
Q9UDW1,Training_Young,1560,538,2098,TRUE,UQCR10
P02585,Training_Young,887,690,1577,TRUE,TNNC2
P47755,Training_Young,848,975,1823,TRUE,CAPZA2
Q93034,Training_Young,525,976,1501,TRUE,CUL5
P52907,Training_Young,1078,977,2055,TRUE,CAPZA1
Q14847,Training_Young,658,966,1624,TRUE,LASP1
P29401,Training_Young,431,607,1038,TRUE,TKT
Q8TB37,Training_Young,827,980,1807,TRUE,NUBPL
P30419,Training_Young,944,888,1832,TRUE,NMT1
P10599,Training_Young,1629,383,2012,TRUE,TXN
P17980,Training_Young,574,409,983,TRUE,PSMC3
Q96FJ2,Training_Young,793,984,1777,TRUE,DYNLL2
O60313,Training_Young,571,414,985,TRUE,OPA1
Q8WW59,Training_Young,542,444,986,TRUE,SPRYD4
P06744,Training_Young,771,552,1323,TRUE,GPI
P43304,Training_Young,946,988,1934,TRUE,GPD2
Q9P2T1,Training_Young,631,358,989,TRUE,GMPR2
P48788,Training_Young,797,742,1539,TRUE,TNNI2
Q9UHG3,Training_Young,1289,786,2075,TRUE,PCYOX1
Q8NB12,Training_Young,1288,806,2094,TRUE,SMYD1
P62834,Training_Young,406,683,1089,TRUE,RAP1A
P68400,Training_Young,557,437,994,TRUE,CSNK2A1
P61020,Training_Young,528,995,1523,TRUE,RAB5B
Q9H845,Training_Young,810,950,1760,TRUE,ACAD9
Q15257,Training_Young,860,997,1857,TRUE,PTPA
O75947,Training_Young,1048,869,1917,TRUE,ATP5PD
P26196,Training_Young,1098,987,2085,TRUE,DDX6
Q9BW30,Training_Young,484,516,1000,TRUE,TPPP3
Q16595,Training_Young,541,1001,1542,TRUE,FXN
O14737,Training_Young,709,293,1002,TRUE,PDCD5
Q15119,Training_Young,647,1003,1650,TRUE,PDK2
P21980,Training_Young,517,930,1447,TRUE,TGM2
O15511,Training_Young,478,527,1005,TRUE,ARPC5
Q9H1E5,Training_Young,813,1006,1819,TRUE,TMX4
Q92945,Training_Young,1172,897,2069,TRUE,KHSRP
P29218,Training_Young,380,1008,1388,TRUE,IMPA1
P51668,Training_Young,614,1009,1623,TRUE,UBE2D1
Q5VTT5,Training_Young,838,963,1801,TRUE,MYOM3
Q8WWV3,Training_Young,570,441,1011,TRUE,RTN4IP1
P82979,Training_Young,1084,1012,2096,TRUE,SARNP
O75112,Training_Young,1720,349,2069,TRUE,LDB3
Q14247,Training_Young,208,906,1114,TRUE,CTTN
Q13643,Training_Young,1372,700,2072,TRUE,FHL3
Q8N142,Training_Young,1550,468,2018,TRUE,ADSS1
Q8TB22,Training_Young,107,942,1049,TRUE,SPATA20
P55735,Training_Young,1110,873,1983,TRUE,SEC13
P30622,Training_Young,722,297,1019,TRUE,CLIP1
Q13510,Training_Young,674,1020,1694,TRUE,ASAH1
P14550,Training_Young,1321,527,1848,TRUE,AKR1A1
P02795,Training_Young,1081,1022,2103,TRUE,MT2A
P50395,Training_Young,1263,473,1736,TRUE,GDI2
Q02790,Training_Young,580,444,1024,TRUE,FKBP4
Q9H8M1,Training_Young,1084,1025,2109,TRUE,COQ10B
Q15084,Training_Young,1304,523,1827,TRUE,PDIA6
Q9Y371,Training_Young,598,429,1027,TRUE,SH3GLB1
P13010,Training_Young,932,1028,1960,TRUE,XRCC5
Q9P2J5,Training_Young,325,704,1029,TRUE,LARS1
Q9Y262,Training_Young,542,488,1030,TRUE,EIF3L
Q13724,Training_Young,492,1031,1523,TRUE,MOGS
Q07955,Training_Young,672,1032,1704,TRUE,SRSF1
O75298,Training_Young,1116,706,1822,TRUE,RTN2
P61086,Training_Young,638,1034,1672,TRUE,UBE2K
Q8N4Q1,Training_Young,663,372,1035,TRUE,CHCHD4
P53621,Training_Young,554,671,1225,TRUE,COPA
P24752,Training_Young,1616,434,2050,TRUE,ACAT1
O60271,Training_Young,1069,1038,2107,TRUE,SPAG9
Q9H2W6,Training_Young,673,1013,1686,TRUE,MRPL46
Q6P587,Training_Young,832,890,1722,TRUE,FAHD1
P03915,Training_Young,958,1007,1965,TRUE,MT-ND5
P62829,Training_Young,500,1042,1542,TRUE,RPL23
Q13423,Training_Young,1322,762,2084,TRUE,NNT
P00738,Training_Young,399,891,1290,TRUE,HP
P49753,Training_Young,1273,748,2021,TRUE,ACOT2
P56134,Training_Young,1502,599,2101,TRUE,ATP5MF
Q9Y678,Training_Young,694,1034,1728,TRUE,COPG1
P14927,Training_Young,1628,481,2109,TRUE,UQCRB
P45378,Training_Young,814,819,1633,TRUE,TNNT3
Q15942,Training_Young,900,150,1050,TRUE,ZYX
P55209,Training_Young,459,592,1051,TRUE,NAP1L1
P62701,Training_Young,629,423,1052,TRUE,RPS4X
P56537,Training_Young,691,1053,1744,TRUE,EIF6
P41567,Training_Young,661,393,1054,TRUE,EIF1
P35241,Training_Young,497,1055,1552,TRUE,RDX
P51608,Training_Young,995,1056,2051,TRUE,MECP2
Q9NXA8,Training_Young,818,239,1057,TRUE,SIRT5
P49748,Training_Young,1437,497,1934,TRUE,ACADVL
P60660,Training_Young,1118,666,1784,TRUE,MYL6
P61513,Training_Young,286,1013,1299,TRUE,RPL37A
P47985,Training_Young,1392,516,1908,TRUE,UQCRFS1
Q9NVJ2,Training_Young,562,500,1062,TRUE,ARL8B
Q14324,Training_Young,703,1032,1735,TRUE,MYBPC2
Q07021,Training_Young,942,831,1773,TRUE,C1QBP
P31153,Training_Young,1253,854,2107,TRUE,MAT2A
P28907,Training_Young,773,1066,1839,TRUE,CD38
Q07065,Training_Young,252,1018,1270,TRUE,CKAP4
P61586,Training_Young,848,789,1637,TRUE,RHOA
P02763,Training_Young,471,892,1363,TRUE,ORM1
P63241,Training_Young,1165,840,2005,TRUE,EIF5A
Q9Y2S6,Training_Young,699,1071,1770,TRUE,TMA7
Q9Y6H1,Training_Young,973,1072,2045,TRUE,CHCHD2
P07339,Training_Young,827,867,1694,TRUE,CTSD
P47914,Training_Young,567,507,1074,TRUE,RPL29
P36955,Training_Young,591,1075,1666,TRUE,SERPINF1
Q9H061,Training_Young,582,1076,1658,TRUE,TMEM126A
Q96C11,Training_Young,572,1077,1649,TRUE,FGGY
Q96I99,Training_Young,771,1078,1849,TRUE,SUCLG2
P04844,Training_Young,435,644,1079,TRUE,RPN2
P62913,Training_Young,452,628,1080,TRUE,RPL11
Q96HD1,Training_Young,974,1054,2028,TRUE,CRELD1
Q9Y6A9,Training_Young,467,719,1186,TRUE,SPCS1
Q15118,Training_Young,640,1067,1707,TRUE,PDK1
O60936,Training_Young,552,1084,1636,TRUE,NOL3
O43708,Training_Young,711,1085,1796,TRUE,GSTZ1
P17858,Training_Young,1102,775,1877,TRUE,PFKL
Q9H074,Training_Young,999,955,1954,TRUE,PAIP1
P25787,Training_Young,589,499,1088,TRUE,PSMA2
Q9Y5M8,Training_Young,684,405,1089,TRUE,SRPRB
P11940,Training_Young,1139,882,2021,TRUE,PABPC1
Q7KZF4,Training_Young,837,972,1809,TRUE,SND1
Q96MG2,Training_Young,1097,594,1691,TRUE,JSRP1
P23284,Training_Young,627,466,1093,TRUE,PPIB
P10809,Training_Young,1387,694,2081,TRUE,HSPD1
P82921,Training_Young,257,903,1160,TRUE,MRPS21
O95747,Training_Young,1232,694,1926,TRUE,OXSR1
P00751,Training_Young,255,842,1097,TRUE,CFB
P07384,Training_Young,953,466,1419,TRUE,CAPN1
Q09666,Training_Young,1252,527,1779,TRUE,AHNAK
Q9UMS6,Training_Young,759,595,1354,TRUE,SYNPO2
P34896,Training_Young,895,1101,1996,TRUE,SHMT1
P50225,Training_Young,832,1098,1930,TRUE,SULT1A1
O60888,Training_Young,877,1103,1980,TRUE,CUTA
O15173,Training_Young,541,563,1104,TRUE,PGRMC2
Q15717,Training_Young,961,1070,2031,TRUE,ELAVL1
P01040,Training_Young,250,866,1116,TRUE,CSTA
O60506,Training_Young,671,436,1107,TRUE,SYNCRIP
Q9Y570,Training_Young,242,983,1225,TRUE,PPME1
Q8N5M9,Training_Young,999,1109,2108,TRUE,JAGN1
P50579,Training_Young,465,1110,1575,TRUE,METAP2
P04264,Training_Young,874,903,1777,TRUE,KRT1
Q8WVJ2,Training_Young,800,312,1112,TRUE,NUDCD2
O75746,Training_Young,1299,596,1895,TRUE,SLC25A12
Q9UPY8,Training_Young,519,595,1114,TRUE,MAPRE3
P52895,Training_Young,554,561,1115,TRUE,AKR1C2
O00232,Training_Young,665,451,1116,TRUE,PSMD12
P29144,Training_Young,679,438,1117,TRUE,TPP2
Q13685,Training_Young,283,891,1174,TRUE,AAMP
P62136,Training_Young,597,586,1183,TRUE,PPP1CA
P26583,Training_Young,811,1120,1931,TRUE,HMGB2
Q14165,Training_Young,544,1121,1665,TRUE,MLEC
P11217,Training_Young,491,839,1330,TRUE,PYGM
P17661,Training_Young,857,971,1828,TRUE,DES
Q15121,Training_Young,720,1124,1844,TRUE,PEA15
P27105,Training_Young,510,1125,1635,TRUE,STOM
P42704,Training_Young,763,493,1256,TRUE,LRPPRC
O94874,Training_Young,952,879,1831,TRUE,UFL1
P16219,Training_Young,1229,882,2111,TRUE,ACADS
Q9BRX8,Training_Young,680,1129,1809,TRUE,PRXL2A
Q8TC12,Training_Young,428,763,1191,TRUE,RDH11
Q13617,Training_Young,741,390,1131,TRUE,CUL2
P28482,Training_Young,790,342,1132,TRUE,MAPK1
P51884,Training_Young,928,965,1893,TRUE,LUM
P61019,Training_Young,441,1134,1575,TRUE,RAB2A
P13645,Training_Young,860,919,1779,TRUE,KRT10
Q9Y3D6,Training_Young,501,1062,1563,TRUE,FIS1
Q9Y6N1,Training_Young,452,709,1161,TRUE,COX11
P55010,Training_Young,356,1138,1494,TRUE,EIF5
P06576,Training_Young,693,602,1295,TRUE,ATP5F1B
P61106,Training_Young,562,1140,1702,TRUE,RAB14
Q9UKX2,Training_Young,880,774,1654,TRUE,MYH2
Q9UKS6,Training_Young,1036,851,1887,TRUE,PACSIN3
A8MXV4,Training_Young,855,1140,1995,TRUE,NUDT19
Q0ZGT2,Training_Young,958,1144,2102,TRUE,NEXN
Q9NZL9,Training_Young,414,1145,1559,TRUE,MAT2B
Q9UM54,Training_Young,1032,773,1805,TRUE,MYO6
O43768,Training_Young,939,1147,2086,TRUE,ENSA
Q86U28,Training_Young,344,1148,1492,TRUE,ISCA2
Q9NRG7,Training_Young,855,1149,2004,TRUE,SDR39U1
P37802,Training_Young,916,234,1150,TRUE,TAGLN2
P62277,Training_Young,691,514,1205,TRUE,RPS13
P13473,Training_Young,856,1121,1977,TRUE,LAMP2
P02750,Training_Young,759,398,1157,TRUE,LRG1
Q86VP6,Training_Young,776,378,1154,TRUE,CAND1
P05787,Training_Young,721,1129,1850,TRUE,KRT8
Q9Y6P5,Training_Young,338,1156,1494,TRUE,SESN1
Q96RQ3,Training_Young,702,1126,1828,TRUE,MCCC1
O75891,Training_Young,716,442,1158,TRUE,ALDH1L1
O00505,Training_Young,843,316,1159,TRUE,KPNA3
Q709C8,Training_Young,312,1063,1375,TRUE,VPS13C
Q13586,Training_Young,630,531,1161,TRUE,STIM1
P11586,Training_Young,840,433,1273,TRUE,MTHFD1
Q9Y450,Training_Young,1005,297,1302,TRUE,HBS1L
Q9Y3U8,Training_Young,571,593,1164,TRUE,RPL36
O43488,Training_Young,660,1043,1703,TRUE,AKR7A2
Q8WUM4,Training_Young,894,272,1166,TRUE,PDCD6IP
P41250,Training_Young,270,897,1167,TRUE,GARS1
Q96HY6,Training_Young,602,566,1168,TRUE,DDRGK1
Q969Q0,Training_Young,734,435,1169,TRUE,RPL36AL
Q9HDC5,Training_Young,380,1170,1550,TRUE,JPH1
Q86TP1,Training_Young,225,1122,1347,TRUE,PRUNE1
P31040,Training_Young,1106,936,2042,TRUE,SDHA
Q5T440,Training_Young,737,1154,1891,TRUE,IBA57
P68871,Training_Young,987,1049,2036,TRUE,HBB
O43772,Training_Young,435,1175,1610,TRUE,SLC25A20
O75122,Training_Young,987,1103,2090,TRUE,CLASP2
Q8N3L3,Training_Young,815,362,1177,TRUE,TXLNB
P54578,Training_Young,840,386,1226,TRUE,USP14
Q96C86,Training_Young,955,1058,2013,TRUE,DCPS
P05155,Training_Young,919,1180,2099,TRUE,SERPING1
Q15637,Training_Young,773,1132,1905,TRUE,SF1
P11532,Training_Young,467,953,1420,TRUE,DMD
P49589,Training_Young,594,789,1383,TRUE,CARS1
P27348,Training_Young,737,447,1184,TRUE,YWHAQ
Q92890,Training_Young,878,307,1185,TRUE,UFD1
Q96DC8,Training_Young,657,1186,1843,TRUE,ECHDC3
Q96C23,Training_Young,932,1007,1939,TRUE,GALM
O14958,Training_Young,736,1050,1786,TRUE,CASQ2
Q8TDX7,Training_Young,531,1189,1720,TRUE,NEK7
Q13424,Training_Young,371,1190,1561,TRUE,SNTA1
L0R6Q1,Training_Young,388,1165,1553,TRUE,SLC35A4
Q9BXI3,Training_Young,523,810,1333,TRUE,NT5C1A
Q6NVY1,Training_Young,685,900,1585,TRUE,HIBCH
Q9Y2Q5,Training_Young,711,1194,1905,TRUE,LAMTOR2
P61201,Training_Young,776,517,1293,TRUE,COPS2
O75880,Training_Young,718,1149,1867,TRUE,SCO1
P53992,Training_Young,438,786,1224,TRUE,SEC24C
P50995,Training_Young,441,817,1258,TRUE,ANXA11
A6NDG6,Training_Young,1208,303,1511,TRUE,PGP
Q13616,Training_Young,924,276,1200,TRUE,CUL1
P23528,Training_Young,900,1009,1909,TRUE,CFL1
P08727,Training_Young,838,989,1827,TRUE,KRT19
O95479,Training_Young,717,1203,1920,TRUE,H6PD
P26368,Training_Young,823,1125,1948,TRUE,U2AF2
P62249,Training_Young,793,714,1507,TRUE,RPS16
O75368,Training_Young,258,961,1219,TRUE,SH3BGRL
P84085,Training_Young,550,1207,1757,TRUE,ARF5
Q8WVM8,Training_Young,642,656,1298,TRUE,SCFD1
Q9UI10,Training_Young,603,687,1290,TRUE,EIF2B4
P62888,Training_Young,563,647,1210,TRUE,RPL30
P09972,Training_Young,289,1211,1500,TRUE,ALDOC
P20231,Training_Young,887,1212,2099,TRUE,TPSB2
Q9H993,Training_Young,1524,392,1916,TRUE,ARMT1
Q8N5G0,Training_Young,634,1214,1848,TRUE,SMIM20
P55809,Training_Young,723,1198,1921,TRUE,OXCT1
Q92667,Training_Young,573,1188,1761,TRUE,AKAP1
P39687,Training_Young,783,434,1217,TRUE,ANP32A
P00505,Training_Young,1435,507,1942,TRUE,GOT2
O43633,Training_Young,719,500,1219,TRUE,CHMP2A
P22307,Training_Young,912,430,1342,TRUE,SCP2
P52209,Training_Young,769,452,1221,TRUE,PGD
P10768,Training_Young,1319,772,2091,TRUE,ESD
Q9C0E8,Training_Young,722,501,1223,TRUE,LNPK
P35606,Training_Young,722,745,1467,TRUE,COPB2
O75608,Training_Young,384,1103,1487,TRUE,LYPLA1
O00423,Training_Young,674,1178,1852,TRUE,EML1
Q8N4H5,Training_Young,761,1211,1972,TRUE,TOMM5
Q02543,Training_Young,750,1228,1978,TRUE,RPL18A
Q9Y3D2,Training_Young,772,1209,1981,TRUE,MSRB2
Q9Y4G6,Training_Young,788,1230,2018,TRUE,TLN2
Q96FQ6,Training_Young,135,1206,1341,TRUE,S100A16
Q13011,Training_Young,1080,983,2063,TRUE,ECH1
Q9BRA2,Training_Young,960,273,1233,TRUE,TXNDC17
P40121,Training_Young,477,919,1396,TRUE,CAPG
Q16881,Training_Young,1114,867,1981,TRUE,TXNRD1
Q9NRV9,Training_Young,588,1185,1773,TRUE,HEBP1
P68366,Training_Young,1356,676,2032,TRUE,TUBA4A
P07741,Training_Young,835,403,1238,TRUE,APRT
Q9NP81,Training_Young,470,769,1239,TRUE,SARS2
Q8IWA5,Training_Young,741,1240,1981,TRUE,SLC44A2
P23297,Training_Young,979,870,1849,TRUE,S100A1
Q9Y305,Training_Young,666,576,1242,TRUE,ACOT9
Q00059,Training_Young,773,470,1243,TRUE,TFAM
Q9H9A6,Training_Young,371,1244,1615,TRUE,LRRC40
P45985,Training_Young,476,1245,1721,TRUE,MAP2K4
Q7Z4W1,Training_Young,566,1224,1790,TRUE,DCXR
Q01432,Training_Young,1006,1061,2067,TRUE,AMPD3
Q96HC4,Training_Young,1533,571,2104,TRUE,PDLIM5
Q9H832,Training_Young,851,521,1372,TRUE,UBE2Z
P01011,Training_Young,662,588,1250,TRUE,SERPINA3
Q9H2H8,Training_Young,688,563,1251,TRUE,PPIL3
Q8TCS8,Training_Young,420,1114,1534,TRUE,PNPT1
P30049,Training_Young,1013,1022,2035,TRUE,ATP5F1D
Q9NZD2,Training_Young,429,825,1254,TRUE,GLTP
P49354,Training_Young,454,951,1405,TRUE,FNTA
A0A0U1RRL7,Training_Young,837,1221,2058,TRUE,MMP24OS
Q9Y676,Training_Young,639,630,1269,TRUE,MRPS18B
Q14980,Training_Young,615,1188,1803,TRUE,NUMA1
Q9Y6N5,Training_Young,772,1259,2031,TRUE,SQOR
O14548,Training_Young,410,987,1397,TRUE,COX7A2L
Q9Y613,Training_Young,929,332,1261,TRUE,FHOD1
O94979,Training_Young,371,1167,1538,TRUE,SEC31A
O75955,Training_Young,673,590,1263,TRUE,FLOT1
P16157,Training_Young,168,1096,1264,TRUE,ANK1
Q66K66,Training_Young,1076,802,1878,TRUE,TMEM198
P62258,Training_Young,860,406,1266,TRUE,YWHAE
O60763,Training_Young,333,1267,1600,TRUE,USO1
Q8IZ83,Training_Young,292,1244,1536,TRUE,ALDH16A1
Q9P0J1,Training_Young,576,1269,1845,TRUE,PDP1
O75964,Training_Young,737,953,1690,TRUE,ATP5MG
P36543,Training_Young,517,1271,1788,TRUE,ATP6V1E1
Q9UKX3,Training_Young,123,1149,1272,TRUE,MYH13
Q53GQ0,Training_Young,972,301,1273,TRUE,HSD17B12
Q7Z2K6,Training_Young,374,1274,1648,TRUE,ERMP1
P55786,Training_Young,1077,590,1667,TRUE,NPEPPS
Q6P161,Training_Young,258,1276,1534,TRUE,MRPL54
O75935,Training_Young,720,1277,1997,TRUE,DCTN3
P26678,Training_Young,710,1055,1765,TRUE,PLN
Q15019,Training_Young,637,686,1323,TRUE,SEPTIN2
Q9NVH1,Training_Young,617,1254,1871,TRUE,DNAJC11
P00441,Training_Young,1377,498,1875,TRUE,SOD1
P30038,Training_Young,1175,606,1781,TRUE,ALDH4A1
Q9Y3F4,Training_Young,767,516,1283,TRUE,STRAP
P02792,Training_Young,645,1284,1929,TRUE,FTL
Q12906,Training_Young,910,375,1285,TRUE,ILF3
Q9H6F2,Training_Young,746,1247,1993,TRUE,TMEM38A
Q6UXV4,Training_Young,341,1287,1628,TRUE,APOOL
P05455,Training_Young,818,1183,2001,TRUE,SSB
P16930,Training_Young,840,449,1289,TRUE,FAH
P15170,Training_Young,929,392,1321,TRUE,GSPT1
O95822,Training_Young,866,1185,2051,TRUE,MLYCD
Q96S66,Training_Young,954,738,1692,TRUE,CLCC1
A0FGR8,Training_Young,646,647,1293,TRUE,ESYT2
Q9NRN7,Training_Young,865,1109,1974,TRUE,AASDHPPT
P14324,Training_Young,1152,704,1856,TRUE,FDPS
P11279,Training_Young,610,686,1296,TRUE,LAMP1
P51659,Training_Young,532,829,1361,TRUE,HSD17B4
Q8TAT6,Training_Young,229,1069,1298,TRUE,NPLOC4
O60784,Training_Young,154,1292,1446,TRUE,TOM1
P14735,Training_Young,739,1300,2039,TRUE,IDE
P11766,Training_Young,720,923,1643,TRUE,ADH5
Q08752,Training_Young,692,1302,1994,TRUE,PPID
Q96EP5,Training_Young,557,1303,1860,TRUE,DAZAP1
O00151,Training_Young,640,1304,1944,TRUE,PDLIM1
P08133,Training_Young,609,768,1377,TRUE,ANXA6
P09651,Training_Young,750,1306,2056,TRUE,HNRNPA1
Q16774,Training_Young,842,1152,1994,TRUE,GUK1
Q5HYI8,Training_Young,819,489,1308,TRUE,RABL3
P58546,Training_Young,975,887,1862,TRUE,MTPN
P00450,Training_Young,422,888,1310,TRUE,CP
P39019,Training_Young,930,381,1311,TRUE,RPS19
Q14258,Training_Young,376,1281,1657,TRUE,TRIM25
Q12797,Training_Young,580,733,1313,TRUE,ASPH
P62847,Training_Young,1056,258,1314,TRUE,RPS24
P18669,Training_Young,1496,518,2014,TRUE,PGAM1
P48163,Training_Young,581,1080,1661,TRUE,ME1
P06730,Training_Young,819,935,1754,TRUE,EIF4E
Q13698,Training_Young,1005,1059,2064,TRUE,CACNA1S
Q9P0P0,Training_Young,644,1319,1963,TRUE,RNF181
P62906,Training_Young,580,740,1320,TRUE,RPL10A
O95140,Training_Young,999,322,1321,TRUE,MFN2
P28072,Training_Young,859,661,1520,TRUE,PSMB6
P62979,Training_Young,957,1027,1984,TRUE,RPS27A
O14521,Training_Young,726,853,1579,TRUE,SDHD
O94760,Training_Young,195,1325,1520,TRUE,DDAH1
Q96RL7,Training_Young,304,1293,1597,TRUE,VPS13A
Q96S19,Training_Young,524,1327,1851,TRUE,METTL26
Q9NP74,Training_Young,766,608,1374,TRUE,PALMD
O95834,Training_Young,135,1194,1329,TRUE,EML2
P68402,Training_Young,688,1330,2018,TRUE,PAFAH1B2
P22570,Training_Young,879,1140,2019,TRUE,FDXR
Q9Y3B7,Training_Young,767,1272,2039,TRUE,MRPL11
P35914,Training_Young,594,739,1333,TRUE,HMGCL
Q969X5,Training_Young,552,782,1334,TRUE,ERGIC1
P11310,Training_Young,1069,879,1948,TRUE,ACADM
O00442,Training_Young,936,1006,1942,TRUE,RTCA
Q9H3N1,Training_Young,394,943,1337,TRUE,TMX1
Q8IZ81,Training_Young,758,1338,2096,TRUE,ELMOD2
O95861,Training_Young,903,524,1427,TRUE,BPNT1
P82663,Training_Young,458,882,1340,TRUE,MRPS25
P14923,Training_Young,161,1228,1389,TRUE,JUP
Q8IYQ7,Training_Young,760,1342,2102,TRUE,THNSL1
P35579,Training_Young,915,836,1751,TRUE,MYH9
P09110,Training_Young,1036,308,1344,TRUE,ACAA1
Q0VAK6,Training_Young,349,1202,1551,TRUE,LMOD3
Q9BYD1,Training_Young,754,1346,2100,TRUE,MRPL13
P14618,Training_Young,284,1063,1347,TRUE,PKM
Q12849,Training_Young,377,971,1348,TRUE,GRSF1
P05109,Training_Young,291,1058,1349,TRUE,S100A8
P51687,Training_Young,724,1149,1873,TRUE,SUOX
Q13098,Training_Young,1023,328,1351,TRUE,GPS1
O14980,Training_Young,818,534,1352,TRUE,XPO1
Q9NVS9,Training_Young,404,1353,1757,TRUE,PNPO
Q8NDH3,Training_Young,469,885,1354,TRUE,NPEPL1
Q99623,Training_Young,819,753,1572,TRUE,PHB2
Q6YP21,Training_Young,550,1325,1875,TRUE,KYAT3
Q9BXJ8,Training_Young,573,1357,1930,TRUE,TMEM120A
Q9Y6C9,Training_Young,563,1043,1606,TRUE,MTCH2
Q13907,Training_Young,375,1359,1734,TRUE,IDI1
Q9NZZ3,Training_Young,609,1360,1969,TRUE,CHMP5
Q13283,Training_Young,682,1175,1857,TRUE,G3BP1
P0CW19,Training_Young,372,1338,1710,TRUE,LIMS3
Q14764,Training_Young,297,1141,1438,TRUE,MVP
Q96QR8,Training_Young,181,1220,1401,TRUE,PURB
Q15181,Training_Young,863,502,1365,TRUE,PPA1
Q00341,Training_Young,506,1366,1872,TRUE,HDLBP
Q969M7,Training_Young,271,1128,1399,TRUE,UBE2F
P50570,Training_Young,1083,285,1368,TRUE,DNM2
Q9H2I8,Training_Young,957,910,1867,TRUE,LRMDA
P38646,Training_Young,1102,791,1893,TRUE,HSPA9
Q9NR56,Training_Young,1070,301,1371,TRUE,MBNL1
P61254,Training_Young,565,807,1372,TRUE,RPL26
Q92696,Training_Young,632,1213,1845,TRUE,RABGGTA
P12694,Training_Young,592,1374,1966,TRUE,BCKDHA
O94919,Training_Young,937,438,1375,TRUE,ENDOD1
Q16555,Training_Young,760,616,1376,TRUE,DPYSL2
Q9NZ45,Training_Young,450,1188,1638,TRUE,CISD1
Q9GZT3,Training_Young,492,994,1486,TRUE,SLIRP
Q15008,Training_Young,662,717,1379,TRUE,PSMD6
Q9UJY1,Training_Young,898,482,1380,TRUE,HSPB8
P28161,Training_Young,1131,807,1938,TRUE,GSTM2
Q5TAQ9,Training_Young,645,825,1470,TRUE,DCAF8
Q96AQ6,Training_Young,1252,824,2076,TRUE,PBXIP1
Q06730,Training_Young,658,1384,2042,TRUE,ZNF33A
Q9Y376,Training_Young,581,1013,1594,TRUE,CAB39
P12277,Training_Young,1746,326,2072,TRUE,CKB
Q9Y4J8,Training_Young,1061,918,1979,TRUE,DTNA
Q9NX47,Training_Young,279,1145,1424,TRUE,MARCHF5
P30533,Training_Young,942,980,1922,TRUE,LRPAP1
Q9UII2,Training_Young,992,913,1905,TRUE,ATP5IF1
O75439,Training_Young,1144,911,2055,TRUE,PMPCB
Q5T4S7,Training_Young,343,1331,1674,TRUE,UBR4
P60174,Training_Young,1418,513,1931,TRUE,TPI1
P51692,Training_Young,1093,973,2066,TRUE,STAT5B
Q9UNS2,Training_Young,1401,690,2091,TRUE,COPS3
O14983,Training_Young,633,991,1624,TRUE,ATP2A1
P62266,Training_Young,498,1397,1895,TRUE,RPS23
Q99598,Training_Young,907,1106,2013,TRUE,TSNAX
P62253,Training_Young,660,1399,2059,TRUE,UBE2G1
P09488,Training_Young,513,1400,1913,TRUE,GSTM1
Q8WVI0,Training_Young,1118,399,1517,TRUE,SMIM4
P49721,Training_Young,1140,605,1745,TRUE,PSMB2
Q9Y383,Training_Young,702,1344,2046,TRUE,LUC7L2
Q8NFV4,Training_Young,415,1091,1506,TRUE,ABHD11
P00338,Training_Young,605,1170,1775,TRUE,LDHA
P05091,Training_Young,666,960,1626,TRUE,ALDH2
P56385,Training_Young,987,871,1858,TRUE,ATP5ME
Q07866,Training_Young,277,1349,1626,TRUE,KLC1
Q96HS1,Training_Young,252,1157,1409,TRUE,PGAM5
O00168,Training_Young,1032,378,1410,TRUE,FXYD1
Q15365,Training_Young,573,922,1495,TRUE,PCBP1
Q96QK1,Training_Young,884,528,1412,TRUE,VPS35
A1L0T0,Training_Young,204,1209,1413,TRUE,ILVBL
Q99541,Training_Young,436,1054,1490,TRUE,PLIN2
Q9H773,Training_Young,979,989,1968,TRUE,DCTPP1
P60981,Training_Young,624,792,1416,TRUE,DSTN
P06733,Training_Young,235,1256,1491,TRUE,ENO1
Q99757,Training_Young,1118,874,1992,TRUE,TXN2
Q9UBQ5,Training_Young,351,1325,1676,TRUE,EIF3K
P13987,Training_Young,1046,864,1910,TRUE,CD59
O95197,Training_Young,887,534,1421,TRUE,RTN3
P51114,Training_Young,490,932,1422,TRUE,FXR1
P23246,Training_Young,734,1304,2038,TRUE,SFPQ
Q9HA65,Training_Young,607,1424,2031,TRUE,TBC1D17
O75348,Training_Young,417,1085,1502,TRUE,ATP6V1G1
P30084,Training_Young,993,972,1965,TRUE,ECHS1
P30050,Training_Young,577,850,1427,TRUE,RPL12
P69905,Training_Young,450,1347,1797,TRUE,HBA1
P61803,Training_Young,1234,195,1429,TRUE,DAD1
Q14914,Training_Young,478,952,1430,TRUE,PTGR1
Q99735,Training_Young,1013,418,1431,TRUE,MGST2
P61925,Training_Young,1091,341,1432,TRUE,PKIA
Q04759,Training_Young,495,1342,1837,TRUE,PRKCQ
Q9UBQ7,Training_Young,1500,579,2079,TRUE,GRHPR
Q96FW1,Training_Young,600,1299,1899,TRUE,OTUB1
P11171,Training_Young,425,1011,1436,TRUE,EPB41
Q9NZ01,Training_Young,355,1437,1792,TRUE,TECR
Q3ZCQ8,Training_Young,916,522,1438,TRUE,TIMM50
Q8WW12,Training_Young,602,1439,2041,TRUE,PCNP
Q9H9B4,Training_Young,630,846,1476,TRUE,SFXN1
Q16821,Training_Young,1066,375,1441,TRUE,PPP1R3A
Q9H223,Training_Young,782,1303,2085,TRUE,EHD4
P34949,Training_Young,608,1007,1615,TRUE,MPI
Q16740,Training_Young,444,1030,1474,TRUE,CLPP
O95881,Training_Young,187,1258,1445,TRUE,TXNDC12
Q8N5K1,Training_Young,612,1446,2058,TRUE,CISD2
P27635,Training_Young,588,859,1447,TRUE,RPL10
Q9H8Y8,Training_Young,938,1120,2058,TRUE,GORASP2
O00330,Training_Young,435,1116,1551,TRUE,PDHX
P43007,Training_Young,627,1388,2015,TRUE,SLC1A4
P16118,Training_Young,584,1451,2035,TRUE,PFKFB1
Q7Z4V5,Training_Young,627,1367,1994,TRUE,HDGFL2
P01009,Training_Young,1039,1011,2050,TRUE,SERPINA1
P30086,Training_Young,1299,462,1761,TRUE,PEBP1
P00558,Training_Young,847,608,1455,TRUE,PGK1
P21399,Training_Young,676,1096,1772,TRUE,ACO1
Q13404,Training_Young,498,1181,1679,TRUE,UBE2V1
P15121,Training_Young,769,787,1556,TRUE,AKR1B1
P16671,Training_Young,737,987,1724,TRUE,CD36
Q13442,Training_Young,879,581,1460,TRUE,PDAP1
P40926,Training_Young,439,1040,1479,TRUE,MDH2
Q712K3,Training_Young,439,1106,1545,TRUE,UBE2R2
Q9BYV7,Training_Young,662,801,1463,TRUE,BCO2
O00748,Training_Young,454,1010,1464,TRUE,CES2
Q96C00,Training_Young,272,1451,1723,TRUE,ZBTB9
Q9BXB4,Training_Young,645,855,1500,TRUE,OSBPL11
Q9BW91,Training_Young,802,1296,2098,TRUE,NUDT9
Q9P0I2,Training_Young,634,1434,2068,TRUE,EMC3
Q96GD0,Training_Young,872,619,1491,TRUE,PDXP
P35659,Training_Young,310,1470,1780,TRUE,DEK
P60866,Training_Young,897,646,1543,TRUE,RPS20
O75915,Training_Young,1059,862,1921,TRUE,ARL6IP5
P52815,Training_Young,393,1459,1852,TRUE,MRPL12
Q9BYD2,Training_Young,595,1440,2035,TRUE,MRPL9
Q01518,Training_Young,642,833,1475,TRUE,CAP1
O15273,Training_Young,408,1476,1884,TRUE,TCAP
O75347,Training_Young,1003,474,1477,TRUE,TBCA
Q15813,Training_Young,841,637,1478,TRUE,TBCE
Q06830,Training_Young,571,968,1539,TRUE,PRDX1
P25325,Training_Young,1040,440,1480,TRUE,MPST
P20073,Training_Young,1453,205,1658,TRUE,ANXA7
O15372,Training_Young,281,1241,1522,TRUE,EIF3H
P34897,Training_Young,429,1068,1497,TRUE,SHMT2
Q9UHD9,Training_Young,616,876,1492,TRUE,UBQLN2
Q8WZ42,Training_Young,871,1146,2017,TRUE,TTN
P36578,Training_Young,380,1106,1486,TRUE,RPL4
Q96H20,Training_Young,739,772,1511,TRUE,SNF8
P53701,Training_Young,636,852,1488,TRUE,HCCS
P52888,Training_Young,674,824,1498,TRUE,THOP1
Q9HBH5,Training_Young,603,1442,2045,TRUE,RDH14
Q9UM00,Training_Young,1038,453,1491,TRUE,TMCO1
P30043,Training_Young,1086,660,1746,TRUE,BLVRB
P61758,Training_Young,1020,844,1864,TRUE,VBP1
Q13554,Training_Young,836,658,1494,TRUE,CAMK2B
Q9BRT3,Training_Young,759,1145,1904,TRUE,MIEN1
Q6IAN0,Training_Young,828,668,1496,TRUE,DHRS7B
Q01844,Training_Young,358,1214,1572,TRUE,EWSR1
Q08211,Training_Young,307,1218,1525,TRUE,DHX9
Q53H12,Training_Young,298,1305,1603,TRUE,AGK
P49207,Training_Young,182,1338,1520,TRUE,RPL34
Q9NNW7,Training_Young,275,1501,1776,TRUE,TXNRD2
Q16543,Training_Young,1508,604,2112,TRUE,CDC37
Q05707,Training_Young,309,1390,1699,TRUE,COL14A1
Q16576,Training_Young,521,1362,1883,TRUE,RBBP7
Q14249,Training_Young,784,721,1505,TRUE,ENDOG
Q8TCT8,Training_Young,791,1127,1918,TRUE,SPPL2A
Q9Y3A5,Training_Young,961,546,1507,TRUE,SBDS
Q8IYB8,Training_Young,522,1391,1913,TRUE,SUPV3L1
P23381,Training_Young,1011,541,1552,TRUE,WARS1
O60749,Training_Young,1226,883,2109,TRUE,SNX2
Q9NWU1,Training_Young,712,1057,1769,TRUE,OXSM
O00757,Training_Young,822,1204,2026,TRUE,FBP2
Q96MF2,Training_Young,755,1169,1924,TRUE,STAC3
Q9NZM1,Training_Young,1117,397,1514,TRUE,MYOF
P04080,Training_Young,856,1030,1886,TRUE,CSTB
Q99447,Training_Young,772,1100,1872,TRUE,PCYT2
Q15370,Training_Young,984,899,1883,TRUE,ELOB
Q96FV2,Training_Young,312,1518,1830,TRUE,SCRN2
Q7L0Y3,Training_Young,654,865,1519,TRUE,TRMT10C
Q9Y2Q3,Training_Young,879,641,1520,TRUE,GSTK1
Q8TEA8,Training_Young,536,1123,1659,TRUE,DTD1
Q9NQ88,Training_Young,275,1451,1726,TRUE,TIGAR
O95202,Training_Young,841,682,1523,TRUE,LETM1
P61956,Training_Young,1088,436,1524,TRUE,SUMO2
Q2TAA2,Training_Young,1186,339,1525,TRUE,IAH1
Q96FZ7,Training_Young,750,908,1658,TRUE,CHMP6
P39060,Training_Young,867,1179,2046,TRUE,COL18A1
Q02218,Training_Young,769,966,1735,TRUE,OGDH
Q5SQH8,Training_Young,581,1529,2110,TRUE,C6orf136
Q12846,Training_Young,386,1514,1900,TRUE,STX4
P62081,Training_Young,1210,321,1531,TRUE,RPS7
P12268,Training_Young,858,984,1842,TRUE,IMPDH2
P48507,Training_Young,405,1466,1871,TRUE,GCLM
Q9UMX0,Training_Young,821,823,1644,TRUE,UBQLN1
Q04323,Training_Young,451,1135,1586,TRUE,UBXN1
P62841,Training_Young,463,1286,1749,TRUE,RPS15
P07195,Training_Young,801,1214,2015,TRUE,LDHB
Q9Y3C6,Training_Young,1086,814,1900,TRUE,PPIL1
Q9BSE5,Training_Young,523,1042,1565,TRUE,AGMAT
O43826,Training_Young,771,769,1540,TRUE,SLC37A4
Q8N3K9,Training_Young,851,832,1683,TRUE,CMYA5
P04439,Training_Young,831,713,1544,TRUE,HLA-A
Q13425,Training_Young,519,1196,1715,TRUE,SNTB2
P46783,Training_Young,513,1293,1806,TRUE,RPS10
Q7L2H7,Training_Young,741,1237,1978,TRUE,EIF3M
P05556,Training_Young,1072,840,1912,TRUE,ITGB1
P51571,Training_Young,550,1547,2097,TRUE,SSR4
Q16698,Training_Young,705,1124,1829,TRUE,DECR1
P06702,Training_Young,306,1243,1549,TRUE,S100A9
Q9NQW7,Training_Young,1224,326,1550,TRUE,XPNPEP1
P20042,Training_Young,876,700,1576,TRUE,EIF2S2
P21291,Training_Young,689,1077,1766,TRUE,CSRP1
Q9Y5J7,Training_Young,538,1369,1907,TRUE,TIMM9
Q9UDT6,Training_Young,771,783,1554,TRUE,CLIP2
O00571,Training_Young,882,673,1555,TRUE,DDX3X
P50583,Training_Young,590,1296,1886,TRUE,NUDT2
P12236,Training_Young,646,1344,1990,TRUE,SLC25A6
P46379,Training_Young,718,1003,1721,TRUE,BAG6
Q15369,Training_Young,1190,869,2059,TRUE,ELOC
P30520,Training_Young,150,1479,1629,TRUE,ADSS2
Q9H3K2,Training_Young,1033,970,2003,TRUE,GHITM
O95563,Training_Young,926,767,1693,TRUE,MPC2
Q13505,Training_Young,689,1039,1728,TRUE,MTX1
P47756,Training_Young,161,1489,1650,TRUE,CAPZB
Q9UGL1,Training_Young,1021,1002,2023,TRUE,KDM5B
O75351,Training_Young,542,1566,2108,TRUE,VPS4B
P07858,Training_Young,1014,553,1567,TRUE,CTSB
Q96GG9,Training_Young,1077,557,1634,TRUE,DCUN1D1
P02751,Training_Young,342,1504,1846,TRUE,FN1
Q8NI37,Training_Young,488,1561,2049,TRUE,PPTC7
P63027,Training_Young,551,1393,1944,TRUE,VAMP2
O75083,Training_Young,1317,697,2014,TRUE,WDR1
P46776,Training_Young,875,698,1573,TRUE,RPL27A
Q16762,Training_Young,471,1271,1742,TRUE,TST
P27695,Training_Young,810,1227,2037,TRUE,APEX1
P20962,Training_Young,1309,267,1576,TRUE,PTMS
Q14195,Training_Young,90,1577,1667,TRUE,DPYSL3
P54577,Training_Young,1000,1093,2093,TRUE,YARS1
Q9BUB7,Training_Young,701,878,1579,TRUE,TMEM70
Q9BXW7,Training_Young,820,1274,2094,TRUE,HDHD5
P20290,Training_Young,1055,526,1581,TRUE,BTF3
Q7L5N1,Training_Young,1186,396,1582,TRUE,COPS6
Q5R3I4,Training_Young,375,1492,1867,TRUE,TTC38
P62140,Training_Young,696,967,1663,TRUE,PPP1CB
O60825,Training_Young,894,691,1585,TRUE,PFKFB2
P62820,Training_Young,867,923,1790,TRUE,RAB1A
Q53H82,Training_Young,682,945,1627,TRUE,LACTB2
P24844,Training_Young,213,1588,1801,TRUE,MYL9
O95372,Training_Young,858,1186,2044,TRUE,LYPLA2
O15212,Training_Young,949,1012,1961,TRUE,PFDN6
Q96EY8,Training_Young,478,1377,1855,TRUE,MMAB
Q86VD7,Training_Young,106,1584,1690,TRUE,SLC25A42
Q9H330,Training_Young,547,1093,1640,TRUE,TMEM245
Q08257,Training_Young,957,764,1721,TRUE,CRYZ
Q9Y4X5,Training_Young,465,1166,1631,TRUE,ARIH1
O95425,Training_Young,231,1455,1686,TRUE,SVIL
P51452,Training_Young,685,912,1597,TRUE,DUSP3
Q96RK4,Training_Young,313,1556,1869,TRUE,BBS4
Q8TB45,Training_Young,350,1487,1837,TRUE,DEPTOR
P18621,Training_Young,904,696,1600,TRUE,RPL17
Q14254,Training_Young,410,1601,2011,TRUE,FLOT2
Q8WUY1,Training_Young,1006,596,1602,TRUE,THEM6
Q15691,Training_Young,288,1376,1664,TRUE,MAPRE1
P05388,Training_Young,880,724,1604,TRUE,RPLP0
O75390,Training_Young,1080,625,1705,TRUE,CS
Q96A26,Training_Young,1057,728,1785,TRUE,FAM162A
O43390,Training_Young,1053,554,1607,TRUE,HNRNPR
Q07020,Training_Young,374,1234,1608,TRUE,RPL18
Q9NR46,Training_Young,449,1160,1609,TRUE,SH3GLB2
Q58WW2,Training_Young,912,737,1649,TRUE,DCAF6
Q15555,Training_Young,1175,898,2073,TRUE,MAPRE2
O14964,Training_Young,440,1420,1860,TRUE,HGS
P01019,Training_Young,539,1074,1613,TRUE,AGT
P31415,Training_Young,422,1192,1614,TRUE,CASQ1
P78417,Training_Young,415,1200,1615,TRUE,GSTO1
Q9BV86,Training_Young,457,1616,2073,TRUE,NTMT1
Q9NQX3,Training_Young,542,1523,2065,TRUE,GPHN
P23634,Training_Young,869,749,1618,TRUE,ATP2B4
Q9NQR4,Training_Young,1295,324,1619,TRUE,NIT2
P05387,Training_Young,812,944,1756,TRUE,RPLP2
P26440,Training_Young,901,1161,2062,TRUE,IVD
Q14677,Training_Young,471,1532,2003,TRUE,CLINT1
P22033,Training_Young,655,1027,1682,TRUE,MMUT
Q9NTK5,Training_Young,541,1083,1624,TRUE,OLA1
Q10713,Training_Young,446,1625,2071,TRUE,PMPCA
P25398,Training_Young,481,1306,1787,TRUE,RPS12
Q15018,Training_Young,949,1028,1977,TRUE,ABRAXAS2
Q53FT3,Training_Young,1237,391,1628,TRUE,HIKESHI
P35573,Training_Young,822,967,1789,TRUE,AGL
O75569,Training_Young,166,1506,1672,TRUE,PRKRA
P06454,Training_Young,640,1456,2096,TRUE,PTMA
Q9H078,Training_Young,416,1238,1654,TRUE,CLPB
Q13435,Training_Young,846,787,1633,TRUE,SF3B2
P36959,Training_Young,1032,602,1634,TRUE,GMPR
Q99714,Training_Young,1170,465,1635,TRUE,HSD17B10
P02753,Training_Young,475,1636,2111,TRUE,RBP4
P45877,Training_Young,499,1576,2075,TRUE,PPIC
O76070,Training_Young,187,1623,1810,TRUE,SNCG
P22830,Training_Young,931,708,1639,TRUE,FECH
P84103,Training_Young,510,1130,1640,TRUE,SRSF3
Q99643,Training_Young,650,1144,1794,TRUE,SDHC
Q00G26,Training_Young,476,1560,2036,TRUE,PLIN5
Q6DKJ4,Training_Young,994,783,1777,TRUE,NXN
P62318,Training_Young,983,1041,2024,TRUE,SNRPD3
Q9BV57,Training_Young,981,664,1645,TRUE,ADI1
Q9NP97,Training_Young,1203,627,1830,TRUE,DYNLRB1
Q02641,Training_Young,641,1116,1757,TRUE,CACNB1
P61026,Training_Young,913,1051,1964,TRUE,RAB10
P11177,Training_Young,1100,778,1878,TRUE,PDHB
Q9NZL4,Training_Young,512,1219,1731,TRUE,HSPBP1
P29317,Training_Young,472,1452,1924,TRUE,EPHA2
P31937,Training_Young,791,861,1652,TRUE,HIBADH
Q9UNZ2,Training_Young,1459,613,2072,TRUE,NSFL1C
Q14157,Training_Young,519,1469,1988,TRUE,UBAP2L
Q9BVV7,Training_Young,366,1621,1987,TRUE,TIMM21
Q9UNF0,Training_Young,553,1530,2083,TRUE,PACSIN2
Q9UHV9,Training_Young,1310,347,1657,TRUE,PFDN2
Q9GZP4,Training_Young,911,1109,2020,TRUE,PITHD1
P35613,Training_Young,549,1164,1713,TRUE,BSG
P63220,Training_Young,323,1376,1699,TRUE,RPS21
Q9UBF9,Training_Young,678,1345,2023,TRUE,MYOT
Q9Y5K5,Training_Young,942,720,1662,TRUE,UCHL5
P00966,Training_Young,228,1663,1891,TRUE,ASS1
Q15772,Training_Young,481,1183,1664,TRUE,SPEG
Q13501,Training_Young,717,952,1669,TRUE,SQSTM1
P22061,Training_Young,626,1040,1666,TRUE,PCMT1
Q9NVD7,Training_Young,444,1597,2041,TRUE,PARVA
P41236,Training_Young,1059,1026,2085,TRUE,PPP1R2
Q9H0E2,Training_Young,994,1005,1999,TRUE,TOLLIP
Q9NTM9,Training_Young,837,852,1689,TRUE,CUTC
O60613,Training_Young,785,1316,2101,TRUE,SELENOF
P30040,Training_Young,1348,324,1672,TRUE,ERP29
Q9BTZ2,Training_Young,1157,581,1738,TRUE,DHRS4
Q8TDC0,Training_Young,253,1674,1927,TRUE,MYOZ3
Q9UQ80,Training_Young,994,681,1675,TRUE,PA2G4
Q14061,Training_Young,880,1129,2009,TRUE,COX17
Q9UHQ4,Training_Young,770,907,1677,TRUE,BCAP29
P42766,Training_Young,657,1332,1989,TRUE,RPL35
P36776,Training_Young,1093,1010,2103,TRUE,LONP1
O14929,Training_Young,245,1680,1925,TRUE,HAT1
Q5BKX8,Training_Young,979,780,1759,TRUE,CAVIN4
P63167,Training_Young,638,1072,1710,TRUE,DYNLL1
Q9BWH2,Training_Young,638,1057,1695,TRUE,FUNDC2
P49419,Training_Young,576,1457,2033,TRUE,ALDH7A1
Q9BV79,Training_Young,1050,1047,2097,TRUE,MECR
Q99798,Training_Young,918,891,1809,TRUE,ACO2
O95870,Training_Young,868,977,1845,TRUE,ABHD16A
P08708,Training_Young,698,990,1688,TRUE,RPS17
Q86UT6,Training_Young,1036,907,1943,TRUE,NLRX1
Q9UBQ0,Training_Young,337,1353,1690,TRUE,VPS29
P62851,Training_Young,1088,745,1833,TRUE,RPS25
P36507,Training_Young,785,999,1784,TRUE,MAP2K2
P63208,Training_Young,908,1048,1956,TRUE,SKP1
Q5JRX3,Training_Young,265,1694,1959,TRUE,PITRM1
Q16134,Training_Young,602,1218,1820,TRUE,ETFDH
Q96PU8,Training_Young,305,1576,1881,TRUE,QKI
P62854,Training_Young,1049,1002,2051,TRUE,RPS26
P51570,Training_Young,544,1200,1744,TRUE,GALK1
Q92575,Training_Young,418,1281,1699,TRUE,UBXN4
Q9P2X0,Training_Young,258,1448,1706,TRUE,DPM3
Q86Y39,Training_Young,139,1659,1798,TRUE,NDUFA11
Q96PE7,Training_Young,1041,661,1702,TRUE,MCEE
P62424,Training_Young,867,836,1703,TRUE,RPL7A
P54819,Training_Young,466,1246,1712,TRUE,AK2
P48449,Training_Young,755,950,1705,TRUE,LSS
Q9H0P0,Training_Young,534,1172,1706,TRUE,NT5C3A
P20618,Training_Young,1474,608,2082,TRUE,PSMB1
Q9H4M9,Training_Young,566,1171,1737,TRUE,EHD1
P49406,Training_Young,289,1489,1778,TRUE,MRPL19
Q05086,Training_Young,480,1319,1799,TRUE,UBE3A
P42765,Training_Young,558,1153,1711,TRUE,ACAA2
P13647,Training_Young,184,1675,1859,TRUE,KRT5
O60869,Training_Young,1012,930,1942,TRUE,EDF1
P46019,Training_Young,988,726,1714,TRUE,PHKA2
Q8N766,Training_Young,617,1328,1945,TRUE,EMC1
Q9H8S9,Training_Young,1276,592,1868,TRUE,MOB1A
O15305,Training_Young,536,1476,2012,TRUE,PMM2
P62072,Training_Young,838,1077,1915,TRUE,TIMM10
Q99627,Training_Young,414,1538,1952,TRUE,COPS8
Q9BXJ9,Training_Young,604,1125,1729,TRUE,NAA15
O43561,Training_Young,615,1326,1941,TRUE,LAT
P46459,Training_Young,816,906,1722,TRUE,NSF
Q92901,Training_Young,375,1405,1780,TRUE,RPL3L
P55263,Training_Young,782,942,1724,TRUE,ADK
Q8N1G4,Training_Young,1080,905,1985,TRUE,LRRC47
Q9P2R7,Training_Young,899,989,1888,TRUE,SUCLA2
P84077,Training_Young,1404,323,1727,TRUE,ARF1
P15104,Training_Young,536,1212,1748,TRUE,GLUL
Q3LXA3,Training_Young,231,1725,1956,TRUE,TKFC
P62316,Training_Young,483,1605,2088,TRUE,SNRPD2
Q96L96,Training_Young,356,1375,1731,TRUE,ALPK3
Q13976,Training_Young,1206,610,1816,TRUE,PRKG1
Q13162,Training_Young,483,1250,1733,TRUE,PRDX4
Q9ULA0,Training_Young,1392,718,2110,TRUE,DNPEP
O43169,Training_Young,766,969,1735,TRUE,CYB5B
P78344,Training_Young,1056,725,1781,TRUE,EIF4G2
O00764,Training_Young,1484,443,1927,TRUE,PDXK
Q9Y5Z4,Training_Young,509,1244,1753,TRUE,HEBP2
O43776,Training_Young,1438,301,1739,TRUE,NARS1
Q9BTE6,Training_Young,561,1351,1912,TRUE,AARSD1
P05413,Training_Young,567,1174,1741,TRUE,FABP3
Q9Y281,Training_Young,1153,734,1887,TRUE,CFL2
P55039,Training_Young,699,1044,1743,TRUE,DRG2
Q9Y2H6,Training_Young,108,1636,1744,TRUE,FNDC3A
Q86V81,Training_Young,803,1284,2087,TRUE,ALYREF
Q9BXK5,Training_Young,1211,827,2038,TRUE,BCL2L13
P55290,Training_Young,892,1058,1950,TRUE,CDH13
O95831,Training_Young,693,1055,1748,TRUE,AIFM1
P13797,Training_Young,923,931,1854,TRUE,PLS3
P41252,Training_Young,413,1677,2090,TRUE,IARS1
P18085,Training_Young,748,1107,1855,TRUE,ARF4
Q9BV20,Training_Young,214,1752,1966,TRUE,MRI1
Q9BPX5,Training_Young,718,1395,2113,TRUE,ARPC5L
Q9NR50,Training_Young,149,1644,1793,TRUE,EIF2B3
P61970,Training_Young,730,1025,1755,TRUE,NUTF2
P37840,Training_Young,467,1289,1756,TRUE,SNCA
Q00688,Training_Young,1038,719,1757,TRUE,FKBP3
Q6P1N9,Training_Young,1397,395,1792,TRUE,TATDN1
Q9NPJ3,Training_Young,959,819,1778,TRUE,ACOT13
P19971,Training_Young,1392,465,1857,TRUE,TYMP
Q9Y5X3,Training_Young,1083,678,1761,TRUE,SNX5
Q92506,Training_Young,1086,676,1762,TRUE,HSD17B8
Q9BV23,Training_Young,1143,620,1763,TRUE,ABHD6
O94812,Training_Young,275,1548,1823,TRUE,BAIAP3
Q14624,Training_Young,181,1765,1946,TRUE,ITIH4
Q5JSH3,Training_Young,351,1710,2061,TRUE,WDR44
Q92747,Training_Young,548,1265,1813,TRUE,ARPC1A
Q9ULP9,Training_Young,1087,749,1836,TRUE,TBC1D24
Q9BYD6,Training_Young,843,978,1821,TRUE,MRPL1
Q8IWL3,Training_Young,312,1770,2082,TRUE,HSCB
P46781,Training_Young,990,781,1771,TRUE,RPS9
Q5XPI4,Training_Young,1346,635,1981,TRUE,RNF123
Q6IQ22,Training_Young,1067,812,1879,TRUE,RAB12
P53814,Training_Young,727,1047,1774,TRUE,SMTN
Q8NBX0,Training_Young,978,797,1775,TRUE,SCCPDH
Q8IWW8,Training_Young,552,1454,2006,TRUE,ADHFE1
O15382,Training_Young,763,1326,2089,TRUE,BCAT2
Q8NBN7,Training_Young,881,984,1865,TRUE,RDH13
P23434,Training_Young,1187,772,1959,TRUE,GCSH
P31751,Training_Young,1320,621,1941,TRUE,AKT2
Q6ZVM7,Training_Young,821,1249,2070,TRUE,TOM1L2
Q9UK76,Training_Young,1015,803,1818,TRUE,JPT1
P02786,Training_Young,846,954,1800,TRUE,TFRC
Q93084,Training_Young,473,1311,1784,TRUE,ATP2A3
Q9H2S6,Training_Young,333,1478,1811,TRUE,TNMD
P55822,Training_Young,485,1301,1786,TRUE,SH3BGR
Q15363,Training_Young,291,1680,1971,TRUE,TMED2
P60468,Training_Young,169,1662,1831,TRUE,SEC61B
P13716,Training_Young,796,1101,1897,TRUE,ALAD
Q14240,Training_Young,599,1191,1790,TRUE,EIF4A2
Q05682,Training_Young,390,1694,2084,TRUE,CALD1
Q9UDY4,Training_Young,392,1400,1792,TRUE,DNAJB4
P62910,Training_Young,282,1726,2008,TRUE,RPL32
P59666,Training_Young,658,1136,1794,TRUE,DEFA3
P13489,Training_Young,726,1069,1795,TRUE,RNH1
Q15435,Training_Young,1547,463,2010,TRUE,PPP1R7
Q15006,Training_Young,718,1182,1900,TRUE,EMC2
Q93052,Training_Young,470,1411,1881,TRUE,LPP
Q9UBE0,Training_Young,359,1512,1871,TRUE,SAE1
P49840,Training_Young,350,1702,2052,TRUE,GSK3A
Q8N5N7,Training_Young,492,1393,1885,TRUE,MRPL50
Q9Y6E2,Training_Young,1214,588,1802,TRUE,BZW2
O95671,Training_Young,1350,458,1808,TRUE,ASMTL
Q9BR76,Training_Young,165,1801,1966,TRUE,CORO1B
O00429,Training_Young,1180,625,1805,TRUE,DNM1L
P01591,Training_Young,265,1797,2062,TRUE,JCHAIN
O43615,Training_Young,1268,539,1807,TRUE,TIMM44
P28749,Training_Young,780,1275,2055,TRUE,RBL1
Q9NR31,Training_Young,628,1181,1809,TRUE,SAR1A
P35237,Training_Young,1200,857,2057,TRUE,SERPINB6
Q9BQA1,Training_Young,601,1210,1811,TRUE,WDR77
Q6GMV3,Training_Young,1280,532,1812,TRUE,PTRHD1
P36957,Training_Young,815,998,1813,TRUE,DLST
P09382,Training_Young,730,1123,1853,TRUE,LGALS1
O43583,Training_Young,1227,886,2113,TRUE,DENR
Q9BYD3,Training_Young,1037,779,1816,TRUE,MRPL4
P30405,Training_Young,606,1301,1907,TRUE,PPIF
Q9H6K4,Training_Young,988,927,1915,TRUE,OPA3
P45954,Training_Young,282,1612,1894,TRUE,ACADSB
Q9BSL1,Training_Young,952,868,1820,TRUE,UBAC1
P21964,Training_Young,1116,705,1821,TRUE,COMT
P51648,Training_Young,992,830,1822,TRUE,ALDH3A2
P48735,Training_Young,1002,866,1868,TRUE,IDH2
P13796,Training_Young,1004,820,1824,TRUE,LCP1
Q9Y276,Training_Young,246,1701,1947,TRUE,BCS1L
O15371,Training_Young,546,1424,1970,TRUE,EIF3D
P43897,Training_Young,1139,797,1936,TRUE,TSFM
Q9BS26,Training_Young,1042,786,1828,TRUE,ERP44
P25311,Training_Young,1200,770,1970,TRUE,AZGP1
P21695,Training_Young,990,840,1830,TRUE,GPD1
O75928,Training_Young,846,1044,1890,TRUE,PIAS2
P10109,Training_Young,340,1714,2054,TRUE,FDX1
Q9Y5L4,Training_Young,1124,709,1833,TRUE,TIMM13
P04179,Training_Young,484,1350,1834,TRUE,SOD2
Q92995,Training_Young,349,1486,1835,TRUE,USP13
Q5D862,Training_Young,218,1783,2001,TRUE,FLG2
Q99766,Training_Young,468,1406,1874,TRUE,DMAC2L
P10176,Training_Young,346,1760,2106,TRUE,COX8A
Q92905,Training_Young,1288,551,1839,TRUE,COPS5
Q16186,Training_Young,1528,455,1983,TRUE,ADRM1
Q9HA64,Training_Young,279,1825,2104,TRUE,FN3KRP
P50502,Training_Young,903,939,1842,TRUE,ST13
Q13033,Training_Young,484,1359,1843,TRUE,STRN3
P35443,Training_Young,200,1829,2029,TRUE,THBS4
Q9BRX2,Training_Young,415,1506,1921,TRUE,PELO
Q9BXW6,Training_Young,443,1403,1846,TRUE,OSBPL1A
Q13619,Training_Young,1073,831,1904,TRUE,CUL4A
Q00169,Training_Young,395,1591,1986,TRUE,PITPNA
O43598,Training_Young,1052,1008,2060,TRUE,DNPH1
Q9NP79,Training_Young,1508,342,1850,TRUE,VTA1
O75128,Training_Young,1343,568,1911,TRUE,COBL
A1L4K1,Training_Young,696,1158,1854,TRUE,FSD2
P04040,Training_Young,640,1315,1955,TRUE,CAT
P48509,Training_Young,802,1072,1874,TRUE,CD151
P56211,Training_Young,1478,377,1855,TRUE,ARPP19
Q15366,Training_Young,1392,623,2015,TRUE,PCBP2
P10515,Training_Young,956,1053,2009,TRUE,DLAT
Q13526,Training_Young,1235,623,1858,TRUE,PIN1
P63000,Training_Young,1256,603,1859,TRUE,RAC1
P20020,Training_Young,243,1860,2103,TRUE,ATP2B1
P06732,Training_Young,1559,311,1870,TRUE,CKM
Q9Y6B6,Training_Young,604,1258,1862,TRUE,SAR1B
P11216,Training_Young,1355,592,1947,TRUE,PYGB
P60602,Training_Young,856,1061,1917,TRUE,ROMO1
P30085,Training_Young,791,1187,1978,TRUE,CMPK1
Q96A57,Training_Young,973,992,1965,TRUE,TMEM230
P54725,Training_Young,1393,674,2067,TRUE,RAD23A
P60953,Training_Young,1031,915,1946,TRUE,CDC42
P51812,Training_Young,1287,796,2083,TRUE,RPS6KA3
Q15907,Training_Young,1352,621,1973,TRUE,RAB11B
P15374,Training_Young,1477,394,1871,TRUE,UCHL3
Q96JJ7,Training_Young,1790,235,2025,TRUE,TMX3
Q9UIA9,Training_Young,1563,345,1908,TRUE,XPO7
P01619,Training_Young,270,1604,1874,TRUE,IGKV3-20
Q15046,Training_Young,1237,752,1989,TRUE,KARS1
P61916,Training_Young,346,1756,2102,TRUE,NPC2
P63244,Training_Young,1089,1023,2112,TRUE,RACK1
Q00839,Training_Young,1216,662,1878,TRUE,HNRNPU
P56381,Training_Young,798,1134,1932,TRUE,ATP5F1E
Q9Y237,Training_Young,932,1017,1949,TRUE,PIN4
Q8NBU5,Training_Young,1169,781,1950,TRUE,ATAD1
Q9NRX4,Training_Young,891,1190,2081,TRUE,PHPT1
Q92841,Training_Young,1377,715,2092,TRUE,DDX17
Q969Z3,Training_Young,1064,820,1884,TRUE,MTARC2
P84095,Training_Young,108,1788,1896,TRUE,RHOG
O43684,Training_Young,266,1725,1991,TRUE,BUB3
Q7Z2W9,Training_Young,610,1370,1980,TRUE,MRPL21
P35268,Training_Young,778,1267,2045,TRUE,RPL22
P08603,Training_Young,610,1343,1953,TRUE,CFH
P09913,Training_Young,775,1115,1890,TRUE,IFIT2
P08670,Training_Young,685,1231,1916,TRUE,VIM
O14950,Training_Young,849,1205,2054,TRUE,MYL12B
Q07507,Training_Young,287,1761,2048,TRUE,DPT
P09467,Training_Young,446,1505,1951,TRUE,FBP1
P68036,Training_Young,1358,537,1895,TRUE,UBE2L3
P62917,Training_Young,562,1334,1896,TRUE,RPL8
Q6JBY9,Training_Young,1139,843,1982,TRUE,RCSD1
Q13185,Training_Young,989,1003,1992,TRUE,CBX3
Q14767,Training_Young,471,1428,1899,TRUE,LTBP3
P82675,Training_Young,281,1705,1986,TRUE,MRPS5
P53597,Training_Young,895,1145,2040,TRUE,SUCLG1
P57772,Training_Young,278,1642,1920,TRUE,EEFSEC
Q9Y5U8,Training_Young,1192,912,2104,TRUE,MPC1
Q14558,Training_Young,766,1329,2095,TRUE,PRPSAP1
P36871,Training_Young,1172,733,1905,TRUE,PGM1
O15056,Training_Young,276,1650,1926,TRUE,SYNJ2
Q9UN37,Training_Young,1294,613,1907,TRUE,VPS4A
O60684,Training_Young,1647,261,1908,TRUE,KPNA6
P62942,Training_Young,864,1184,2048,TRUE,FKBP1A
Q86X55,Training_Young,1257,653,1910,TRUE,CARM1
Q9NRP2,Training_Young,471,1486,1957,TRUE,CMC2
O75521,Training_Young,478,1434,1912,TRUE,ECI2
P06748,Training_Young,906,1176,2082,TRUE,NPM1
P00846,Training_Young,476,1491,1967,TRUE,MT-ATP6
Q9UHQ9,Training_Young,1114,801,1915,TRUE,CYB5R1
P32456,Training_Young,715,1223,1938,TRUE,GBP2
Q99808,Training_Young,1151,873,2024,TRUE,SLC29A1
O00264,Training_Young,792,1126,1918,TRUE,PGRMC1
A8MU46,Training_Young,711,1395,2106,TRUE,SMTNL1
Q86TD4,Training_Young,1102,818,1920,TRUE,SRL
P21266,Training_Young,638,1283,1921,TRUE,GSTM3
P18077,Training_Young,293,1763,2056,TRUE,RPL35A
Q9UBC2,Training_Young,1214,711,1925,TRUE,EPS15L1
O95394,Training_Young,1147,889,2036,TRUE,PGM3
Q8WX93,Training_Young,632,1305,1937,TRUE,PALLD
Q9BRC7,Training_Young,1450,476,1926,TRUE,PLCD4
P62873,Training_Young,1092,835,1927,TRUE,GNB1
Q9H2U2,Training_Young,1242,817,2059,TRUE,PPA2
Q8IYS1,Training_Young,268,1661,1929,TRUE,PM20D2
Q0VDF9,Training_Young,341,1589,1930,TRUE,HSPA14
Q9BZV1,Training_Young,1348,583,1931,TRUE,UBXN6
P51149,Training_Young,1145,903,2048,TRUE,RAB7A
P09211,Training_Young,1022,911,1933,TRUE,GSTP1
Q9NQC3,Training_Young,1227,707,1934,TRUE,RTN4
P04275,Training_Young,214,1721,1935,TRUE,VWF
P02533,Training_Young,223,1772,1995,TRUE,KRT14
Q9BRG1,Training_Young,501,1436,1937,TRUE,VPS25
O15061,Training_Young,681,1257,1938,TRUE,SYNM
Q9NYU2,Training_Young,1453,486,1939,TRUE,UGGT1
Q86TC9,Training_Young,475,1574,2049,TRUE,MYPN
P10398,Training_Young,398,1679,2077,TRUE,ARAF
Q01995,Training_Young,533,1409,1942,TRUE,TAGLN
Q9NUB1,Training_Young,724,1288,2012,TRUE,ACSS1
P36969,Training_Young,1364,653,2017,TRUE,GPX4
P84157,Training_Young,678,1309,1987,TRUE,MXRA7
P0DMV8,Training_Young,1243,703,1946,TRUE,HSPA1A
P13639,Training_Young,1239,812,2051,TRUE,EEF2
Q13263,Training_Young,309,1695,2004,TRUE,TRIM28
P38117,Training_Young,526,1423,1949,TRUE,ETFB
Q96CV9,Training_Young,574,1419,1993,TRUE,OPTN
P28289,Training_Young,124,1914,2038,TRUE,TMOD1
Q13418,Training_Young,1398,554,1952,TRUE,ILK
P02649,Training_Young,247,1848,2095,TRUE,APOE
Q9NVE7,Training_Young,1085,920,2005,TRUE,PANK4
P51665,Training_Young,1384,571,1955,TRUE,PSMD7
P46777,Training_Young,756,1334,2090,TRUE,RPL5
Q13061,Training_Young,715,1272,1987,TRUE,TRDN
Q12955,Training_Young,687,1392,2079,TRUE,ANK3
Q9UIC8,Training_Young,1375,584,1959,TRUE,LCMT1
P23142,Training_Young,447,1513,1960,TRUE,FBLN1
Q9Y2R0,Training_Young,756,1354,2110,TRUE,COA3
P15090,Training_Young,1026,936,1962,TRUE,FABP4
P21817,Training_Young,944,1086,2030,TRUE,RYR1
P13535,Training_Young,128,1964,2092,TRUE,MYH8
O75131,Training_Young,1418,547,1965,TRUE,CPNE3
Q5HYK3,Training_Young,1162,804,1966,TRUE,COQ5
Q99497,Training_Young,1325,642,1967,TRUE,PARK7
Q8NE71,Training_Young,1105,863,1968,TRUE,ABCF1
Q15102,Training_Young,731,1242,1973,TRUE,PAFAH1B3
P46734,Training_Young,1395,575,1970,TRUE,MAP2K3
P48637,Training_Young,1269,702,1971,TRUE,GSS
Q86X76,Training_Young,778,1243,2021,TRUE,NIT1
P04075,Training_Young,1379,646,2025,TRUE,ALDOA
Q9BY44,Training_Young,340,1682,2022,TRUE,EIF2A
P12955,Training_Young,1693,412,2105,TRUE,PEPD
Q96C01,Training_Young,243,1783,2026,TRUE,FAM136A
O14556,Training_Young,536,1441,1977,TRUE,GAPDHS
P23109,Training_Young,325,1653,1978,TRUE,AMPD1
P11182,Training_Young,863,1245,2108,TRUE,DBT
Q9H299,Training_Young,1068,1032,2100,TRUE,SH3BGRL3
P60228,Training_Young,930,1065,1995,TRUE,EIF3E
P12235,Training_Young,888,1208,2096,TRUE,SLC25A4
Q99487,Training_Young,962,1110,2072,TRUE,PAFAH2
P13929,Training_Young,1263,721,1984,TRUE,ENO3
Q15843,Training_Young,914,1153,2067,TRUE,NEDD8
Q9Y224,Training_Young,396,1631,2027,TRUE,RTRAF
Q96GK7,Training_Young,620,1408,2028,TRUE,FAHD2A
P61247,Training_Young,1044,956,2000,TRUE,RPS3A
P20929,Training_Young,302,1687,1989,TRUE,NEB
P00918,Training_Young,763,1297,2060,TRUE,CA2
Q9UQM7,Training_Young,549,1538,2087,TRUE,CAMK2A
P45381,Training_Young,251,1741,1992,TRUE,ASPA
P05386,Training_Young,873,1120,1993,TRUE,RPLP1
P09960,Training_Young,1156,838,1994,TRUE,LTA4H
O00483,Training_Young,881,1212,2093,TRUE,NDUFA4
P21912,Training_Young,874,1224,2098,TRUE,SDHB
Q08722,Training_Young,1217,780,1997,TRUE,CD47
Q9Y2Z9,Training_Young,1148,850,1998,TRUE,COQ6
P62195,Training_Young,1544,455,1999,TRUE,PSMC5
P35749,Training_Young,487,1513,2000,TRUE,MYH11
Q6PCB7,Training_Young,967,1034,2001,TRUE,SLC27A1
Q13825,Training_Young,1001,1090,2091,TRUE,AUH
P09104,Training_Young,1173,874,2047,TRUE,ENO2
P60891,Training_Young,914,1090,2004,TRUE,PRPS1
A2RTX5,Training_Young,381,1701,2082,TRUE,TARS3
P10301,Training_Young,1164,842,2006,TRUE,RRAS
P10253,Training_Young,1048,959,2007,TRUE,GAA
Q9H7Z7,Training_Young,1226,782,2008,TRUE,PTGES2
O95336,Training_Young,429,1580,2009,TRUE,PGLS
Q8IVN3,Training_Young,425,1677,2102,TRUE,MUSTN1
P49755,Training_Young,1230,781,2011,TRUE,TMED10
O75534,Training_Young,1202,810,2012,TRUE,CSDE1
P33121,Training_Young,861,1219,2080,TRUE,ACSL1
P30046,Training_Young,737,1305,2042,TRUE,DDT
Q9UIJ7,Training_Young,446,1569,2015,TRUE,AK3
Q04941,Training_Young,830,1276,2106,TRUE,PLP2
Q7Z698,Training_Young,336,1681,2017,TRUE,SPRED2
Q9UBB4,Training_Young,1135,883,2018,TRUE,ATXN10
Q9UKY7,Training_Young,754,1265,2019,TRUE,CDV3
P61769,Training_Young,713,1307,2020,TRUE,B2M
P04899,Training_Young,1302,719,2021,TRUE,GNAI2
Q9BS92,Training_Young,641,1381,2022,TRUE,NIPSNAP3B
Q06124,Training_Young,1115,959,2074,TRUE,PTPN11
P40939,Training_Young,1045,979,2024,TRUE,HADHA
O75436,Training_Young,1345,713,2058,TRUE,VPS26A
P20807,Training_Young,1052,974,2026,TRUE,CAPN3
P55884,Training_Young,1261,766,2027,TRUE,EIF3B
Q92947,Training_Young,495,1533,2028,TRUE,GCDH
Q9BPX6,Training_Young,586,1445,2031,TRUE,MICU1
P14649,Training_Young,401,1698,2099,TRUE,MYL6B
P62750,Training_Young,867,1164,2031,TRUE,RPL23A
P23588,Training_Young,1388,644,2032,TRUE,EIF4B
Q8WUM0,Training_Young,336,1768,2104,TRUE,NUP133
P02655,Training_Young,541,1493,2034,TRUE,APOC2
Q9NQP4,Training_Young,1078,995,2073,TRUE,PFDN4
Q8N4T8,Training_Young,922,1114,2036,TRUE,CBR4
Q9UBT2,Training_Young,1438,599,2037,TRUE,UBA2
P11277,Training_Young,1021,1017,2038,TRUE,SPTB
Q9GZT9,Training_Young,942,1159,2101,TRUE,EGLN1
Q96DB5,Training_Young,1348,692,2040,TRUE,RMDN1
Q02978,Training_Young,672,1369,2041,TRUE,SLC25A11
Q96AC1,Training_Young,1017,1025,2042,TRUE,FERMT2
Q7L1Q6,Training_Young,884,1159,2043,TRUE,BZW1
Q99733,Training_Young,1520,524,2044,TRUE,NAP1L4
P51991,Training_Young,321,1724,2045,TRUE,HNRNPA3
Q5XKP0,Training_Young,819,1227,2046,TRUE,MICOS13
Q15286,Training_Young,1311,736,2047,TRUE,RAB35
P16615,Training_Young,1397,687,2084,TRUE,ATP2A2
P53999,Training_Young,1478,574,2052,TRUE,SUB1
P67775,Training_Young,1320,754,2074,TRUE,PPP2CA
Q7LBR1,Training_Young,773,1295,2068,TRUE,CHMP1B
Q9H496,Training_Young,91,1965,2056,TRUE,TOR1AIP2
P21281,Training_Young,1512,541,2053,TRUE,ATP6V1B2
P08697,Training_Young,296,1758,2054,TRUE,SERPINF2
Q86V88,Training_Young,244,1811,2055,TRUE,MDP1
Q9NPF4,Training_Young,218,1838,2056,TRUE,OSGEP
P84090,Training_Young,505,1559,2064,TRUE,ERH
Q15111,Training_Young,238,1859,2097,TRUE,PLCL1
Q96K76,Training_Young,430,1629,2059,TRUE,USP47
P08559,Training_Young,1180,880,2060,TRUE,PDHA1
P35270,Training_Young,1304,757,2061,TRUE,SPR
Q9BT78,Training_Young,1381,681,2062,TRUE,COPS4
P13611,Training_Young,1627,436,2063,TRUE,VCAN
P13804,Training_Young,704,1360,2064,TRUE,ETFA
P30626,Training_Young,1316,749,2065,TRUE,SRI
P51858,Training_Young,1191,875,2066,TRUE,HDGF
Q96DH6,Training_Young,776,1291,2067,TRUE,MSI2
Q9Y5J9,Training_Young,408,1701,2109,TRUE,TIMM8B
P62269,Training_Young,1136,933,2069,TRUE,RPS18
Q8NCW5,Training_Young,1287,801,2088,TRUE,NAXE
P49427,Training_Young,457,1619,2076,TRUE,CDC34
Q68DQ2,Training_Young,271,1840,2111,TRUE,CRYBG3
Q9UN36,Training_Young,993,1118,2111,TRUE,NDRG2
Q15714,Training_Young,291,1795,2086,TRUE,TSC22D1
P51148,Training_Young,937,1138,2075,TRUE,RAB5C
Q9BSJ8,Training_Young,907,1169,2076,TRUE,ESYT1
P04843,Training_Young,1418,659,2077,TRUE,RPN1
Q9UK41,Training_Young,946,1139,2085,TRUE,VPS28
P53384,Training_Young,776,1303,2079,TRUE,NUBP1
Q9NSE4,Training_Young,1292,788,2080,TRUE,IARS2
Q13310,Training_Young,1251,830,2081,TRUE,PABPC4
P33992,Training_Young,699,1383,2082,TRUE,MCM5
P09622,Training_Young,1224,859,2083,TRUE,DLD
P46977,Training_Young,930,1154,2084,TRUE,STT3A
P52943,Training_Young,500,1585,2085,TRUE,CRIP2
Q9Y2B0,Training_Young,423,1675,2098,TRUE,CNPY2
Q9Y4W6,Training_Young,1226,861,2087,TRUE,AFG3L2
P84098,Training_Young,913,1175,2088,TRUE,RPL19
P48426,Training_Young,510,1579,2089,TRUE,PIP4K2A
P35221,Training_Young,851,1239,2090,TRUE,CTNNA1
Q86WU2,Training_Young,326,1765,2091,TRUE,LDHD
Q00577,Training_Young,1220,872,2092,TRUE,PURA
P17540,Training_Young,892,1201,2093,TRUE,CKMT2
Q9NQ50,Training_Young,563,1531,2094,TRUE,MRPL40
Q9Y508,Training_Young,1644,451,2095,TRUE,RNF114
Q9H3H3,Training_Young,834,1262,2096,TRUE,C11orf68
P05141,Training_Young,1386,713,2099,TRUE,SLC25A5
O95218,Training_Young,74,2024,2098,TRUE,ZRANB2
P52565,Training_Young,1163,940,2103,TRUE,ARHGDIA
Q5SSJ5,Training_Young,1009,1091,2100,TRUE,HP1BP3
Q13555,Training_Young,1247,854,2101,TRUE,CAMK2G
Q9UBI6,Training_Young,1537,565,2102,TRUE,GNG12
P08865,Training_Young,1166,937,2103,TRUE,RPSA
P49841,Training_Young,886,1218,2104,TRUE,GSK3B
A3KMH1,Training_Young,855,1250,2105,TRUE,VWA8
Q04637,Training_Young,1620,486,2106,TRUE,EIF4G1
O43747,Training_Young,205,1902,2107,TRUE,AP1G1
Q12931,Training_Young,1355,753,2108,TRUE,TRAP1
P37108,Training_Young,1071,1038,2109,TRUE,SRP14
Q13445,Training_Young,723,1387,2110,TRUE,TMED1
Q9UPQ0,Training_Young,669,1442,2111,TRUE,LIMCH1
Q9NWV8,Training_Young,743,1369,2112,TRUE,BABAM1
Q9NWU5,Training_Young,814,1299,2113,TRUE,MRPL22
O15144,Training_Young,0,2114,2114,FALSE,ARPC2
O15264,Training_Young,0,2115,2115,FALSE,MAPK13
O94811,Training_Young,0,2116,2116,FALSE,TPPP
P08621,Training_Young,0,2117,2117,FALSE,SNRNP70
Q15847,Training_Young,0,2118,2118,FALSE,ADIRF
Q7LG56,Training_Young,0,2119,2119,FALSE,RRM2B
Q96Q83,Training_Young,0,2120,2120,FALSE,ALKBH3
Q9BS40,Training_Young,0,2121,2121,FALSE,LXN
Q9C0C9,Training_Young,0,2122,2122,FALSE,UBE2O
Q9HA77,Training_Young,0,2123,2123,FALSE,CARS2
Q9Y697,Training_Young,0,2124,2124,FALSE,NFS1
P00492,Training_Old,1,1,2,FALSE,HPRT1
Q16658,Training_Old,1,1,2,FALSE,FSCN1
Q07960,Training_Old,9,3,12,FALSE,ARHGAP1
Q9ULP9,Training_Old,6,3,9,FALSE,TBC1D24
Q99447,Training_Old,10,4,14,FALSE,PCYT2
P46940,Training_Old,11,6,17,FALSE,IQGAP1
Q13557,Training_Old,5,5,10,FALSE,CAMK2D
P12429,Training_Old,15,6,21,FALSE,ANXA3
Q9H4G4,Training_Old,6,3,9,FALSE,GLIPR2
Q14714,Training_Old,54,10,64,TRUE,SSPN
Q9Y4G6,Training_Old,163,11,174,TRUE,TLN2
Q13203,Training_Old,9,3,12,FALSE,MYBPH
Q15746,Training_Old,9,4,13,FALSE,MYLK
Q8WXH0,Training_Old,38,8,46,FALSE,SYNE2
O15143,Training_Old,5,10,15,FALSE,ARPC1B
O43760,Training_Old,32,16,48,FALSE,SYNGR2
Q02252,Training_Old,51,17,68,TRUE,ALDH6A1
Q86TP1,Training_Old,165,18,183,TRUE,PRUNE1
P62841,Training_Old,12,12,24,FALSE,RPS15
Q6PCB7,Training_Old,64,12,76,TRUE,SLC27A1
P51608,Training_Old,112,21,133,TRUE,MECP2
P13796,Training_Old,19,20,39,FALSE,LCP1
Q9UMS0,Training_Old,80,23,103,TRUE,NFU1
P13611,Training_Old,90,18,108,TRUE,VCAN
O94811,Training_Old,50,16,66,FALSE,TPPP
O75348,Training_Old,346,25,371,TRUE,ATP6V1G1
P51668,Training_Old,89,26,115,TRUE,UBE2D1
P62753,Training_Old,11,26,37,FALSE,RPS6
P49411,Training_Old,84,25,109,TRUE,TUFM
Q86VD7,Training_Old,24,6,30,FALSE,SLC25A42
Q8NBS9,Training_Old,52,31,83,TRUE,TXNDC5
O43852,Training_Old,61,29,90,TRUE,CALU
P46019,Training_Old,13,20,33,FALSE,PHKA2
P35268,Training_Old,10,30,40,FALSE,RPL22
P63172,Training_Old,37,35,72,FALSE,DYNLT1
P25325,Training_Old,182,25,207,TRUE,MPST
Q13564,Training_Old,96,26,122,TRUE,NAE1
P83731,Training_Old,31,7,38,FALSE,RPL24
P28482,Training_Old,109,39,148,TRUE,MAPK1
P26038,Training_Old,91,40,131,TRUE,MSN
P02795,Training_Old,12,33,45,FALSE,MT2A
Q5JWF2,Training_Old,169,42,211,TRUE,GNAS
P22352,Training_Old,88,38,126,TRUE,GPX3
Q5XPI4,Training_Old,333,44,377,TRUE,RNF123
Q9H1R3,Training_Old,26,19,45,FALSE,MYLK2
P37802,Training_Old,33,28,61,FALSE,TAGLN2
Q8TD30,Training_Old,39,27,66,FALSE,GPT2
P00966,Training_Old,23,25,48,FALSE,ASS1
Q8NHH9,Training_Old,15,39,54,FALSE,ATL2
P50461,Training_Old,28,29,57,FALSE,CSRP3
Q9H0W9,Training_Old,91,36,127,TRUE,C11orf54
P06396,Training_Old,61,13,74,TRUE,GSN
P00325,Training_Old,32,23,55,FALSE,ADH1B
Q99584,Training_Old,45,24,69,FALSE,S100A13
Q9BTZ2,Training_Old,16,39,55,FALSE,DHRS4
P42167,Training_Old,63,53,116,TRUE,TMPO
P48643,Training_Old,133,57,190,TRUE,CCT5
P07437,Training_Old,125,44,169,TRUE,TUBB
Q8TCU6,Training_Old,44,15,59,FALSE,PREX1
P54725,Training_Old,335,60,395,TRUE,RAD23A
P17931,Training_Old,39,33,72,FALSE,LGALS3
P19075,Training_Old,27,60,87,FALSE,TSPAN8
P63220,Training_Old,43,44,87,FALSE,RPS21
P26641,Training_Old,164,64,228,TRUE,EEF1G
P25398,Training_Old,49,65,114,FALSE,RPS12
Q96S96,Training_Old,107,66,173,TRUE,PEBP4
Q9Y4J8,Training_Old,306,67,373,TRUE,DTNA
O43837,Training_Old,33,55,88,FALSE,IDH3B
Q8NE62,Training_Old,61,24,85,TRUE,CHDH
Q96IV0,Training_Old,56,20,76,TRUE,NGLY1
O00442,Training_Old,359,64,423,TRUE,RTCA
O95870,Training_Old,158,72,230,TRUE,ABHD16A
Q13907,Training_Old,114,70,184,TRUE,IDI1
Q6NUK1,Training_Old,36,52,88,FALSE,SLC25A24
Q07020,Training_Old,42,38,80,FALSE,RPL18
P61247,Training_Old,26,76,102,FALSE,RPS3A
Q9H8H3,Training_Old,63,73,136,TRUE,METTL7A
P61513,Training_Old,64,14,78,TRUE,RPL37A
Q15819,Training_Old,360,41,401,TRUE,UBE2V2
Q10567,Training_Old,53,51,104,TRUE,AP1B1
Q9BRT3,Training_Old,61,49,110,TRUE,MIEN1
Q96Q06,Training_Old,198,54,252,TRUE,PLIN4
P02511,Training_Old,360,56,416,TRUE,CRYAB
Q06432,Training_Old,119,83,202,TRUE,CACNG1
P04792,Training_Old,215,85,300,TRUE,HSPB1
O75368,Training_Old,64,22,86,TRUE,SH3BGRL
Q15631,Training_Old,170,87,257,TRUE,TSN
P50213,Training_Old,147,86,233,TRUE,IDH3A
Q8IVN3,Training_Old,73,34,107,TRUE,MUSTN1
Q9UBE0,Training_Old,267,90,357,TRUE,SAE1
Q96EY8,Training_Old,261,82,343,TRUE,MMAB
P15880,Training_Old,55,92,147,TRUE,RPS2
Q92629,Training_Old,318,93,411,TRUE,SGCD
Q8N5M1,Training_Old,49,94,143,FALSE,ATPAF2
Q9H9Q2,Training_Old,191,95,286,TRUE,COPS7B
P30086,Training_Old,341,62,403,TRUE,PEBP1
Q969X5,Training_Old,65,32,97,TRUE,ERGIC1
P78417,Training_Old,126,77,203,TRUE,GSTO1
P02750,Training_Old,44,99,143,FALSE,LRG1
Q5VXT5,Training_Old,104,61,165,TRUE,SYPL2
P35052,Training_Old,245,101,346,TRUE,GPC1
P33176,Training_Old,146,102,248,TRUE,KIF5B
P57772,Training_Old,63,63,126,TRUE,EEFSEC
P35443,Training_Old,88,16,104,TRUE,THBS4
Q86VN1,Training_Old,129,105,234,TRUE,VPS36
P61604,Training_Old,219,75,294,TRUE,HSPE1
Q8N335,Training_Old,517,93,610,TRUE,GPD1L
Q9BWH2,Training_Old,252,85,337,TRUE,FUNDC2
Q7KZF4,Training_Old,36,94,130,FALSE,SND1
P55263,Training_Old,60,50,110,TRUE,ADK
P50991,Training_Old,99,111,210,TRUE,CCT4
P27635,Training_Old,48,98,146,FALSE,RPL10
Q99829,Training_Old,234,109,343,TRUE,CPNE1
P21980,Training_Old,91,23,114,TRUE,TGM2
P43490,Training_Old,75,40,115,TRUE,NAMPT
P17655,Training_Old,106,116,222,TRUE,CAPN2
Q9H910,Training_Old,98,19,117,TRUE,JPT2
P23284,Training_Old,46,73,119,FALSE,PPIB
P16118,Training_Old,75,58,133,TRUE,PFKFB1
P14672,Training_Old,83,41,124,TRUE,SLC2A4
P16615,Training_Old,337,35,372,TRUE,ATP2A2
P08708,Training_Old,39,113,152,FALSE,RPS17
P09211,Training_Old,340,40,380,TRUE,GSTP1
Q13508,Training_Old,31,101,132,FALSE,ART3
P46020,Training_Old,50,109,159,FALSE,PHKA1
P52758,Training_Old,565,86,651,TRUE,RIDA
P16152,Training_Old,105,64,169,TRUE,CBR1
Q10713,Training_Old,76,52,128,TRUE,PMPCA
P08865,Training_Old,56,129,185,TRUE,RPSA
P22392,Training_Old,290,38,328,TRUE,NME2
O14950,Training_Old,69,62,131,TRUE,MYL12B
Q99766,Training_Old,333,132,465,TRUE,DMAC2L
P61160,Training_Old,150,122,272,TRUE,ACTR2
P40121,Training_Old,92,69,161,TRUE,CAPG
Q9NQC3,Training_Old,516,32,548,TRUE,RTN4
Q13228,Training_Old,189,94,283,TRUE,SELENBP1
Q15056,Training_Old,332,132,464,TRUE,EIF4H
P50579,Training_Old,1051,138,1189,TRUE,METAP2
Q8IWX7,Training_Old,124,65,189,TRUE,UNC45B
Q9Y508,Training_Old,628,139,767,TRUE,RNF114
P39019,Training_Old,82,72,154,TRUE,RPS19
P08294,Training_Old,53,142,195,TRUE,SOD3
P61086,Training_Old,700,143,843,TRUE,UBE2K
Q9Y3Z3,Training_Old,119,144,263,TRUE,SAMHD1
Q16082,Training_Old,80,96,176,TRUE,HSPB2
Q93100,Training_Old,51,120,171,TRUE,PHKB
Q16773,Training_Old,274,147,421,TRUE,KYAT1
P62263,Training_Old,57,118,175,TRUE,RPS14
P62249,Training_Old,93,117,210,TRUE,RPS16
Q16775,Training_Old,217,96,313,TRUE,HAGH
Q13326,Training_Old,368,123,491,TRUE,SGCG
P30048,Training_Old,344,152,496,TRUE,PRDX3
P35579,Training_Old,137,85,222,TRUE,MYH9
P38646,Training_Old,249,154,403,TRUE,HSPA9
O95810,Training_Old,697,138,835,TRUE,CAVIN2
Q9H4A4,Training_Old,377,156,533,TRUE,RNPEP
P31150,Training_Old,783,157,940,TRUE,GDI1
Q9UBB4,Training_Old,94,64,158,TRUE,ATXN10
Q13976,Training_Old,104,149,253,TRUE,PRKG1
P62269,Training_Old,32,151,183,FALSE,RPS18
Q01995,Training_Old,88,73,161,TRUE,TAGLN
P49368,Training_Old,229,162,391,TRUE,CCT3
Q96HD1,Training_Old,133,70,203,TRUE,CRELD1
Q9Y4X5,Training_Old,442,144,586,TRUE,ARIH1
Q9NP97,Training_Old,65,101,166,TRUE,DYNLRB1
P37837,Training_Old,476,149,625,TRUE,TALDO1
Q96HE7,Training_Old,104,134,238,TRUE,ERO1A
Q9UHP9,Training_Old,91,161,252,TRUE,SMPX
Q02952,Training_Old,62,122,184,TRUE,AKAP12
Q01105,Training_Old,89,170,259,TRUE,SET
Q9H0N5,Training_Old,483,104,587,TRUE,PCBD2
P07203,Training_Old,695,125,820,TRUE,GPX1
P55042,Training_Old,99,74,173,TRUE,RRAD
Q99816,Training_Old,487,163,650,TRUE,TSG101
Q16816,Training_Old,138,175,313,TRUE,PHKG1
Q96C90,Training_Old,111,65,176,TRUE,PPP1R14B
P51692,Training_Old,943,177,1120,TRUE,STAT5B
Q16881,Training_Old,717,178,895,TRUE,TXNRD1
Q53H12,Training_Old,111,165,276,TRUE,AGK
P04632,Training_Old,301,180,481,TRUE,CAPNS1
P21291,Training_Old,150,84,234,TRUE,CSRP1
Q9NR31,Training_Old,397,89,486,TRUE,SAR1A
Q9H7C9,Training_Old,162,127,289,TRUE,AAMDC
Q96HC4,Training_Old,172,106,278,TRUE,PDLIM5
O76070,Training_Old,111,85,196,TRUE,SNCG
Q00839,Training_Old,492,186,678,TRUE,HNRNPU
Q9UL46,Training_Old,66,121,187,TRUE,PSME2
Q01518,Training_Old,68,125,193,TRUE,CAP1
Q92523,Training_Old,263,139,402,TRUE,CPT1B
P16219,Training_Old,87,142,229,TRUE,ACADS
Q6ZVM7,Training_Old,1061,164,1225,TRUE,TOM1L2
Q9BR76,Training_Old,253,67,320,TRUE,CORO1B
Q86X55,Training_Old,66,127,193,TRUE,CARM1
P07954,Training_Old,504,194,698,TRUE,FH
Q14254,Training_Old,115,80,195,TRUE,FLOT2
P07108,Training_Old,140,147,287,TRUE,DBI
P13667,Training_Old,92,105,197,TRUE,PDIA4
P34897,Training_Old,164,41,205,TRUE,SHMT2
P40227,Training_Old,205,199,404,TRUE,CCT6A
Q99541,Training_Old,58,142,200,TRUE,PLIN2
P51665,Training_Old,109,92,201,TRUE,PSMD7
P26447,Training_Old,139,99,238,TRUE,S100A4
P51553,Training_Old,73,159,232,TRUE,IDH3G
P30041,Training_Old,463,105,568,TRUE,PRDX6
P50990,Training_Old,285,205,490,TRUE,CCT8
Q7Z434,Training_Old,829,206,1035,TRUE,MAVS
O43414,Training_Old,281,207,488,TRUE,ERI3
O76003,Training_Old,50,192,242,FALSE,GLRX3
P50454,Training_Old,121,209,330,TRUE,SERPINH1
Q9H993,Training_Old,131,166,297,TRUE,ARMT1
Q16585,Training_Old,789,206,995,TRUE,SGCB
O75223,Training_Old,327,173,500,TRUE,GGCT
P62701,Training_Old,49,181,230,FALSE,RPS4X
P48163,Training_Old,429,192,621,TRUE,ME1
Q01844,Training_Old,520,192,712,TRUE,EWSR1
P62851,Training_Old,162,125,287,TRUE,RPS25
P62910,Training_Old,93,124,217,TRUE,RPL32
P62280,Training_Old,136,169,305,TRUE,RPS11
Q04446,Training_Old,118,156,274,TRUE,GBE1
Q04760,Training_Old,313,116,429,TRUE,GLO1
O75935,Training_Old,111,175,286,TRUE,DCTN3
P39656,Training_Old,751,222,973,TRUE,DDOST
Q9H299,Training_Old,116,107,223,TRUE,SH3BGRL3
Q9H477,Training_Old,464,222,686,TRUE,RBKS
Q13554,Training_Old,83,160,243,TRUE,CAMK2B
P62277,Training_Old,195,71,266,TRUE,RPS13
P04406,Training_Old,885,227,1112,TRUE,GAPDH
O95782,Training_Old,69,210,279,TRUE,AP2A1
P63244,Training_Old,66,214,280,TRUE,RACK1
O60888,Training_Old,111,119,230,TRUE,CUTA
P31943,Training_Old,102,216,318,TRUE,HNRNPH1
A3KMH1,Training_Old,140,92,232,TRUE,VWA8
Q9UPU5,Training_Old,158,160,318,TRUE,USP24
Q9NRX4,Training_Old,515,99,614,TRUE,PHPT1
Q96RP9,Training_Old,680,235,915,TRUE,GFM1
O00299,Training_Old,143,93,236,TRUE,CLIC1
P51636,Training_Old,161,118,279,TRUE,CAV2
P19367,Training_Old,278,238,516,TRUE,HK1
Q15435,Training_Old,238,211,449,TRUE,PPP1R7
Q14764,Training_Old,95,145,240,TRUE,MVP
Q96EY7,Training_Old,111,156,267,TRUE,PTCD3
P30101,Training_Old,95,242,337,TRUE,PDIA3
Q9Y5U8,Training_Old,217,180,397,TRUE,MPC1
P62829,Training_Old,106,150,256,TRUE,RPL23
Q9Y3I0,Training_Old,110,245,355,TRUE,RTCB
P52272,Training_Old,151,95,246,TRUE,HNRNPM
Q96DC8,Training_Old,104,226,330,TRUE,ECHDC3
Q8WW22,Training_Old,91,157,248,TRUE,DNAJA4
Q13683,Training_Old,785,249,1034,TRUE,ITGA7
Q9NRV9,Training_Old,74,187,261,TRUE,HEBP1
P55039,Training_Old,88,175,263,TRUE,DRG2
P62873,Training_Old,680,174,854,TRUE,GNB1
Q6IBS0,Training_Old,124,129,253,TRUE,TWF2
P62750,Training_Old,125,154,279,TRUE,RPL23A
Q9Y696,Training_Old,58,200,258,TRUE,CLIC4
Q86YB7,Training_Old,545,256,801,TRUE,ECHDC2
A5YM72,Training_Old,123,134,257,TRUE,CARNS1
Q9UBQ0,Training_Old,121,137,258,TRUE,VPS29
P60866,Training_Old,151,186,337,TRUE,RPS20
P14209,Training_Old,154,106,260,TRUE,CD99
P31415,Training_Old,427,197,624,TRUE,CASQ1
Q9UL25,Training_Old,698,262,960,TRUE,RAB21
Q9Y450,Training_Old,147,167,314,TRUE,HBS1L
Q9H2G2,Training_Old,130,201,331,TRUE,SLK
P26583,Training_Old,432,265,697,TRUE,HMGB2
P00352,Training_Old,260,178,438,TRUE,ALDH1A1
Q9UBF6,Training_Old,595,252,847,TRUE,RNF7
P62318,Training_Old,199,69,268,TRUE,SNRPD3
P01040,Training_Old,119,150,269,TRUE,CSTA
P25686,Training_Old,452,250,702,TRUE,DNAJB2
Q9NR19,Training_Old,777,271,1048,TRUE,ACSS2
P31751,Training_Old,83,189,272,TRUE,AKT2
P56134,Training_Old,185,196,381,TRUE,ATP5MF
Q13561,Training_Old,99,274,373,TRUE,DCTN2
Q5SQH8,Training_Old,224,51,275,TRUE,C6orf136
P00441,Training_Old,500,137,637,TRUE,SOD1
Q96K76,Training_Old,475,277,752,TRUE,USP47
Q99471,Training_Old,599,242,841,TRUE,PFDN5
O95479,Training_Old,660,279,939,TRUE,H6PD
Q14247,Training_Old,194,89,283,TRUE,CTTN
Q96FW1,Training_Old,983,281,1264,TRUE,OTUB1
Q04637,Training_Old,1105,282,1387,TRUE,EIF4G1
Q86VX2,Training_Old,444,283,727,TRUE,COMMD7
Q15582,Training_Old,247,246,493,TRUE,TGFBI
Q00G26,Training_Old,70,280,350,TRUE,PLIN5
Q9UM54,Training_Old,309,158,467,TRUE,MYO6
Q15286,Training_Old,212,75,287,TRUE,RAB35
O14929,Training_Old,167,121,288,TRUE,HAT1
P11532,Training_Old,535,155,690,TRUE,DMD
Q92747,Training_Old,768,290,1058,TRUE,ARPC1A
P50583,Training_Old,235,56,291,TRUE,NUDT2
P01834,Training_Old,209,199,408,TRUE,IGKC
P16298,Training_Old,323,293,616,TRUE,PPP3CB
Q9UGI8,Training_Old,103,191,294,TRUE,TES
P61163,Training_Old,155,295,450,TRUE,ACTR1A
P0DP23,Training_Old,520,129,649,TRUE,CALM1
Q9BRA2,Training_Old,112,185,297,TRUE,TXNDC17
Q702N8,Training_Old,211,134,345,TRUE,XIRP1
P46783,Training_Old,250,60,310,TRUE,RPS10
Q02338,Training_Old,194,288,482,TRUE,BDH1
Q16821,Training_Old,160,142,302,TRUE,PPP1R3A
Q99807,Training_Old,848,206,1054,TRUE,COQ7
Q9NS86,Training_Old,457,303,760,TRUE,LANCL2
Q9UJ70,Training_Old,52,260,312,TRUE,NAGK
P62879,Training_Old,782,305,1087,TRUE,GNB2
P68363,Training_Old,264,190,454,TRUE,TUBA1B
P40925,Training_Old,619,156,775,TRUE,MDH1
P06703,Training_Old,177,178,355,TRUE,S100A6
P56192,Training_Old,165,144,309,TRUE,MARS1
Q9NVS2,Training_Old,160,198,358,TRUE,MRPS18A
P27338,Training_Old,437,241,678,TRUE,MAOB
O14744,Training_Old,873,312,1185,TRUE,PRMT5
Q9UM00,Training_Old,483,286,769,TRUE,TMCO1
P13929,Training_Old,945,314,1259,TRUE,ENO3
P51687,Training_Old,535,291,826,TRUE,SUOX
P15531,Training_Old,74,313,387,TRUE,NME1
Q969M7,Training_Old,404,317,721,TRUE,UBE2F
O60684,Training_Old,33,294,327,FALSE,KPNA6
P22307,Training_Old,205,114,319,TRUE,SCP2
Q9NZA1,Training_Old,296,298,594,TRUE,CLIC5
P21333,Training_Old,231,192,423,TRUE,FLNA
P14618,Training_Old,952,222,1174,TRUE,PKM
P05556,Training_Old,1094,323,1417,TRUE,ITGB1
P35613,Training_Old,212,324,536,TRUE,BSG
P02786,Training_Old,137,194,331,TRUE,TFRC
Q9BZE9,Training_Old,371,286,657,TRUE,ASPSCR1
P49354,Training_Old,201,152,353,TRUE,FNTA
Q9Y277,Training_Old,259,240,499,TRUE,VDAC3
P41227,Training_Old,101,279,380,TRUE,NAA10
P07339,Training_Old,584,198,782,TRUE,CTSD
P30837,Training_Old,146,217,363,TRUE,ALDH1B1
P55769,Training_Old,594,331,925,TRUE,SNU13
P20810,Training_Old,209,179,388,TRUE,CAST
P20073,Training_Old,891,68,959,TRUE,ANXA7
Q9BYV7,Training_Old,143,284,427,TRUE,BCO2
Q14108,Training_Old,772,336,1108,TRUE,SCARB2
O14558,Training_Old,164,291,455,TRUE,HSPB6
Q9Y4L1,Training_Old,315,209,524,TRUE,HYOU1
Q14157,Training_Old,302,37,339,TRUE,UBAP2L
P55809,Training_Old,104,336,440,TRUE,OXCT1
O60884,Training_Old,194,316,510,TRUE,DNAJA2
P61020,Training_Old,651,342,993,TRUE,RAB5B
Q9UKX2,Training_Old,320,229,549,TRUE,MYH2
Q93008,Training_Old,176,168,344,TRUE,USP9X
Q13451,Training_Old,662,345,1007,TRUE,FKBP5
O95359,Training_Old,735,346,1081,TRUE,TACC2
P68036,Training_Old,824,291,1115,TRUE,UBE2L3
P01780,Training_Old,222,126,348,TRUE,IGHV3-7
Q8N0U4,Training_Old,132,287,419,TRUE,FAM185A
P61019,Training_Old,568,350,918,TRUE,RAB2A
P54619,Training_Old,91,351,442,TRUE,PRKAG1
P49189,Training_Old,359,217,576,TRUE,ALDH9A1
P24298,Training_Old,158,292,450,TRUE,GPT
Q92696,Training_Old,90,274,364,TRUE,RABGGTA
P68366,Training_Old,312,275,587,TRUE,TUBA4A
P00367,Training_Old,63,315,378,TRUE,GLUD1
Q99613,Training_Old,383,206,589,TRUE,EIF3C
Q9BVC6,Training_Old,176,347,523,TRUE,TMEM109
P46199,Training_Old,51,320,371,TRUE,MTIF2
P47985,Training_Old,538,339,877,TRUE,UQCRFS1
P52943,Training_Old,230,131,361,TRUE,CRIP2
Q0VDF9,Training_Old,280,170,450,TRUE,HSPA14
P35555,Training_Old,71,297,368,TRUE,FBN1
Q9HD33,Training_Old,682,364,1046,TRUE,MRPL47
Q9Y490,Training_Old,335,365,700,TRUE,TLN1
Q9Y5J7,Training_Old,143,223,366,TRUE,TIMM9
P23588,Training_Old,815,362,1177,TRUE,EIF4B
O96011,Training_Old,531,316,847,TRUE,PEX11B
Q13698,Training_Old,678,361,1039,TRUE,CACNA1S
Q9UQ80,Training_Old,150,298,448,TRUE,PA2G4
O75880,Training_Old,103,371,474,TRUE,SCO1
P62244,Training_Old,206,228,434,TRUE,RPS15A
P14625,Training_Old,295,373,668,TRUE,HSP90B1
P62913,Training_Old,235,139,374,TRUE,RPL11
P62081,Training_Old,316,59,375,TRUE,RPS7
Q9GZV1,Training_Old,214,262,476,TRUE,ANKRD2
Q01082,Training_Old,108,365,473,TRUE,SPTBN1
P52294,Training_Old,92,349,441,TRUE,KPNA1
Q08722,Training_Old,621,379,1000,TRUE,CD47
Q9NUU7,Training_Old,935,380,1315,TRUE,DDX19A
Q9UKS6,Training_Old,133,359,492,TRUE,PACSIN3
Q9NZB2,Training_Old,81,333,414,TRUE,FAM120A
P49840,Training_Old,394,383,777,TRUE,GSK3A
O95140,Training_Old,535,379,914,TRUE,MFN2
O75208,Training_Old,596,264,860,TRUE,COQ9
Q14204,Training_Old,107,385,492,TRUE,DYNC1H1
P05387,Training_Old,259,220,479,TRUE,RPLP2
O94903,Training_Old,874,382,1256,TRUE,PLPBP
O75339,Training_Old,247,142,389,TRUE,CILP
P38606,Training_Old,147,316,463,TRUE,ATP6V1A
P15104,Training_Old,377,377,754,TRUE,GLUL
Q5U5X0,Training_Old,191,381,572,TRUE,LYRM7
P46109,Training_Old,740,393,1133,TRUE,CRKL
Q9NZL4,Training_Old,530,394,924,TRUE,HSPBP1
O43865,Training_Old,88,307,395,TRUE,AHCYL1
Q15046,Training_Old,1065,360,1425,TRUE,KARS1
Q96DG6,Training_Old,141,284,425,TRUE,CMBL
P05976,Training_Old,524,145,669,TRUE,MYL1
Q969Q0,Training_Old,228,171,399,TRUE,RPL36AL
P21796,Training_Old,567,254,821,TRUE,VDAC1
Q9NQX3,Training_Old,483,387,870,TRUE,GPHN
P05023,Training_Old,367,352,719,TRUE,ATP1A1
P41250,Training_Old,709,403,1112,TRUE,GARS1
Q7Z6Z7,Training_Old,285,201,486,TRUE,HUWE1
P63010,Training_Old,95,310,405,TRUE,AP2B1
Q9UHD9,Training_Old,833,359,1192,TRUE,UBQLN2
P63279,Training_Old,363,402,765,TRUE,UBE2I
P26640,Training_Old,146,408,554,TRUE,VARS1
Q9Y676,Training_Old,149,260,409,TRUE,MRPS18B
O75369,Training_Old,295,249,544,TRUE,FLNB
Q9BQA1,Training_Old,527,411,938,TRUE,WDR77
O75298,Training_Old,674,163,837,TRUE,RTN2
Q58WW2,Training_Old,1023,413,1436,TRUE,DCAF6
P84103,Training_Old,72,361,433,TRUE,SRSF3
P31153,Training_Old,1176,415,1591,TRUE,MAT2A
P15088,Training_Old,155,408,563,TRUE,CPA3
P67936,Training_Old,210,207,417,TRUE,TPM4
Q8TCA0,Training_Old,387,268,655,TRUE,LRRC20
Q13643,Training_Old,135,299,434,TRUE,FHL3
P09104,Training_Old,638,420,1058,TRUE,ENO2
Q9BS26,Training_Old,138,323,461,TRUE,ERP44
P60468,Training_Old,269,250,519,TRUE,SEC61B
Q92973,Training_Old,197,226,423,TRUE,TNPO1
P12955,Training_Old,815,424,1239,TRUE,PEPD
Q16586,Training_Old,845,425,1270,TRUE,SGCA
Q9NVD7,Training_Old,522,370,892,TRUE,PARVA
Q9BV86,Training_Old,195,235,430,TRUE,NTMT1
Q99808,Training_Old,238,369,607,TRUE,SLC29A1
Q9BTV4,Training_Old,231,198,429,TRUE,TMEM43
P78371,Training_Old,316,430,746,TRUE,CCT2
P13639,Training_Old,612,431,1043,TRUE,EEF2
P09417,Training_Old,375,283,658,TRUE,QDPR
P07305,Training_Old,102,373,475,TRUE,H1-0
P26639,Training_Old,222,242,464,TRUE,TARS1
P61081,Training_Old,786,425,1211,TRUE,UBE2M
Q9BQE5,Training_Old,177,259,436,TRUE,APOL2
P26368,Training_Old,227,210,437,TRUE,U2AF2
Q16762,Training_Old,481,359,840,TRUE,TST
Q13642,Training_Old,1304,439,1743,TRUE,FHL1
Q96CM8,Training_Old,518,440,958,TRUE,ACSF2
P23396,Training_Old,243,410,653,TRUE,RPS3
P55060,Training_Old,931,372,1303,TRUE,CSE1L
P11171,Training_Old,214,229,443,TRUE,EPB41
P35749,Training_Old,208,236,444,TRUE,MYH11
P49585,Training_Old,907,445,1352,TRUE,PCYT1A
O15264,Training_Old,447,446,893,TRUE,MAPK13
Q9BUF5,Training_Old,269,178,447,TRUE,TUBB6
P01857,Training_Old,283,354,637,TRUE,IGHG1
O75439,Training_Old,164,308,472,TRUE,PMPCB
O60493,Training_Old,1135,450,1585,TRUE,SNX3
P12268,Training_Old,250,358,608,TRUE,IMPDH2
P51570,Training_Old,395,449,844,TRUE,GALK1
O95881,Training_Old,200,311,511,TRUE,TXNDC12
P21397,Training_Old,357,384,741,TRUE,MAOA
P42765,Training_Old,525,333,858,TRUE,ACAA2
P55290,Training_Old,388,421,809,TRUE,CDH13
Q00796,Training_Old,338,448,786,TRUE,SORD
P39059,Training_Old,371,119,490,TRUE,COL15A1
Q8NBN7,Training_Old,113,415,528,TRUE,RDH13
P30050,Training_Old,220,253,473,TRUE,RPL12
Q13885,Training_Old,206,461,667,TRUE,TUBB2A
P36873,Training_Old,301,422,723,TRUE,PPP1CC
Q9Y263,Training_Old,1292,463,1755,TRUE,PLAA
P61221,Training_Old,90,387,477,TRUE,ABCE1
O43708,Training_Old,721,465,1186,TRUE,GSTZ1
Q13283,Training_Old,244,239,483,TRUE,G3BP1
Q9BXB4,Training_Old,578,206,784,TRUE,OSBPL11
P00395,Training_Old,269,208,477,TRUE,MT-CO1
P23786,Training_Old,471,386,857,TRUE,CPT2
P52565,Training_Old,846,237,1083,TRUE,ARHGDIA
Q13685,Training_Old,377,102,479,TRUE,AAMP
Q14118,Training_Old,765,399,1164,TRUE,DAG1
P13797,Training_Old,152,321,473,TRUE,PLS3
Q9UBY9,Training_Old,302,366,668,TRUE,HSPB7
O00186,Training_Old,286,189,475,TRUE,STXBP3
Q86VF7,Training_Old,240,266,506,TRUE,NRAP
P05090,Training_Old,87,437,524,TRUE,APOD
P61088,Training_Old,217,323,540,TRUE,UBE2N
P62140,Training_Old,114,449,563,TRUE,PPP1CB
P42766,Training_Old,159,336,495,TRUE,RPL35
Q02878,Training_Old,241,248,489,TRUE,RPL6
Q9UHV9,Training_Old,750,465,1215,TRUE,PFDN2
P55786,Training_Old,646,248,894,TRUE,NPEPPS
P62070,Training_Old,706,484,1190,TRUE,RRAS2
P61158,Training_Old,101,424,525,TRUE,ACTR3
P55084,Training_Old,776,285,1061,TRUE,HADHB
Q8N3K9,Training_Old,535,335,870,TRUE,CMYA5
P02144,Training_Old,659,115,774,TRUE,MB
Q9UMX0,Training_Old,162,370,532,TRUE,UBQLN1
P07858,Training_Old,194,296,490,TRUE,CTSB
Q9H1E3,Training_Old,853,491,1344,TRUE,NUCKS1
P63167,Training_Old,680,393,1073,TRUE,DYNLL1
Q96HS1,Training_Old,137,493,630,TRUE,PGAM5
Q9HDC9,Training_Old,384,110,494,TRUE,APMAP
Q14444,Training_Old,293,219,512,TRUE,CAPRIN1
Q16836,Training_Old,643,329,972,TRUE,HADH
Q9NR50,Training_Old,272,227,499,TRUE,EIF2B3
Q99832,Training_Old,272,448,720,TRUE,CCT7
Q9UK41,Training_Old,1213,443,1656,TRUE,VPS28
Q14240,Training_Old,214,500,714,TRUE,EIF4A2
Q86UT6,Training_Old,874,501,1375,TRUE,NLRX1
Q9NWV4,Training_Old,531,379,910,TRUE,CZIB
P29992,Training_Old,699,503,1202,TRUE,GNA11
Q99598,Training_Old,491,489,980,TRUE,TSNAX
Q99497,Training_Old,889,281,1170,TRUE,PARK7
P0DOY3,Training_Old,369,240,609,TRUE,IGLC3
Q9BX66,Training_Old,239,351,590,TRUE,SORBS1
Q96MF2,Training_Old,378,405,783,TRUE,STAC3
P54296,Training_Old,173,377,550,TRUE,MYOM2
Q9BXI3,Training_Old,322,299,621,TRUE,NT5C1A
Q2TBA0,Training_Old,311,299,610,TRUE,KLHL40
Q92890,Training_Old,261,269,530,TRUE,UFD1
Q8NBX0,Training_Old,141,513,654,TRUE,SCCPDH
O00330,Training_Old,750,357,1107,TRUE,PDHX
Q5JTV8,Training_Old,248,503,751,TRUE,TOR1AIP1
P07355,Training_Old,456,312,768,TRUE,ANXA2
Q06323,Training_Old,199,382,581,TRUE,PSME1
P0CW19,Training_Old,360,158,518,TRUE,LIMS3
P30419,Training_Old,575,519,1094,TRUE,NMT1
Q9BPX5,Training_Old,123,398,521,TRUE,ARPC5L
Q9NUJ1,Training_Old,576,521,1097,TRUE,ABHD10
P68133,Training_Old,627,296,923,TRUE,ACTA1
Q8IW45,Training_Old,534,465,999,TRUE,NAXD
O14732,Training_Old,381,450,831,TRUE,IMPA2
P84098,Training_Old,289,290,579,TRUE,RPL19
P17987,Training_Old,111,492,603,TRUE,TCP1
Q0ZGT2,Training_Old,204,338,542,TRUE,NEXN
Q9UHY7,Training_Old,614,523,1137,TRUE,ENOPH1
Q13347,Training_Old,226,303,529,TRUE,EIF3I
Q9NVH6,Training_Old,355,175,530,TRUE,TMLHE
P09429,Training_Old,838,531,1369,TRUE,HMGB1
P46782,Training_Old,201,361,562,TRUE,RPS5
Q13098,Training_Old,1027,508,1535,TRUE,GPS1
P24752,Training_Old,756,358,1114,TRUE,ACAT1
Q9BYT8,Training_Old,221,314,535,TRUE,NLN
P23368,Training_Old,204,332,536,TRUE,ME2
O75891,Training_Old,355,522,877,TRUE,ALDH1L1
P61925,Training_Old,539,507,1046,TRUE,PKIA
P49841,Training_Old,328,222,550,TRUE,GSK3B
P43304,Training_Old,430,511,941,TRUE,GPD2
Q96DE0,Training_Old,808,541,1349,TRUE,NUDT16
P62241,Training_Old,251,300,551,TRUE,RPS8
P67870,Training_Old,248,295,543,TRUE,CSNK2B
P61970,Training_Old,684,302,986,TRUE,NUTF2
Q9H3K6,Training_Old,301,244,545,TRUE,BOLA2
P62072,Training_Old,686,542,1228,TRUE,TIMM10
P15090,Training_Old,505,302,807,TRUE,FABP4
O75874,Training_Old,925,410,1335,TRUE,IDH1
Q9UQM7,Training_Old,243,355,598,TRUE,CAMK2A
P01034,Training_Old,265,285,550,TRUE,CST3
P62136,Training_Old,167,522,689,TRUE,PPP1CA
P62328,Training_Old,389,163,552,TRUE,TMSB4X
P61077,Training_Old,489,407,896,TRUE,UBE2D3
P53778,Training_Old,454,554,1008,TRUE,MAPK12
P61586,Training_Old,968,307,1275,TRUE,RHOA
Q9UHQ9,Training_Old,728,289,1017,TRUE,CYB5R1
O95747,Training_Old,1123,513,1636,TRUE,OXSR1
Q8TB37,Training_Old,125,460,585,TRUE,NUBPL
Q8N3L3,Training_Old,951,559,1510,TRUE,TXLNB
Q9H0P0,Training_Old,740,348,1088,TRUE,NT5C3A
P0DOY2,Training_Old,252,443,695,TRUE,IGLC2
P42704,Training_Old,290,451,741,TRUE,LRPPRC
Q5VYK3,Training_Old,1207,563,1770,TRUE,ECPAS
P41567,Training_Old,611,564,1175,TRUE,EIF1
P06744,Training_Old,960,556,1516,TRUE,GPI
P82909,Training_Old,323,513,836,TRUE,MRPS36
P14923,Training_Old,322,269,591,TRUE,JUP
Q9BXW6,Training_Old,362,270,632,TRUE,OSBPL1A
P14866,Training_Old,193,421,614,TRUE,HNRNPL
Q07065,Training_Old,97,565,662,TRUE,CKAP4
Q9NRN7,Training_Old,526,571,1097,TRUE,AASDHPPT
Q96L96,Training_Old,275,297,572,TRUE,ALPK3
P16157,Training_Old,337,246,583,TRUE,ANK1
P31949,Training_Old,198,376,574,TRUE,S100A11
O95817,Training_Old,415,349,764,TRUE,BAG3
Q10589,Training_Old,508,576,1084,TRUE,BST2
O60763,Training_Old,772,464,1236,TRUE,USO1
P50416,Training_Old,197,460,657,TRUE,CPT1A
P03905,Training_Old,233,537,770,TRUE,MT-ND4
P07602,Training_Old,396,381,777,TRUE,PSAP
P11216,Training_Old,535,253,788,TRUE,PYGB
P30622,Training_Old,763,582,1345,TRUE,CLIP1
P11217,Training_Old,583,229,812,TRUE,PYGM
P17174,Training_Old,614,417,1031,TRUE,GOT1
O00629,Training_Old,288,585,873,TRUE,KPNA4
O75531,Training_Old,366,360,726,TRUE,BANF1
Q9UHD8,Training_Old,767,587,1354,TRUE,SEPTIN9
Q8TDC0,Training_Old,252,371,623,TRUE,MYOZ3
Q9Y266,Training_Old,1244,589,1833,TRUE,NUDC
Q14914,Training_Old,288,306,594,TRUE,PTGR1
Q07866,Training_Old,278,329,607,TRUE,KLC1
P25311,Training_Old,325,580,905,TRUE,AZGP1
Q9H1E5,Training_Old,1116,593,1709,TRUE,TMX4
P04083,Training_Old,228,418,646,TRUE,ANXA1
O14880,Training_Old,380,426,806,TRUE,MGST3
P17980,Training_Old,264,596,860,TRUE,PSMC3
Q15848,Training_Old,651,588,1239,TRUE,ADIPOQ
Q9HBH5,Training_Old,322,305,627,TRUE,RDH14
Q9Y6H1,Training_Old,309,345,654,TRUE,CHCHD2
P15374,Training_Old,404,277,681,TRUE,UCHL3
Q16595,Training_Old,596,593,1189,TRUE,FXN
Q04759,Training_Old,1380,602,1982,TRUE,PRKCQ
P09874,Training_Old,185,425,610,TRUE,PARP1
P46926,Training_Old,760,558,1318,TRUE,GNPDA1
Q01469,Training_Old,464,480,944,TRUE,FABP5
Q9GZT8,Training_Old,776,570,1346,TRUE,NIF3L1
Q9Y371,Training_Old,719,607,1326,TRUE,SH3GLB1
O60271,Training_Old,379,577,956,TRUE,SPAG9
P0DMV8,Training_Old,654,275,929,TRUE,HSPA1A
P35241,Training_Old,916,548,1464,TRUE,RDX
P34896,Training_Old,230,611,841,TRUE,SHMT1
Q6IQ26,Training_Old,266,573,839,TRUE,DENND5A
O43169,Training_Old,309,589,898,TRUE,CYB5B
O14924,Training_Old,171,613,784,TRUE,RGS12
P27361,Training_Old,538,615,1153,TRUE,MAPK3
P60228,Training_Old,147,484,631,TRUE,EIF3E
P23381,Training_Old,702,518,1220,TRUE,WARS1
O60784,Training_Old,631,517,1148,TRUE,TOM1
Q14315,Training_Old,349,474,823,TRUE,FLNC
P18124,Training_Old,312,396,708,TRUE,RPL7
Q96FQ6,Training_Old,220,408,628,TRUE,S100A16
P01019,Training_Old,514,622,1136,TRUE,AGT
P46459,Training_Old,323,317,640,TRUE,NSF
P50502,Training_Old,1053,290,1343,TRUE,ST13
P15121,Training_Old,823,320,1143,TRUE,AKR1B1
Q9Y5J9,Training_Old,420,260,680,TRUE,TIMM8B
O95292,Training_Old,859,390,1249,TRUE,VAPB
Q15392,Training_Old,487,173,660,TRUE,DHCR24
P47897,Training_Old,293,569,862,TRUE,QARS1
Q9NVE7,Training_Old,868,630,1498,TRUE,PANK4
P62857,Training_Old,240,424,664,TRUE,RPS28
Q9NQ88,Training_Old,234,598,832,TRUE,TIGAR
O94979,Training_Old,89,583,672,TRUE,SEC31A
O15239,Training_Old,224,448,672,TRUE,NDUFA1
P62495,Training_Old,263,372,635,TRUE,ETF1
Q16181,Training_Old,276,360,636,TRUE,SEPTIN7
Q8N8N7,Training_Old,432,515,947,TRUE,PTGR2
Q6P4A7,Training_Old,245,420,665,TRUE,SFXN4
P60602,Training_Old,557,639,1196,TRUE,ROMO1
P49755,Training_Old,809,630,1439,TRUE,TMED10
P24844,Training_Old,163,494,657,TRUE,MYL9
A0A0U1RRL7,Training_Old,165,632,797,TRUE,MMP24OS
P35606,Training_Old,423,220,643,TRUE,COPB2
P61758,Training_Old,1045,415,1460,TRUE,VBP1
O95425,Training_Old,395,645,1040,TRUE,SVIL
Q13162,Training_Old,306,364,670,TRUE,PRDX4
O43390,Training_Old,232,419,651,TRUE,HNRNPR
Q8IUZ5,Training_Old,420,648,1068,TRUE,PHYKPL
Q15149,Training_Old,323,488,811,TRUE,PLEC
O43747,Training_Old,412,251,663,TRUE,AP1G1
P60660,Training_Old,740,255,995,TRUE,MYL6
P06702,Training_Old,264,426,690,TRUE,S100A9
Q9BQ69,Training_Old,671,432,1103,TRUE,MACROD1
P19971,Training_Old,340,335,675,TRUE,TYMP
Q6IQ22,Training_Old,865,655,1520,TRUE,RAB12
P06733,Training_Old,851,656,1507,TRUE,ENO1
Q6ZMU5,Training_Old,750,657,1407,TRUE,TRIM72
O94874,Training_Old,1069,658,1727,TRUE,UFL1
Q9H2S6,Training_Old,216,537,753,TRUE,TNMD
O00231,Training_Old,208,660,868,TRUE,PSMD11
O95989,Training_Old,717,661,1378,TRUE,NUDT3
Q96CX2,Training_Old,356,306,662,TRUE,KCTD12
Q7Z2W9,Training_Old,176,623,799,TRUE,MRPL21
Q9Y2J8,Training_Old,437,615,1052,TRUE,PADI2
P60981,Training_Old,215,518,733,TRUE,DSTN
P78344,Training_Old,1456,666,2122,TRUE,EIF4G2
P68402,Training_Old,458,209,667,TRUE,PAFAH1B2
Q7Z4H3,Training_Old,965,668,1633,TRUE,HDDC2
Q96AE4,Training_Old,1181,669,1850,TRUE,FUBP1
P21399,Training_Old,842,633,1475,TRUE,ACO1
Q04917,Training_Old,229,671,900,TRUE,YWHAH
P61803,Training_Old,873,664,1537,TRUE,DAD1
O75083,Training_Old,546,574,1120,TRUE,WDR1
Q96PU8,Training_Old,440,234,674,TRUE,QKI
Q0VDG4,Training_Old,579,662,1241,TRUE,SCRN3
P52566,Training_Old,680,676,1356,TRUE,ARHGDIB
P05388,Training_Old,350,400,750,TRUE,RPLP0
Q13126,Training_Old,756,678,1434,TRUE,MTAP
P62917,Training_Old,229,502,731,TRUE,RPL8
Q9Y237,Training_Old,774,680,1454,TRUE,PIN4
P82675,Training_Old,163,568,731,TRUE,MRPS5
P23526,Training_Old,1044,375,1419,TRUE,AHCY
Q53FT3,Training_Old,330,368,698,TRUE,HIKESHI
P18621,Training_Old,267,468,735,TRUE,RPL17
P42126,Training_Old,861,470,1331,TRUE,ECI1
Q9UBF9,Training_Old,441,434,875,TRUE,MYOT
P08670,Training_Old,533,427,960,TRUE,VIM
Q9BS40,Training_Old,429,259,688,TRUE,LXN
A1L4K1,Training_Old,489,215,704,TRUE,FSD2
Q9Y235,Training_Old,436,494,930,TRUE,APOBEC2
Q92616,Training_Old,381,410,791,TRUE,GCN1
P60709,Training_Old,617,567,1184,TRUE,ACTB
Q9UHX1,Training_Old,1426,693,2119,TRUE,PUF60
P34949,Training_Old,792,570,1362,TRUE,MPI
Q8N3D4,Training_Old,264,480,744,TRUE,EHBP1L1
P63302,Training_Old,231,696,927,TRUE,SELENOW
P30566,Training_Old,649,545,1194,TRUE,ADSL
Q15942,Training_Old,451,247,698,TRUE,ZYX
Q6UWP2,Training_Old,227,479,706,TRUE,DHRS11
Q13619,Training_Old,1383,700,2083,TRUE,CUL4A
P62979,Training_Old,162,557,719,TRUE,RPS27A
Q96CV9,Training_Old,777,702,1479,TRUE,OPTN
Q86Y39,Training_Old,177,638,815,TRUE,NDUFA11
E9PAV3,Training_Old,696,540,1236,TRUE,NACA
P09488,Training_Old,314,464,778,TRUE,GSTM1
Q9UJZ1,Training_Old,197,509,706,TRUE,STOML2
O95394,Training_Old,809,707,1516,TRUE,PGM3
O00159,Training_Old,597,708,1305,TRUE,MYO1C
P08133,Training_Old,737,709,1446,TRUE,ANXA6
Q13409,Training_Old,161,615,776,TRUE,DYNC1I2
Q9NQR4,Training_Old,1205,711,1916,TRUE,NIT2
Q01085,Training_Old,324,388,712,TRUE,TIAL1
Q9HCP6,Training_Old,187,626,813,TRUE,HHATL
Q04837,Training_Old,299,528,827,TRUE,SSBP1
O96005,Training_Old,214,621,835,TRUE,CLPTM1
Q9BYD1,Training_Old,237,519,756,TRUE,MRPL13
O75131,Training_Old,1157,717,1874,TRUE,CPNE3
O15173,Training_Old,618,707,1325,TRUE,PGRMC2
P11021,Training_Old,496,719,1215,TRUE,HSPA5
Q00059,Training_Old,611,690,1301,TRUE,TFAM
P00846,Training_Old,423,564,987,TRUE,MT-ATP6
P35237,Training_Old,356,453,809,TRUE,SERPINB6
Q9BYD3,Training_Old,371,352,723,TRUE,MRPL4
P10109,Training_Old,329,724,1053,TRUE,FDX1
P36507,Training_Old,1319,725,2044,TRUE,MAP2K2
Q99757,Training_Old,312,414,726,TRUE,TXN2
Q96CT7,Training_Old,380,347,727,TRUE,CCDC124
P49748,Training_Old,770,509,1279,TRUE,ACADVL
P41236,Training_Old,736,729,1465,TRUE,PPP1R2
Q9P032,Training_Old,344,386,730,TRUE,NDUFAF4
P61978,Training_Old,945,704,1649,TRUE,HNRNPK
Q9BRX8,Training_Old,381,732,1113,TRUE,PRXL2A
Q7Z4W1,Training_Old,516,663,1179,TRUE,DCXR
P10606,Training_Old,656,601,1257,TRUE,COX5B
P63173,Training_Old,531,204,735,TRUE,RPL38
Q14195,Training_Old,420,710,1130,TRUE,DPYSL3
P29218,Training_Old,1074,576,1650,TRUE,IMPA1
P29966,Training_Old,243,495,738,TRUE,MARCKS
P18206,Training_Old,686,739,1425,TRUE,VCL
Q00577,Training_Old,950,740,1690,TRUE,PURA
Q8NBU5,Training_Old,324,417,741,TRUE,ATAD1
P03915,Training_Old,341,529,870,TRUE,MT-ND5
Q13501,Training_Old,423,416,839,TRUE,SQSTM1
Q9UHG3,Training_Old,666,546,1212,TRUE,PCYOX1
Q9Y3B7,Training_Old,344,481,825,TRUE,MRPL11
O75122,Training_Old,451,746,1197,TRUE,CLASP2
P07741,Training_Old,339,526,865,TRUE,APRT
Q8N5M9,Training_Old,850,700,1550,TRUE,JAGN1
Q9H061,Training_Old,808,721,1529,TRUE,TMEM126A
Q9NSE4,Training_Old,189,608,797,TRUE,IARS2
P06576,Training_Old,939,751,1690,TRUE,ATP5F1B
P35609,Training_Old,353,507,860,TRUE,ACTN2
Q93034,Training_Old,1015,648,1663,TRUE,CUL5
P46781,Training_Old,409,439,848,TRUE,RPS9
P13489,Training_Old,706,472,1178,TRUE,RNH1
Q6NVY1,Training_Old,559,454,1013,TRUE,HIBCH
Q9NVS9,Training_Old,399,740,1139,TRUE,PNPO
P05783,Training_Old,459,477,936,TRUE,KRT18
P63098,Training_Old,493,759,1252,TRUE,PPP3R1
P05198,Training_Old,311,694,1005,TRUE,EIF2S1
Q9Y5L4,Training_Old,233,537,770,TRUE,TIMM13
Q9Y5Z4,Training_Old,538,531,1069,TRUE,HEBP2
P27694,Training_Old,933,761,1694,TRUE,RPA1
O75928,Training_Old,452,647,1099,TRUE,PIAS2
P28074,Training_Old,784,615,1399,TRUE,PSMB5
P36578,Training_Old,338,435,773,TRUE,RPL4
L0R6Q1,Training_Old,539,228,767,TRUE,SLC35A4
O60313,Training_Old,279,593,872,TRUE,OPA1
P13807,Training_Old,588,614,1202,TRUE,GYS1
Q05682,Training_Old,439,385,824,TRUE,CALD1
Q9BZV1,Training_Old,490,291,781,TRUE,UBXN6
Q13200,Training_Old,227,685,912,TRUE,PSMD2
P98095,Training_Old,282,491,773,TRUE,FBLN2
Q99873,Training_Old,1091,774,1865,TRUE,PRMT1
P05413,Training_Old,315,475,790,TRUE,FABP3
P14406,Training_Old,475,435,910,TRUE,COX7A2
P31939,Training_Old,433,552,985,TRUE,ATIC
Q8TCS8,Training_Old,522,778,1300,TRUE,PNPT1
P25789,Training_Old,384,779,1163,TRUE,PSMA4
Q9HC38,Training_Old,944,762,1706,TRUE,GLOD4
P30044,Training_Old,916,484,1400,TRUE,PRDX5
P43897,Training_Old,347,449,796,TRUE,TSFM
Q9Y3D6,Training_Old,401,661,1062,TRUE,FIS1
Q16186,Training_Old,1060,768,1828,TRUE,ADRM1
Q9UK76,Training_Old,313,472,785,TRUE,JPT1
P20472,Training_Old,341,445,786,TRUE,PVALB
Q9H223,Training_Old,158,691,849,TRUE,EHD4
O60936,Training_Old,523,739,1262,TRUE,NOL3
Q9P003,Training_Old,253,536,789,TRUE,CNIH4
P14735,Training_Old,375,415,790,TRUE,IDE
Q9BX68,Training_Old,145,717,862,TRUE,HINT2
P40429,Training_Old,359,573,932,TRUE,RPL13A
Q9NY65,Training_Old,404,482,886,TRUE,TUBA8
Q96A33,Training_Old,455,444,899,TRUE,CCDC47
P09493,Training_Old,714,373,1087,TRUE,TPM1
A6NNS2,Training_Old,526,765,1291,TRUE,DHRS7C
Q14353,Training_Old,544,594,1138,TRUE,GAMT
Q14203,Training_Old,141,683,824,TRUE,DCTN1
Q8NCW5,Training_Old,917,597,1514,TRUE,NAXE
Q5VU43,Training_Old,368,644,1012,TRUE,PDE4DIP
Q96HY6,Training_Old,389,412,801,TRUE,DDRGK1
P00167,Training_Old,512,800,1312,TRUE,CYB5A
Q92945,Training_Old,864,773,1637,TRUE,KHSRP
P11766,Training_Old,608,543,1151,TRUE,ADH5
P05026,Training_Old,638,503,1141,TRUE,ATP1B1
P51572,Training_Old,369,617,986,TRUE,BCAP31
Q9NRG7,Training_Old,312,798,1110,TRUE,SDR39U1
P45378,Training_Old,730,325,1055,TRUE,TNNT3
P29401,Training_Old,478,331,809,TRUE,TKT
O14841,Training_Old,1152,810,1962,TRUE,OPLAH
P50395,Training_Old,1199,433,1632,TRUE,GDI2
P62333,Training_Old,346,768,1114,TRUE,PSMC6
P53985,Training_Old,344,639,983,TRUE,SLC16A1
Q8N3V7,Training_Old,427,806,1233,TRUE,SYNPO
P60520,Training_Old,815,815,1630,TRUE,GABARAPL2
Q96RQ3,Training_Old,425,816,1241,TRUE,MCCC1
Q9Y262,Training_Old,272,545,817,TRUE,EIF3L
P28838,Training_Old,200,695,895,TRUE,LAP3
Q15555,Training_Old,877,819,1696,TRUE,MAPRE2
O43741,Training_Old,256,564,820,TRUE,PRKAB2
P46977,Training_Old,1196,718,1914,TRUE,STT3A
P01911,Training_Old,206,807,1013,TRUE,HLA-DRB1
P02585,Training_Old,857,256,1113,TRUE,TNNC2
Q07021,Training_Old,615,562,1177,TRUE,C1QBP
P09913,Training_Old,410,586,996,TRUE,IFIT2
Q9BRX2,Training_Old,463,407,870,TRUE,PELO
Q9P0J1,Training_Old,107,805,912,TRUE,PDP1
Q8WUY1,Training_Old,1289,759,2048,TRUE,THEM6
A0FGR8,Training_Old,569,319,888,TRUE,ESYT2
P30040,Training_Old,468,362,830,TRUE,ERP29
P46379,Training_Old,854,831,1685,TRUE,BAG6
P15311,Training_Old,300,532,832,TRUE,EZR
P63027,Training_Old,379,641,1020,TRUE,VAMP2
Q6UW68,Training_Old,607,732,1339,TRUE,TMEM205
P11441,Training_Old,809,699,1508,TRUE,UBL4A
Q9H8M1,Training_Old,494,793,1287,TRUE,COQ10B
P48788,Training_Old,597,470,1067,TRUE,TNNI2
P24539,Training_Old,829,575,1404,TRUE,ATP5PB
P13804,Training_Old,681,643,1324,TRUE,ETFA
P35998,Training_Old,453,793,1246,TRUE,PSMC2
P20020,Training_Old,479,756,1235,TRUE,ATP2B1
P07384,Training_Old,1298,565,1863,TRUE,CAPN1
Q9UNH7,Training_Old,1245,843,2088,TRUE,SNX6
Q13813,Training_Old,293,551,844,TRUE,SPTAN1
P27797,Training_Old,1331,792,2123,TRUE,CALR
Q03154,Training_Old,352,494,846,TRUE,ACY1
Q9BYD6,Training_Old,288,755,1043,TRUE,MRPL1
Q15366,Training_Old,476,441,917,TRUE,PCBP2
P09601,Training_Old,131,740,871,TRUE,HMOX1
P51114,Training_Old,325,544,869,TRUE,FXR1
Q96C86,Training_Old,960,791,1751,TRUE,DCPS
Q6YN16,Training_Old,905,660,1565,TRUE,HSDL2
Q9NPC6,Training_Old,264,594,858,TRUE,MYOZ2
Q9NR56,Training_Old,543,311,854,TRUE,MBNL1
P20807,Training_Old,428,471,899,TRUE,CAPN3
Q15691,Training_Old,271,585,856,TRUE,MAPRE1
Q9BPW8,Training_Old,157,841,998,TRUE,NIPSNAP1
Q12805,Training_Old,220,725,945,TRUE,EFEMP1
P60903,Training_Old,360,609,969,TRUE,S100A10
Q9P0P0,Training_Old,245,732,977,TRUE,RNF181
O75764,Training_Old,632,260,892,TRUE,TCEA3
Q9BUB7,Training_Old,107,782,889,TRUE,TMEM70
Q15006,Training_Old,484,436,920,TRUE,EMC2
Q9BTE1,Training_Old,396,857,1253,TRUE,DCTN5
Q08752,Training_Old,211,735,946,TRUE,PPID
P51571,Training_Old,1072,740,1812,TRUE,SSR4
Q00325,Training_Old,624,867,1491,TRUE,SLC25A3
P51884,Training_Old,530,588,1118,TRUE,LUM
P43686,Training_Old,357,582,939,TRUE,PSMC4
Q13404,Training_Old,639,757,1396,TRUE,UBE2V1
O43143,Training_Old,1324,752,2076,TRUE,DHX15
P13473,Training_Old,469,771,1240,TRUE,LAMP2
Q9BR39,Training_Old,802,808,1610,TRUE,JPH2
P54577,Training_Old,485,389,874,TRUE,YARS1
P61457,Training_Old,878,666,1544,TRUE,PCBD1
P45985,Training_Old,659,217,876,TRUE,MAP2K4
Q9NTK5,Training_Old,1158,487,1645,TRUE,OLA1
Q6JBY9,Training_Old,879,878,1757,TRUE,RCSD1
P35754,Training_Old,151,785,936,TRUE,GLRX
Q9Y678,Training_Old,425,455,880,TRUE,COPG1
P63000,Training_Old,1179,712,1891,TRUE,RAC1
P51991,Training_Old,558,324,882,TRUE,HNRNPA3
P13010,Training_Old,1163,883,2046,TRUE,XRCC5
O15400,Training_Old,597,563,1160,TRUE,STX7
P08238,Training_Old,583,864,1447,TRUE,HSP90AB1
Q96GG9,Training_Old,593,325,918,TRUE,DCUN1D1
Q8NI60,Training_Old,768,647,1415,TRUE,COQ8A
Q6IAN0,Training_Old,605,874,1479,TRUE,DHRS7B
P40939,Training_Old,943,538,1481,TRUE,HADHA
Q8NDH3,Training_Old,189,704,893,TRUE,NPEPL1
P45974,Training_Old,381,558,939,TRUE,USP5
P78356,Training_Old,1291,794,2085,TRUE,PIP4K2B
Q9NSD9,Training_Old,462,654,1116,TRUE,FARSB
Q15436,Training_Old,377,517,894,TRUE,SEC23A
Q02388,Training_Old,207,894,1101,TRUE,COL7A1
P82663,Training_Old,386,520,906,TRUE,MRPS25
P01591,Training_Old,262,864,1126,TRUE,JCHAIN
O43374,Training_Old,723,898,1621,TRUE,RASA4
P54920,Training_Old,1493,392,1885,TRUE,NAPA
P60953,Training_Old,889,754,1643,TRUE,CDC42
Q96RK4,Training_Old,408,778,1186,TRUE,BBS4
P12111,Training_Old,401,501,902,TRUE,COL6A3
P08651,Training_Old,1162,903,2065,TRUE,NFIC
P36405,Training_Old,514,394,908,TRUE,ARL3
P18859,Training_Old,722,728,1450,TRUE,ATP5PF
O43707,Training_Old,380,656,1036,TRUE,ACTN4
Q9UPY8,Training_Old,544,363,907,TRUE,MAPRE3
Q9NZ08,Training_Old,331,598,929,TRUE,ERAP1
Q96S66,Training_Old,920,875,1795,TRUE,CLCC1
Q02221,Training_Old,311,817,1128,TRUE,COX6A2
Q9Y5X3,Training_Old,320,904,1224,TRUE,SNX5
O95721,Training_Old,562,697,1259,TRUE,SNAP29
O60825,Training_Old,431,525,956,TRUE,PFKFB2
P62899,Training_Old,468,446,914,TRUE,RPL31
P51858,Training_Old,925,915,1840,TRUE,HDGF
O75923,Training_Old,552,744,1296,TRUE,DYSF
Q96GD0,Training_Old,591,795,1386,TRUE,PDXP
Q86V88,Training_Old,799,918,1717,TRUE,MDP1
Q9BYD2,Training_Old,348,637,985,TRUE,MRPL9
P02753,Training_Old,207,752,959,TRUE,RBP4
P12883,Training_Old,548,685,1233,TRUE,MYH7
P53990,Training_Old,432,490,922,TRUE,IST1
O14980,Training_Old,1167,923,2090,TRUE,XPO1
Q9UBQ5,Training_Old,587,544,1131,TRUE,EIF3K
P09467,Training_Old,224,788,1012,TRUE,FBP1
O00764,Training_Old,1134,924,2058,TRUE,PDXK
P13164,Training_Old,879,842,1721,TRUE,IFITM1
Q9BSJ8,Training_Old,417,815,1232,TRUE,ESYT1
P23142,Training_Old,651,929,1580,TRUE,FBLN1
P50225,Training_Old,497,930,1427,TRUE,SULT1A1
P61956,Training_Old,435,496,931,TRUE,SUMO2
P02461,Training_Old,364,568,932,TRUE,COL3A1
Q86SX6,Training_Old,473,933,1406,TRUE,GLRX5
Q99417,Training_Old,624,409,1033,TRUE,MYCBP
P07951,Training_Old,874,309,1183,TRUE,TPM2
P05109,Training_Old,320,638,958,TRUE,S100A8
Q92499,Training_Old,253,773,1026,TRUE,DDX1
Q9Y2S6,Training_Old,729,794,1523,TRUE,TMA7
P21281,Training_Old,1006,939,1945,TRUE,ATP6V1B2
P01859,Training_Old,485,663,1148,TRUE,IGHG2
O75306,Training_Old,709,610,1319,TRUE,NDUFS2
Q96IU4,Training_Old,830,745,1575,TRUE,ABHD14B
Q12849,Training_Old,204,894,1098,TRUE,GRSF1
Q12988,Training_Old,457,498,955,TRUE,HSPB3
P62993,Training_Old,291,674,965,TRUE,GRB2
O15372,Training_Old,428,880,1308,TRUE,EIF3H
P23434,Training_Old,776,947,1723,TRUE,GCSH
Q9Y3A5,Training_Old,527,652,1179,TRUE,SBDS
P61960,Training_Old,531,949,1480,TRUE,UFM1
P03897,Training_Old,378,896,1274,TRUE,MT-ND3
P03891,Training_Old,444,553,997,TRUE,MT-ND2
Q5TGZ0,Training_Old,188,888,1076,TRUE,MICOS10
P12277,Training_Old,876,431,1307,TRUE,CKB
Q9Y5K5,Training_Old,626,328,954,TRUE,UCHL5
P11055,Training_Old,144,811,955,TRUE,MYH3
Q9Y394,Training_Old,497,831,1328,TRUE,DHRS7
Q9BSL1,Training_Old,230,745,975,TRUE,UBAC1
P06732,Training_Old,1308,339,1647,TRUE,CKM
P46779,Training_Old,413,546,959,TRUE,RPL28
Q9Y2Q3,Training_Old,392,673,1065,TRUE,GSTK1
Q99487,Training_Old,626,913,1539,TRUE,PAFAH2
Q6UXV4,Training_Old,851,807,1658,TRUE,APOOL
Q6P1N9,Training_Old,714,963,1677,TRUE,TATDN1
P48637,Training_Old,780,948,1728,TRUE,GSS
O43396,Training_Old,378,668,1046,TRUE,TXNL1
P17152,Training_Old,657,644,1301,TRUE,TMEM11
O75128,Training_Old,700,267,967,TRUE,COBL
O43765,Training_Old,1037,793,1830,TRUE,SGTA
P56556,Training_Old,668,571,1239,TRUE,NDUFA6
P32119,Training_Old,928,970,1898,TRUE,PRDX2
P31942,Training_Old,609,967,1576,TRUE,HNRNPH3
P12694,Training_Old,556,972,1528,TRUE,BCKDHA
Q00610,Training_Old,307,698,1005,TRUE,CLTC
P47914,Training_Old,460,514,974,TRUE,RPL29
Q9H444,Training_Old,270,711,981,TRUE,CHMP4B
Q9NTJ4,Training_Old,385,808,1193,TRUE,MAN2C1
P51812,Training_Old,501,488,989,TRUE,RPS6KA3
Q9BRG1,Training_Old,373,978,1351,TRUE,VPS25
Q5TAQ9,Training_Old,526,515,1041,TRUE,DCAF8
P53384,Training_Old,391,624,1015,TRUE,NUBP1
Q9C0C9,Training_Old,271,710,981,TRUE,UBE2O
Q15642,Training_Old,1064,982,2046,TRUE,TRIP10
Q9UJS0,Training_Old,521,952,1473,TRUE,SLC25A13
P26373,Training_Old,425,559,984,TRUE,RPL13
P54289,Training_Old,1013,656,1669,TRUE,CACNA2D1
Q8IWL3,Training_Old,200,812,1012,TRUE,HSCB
P49591,Training_Old,514,473,987,TRUE,SARS1
Q9NPF4,Training_Old,669,392,1061,TRUE,OSGEP
Q15404,Training_Old,839,989,1828,TRUE,RSU1
Q9Y305,Training_Old,258,753,1011,TRUE,ACOT9
P14927,Training_Old,706,990,1696,TRUE,UQCRB
Q5SSJ5,Training_Old,660,541,1201,TRUE,HP1BP3
Q5HYI8,Training_Old,978,953,1931,TRUE,RABL3
P10599,Training_Old,822,550,1372,TRUE,TXN
Q14558,Training_Old,813,954,1767,TRUE,PRPSAP1
O95299,Training_Old,723,643,1366,TRUE,NDUFA10
Q6IPR1,Training_Old,686,996,1682,TRUE,ETFRF1
Q96EY1,Training_Old,554,984,1538,TRUE,DNAJA3
Q9BXW7,Training_Old,293,706,999,TRUE,HDHD5
Q13425,Training_Old,912,802,1714,TRUE,SNTB2
Q02790,Training_Old,806,1000,1806,TRUE,FKBP4
Q9NS69,Training_Old,537,465,1002,TRUE,TOMM22
O75663,Training_Old,371,632,1003,TRUE,TIPRL
P06730,Training_Old,999,1004,2003,TRUE,EIF4E
Q9NP72,Training_Old,1016,1005,2021,TRUE,RAB18
O60506,Training_Old,888,1006,1894,TRUE,SYNCRIP
Q15121,Training_Old,1082,1007,2089,TRUE,PEA15
Q9NZ45,Training_Old,646,1003,1649,TRUE,CISD1
O15533,Training_Old,765,1009,1774,TRUE,TAPBP
P27695,Training_Old,279,731,1010,TRUE,APEX1
P62258,Training_Old,1317,296,1613,TRUE,YWHAE
Q4G0N4,Training_Old,561,919,1480,TRUE,NADK2
P14854,Training_Old,715,759,1474,TRUE,COX6B1
Q66K66,Training_Old,239,775,1014,TRUE,TMEM198
Q15714,Training_Old,443,1015,1458,TRUE,TSC22D1
P11310,Training_Old,639,790,1429,TRUE,ACADM
Q8N766,Training_Old,622,456,1078,TRUE,EMC1
Q14152,Training_Old,307,766,1073,TRUE,EIF3A
P24534,Training_Old,498,813,1311,TRUE,EEF1B2
Q92667,Training_Old,417,994,1411,TRUE,AKAP1
Q9UNE7,Training_Old,1080,1021,2101,TRUE,STUB1
Q9NZQ9,Training_Old,521,507,1028,TRUE,TMOD4
Q5JPE7,Training_Old,127,1003,1130,TRUE,NOMO2
Q92575,Training_Old,442,597,1039,TRUE,UBXN4
Q8WY91,Training_Old,477,612,1089,TRUE,THAP4
Q9Y5Z7,Training_Old,277,957,1234,TRUE,HCFC2
Q92791,Training_Old,386,749,1135,TRUE,P3H4
P48507,Training_Old,551,489,1040,TRUE,GCLM
Q9Y570,Training_Old,566,463,1029,TRUE,PPME1
P26678,Training_Old,379,787,1166,TRUE,PLN
Q96DB5,Training_Old,450,581,1031,TRUE,RMDN1
P22695,Training_Old,882,1032,1914,TRUE,UQCRC2
P20042,Training_Old,567,466,1033,TRUE,EIF2S2
O75436,Training_Old,1086,1034,2120,TRUE,VPS26A
Q9H330,Training_Old,289,1008,1297,TRUE,TMEM245
Q96DV4,Training_Old,467,627,1094,TRUE,MRPL38
P35270,Training_Old,604,1001,1605,TRUE,SPR
P26196,Training_Old,971,1038,2009,TRUE,DDX6
P46777,Training_Old,357,699,1056,TRUE,RPL5
P04439,Training_Old,468,572,1040,TRUE,HLA-A
Q96EP5,Training_Old,463,578,1041,TRUE,DAZAP1
P17661,Training_Old,484,732,1216,TRUE,DES
Q9Y3U8,Training_Old,478,565,1043,TRUE,RPL36
Q14232,Training_Old,340,742,1082,TRUE,EIF2B1
Q96MF6,Training_Old,418,659,1077,TRUE,COQ10A
P51148,Training_Old,337,792,1129,TRUE,RAB5C
P10916,Training_Old,646,669,1315,TRUE,MYL2
P21912,Training_Old,837,699,1536,TRUE,SDHB
P52888,Training_Old,970,1049,2019,TRUE,THOP1
O43813,Training_Old,838,988,1826,TRUE,LANCL1
Q92841,Training_Old,1038,1051,2089,TRUE,DDX17
Q9H6F2,Training_Old,502,876,1378,TRUE,TMEM38A
P31930,Training_Old,754,1053,1807,TRUE,UQCRC1
P67809,Training_Old,527,748,1275,TRUE,YBX1
Q9H0U4,Training_Old,621,738,1359,TRUE,RAB1B
O15511,Training_Old,189,943,1132,TRUE,ARPC5
O14818,Training_Old,815,977,1792,TRUE,PSMA7
Q9Y6E2,Training_Old,1072,920,1992,TRUE,BZW2
P09525,Training_Old,315,744,1059,TRUE,ANXA4
P10828,Training_Old,333,804,1137,TRUE,THRB
O00233,Training_Old,558,503,1061,TRUE,PSMD9
O00423,Training_Old,909,1034,1943,TRUE,EML1
P58546,Training_Old,973,1063,2036,TRUE,MTPN
Q9Y3C6,Training_Old,1036,1064,2100,TRUE,PPIL1
P12110,Training_Old,561,504,1065,TRUE,COL6A2
Q8N4Q1,Training_Old,256,825,1081,TRUE,CHCHD4
O14949,Training_Old,718,1024,1742,TRUE,UQCRQ
P52895,Training_Old,493,575,1068,TRUE,AKR1C2
Q9NPJ3,Training_Old,437,807,1244,TRUE,ACOT13
A8MU46,Training_Old,389,878,1267,TRUE,SMTNL1
Q6QEF8,Training_Old,567,504,1071,TRUE,CORO6
Q9UIC8,Training_Old,620,452,1072,TRUE,LCMT1
Q9UGM6,Training_Old,493,1003,1496,TRUE,WARS2
Q13867,Training_Old,923,1056,1979,TRUE,BLMH
O95671,Training_Old,1046,1075,2121,TRUE,ASMTL
P12814,Training_Old,292,863,1155,TRUE,ACTN1
Q0VAK6,Training_Old,550,641,1191,TRUE,LMOD3
Q9NVA2,Training_Old,710,1078,1788,TRUE,SEPTIN11
Q9Y6G9,Training_Old,434,801,1235,TRUE,DYNC1LI1
Q96PE7,Training_Old,204,1080,1284,TRUE,MCEE
P62191,Training_Old,292,890,1182,TRUE,PSMC1
Q92734,Training_Old,310,800,1110,TRUE,TFG
Q9H832,Training_Old,734,1052,1786,TRUE,UBE2Z
O75821,Training_Old,574,510,1084,TRUE,EIF3G
O75964,Training_Old,808,724,1532,TRUE,ATP5MG
Q9BZQ8,Training_Old,569,1074,1643,TRUE,NIBAN1
Q96CW1,Training_Old,627,460,1087,TRUE,AP2M1
P09110,Training_Old,735,1088,1823,TRUE,ACAA1
Q92905,Training_Old,748,1076,1824,TRUE,COPS5
P30626,Training_Old,459,631,1090,TRUE,SRI
P61619,Training_Old,1144,962,2106,TRUE,SEC61A1
O00418,Training_Old,845,1043,1888,TRUE,EEF2K
O43674,Training_Old,615,774,1389,TRUE,NDUFB5
Q06830,Training_Old,840,596,1436,TRUE,PRDX1
P08621,Training_Old,712,907,1619,TRUE,SNRNP70
P61026,Training_Old,829,928,1757,TRUE,RAB10
P30520,Training_Old,563,626,1189,TRUE,ADSS2
Q8IZ81,Training_Old,1010,1098,2108,TRUE,ELMOD2
O60662,Training_Old,579,718,1297,TRUE,KLHL41
P61981,Training_Old,1475,406,1881,TRUE,YWHAG
Q15772,Training_Old,856,1101,1957,TRUE,SPEG
O00487,Training_Old,554,620,1174,TRUE,PSMD14
Q8TC12,Training_Old,854,254,1108,TRUE,RDH11
P84090,Training_Old,713,452,1165,TRUE,ERH
P00390,Training_Old,408,703,1111,TRUE,GSR
P01871,Training_Old,399,729,1128,TRUE,IGHM
Q99536,Training_Old,462,645,1107,TRUE,VAT1
P56181,Training_Old,392,741,1133,TRUE,NDUFV3
O15061,Training_Old,297,1068,1365,TRUE,SYNM
Q9NWU1,Training_Old,293,1098,1391,TRUE,OXSM
Q8IWA4,Training_Old,222,962,1184,TRUE,MFN1
Q15111,Training_Old,667,484,1151,TRUE,PLCL1
O14964,Training_Old,957,1044,2001,TRUE,HGS
P62633,Training_Old,728,1114,1842,TRUE,CNBP
Q53GQ0,Training_Old,385,730,1115,TRUE,HSD17B12
P61106,Training_Old,867,1116,1983,TRUE,RAB14
Q13724,Training_Old,296,1052,1348,TRUE,MOGS
P21817,Training_Old,1096,561,1657,TRUE,RYR1
Q9NX47,Training_Old,419,756,1175,TRUE,MARCHF5
P28072,Training_Old,971,818,1789,TRUE,PSMB6
P37108,Training_Old,589,1121,1710,TRUE,SRP14
O00399,Training_Old,435,687,1122,TRUE,DCTN6
Q93052,Training_Old,951,1100,2051,TRUE,LPP
P21964,Training_Old,357,791,1148,TRUE,COMT
Q9UN37,Training_Old,745,1122,1867,TRUE,VPS4A
P62942,Training_Old,694,1019,1713,TRUE,FKBP1A
O00151,Training_Old,372,1041,1413,TRUE,PDLIM1
P82921,Training_Old,833,864,1697,TRUE,MRPS21
P16083,Training_Old,79,1052,1131,TRUE,NQO2
O95674,Training_Old,985,1130,2115,TRUE,CDS2
Q9UI30,Training_Old,794,347,1141,TRUE,TRMT112
P10636,Training_Old,601,830,1431,TRUE,MAPT
P53814,Training_Old,438,715,1153,TRUE,SMTN
Q9NZJ6,Training_Old,819,945,1764,TRUE,COQ3
P16989,Training_Old,603,958,1561,TRUE,YBX3
Q9HBI1,Training_Old,729,1136,1865,TRUE,PARVB
Q9H496,Training_Old,589,704,1293,TRUE,TOR1AIP2
Q86X76,Training_Old,838,1138,1976,TRUE,NIT1
Q15370,Training_Old,497,723,1220,TRUE,ELOB
Q9H8Y8,Training_Old,924,1126,2050,TRUE,GORASP2
Q8IYU8,Training_Old,928,1141,2069,TRUE,MICU2
Q9UI12,Training_Old,808,1066,1874,TRUE,ATP6V1H
Q9H9B4,Training_Old,433,710,1143,TRUE,SFXN1
O75746,Training_Old,965,848,1813,TRUE,SLC25A12
Q12846,Training_Old,1483,637,2120,TRUE,STX4
P23246,Training_Old,255,891,1146,TRUE,SFPQ
P07451,Training_Old,864,463,1327,TRUE,CA3
Q14847,Training_Old,240,908,1148,TRUE,LASP1
P02792,Training_Old,451,698,1149,TRUE,FTL
P22314,Training_Old,1364,523,1887,TRUE,UBA1
O75915,Training_Old,1071,601,1672,TRUE,ARL6IP5
O15305,Training_Old,533,619,1152,TRUE,PMM2
Q9H3K2,Training_Old,547,606,1153,TRUE,GHITM
Q8N5K1,Training_Old,850,304,1154,TRUE,CISD2
P00488,Training_Old,576,579,1155,TRUE,F13A1
P11586,Training_Old,1212,859,2071,TRUE,MTHFD1
P51649,Training_Old,747,892,1639,TRUE,ALDH5A1
Q9Y2R0,Training_Old,402,1103,1505,TRUE,COA3
O43399,Training_Old,868,1159,2027,TRUE,TPD52L2
Q6YP21,Training_Old,427,1127,1554,TRUE,KYAT3
Q92901,Training_Old,441,720,1161,TRUE,RPL3L
Q00013,Training_Old,586,658,1244,TRUE,MPP1
P20340,Training_Old,203,960,1163,TRUE,RAB6A
P08574,Training_Old,717,1164,1881,TRUE,CYC1
P45954,Training_Old,529,1061,1590,TRUE,ACADSB
P50895,Training_Old,926,1166,2092,TRUE,BCAM
Q9UJW0,Training_Old,522,645,1167,TRUE,DCTN4
Q86UE4,Training_Old,520,648,1168,TRUE,MTDH
Q8N4V1,Training_Old,695,763,1458,TRUE,MMGT1
P07919,Training_Old,900,985,1885,TRUE,UQCRH
O94905,Training_Old,656,853,1509,TRUE,ERLIN2
Q15369,Training_Old,392,808,1200,TRUE,ELOC
P00338,Training_Old,814,958,1772,TRUE,LDHA
Q96EL3,Training_Old,289,1037,1326,TRUE,MRPL53
Q9Y2Q9,Training_Old,613,992,1605,TRUE,MRPS35
Q9H0E2,Training_Old,785,1122,1907,TRUE,TOLLIP
P14621,Training_Old,959,827,1786,TRUE,ACYP2
O43684,Training_Old,818,1140,1958,TRUE,BUB3
Q99643,Training_Old,283,1050,1333,TRUE,SDHC
Q9BVV7,Training_Old,650,530,1180,TRUE,TIMM21
Q13510,Training_Old,741,1181,1922,TRUE,ASAH1
P84085,Training_Old,677,505,1182,TRUE,ARF5
O75351,Training_Old,998,185,1183,TRUE,VPS4B
Q7Z4V5,Training_Old,828,1184,2012,TRUE,HDGFL2
Q13616,Training_Old,889,1185,2074,TRUE,CUL1
Q9BYV2,Training_Old,529,689,1218,TRUE,TRIM54
P09669,Training_Old,785,828,1613,TRUE,COX6C
P00918,Training_Old,613,834,1447,TRUE,CA2
Q9NYL2,Training_Old,372,1146,1518,TRUE,MAP3K20
Q9UM22,Training_Old,536,1166,1702,TRUE,EPDR1
P39023,Training_Old,410,1191,1601,TRUE,RPL3
Q96C01,Training_Old,201,991,1192,TRUE,FAM136A
A1L0T0,Training_Old,422,997,1419,TRUE,ILVBL
Q96RL7,Training_Old,814,1194,2008,TRUE,VPS13A
Q96HN2,Training_Old,509,686,1195,TRUE,AHCYL2
Q16698,Training_Old,784,943,1727,TRUE,DECR1
P62854,Training_Old,605,599,1204,TRUE,RPS26
Q5T440,Training_Old,351,1178,1529,TRUE,IBA57
P08603,Training_Old,576,623,1199,TRUE,CFH
Q13423,Training_Old,671,1088,1759,TRUE,NNT
Q96H20,Training_Old,630,592,1222,TRUE,SNF8
Q9BS92,Training_Old,467,951,1418,TRUE,NIPSNAP3B
Q9GZT3,Training_Old,558,653,1211,TRUE,SLIRP
Q8TB22,Training_Old,376,872,1248,TRUE,SPATA20
Q9UKX3,Training_Old,597,635,1232,TRUE,MYH13
P52907,Training_Old,683,580,1263,TRUE,CAPZA1
P59998,Training_Old,660,547,1207,TRUE,ARPC4
Q13061,Training_Old,580,737,1317,TRUE,TRDN
O60749,Training_Old,860,1209,2069,TRUE,SNX2
P48147,Training_Old,898,821,1719,TRUE,PREP
Q16576,Training_Old,454,1063,1517,TRUE,RBBP7
O15427,Training_Old,577,672,1249,TRUE,SLC16A3
P52179,Training_Old,392,869,1261,TRUE,MYOM1
O60613,Training_Old,1016,308,1324,TRUE,SELENOF
Q6ZU65,Training_Old,511,830,1341,TRUE,UBN2
O14561,Training_Old,438,994,1432,TRUE,NDUFAB1
P36969,Training_Old,942,1106,2048,TRUE,GPX4
P11277,Training_Old,558,1168,1726,TRUE,SPTB
Q99623,Training_Old,1064,842,1906,TRUE,PHB2
P55735,Training_Old,630,590,1220,TRUE,SEC13
O95376,Training_Old,782,439,1221,TRUE,ARIH2
O75396,Training_Old,627,1222,1849,TRUE,SEC22B
Q9GZP4,Training_Old,880,1223,2103,TRUE,PITHD1
P04275,Training_Old,639,585,1224,TRUE,VWF
O95373,Training_Old,769,1225,1994,TRUE,IPO7
P50570,Training_Old,875,1219,2094,TRUE,DNM2
Q06730,Training_Old,180,1047,1227,TRUE,ZNF33A
P17612,Training_Old,715,1157,1872,TRUE,PRKACA
Q13177,Training_Old,349,880,1229,TRUE,PAK2
P53999,Training_Old,329,901,1230,TRUE,SUB1
Q9UIA9,Training_Old,923,1180,2103,TRUE,XPO7
P62888,Training_Old,448,785,1233,TRUE,RPL30
Q9UN86,Training_Old,585,1233,1818,TRUE,G3BP2
P00558,Training_Old,1268,705,1973,TRUE,PGK1
Q5JSH3,Training_Old,798,522,1320,TRUE,WDR44
Q5D862,Training_Old,464,802,1266,TRUE,FLG2
P11940,Training_Old,813,1236,2049,TRUE,PABPC1
P54578,Training_Old,659,988,1647,TRUE,USP14
O60343,Training_Old,745,570,1315,TRUE,TBC1D4
P11279,Training_Old,591,649,1240,TRUE,LAMP1
Q9NX63,Training_Old,937,901,1838,TRUE,CHCHD3
P47756,Training_Old,687,646,1333,TRUE,CAPZB
O00429,Training_Old,881,1243,2124,TRUE,DNM1L
Q8NE86,Training_Old,563,1240,1803,TRUE,MCU
P49207,Training_Old,236,1231,1467,TRUE,RPL34
O95831,Training_Old,1142,816,1958,TRUE,AIFM1
Q9UKU7,Training_Old,391,865,1256,TRUE,ACAD8
P33121,Training_Old,852,838,1690,TRUE,ACSL1
Q02750,Training_Old,460,907,1367,TRUE,MAP2K1
Q15185,Training_Old,725,1208,1933,TRUE,PTGES3
O94886,Training_Old,494,757,1251,TRUE,TMEM63A
Q8NCN5,Training_Old,589,707,1296,TRUE,PDPR
Q9BW91,Training_Old,829,1227,2056,TRUE,NUDT9
P53004,Training_Old,553,701,1254,TRUE,BLVRA
P08727,Training_Old,458,969,1427,TRUE,KRT19
O43678,Training_Old,578,970,1548,TRUE,NDUFA2
P09012,Training_Old,761,496,1257,TRUE,SNRPA
P55209,Training_Old,421,874,1295,TRUE,NAP1L1
Q15208,Training_Old,245,1216,1461,TRUE,STK38
O60664,Training_Old,876,854,1730,TRUE,PLIN3
P02655,Training_Old,388,1261,1649,TRUE,APOC2
Q9UII2,Training_Old,692,965,1657,TRUE,ATP5IF1
Q9H4M9,Training_Old,1035,804,1839,TRUE,EHD1
Q9HA77,Training_Old,916,1203,2119,TRUE,CARS2
P31946,Training_Old,865,1137,2002,TRUE,YWHAB
Q9Y4W6,Training_Old,472,963,1435,TRUE,AFG3L2
P68400,Training_Old,444,823,1267,TRUE,CSNK2A1
Q9Y230,Training_Old,552,716,1268,TRUE,RUVBL2
Q5XKP0,Training_Old,307,1025,1332,TRUE,MICOS13
P09622,Training_Old,1076,711,1787,TRUE,DLD
Q13442,Training_Old,765,1195,1960,TRUE,PDAP1
O94760,Training_Old,534,904,1438,TRUE,DDAH1
P29692,Training_Old,878,1016,1894,TRUE,EEF1D
Q15813,Training_Old,767,1274,2041,TRUE,TBCE
P13716,Training_Old,420,1036,1456,TRUE,ALAD
P45381,Training_Old,626,650,1276,TRUE,ASPA
Q13445,Training_Old,579,705,1284,TRUE,TMED1
Q6P1A2,Training_Old,603,1278,1881,TRUE,LPCAT3
P60033,Training_Old,861,1237,2098,TRUE,CD81
Q9Y3D2,Training_Old,489,803,1292,TRUE,MSRB2
Q9H0R4,Training_Old,814,1272,2086,TRUE,HDHD2
P22102,Training_Old,495,787,1282,TRUE,GART
P01009,Training_Old,483,918,1401,TRUE,SERPINA1
Q9H7Z7,Training_Old,504,886,1390,TRUE,PTGES2
P14324,Training_Old,816,1260,2076,TRUE,FDPS
P36871,Training_Old,855,786,1641,TRUE,PGM1
Q9NNW7,Training_Old,560,1259,1819,TRUE,TXNRD2
P78527,Training_Old,631,657,1288,TRUE,PRKDC
P05091,Training_Old,412,1076,1488,TRUE,ALDH2
O95298,Training_Old,581,894,1475,TRUE,NDUFC2
Q9NWV8,Training_Old,938,393,1331,TRUE,BABAM1
Q9P2X0,Training_Old,208,1210,1418,TRUE,DPM3
Q9Y6P5,Training_Old,830,1264,2094,TRUE,SESN1
P06753,Training_Old,623,846,1469,TRUE,TPM3
Q6P587,Training_Old,725,1274,1999,TRUE,FAHD1
Q9UKY7,Training_Old,482,814,1296,TRUE,CDV3
Q9UNZ2,Training_Old,1194,829,2023,TRUE,NSFL1C
Q9NVJ2,Training_Old,859,1237,2096,TRUE,ARL8B
Q9BV79,Training_Old,786,1247,2033,TRUE,MECR
P23634,Training_Old,611,1300,1911,TRUE,ATP2B4
P10398,Training_Old,854,1092,1946,TRUE,ARAF
P46734,Training_Old,508,794,1302,TRUE,MAP2K3
Q00872,Training_Old,929,664,1593,TRUE,MYBPC1
Q9Y281,Training_Old,844,1237,2081,TRUE,CFL2
Q9NZN4,Training_Old,1084,977,2061,TRUE,EHD2
Q14103,Training_Old,893,1097,1990,TRUE,HNRNPD
P27824,Training_Old,419,1177,1596,TRUE,CANX
O95571,Training_Old,719,1308,2027,TRUE,ETHE1
P13987,Training_Old,1079,707,1786,TRUE,CD59
Q16891,Training_Old,1111,861,1972,TRUE,IMMT
Q7LBR1,Training_Old,770,1311,2081,TRUE,CHMP1B
O43826,Training_Old,803,1312,2115,TRUE,SLC37A4
O95563,Training_Old,678,1082,1760,TRUE,MPC2
O15260,Training_Old,681,935,1616,TRUE,SURF4
O95167,Training_Old,436,1158,1594,TRUE,NDUFA3
P84095,Training_Old,664,689,1353,TRUE,RHOG
P14174,Training_Old,669,1089,1758,TRUE,MIF
Q9UN36,Training_Old,765,850,1615,TRUE,NDRG2
Q9Y316,Training_Old,619,700,1319,TRUE,MEMO1
P03928,Training_Old,488,1026,1514,TRUE,MT-ATP8
Q14258,Training_Old,256,1313,1569,TRUE,TRIM25
O60869,Training_Old,811,1307,2118,TRUE,EDF1
P40926,Training_Old,757,1323,2080,TRUE,MDH2
P55795,Training_Old,755,1324,2079,TRUE,HNRNPH2
Q96I99,Training_Old,457,1287,1744,TRUE,SUCLG2
Q9Y6Y8,Training_Old,583,1214,1797,TRUE,SEC23IP
Q14624,Training_Old,541,786,1327,TRUE,ITIH4
Q9NP79,Training_Old,676,1328,2004,TRUE,VTA1
P26885,Training_Old,538,1329,1867,TRUE,FKBP2
Q86TD4,Training_Old,1225,721,1946,TRUE,SRL
Q96I23,Training_Old,329,1027,1356,TRUE,PYURF
Q9P0L0,Training_Old,547,1037,1584,TRUE,VAPA
Q9UNF0,Training_Old,434,899,1333,TRUE,PACSIN2
P16671,Training_Old,528,1021,1549,TRUE,CD36
O15144,Training_Old,645,1234,1879,TRUE,ARPC2
P20231,Training_Old,460,876,1336,TRUE,TPSB2
Q9UHQ4,Training_Old,459,878,1337,TRUE,BCAP29
Q14697,Training_Old,639,1338,1977,TRUE,GANAB
Q9H2W6,Training_Old,576,967,1543,TRUE,MRPL46
Q15847,Training_Old,712,628,1340,TRUE,ADIRF
O75832,Training_Old,786,1310,2096,TRUE,PSMD10
P62266,Training_Old,872,470,1342,TRUE,RPS23
Q9H6K4,Training_Old,359,1301,1660,TRUE,OPA3
Q9BXJ8,Training_Old,525,1246,1771,TRUE,TMEM120A
O15212,Training_Old,791,1326,2117,TRUE,PFDN6
Q3LXA3,Training_Old,775,1346,2121,TRUE,TKFC
P31689,Training_Old,684,696,1380,TRUE,DNAJA1
O14521,Training_Old,610,1081,1691,TRUE,SDHD
P28070,Training_Old,604,984,1588,TRUE,PSMB4
Q9Y383,Training_Old,529,1347,1876,TRUE,LUC7L2
P48681,Training_Old,211,1140,1351,TRUE,NES
Q96AB3,Training_Old,930,1185,2115,TRUE,ISOC2
P22061,Training_Old,1106,811,1917,TRUE,PCMT1
P17540,Training_Old,586,1354,1940,TRUE,CKMT2
Q13424,Training_Old,586,829,1415,TRUE,SNTA1
Q9Y6N5,Training_Old,584,818,1402,TRUE,SQOR
Q15365,Training_Old,1005,981,1986,TRUE,PCBP1
Q5HYK3,Training_Old,652,1273,1925,TRUE,COQ5
P14868,Training_Old,364,1014,1378,TRUE,DARS1
Q15124,Training_Old,629,1276,1905,TRUE,PGM5
P68871,Training_Old,668,1298,1966,TRUE,HBB
Q5TDH0,Training_Old,521,1004,1525,TRUE,DDI2
Q16563,Training_Old,746,1313,2059,TRUE,SYPL1
Q15084,Training_Old,799,1123,1922,TRUE,PDIA6
Q9BT78,Training_Old,778,1343,2121,TRUE,COPS4
O94919,Training_Old,558,863,1421,TRUE,ENDOD1
Q6DKJ4,Training_Old,594,1367,1961,TRUE,NXN
P35611,Training_Old,472,916,1388,TRUE,ADD1
P00505,Training_Old,740,1299,2039,TRUE,GOT2
P30038,Training_Old,781,1014,1795,TRUE,ALDH4A1
Q86UP2,Training_Old,478,1371,1849,TRUE,KTN1
O95202,Training_Old,415,957,1372,TRUE,LETM1
Q92947,Training_Old,724,1373,2097,TRUE,GCDH
P41091,Training_Old,732,1343,2075,TRUE,EIF2S3
P28161,Training_Old,826,1011,1837,TRUE,GSTM2
Q05639,Training_Old,708,1218,1926,TRUE,EEF1A2
P01889,Training_Old,622,772,1394,TRUE,HLA-B
Q92879,Training_Old,815,625,1440,TRUE,CELF1
P53621,Training_Old,511,868,1379,TRUE,COPA
O95182,Training_Old,694,941,1635,TRUE,NDUFA7
P62906,Training_Old,421,965,1386,TRUE,RPL10A
P14649,Training_Old,374,1067,1441,TRUE,MYL6B
P39687,Training_Old,520,903,1423,TRUE,ANP32A
Q13363,Training_Old,669,717,1386,TRUE,CTBP1
P48059,Training_Old,864,521,1385,TRUE,LIMS1
Q96JJ7,Training_Old,761,625,1386,TRUE,TMX3
Q13526,Training_Old,589,798,1387,TRUE,PIN1
P09936,Training_Old,375,1058,1433,TRUE,UCHL1
P48509,Training_Old,774,1332,2106,TRUE,CD151
Q15907,Training_Old,704,1120,1824,TRUE,RAB11B
P09960,Training_Old,951,950,1901,TRUE,LTA4H
Q68DQ2,Training_Old,230,1162,1392,TRUE,CRYBG3
Q9Y6B6,Training_Old,858,974,1832,TRUE,SAR1B
Q6H8Q1,Training_Old,711,1390,2101,TRUE,ABLIM2
Q13618,Training_Old,710,1395,2105,TRUE,CUL3
Q8N1G4,Training_Old,901,1206,2107,TRUE,LRRC47
Q9Y6A9,Training_Old,660,1392,2052,TRUE,SPCS1
P28066,Training_Old,777,1278,2055,TRUE,PSMA5
O00748,Training_Old,417,982,1399,TRUE,CES2
Q5T4S7,Training_Old,708,1384,2092,TRUE,UBR4
P02649,Training_Old,535,1348,1883,TRUE,APOE
Q9P2X3,Training_Old,432,1370,1802,TRUE,IMPACT
Q9NQP4,Training_Old,572,1403,1975,TRUE,PFDN4
Q12797,Training_Old,533,871,1404,TRUE,ASPH
P23528,Training_Old,612,1337,1949,TRUE,CFL1
Q13057,Training_Old,592,1406,1998,TRUE,COASY
P35573,Training_Old,1119,959,2078,TRUE,AGL
O60220,Training_Old,454,954,1408,TRUE,TIMM8A
Q7L2H7,Training_Old,452,1001,1453,TRUE,EIF3M
Q15008,Training_Old,667,1398,2065,TRUE,PSMD6
Q9Y320,Training_Old,627,1359,1986,TRUE,TMX2
P18669,Training_Old,741,1114,1855,TRUE,PGAM1
P62834,Training_Old,799,1171,1970,TRUE,RAP1A
P19623,Training_Old,119,1295,1414,TRUE,SRM
P30046,Training_Old,473,1072,1545,TRUE,DDT
Q8TED0,Training_Old,599,1032,1631,TRUE,UTP15
P84077,Training_Old,704,935,1639,TRUE,ARF1
O60925,Training_Old,524,1418,1942,TRUE,PFDN1
Q7L5N1,Training_Old,782,1342,2124,TRUE,COPS6
Q9HBL0,Training_Old,664,1411,2075,TRUE,TNS1
O00232,Training_Old,724,1395,2119,TRUE,PSMD12
O00264,Training_Old,309,1288,1597,TRUE,PGRMC1
P07900,Training_Old,778,1244,2022,TRUE,HSP90AA1
P02545,Training_Old,515,1066,1581,TRUE,LMNA
Q86WU2,Training_Old,647,1412,2059,TRUE,LDHD
P43155,Training_Old,844,978,1822,TRUE,CRAT
P50914,Training_Old,828,599,1427,TRUE,RPL14
P13645,Training_Old,578,1041,1619,TRUE,KRT10
Q9NZ01,Training_Old,419,1010,1429,TRUE,TECR
Q9Y4E8,Training_Old,459,978,1437,TRUE,USP15
P10909,Training_Old,471,1425,1896,TRUE,CLU
P45880,Training_Old,1179,914,2093,TRUE,VDAC2
P04899,Training_Old,824,1286,2110,TRUE,GNAI2
Q16851,Training_Old,879,1222,2101,TRUE,UGP2
P54727,Training_Old,902,1203,2105,TRUE,RAD23B
P45877,Training_Old,611,1427,2038,TRUE,PPIC
O95336,Training_Old,623,1437,2060,TRUE,PGLS
P30049,Training_Old,750,1022,1772,TRUE,ATP5F1D
P10809,Training_Old,817,1270,2087,TRUE,HSPD1
Q9NZU5,Training_Old,744,1129,1873,TRUE,LMCD1
Q9UBT2,Training_Old,935,506,1441,TRUE,UBA2
P68104,Training_Old,741,1333,2074,TRUE,EEF1A1
O00571,Training_Old,517,937,1454,TRUE,DDX3X
P50993,Training_Old,1009,1080,2089,TRUE,ATP1A2
Q04323,Training_Old,732,1377,2109,TRUE,UBXN1
P63104,Training_Old,866,1171,2037,TRUE,YWHAZ
Q9BPX6,Training_Old,633,1447,2080,TRUE,MICU1
O43237,Training_Old,655,1200,1855,TRUE,DYNC1LI2
P08697,Training_Old,765,684,1449,TRUE,SERPINF2
Q8NFV4,Training_Old,408,1042,1450,TRUE,ABHD11
P00414,Training_Old,480,1260,1740,TRUE,MT-CO3
Q9UI10,Training_Old,756,1316,2072,TRUE,EIF2B4
Q96S99,Training_Old,705,765,1470,TRUE,PLEKHF1
P69905,Training_Old,596,1454,2050,TRUE,HBA1
O43772,Training_Old,522,933,1455,TRUE,SLC25A20
Q9UKG1,Training_Old,543,920,1463,TRUE,APPL1
Q9Y3A3,Training_Old,404,1401,1805,TRUE,MOB4
Q9NQW7,Training_Old,420,1458,1878,TRUE,XPNPEP1
Q96AC1,Training_Old,621,1459,2080,TRUE,FERMT2
Q13155,Training_Old,453,1420,1873,TRUE,AIMP2
Q16531,Training_Old,472,1366,1838,TRUE,DDB1
Q8TCD5,Training_Old,642,1462,2104,TRUE,NT5C
Q9H773,Training_Old,490,1449,1939,TRUE,DCTPP1
Q15019,Training_Old,486,1464,1950,TRUE,SEPTIN2
Q04828,Training_Old,490,1135,1625,TRUE,AKR1C1
Q08257,Training_Old,652,1066,1718,TRUE,CRYZ
O43242,Training_Old,512,1446,1958,TRUE,PSMD3
Q6GMV3,Training_Old,623,845,1468,TRUE,PTRHD1
Q9HB71,Training_Old,440,1029,1469,TRUE,CACYBP
P14543,Training_Old,622,848,1470,TRUE,NID1
Q9UBI6,Training_Old,849,622,1471,TRUE,GNG12
P30043,Training_Old,912,929,1841,TRUE,BLVRB
P01011,Training_Old,543,1399,1942,TRUE,SERPINA3
Q9P2J5,Training_Old,468,1006,1474,TRUE,LARS1
P84157,Training_Old,259,1475,1734,TRUE,MXRA7
Q16555,Training_Old,443,1104,1547,TRUE,DPYSL2
Q15181,Training_Old,607,1477,2084,TRUE,PPA1
P02794,Training_Old,543,1141,1684,TRUE,FTH1
P13693,Training_Old,833,1062,1895,TRUE,TPT1
Q15843,Training_Old,499,1146,1645,TRUE,NEDD8
Q6P5Q4,Training_Old,546,948,1494,TRUE,LMOD2
P50402,Training_Old,1006,476,1482,TRUE,EMD
P43034,Training_Old,641,1464,2105,TRUE,PAFAH1B1
P62937,Training_Old,825,1269,2094,TRUE,PPIA
P61916,Training_Old,628,1485,2113,TRUE,NPC2
P05452,Training_Old,376,1486,1862,TRUE,CLEC3B
Q13263,Training_Old,708,779,1487,TRUE,TRIM28
Q9UNS2,Training_Old,634,912,1546,TRUE,COPS3
P30740,Training_Old,635,918,1553,TRUE,SERPINB1
P49753,Training_Old,783,1117,1900,TRUE,ACOT2
P41252,Training_Old,478,1149,1627,TRUE,IARS1
P01619,Training_Old,399,1109,1508,TRUE,IGKV3-20
P27348,Training_Old,530,1071,1601,TRUE,YWHAQ
Q86TX2,Training_Old,341,1183,1524,TRUE,ACOT1
P08758,Training_Old,810,1086,1896,TRUE,ANXA5
P83111,Training_Old,668,1413,2081,TRUE,LACTB
Q9NX40,Training_Old,535,1497,2032,TRUE,OCIAD1
P40123,Training_Old,791,1119,1910,TRUE,CAP2
Q6PK04,Training_Old,200,1481,1681,TRUE,CCDC137
P35908,Training_Old,426,1227,1653,TRUE,KRT2
P62820,Training_Old,526,1493,2019,TRUE,RAB1A
P23327,Training_Old,754,1280,2034,TRUE,HRC
P10515,Training_Old,1110,905,2015,TRUE,DLAT
Q8NI37,Training_Old,591,913,1504,TRUE,PPTC7
Q9UPQ0,Training_Old,500,1505,2005,TRUE,LIMCH1
P50995,Training_Old,1048,999,2047,TRUE,ANXA11
Q96QR8,Training_Old,606,1507,2113,TRUE,PURB
Q13033,Training_Old,569,1508,2077,TRUE,STRN3
Q969Z3,Training_Old,839,670,1509,TRUE,MTARC2
Q9UMY4,Training_Old,451,1262,1713,TRUE,SNX12
Q15119,Training_Old,273,1369,1642,TRUE,PDK2
Q9NZL9,Training_Old,1024,1073,2097,TRUE,MAT2B
Q8WVJ2,Training_Old,394,1513,1907,TRUE,NUDCD2
P12235,Training_Old,606,1493,2099,TRUE,SLC25A4
O75347,Training_Old,614,1466,2080,TRUE,TBCA
P10253,Training_Old,557,1516,2073,TRUE,GAA
Q15386,Training_Old,327,1438,1765,TRUE,UBE3C
Q14767,Training_Old,469,1518,1987,TRUE,LTBP3
Q02641,Training_Old,880,1219,2099,TRUE,CACNB1
O75155,Training_Old,699,1256,1955,TRUE,CAND2
P54284,Training_Old,833,1280,2113,TRUE,CACNB3
O14979,Training_Old,371,1522,1893,TRUE,HNRNPDL
P24043,Training_Old,729,794,1523,TRUE,LAMA2
P21695,Training_Old,790,1048,1838,TRUE,GPD1
Q9Y2B0,Training_Old,801,1292,2093,TRUE,CNPY2
Q96KP4,Training_Old,363,1526,1889,TRUE,CNDP2
Q7Z2K6,Training_Old,446,1501,1947,TRUE,ERMP1
P12109,Training_Old,441,1087,1528,TRUE,COL6A1
P07738,Training_Old,524,1494,2018,TRUE,BPGM
O75947,Training_Old,927,1001,1928,TRUE,ATP5PD
Q9NXR7,Training_Old,571,1507,2078,TRUE,BABAM2
Q99735,Training_Old,264,1306,1570,TRUE,MGST2
Q14997,Training_Old,774,1334,2108,TRUE,PSME4
P20674,Training_Old,727,1355,2082,TRUE,COX5A
Q13185,Training_Old,663,958,1621,TRUE,CBX3
Q9Y224,Training_Old,652,884,1536,TRUE,RTRAF
O75489,Training_Old,676,1190,1866,TRUE,NDUFS3
Q12904,Training_Old,432,1144,1576,TRUE,AIMP1
P28289,Training_Old,639,900,1539,TRUE,TMOD1
Q12931,Training_Old,596,1521,2117,TRUE,TRAP1
P00387,Training_Old,1025,926,1951,TRUE,CYB5R3
Q9NZD2,Training_Old,1471,624,2095,TRUE,GLTP
P10176,Training_Old,211,1332,1543,TRUE,COX8A
Q9NUB1,Training_Old,590,1367,1957,TRUE,ACSS1
Q03135,Training_Old,742,1337,2079,TRUE,CAV1
Q9NZZ3,Training_Old,549,1546,2095,TRUE,CHMP5
Q96DH6,Training_Old,730,817,1547,TRUE,MSI2
A2RTX5,Training_Old,564,1536,2100,TRUE,TARS3
Q02543,Training_Old,307,1242,1549,TRUE,RPL18A
Q969T9,Training_Old,254,1550,1804,TRUE,WBP2
Q9NZM1,Training_Old,804,757,1561,TRUE,MYOF
P07195,Training_Old,427,1271,1698,TRUE,LDHB
Q9Y6N1,Training_Old,419,1553,1972,TRUE,COX11
O95169,Training_Old,800,1158,1958,TRUE,NDUFB8
Q9Y376,Training_Old,883,1076,1959,TRUE,CAB39
A6NCE7,Training_Old,462,1094,1556,TRUE,MAP1LC3B2
O75438,Training_Old,343,1214,1557,TRUE,NDUFB1
P04179,Training_Old,392,1255,1647,TRUE,SOD2
Q8NDY3,Training_Old,840,1124,1964,TRUE,ADPRHL1
P30085,Training_Old,511,1560,2071,TRUE,CMPK1
P61201,Training_Old,893,1221,2114,TRUE,COPS2
Q7Z422,Training_Old,362,1562,1924,TRUE,SZRD1
Q9BSD7,Training_Old,488,1563,2051,TRUE,NTPCR
Q9H987,Training_Old,621,950,1571,TRUE,SYNPO2L
Q9Y2Z9,Training_Old,588,1523,2111,TRUE,COQ6
P51452,Training_Old,839,1199,2038,TRUE,DUSP3
Q13496,Training_Old,302,1321,1623,TRUE,MTM1
P34932,Training_Old,615,953,1568,TRUE,HSPA4
P24666,Training_Old,793,1040,1833,TRUE,ACP1
O15382,Training_Old,539,1570,2109,TRUE,BCAT2
Q14BN4,Training_Old,530,1245,1775,TRUE,SLMAP
P10768,Training_Old,676,1168,1844,TRUE,ESD
P42677,Training_Old,730,931,1661,TRUE,RPS27
P56381,Training_Old,773,1192,1965,TRUE,ATP5F1E
P28907,Training_Old,562,1538,2100,TRUE,CD38
O95210,Training_Old,979,1026,2005,TRUE,STBD1
Q9Y276,Training_Old,368,1577,1945,TRUE,BCS1L
O43561,Training_Old,529,1371,1900,TRUE,LAT
Q9Y6M9,Training_Old,890,1061,1951,TRUE,NDUFB9
P20962,Training_Old,98,1506,1604,TRUE,PTMS
P62807,Training_Old,416,1374,1790,TRUE,H2BC4
P21266,Training_Old,681,1314,1995,TRUE,GSTM3
P13798,Training_Old,487,1422,1909,TRUE,APEH
P49419,Training_Old,484,1584,2068,TRUE,ALDH7A1
Q15118,Training_Old,446,1585,2031,TRUE,PDK1
Q9BVK6,Training_Old,767,819,1586,TRUE,TMED9
P09972,Training_Old,227,1466,1693,TRUE,ALDOC
P60891,Training_Old,629,1483,2112,TRUE,PRPS1
P47813,Training_Old,767,822,1589,TRUE,EIF1AX
P38117,Training_Old,786,1231,2017,TRUE,ETFB
Q96AN5,Training_Old,505,1086,1591,TRUE,TMEM143
Q14112,Training_Old,552,1568,2120,TRUE,NID2
P55884,Training_Old,629,964,1593,TRUE,EIF3B
Q8WTS6,Training_Old,597,997,1594,TRUE,SETD7
P09651,Training_Old,393,1595,1988,TRUE,HNRNPA1
Q9Y285,Training_Old,634,962,1596,TRUE,FARSA
Q5R3I4,Training_Old,497,1161,1658,TRUE,TTC38
P13861,Training_Old,1098,996,2094,TRUE,PRKAR2A
Q96GK7,Training_Old,382,1599,1981,TRUE,FAHD2A
Q9H074,Training_Old,731,881,1612,TRUE,PAIP1
Q8TB45,Training_Old,275,1437,1712,TRUE,DEPTOR
P36542,Training_Old,494,1478,1972,TRUE,ATP5F1C
P01876,Training_Old,456,1293,1749,TRUE,IGHA1
O75153,Training_Old,368,1249,1617,TRUE,CLUH
P17568,Training_Old,699,1424,2123,TRUE,NDUFB7
P22033,Training_Old,586,1020,1606,TRUE,MMUT
Q8IWW8,Training_Old,386,1577,1963,TRUE,ADHFE1
Q96K17,Training_Old,491,1556,2047,TRUE,BTF3L4
P04040,Training_Old,494,1455,1949,TRUE,CAT
Q9ULA0,Training_Old,701,982,1683,TRUE,DNPEP
Q96C00,Training_Old,458,1611,2069,TRUE,ZBTB9
Q6NZI2,Training_Old,1141,915,2056,TRUE,CAVIN1
Q9BW30,Training_Old,582,1031,1613,TRUE,TPPP3
P42330,Training_Old,426,1188,1614,TRUE,AKR1C3
O43598,Training_Old,749,932,1681,TRUE,DNPH1
Q86TC9,Training_Old,525,1101,1626,TRUE,MYPN
Q13435,Training_Old,351,1320,1671,TRUE,SF3B2
Q9UKV8,Training_Old,962,666,1628,TRUE,AGO2
Q9BXS5,Training_Old,199,1435,1634,TRUE,AP1M1
P22830,Training_Old,566,1156,1722,TRUE,FECH
P35813,Training_Old,650,971,1621,TRUE,PPM1A
Q8N4H5,Training_Old,862,760,1622,TRUE,TOMM5
Q14324,Training_Old,429,1309,1738,TRUE,MYBPC2
Q13505,Training_Old,1022,602,1624,TRUE,MTX1
Q99653,Training_Old,451,1593,2044,TRUE,CHP1
P63316,Training_Old,866,995,1861,TRUE,TNNC1
O75822,Training_Old,818,1298,2116,TRUE,EIF3J
O14737,Training_Old,586,1042,1628,TRUE,PDCD5
Q9BV20,Training_Old,495,1169,1664,TRUE,MRI1
Q9H078,Training_Old,375,1398,1773,TRUE,CLPB
Q15233,Training_Old,746,885,1631,TRUE,NONO
Q04941,Training_Old,738,915,1653,TRUE,PLP2
Q14061,Training_Old,495,1615,2110,TRUE,COX17
Q99627,Training_Old,778,1340,2118,TRUE,COPS8
P00568,Training_Old,1078,1004,2082,TRUE,AK1
Q9BV23,Training_Old,460,1636,2096,TRUE,ABHD6
P98160,Training_Old,473,1552,2025,TRUE,HSPG2
Q13838,Training_Old,428,1638,2066,TRUE,DDX39B
Q93084,Training_Old,549,1551,2100,TRUE,ATP2A3
Q06124,Training_Old,832,808,1640,TRUE,PTPN11
Q02978,Training_Old,661,1391,2052,TRUE,SLC25A11
Q53GG5,Training_Old,587,1461,2048,TRUE,PDLIM3
P54136,Training_Old,737,906,1643,TRUE,RARS1
P11177,Training_Old,1095,998,2093,TRUE,PDHB
P61313,Training_Old,529,1117,1646,TRUE,RPL15
Q99733,Training_Old,681,1409,2090,TRUE,NAP1L4
P61254,Training_Old,393,1254,1647,TRUE,RPL26
Q9C0E8,Training_Old,470,1563,2033,TRUE,LNPK
P55268,Training_Old,321,1649,1970,TRUE,LAMB2
Q9NTG7,Training_Old,656,994,1650,TRUE,SIRT3
O95834,Training_Old,523,1129,1652,TRUE,EML2
P10301,Training_Old,354,1615,1969,TRUE,RRAS
Q96AG3,Training_Old,490,1620,2110,TRUE,SLC25A46
Q9BSH4,Training_Old,364,1654,2018,TRUE,TACO1
P62316,Training_Old,1033,622,1655,TRUE,SNRPD2
P12882,Training_Old,364,1428,1792,TRUE,MYH1
P48449,Training_Old,207,1657,1864,TRUE,LSS
Q15102,Training_Old,276,1658,1934,TRUE,PAFAH1B3
Q6P161,Training_Old,266,1517,1783,TRUE,MRPL54
P32456,Training_Old,368,1660,2028,TRUE,GBP2
P01023,Training_Old,500,1341,1841,TRUE,A2M
O43615,Training_Old,632,1030,1662,TRUE,TIMM44
Q13148,Training_Old,631,1032,1663,TRUE,TARDBP
P05141,Training_Old,189,1642,1831,TRUE,SLC25A5
P40763,Training_Old,990,675,1665,TRUE,STAT3
P50851,Training_Old,311,1666,1977,TRUE,LRBA
P60900,Training_Old,574,1382,1956,TRUE,PSMA6
Q8WYA0,Training_Old,495,1173,1668,TRUE,IFT81
Q9NY33,Training_Old,606,1063,1669,TRUE,DPP3
Q9Y697,Training_Old,257,1670,1927,TRUE,NFS1
Q16795,Training_Old,689,1309,1998,TRUE,NDUFA9
O43181,Training_Old,598,1361,1959,TRUE,NDUFS4
Q9BZE1,Training_Old,422,1251,1673,TRUE,MRPL37
Q99436,Training_Old,545,1329,1874,TRUE,PSMB7
Q5VST9,Training_Old,642,1357,1999,TRUE,OBSCN
P06737,Training_Old,488,1380,1868,TRUE,PYGL
Q08623,Training_Old,362,1665,2027,TRUE,PUDP
P07585,Training_Old,454,1440,1894,TRUE,DCN
P53041,Training_Old,199,1617,1816,TRUE,PPP5C
P46939,Training_Old,347,1637,1984,TRUE,UTRN
P22059,Training_Old,948,733,1681,TRUE,OSBP
Q96AQ6,Training_Old,1095,1029,2124,TRUE,PBXIP1
O94826,Training_Old,263,1683,1946,TRUE,TOMM70
Q9UGL1,Training_Old,701,1028,1729,TRUE,KDM5B
Q14116,Training_Old,385,1300,1685,TRUE,IL18
Q96QK1,Training_Old,905,781,1686,TRUE,VPS35
Q9BTE6,Training_Old,330,1676,2006,TRUE,AARSD1
P39060,Training_Old,463,1650,2113,TRUE,COL18A1
P54652,Training_Old,401,1420,1821,TRUE,HSPA2
O95816,Training_Old,824,1190,2014,TRUE,BAG2
P54646,Training_Old,573,1142,1715,TRUE,PRKAA2
Q9NX14,Training_Old,580,1428,2008,TRUE,NDUFB11
Q9BXK5,Training_Old,541,1426,1967,TRUE,BCL2L13
P61769,Training_Old,515,1187,1702,TRUE,B2M
O95573,Training_Old,585,1487,2072,TRUE,ACSL3
P62826,Training_Old,1035,1060,2095,TRUE,RAN
Q92995,Training_Old,492,1626,2118,TRUE,USP13
O14983,Training_Old,200,1688,1888,TRUE,ATP2A1
P11182,Training_Old,390,1699,2089,TRUE,DBT
P13805,Training_Old,682,1237,1919,TRUE,TNNT1
O00168,Training_Old,845,856,1701,TRUE,FXYD1
P12956,Training_Old,746,956,1702,TRUE,XRCC6
P04080,Training_Old,801,1296,2097,TRUE,CSTB
Q05707,Training_Old,311,1521,1832,TRUE,COL14A1
Q16718,Training_Old,680,1336,2016,TRUE,NDUFA5
Q99798,Training_Old,1020,1034,2054,TRUE,ACO2
P56537,Training_Old,852,855,1707,TRUE,EIF6
O00757,Training_Old,601,1382,1983,TRUE,FBP2
P27816,Training_Old,636,1375,2011,TRUE,MAP4
O15056,Training_Old,422,1414,1836,TRUE,SYNJ2
P26440,Training_Old,359,1705,2064,TRUE,IVD
O60256,Training_Old,637,1451,2088,TRUE,PRPSAP2
O75112,Training_Old,296,1524,1820,TRUE,LDB3
Q9H9P8,Training_Old,357,1698,2055,TRUE,L2HGDH
Q9UDW1,Training_Old,845,1266,2111,TRUE,UQCR10
P06454,Training_Old,797,989,1786,TRUE,PTMA
Q8IYS1,Training_Old,449,1268,1717,TRUE,PM20D2
Q01484,Training_Old,283,1435,1718,TRUE,ANK2
P49257,Training_Old,358,1361,1719,TRUE,LMAN1
O75380,Training_Old,755,1369,2124,TRUE,NDUFS6
Q9NR28,Training_Old,292,1695,1987,TRUE,DIABLO
Q05086,Training_Old,562,1553,2115,TRUE,UBE3A
Q9UBQ7,Training_Old,678,1348,2026,TRUE,GRHPR
Q07955,Training_Old,471,1253,1724,TRUE,SRSF1
O75251,Training_Old,603,1289,1892,TRUE,NDUFS7
Q9Y5M8,Training_Old,843,883,1726,TRUE,SRPRB
Q00341,Training_Old,636,1091,1727,TRUE,HDLBP
O14556,Training_Old,236,1492,1728,TRUE,GAPDHS
P15259,Training_Old,766,1033,1799,TRUE,PGAM2
P51149,Training_Old,1009,1094,2103,TRUE,RAB7A
P49588,Training_Old,563,1494,2057,TRUE,AARS1
Q9Y3F4,Training_Old,586,1226,1812,TRUE,STRAP
P51648,Training_Old,237,1733,1970,TRUE,ALDH3A2
Q96FZ7,Training_Old,820,946,1766,TRUE,CHMP6
Q13555,Training_Old,276,1637,1913,TRUE,CAMK2G
P11142,Training_Old,713,1248,1961,TRUE,HSPA8
P52815,Training_Old,356,1381,1737,TRUE,MRPL12
Q9NR12,Training_Old,420,1347,1767,TRUE,PDLIM7
P49589,Training_Old,690,1049,1739,TRUE,CARS1
Q8WVM8,Training_Old,378,1726,2104,TRUE,SCFD1
Q8NB12,Training_Old,658,1387,2045,TRUE,SMYD1
P82914,Training_Old,355,1641,1996,TRUE,MRPS15
Q9Y2Z0,Training_Old,538,1205,1743,TRUE,SUGT1
Q96C11,Training_Old,601,1286,1887,TRUE,FGGY
O96008,Training_Old,764,981,1745,TRUE,TOMM40
Q15075,Training_Old,816,930,1746,TRUE,EEA1
P63146,Training_Old,179,1568,1747,TRUE,UBE2B
Q8TCT8,Training_Old,349,1748,2097,TRUE,SPPL2A
Q2TAA2,Training_Old,554,1568,2122,TRUE,IAH1
Q15637,Training_Old,472,1410,1882,TRUE,SF1
Q9H2U2,Training_Old,150,1733,1883,TRUE,PPA2
Q8N4T8,Training_Old,364,1752,2116,TRUE,CBR4
Q9UMS6,Training_Old,644,1392,2036,TRUE,SYNPO2
P19404,Training_Old,469,1538,2007,TRUE,NDUFV2
Q8N142,Training_Old,439,1528,1967,TRUE,ADSS1
Q9NQ50,Training_Old,375,1472,1847,TRUE,MRPL40
O95197,Training_Old,510,1247,1757,TRUE,RTN3
O75608,Training_Old,791,1084,1875,TRUE,LYPLA1
Q9NYU2,Training_Old,446,1624,2070,TRUE,UGGT1
P62424,Training_Old,615,1145,1760,TRUE,RPL7A
P47755,Training_Old,772,1074,1846,TRUE,CAPZA2
Q8IWA5,Training_Old,349,1571,1920,TRUE,SLC44A2
Q7Z3D6,Training_Old,505,1611,2116,TRUE,DGLUCY
Q96MG2,Training_Old,516,1462,1978,TRUE,JSRP1
Q9HA65,Training_Old,634,1471,2105,TRUE,TBC1D17
Q99460,Training_Old,538,1281,1819,TRUE,PSMD1
P55010,Training_Old,766,1090,1856,TRUE,EIF5
P52564,Training_Old,304,1677,1981,TRUE,MAP2K6
P49427,Training_Old,350,1569,1919,TRUE,CDC34
Q96CN7,Training_Old,561,1383,1944,TRUE,ISOC1
O14957,Training_Old,632,1162,1794,TRUE,UQCR11
Q9NQE9,Training_Old,542,1467,2009,TRUE,HINT3
Q9GZT9,Training_Old,878,926,1804,TRUE,EGLN1
Q9Y5P6,Training_Old,829,945,1774,TRUE,GMPPB
Q8NC51,Training_Old,783,992,1775,TRUE,SERBP1
P05165,Training_Old,481,1581,2062,TRUE,PCCA
P51888,Training_Old,325,1777,2102,TRUE,PRELP
Q9BRF8,Training_Old,493,1285,1778,TRUE,CPPED1
P62253,Training_Old,496,1595,2091,TRUE,UBE2G1
P62847,Training_Old,802,983,1785,TRUE,RPS24
O75955,Training_Old,797,984,1781,TRUE,FLOT1
P02462,Training_Old,232,1778,2010,TRUE,COL4A1
Q9HA64,Training_Old,487,1296,1783,TRUE,FN3KRP
P35080,Training_Old,448,1523,1971,TRUE,PFN2
P23297,Training_Old,469,1465,1934,TRUE,S100A1
P37840,Training_Old,197,1723,1920,TRUE,SNCA
P19237,Training_Old,720,1310,2030,TRUE,TNNI1
P00751,Training_Old,766,1022,1788,TRUE,CFB
Q12906,Training_Old,588,1203,1791,TRUE,ILF3
Q15018,Training_Old,575,1277,1852,TRUE,ABRAXAS2
Q9UDT6,Training_Old,404,1426,1830,TRUE,CLIP2
Q99426,Training_Old,813,979,1792,TRUE,TBCB
P00450,Training_Old,237,1793,2030,TRUE,CP
Q13011,Training_Old,712,1348,2060,TRUE,ECH1
Q9BRC7,Training_Old,672,1123,1795,TRUE,PLCD4
Q9NRP2,Training_Old,478,1630,2108,TRUE,CMC2
Q8WVI0,Training_Old,795,1031,1826,TRUE,SMIM4
P55822,Training_Old,720,1379,2099,TRUE,SH3BGR
Q9H3H3,Training_Old,588,1243,1831,TRUE,C11orf68
P30405,Training_Old,529,1434,1963,TRUE,PPIF
P56385,Training_Old,768,1323,2091,TRUE,ATP5ME
Q13586,Training_Old,719,1134,1853,TRUE,STIM1
O94812,Training_Old,573,1517,2090,TRUE,BAIAP3
P15954,Training_Old,454,1583,2037,TRUE,COX7C
P67775,Training_Old,648,1336,1984,TRUE,PPP2CA
O15273,Training_Old,301,1806,2107,TRUE,TCAP
P00738,Training_Old,272,1640,1912,TRUE,HP
P55036,Training_Old,773,1259,2032,TRUE,PSMD4
P33992,Training_Old,568,1472,2040,TRUE,MCM5
O96007,Training_Old,969,1102,2071,TRUE,MOCS2
Q9UH92,Training_Old,227,1811,2038,TRUE,MLX
P43007,Training_Old,1122,690,1812,TRUE,SLC1A4
P05155,Training_Old,596,1217,1813,TRUE,SERPING1
P28749,Training_Old,904,1160,2064,TRUE,RBL1
Q8NBF2,Training_Old,258,1703,1961,TRUE,NHLRC2
Q9P0I2,Training_Old,350,1699,2049,TRUE,EMC3
P05166,Training_Old,807,1010,1817,TRUE,PCCB
O43920,Training_Old,626,1392,2018,TRUE,NDUFS5
Q92530,Training_Old,431,1388,1819,TRUE,PSMF1
P13647,Training_Old,360,1486,1846,TRUE,KRT5
P62195,Training_Old,489,1424,1913,TRUE,PSMC5
Q96C23,Training_Old,875,947,1822,TRUE,GALM
Q8IXV7,Training_Old,470,1405,1875,TRUE,KLHDC8B
P48735,Training_Old,563,1453,2016,TRUE,IDH2
Q9NP77,Training_Old,1353,734,2087,TRUE,SSU72
Q8IZ83,Training_Old,767,1059,1826,TRUE,ALDH16A1
Q9BV57,Training_Old,407,1454,1861,TRUE,ADI1
P31040,Training_Old,839,1229,2068,TRUE,SDHA
Q9Y623,Training_Old,278,1655,1933,TRUE,MYH4
P61224,Training_Old,481,1521,2002,TRUE,RAP1B
Q9UQN3,Training_Old,559,1428,1987,TRUE,CHMP2B
Q9UJY1,Training_Old,828,1004,1832,TRUE,HSPB8
O14958,Training_Old,563,1454,2017,TRUE,CASQ2
O43776,Training_Old,684,1150,1834,TRUE,NARS1
Q9NR46,Training_Old,1117,771,1888,TRUE,SH3GLB2
Q9Y2Q5,Training_Old,854,987,1841,TRUE,LAMTOR2
P09497,Training_Old,639,1381,2020,TRUE,CLTB
P49773,Training_Old,812,1299,2111,TRUE,HINT1
P08123,Training_Old,228,1839,2067,TRUE,COL1A2
O75323,Training_Old,771,1304,2075,TRUE,NIPSNAP2
P36543,Training_Old,452,1512,1964,TRUE,ATP6V1E1
Q13884,Training_Old,545,1543,2088,TRUE,SNTB1
P05455,Training_Old,816,1027,1843,TRUE,SSB
P31937,Training_Old,798,1309,2107,TRUE,HIBADH
Q92506,Training_Old,196,1742,1938,TRUE,HSD17B8
Q00688,Training_Old,482,1585,2067,TRUE,FKBP3
P04075,Training_Old,922,925,1847,TRUE,ALDOA
A8MXV4,Training_Old,742,1106,1848,TRUE,NUDT19
Q9HBL7,Training_Old,252,1835,2087,TRUE,PLGRKT
Q709C8,Training_Old,387,1490,1877,TRUE,VPS13C
Q16134,Training_Old,711,1391,2102,TRUE,ETFDH
O00499,Training_Old,1329,713,2042,TRUE,BIN1
Q15257,Training_Old,774,1302,2076,TRUE,PTPA
P02751,Training_Old,280,1824,2104,TRUE,FN1
O75390,Training_Old,842,1224,2066,TRUE,CS
P01860,Training_Old,386,1507,1893,TRUE,IGHG3
P18077,Training_Old,1047,810,1857,TRUE,RPL35A
Q8NE71,Training_Old,703,1155,1858,TRUE,ABCF1
Q7L0Y3,Training_Old,419,1440,1859,TRUE,TRMT10C
P14314,Training_Old,424,1581,2005,TRUE,PRKCSH
P02768,Training_Old,1403,458,1861,TRUE,ALB
P21810,Training_Old,362,1661,2023,TRUE,BGN
O95372,Training_Old,303,1665,1968,TRUE,LYPLA2
Q16543,Training_Old,410,1477,1887,TRUE,CDC37
Q9HDC5,Training_Old,395,1667,2062,TRUE,JPH1
Q9UPN7,Training_Old,1203,680,1883,TRUE,PPP6R1
Q9NP98,Training_Old,257,1697,1954,TRUE,MYOZ1
Q13825,Training_Old,502,1384,1886,TRUE,AUH
Q9P0J0,Training_Old,388,1642,2030,TRUE,NDUFA13
P20929,Training_Old,307,1668,1975,TRUE,NEB
P08590,Training_Old,482,1586,2068,TRUE,MYL3
Q9UBW8,Training_Old,470,1551,2021,TRUE,COPS7A
P98179,Training_Old,583,1290,1873,TRUE,RBM3
P24311,Training_Old,114,1851,1965,TRUE,COX7B
P19338,Training_Old,630,1363,1993,TRUE,NCL
Q14974,Training_Old,735,1368,2103,TRUE,KPNB1
P68371,Training_Old,730,1356,2086,TRUE,TUBB4B
Q9UNM6,Training_Old,435,1443,1878,TRUE,PSMD13
P08237,Training_Old,812,1262,2074,TRUE,PFKM
O95218,Training_Old,575,1342,1917,TRUE,ZRANB2
P01024,Training_Old,379,1709,2088,TRUE,C3
P84243,Training_Old,273,1708,1981,TRUE,H3-3A
O95822,Training_Old,388,1716,2104,TRUE,MLYCD
Q08357,Training_Old,180,1884,2064,TRUE,SLC20A2
P81605,Training_Old,646,1405,2051,TRUE,DCD
P02787,Training_Old,295,1689,1984,TRUE,TF
Q00765,Training_Old,747,1300,2047,TRUE,REEP5
Q96Q83,Training_Old,1341,773,2114,TRUE,ALKBH3
P17858,Training_Old,410,1600,2010,TRUE,PFKL
P30153,Training_Old,558,1432,1990,TRUE,PPP2R1A
Q8IYQ7,Training_Old,959,1126,2085,TRUE,THNSL1
Q15363,Training_Old,632,1269,1901,TRUE,TMED2
O00303,Training_Old,622,1489,2111,TRUE,EIF3F
Q9NRP0,Training_Old,731,1163,1894,TRUE,OSTC
Q9UDY4,Training_Old,507,1388,1895,TRUE,DNAJB4
Q7L1Q6,Training_Old,272,1711,1983,TRUE,BZW1
O15371,Training_Old,869,1028,1897,TRUE,EIF3D
P25788,Training_Old,418,1533,1951,TRUE,PSMA3
P08572,Training_Old,224,1899,2123,TRUE,COL4A2
Q9H2H8,Training_Old,325,1729,2054,TRUE,PPIL3
P60174,Training_Old,747,1354,2101,TRUE,TPI1
Q15172,Training_Old,550,1439,1989,TRUE,PPP2R5A
Q13131,Training_Old,895,1009,1904,TRUE,PRKAA1
O96000,Training_Old,583,1526,2109,TRUE,NDUFB10
P29317,Training_Old,363,1676,2039,TRUE,EPHA2
Q8WW12,Training_Old,752,1295,2047,TRUE,PCNP
Q9BZL1,Training_Old,348,1698,2046,TRUE,UBL5
O95278,Training_Old,197,1865,2062,TRUE,EPM2A
P23109,Training_Old,390,1671,2061,TRUE,AMPD1
P24310,Training_Old,324,1660,1984,TRUE,COX7A1
P46976,Training_Old,795,1238,2033,TRUE,GYG1
O00410,Training_Old,413,1499,1912,TRUE,IPO5
P36957,Training_Old,384,1665,2049,TRUE,DLST
P48047,Training_Old,457,1634,2091,TRUE,ATP5PO
P16930,Training_Old,324,1602,1926,TRUE,FAH
P36959,Training_Old,342,1652,1994,TRUE,GMPR
O60237,Training_Old,357,1745,2102,TRUE,PPP1R12B
Q9BSE5,Training_Old,416,1522,1938,TRUE,AGMAT
Q9UI09,Training_Old,486,1577,2063,TRUE,NDUFA12
O43633,Training_Old,699,1276,1975,TRUE,CHMP2A
P25705,Training_Old,727,1360,2087,TRUE,ATP5F1A
Q05519,Training_Old,540,1449,1989,TRUE,SRSF11
P29144,Training_Old,654,1305,1959,TRUE,TPP2
Q9Y2H6,Training_Old,229,1784,2013,TRUE,FNDC3A
Q9NWU5,Training_Old,142,1872,2014,TRUE,MRPL22
Q5JRX3,Training_Old,460,1564,2024,TRUE,PITRM1
Q9UBR2,Training_Old,539,1473,2012,TRUE,CTSZ
P07099,Training_Old,454,1629,2083,TRUE,EPHX1
P25787,Training_Old,687,1420,2107,TRUE,PSMA2
Q8WWV3,Training_Old,556,1433,1989,TRUE,RTN4IP1
Q5VTT5,Training_Old,354,1762,2116,TRUE,MYOM3
P03886,Training_Old,496,1589,2085,TRUE,MT-ND1
P36955,Training_Old,726,1207,1933,TRUE,SERPINF1
Q99714,Training_Old,376,1558,1934,TRUE,HSD17B10
Q9BUK0,Training_Old,539,1486,2025,TRUE,CHCHD7
Q9Y6C9,Training_Old,568,1513,2081,TRUE,MTCH2
Q07507,Training_Old,422,1515,1937,TRUE,DPT
P35637,Training_Old,836,1102,1938,TRUE,FUS
O43617,Training_Old,1180,759,1939,TRUE,TRAPPC3
Q9H9A6,Training_Old,745,1195,1940,TRUE,LRRC40
Q5BKX8,Training_Old,575,1453,2028,TRUE,CAVIN4
Q9P0J6,Training_Old,535,1572,2107,TRUE,MRPL36
Q96BW5,Training_Old,204,1739,1943,TRUE,PTER
Q9UJU6,Training_Old,584,1360,1944,TRUE,DBNL
Q8WX93,Training_Old,529,1416,1945,TRUE,PALLD
O75521,Training_Old,549,1559,2108,TRUE,ECI2
Q96A57,Training_Old,877,1070,1947,TRUE,TMEM230
Q5VWZ2,Training_Old,250,1753,2003,TRUE,LYPLAL1
O95861,Training_Old,531,1502,2033,TRUE,BPNT1
P15170,Training_Old,1057,893,1950,TRUE,GSPT1
Q96FJ2,Training_Old,375,1704,2079,TRUE,DYNLL2
P04264,Training_Old,317,1756,2073,TRUE,KRT1
O95433,Training_Old,745,1208,1953,TRUE,AHSA1
P53992,Training_Old,306,1648,1954,TRUE,SEC24C
P18085,Training_Old,428,1607,2035,TRUE,ARF4
Q9H479,Training_Old,383,1573,1956,TRUE,FN3K
Q9BY44,Training_Old,794,1191,1985,TRUE,EIF2A
P51970,Training_Old,512,1567,2079,TRUE,NDUFA8
P63241,Training_Old,537,1490,2027,TRUE,EIF5A
Q9HCU5,Training_Old,850,1230,2080,TRUE,PREB
P49821,Training_Old,521,1555,2076,TRUE,NDUFV1
Q5VW32,Training_Old,596,1400,1996,TRUE,BROX
P00403,Training_Old,707,1366,2073,TRUE,MT-CO2
P30084,Training_Old,379,1679,2058,TRUE,ECHS1
P07237,Training_Old,610,1371,1981,TRUE,P4HB
O95139,Training_Old,562,1530,2092,TRUE,NDUFB6
P53701,Training_Old,991,976,1967,TRUE,HCCS
Q9P2R7,Training_Old,689,1332,2021,TRUE,SUCLA2
P35221,Training_Old,960,1009,1969,TRUE,CTNNA1
O15498,Training_Old,940,1166,2106,TRUE,YKT6
Q09666,Training_Old,484,1635,2119,TRUE,AHNAK
Q9NXA8,Training_Old,751,1221,1972,TRUE,SIRT5
Q9H8S9,Training_Old,1418,639,2057,TRUE,MOB1A
Q13153,Training_Old,491,1562,2053,TRUE,PAK1
P17948,Training_Old,268,1707,1975,TRUE,FLT1
Q9Y512,Training_Old,742,1349,2091,TRUE,SAMM50
Q6XQN6,Training_Old,333,1644,1977,TRUE,NAPRT
A6NDG6,Training_Old,445,1533,1978,TRUE,PGP
Q5JTJ3,Training_Old,788,1204,1992,TRUE,COA6
P22234,Training_Old,885,1095,1980,TRUE,PAICS
Q9NVH1,Training_Old,294,1752,2046,TRUE,DNAJC11
Q7Z4G1,Training_Old,296,1686,1982,TRUE,COMMD6
P02766,Training_Old,504,1559,2063,TRUE,TTR
Q14165,Training_Old,539,1503,2042,TRUE,MLEC
Q15717,Training_Old,384,1601,1985,TRUE,ELAVL1
Q8N5G0,Training_Old,552,1550,2102,TRUE,SMIM20
Q9NP74,Training_Old,677,1310,1987,TRUE,PALMD
P63151,Training_Old,505,1483,1988,TRUE,PPP2R2A
Q86U28,Training_Old,387,1678,2065,TRUE,ISCA2
Q9BUR5,Training_Old,311,1679,1990,TRUE,APOO
P54819,Training_Old,440,1566,2006,TRUE,AK2
P04843,Training_Old,743,1288,2031,TRUE,RPN1
Q96A26,Training_Old,538,1512,2050,TRUE,FAM162A
P25786,Training_Old,524,1470,1994,TRUE,PSMA1
O14548,Training_Old,345,1723,2068,TRUE,COX7A2L
P27105,Training_Old,489,1588,2077,TRUE,STOM
P28331,Training_Old,500,1552,2052,TRUE,NDUFS1
O43768,Training_Old,802,1210,2012,TRUE,ENSA
Q8WUM4,Training_Old,818,1181,1999,TRUE,PDCD6IP
Q9NTM9,Training_Old,607,1508,2115,TRUE,CUTC
P22570,Training_Old,967,1034,2001,TRUE,FDXR
Q14677,Training_Old,323,1687,2010,TRUE,CLINT1
O43583,Training_Old,568,1491,2059,TRUE,DENR
Q8TDX7,Training_Old,734,1283,2017,TRUE,NEK7
Q8IYB8,Training_Old,302,1768,2070,TRUE,SUPV3L1
Q13492,Training_Old,775,1272,2047,TRUE,PICALM
Q7Z698,Training_Old,318,1778,2096,TRUE,SPRED2
Q8TD19,Training_Old,928,1080,2008,TRUE,NEK9
P11233,Training_Old,655,1448,2103,TRUE,RALA
Q9NP81,Training_Old,781,1229,2010,TRUE,SARS2
Q08211,Training_Old,798,1213,2011,TRUE,DHX9
Q00169,Training_Old,893,1135,2028,TRUE,PITPNA
P55072,Training_Old,464,1549,2013,TRUE,VCP
Q14249,Training_Old,528,1515,2043,TRUE,ENDOG
O00505,Training_Old,947,1068,2015,TRUE,KPNA3
P13535,Training_Old,577,1492,2069,TRUE,MYH8
Q9ULC4,Training_Old,465,1552,2017,TRUE,MCTS1
Q8WW59,Training_Old,529,1588,2117,TRUE,SPRYD4
Q8WZ42,Training_Old,521,1587,2108,TRUE,TTN
O75534,Training_Old,650,1445,2095,TRUE,CSDE1
O43488,Training_Old,658,1398,2056,TRUE,AKR7A2
P20618,Training_Old,495,1527,2022,TRUE,PSMB1
P60842,Training_Old,483,1555,2038,TRUE,EIF4A1
P06748,Training_Old,323,1701,2024,TRUE,NPM1
O75431,Training_Old,429,1596,2025,TRUE,MTX2
P13073,Training_Old,773,1267,2040,TRUE,COX4I1
P35659,Training_Old,709,1345,2054,TRUE,DEK
P14550,Training_Old,803,1298,2101,TRUE,AKR1A1
Q9GZZ1,Training_Old,799,1230,2029,TRUE,NAA50
P02452,Training_Old,239,1791,2030,TRUE,COL1A1
P20290,Training_Old,329,1790,2119,TRUE,BTF3
P11047,Training_Old,476,1556,2032,TRUE,LAMC1
Q712K3,Training_Old,788,1245,2033,TRUE,UBE2R2
P48426,Training_Old,1430,604,2034,TRUE,PIP4K2A
P35914,Training_Old,599,1468,2067,TRUE,HMGCL
Q13617,Training_Old,1178,858,2036,TRUE,CUL2
P56211,Training_Old,595,1525,2120,TRUE,ARPP19
P51659,Training_Old,543,1495,2038,TRUE,HSD17B4
P49721,Training_Old,547,1492,2039,TRUE,PSMB2
P31948,Training_Old,701,1339,2040,TRUE,STIP1
Q9UHL4,Training_Old,1097,1024,2121,TRUE,DPP7
Q8TAT6,Training_Old,926,1165,2091,TRUE,NPLOC4
Q9H3N1,Training_Old,757,1347,2104,TRUE,TMX1
Q3ZCQ8,Training_Old,825,1219,2044,TRUE,TIMM50
P30536,Training_Old,593,1452,2045,TRUE,TSPO
Q8WUM0,Training_Old,325,1761,2086,TRUE,NUP133
O00483,Training_Old,464,1626,2090,TRUE,NDUFA4
Q9H2I8,Training_Old,345,1777,2122,TRUE,LRMDA
Q53H82,Training_Old,952,1108,2060,TRUE,LACTB2
O95865,Training_Old,925,1125,2050,TRUE,DDAH2
P49406,Training_Old,205,1877,2082,TRUE,MRPL19
P48444,Training_Old,712,1340,2052,TRUE,ARCN1
Q08209,Training_Old,421,1632,2053,TRUE,PPP3CA
Q96S19,Training_Old,781,1273,2054,TRUE,METTL26
Q96FV2,Training_Old,485,1570,2055,TRUE,SCRN2
P05386,Training_Old,606,1450,2056,TRUE,RPLP1
Q13418,Training_Old,800,1257,2057,TRUE,ILK
Q9BQS8,Training_Old,525,1548,2073,TRUE,FYCO1
Q8NCA5,Training_Old,246,1866,2112,TRUE,FAM98A
P12236,Training_Old,272,1844,2116,TRUE,SLC25A6
Q92614,Training_Old,449,1612,2061,TRUE,MYO18A
Q9BXJ9,Training_Old,304,1758,2062,TRUE,NAA15
Q9HCC0,Training_Old,516,1547,2063,TRUE,MCCC2
P36776,Training_Old,597,1482,2079,TRUE,LONP1
P22626,Training_Old,644,1421,2065,TRUE,HNRNPA2B1
O95168,Training_Old,535,1531,2066,TRUE,NDUFB4
Q12955,Training_Old,807,1260,2067,TRUE,ANK3
P02533,Training_Old,229,1854,2083,TRUE,KRT14
P52209,Training_Old,645,1430,2075,TRUE,PGD
Q02218,Training_Old,693,1392,2085,TRUE,OGDH
O00217,Training_Old,325,1746,2071,TRUE,NDUFS8
P15927,Training_Old,834,1238,2072,TRUE,RPA2
P59666,Training_Old,405,1715,2120,TRUE,DEFA3
Q9H845,Training_Old,878,1227,2105,TRUE,ACAD9
Q86V81,Training_Old,341,1734,2075,TRUE,ALYREF
Q16774,Training_Old,683,1431,2114,TRUE,GUK1
O75688,Training_Old,858,1219,2077,TRUE,PPM1B
Q16740,Training_Old,441,1682,2123,TRUE,CLPP
Q52LJ0,Training_Old,968,1111,2079,TRUE,FAM98B
P48556,Training_Old,580,1513,2093,TRUE,PSMD8
P57105,Training_Old,624,1490,2114,TRUE,SYNJ2BP
P10644,Training_Old,812,1270,2082,TRUE,PRKAR1A
Q8N5N7,Training_Old,452,1631,2083,TRUE,MRPL50
O75569,Training_Old,353,1731,2084,TRUE,PRKRA
Q01432,Training_Old,209,1876,2085,TRUE,AMPD3
Q9UBC2,Training_Old,923,1173,2096,TRUE,EPS15L1
P49023,Training_Old,1271,816,2087,TRUE,PXN
P49720,Training_Old,612,1485,2097,TRUE,PSMB3
Q7Z406,Training_Old,545,1567,2112,TRUE,MYH14
Q9Y613,Training_Old,768,1322,2090,TRUE,FHOD1
Q9NVI7,Training_Old,407,1684,2091,TRUE,ATAD3A
Q08043,Training_Old,118,2004,2122,TRUE,ACTN3
P04844,Training_Old,575,1542,2117,TRUE,RPN2
O43676,Training_Old,645,1449,2094,TRUE,NDUFB3
Q13085,Training_Old,347,1748,2095,TRUE,ACACA
P46776,Training_Old,623,1501,2124,TRUE,RPL27A
Q8N183,Training_Old,398,1700,2098,TRUE,NDUFAF2
Q9P2T1,Training_Old,632,1466,2098,TRUE,GMPR2
P82979,Training_Old,1200,911,2111,TRUE,SARNP
Q8IXL7,Training_Old,307,1815,2122,TRUE,MSRB3
Q7LG56,Training_Old,644,1457,2101,TRUE,RRM2B
Q14980,Training_Old,102,2007,2109,TRUE,NUMA1
P35244,Training_Old,1024,1085,2109,TRUE,RPA3
P07814,Training_Old,707,1397,2104,TRUE,EPRS1
P05787,Training_Old,124,1981,2105,TRUE,KRT8
Q9UIJ7,Training_Old,434,1672,2106,TRUE,AK3
P12081,Training_Old,946,1161,2107,TRUE,HARS1
P99999,Training_Old,380,1728,2108,TRUE,CYCS
P07737,Training_Old,892,1217,2109,TRUE,PFN1
Q9UFN0,Training_Old,125,1996,2121,TRUE,NIPSNAP3A
P09382,Training_Old,386,1726,2112,TRUE,LGALS1
P02763,Training_Old,215,1897,2112,TRUE,ORM1
Q13310,Training_Old,401,1712,2113,TRUE,PABPC4
P08559,Training_Old,789,1325,2114,TRUE,PDHA1
P30533,Training_Old,1088,1027,2115,TRUE,LRPAP1
O95777,Training_Old,1385,731,2116,TRUE,LSM8
Q8TEA8,Training_Old,901,1216,2117,TRUE,DTD1
Q6IAA8,Training_Old,936,1182,2118,TRUE,LAMTOR1
P08311,Training_Old,176,1943,2119,TRUE,CTSG
Q96E11,Training_Old,306,1814,2120,TRUE,MRRF
P63208,Training_Old,575,1546,2121,TRUE,SKP1
P53597,Training_Old,587,1535,2122,TRUE,SUCLG1
Q03252,Training_Old,524,1599,2123,TRUE,LMNB2
Q86VP6,Training_Old,701,1423,2124,TRUE,CAND1
Q96FW1,Aging,11,1,12,FALSE,OTUB1
P62081,Aging,983,2,985,TRUE,RPS7
Q15149,Aging,1511,2,1513,TRUE,PLEC
Q5VST9,Aging,1417,3,1420,TRUE,OBSCN
Q9UBR2,Aging,13,1,14,FALSE,CTSZ
P51665,Aging,2036,6,2042,TRUE,PSMD7
P26583,Aging,6,5,11,FALSE,HMGB2
Q9H987,Aging,575,8,583,TRUE,SYNPO2L
Q8WZ42,Aging,762,8,770,TRUE,TTN
Q6P5Q4,Aging,424,10,434,TRUE,LMOD2
P35914,Aging,24,11,35,FALSE,HMGCL
Q13907,Aging,7,5,12,FALSE,IDI1
Q5TGZ0,Aging,1289,13,1302,TRUE,MICOS10
Q9NZM1,Aging,1630,14,1644,TRUE,MYOF
P07451,Aging,154,13,167,TRUE,CA3
P40939,Aging,105,16,121,TRUE,HADHA
P17661,Aging,946,16,962,TRUE,DES
Q13501,Aging,2075,18,2093,TRUE,SQSTM1
Q6DKJ4,Aging,24,10,34,FALSE,NXN
P20929,Aging,1031,18,1049,TRUE,NEB
Q8IW45,Aging,14,8,22,FALSE,NAXD
Q6IAN0,Aging,1988,22,2010,TRUE,DHRS7B
O43488,Aging,22,1,23,FALSE,AKR7A2
P07602,Aging,40,1,41,FALSE,PSAP
O00151,Aging,19,25,44,FALSE,PDLIM1
P21397,Aging,22,5,27,FALSE,MAOA
Q8N335,Aging,295,10,305,TRUE,GPD1L
Q7Z4W1,Aging,14,22,36,FALSE,DCXR
Q15772,Aging,2084,29,2113,TRUE,SPEG
Q9NRX4,Aging,84,17,101,TRUE,PHPT1
P55084,Aging,208,26,234,TRUE,HADHB
Q5VTT5,Aging,1158,32,1190,TRUE,MYOM3
Q96Q06,Aging,44,28,72,FALSE,PLIN4
P26641,Aging,1786,13,1799,TRUE,EEF1G
Q9Y508,Aging,32,3,35,FALSE,RNF114
P30084,Aging,82,36,118,TRUE,ECHS1
Q99807,Aging,28,37,65,FALSE,COQ7
Q13228,Aging,84,13,97,TRUE,SELENBP1
Q9UM22,Aging,33,6,39,FALSE,EPDR1
P83731,Aging,2025,40,2065,TRUE,RPL24
P46783,Aging,1783,41,1824,TRUE,RPS10
P63104,Aging,22,42,64,FALSE,YWHAZ
P07339,Aging,48,16,64,FALSE,CTSD
P54296,Aging,2050,34,2084,TRUE,MYOM2
Q7L1Q6,Aging,1823,45,1868,TRUE,BZW1
O00487,Aging,1247,46,1293,TRUE,PSMD14
O95210,Aging,2044,24,2068,TRUE,STBD1
Q16595,Aging,34,14,48,FALSE,FXN
P24752,Aging,248,49,297,TRUE,ACAT1
Q99613,Aging,2046,32,2078,TRUE,EIF3C
P27338,Aging,39,45,84,FALSE,MAOB
P04179,Aging,127,2,129,TRUE,SOD2
P48735,Aging,426,39,465,TRUE,IDH2
Q9Y320,Aging,1538,54,1592,TRUE,TMX2
P02750,Aging,49,6,55,FALSE,LRG1
P36776,Aging,31,25,56,FALSE,LONP1
P62979,Aging,1645,31,1676,TRUE,RPS27A
A1L4K1,Aging,1934,58,1992,TRUE,FSD2
O95292,Aging,1780,40,1820,TRUE,VAPB
P62937,Aging,90,18,108,TRUE,PPIA
P43155,Aging,236,44,280,TRUE,CRAT
P15374,Aging,1878,57,1935,TRUE,UCHL3
Q02978,Aging,2025,60,2085,TRUE,SLC25A11
P51649,Aging,74,21,95,TRUE,ALDH5A1
Q9UMS6,Aging,1952,51,2003,TRUE,SYNPO2
P09429,Aging,20,54,74,FALSE,HMGB1
Q96AG3,Aging,315,44,359,TRUE,SLC25A46
P03905,Aging,1800,66,1866,TRUE,MT-ND4
Q07960,Aging,2008,69,2077,TRUE,ARHGAP1
O43776,Aging,1773,70,1843,TRUE,NARS1
Q16555,Aging,35,71,106,FALSE,DPYSL2
P67936,Aging,149,49,198,TRUE,TPM4
Q5HYK3,Aging,21,52,73,FALSE,COQ5
P11310,Aging,97,53,150,TRUE,ACADM
O75369,Aging,1902,38,1940,TRUE,FLNB
Q9Y696,Aging,1987,76,2063,TRUE,CLIC4
P10828,Aging,1123,72,1195,TRUE,THRB
P51687,Aging,45,33,78,FALSE,SUOX
Q7Z434,Aging,54,25,79,TRUE,MAVS
P52566,Aging,58,22,80,TRUE,ARHGDIB
P25325,Aging,75,23,98,TRUE,MPST
O15061,Aging,1686,73,1759,TRUE,SYNM
P60953,Aging,31,65,96,FALSE,CDC42
Q9H2I8,Aging,2064,47,2111,TRUE,LRMDA
P08670,Aging,1848,56,1904,TRUE,VIM
Q15006,Aging,1952,86,2038,TRUE,EMC2
Q13203,Aging,1305,86,1391,TRUE,MYBPH
Q9BV23,Aging,1906,88,1994,TRUE,ABHD6
P42126,Aging,242,31,273,TRUE,ECI1
Q16821,Aging,1680,90,1770,TRUE,PPP1R3A
Q6IAA8,Aging,208,58,266,TRUE,LAMTOR1
Q16543,Aging,75,17,92,TRUE,CDC37
Q02252,Aging,45,48,93,FALSE,ALDH6A1
Q8TCU6,Aging,1610,94,1704,TRUE,PREX1
P30533,Aging,76,19,95,TRUE,LRPAP1
P38117,Aging,121,71,192,TRUE,ETFB
Q86X55,Aging,1933,97,2030,TRUE,CARM1
Q5TDH0,Aging,1414,69,1483,TRUE,DDI2
O43707,Aging,1117,83,1200,TRUE,ACTN4
P52179,Aging,1998,68,2066,TRUE,MYOM1
P13804,Aging,195,64,259,TRUE,ETFA
Q99541,Aging,161,92,253,TRUE,PLIN2
Q8IVN3,Aging,1304,102,1406,TRUE,MUSTN1
Q13424,Aging,1870,104,1974,TRUE,SNTA1
Q96HC4,Aging,1949,42,1991,TRUE,PDLIM5
P00450,Aging,53,53,106,TRUE,CP
Q9BYV2,Aging,1906,107,2013,TRUE,TRIM54
O60271,Aging,1967,98,2065,TRUE,SPAG9
Q9P0I2,Aging,1940,109,2049,TRUE,EMC3
P09493,Aging,1401,100,1501,TRUE,TPM1
Q01518,Aging,23,91,114,FALSE,CAP1
P35609,Aging,1098,107,1205,TRUE,ACTN2
P48788,Aging,1415,89,1504,TRUE,TNNI2
P62266,Aging,1918,113,2031,TRUE,RPS23
P63173,Aging,1686,115,1801,TRUE,RPL38
P19338,Aging,99,44,143,TRUE,NCL
P30041,Aging,438,76,514,TRUE,PRDX6
Q2TBA0,Aging,1531,112,1643,TRUE,KLHL40
Q14315,Aging,1975,26,2001,TRUE,FLNC
P09601,Aging,1444,120,1564,TRUE,HMOX1
P53041,Aging,48,80,128,FALSE,PPP5C
P20810,Aging,1896,122,2018,TRUE,CAST
P12277,Aging,1026,81,1107,TRUE,CKB
P62333,Aging,1399,115,1514,TRUE,PSMC6
Q9UKG1,Aging,116,71,187,TRUE,APPL1
P12814,Aging,1147,115,1262,TRUE,ACTN1
P35268,Aging,1989,123,2112,TRUE,RPL22
Q92879,Aging,1894,128,2022,TRUE,CELF1
Q14974,Aging,1374,99,1473,TRUE,KPNB1
Q16836,Aging,392,47,439,TRUE,HADH
P62318,Aging,1527,131,1658,TRUE,SNRPD3
P62750,Aging,1959,132,2091,TRUE,RPL23A
P19971,Aging,1977,133,2110,TRUE,TYMP
O43390,Aging,1464,134,1598,TRUE,HNRNPR
P09104,Aging,1896,70,1966,TRUE,ENO2
P78527,Aging,403,127,530,TRUE,PRKDC
P20231,Aging,37,135,172,FALSE,TPSB2
P16989,Aging,1823,138,1961,TRUE,YBX3
P23786,Aging,120,20,140,TRUE,CPT2
P03891,Aging,1715,137,1852,TRUE,MT-ND2
Q9NX47,Aging,1899,141,2040,TRUE,MARCHF5
P53992,Aging,164,142,306,TRUE,SEC24C
Q96RQ3,Aging,95,48,143,TRUE,MCCC1
O95865,Aging,187,82,269,TRUE,DDAH2
P20807,Aging,1962,142,2104,TRUE,CAPN3
P63167,Aging,67,137,204,TRUE,DYNLL1
Q13011,Aging,221,111,332,TRUE,ECH1
P63172,Aging,1867,141,2008,TRUE,DYNLT1
P51858,Aging,51,98,149,TRUE,HDGF
P48507,Aging,1924,145,2069,TRUE,GCLM
P61086,Aging,111,40,151,TRUE,UBE2K
P05166,Aging,180,78,258,TRUE,PCCB
P30038,Aging,266,23,289,TRUE,ALDH4A1
O43242,Aging,1326,154,1480,TRUE,PSMD3
P07858,Aging,117,38,155,TRUE,CTSB
O60664,Aging,143,86,229,TRUE,PLIN3
P61247,Aging,1832,137,1969,TRUE,RPS3A
P46776,Aging,1812,158,1970,TRUE,RPL27A
P50579,Aging,141,18,159,TRUE,METAP2
E9PAV3,Aging,1394,113,1507,TRUE,NACA
Q99735,Aging,1946,161,2107,TRUE,MGST2
Q86VF7,Aging,1669,162,1831,TRUE,NRAP
P35998,Aging,1133,139,1272,TRUE,PSMC2
Q15124,Aging,96,72,168,TRUE,PGM5
P52907,Aging,1927,140,2067,TRUE,CAPZA1
Q8TED0,Aging,1630,133,1763,TRUE,UTP15
Q08043,Aging,1078,159,1237,TRUE,ACTN3
P50402,Aging,166,2,168,TRUE,EMD
P16930,Aging,126,43,169,TRUE,FAH
Q9UM00,Aging,1510,170,1680,TRUE,TMCO1
P39656,Aging,1426,171,1597,TRUE,DDOST
P02795,Aging,101,108,209,TRUE,MT2A
P48509,Aging,1910,170,2080,TRUE,CD151
Q9NZ45,Aging,383,174,557,TRUE,CISD1
Q02790,Aging,99,76,175,TRUE,FKBP4
P47755,Aging,1885,143,2028,TRUE,CAPZA2
P54727,Aging,232,4,236,TRUE,RAD23B
Q9NP98,Aging,1245,164,1409,TRUE,MYOZ1
P45378,Aging,1536,156,1692,TRUE,TNNT3
P42765,Aging,279,101,380,TRUE,ACAA2
Q86V88,Aging,348,131,479,TRUE,MDP1
Q9UBI6,Aging,1574,182,1756,TRUE,GNG12
P31939,Aging,1434,179,1613,TRUE,ATIC
Q6UW68,Aging,1709,184,1893,TRUE,TMEM205
Q93100,Aging,1773,144,1917,TRUE,PHKB
Q16762,Aging,84,102,186,TRUE,TST
P45985,Aging,1776,187,1963,TRUE,MAP2K4
Q86Y39,Aging,1775,174,1949,TRUE,NDUFA11
O75880,Aging,1638,189,1827,TRUE,SCO1
P51570,Aging,100,152,252,TRUE,GALK1
Q00059,Aging,80,111,191,TRUE,TFAM
Q9NVS9,Aging,92,192,284,TRUE,PNPO
P07951,Aging,1495,183,1678,TRUE,TPM2
P62072,Aging,93,101,194,TRUE,TIMM10
O75821,Aging,1300,195,1495,TRUE,EIF3G
P20340,Aging,77,127,204,TRUE,RAB6A
Q9BPX6,Aging,304,149,453,TRUE,MICU1
P27348,Aging,133,92,225,TRUE,YWHAQ
P39019,Aging,1507,199,1706,TRUE,RPS19
Q8WVM8,Aging,145,55,200,TRUE,SCFD1
Q9Y2H6,Aging,1188,195,1383,TRUE,FNDC3A
P49207,Aging,1593,202,1795,TRUE,RPL34
P35241,Aging,154,108,262,TRUE,RDX
P43686,Aging,983,204,1187,TRUE,PSMC4
P05452,Aging,210,177,387,TRUE,CLEC3B
Q96A33,Aging,1805,206,2011,TRUE,CCDC47
Q9NZL9,Aging,118,202,320,TRUE,MAT2B
P21333,Aging,1946,92,2038,TRUE,FLNA
Q9Y383,Aging,260,132,392,TRUE,LUC7L2
P46019,Aging,1830,168,1998,TRUE,PHKA2
P50851,Aging,1228,207,1435,TRUE,LRBA
Q13510,Aging,146,126,272,TRUE,ASAH1
P68366,Aging,2017,91,2108,TRUE,TUBA4A
Q9H0N5,Aging,279,54,333,TRUE,PCBD2
P09525,Aging,78,137,215,TRUE,ANXA4
Q14165,Aging,1314,216,1530,TRUE,MLEC
P42677,Aging,1237,217,1454,TRUE,RPS27
Q0VDG4,Aging,1835,218,2053,TRUE,SCRN3
P62829,Aging,1534,219,1753,TRUE,RPL23
Q99798,Aging,762,148,910,TRUE,ACO2
P05165,Aging,101,120,221,TRUE,PCCA
Q99653,Aging,1410,222,1632,TRUE,CHP1
Q9P0J1,Aging,80,185,265,TRUE,PDP1
P55822,Aging,253,77,330,TRUE,SH3BGR
P18621,Aging,1587,225,1812,TRUE,RPL17
P62847,Aging,1832,226,2058,TRUE,RPS24
P26038,Aging,1700,104,1804,TRUE,MSN
P55060,Aging,176,124,300,TRUE,CSE1L
O14841,Aging,177,52,229,TRUE,OPLAH
P10636,Aging,1556,224,1780,TRUE,MAPT
Q13435,Aging,64,219,283,TRUE,SF3B2
P07384,Aging,350,52,402,TRUE,CAPN1
Q96IV0,Aging,1854,233,2087,TRUE,NGLY1
O75531,Aging,1859,208,2067,TRUE,BANF1
P07954,Aging,680,114,794,TRUE,FH
P13639,Aging,1352,76,1428,TRUE,EEF2
P61158,Aging,179,58,237,TRUE,ACTR3
Q8NFV4,Aging,287,165,452,TRUE,ABHD11
P01859,Aging,187,170,357,TRUE,IGHG2
O43765,Aging,129,169,298,TRUE,SGTA
Q9Y371,Aging,96,145,241,TRUE,SH3GLB1
Q14444,Aging,1593,242,1835,TRUE,CAPRIN1
Q13557,Aging,1913,189,2102,TRUE,CAMK2D
Q9NZQ9,Aging,1544,233,1777,TRUE,TMOD4
Q9UKX2,Aging,1664,213,1877,TRUE,MYH2
P09936,Aging,1693,244,1937,TRUE,UCHL1
Q9BYD2,Aging,1470,247,1717,TRUE,MRPL9
Q9H910,Aging,449,174,623,TRUE,JPT2
P10253,Aging,225,24,249,TRUE,GAA
Q04917,Aging,140,171,311,TRUE,YWHAH
Q01844,Aging,549,216,765,TRUE,EWSR1
Q9NVI7,Aging,138,114,252,TRUE,ATAD3A
P23327,Aging,1413,173,1586,TRUE,HRC
P00558,Aging,1848,158,2006,TRUE,PGK1
Q5T440,Aging,264,245,509,TRUE,IBA57
Q15642,Aging,174,82,256,TRUE,TRIP10
Q8N4T8,Aging,80,182,262,TRUE,CBR4
Q9H9Q2,Aging,895,242,1137,TRUE,COPS7B
P05976,Aging,1727,186,1913,TRUE,MYL1
Q96I23,Aging,1590,260,1850,TRUE,PYURF
P53814,Aging,1733,261,1994,TRUE,SMTN
P02144,Aging,1940,116,2056,TRUE,MB
Q9H4A4,Aging,186,77,263,TRUE,RNPEP
Q15370,Aging,1206,237,1443,TRUE,ELOB
P00738,Aging,187,250,437,TRUE,HP
Q9UN36,Aging,1810,179,1989,TRUE,NDRG2
Q9UDW1,Aging,1809,190,1999,TRUE,UQCR10
P10909,Aging,119,149,268,TRUE,CLU
Q9H9B4,Aging,135,134,269,TRUE,SFXN1
Q9UHQ9,Aging,541,144,685,TRUE,CYB5R1
P00918,Aging,448,232,680,TRUE,CA2
O96007,Aging,1803,269,2072,TRUE,MOCS2
P41091,Aging,1366,273,1639,TRUE,EIF2S3
Q9UNM6,Aging,905,274,1179,TRUE,PSMD13
O14929,Aging,1284,275,1559,TRUE,HAT1
P01024,Aging,176,171,347,TRUE,C3
Q05639,Aging,1894,109,2003,TRUE,EEF1A2
Q8NI60,Aging,515,120,635,TRUE,COQ8A
Q13643,Aging,1806,246,2052,TRUE,FHL3
P00395,Aging,1554,260,1814,TRUE,MT-CO1
Q14232,Aging,1833,281,2114,TRUE,EIF2B1
Q9BXW6,Aging,1473,282,1755,TRUE,OSBPL1A
P62851,Aging,1571,263,1834,TRUE,RPS25
O15264,Aging,754,274,1028,TRUE,MAPK13
P27635,Aging,1662,285,1947,TRUE,RPL10
O43396,Aging,747,286,1033,TRUE,TXNL1
Q9UKU7,Aging,265,253,518,TRUE,ACAD8
P13929,Aging,1480,157,1637,TRUE,ENO3
P55072,Aging,1007,201,1208,TRUE,VCP
Q13616,Aging,229,61,290,TRUE,CUL1
Q13148,Aging,207,84,291,TRUE,TARDBP
P21980,Aging,130,171,301,TRUE,TGM2
P41252,Aging,1720,293,2013,TRUE,IARS1
Q9UJY1,Aging,1684,294,1978,TRUE,HSPB8
Q9UBQ7,Aging,965,270,1235,TRUE,GRHPR
P98179,Aging,1763,296,2059,TRUE,RBM3
P11055,Aging,1320,293,1613,TRUE,MYH3
P05091,Aging,120,262,382,TRUE,ALDH2
O75935,Aging,1697,299,1996,TRUE,DCTN3
P26678,Aging,312,252,564,TRUE,PLN
P62899,Aging,1380,301,1681,TRUE,RPL31
Q7L2H7,Aging,1257,302,1559,TRUE,EIF3M
Q96AQ6,Aging,314,89,403,TRUE,PBXIP1
Q13564,Aging,297,7,304,TRUE,NAE1
P41250,Aging,122,248,370,TRUE,GARS1
P61160,Aging,197,109,306,TRUE,ACTR2
Q9Y305,Aging,128,179,307,TRUE,ACOT9
Q9H6F2,Aging,1783,266,2049,TRUE,TMEM38A
P12956,Aging,253,56,309,TRUE,XRCC6
P00338,Aging,1718,231,1949,TRUE,LDHA
P60866,Aging,1506,299,1805,TRUE,RPS20
P42766,Aging,1673,312,1985,TRUE,RPL35
Q9UI12,Aging,1794,313,2107,TRUE,ATP6V1H
P15311,Aging,1787,314,2101,TRUE,EZR
O75521,Aging,179,273,452,TRUE,ECI2
Q8TAT6,Aging,1231,316,1547,TRUE,NPLOC4
P52888,Aging,169,148,317,TRUE,THOP1
P21796,Aging,953,135,1088,TRUE,VDAC1
O95433,Aging,165,199,364,TRUE,AHSA1
Q9BRT3,Aging,1753,320,2073,TRUE,MIEN1
P26440,Aging,89,232,321,TRUE,IVD
Q01085,Aging,528,322,850,TRUE,TIAL1
Q8TD30,Aging,827,296,1123,TRUE,GPT2
Q6YN16,Aging,417,149,566,TRUE,HSDL2
P37837,Aging,412,25,437,TRUE,TALDO1
Q14324,Aging,1461,319,1780,TRUE,MYBPC2
P28749,Aging,1661,327,1988,TRUE,RBL1
P46782,Aging,1292,328,1620,TRUE,RPS5
P54725,Aging,365,35,400,TRUE,RAD23A
Q9H479,Aging,252,81,333,TRUE,FN3K
P78417,Aging,425,119,544,TRUE,GSTO1
P06737,Aging,269,302,571,TRUE,PYGL
O00168,Aging,1712,333,2045,TRUE,FXYD1
P48449,Aging,169,238,407,TRUE,LSS
Q9NQW7,Aging,923,335,1258,TRUE,XPNPEP1
Q702N8,Aging,1657,336,1993,TRUE,XIRP1
Q02221,Aging,1564,337,1901,TRUE,COX6A2
P47756,Aging,1754,306,2060,TRUE,CAPZB
Q58WW2,Aging,320,19,339,TRUE,DCAF6
P13473,Aging,105,340,445,TRUE,LAMP2
P39059,Aging,1734,341,2075,TRUE,COL15A1
P16152,Aging,1489,318,1807,TRUE,CBR1
P57772,Aging,1537,343,1880,TRUE,EEFSEC
Q6PCB7,Aging,289,55,344,TRUE,SLC27A1
P16219,Aging,256,275,531,TRUE,ACADS
O60256,Aging,1751,346,2097,TRUE,PRPSAP2
Q9NWU5,Aging,1704,347,2051,TRUE,MRPL22
Q15404,Aging,258,90,348,TRUE,RSU1
P15090,Aging,919,88,1007,TRUE,FABP4
P08603,Aging,179,195,374,TRUE,CFH
Q7L0Y3,Aging,193,230,423,TRUE,TRMT10C
Q96L96,Aging,1731,352,2083,TRUE,ALPK3
Q9BSH4,Aging,185,168,353,TRUE,TACO1
Q99733,Aging,777,354,1131,TRUE,NAP1L4
O95359,Aging,152,226,378,TRUE,TACC2
P31937,Aging,596,167,763,TRUE,HIBADH
P00751,Aging,171,193,364,TRUE,CFB
Q06124,Aging,203,155,358,TRUE,PTPN11
Q6GMV3,Aging,1281,359,1640,TRUE,PTRHD1
P01876,Aging,129,322,451,TRUE,IGHA1
P18077,Aging,1614,361,1975,TRUE,RPL35A
Q96C11,Aging,852,362,1214,TRUE,FGGY
P30405,Aging,104,303,407,TRUE,PPIF
Q96PE7,Aging,276,274,550,TRUE,MCEE
P82909,Aging,359,365,724,TRUE,MRPS36
Q14353,Aging,537,39,576,TRUE,GAMT
A6NCE7,Aging,1736,367,2103,TRUE,MAP1LC3B2
Q6QEF8,Aging,1742,368,2110,TRUE,CORO6
P31040,Aging,464,291,755,TRUE,SDHA
Q8N4Q1,Aging,220,191,411,TRUE,CHCHD4
P27797,Aging,356,107,463,TRUE,CALR
Q68DQ2,Aging,1363,359,1722,TRUE,CRYBG3
Q13445,Aging,1708,373,2081,TRUE,TMED1
P62888,Aging,1623,374,1997,TRUE,RPL30
P42167,Aging,384,237,621,TRUE,TMPO
Q9BQ69,Aging,1420,301,1721,TRUE,MACROD1
P31150,Aging,373,47,420,TRUE,GDI1
O43374,Aging,270,366,636,TRUE,RASA4
Q9NY65,Aging,1163,345,1508,TRUE,TUBA8
Q14697,Aging,287,93,380,TRUE,GANAB
P02768,Aging,919,139,1058,TRUE,ALB
O76003,Aging,1226,382,1608,TRUE,GLRX3
P62841,Aging,1348,383,1731,TRUE,RPS15
Q8NBF2,Aging,321,384,705,TRUE,NHLRC2
Q14195,Aging,144,385,529,TRUE,DPYSL3
P12882,Aging,1483,360,1843,TRUE,MYH1
Q7Z4V5,Aging,543,291,834,TRUE,HDGFL2
Q7Z4H3,Aging,425,268,693,TRUE,HDDC2
P61513,Aging,1685,389,2074,TRUE,RPL37A
P22830,Aging,264,166,430,TRUE,FECH
Q9NR31,Aging,477,117,594,TRUE,SAR1A
O15239,Aging,1444,392,1836,TRUE,NDUFA1
P52758,Aging,434,155,589,TRUE,RIDA
P21291,Aging,1709,387,2096,TRUE,CSRP1
O95989,Aging,317,78,395,TRUE,NUDT3
Q9BXI3,Aging,1721,385,2106,TRUE,NT5C1A
Q969Q0,Aging,1440,397,1837,TRUE,RPL36AL
O95674,Aging,341,323,664,TRUE,CDS2
P35813,Aging,299,100,399,TRUE,PPM1A
Q9BR39,Aging,717,400,1117,TRUE,JPH2
Q16816,Aging,1059,322,1381,TRUE,PHKG1
P84098,Aging,1562,402,1964,TRUE,RPL19
P30566,Aging,1119,379,1498,TRUE,ADSL
Q93052,Aging,228,240,468,TRUE,LPP
Q9BT78,Aging,268,138,406,TRUE,COPS4
P0CW19,Aging,1384,406,1790,TRUE,LIMS3
Q96CM8,Aging,237,170,407,TRUE,ACSF2
Q6H8Q1,Aging,1650,364,2014,TRUE,ABLIM2
Q9UJ70,Aging,203,206,409,TRUE,NAGK
P00387,Aging,497,110,607,TRUE,CYB5R3
Q12904,Aging,137,274,411,TRUE,AIMP1
P40925,Aging,1461,152,1613,TRUE,MDH1
Q5XKP0,Aging,1632,363,1995,TRUE,MICOS13
P61981,Aging,928,61,989,TRUE,YWHAG
P01011,Aging,325,142,467,TRUE,SERPINA3
Q4G0N4,Aging,408,241,649,TRUE,NADK2
O95861,Aging,167,250,417,TRUE,BPNT1
Q9NR19,Aging,267,151,418,TRUE,ACSS2
P61916,Aging,1002,419,1421,TRUE,NPC2
Q9Y2Z0,Aging,408,389,797,TRUE,SUGT1
O95822,Aging,717,354,1071,TRUE,MLYCD
Q9Y6H1,Aging,101,356,457,TRUE,CHCHD2
P23396,Aging,1637,257,1894,TRUE,RPS3
Q9Y281,Aging,1195,65,1260,TRUE,CFL2
O43633,Aging,384,41,425,TRUE,CHMP2A
Q15848,Aging,209,426,635,TRUE,ADIPOQ
P01009,Aging,520,161,681,TRUE,SERPINA1
O43615,Aging,354,74,428,TRUE,TIMM44
Q5VXT5,Aging,1739,316,2055,TRUE,SYPL2
P17980,Aging,676,401,1077,TRUE,PSMC3
P06730,Aging,984,431,1415,TRUE,EIF4E
P60709,Aging,1739,355,2094,TRUE,ACTB
Q9UHD9,Aging,315,244,559,TRUE,UBQLN2
Q9UHV9,Aging,362,72,434,TRUE,PFDN2
P22352,Aging,337,98,435,TRUE,GPX3
P06753,Aging,1536,419,1955,TRUE,TPM3
P02585,Aging,1710,378,2088,TRUE,TNNC2
P62195,Aging,407,438,845,TRUE,PSMC5
P55010,Aging,1032,439,1471,TRUE,EIF5
P52564,Aging,335,106,441,TRUE,MAP2K6
O00442,Aging,349,92,441,TRUE,RTCA
P52565,Aging,586,101,687,TRUE,ARHGDIA
P46779,Aging,1293,443,1736,TRUE,RPL28
P11182,Aging,162,338,500,TRUE,DBT
P62136,Aging,1265,356,1621,TRUE,PPP1CA
P15880,Aging,1194,425,1619,TRUE,RPS2
Q14204,Aging,759,447,1206,TRUE,DYNC1H1
P37802,Aging,427,21,448,TRUE,TAGLN2
P60842,Aging,1037,397,1434,TRUE,EIF4A1
O75923,Aging,970,356,1326,TRUE,DYSF
Q15392,Aging,1662,451,2113,TRUE,DHCR24
O95425,Aging,1604,452,2056,TRUE,SVIL
Q00796,Aging,1368,453,1821,TRUE,SORD
Q9BTE1,Aging,535,337,872,TRUE,DCTN5
P49748,Aging,921,175,1096,TRUE,ACADVL
Q9BRA2,Aging,678,456,1134,TRUE,TXNDC17
P67870,Aging,864,457,1321,TRUE,CSNK2B
O75439,Aging,299,159,458,TRUE,PMPCB
Q9H0E2,Aging,1128,459,1587,TRUE,TOLLIP
P02461,Aging,1350,458,1808,TRUE,COL3A1
P63151,Aging,349,149,498,TRUE,PPP2R2A
P68104,Aging,1757,122,1879,TRUE,EEF1A1
P30153,Aging,750,75,825,TRUE,PPP2R1A
Q8TDC0,Aging,1629,464,2093,TRUE,MYOZ3
P49840,Aging,433,371,804,TRUE,GSK3A
O15273,Aging,1643,466,2109,TRUE,TCAP
Q8N142,Aging,722,194,916,TRUE,ADSS1
P81605,Aging,1632,468,2100,TRUE,DCD
P02545,Aging,1588,446,2034,TRUE,LMNA
P35555,Aging,63,452,515,TRUE,FBN1
Q13619,Aging,304,167,471,TRUE,CUL4A
Q6ZVM7,Aging,339,133,472,TRUE,TOM1L2
O75390,Aging,1184,177,1361,TRUE,CS
P61020,Aging,322,152,474,TRUE,RAB5B
Q8WVI0,Aging,1591,475,2066,TRUE,SMIM4
Q9NQE9,Aging,1374,476,1850,TRUE,HINT3
P35244,Aging,1456,477,1933,TRUE,RPA3
P12081,Aging,390,88,478,TRUE,HARS1
P53701,Aging,225,272,497,TRUE,HCCS
Q13451,Aging,366,114,480,TRUE,FKBP5
P45954,Aging,274,481,755,TRUE,ACADSB
Q9UGI8,Aging,1618,482,2100,TRUE,TES
Q9UK76,Aging,1355,483,1838,TRUE,JPT1
P53985,Aging,307,484,791,TRUE,SLC16A1
A3KMH1,Aging,871,485,1356,TRUE,VWA8
Q9NR46,Aging,1609,486,2095,TRUE,SH3GLB2
Q9H7C9,Aging,557,244,801,TRUE,AAMDC
Q9NTM9,Aging,384,226,610,TRUE,CUTC
Q96K17,Aging,636,489,1125,TRUE,BTF3L4
Q7Z698,Aging,264,478,742,TRUE,SPRED2
Q9Y2R0,Aging,92,491,583,TRUE,COA3
P00488,Aging,407,422,829,TRUE,F13A1
Q96CV9,Aging,347,341,688,TRUE,OPTN
P35237,Aging,970,467,1437,TRUE,SERPINB6
Q06730,Aging,1296,495,1791,TRUE,ZNF33A
Q5JPE7,Aging,1297,496,1793,TRUE,NOMO2
Q0ZGT2,Aging,1417,497,1914,TRUE,NEXN
P17152,Aging,586,96,682,TRUE,TMEM11
P15104,Aging,414,275,689,TRUE,GLUL
Q15181,Aging,349,151,500,TRUE,PPA1
Q9UKX3,Aging,1398,501,1899,TRUE,MYH13
P13807,Aging,1461,369,1830,TRUE,GYS1
P62263,Aging,645,503,1148,TRUE,RPS14
Q00G26,Aging,428,352,780,TRUE,PLIN5
Q9P2R7,Aging,871,143,1014,TRUE,SUCLA2
Q16775,Aging,855,36,891,TRUE,HAGH
Q92947,Aging,284,425,709,TRUE,GCDH
O15371,Aging,1049,508,1557,TRUE,EIF3D
P35573,Aging,1485,252,1737,TRUE,AGL
Q9NR12,Aging,1545,485,2030,TRUE,PDLIM7
P46976,Aging,1535,265,1800,TRUE,GYG1
O43617,Aging,697,313,1010,TRUE,TRAPPC3
P63220,Aging,1257,433,1690,TRUE,RPS21
Q8NDH3,Aging,187,463,650,TRUE,NPEPL1
P36543,Aging,1233,515,1748,TRUE,ATP6V1E1
P15927,Aging,486,438,924,TRUE,RPA2
P63279,Aging,227,290,517,TRUE,UBE2I
Q15019,Aging,241,277,518,TRUE,SEPTIN2
P13667,Aging,252,519,771,TRUE,PDIA4
P04080,Aging,397,339,736,TRUE,CSTB
P25786,Aging,331,441,772,TRUE,PSMA1
O14558,Aging,410,430,840,TRUE,HSPB6
Q6P1A2,Aging,1576,523,2099,TRUE,LPCAT3
P10809,Aging,823,168,991,TRUE,HSPD1
O95202,Aging,173,352,525,TRUE,LETM1
Q14103,Aging,488,196,684,TRUE,HNRNPD
Q9Y2J8,Aging,717,129,846,TRUE,PADI2
Q9HBL0,Aging,443,85,528,TRUE,TNS1
Q8NI37,Aging,611,489,1100,TRUE,PPTC7
Q96GK7,Aging,430,412,842,TRUE,FAHD2A
P16615,Aging,1144,321,1465,TRUE,ATP2A2
Q99623,Aging,818,136,954,TRUE,PHB2
Q13698,Aging,827,533,1360,TRUE,CACNA1S
Q9UI30,Aging,1322,534,1856,TRUE,TRMT112
Q8TCD5,Aging,1154,535,1689,TRUE,NT5C
P17948,Aging,1335,536,1871,TRUE,FLT1
Q9BV86,Aging,371,391,762,TRUE,NTMT1
O75396,Aging,458,80,538,TRUE,SEC22B
P29966,Aging,227,448,675,TRUE,MARCKS
P62328,Aging,1536,540,2076,TRUE,TMSB4X
Q9NPF4,Aging,1547,541,2088,TRUE,OSGEP
P49023,Aging,648,384,1032,TRUE,PXN
P05386,Aging,1214,543,1757,TRUE,RPLP1
P68133,Aging,1609,453,2062,TRUE,ACTA1
P43490,Aging,1327,539,1866,TRUE,NAMPT
Q96DC8,Aging,182,425,607,TRUE,ECHDC3
O43852,Aging,967,526,1493,TRUE,CALU
O60313,Aging,314,234,548,TRUE,OPA1
Q6PK04,Aging,1293,549,1842,TRUE,CCDC137
Q16851,Aging,1583,243,1826,TRUE,UGP2
Q86UT6,Aging,257,314,571,TRUE,NLRX1
Q9BYD6,Aging,1345,552,1897,TRUE,MRPL1
P36542,Aging,944,351,1295,TRUE,ATP5F1C
Q8N3D4,Aging,1095,554,1649,TRUE,EHBP1L1
Q9Y4G6,Aging,391,164,555,TRUE,TLN2
Q96JJ7,Aging,1453,556,2009,TRUE,TMX3
P04439,Aging,328,229,557,TRUE,HLA-A
P08708,Aging,1211,558,1769,TRUE,RPS17
Q3ZCQ8,Aging,423,136,559,TRUE,TIMM50
P48556,Aging,951,560,1511,TRUE,PSMD8
Q9UM54,Aging,1548,472,2020,TRUE,MYO6
Q13200,Aging,566,535,1101,TRUE,PSMD2
O95336,Aging,344,321,665,TRUE,PGLS
Q9BY44,Aging,1358,564,1922,TRUE,EIF2A
P0DOY2,Aging,399,538,937,TRUE,IGLC2
P01834,Aging,419,561,980,TRUE,IGKC
O14979,Aging,793,567,1360,TRUE,HNRNPDL
P27695,Aging,139,429,568,TRUE,APEX1
Q13867,Aging,815,569,1384,TRUE,BLMH
Q9Y450,Aging,948,570,1518,TRUE,HBS1L
O75083,Aging,792,414,1206,TRUE,WDR1
P25788,Aging,554,411,965,TRUE,PSMA3
O75347,Aging,489,146,635,TRUE,TBCA
Q92523,Aging,464,311,775,TRUE,CPT1B
Q6P4A7,Aging,1440,575,2015,TRUE,SFXN4
Q9BV79,Aging,416,160,576,TRUE,MECR
Q6P1N9,Aging,443,134,577,TRUE,TATDN1
P09382,Aging,572,401,973,TRUE,LGALS1
P02452,Aging,1457,579,2036,TRUE,COL1A1
Q0VAK6,Aging,1478,580,2058,TRUE,LMOD3
Q5JRX3,Aging,340,581,921,TRUE,PITRM1
Q9H773,Aging,478,104,582,TRUE,DCTPP1
Q13061,Aging,1390,570,1960,TRUE,TRDN
P01857,Aging,390,527,917,TRUE,IGHG1
Q93084,Aging,1603,423,2026,TRUE,ATP2A3
Q9NZJ6,Aging,495,195,690,TRUE,COQ3
O95817,Aging,1196,524,1720,TRUE,BAG3
O14980,Aging,502,86,588,TRUE,XPO1
Q92973,Aging,1011,549,1560,TRUE,TNPO1
O95870,Aging,722,525,1247,TRUE,ABHD16A
Q9NRG7,Aging,191,582,773,TRUE,SDR39U1
Q8NCW5,Aging,864,63,927,TRUE,NAXE
Q96C23,Aging,687,593,1280,TRUE,GALM
P46020,Aging,1037,520,1557,TRUE,PHKA1
P00167,Aging,393,418,811,TRUE,CYB5A
P62910,Aging,1508,596,2104,TRUE,RPL32
P20472,Aging,1330,586,1916,TRUE,PVALB
O60220,Aging,294,537,831,TRUE,TIMM8A
P0DP23,Aging,1551,233,1784,TRUE,CALM1
Q53FT3,Aging,686,600,1286,TRUE,HIKESHI
Q13838,Aging,1008,601,1609,TRUE,DDX39B
Q9H074,Aging,316,286,602,TRUE,PAIP1
Q9NUU7,Aging,546,57,603,TRUE,DDX19A
Q8WYA0,Aging,1498,604,2102,TRUE,IFT81
Q15008,Aging,975,605,1580,TRUE,PSMD6
P46939,Aging,851,606,1457,TRUE,UTRN
Q9Y3U8,Aging,1181,607,1788,TRUE,RPL36
Q02878,Aging,1240,608,1848,TRUE,RPL6
P17540,Aging,715,571,1286,TRUE,CKMT2
Q9UHD8,Aging,563,542,1105,TRUE,SEPTIN9
Q96MF2,Aging,1544,561,2105,TRUE,STAC3
P30086,Aging,1619,178,1797,TRUE,PEBP1
Q9UBT2,Aging,386,368,754,TRUE,UBA2
Q9HDC5,Aging,794,614,1408,TRUE,JPH1
P51452,Aging,1067,460,1527,TRUE,DUSP3
Q16082,Aging,1527,372,1899,TRUE,HSPB2
Q96GG9,Aging,1088,617,1705,TRUE,DCUN1D1
O95479,Aging,427,191,618,TRUE,H6PD
Q9NS86,Aging,1007,619,1626,TRUE,LANCL2
P02794,Aging,515,590,1105,TRUE,FTH1
P49189,Aging,731,122,853,TRUE,ALDH9A1
P30046,Aging,1320,622,1942,TRUE,DDT
O43772,Aging,377,246,623,TRUE,SLC25A20
P78356,Aging,968,624,1592,TRUE,PIP4K2B
P82921,Aging,1423,611,2034,TRUE,MRPS21
Q96CW1,Aging,895,626,1521,TRUE,AP2M1
Q9NRP0,Aging,1005,627,1632,TRUE,OSTC
Q52LJ0,Aging,854,628,1482,TRUE,FAM98B
Q15018,Aging,375,254,629,TRUE,ABRAXAS2
P25311,Aging,600,30,630,TRUE,AZGP1
P21912,Aging,985,239,1224,TRUE,SDHB
Q8N3V7,Aging,1070,632,1702,TRUE,SYNPO
Q09666,Aging,1462,456,1918,TRUE,AHNAK
Q8N1G4,Aging,662,105,767,TRUE,LRRC47
P54136,Aging,766,635,1401,TRUE,RARS1
A8MXV4,Aging,1308,636,1944,TRUE,NUDT19
P51692,Aging,511,126,637,TRUE,STAT5B
Q9BZE9,Aging,1358,638,1996,TRUE,ASPSCR1
Q86U28,Aging,418,221,639,TRUE,ISCA2
Q15631,Aging,426,242,668,TRUE,TSN
Q9NP97,Aging,900,641,1541,TRUE,DYNLRB1
Q9H1E3,Aging,443,261,704,TRUE,NUCKS1
P28482,Aging,873,643,1516,TRUE,MAPK1
Q7Z6Z7,Aging,520,222,742,TRUE,HUWE1
Q9UII2,Aging,485,424,909,TRUE,ATP5IF1
O95777,Aging,1357,646,2003,TRUE,LSM8
Q9NXA8,Aging,587,60,647,TRUE,SIRT5
Q14558,Aging,1434,648,2082,TRUE,PRPSAP1
O00571,Aging,803,649,1452,TRUE,DDX3X
P20290,Aging,898,650,1548,TRUE,BTF3
Q8NHH9,Aging,1020,651,1671,TRUE,ATL2
Q9UPY8,Aging,1189,652,1841,TRUE,MAPRE3
Q9GZZ1,Aging,535,118,653,TRUE,NAA50
P61254,Aging,1174,654,1828,TRUE,RPL26
Q8NE86,Aging,401,254,655,TRUE,MCU
P46777,Aging,1096,656,1752,TRUE,RPL5
P01019,Aging,340,317,657,TRUE,AGT
Q86X76,Aging,398,260,658,TRUE,NIT1
P33121,Aging,968,230,1198,TRUE,ACSL1
P67775,Aging,696,151,847,TRUE,PPP2CA
Q14152,Aging,490,661,1151,TRUE,EIF3A
P05556,Aging,496,166,662,TRUE,ITGB1
P61758,Aging,542,316,858,TRUE,VBP1
P10606,Aging,1450,455,1905,TRUE,COX5B
Q86TP1,Aging,1031,665,1696,TRUE,PRUNE1
Q9BS92,Aging,259,537,796,TRUE,NIPSNAP3B
P05413,Aging,1229,228,1457,TRUE,FABP3
P53621,Aging,896,668,1564,TRUE,COPA
Q9NQP4,Aging,455,214,669,TRUE,PFDN4
P56556,Aging,1259,642,1901,TRUE,NDUFA6
Q9H9P8,Aging,278,393,671,TRUE,L2HGDH
P24043,Aging,1295,672,1967,TRUE,LAMA2
P13805,Aging,1505,590,2095,TRUE,TNNT1
Q96HE7,Aging,983,674,1657,TRUE,ERO1A
P08237,Aging,1536,362,1898,TRUE,PFKM
P62277,Aging,1201,674,1875,TRUE,RPS13
P24666,Aging,774,641,1415,TRUE,ACP1
Q9UHY7,Aging,558,678,1236,TRUE,ENOPH1
Q9NP77,Aging,1349,679,2028,TRUE,SSU72
Q99627,Aging,278,534,812,TRUE,COPS8
Q9HCP6,Aging,1137,648,1785,TRUE,HHATL
P02655,Aging,301,596,897,TRUE,APOC2
P55039,Aging,1299,683,1982,TRUE,DRG2
Q9NS69,Aging,1156,684,1840,TRUE,TOMM22
Q9H330,Aging,324,685,1009,TRUE,TMEM245
P62269,Aging,795,646,1441,TRUE,RPS18
O95721,Aging,320,367,687,TRUE,SNAP29
Q96C01,Aging,1345,688,2033,TRUE,FAM136A
P54920,Aging,836,169,1005,TRUE,NAPA
P04406,Aging,1530,399,1929,TRUE,GAPDH
P48163,Aging,556,680,1236,TRUE,ME1
O15212,Aging,464,228,692,TRUE,PFDN6
Q15691,Aging,1182,693,1875,TRUE,MAPRE1
Q13617,Aging,846,694,1540,TRUE,CUL2
O14561,Aging,1145,667,1812,TRUE,NDUFAB1
P06732,Aging,1477,302,1779,TRUE,CKM
P31751,Aging,915,697,1612,TRUE,AKT2
P51148,Aging,172,572,744,TRUE,RAB5C
A0FGR8,Aging,1078,699,1777,TRUE,ESYT2
P50461,Aging,1697,373,2070,TRUE,CSRP3
Q15386,Aging,928,624,1552,TRUE,UBE3C
Q99766,Aging,280,422,702,TRUE,DMAC2L
Q9NR28,Aging,343,360,703,TRUE,DIABLO
Q9BSL1,Aging,258,446,704,TRUE,UBAC1
Q9UJW0,Aging,354,604,958,TRUE,DCTN4
P23528,Aging,850,460,1310,TRUE,CFL1
P40926,Aging,1521,249,1770,TRUE,MDH2
P61026,Aging,749,702,1451,TRUE,RAB10
Q9NZA1,Aging,720,672,1392,TRUE,CLIC5
Q9UKS6,Aging,405,408,813,TRUE,PACSIN3
P62424,Aging,1002,711,1713,TRUE,RPL7A
P84243,Aging,1443,670,2113,TRUE,H3-3A
P20073,Aging,1929,160,2089,TRUE,ANXA7
Q9NYL2,Aging,98,696,794,TRUE,MAP3K20
P13716,Aging,217,604,821,TRUE,ALAD
P19623,Aging,634,696,1330,TRUE,SRM
P02787,Aging,621,402,1023,TRUE,TF
P55036,Aging,407,676,1083,TRUE,PSMD4
P00325,Aging,122,676,798,TRUE,ADH1B
Q9UBQ5,Aging,868,675,1543,TRUE,EIF3K
Q13423,Aging,970,363,1333,TRUE,NNT
P62993,Aging,428,294,722,TRUE,GRB2
A6NNS2,Aging,907,722,1629,TRUE,DHRS7C
P11142,Aging,1203,63,1266,TRUE,HSPA8
P00505,Aging,1586,286,1872,TRUE,GOT2
Q9UBY9,Aging,1613,364,1977,TRUE,HSPB7
Q9HC38,Aging,682,88,770,TRUE,GLOD4
P17858,Aging,1502,511,2013,TRUE,PFKL
Q00688,Aging,1159,154,1313,TRUE,FKBP3
Q9Y6N1,Aging,259,526,785,TRUE,COX11
Q9Y235,Aging,1494,554,2048,TRUE,APOBEC2
O00159,Aging,597,135,732,TRUE,MYO1C
P25398,Aging,931,645,1576,TRUE,RPS12
O15382,Aging,167,567,734,TRUE,BCAT2
P59666,Aging,141,624,765,TRUE,DEFA3
Q9NZB2,Aging,1290,736,2026,TRUE,FAM120A
O00410,Aging,212,737,949,TRUE,IPO5
Q9H832,Aging,399,501,900,TRUE,UBE2Z
Q9BYD1,Aging,876,739,1615,TRUE,MRPL13
O60884,Aging,620,606,1226,TRUE,DNAJA2
P24298,Aging,561,318,879,TRUE,GPT
Q9H3K2,Aging,623,742,1365,TRUE,GHITM
Q9NX14,Aging,494,403,897,TRUE,NDUFB11
Q9UBW8,Aging,513,231,744,TRUE,COPS7A
P62854,Aging,649,745,1394,TRUE,RPS26
Q14677,Aging,1252,746,1998,TRUE,CLINT1
Q96S66,Aging,1040,747,1787,TRUE,CLCC1
P54577,Aging,873,748,1621,TRUE,YARS1
Q9P2J5,Aging,874,749,1623,TRUE,LARS1
Q9NQ50,Aging,521,471,992,TRUE,MRPL40
Q15172,Aging,979,751,1730,TRUE,PPP2R5A
Q9Y3I0,Aging,517,752,1269,TRUE,RTCB
P48147,Aging,569,619,1188,TRUE,PREP
P47914,Aging,1109,754,1863,TRUE,RPL29
Q02750,Aging,380,744,1124,TRUE,MAP2K1
P05388,Aging,755,749,1504,TRUE,RPLP0
Q9UNE7,Aging,1088,757,1845,TRUE,STUB1
P26640,Aging,278,613,891,TRUE,VARS1
O60684,Aging,697,759,1456,TRUE,KPNA6
O43684,Aging,792,740,1532,TRUE,BUB3
P12883,Aging,1482,592,2074,TRUE,MYH7
Q14767,Aging,307,633,940,TRUE,LTBP3
P27694,Aging,282,550,832,TRUE,RPA1
Q9BUK0,Aging,423,341,764,TRUE,CHCHD7
Q8NBU5,Aging,790,765,1555,TRUE,ATAD1
Q9Y623,Aging,1362,728,2090,TRUE,MYH4
Q14714,Aging,451,767,1218,TRUE,SSPN
O43826,Aging,881,768,1649,TRUE,SLC37A4
P03897,Aging,881,769,1650,TRUE,MT-ND3
P29144,Aging,490,280,770,TRUE,TPP2
Q04759,Aging,1156,771,1927,TRUE,PRKCQ
Q53H82,Aging,325,450,775,TRUE,LACTB2
O00399,Aging,1310,768,2078,TRUE,DCTN6
Q9Y490,Aging,481,293,774,TRUE,TLN1
P03915,Aging,1280,739,2019,TRUE,MT-ND5
O43813,Aging,603,754,1357,TRUE,LANCL1
P20618,Aging,168,609,777,TRUE,PSMB1
P30085,Aging,927,778,1705,TRUE,CMPK1
O15173,Aging,244,535,779,TRUE,PGRMC2
P35270,Aging,376,404,780,TRUE,SPR
P53597,Aging,1146,243,1389,TRUE,SUCLG1
Q14157,Aging,1094,782,1876,TRUE,UBAP2L
Q9BQE5,Aging,1186,783,1969,TRUE,APOL2
P25787,Aging,594,721,1315,TRUE,PSMA2
O43143,Aging,450,504,954,TRUE,DHX15
Q9H3N1,Aging,317,469,786,TRUE,TMX1
P60033,Aging,1088,787,1875,TRUE,CD81
O75208,Aging,1005,376,1381,TRUE,COQ9
P09211,Aging,1149,229,1378,TRUE,GSTP1
Q9Y2Q9,Aging,706,591,1297,TRUE,MRPS35
Q8WXH0,Aging,407,384,791,TRUE,SYNE2
Q13185,Aging,741,599,1340,TRUE,CBX3
P51571,Aging,1270,793,2063,TRUE,SSR4
Q13618,Aging,542,252,794,TRUE,CUL3
Q9UL46,Aging,1163,795,1958,TRUE,PSME2
P62873,Aging,585,339,924,TRUE,GNB1
Q92734,Aging,610,797,1407,TRUE,TFG
P30837,Aging,1290,756,2046,TRUE,ALDH1B1
Q16563,Aging,553,799,1352,TRUE,SYPL1
Q92506,Aging,357,443,800,TRUE,HSD17B8
Q9Y678,Aging,973,801,1774,TRUE,COPG1
Q8TC12,Aging,1255,802,2057,TRUE,RDH11
Q99643,Aging,1317,768,2085,TRUE,SDHC
P62253,Aging,662,521,1183,TRUE,UBE2G1
P52943,Aging,304,651,955,TRUE,CRIP2
Q9GZP4,Aging,388,418,806,TRUE,PITHD1
P00846,Aging,1349,637,1986,TRUE,MT-ATP6
Q93034,Aging,728,254,982,TRUE,CUL5
P09110,Aging,730,79,809,TRUE,ACAA1
P12268,Aging,294,805,1099,TRUE,IMPDH2
Q13976,Aging,599,811,1410,TRUE,PRKG1
P36405,Aging,638,174,812,TRUE,ARL3
P54284,Aging,277,773,1050,TRUE,CACNB3
Q9Y4W6,Aging,577,290,867,TRUE,AFG3L2
Q01105,Aging,770,815,1585,TRUE,SET
Q9Y2Q5,Aging,882,785,1667,TRUE,LAMTOR2
Q9H0W9,Aging,826,79,905,TRUE,C11orf54
P28289,Aging,1338,771,2109,TRUE,TMOD1
Q00577,Aging,693,819,1512,TRUE,PURA
Q07021,Aging,793,696,1489,TRUE,C1QBP
P61619,Aging,1282,821,2103,TRUE,SEC61A1
Q9BVC6,Aging,461,822,1283,TRUE,TMEM109
Q15185,Aging,339,509,848,TRUE,PTGES3
Q99832,Aging,387,720,1107,TRUE,CCT7
O60662,Aging,1440,674,2114,TRUE,KLHL41
Q8TB37,Aging,920,826,1746,TRUE,NUBPL
Q8TEA8,Aging,386,518,904,TRUE,DTD1
P30049,Aging,800,569,1369,TRUE,ATP5F1D
P22314,Aging,1046,141,1187,TRUE,UBA1
P30043,Aging,1307,210,1517,TRUE,BLVRB
Q969M7,Aging,624,705,1329,TRUE,UBE2F
Q9UKV8,Aging,514,318,832,TRUE,AGO2
P50416,Aging,1089,833,1922,TRUE,CPT1A
Q8N5M9,Aging,1308,799,2107,TRUE,JAGN1
P68371,Aging,1284,376,1660,TRUE,TUBB4B
Q9NWV8,Aging,976,836,1812,TRUE,BABAM1
Q13505,Aging,1255,619,1874,TRUE,MTX1
Q14108,Aging,646,192,838,TRUE,SCARB2
O94905,Aging,900,702,1602,TRUE,ERLIN2
P22033,Aging,340,500,840,TRUE,MMUT
P49588,Aging,664,177,841,TRUE,AARS1
Q9NSE4,Aging,476,366,842,TRUE,IARS2
O00232,Aging,500,843,1343,TRUE,PSMD12
Q86V81,Aging,1048,844,1892,TRUE,ALYREF
O95571,Aging,1825,289,2114,TRUE,ETHE1
P30101,Aging,400,829,1229,TRUE,PDIA3
Q96HY6,Aging,1016,847,1863,TRUE,DDRGK1
P02462,Aging,1171,819,1990,TRUE,COL4A1
P04899,Aging,679,260,939,TRUE,GNAI2
Q9BRF8,Aging,1189,850,2039,TRUE,CPPED1
Q00765,Aging,1069,555,1624,TRUE,REEP5
Q9UBC2,Aging,980,852,1832,TRUE,EPS15L1
P29992,Aging,873,853,1726,TRUE,GNA11
Q8TB22,Aging,1163,854,2017,TRUE,SPATA20
Q15942,Aging,1592,375,1967,TRUE,ZYX
Q13162,Aging,935,856,1791,TRUE,PRDX4
P63244,Aging,503,816,1319,TRUE,RACK1
Q9UPQ0,Aging,322,772,1094,TRUE,LIMCH1
Q9NX40,Aging,646,213,859,TRUE,OCIAD1
Q9Y5K5,Aging,750,860,1610,TRUE,UCHL5
Q9H299,Aging,397,464,861,TRUE,SH3BGRL3
Q9Y3D2,Aging,627,757,1384,TRUE,MSRB2
Q7Z406,Aging,226,646,872,TRUE,MYH14
Q709C8,Aging,1099,864,1963,TRUE,VPS13C
P08123,Aging,1245,865,2110,TRUE,COL1A2
Q99447,Aging,656,210,866,TRUE,PCYT2
P35908,Aging,1261,826,2087,TRUE,KRT2
Q01469,Aging,408,556,964,TRUE,FABP5
P23284,Aging,612,257,869,TRUE,PPIB
Q96FQ6,Aging,1100,862,1962,TRUE,S100A16
Q9NVE7,Aging,589,282,871,TRUE,PANK4
Q9NVH1,Aging,427,445,872,TRUE,DNAJC11
Q9UBF9,Aging,1313,753,2066,TRUE,MYOT
O75323,Aging,1450,158,1608,TRUE,NIPSNAP2
P33176,Aging,508,496,1004,TRUE,KIF5B
P11277,Aging,715,851,1566,TRUE,SPTB
P06703,Aging,1305,751,2056,TRUE,S100A6
Q8WY91,Aging,191,753,944,TRUE,THAP4
P62834,Aging,649,659,1308,TRUE,RAP1A
Q92667,Aging,462,625,1087,TRUE,AKAP1
P05387,Aging,932,783,1715,TRUE,RPLP2
Q00610,Aging,332,882,1214,TRUE,CLTC
P21810,Aging,467,416,883,TRUE,BGN
P21266,Aging,1268,639,1907,TRUE,GSTM3
P31949,Aging,304,581,885,TRUE,S100A11
Q9UGL1,Aging,580,886,1466,TRUE,KDM5B
O75348,Aging,492,395,887,TRUE,ATP6V1G1
Q13347,Aging,669,888,1557,TRUE,EIF3I
P31415,Aging,1322,493,1815,TRUE,CASQ1
P39687,Aging,442,885,1327,TRUE,ANP32A
Q86YB7,Aging,504,387,891,TRUE,ECHDC2
P07195,Aging,367,855,1222,TRUE,LDHB
Q99417,Aging,953,893,1846,TRUE,MYCBP
O75822,Aging,310,731,1041,TRUE,EIF3J
A0A0U1RRL7,Aging,571,703,1274,TRUE,MMP24OS
Q10567,Aging,874,896,1770,TRUE,AP1B1
Q92945,Aging,360,623,983,TRUE,KHSRP
Q9UHX1,Aging,1152,898,2050,TRUE,PUF60
O75947,Aging,1328,455,1783,TRUE,ATP5PD
Q96QK1,Aging,656,244,900,TRUE,VPS35
Q12931,Aging,695,206,901,TRUE,TRAP1
Q8IWW8,Aging,199,703,902,TRUE,ADHFE1
Q02543,Aging,1044,903,1947,TRUE,RPL18A
A5YM72,Aging,1025,904,1929,TRUE,CARNS1
P13535,Aging,1191,892,2083,TRUE,MYH8
Q9BXB4,Aging,1153,906,2059,TRUE,OSBPL11
Q9Y5Z7,Aging,167,897,1064,TRUE,HCFC2
Q99829,Aging,666,883,1549,TRUE,CPNE1
Q86TC9,Aging,904,909,1813,TRUE,MYPN
Q96RL7,Aging,884,845,1729,TRUE,VPS13A
P62258,Aging,1719,94,1813,TRUE,YWHAE
P35754,Aging,994,870,1864,TRUE,GLRX
P35611,Aging,508,631,1139,TRUE,ADD1
O14732,Aging,611,864,1475,TRUE,IMPA2
P39023,Aging,1159,915,2074,TRUE,RPL3
P62913,Aging,740,916,1656,TRUE,RPL11
Q9UHP9,Aging,1048,733,1781,TRUE,SMPX
Q9P0J6,Aging,741,793,1534,TRUE,MRPL36
Q8N5M1,Aging,542,377,919,TRUE,ATPAF2
Q13555,Aging,273,905,1178,TRUE,CAMK2G
P21695,Aging,1125,517,1642,TRUE,GPD1
P10176,Aging,157,769,926,TRUE,COX8A
P52815,Aging,495,750,1245,TRUE,MRPL12
Q9BTV4,Aging,459,924,1383,TRUE,TMEM43
Q00872,Aging,1354,735,2089,TRUE,MYBPC1
P13164,Aging,469,697,1166,TRUE,IFITM1
P14550,Aging,1625,201,1826,TRUE,AKR1A1
P34949,Aging,361,828,1189,TRUE,MPI
P00568,Aging,1076,508,1584,TRUE,AK1
Q15365,Aging,535,551,1086,TRUE,PCBP1
P04843,Aging,412,783,1195,TRUE,RPN1
P60900,Aging,510,638,1148,TRUE,PSMA6
O43181,Aging,1131,819,1950,TRUE,NDUFS4
Q9ULA0,Aging,406,722,1128,TRUE,DNPEP
P41236,Aging,643,292,935,TRUE,PPP1R2
P62249,Aging,748,776,1524,TRUE,RPS16
P35659,Aging,840,937,1777,TRUE,DEK
Q9GZT8,Aging,918,629,1547,TRUE,NIF3L1
Q9Y5J7,Aging,365,574,939,TRUE,TIMM9
Q9Y6Y8,Aging,1052,940,1992,TRUE,SEC23IP
O75223,Aging,502,745,1247,TRUE,GGCT
P27816,Aging,630,844,1474,TRUE,MAP4
Q8WUM4,Aging,838,105,943,TRUE,PDCD6IP
P60891,Aging,625,933,1558,TRUE,PRPS1
L0R6Q1,Aging,669,945,1614,TRUE,SLC35A4
Q9HB71,Aging,140,806,946,TRUE,CACYBP
Q05519,Aging,1080,947,2027,TRUE,SRSF11
P27105,Aging,644,304,948,TRUE,STOM
P08559,Aging,904,523,1427,TRUE,PDHA1
P60660,Aging,1395,686,2081,TRUE,MYL6
Q9UFN0,Aging,220,951,1171,TRUE,NIPSNAP3A
Q15075,Aging,757,952,1709,TRUE,EEA1
Q9GZT9,Aging,771,655,1426,TRUE,EGLN1
P09488,Aging,1133,954,2087,TRUE,GSTM1
Q96AB3,Aging,801,180,981,TRUE,ISOC2
Q96HS1,Aging,296,827,1123,TRUE,PGAM5
O43760,Aging,799,957,1756,TRUE,SYNGR2
P36507,Aging,642,316,958,TRUE,MAP2K2
Q6JBY9,Aging,742,217,959,TRUE,RCSD1
Q8N766,Aging,820,960,1780,TRUE,EMC1
P22234,Aging,1721,373,2094,TRUE,PAICS
Q13057,Aging,871,927,1798,TRUE,COASY
Q8NBS9,Aging,301,662,963,TRUE,TXNDC5
Q5XPI4,Aging,1186,669,1855,TRUE,RNF123
O60763,Aging,750,355,1105,TRUE,USO1
P15531,Aging,477,559,1036,TRUE,NME1
Q8TB45,Aging,619,949,1568,TRUE,DEPTOR
Q9Y230,Aging,232,769,1001,TRUE,RUVBL2
Q9Y262,Aging,753,969,1722,TRUE,EIF3L
P06454,Aging,633,738,1371,TRUE,PTMA
Q16586,Aging,618,381,999,TRUE,SGCA
Q13526,Aging,361,972,1333,TRUE,PIN1
A1L0T0,Aging,1031,973,2004,TRUE,ILVBL
P14543,Aging,1064,974,2038,TRUE,NID1
O43920,Aging,428,641,1069,TRUE,NDUFS5
Q03252,Aging,781,976,1757,TRUE,LMNB2
Q6IQ22,Aging,719,258,977,TRUE,RAB12
P48047,Aging,1525,437,1962,TRUE,ATP5PO
O94919,Aging,509,863,1372,TRUE,ENDOD1
P02763,Aging,171,948,1119,TRUE,ORM1
P61088,Aging,688,425,1113,TRUE,UBE2N
P00966,Aging,360,894,1254,TRUE,ASS1
Q9NPC6,Aging,1058,983,2041,TRUE,MYOZ2
P49354,Aging,732,984,1716,TRUE,FNTA
Q13283,Aging,1033,985,2018,TRUE,G3BP1
Q13153,Aging,765,986,1751,TRUE,PAK1
Q9NQR4,Aging,1524,400,1924,TRUE,NIT2
P61803,Aging,512,476,988,TRUE,DAD1
Q5JWF2,Aging,915,814,1729,TRUE,GNAS
P31689,Aging,739,907,1646,TRUE,DNAJA1
Q10713,Aging,1014,991,2005,TRUE,PMPCA
Q7KZF4,Aging,1054,857,1911,TRUE,SND1
P14735,Aging,1090,929,2019,TRUE,IDE
Q99426,Aging,887,107,994,TRUE,TBCB
Q96GD0,Aging,505,683,1188,TRUE,PDXP
P02649,Aging,378,786,1164,TRUE,APOE
P50914,Aging,774,997,1771,TRUE,RPL14
Q04828,Aging,787,896,1683,TRUE,AKR1C1
Q96FZ7,Aging,396,603,999,TRUE,CHMP6
Q9UHQ4,Aging,554,1000,1554,TRUE,BCAP29
P30626,Aging,652,349,1001,TRUE,SRI
O43837,Aging,590,510,1100,TRUE,IDH3B
Q9UHL4,Aging,681,963,1644,TRUE,DPP7
P60174,Aging,1052,551,1603,TRUE,TPI1
Q15121,Aging,920,1005,1925,TRUE,PEA15
Q99584,Aging,1100,943,2043,TRUE,S100A13
P10768,Aging,1010,760,1770,TRUE,ESD
P02766,Aging,668,448,1116,TRUE,TTR
P29692,Aging,343,666,1009,TRUE,EEF1D
Q9Y285,Aging,664,346,1010,TRUE,FARSA
O00303,Aging,789,222,1011,TRUE,EIF3F
P51553,Aging,530,536,1066,TRUE,IDH3G
Q9BTE6,Aging,673,1013,1686,TRUE,AARSD1
Q14914,Aging,867,1014,1881,TRUE,PTGR1
P84090,Aging,354,762,1116,TRUE,ERH
Q9NVH6,Aging,628,1016,1644,TRUE,TMLHE
Q9NVA2,Aging,492,525,1017,TRUE,SEPTIN11
Q9NUJ1,Aging,537,481,1018,TRUE,ABHD10
P21817,Aging,684,608,1292,TRUE,RYR1
Q9NZ08,Aging,647,1020,1667,TRUE,ERAP1
P63316,Aging,1222,832,2054,TRUE,TNNC1
Q9BXK5,Aging,895,186,1081,TRUE,BCL2L13
Q99816,Aging,930,1023,1953,TRUE,TSG101
P01860,Aging,77,948,1025,TRUE,IGHG3
Q12988,Aging,536,1025,1561,TRUE,HSPB3
P00367,Aging,519,561,1080,TRUE,GLUD1
P49419,Aging,470,557,1027,TRUE,ALDH7A1
Q9HCU5,Aging,379,869,1248,TRUE,PREB
P61956,Aging,757,1029,1786,TRUE,SUMO2
P15121,Aging,1722,332,2054,TRUE,AKR1B1
P50583,Aging,969,1031,2000,TRUE,NUDT2
Q13409,Aging,1050,850,1900,TRUE,DYNC1I2
Q00013,Aging,748,1033,1781,TRUE,MPP1
P40429,Aging,969,913,1882,TRUE,RPL13A
P14923,Aging,1044,1035,2079,TRUE,JUP
Q06323,Aging,800,306,1106,TRUE,PSME1
P54819,Aging,968,315,1283,TRUE,AK2
Q9NP74,Aging,803,235,1038,TRUE,PALMD
Q9UJZ1,Aging,917,122,1039,TRUE,STOML2
O00429,Aging,752,288,1040,TRUE,DNM1L
Q9Y2S6,Aging,720,435,1155,TRUE,TMA7
Q9NQX3,Aging,422,620,1042,TRUE,GPHN
Q92841,Aging,685,358,1043,TRUE,DDX17
P49753,Aging,978,439,1417,TRUE,ACOT2
P56211,Aging,433,1045,1478,TRUE,ARPP19
O75688,Aging,383,663,1046,TRUE,PPM1B
Q9BSJ8,Aging,708,994,1702,TRUE,ESYT1
P32119,Aging,1602,209,1811,TRUE,PRDX2
O75153,Aging,521,678,1199,TRUE,CLUH
O75915,Aging,1098,336,1434,TRUE,ARL6IP5
O95376,Aging,964,1051,2015,TRUE,ARIH2
P29218,Aging,383,669,1052,TRUE,IMPA1
P35606,Aging,776,1053,1829,TRUE,COPB2
Q16698,Aging,989,590,1579,TRUE,DECR1
Q15746,Aging,862,1021,1883,TRUE,MYLK
Q9Y570,Aging,923,1056,1979,TRUE,PPME1
O94826,Aging,501,556,1057,TRUE,TOMM70
Q14203,Aging,653,405,1058,TRUE,DCTN1
Q6NVY1,Aging,423,853,1276,TRUE,HIBCH
P01619,Aging,316,999,1315,TRUE,IGKV3-20
P31930,Aging,1618,497,2115,TRUE,UQCRC1
P99999,Aging,1147,725,1872,TRUE,CYCS
O95140,Aging,738,325,1063,TRUE,MFN2
P08574,Aging,1561,515,2076,TRUE,CYC1
P50225,Aging,432,833,1265,TRUE,SULT1A1
Q8WTS6,Aging,655,940,1595,TRUE,SETD7
Q6NZI2,Aging,1047,394,1441,TRUE,CAVIN1
Q6P587,Aging,952,116,1068,TRUE,FAHD1
O43678,Aging,808,908,1716,TRUE,NDUFA2
P54652,Aging,321,891,1212,TRUE,HSPA2
P10644,Aging,1393,183,1576,TRUE,PRKAR1A
P08590,Aging,1257,838,2095,TRUE,MYL3
O94903,Aging,950,123,1073,TRUE,PLPBP
O75122,Aging,461,839,1300,TRUE,CLASP2
P19237,Aging,1170,892,2062,TRUE,TNNI1
O94760,Aging,337,1038,1375,TRUE,DDAH1
P30622,Aging,713,846,1559,TRUE,CLIP1
P82979,Aging,876,1078,1954,TRUE,SARNP
P68871,Aging,997,828,1825,TRUE,HBB
P30520,Aging,710,1051,1761,TRUE,ADSS2
Q13683,Aging,879,202,1081,TRUE,ITGA7
Q15084,Aging,1096,351,1447,TRUE,PDIA6
P11047,Aging,838,1083,1921,TRUE,LAMC1
P13796,Aging,912,1074,1986,TRUE,LCP1
O60343,Aging,784,1085,1869,TRUE,TBC1D4
P08294,Aging,401,888,1289,TRUE,SOD3
Q15369,Aging,758,732,1490,TRUE,ELOC
Q9HBL7,Aging,283,805,1088,TRUE,PLGRKT
P62633,Aging,654,435,1089,TRUE,CNBP
P46977,Aging,846,1090,1936,TRUE,STT3A
Q9Y6G9,Aging,403,688,1091,TRUE,DYNC1LI1
O00231,Aging,438,764,1202,TRUE,PSMD11
P69905,Aging,916,903,1819,TRUE,HBA1
P16671,Aging,501,743,1244,TRUE,CD36
P05155,Aging,517,578,1095,TRUE,SERPING1
P62316,Aging,305,791,1096,TRUE,SNRPD2
P62701,Aging,115,1052,1167,TRUE,RPS4X
Q8WW22,Aging,613,1098,1711,TRUE,DNAJA4
Q9Y6C9,Aging,942,449,1391,TRUE,MTCH2
P17612,Aging,1246,246,1492,TRUE,PRKACA
O00748,Aging,251,986,1237,TRUE,CES2
P11441,Aging,755,1102,1857,TRUE,UBL4A
P26373,Aging,444,1103,1547,TRUE,RPL13
Q99436,Aging,632,552,1184,TRUE,PSMB7
Q9UH92,Aging,463,1105,1568,TRUE,MLX
O14818,Aging,642,522,1164,TRUE,PSMA7
Q9Y512,Aging,1413,238,1651,TRUE,SAMM50
P11279,Aging,369,739,1108,TRUE,LAMP1
Q15555,Aging,607,807,1414,TRUE,MAPRE2
P14854,Aging,1113,520,1633,TRUE,COX6B1
Q13418,Aging,915,196,1111,TRUE,ILK
Q9Y676,Aging,673,1112,1785,TRUE,MRPS18B
P51970,Aging,719,946,1665,TRUE,NDUFA8
Q9Y394,Aging,484,795,1279,TRUE,DHRS7
P25705,Aging,1449,390,1839,TRUE,ATP5F1A
O14958,Aging,596,901,1497,TRUE,CASQ2
O75339,Aging,979,1117,2096,TRUE,CILP
P08727,Aging,1088,998,2086,TRUE,KRT19
O14950,Aging,566,553,1119,TRUE,MYL12B
Q9UKY7,Aging,573,1120,1693,TRUE,CDV3
O43708,Aging,520,1121,1641,TRUE,GSTZ1
P50395,Aging,1447,150,1597,TRUE,GDI2
P51114,Aging,478,1123,1601,TRUE,FXR1
O95373,Aging,662,1053,1715,TRUE,IPO7
Q8TCS8,Aging,341,784,1125,TRUE,PNPT1
P45880,Aging,1726,202,1928,TRUE,VDAC2
P51572,Aging,492,696,1188,TRUE,BCAP31
Q6IQ26,Aging,553,688,1241,TRUE,DENND5A
Q13326,Aging,401,728,1129,TRUE,SGCG
Q9NP81,Aging,469,661,1130,TRUE,SARS2
Q8NDY3,Aging,494,883,1377,TRUE,ADPRHL1
P30050,Aging,605,1132,1737,TRUE,RPL12
A6NDG6,Aging,1349,75,1424,TRUE,PGP
P17174,Aging,1710,191,1901,TRUE,GOT1
Q96AN5,Aging,558,577,1135,TRUE,TMEM143
P23368,Aging,451,1136,1587,TRUE,ME2
O60749,Aging,955,928,1883,TRUE,SNX2
P62241,Aging,679,845,1524,TRUE,RPS8
P31948,Aging,1445,139,1584,TRUE,STIP1
P67809,Aging,378,1039,1417,TRUE,YBX1
P40227,Aging,1294,403,1697,TRUE,CCT6A
P36957,Aging,1312,452,1764,TRUE,DLST
Q6NUK1,Aging,1487,542,2029,TRUE,SLC25A24
Q96BW5,Aging,621,1033,1654,TRUE,PTER
P22061,Aging,1307,230,1537,TRUE,PCMT1
Q8WUY1,Aging,926,670,1596,TRUE,THEM6
P30740,Aging,670,525,1195,TRUE,SERPINB1
Q9UQM7,Aging,559,1133,1692,TRUE,CAMK2A
Q16576,Aging,871,1100,1971,TRUE,RBBP7
Q9BXS5,Aging,515,1146,1661,TRUE,AP1M1
P36578,Aging,542,1151,1693,TRUE,RPL4
Q9UQ80,Aging,320,1005,1325,TRUE,PA2G4
Q92616,Aging,868,1153,2021,TRUE,GCN1
Q9Y3A3,Aging,771,1154,1925,TRUE,MOB4
Q99757,Aging,1213,786,1999,TRUE,TXN2
Q9UMS0,Aging,442,714,1156,TRUE,NFU1
P45974,Aging,949,593,1542,TRUE,USP5
P41227,Aging,789,1158,1947,TRUE,NAA10
O60784,Aging,1028,295,1323,TRUE,TOM1
Q9Y3A5,Aging,290,870,1160,TRUE,SBDS
Q16891,Aging,1497,240,1737,TRUE,IMMT
P13611,Aging,460,1162,1622,TRUE,VCAN
Q9P003,Aging,371,1163,1534,TRUE,CNIH4
Q9H3H3,Aging,466,1164,1630,TRUE,C11orf68
Q96EP5,Aging,809,1139,1948,TRUE,DAZAP1
P14406,Aging,402,1079,1481,TRUE,COX7A2
Q13885,Aging,960,443,1403,TRUE,TUBB2A
Q9GZV1,Aging,1203,802,2005,TRUE,ANKRD2
P34896,Aging,523,646,1169,TRUE,SHMT1
Q9H8M1,Aging,653,1097,1750,TRUE,COQ10B
P47897,Aging,1561,512,2073,TRUE,QARS1
Q16773,Aging,757,1172,1929,TRUE,KYAT1
Q9H1E5,Aging,963,1000,1963,TRUE,TMX4
Q9UN37,Aging,872,302,1174,TRUE,VPS4A
Q9UBE0,Aging,764,1175,1939,TRUE,SAE1
Q9Y2Z9,Aging,644,532,1176,TRUE,COQ6
P08865,Aging,111,1082,1193,TRUE,RPSA
Q9BRX2,Aging,643,1178,1821,TRUE,PELO
P55884,Aging,1274,736,2010,TRUE,EIF3B
P40123,Aging,1245,200,1445,TRUE,CAP2
P02511,Aging,1202,392,1594,TRUE,CRYAB
Q9NVS2,Aging,699,1182,1881,TRUE,MRPS18A
Q08357,Aging,935,1159,2094,TRUE,SLC20A2
Q86UE4,Aging,436,1184,1620,TRUE,MTDH
Q5VW32,Aging,396,789,1185,TRUE,BROX
Q9NYU2,Aging,1107,827,1934,TRUE,UGGT1
P03886,Aging,492,1082,1574,TRUE,MT-ND1
O14880,Aging,688,948,1636,TRUE,MGST3
O75764,Aging,526,1057,1583,TRUE,TCEA3
Q9H1R3,Aging,545,1190,1735,TRUE,MYLK2
P11233,Aging,912,279,1191,TRUE,RALA
P27824,Aging,789,588,1377,TRUE,CANX
Q9Y5L4,Aging,824,369,1193,TRUE,TIMM13
P27361,Aging,496,1194,1690,TRUE,MAPK3
Q9Y5M8,Aging,1050,1025,2075,TRUE,SRPRB
P49755,Aging,659,1019,1678,TRUE,TMED10
O00505,Aging,509,1017,1526,TRUE,KPNA3
Q5JTV8,Aging,773,1198,1971,TRUE,TOR1AIP1
Q92575,Aging,414,822,1236,TRUE,UBXN4
P31946,Aging,1517,218,1735,TRUE,YWHAB
P0DMV8,Aging,861,518,1379,TRUE,HSPA1A
Q96AE4,Aging,809,393,1202,TRUE,FUBP1
P33992,Aging,425,1012,1437,TRUE,MCM5
P05783,Aging,955,1076,2031,TRUE,KRT18
Q15435,Aging,1185,20,1205,TRUE,PPP1R7
O95278,Aging,282,1206,1488,TRUE,EPM2A
O75534,Aging,1217,842,2059,TRUE,CSDE1
Q14249,Aging,420,1208,1628,TRUE,ENDOG
P05198,Aging,764,539,1303,TRUE,EIF2S1
Q9P0J0,Aging,715,933,1648,TRUE,NDUFA13
Q9Y6B6,Aging,210,1001,1211,TRUE,SAR1B
P15170,Aging,1006,782,1788,TRUE,GSPT1
Q06830,Aging,1718,363,2081,TRUE,PRDX1
Q8NC51,Aging,1362,652,2014,TRUE,SERBP1
Q13442,Aging,904,368,1272,TRUE,PDAP1
P21964,Aging,812,950,1762,TRUE,COMT
Q13263,Aging,243,980,1223,TRUE,TRIM28
Q15286,Aging,773,1218,1991,TRUE,RAB35
Q13404,Aging,271,948,1219,TRUE,UBE2V1
Q9NR56,Aging,794,926,1720,TRUE,MBNL1
Q66K66,Aging,1034,918,1952,TRUE,TMEM198
P12429,Aging,888,334,1222,TRUE,ANXA3
Q9Y4E8,Aging,1190,438,1628,TRUE,USP15
P14621,Aging,686,746,1432,TRUE,ACYP2
Q9NTG7,Aging,548,677,1225,TRUE,SIRT3
Q9BRC7,Aging,945,281,1226,TRUE,PLCD4
O75306,Aging,717,1032,1749,TRUE,NDUFS2
P82914,Aging,461,1006,1467,TRUE,MRPS15
Q13825,Aging,657,572,1229,TRUE,AUH
Q10589,Aging,762,468,1230,TRUE,BST2
Q9Y376,Aging,1367,138,1505,TRUE,CAB39
P21399,Aging,802,430,1232,TRUE,ACO1
P49257,Aging,1244,774,2018,TRUE,LMAN1
O14983,Aging,769,721,1490,TRUE,ATP2A1
Q15046,Aging,943,292,1235,TRUE,KARS1
Q7LBR1,Aging,749,1007,1756,TRUE,CHMP1B
O95218,Aging,267,1152,1419,TRUE,ZRANB2
P54646,Aging,866,372,1238,TRUE,PRKAA2
Q8WWV3,Aging,402,837,1239,TRUE,RTN4IP1
O15427,Aging,493,1240,1733,TRUE,SLC16A3
P62070,Aging,1073,865,1938,TRUE,RRAS2
O75351,Aging,1206,36,1242,TRUE,VPS4B
P08651,Aging,490,753,1243,TRUE,NFIC
P13797,Aging,475,769,1244,TRUE,PLS3
Q969X5,Aging,706,1245,1951,TRUE,ERGIC1
P00492,Aging,552,1246,1798,TRUE,HPRT1
Q6IPR1,Aging,527,1247,1774,TRUE,ETFRF1
P48637,Aging,1073,175,1248,TRUE,GSS
P61106,Aging,930,992,1922,TRUE,RAB14
O60613,Aging,768,1116,1884,TRUE,SELENOF
Q8IXL7,Aging,849,1235,2084,TRUE,MSRB3
Q13554,Aging,170,1131,1301,TRUE,CAMK2B
Q9NQ88,Aging,611,1019,1630,TRUE,TIGAR
O94874,Aging,835,419,1254,TRUE,UFL1
Q5VWZ2,Aging,780,1244,2024,TRUE,LYPLAL1
Q9H223,Aging,488,1073,1561,TRUE,EHD4
Q99471,Aging,1709,323,2032,TRUE,PFDN5
P55263,Aging,431,1258,1689,TRUE,ADK
Q92747,Aging,957,1114,2071,TRUE,ARPC1A
P52209,Aging,749,511,1260,TRUE,PGD
Q9P032,Aging,587,1261,1848,TRUE,NDUFAF4
Q9UI10,Aging,387,875,1262,TRUE,EIF2B4
Q8IYQ7,Aging,650,1263,1913,TRUE,THNSL1
P09012,Aging,506,758,1264,TRUE,SNRPA
P61224,Aging,249,1016,1265,TRUE,RAP1B
P11217,Aging,1237,506,1743,TRUE,PYGM
P62191,Aging,683,910,1593,TRUE,PSMC1
P61313,Aging,462,882,1344,TRUE,RPL15
Q92791,Aging,591,1232,1823,TRUE,P3H4
P62906,Aging,310,1240,1550,TRUE,RPL10A
O95139,Aging,323,1232,1555,TRUE,NDUFB6
Q9BVV7,Aging,344,928,1272,TRUE,TIMM21
Q00169,Aging,637,1273,1910,TRUE,PITPNA
P54578,Aging,772,502,1274,TRUE,USP14
Q9ULP9,Aging,552,723,1275,TRUE,TBC1D24
P00414,Aging,578,1216,1794,TRUE,MT-CO3
O95299,Aging,465,1086,1551,TRUE,NDUFA10
Q53GQ0,Aging,890,388,1278,TRUE,HSD17B12
P00390,Aging,1041,555,1596,TRUE,GSR
P14649,Aging,156,1277,1433,TRUE,MYL6B
Q9Y3F4,Aging,922,450,1372,TRUE,STRAP
Q96DB5,Aging,1010,272,1282,TRUE,RMDN1
P55042,Aging,552,1283,1835,TRUE,RRAD
Q9UI09,Aging,364,1177,1541,TRUE,NDUFA12
P63241,Aging,1499,461,1960,TRUE,EIF5A
P55290,Aging,817,485,1302,TRUE,CDH13
Q13126,Aging,1016,271,1287,TRUE,MTAP
Q8NE62,Aging,827,1288,2115,TRUE,CHDH
O95394,Aging,757,532,1289,TRUE,PGM3
Q99598,Aging,574,1290,1864,TRUE,TSNAX
O94812,Aging,521,1197,1718,TRUE,BAIAP3
P61077,Aging,324,1055,1379,TRUE,UBE2D3
P48444,Aging,431,862,1293,TRUE,ARCN1
O60936,Aging,981,313,1294,TRUE,NOL3
Q06432,Aging,507,788,1295,TRUE,CACNG1
P14625,Aging,701,737,1438,TRUE,HSP90B1
Q9H0P0,Aging,1445,246,1691,TRUE,NT5C3A
P17931,Aging,400,898,1298,TRUE,LGALS3
P28074,Aging,879,610,1489,TRUE,PSMB5
P30048,Aging,1443,207,1650,TRUE,PRDX3
P62820,Aging,916,385,1301,TRUE,RAB1A
P49591,Aging,889,1036,1925,TRUE,SARS1
Q9BX68,Aging,295,1303,1598,TRUE,HINT2
O15511,Aging,319,985,1304,TRUE,ARPC5
Q9Y2Q3,Aging,794,581,1375,TRUE,GSTK1
Q9H4M9,Aging,1344,321,1665,TRUE,EHD1
Q99460,Aging,704,930,1634,TRUE,PSMD1
Q9Y5U8,Aging,809,579,1388,TRUE,MPC1
Q9UMY4,Aging,366,1309,1675,TRUE,SNX12
P61978,Aging,1148,223,1371,TRUE,HNRNPK
P07437,Aging,1009,386,1395,TRUE,TUBB
P04844,Aging,598,1237,1835,TRUE,RPN2
Q9UPU5,Aging,419,1011,1430,TRUE,USP24
O14556,Aging,389,925,1314,TRUE,GAPDHS
P10301,Aging,885,479,1364,TRUE,RRAS
P07203,Aging,1131,185,1316,TRUE,GPX1
O14521,Aging,665,866,1531,TRUE,SDHD
Q14997,Aging,594,1315,1909,TRUE,PSME4
Q9NNW7,Aging,462,857,1319,TRUE,TXNRD2
Q9NZZ3,Aging,514,1320,1834,TRUE,CHMP5
P62807,Aging,927,1123,2050,TRUE,H2BC4
Q13813,Aging,425,1322,1747,TRUE,SPTAN1
P01591,Aging,484,1180,1664,TRUE,JCHAIN
Q16186,Aging,1294,579,1873,TRUE,ADRM1
Q05086,Aging,638,687,1325,TRUE,UBE3A
Q14624,Aging,374,952,1326,TRUE,ITIH4
P26368,Aging,655,1327,1982,TRUE,U2AF2
Q13586,Aging,1295,752,2047,TRUE,STIM1
P61769,Aging,214,1179,1393,TRUE,B2M
P08758,Aging,457,962,1419,TRUE,ANXA5
Q96EY7,Aging,794,537,1331,TRUE,PTCD3
Q9UHG3,Aging,267,1129,1396,TRUE,PCYOX1
O43676,Aging,385,1182,1567,TRUE,NDUFB3
O00186,Aging,944,989,1933,TRUE,STXBP3
O60506,Aging,1089,764,1853,TRUE,SYNCRIP
O14964,Aging,670,1336,2006,TRUE,HGS
P06396,Aging,486,1190,1676,TRUE,GSN
Q96MG2,Aging,620,798,1418,TRUE,JSRP1
Q8IWX7,Aging,592,747,1339,TRUE,UNC45B
Q6UXV4,Aging,805,599,1404,TRUE,APOOL
P11532,Aging,714,682,1396,TRUE,DMD
Q9H078,Aging,393,949,1342,TRUE,CLPB
P46940,Aging,411,1118,1529,TRUE,IQGAP1
Q5SQH8,Aging,526,1344,1870,TRUE,C6orf136
Q9BW30,Aging,66,1334,1400,TRUE,TPPP3
Q9Y6N5,Aging,662,1346,2008,TRUE,SQOR
P23634,Aging,1090,994,2084,TRUE,ATP2B4
Q9UJS0,Aging,1306,538,1844,TRUE,SLC25A13
Q9BV57,Aging,539,1349,1888,TRUE,ADI1
O95881,Aging,383,1321,1704,TRUE,TXNDC12
O43747,Aging,488,1070,1558,TRUE,AP1G1
O75128,Aging,1025,917,1942,TRUE,COBL
P68402,Aging,438,1353,1791,TRUE,PAFAH1B2
Q15582,Aging,485,922,1407,TRUE,TGFBI
P63302,Aging,421,1355,1776,TRUE,SELENOW
Q0VDF9,Aging,616,1356,1972,TRUE,HSPA14
P04792,Aging,1066,622,1688,TRUE,HSPB1
P43304,Aging,786,666,1452,TRUE,GPD2
Q96CX2,Aging,622,1333,1955,TRUE,KCTD12
Q9H2G2,Aging,661,1360,2021,TRUE,SLK
O96005,Aging,596,1177,1773,TRUE,CLPTM1
P20962,Aging,855,507,1362,TRUE,PTMS
O75131,Aging,1087,276,1363,TRUE,CPNE3
P50995,Aging,1099,389,1488,TRUE,ANXA11
O75368,Aging,461,1365,1826,TRUE,SH3BGRL
O43583,Aging,1091,788,1879,TRUE,DENR
Q14BN4,Aging,795,714,1509,TRUE,SLMAP
Q13884,Aging,1434,664,2098,TRUE,SNTB1
P43007,Aging,639,1369,2008,TRUE,SLC1A4
Q5VU43,Aging,764,1144,1908,TRUE,PDE4DIP
Q86TD4,Aging,1075,511,1586,TRUE,SRL
P51636,Aging,638,1372,2010,TRUE,CAV2
Q9H993,Aging,1468,589,2057,TRUE,ARMT1
Q9UIA9,Aging,646,728,1374,TRUE,XPO7
P61163,Aging,527,848,1375,TRUE,ACTR1A
O60888,Aging,938,474,1412,TRUE,CUTA
P15954,Aging,814,1018,1832,TRUE,COX7C
Q9H9A6,Aging,702,1287,1989,TRUE,LRRC40
P40121,Aging,664,1379,2043,TRUE,CAPG
Q13724,Aging,729,1380,2109,TRUE,MOGS
Q9UNS2,Aging,1493,336,1829,TRUE,COPS3
P09651,Aging,346,1382,1728,TRUE,HNRNPA1
Q14061,Aging,436,1201,1637,TRUE,COX17
O15498,Aging,1154,230,1384,TRUE,YKT6
Q9UPN7,Aging,502,1385,1887,TRUE,PPP6R1
P16157,Aging,254,1132,1386,TRUE,ANK1
Q9UNF0,Aging,309,1114,1423,TRUE,PACSIN2
P28838,Aging,925,517,1442,TRUE,LAP3
P51884,Aging,1024,549,1573,TRUE,LUM
P63146,Aging,425,1390,1815,TRUE,UBE2B
Q8N3K9,Aging,641,960,1601,TRUE,CMYA5
Q96HD1,Aging,632,1302,1934,TRUE,CRELD1
Q9NR50,Aging,626,1330,1956,TRUE,EIF2B3
Q9Y3Z3,Aging,538,1288,1826,TRUE,SAMHD1
P53778,Aging,724,671,1395,TRUE,MAPK12
Q9UBF6,Aging,1300,614,1914,TRUE,RNF7
P01780,Aging,618,779,1397,TRUE,IGHV3-7
O75663,Aging,1120,870,1990,TRUE,TIPRL
Q8IZ81,Aging,668,1399,2067,TRUE,ELMOD2
P39060,Aging,351,1049,1400,TRUE,COL18A1
Q07507,Aging,402,1366,1768,TRUE,DPT
P38606,Aging,1072,330,1402,TRUE,ATP6V1A
Q9UQN3,Aging,728,1224,1952,TRUE,CHMP2B
P51888,Aging,692,1175,1867,TRUE,PRELP
O15400,Aging,1029,376,1405,TRUE,STX7
P07355,Aging,584,936,1520,TRUE,ANXA2
Q00341,Aging,669,1407,2076,TRUE,HDLBP
P62942,Aging,706,726,1432,TRUE,FKBP1A
P01889,Aging,422,1042,1464,TRUE,HLA-B
O75438,Aging,366,1097,1463,TRUE,NDUFB1
P48643,Aging,824,587,1411,TRUE,CCT5
Q9HA64,Aging,191,1324,1515,TRUE,FN3KRP
P50993,Aging,1557,255,1812,TRUE,ATP1A2
P42330,Aging,382,1032,1414,TRUE,AKR1C3
Q15363,Aging,345,1380,1725,TRUE,TMED2
P28907,Aging,476,1334,1810,TRUE,CD38
P30536,Aging,776,641,1417,TRUE,TSPO
P50213,Aging,1457,418,1875,TRUE,IDH3A
O75298,Aging,796,707,1503,TRUE,RTN2
P07585,Aging,371,1299,1670,TRUE,DCN
P46199,Aging,284,1363,1647,TRUE,MTIF2
Q5JTJ3,Aging,1333,680,2013,TRUE,COA6
Q16881,Aging,1235,188,1423,TRUE,TXNRD1
P46781,Aging,288,1137,1425,TRUE,RPS9
P60981,Aging,441,1019,1460,TRUE,DSTN
P58546,Aging,1279,147,1426,TRUE,MTPN
O43768,Aging,658,826,1484,TRUE,ENSA
Q9NQC3,Aging,1325,561,1886,TRUE,RTN4
Q13492,Aging,597,1264,1861,TRUE,PICALM
P62826,Aging,1551,325,1876,TRUE,RAN
P61457,Aging,1357,328,1685,TRUE,PCBD1
Q9NP79,Aging,1448,300,1748,TRUE,VTA1
P09622,Aging,1389,496,1885,TRUE,DLD
P14618,Aging,1255,693,1948,TRUE,PKM
Q92890,Aging,960,475,1435,TRUE,UFD1
Q5D862,Aging,632,1436,2068,TRUE,FLG2
Q02338,Aging,593,844,1437,TRUE,BDH1
Q5TAQ9,Aging,732,1203,1935,TRUE,DCAF8
Q9BSE5,Aging,219,1220,1439,TRUE,AGMAT
Q93008,Aging,519,921,1440,TRUE,USP9X
P02751,Aging,613,1441,2054,TRUE,FN1
P48681,Aging,526,1442,1968,TRUE,NES
P19404,Aging,551,1083,1634,TRUE,NDUFV2
Q9NP72,Aging,1228,216,1444,TRUE,RAB18
Q53H12,Aging,460,1445,1905,TRUE,AGK
Q9Y5Z4,Aging,1398,409,1807,TRUE,HEBP2
P24534,Aging,480,967,1447,TRUE,EEF1B2
O14744,Aging,1304,144,1448,TRUE,PRMT5
P29401,Aging,656,793,1449,TRUE,TKT
P14209,Aging,1082,1031,2113,TRUE,CD99
Q8TDX7,Aging,1168,283,1451,TRUE,NEK7
P18669,Aging,912,682,1594,TRUE,PGAM1
P23588,Aging,1295,158,1453,TRUE,EIF4B
O43741,Aging,1211,243,1454,TRUE,PRKAB2
Q15102,Aging,508,947,1455,TRUE,PAFAH1B3
P11021,Aging,1041,529,1570,TRUE,HSPA5
Q01484,Aging,283,1174,1457,TRUE,ANK2
P20042,Aging,1291,800,2091,TRUE,EIF2S2
Q96DV4,Aging,821,1106,1927,TRUE,MRPL38
O15372,Aging,510,1460,1970,TRUE,EIF3H
P04083,Aging,406,1125,1531,TRUE,ANXA1
Q15907,Aging,1503,235,1738,TRUE,RAB11B
Q92901,Aging,439,1463,1902,TRUE,RPL3L
P12110,Aging,408,1464,1872,TRUE,COL6A2
O00764,Aging,1677,140,1817,TRUE,PDXK
Q9Y6P5,Aging,1034,432,1466,TRUE,SESN1
P23297,Aging,798,1091,1889,TRUE,S100A1
Q96A57,Aging,614,1393,2007,TRUE,TMEM230
Q9BSD7,Aging,378,1091,1469,TRUE,NTPCR
P61960,Aging,1084,386,1470,TRUE,UFM1
Q5U5X0,Aging,1256,215,1471,TRUE,LYRM7
O00423,Aging,1326,746,2072,TRUE,EML1
P08572,Aging,414,1453,1867,TRUE,COL4A2
Q8N3L3,Aging,1119,711,1830,TRUE,TXLNB
P25789,Aging,783,692,1475,TRUE,PSMA4
Q9UDT6,Aging,574,1424,1998,TRUE,CLIP2
Q99497,Aging,1029,464,1493,TRUE,PARK7
P61586,Aging,1200,551,1751,TRUE,RHOA
P17568,Aging,702,865,1567,TRUE,NDUFB7
Q13085,Aging,394,1171,1565,TRUE,ACACA
Q9NUB1,Aging,416,1065,1481,TRUE,ACSS1
P12235,Aging,1194,703,1897,TRUE,SLC25A4
O00757,Aging,727,1098,1825,TRUE,FBP2
Q6YP21,Aging,396,1484,1880,TRUE,KYAT3
Q08209,Aging,756,729,1485,TRUE,PPP3CA
P62244,Aging,580,906,1486,TRUE,RPS15A
Q9Y224,Aging,379,1108,1487,TRUE,RTRAF
P55268,Aging,364,1488,1852,TRUE,LAMB2
Q9BVK6,Aging,759,730,1489,TRUE,TMED9
O75746,Aging,1816,276,2092,TRUE,SLC25A12
P60468,Aging,341,1409,1750,TRUE,SEC61B
Q9BWH2,Aging,882,825,1707,TRUE,FUNDC2
P35443,Aging,489,1491,1980,TRUE,THBS4
P54619,Aging,961,604,1565,TRUE,PRKAG1
O14924,Aging,724,1060,1784,TRUE,RGS12
P10599,Aging,939,731,1670,TRUE,TXN
Q96H20,Aging,598,899,1497,TRUE,SNF8
P35579,Aging,367,1268,1635,TRUE,MYH9
Q9H8H3,Aging,772,735,1507,TRUE,METTL7A
P62753,Aging,1249,821,2070,TRUE,RPS6
P13861,Aging,1513,400,1913,TRUE,PRKAR2A
P36955,Aging,1363,705,2068,TRUE,SERPINF1
Q07955,Aging,180,1376,1556,TRUE,SRSF1
P15088,Aging,264,1240,1504,TRUE,CPA3
P14927,Aging,929,783,1712,TRUE,UQCRB
Q9Y4J8,Aging,1470,478,1948,TRUE,DTNA
P01871,Aging,247,1294,1541,TRUE,IGHM
P40763,Aging,735,773,1508,TRUE,STAT3
P02792,Aging,194,1506,1700,TRUE,FTL
P09972,Aging,725,1352,2077,TRUE,ALDOC
P26639,Aging,485,1460,1945,TRUE,TARS1
O15305,Aging,438,1485,1923,TRUE,PMM2
P60903,Aging,943,646,1589,TRUE,S100A10
Q16181,Aging,1219,295,1514,TRUE,SEPTIN7
P00352,Aging,935,824,1759,TRUE,ALDH1A1
P20020,Aging,459,1492,1951,TRUE,ATP2B1
Q92629,Aging,1061,689,1750,TRUE,SGCD
Q9H477,Aging,772,1143,1915,TRUE,RBKS
Q9NPJ3,Aging,1021,635,1656,TRUE,ACOT13
Q3LXA3,Aging,329,1368,1697,TRUE,TKFC
O60925,Aging,1460,371,1831,TRUE,PFDN1
Q9BZE1,Aging,502,1256,1758,TRUE,MRPL37
P78371,Aging,1483,596,2079,TRUE,CCT2
Q04446,Aging,183,1359,1542,TRUE,GBE1
P36871,Aging,1165,436,1601,TRUE,PGM1
P14672,Aging,239,1287,1526,TRUE,SLC2A4
P49585,Aging,800,727,1527,TRUE,PCYT1A
P41567,Aging,811,717,1528,TRUE,EIF1
P37108,Aging,927,602,1529,TRUE,SRP14
Q9HA65,Aging,1048,482,1530,TRUE,TBC1D17
P18124,Aging,154,1439,1593,TRUE,RPL7
Q96CT7,Aging,1098,1002,2100,TRUE,CCDC124
Q6ZU65,Aging,621,1440,2061,TRUE,UBN2
P04264,Aging,667,1330,1997,TRUE,KRT1
P08697,Aging,324,1535,1859,TRUE,SERPINF2
Q14116,Aging,468,1536,2004,TRUE,IL18
P05787,Aging,459,1481,1940,TRUE,KRT8
Q9H2S6,Aging,1164,658,1822,TRUE,TNMD
P61081,Aging,1279,402,1681,TRUE,UBE2M
P84103,Aging,259,1281,1540,TRUE,SRSF3
P13645,Aging,626,1339,1965,TRUE,KRT10
P50570,Aging,1377,165,1542,TRUE,DNM2
Q8IYS1,Aging,139,1404,1543,TRUE,PM20D2
Q15843,Aging,939,701,1640,TRUE,NEDD8
Q96EY1,Aging,606,1500,2106,TRUE,DNAJA3
P12955,Aging,1585,225,1810,TRUE,PEPD
Q13033,Aging,923,1126,2049,TRUE,STRN3
Q86UP2,Aging,432,1548,1980,TRUE,KTN1
P06576,Aging,954,595,1549,TRUE,ATP5F1B
Q8WW12,Aging,363,1425,1788,TRUE,PCNP
Q8NE71,Aging,1043,508,1551,TRUE,ABCF1
P35637,Aging,1540,362,1902,TRUE,FUS
Q12846,Aging,525,1553,2078,TRUE,STX4
Q00839,Aging,1159,771,1930,TRUE,HNRNPU
Q92530,Aging,848,707,1555,TRUE,PSMF1
P22570,Aging,676,880,1556,TRUE,FDXR
Q15119,Aging,887,1191,2078,TRUE,PDK2
P12111,Aging,172,1558,1730,TRUE,COL6A3
O60869,Aging,1358,644,2002,TRUE,EDF1
P23434,Aging,817,743,1560,TRUE,GCSH
Q9UN86,Aging,313,1561,1874,TRUE,G3BP2
Q9UK41,Aging,808,754,1562,TRUE,VPS28
P61970,Aging,1762,302,2064,TRUE,NUTF2
P13798,Aging,1802,251,2053,TRUE,APEH
P04632,Aging,1175,390,1565,TRUE,CAPNS1
P51659,Aging,573,993,1566,TRUE,HSD17B4
Q8TCA0,Aging,1669,300,1969,TRUE,LRRC20
P00403,Aging,809,939,1748,TRUE,MT-CO2
Q8WW59,Aging,703,866,1569,TRUE,SPRYD4
Q96DE0,Aging,980,590,1570,TRUE,NUDT16
Q13508,Aging,421,1150,1571,TRUE,ART3
Q9H7Z7,Aging,608,964,1572,TRUE,PTGES2
O95747,Aging,1513,60,1573,TRUE,OXSR1
P52294,Aging,831,824,1655,TRUE,KPNA1
Q9BPX5,Aging,255,1320,1575,TRUE,ARPC5L
Q9P0L0,Aging,814,762,1576,TRUE,VAPA
Q02388,Aging,837,740,1577,TRUE,COL7A1
Q7Z422,Aging,618,960,1578,TRUE,SZRD1
Q8NB12,Aging,987,788,1775,TRUE,SMYD1
P16118,Aging,461,1560,2021,TRUE,PFKFB1
P07099,Aging,345,1304,1649,TRUE,EPHX1
P13010,Aging,1442,479,1921,TRUE,XRCC5
Q9HDC9,Aging,761,1001,1762,TRUE,APMAP
Q9NY33,Aging,1266,799,2065,TRUE,DPP3
O14957,Aging,432,1234,1666,TRUE,UQCR11
P43897,Aging,867,719,1586,TRUE,TSFM
O00233,Aging,1287,473,1760,TRUE,PSMD9
P24844,Aging,483,1588,2071,TRUE,MYL9
P68400,Aging,1061,942,2003,TRUE,CSNK2A1
P21281,Aging,1449,141,1590,TRUE,ATP6V1B2
O95182,Aging,433,1230,1663,TRUE,NDUFA7
Q96FJ2,Aging,1060,1045,2105,TRUE,DYNLL2
Q9UDY4,Aging,333,1593,1926,TRUE,DNAJB4
P61201,Aging,1381,427,1808,TRUE,COPS2
P22626,Aging,1052,543,1595,TRUE,HNRNPA2B1
P56385,Aging,813,972,1785,TRUE,ATP5ME
P09417,Aging,948,739,1687,TRUE,QDPR
O95197,Aging,510,1088,1598,TRUE,RTN3
Q9NVJ2,Aging,745,965,1710,TRUE,ARL8B
P68363,Aging,1134,599,1733,TRUE,TUBA1B
Q8N183,Aging,367,1234,1601,TRUE,NDUFAF2
Q96IU4,Aging,1278,495,1773,TRUE,ABHD14B
P49406,Aging,274,1329,1603,TRUE,MRPL19
O43399,Aging,1528,426,1954,TRUE,TPD52L2
P05023,Aging,1200,468,1668,TRUE,ATP1A1
Q05682,Aging,400,1606,2006,TRUE,CALD1
O94811,Aging,394,1385,1779,TRUE,TPPP
O14548,Aging,436,1608,2044,TRUE,COX7A2L
Q92614,Aging,757,1288,2045,TRUE,MYO18A
P24539,Aging,1292,557,1849,TRUE,ATP5PB
P55209,Aging,656,1110,1766,TRUE,NAP1L1
Q969T9,Aging,1163,888,2051,TRUE,WBP2
P46926,Aging,1165,553,1718,TRUE,GNPDA1
Q15717,Aging,430,1614,2044,TRUE,ELAVL1
Q9NTJ4,Aging,389,1226,1615,TRUE,MAN2C1
Q9H8S9,Aging,1095,521,1616,TRUE,MOB1A
Q8N5K1,Aging,277,1520,1797,TRUE,CISD2
Q8N8N7,Aging,569,1114,1683,TRUE,PTGR2
P35080,Aging,855,866,1721,TRUE,PFN2
P51991,Aging,427,1194,1621,TRUE,HNRNPA3
P16083,Aging,384,1588,1972,TRUE,NQO2
Q96HN2,Aging,1112,510,1622,TRUE,AHCYL2
Q9NRN7,Aging,711,912,1623,TRUE,AASDHPPT
Q15436,Aging,1302,322,1624,TRUE,SEC23A
P0DOY3,Aging,685,1034,1719,TRUE,IGLC3
O96011,Aging,407,1309,1716,TRUE,PEX11B
Q9BTZ2,Aging,623,1004,1627,TRUE,DHRS4
P04275,Aging,487,1628,2115,TRUE,VWF
P53004,Aging,1536,441,1977,TRUE,BLVRA
Q13685,Aging,344,1630,1974,TRUE,AAMP
O96000,Aging,743,1061,1804,TRUE,NDUFB10
P06744,Aging,1364,578,1942,TRUE,GPI
Q96C90,Aging,1120,513,1633,TRUE,PPP1R14B
O75874,Aging,1421,420,1841,TRUE,IDH1
P51648,Aging,986,649,1635,TRUE,ALDH3A2
P36959,Aging,1175,461,1636,TRUE,GMPR
P98160,Aging,238,1405,1643,TRUE,HSPG2
Q5BKX8,Aging,600,1038,1638,TRUE,CAVIN4
Q99714,Aging,1235,404,1639,TRUE,HSD17B10
P47813,Aging,1398,242,1640,TRUE,EIF1AX
O00499,Aging,1429,365,1794,TRUE,BIN1
Q15257,Aging,1032,610,1642,TRUE,PTPA
Q9BXW7,Aging,810,833,1643,TRUE,HDHD5
P30040,Aging,1541,103,1644,TRUE,ERP29
P12109,Aging,218,1625,1843,TRUE,COL6A1
Q53GG5,Aging,940,831,1771,TRUE,PDLIM3
P09467,Aging,543,1388,1931,TRUE,FBP1
P48059,Aging,1098,550,1648,TRUE,LIMS1
Q00325,Aging,914,875,1789,TRUE,SLC25A3
Q9NRP2,Aging,510,1140,1650,TRUE,CMC2
P22059,Aging,1431,220,1651,TRUE,OSBP
Q86TX2,Aging,737,1291,2028,TRUE,ACOT1
Q9Y263,Aging,1332,321,1653,TRUE,PLAA
P05455,Aging,515,1280,1795,TRUE,SSB
Q9H061,Aging,1311,344,1655,TRUE,TMEM126A
Q14764,Aging,358,1656,2014,TRUE,MVP
Q13425,Aging,875,782,1657,TRUE,SNTB2
Q12805,Aging,286,1605,1891,TRUE,EFEMP1
Q9C0E8,Aging,1322,337,1659,TRUE,LNPK
O43169,Aging,250,1499,1749,TRUE,CYB5B
Q15056,Aging,1391,270,1661,TRUE,EIF4H
Q02952,Aging,522,1198,1720,TRUE,AKAP12
Q15813,Aging,641,1022,1663,TRUE,TBCE
A8MU46,Aging,224,1449,1673,TRUE,SMTNL1
O43598,Aging,816,884,1700,TRUE,DNPH1
P25686,Aging,643,1023,1666,TRUE,DNAJB2
P51812,Aging,1503,592,2095,TRUE,RPS6KA3
P43034,Aging,659,1178,1837,TRUE,PAFAH1B1
Q16658,Aging,425,1244,1669,TRUE,FSCN1
P56134,Aging,1042,819,1861,TRUE,ATP5MF
Q9P2T1,Aging,1218,453,1671,TRUE,GMPR2
P10398,Aging,406,1478,1884,TRUE,ARAF
Q9UL25,Aging,1221,735,1956,TRUE,RAB21
Q9Y316,Aging,1143,665,1808,TRUE,MEMO1
P48426,Aging,406,1269,1675,TRUE,PIP4K2A
Q9Y4X5,Aging,520,1337,1857,TRUE,ARIH1
P35221,Aging,365,1677,2042,TRUE,CTNNA1
P07738,Aging,539,1251,1790,TRUE,BPGM
Q96QR8,Aging,380,1299,1679,TRUE,PURB
O00299,Aging,1338,541,1879,TRUE,CLIC1
Q16134,Aging,1209,893,2102,TRUE,ETFDH
Q04323,Aging,1456,226,1682,TRUE,UBXN1
Q9Y5X3,Aging,563,1120,1683,TRUE,SNX5
P50502,Aging,1775,189,1964,TRUE,ST13
Q04837,Aging,1175,602,1777,TRUE,SSBP1
P19367,Aging,1539,547,2086,TRUE,HK1
P82663,Aging,813,1170,1983,TRUE,MRPS25
O95563,Aging,638,1052,1690,TRUE,MPC2
P17987,Aging,1204,707,1911,TRUE,TCP1
Q9H2H8,Aging,633,1057,1690,TRUE,PPIL3
P09669,Aging,750,1050,1800,TRUE,COX6C
Q15714,Aging,311,1688,1999,TRUE,TSC22D1
Q9P2X0,Aging,277,1693,1970,TRUE,DPM3
P46459,Aging,1007,1054,2061,TRUE,NSF
P26196,Aging,694,1202,1896,TRUE,DDX6
Q9BYV7,Aging,233,1463,1696,TRUE,BCO2
P18206,Aging,1671,269,1940,TRUE,VCL
P05090,Aging,570,1136,1706,TRUE,APOD
P51149,Aging,1743,331,2074,TRUE,RAB7A
Q9UNZ2,Aging,1859,207,2066,TRUE,NSFL1C
Q96RK4,Aging,288,1413,1701,TRUE,BBS4
Q7Z4G1,Aging,414,1502,1916,TRUE,COMMD6
P45381,Aging,1035,668,1703,TRUE,ASPA
Q96DH6,Aging,398,1306,1704,TRUE,MSI2
Q8IUZ5,Aging,685,1067,1752,TRUE,PHYKPL
Q6IBS0,Aging,1060,983,2043,TRUE,TWF2
P38646,Aging,1578,419,1997,TRUE,HSPA9
P62917,Aging,152,1615,1767,TRUE,RPL8
Q9H4G4,Aging,315,1652,1967,TRUE,GLIPR2
Q8IWL3,Aging,316,1449,1765,TRUE,HSCB
Q9BYD3,Aging,776,1328,2104,TRUE,MRPL4
Q92499,Aging,1161,573,1734,TRUE,DDX1
P28161,Aging,1124,713,1837,TRUE,GSTM2
Q14980,Aging,1260,848,2108,TRUE,NUMA1
Q712K3,Aging,598,1117,1715,TRUE,UBE2R2
Q13496,Aging,339,1513,1852,TRUE,MTM1
Q96EL3,Aging,178,1717,1895,TRUE,MRPL53
P63208,Aging,877,841,1718,TRUE,SKP1
A2RTX5,Aging,321,1398,1719,TRUE,TARS3
P03928,Aging,531,1189,1720,TRUE,MT-ATP8
P29317,Aging,515,1379,1894,TRUE,EPHA2
P07900,Aging,1369,353,1722,TRUE,HSP90AA1
P50991,Aging,1047,676,1723,TRUE,CCT4
P02753,Aging,129,1672,1801,TRUE,RBP4
P09960,Aging,1203,620,1823,TRUE,LTA4H
P84085,Aging,1095,631,1726,TRUE,ARF5
P10109,Aging,474,1253,1727,TRUE,FDX1
P07108,Aging,1406,598,2004,TRUE,DBI
Q86VD7,Aging,344,1642,1986,TRUE,SLC25A42
Q92995,Aging,322,1633,1955,TRUE,USP13
Q9NRV9,Aging,1200,531,1731,TRUE,HEBP1
Q9BPW8,Aging,394,1571,1965,TRUE,NIPSNAP1
Q9BQA1,Aging,1179,554,1733,TRUE,WDR77
Q01082,Aging,1115,834,1949,TRUE,SPTBN1
P09874,Aging,1073,662,1735,TRUE,PARP1
P18859,Aging,890,967,1857,TRUE,ATP5PF
Q8TD19,Aging,340,1737,2077,TRUE,NEK9
O75928,Aging,910,891,1801,TRUE,PIAS2
P49721,Aging,1674,365,2039,TRUE,PSMB2
O95573,Aging,784,956,1740,TRUE,ACSL3
P04040,Aging,875,925,1800,TRUE,CAT
P57105,Aging,1234,828,2062,TRUE,SYNJ2BP
Q92696,Aging,852,891,1743,TRUE,RABGGTA
O75431,Aging,1114,630,1744,TRUE,MTX2
P22695,Aging,1272,473,1745,TRUE,UQCRC2
Q7Z2K6,Aging,306,1741,2047,TRUE,ERMP1
O75489,Aging,1500,555,2055,TRUE,NDUFS3
Q86WU2,Aging,341,1407,1748,TRUE,LDHD
P26885,Aging,726,1309,2035,TRUE,FKBP2
P84095,Aging,302,1714,2016,TRUE,RHOG
Q9Y5P6,Aging,961,790,1751,TRUE,GMPPB
P50895,Aging,1088,694,1782,TRUE,BCAM
P59998,Aging,1260,654,1914,TRUE,ARPC4
P15259,Aging,1241,513,1754,TRUE,PGAM2
Q08752,Aging,416,1339,1755,TRUE,PPID
P11216,Aging,1147,609,1756,TRUE,PYGB
Q9Y6A9,Aging,733,1024,1757,TRUE,SPCS1
Q7Z3D6,Aging,826,979,1805,TRUE,DGLUCY
Q8N5G0,Aging,876,1125,2001,TRUE,SMIM20
P12236,Aging,765,1244,2009,TRUE,SLC25A6
P60228,Aging,963,935,1898,TRUE,EIF3E
Q8TCT8,Aging,781,1260,2041,TRUE,SPPL2A
Q13177,Aging,1224,539,1763,TRUE,PAK2
P23381,Aging,1350,558,1908,TRUE,WARS1
P61925,Aging,1499,527,2026,TRUE,PKIA
P14868,Aging,1055,711,1766,TRUE,DARS1
P11940,Aging,1793,277,2070,TRUE,PABPC1
P22307,Aging,1043,787,1830,TRUE,SCP2
Q14240,Aging,1355,748,2103,TRUE,EIF4A2
O75964,Aging,1182,588,1770,TRUE,ATP5MG
P61019,Aging,913,858,1771,TRUE,RAB2A
P62280,Aging,801,971,1772,TRUE,RPS11
P63010,Aging,841,932,1773,TRUE,AP2B1
Q9NWV4,Aging,1398,573,1971,TRUE,CZIB
P31153,Aging,1864,227,2091,TRUE,MAT2A
O00330,Aging,1424,467,1891,TRUE,PDHX
O95810,Aging,1486,291,1777,TRUE,CAVIN2
P61604,Aging,1157,759,1916,TRUE,HSPE1
Q86VX2,Aging,236,1679,1915,TRUE,COMMD7
P56537,Aging,1514,582,2096,TRUE,EIF6
P07741,Aging,1134,647,1781,TRUE,APRT
Q9UMX0,Aging,1278,504,1782,TRUE,UBQLN1
Q07065,Aging,347,1733,2080,TRUE,CKAP4
P83111,Aging,1306,478,1784,TRUE,LACTB
Q9Y6M9,Aging,824,1039,1863,TRUE,NDUFB9
P01040,Aging,351,1712,2063,TRUE,CSTA
P53999,Aging,1834,239,2073,TRUE,SUB1
P49773,Aging,802,1066,1868,TRUE,HINT1
O95834,Aging,371,1418,1789,TRUE,EML2
P30044,Aging,1369,433,1802,TRUE,PRDX5
Q04637,Aging,1739,249,1988,TRUE,EIF4G1
Q9NVD7,Aging,695,1097,1792,TRUE,PARVA
P82675,Aging,234,1793,2027,TRUE,MRPS5
P02533,Aging,203,1600,1803,TRUE,KRT14
P24310,Aging,1131,761,1892,TRUE,COX7A1
Q8IWA4,Aging,220,1645,1865,TRUE,MFN1
Q12906,Aging,1291,506,1797,TRUE,ILF3
Q96RP9,Aging,1253,807,2060,TRUE,GFM1
Q12797,Aging,715,1397,2112,TRUE,ASPH
Q15111,Aging,262,1768,2030,TRUE,PLCL1
Q9NZ01,Aging,812,1257,2069,TRUE,TECR
Q8WX93,Aging,762,1331,2093,TRUE,PALLD
P60520,Aging,931,872,1803,TRUE,GABARAPL2
P01023,Aging,382,1447,1829,TRUE,A2M
Q99808,Aging,794,1011,1805,TRUE,SLC29A1
Q9UBQ0,Aging,321,1623,1944,TRUE,VPS29
Q13561,Aging,1593,266,1859,TRUE,DCTN2
Q9BYT8,Aging,651,1157,1808,TRUE,NLN
Q9Y3C6,Aging,1352,457,1809,TRUE,PPIL1
P07737,Aging,1612,198,1810,TRUE,PFN1
Q14247,Aging,216,1639,1855,TRUE,CTTN
Q9BUB7,Aging,643,1407,2050,TRUE,TMEM70
Q9UIC8,Aging,1629,184,1813,TRUE,LCMT1
O00264,Aging,843,971,1814,TRUE,PGRMC1
Q9HBI1,Aging,1103,712,1815,TRUE,PARVB
Q9UBB4,Aging,1248,568,1816,TRUE,ATXN10
Q9BUR5,Aging,1547,421,1968,TRUE,APOO
O14949,Aging,1384,462,1846,TRUE,UQCRQ
P52272,Aging,692,1286,1978,TRUE,HNRNPM
P46109,Aging,1722,267,1989,TRUE,CRKL
Q9H2U2,Aging,1277,544,1821,TRUE,PPA2
O14737,Aging,1489,333,1822,TRUE,PDCD5
Q86VP6,Aging,1301,789,2090,TRUE,CAND1
O75891,Aging,1018,806,1824,TRUE,ALDH1L1
Q9H444,Aging,1299,526,1825,TRUE,CHMP4B
Q9BZV1,Aging,831,1153,1984,TRUE,UBXN6
P36873,Aging,287,1827,2114,TRUE,PPP1CC
Q01995,Aging,184,1663,1847,TRUE,TAGLN
Q5SSJ5,Aging,535,1294,1829,TRUE,HP1BP3
P53990,Aging,1882,187,2069,TRUE,IST1
P31942,Aging,1102,729,1831,TRUE,HNRNPH3
P56181,Aging,528,1306,1834,TRUE,NDUFV3
P46379,Aging,187,1806,1993,TRUE,BAG6
Q8N5N7,Aging,234,1600,1834,TRUE,MRPL50
Q5R3I4,Aging,228,1695,1923,TRUE,TTC38
P28072,Aging,1453,595,2048,TRUE,PSMB6
Q5HYI8,Aging,943,1059,2002,TRUE,RABL3
P52895,Aging,398,1575,1973,TRUE,AKR1C2
P14174,Aging,1008,952,1960,TRUE,MIF
P62879,Aging,1591,524,2115,TRUE,GNB2
P06748,Aging,1111,799,1910,TRUE,NPM1
Q8WVJ2,Aging,1271,658,1929,TRUE,NUDCD2
Q9Y2B0,Aging,535,1386,1921,TRUE,CNPY2
O76070,Aging,246,1839,2085,TRUE,SNCG
Q96A26,Aging,1388,652,2040,TRUE,FAM162A
P13073,Aging,1162,684,1846,TRUE,COX4I1
O43865,Aging,1399,448,1847,TRUE,AHCYL1
Q96MF6,Aging,850,1014,1864,TRUE,COQ10A
Q8IYU8,Aging,945,904,1849,TRUE,MICU2
O94886,Aging,1128,722,1850,TRUE,TMEM63A
Q8IYB8,Aging,164,1690,1854,TRUE,SUPV3L1
Q9ULC4,Aging,1326,610,1936,TRUE,MCTS1
P63098,Aging,1067,889,1956,TRUE,PPP3R1
P16298,Aging,1444,453,1897,TRUE,PPP3CB
P55795,Aging,348,1640,1988,TRUE,HNRNPH2
O95372,Aging,1331,754,2085,TRUE,LYPLA2
Q9Y266,Aging,1840,200,2040,TRUE,NUDC
Q9P2X3,Aging,368,1490,1858,TRUE,IMPACT
P53384,Aging,374,1664,2038,TRUE,NUBP1
Q15208,Aging,132,1818,1950,TRUE,STK38
O60493,Aging,1676,370,2046,TRUE,SNX3
P34932,Aging,1594,268,1862,TRUE,HSPA4
Q14118,Aging,1158,705,1863,TRUE,DAG1
Q9NZL4,Aging,467,1397,1864,TRUE,HSPBP1
Q9NSD9,Aging,1159,864,2023,TRUE,FARSB
Q05707,Aging,301,1660,1961,TRUE,COL14A1
Q9UIJ7,Aging,739,1281,2020,TRUE,AK3
P09913,Aging,1158,710,1868,TRUE,IFIT2
Q16774,Aging,231,1684,1915,TRUE,GUK1
Q96CN7,Aging,1185,853,2038,TRUE,ISOC1
P23526,Aging,1558,438,1996,TRUE,AHCY
P26447,Aging,713,1281,1994,TRUE,S100A4
Q9NTK5,Aging,1634,353,1987,TRUE,OLA1
Q9BRX8,Aging,858,1016,1874,TRUE,PRXL2A
P63000,Aging,1732,326,2058,TRUE,RAC1
O96008,Aging,1426,450,1876,TRUE,TOMM40
Q96C86,Aging,426,1451,1877,TRUE,DCPS
Q96C00,Aging,269,1746,2015,TRUE,ZBTB9
O95831,Aging,1491,565,2056,TRUE,AIFM1
Q96KP4,Aging,1619,261,1880,TRUE,CNDP2
Q96PU8,Aging,756,1255,2011,TRUE,QKI
P50990,Aging,1667,416,2083,TRUE,CCT8
Q6UWP2,Aging,142,1745,1887,TRUE,DHRS11
O00483,Aging,1338,546,1884,TRUE,NDUFA4
Q13642,Aging,1190,695,1885,TRUE,FHL1
O75436,Aging,1474,412,1886,TRUE,VPS26A
P11586,Aging,1664,437,2101,TRUE,MTHFD1
Q9Y237,Aging,1045,843,1888,TRUE,PIN4
P84077,Aging,1698,280,1978,TRUE,ARF1
Q12955,Aging,957,933,1890,TRUE,ANK3
Q08623,Aging,909,982,1891,TRUE,PUDP
P17655,Aging,1353,746,2099,TRUE,CAPN2
Q5VYK3,Aging,1497,515,2012,TRUE,ECPAS
O95782,Aging,826,1068,1894,TRUE,AP2A1
P30419,Aging,354,1698,2052,TRUE,NMT1
O95298,Aging,675,1263,1938,TRUE,NDUFC2
P24311,Aging,928,969,1897,TRUE,COX7B
Q96EY8,Aging,1109,941,2050,TRUE,MMAB
Q9HCC0,Aging,441,1458,1899,TRUE,MCCC2
P07305,Aging,1103,897,2000,TRUE,H1-0
P42704,Aging,1114,787,1901,TRUE,LRPPRC
Q9H2W6,Aging,575,1360,1935,TRUE,MRPL46
Q969Z3,Aging,1363,540,1903,TRUE,MTARC2
Q08257,Aging,933,971,1904,TRUE,CRYZ
Q96S19,Aging,1293,612,1905,TRUE,METTL26
P14866,Aging,1087,819,1906,TRUE,HNRNPL
Q8N4V1,Aging,706,1201,1907,TRUE,MMGT1
P07237,Aging,1603,305,1908,TRUE,P4HB
O95816,Aging,874,1144,2018,TRUE,BAG2
P84157,Aging,335,1575,1910,TRUE,MXRA7
P49720,Aging,1295,686,1981,TRUE,PSMB3
Q14254,Aging,542,1370,1912,TRUE,FLOT2
Q07866,Aging,310,1603,1913,TRUE,KLC1
P02786,Aging,639,1275,1914,TRUE,TFRC
P51608,Aging,465,1450,1915,TRUE,MECP2
O75155,Aging,1408,677,2085,TRUE,CAND2
P08133,Aging,1472,445,1917,TRUE,ANXA6
Q9GZT3,Aging,937,981,1918,TRUE,SLIRP
P28070,Aging,1334,585,1919,TRUE,PSMB4
P11171,Aging,489,1431,1920,TRUE,EPB41
P49821,Aging,1108,947,2055,TRUE,NDUFV1
P49368,Aging,1257,665,1922,TRUE,CCT3
Q9NXR7,Aging,404,1572,1976,TRUE,BABAM2
P13647,Aging,424,1612,2036,TRUE,KRT5
P22392,Aging,1446,611,2057,TRUE,NME2
P31943,Aging,1364,562,1926,TRUE,HNRNPH1
Q7L5N1,Aging,1709,400,2109,TRUE,COPS6
Q8IXV7,Aging,651,1373,2024,TRUE,KLHDC8B
Q9BXJ9,Aging,373,1556,1929,TRUE,NAA15
P00441,Aging,1271,659,1930,TRUE,SOD1
P56192,Aging,168,1931,2099,TRUE,MARS1
Q8NBX0,Aging,1304,730,2034,TRUE,SCCPDH
Q13363,Aging,1306,627,1933,TRUE,CTBP1
Q92905,Aging,1463,471,1934,TRUE,COPS5
P14324,Aging,1754,181,1935,TRUE,FDPS
P01911,Aging,776,1160,1936,TRUE,HLA-DRB1
Q9H6K4,Aging,1319,618,1937,TRUE,OPA3
P78344,Aging,1160,778,1938,TRUE,EIF4G2
Q14258,Aging,700,1285,1985,TRUE,TRIM25
O94979,Aging,430,1510,1940,TRUE,SEC31A
Q86VN1,Aging,316,1701,2017,TRUE,VPS36
Q15233,Aging,1540,402,1942,TRUE,NONO
Q16718,Aging,1240,791,2031,TRUE,NDUFA5
Q9H3K6,Aging,1001,1038,2039,TRUE,BOLA2
P04075,Aging,1212,733,1945,TRUE,ALDOA
P55809,Aging,213,1733,1946,TRUE,OXCT1
P49589,Aging,875,1151,2026,TRUE,CARS1
Q08722,Aging,1471,616,2087,TRUE,CD47
P07814,Aging,1534,480,2014,TRUE,EPRS1
O15533,Aging,160,1886,2046,TRUE,TAPBP
O75955,Aging,974,1026,2000,TRUE,FLOT1
Q15366,Aging,1828,283,2111,TRUE,PCBP2
Q96S99,Aging,1060,1030,2090,TRUE,PLEKHF1
O95168,Aging,1212,848,2060,TRUE,NDUFB4
Q13131,Aging,1905,176,2081,TRUE,PRKAA1
Q96E11,Aging,898,1058,1956,TRUE,MRRF
Q14847,Aging,308,1755,2063,TRUE,LASP1
O95167,Aging,840,1132,1972,TRUE,NDUFA3
O75380,Aging,1107,878,1985,TRUE,NDUFS6
Q8NCN5,Aging,579,1533,2112,TRUE,PDPR
O75251,Aging,828,1146,1974,TRUE,NDUFS7
Q99873,Aging,1603,465,2068,TRUE,PRMT1
Q96DG6,Aging,1310,653,1963,TRUE,CMBL
Q96I99,Aging,869,1173,2042,TRUE,SUCLG2
Q8NCA5,Aging,679,1318,1997,TRUE,FAM98A
Q9H496,Aging,147,1831,1978,TRUE,TOR1AIP2
Q01432,Aging,529,1474,2003,TRUE,AMPD3
Q9BW91,Aging,1127,841,1968,TRUE,NUDT9
Q6P161,Aging,484,1523,2007,TRUE,MRPL54
P68036,Aging,1614,356,1970,TRUE,UBE2L3
P34897,Aging,618,1393,2011,TRUE,SHMT2
Q9BZL1,Aging,1160,857,2017,TRUE,UBL5
P12694,Aging,1203,876,2079,TRUE,BCKDHA
Q9NX63,Aging,1753,221,1974,TRUE,CHCHD3
Q9P0P0,Aging,676,1323,1999,TRUE,RNF181
P32456,Aging,449,1530,1979,TRUE,GBP2
Q9HBH5,Aging,938,1039,1977,TRUE,RDH14
Q9NZN4,Aging,1573,431,2004,TRUE,EHD2
Q16531,Aging,1732,366,2098,TRUE,DDB1
Q2TAA2,Aging,1731,296,2027,TRUE,IAH1
Q9H8Y8,Aging,1247,734,1981,TRUE,GORASP2
Q8WUM0,Aging,389,1693,2082,TRUE,NUP133
Q9Y3B7,Aging,892,1221,2113,TRUE,MRPL11
P08238,Aging,1436,669,2105,TRUE,HSP90AB1
P51668,Aging,1367,641,2008,TRUE,UBE2D1
P49427,Aging,480,1572,2052,TRUE,CDC34
Q14112,Aging,357,1630,1987,TRUE,NID2
P56381,Aging,1256,828,2084,TRUE,ATP5F1E
O43237,Aging,1531,522,2053,TRUE,DYNC1LI2
Q8IZ83,Aging,142,1962,2104,TRUE,ALDH16A1
P45877,Aging,628,1403,2031,TRUE,PPIC
Q9Y277,Aging,1240,752,1992,TRUE,VDAC3
P09497,Aging,1390,603,1993,TRUE,CLTB
O43561,Aging,792,1266,2058,TRUE,LAT
Q9UJU6,Aging,124,1983,2107,TRUE,DBNL
Q16585,Aging,1474,604,2078,TRUE,SGCB
Q96FV2,Aging,837,1252,2089,TRUE,SCRN2
P62495,Aging,995,1003,1998,TRUE,ETF1
Q15819,Aging,1766,233,1999,TRUE,UBE2V2
Q9BR76,Aging,99,2000,2099,TRUE,CORO1B
Q9Y4L1,Aging,1153,868,2021,TRUE,HYOU1
P10515,Aging,1548,475,2023,TRUE,DLAT
P10916,Aging,573,1531,2104,TRUE,MYL2
P05141,Aging,1411,593,2004,TRUE,SLC25A5
O00629,Aging,1516,508,2024,TRUE,KPNA4
P49411,Aging,1434,572,2006,TRUE,TUFM
P50454,Aging,283,1724,2007,TRUE,SERPINH1
P35613,Aging,1419,589,2008,TRUE,BSG
P18085,Aging,1015,1093,2108,TRUE,ARF4
P13987,Aging,1428,582,2010,TRUE,CD59
Q9H0U4,Aging,1168,932,2100,TRUE,RAB1B
P35052,Aging,1296,716,2012,TRUE,GPC1
P55786,Aging,1681,335,2016,TRUE,NPEPPS
P23246,Aging,1098,961,2059,TRUE,SFPQ
P55735,Aging,960,1087,2047,TRUE,SEC13
Q6ZMU5,Aging,1608,421,2029,TRUE,TRIM72
Q9Y276,Aging,190,1874,2064,TRUE,BCS1L
P46734,Aging,1595,423,2018,TRUE,MAP2K3
Q7Z2W9,Aging,434,1677,2111,TRUE,MRPL21
Q6XQN6,Aging,611,1465,2076,TRUE,NAPRT
Q9NZD2,Aging,500,1521,2021,TRUE,GLTP
Q9BS26,Aging,949,1073,2022,TRUE,ERP44
Q15637,Aging,811,1212,2023,TRUE,SF1
P23142,Aging,571,1453,2024,TRUE,FBLN1
Q08211,Aging,1010,1015,2025,TRUE,DHX9
Q9HD33,Aging,833,1233,2066,TRUE,MRPL47
Q03154,Aging,1348,679,2027,TRUE,ACY1
O75569,Aging,513,1552,2065,TRUE,PRKRA
O00217,Aging,1070,959,2029,TRUE,NDUFS8
Q9BZQ8,Aging,1321,709,2030,TRUE,NIBAN1
Q16740,Aging,741,1352,2093,TRUE,CLPP
O00418,Aging,954,1078,2032,TRUE,EEF2K
Q04941,Aging,701,1332,2033,TRUE,PLP2
P62857,Aging,945,1098,2043,TRUE,RPS28
O43414,Aging,1484,551,2035,TRUE,ERI3
Q86SX6,Aging,921,1115,2036,TRUE,GLRX5
Q13155,Aging,1864,173,2037,TRUE,AIMP2
Q99487,Aging,1244,844,2088,TRUE,PAFAH2
O15056,Aging,536,1512,2048,TRUE,SYNJ2
Q02218,Aging,1408,632,2040,TRUE,OGDH
Q9UNH7,Aging,1327,714,2041,TRUE,SNX6
O75112,Aging,1494,548,2042,TRUE,LDB3
O43674,Aging,1096,986,2082,TRUE,NDUFB5
O60237,Aging,375,1669,2044,TRUE,PPP1R12B
P11177,Aging,1511,534,2045,TRUE,PDHB
P37840,Aging,321,1725,2046,TRUE,SNCA
P49841,Aging,1194,915,2109,TRUE,GSK3B
P13489,Aging,1837,211,2048,TRUE,RNH1
P55769,Aging,1292,757,2049,TRUE,SNU13
Q13310,Aging,1166,884,2050,TRUE,PABPC4
P19075,Aging,992,1085,2077,TRUE,TSPAN8
Q9BUF5,Aging,1136,916,2052,TRUE,TUBB6
P98095,Aging,65,2036,2101,TRUE,FBLN2
Q12849,Aging,734,1333,2067,TRUE,GRSF1
Q9Y613,Aging,1718,353,2071,TRUE,FHOD1
Q9BQS8,Aging,1057,999,2056,TRUE,FYCO1
P61221,Aging,1093,964,2057,TRUE,ABCE1
P06733,Aging,958,1100,2058,TRUE,ENO1
O75832,Aging,1007,1052,2059,TRUE,PSMD10
O60825,Aging,1263,797,2060,TRUE,PFKFB2
P47985,Aging,1394,667,2061,TRUE,UQCRFS1
Q02641,Aging,1441,621,2062,TRUE,CACNB1
Q13098,Aging,1796,278,2074,TRUE,GPS1
Q9BXJ8,Aging,255,1809,2064,TRUE,TMEM120A
Q16795,Aging,1253,812,2065,TRUE,NDUFA9
P36969,Aging,1718,370,2088,TRUE,GPX4
P01034,Aging,1452,615,2067,TRUE,CST3
P14314,Aging,1430,638,2068,TRUE,PRKCSH
Q9H0R4,Aging,1845,224,2069,TRUE,HDHD2
P62140,Aging,966,1104,2070,TRUE,PPP1CB
O95169,Aging,1261,833,2094,TRUE,NDUFB8
P05026,Aging,1795,277,2072,TRUE,ATP1B1
Q9BV20,Aging,658,1425,2083,TRUE,MRI1
O95671,Aging,941,1133,2074,TRUE,ASMTL
Q9Y5J9,Aging,737,1365,2102,TRUE,TIMM8B
P22102,Aging,1500,576,2076,TRUE,GART
P54289,Aging,1551,526,2077,TRUE,CACNA2D1
Q8N0U4,Aging,291,1787,2078,TRUE,FAM185A
Q9H845,Aging,1071,1008,2079,TRUE,ACAD9
Q9BX66,Aging,658,1422,2080,TRUE,SORBS1
Q9NWU1,Aging,1070,1033,2103,TRUE,OXSM
P11766,Aging,1515,567,2082,TRUE,ADH5
P08311,Aging,32,2083,2115,FALSE,CTSG
P05109,Aging,464,1622,2086,TRUE,S100A8
O75608,Aging,1628,482,2110,TRUE,LYPLA1
Q96S96,Aging,574,1512,2086,TRUE,PEBP4
Q5T4S7,Aging,600,1501,2101,TRUE,UBR4
Q04760,Aging,1596,492,2088,TRUE,GLO1
Q8IWA5,Aging,1041,1048,2089,TRUE,SLC44A2
O15143,Aging,616,1491,2107,TRUE,ARPC1B
P28331,Aging,1323,768,2091,TRUE,NDUFS1
P23109,Aging,825,1267,2092,TRUE,AMPD1
Q9Y6E2,Aging,1682,411,2093,TRUE,BZW2
P63027,Aging,1493,601,2094,TRUE,VAMP2
Q9UGM6,Aging,89,2025,2114,TRUE,WARS2
Q8N4H5,Aging,800,1296,2096,TRUE,TOMM5
O15260,Aging,1035,1062,2097,TRUE,SURF4
Q99536,Aging,1638,460,2098,TRUE,VAT1
P07919,Aging,1652,447,2099,TRUE,UQCRH
P28066,Aging,1763,337,2100,TRUE,PSMA5
Q07020,Aging,706,1400,2106,TRUE,RPL18
Q96AC1,Aging,1299,803,2102,TRUE,FERMT2
Q9BRG1,Aging,862,1241,2103,TRUE,VPS25
Q5JSH3,Aging,226,1878,2104,TRUE,WDR44
Q15118,Aging,1427,678,2105,TRUE,PDK1
Q8NBN7,Aging,591,1519,2110,TRUE,RDH13
Q96K76,Aging,927,1180,2107,TRUE,USP47
P20674,Aging,1287,821,2108,TRUE,COX5A
Q03135,Aging,1466,643,2109,TRUE,CAV1
Q9NZU5,Aging,1114,996,2110,TRUE,LMCD1
P35749,Aging,495,1616,2111,TRUE,MYH11
Q9Y3D6,Aging,1654,458,2112,TRUE,FIS1
P60602,Aging,1274,839,2113,TRUE,ROMO1
P13693,Aging,1240,874,2114,TRUE,TPT1
P06702,Aging,519,1596,2115,TRUE,S100A9
O15144,Aging,0,2116,2116,FALSE,ARPC2
P08621,Aging,0,2117,2117,FALSE,SNRNP70
Q15847,Aging,0,2118,2118,FALSE,ADIRF
Q7LG56,Aging,0,2119,2119,FALSE,RRM2B
Q96Q83,Aging,0,2120,2120,FALSE,ALKBH3
Q9BS40,Aging,0,2121,2121,FALSE,LXN
Q9C0C9,Aging,0,2122,2122,FALSE,UBE2O
Q9HA77,Aging,0,2123,2123,FALSE,CARS2
Q9Y697,Aging,0,2124,2124,FALSE,NFS1
Q9NP77,Interaction,4,1,5,FALSE,SSU72
Q96S99,Interaction,103,2,105,TRUE,PLEKHF1
Q8TCU6,Interaction,3,2,5,FALSE,PREX1
Q702N8,Interaction,4,4,8,FALSE,XIRP1
Q96AG3,Interaction,3,2,5,FALSE,SLC25A46
Q9H9Q2,Interaction,29,6,35,FALSE,COPS7B
Q9NS69,Interaction,43,6,49,FALSE,TOMM22
P83731,Interaction,418,8,426,TRUE,RPL24
Q8TD30,Interaction,5,4,9,FALSE,GPT2
P31943,Interaction,1207,10,1217,TRUE,HNRNPH1
Q9BTE1,Interaction,10,6,16,FALSE,DCTN5
P50402,Interaction,100,12,112,TRUE,EMD
Q14204,Interaction,17,10,27,FALSE,DYNC1H1
P56556,Interaction,148,14,162,TRUE,NDUFA6
P10916,Interaction,17,11,28,FALSE,MYL2
P24666,Interaction,740,16,756,TRUE,ACP1
Q8NE62,Interaction,9,17,26,FALSE,CHDH
P63173,Interaction,521,18,539,TRUE,RPL38
Q99816,Interaction,10,9,19,FALSE,TSG101
Q5VYK3,Interaction,49,17,66,FALSE,ECPAS
P55060,Interaction,25,15,40,FALSE,CSE1L
Q7Z434,Interaction,35,12,47,FALSE,MAVS
Q14108,Interaction,18,6,24,FALSE,SCARB2
Q9Y6G9,Interaction,45,24,69,FALSE,DYNC1LI1
P19404,Interaction,280,25,305,TRUE,NDUFV2
P15927,Interaction,205,23,228,TRUE,RPA2
O00186,Interaction,758,26,784,TRUE,STXBP3
O14744,Interaction,19,9,28,FALSE,PRMT5
P17152,Interaction,994,29,1023,TRUE,TMEM11
P02461,Interaction,15,30,45,FALSE,COL3A1
Q969T9,Interaction,489,31,520,TRUE,WBP2
Q96AN5,Interaction,602,30,632,TRUE,TMEM143
Q9NSD9,Interaction,19,15,34,FALSE,FARSB
P09497,Interaction,180,34,214,TRUE,CLTB
Q9Y3A3,Interaction,273,35,308,TRUE,MOB4
P17948,Interaction,36,36,72,FALSE,FLT1
Q6UWP2,Interaction,43,37,80,FALSE,DHRS11
P62841,Interaction,745,38,783,TRUE,RPS15
O75251,Interaction,234,39,273,TRUE,NDUFS7
P07814,Interaction,112,19,131,TRUE,EPRS1
Q8IXL7,Interaction,555,41,596,TRUE,MSRB3
Q00765,Interaction,40,20,60,FALSE,REEP5
Q14974,Interaction,17,26,43,FALSE,KPNB1
O75306,Interaction,498,44,542,TRUE,NDUFS2
O43674,Interaction,578,45,623,TRUE,NDUFB5
Q14444,Interaction,35,27,62,FALSE,CAPRIN1
P10606,Interaction,323,30,353,TRUE,COX5B
P14854,Interaction,510,45,555,TRUE,COX6B1
P26640,Interaction,47,44,91,FALSE,VARS1
Q6PK04,Interaction,23,44,67,FALSE,CCDC137
O00499,Interaction,131,36,167,TRUE,BIN1
Q01105,Interaction,1369,52,1421,TRUE,SET
Q14697,Interaction,45,24,69,FALSE,GANAB
Q9UGI8,Interaction,1028,53,1081,TRUE,TES
Q9Y6M9,Interaction,573,55,628,TRUE,NDUFB9
P63146,Interaction,580,56,636,TRUE,UBE2B
Q13409,Interaction,58,34,92,TRUE,DYNC1I2
O95167,Interaction,355,58,413,TRUE,NDUFA3
Q93008,Interaction,35,35,70,FALSE,USP9X
P25325,Interaction,48,12,60,FALSE,MPST
O95139,Interaction,304,61,365,TRUE,NDUFB6
P02462,Interaction,41,34,75,FALSE,COL4A1
O75348,Interaction,255,63,318,TRUE,ATP6V1G1
Q6ZU65,Interaction,29,55,84,FALSE,UBN2
P08572,Interaction,128,63,191,TRUE,COL4A2
P08651,Interaction,218,52,270,TRUE,NFIC
O95721,Interaction,84,1,85,TRUE,SNAP29
P30837,Interaction,35,33,68,FALSE,ALDH1B1
Q96CN7,Interaction,1336,69,1405,TRUE,ISOC1
O75380,Interaction,596,70,666,TRUE,NDUFS6
P09669,Interaction,293,53,346,TRUE,COX6C
Q15386,Interaction,92,49,141,TRUE,UBE3C
P40123,Interaction,747,63,810,TRUE,CAP2
Q9UI30,Interaction,32,42,74,FALSE,TRMT112
P09936,Interaction,55,28,83,TRUE,UCHL1
P12883,Interaction,122,64,186,TRUE,MYH7
Q8IUZ5,Interaction,119,16,135,TRUE,PHYKPL
P00395,Interaction,107,78,185,TRUE,MT-CO1
P14866,Interaction,1098,79,1177,TRUE,HNRNPL
P51636,Interaction,158,80,238,TRUE,CAV2
Q86TX2,Interaction,784,72,856,TRUE,ACOT1
P41091,Interaction,55,27,82,TRUE,EIF2S3
P08590,Interaction,64,72,136,TRUE,MYL3
P68133,Interaction,180,45,225,TRUE,ACTA1
Q06323,Interaction,47,38,85,FALSE,PSME1
O95299,Interaction,738,86,824,TRUE,NDUFA10
P11047,Interaction,56,83,139,TRUE,LAMC1
P21980,Interaction,48,48,96,FALSE,TGM2
Q7Z4G1,Interaction,161,89,250,TRUE,COMMD6
Q9P003,Interaction,79,11,90,TRUE,CNIH4
Q7KZF4,Interaction,333,87,420,TRUE,SND1
Q9UPU5,Interaction,73,37,110,TRUE,USP24
Q9NVH6,Interaction,487,93,580,TRUE,TMLHE
O95376,Interaction,546,94,640,TRUE,ARIH2
O95298,Interaction,374,95,469,TRUE,NDUFC2
P28331,Interaction,777,96,873,TRUE,NDUFS1
O75339,Interaction,71,26,97,TRUE,CILP
Q9Y285,Interaction,42,71,113,FALSE,FARSA
P23327,Interaction,48,70,118,FALSE,HRC
P03886,Interaction,640,100,740,TRUE,MT-ND1
P29692,Interaction,100,60,160,TRUE,EEF1D
Q9Y235,Interaction,313,61,374,TRUE,APOBEC2
Q8TED0,Interaction,306,80,386,TRUE,UTP15
P02545,Interaction,433,102,535,TRUE,LMNA
Q5JPE7,Interaction,1218,105,1323,TRUE,NOMO2
Q6IAA8,Interaction,174,25,199,TRUE,LAMTOR1
P14543,Interaction,46,74,120,FALSE,NID1
Q9UNE7,Interaction,62,57,119,TRUE,STUB1
P06753,Interaction,100,94,194,TRUE,TPM3
Q6IBS0,Interaction,975,110,1085,TRUE,TWF2
P35268,Interaction,889,111,1000,TRUE,RPL22
P62899,Interaction,890,112,1002,TRUE,RPL31
O75396,Interaction,64,84,148,TRUE,SEC22B
O96008,Interaction,1151,113,1264,TRUE,TOMM40
P20340,Interaction,54,102,156,TRUE,RAB6A
P02452,Interaction,88,114,202,TRUE,COL1A1
P51970,Interaction,720,117,837,TRUE,NDUFA8
P42330,Interaction,88,30,118,TRUE,AKR1C3
Q8WYA0,Interaction,435,119,554,TRUE,IFT81
O94826,Interaction,69,93,162,TRUE,TOMM70
P63316,Interaction,146,100,246,TRUE,TNNC1
P09012,Interaction,874,99,973,TRUE,SNRPA
O76003,Interaction,64,103,167,TRUE,GLRX3
P20674,Interaction,868,81,949,TRUE,COX5A
O95169,Interaction,957,125,1082,TRUE,NDUFB8
P17568,Interaction,677,126,803,TRUE,NDUFB7
P25398,Interaction,1237,127,1364,TRUE,RPS12
P02750,Interaction,126,13,139,TRUE,LRG1
Q8IYU8,Interaction,962,103,1065,TRUE,MICU2
P63220,Interaction,1089,115,1204,TRUE,RPS21
P01889,Interaction,727,122,849,TRUE,HLA-B
P07305,Interaction,530,132,662,TRUE,H1-0
Q9UPN7,Interaction,379,124,503,TRUE,PPP6R1
O43920,Interaction,742,133,875,TRUE,NDUFS5
P62993,Interaction,1571,135,1706,TRUE,GRB2
P24311,Interaction,640,136,776,TRUE,COX7B
O15427,Interaction,391,137,528,TRUE,SLC16A3
Q96HD1,Interaction,435,138,573,TRUE,CRELD1
P12109,Interaction,222,125,347,TRUE,COL6A1
O75489,Interaction,952,140,1092,TRUE,NDUFS3
P14406,Interaction,659,141,800,TRUE,COX7A2
O96000,Interaction,605,140,745,TRUE,NDUFB10
P62280,Interaction,94,49,143,TRUE,RPS11
P03891,Interaction,541,144,685,TRUE,MT-ND2
Q9BXS5,Interaction,129,16,145,TRUE,AP1M1
Q9UBW8,Interaction,105,41,146,TRUE,COPS7A
P05976,Interaction,66,106,172,TRUE,MYL1
O95865,Interaction,91,148,239,TRUE,DDAH2
O95182,Interaction,616,149,765,TRUE,NDUFA7
O95777,Interaction,249,150,399,TRUE,LSM8
P45880,Interaction,1131,111,1242,TRUE,VDAC2
P52272,Interaction,712,134,846,TRUE,HNRNPM
Q9ULP9,Interaction,142,11,153,TRUE,TBC1D24
P54646,Interaction,85,69,154,TRUE,PRKAA2
P23526,Interaction,88,92,180,TRUE,AHCY
P49821,Interaction,890,156,1046,TRUE,NDUFV1
Q6P4A7,Interaction,79,78,157,TRUE,SFXN4
P98179,Interaction,394,158,552,TRUE,RBM3
P26447,Interaction,121,48,169,TRUE,S100A4
P62829,Interaction,1230,160,1390,TRUE,RPL23
Q9Y263,Interaction,99,98,197,TRUE,PLAA
P35609,Interaction,65,142,207,TRUE,ACTN2
O95573,Interaction,86,77,163,TRUE,ACSL3
P39023,Interaction,58,106,164,TRUE,RPL3
Q96E11,Interaction,465,124,589,TRUE,MRRF
P14868,Interaction,62,104,166,TRUE,DARS1
P60709,Interaction,147,153,300,TRUE,ACTB
P09874,Interaction,1395,168,1563,TRUE,PARP1
P40227,Interaction,83,165,248,TRUE,CCT6A
O43707,Interaction,74,162,236,TRUE,ACTN4
P13805,Interaction,177,146,323,TRUE,TNNT1
Q9NY65,Interaction,1561,172,1733,TRUE,TUBA8
P02794,Interaction,115,138,253,TRUE,FTH1
P26038,Interaction,84,110,194,TRUE,MSN
Q15149,Interaction,175,47,222,TRUE,PLEC
P52566,Interaction,158,53,211,TRUE,ARHGDIB
P00414,Interaction,490,177,667,TRUE,MT-CO3
O43676,Interaction,734,178,912,TRUE,NDUFB3
Q8TD19,Interaction,514,179,693,TRUE,NEK9
O95359,Interaction,155,58,213,TRUE,TACC2
Q9UI09,Interaction,674,181,855,TRUE,NDUFA12
P55769,Interaction,1546,182,1728,TRUE,SNU13
P39059,Interaction,147,175,322,TRUE,COL15A1
P56181,Interaction,658,184,842,TRUE,NDUFV3
P13611,Interaction,178,7,185,TRUE,VCAN
O60237,Interaction,111,163,274,TRUE,PPP1R12B
P19237,Interaction,176,162,338,TRUE,TNNI1
Q7Z4H3,Interaction,548,186,734,TRUE,HDDC2
O95168,Interaction,639,189,828,TRUE,NDUFB4
P15311,Interaction,126,64,190,TRUE,EZR
Q9NTJ4,Interaction,179,30,209,TRUE,MAN2C1
Q13155,Interaction,151,41,192,TRUE,AIMP2
P08311,Interaction,97,96,193,TRUE,CTSG
O00217,Interaction,917,194,1111,TRUE,NDUFS8
P08123,Interaction,225,195,420,TRUE,COL1A2
Q96A33,Interaction,1313,196,1509,TRUE,CCDC47
O14957,Interaction,834,197,1031,TRUE,UQCR11
Q00872,Interaction,168,175,343,TRUE,MYBPC1
O43237,Interaction,150,113,263,TRUE,DYNC1LI2
P10636,Interaction,145,61,206,TRUE,MAPT
P07451,Interaction,509,201,710,TRUE,CA3
Q9BRT3,Interaction,1692,202,1894,TRUE,MIEN1
Q96MF6,Interaction,840,203,1043,TRUE,COQ10A
Q16563,Interaction,1329,204,1533,TRUE,SYPL1
P24310,Interaction,599,152,751,TRUE,COX7A1
O75531,Interaction,719,202,921,TRUE,BANF1
O00159,Interaction,166,41,207,TRUE,MYO1C
Q99447,Interaction,198,17,215,TRUE,PCYT2
P00387,Interaction,135,144,279,TRUE,CYB5R3
E9PAV3,Interaction,219,69,288,TRUE,NACA
Q9UKU7,Interaction,686,211,897,TRUE,ACAD8
P27797,Interaction,95,117,212,TRUE,CALR
P00403,Interaction,995,137,1132,TRUE,MT-CO2
Q9NRV9,Interaction,1730,214,1944,TRUE,HEBP1
P53041,Interaction,82,133,215,TRUE,PPP5C
P46782,Interaction,1426,216,1642,TRUE,RPS5
Q16795,Interaction,930,217,1147,TRUE,NDUFA9
Q03135,Interaction,1460,218,1678,TRUE,CAV1
Q16718,Interaction,1028,219,1247,TRUE,NDUFA5
P45974,Interaction,159,61,220,TRUE,USP5
Q86TP1,Interaction,230,221,451,TRUE,PRUNE1
Q9NX14,Interaction,1013,222,1235,TRUE,NDUFB11
P61960,Interaction,195,46,241,TRUE,UFM1
Q15392,Interaction,619,208,827,TRUE,DHCR24
O15239,Interaction,135,225,360,TRUE,NDUFA1
P30153,Interaction,127,193,320,TRUE,PPP2R1A
P12814,Interaction,140,208,348,TRUE,ACTN1
Q12805,Interaction,1160,161,1321,TRUE,EFEMP1
P67809,Interaction,106,123,229,TRUE,YBX1
P13796,Interaction,1529,219,1748,TRUE,LCP1
Q9P032,Interaction,1225,231,1456,TRUE,NDUFAF4
P47985,Interaction,1476,178,1654,TRUE,UQCRFS1
Q9NY33,Interaction,151,82,233,TRUE,DPP3
P12111,Interaction,483,224,707,TRUE,COL6A3
P84243,Interaction,304,228,532,TRUE,H3-3A
O14949,Interaction,1428,216,1644,TRUE,UQCRQ
Q92879,Interaction,266,205,471,TRUE,CELF1
A6NCE7,Interaction,1822,238,2060,TRUE,MAP1LC3B2
O75298,Interaction,454,129,583,TRUE,RTN2
P22695,Interaction,1558,123,1681,TRUE,UQCRC2
Q9UKX2,Interaction,233,199,432,TRUE,MYH2
Q9Y4G6,Interaction,97,164,261,TRUE,TLN2
Q96CX2,Interaction,175,68,243,TRUE,KCTD12
Q03252,Interaction,820,244,1064,TRUE,LMNB2
Q9Y266,Interaction,161,84,245,TRUE,NUDC
Q9Y320,Interaction,254,245,499,TRUE,TMX2
Q15848,Interaction,107,140,247,TRUE,ADIPOQ
Q92499,Interaction,67,181,248,TRUE,DDX1
P82909,Interaction,108,141,249,TRUE,MRPS36
P46019,Interaction,1132,250,1382,TRUE,PHKA2
O14880,Interaction,1102,219,1321,TRUE,MGST3
Q8IVN3,Interaction,405,252,657,TRUE,MUSTN1
P53990,Interaction,1809,253,2062,TRUE,IST1
P16118,Interaction,463,254,717,TRUE,PFKFB1
Q6PCB7,Interaction,412,29,441,TRUE,SLC27A1
O43143,Interaction,90,244,334,TRUE,DHX15
Q9UKS6,Interaction,1207,202,1409,TRUE,PACSIN3
P10828,Interaction,239,258,497,TRUE,THRB
Q14203,Interaction,88,171,259,TRUE,DCTN1
P34932,Interaction,163,97,260,TRUE,HSPA4
Q9Y2Q9,Interaction,89,239,328,TRUE,MRPS35
Q9BR39,Interaction,1526,262,1788,TRUE,JPH2
O75764,Interaction,573,258,831,TRUE,TCEA3
O75935,Interaction,1089,264,1353,TRUE,DCTN3
P98095,Interaction,101,184,285,TRUE,FBLN2
Q92791,Interaction,851,266,1117,TRUE,P3H4
O95278,Interaction,785,267,1052,TRUE,EPM2A
P98160,Interaction,810,268,1078,TRUE,HSPG2
O14950,Interaction,1117,269,1386,TRUE,MYL12B
Q99541,Interaction,174,96,270,TRUE,PLIN2
Q5XPI4,Interaction,215,56,271,TRUE,RNF123
P61224,Interaction,90,191,281,TRUE,RAP1B
Q99417,Interaction,658,273,931,TRUE,MYCBP
Q99426,Interaction,196,78,274,TRUE,TBCB
P60033,Interaction,325,275,600,TRUE,CD81
Q9Y6Y8,Interaction,205,81,286,TRUE,SEC23IP
Q9NP72,Interaction,127,150,277,TRUE,RAB18
Q14152,Interaction,1760,278,2038,TRUE,EIF3A
O95870,Interaction,324,67,391,TRUE,ABHD16A
P62807,Interaction,403,252,655,TRUE,H2BC4
P11233,Interaction,1794,281,2075,TRUE,RALA
P24539,Interaction,572,178,750,TRUE,ATP5PB
P41250,Interaction,241,283,524,TRUE,GARS1
O60664,Interaction,98,214,312,TRUE,PLIN3
P55036,Interaction,131,154,285,TRUE,PSMD4
O75880,Interaction,673,286,959,TRUE,SCO1
O60220,Interaction,411,271,682,TRUE,TIMM8A
Q13085,Interaction,294,91,385,TRUE,ACACA
P61247,Interaction,1423,289,1712,TRUE,RPS3A
P09493,Interaction,228,260,488,TRUE,TPM1
P22314,Interaction,155,186,341,TRUE,UBA1
P54725,Interaction,226,66,292,TRUE,RAD23A
P55039,Interaction,1349,293,1642,TRUE,DRG2
O75431,Interaction,1510,294,1804,TRUE,MTX2
Q86UP2,Interaction,141,295,436,TRUE,KTN1
Q8NBF2,Interaction,570,296,866,TRUE,NHLRC2
Q9UHD8,Interaction,464,297,761,TRUE,SEPTIN9
P82914,Interaction,181,172,353,TRUE,MRPS15
P08574,Interaction,1537,192,1729,TRUE,CYC1
P22626,Interaction,1514,300,1814,TRUE,HNRNPA2B1
P05452,Interaction,187,142,329,TRUE,CLEC3B
P22102,Interaction,80,233,313,TRUE,GART
O96005,Interaction,411,299,710,TRUE,CLPTM1
P15954,Interaction,688,251,939,TRUE,COX7C
P35443,Interaction,76,291,367,TRUE,THBS4
P07951,Interaction,250,276,526,TRUE,TPM2
P13073,Interaction,1320,213,1533,TRUE,COX4I1
P57105,Interaction,1624,308,1932,TRUE,SYNJ2BP
Q16531,Interaction,306,176,482,TRUE,DDB1
O75923,Interaction,185,125,310,TRUE,DYSF
P21397,Interaction,1128,311,1439,TRUE,MAOA
O43242,Interaction,163,149,312,TRUE,PSMD3
P30622,Interaction,227,86,313,TRUE,CLIP1
Q5JTV8,Interaction,564,314,878,TRUE,TOR1AIP1
Q8TB37,Interaction,1571,315,1886,TRUE,NUBPL
P26368,Interaction,954,278,1232,TRUE,U2AF2
Q08357,Interaction,70,308,378,TRUE,SLC20A2
Q99873,Interaction,192,151,343,TRUE,PRMT1
P11441,Interaction,211,275,486,TRUE,UBL4A
Q00013,Interaction,1402,310,1712,TRUE,MPP1
P31949,Interaction,83,288,371,TRUE,S100A11
Q9NX40,Interaction,1712,322,2034,TRUE,OCIAD1
Q9NR28,Interaction,1684,323,2007,TRUE,DIABLO
Q5JTJ3,Interaction,1575,324,1899,TRUE,COA6
P63104,Interaction,115,210,325,TRUE,YWHAZ
O75155,Interaction,268,81,349,TRUE,CAND2
P50990,Interaction,80,247,327,TRUE,CCT8
P11142,Interaction,925,53,978,TRUE,HSPA8
P41567,Interaction,214,115,329,TRUE,EIF1
Q14254,Interaction,617,324,941,TRUE,FLOT2
Q01844,Interaction,400,327,727,TRUE,EWSR1
Q9Y371,Interaction,186,146,332,TRUE,SH3GLB1
Q92696,Interaction,1389,296,1685,TRUE,RABGGTA
Q9UM00,Interaction,256,78,334,TRUE,TMCO1
Q9NTG7,Interaction,1199,335,1534,TRUE,SIRT3
Q14714,Interaction,265,71,336,TRUE,SSPN
P46783,Interaction,900,337,1237,TRUE,RPS10
Q6ZVM7,Interaction,775,338,1113,TRUE,TOM1L2
O95210,Interaction,318,181,499,TRUE,STBD1
P00488,Interaction,189,153,342,TRUE,F13A1
Q9Y4X5,Interaction,266,340,606,TRUE,ARIH1
O60271,Interaction,1021,342,1363,TRUE,SPAG9
P24043,Interaction,209,338,547,TRUE,LAMA2
Q9BUF5,Interaction,192,176,368,TRUE,TUBB6
Q6NZI2,Interaction,110,282,392,TRUE,CAVIN1
O95140,Interaction,301,45,346,TRUE,MFN2
Q0ZGT2,Interaction,892,347,1239,TRUE,NEXN
Q00839,Interaction,207,141,348,TRUE,HNRNPU
Q8N3D4,Interaction,106,349,455,TRUE,EHBP1L1
Q15642,Interaction,141,231,372,TRUE,TRIP10
Q9HCU5,Interaction,1006,351,1357,TRUE,PREB
O95674,Interaction,415,352,767,TRUE,CDS2
Q8NCN5,Interaction,652,326,978,TRUE,PDPR
Q96EL3,Interaction,796,345,1141,TRUE,MRPL53
P08865,Interaction,1584,355,1939,TRUE,RPSA
P62318,Interaction,1278,356,1634,TRUE,SNRPD3
P27338,Interaction,1432,357,1789,TRUE,MAOB
O75891,Interaction,275,83,358,TRUE,ALDH1L1
Q9Y6H1,Interaction,830,359,1189,TRUE,CHCHD2
P61981,Interaction,509,305,814,TRUE,YWHAG
P62910,Interaction,444,341,785,TRUE,RPL32
P54619,Interaction,123,239,362,TRUE,PRKAG1
P12110,Interaction,136,268,404,TRUE,COL6A2
P29966,Interaction,125,263,388,TRUE,MARCKS
Q9NVA2,Interaction,296,115,411,TRUE,SEPTIN11
Q10713,Interaction,536,357,893,TRUE,PMPCA
Q9GZZ1,Interaction,202,165,367,TRUE,NAA50
Q9BZE1,Interaction,1407,368,1775,TRUE,MRPL37
Q5TGZ0,Interaction,605,369,974,TRUE,MICOS10
P16615,Interaction,726,210,936,TRUE,ATP2A2
Q99584,Interaction,185,198,383,TRUE,S100A13
P00167,Interaction,409,65,474,TRUE,CYB5A
P28074,Interaction,154,219,373,TRUE,PSMB5
Q9BYV2,Interaction,1602,374,1976,TRUE,TRIM54
P11217,Interaction,887,134,1021,TRUE,PYGM
P48059,Interaction,1231,376,1607,TRUE,LIMS1
Q9UN86,Interaction,456,377,833,TRUE,G3BP2
Q15075,Interaction,171,378,549,TRUE,EEA1
P13798,Interaction,441,195,636,TRUE,APEH
P51572,Interaction,234,146,380,TRUE,BCAP31
P05783,Interaction,410,326,736,TRUE,KRT18
Q13561,Interaction,239,143,382,TRUE,DCTN2
Q9BZQ8,Interaction,1081,383,1464,TRUE,NIBAN1
Q8N3L3,Interaction,244,140,384,TRUE,TXLNB
Q9H910,Interaction,339,220,559,TRUE,JPT2
Q9H987,Interaction,129,360,489,TRUE,SYNPO2L
Q13867,Interaction,1611,387,1998,TRUE,BLMH
P50583,Interaction,1139,388,1527,TRUE,NUDT2
O15260,Interaction,204,265,469,TRUE,SURF4
P60660,Interaction,443,282,725,TRUE,MYL6
Q9NYL2,Interaction,217,174,391,TRUE,MAP3K20
Q13885,Interaction,116,276,392,TRUE,TUBB2A
P25788,Interaction,272,190,462,TRUE,PSMA3
O14929,Interaction,128,394,522,TRUE,HAT1
P78527,Interaction,862,395,1257,TRUE,PRKDC
P06703,Interaction,262,197,459,TRUE,S100A6
P02585,Interaction,477,309,786,TRUE,TNNC2
P63244,Interaction,1587,398,1985,TRUE,RACK1
Q9Y2J8,Interaction,399,209,608,TRUE,PADI2
Q14157,Interaction,465,328,793,TRUE,UBAP2L
Q02221,Interaction,317,401,718,TRUE,COX6A2
P51665,Interaction,1636,402,2038,TRUE,PSMD7
Q969M7,Interaction,221,360,581,TRUE,UBE2F
Q14BN4,Interaction,181,223,404,TRUE,SLMAP
Q9UJS0,Interaction,1414,303,1717,TRUE,SLC25A13
Q9Y508,Interaction,384,83,467,TRUE,RNF114
Q9NRX4,Interaction,374,385,759,TRUE,PHPT1
P09601,Interaction,766,398,1164,TRUE,HMOX1
P35613,Interaction,1682,409,2091,TRUE,BSG
O43181,Interaction,888,390,1278,TRUE,NDUFS4
Q9NZN4,Interaction,1661,411,2072,TRUE,EHD2
P46976,Interaction,681,211,892,TRUE,GYG1
Q02388,Interaction,340,73,413,TRUE,COL7A1
P09211,Interaction,516,230,746,TRUE,GSTP1
P22059,Interaction,1577,393,1970,TRUE,OSBP
P48788,Interaction,311,352,663,TRUE,TNNI2
Q9NZQ9,Interaction,414,417,831,TRUE,TMOD4
Q00610,Interaction,229,189,418,TRUE,CLTC
P03915,Interaction,731,419,1150,TRUE,MT-ND5
Q4G0N4,Interaction,158,315,473,TRUE,NADK2
Q9UL46,Interaction,245,401,646,TRUE,PSME2
P26639,Interaction,666,379,1045,TRUE,TARS1
Q9H0U4,Interaction,344,202,546,TRUE,RAB1B
P31930,Interaction,1726,262,1988,TRUE,UQCRC1
P21810,Interaction,1225,425,1650,TRUE,BGN
Q9BZL1,Interaction,1684,426,2110,TRUE,UBL5
Q99832,Interaction,222,205,427,TRUE,CCT7
P62269,Interaction,1517,428,1945,TRUE,RPS18
Q96KP4,Interaction,252,177,429,TRUE,CNDP2
P50395,Interaction,334,229,563,TRUE,GDI2
O75439,Interaction,1661,431,2092,TRUE,PMPCB
Q13283,Interaction,1049,365,1414,TRUE,G3BP1
Q8N4V1,Interaction,152,281,433,TRUE,MMGT1
O95373,Interaction,248,186,434,TRUE,IPO7
Q96K17,Interaction,346,89,435,TRUE,BTF3L4
Q9Y5J7,Interaction,1418,433,1851,TRUE,TIMM9
Q13098,Interaction,308,129,437,TRUE,GPS1
Q9UHD9,Interaction,239,364,603,TRUE,UBQLN2
P61619,Interaction,954,402,1356,TRUE,SEC61A1
P31689,Interaction,305,440,745,TRUE,DNAJA1
P60842,Interaction,1617,441,2058,TRUE,EIF4A1
Q9UBB4,Interaction,1529,385,1914,TRUE,ATXN10
O15173,Interaction,227,216,443,TRUE,PGRMC2
Q07020,Interaction,803,444,1247,TRUE,RPL18
P50993,Interaction,295,242,537,TRUE,ATP1A2
Q9BYV7,Interaction,373,88,461,TRUE,BCO2
Q10589,Interaction,866,436,1302,TRUE,BST2
Q04828,Interaction,282,166,448,TRUE,AKR1C1
Q96CW1,Interaction,228,264,492,TRUE,AP2M1
Q86X55,Interaction,1503,435,1938,TRUE,CARM1
P42126,Interaction,1690,383,2073,TRUE,ECI1
P45378,Interaction,432,389,821,TRUE,TNNT3
Q9NQC3,Interaction,487,401,888,TRUE,RTN4
P62873,Interaction,216,238,454,TRUE,GNB1
Q86UE4,Interaction,270,443,713,TRUE,MTDH
Q9UGM6,Interaction,114,456,570,TRUE,WARS2
P42677,Interaction,398,59,457,TRUE,RPS27
O75821,Interaction,1648,458,2106,TRUE,EIF3G
Q52LJ0,Interaction,1406,459,1865,TRUE,FAM98B
P12268,Interaction,1613,460,2073,TRUE,IMPDH2
Q9P0J0,Interaction,1193,374,1567,TRUE,NDUFA13
Q96I23,Interaction,592,462,1054,TRUE,PYURF
P48681,Interaction,61,418,479,TRUE,NES
Q07021,Interaction,1500,444,1944,TRUE,C1QBP
Q9NRP0,Interaction,1494,465,1959,TRUE,OSTC
O14561,Interaction,1151,466,1617,TRUE,NDUFAB1
P43034,Interaction,189,278,467,TRUE,PAFAH1B1
P07919,Interaction,1534,400,1934,TRUE,UQCRH
P55268,Interaction,291,466,757,TRUE,LAMB2
Q96HS1,Interaction,142,348,490,TRUE,PGAM5
P52179,Interaction,834,396,1230,TRUE,MYOM1
P53004,Interaction,370,102,472,TRUE,BLVRA
Q96DV4,Interaction,1195,473,1668,TRUE,MRPL38
P63172,Interaction,180,294,474,TRUE,DYNLT1
P48444,Interaction,209,468,677,TRUE,ARCN1
Q9Y678,Interaction,373,445,818,TRUE,COPG1
P21796,Interaction,1598,261,1859,TRUE,VDAC1
O60343,Interaction,1502,478,1980,TRUE,TBC1D4
P61925,Interaction,409,70,479,TRUE,PKIA
O14558,Interaction,393,315,708,TRUE,HSPB6
Q01995,Interaction,684,481,1165,TRUE,TAGLN
Q92747,Interaction,492,373,865,TRUE,ARPC1A
P03897,Interaction,1066,483,1549,TRUE,MT-ND3
Q5TDH0,Interaction,529,442,971,TRUE,DDI2
Q13618,Interaction,204,281,485,TRUE,CUL3
P07384,Interaction,227,261,488,TRUE,CAPN1
Q96AB3,Interaction,376,111,487,TRUE,ISOC2
P02786,Interaction,397,91,488,TRUE,TFRC
Q96DE0,Interaction,1614,489,2103,TRUE,NUDT16
Q13363,Interaction,1251,490,1741,TRUE,CTBP1
P28482,Interaction,1405,491,1896,TRUE,MAPK1
P62750,Interaction,1284,492,1776,TRUE,RPL23A
L0R6Q1,Interaction,1439,477,1916,TRUE,SLC35A4
Q9H299,Interaction,1488,494,1982,TRUE,SH3BGRL3
Q9Y4J8,Interaction,361,134,495,TRUE,DTNA
Q9UBY9,Interaction,432,339,771,TRUE,HSPB7
Q9P2X3,Interaction,138,370,508,TRUE,IMPACT
Q14847,Interaction,559,498,1057,TRUE,LASP1
Q00325,Interaction,755,340,1095,TRUE,SLC25A3
Q9BWH2,Interaction,529,268,797,TRUE,FUNDC2
P0CW19,Interaction,103,411,514,TRUE,LIMS3
P78417,Interaction,457,215,672,TRUE,GSTO1
P31751,Interaction,1093,503,1596,TRUE,AKT2
P55263,Interaction,1142,504,1646,TRUE,ADK
Q02790,Interaction,264,241,505,TRUE,FKBP4
Q5VST9,Interaction,381,187,568,TRUE,OBSCN
Q9ULC4,Interaction,258,249,507,TRUE,MCTS1
Q00059,Interaction,359,149,508,TRUE,TFAM
P51668,Interaction,364,145,509,TRUE,UBE2D1
Q8NC51,Interaction,1460,510,1970,TRUE,SERBP1
Q14232,Interaction,336,507,843,TRUE,EIF2B1
P14314,Interaction,175,337,512,TRUE,PRKCSH
P62826,Interaction,434,205,639,TRUE,RAN
Q9UKG1,Interaction,444,416,860,TRUE,APPL1
P51884,Interaction,1166,515,1681,TRUE,LUM
P37802,Interaction,1515,516,2031,TRUE,TAGLN2
P31948,Interaction,382,247,629,TRUE,STIP1
Q96MF2,Interaction,1069,486,1555,TRUE,STAC3
O75153,Interaction,575,74,649,TRUE,CLUH
Q9NZL4,Interaction,267,492,759,TRUE,HSPBP1
P14927,Interaction,1594,333,1927,TRUE,UQCRB
Q9NR19,Interaction,1657,448,2105,TRUE,ACSS2
Q9BSD7,Interaction,256,517,773,TRUE,NTPCR
Q9NR12,Interaction,586,524,1110,TRUE,PDLIM7
Q8TCA0,Interaction,1503,464,1967,TRUE,LRRC20
P68371,Interaction,589,306,895,TRUE,TUBB4B
Q9UBR2,Interaction,389,245,634,TRUE,CTSZ
P35637,Interaction,1086,528,1614,TRUE,FUS
O43678,Interaction,1189,513,1702,TRUE,NDUFA2
Q9BV86,Interaction,413,530,943,TRUE,NTMT1
Q6P5Q4,Interaction,383,531,914,TRUE,LMOD2
Q9UHV9,Interaction,439,93,532,TRUE,PFDN2
O00442,Interaction,374,159,533,TRUE,RTCA
P68036,Interaction,376,158,534,TRUE,UBE2L3
P62979,Interaction,488,297,785,TRUE,RPS27A
P04083,Interaction,219,317,536,TRUE,ANXA1
Q9H3K6,Interaction,442,502,944,TRUE,BOLA2
P16152,Interaction,357,182,539,TRUE,CBR1
Q8TCS8,Interaction,513,539,1052,TRUE,PNPT1
P05166,Interaction,224,428,652,TRUE,PCCB
Q15172,Interaction,1037,541,1578,TRUE,PPP2R5A
Q8TDC0,Interaction,685,542,1227,TRUE,MYOZ3
P07099,Interaction,316,271,587,TRUE,EPHX1
P42766,Interaction,1347,544,1891,TRUE,RPL35
Q14997,Interaction,171,396,567,TRUE,PSME4
Q8NCA5,Interaction,428,171,599,TRUE,FAM98A
P15121,Interaction,1148,161,1309,TRUE,AKR1B1
Q9BSH4,Interaction,1462,548,2010,TRUE,TACO1
P52907,Interaction,1050,549,1599,TRUE,CAPZA1
Q9BX66,Interaction,982,550,1532,TRUE,SORBS1
P63167,Interaction,73,484,557,TRUE,DYNLL1
Q04917,Interaction,158,394,552,TRUE,YWHAH
P27816,Interaction,290,290,580,TRUE,MAP4
P68104,Interaction,736,262,998,TRUE,EEF1A1
P07737,Interaction,713,321,1034,TRUE,PFN1
Q14315,Interaction,562,226,788,TRUE,FLNC
O60506,Interaction,323,234,557,TRUE,SYNCRIP
P48643,Interaction,321,237,558,TRUE,CCT5
A5YM72,Interaction,299,260,559,TRUE,CARNS1
Q8TB22,Interaction,251,350,601,TRUE,SPATA20
Q6H8Q1,Interaction,539,519,1058,TRUE,ABLIM2
Q9P0J1,Interaction,1271,562,1833,TRUE,PDP1
Q9HBH5,Interaction,879,563,1442,TRUE,RDH14
Q9UNM6,Interaction,414,150,564,TRUE,PSMD13
O15498,Interaction,475,90,565,TRUE,YKT6
Q13907,Interaction,293,273,566,TRUE,IDI1
Q6XQN6,Interaction,1321,567,1888,TRUE,NAPRT
O75822,Interaction,241,327,568,TRUE,EIF3J
P12081,Interaction,363,257,620,TRUE,HARS1
P49588,Interaction,262,308,570,TRUE,AARS1
Q9BQA1,Interaction,118,531,649,TRUE,WDR77
P14735,Interaction,1537,572,2109,TRUE,IDE
P02768,Interaction,1040,152,1192,TRUE,ALB
P27824,Interaction,130,444,574,TRUE,CANX
P30086,Interaction,1323,169,1492,TRUE,PEBP1
P02795,Interaction,334,242,576,TRUE,MT2A
P23381,Interaction,398,179,577,TRUE,WARS1
P51570,Interaction,90,518,608,TRUE,GALK1
Q04637,Interaction,399,180,579,TRUE,EIF4G1
O95881,Interaction,233,364,597,TRUE,TXNDC12
Q04759,Interaction,1155,581,1736,TRUE,PRKCQ
P55735,Interaction,1330,471,1801,TRUE,SEC13
P68402,Interaction,797,583,1380,TRUE,PAFAH1B2
Q9BYD1,Interaction,1480,584,2064,TRUE,MRPL13
Q02252,Interaction,313,272,585,TRUE,ALDH6A1
P08708,Interaction,1356,586,1942,TRUE,RPS17
P61758,Interaction,226,428,654,TRUE,VBP1
P67936,Interaction,299,588,887,TRUE,TPM4
P45985,Interaction,826,589,1415,TRUE,MAP2K4
P36873,Interaction,290,585,875,TRUE,PPP1CC
Q9NR31,Interaction,411,322,733,TRUE,SAR1A
Q99460,Interaction,205,387,592,TRUE,PSMD1
O00231,Interaction,191,402,593,TRUE,PSMD11
P62834,Interaction,421,594,1015,TRUE,RAP1A
Q13508,Interaction,741,595,1336,TRUE,ART3
P09488,Interaction,410,596,1006,TRUE,GSTM1
P10909,Interaction,297,303,600,TRUE,CLU
P03905,Interaction,1115,598,1713,TRUE,MT-ND4
P12956,Interaction,1487,599,2086,TRUE,XRCC6
P17661,Interaction,585,564,1149,TRUE,DES
P30536,Interaction,327,274,601,TRUE,TSPO
Q9NVI7,Interaction,1151,521,1672,TRUE,ATAD3A
Q9BS26,Interaction,505,98,603,TRUE,ERP44
P28838,Interaction,303,301,604,TRUE,LAP3
P35244,Interaction,1198,591,1789,TRUE,RPA3
Q9HBL0,Interaction,1349,606,1955,TRUE,TNS1
Q9Y277,Interaction,1357,407,1764,TRUE,VDAC3
Q13976,Interaction,568,40,608,TRUE,PRKG1
Q99757,Interaction,1349,609,1958,TRUE,TXN2
P54284,Interaction,1455,610,2065,TRUE,CACNB3
P09429,Interaction,1437,611,2048,TRUE,HMGB1
P40763,Interaction,525,511,1036,TRUE,STAT3
P06737,Interaction,406,325,731,TRUE,PYGL
P17987,Interaction,317,297,614,TRUE,TCP1
Q9HCC0,Interaction,791,615,1406,TRUE,MCCC2
Q14240,Interaction,1555,449,2004,TRUE,EIF4A2
Q9BQS8,Interaction,235,382,617,TRUE,FYCO1
P10644,Interaction,449,384,833,TRUE,PRKAR1A
O60925,Interaction,1158,619,1777,TRUE,PFDN1
P35998,Interaction,336,284,620,TRUE,PSMC2
P27635,Interaction,1350,621,1971,TRUE,RPL10
P54727,Interaction,491,131,622,TRUE,RAD23B
Q5JWF2,Interaction,1478,623,2101,TRUE,GNAS
P62191,Interaction,185,439,624,TRUE,PSMC1
Q99766,Interaction,253,405,658,TRUE,DMAC2L
P57772,Interaction,527,626,1153,TRUE,EEFSEC
O95571,Interaction,1923,9,1932,TRUE,ETHE1
O95433,Interaction,319,544,863,TRUE,AHSA1
Q9Y5U8,Interaction,492,137,629,TRUE,MPC1
Q15436,Interaction,443,269,712,TRUE,SEC23A
P05165,Interaction,344,509,853,TRUE,PCCA
O75746,Interaction,1588,490,2078,TRUE,SLC25A12
Q08722,Interaction,409,224,633,TRUE,CD47
P35555,Interaction,491,634,1125,TRUE,FBN1
Q13496,Interaction,917,635,1552,TRUE,MTM1
Q9H2W6,Interaction,755,605,1360,TRUE,MRPL46
P07585,Interaction,881,637,1518,TRUE,DCN
O95425,Interaction,217,637,854,TRUE,SVIL
Q13153,Interaction,180,606,786,TRUE,PAK1
Q9UFN0,Interaction,296,344,640,TRUE,NIPSNAP3A
Q8N0U4,Interaction,891,630,1521,TRUE,FAM185A
P25786,Interaction,473,223,696,TRUE,PSMA1
P63279,Interaction,1467,643,2110,TRUE,UBE2I
P08238,Interaction,318,569,887,TRUE,HSP90AB1
P08237,Interaction,1029,251,1280,TRUE,PFKM
O96007,Interaction,844,628,1472,TRUE,MOCS2
Q8NDY3,Interaction,557,222,779,TRUE,ADPRHL1
P68363,Interaction,661,390,1051,TRUE,TUBA1B
P17655,Interaction,230,419,649,TRUE,CAPN2
P62258,Interaction,1535,207,1742,TRUE,YWHAE
O43617,Interaction,586,197,783,TRUE,TRAPPC3
Q66K66,Interaction,639,254,893,TRUE,TMEM198
O14980,Interaction,286,430,716,TRUE,XPO1
O75438,Interaction,1187,654,1841,TRUE,NDUFB1
P01019,Interaction,152,503,655,TRUE,AGT
P11586,Interaction,368,288,656,TRUE,MTHFD1
P23368,Interaction,405,252,657,TRUE,ME2
Q15084,Interaction,1592,433,2025,TRUE,PDIA6
P13797,Interaction,1394,659,2053,TRUE,PLS3
Q13131,Interaction,541,119,660,TRUE,PRKAA1
P49023,Interaction,1276,661,1937,TRUE,PXN
P09104,Interaction,1351,425,1776,TRUE,ENO2
P35908,Interaction,657,663,1320,TRUE,KRT2
Q96K76,Interaction,682,578,1260,TRUE,USP47
Q9UHX1,Interaction,1137,614,1751,TRUE,PUF60
Q9NQ88,Interaction,321,666,987,TRUE,TIGAR
Q13492,Interaction,567,658,1225,TRUE,PICALM
Q9NVJ2,Interaction,295,373,668,TRUE,ARL8B
Q9HDC9,Interaction,634,137,771,TRUE,APMAP
Q05519,Interaction,1394,651,2045,TRUE,SRSF11
Q9UJU6,Interaction,699,671,1370,TRUE,DBNL
O75323,Interaction,1501,447,1948,TRUE,NIPSNAP2
Q5HYI8,Interaction,430,243,673,TRUE,RABL3
P08758,Interaction,517,251,768,TRUE,ANXA5
Q9NP98,Interaction,448,675,1123,TRUE,MYOZ1
P59998,Interaction,468,230,698,TRUE,ARPC4
Q96HN2,Interaction,232,491,723,TRUE,AHCYL2
P26678,Interaction,288,547,835,TRUE,PLN
P11055,Interaction,497,630,1127,TRUE,MYH3
P54652,Interaction,264,489,753,TRUE,HSPA2
Q9H832,Interaction,710,135,845,TRUE,UBE2Z
Q9NZU5,Interaction,471,520,991,TRUE,LMCD1
O14979,Interaction,1367,648,2015,TRUE,HNRNPDL
O15533,Interaction,667,664,1331,TRUE,TAPBP
P01023,Interaction,402,295,697,TRUE,A2M
Q08043,Interaction,351,686,1037,TRUE,ACTN3
P00568,Interaction,1006,490,1496,TRUE,AK1
Q15435,Interaction,631,57,688,TRUE,PPP1R7
P13929,Interaction,1645,410,2055,TRUE,ENO3
P00367,Interaction,335,355,690,TRUE,GLUD1
O75964,Interaction,786,584,1370,TRUE,ATP5MG
Q9GZT8,Interaction,1172,692,1864,TRUE,NIF3L1
Q99536,Interaction,382,311,693,TRUE,VAT1
P13861,Interaction,313,477,790,TRUE,PRKAR2A
Q5VWZ2,Interaction,451,244,695,TRUE,LYPLAL1
O00410,Interaction,349,347,696,TRUE,IPO5
Q96BW5,Interaction,607,697,1304,TRUE,PTER
Q969X5,Interaction,1146,645,1791,TRUE,ERGIC1
Q13616,Interaction,492,207,699,TRUE,CUL1
P84085,Interaction,1394,674,2068,TRUE,ARF5
Q8NE86,Interaction,1367,701,2068,TRUE,MCU
Q9NP97,Interaction,1491,606,2097,TRUE,DYNLRB1
P78371,Interaction,301,661,962,TRUE,CCT2
P31939,Interaction,549,155,704,TRUE,ATIC
P35813,Interaction,275,430,705,TRUE,PPM1A
Q04446,Interaction,225,481,706,TRUE,GBE1
Q7Z3D6,Interaction,1230,707,1937,TRUE,DGLUCY
O95816,Interaction,326,427,753,TRUE,BAG2
Q15233,Interaction,899,666,1565,TRUE,NONO
P49591,Interaction,498,315,813,TRUE,SARS1
Q8N8N7,Interaction,1326,711,2037,TRUE,PTGR2
P62851,Interaction,1384,712,2096,TRUE,RPS25
Q9UBQ5,Interaction,1362,713,2075,TRUE,EIF3K
Q9NQR4,Interaction,538,176,714,TRUE,NIT2
Q9UBF9,Interaction,737,635,1372,TRUE,MYOT
O43169,Interaction,384,332,716,TRUE,CYB5B
P00966,Interaction,453,264,717,TRUE,ASS1
Q9UKV8,Interaction,1159,714,1873,TRUE,AGO2
Q8N183,Interaction,613,719,1332,TRUE,NDUFAF2
O75947,Interaction,912,529,1441,TRUE,ATP5PD
Q15124,Interaction,1357,721,2078,TRUE,PGM5
Q9BTZ2,Interaction,1346,675,2021,TRUE,DHRS4
P00390,Interaction,515,208,723,TRUE,GSR
Q9Y6A9,Interaction,220,595,815,TRUE,SPCS1
P21291,Interaction,855,709,1564,TRUE,CSRP1
Q9Y2Z0,Interaction,534,715,1249,TRUE,SUGT1
P52943,Interaction,656,710,1366,TRUE,CRIP2
P60468,Interaction,196,654,850,TRUE,SEC61B
P23588,Interaction,468,261,729,TRUE,EIF4B
P24534,Interaction,358,372,730,TRUE,EEF1B2
Q9BYD2,Interaction,584,731,1315,TRUE,MRPL9
Q9UBE0,Interaction,416,676,1092,TRUE,SAE1
Q6IAN0,Interaction,409,324,733,TRUE,DHRS7B
P02792,Interaction,478,734,1212,TRUE,FTL
P07237,Interaction,509,430,939,TRUE,P4HB
Q07955,Interaction,549,732,1281,TRUE,SRSF1
P08727,Interaction,606,662,1268,TRUE,KRT19
Q92530,Interaction,335,403,738,TRUE,PSMF1
P19338,Interaction,1345,739,2084,TRUE,NCL
P09110,Interaction,574,166,740,TRUE,ACAA1
O43865,Interaction,352,389,741,TRUE,AHCYL1
O60662,Interaction,334,573,907,TRUE,KLHL41
P53778,Interaction,1332,743,2075,TRUE,MAPK12
Q0VDF9,Interaction,975,744,1719,TRUE,HSPA14
O94886,Interaction,615,130,745,TRUE,TMEM63A
P61513,Interaction,208,670,878,TRUE,RPL37A
P18206,Interaction,594,380,974,TRUE,VCL
Q9H223,Interaction,917,646,1563,TRUE,EHD4
P28072,Interaction,322,427,749,TRUE,PSMB6
Q9H479,Interaction,1198,750,1948,TRUE,FN3K
Q9P0J6,Interaction,371,424,795,TRUE,MRPL36
Q9Y3D2,Interaction,598,752,1350,TRUE,MSRB2
Q7Z406,Interaction,231,522,753,TRUE,MYH14
P78344,Interaction,245,612,857,TRUE,EIF4G2
Q96EP5,Interaction,546,755,1301,TRUE,DAZAP1
P61221,Interaction,199,615,814,TRUE,ABCE1
Q13501,Interaction,1295,757,2052,TRUE,SQSTM1
Q9BXW6,Interaction,991,758,1749,TRUE,OSBPL1A
Q9Y512,Interaction,1400,645,2045,TRUE,SAMM50
Q04837,Interaction,446,314,760,TRUE,SSBP1
P12882,Interaction,508,671,1179,TRUE,MYH1
O00232,Interaction,394,368,762,TRUE,PSMD12
O75688,Interaction,1213,726,1939,TRUE,PPM1B
P49773,Interaction,546,574,1120,TRUE,HINT1
O43813,Interaction,1210,765,1975,TRUE,LANCL1
P09525,Interaction,172,609,781,TRUE,ANXA4
Q13424,Interaction,1310,767,2077,TRUE,SNTA1
P20231,Interaction,845,768,1613,TRUE,TPSB2
Q15286,Interaction,1136,769,1905,TRUE,RAB35
Q96C11,Interaction,483,770,1253,TRUE,FGGY
P13645,Interaction,674,675,1349,TRUE,KRT10
O60256,Interaction,869,772,1641,TRUE,PRPSAP2
Q9BVK6,Interaction,466,307,773,TRUE,TMED9
O75368,Interaction,552,746,1298,TRUE,SH3BGRL
P61313,Interaction,292,483,775,TRUE,RPL15
P78356,Interaction,1213,776,1989,TRUE,PIP4K2B
P81605,Interaction,813,777,1590,TRUE,DCD
O15372,Interaction,220,699,919,TRUE,EIF3H
O43760,Interaction,177,602,779,TRUE,SYNGR2
O75663,Interaction,283,738,1021,TRUE,TIPRL
Q13203,Interaction,795,781,1576,TRUE,MYBPH
P54577,Interaction,1287,782,2069,TRUE,YARS1
P52565,Interaction,496,393,889,TRUE,ARHGDIA
Q9Y394,Interaction,438,421,859,TRUE,DHRS7
P47897,Interaction,495,290,785,TRUE,QARS1
P24844,Interaction,372,786,1158,TRUE,MYL9
O00303,Interaction,383,404,787,TRUE,EIF3F
P50895,Interaction,1294,733,2027,TRUE,BCAM
Q96EY8,Interaction,435,354,789,TRUE,MMAB
P36405,Interaction,903,43,946,TRUE,ARL3
P22234,Interaction,515,276,791,TRUE,PAICS
Q12904,Interaction,274,518,792,TRUE,AIMP1
P61803,Interaction,781,12,793,TRUE,DAD1
P35611,Interaction,701,260,961,TRUE,ADD1
O75832,Interaction,1098,795,1893,TRUE,PSMD10
P38646,Interaction,1417,606,2023,TRUE,HSPA9
P55072,Interaction,475,326,801,TRUE,VCP
Q9UHL4,Interaction,1283,711,1994,TRUE,DPP7
Q9BUK0,Interaction,1320,784,2104,TRUE,CHCHD7
Q9BUR5,Interaction,1274,800,2074,TRUE,APOO
Q9Y3I0,Interaction,467,334,801,TRUE,RTCB
Q9Y6N5,Interaction,792,802,1594,TRUE,SQOR
P55795,Interaction,1290,800,2090,TRUE,HNRNPH2
P00505,Interaction,1591,522,2113,TRUE,GOT2
Q01518,Interaction,1265,805,2070,TRUE,CAP1
P39019,Interaction,1217,806,2023,TRUE,RPS19
P35080,Interaction,448,485,933,TRUE,PFN2
Q9Y623,Interaction,522,772,1294,TRUE,MYH4
Q8WVJ2,Interaction,516,304,820,TRUE,NUDCD2
P47755,Interaction,1253,810,2063,TRUE,CAPZA2
P51608,Interaction,260,574,834,TRUE,MECP2
P35579,Interaction,1091,705,1796,TRUE,MYH9
Q8NB12,Interaction,1080,756,1836,TRUE,SMYD1
P99999,Interaction,1335,572,1907,TRUE,CYCS
P63302,Interaction,941,815,1756,TRUE,SELENOW
Q9UQM7,Interaction,913,816,1729,TRUE,CAMK2A
Q9UI10,Interaction,325,513,838,TRUE,EIF2B4
Q96GD0,Interaction,668,167,835,TRUE,PDXP
P62937,Interaction,612,601,1213,TRUE,PPIA
P02766,Interaction,1037,820,1857,TRUE,TTR
P01024,Interaction,396,425,821,TRUE,C3
Q9NZL9,Interaction,606,777,1383,TRUE,MAT2B
O43772,Interaction,1260,823,2083,TRUE,SLC25A20
O75112,Interaction,1669,388,2057,TRUE,LDB3
Q8WWV3,Interaction,481,344,825,TRUE,RTN4IP1
P05413,Interaction,1078,376,1454,TRUE,FABP3
Q99623,Interaction,1388,663,2051,TRUE,PHB2
P12955,Interaction,685,143,828,TRUE,PEPD
Q99808,Interaction,683,187,870,TRUE,SLC29A1
Q9H074,Interaction,1155,725,1880,TRUE,PAIP1
Q9Y6N1,Interaction,379,501,880,TRUE,COX11
P31415,Interaction,1386,515,1901,TRUE,CASQ1
Q16891,Interaction,1373,689,2062,TRUE,IMMT
Q5SQH8,Interaction,530,304,834,TRUE,C6orf136
P52888,Interaction,218,666,884,TRUE,THOP1
O94760,Interaction,1254,836,2090,TRUE,DDAH1
P51888,Interaction,1161,837,1998,TRUE,PRELP
P35237,Interaction,1066,838,1904,TRUE,SERPINB6
Q14324,Interaction,541,826,1367,TRUE,MYBPC2
Q9UBF6,Interaction,933,840,1773,TRUE,RNF7
P23246,Interaction,1265,755,2020,TRUE,SFPQ
Q5VW32,Interaction,1276,761,2037,TRUE,BROX
P13807,Interaction,535,552,1087,TRUE,GYS1
Q06830,Interaction,998,482,1480,TRUE,PRDX1
Q13554,Interaction,1262,845,2107,TRUE,CAMK2B
Q9NQE9,Interaction,1002,846,1848,TRUE,HINT3
P13164,Interaction,983,836,1819,TRUE,IFITM1
P50570,Interaction,671,177,848,TRUE,DNM2
Q9UH92,Interaction,1102,849,1951,TRUE,MLX
P51692,Interaction,393,459,852,TRUE,STAT5B
P14625,Interaction,436,638,1074,TRUE,HSP90B1
Q13177,Interaction,340,512,852,TRUE,PAK2
Q9UK41,Interaction,341,650,991,TRUE,VPS28
P30101,Interaction,534,320,854,TRUE,PDIA3
P13639,Interaction,1383,418,1801,TRUE,EEF2
P30038,Interaction,653,351,1004,TRUE,ALDH4A1
P48507,Interaction,1130,816,1946,TRUE,GCLM
P46379,Interaction,580,456,1036,TRUE,BAG6
Q8N142,Interaction,1516,567,2083,TRUE,ADSS1
Q9HD33,Interaction,1153,829,1982,TRUE,MRPL47
P21333,Interaction,593,583,1176,TRUE,FLNA
P28066,Interaction,557,509,1066,TRUE,PSMA5
P60228,Interaction,1202,863,2065,TRUE,EIF3E
Q9NX63,Interaction,1248,845,2093,TRUE,CHCHD3
Q9NWV4,Interaction,1174,865,2039,TRUE,CZIB
P84098,Interaction,1186,866,2052,TRUE,RPL19
Q9BXW7,Interaction,1244,867,2111,TRUE,HDHD5
P56537,Interaction,1153,868,2021,TRUE,EIF6
O60684,Interaction,884,740,1624,TRUE,KPNA6
A1L0T0,Interaction,142,798,940,TRUE,ILVBL
P27695,Interaction,1112,871,1983,TRUE,APEX1
P36542,Interaction,819,803,1622,TRUE,ATP5F1C
O14521,Interaction,303,582,885,TRUE,SDHD
P82979,Interaction,948,874,1822,TRUE,SARNP
P30049,Interaction,557,787,1344,TRUE,ATP5F1D
P51571,Interaction,968,876,1844,TRUE,SSR4
Q15046,Interaction,511,366,877,TRUE,KARS1
P01859,Interaction,328,642,970,TRUE,IGHG2
Q14116,Interaction,345,856,1201,TRUE,IL18
P50995,Interaction,926,839,1765,TRUE,ANXA11
O75915,Interaction,473,562,1035,TRUE,ARL6IP5
P48556,Interaction,480,402,882,TRUE,PSMD8
O14818,Interaction,520,462,982,TRUE,PSMA7
P61978,Interaction,962,884,1846,TRUE,HNRNPK
Q9NZD2,Interaction,734,279,1013,TRUE,GLTP
P26641,Interaction,656,475,1131,TRUE,EEF1G
P35749,Interaction,730,884,1614,TRUE,MYH11
O60884,Interaction,446,442,888,TRUE,DNAJA2
P43686,Interaction,591,298,889,TRUE,PSMC4
Q53H12,Interaction,1008,821,1829,TRUE,AGK
Q9Y316,Interaction,524,424,948,TRUE,MEMO1
P01011,Interaction,505,387,892,TRUE,SERPINA3
P23284,Interaction,1219,893,2112,TRUE,PPIB
Q9BPX5,Interaction,1167,894,2061,TRUE,ARPC5L
P61201,Interaction,436,459,895,TRUE,COPS2
Q8NBU5,Interaction,1023,896,1919,TRUE,ATAD1
P46939,Interaction,1185,897,2082,TRUE,UTRN
P18669,Interaction,1468,589,2057,TRUE,PGAM1
P54296,Interaction,1261,664,1925,TRUE,MYOM2
O00399,Interaction,726,255,981,TRUE,DCTN6
Q15370,Interaction,806,901,1707,TRUE,ELOB
P63151,Interaction,488,414,902,TRUE,PPP2R2A
Q8NHH9,Interaction,685,218,903,TRUE,ATL2
P62249,Interaction,1200,849,2049,TRUE,RPS16
Q02543,Interaction,712,895,1607,TRUE,RPL18A
Q15019,Interaction,314,701,1015,TRUE,SEPTIN2
P30520,Interaction,1153,907,2060,TRUE,ADSS2
A3KMH1,Interaction,1192,908,2100,TRUE,VWA8
P05091,Interaction,331,606,937,TRUE,ALDH2
Q13148,Interaction,476,434,910,TRUE,TARDBP
P49841,Interaction,995,859,1854,TRUE,GSK3B
P00846,Interaction,360,825,1185,TRUE,MT-ATP6
Q8N4H5,Interaction,968,874,1842,TRUE,TOMM5
P15259,Interaction,1556,552,2108,TRUE,PGAM2
P00738,Interaction,231,736,967,TRUE,HP
Q9BR76,Interaction,585,868,1453,TRUE,CORO1B
Q9BQ69,Interaction,1367,704,2071,TRUE,MACROD1
Q9HBI1,Interaction,819,918,1737,TRUE,PARVB
Q99497,Interaction,1624,419,2043,TRUE,PARK7
P49257,Interaction,661,259,920,TRUE,LMAN1
P07355,Interaction,626,492,1118,TRUE,ANXA2
Q15637,Interaction,1167,922,2089,TRUE,SF1
P01876,Interaction,362,569,931,TRUE,IGHA1
P60866,Interaction,1102,924,2026,TRUE,RPS20
P13987,Interaction,562,608,1170,TRUE,CD59
P62266,Interaction,1026,926,1952,TRUE,RPS23
Q13442,Interaction,517,410,927,TRUE,PDAP1
O95394,Interaction,463,550,1013,TRUE,PGM3
Q8WW59,Interaction,444,485,929,TRUE,SPRYD4
P01009,Interaction,668,591,1259,TRUE,SERPINA1
Q16881,Interaction,659,272,931,TRUE,TXNRD1
Q9H3K2,Interaction,1044,932,1976,TRUE,GHITM
Q99653,Interaction,478,933,1411,TRUE,CHP1
Q9NZ08,Interaction,332,602,934,TRUE,ERAP1
Q16181,Interaction,311,654,965,TRUE,SEPTIN7
Q14112,Interaction,427,509,936,TRUE,NID2
Q96HC4,Interaction,993,586,1579,TRUE,PDLIM5
P48047,Interaction,1110,686,1796,TRUE,ATP5PO
Q5T4S7,Interaction,525,939,1464,TRUE,UBR4
Q15008,Interaction,340,600,940,TRUE,PSMD6
Q15365,Interaction,968,829,1797,TRUE,PCBP1
P49207,Interaction,308,882,1190,TRUE,RPL34
Q15366,Interaction,598,943,1541,TRUE,PCBP2
Q6P161,Interaction,222,944,1166,TRUE,MRPL54
P52564,Interaction,931,945,1876,TRUE,MAP2K6
P52294,Interaction,458,488,946,TRUE,KPNA1
O75131,Interaction,608,339,947,TRUE,CPNE3
Q15369,Interaction,626,948,1574,TRUE,ELOC
P25705,Interaction,1515,461,1976,TRUE,ATP5F1A
Q8TCD5,Interaction,1184,920,2104,TRUE,NT5C
P48163,Interaction,671,280,951,TRUE,ME1
Q9C0E8,Interaction,391,589,980,TRUE,LNPK
Q15813,Interaction,615,338,953,TRUE,TBCE
P11021,Interaction,623,468,1091,TRUE,HSPA5
Q16851,Interaction,1177,591,1768,TRUE,UGP2
P01860,Interaction,265,691,956,TRUE,IGHG3
Q8IZ83,Interaction,180,893,1073,TRUE,ALDH16A1
Q6NUK1,Interaction,737,947,1684,TRUE,SLC25A24
Q7Z2W9,Interaction,391,615,1006,TRUE,MRPL21
Q12988,Interaction,573,387,960,TRUE,HSPB3
Q8WVM8,Interaction,540,514,1054,TRUE,SCFD1
Q05682,Interaction,622,903,1525,TRUE,CALD1
Q9H845,Interaction,1133,939,2072,TRUE,ACAD9
P63000,Interaction,571,393,964,TRUE,RAC1
P55010,Interaction,860,965,1825,TRUE,EIF5
Q15772,Interaction,265,857,1122,TRUE,SPEG
A8MXV4,Interaction,1044,940,1984,TRUE,NUDT19
Q8IXV7,Interaction,396,572,968,TRUE,KLHDC8B
Q16576,Interaction,1233,863,2096,TRUE,RBBP7
P49720,Interaction,437,533,970,TRUE,PSMB3
P05155,Interaction,797,971,1768,TRUE,SERPING1
Q9UQ80,Interaction,867,972,1839,TRUE,PA2G4
P46109,Interaction,537,973,1510,TRUE,CRKL
P15090,Interaction,1458,317,1775,TRUE,FABP4
Q8IWA4,Interaction,607,921,1528,TRUE,MFN1
Q15181,Interaction,525,451,976,TRUE,PPA1
P43155,Interaction,1384,700,2084,TRUE,CRAT
Q96CV9,Interaction,305,904,1209,TRUE,OPTN
P82675,Interaction,237,929,1166,TRUE,MRPS5
Q8N335,Interaction,1637,408,2045,TRUE,GPD1L
Q9Y4L1,Interaction,667,314,981,TRUE,HYOU1
Q9NR50,Interaction,200,851,1051,TRUE,EIF2B3
Q6P1N9,Interaction,873,183,1056,TRUE,TATDN1
Q9HB71,Interaction,74,925,999,TRUE,CACYBP
P53985,Interaction,134,861,995,TRUE,SLC16A1
Q8N766,Interaction,1063,986,2049,TRUE,EMC1
P05023,Interaction,681,346,1027,TRUE,ATP1A1
Q9P2T1,Interaction,536,452,988,TRUE,GMPR2
Q92616,Interaction,178,989,1167,TRUE,GCN1
Q96QR8,Interaction,147,990,1137,TRUE,PURB
Q15257,Interaction,1079,991,2070,TRUE,PTPA
Q92734,Interaction,555,437,992,TRUE,TFG
P36955,Interaction,873,993,1866,TRUE,SERPINF1
P05556,Interaction,541,453,994,TRUE,ITGB1
P47756,Interaction,1095,995,2090,TRUE,CAPZB
Q9Y3Z3,Interaction,233,763,996,TRUE,SAMHD1
Q15717,Interaction,1084,954,2038,TRUE,ELAVL1
O75351,Interaction,852,959,1811,TRUE,VPS4B
Q08209,Interaction,896,999,1895,TRUE,PPP3CA
P14550,Interaction,1242,530,1772,TRUE,AKR1A1
O00233,Interaction,684,433,1117,TRUE,PSMD9
O00418,Interaction,933,929,1862,TRUE,EEF2K
Q7Z422,Interaction,692,975,1667,TRUE,SZRD1
P61160,Interaction,444,627,1071,TRUE,ACTR2
Q9NZ01,Interaction,1042,1005,2047,TRUE,TECR
Q96FW1,Interaction,246,760,1006,TRUE,OTUB1
P50851,Interaction,579,1007,1586,TRUE,LRBA
O43826,Interaction,359,660,1019,TRUE,SLC37A4
P34897,Interaction,696,1009,1705,TRUE,SHMT2
Q9HBL7,Interaction,1049,1010,2059,TRUE,PLGRKT
Q99643,Interaction,372,674,1046,TRUE,SDHC
Q9UHQ9,Interaction,1210,559,1769,TRUE,CYB5R1
Q9UNS2,Interaction,681,1013,1694,TRUE,COPS3
P49840,Interaction,453,1014,1467,TRUE,GSK3A
P55290,Interaction,657,358,1015,TRUE,CDH13
P19623,Interaction,182,834,1016,TRUE,SRM
Q16821,Interaction,759,1017,1776,TRUE,PPP1R3A
Q03154,Interaction,666,352,1018,TRUE,ACY1
P31040,Interaction,647,874,1521,TRUE,SDHA
Q9NS86,Interaction,835,1020,1855,TRUE,LANCL2
Q9H330,Interaction,554,507,1061,TRUE,TMEM245
O75608,Interaction,651,1022,1673,TRUE,LYPLA1
O00629,Interaction,459,564,1023,TRUE,KPNA4
Q9BVV7,Interaction,522,966,1488,TRUE,TIMM21
Q96C23,Interaction,721,1025,1746,TRUE,GALM
O95563,Interaction,507,519,1026,TRUE,MPC2
Q9Y5P6,Interaction,303,859,1162,TRUE,GMPPB
P05387,Interaction,1085,1028,2113,TRUE,RPLP2
Q92614,Interaction,292,737,1029,TRUE,MYO18A
Q9Y2Q5,Interaction,1075,1030,2105,TRUE,LAMTOR2
P60520,Interaction,1016,1031,2047,TRUE,GABARAPL2
Q13813,Interaction,498,1032,1530,TRUE,SPTAN1
O15400,Interaction,753,406,1159,TRUE,STX7
Q9H9A6,Interaction,365,984,1349,TRUE,LRRC40
O94905,Interaction,1131,948,2079,TRUE,ERLIN2
O14958,Interaction,397,933,1330,TRUE,CASQ2
Q01484,Interaction,864,1037,1901,TRUE,ANK2
Q15582,Interaction,995,842,1837,TRUE,TGFBI
P51812,Interaction,719,1039,1758,TRUE,RPS6KA3
Q6IPR1,Interaction,891,1040,1931,TRUE,ETFRF1
Q9Y376,Interaction,516,1041,1557,TRUE,CAB39
O75223,Interaction,582,1042,1624,TRUE,GGCT
Q9BTV4,Interaction,647,396,1043,TRUE,TMEM43
Q53GG5,Interaction,791,763,1554,TRUE,PDLIM3
P16219,Interaction,517,729,1246,TRUE,ACADS
Q9UQN3,Interaction,1066,1046,2112,TRUE,CHMP2B
P04264,Interaction,788,900,1688,TRUE,KRT1
Q99471,Interaction,567,1048,1615,TRUE,PFDN5
Q00341,Interaction,431,957,1388,TRUE,HDLBP
Q9Y6E2,Interaction,635,415,1050,TRUE,BZW2
P42765,Interaction,660,723,1383,TRUE,ACAA2
P22392,Interaction,921,564,1485,TRUE,NME2
Q8IYQ7,Interaction,814,1053,1867,TRUE,THNSL1
O15305,Interaction,1180,927,2107,TRUE,PMM2
P0DMV8,Interaction,1623,288,1911,TRUE,HSPA1A
Q00577,Interaction,483,612,1095,TRUE,PURA
Q13011,Interaction,621,872,1493,TRUE,ECH1
Q9Y230,Interaction,140,1057,1197,TRUE,RUVBL2
P20073,Interaction,1385,445,1830,TRUE,ANXA7
Q9Y5J9,Interaction,314,1059,1373,TRUE,TIMM8B
P62854,Interaction,821,1061,1882,TRUE,RPS26
P23297,Interaction,769,623,1392,TRUE,S100A1
Q7L2H7,Interaction,807,1063,1870,TRUE,EIF3M
Q9HCP6,Interaction,977,1064,2041,TRUE,HHATL
P23634,Interaction,314,751,1065,TRUE,ATP2B4
P50579,Interaction,155,913,1068,TRUE,METAP2
Q58WW2,Interaction,761,363,1124,TRUE,DCAF6
O14548,Interaction,490,697,1187,TRUE,COX7A2L
Q13884,Interaction,549,1069,1618,TRUE,SNTB1
P62333,Interaction,569,501,1070,TRUE,PSMC6
P22570,Interaction,901,904,1805,TRUE,FDXR
Q9NVE7,Interaction,469,613,1082,TRUE,PANK4
Q9NXR7,Interaction,260,1073,1333,TRUE,BABAM2
Q8NBX0,Interaction,630,1074,1704,TRUE,SCCPDH
Q8WTS6,Interaction,627,448,1075,TRUE,SETD7
P61086,Interaction,392,722,1114,TRUE,UBE2K
P47813,Interaction,572,521,1093,TRUE,EIF1AX
Q15208,Interaction,481,1078,1559,TRUE,STK38
Q9UNZ2,Interaction,709,450,1159,TRUE,NSFL1C
O75369,Interaction,487,899,1386,TRUE,FLNB
P00450,Interaction,229,852,1081,TRUE,CP
Q00G26,Interaction,249,919,1168,TRUE,PLIN5
P02787,Interaction,687,744,1431,TRUE,TF
Q96PE7,Interaction,910,174,1084,TRUE,MCEE
P11216,Interaction,1572,500,2072,TRUE,PYGB
O75347,Interaction,649,437,1086,TRUE,TBCA
Q13838,Interaction,848,1087,1935,TRUE,DDX39B
Q92905,Interaction,758,330,1088,TRUE,COPS5
P53992,Interaction,200,889,1089,TRUE,SEC24C
Q9NSE4,Interaction,576,1090,1666,TRUE,IARS2
Q9GZV1,Interaction,533,873,1406,TRUE,ANKRD2
Q9H9P8,Interaction,797,1092,1889,TRUE,L2HGDH
O43768,Interaction,724,1093,1817,TRUE,ENSA
Q9Y5X3,Interaction,921,173,1094,TRUE,SNX5
P02763,Interaction,296,888,1184,TRUE,ORM1
P62081,Interaction,908,1096,2004,TRUE,RPS7
Q9BRF8,Interaction,397,700,1097,TRUE,CPPED1
P40939,Interaction,1302,673,1975,TRUE,HADHA
Q14558,Interaction,310,935,1245,TRUE,PRPSAP1
P62277,Interaction,946,1100,2046,TRUE,RPS13
Q9H0R4,Interaction,614,1101,1715,TRUE,HDHD2
Q9UNH7,Interaction,990,1102,2092,TRUE,SNX6
Q96FJ2,Interaction,859,1103,1962,TRUE,DYNLL2
P07738,Interaction,1002,1104,2106,TRUE,BPGM
P05455,Interaction,1083,1016,2099,TRUE,SSB
Q7L5N1,Interaction,777,329,1106,TRUE,COPS6
Q8IWL3,Interaction,774,1107,1881,TRUE,HSCB
Q9NQW7,Interaction,800,349,1149,TRUE,XPNPEP1
O43633,Interaction,403,706,1109,TRUE,CHMP2A
P26885,Interaction,746,1110,1856,TRUE,FKBP2
P15088,Interaction,784,1111,1895,TRUE,CPA3
P07437,Interaction,1375,651,2026,TRUE,TUBB
P00441,Interaction,1151,769,1920,TRUE,SOD1
P15374,Interaction,408,1114,1522,TRUE,UCHL3
P07900,Interaction,1178,826,2004,TRUE,HSP90AA1
Q96AQ6,Interaction,587,716,1303,TRUE,PBXIP1
P04844,Interaction,324,793,1117,TRUE,RPN2
Q16774,Interaction,871,943,1814,TRUE,GUK1
Q6DKJ4,Interaction,547,755,1302,TRUE,NXN
Q6IQ26,Interaction,364,1120,1484,TRUE,DENND5A
A6NDG6,Interaction,836,285,1121,TRUE,PGP
O75128,Interaction,852,1122,1974,TRUE,COBL
Q9H2H8,Interaction,546,592,1138,TRUE,PPIL3
Q6YN16,Interaction,1031,1053,2084,TRUE,HSDL2
P14672,Interaction,272,861,1133,TRUE,SLC2A4
O14841,Interaction,580,1126,1706,TRUE,OPLAH
Q9BRG1,Interaction,160,980,1140,TRUE,VPS25
Q16762,Interaction,594,534,1128,TRUE,TST
P25311,Interaction,902,227,1129,TRUE,AZGP1
P49755,Interaction,820,310,1130,TRUE,TMED10
Q8TDX7,Interaction,587,1131,1718,TRUE,NEK7
Q96EY1,Interaction,667,1132,1799,TRUE,DNAJA3
P61970,Interaction,871,596,1467,TRUE,NUTF2
Q5VTT5,Interaction,711,1133,1844,TRUE,MYOM3
Q8NCW5,Interaction,803,438,1241,TRUE,NAXE
Q9H993,Interaction,1108,28,1136,TRUE,ARMT1
Q9UNF0,Interaction,898,1029,1927,TRUE,PACSIN2
O43399,Interaction,729,1138,1867,TRUE,TPD52L2
P51687,Interaction,615,524,1139,TRUE,SUOX
Q08623,Interaction,920,1140,2060,TRUE,PUDP
P46977,Interaction,319,822,1141,TRUE,STT3A
P54136,Interaction,806,336,1142,TRUE,RARS1
Q8NBN7,Interaction,842,1026,1868,TRUE,RDH13
P30044,Interaction,1008,724,1732,TRUE,PRDX5
A8MU46,Interaction,266,917,1183,TRUE,SMTNL1
P14618,Interaction,1417,668,2085,TRUE,PKM
P31942,Interaction,926,1077,2003,TRUE,HNRNPH3
Q96IV0,Interaction,905,1148,2053,TRUE,NGLY1
Q96CT7,Interaction,849,395,1244,TRUE,CCDC124
P50502,Interaction,984,598,1582,TRUE,ST13
O60888,Interaction,792,359,1151,TRUE,CUTA
Q8N3V7,Interaction,519,1152,1671,TRUE,SYNPO
P07195,Interaction,402,994,1396,TRUE,LDHB
P56192,Interaction,871,1154,2025,TRUE,MARS1
P62072,Interaction,526,629,1155,TRUE,TIMM10
Q8NI37,Interaction,444,1128,1572,TRUE,PPTC7
P60602,Interaction,540,617,1157,TRUE,ROMO1
P46777,Interaction,945,1158,2103,TRUE,RPL5
Q13617,Interaction,503,656,1159,TRUE,CUL2
P62701,Interaction,549,1160,1709,TRUE,RPS4X
P05198,Interaction,651,510,1161,TRUE,EIF2S1
Q86VX2,Interaction,638,1162,1800,TRUE,COMMD7
Q9BW30,Interaction,494,669,1163,TRUE,TPPP3
P16930,Interaction,657,507,1164,TRUE,FAH
P13804,Interaction,749,864,1613,TRUE,ETFA
P03928,Interaction,519,647,1166,TRUE,MT-ATP8
Q86VP6,Interaction,693,474,1167,TRUE,CAND1
P23142,Interaction,98,1136,1234,TRUE,FBLN1
O00429,Interaction,627,542,1169,TRUE,DNM1L
P62140,Interaction,899,1170,2069,TRUE,PPP1CB
P60900,Interaction,600,708,1308,TRUE,PSMA6
P13693,Interaction,1024,985,2009,TRUE,TPT1
Q99436,Interaction,446,727,1173,TRUE,PSMB7
Q9NXA8,Interaction,906,268,1174,TRUE,SIRT5
Q9NZJ6,Interaction,574,1175,1749,TRUE,COQ3
P05787,Interaction,652,1176,1828,TRUE,KRT8
P52815,Interaction,319,1177,1496,TRUE,MRPL12
Q93100,Interaction,629,1178,1807,TRUE,PHKB
Q9BRA2,Interaction,724,1086,1810,TRUE,TXNDC17
O15061,Interaction,346,834,1180,TRUE,SYNM
Q9UN37,Interaction,810,371,1181,TRUE,VPS4A
P16083,Interaction,674,1182,1856,TRUE,NQO2
Q9H0P0,Interaction,793,560,1353,TRUE,NT5C3A
P51649,Interaction,736,1184,1920,TRUE,ALDH5A1
P63241,Interaction,858,916,1774,TRUE,EIF5A
Q86UT6,Interaction,688,538,1226,TRUE,NLRX1
P27105,Interaction,436,1187,1623,TRUE,STOM
P50914,Interaction,173,1015,1188,TRUE,RPL14
Q7Z2K6,Interaction,358,1189,1547,TRUE,ERMP1
P21912,Interaction,999,840,1839,TRUE,SDHB
O75208,Interaction,1129,884,2013,TRUE,COQ9
P08670,Interaction,1070,997,2067,TRUE,VIM
P04792,Interaction,1034,779,1813,TRUE,HSPB1
P62917,Interaction,902,1194,2096,TRUE,RPL8
Q86SX6,Interaction,593,996,1589,TRUE,GLRX5
Q14624,Interaction,706,1196,1902,TRUE,ITIH4
Q9P2X0,Interaction,310,936,1246,TRUE,DPM3
P35052,Interaction,414,900,1314,TRUE,GPC1
P07858,Interaction,615,1199,1814,TRUE,CTSB
P20962,Interaction,1093,107,1200,TRUE,PTMS
Q9NP74,Interaction,552,721,1273,TRUE,PALMD
Q5D862,Interaction,549,1190,1739,TRUE,FLG2
Q09666,Interaction,952,574,1526,TRUE,AHNAK
Q8WW12,Interaction,540,1204,1744,TRUE,PCNP
Q86U28,Interaction,311,1126,1437,TRUE,ISCA2
P51991,Interaction,537,1155,1692,TRUE,HNRNPA3
Q9UDW1,Interaction,1219,862,2081,TRUE,UQCR10
P17931,Interaction,229,979,1208,TRUE,LGALS3
Q96CM8,Interaction,569,1209,1778,TRUE,ACSF2
Q8N3K9,Interaction,1162,656,1818,TRUE,CMYA5
P20807,Interaction,760,1211,1971,TRUE,CAPN3
P51452,Interaction,1053,932,1985,TRUE,DUSP3
P21817,Interaction,777,761,1538,TRUE,RYR1
Q13057,Interaction,804,1099,1903,TRUE,COASY
Q9H8H3,Interaction,669,546,1215,TRUE,METTL7A
P43007,Interaction,195,1164,1359,TRUE,SLC1A4
P56385,Interaction,982,796,1778,TRUE,ATP5ME
O60613,Interaction,520,1094,1614,TRUE,SELENOF
P61163,Interaction,609,610,1219,TRUE,ACTR1A
P51858,Interaction,564,656,1220,TRUE,HDGF
Q9NVD7,Interaction,322,899,1221,TRUE,PARVA
Q15119,Interaction,934,735,1669,TRUE,PDK2
Q14165,Interaction,503,1223,1726,TRUE,MLEC
Q8TAT6,Interaction,417,1124,1541,TRUE,NPLOC4
Q13505,Interaction,704,1170,1874,TRUE,MTX1
O95861,Interaction,757,648,1405,TRUE,BPNT1
Q9BSJ8,Interaction,574,653,1227,TRUE,ESYT1
O00299,Interaction,837,391,1228,TRUE,CLIC1
P25787,Interaction,580,649,1229,TRUE,PSMA2
Q96DB5,Interaction,534,1230,1764,TRUE,RMDN1
Q9Y237,Interaction,597,674,1271,TRUE,PIN4
Q5JSH3,Interaction,696,1210,1906,TRUE,WDR44
Q01432,Interaction,876,1136,2012,TRUE,AMPD3
Q96RP9,Interaction,909,1146,2055,TRUE,GFM1
P08603,Interaction,877,1199,2076,TRUE,CFH
P83111,Interaction,377,1236,1613,TRUE,LACTB
P11532,Interaction,694,543,1237,TRUE,DMD
P49368,Interaction,574,664,1238,TRUE,CCT3
Q7Z6Z7,Interaction,689,550,1239,TRUE,HUWE1
Q9NQX3,Interaction,378,923,1301,TRUE,GPHN
P04080,Interaction,981,1015,1996,TRUE,CSTB
O00757,Interaction,627,1039,1666,TRUE,FBP2
O43488,Interaction,514,1243,1757,TRUE,AKR7A2
Q709C8,Interaction,332,1128,1460,TRUE,VPS13C
Q13126,Interaction,580,1151,1731,TRUE,MTAP
O00505,Interaction,649,597,1246,TRUE,KPNA3
Q9Y6C9,Interaction,652,1206,1858,TRUE,MTCH2
Q8TB45,Interaction,593,1248,1841,TRUE,DEPTOR
Q6P1A2,Interaction,517,1249,1766,TRUE,LPCAT3
Q05639,Interaction,1151,788,1939,TRUE,EEF1A2
Q9Y4E8,Interaction,1039,353,1392,TRUE,USP15
O95479,Interaction,613,639,1252,TRUE,H6PD
Q9UM54,Interaction,1129,976,2105,TRUE,MYO6
P17858,Interaction,801,937,1738,TRUE,PFKL
Q8WUM4,Interaction,848,407,1255,TRUE,PDCD6IP
Q14980,Interaction,697,1134,1831,TRUE,NUMA1
P22307,Interaction,863,1063,1926,TRUE,SCP2
O95822,Interaction,857,1175,2032,TRUE,MLYCD
Q13619,Interaction,556,737,1293,TRUE,CUL4A
P29992,Interaction,885,1121,2006,TRUE,GNA11
Q9UJW0,Interaction,566,1261,1827,TRUE,DCTN4
Q13698,Interaction,707,555,1262,TRUE,CACNA1S
Q15121,Interaction,599,1199,1798,TRUE,PEA15
Q9UMY4,Interaction,102,1215,1317,TRUE,SNX12
Q96S19,Interaction,707,1265,1972,TRUE,METTL26
P01857,Interaction,679,1004,1683,TRUE,IGHG1
P29144,Interaction,646,621,1267,TRUE,TPP2
P49585,Interaction,832,1125,1957,TRUE,PCYT1A
Q9UGL1,Interaction,331,1269,1600,TRUE,KDM5B
P20020,Interaction,646,1270,1916,TRUE,ATP2B1
Q9H2S6,Interaction,722,707,1429,TRUE,TNMD
Q9UM22,Interaction,656,1272,1928,TRUE,EPDR1
Q9NP79,Interaction,937,336,1273,TRUE,VTA1
P21281,Interaction,910,364,1274,TRUE,ATP6V1B2
P46459,Interaction,784,1275,2059,TRUE,NSF
Q9Y450,Interaction,847,1011,1858,TRUE,HBS1L
P52209,Interaction,685,592,1277,TRUE,PGD
Q07960,Interaction,944,1111,2055,TRUE,ARHGAP1
O43852,Interaction,666,613,1279,TRUE,CALU
P60174,Interaction,1194,774,1968,TRUE,TPI1
P35270,Interaction,847,434,1281,TRUE,SPR
P30740,Interaction,696,586,1282,TRUE,SERPINB1
Q8N5G0,Interaction,814,1283,2097,TRUE,SMIM20
P00751,Interaction,116,1188,1304,TRUE,CFB
Q9H3N1,Interaction,219,1137,1356,TRUE,TMX1
Q15056,Interaction,449,1233,1682,TRUE,EIF4H
P26583,Interaction,218,1069,1287,TRUE,HMGB2
Q9NP81,Interaction,348,975,1323,TRUE,SARS2
O43396,Interaction,803,486,1289,TRUE,TXNL1
Q2TAA2,Interaction,890,400,1290,TRUE,IAH1
P30050,Interaction,818,1291,2109,TRUE,RPL12
Q13724,Interaction,364,1292,1656,TRUE,MOGS
P62495,Interaction,298,1125,1423,TRUE,ETF1
Q9Y613,Interaction,927,367,1294,TRUE,FHOD1
P09417,Interaction,741,1163,1904,TRUE,QDPR
Q96S96,Interaction,694,1296,1990,TRUE,PEBP4
P30533,Interaction,935,1162,2097,TRUE,LRPAP1
Q96DC8,Interaction,627,671,1298,TRUE,ECHDC3
P50991,Interaction,706,593,1299,TRUE,CCT4
P00918,Interaction,1251,715,1966,TRUE,CA2
Q16773,Interaction,800,1301,2101,TRUE,KYAT1
A1L4K1,Interaction,715,1302,2017,TRUE,FSD2
P68366,Interaction,1080,837,1917,TRUE,TUBA4A
P41252,Interaction,760,1241,2001,TRUE,IARS1
P43490,Interaction,651,1305,1956,TRUE,NAMPT
P48509,Interaction,444,882,1326,TRUE,CD151
Q9NVH1,Interaction,741,1256,1997,TRUE,DNAJC11
Q96L96,Interaction,566,1288,1854,TRUE,ALPK3
O14737,Interaction,794,515,1309,TRUE,PDCD5
O15143,Interaction,727,1295,2022,TRUE,ARPC1B
Q9NPF4,Interaction,317,1311,1628,TRUE,OSGEP
Q9Y5L4,Interaction,399,1312,1711,TRUE,TIMM13
P11177,Interaction,1297,712,2009,TRUE,PDHB
O75928,Interaction,749,1160,1909,TRUE,PIAS2
Q9UIA9,Interaction,1213,119,1332,TRUE,XPO7
P09913,Interaction,988,867,1855,TRUE,IFIT2
P40429,Interaction,240,1082,1322,TRUE,RPL13A
Q96C01,Interaction,655,1318,1973,TRUE,FAM136A
Q13557,Interaction,954,1144,2098,TRUE,CAMK2D
Q13228,Interaction,783,876,1659,TRUE,SELENBP1
P56134,Interaction,1140,752,1892,TRUE,ATP5MF
P06454,Interaction,753,1291,2044,TRUE,PTMA
Q9H444,Interaction,661,662,1323,TRUE,CHMP4B
P01911,Interaction,386,1324,1710,TRUE,HLA-DRB1
Q8IYB8,Interaction,609,1223,1832,TRUE,SUPV3L1
Q9P0L0,Interaction,629,697,1326,TRUE,VAPA
O43747,Interaction,343,1287,1630,TRUE,AP1G1
P51148,Interaction,544,1328,1872,TRUE,RAB5C
Q6IQ22,Interaction,881,448,1329,TRUE,RAB12
P32119,Interaction,1432,241,1673,TRUE,PRDX2
Q96MG2,Interaction,793,726,1519,TRUE,JSRP1
Q9Y5M8,Interaction,585,756,1341,TRUE,SRPRB
O43561,Interaction,930,1158,2088,TRUE,LAT
Q9HDC5,Interaction,292,1334,1626,TRUE,JPH1
P42167,Interaction,825,1229,2054,TRUE,TMPO
Q13162,Interaction,740,1336,2076,TRUE,PRDX4
Q16186,Interaction,1055,282,1337,TRUE,ADRM1
P13489,Interaction,1161,511,1672,TRUE,RNH1
O00330,Interaction,915,559,1474,TRUE,PDHX
P84103,Interaction,597,1340,1937,TRUE,SRSF3
O14732,Interaction,412,1341,1753,TRUE,IMPA2
P43897,Interaction,588,1265,1853,TRUE,TSFM
Q99487,Interaction,621,722,1343,TRUE,PAFAH2
Q9UMS6,Interaction,621,750,1371,TRUE,SYNPO2
Q86VD7,Interaction,232,1345,1577,TRUE,SLC25A42
Q6JBY9,Interaction,691,655,1346,TRUE,RCSD1
P49411,Interaction,611,1141,1752,TRUE,TUFM
P24298,Interaction,532,1348,1880,TRUE,GPT
P48637,Interaction,900,449,1349,TRUE,GSS
Q6QEF8,Interaction,576,775,1351,TRUE,CORO6
Q01469,Interaction,621,1351,1972,TRUE,FABP5
P51659,Interaction,426,1051,1477,TRUE,HSD17B4
P49721,Interaction,703,650,1353,TRUE,PSMB2
Q06432,Interaction,413,941,1354,TRUE,CACNG1
Q13586,Interaction,547,808,1355,TRUE,STIM1
Q9Y5Z7,Interaction,716,1356,2072,TRUE,HCFC2
P33121,Interaction,1035,906,1941,TRUE,ACSL1
P46781,Interaction,428,1358,1786,TRUE,RPS9
P30626,Interaction,584,1325,1909,TRUE,SRI
Q96C90,Interaction,957,492,1449,TRUE,PPP1R14B
P01040,Interaction,746,1348,2094,TRUE,CSTA
P61088,Interaction,387,1229,1616,TRUE,UBE2N
P48449,Interaction,408,960,1368,TRUE,LSS
P49354,Interaction,796,1266,2062,TRUE,FNTA
P37108,Interaction,573,792,1365,TRUE,SRP14
Q9ULA0,Interaction,744,1131,1875,TRUE,DNPEP
P31946,Interaction,646,963,1609,TRUE,YWHAB
P14174,Interaction,1017,824,1841,TRUE,MIF
P28070,Interaction,739,630,1369,TRUE,PSMB4
P14621,Interaction,1156,830,1986,TRUE,ACYP2
P35914,Interaction,554,817,1371,TRUE,HMGCL
P15170,Interaction,877,636,1513,TRUE,GSPT1
P61604,Interaction,779,1100,1879,TRUE,HSPE1
P53999,Interaction,1125,927,2052,TRUE,SUB1
Q96RL7,Interaction,174,1263,1437,TRUE,VPS13A
Q99798,Interaction,1165,605,1770,TRUE,ACO2
Q16740,Interaction,480,992,1472,TRUE,CLPP
Q9BZV1,Interaction,866,1215,2081,TRUE,UBXN6
Q5SSJ5,Interaction,301,1379,1680,TRUE,HP1BP3
O43684,Interaction,248,1380,1628,TRUE,BUB3
Q9BQE5,Interaction,859,630,1489,TRUE,APOL2
Q02750,Interaction,724,658,1382,TRUE,MAP2K1
Q15018,Interaction,570,1162,1732,TRUE,ABRAXAS2
Q86Y39,Interaction,471,913,1384,TRUE,NDUFA11
Q14103,Interaction,267,1385,1652,TRUE,HNRNPD
P05026,Interaction,975,411,1386,TRUE,ATP1B1
P35659,Interaction,275,1387,1662,TRUE,DEK
O75436,Interaction,853,635,1488,TRUE,VPS26A
O14924,Interaction,514,1389,1903,TRUE,RGS12
Q9Y5Z4,Interaction,893,741,1634,TRUE,HEBP2
P61019,Interaction,589,802,1391,TRUE,RAB2A
P46199,Interaction,932,1116,2048,TRUE,MTIF2
Q5HYK3,Interaction,782,611,1393,TRUE,COQ5
P62316,Interaction,572,1218,1790,TRUE,SNRPD2
P09467,Interaction,398,1269,1667,TRUE,FBP1
Q9UMS0,Interaction,614,1134,1748,TRUE,NFU1
Q9BV20,Interaction,664,1380,2044,TRUE,MRI1
P19971,Interaction,877,1083,1960,TRUE,TYMP
Q9H1R3,Interaction,626,773,1399,TRUE,MYLK2
Q16836,Interaction,947,945,1892,TRUE,HADH
Q13033,Interaction,155,1257,1412,TRUE,STRN3
Q13200,Interaction,765,637,1402,TRUE,PSMD2
O43390,Interaction,819,1228,2047,TRUE,HNRNPR
P10515,Interaction,1225,883,2108,TRUE,DLAT
P15104,Interaction,945,460,1405,TRUE,GLUL
O95782,Interaction,477,976,1453,TRUE,AP2A1
Q05086,Interaction,232,1294,1526,TRUE,UBE3A
Q9BV23,Interaction,850,558,1408,TRUE,ABHD6
O75874,Interaction,457,1239,1696,TRUE,IDH1
O00487,Interaction,1041,369,1410,TRUE,PSMD14
P60953,Interaction,808,603,1411,TRUE,CDC42
Q9UI12,Interaction,714,1399,2113,TRUE,ATP6V1H
Q8WZ42,Interaction,745,1190,1935,TRUE,TTN
Q86V88,Interaction,335,1350,1685,TRUE,MDP1
P07339,Interaction,669,764,1433,TRUE,CTSD
P10398,Interaction,403,1315,1718,TRUE,ARAF
P07203,Interaction,826,1064,1890,TRUE,GPX1
O00264,Interaction,730,688,1418,TRUE,PGRMC1
Q13683,Interaction,902,675,1577,TRUE,ITGA7
P45381,Interaction,519,1402,1921,TRUE,ASPA
P49589,Interaction,568,1157,1725,TRUE,CARS1
Q9P2J5,Interaction,340,1114,1454,TRUE,LARS1
P28907,Interaction,428,1423,1851,TRUE,CD38
P10176,Interaction,492,1361,1853,TRUE,COX8A
Q9H2I8,Interaction,667,964,1631,TRUE,LRMDA
P36543,Interaction,487,1426,1913,TRUE,ATP6V1E1
P01871,Interaction,390,1037,1427,TRUE,IGHM
Q12906,Interaction,941,487,1428,TRUE,ILF3
Q9Y676,Interaction,423,1401,1824,TRUE,MRPS18B
Q9UK76,Interaction,420,1400,1820,TRUE,JPT1
P53384,Interaction,535,1365,1900,TRUE,NUBP1
P09960,Interaction,966,633,1599,TRUE,LTA4H
P41227,Interaction,542,891,1433,TRUE,NAA10
Q9UHY7,Interaction,509,1419,1928,TRUE,ENOPH1
P05388,Interaction,349,1435,1784,TRUE,RPLP0
P52758,Interaction,414,1306,1720,TRUE,RIDA
Q9HC38,Interaction,803,1081,1884,TRUE,GLOD4
Q969Z3,Interaction,473,1307,1780,TRUE,MTARC2
P62253,Interaction,634,1439,2073,TRUE,UBE2G1
P04275,Interaction,717,1387,2104,TRUE,VWF
O75955,Interaction,560,942,1502,TRUE,FLOT1
Q9Y4W6,Interaction,411,1313,1724,TRUE,AFG3L2
P41236,Interaction,797,646,1443,TRUE,PPP1R2
Q9BRX2,Interaction,442,1420,1862,TRUE,PELO
Q8IWA5,Interaction,658,1445,2103,TRUE,SLC44A2
P67870,Interaction,488,958,1446,TRUE,CSNK2B
P18621,Interaction,402,1447,1849,TRUE,RPL17
P00325,Interaction,641,1448,2089,TRUE,ADH1B
Q15118,Interaction,651,1308,1959,TRUE,PDK1
P31937,Interaction,669,1102,1771,TRUE,HIBADH
Q969Q0,Interaction,397,1451,1848,TRUE,RPL36AL
Q96JJ7,Interaction,1766,101,1867,TRUE,TMX3
Q9BPW8,Interaction,557,1453,2010,TRUE,NIPSNAP1
P17612,Interaction,803,818,1621,TRUE,PRKACA
P06732,Interaction,536,982,1518,TRUE,CKM
O75083,Interaction,356,1267,1623,TRUE,WDR1
P40121,Interaction,723,1343,2066,TRUE,CAPG
Q14767,Interaction,250,1265,1515,TRUE,LTBP3
P36507,Interaction,592,867,1459,TRUE,MAP2K2
Q9UN36,Interaction,1145,767,1912,TRUE,NDRG2
Q96FV2,Interaction,602,1461,2063,TRUE,SCRN2
P55786,Interaction,1319,730,2049,TRUE,NPEPPS
Q8IZ81,Interaction,617,1463,2080,TRUE,ELMOD2
P11171,Interaction,600,1464,2064,TRUE,EPB41
P06702,Interaction,590,1465,2055,TRUE,S100A9
P30046,Interaction,425,1466,1891,TRUE,DDT
Q53FT3,Interaction,832,1089,1921,TRUE,HIKESHI
Q15006,Interaction,658,1437,2095,TRUE,EMC2
Q14764,Interaction,691,1407,2098,TRUE,MVP
O43598,Interaction,274,1470,1744,TRUE,DNPH1
P62913,Interaction,629,1471,2100,TRUE,RPL11
P56381,Interaction,816,934,1750,TRUE,ATP5F1E
P49753,Interaction,624,1300,1924,TRUE,ACOT2
Q96PU8,Interaction,459,1224,1683,TRUE,QKI
P20472,Interaction,604,1475,2079,TRUE,PVALB
O43374,Interaction,633,1476,2109,TRUE,RASA4
Q53H82,Interaction,353,1183,1536,TRUE,LACTB2
P48147,Interaction,345,1339,1684,TRUE,PREP
Q8TEA8,Interaction,334,1267,1601,TRUE,DTD1
Q712K3,Interaction,328,1270,1598,TRUE,UBE2R2
P07954,Interaction,762,920,1682,TRUE,FH
Q92947,Interaction,255,1443,1698,TRUE,GCDH
P36959,Interaction,797,686,1483,TRUE,GMPR
Q9NQP4,Interaction,547,1033,1580,TRUE,PFDN4
P29317,Interaction,282,1328,1610,TRUE,EPHA2
Q02218,Interaction,1052,1007,2059,TRUE,OGDH
Q9UIC8,Interaction,709,1240,1949,TRUE,LCMT1
P09622,Interaction,910,964,1874,TRUE,DLD
P19075,Interaction,622,904,1526,TRUE,TSPAN8
Q9BSL1,Interaction,542,1374,1916,TRUE,UBAC1
Q9BXJ8,Interaction,461,1491,1952,TRUE,TMEM120A
P04899,Interaction,814,678,1492,TRUE,GNAI2
P13647,Interaction,514,1493,2007,TRUE,KRT5
Q86X76,Interaction,413,1108,1521,TRUE,NIT1
Q9BYT8,Interaction,680,815,1495,TRUE,NLN
Q3ZCQ8,Interaction,704,792,1496,TRUE,TIMM50
P11277,Interaction,737,760,1497,TRUE,SPTB
Q16134,Interaction,835,1118,1953,TRUE,ETFDH
Q99714,Interaction,968,531,1499,TRUE,HSD17B10
Q9H4G4,Interaction,787,1267,2054,TRUE,GLIPR2
Q8NI60,Interaction,655,1210,1865,TRUE,COQ8A
Q9BYD6,Interaction,515,1366,1881,TRUE,MRPL1
Q9BS92,Interaction,532,971,1503,TRUE,NIPSNAP3B
Q15843,Interaction,306,1504,1810,TRUE,NEDD8
Q15111,Interaction,256,1505,1761,TRUE,PLCL1
Q9UMX0,Interaction,1381,125,1506,TRUE,UBQLN1
P17540,Interaction,1014,1044,2058,TRUE,CKMT2
P84157,Interaction,671,956,1627,TRUE,MXRA7
Q9NZZ3,Interaction,410,1509,1919,TRUE,CHMP5
P84095,Interaction,254,1262,1516,TRUE,RHOG
Q15714,Interaction,460,1511,1971,TRUE,TSC22D1
Q68DQ2,Interaction,107,1405,1512,TRUE,CRYBG3
Q15185,Interaction,382,1468,1850,TRUE,PTGES3
Q9H0W9,Interaction,1051,463,1514,TRUE,C11orf54
P20290,Interaction,978,537,1515,TRUE,BTF3
P62070,Interaction,949,1062,2011,TRUE,RRAS2
Q01085,Interaction,566,951,1517,TRUE,TIAL1
P53621,Interaction,605,1164,1769,TRUE,COPA
Q8TC12,Interaction,456,1174,1630,TRUE,RDH11
P30040,Interaction,1114,975,2089,TRUE,ERP29
Q9H7C9,Interaction,878,1208,2086,TRUE,AAMDC
Q86YB7,Interaction,723,1379,2102,TRUE,ECHDC2
Q14195,Interaction,470,1053,1523,TRUE,DPYSL3
P62847,Interaction,1059,465,1524,TRUE,RPS24
Q13445,Interaction,495,1525,2020,TRUE,TMED1
Q5XKP0,Interaction,335,1526,1861,TRUE,MICOS13
Q8NBS9,Interaction,538,1282,1820,TRUE,TXNDC5
P21266,Interaction,828,1172,2000,TRUE,GSTM3
Q99598,Interaction,1048,534,1582,TRUE,TSNAX
Q9NPC6,Interaction,509,1530,2039,TRUE,MYOZ2
P51648,Interaction,664,867,1531,TRUE,ALDH3A2
Q5JRX3,Interaction,536,1532,2068,TRUE,PITRM1
O00764,Interaction,1169,364,1533,TRUE,PDXK
O43708,Interaction,394,1140,1534,TRUE,GSTZ1
P30084,Interaction,863,1099,1962,TRUE,ECHS1
P15531,Interaction,939,597,1536,TRUE,NME1
P30419,Interaction,674,1434,2108,TRUE,NMT1
Q08211,Interaction,380,1377,1757,TRUE,DHX9
Q8N4Q1,Interaction,1051,488,1539,TRUE,CHCHD4
P62263,Interaction,954,1106,2060,TRUE,RPS14
Q14914,Interaction,471,1541,2012,TRUE,PTGR1
P26373,Interaction,682,860,1542,TRUE,RPL13
Q9Y2R0,Interaction,546,997,1543,TRUE,COA3
Q8WXH0,Interaction,613,1316,1929,TRUE,SYNE2
P62942,Interaction,642,903,1545,TRUE,FKBP1A
P12429,Interaction,1169,377,1546,TRUE,ANXA3
Q9NWV8,Interaction,557,1538,2095,TRUE,BABAM1
Q96AC1,Interaction,532,1016,1548,TRUE,FERMT2
Q8WY91,Interaction,577,972,1549,TRUE,THAP4
P53701,Interaction,350,1254,1604,TRUE,HCCS
Q16585,Interaction,846,705,1551,TRUE,SGCB
Q9Y3F4,Interaction,777,775,1552,TRUE,STRAP
Q00688,Interaction,771,954,1725,TRUE,FKBP3
P0DOY3,Interaction,608,946,1554,TRUE,IGLC3
P50416,Interaction,231,1468,1699,TRUE,CPT1A
P68400,Interaction,784,772,1556,TRUE,CSNK2A1
P46776,Interaction,673,884,1557,TRUE,RPL27A
Q15555,Interaction,959,599,1558,TRUE,MAPRE2
Q92506,Interaction,804,755,1559,TRUE,HSD17B8
Q7LBR1,Interaction,366,1222,1588,TRUE,CHMP1B
Q16082,Interaction,849,1088,1937,TRUE,HSPB2
O15511,Interaction,860,756,1616,TRUE,ARPC5
P09651,Interaction,529,1563,2092,TRUE,HNRNPA1
P50454,Interaction,372,1192,1564,TRUE,SERPINH1
Q6P587,Interaction,1312,679,1991,TRUE,FAHD1
Q9H7Z7,Interaction,527,1305,1832,TRUE,PTGES2
P21399,Interaction,868,699,1567,TRUE,ACO1
Q86TC9,Interaction,534,1568,2102,TRUE,MYPN
P22352,Interaction,755,814,1569,TRUE,GPX3
P02751,Interaction,348,1534,1882,TRUE,FN1
P09972,Interaction,190,1571,1761,TRUE,ALDOC
P28749,Interaction,518,1426,1944,TRUE,RBL1
P31150,Interaction,1115,947,2062,TRUE,GDI1
Q13061,Interaction,460,1574,2034,TRUE,TRDN
P04632,Interaction,951,624,1575,TRUE,CAPNS1
P30566,Interaction,551,1319,1870,TRUE,ADSL
P31153,Interaction,1036,541,1577,TRUE,MAT2A
Q9BT78,Interaction,890,688,1578,TRUE,COPS4
O43765,Interaction,598,1270,1868,TRUE,SGTA
Q9BSE5,Interaction,534,1056,1590,TRUE,AGMAT
P61158,Interaction,804,788,1592,TRUE,ACTR3
O95834,Interaction,58,1524,1582,TRUE,EML2
P37837,Interaction,1134,449,1583,TRUE,TALDO1
P54289,Interaction,600,1244,1844,TRUE,CACNA2D1
Q14249,Interaction,781,804,1585,TRUE,ENDOG
P06733,Interaction,1013,1017,2030,TRUE,ENO1
P10809,Interaction,1105,969,2074,TRUE,HSPD1
Q8WVI0,Interaction,1193,507,1700,TRUE,SMIM4
O95817,Interaction,652,977,1629,TRUE,BAG3
P84090,Interaction,541,1520,2061,TRUE,ERH
P36969,Interaction,1093,498,1591,TRUE,GPX4
P62633,Interaction,624,1375,1999,TRUE,CNBP
P30405,Interaction,200,1566,1766,TRUE,PPIF
P16989,Interaction,820,1147,1967,TRUE,YBX3
Q9Y2Z9,Interaction,762,833,1595,TRUE,COQ6
P32456,Interaction,572,1052,1624,TRUE,GBP2
Q8WW22,Interaction,303,1312,1615,TRUE,DNAJA4
Q9UJY1,Interaction,793,805,1598,TRUE,HSPB8
Q9UKY7,Interaction,334,1599,1933,TRUE,CDV3
Q9HA64,Interaction,306,1520,1826,TRUE,FN3KRP
P08697,Interaction,353,1552,1905,TRUE,SERPINF2
O15056,Interaction,440,1602,2042,TRUE,SYNJ2
P12236,Interaction,835,1216,2051,TRUE,SLC25A6
P49406,Interaction,281,1441,1722,TRUE,MRPL19
P39060,Interaction,816,1225,2041,TRUE,COL18A1
P60903,Interaction,797,809,1606,TRUE,S100A10
Q92841,Interaction,1039,568,1607,TRUE,DDX17
P10768,Interaction,633,1295,1928,TRUE,ESD
P61020,Interaction,951,658,1609,TRUE,RAB5B
Q9NTK5,Interaction,959,748,1707,TRUE,OLA1
Q15363,Interaction,454,1611,2065,TRUE,TMED2
P34949,Interaction,1068,544,1612,TRUE,MPI
Q9BXI3,Interaction,392,1613,2005,TRUE,NT5C1A
P60891,Interaction,596,1018,1614,TRUE,PRPS1
P30041,Interaction,741,909,1650,TRUE,PRDX6
Q9UBI6,Interaction,918,1188,2106,TRUE,GNG12
P27348,Interaction,878,739,1617,TRUE,YWHAQ
Q96GK7,Interaction,392,1356,1748,TRUE,FAHD2A
P10109,Interaction,547,1540,2087,TRUE,FDX1
Q9BUB7,Interaction,377,1514,1891,TRUE,TMEM70
Q13510,Interaction,696,1399,2095,TRUE,ASAH1
P02655,Interaction,441,1205,1646,TRUE,APOC2
O60763,Interaction,778,845,1623,TRUE,USO1
Q13326,Interaction,984,640,1624,TRUE,SGCG
Q92629,Interaction,1001,624,1625,TRUE,SGCD
P14649,Interaction,473,1607,2080,TRUE,MYL6B
P60981,Interaction,176,1627,1803,TRUE,DSTN
Q13642,Interaction,538,1090,1628,TRUE,FHL1
P46734,Interaction,957,1080,2037,TRUE,MAP2K3
P18085,Interaction,540,1220,1760,TRUE,ARF4
P21964,Interaction,834,1219,2053,TRUE,COMT
O75569,Interaction,102,1588,1690,TRUE,PRKRA
Q8IWX7,Interaction,974,659,1633,TRUE,UNC45B
P35754,Interaction,225,1564,1789,TRUE,GLRX
Q7L0Y3,Interaction,660,985,1645,TRUE,TRMT10C
Q92973,Interaction,608,1364,1972,TRUE,TNPO1
Q9UL25,Interaction,1028,609,1637,TRUE,RAB21
Q15819,Interaction,864,1083,1947,TRUE,UBE2V2
Q9NPJ3,Interaction,431,1376,1807,TRUE,ACOT13
Q15102,Interaction,460,1223,1683,TRUE,PAFAH1B3
Q9Y6P5,Interaction,643,1222,1865,TRUE,SESN1
P23434,Interaction,1196,446,1642,TRUE,GCSH
P55209,Interaction,603,1040,1643,TRUE,NAP1L1
Q9HA65,Interaction,377,1644,2021,TRUE,TBC1D17
Q9BXB4,Interaction,792,1108,1900,TRUE,OSBPL11
P17174,Interaction,787,951,1738,TRUE,GOT1
O60784,Interaction,934,713,1647,TRUE,TOM1
Q86WU2,Interaction,331,1428,1759,TRUE,LDHD
Q96I99,Interaction,396,1576,1972,TRUE,SUCLG2
Q9BXJ9,Interaction,749,932,1681,TRUE,NAA15
P18859,Interaction,905,1163,2068,TRUE,ATP5PF
Q96RK4,Interaction,517,1135,1652,TRUE,BBS4
O15371,Interaction,331,1622,1953,TRUE,EIF3D
Q15404,Interaction,639,1462,2101,TRUE,RSU1
Q13643,Interaction,953,1002,1955,TRUE,FHL3
Q13564,Interaction,798,877,1675,TRUE,NAE1
P36957,Interaction,580,1233,1813,TRUE,DLST
A2RTX5,Interaction,524,1478,2002,TRUE,TARS3
Q96C00,Interaction,307,1382,1689,TRUE,ZBTB9
Q14677,Interaction,419,1660,2079,TRUE,CLINT1
O95372,Interaction,941,1159,2100,TRUE,LYPLA2
O95197,Interaction,899,765,1664,TRUE,RTN3
Q96C86,Interaction,547,1551,2098,TRUE,DCPS
O43741,Interaction,977,687,1664,TRUE,PRKAB2
P36578,Interaction,424,1665,2089,TRUE,RPL4
Q9NR46,Interaction,171,1498,1669,TRUE,SH3GLB2
Q9P0I2,Interaction,544,1480,2024,TRUE,EMC3
Q9NUU7,Interaction,1103,565,1668,TRUE,DDX19A
Q16543,Interaction,1295,728,2023,TRUE,CDC37
O95810,Interaction,976,694,1670,TRUE,CAVIN2
Q04760,Interaction,619,1082,1701,TRUE,GLO1
P36871,Interaction,511,1161,1672,TRUE,PGM1
Q96DH6,Interaction,217,1673,1890,TRUE,MSI2
P82921,Interaction,818,934,1752,TRUE,MRPS21
P63208,Interaction,804,1203,2007,TRUE,SKP1
Q12931,Interaction,975,701,1676,TRUE,TRAP1
P45954,Interaction,422,1255,1677,TRUE,ACADSB
Q9H773,Interaction,988,690,1678,TRUE,DCTPP1
O15273,Interaction,223,1679,1902,TRUE,TCAP
Q96A26,Interaction,827,853,1680,TRUE,FAM162A
Q02978,Interaction,358,1475,1833,TRUE,SLC25A11
P01780,Interaction,281,1663,1944,TRUE,IGHV3-7
Q9Y570,Interaction,215,1638,1853,TRUE,PPME1
O95989,Interaction,1043,857,1900,TRUE,NUDT3
P08294,Interaction,162,1575,1737,TRUE,SOD3
Q86TD4,Interaction,875,926,1801,TRUE,SRL
Q04941,Interaction,554,1476,2030,TRUE,PLP2
Q99733,Interaction,1188,500,1688,TRUE,NAP1L4
O43414,Interaction,862,1109,1971,TRUE,ERI3
Q9Y5K5,Interaction,354,1690,2044,TRUE,UCHL5
P26196,Interaction,408,1685,2093,TRUE,DDX6
Q0VDG4,Interaction,467,1575,2042,TRUE,SCRN3
P29401,Interaction,501,1344,1845,TRUE,TKT
Q5R3I4,Interaction,522,1566,2088,TRUE,TTC38
P50213,Interaction,363,1395,1758,TRUE,IDH3A
Q93052,Interaction,559,1250,1809,TRUE,LPP
Q13423,Interaction,732,1162,1894,TRUE,NNT
P00352,Interaction,286,1580,1866,TRUE,ALDH1A1
P46020,Interaction,465,1374,1839,TRUE,PHKA1
P61457,Interaction,874,1120,1994,TRUE,PCBD1
Q5T440,Interaction,411,1701,2112,TRUE,IBA57
Q9NZA1,Interaction,883,1119,2002,TRUE,CLIC5
Q96EY7,Interaction,568,1309,1877,TRUE,PTCD3
Q96QK1,Interaction,693,1011,1704,TRUE,VPS35
O00168,Interaction,939,766,1705,TRUE,FXYD1
P61254,Interaction,602,1104,1706,TRUE,RPL26
P36776,Interaction,886,1196,2082,TRUE,LONP1
O14983,Interaction,736,1061,1797,TRUE,ATP2A1
Q96IU4,Interaction,718,1212,1930,TRUE,ABHD14B
Q14258,Interaction,1045,936,1981,TRUE,TRIM25
Q9UDT6,Interaction,901,810,1711,TRUE,CLIP2
Q92890,Interaction,978,986,1964,TRUE,UFD1
Q5VXT5,Interaction,715,1343,2058,TRUE,SYPL2
Q96A57,Interaction,927,1167,2094,TRUE,TMEM230
Q02952,Interaction,536,1370,1906,TRUE,AKAP12
O95292,Interaction,781,1224,2005,TRUE,VAPB
Q15691,Interaction,496,1599,2095,TRUE,MAPRE1
P27694,Interaction,304,1712,2016,TRUE,RPA1
Q9Y2B0,Interaction,378,1719,2097,TRUE,CNPY2
P30048,Interaction,706,1116,1822,TRUE,PRDX3
P53814,Interaction,338,1591,1929,TRUE,SMTN
P23528,Interaction,739,1133,1872,TRUE,CFL1
O95336,Interaction,469,1412,1881,TRUE,PGLS
Q6ZMU5,Interaction,954,813,1767,TRUE,TRIM72
Q9UJ70,Interaction,578,1403,1981,TRUE,NAGK
Q16775,Interaction,705,1260,1965,TRUE,HAGH
P46940,Interaction,359,1537,1896,TRUE,IQGAP1
P68871,Interaction,509,1414,1923,TRUE,HBB
P11940,Interaction,1199,891,2090,TRUE,PABPC1
Q96GG9,Interaction,661,1318,1979,TRUE,DCUN1D1
Q9UBT2,Interaction,1175,864,2039,TRUE,UBA2
Q9UBQ7,Interaction,1176,746,1922,TRUE,GRHPR
Q9UPQ0,Interaction,352,1381,1733,TRUE,LIMCH1
P38606,Interaction,1138,821,1959,TRUE,ATP6V1A
P18077,Interaction,240,1624,1864,TRUE,RPL35A
P01591,Interaction,121,1615,1736,TRUE,JCHAIN
Q96FZ7,Interaction,701,1150,1851,TRUE,CHMP6
P01034,Interaction,1257,481,1738,TRUE,CST3
Q9NTM9,Interaction,727,1012,1739,TRUE,CUTC
P62136,Interaction,600,1316,1916,TRUE,PPP1CA
Q9H496,Interaction,172,1741,1913,TRUE,TOR1AIP2
O94903,Interaction,1141,601,1742,TRUE,PLPBP
Q9H0N5,Interaction,750,1177,1927,TRUE,PCBD2
Q9BPX6,Interaction,474,1288,1762,TRUE,MICU1
P39687,Interaction,934,811,1745,TRUE,ANP32A
Q9BV57,Interaction,1101,645,1746,TRUE,ADI1
P42704,Interaction,807,1201,2008,TRUE,LRPPRC
Q9UJZ1,Interaction,1068,680,1748,TRUE,STOML2
Q01082,Interaction,878,871,1749,TRUE,SPTBN1
Q9NVS9,Interaction,608,1142,1750,TRUE,PNPO
P0DOY2,Interaction,467,1452,1919,TRUE,IGLC2
Q96DG6,Interaction,860,1124,1984,TRUE,CMBL
A6NNS2,Interaction,673,1365,2038,TRUE,DHRS7C
Q9H8S9,Interaction,1152,935,2087,TRUE,MOB1A
Q9NUJ1,Interaction,513,1487,2000,TRUE,ABHD10
Q9H4A4,Interaction,848,1183,2031,TRUE,RNPEP
Q86V81,Interaction,656,1314,1970,TRUE,ALYREF
P05141,Interaction,951,915,1866,TRUE,SLC25A5
Q8N4T8,Interaction,690,1069,1759,TRUE,CBR4
Q9UBQ0,Interaction,260,1760,2020,TRUE,VPS29
P10253,Interaction,790,1003,1793,TRUE,GAA
O60825,Interaction,791,1276,2067,TRUE,PFKFB2
Q13404,Interaction,1021,742,1763,TRUE,UBE2V1
P20618,Interaction,1046,718,1764,TRUE,PSMB1
P61077,Interaction,688,1308,1996,TRUE,UBE2D3
P46779,Interaction,805,961,1766,TRUE,RPL28
P04075,Interaction,476,1291,1767,TRUE,ALDOA
P56211,Interaction,1386,382,1768,TRUE,ARPP19
P61026,Interaction,975,794,1769,TRUE,RAB10
Q92901,Interaction,418,1688,2106,TRUE,RPL3L
O95747,Interaction,1392,379,1771,TRUE,OXSR1
Q8N5N7,Interaction,448,1466,1914,TRUE,MRPL50
P10599,Interaction,710,1142,1852,TRUE,TXN
P54819,Interaction,670,1263,1933,TRUE,AK2
P08133,Interaction,1072,703,1775,TRUE,ANXA6
Q9Y3A5,Interaction,951,1126,2077,TRUE,SBDS
P62195,Interaction,1211,566,1777,TRUE,PSMC5
Q00796,Interaction,999,837,1836,TRUE,SORD
Q92575,Interaction,320,1779,2099,TRUE,UBXN4
Q9Y2Q3,Interaction,798,1231,2029,TRUE,GSTK1
P06396,Interaction,733,1127,1860,TRUE,GSN
O75390,Interaction,750,1032,1782,TRUE,CS
P13716,Interaction,294,1569,1863,TRUE,ALAD
P61956,Interaction,916,1014,1930,TRUE,SUMO2
Q86VN1,Interaction,326,1553,1879,TRUE,VPS36
Q05707,Interaction,286,1616,1902,TRUE,COL14A1
Q9UKX3,Interaction,183,1667,1850,TRUE,MYH13
Q15907,Interaction,1113,948,2061,TRUE,RAB11B
Q8TCT8,Interaction,945,1140,2085,TRUE,SPPL2A
O75122,Interaction,270,1697,1967,TRUE,CLASP2
Q5BKX8,Interaction,824,967,1791,TRUE,CAVIN4
P12235,Interaction,666,1188,1854,TRUE,SLC25A4
Q13425,Interaction,884,909,1793,TRUE,SNTB2
P61586,Interaction,852,980,1832,TRUE,RHOA
P09382,Interaction,614,1328,1942,TRUE,LGALS1
Q7Z4V5,Interaction,275,1521,1796,TRUE,HDGFL2
Q9Y6B6,Interaction,904,1027,1931,TRUE,SAR1B
P33176,Interaction,705,1093,1798,TRUE,KIF5B
O95831,Interaction,1071,945,2016,TRUE,AIFM1
Q12797,Interaction,637,1184,1821,TRUE,ASPH
Q96Q06,Interaction,369,1507,1876,TRUE,PLIN4
P55884,Interaction,692,1166,1858,TRUE,EIF3B
Q9BX68,Interaction,745,1331,2076,TRUE,HINT2
Q2TBA0,Interaction,492,1334,1826,TRUE,KLHL40
P54578,Interaction,1137,668,1805,TRUE,USP14
P54920,Interaction,1024,1086,2110,TRUE,NAPA
P24752,Interaction,750,1236,1986,TRUE,ACAT1
P59666,Interaction,579,1229,1808,TRUE,DEFA3
Q9BVC6,Interaction,1210,599,1809,TRUE,TMEM109
P23109,Interaction,202,1695,1897,TRUE,AMPD1
Q9BYD3,Interaction,1060,908,1968,TRUE,MRPL4
Q13825,Interaction,661,1324,1985,TRUE,AUH
Q12846,Interaction,473,1340,1813,TRUE,STX4
P49427,Interaction,461,1457,1918,TRUE,CDC34
Q9P2R7,Interaction,870,1070,1940,TRUE,SUCLA2
P51114,Interaction,397,1674,2071,TRUE,FXR1
Q9NVS2,Interaction,1049,1049,2098,TRUE,MRPS18A
Q13555,Interaction,833,985,1818,TRUE,CAMK2G
P46926,Interaction,985,1120,2105,TRUE,GNPDA1
Q16658,Interaction,479,1559,2038,TRUE,FSCN1
Q00169,Interaction,366,1699,2065,TRUE,PITPNA
P62241,Interaction,1144,678,1822,TRUE,RPS8
P0DP23,Interaction,1020,836,1856,TRUE,CALM1
Q9H0E2,Interaction,1007,817,1824,TRUE,TOLLIP
O43837,Interaction,562,1381,1943,TRUE,IDH3B
Q9H6K4,Interaction,1163,663,1826,TRUE,OPA3
P11279,Interaction,628,1199,1827,TRUE,LAMP1
P04439,Interaction,594,1401,1995,TRUE,HLA-A
P02649,Interaction,271,1670,1941,TRUE,APOE
Q96S66,Interaction,1556,336,1892,TRUE,CLCC1
Q16816,Interaction,1050,849,1899,TRUE,PHKG1
Q8IW45,Interaction,804,1279,2083,TRUE,NAXD
Q16555,Interaction,863,970,1833,TRUE,DPYSL2
Q9Y281,Interaction,970,864,1834,TRUE,CFL2
A0A0U1RRL7,Interaction,583,1414,1997,TRUE,MMP24OS
O76070,Interaction,257,1823,2080,TRUE,SNCG
Q13526,Interaction,999,1058,2057,TRUE,PIN1
Q13263,Interaction,174,1766,1940,TRUE,TRIM28
Q8WUY1,Interaction,1804,246,2050,TRUE,THEM6
P61106,Interaction,901,1121,2022,TRUE,RAB14
P62888,Interaction,680,1161,1841,TRUE,RPL30
P28289,Interaction,340,1555,1895,TRUE,TMOD1
P10301,Interaction,954,889,1843,TRUE,RRAS
Q9H4M9,Interaction,1053,929,1982,TRUE,EHD1
Q7Z4W1,Interaction,704,1141,1845,TRUE,DCXR
Q14353,Interaction,800,1182,1982,TRUE,GAMT
Q99807,Interaction,922,925,1847,TRUE,COQ7
P37840,Interaction,712,1171,1883,TRUE,SNCA
Q9H477,Interaction,442,1415,1857,TRUE,RBKS
P11766,Interaction,1133,946,2079,TRUE,ADH5
Q6UW68,Interaction,979,1091,2070,TRUE,TMEM205
Q6YP21,Interaction,409,1495,1904,TRUE,KYAT3
Q92523,Interaction,692,1355,2047,TRUE,CPT1B
Q06124,Interaction,453,1401,1854,TRUE,PTPN11
P62906,Interaction,718,1137,1855,TRUE,RPL10A
Q9H078,Interaction,475,1381,1856,TRUE,CLPB
Q8N5K1,Interaction,584,1448,2032,TRUE,CISD2
P20042,Interaction,711,1402,2113,TRUE,EIF2S2
P38117,Interaction,891,1218,2109,TRUE,ETFB
P07741,Interaction,1056,1053,2109,TRUE,APRT
P16157,Interaction,240,1861,2101,TRUE,ANK1
O60493,Interaction,1170,692,1862,TRUE,SNX3
Q9H3H3,Interaction,485,1498,1983,TRUE,C11orf68
P02533,Interaction,145,1828,1973,TRUE,KRT14
Q9NQ50,Interaction,127,1750,1877,TRUE,MRPL40
O43583,Interaction,919,1090,2009,TRUE,DENR
Q96AE4,Interaction,324,1711,2035,TRUE,FUBP1
P50225,Interaction,168,1868,2036,TRUE,SULT1A1
P34896,Interaction,852,1017,1869,TRUE,SHMT1
Q92945,Interaction,304,1772,2076,TRUE,KHSRP
P53597,Interaction,752,1149,1901,TRUE,SUCLG1
P27361,Interaction,426,1567,1993,TRUE,MAPK3
Q9Y3C6,Interaction,1119,754,1873,TRUE,PPIL1
P25789,Interaction,932,942,1874,TRUE,PSMA4
P35241,Interaction,925,950,1875,TRUE,RDX
Q07507,Interaction,289,1822,2111,TRUE,DPT
Q8NDH3,Interaction,483,1523,2006,TRUE,NPEPL1
Q99735,Interaction,1186,692,1878,TRUE,MGST2
O60869,Interaction,986,893,1879,TRUE,EDF1
Q8NFV4,Interaction,473,1557,2030,TRUE,ABHD11
Q12955,Interaction,368,1701,2069,TRUE,ANK3
P61769,Interaction,400,1695,2095,TRUE,B2M
P00492,Interaction,219,1664,1883,TRUE,HPRT1
P14324,Interaction,1200,724,1924,TRUE,FDPS
P55809,Interaction,390,1572,1962,TRUE,OXCT1
Q9Y383,Interaction,358,1660,2018,TRUE,LUC7L2
Q6GMV3,Interaction,1052,1047,2099,TRUE,PTRHD1
Q9Y224,Interaction,500,1593,2093,TRUE,RTRAF
Q9BV79,Interaction,1047,842,1889,TRUE,MECR
P12277,Interaction,758,1132,1890,TRUE,CKB
P26440,Interaction,935,1138,2073,TRUE,IVD
P43304,Interaction,837,1055,1892,TRUE,GPD2
Q5VU43,Interaction,560,1481,2041,TRUE,PDE4DIP
Q07866,Interaction,420,1691,2111,TRUE,KLC1
P61081,Interaction,1132,763,1895,TRUE,UBE2M
O43776,Interaction,1443,453,1896,TRUE,NARS1
Q9UDY4,Interaction,266,1676,1942,TRUE,DNAJB4
P69905,Interaction,767,1131,1898,TRUE,HBA1
Q9NR56,Interaction,1114,970,2084,TRUE,MBNL1
P40925,Interaction,1177,920,2097,TRUE,MDH1
O00748,Interaction,538,1371,1909,TRUE,CES2
Q02878,Interaction,734,1338,2072,TRUE,RPL6
Q9UBC2,Interaction,996,930,1926,TRUE,EPS15L1
P16298,Interaction,967,1020,1987,TRUE,PPP3CB
P33992,Interaction,395,1510,1905,TRUE,MCM5
Q9NZM1,Interaction,1079,827,1906,TRUE,MYOF
P62328,Interaction,707,1200,1907,TRUE,TMSB4X
P11182,Interaction,687,1221,1908,TRUE,DBT
O96011,Interaction,197,1905,2102,TRUE,PEX11B
Q7Z698,Interaction,181,1798,1979,TRUE,SPRED2
Q92667,Interaction,174,1911,2085,TRUE,AKAP1
O75534,Interaction,878,1034,1912,TRUE,CSDE1
P25686,Interaction,389,1555,1944,TRUE,DNAJB2
Q13347,Interaction,963,951,1914,TRUE,EIF3I
Q8N1G4,Interaction,1116,799,1915,TRUE,LRRC47
P49189,Interaction,898,1213,2111,TRUE,ALDH9A1
P05386,Interaction,801,1285,2086,TRUE,RPLP1
O95218,Interaction,203,1798,2001,TRUE,ZRANB2
P47914,Interaction,737,1182,1919,TRUE,RPL29
P28161,Interaction,750,1220,1970,TRUE,GSTM2
O94919,Interaction,1067,854,1921,TRUE,ENDOD1
Q9H1E3,Interaction,877,1075,1952,TRUE,NUCKS1
Q16586,Interaction,958,965,1923,TRUE,SGCA
P67775,Interaction,1075,981,2056,TRUE,PPP2CA
O94874,Interaction,537,1388,1925,TRUE,UFL1
Q6NVY1,Interaction,336,1638,1974,TRUE,HIBCH
Q13435,Interaction,941,990,1931,TRUE,SF3B2
P05109,Interaction,280,1793,2073,TRUE,S100A8
P63098,Interaction,1115,928,2043,TRUE,PPP3R1
P21695,Interaction,765,1196,1961,TRUE,GPD1
P30085,Interaction,725,1206,1931,TRUE,CMPK1
P13010,Interaction,1104,930,2034,TRUE,XRCC5
Q96H20,Interaction,886,1111,1997,TRUE,SNF8
Q9NWU1,Interaction,1573,513,2086,TRUE,OXSM
P62424,Interaction,676,1259,1935,TRUE,RPL7A
P06744,Interaction,1059,947,2006,TRUE,GPI
P22033,Interaction,631,1410,2041,TRUE,MMUT
P84077,Interaction,1411,590,2001,TRUE,ARF1
Q9Y3U8,Interaction,759,1244,2003,TRUE,RPL36
Q9Y2S6,Interaction,888,1219,2107,TRUE,TMA7
Q16698,Interaction,490,1490,1980,TRUE,DECR1
Q53GQ0,Interaction,1278,664,1942,TRUE,HSD17B12
P30043,Interaction,641,1302,1943,TRUE,BLVRB
Q9NZ45,Interaction,658,1286,1944,TRUE,CISD1
P04179,Interaction,753,1258,2011,TRUE,SOD2
P22061,Interaction,940,1062,2002,TRUE,PCMT1
Q13451,Interaction,939,1008,1947,TRUE,FKBP5
P14923,Interaction,151,1948,2099,TRUE,JUP
Q10567,Interaction,871,1087,1958,TRUE,AP1B1
P63027,Interaction,1418,650,2068,TRUE,VAMP2
P01834,Interaction,441,1661,2102,TRUE,IGKC
Q9Y2H6,Interaction,119,1833,1952,TRUE,FNDC3A
P62244,Interaction,929,1162,2091,TRUE,RPS15A
P62857,Interaction,774,1180,1954,TRUE,RPS28
P51553,Interaction,825,1130,1955,TRUE,IDH3G
P04406,Interaction,916,1161,2077,TRUE,GAPDH
P06748,Interaction,800,1252,2052,TRUE,NPM1
Q9P0P0,Interaction,953,1039,1992,TRUE,RNF181
Q9Y490,Interaction,1114,845,1959,TRUE,TLN1
P05090,Interaction,686,1274,1960,TRUE,APOD
P01619,Interaction,115,1940,2055,TRUE,IGKV3-20
Q9NWU5,Interaction,811,1234,2045,TRUE,MRPL22
O94812,Interaction,542,1508,2050,TRUE,BAIAP3
O14964,Interaction,776,1306,2082,TRUE,HGS
Q93034,Interaction,917,1077,1994,TRUE,CUL5
P04843,Interaction,1049,917,1966,TRUE,RPN1
Q96FQ6,Interaction,146,1953,2099,TRUE,S100A16
Q9BRX8,Interaction,817,1151,1968,TRUE,PRXL2A
P51149,Interaction,1141,887,2028,TRUE,RAB7A
O60313,Interaction,1032,938,1970,TRUE,OPA1
Q13418,Interaction,1216,755,1971,TRUE,ILK
P06576,Interaction,1128,923,2051,TRUE,ATP5F1B
Q9BW91,Interaction,601,1372,1973,TRUE,NUDT9
Q5TAQ9,Interaction,464,1510,1974,TRUE,DCAF8
Q07065,Interaction,377,1728,2105,TRUE,CKAP4
A0FGR8,Interaction,734,1242,1976,TRUE,ESYT2
P55822,Interaction,565,1412,1977,TRUE,SH3BGR
O14556,Interaction,463,1577,2040,TRUE,GAPDHS
P04040,Interaction,822,1157,1979,TRUE,CAT
P35221,Interaction,517,1463,1980,TRUE,CTNNA1
P22830,Interaction,936,1045,1981,TRUE,FECH
P13473,Interaction,754,1353,2107,TRUE,LAMP2
P18124,Interaction,594,1389,1983,TRUE,RPL7
P17980,Interaction,1061,923,1984,TRUE,PSMC3
P20810,Interaction,1037,948,1985,TRUE,CAST
Q9BZE9,Interaction,473,1513,1986,TRUE,ASPSCR1
P07108,Interaction,761,1238,1999,TRUE,DBI
Q9H1E5,Interaction,553,1475,2028,TRUE,TMX4
Q12849,Interaction,728,1384,2112,TRUE,GRSF1
Q9H8M1,Interaction,409,1687,2096,TRUE,COQ10B
Q7L1Q6,Interaction,727,1264,1991,TRUE,BZW1
Q9Y262,Interaction,899,1093,1992,TRUE,EIF3L
Q02338,Interaction,728,1311,2039,TRUE,BDH1
P62820,Interaction,871,1123,1994,TRUE,RAB1A
P02144,Interaction,1367,628,1995,TRUE,MB
P52895,Interaction,603,1393,1996,TRUE,AKR1C2
Q14247,Interaction,241,1869,2110,TRUE,CTTN
P23786,Interaction,1084,914,1998,TRUE,CPT2
P82663,Interaction,488,1546,2034,TRUE,MRPS25
P62879,Interaction,1018,982,2000,TRUE,GNB2
P55084,Interaction,997,1116,2113,TRUE,HADHB
Q9NUB1,Interaction,713,1289,2002,TRUE,ACSS1
Q14061,Interaction,966,1063,2029,TRUE,COX17
Q9UIJ7,Interaction,451,1609,2060,TRUE,AK3
O95671,Interaction,1907,114,2021,TRUE,ASMTL
Q99829,Interaction,1162,844,2006,TRUE,CPNE1
Q9UHG3,Interaction,723,1334,2057,TRUE,PCYOX1
Q96HE7,Interaction,870,1186,2056,TRUE,ERO1A
Q8IYS1,Interaction,75,1973,2048,TRUE,PM20D2
P19367,Interaction,855,1236,2091,TRUE,HK1
Q9Y3D6,Interaction,1153,860,2013,TRUE,FIS1
P48735,Interaction,918,1094,2012,TRUE,IDH2
O00423,Interaction,988,1025,2013,TRUE,EML1
Q9H2U2,Interaction,1116,898,2014,TRUE,PPA2
Q16595,Interaction,1262,753,2015,TRUE,FXN
Q9GZT9,Interaction,928,1088,2016,TRUE,EGLN1
P13535,Interaction,239,1845,2084,TRUE,MYH8
Q96HY6,Interaction,696,1322,2018,TRUE,DDRGK1
Q04323,Interaction,744,1275,2019,TRUE,UBXN1
Q9GZT3,Interaction,385,1676,2061,TRUE,SLIRP
Q92995,Interaction,828,1193,2021,TRUE,USP13
Q9NRN7,Interaction,949,1073,2022,TRUE,AASDHPPT
O15212,Interaction,1031,992,2023,TRUE,PFDN6
Q9UHP9,Interaction,621,1403,2024,TRUE,SMPX
P11310,Interaction,650,1394,2044,TRUE,ACADM
O75521,Interaction,681,1399,2080,TRUE,ECI2
P15880,Interaction,849,1178,2027,TRUE,RPS2
Q6UXV4,Interaction,922,1106,2028,TRUE,APOOL
Q9NYU2,Interaction,1634,433,2067,TRUE,UGGT1
Q9UHQ4,Interaction,892,1202,2094,TRUE,BCAP29
P50461,Interaction,527,1504,2031,TRUE,CSRP3
Q9UII2,Interaction,706,1326,2032,TRUE,ATP5IF1
O94979,Interaction,193,1888,2081,TRUE,SEC31A
P02511,Interaction,1007,1027,2034,TRUE,CRYAB
Q8WX93,Interaction,498,1580,2078,TRUE,PALLD
P35573,Interaction,827,1209,2036,TRUE,AGL
Q08752,Interaction,886,1218,2104,TRUE,PPID
Q9H9B4,Interaction,556,1482,2038,TRUE,SFXN1
O00483,Interaction,796,1287,2083,TRUE,NDUFA4
Q9BTE6,Interaction,685,1355,2040,TRUE,AARSD1
P23396,Interaction,712,1384,2096,TRUE,RPS3
Q15942,Interaction,1366,676,2042,TRUE,ZYX
O15382,Interaction,757,1286,2043,TRUE,BCAT2
P14209,Interaction,881,1193,2074,TRUE,CD99
P49419,Interaction,608,1458,2066,TRUE,ALDH7A1
P55042,Interaction,270,1831,2101,TRUE,RRAD
P29218,Interaction,1224,823,2047,TRUE,IMPA1
Q9NRG7,Interaction,700,1348,2048,TRUE,SDR39U1
Q13185,Interaction,928,1121,2049,TRUE,CBX3
Q99627,Interaction,548,1502,2050,TRUE,COPS8
Q0VAK6,Interaction,147,1938,2085,TRUE,LMOD3
O60749,Interaction,1175,877,2052,TRUE,SNX2
P02753,Interaction,386,1683,2069,TRUE,RBP4
P16671,Interaction,681,1422,2103,TRUE,CD36
O00151,Interaction,593,1495,2088,TRUE,PDLIM1
Q9BXK5,Interaction,1177,879,2056,TRUE,BCL2L13
P20929,Interaction,544,1513,2057,TRUE,NEB
Q9NX47,Interaction,237,1821,2058,TRUE,MARCHF5
P45877,Interaction,715,1391,2106,TRUE,PPIC
Q06730,Interaction,402,1710,2112,TRUE,ZNF33A
P62753,Interaction,916,1145,2061,TRUE,RPS6
O00571,Interaction,988,1074,2062,TRUE,DDX3X
P49748,Interaction,996,1102,2098,TRUE,ACADVL
P61916,Interaction,247,1863,2110,TRUE,NPC2
Q3LXA3,Interaction,288,1823,2111,TRUE,TKFC
Q15631,Interaction,882,1184,2066,TRUE,TSN
P40926,Interaction,1221,846,2067,TRUE,MDH2
P08559,Interaction,887,1181,2068,TRUE,PDHA1
Q9H8Y8,Interaction,795,1274,2069,TRUE,GORASP2
Q9NZB2,Interaction,782,1297,2079,TRUE,FAM120A
Q8NE71,Interaction,901,1207,2108,TRUE,ABCF1
Q8WUM0,Interaction,240,1863,2103,TRUE,NUP133
Q8N5M9,Interaction,341,1732,2073,TRUE,JAGN1
Q9Y3B7,Interaction,584,1490,2074,TRUE,MRPL11
Q9BRC7,Interaction,1352,723,2075,TRUE,PLCD4
Q9H2G2,Interaction,531,1545,2076,TRUE,SLK
Q9BY44,Interaction,170,1938,2108,TRUE,EIF2A
Q9UPY8,Interaction,565,1535,2100,TRUE,MAPRE3
Q8N5M1,Interaction,1552,527,2079,TRUE,ATPAF2
Q08257,Interaction,928,1152,2080,TRUE,CRYZ
Q9NNW7,Interaction,730,1351,2081,TRUE,TXNRD2
Q9H061,Interaction,1191,891,2082,TRUE,TMEM126A
P13667,Interaction,799,1293,2092,TRUE,PDIA4
O60936,Interaction,1179,905,2084,TRUE,NOL3
Q9Y276,Interaction,186,1899,2085,TRUE,BCS1L
P12694,Interaction,926,1160,2086,TRUE,BCKDHA
Q02641,Interaction,1052,1035,2087,TRUE,CACNB1
P48426,Interaction,316,1791,2107,TRUE,PIP4K2A
Q14118,Interaction,1075,1014,2089,TRUE,DAG1
Q13310,Interaction,1310,780,2090,TRUE,PABPC4
O43615,Interaction,1181,910,2091,TRUE,TIMM44
Q93084,Interaction,527,1565,2092,TRUE,ATP2A3
P00338,Interaction,569,1524,2093,TRUE,LDHA
Q5U5X0,Interaction,1334,760,2094,TRUE,LYRM7
Q8IWW8,Interaction,812,1283,2095,TRUE,ADHFE1
Q9Y696,Interaction,793,1303,2096,TRUE,CLIC4
P00558,Interaction,883,1214,2097,TRUE,PGK1
P35606,Interaction,730,1368,2098,TRUE,COPB2
Q96RQ3,Interaction,1468,631,2099,TRUE,MCCC1
O95202,Interaction,954,1146,2100,TRUE,LETM1
P06730,Interaction,1441,660,2101,TRUE,EIF4E
Q9H6F2,Interaction,717,1385,2102,TRUE,TMEM38A
Q99613,Interaction,1061,1042,2103,TRUE,EIF3C
Q9GZP4,Interaction,1234,870,2104,TRUE,PITHD1
Q15746,Interaction,734,1371,2105,TRUE,MYLK
P39656,Interaction,1349,757,2106,TRUE,DDOST
Q13685,Interaction,220,1887,2107,TRUE,AAMP
P58546,Interaction,1364,744,2108,TRUE,MTPN
Q86VF7,Interaction,654,1455,2109,TRUE,NRAP
P63010,Interaction,444,1666,2110,TRUE,AP2B1
Q9Y305,Interaction,989,1122,2111,TRUE,ACOT9
Q9NRP2,Interaction,501,1611,2112,TRUE,CMC2
P07602,Interaction,954,1159,2113,TRUE,PSAP
O15144,Interaction,0,2114,2114,FALSE,ARPC2
O15264,Interaction,0,2115,2115,FALSE,MAPK13
O94811,Interaction,0,2116,2116,FALSE,TPPP
P08621,Interaction,0,2117,2117,FALSE,SNRNP70
Q15847,Interaction,0,2118,2118,FALSE,ADIRF
Q7LG56,Interaction,0,2119,2119,FALSE,RRM2B
Q96Q83,Interaction,0,2120,2120,FALSE,ALKBH3
Q9BS40,Interaction,0,2121,2121,FALSE,LXN
Q9C0C9,Interaction,0,2122,2122,FALSE,UBE2O
Q9HA77,Interaction,0,2123,2123,FALSE,CARS2
Q9Y697,Interaction,0,2124,2124,FALSE,NFS1
