uniprot_id,gene,contrast,flag,classification
A0A0U1RRL7,MMP24OS,Training_Young,never_sig,NS
A0FGR8,ESYT2,Training_Young,never_sig,NS
A1L0T0,ILVBL,Training_Young,never_sig,NS
A1L4K1,FSD2,Training_Young,never_sig,NS
A2RTX5,TARS3,Training_Young,never_sig,NS
A3KMH1,VWA8,Training_Young,never_sig,NS
A5YM72,CARNS1,Training_Young,robust,Robust
A6NCE7,MAP1LC3B2,Training_Young,never_sig,NS
A6NDG6,PGP,Training_Young,never_sig,NS
A6NNS2,DHRS7C,Training_Young,never_sig,NS
A8MU46,SMTNL1,Training_Young,never_sig,NS
A8MXV4,NUDT19,Training_Young,never_sig,NS
E9PAV3,NACA,Training_Young,robust,Robust
L0R6Q1,SLC35A4,Training_Young,never_sig,NS
O00151,PDLIM1,Training_Young,never_sig,NS
O00159,MYO1C,Training_Young,never_sig,NS
O00168,FXYD1,Training_Young,never_sig,NS
O00186,STXBP3,Training_Young,never_sig,NS
O00217,NDUFS8,Training_Young,imputation_dependent,Conditional
O00231,PSMD11,Training_Young,robust,Robust
O00232,PSMD12,Training_Young,never_sig,NS
O00233,PSMD9,Training_Young,never_sig,NS
O00264,PGRMC1,Training_Young,never_sig,NS
O00299,CLIC1,Training_Young,never_sig,NS
O00303,EIF3F,Training_Young,never_sig,NS
O00330,PDHX,Training_Young,never_sig,NS
O00399,DCTN6,Training_Young,never_sig,NS
O00410,IPO5,Training_Young,never_sig,NS
O00418,EEF2K,Training_Young,never_sig,NS
O00423,EML1,Training_Young,never_sig,NS
O00429,DNM1L,Training_Young,never_sig,NS
O00442,RTCA,Training_Young,never_sig,NS
O00483,NDUFA4,Training_Young,never_sig,NS
O00487,PSMD14,Training_Young,never_sig,NS
O00499,BIN1,Training_Young,robust,Robust
O00505,KPNA3,Training_Young,never_sig,NS
O00571,DDX3X,Training_Young,never_sig,NS
O00629,KPNA4,Training_Young,never_sig,NS
O00748,CES2,Training_Young,never_sig,NS
O00757,FBP2,Training_Young,never_sig,NS
O00764,PDXK,Training_Young,never_sig,NS
O14521,SDHD,Training_Young,never_sig,NS
O14548,COX7A2L,Training_Young,never_sig,NS
O14556,GAPDHS,Training_Young,never_sig,NS
O14558,HSPB6,Training_Young,robust,Robust
O14561,NDUFAB1,Training_Young,imputation_dependent,Conditional
O14732,IMPA2,Training_Young,never_sig,NS
O14737,PDCD5,Training_Young,never_sig,NS
O14744,PRMT5,Training_Young,never_sig,NS
O14818,PSMA7,Training_Young,never_sig,NS
O14841,OPLAH,Training_Young,never_sig,NS
O14880,MGST3,Training_Young,robust,Robust
O14924,RGS12,Training_Young,never_sig,NS
O14929,HAT1,Training_Young,never_sig,NS
O14949,UQCRQ,Training_Young,never_sig,NS
O14950,MYL12B,Training_Young,never_sig,NS
O14957,UQCR11,Training_Young,never_sig,NS
O14958,CASQ2,Training_Young,never_sig,NS
O14964,HGS,Training_Young,never_sig,NS
O14979,HNRNPDL,Training_Young,never_sig,NS
O14980,XPO1,Training_Young,never_sig,NS
O14983,ATP2A1,Training_Young,never_sig,NS
O15056,SYNJ2,Training_Young,never_sig,NS
O15061,SYNM,Training_Young,never_sig,NS
O15143,ARPC1B,Training_Young,never_sig,NS
O15144,ARPC2,Training_Young,never_sig,NS
O15173,PGRMC2,Training_Young,never_sig,NS
O15212,PFDN6,Training_Young,never_sig,NS
O15239,NDUFA1,Training_Young,never_sig,NS
O15260,SURF4,Training_Young,never_sig,NS
O15264,MAPK13,Training_Young,never_sig,NS
O15273,TCAP,Training_Young,never_sig,NS
O15305,PMM2,Training_Young,never_sig,NS
O15371,EIF3D,Training_Young,never_sig,NS
O15372,EIF3H,Training_Young,never_sig,NS
O15382,BCAT2,Training_Young,never_sig,NS
O15400,STX7,Training_Young,never_sig,NS
O15427,SLC16A3,Training_Young,imputation_dependent,Conditional
O15498,YKT6,Training_Young,never_sig,NS
O15511,ARPC5,Training_Young,never_sig,NS
O15533,TAPBP,Training_Young,imputation_dependent,Conditional
O43143,DHX15,Training_Young,never_sig,NS
O43169,CYB5B,Training_Young,never_sig,NS
O43181,NDUFS4,Training_Young,never_sig,NS
O43237,DYNC1LI2,Training_Young,never_sig,NS
O43242,PSMD3,Training_Young,never_sig,NS
O43374,RASA4,Training_Young,never_sig,NS
O43390,HNRNPR,Training_Young,never_sig,NS
O43396,TXNL1,Training_Young,never_sig,NS
O43399,TPD52L2,Training_Young,never_sig,NS
O43414,ERI3,Training_Young,never_sig,NS
O43488,AKR7A2,Training_Young,never_sig,NS
O43561,LAT,Training_Young,never_sig,NS
O43583,DENR,Training_Young,never_sig,NS
O43598,DNPH1,Training_Young,never_sig,NS
O43615,TIMM44,Training_Young,never_sig,NS
O43617,TRAPPC3,Training_Young,never_sig,NS
O43633,CHMP2A,Training_Young,never_sig,NS
O43674,NDUFB5,Training_Young,robust,Robust
O43676,NDUFB3,Training_Young,imputation_dependent,Conditional
O43678,NDUFA2,Training_Young,never_sig,NS
O43684,BUB3,Training_Young,never_sig,NS
O43707,ACTN4,Training_Young,never_sig,NS
O43708,GSTZ1,Training_Young,never_sig,NS
O43741,PRKAB2,Training_Young,never_sig,NS
O43747,AP1G1,Training_Young,never_sig,NS
O43760,SYNGR2,Training_Young,never_sig,NS
O43765,SGTA,Training_Young,never_sig,NS
O43768,ENSA,Training_Young,never_sig,NS
O43772,SLC25A20,Training_Young,never_sig,NS
O43776,NARS1,Training_Young,never_sig,NS
O43813,LANCL1,Training_Young,never_sig,NS
O43826,SLC37A4,Training_Young,never_sig,NS
O43837,IDH3B,Training_Young,never_sig,NS
O43852,CALU,Training_Young,robust,Robust
O43865,AHCYL1,Training_Young,robust,Robust
O43920,NDUFS5,Training_Young,imputation_dependent,Conditional
O60220,TIMM8A,Training_Young,never_sig,NS
O60237,PPP1R12B,Training_Young,never_sig,NS
O60256,PRPSAP2,Training_Young,never_sig,NS
O60271,SPAG9,Training_Young,never_sig,NS
O60313,OPA1,Training_Young,never_sig,NS
O60343,TBC1D4,Training_Young,never_sig,NS
O60493,SNX3,Training_Young,never_sig,NS
O60506,SYNCRIP,Training_Young,never_sig,NS
O60613,SELENOF,Training_Young,never_sig,NS
O60662,KLHL41,Training_Young,never_sig,NS
O60664,PLIN3,Training_Young,robust,Robust
O60684,KPNA6,Training_Young,never_sig,NS
O60749,SNX2,Training_Young,never_sig,NS
O60763,USO1,Training_Young,never_sig,NS
O60784,TOM1,Training_Young,never_sig,NS
O60825,PFKFB2,Training_Young,never_sig,NS
O60869,EDF1,Training_Young,never_sig,NS
O60884,DNAJA2,Training_Young,robust,Robust
O60888,CUTA,Training_Young,never_sig,NS
O60925,PFDN1,Training_Young,never_sig,NS
O60936,NOL3,Training_Young,never_sig,NS
O75083,WDR1,Training_Young,never_sig,NS
O75112,LDB3,Training_Young,never_sig,NS
O75122,CLASP2,Training_Young,never_sig,NS
O75128,COBL,Training_Young,never_sig,NS
O75131,CPNE3,Training_Young,never_sig,NS
O75153,CLUH,Training_Young,never_sig,NS
O75155,CAND2,Training_Young,never_sig,NS
O75208,COQ9,Training_Young,never_sig,NS
O75223,GGCT,Training_Young,robust,Robust
O75251,NDUFS7,Training_Young,robust,Robust
O75298,RTN2,Training_Young,never_sig,NS
O75306,NDUFS2,Training_Young,imputation_dependent,Conditional
O75323,NIPSNAP2,Training_Young,never_sig,NS
O75339,CILP,Training_Young,never_sig,NS
O75347,TBCA,Training_Young,never_sig,NS
O75348,ATP6V1G1,Training_Young,never_sig,NS
O75351,VPS4B,Training_Young,never_sig,NS
O75368,SH3BGRL,Training_Young,never_sig,NS
O75369,FLNB,Training_Young,never_sig,NS
O75380,NDUFS6,Training_Young,robust,Robust
O75390,CS,Training_Young,never_sig,NS
O75396,SEC22B,Training_Young,never_sig,NS
O75431,MTX2,Training_Young,never_sig,NS
O75436,VPS26A,Training_Young,never_sig,NS
O75438,NDUFB1,Training_Young,imputation_dependent,Conditional
O75439,PMPCB,Training_Young,never_sig,NS
O75489,NDUFS3,Training_Young,robust,Robust
O75521,ECI2,Training_Young,never_sig,NS
O75531,BANF1,Training_Young,never_sig,NS
O75534,CSDE1,Training_Young,never_sig,NS
O75569,PRKRA,Training_Young,never_sig,NS
O75608,LYPLA1,Training_Young,never_sig,NS
O75663,TIPRL,Training_Young,never_sig,NS
O75688,PPM1B,Training_Young,never_sig,NS
O75746,SLC25A12,Training_Young,never_sig,NS
O75764,TCEA3,Training_Young,never_sig,NS
O75821,EIF3G,Training_Young,never_sig,NS
O75822,EIF3J,Training_Young,never_sig,NS
O75832,PSMD10,Training_Young,never_sig,NS
O75874,IDH1,Training_Young,never_sig,NS
O75880,SCO1,Training_Young,never_sig,NS
O75891,ALDH1L1,Training_Young,never_sig,NS
O75915,ARL6IP5,Training_Young,never_sig,NS
O75923,DYSF,Training_Young,robust,Robust
O75928,PIAS2,Training_Young,never_sig,NS
O75935,DCTN3,Training_Young,never_sig,NS
O75947,ATP5PD,Training_Young,never_sig,NS
O75955,FLOT1,Training_Young,never_sig,NS
O75964,ATP5MG,Training_Young,never_sig,NS
O76003,GLRX3,Training_Young,robust,Robust
O76070,SNCG,Training_Young,never_sig,NS
O94760,DDAH1,Training_Young,never_sig,NS
O94811,TPPP,Training_Young,imputation_dependent,Conditional
O94812,BAIAP3,Training_Young,never_sig,NS
O94826,TOMM70,Training_Young,robust,Robust
O94874,UFL1,Training_Young,never_sig,NS
O94886,TMEM63A,Training_Young,never_sig,NS
O94903,PLPBP,Training_Young,never_sig,NS
O94905,ERLIN2,Training_Young,never_sig,NS
O94919,ENDOD1,Training_Young,never_sig,NS
O94979,SEC31A,Training_Young,never_sig,NS
O95139,NDUFB6,Training_Young,robust,Robust
O95140,MFN2,Training_Young,never_sig,NS
O95167,NDUFA3,Training_Young,robust,Robust
O95168,NDUFB4,Training_Young,imputation_dependent,Conditional
O95169,NDUFB8,Training_Young,imputation_dependent,Conditional
O95182,NDUFA7,Training_Young,never_sig,NS
O95197,RTN3,Training_Young,never_sig,NS
O95202,LETM1,Training_Young,never_sig,NS
O95210,STBD1,Training_Young,never_sig,NS
O95218,ZRANB2,Training_Young,never_sig,NS
O95278,EPM2A,Training_Young,never_sig,NS
O95292,VAPB,Training_Young,never_sig,NS
O95298,NDUFC2,Training_Young,never_sig,NS
O95299,NDUFA10,Training_Young,never_sig,NS
O95336,PGLS,Training_Young,never_sig,NS
O95359,TACC2,Training_Young,never_sig,NS
O95372,LYPLA2,Training_Young,never_sig,NS
O95373,IPO7,Training_Young,never_sig,NS
O95376,ARIH2,Training_Young,never_sig,NS
O95394,PGM3,Training_Young,never_sig,NS
O95425,SVIL,Training_Young,never_sig,NS
O95433,AHSA1,Training_Young,never_sig,NS
O95479,H6PD,Training_Young,never_sig,NS
O95563,MPC2,Training_Young,never_sig,NS
O95571,ETHE1,Training_Young,never_sig,NS
O95573,ACSL3,Training_Young,never_sig,NS
O95671,ASMTL,Training_Young,never_sig,NS
O95674,CDS2,Training_Young,never_sig,NS
O95721,SNAP29,Training_Young,never_sig,NS
O95747,OXSR1,Training_Young,never_sig,NS
O95777,LSM8,Training_Young,imputation_dependent,Conditional
O95782,AP2A1,Training_Young,imputation_dependent,Conditional
O95810,CAVIN2,Training_Young,never_sig,NS
O95816,BAG2,Training_Young,never_sig,NS
O95817,BAG3,Training_Young,never_sig,NS
O95822,MLYCD,Training_Young,never_sig,NS
O95831,AIFM1,Training_Young,never_sig,NS
O95834,EML2,Training_Young,never_sig,NS
O95861,BPNT1,Training_Young,never_sig,NS
O95865,DDAH2,Training_Young,imputation_masked,Conditional
O95870,ABHD16A,Training_Young,never_sig,NS
O95881,TXNDC12,Training_Young,never_sig,NS
O95989,NUDT3,Training_Young,never_sig,NS
O96000,NDUFB10,Training_Young,robust,Robust
O96005,CLPTM1,Training_Young,never_sig,NS
O96007,MOCS2,Training_Young,never_sig,NS
O96008,TOMM40,Training_Young,imputation_dependent,Conditional
O96011,PEX11B,Training_Young,never_sig,NS
P00167,CYB5A,Training_Young,never_sig,NS
P00325,ADH1B,Training_Young,robust,Robust
P00338,LDHA,Training_Young,never_sig,NS
P00352,ALDH1A1,Training_Young,never_sig,NS
P00367,GLUD1,Training_Young,robust,Robust
P00387,CYB5R3,Training_Young,never_sig,NS
P00390,GSR,Training_Young,never_sig,NS
P00395,MT-CO1,Training_Young,never_sig,NS
P00403,MT-CO2,Training_Young,imputation_dependent,Conditional
P00414,MT-CO3,Training_Young,robust,Robust
P00441,SOD1,Training_Young,never_sig,NS
P00450,CP,Training_Young,never_sig,NS
P00488,F13A1,Training_Young,never_sig,NS
P00492,HPRT1,Training_Young,robust,Robust
P00505,GOT2,Training_Young,never_sig,NS
P00558,PGK1,Training_Young,never_sig,NS
P00568,AK1,Training_Young,never_sig,NS
P00738,HP,Training_Young,never_sig,NS
P00751,CFB,Training_Young,never_sig,NS
P00846,MT-ATP6,Training_Young,never_sig,NS
P00918,CA2,Training_Young,never_sig,NS
P00966,ASS1,Training_Young,never_sig,NS
P01009,SERPINA1,Training_Young,never_sig,NS
P01011,SERPINA3,Training_Young,never_sig,NS
P01019,AGT,Training_Young,never_sig,NS
P01023,A2M,Training_Young,never_sig,NS
P01024,C3,Training_Young,never_sig,NS
P01034,CST3,Training_Young,never_sig,NS
P01040,CSTA,Training_Young,never_sig,NS
P01591,JCHAIN,Training_Young,never_sig,NS
P01619,IGKV3-20,Training_Young,never_sig,NS
P01780,IGHV3-7,Training_Young,never_sig,NS
P01834,IGKC,Training_Young,never_sig,NS
P01857,IGHG1,Training_Young,never_sig,NS
P01859,IGHG2,Training_Young,never_sig,NS
P01860,IGHG3,Training_Young,never_sig,NS
P01871,IGHM,Training_Young,never_sig,NS
P01876,IGHA1,Training_Young,never_sig,NS
P01889,HLA-B,Training_Young,never_sig,NS
P01911,HLA-DRB1,Training_Young,never_sig,NS
P02144,MB,Training_Young,never_sig,NS
P02452,COL1A1,Training_Young,robust,Robust
P02461,COL3A1,Training_Young,robust,Robust
P02462,COL4A1,Training_Young,robust,Robust
P02511,CRYAB,Training_Young,never_sig,NS
P02533,KRT14,Training_Young,never_sig,NS
P02545,LMNA,Training_Young,imputation_dependent,Conditional
P02585,TNNC2,Training_Young,never_sig,NS
P02649,APOE,Training_Young,never_sig,NS
P02655,APOC2,Training_Young,never_sig,NS
P02750,LRG1,Training_Young,never_sig,NS
P02751,FN1,Training_Young,never_sig,NS
P02753,RBP4,Training_Young,never_sig,NS
P02763,ORM1,Training_Young,never_sig,NS
P02766,TTR,Training_Young,never_sig,NS
P02768,ALB,Training_Young,never_sig,NS
P02786,TFRC,Training_Young,never_sig,NS
P02787,TF,Training_Young,never_sig,NS
P02792,FTL,Training_Young,never_sig,NS
P02794,FTH1,Training_Young,never_sig,NS
P02795,MT2A,Training_Young,never_sig,NS
P03886,MT-ND1,Training_Young,robust,Robust
P03891,MT-ND2,Training_Young,imputation_dependent,Conditional
P03897,MT-ND3,Training_Young,imputation_dependent,Conditional
P03905,MT-ND4,Training_Young,robust,Robust
P03915,MT-ND5,Training_Young,never_sig,NS
P03928,MT-ATP8,Training_Young,never_sig,NS
P04040,CAT,Training_Young,never_sig,NS
P04075,ALDOA,Training_Young,never_sig,NS
P04080,CSTB,Training_Young,never_sig,NS
P04083,ANXA1,Training_Young,robust,Robust
P04179,SOD2,Training_Young,never_sig,NS
P04264,KRT1,Training_Young,never_sig,NS
P04275,VWF,Training_Young,never_sig,NS
P04406,GAPDH,Training_Young,never_sig,NS
P04439,HLA-A,Training_Young,never_sig,NS
P04632,CAPNS1,Training_Young,never_sig,NS
P04792,HSPB1,Training_Young,robust,Robust
P04843,RPN1,Training_Young,never_sig,NS
P04844,RPN2,Training_Young,never_sig,NS
P04899,GNAI2,Training_Young,never_sig,NS
P05023,ATP1A1,Training_Young,imputation_dependent,Conditional
P05026,ATP1B1,Training_Young,never_sig,NS
P05090,APOD,Training_Young,never_sig,NS
P05091,ALDH2,Training_Young,never_sig,NS
P05109,S100A8,Training_Young,never_sig,NS
P05141,SLC25A5,Training_Young,never_sig,NS
P05155,SERPING1,Training_Young,never_sig,NS
P05165,PCCA,Training_Young,never_sig,NS
P05166,PCCB,Training_Young,never_sig,NS
P05198,EIF2S1,Training_Young,never_sig,NS
P05386,RPLP1,Training_Young,never_sig,NS
P05387,RPLP2,Training_Young,never_sig,NS
P05388,RPLP0,Training_Young,never_sig,NS
P05413,FABP3,Training_Young,never_sig,NS
P05452,CLEC3B,Training_Young,never_sig,NS
P05455,SSB,Training_Young,never_sig,NS
P05556,ITGB1,Training_Young,never_sig,NS
P05783,KRT18,Training_Young,never_sig,NS
P05787,KRT8,Training_Young,never_sig,NS
P05976,MYL1,Training_Young,never_sig,NS
P06396,GSN,Training_Young,robust,Robust
P06454,PTMA,Training_Young,never_sig,NS
P06576,ATP5F1B,Training_Young,never_sig,NS
P06702,S100A9,Training_Young,never_sig,NS
P06703,S100A6,Training_Young,robust,Robust
P06730,EIF4E,Training_Young,never_sig,NS
P06732,CKM,Training_Young,never_sig,NS
P06733,ENO1,Training_Young,never_sig,NS
P06737,PYGL,Training_Young,never_sig,NS
P06744,GPI,Training_Young,never_sig,NS
P06748,NPM1,Training_Young,never_sig,NS
P06753,TPM3,Training_Young,never_sig,NS
P07099,EPHX1,Training_Young,never_sig,NS
P07108,DBI,Training_Young,never_sig,NS
P07195,LDHB,Training_Young,never_sig,NS
P07203,GPX1,Training_Young,imputation_dependent,Conditional
P07237,P4HB,Training_Young,never_sig,NS
P07305,H1-0,Training_Young,robust,Robust
P07339,CTSD,Training_Young,never_sig,NS
P07355,ANXA2,Training_Young,never_sig,NS
P07384,CAPN1,Training_Young,never_sig,NS
P07437,TUBB,Training_Young,robust,Robust
P07451,CA3,Training_Young,never_sig,NS
P07585,DCN,Training_Young,never_sig,NS
P07602,PSAP,Training_Young,never_sig,NS
P07737,PFN1,Training_Young,never_sig,NS
P07738,BPGM,Training_Young,never_sig,NS
P07741,APRT,Training_Young,never_sig,NS
P07814,EPRS1,Training_Young,robust,Robust
P07858,CTSB,Training_Young,never_sig,NS
P07900,HSP90AA1,Training_Young,never_sig,NS
P07919,UQCRH,Training_Young,never_sig,NS
P07951,TPM2,Training_Young,never_sig,NS
P07954,FH,Training_Young,never_sig,NS
P08123,COL1A2,Training_Young,robust,Robust
P08133,ANXA6,Training_Young,never_sig,NS
P08237,PFKM,Training_Young,never_sig,NS
P08238,HSP90AB1,Training_Young,never_sig,NS
P08294,SOD3,Training_Young,imputation_dependent,Conditional
P08311,CTSG,Training_Young,imputation_dependent,Conditional
P08559,PDHA1,Training_Young,never_sig,NS
P08572,COL4A2,Training_Young,robust,Robust
P08574,CYC1,Training_Young,never_sig,NS
P08590,MYL3,Training_Young,robust,Robust
P08603,CFH,Training_Young,never_sig,NS
P08621,SNRNP70,Training_Young,never_sig,NS
P08651,NFIC,Training_Young,robust,Robust
P08670,VIM,Training_Young,never_sig,NS
P08697,SERPINF2,Training_Young,never_sig,NS
P08708,RPS17,Training_Young,never_sig,NS
P08727,KRT19,Training_Young,never_sig,NS
P08758,ANXA5,Training_Young,never_sig,NS
P08865,RPSA,Training_Young,never_sig,NS
P09012,SNRPA,Training_Young,never_sig,NS
P09104,ENO2,Training_Young,never_sig,NS
P09110,ACAA1,Training_Young,never_sig,NS
P09211,GSTP1,Training_Young,never_sig,NS
P09382,LGALS1,Training_Young,never_sig,NS
P09417,QDPR,Training_Young,never_sig,NS
P09429,HMGB1,Training_Young,robust,Robust
P09467,FBP1,Training_Young,never_sig,NS
P09488,GSTM1,Training_Young,never_sig,NS
P09493,TPM1,Training_Young,never_sig,NS
P09497,CLTB,Training_Young,robust,Robust
P09525,ANXA4,Training_Young,never_sig,NS
P09601,HMOX1,Training_Young,imputation_dependent,Conditional
P09622,DLD,Training_Young,never_sig,NS
P09651,HNRNPA1,Training_Young,never_sig,NS
P09669,COX6C,Training_Young,imputation_dependent,Conditional
P09874,PARP1,Training_Young,never_sig,NS
P09913,IFIT2,Training_Young,never_sig,NS
P09936,UCHL1,Training_Young,robust,Robust
P09960,LTA4H,Training_Young,never_sig,NS
P09972,ALDOC,Training_Young,never_sig,NS
P0CW19,LIMS3,Training_Young,never_sig,NS
P0DMV8,HSPA1A,Training_Young,never_sig,NS
P0DOY2,IGLC2,Training_Young,never_sig,NS
P0DOY3,IGLC3,Training_Young,never_sig,NS
P0DP23,CALM1,Training_Young,never_sig,NS
P10109,FDX1,Training_Young,never_sig,NS
P10176,COX8A,Training_Young,never_sig,NS
P10253,GAA,Training_Young,never_sig,NS
P10301,RRAS,Training_Young,never_sig,NS
P10398,ARAF,Training_Young,never_sig,NS
P10515,DLAT,Training_Young,never_sig,NS
P10599,TXN,Training_Young,never_sig,NS
P10606,COX5B,Training_Young,never_sig,NS
P10636,MAPT,Training_Young,robust,Robust
P10644,PRKAR1A,Training_Young,never_sig,NS
P10768,ESD,Training_Young,never_sig,NS
P10809,HSPD1,Training_Young,never_sig,NS
P10828,THRB,Training_Young,never_sig,NS
P10909,CLU,Training_Young,never_sig,NS
P10916,MYL2,Training_Young,robust,Robust
P11021,HSPA5,Training_Young,never_sig,NS
P11047,LAMC1,Training_Young,robust,Robust
P11055,MYH3,Training_Young,never_sig,NS
P11142,HSPA8,Training_Young,never_sig,NS
P11171,EPB41,Training_Young,never_sig,NS
P11177,PDHB,Training_Young,never_sig,NS
P11182,DBT,Training_Young,never_sig,NS
P11216,PYGB,Training_Young,never_sig,NS
P11217,PYGM,Training_Young,never_sig,NS
P11233,RALA,Training_Young,never_sig,NS
P11277,SPTB,Training_Young,never_sig,NS
P11279,LAMP1,Training_Young,never_sig,NS
P11310,ACADM,Training_Young,never_sig,NS
P11441,UBL4A,Training_Young,never_sig,NS
P11532,DMD,Training_Young,never_sig,NS
P11586,MTHFD1,Training_Young,never_sig,NS
P11766,ADH5,Training_Young,never_sig,NS
P11940,PABPC1,Training_Young,never_sig,NS
P12081,HARS1,Training_Young,never_sig,NS
P12109,COL6A1,Training_Young,imputation_dependent,Conditional
P12110,COL6A2,Training_Young,never_sig,NS
P12111,COL6A3,Training_Young,never_sig,NS
P12235,SLC25A4,Training_Young,never_sig,NS
P12236,SLC25A6,Training_Young,never_sig,NS
P12268,IMPDH2,Training_Young,never_sig,NS
P12277,CKB,Training_Young,never_sig,NS
P12429,ANXA3,Training_Young,imputation_dependent,Conditional
P12694,BCKDHA,Training_Young,never_sig,NS
P12814,ACTN1,Training_Young,never_sig,NS
P12882,MYH1,Training_Young,never_sig,NS
P12883,MYH7,Training_Young,never_sig,NS
P12955,PEPD,Training_Young,never_sig,NS
P12956,XRCC6,Training_Young,never_sig,NS
P13010,XRCC5,Training_Young,never_sig,NS
P13073,COX4I1,Training_Young,never_sig,NS
P13164,IFITM1,Training_Young,never_sig,NS
P13473,LAMP2,Training_Young,never_sig,NS
P13489,RNH1,Training_Young,never_sig,NS
P13535,MYH8,Training_Young,never_sig,NS
P13611,VCAN,Training_Young,never_sig,NS
P13639,EEF2,Training_Young,never_sig,NS
P13645,KRT10,Training_Young,never_sig,NS
P13647,KRT5,Training_Young,never_sig,NS
P13667,PDIA4,Training_Young,never_sig,NS
P13693,TPT1,Training_Young,never_sig,NS
P13716,ALAD,Training_Young,never_sig,NS
P13796,LCP1,Training_Young,never_sig,NS
P13797,PLS3,Training_Young,never_sig,NS
P13798,APEH,Training_Young,never_sig,NS
P13804,ETFA,Training_Young,never_sig,NS
P13805,TNNT1,Training_Young,never_sig,NS
P13807,GYS1,Training_Young,never_sig,NS
P13861,PRKAR2A,Training_Young,never_sig,NS
P13929,ENO3,Training_Young,never_sig,NS
P13987,CD59,Training_Young,never_sig,NS
P14174,MIF,Training_Young,never_sig,NS
P14209,CD99,Training_Young,never_sig,NS
P14314,PRKCSH,Training_Young,never_sig,NS
P14324,FDPS,Training_Young,never_sig,NS
P14406,COX7A2,Training_Young,never_sig,NS
P14543,NID1,Training_Young,imputation_dependent,Conditional
P14550,AKR1A1,Training_Young,never_sig,NS
P14618,PKM,Training_Young,never_sig,NS
P14621,ACYP2,Training_Young,never_sig,NS
P14625,HSP90B1,Training_Young,imputation_dependent,Conditional
P14649,MYL6B,Training_Young,never_sig,NS
P14672,SLC2A4,Training_Young,never_sig,NS
P14735,IDE,Training_Young,never_sig,NS
P14854,COX6B1,Training_Young,imputation_dependent,Conditional
P14866,HNRNPL,Training_Young,never_sig,NS
P14868,DARS1,Training_Young,robust,Robust
P14923,JUP,Training_Young,never_sig,NS
P14927,UQCRB,Training_Young,never_sig,NS
P15088,CPA3,Training_Young,imputation_dependent,Conditional
P15090,FABP4,Training_Young,never_sig,NS
P15104,GLUL,Training_Young,never_sig,NS
P15121,AKR1B1,Training_Young,never_sig,NS
P15170,GSPT1,Training_Young,never_sig,NS
P15259,PGAM2,Training_Young,never_sig,NS
P15311,EZR,Training_Young,robust,Robust
P15374,UCHL3,Training_Young,never_sig,NS
P15531,NME1,Training_Young,never_sig,NS
P15880,RPS2,Training_Young,never_sig,NS
P15927,RPA2,Training_Young,robust,Robust
P15954,COX7C,Training_Young,never_sig,NS
P16083,NQO2,Training_Young,never_sig,NS
P16118,PFKFB1,Training_Young,never_sig,NS
P16152,CBR1,Training_Young,robust,Robust
P16157,ANK1,Training_Young,never_sig,NS
P16219,ACADS,Training_Young,never_sig,NS
P16298,PPP3CB,Training_Young,never_sig,NS
P16615,ATP2A2,Training_Young,never_sig,NS
P16671,CD36,Training_Young,never_sig,NS
P16930,FAH,Training_Young,never_sig,NS
P16989,YBX3,Training_Young,never_sig,NS
P17152,TMEM11,Training_Young,robust,Robust
P17174,GOT1,Training_Young,never_sig,NS
P17540,CKMT2,Training_Young,never_sig,NS
P17568,NDUFB7,Training_Young,robust,Robust
P17612,PRKACA,Training_Young,never_sig,NS
P17655,CAPN2,Training_Young,robust,Robust
P17661,DES,Training_Young,never_sig,NS
P17858,PFKL,Training_Young,never_sig,NS
P17931,LGALS3,Training_Young,robust,Robust
P17948,FLT1,Training_Young,robust,Robust
P17980,PSMC3,Training_Young,never_sig,NS
P17987,TCP1,Training_Young,robust,Robust
P18077,RPL35A,Training_Young,never_sig,NS
P18085,ARF4,Training_Young,never_sig,NS
P18124,RPL7,Training_Young,never_sig,NS
P18206,VCL,Training_Young,never_sig,NS
P18621,RPL17,Training_Young,never_sig,NS
P18669,PGAM1,Training_Young,never_sig,NS
P18859,ATP5PF,Training_Young,never_sig,NS
P19075,TSPAN8,Training_Young,never_sig,NS
P19237,TNNI1,Training_Young,never_sig,NS
P19338,NCL,Training_Young,never_sig,NS
P19367,HK1,Training_Young,never_sig,NS
P19404,NDUFV2,Training_Young,robust,Robust
P19623,SRM,Training_Young,never_sig,NS
P19971,TYMP,Training_Young,never_sig,NS
P20020,ATP2B1,Training_Young,never_sig,NS
P20042,EIF2S2,Training_Young,never_sig,NS
P20073,ANXA7,Training_Young,never_sig,NS
P20231,TPSB2,Training_Young,never_sig,NS
P20290,BTF3,Training_Young,never_sig,NS
P20340,RAB6A,Training_Young,robust,Robust
P20472,PVALB,Training_Young,never_sig,NS
P20618,PSMB1,Training_Young,never_sig,NS
P20674,COX5A,Training_Young,imputation_dependent,Conditional
P20807,CAPN3,Training_Young,never_sig,NS
P20810,CAST,Training_Young,never_sig,NS
P20929,NEB,Training_Young,never_sig,NS
P20962,PTMS,Training_Young,never_sig,NS
P21266,GSTM3,Training_Young,never_sig,NS
P21281,ATP6V1B2,Training_Young,never_sig,NS
P21291,CSRP1,Training_Young,never_sig,NS
P21333,FLNA,Training_Young,robust,Robust
P21397,MAOA,Training_Young,robust,Robust
P21399,ACO1,Training_Young,never_sig,NS
P21695,GPD1,Training_Young,never_sig,NS
P21796,VDAC1,Training_Young,robust,Robust
P21810,BGN,Training_Young,never_sig,NS
P21817,RYR1,Training_Young,never_sig,NS
P21912,SDHB,Training_Young,never_sig,NS
P21964,COMT,Training_Young,never_sig,NS
P21980,TGM2,Training_Young,never_sig,NS
P22033,MMUT,Training_Young,never_sig,NS
P22059,OSBP,Training_Young,never_sig,NS
P22061,PCMT1,Training_Young,never_sig,NS
P22102,GART,Training_Young,robust,Robust
P22234,PAICS,Training_Young,never_sig,NS
P22307,SCP2,Training_Young,never_sig,NS
P22314,UBA1,Training_Young,never_sig,NS
P22352,GPX3,Training_Young,never_sig,NS
P22392,NME2,Training_Young,robust,Robust
P22570,FDXR,Training_Young,imputation_dependent,Conditional
P22626,HNRNPA2B1,Training_Young,never_sig,NS
P22695,UQCRC2,Training_Young,never_sig,NS
P22830,FECH,Training_Young,never_sig,NS
P23109,AMPD1,Training_Young,never_sig,NS
P23142,FBLN1,Training_Young,never_sig,NS
P23246,SFPQ,Training_Young,never_sig,NS
P23284,PPIB,Training_Young,never_sig,NS
P23297,S100A1,Training_Young,never_sig,NS
P23327,HRC,Training_Young,robust,Robust
P23368,ME2,Training_Young,robust,Robust
P23381,WARS1,Training_Young,never_sig,NS
P23396,RPS3,Training_Young,never_sig,NS
P23434,GCSH,Training_Young,never_sig,NS
P23526,AHCY,Training_Young,never_sig,NS
P23528,CFL1,Training_Young,never_sig,NS
P23588,EIF4B,Training_Young,never_sig,NS
P23634,ATP2B4,Training_Young,never_sig,NS
P23786,CPT2,Training_Young,never_sig,NS
P24043,LAMA2,Training_Young,never_sig,NS
P24298,GPT,Training_Young,never_sig,NS
P24310,COX7A1,Training_Young,never_sig,NS
P24311,COX7B,Training_Young,robust,Robust
P24534,EEF1B2,Training_Young,never_sig,NS
P24539,ATP5PB,Training_Young,never_sig,NS
P24666,ACP1,Training_Young,robust,Robust
P24752,ACAT1,Training_Young,never_sig,NS
P24844,MYL9,Training_Young,never_sig,NS
P25311,AZGP1,Training_Young,never_sig,NS
P25325,MPST,Training_Young,never_sig,NS
P25398,RPS12,Training_Young,never_sig,NS
P25686,DNAJB2,Training_Young,never_sig,NS
P25705,ATP5F1A,Training_Young,never_sig,NS
P25786,PSMA1,Training_Young,never_sig,NS
P25787,PSMA2,Training_Young,never_sig,NS
P25788,PSMA3,Training_Young,never_sig,NS
P25789,PSMA4,Training_Young,never_sig,NS
P26038,MSN,Training_Young,robust,Robust
P26196,DDX6,Training_Young,never_sig,NS
P26368,U2AF2,Training_Young,never_sig,NS
P26373,RPL13,Training_Young,never_sig,NS
P26440,IVD,Training_Young,never_sig,NS
P26447,S100A4,Training_Young,robust,Robust
P26583,HMGB2,Training_Young,never_sig,NS
P26639,TARS1,Training_Young,robust,Robust
P26640,VARS1,Training_Young,robust,Robust
P26641,EEF1G,Training_Young,robust,Robust
P26678,PLN,Training_Young,never_sig,NS
P26885,FKBP2,Training_Young,never_sig,NS
P27105,STOM,Training_Young,never_sig,NS
P27338,MAOB,Training_Young,robust,Robust
P27348,YWHAQ,Training_Young,never_sig,NS
P27361,MAPK3,Training_Young,never_sig,NS
P27635,RPL10,Training_Young,never_sig,NS
P27694,RPA1,Training_Young,never_sig,NS
P27695,APEX1,Training_Young,never_sig,NS
P27797,CALR,Training_Young,never_sig,NS
P27816,MAP4,Training_Young,never_sig,NS
P27824,CANX,Training_Young,never_sig,NS
P28066,PSMA5,Training_Young,never_sig,NS
P28070,PSMB4,Training_Young,never_sig,NS
P28072,PSMB6,Training_Young,never_sig,NS
P28074,PSMB5,Training_Young,never_sig,NS
P28161,GSTM2,Training_Young,never_sig,NS
P28289,TMOD1,Training_Young,never_sig,NS
P28331,NDUFS1,Training_Young,robust,Robust
P28482,MAPK1,Training_Young,never_sig,NS
P28749,RBL1,Training_Young,never_sig,NS
P28838,LAP3,Training_Young,imputation_dependent,Conditional
P28907,CD38,Training_Young,never_sig,NS
P29144,TPP2,Training_Young,never_sig,NS
P29218,IMPA1,Training_Young,never_sig,NS
P29317,EPHA2,Training_Young,never_sig,NS
P29401,TKT,Training_Young,never_sig,NS
P29692,EEF1D,Training_Young,robust,Robust
P29966,MARCKS,Training_Young,robust,Robust
P29992,GNA11,Training_Young,never_sig,NS
P30038,ALDH4A1,Training_Young,never_sig,NS
P30040,ERP29,Training_Young,never_sig,NS
P30041,PRDX6,Training_Young,never_sig,NS
P30043,BLVRB,Training_Young,never_sig,NS
P30044,PRDX5,Training_Young,never_sig,NS
P30046,DDT,Training_Young,never_sig,NS
P30048,PRDX3,Training_Young,never_sig,NS
P30049,ATP5F1D,Training_Young,never_sig,NS
P30050,RPL12,Training_Young,never_sig,NS
P30084,ECHS1,Training_Young,never_sig,NS
P30085,CMPK1,Training_Young,never_sig,NS
P30086,PEBP1,Training_Young,never_sig,NS
P30101,PDIA3,Training_Young,robust,Robust
P30153,PPP2R1A,Training_Young,imputation_dependent,Conditional
P30405,PPIF,Training_Young,never_sig,NS
P30419,NMT1,Training_Young,never_sig,NS
P30520,ADSS2,Training_Young,never_sig,NS
P30533,LRPAP1,Training_Young,never_sig,NS
P30536,TSPO,Training_Young,never_sig,NS
P30566,ADSL,Training_Young,never_sig,NS
P30622,CLIP1,Training_Young,never_sig,NS
P30626,SRI,Training_Young,never_sig,NS
P30740,SERPINB1,Training_Young,never_sig,NS
P30837,ALDH1B1,Training_Young,robust,Robust
P31040,SDHA,Training_Young,never_sig,NS
P31150,GDI1,Training_Young,never_sig,NS
P31153,MAT2A,Training_Young,never_sig,NS
P31415,CASQ1,Training_Young,never_sig,NS
P31689,DNAJA1,Training_Young,never_sig,NS
P31751,AKT2,Training_Young,never_sig,NS
P31930,UQCRC1,Training_Young,never_sig,NS
P31937,HIBADH,Training_Young,never_sig,NS
P31939,ATIC,Training_Young,imputation_dependent,Conditional
P31942,HNRNPH3,Training_Young,never_sig,NS
P31943,HNRNPH1,Training_Young,never_sig,NS
P31946,YWHAB,Training_Young,never_sig,NS
P31948,STIP1,Training_Young,never_sig,NS
P31949,S100A11,Training_Young,robust,Robust
P32119,PRDX2,Training_Young,never_sig,NS
P32456,GBP2,Training_Young,never_sig,NS
P33121,ACSL1,Training_Young,never_sig,NS
P33176,KIF5B,Training_Young,never_sig,NS
P33992,MCM5,Training_Young,never_sig,NS
P34896,SHMT1,Training_Young,never_sig,NS
P34897,SHMT2,Training_Young,never_sig,NS
P34932,HSPA4,Training_Young,robust,Robust
P34949,MPI,Training_Young,never_sig,NS
P35052,GPC1,Training_Young,never_sig,NS
P35080,PFN2,Training_Young,never_sig,NS
P35221,CTNNA1,Training_Young,never_sig,NS
P35237,SERPINB6,Training_Young,never_sig,NS
P35241,RDX,Training_Young,never_sig,NS
P35244,RPA3,Training_Young,never_sig,NS
P35268,RPL22,Training_Young,never_sig,NS
P35270,SPR,Training_Young,never_sig,NS
P35443,THBS4,Training_Young,never_sig,NS
P35555,FBN1,Training_Young,robust,Robust
P35573,AGL,Training_Young,never_sig,NS
P35579,MYH9,Training_Young,never_sig,NS
P35606,COPB2,Training_Young,never_sig,NS
P35609,ACTN2,Training_Young,never_sig,NS
P35611,ADD1,Training_Young,never_sig,NS
P35613,BSG,Training_Young,never_sig,NS
P35637,FUS,Training_Young,never_sig,NS
P35659,DEK,Training_Young,never_sig,NS
P35749,MYH11,Training_Young,never_sig,NS
P35754,GLRX,Training_Young,never_sig,NS
P35813,PPM1A,Training_Young,never_sig,NS
P35908,KRT2,Training_Young,never_sig,NS
P35914,HMGCL,Training_Young,never_sig,NS
P35998,PSMC2,Training_Young,never_sig,NS
P36405,ARL3,Training_Young,never_sig,NS
P36507,MAP2K2,Training_Young,never_sig,NS
P36542,ATP5F1C,Training_Young,never_sig,NS
P36543,ATP6V1E1,Training_Young,never_sig,NS
P36578,RPL4,Training_Young,never_sig,NS
P36776,LONP1,Training_Young,never_sig,NS
P36871,PGM1,Training_Young,never_sig,NS
P36873,PPP1CC,Training_Young,never_sig,NS
P36955,SERPINF1,Training_Young,never_sig,NS
P36957,DLST,Training_Young,never_sig,NS
P36959,GMPR,Training_Young,never_sig,NS
P36969,GPX4,Training_Young,never_sig,NS
P37108,SRP14,Training_Young,never_sig,NS
P37802,TAGLN2,Training_Young,never_sig,NS
P37837,TALDO1,Training_Young,never_sig,NS
P37840,SNCA,Training_Young,never_sig,NS
P38117,ETFB,Training_Young,never_sig,NS
P38606,ATP6V1A,Training_Young,never_sig,NS
P38646,HSPA9,Training_Young,never_sig,NS
P39019,RPS19,Training_Young,never_sig,NS
P39023,RPL3,Training_Young,never_sig,NS
P39059,COL15A1,Training_Young,never_sig,NS
P39060,COL18A1,Training_Young,never_sig,NS
P39656,DDOST,Training_Young,never_sig,NS
P39687,ANP32A,Training_Young,never_sig,NS
P40121,CAPG,Training_Young,never_sig,NS
P40123,CAP2,Training_Young,robust,Robust
P40227,CCT6A,Training_Young,robust,Robust
P40429,RPL13A,Training_Young,never_sig,NS
P40763,STAT3,Training_Young,never_sig,NS
P40925,MDH1,Training_Young,never_sig,NS
P40926,MDH2,Training_Young,never_sig,NS
P40939,HADHA,Training_Young,never_sig,NS
P41091,EIF2S3,Training_Young,never_sig,NS
P41227,NAA10,Training_Young,never_sig,NS
P41236,PPP1R2,Training_Young,never_sig,NS
P41250,GARS1,Training_Young,never_sig,NS
P41252,IARS1,Training_Young,never_sig,NS
P41567,EIF1,Training_Young,never_sig,NS
P42126,ECI1,Training_Young,robust,Robust
P42167,TMPO,Training_Young,imputation_dependent,Conditional
P42330,AKR1C3,Training_Young,robust,Robust
P42677,RPS27,Training_Young,never_sig,NS
P42704,LRPPRC,Training_Young,never_sig,NS
P42765,ACAA2,Training_Young,never_sig,NS
P42766,RPL35,Training_Young,never_sig,NS
P43007,SLC1A4,Training_Young,never_sig,NS
P43034,PAFAH1B1,Training_Young,never_sig,NS
P43155,CRAT,Training_Young,never_sig,NS
P43304,GPD2,Training_Young,never_sig,NS
P43490,NAMPT,Training_Young,never_sig,NS
P43686,PSMC4,Training_Young,never_sig,NS
P43897,TSFM,Training_Young,never_sig,NS
P45378,TNNT3,Training_Young,never_sig,NS
P45381,ASPA,Training_Young,never_sig,NS
P45877,PPIC,Training_Young,never_sig,NS
P45880,VDAC2,Training_Young,never_sig,NS
P45954,ACADSB,Training_Young,never_sig,NS
P45974,USP5,Training_Young,robust,Robust
P45985,MAP2K4,Training_Young,never_sig,NS
P46019,PHKA2,Training_Young,never_sig,NS
P46020,PHKA1,Training_Young,never_sig,NS
P46109,CRKL,Training_Young,imputation_dependent,Conditional
P46199,MTIF2,Training_Young,never_sig,NS
P46379,BAG6,Training_Young,never_sig,NS
P46459,NSF,Training_Young,never_sig,NS
P46734,MAP2K3,Training_Young,never_sig,NS
P46776,RPL27A,Training_Young,never_sig,NS
P46777,RPL5,Training_Young,never_sig,NS
P46779,RPL28,Training_Young,never_sig,NS
P46781,RPS9,Training_Young,never_sig,NS
P46782,RPS5,Training_Young,never_sig,NS
P46783,RPS10,Training_Young,never_sig,NS
P46926,GNPDA1,Training_Young,never_sig,NS
P46939,UTRN,Training_Young,never_sig,NS
P46940,IQGAP1,Training_Young,imputation_dependent,Conditional
P46976,GYG1,Training_Young,never_sig,NS
P46977,STT3A,Training_Young,never_sig,NS
P47755,CAPZA2,Training_Young,never_sig,NS
P47756,CAPZB,Training_Young,never_sig,NS
P47813,EIF1AX,Training_Young,never_sig,NS
P47897,QARS1,Training_Young,never_sig,NS
P47914,RPL29,Training_Young,never_sig,NS
P47985,UQCRFS1,Training_Young,never_sig,NS
P48047,ATP5PO,Training_Young,never_sig,NS
P48059,LIMS1,Training_Young,never_sig,NS
P48147,PREP,Training_Young,never_sig,NS
P48163,ME1,Training_Young,never_sig,NS
P48426,PIP4K2A,Training_Young,never_sig,NS
P48444,ARCN1,Training_Young,never_sig,NS
P48449,LSS,Training_Young,never_sig,NS
P48507,GCLM,Training_Young,never_sig,NS
P48509,CD151,Training_Young,never_sig,NS
P48556,PSMD8,Training_Young,never_sig,NS
P48637,GSS,Training_Young,never_sig,NS
P48643,CCT5,Training_Young,robust,Robust
P48681,NES,Training_Young,imputation_dependent,Conditional
P48735,IDH2,Training_Young,never_sig,NS
P48788,TNNI2,Training_Young,never_sig,NS
P49023,PXN,Training_Young,never_sig,NS
P49189,ALDH9A1,Training_Young,never_sig,NS
P49207,RPL34,Training_Young,never_sig,NS
P49257,LMAN1,Training_Young,never_sig,NS
P49354,FNTA,Training_Young,never_sig,NS
P49368,CCT3,Training_Young,robust,Robust
P49406,MRPL19,Training_Young,never_sig,NS
P49411,TUFM,Training_Young,never_sig,NS
P49419,ALDH7A1,Training_Young,never_sig,NS
P49427,CDC34,Training_Young,never_sig,NS
P49585,PCYT1A,Training_Young,imputation_dependent,Conditional
P49588,AARS1,Training_Young,never_sig,NS
P49589,CARS1,Training_Young,never_sig,NS
P49591,SARS1,Training_Young,never_sig,NS
P49720,PSMB3,Training_Young,never_sig,NS
P49721,PSMB2,Training_Young,never_sig,NS
P49748,ACADVL,Training_Young,never_sig,NS
P49753,ACOT2,Training_Young,never_sig,NS
P49755,TMED10,Training_Young,never_sig,NS
P49773,HINT1,Training_Young,never_sig,NS
P49821,NDUFV1,Training_Young,robust,Robust
P49840,GSK3A,Training_Young,never_sig,NS
P49841,GSK3B,Training_Young,never_sig,NS
P50213,IDH3A,Training_Young,never_sig,NS
P50225,SULT1A1,Training_Young,never_sig,NS
P50395,GDI2,Training_Young,never_sig,NS
P50402,EMD,Training_Young,robust,Robust
P50416,CPT1A,Training_Young,never_sig,NS
P50454,SERPINH1,Training_Young,robust,Robust
P50461,CSRP3,Training_Young,imputation_dependent,Conditional
P50502,ST13,Training_Young,never_sig,NS
P50570,DNM2,Training_Young,never_sig,NS
P50579,METAP2,Training_Young,never_sig,NS
P50583,NUDT2,Training_Young,never_sig,NS
P50851,LRBA,Training_Young,never_sig,NS
P50895,BCAM,Training_Young,never_sig,NS
P50914,RPL14,Training_Young,never_sig,NS
P50990,CCT8,Training_Young,robust,Robust
P50991,CCT4,Training_Young,robust,Robust
P50993,ATP1A2,Training_Young,never_sig,NS
P50995,ANXA11,Training_Young,never_sig,NS
P51114,FXR1,Training_Young,never_sig,NS
P51148,RAB5C,Training_Young,never_sig,NS
P51149,RAB7A,Training_Young,never_sig,NS
P51452,DUSP3,Training_Young,never_sig,NS
P51553,IDH3G,Training_Young,never_sig,NS
P51570,GALK1,Training_Young,never_sig,NS
P51571,SSR4,Training_Young,never_sig,NS
P51572,BCAP31,Training_Young,robust,Robust
P51608,MECP2,Training_Young,never_sig,NS
P51636,CAV2,Training_Young,never_sig,NS
P51648,ALDH3A2,Training_Young,never_sig,NS
P51649,ALDH5A1,Training_Young,never_sig,NS
P51659,HSD17B4,Training_Young,never_sig,NS
P51665,PSMD7,Training_Young,never_sig,NS
P51668,UBE2D1,Training_Young,never_sig,NS
P51687,SUOX,Training_Young,never_sig,NS
P51692,STAT5B,Training_Young,never_sig,NS
P51812,RPS6KA3,Training_Young,never_sig,NS
P51858,HDGF,Training_Young,never_sig,NS
P51884,LUM,Training_Young,never_sig,NS
P51888,PRELP,Training_Young,never_sig,NS
P51970,NDUFA8,Training_Young,robust,Robust
P51991,HNRNPA3,Training_Young,never_sig,NS
P52179,MYOM1,Training_Young,imputation_dependent,Conditional
P52209,PGD,Training_Young,never_sig,NS
P52272,HNRNPM,Training_Young,never_sig,NS
P52294,KPNA1,Training_Young,never_sig,NS
P52564,MAP2K6,Training_Young,never_sig,NS
P52565,ARHGDIA,Training_Young,never_sig,NS
P52566,ARHGDIB,Training_Young,never_sig,NS
P52758,RIDA,Training_Young,robust,Robust
P52815,MRPL12,Training_Young,never_sig,NS
P52888,THOP1,Training_Young,never_sig,NS
P52895,AKR1C2,Training_Young,never_sig,NS
P52907,CAPZA1,Training_Young,never_sig,NS
P52943,CRIP2,Training_Young,never_sig,NS
P53004,BLVRA,Training_Young,never_sig,NS
P53041,PPP5C,Training_Young,never_sig,NS
P53384,NUBP1,Training_Young,never_sig,NS
P53597,SUCLG1,Training_Young,never_sig,NS
P53621,COPA,Training_Young,never_sig,NS
P53701,HCCS,Training_Young,never_sig,NS
P53778,MAPK12,Training_Young,imputation_dependent,Conditional
P53814,SMTN,Training_Young,never_sig,NS
P53985,SLC16A1,Training_Young,never_sig,NS
P53990,IST1,Training_Young,never_sig,NS
P53992,SEC24C,Training_Young,never_sig,NS
P53999,SUB1,Training_Young,never_sig,NS
P54136,RARS1,Training_Young,never_sig,NS
P54284,CACNB3,Training_Young,never_sig,NS
P54289,CACNA2D1,Training_Young,never_sig,NS
P54296,MYOM2,Training_Young,never_sig,NS
P54577,YARS1,Training_Young,never_sig,NS
P54578,USP14,Training_Young,never_sig,NS
P54619,PRKAG1,Training_Young,robust,Robust
P54646,PRKAA2,Training_Young,robust,Robust
P54652,HSPA2,Training_Young,never_sig,NS
P54725,RAD23A,Training_Young,never_sig,NS
P54727,RAD23B,Training_Young,never_sig,NS
P54819,AK2,Training_Young,never_sig,NS
P54920,NAPA,Training_Young,never_sig,NS
P55010,EIF5,Training_Young,never_sig,NS
P55036,PSMD4,Training_Young,never_sig,NS
P55039,DRG2,Training_Young,never_sig,NS
P55042,RRAD,Training_Young,never_sig,NS
P55060,CSE1L,Training_Young,never_sig,NS
P55072,VCP,Training_Young,never_sig,NS
P55084,HADHB,Training_Young,never_sig,NS
P55209,NAP1L1,Training_Young,never_sig,NS
P55263,ADK,Training_Young,never_sig,NS
P55268,LAMB2,Training_Young,imputation_dependent,Conditional
P55290,CDH13,Training_Young,never_sig,NS
P55735,SEC13,Training_Young,never_sig,NS
P55769,SNU13,Training_Young,robust,Robust
P55786,NPEPPS,Training_Young,never_sig,NS
P55795,HNRNPH2,Training_Young,imputation_dependent,Conditional
P55809,OXCT1,Training_Young,never_sig,NS
P55822,SH3BGR,Training_Young,never_sig,NS
P55884,EIF3B,Training_Young,never_sig,NS
P56134,ATP5MF,Training_Young,never_sig,NS
P56181,NDUFV3,Training_Young,never_sig,NS
P56192,MARS1,Training_Young,never_sig,NS
P56211,ARPP19,Training_Young,never_sig,NS
P56381,ATP5F1E,Training_Young,never_sig,NS
P56385,ATP5ME,Training_Young,never_sig,NS
P56537,EIF6,Training_Young,never_sig,NS
P56556,NDUFA6,Training_Young,robust,Robust
P57105,SYNJ2BP,Training_Young,never_sig,NS
P57772,EEFSEC,Training_Young,never_sig,NS
P58546,MTPN,Training_Young,never_sig,NS
P59666,DEFA3,Training_Young,never_sig,NS
P59998,ARPC4,Training_Young,never_sig,NS
P60033,CD81,Training_Young,imputation_dependent,Conditional
P60174,TPI1,Training_Young,never_sig,NS
P60228,EIF3E,Training_Young,never_sig,NS
P60468,SEC61B,Training_Young,never_sig,NS
P60520,GABARAPL2,Training_Young,imputation_dependent,Conditional
P60602,ROMO1,Training_Young,never_sig,NS
P60660,MYL6,Training_Young,never_sig,NS
P60709,ACTB,Training_Young,never_sig,NS
P60842,EIF4A1,Training_Young,never_sig,NS
P60866,RPS20,Training_Young,never_sig,NS
P60891,PRPS1,Training_Young,never_sig,NS
P60900,PSMA6,Training_Young,never_sig,NS
P60903,S100A10,Training_Young,never_sig,NS
P60953,CDC42,Training_Young,never_sig,NS
P60981,DSTN,Training_Young,never_sig,NS
P61019,RAB2A,Training_Young,never_sig,NS
P61020,RAB5B,Training_Young,never_sig,NS
P61026,RAB10,Training_Young,never_sig,NS
P61077,UBE2D3,Training_Young,never_sig,NS
P61081,UBE2M,Training_Young,never_sig,NS
P61086,UBE2K,Training_Young,never_sig,NS
P61088,UBE2N,Training_Young,never_sig,NS
P61106,RAB14,Training_Young,never_sig,NS
P61158,ACTR3,Training_Young,never_sig,NS
P61160,ACTR2,Training_Young,robust,Robust
P61163,ACTR1A,Training_Young,never_sig,NS
P61201,COPS2,Training_Young,never_sig,NS
P61221,ABCE1,Training_Young,robust,Robust
P61224,RAP1B,Training_Young,imputation_dependent,Conditional
P61247,RPS3A,Training_Young,never_sig,NS
P61254,RPL26,Training_Young,never_sig,NS
P61313,RPL15,Training_Young,never_sig,NS
P61457,PCBD1,Training_Young,never_sig,NS
P61513,RPL37A,Training_Young,never_sig,NS
P61586,RHOA,Training_Young,never_sig,NS
P61604,HSPE1,Training_Young,never_sig,NS
P61619,SEC61A1,Training_Young,never_sig,NS
P61758,VBP1,Training_Young,never_sig,NS
P61769,B2M,Training_Young,never_sig,NS
P61803,DAD1,Training_Young,never_sig,NS
P61916,NPC2,Training_Young,never_sig,NS
P61925,PKIA,Training_Young,never_sig,NS
P61956,SUMO2,Training_Young,never_sig,NS
P61960,UFM1,Training_Young,never_sig,NS
P61970,NUTF2,Training_Young,never_sig,NS
P61978,HNRNPK,Training_Young,never_sig,NS
P61981,YWHAG,Training_Young,never_sig,NS
P62070,RRAS2,Training_Young,never_sig,NS
P62072,TIMM10,Training_Young,never_sig,NS
P62081,RPS7,Training_Young,never_sig,NS
P62136,PPP1CA,Training_Young,never_sig,NS
P62140,PPP1CB,Training_Young,never_sig,NS
P62191,PSMC1,Training_Young,never_sig,NS
P62195,PSMC5,Training_Young,never_sig,NS
P62241,RPS8,Training_Young,never_sig,NS
P62244,RPS15A,Training_Young,never_sig,NS
P62249,RPS16,Training_Young,never_sig,NS
P62253,UBE2G1,Training_Young,never_sig,NS
P62258,YWHAE,Training_Young,never_sig,NS
P62263,RPS14,Training_Young,never_sig,NS
P62266,RPS23,Training_Young,never_sig,NS
P62269,RPS18,Training_Young,never_sig,NS
P62277,RPS13,Training_Young,never_sig,NS
P62280,RPS11,Training_Young,robust,Robust
P62316,SNRPD2,Training_Young,never_sig,NS
P62318,SNRPD3,Training_Young,never_sig,NS
P62328,TMSB4X,Training_Young,never_sig,NS
P62333,PSMC6,Training_Young,never_sig,NS
P62424,RPL7A,Training_Young,never_sig,NS
P62495,ETF1,Training_Young,never_sig,NS
P62633,CNBP,Training_Young,never_sig,NS
P62701,RPS4X,Training_Young,never_sig,NS
P62750,RPL23A,Training_Young,never_sig,NS
P62753,RPS6,Training_Young,imputation_dependent,Conditional
P62807,H2BC4,Training_Young,never_sig,NS
P62820,RAB1A,Training_Young,never_sig,NS
P62826,RAN,Training_Young,never_sig,NS
P62829,RPL23,Training_Young,never_sig,NS
P62834,RAP1A,Training_Young,never_sig,NS
P62841,RPS15,Training_Young,never_sig,NS
P62847,RPS24,Training_Young,never_sig,NS
P62851,RPS25,Training_Young,never_sig,NS
P62854,RPS26,Training_Young,never_sig,NS
P62857,RPS28,Training_Young,never_sig,NS
P62873,GNB1,Training_Young,never_sig,NS
P62879,GNB2,Training_Young,never_sig,NS
P62888,RPL30,Training_Young,never_sig,NS
P62899,RPL31,Training_Young,never_sig,NS
P62906,RPL10A,Training_Young,never_sig,NS
P62910,RPL32,Training_Young,never_sig,NS
P62913,RPL11,Training_Young,never_sig,NS
P62917,RPL8,Training_Young,never_sig,NS
P62937,PPIA,Training_Young,never_sig,NS
P62942,FKBP1A,Training_Young,never_sig,NS
P62979,RPS27A,Training_Young,never_sig,NS
P62993,GRB2,Training_Young,never_sig,NS
P63000,RAC1,Training_Young,never_sig,NS
P63010,AP2B1,Training_Young,never_sig,NS
P63027,VAMP2,Training_Young,never_sig,NS
P63098,PPP3R1,Training_Young,never_sig,NS
P63104,YWHAZ,Training_Young,never_sig,NS
P63146,UBE2B,Training_Young,robust,Robust
P63151,PPP2R2A,Training_Young,never_sig,NS
P63167,DYNLL1,Training_Young,never_sig,NS
P63172,DYNLT1,Training_Young,robust,Robust
P63173,RPL38,Training_Young,robust,Robust
P63208,SKP1,Training_Young,never_sig,NS
P63220,RPS21,Training_Young,never_sig,NS
P63241,EIF5A,Training_Young,never_sig,NS
P63244,RACK1,Training_Young,never_sig,NS
P63279,UBE2I,Training_Young,robust,Robust
P63302,SELENOW,Training_Young,never_sig,NS
P63316,TNNC1,Training_Young,never_sig,NS
P67775,PPP2CA,Training_Young,never_sig,NS
P67809,YBX1,Training_Young,robust,Robust
P67870,CSNK2B,Training_Young,never_sig,NS
P67936,TPM4,Training_Young,robust,Robust
P68036,UBE2L3,Training_Young,never_sig,NS
P68104,EEF1A1,Training_Young,never_sig,NS
P68133,ACTA1,Training_Young,never_sig,NS
P68363,TUBA1B,Training_Young,robust,Robust
P68366,TUBA4A,Training_Young,never_sig,NS
P68371,TUBB4B,Training_Young,never_sig,NS
P68400,CSNK2A1,Training_Young,never_sig,NS
P68402,PAFAH1B2,Training_Young,never_sig,NS
P68871,HBB,Training_Young,never_sig,NS
P69905,HBA1,Training_Young,never_sig,NS
P78344,EIF4G2,Training_Young,never_sig,NS
P78356,PIP4K2B,Training_Young,never_sig,NS
P78371,CCT2,Training_Young,robust,Robust
P78417,GSTO1,Training_Young,never_sig,NS
P78527,PRKDC,Training_Young,never_sig,NS
P81605,DCD,Training_Young,never_sig,NS
P82663,MRPS25,Training_Young,never_sig,NS
P82675,MRPS5,Training_Young,never_sig,NS
P82909,MRPS36,Training_Young,never_sig,NS
P82914,MRPS15,Training_Young,never_sig,NS
P82921,MRPS21,Training_Young,never_sig,NS
P82979,SARNP,Training_Young,never_sig,NS
P83111,LACTB,Training_Young,never_sig,NS
P83731,RPL24,Training_Young,never_sig,NS
P84077,ARF1,Training_Young,never_sig,NS
P84085,ARF5,Training_Young,never_sig,NS
P84090,ERH,Training_Young,never_sig,NS
P84095,RHOG,Training_Young,never_sig,NS
P84098,RPL19,Training_Young,never_sig,NS
P84103,SRSF3,Training_Young,never_sig,NS
P84157,MXRA7,Training_Young,never_sig,NS
P84243,H3-3A,Training_Young,imputation_dependent,Conditional
P98095,FBLN2,Training_Young,never_sig,NS
P98160,HSPG2,Training_Young,imputation_dependent,Conditional
P98179,RBM3,Training_Young,never_sig,NS
P99999,CYCS,Training_Young,never_sig,NS
Q00013,MPP1,Training_Young,never_sig,NS
Q00059,TFAM,Training_Young,never_sig,NS
Q00169,PITPNA,Training_Young,never_sig,NS
Q00325,SLC25A3,Training_Young,robust,Robust
Q00341,HDLBP,Training_Young,never_sig,NS
Q00577,PURA,Training_Young,never_sig,NS
Q00610,CLTC,Training_Young,robust,Robust
Q00688,FKBP3,Training_Young,never_sig,NS
Q00765,REEP5,Training_Young,robust,Robust
Q00796,SORD,Training_Young,never_sig,NS
Q00839,HNRNPU,Training_Young,never_sig,NS
Q00872,MYBPC1,Training_Young,never_sig,NS
Q00G26,PLIN5,Training_Young,never_sig,NS
Q01082,SPTBN1,Training_Young,never_sig,NS
Q01085,TIAL1,Training_Young,never_sig,NS
Q01105,SET,Training_Young,never_sig,NS
Q01432,AMPD3,Training_Young,never_sig,NS
Q01469,FABP5,Training_Young,never_sig,NS
Q01484,ANK2,Training_Young,never_sig,NS
Q01518,CAP1,Training_Young,never_sig,NS
Q01844,EWSR1,Training_Young,never_sig,NS
Q01995,TAGLN,Training_Young,never_sig,NS
Q02218,OGDH,Training_Young,never_sig,NS
Q02221,COX6A2,Training_Young,never_sig,NS
Q02252,ALDH6A1,Training_Young,never_sig,NS
Q02338,BDH1,Training_Young,never_sig,NS
Q02388,COL7A1,Training_Young,never_sig,NS
Q02543,RPL18A,Training_Young,never_sig,NS
Q02641,CACNB1,Training_Young,never_sig,NS
Q02750,MAP2K1,Training_Young,never_sig,NS
Q02790,FKBP4,Training_Young,never_sig,NS
Q02878,RPL6,Training_Young,never_sig,NS
Q02952,AKAP12,Training_Young,never_sig,NS
Q02978,SLC25A11,Training_Young,never_sig,NS
Q03135,CAV1,Training_Young,robust,Robust
Q03154,ACY1,Training_Young,never_sig,NS
Q03252,LMNB2,Training_Young,imputation_dependent,Conditional
Q04323,UBXN1,Training_Young,never_sig,NS
Q04446,GBE1,Training_Young,robust,Robust
Q04637,EIF4G1,Training_Young,never_sig,NS
Q04759,PRKCQ,Training_Young,never_sig,NS
Q04760,GLO1,Training_Young,never_sig,NS
Q04828,AKR1C1,Training_Young,imputation_dependent,Conditional
Q04837,SSBP1,Training_Young,never_sig,NS
Q04917,YWHAH,Training_Young,robust,Robust
Q04941,PLP2,Training_Young,never_sig,NS
Q05086,UBE3A,Training_Young,never_sig,NS
Q05519,SRSF11,Training_Young,never_sig,NS
Q05639,EEF1A2,Training_Young,never_sig,NS
Q05682,CALD1,Training_Young,never_sig,NS
Q05707,COL14A1,Training_Young,never_sig,NS
Q06124,PTPN11,Training_Young,never_sig,NS
Q06323,PSME1,Training_Young,robust,Robust
Q06432,CACNG1,Training_Young,never_sig,NS
Q06730,ZNF33A,Training_Young,never_sig,NS
Q06830,PRDX1,Training_Young,never_sig,NS
Q07020,RPL18,Training_Young,never_sig,NS
Q07021,C1QBP,Training_Young,never_sig,NS
Q07065,CKAP4,Training_Young,imputation_dependent,Conditional
Q07507,DPT,Training_Young,imputation_dependent,Conditional
Q07866,KLC1,Training_Young,never_sig,NS
Q07955,SRSF1,Training_Young,never_sig,NS
Q07960,ARHGAP1,Training_Young,imputation_dependent,Conditional
Q08043,ACTN3,Training_Young,never_sig,NS
Q08209,PPP3CA,Training_Young,never_sig,NS
Q08211,DHX9,Training_Young,never_sig,NS
Q08257,CRYZ,Training_Young,never_sig,NS
Q08357,SLC20A2,Training_Young,imputation_dependent,Conditional
Q08623,PUDP,Training_Young,never_sig,NS
Q08722,CD47,Training_Young,never_sig,NS
Q08752,PPID,Training_Young,never_sig,NS
Q09666,AHNAK,Training_Young,never_sig,NS
Q0VAK6,LMOD3,Training_Young,never_sig,NS
Q0VDF9,HSPA14,Training_Young,never_sig,NS
Q0VDG4,SCRN3,Training_Young,never_sig,NS
Q0ZGT2,NEXN,Training_Young,never_sig,NS
Q10567,AP1B1,Training_Young,never_sig,NS
Q10589,BST2,Training_Young,robust,Robust
Q10713,PMPCA,Training_Young,never_sig,NS
Q12797,ASPH,Training_Young,never_sig,NS
Q12805,EFEMP1,Training_Young,never_sig,NS
Q12846,STX4,Training_Young,never_sig,NS
Q12849,GRSF1,Training_Young,never_sig,NS
Q12904,AIMP1,Training_Young,never_sig,NS
Q12906,ILF3,Training_Young,never_sig,NS
Q12931,TRAP1,Training_Young,never_sig,NS
Q12955,ANK3,Training_Young,never_sig,NS
Q12988,HSPB3,Training_Young,never_sig,NS
Q13011,ECH1,Training_Young,never_sig,NS
Q13033,STRN3,Training_Young,never_sig,NS
Q13057,COASY,Training_Young,never_sig,NS
Q13061,TRDN,Training_Young,never_sig,NS
Q13085,ACACA,Training_Young,never_sig,NS
Q13098,GPS1,Training_Young,never_sig,NS
Q13126,MTAP,Training_Young,never_sig,NS
Q13131,PRKAA1,Training_Young,never_sig,NS
Q13148,TARDBP,Training_Young,never_sig,NS
Q13153,PAK1,Training_Young,never_sig,NS
Q13155,AIMP2,Training_Young,never_sig,NS
Q13162,PRDX4,Training_Young,never_sig,NS
Q13177,PAK2,Training_Young,never_sig,NS
Q13185,CBX3,Training_Young,never_sig,NS
Q13200,PSMD2,Training_Young,never_sig,NS
Q13203,MYBPH,Training_Young,never_sig,NS
Q13228,SELENBP1,Training_Young,never_sig,NS
Q13263,TRIM28,Training_Young,never_sig,NS
Q13283,G3BP1,Training_Young,never_sig,NS
Q13310,PABPC4,Training_Young,never_sig,NS
Q13326,SGCG,Training_Young,never_sig,NS
Q13347,EIF3I,Training_Young,never_sig,NS
Q13363,CTBP1,Training_Young,never_sig,NS
Q13404,UBE2V1,Training_Young,never_sig,NS
Q13409,DYNC1I2,Training_Young,robust,Robust
Q13418,ILK,Training_Young,never_sig,NS
Q13423,NNT,Training_Young,never_sig,NS
Q13424,SNTA1,Training_Young,never_sig,NS
Q13425,SNTB2,Training_Young,never_sig,NS
Q13435,SF3B2,Training_Young,never_sig,NS
Q13442,PDAP1,Training_Young,never_sig,NS
Q13445,TMED1,Training_Young,never_sig,NS
Q13451,FKBP5,Training_Young,never_sig,NS
Q13492,PICALM,Training_Young,never_sig,NS
Q13496,MTM1,Training_Young,never_sig,NS
Q13501,SQSTM1,Training_Young,never_sig,NS
Q13505,MTX1,Training_Young,never_sig,NS
Q13508,ART3,Training_Young,robust,Robust
Q13510,ASAH1,Training_Young,never_sig,NS
Q13526,PIN1,Training_Young,never_sig,NS
Q13554,CAMK2B,Training_Young,never_sig,NS
Q13555,CAMK2G,Training_Young,never_sig,NS
Q13557,CAMK2D,Training_Young,robust,Robust
Q13561,DCTN2,Training_Young,robust,Robust
Q13564,NAE1,Training_Young,never_sig,NS
Q13586,STIM1,Training_Young,never_sig,NS
Q13616,CUL1,Training_Young,never_sig,NS
Q13617,CUL2,Training_Young,never_sig,NS
Q13618,CUL3,Training_Young,never_sig,NS
Q13619,CUL4A,Training_Young,never_sig,NS
Q13642,FHL1,Training_Young,never_sig,NS
Q13643,FHL3,Training_Young,never_sig,NS
Q13683,ITGA7,Training_Young,never_sig,NS
Q13685,AAMP,Training_Young,never_sig,NS
Q13698,CACNA1S,Training_Young,never_sig,NS
Q13724,MOGS,Training_Young,never_sig,NS
Q13813,SPTAN1,Training_Young,imputation_dependent,Conditional
Q13825,AUH,Training_Young,never_sig,NS
Q13838,DDX39B,Training_Young,never_sig,NS
Q13867,BLMH,Training_Young,never_sig,NS
Q13884,SNTB1,Training_Young,never_sig,NS
Q13885,TUBB2A,Training_Young,robust,Robust
Q13907,IDI1,Training_Young,never_sig,NS
Q13976,PRKG1,Training_Young,never_sig,NS
Q14061,COX17,Training_Young,never_sig,NS
Q14103,HNRNPD,Training_Young,never_sig,NS
Q14108,SCARB2,Training_Young,never_sig,NS
Q14112,NID2,Training_Young,imputation_dependent,Conditional
Q14116,IL18,Training_Young,never_sig,NS
Q14118,DAG1,Training_Young,never_sig,NS
Q14152,EIF3A,Training_Young,never_sig,NS
Q14157,UBAP2L,Training_Young,never_sig,NS
Q14165,MLEC,Training_Young,never_sig,NS
Q14195,DPYSL3,Training_Young,never_sig,NS
Q14203,DCTN1,Training_Young,robust,Robust
Q14204,DYNC1H1,Training_Young,robust,Robust
Q14232,EIF2B1,Training_Young,never_sig,NS
Q14240,EIF4A2,Training_Young,never_sig,NS
Q14247,CTTN,Training_Young,never_sig,NS
Q14249,ENDOG,Training_Young,never_sig,NS
Q14254,FLOT2,Training_Young,never_sig,NS
Q14258,TRIM25,Training_Young,never_sig,NS
Q14315,FLNC,Training_Young,robust,Robust
Q14324,MYBPC2,Training_Young,never_sig,NS
Q14353,GAMT,Training_Young,never_sig,NS
Q14444,CAPRIN1,Training_Young,never_sig,NS
Q14558,PRPSAP1,Training_Young,never_sig,NS
Q14624,ITIH4,Training_Young,never_sig,NS
Q14677,CLINT1,Training_Young,never_sig,NS
Q14697,GANAB,Training_Young,robust,Robust
Q14714,SSPN,Training_Young,never_sig,NS
Q14764,MVP,Training_Young,never_sig,NS
Q14767,LTBP3,Training_Young,never_sig,NS
Q14847,LASP1,Training_Young,never_sig,NS
Q14914,PTGR1,Training_Young,never_sig,NS
Q14974,KPNB1,Training_Young,robust,Robust
Q14980,NUMA1,Training_Young,never_sig,NS
Q14997,PSME4,Training_Young,never_sig,NS
Q14BN4,SLMAP,Training_Young,never_sig,NS
Q15006,EMC2,Training_Young,never_sig,NS
Q15008,PSMD6,Training_Young,never_sig,NS
Q15018,ABRAXAS2,Training_Young,never_sig,NS
Q15019,SEPTIN2,Training_Young,never_sig,NS
Q15046,KARS1,Training_Young,never_sig,NS
Q15056,EIF4H,Training_Young,robust,Robust
Q15075,EEA1,Training_Young,never_sig,NS
Q15084,PDIA6,Training_Young,never_sig,NS
Q15102,PAFAH1B3,Training_Young,never_sig,NS
Q15111,PLCL1,Training_Young,never_sig,NS
Q15118,PDK1,Training_Young,never_sig,NS
Q15119,PDK2,Training_Young,never_sig,NS
Q15121,PEA15,Training_Young,never_sig,NS
Q15124,PGM5,Training_Young,never_sig,NS
Q15149,PLEC,Training_Young,never_sig,NS
Q15172,PPP2R5A,Training_Young,imputation_dependent,Conditional
Q15181,PPA1,Training_Young,never_sig,NS
Q15185,PTGES3,Training_Young,never_sig,NS
Q15208,STK38,Training_Young,never_sig,NS
Q15233,NONO,Training_Young,never_sig,NS
Q15257,PTPA,Training_Young,never_sig,NS
Q15286,RAB35,Training_Young,never_sig,NS
Q15363,TMED2,Training_Young,never_sig,NS
Q15365,PCBP1,Training_Young,never_sig,NS
Q15366,PCBP2,Training_Young,never_sig,NS
Q15369,ELOC,Training_Young,never_sig,NS
Q15370,ELOB,Training_Young,never_sig,NS
Q15386,UBE3C,Training_Young,never_sig,NS
Q15392,DHCR24,Training_Young,never_sig,NS
Q15404,RSU1,Training_Young,never_sig,NS
Q15435,PPP1R7,Training_Young,never_sig,NS
Q15436,SEC23A,Training_Young,never_sig,NS
Q15555,MAPRE2,Training_Young,never_sig,NS
Q15582,TGFBI,Training_Young,imputation_dependent,Conditional
Q15631,TSN,Training_Young,never_sig,NS
Q15637,SF1,Training_Young,imputation_dependent,Conditional
Q15642,TRIP10,Training_Young,never_sig,NS
Q15691,MAPRE1,Training_Young,never_sig,NS
Q15714,TSC22D1,Training_Young,never_sig,NS
Q15717,ELAVL1,Training_Young,never_sig,NS
Q15746,MYLK,Training_Young,robust,Robust
Q15772,SPEG,Training_Young,never_sig,NS
Q15813,TBCE,Training_Young,never_sig,NS
Q15819,UBE2V2,Training_Young,robust,Robust
Q15843,NEDD8,Training_Young,never_sig,NS
Q15847,ADIRF,Training_Young,never_sig,NS
Q15848,ADIPOQ,Training_Young,never_sig,NS
Q15907,RAB11B,Training_Young,never_sig,NS
Q15942,ZYX,Training_Young,never_sig,NS
Q16082,HSPB2,Training_Young,never_sig,NS
Q16134,ETFDH,Training_Young,never_sig,NS
Q16181,SEPTIN7,Training_Young,never_sig,NS
Q16186,ADRM1,Training_Young,never_sig,NS
Q16531,DDB1,Training_Young,imputation_dependent,Conditional
Q16543,CDC37,Training_Young,never_sig,NS
Q16555,DPYSL2,Training_Young,never_sig,NS
Q16563,SYPL1,Training_Young,robust,Robust
Q16576,RBBP7,Training_Young,never_sig,NS
Q16585,SGCB,Training_Young,never_sig,NS
Q16586,SGCA,Training_Young,never_sig,NS
Q16595,FXN,Training_Young,never_sig,NS
Q16658,FSCN1,Training_Young,robust,Robust
Q16698,DECR1,Training_Young,never_sig,NS
Q16718,NDUFA5,Training_Young,robust,Robust
Q16740,CLPP,Training_Young,never_sig,NS
Q16762,TST,Training_Young,never_sig,NS
Q16773,KYAT1,Training_Young,imputation_dependent,Conditional
Q16774,GUK1,Training_Young,never_sig,NS
Q16775,HAGH,Training_Young,never_sig,NS
Q16795,NDUFA9,Training_Young,robust,Robust
Q16816,PHKG1,Training_Young,never_sig,NS
Q16821,PPP1R3A,Training_Young,never_sig,NS
Q16836,HADH,Training_Young,never_sig,NS
Q16851,UGP2,Training_Young,never_sig,NS
Q16881,TXNRD1,Training_Young,never_sig,NS
Q16891,IMMT,Training_Young,never_sig,NS
Q2TAA2,IAH1,Training_Young,never_sig,NS
Q2TBA0,KLHL40,Training_Young,never_sig,NS
Q3LXA3,TKFC,Training_Young,never_sig,NS
Q3ZCQ8,TIMM50,Training_Young,never_sig,NS
Q4G0N4,NADK2,Training_Young,never_sig,NS
Q52LJ0,FAM98B,Training_Young,never_sig,NS
Q53FT3,HIKESHI,Training_Young,never_sig,NS
Q53GG5,PDLIM3,Training_Young,never_sig,NS
Q53GQ0,HSD17B12,Training_Young,never_sig,NS
Q53H12,AGK,Training_Young,never_sig,NS
Q53H82,LACTB2,Training_Young,never_sig,NS
Q58WW2,DCAF6,Training_Young,never_sig,NS
Q5BKX8,CAVIN4,Training_Young,never_sig,NS
Q5D862,FLG2,Training_Young,never_sig,NS
Q5HYI8,RABL3,Training_Young,never_sig,NS
Q5HYK3,COQ5,Training_Young,never_sig,NS
Q5JPE7,NOMO2,Training_Young,never_sig,NS
Q5JRX3,PITRM1,Training_Young,never_sig,NS
Q5JSH3,WDR44,Training_Young,never_sig,NS
Q5JTJ3,COA6,Training_Young,never_sig,NS
Q5JTV8,TOR1AIP1,Training_Young,imputation_dependent,Conditional
Q5JWF2,GNAS,Training_Young,robust,Robust
Q5R3I4,TTC38,Training_Young,never_sig,NS
Q5SQH8,C6orf136,Training_Young,never_sig,NS
Q5SSJ5,HP1BP3,Training_Young,never_sig,NS
Q5T440,IBA57,Training_Young,never_sig,NS
Q5T4S7,UBR4,Training_Young,never_sig,NS
Q5TAQ9,DCAF8,Training_Young,never_sig,NS
Q5TDH0,DDI2,Training_Young,never_sig,NS
Q5TGZ0,MICOS10,Training_Young,never_sig,NS
Q5U5X0,LYRM7,Training_Young,never_sig,NS
Q5VST9,OBSCN,Training_Young,never_sig,NS
Q5VTT5,MYOM3,Training_Young,never_sig,NS
Q5VU43,PDE4DIP,Training_Young,never_sig,NS
Q5VW32,BROX,Training_Young,never_sig,NS
Q5VWZ2,LYPLAL1,Training_Young,never_sig,NS
Q5VXT5,SYPL2,Training_Young,imputation_dependent,Conditional
Q5VYK3,ECPAS,Training_Young,imputation_dependent,Conditional
Q5XKP0,MICOS13,Training_Young,never_sig,NS
Q5XPI4,RNF123,Training_Young,never_sig,NS
Q66K66,TMEM198,Training_Young,never_sig,NS
Q68DQ2,CRYBG3,Training_Young,never_sig,NS
Q6DKJ4,NXN,Training_Young,never_sig,NS
Q6GMV3,PTRHD1,Training_Young,never_sig,NS
Q6H8Q1,ABLIM2,Training_Young,never_sig,NS
Q6IAA8,LAMTOR1,Training_Young,never_sig,NS
Q6IAN0,DHRS7B,Training_Young,never_sig,NS
Q6IBS0,TWF2,Training_Young,never_sig,NS
Q6IPR1,ETFRF1,Training_Young,never_sig,NS
Q6IQ22,RAB12,Training_Young,never_sig,NS
Q6IQ26,DENND5A,Training_Young,imputation_dependent,Conditional
Q6JBY9,RCSD1,Training_Young,never_sig,NS
Q6NUK1,SLC25A24,Training_Young,never_sig,NS
Q6NVY1,HIBCH,Training_Young,never_sig,NS
Q6NZI2,CAVIN1,Training_Young,never_sig,NS
Q6P161,MRPL54,Training_Young,never_sig,NS
Q6P1A2,LPCAT3,Training_Young,never_sig,NS
Q6P1N9,TATDN1,Training_Young,never_sig,NS
Q6P4A7,SFXN4,Training_Young,never_sig,NS
Q6P587,FAHD1,Training_Young,never_sig,NS
Q6P5Q4,LMOD2,Training_Young,never_sig,NS
Q6PCB7,SLC27A1,Training_Young,imputation_dependent,Conditional
Q6PK04,CCDC137,Training_Young,robust,Robust
Q6QEF8,CORO6,Training_Young,never_sig,NS
Q6UW68,TMEM205,Training_Young,never_sig,NS
Q6UWP2,DHRS11,Training_Young,never_sig,NS
Q6UXV4,APOOL,Training_Young,never_sig,NS
Q6XQN6,NAPRT,Training_Young,never_sig,NS
Q6YN16,HSDL2,Training_Young,never_sig,NS
Q6YP21,KYAT3,Training_Young,never_sig,NS
Q6ZMU5,TRIM72,Training_Young,never_sig,NS
Q6ZU65,UBN2,Training_Young,imputation_dependent,Conditional
Q6ZVM7,TOM1L2,Training_Young,never_sig,NS
Q702N8,XIRP1,Training_Young,robust,Robust
Q709C8,VPS13C,Training_Young,never_sig,NS
Q712K3,UBE2R2,Training_Young,never_sig,NS
Q7KZF4,SND1,Training_Young,never_sig,NS
Q7L0Y3,TRMT10C,Training_Young,never_sig,NS
Q7L1Q6,BZW1,Training_Young,never_sig,NS
Q7L2H7,EIF3M,Training_Young,never_sig,NS
Q7L5N1,COPS6,Training_Young,never_sig,NS
Q7LBR1,CHMP1B,Training_Young,never_sig,NS
Q7LG56,RRM2B,Training_Young,never_sig,NS
Q7Z2K6,ERMP1,Training_Young,never_sig,NS
Q7Z2W9,MRPL21,Training_Young,never_sig,NS
Q7Z3D6,DGLUCY,Training_Young,never_sig,NS
Q7Z406,MYH14,Training_Young,never_sig,NS
Q7Z422,SZRD1,Training_Young,never_sig,NS
Q7Z434,MAVS,Training_Young,never_sig,NS
Q7Z4G1,COMMD6,Training_Young,never_sig,NS
Q7Z4H3,HDDC2,Training_Young,never_sig,NS
Q7Z4V5,HDGFL2,Training_Young,never_sig,NS
Q7Z4W1,DCXR,Training_Young,never_sig,NS
Q7Z698,SPRED2,Training_Young,never_sig,NS
Q7Z6Z7,HUWE1,Training_Young,never_sig,NS
Q86SX6,GLRX5,Training_Young,never_sig,NS
Q86TC9,MYPN,Training_Young,never_sig,NS
Q86TD4,SRL,Training_Young,never_sig,NS
Q86TP1,PRUNE1,Training_Young,never_sig,NS
Q86TX2,ACOT1,Training_Young,imputation_dependent,Conditional
Q86U28,ISCA2,Training_Young,never_sig,NS
Q86UE4,MTDH,Training_Young,imputation_dependent,Conditional
Q86UP2,KTN1,Training_Young,imputation_dependent,Conditional
Q86UT6,NLRX1,Training_Young,never_sig,NS
Q86V81,ALYREF,Training_Young,never_sig,NS
Q86V88,MDP1,Training_Young,never_sig,NS
Q86VD7,SLC25A42,Training_Young,never_sig,NS
Q86VF7,NRAP,Training_Young,never_sig,NS
Q86VN1,VPS36,Training_Young,never_sig,NS
Q86VP6,CAND1,Training_Young,never_sig,NS
Q86VX2,COMMD7,Training_Young,never_sig,NS
Q86WU2,LDHD,Training_Young,never_sig,NS
Q86X55,CARM1,Training_Young,never_sig,NS
Q86X76,NIT1,Training_Young,never_sig,NS
Q86Y39,NDUFA11,Training_Young,never_sig,NS
Q86YB7,ECHDC2,Training_Young,never_sig,NS
Q8IUZ5,PHYKPL,Training_Young,never_sig,NS
Q8IVN3,MUSTN1,Training_Young,never_sig,NS
Q8IW45,NAXD,Training_Young,never_sig,NS
Q8IWA4,MFN1,Training_Young,never_sig,NS
Q8IWA5,SLC44A2,Training_Young,never_sig,NS
Q8IWL3,HSCB,Training_Young,never_sig,NS
Q8IWW8,ADHFE1,Training_Young,never_sig,NS
Q8IWX7,UNC45B,Training_Young,imputation_dependent,Conditional
Q8IXL7,MSRB3,Training_Young,never_sig,NS
Q8IXV7,KLHDC8B,Training_Young,never_sig,NS
Q8IYB8,SUPV3L1,Training_Young,never_sig,NS
Q8IYQ7,THNSL1,Training_Young,never_sig,NS
Q8IYS1,PM20D2,Training_Young,never_sig,NS
Q8IYU8,MICU2,Training_Young,robust,Robust
Q8IZ81,ELMOD2,Training_Young,never_sig,NS
Q8IZ83,ALDH16A1,Training_Young,never_sig,NS
Q8N0U4,FAM185A,Training_Young,never_sig,NS
Q8N142,ADSS1,Training_Young,never_sig,NS
Q8N183,NDUFAF2,Training_Young,never_sig,NS
Q8N1G4,LRRC47,Training_Young,never_sig,NS
Q8N335,GPD1L,Training_Young,never_sig,NS
Q8N3D4,EHBP1L1,Training_Young,robust,Robust
Q8N3K9,CMYA5,Training_Young,never_sig,NS
Q8N3L3,TXLNB,Training_Young,never_sig,NS
Q8N3V7,SYNPO,Training_Young,never_sig,NS
Q8N4H5,TOMM5,Training_Young,never_sig,NS
Q8N4Q1,CHCHD4,Training_Young,never_sig,NS
Q8N4T8,CBR4,Training_Young,never_sig,NS
Q8N4V1,MMGT1,Training_Young,never_sig,NS
Q8N5G0,SMIM20,Training_Young,never_sig,NS
Q8N5K1,CISD2,Training_Young,never_sig,NS
Q8N5M1,ATPAF2,Training_Young,never_sig,NS
Q8N5M9,JAGN1,Training_Young,never_sig,NS
Q8N5N7,MRPL50,Training_Young,never_sig,NS
Q8N766,EMC1,Training_Young,never_sig,NS
Q8N8N7,PTGR2,Training_Young,robust,Robust
Q8NB12,SMYD1,Training_Young,never_sig,NS
Q8NBF2,NHLRC2,Training_Young,imputation_dependent,Conditional
Q8NBN7,RDH13,Training_Young,never_sig,NS
Q8NBS9,TXNDC5,Training_Young,robust,Robust
Q8NBU5,ATAD1,Training_Young,never_sig,NS
Q8NBX0,SCCPDH,Training_Young,never_sig,NS
Q8NC51,SERBP1,Training_Young,never_sig,NS
Q8NCA5,FAM98A,Training_Young,imputation_dependent,Conditional
Q8NCN5,PDPR,Training_Young,never_sig,NS
Q8NCW5,NAXE,Training_Young,never_sig,NS
Q8NDH3,NPEPL1,Training_Young,never_sig,NS
Q8NDY3,ADPRHL1,Training_Young,never_sig,NS
Q8NE62,CHDH,Training_Young,never_sig,NS
Q8NE71,ABCF1,Training_Young,never_sig,NS
Q8NE86,MCU,Training_Young,never_sig,NS
Q8NFV4,ABHD11,Training_Young,never_sig,NS
Q8NHH9,ATL2,Training_Young,never_sig,NS
Q8NI37,PPTC7,Training_Young,never_sig,NS
Q8NI60,COQ8A,Training_Young,never_sig,NS
Q8TAT6,NPLOC4,Training_Young,never_sig,NS
Q8TB22,SPATA20,Training_Young,imputation_dependent,Conditional
Q8TB37,NUBPL,Training_Young,never_sig,NS
Q8TB45,DEPTOR,Training_Young,never_sig,NS
Q8TC12,RDH11,Training_Young,never_sig,NS
Q8TCA0,LRRC20,Training_Young,robust,Robust
Q8TCD5,NT5C,Training_Young,never_sig,NS
Q8TCS8,PNPT1,Training_Young,never_sig,NS
Q8TCT8,SPPL2A,Training_Young,never_sig,NS
Q8TCU6,PREX1,Training_Young,never_sig,NS
Q8TD19,NEK9,Training_Young,imputation_dependent,Conditional
Q8TD30,GPT2,Training_Young,never_sig,NS
Q8TDC0,MYOZ3,Training_Young,never_sig,NS
Q8TDX7,NEK7,Training_Young,never_sig,NS
Q8TEA8,DTD1,Training_Young,never_sig,NS
Q8TED0,UTP15,Training_Young,never_sig,NS
Q8WTS6,SETD7,Training_Young,never_sig,NS
Q8WUM0,NUP133,Training_Young,never_sig,NS
Q8WUM4,PDCD6IP,Training_Young,never_sig,NS
Q8WUY1,THEM6,Training_Young,never_sig,NS
Q8WVI0,SMIM4,Training_Young,never_sig,NS
Q8WVJ2,NUDCD2,Training_Young,never_sig,NS
Q8WVM8,SCFD1,Training_Young,never_sig,NS
Q8WW12,PCNP,Training_Young,never_sig,NS
Q8WW22,DNAJA4,Training_Young,imputation_dependent,Conditional
Q8WW59,SPRYD4,Training_Young,never_sig,NS
Q8WWV3,RTN4IP1,Training_Young,never_sig,NS
Q8WX93,PALLD,Training_Young,never_sig,NS
Q8WXH0,SYNE2,Training_Young,imputation_dependent,Conditional
Q8WY91,THAP4,Training_Young,never_sig,NS
Q8WYA0,IFT81,Training_Young,robust,Robust
Q8WZ42,TTN,Training_Young,never_sig,NS
Q92499,DDX1,Training_Young,robust,Robust
Q92506,HSD17B8,Training_Young,never_sig,NS
Q92523,CPT1B,Training_Young,never_sig,NS
Q92530,PSMF1,Training_Young,never_sig,NS
Q92575,UBXN4,Training_Young,never_sig,NS
Q92614,MYO18A,Training_Young,never_sig,NS
Q92616,GCN1,Training_Young,imputation_dependent,Conditional
Q92629,SGCD,Training_Young,never_sig,NS
Q92667,AKAP1,Training_Young,never_sig,NS
Q92696,RABGGTA,Training_Young,never_sig,NS
Q92734,TFG,Training_Young,never_sig,NS
Q92747,ARPC1A,Training_Young,never_sig,NS
Q92791,P3H4,Training_Young,never_sig,NS
Q92841,DDX17,Training_Young,never_sig,NS
Q92879,CELF1,Training_Young,never_sig,NS
Q92890,UFD1,Training_Young,never_sig,NS
Q92901,RPL3L,Training_Young,never_sig,NS
Q92905,COPS5,Training_Young,never_sig,NS
Q92945,KHSRP,Training_Young,never_sig,NS
Q92947,GCDH,Training_Young,never_sig,NS
Q92973,TNPO1,Training_Young,never_sig,NS
Q92995,USP13,Training_Young,never_sig,NS
Q93008,USP9X,Training_Young,robust,Robust
Q93034,CUL5,Training_Young,never_sig,NS
Q93052,LPP,Training_Young,never_sig,NS
Q93084,ATP2A3,Training_Young,never_sig,NS
Q93100,PHKB,Training_Young,never_sig,NS
Q969M7,UBE2F,Training_Young,never_sig,NS
Q969Q0,RPL36AL,Training_Young,never_sig,NS
Q969T9,WBP2,Training_Young,robust,Robust
Q969X5,ERGIC1,Training_Young,never_sig,NS
Q969Z3,MTARC2,Training_Young,never_sig,NS
Q96A26,FAM162A,Training_Young,never_sig,NS
Q96A33,CCDC47,Training_Young,never_sig,NS
Q96A57,TMEM230,Training_Young,never_sig,NS
Q96AB3,ISOC2,Training_Young,never_sig,NS
Q96AC1,FERMT2,Training_Young,never_sig,NS
Q96AE4,FUBP1,Training_Young,never_sig,NS
Q96AG3,SLC25A46,Training_Young,imputation_masked,Conditional
Q96AN5,TMEM143,Training_Young,robust,Robust
Q96AQ6,PBXIP1,Training_Young,never_sig,NS
Q96BW5,PTER,Training_Young,never_sig,NS
Q96C00,ZBTB9,Training_Young,never_sig,NS
Q96C01,FAM136A,Training_Young,never_sig,NS
Q96C11,FGGY,Training_Young,never_sig,NS
Q96C23,GALM,Training_Young,never_sig,NS
Q96C86,DCPS,Training_Young,never_sig,NS
Q96C90,PPP1R14B,Training_Young,robust,Robust
Q96CM8,ACSF2,Training_Young,never_sig,NS
Q96CN7,ISOC1,Training_Young,imputation_masked,Conditional
Q96CT7,CCDC124,Training_Young,never_sig,NS
Q96CV9,OPTN,Training_Young,never_sig,NS
Q96CW1,AP2M1,Training_Young,never_sig,NS
Q96CX2,KCTD12,Training_Young,never_sig,NS
Q96DB5,RMDN1,Training_Young,never_sig,NS
Q96DC8,ECHDC3,Training_Young,never_sig,NS
Q96DE0,NUDT16,Training_Young,imputation_dependent,Conditional
Q96DG6,CMBL,Training_Young,never_sig,NS
Q96DH6,MSI2,Training_Young,never_sig,NS
Q96DV4,MRPL38,Training_Young,never_sig,NS
Q96E11,MRRF,Training_Young,imputation_dependent,Conditional
Q96EL3,MRPL53,Training_Young,never_sig,NS
Q96EP5,DAZAP1,Training_Young,never_sig,NS
Q96EY1,DNAJA3,Training_Young,never_sig,NS
Q96EY7,PTCD3,Training_Young,never_sig,NS
Q96EY8,MMAB,Training_Young,never_sig,NS
Q96FJ2,DYNLL2,Training_Young,never_sig,NS
Q96FQ6,S100A16,Training_Young,never_sig,NS
Q96FV2,SCRN2,Training_Young,never_sig,NS
Q96FW1,OTUB1,Training_Young,never_sig,NS
Q96FZ7,CHMP6,Training_Young,never_sig,NS
Q96GD0,PDXP,Training_Young,never_sig,NS
Q96GG9,DCUN1D1,Training_Young,never_sig,NS
Q96GK7,FAHD2A,Training_Young,never_sig,NS
Q96H20,SNF8,Training_Young,never_sig,NS
Q96HC4,PDLIM5,Training_Young,never_sig,NS
Q96HD1,CRELD1,Training_Young,never_sig,NS
Q96HE7,ERO1A,Training_Young,never_sig,NS
Q96HN2,AHCYL2,Training_Young,never_sig,NS
Q96HS1,PGAM5,Training_Young,never_sig,NS
Q96HY6,DDRGK1,Training_Young,never_sig,NS
Q96I23,PYURF,Training_Young,never_sig,NS
Q96I99,SUCLG2,Training_Young,never_sig,NS
Q96IU4,ABHD14B,Training_Young,never_sig,NS
Q96IV0,NGLY1,Training_Young,never_sig,NS
Q96JJ7,TMX3,Training_Young,never_sig,NS
Q96K17,BTF3L4,Training_Young,never_sig,NS
Q96K76,USP47,Training_Young,never_sig,NS
Q96KP4,CNDP2,Training_Young,never_sig,NS
Q96L96,ALPK3,Training_Young,never_sig,NS
Q96MF2,STAC3,Training_Young,never_sig,NS
Q96MF6,COQ10A,Training_Young,never_sig,NS
Q96MG2,JSRP1,Training_Young,never_sig,NS
Q96PE7,MCEE,Training_Young,never_sig,NS
Q96PU8,QKI,Training_Young,never_sig,NS
Q96Q06,PLIN4,Training_Young,imputation_dependent,Conditional
Q96Q83,ALKBH3,Training_Young,never_sig,NS
Q96QK1,VPS35,Training_Young,never_sig,NS
Q96QR8,PURB,Training_Young,never_sig,NS
Q96RK4,BBS4,Training_Young,never_sig,NS
Q96RL7,VPS13A,Training_Young,never_sig,NS
Q96RP9,GFM1,Training_Young,never_sig,NS
Q96RQ3,MCCC1,Training_Young,never_sig,NS
Q96S19,METTL26,Training_Young,never_sig,NS
Q96S66,CLCC1,Training_Young,never_sig,NS
Q96S96,PEBP4,Training_Young,imputation_dependent,Conditional
Q96S99,PLEKHF1,Training_Young,robust,Robust
Q99417,MYCBP,Training_Young,never_sig,NS
Q99426,TBCB,Training_Young,imputation_dependent,Conditional
Q99436,PSMB7,Training_Young,never_sig,NS
Q99447,PCYT2,Training_Young,never_sig,NS
Q99460,PSMD1,Training_Young,never_sig,NS
Q99471,PFDN5,Training_Young,never_sig,NS
Q99487,PAFAH2,Training_Young,never_sig,NS
Q99497,PARK7,Training_Young,never_sig,NS
Q99536,VAT1,Training_Young,never_sig,NS
Q99541,PLIN2,Training_Young,never_sig,NS
Q99584,S100A13,Training_Young,robust,Robust
Q99598,TSNAX,Training_Young,never_sig,NS
Q99613,EIF3C,Training_Young,never_sig,NS
Q99623,PHB2,Training_Young,never_sig,NS
Q99627,COPS8,Training_Young,never_sig,NS
Q99643,SDHC,Training_Young,never_sig,NS
Q99653,CHP1,Training_Young,never_sig,NS
Q99714,HSD17B10,Training_Young,never_sig,NS
Q99733,NAP1L4,Training_Young,never_sig,NS
Q99735,MGST2,Training_Young,never_sig,NS
Q99757,TXN2,Training_Young,never_sig,NS
Q99766,DMAC2L,Training_Young,never_sig,NS
Q99798,ACO2,Training_Young,never_sig,NS
Q99807,COQ7,Training_Young,never_sig,NS
Q99808,SLC29A1,Training_Young,never_sig,NS
Q99816,TSG101,Training_Young,never_sig,NS
Q99829,CPNE1,Training_Young,never_sig,NS
Q99832,CCT7,Training_Young,robust,Robust
Q99873,PRMT1,Training_Young,never_sig,NS
Q9BPW8,NIPSNAP1,Training_Young,never_sig,NS
Q9BPX5,ARPC5L,Training_Young,never_sig,NS
Q9BPX6,MICU1,Training_Young,never_sig,NS
Q9BQ69,MACROD1,Training_Young,never_sig,NS
Q9BQA1,WDR77,Training_Young,never_sig,NS
Q9BQE5,APOL2,Training_Young,never_sig,NS
Q9BQS8,FYCO1,Training_Young,never_sig,NS
Q9BR39,JPH2,Training_Young,robust,Robust
Q9BR76,CORO1B,Training_Young,never_sig,NS
Q9BRA2,TXNDC17,Training_Young,never_sig,NS
Q9BRC7,PLCD4,Training_Young,never_sig,NS
Q9BRF8,CPPED1,Training_Young,never_sig,NS
Q9BRG1,VPS25,Training_Young,never_sig,NS
Q9BRT3,MIEN1,Training_Young,never_sig,NS
Q9BRX2,PELO,Training_Young,never_sig,NS
Q9BRX8,PRXL2A,Training_Young,never_sig,NS
Q9BS26,ERP44,Training_Young,never_sig,NS
Q9BS40,LXN,Training_Young,never_sig,NS
Q9BS92,NIPSNAP3B,Training_Young,never_sig,NS
Q9BSD7,NTPCR,Training_Young,never_sig,NS
Q9BSE5,AGMAT,Training_Young,never_sig,NS
Q9BSH4,TACO1,Training_Young,never_sig,NS
Q9BSJ8,ESYT1,Training_Young,never_sig,NS
Q9BSL1,UBAC1,Training_Young,never_sig,NS
Q9BT78,COPS4,Training_Young,never_sig,NS
Q9BTE1,DCTN5,Training_Young,imputation_masked,Conditional
Q9BTE6,AARSD1,Training_Young,never_sig,NS
Q9BTV4,TMEM43,Training_Young,never_sig,NS
Q9BTZ2,DHRS4,Training_Young,never_sig,NS
Q9BUB7,TMEM70,Training_Young,never_sig,NS
Q9BUF5,TUBB6,Training_Young,robust,Robust
Q9BUK0,CHCHD7,Training_Young,never_sig,NS
Q9BUR5,APOO,Training_Young,never_sig,NS
Q9BV20,MRI1,Training_Young,never_sig,NS
Q9BV23,ABHD6,Training_Young,never_sig,NS
Q9BV57,ADI1,Training_Young,never_sig,NS
Q9BV79,MECR,Training_Young,never_sig,NS
Q9BV86,NTMT1,Training_Young,never_sig,NS
Q9BVC6,TMEM109,Training_Young,never_sig,NS
Q9BVK6,TMED9,Training_Young,never_sig,NS
Q9BVV7,TIMM21,Training_Young,never_sig,NS
Q9BW30,TPPP3,Training_Young,never_sig,NS
Q9BW91,NUDT9,Training_Young,never_sig,NS
Q9BWH2,FUNDC2,Training_Young,never_sig,NS
Q9BX66,SORBS1,Training_Young,imputation_dependent,Conditional
Q9BX68,HINT2,Training_Young,never_sig,NS
Q9BXB4,OSBPL11,Training_Young,never_sig,NS
Q9BXI3,NT5C1A,Training_Young,never_sig,NS
Q9BXJ8,TMEM120A,Training_Young,never_sig,NS
Q9BXJ9,NAA15,Training_Young,never_sig,NS
Q9BXK5,BCL2L13,Training_Young,never_sig,NS
Q9BXS5,AP1M1,Training_Young,robust,Robust
Q9BXW6,OSBPL1A,Training_Young,never_sig,NS
Q9BXW7,HDHD5,Training_Young,never_sig,NS
Q9BY44,EIF2A,Training_Young,never_sig,NS
Q9BYD1,MRPL13,Training_Young,never_sig,NS
Q9BYD2,MRPL9,Training_Young,never_sig,NS
Q9BYD3,MRPL4,Training_Young,never_sig,NS
Q9BYD6,MRPL1,Training_Young,never_sig,NS
Q9BYT8,NLN,Training_Young,never_sig,NS
Q9BYV2,TRIM54,Training_Young,never_sig,NS
Q9BYV7,BCO2,Training_Young,never_sig,NS
Q9BZE1,MRPL37,Training_Young,never_sig,NS
Q9BZE9,ASPSCR1,Training_Young,imputation_dependent,Conditional
Q9BZL1,UBL5,Training_Young,imputation_dependent,Conditional
Q9BZQ8,NIBAN1,Training_Young,robust,Robust
Q9BZV1,UBXN6,Training_Young,never_sig,NS
Q9C0C9,UBE2O,Training_Young,never_sig,NS
Q9C0E8,LNPK,Training_Young,never_sig,NS
Q9GZP4,PITHD1,Training_Young,never_sig,NS
Q9GZT3,SLIRP,Training_Young,never_sig,NS
Q9GZT8,NIF3L1,Training_Young,imputation_dependent,Conditional
Q9GZT9,EGLN1,Training_Young,never_sig,NS
Q9GZV1,ANKRD2,Training_Young,never_sig,NS
Q9GZZ1,NAA50,Training_Young,never_sig,NS
Q9H061,TMEM126A,Training_Young,never_sig,NS
Q9H074,PAIP1,Training_Young,never_sig,NS
Q9H078,CLPB,Training_Young,never_sig,NS
Q9H0E2,TOLLIP,Training_Young,never_sig,NS
Q9H0N5,PCBD2,Training_Young,never_sig,NS
Q9H0P0,NT5C3A,Training_Young,never_sig,NS
Q9H0R4,HDHD2,Training_Young,never_sig,NS
Q9H0U4,RAB1B,Training_Young,never_sig,NS
Q9H0W9,C11orf54,Training_Young,never_sig,NS
Q9H1E3,NUCKS1,Training_Young,never_sig,NS
Q9H1E5,TMX4,Training_Young,never_sig,NS
Q9H1R3,MYLK2,Training_Young,never_sig,NS
Q9H223,EHD4,Training_Young,never_sig,NS
Q9H299,SH3BGRL3,Training_Young,never_sig,NS
Q9H2G2,SLK,Training_Young,never_sig,NS
Q9H2H8,PPIL3,Training_Young,never_sig,NS
Q9H2I8,LRMDA,Training_Young,never_sig,NS
Q9H2S6,TNMD,Training_Young,never_sig,NS
Q9H2U2,PPA2,Training_Young,never_sig,NS
Q9H2W6,MRPL46,Training_Young,never_sig,NS
Q9H330,TMEM245,Training_Young,never_sig,NS
Q9H3H3,C11orf68,Training_Young,never_sig,NS
Q9H3K2,GHITM,Training_Young,never_sig,NS
Q9H3K6,BOLA2,Training_Young,robust,Robust
Q9H3N1,TMX1,Training_Young,never_sig,NS
Q9H444,CHMP4B,Training_Young,never_sig,NS
Q9H477,RBKS,Training_Young,never_sig,NS
Q9H479,FN3K,Training_Young,never_sig,NS
Q9H496,TOR1AIP2,Training_Young,never_sig,NS
Q9H4A4,RNPEP,Training_Young,never_sig,NS
Q9H4G4,GLIPR2,Training_Young,imputation_dependent,Conditional
Q9H4M9,EHD1,Training_Young,never_sig,NS
Q9H6F2,TMEM38A,Training_Young,never_sig,NS
Q9H6K4,OPA3,Training_Young,never_sig,NS
Q9H773,DCTPP1,Training_Young,never_sig,NS
Q9H7C9,AAMDC,Training_Young,imputation_dependent,Conditional
Q9H7Z7,PTGES2,Training_Young,never_sig,NS
Q9H832,UBE2Z,Training_Young,never_sig,NS
Q9H845,ACAD9,Training_Young,never_sig,NS
Q9H8H3,METTL7A,Training_Young,never_sig,NS
Q9H8M1,COQ10B,Training_Young,never_sig,NS
Q9H8S9,MOB1A,Training_Young,never_sig,NS
Q9H8Y8,GORASP2,Training_Young,never_sig,NS
Q9H910,JPT2,Training_Young,imputation_masked,Conditional
Q9H987,SYNPO2L,Training_Young,never_sig,NS
Q9H993,ARMT1,Training_Young,never_sig,NS
Q9H9A6,LRRC40,Training_Young,never_sig,NS
Q9H9B4,SFXN1,Training_Young,never_sig,NS
Q9H9P8,L2HGDH,Training_Young,never_sig,NS
Q9H9Q2,COPS7B,Training_Young,never_sig,NS
Q9HA64,FN3KRP,Training_Young,never_sig,NS
Q9HA65,TBC1D17,Training_Young,never_sig,NS
Q9HA77,CARS2,Training_Young,never_sig,NS
Q9HB71,CACYBP,Training_Young,never_sig,NS
Q9HBH5,RDH14,Training_Young,never_sig,NS
Q9HBI1,PARVB,Training_Young,never_sig,NS
Q9HBL0,TNS1,Training_Young,never_sig,NS
Q9HBL7,PLGRKT,Training_Young,never_sig,NS
Q9HC38,GLOD4,Training_Young,never_sig,NS
Q9HCC0,MCCC2,Training_Young,never_sig,NS
Q9HCP6,HHATL,Training_Young,never_sig,NS
Q9HCU5,PREB,Training_Young,never_sig,NS
Q9HD33,MRPL47,Training_Young,never_sig,NS
Q9HDC5,JPH1,Training_Young,never_sig,NS
Q9HDC9,APMAP,Training_Young,imputation_dependent,Conditional
Q9NNW7,TXNRD2,Training_Young,never_sig,NS
Q9NP72,RAB18,Training_Young,never_sig,NS
Q9NP74,PALMD,Training_Young,never_sig,NS
Q9NP77,SSU72,Training_Young,robust,Robust
Q9NP79,VTA1,Training_Young,never_sig,NS
Q9NP81,SARS2,Training_Young,never_sig,NS
Q9NP97,DYNLRB1,Training_Young,never_sig,NS
Q9NP98,MYOZ1,Training_Young,never_sig,NS
Q9NPC6,MYOZ2,Training_Young,never_sig,NS
Q9NPF4,OSGEP,Training_Young,never_sig,NS
Q9NPJ3,ACOT13,Training_Young,never_sig,NS
Q9NQ50,MRPL40,Training_Young,never_sig,NS
Q9NQ88,TIGAR,Training_Young,never_sig,NS
Q9NQC3,RTN4,Training_Young,never_sig,NS
Q9NQE9,HINT3,Training_Young,never_sig,NS
Q9NQP4,PFDN4,Training_Young,never_sig,NS
Q9NQR4,NIT2,Training_Young,never_sig,NS
Q9NQW7,XPNPEP1,Training_Young,never_sig,NS
Q9NQX3,GPHN,Training_Young,never_sig,NS
Q9NR12,PDLIM7,Training_Young,never_sig,NS
Q9NR19,ACSS2,Training_Young,robust,Robust
Q9NR28,DIABLO,Training_Young,never_sig,NS
Q9NR31,SAR1A,Training_Young,never_sig,NS
Q9NR46,SH3GLB2,Training_Young,never_sig,NS
Q9NR50,EIF2B3,Training_Young,never_sig,NS
Q9NR56,MBNL1,Training_Young,never_sig,NS
Q9NRG7,SDR39U1,Training_Young,never_sig,NS
Q9NRN7,AASDHPPT,Training_Young,never_sig,NS
Q9NRP0,OSTC,Training_Young,never_sig,NS
Q9NRP2,CMC2,Training_Young,never_sig,NS
Q9NRV9,HEBP1,Training_Young,never_sig,NS
Q9NRX4,PHPT1,Training_Young,never_sig,NS
Q9NS69,TOMM22,Training_Young,robust,Robust
Q9NS86,LANCL2,Training_Young,imputation_dependent,Conditional
Q9NSD9,FARSB,Training_Young,robust,Robust
Q9NSE4,IARS2,Training_Young,never_sig,NS
Q9NTG7,SIRT3,Training_Young,never_sig,NS
Q9NTJ4,MAN2C1,Training_Young,never_sig,NS
Q9NTK5,OLA1,Training_Young,never_sig,NS
Q9NTM9,CUTC,Training_Young,never_sig,NS
Q9NUB1,ACSS1,Training_Young,never_sig,NS
Q9NUJ1,ABHD10,Training_Young,never_sig,NS
Q9NUU7,DDX19A,Training_Young,never_sig,NS
Q9NVA2,SEPTIN11,Training_Young,never_sig,NS
Q9NVD7,PARVA,Training_Young,never_sig,NS
Q9NVE7,PANK4,Training_Young,never_sig,NS
Q9NVH1,DNAJC11,Training_Young,never_sig,NS
Q9NVH6,TMLHE,Training_Young,never_sig,NS
Q9NVI7,ATAD3A,Training_Young,never_sig,NS
Q9NVJ2,ARL8B,Training_Young,never_sig,NS
Q9NVS2,MRPS18A,Training_Young,never_sig,NS
Q9NVS9,PNPO,Training_Young,never_sig,NS
Q9NWU1,OXSM,Training_Young,never_sig,NS
Q9NWU5,MRPL22,Training_Young,never_sig,NS
Q9NWV4,CZIB,Training_Young,imputation_dependent,Conditional
Q9NWV8,BABAM1,Training_Young,never_sig,NS
Q9NX14,NDUFB11,Training_Young,never_sig,NS
Q9NX40,OCIAD1,Training_Young,never_sig,NS
Q9NX47,MARCHF5,Training_Young,never_sig,NS
Q9NX63,CHCHD3,Training_Young,never_sig,NS
Q9NXA8,SIRT5,Training_Young,never_sig,NS
Q9NXR7,BABAM2,Training_Young,never_sig,NS
Q9NY33,DPP3,Training_Young,robust,Robust
Q9NY65,TUBA8,Training_Young,never_sig,NS
Q9NYL2,MAP3K20,Training_Young,never_sig,NS
Q9NYU2,UGGT1,Training_Young,never_sig,NS
Q9NZ01,TECR,Training_Young,never_sig,NS
Q9NZ08,ERAP1,Training_Young,never_sig,NS
Q9NZ45,CISD1,Training_Young,never_sig,NS
Q9NZA1,CLIC5,Training_Young,never_sig,NS
Q9NZB2,FAM120A,Training_Young,never_sig,NS
Q9NZD2,GLTP,Training_Young,never_sig,NS
Q9NZJ6,COQ3,Training_Young,never_sig,NS
Q9NZL4,HSPBP1,Training_Young,never_sig,NS
Q9NZL9,MAT2B,Training_Young,never_sig,NS
Q9NZM1,MYOF,Training_Young,never_sig,NS
Q9NZN4,EHD2,Training_Young,imputation_dependent,Conditional
Q9NZQ9,TMOD4,Training_Young,never_sig,NS
Q9NZU5,LMCD1,Training_Young,never_sig,NS
Q9NZZ3,CHMP5,Training_Young,never_sig,NS
Q9P003,CNIH4,Training_Young,never_sig,NS
Q9P032,NDUFAF4,Training_Young,never_sig,NS
Q9P0I2,EMC3,Training_Young,never_sig,NS
Q9P0J0,NDUFA13,Training_Young,never_sig,NS
Q9P0J1,PDP1,Training_Young,never_sig,NS
Q9P0J6,MRPL36,Training_Young,never_sig,NS
Q9P0L0,VAPA,Training_Young,never_sig,NS
Q9P0P0,RNF181,Training_Young,never_sig,NS
Q9P2J5,LARS1,Training_Young,never_sig,NS
Q9P2R7,SUCLA2,Training_Young,never_sig,NS
Q9P2T1,GMPR2,Training_Young,never_sig,NS
Q9P2X0,DPM3,Training_Young,never_sig,NS
Q9P2X3,IMPACT,Training_Young,never_sig,NS
Q9UBB4,ATXN10,Training_Young,never_sig,NS
Q9UBC2,EPS15L1,Training_Young,never_sig,NS
Q9UBE0,SAE1,Training_Young,never_sig,NS
Q9UBF6,RNF7,Training_Young,robust,Robust
Q9UBF9,MYOT,Training_Young,never_sig,NS
Q9UBI6,GNG12,Training_Young,never_sig,NS
Q9UBQ0,VPS29,Training_Young,never_sig,NS
Q9UBQ5,EIF3K,Training_Young,never_sig,NS
Q9UBQ7,GRHPR,Training_Young,never_sig,NS
Q9UBR2,CTSZ,Training_Young,never_sig,NS
Q9UBT2,UBA2,Training_Young,never_sig,NS
Q9UBW8,COPS7A,Training_Young,never_sig,NS
Q9UBY9,HSPB7,Training_Young,robust,Robust
Q9UDT6,CLIP2,Training_Young,never_sig,NS
Q9UDW1,UQCR10,Training_Young,never_sig,NS
Q9UDY4,DNAJB4,Training_Young,never_sig,NS
Q9UFN0,NIPSNAP3A,Training_Young,never_sig,NS
Q9UGI8,TES,Training_Young,never_sig,NS
Q9UGL1,KDM5B,Training_Young,never_sig,NS
Q9UGM6,WARS2,Training_Young,never_sig,NS
Q9UH92,MLX,Training_Young,never_sig,NS
Q9UHD8,SEPTIN9,Training_Young,never_sig,NS
Q9UHD9,UBQLN2,Training_Young,never_sig,NS
Q9UHG3,PCYOX1,Training_Young,never_sig,NS
Q9UHL4,DPP7,Training_Young,imputation_dependent,Conditional
Q9UHP9,SMPX,Training_Young,never_sig,NS
Q9UHQ4,BCAP29,Training_Young,never_sig,NS
Q9UHQ9,CYB5R1,Training_Young,never_sig,NS
Q9UHV9,PFDN2,Training_Young,never_sig,NS
Q9UHX1,PUF60,Training_Young,never_sig,NS
Q9UHY7,ENOPH1,Training_Young,never_sig,NS
Q9UI09,NDUFA12,Training_Young,imputation_dependent,Conditional
Q9UI10,EIF2B4,Training_Young,never_sig,NS
Q9UI12,ATP6V1H,Training_Young,never_sig,NS
Q9UI30,TRMT112,Training_Young,never_sig,NS
Q9UIA9,XPO7,Training_Young,never_sig,NS
Q9UIC8,LCMT1,Training_Young,never_sig,NS
Q9UII2,ATP5IF1,Training_Young,never_sig,NS
Q9UIJ7,AK3,Training_Young,never_sig,NS
Q9UJ70,NAGK,Training_Young,never_sig,NS
Q9UJS0,SLC25A13,Training_Young,never_sig,NS
Q9UJU6,DBNL,Training_Young,never_sig,NS
Q9UJW0,DCTN4,Training_Young,imputation_dependent,Conditional
Q9UJY1,HSPB8,Training_Young,never_sig,NS
Q9UJZ1,STOML2,Training_Young,never_sig,NS
Q9UK41,VPS28,Training_Young,never_sig,NS
Q9UK76,JPT1,Training_Young,never_sig,NS
Q9UKG1,APPL1,Training_Young,imputation_dependent,Conditional
Q9UKS6,PACSIN3,Training_Young,never_sig,NS
Q9UKU7,ACAD8,Training_Young,never_sig,NS
Q9UKV8,AGO2,Training_Young,never_sig,NS
Q9UKX2,MYH2,Training_Young,never_sig,NS
Q9UKX3,MYH13,Training_Young,never_sig,NS
Q9UKY7,CDV3,Training_Young,never_sig,NS
Q9UL25,RAB21,Training_Young,never_sig,NS
Q9UL46,PSME2,Training_Young,robust,Robust
Q9ULA0,DNPEP,Training_Young,never_sig,NS
Q9ULC4,MCTS1,Training_Young,never_sig,NS
Q9ULP9,TBC1D24,Training_Young,never_sig,NS
Q9UM00,TMCO1,Training_Young,never_sig,NS
Q9UM22,EPDR1,Training_Young,never_sig,NS
Q9UM54,MYO6,Training_Young,never_sig,NS
Q9UMS0,NFU1,Training_Young,imputation_dependent,Conditional
Q9UMS6,SYNPO2,Training_Young,never_sig,NS
Q9UMX0,UBQLN1,Training_Young,never_sig,NS
Q9UMY4,SNX12,Training_Young,never_sig,NS
Q9UN36,NDRG2,Training_Young,never_sig,NS
Q9UN37,VPS4A,Training_Young,never_sig,NS
Q9UN86,G3BP2,Training_Young,never_sig,NS
Q9UNE7,STUB1,Training_Young,never_sig,NS
Q9UNF0,PACSIN2,Training_Young,never_sig,NS
Q9UNH7,SNX6,Training_Young,never_sig,NS
Q9UNM6,PSMD13,Training_Young,never_sig,NS
Q9UNS2,COPS3,Training_Young,never_sig,NS
Q9UNZ2,NSFL1C,Training_Young,never_sig,NS
Q9UPN7,PPP6R1,Training_Young,imputation_dependent,Conditional
Q9UPQ0,LIMCH1,Training_Young,never_sig,NS
Q9UPU5,USP24,Training_Young,never_sig,NS
Q9UPY8,MAPRE3,Training_Young,never_sig,NS
Q9UQ80,PA2G4,Training_Young,never_sig,NS
Q9UQM7,CAMK2A,Training_Young,never_sig,NS
Q9UQN3,CHMP2B,Training_Young,never_sig,NS
Q9Y224,RTRAF,Training_Young,never_sig,NS
Q9Y230,RUVBL2,Training_Young,never_sig,NS
Q9Y235,APOBEC2,Training_Young,never_sig,NS
Q9Y237,PIN4,Training_Young,never_sig,NS
Q9Y262,EIF3L,Training_Young,never_sig,NS
Q9Y263,PLAA,Training_Young,never_sig,NS
Q9Y266,NUDC,Training_Young,never_sig,NS
Q9Y276,BCS1L,Training_Young,never_sig,NS
Q9Y277,VDAC3,Training_Young,robust,Robust
Q9Y281,CFL2,Training_Young,never_sig,NS
Q9Y285,FARSA,Training_Young,robust,Robust
Q9Y2B0,CNPY2,Training_Young,never_sig,NS
Q9Y2H6,FNDC3A,Training_Young,never_sig,NS
Q9Y2J8,PADI2,Training_Young,robust,Robust
Q9Y2Q3,GSTK1,Training_Young,never_sig,NS
Q9Y2Q5,LAMTOR2,Training_Young,never_sig,NS
Q9Y2Q9,MRPS35,Training_Young,never_sig,NS
Q9Y2R0,COA3,Training_Young,never_sig,NS
Q9Y2S6,TMA7,Training_Young,never_sig,NS
Q9Y2Z0,SUGT1,Training_Young,never_sig,NS
Q9Y2Z9,COQ6,Training_Young,never_sig,NS
Q9Y305,ACOT9,Training_Young,never_sig,NS
Q9Y316,MEMO1,Training_Young,never_sig,NS
Q9Y320,TMX2,Training_Young,robust,Robust
Q9Y371,SH3GLB1,Training_Young,never_sig,NS
Q9Y376,CAB39,Training_Young,never_sig,NS
Q9Y383,LUC7L2,Training_Young,never_sig,NS
Q9Y394,DHRS7,Training_Young,never_sig,NS
Q9Y3A3,MOB4,Training_Young,never_sig,NS
Q9Y3A5,SBDS,Training_Young,never_sig,NS
Q9Y3B7,MRPL11,Training_Young,never_sig,NS
Q9Y3C6,PPIL1,Training_Young,never_sig,NS
Q9Y3D2,MSRB2,Training_Young,never_sig,NS
Q9Y3D6,FIS1,Training_Young,never_sig,NS
Q9Y3F4,STRAP,Training_Young,never_sig,NS
Q9Y3I0,RTCB,Training_Young,robust,Robust
Q9Y3U8,RPL36,Training_Young,never_sig,NS
Q9Y3Z3,SAMHD1,Training_Young,never_sig,NS
Q9Y450,HBS1L,Training_Young,never_sig,NS
Q9Y490,TLN1,Training_Young,never_sig,NS
Q9Y4E8,USP15,Training_Young,never_sig,NS
Q9Y4G6,TLN2,Training_Young,never_sig,NS
Q9Y4J8,DTNA,Training_Young,never_sig,NS
Q9Y4L1,HYOU1,Training_Young,imputation_dependent,Conditional
Q9Y4W6,AFG3L2,Training_Young,never_sig,NS
Q9Y4X5,ARIH1,Training_Young,never_sig,NS
Q9Y508,RNF114,Training_Young,never_sig,NS
Q9Y512,SAMM50,Training_Young,never_sig,NS
Q9Y570,PPME1,Training_Young,never_sig,NS
Q9Y5J7,TIMM9,Training_Young,never_sig,NS
Q9Y5J9,TIMM8B,Training_Young,never_sig,NS
Q9Y5K5,UCHL5,Training_Young,never_sig,NS
Q9Y5L4,TIMM13,Training_Young,never_sig,NS
Q9Y5M8,SRPRB,Training_Young,never_sig,NS
Q9Y5P6,GMPPB,Training_Young,never_sig,NS
Q9Y5U8,MPC1,Training_Young,never_sig,NS
Q9Y5X3,SNX5,Training_Young,never_sig,NS
Q9Y5Z4,HEBP2,Training_Young,never_sig,NS
Q9Y5Z7,HCFC2,Training_Young,never_sig,NS
Q9Y613,FHOD1,Training_Young,never_sig,NS
Q9Y623,MYH4,Training_Young,never_sig,NS
Q9Y676,MRPS18B,Training_Young,never_sig,NS
Q9Y678,COPG1,Training_Young,never_sig,NS
Q9Y696,CLIC4,Training_Young,never_sig,NS
Q9Y697,NFS1,Training_Young,never_sig,NS
Q9Y6A9,SPCS1,Training_Young,never_sig,NS
Q9Y6B6,SAR1B,Training_Young,never_sig,NS
Q9Y6C9,MTCH2,Training_Young,never_sig,NS
Q9Y6E2,BZW2,Training_Young,never_sig,NS
Q9Y6G9,DYNC1LI1,Training_Young,robust,Robust
Q9Y6H1,CHCHD2,Training_Young,never_sig,NS
Q9Y6M9,NDUFB9,Training_Young,robust,Robust
Q9Y6N1,COX11,Training_Young,never_sig,NS
Q9Y6N5,SQOR,Training_Young,never_sig,NS
Q9Y6P5,SESN1,Training_Young,never_sig,NS
Q9Y6Y8,SEC23IP,Training_Young,never_sig,NS
A0A0U1RRL7,MMP24OS,Training_Old,never_sig,NS
A0FGR8,ESYT2,Training_Old,never_sig,NS
A1L0T0,ILVBL,Training_Old,never_sig,NS
A1L4K1,FSD2,Training_Old,never_sig,NS
A2RTX5,TARS3,Training_Old,never_sig,NS
A3KMH1,VWA8,Training_Old,never_sig,NS
A5YM72,CARNS1,Training_Old,never_sig,NS
A6NCE7,MAP1LC3B2,Training_Old,never_sig,NS
A6NDG6,PGP,Training_Old,never_sig,NS
A6NNS2,DHRS7C,Training_Old,never_sig,NS
A8MU46,SMTNL1,Training_Old,never_sig,NS
A8MXV4,NUDT19,Training_Old,never_sig,NS
E9PAV3,NACA,Training_Old,never_sig,NS
L0R6Q1,SLC35A4,Training_Old,never_sig,NS
O00151,PDLIM1,Training_Old,never_sig,NS
O00159,MYO1C,Training_Old,never_sig,NS
O00168,FXYD1,Training_Old,never_sig,NS
O00186,STXBP3,Training_Old,never_sig,NS
O00217,NDUFS8,Training_Old,never_sig,NS
O00231,PSMD11,Training_Old,never_sig,NS
O00232,PSMD12,Training_Old,never_sig,NS
O00233,PSMD9,Training_Old,never_sig,NS
O00264,PGRMC1,Training_Old,never_sig,NS
O00299,CLIC1,Training_Old,never_sig,NS
O00303,EIF3F,Training_Old,never_sig,NS
O00330,PDHX,Training_Old,never_sig,NS
O00399,DCTN6,Training_Old,never_sig,NS
O00410,IPO5,Training_Old,never_sig,NS
O00418,EEF2K,Training_Old,never_sig,NS
O00423,EML1,Training_Old,never_sig,NS
O00429,DNM1L,Training_Old,never_sig,NS
O00442,RTCA,Training_Old,never_sig,NS
O00483,NDUFA4,Training_Old,never_sig,NS
O00487,PSMD14,Training_Old,never_sig,NS
O00499,BIN1,Training_Old,never_sig,NS
O00505,KPNA3,Training_Old,never_sig,NS
O00571,DDX3X,Training_Old,never_sig,NS
O00629,KPNA4,Training_Old,never_sig,NS
O00748,CES2,Training_Old,never_sig,NS
O00757,FBP2,Training_Old,never_sig,NS
O00764,PDXK,Training_Old,never_sig,NS
O14521,SDHD,Training_Old,never_sig,NS
O14548,COX7A2L,Training_Old,never_sig,NS
O14556,GAPDHS,Training_Old,never_sig,NS
O14558,HSPB6,Training_Old,never_sig,NS
O14561,NDUFAB1,Training_Old,never_sig,NS
O14732,IMPA2,Training_Old,never_sig,NS
O14737,PDCD5,Training_Old,never_sig,NS
O14744,PRMT5,Training_Old,never_sig,NS
O14818,PSMA7,Training_Old,never_sig,NS
O14841,OPLAH,Training_Old,never_sig,NS
O14880,MGST3,Training_Old,never_sig,NS
O14924,RGS12,Training_Old,never_sig,NS
O14929,HAT1,Training_Old,never_sig,NS
O14949,UQCRQ,Training_Old,never_sig,NS
O14950,MYL12B,Training_Old,never_sig,NS
O14957,UQCR11,Training_Old,never_sig,NS
O14958,CASQ2,Training_Old,never_sig,NS
O14964,HGS,Training_Old,never_sig,NS
O14979,HNRNPDL,Training_Old,never_sig,NS
O14980,XPO1,Training_Old,never_sig,NS
O14983,ATP2A1,Training_Old,never_sig,NS
O15056,SYNJ2,Training_Old,never_sig,NS
O15061,SYNM,Training_Old,never_sig,NS
O15143,ARPC1B,Training_Old,never_sig,NS
O15144,ARPC2,Training_Old,never_sig,NS
O15173,PGRMC2,Training_Old,never_sig,NS
O15212,PFDN6,Training_Old,never_sig,NS
O15239,NDUFA1,Training_Old,never_sig,NS
O15260,SURF4,Training_Old,never_sig,NS
O15264,MAPK13,Training_Old,never_sig,NS
O15273,TCAP,Training_Old,never_sig,NS
O15305,PMM2,Training_Old,never_sig,NS
O15371,EIF3D,Training_Old,never_sig,NS
O15372,EIF3H,Training_Old,never_sig,NS
O15382,BCAT2,Training_Old,never_sig,NS
O15400,STX7,Training_Old,never_sig,NS
O15427,SLC16A3,Training_Old,never_sig,NS
O15498,YKT6,Training_Old,never_sig,NS
O15511,ARPC5,Training_Old,never_sig,NS
O15533,TAPBP,Training_Old,never_sig,NS
O43143,DHX15,Training_Old,never_sig,NS
O43169,CYB5B,Training_Old,never_sig,NS
O43181,NDUFS4,Training_Old,never_sig,NS
O43237,DYNC1LI2,Training_Old,never_sig,NS
O43242,PSMD3,Training_Old,never_sig,NS
O43374,RASA4,Training_Old,never_sig,NS
O43390,HNRNPR,Training_Old,never_sig,NS
O43396,TXNL1,Training_Old,never_sig,NS
O43399,TPD52L2,Training_Old,never_sig,NS
O43414,ERI3,Training_Old,never_sig,NS
O43488,AKR7A2,Training_Old,never_sig,NS
O43561,LAT,Training_Old,never_sig,NS
O43583,DENR,Training_Old,never_sig,NS
O43598,DNPH1,Training_Old,never_sig,NS
O43615,TIMM44,Training_Old,never_sig,NS
O43617,TRAPPC3,Training_Old,never_sig,NS
O43633,CHMP2A,Training_Old,never_sig,NS
O43674,NDUFB5,Training_Old,never_sig,NS
O43676,NDUFB3,Training_Old,never_sig,NS
O43678,NDUFA2,Training_Old,never_sig,NS
O43684,BUB3,Training_Old,never_sig,NS
O43707,ACTN4,Training_Old,never_sig,NS
O43708,GSTZ1,Training_Old,never_sig,NS
O43741,PRKAB2,Training_Old,never_sig,NS
O43747,AP1G1,Training_Old,never_sig,NS
O43760,SYNGR2,Training_Old,never_sig,NS
O43765,SGTA,Training_Old,never_sig,NS
O43768,ENSA,Training_Old,never_sig,NS
O43772,SLC25A20,Training_Old,never_sig,NS
O43776,NARS1,Training_Old,never_sig,NS
O43813,LANCL1,Training_Old,never_sig,NS
O43826,SLC37A4,Training_Old,never_sig,NS
O43837,IDH3B,Training_Old,never_sig,NS
O43852,CALU,Training_Old,never_sig,NS
O43865,AHCYL1,Training_Old,never_sig,NS
O43920,NDUFS5,Training_Old,never_sig,NS
O60220,TIMM8A,Training_Old,never_sig,NS
O60237,PPP1R12B,Training_Old,never_sig,NS
O60256,PRPSAP2,Training_Old,never_sig,NS
O60271,SPAG9,Training_Old,never_sig,NS
O60313,OPA1,Training_Old,never_sig,NS
O60343,TBC1D4,Training_Old,never_sig,NS
O60493,SNX3,Training_Old,never_sig,NS
O60506,SYNCRIP,Training_Old,never_sig,NS
O60613,SELENOF,Training_Old,never_sig,NS
O60662,KLHL41,Training_Old,never_sig,NS
O60664,PLIN3,Training_Old,never_sig,NS
O60684,KPNA6,Training_Old,never_sig,NS
O60749,SNX2,Training_Old,never_sig,NS
O60763,USO1,Training_Old,never_sig,NS
O60784,TOM1,Training_Old,never_sig,NS
O60825,PFKFB2,Training_Old,never_sig,NS
O60869,EDF1,Training_Old,never_sig,NS
O60884,DNAJA2,Training_Old,never_sig,NS
O60888,CUTA,Training_Old,never_sig,NS
O60925,PFDN1,Training_Old,never_sig,NS
O60936,NOL3,Training_Old,never_sig,NS
O75083,WDR1,Training_Old,never_sig,NS
O75112,LDB3,Training_Old,never_sig,NS
O75122,CLASP2,Training_Old,never_sig,NS
O75128,COBL,Training_Old,never_sig,NS
O75131,CPNE3,Training_Old,never_sig,NS
O75153,CLUH,Training_Old,never_sig,NS
O75155,CAND2,Training_Old,never_sig,NS
O75208,COQ9,Training_Old,never_sig,NS
O75223,GGCT,Training_Old,never_sig,NS
O75251,NDUFS7,Training_Old,never_sig,NS
O75298,RTN2,Training_Old,never_sig,NS
O75306,NDUFS2,Training_Old,never_sig,NS
O75323,NIPSNAP2,Training_Old,never_sig,NS
O75339,CILP,Training_Old,never_sig,NS
O75347,TBCA,Training_Old,never_sig,NS
O75348,ATP6V1G1,Training_Old,never_sig,NS
O75351,VPS4B,Training_Old,never_sig,NS
O75368,SH3BGRL,Training_Old,never_sig,NS
O75369,FLNB,Training_Old,never_sig,NS
O75380,NDUFS6,Training_Old,never_sig,NS
O75390,CS,Training_Old,never_sig,NS
O75396,SEC22B,Training_Old,never_sig,NS
O75431,MTX2,Training_Old,never_sig,NS
O75436,VPS26A,Training_Old,never_sig,NS
O75438,NDUFB1,Training_Old,never_sig,NS
O75439,PMPCB,Training_Old,never_sig,NS
O75489,NDUFS3,Training_Old,never_sig,NS
O75521,ECI2,Training_Old,never_sig,NS
O75531,BANF1,Training_Old,never_sig,NS
O75534,CSDE1,Training_Old,never_sig,NS
O75569,PRKRA,Training_Old,never_sig,NS
O75608,LYPLA1,Training_Old,never_sig,NS
O75663,TIPRL,Training_Old,never_sig,NS
O75688,PPM1B,Training_Old,never_sig,NS
O75746,SLC25A12,Training_Old,never_sig,NS
O75764,TCEA3,Training_Old,never_sig,NS
O75821,EIF3G,Training_Old,never_sig,NS
O75822,EIF3J,Training_Old,never_sig,NS
O75832,PSMD10,Training_Old,never_sig,NS
O75874,IDH1,Training_Old,never_sig,NS
O75880,SCO1,Training_Old,never_sig,NS
O75891,ALDH1L1,Training_Old,never_sig,NS
O75915,ARL6IP5,Training_Old,never_sig,NS
O75923,DYSF,Training_Old,never_sig,NS
O75928,PIAS2,Training_Old,never_sig,NS
O75935,DCTN3,Training_Old,never_sig,NS
O75947,ATP5PD,Training_Old,never_sig,NS
O75955,FLOT1,Training_Old,never_sig,NS
O75964,ATP5MG,Training_Old,never_sig,NS
O76003,GLRX3,Training_Old,never_sig,NS
O76070,SNCG,Training_Old,never_sig,NS
O94760,DDAH1,Training_Old,never_sig,NS
O94811,TPPP,Training_Old,never_sig,NS
O94812,BAIAP3,Training_Old,never_sig,NS
O94826,TOMM70,Training_Old,never_sig,NS
O94874,UFL1,Training_Old,never_sig,NS
O94886,TMEM63A,Training_Old,never_sig,NS
O94903,PLPBP,Training_Old,never_sig,NS
O94905,ERLIN2,Training_Old,never_sig,NS
O94919,ENDOD1,Training_Old,never_sig,NS
O94979,SEC31A,Training_Old,never_sig,NS
O95139,NDUFB6,Training_Old,never_sig,NS
O95140,MFN2,Training_Old,never_sig,NS
O95167,NDUFA3,Training_Old,never_sig,NS
O95168,NDUFB4,Training_Old,never_sig,NS
O95169,NDUFB8,Training_Old,never_sig,NS
O95182,NDUFA7,Training_Old,never_sig,NS
O95197,RTN3,Training_Old,never_sig,NS
O95202,LETM1,Training_Old,never_sig,NS
O95210,STBD1,Training_Old,never_sig,NS
O95218,ZRANB2,Training_Old,never_sig,NS
O95278,EPM2A,Training_Old,never_sig,NS
O95292,VAPB,Training_Old,never_sig,NS
O95298,NDUFC2,Training_Old,never_sig,NS
O95299,NDUFA10,Training_Old,never_sig,NS
O95336,PGLS,Training_Old,never_sig,NS
O95359,TACC2,Training_Old,never_sig,NS
O95372,LYPLA2,Training_Old,never_sig,NS
O95373,IPO7,Training_Old,never_sig,NS
O95376,ARIH2,Training_Old,never_sig,NS
O95394,PGM3,Training_Old,never_sig,NS
O95425,SVIL,Training_Old,never_sig,NS
O95433,AHSA1,Training_Old,never_sig,NS
O95479,H6PD,Training_Old,never_sig,NS
O95563,MPC2,Training_Old,never_sig,NS
O95571,ETHE1,Training_Old,never_sig,NS
O95573,ACSL3,Training_Old,never_sig,NS
O95671,ASMTL,Training_Old,never_sig,NS
O95674,CDS2,Training_Old,never_sig,NS
O95721,SNAP29,Training_Old,never_sig,NS
O95747,OXSR1,Training_Old,never_sig,NS
O95777,LSM8,Training_Old,never_sig,NS
O95782,AP2A1,Training_Old,never_sig,NS
O95810,CAVIN2,Training_Old,never_sig,NS
O95816,BAG2,Training_Old,never_sig,NS
O95817,BAG3,Training_Old,never_sig,NS
O95822,MLYCD,Training_Old,never_sig,NS
O95831,AIFM1,Training_Old,never_sig,NS
O95834,EML2,Training_Old,never_sig,NS
O95861,BPNT1,Training_Old,never_sig,NS
O95865,DDAH2,Training_Old,never_sig,NS
O95870,ABHD16A,Training_Old,never_sig,NS
O95881,TXNDC12,Training_Old,never_sig,NS
O95989,NUDT3,Training_Old,never_sig,NS
O96000,NDUFB10,Training_Old,never_sig,NS
O96005,CLPTM1,Training_Old,never_sig,NS
O96007,MOCS2,Training_Old,never_sig,NS
O96008,TOMM40,Training_Old,never_sig,NS
O96011,PEX11B,Training_Old,never_sig,NS
P00167,CYB5A,Training_Old,never_sig,NS
P00325,ADH1B,Training_Old,never_sig,NS
P00338,LDHA,Training_Old,never_sig,NS
P00352,ALDH1A1,Training_Old,never_sig,NS
P00367,GLUD1,Training_Old,never_sig,NS
P00387,CYB5R3,Training_Old,never_sig,NS
P00390,GSR,Training_Old,never_sig,NS
P00395,MT-CO1,Training_Old,never_sig,NS
P00403,MT-CO2,Training_Old,never_sig,NS
P00414,MT-CO3,Training_Old,never_sig,NS
P00441,SOD1,Training_Old,never_sig,NS
P00450,CP,Training_Old,never_sig,NS
P00488,F13A1,Training_Old,never_sig,NS
P00492,HPRT1,Training_Old,imputation_dependent,Conditional
P00505,GOT2,Training_Old,never_sig,NS
P00558,PGK1,Training_Old,never_sig,NS
P00568,AK1,Training_Old,never_sig,NS
P00738,HP,Training_Old,never_sig,NS
P00751,CFB,Training_Old,never_sig,NS
P00846,MT-ATP6,Training_Old,never_sig,NS
P00918,CA2,Training_Old,never_sig,NS
P00966,ASS1,Training_Old,never_sig,NS
P01009,SERPINA1,Training_Old,never_sig,NS
P01011,SERPINA3,Training_Old,never_sig,NS
P01019,AGT,Training_Old,never_sig,NS
P01023,A2M,Training_Old,never_sig,NS
P01024,C3,Training_Old,never_sig,NS
P01034,CST3,Training_Old,never_sig,NS
P01040,CSTA,Training_Old,never_sig,NS
P01591,JCHAIN,Training_Old,never_sig,NS
P01619,IGKV3-20,Training_Old,never_sig,NS
P01780,IGHV3-7,Training_Old,never_sig,NS
P01834,IGKC,Training_Old,never_sig,NS
P01857,IGHG1,Training_Old,never_sig,NS
P01859,IGHG2,Training_Old,never_sig,NS
P01860,IGHG3,Training_Old,never_sig,NS
P01871,IGHM,Training_Old,never_sig,NS
P01876,IGHA1,Training_Old,never_sig,NS
P01889,HLA-B,Training_Old,never_sig,NS
P01911,HLA-DRB1,Training_Old,never_sig,NS
P02144,MB,Training_Old,never_sig,NS
P02452,COL1A1,Training_Old,never_sig,NS
P02461,COL3A1,Training_Old,never_sig,NS
P02462,COL4A1,Training_Old,never_sig,NS
P02511,CRYAB,Training_Old,never_sig,NS
P02533,KRT14,Training_Old,never_sig,NS
P02545,LMNA,Training_Old,never_sig,NS
P02585,TNNC2,Training_Old,never_sig,NS
P02649,APOE,Training_Old,never_sig,NS
P02655,APOC2,Training_Old,never_sig,NS
P02750,LRG1,Training_Old,never_sig,NS
P02751,FN1,Training_Old,never_sig,NS
P02753,RBP4,Training_Old,never_sig,NS
P02763,ORM1,Training_Old,never_sig,NS
P02766,TTR,Training_Old,never_sig,NS
P02768,ALB,Training_Old,never_sig,NS
P02786,TFRC,Training_Old,never_sig,NS
P02787,TF,Training_Old,never_sig,NS
P02792,FTL,Training_Old,never_sig,NS
P02794,FTH1,Training_Old,never_sig,NS
P02795,MT2A,Training_Old,never_sig,NS
P03886,MT-ND1,Training_Old,never_sig,NS
P03891,MT-ND2,Training_Old,never_sig,NS
P03897,MT-ND3,Training_Old,never_sig,NS
P03905,MT-ND4,Training_Old,never_sig,NS
P03915,MT-ND5,Training_Old,never_sig,NS
P03928,MT-ATP8,Training_Old,never_sig,NS
P04040,CAT,Training_Old,never_sig,NS
P04075,ALDOA,Training_Old,never_sig,NS
P04080,CSTB,Training_Old,never_sig,NS
P04083,ANXA1,Training_Old,never_sig,NS
P04179,SOD2,Training_Old,never_sig,NS
P04264,KRT1,Training_Old,never_sig,NS
P04275,VWF,Training_Old,never_sig,NS
P04406,GAPDH,Training_Old,never_sig,NS
P04439,HLA-A,Training_Old,never_sig,NS
P04632,CAPNS1,Training_Old,never_sig,NS
P04792,HSPB1,Training_Old,never_sig,NS
P04843,RPN1,Training_Old,never_sig,NS
P04844,RPN2,Training_Old,never_sig,NS
P04899,GNAI2,Training_Old,never_sig,NS
P05023,ATP1A1,Training_Old,never_sig,NS
P05026,ATP1B1,Training_Old,never_sig,NS
P05090,APOD,Training_Old,never_sig,NS
P05091,ALDH2,Training_Old,never_sig,NS
P05109,S100A8,Training_Old,never_sig,NS
P05141,SLC25A5,Training_Old,never_sig,NS
P05155,SERPING1,Training_Old,never_sig,NS
P05165,PCCA,Training_Old,never_sig,NS
P05166,PCCB,Training_Old,never_sig,NS
P05198,EIF2S1,Training_Old,never_sig,NS
P05386,RPLP1,Training_Old,never_sig,NS
P05387,RPLP2,Training_Old,never_sig,NS
P05388,RPLP0,Training_Old,never_sig,NS
P05413,FABP3,Training_Old,never_sig,NS
P05452,CLEC3B,Training_Old,never_sig,NS
P05455,SSB,Training_Old,never_sig,NS
P05556,ITGB1,Training_Old,never_sig,NS
P05783,KRT18,Training_Old,never_sig,NS
P05787,KRT8,Training_Old,never_sig,NS
P05976,MYL1,Training_Old,never_sig,NS
P06396,GSN,Training_Old,never_sig,NS
P06454,PTMA,Training_Old,never_sig,NS
P06576,ATP5F1B,Training_Old,never_sig,NS
P06702,S100A9,Training_Old,never_sig,NS
P06703,S100A6,Training_Old,never_sig,NS
P06730,EIF4E,Training_Old,never_sig,NS
P06732,CKM,Training_Old,never_sig,NS
P06733,ENO1,Training_Old,never_sig,NS
P06737,PYGL,Training_Old,never_sig,NS
P06744,GPI,Training_Old,never_sig,NS
P06748,NPM1,Training_Old,never_sig,NS
P06753,TPM3,Training_Old,never_sig,NS
P07099,EPHX1,Training_Old,never_sig,NS
P07108,DBI,Training_Old,never_sig,NS
P07195,LDHB,Training_Old,never_sig,NS
P07203,GPX1,Training_Old,never_sig,NS
P07237,P4HB,Training_Old,never_sig,NS
P07305,H1-0,Training_Old,never_sig,NS
P07339,CTSD,Training_Old,never_sig,NS
P07355,ANXA2,Training_Old,never_sig,NS
P07384,CAPN1,Training_Old,never_sig,NS
P07437,TUBB,Training_Old,never_sig,NS
P07451,CA3,Training_Old,never_sig,NS
P07585,DCN,Training_Old,never_sig,NS
P07602,PSAP,Training_Old,never_sig,NS
P07737,PFN1,Training_Old,never_sig,NS
P07738,BPGM,Training_Old,never_sig,NS
P07741,APRT,Training_Old,never_sig,NS
P07814,EPRS1,Training_Old,never_sig,NS
P07858,CTSB,Training_Old,never_sig,NS
P07900,HSP90AA1,Training_Old,never_sig,NS
P07919,UQCRH,Training_Old,never_sig,NS
P07951,TPM2,Training_Old,never_sig,NS
P07954,FH,Training_Old,never_sig,NS
P08123,COL1A2,Training_Old,never_sig,NS
P08133,ANXA6,Training_Old,never_sig,NS
P08237,PFKM,Training_Old,never_sig,NS
P08238,HSP90AB1,Training_Old,never_sig,NS
P08294,SOD3,Training_Old,never_sig,NS
P08311,CTSG,Training_Old,never_sig,NS
P08559,PDHA1,Training_Old,never_sig,NS
P08572,COL4A2,Training_Old,never_sig,NS
P08574,CYC1,Training_Old,never_sig,NS
P08590,MYL3,Training_Old,never_sig,NS
P08603,CFH,Training_Old,never_sig,NS
P08621,SNRNP70,Training_Old,never_sig,NS
P08651,NFIC,Training_Old,never_sig,NS
P08670,VIM,Training_Old,never_sig,NS
P08697,SERPINF2,Training_Old,never_sig,NS
P08708,RPS17,Training_Old,never_sig,NS
P08727,KRT19,Training_Old,never_sig,NS
P08758,ANXA5,Training_Old,never_sig,NS
P08865,RPSA,Training_Old,never_sig,NS
P09012,SNRPA,Training_Old,never_sig,NS
P09104,ENO2,Training_Old,never_sig,NS
P09110,ACAA1,Training_Old,never_sig,NS
P09211,GSTP1,Training_Old,never_sig,NS
P09382,LGALS1,Training_Old,never_sig,NS
P09417,QDPR,Training_Old,never_sig,NS
P09429,HMGB1,Training_Old,never_sig,NS
P09467,FBP1,Training_Old,never_sig,NS
P09488,GSTM1,Training_Old,never_sig,NS
P09493,TPM1,Training_Old,never_sig,NS
P09497,CLTB,Training_Old,never_sig,NS
P09525,ANXA4,Training_Old,never_sig,NS
P09601,HMOX1,Training_Old,never_sig,NS
P09622,DLD,Training_Old,never_sig,NS
P09651,HNRNPA1,Training_Old,never_sig,NS
P09669,COX6C,Training_Old,never_sig,NS
P09874,PARP1,Training_Old,never_sig,NS
P09913,IFIT2,Training_Old,never_sig,NS
P09936,UCHL1,Training_Old,never_sig,NS
P09960,LTA4H,Training_Old,never_sig,NS
P09972,ALDOC,Training_Old,never_sig,NS
P0CW19,LIMS3,Training_Old,never_sig,NS
P0DMV8,HSPA1A,Training_Old,never_sig,NS
P0DOY2,IGLC2,Training_Old,never_sig,NS
P0DOY3,IGLC3,Training_Old,never_sig,NS
P0DP23,CALM1,Training_Old,never_sig,NS
P10109,FDX1,Training_Old,never_sig,NS
P10176,COX8A,Training_Old,never_sig,NS
P10253,GAA,Training_Old,never_sig,NS
P10301,RRAS,Training_Old,never_sig,NS
P10398,ARAF,Training_Old,never_sig,NS
P10515,DLAT,Training_Old,never_sig,NS
P10599,TXN,Training_Old,never_sig,NS
P10606,COX5B,Training_Old,never_sig,NS
P10636,MAPT,Training_Old,never_sig,NS
P10644,PRKAR1A,Training_Old,never_sig,NS
P10768,ESD,Training_Old,never_sig,NS
P10809,HSPD1,Training_Old,never_sig,NS
P10828,THRB,Training_Old,never_sig,NS
P10909,CLU,Training_Old,never_sig,NS
P10916,MYL2,Training_Old,never_sig,NS
P11021,HSPA5,Training_Old,never_sig,NS
P11047,LAMC1,Training_Old,never_sig,NS
P11055,MYH3,Training_Old,never_sig,NS
P11142,HSPA8,Training_Old,never_sig,NS
P11171,EPB41,Training_Old,never_sig,NS
P11177,PDHB,Training_Old,never_sig,NS
P11182,DBT,Training_Old,never_sig,NS
P11216,PYGB,Training_Old,never_sig,NS
P11217,PYGM,Training_Old,never_sig,NS
P11233,RALA,Training_Old,never_sig,NS
P11277,SPTB,Training_Old,never_sig,NS
P11279,LAMP1,Training_Old,never_sig,NS
P11310,ACADM,Training_Old,never_sig,NS
P11441,UBL4A,Training_Old,never_sig,NS
P11532,DMD,Training_Old,never_sig,NS
P11586,MTHFD1,Training_Old,never_sig,NS
P11766,ADH5,Training_Old,never_sig,NS
P11940,PABPC1,Training_Old,never_sig,NS
P12081,HARS1,Training_Old,never_sig,NS
P12109,COL6A1,Training_Old,never_sig,NS
P12110,COL6A2,Training_Old,never_sig,NS
P12111,COL6A3,Training_Old,never_sig,NS
P12235,SLC25A4,Training_Old,never_sig,NS
P12236,SLC25A6,Training_Old,never_sig,NS
P12268,IMPDH2,Training_Old,never_sig,NS
P12277,CKB,Training_Old,never_sig,NS
P12429,ANXA3,Training_Old,imputation_dependent,Conditional
P12694,BCKDHA,Training_Old,never_sig,NS
P12814,ACTN1,Training_Old,never_sig,NS
P12882,MYH1,Training_Old,never_sig,NS
P12883,MYH7,Training_Old,never_sig,NS
P12955,PEPD,Training_Old,never_sig,NS
P12956,XRCC6,Training_Old,never_sig,NS
P13010,XRCC5,Training_Old,never_sig,NS
P13073,COX4I1,Training_Old,never_sig,NS
P13164,IFITM1,Training_Old,never_sig,NS
P13473,LAMP2,Training_Old,never_sig,NS
P13489,RNH1,Training_Old,never_sig,NS
P13535,MYH8,Training_Old,never_sig,NS
P13611,VCAN,Training_Old,never_sig,NS
P13639,EEF2,Training_Old,never_sig,NS
P13645,KRT10,Training_Old,never_sig,NS
P13647,KRT5,Training_Old,never_sig,NS
P13667,PDIA4,Training_Old,never_sig,NS
P13693,TPT1,Training_Old,never_sig,NS
P13716,ALAD,Training_Old,never_sig,NS
P13796,LCP1,Training_Old,never_sig,NS
P13797,PLS3,Training_Old,never_sig,NS
P13798,APEH,Training_Old,never_sig,NS
P13804,ETFA,Training_Old,never_sig,NS
P13805,TNNT1,Training_Old,never_sig,NS
P13807,GYS1,Training_Old,never_sig,NS
P13861,PRKAR2A,Training_Old,never_sig,NS
P13929,ENO3,Training_Old,never_sig,NS
P13987,CD59,Training_Old,never_sig,NS
P14174,MIF,Training_Old,never_sig,NS
P14209,CD99,Training_Old,never_sig,NS
P14314,PRKCSH,Training_Old,never_sig,NS
P14324,FDPS,Training_Old,never_sig,NS
P14406,COX7A2,Training_Old,never_sig,NS
P14543,NID1,Training_Old,never_sig,NS
P14550,AKR1A1,Training_Old,never_sig,NS
P14618,PKM,Training_Old,never_sig,NS
P14621,ACYP2,Training_Old,never_sig,NS
P14625,HSP90B1,Training_Old,never_sig,NS
P14649,MYL6B,Training_Old,never_sig,NS
P14672,SLC2A4,Training_Old,never_sig,NS
P14735,IDE,Training_Old,never_sig,NS
P14854,COX6B1,Training_Old,never_sig,NS
P14866,HNRNPL,Training_Old,never_sig,NS
P14868,DARS1,Training_Old,never_sig,NS
P14923,JUP,Training_Old,never_sig,NS
P14927,UQCRB,Training_Old,never_sig,NS
P15088,CPA3,Training_Old,never_sig,NS
P15090,FABP4,Training_Old,never_sig,NS
P15104,GLUL,Training_Old,never_sig,NS
P15121,AKR1B1,Training_Old,never_sig,NS
P15170,GSPT1,Training_Old,never_sig,NS
P15259,PGAM2,Training_Old,never_sig,NS
P15311,EZR,Training_Old,never_sig,NS
P15374,UCHL3,Training_Old,never_sig,NS
P15531,NME1,Training_Old,never_sig,NS
P15880,RPS2,Training_Old,never_sig,NS
P15927,RPA2,Training_Old,never_sig,NS
P15954,COX7C,Training_Old,never_sig,NS
P16083,NQO2,Training_Old,never_sig,NS
P16118,PFKFB1,Training_Old,never_sig,NS
P16152,CBR1,Training_Old,never_sig,NS
P16157,ANK1,Training_Old,never_sig,NS
P16219,ACADS,Training_Old,never_sig,NS
P16298,PPP3CB,Training_Old,never_sig,NS
P16615,ATP2A2,Training_Old,never_sig,NS
P16671,CD36,Training_Old,never_sig,NS
P16930,FAH,Training_Old,never_sig,NS
P16989,YBX3,Training_Old,never_sig,NS
P17152,TMEM11,Training_Old,never_sig,NS
P17174,GOT1,Training_Old,never_sig,NS
P17540,CKMT2,Training_Old,never_sig,NS
P17568,NDUFB7,Training_Old,never_sig,NS
P17612,PRKACA,Training_Old,never_sig,NS
P17655,CAPN2,Training_Old,never_sig,NS
P17661,DES,Training_Old,never_sig,NS
P17858,PFKL,Training_Old,never_sig,NS
P17931,LGALS3,Training_Old,never_sig,NS
P17948,FLT1,Training_Old,never_sig,NS
P17980,PSMC3,Training_Old,never_sig,NS
P17987,TCP1,Training_Old,never_sig,NS
P18077,RPL35A,Training_Old,never_sig,NS
P18085,ARF4,Training_Old,never_sig,NS
P18124,RPL7,Training_Old,never_sig,NS
P18206,VCL,Training_Old,never_sig,NS
P18621,RPL17,Training_Old,never_sig,NS
P18669,PGAM1,Training_Old,never_sig,NS
P18859,ATP5PF,Training_Old,never_sig,NS
P19075,TSPAN8,Training_Old,never_sig,NS
P19237,TNNI1,Training_Old,never_sig,NS
P19338,NCL,Training_Old,never_sig,NS
P19367,HK1,Training_Old,never_sig,NS
P19404,NDUFV2,Training_Old,never_sig,NS
P19623,SRM,Training_Old,never_sig,NS
P19971,TYMP,Training_Old,never_sig,NS
P20020,ATP2B1,Training_Old,never_sig,NS
P20042,EIF2S2,Training_Old,never_sig,NS
P20073,ANXA7,Training_Old,never_sig,NS
P20231,TPSB2,Training_Old,never_sig,NS
P20290,BTF3,Training_Old,never_sig,NS
P20340,RAB6A,Training_Old,never_sig,NS
P20472,PVALB,Training_Old,never_sig,NS
P20618,PSMB1,Training_Old,never_sig,NS
P20674,COX5A,Training_Old,never_sig,NS
P20807,CAPN3,Training_Old,never_sig,NS
P20810,CAST,Training_Old,never_sig,NS
P20929,NEB,Training_Old,never_sig,NS
P20962,PTMS,Training_Old,never_sig,NS
P21266,GSTM3,Training_Old,never_sig,NS
P21281,ATP6V1B2,Training_Old,never_sig,NS
P21291,CSRP1,Training_Old,never_sig,NS
P21333,FLNA,Training_Old,never_sig,NS
P21397,MAOA,Training_Old,never_sig,NS
P21399,ACO1,Training_Old,never_sig,NS
P21695,GPD1,Training_Old,never_sig,NS
P21796,VDAC1,Training_Old,never_sig,NS
P21810,BGN,Training_Old,never_sig,NS
P21817,RYR1,Training_Old,never_sig,NS
P21912,SDHB,Training_Old,never_sig,NS
P21964,COMT,Training_Old,never_sig,NS
P21980,TGM2,Training_Old,never_sig,NS
P22033,MMUT,Training_Old,never_sig,NS
P22059,OSBP,Training_Old,never_sig,NS
P22061,PCMT1,Training_Old,never_sig,NS
P22102,GART,Training_Old,never_sig,NS
P22234,PAICS,Training_Old,never_sig,NS
P22307,SCP2,Training_Old,never_sig,NS
P22314,UBA1,Training_Old,never_sig,NS
P22352,GPX3,Training_Old,never_sig,NS
P22392,NME2,Training_Old,never_sig,NS
P22570,FDXR,Training_Old,never_sig,NS
P22626,HNRNPA2B1,Training_Old,never_sig,NS
P22695,UQCRC2,Training_Old,never_sig,NS
P22830,FECH,Training_Old,never_sig,NS
P23109,AMPD1,Training_Old,never_sig,NS
P23142,FBLN1,Training_Old,never_sig,NS
P23246,SFPQ,Training_Old,never_sig,NS
P23284,PPIB,Training_Old,never_sig,NS
P23297,S100A1,Training_Old,never_sig,NS
P23327,HRC,Training_Old,never_sig,NS
P23368,ME2,Training_Old,never_sig,NS
P23381,WARS1,Training_Old,never_sig,NS
P23396,RPS3,Training_Old,never_sig,NS
P23434,GCSH,Training_Old,never_sig,NS
P23526,AHCY,Training_Old,never_sig,NS
P23528,CFL1,Training_Old,never_sig,NS
P23588,EIF4B,Training_Old,never_sig,NS
P23634,ATP2B4,Training_Old,never_sig,NS
P23786,CPT2,Training_Old,never_sig,NS
P24043,LAMA2,Training_Old,never_sig,NS
P24298,GPT,Training_Old,never_sig,NS
P24310,COX7A1,Training_Old,never_sig,NS
P24311,COX7B,Training_Old,never_sig,NS
P24534,EEF1B2,Training_Old,never_sig,NS
P24539,ATP5PB,Training_Old,never_sig,NS
P24666,ACP1,Training_Old,never_sig,NS
P24752,ACAT1,Training_Old,never_sig,NS
P24844,MYL9,Training_Old,never_sig,NS
P25311,AZGP1,Training_Old,never_sig,NS
P25325,MPST,Training_Old,never_sig,NS
P25398,RPS12,Training_Old,never_sig,NS
P25686,DNAJB2,Training_Old,never_sig,NS
P25705,ATP5F1A,Training_Old,never_sig,NS
P25786,PSMA1,Training_Old,never_sig,NS
P25787,PSMA2,Training_Old,never_sig,NS
P25788,PSMA3,Training_Old,never_sig,NS
P25789,PSMA4,Training_Old,never_sig,NS
P26038,MSN,Training_Old,never_sig,NS
P26196,DDX6,Training_Old,never_sig,NS
P26368,U2AF2,Training_Old,never_sig,NS
P26373,RPL13,Training_Old,never_sig,NS
P26440,IVD,Training_Old,never_sig,NS
P26447,S100A4,Training_Old,never_sig,NS
P26583,HMGB2,Training_Old,never_sig,NS
P26639,TARS1,Training_Old,never_sig,NS
P26640,VARS1,Training_Old,never_sig,NS
P26641,EEF1G,Training_Old,never_sig,NS
P26678,PLN,Training_Old,never_sig,NS
P26885,FKBP2,Training_Old,never_sig,NS
P27105,STOM,Training_Old,never_sig,NS
P27338,MAOB,Training_Old,never_sig,NS
P27348,YWHAQ,Training_Old,never_sig,NS
P27361,MAPK3,Training_Old,never_sig,NS
P27635,RPL10,Training_Old,never_sig,NS
P27694,RPA1,Training_Old,never_sig,NS
P27695,APEX1,Training_Old,never_sig,NS
P27797,CALR,Training_Old,never_sig,NS
P27816,MAP4,Training_Old,never_sig,NS
P27824,CANX,Training_Old,never_sig,NS
P28066,PSMA5,Training_Old,never_sig,NS
P28070,PSMB4,Training_Old,never_sig,NS
P28072,PSMB6,Training_Old,never_sig,NS
P28074,PSMB5,Training_Old,never_sig,NS
P28161,GSTM2,Training_Old,never_sig,NS
P28289,TMOD1,Training_Old,never_sig,NS
P28331,NDUFS1,Training_Old,never_sig,NS
P28482,MAPK1,Training_Old,never_sig,NS
P28749,RBL1,Training_Old,never_sig,NS
P28838,LAP3,Training_Old,never_sig,NS
P28907,CD38,Training_Old,never_sig,NS
P29144,TPP2,Training_Old,never_sig,NS
P29218,IMPA1,Training_Old,never_sig,NS
P29317,EPHA2,Training_Old,never_sig,NS
P29401,TKT,Training_Old,never_sig,NS
P29692,EEF1D,Training_Old,never_sig,NS
P29966,MARCKS,Training_Old,never_sig,NS
P29992,GNA11,Training_Old,never_sig,NS
P30038,ALDH4A1,Training_Old,never_sig,NS
P30040,ERP29,Training_Old,never_sig,NS
P30041,PRDX6,Training_Old,never_sig,NS
P30043,BLVRB,Training_Old,never_sig,NS
P30044,PRDX5,Training_Old,never_sig,NS
P30046,DDT,Training_Old,never_sig,NS
P30048,PRDX3,Training_Old,never_sig,NS
P30049,ATP5F1D,Training_Old,never_sig,NS
P30050,RPL12,Training_Old,never_sig,NS
P30084,ECHS1,Training_Old,never_sig,NS
P30085,CMPK1,Training_Old,never_sig,NS
P30086,PEBP1,Training_Old,never_sig,NS
P30101,PDIA3,Training_Old,never_sig,NS
P30153,PPP2R1A,Training_Old,never_sig,NS
P30405,PPIF,Training_Old,never_sig,NS
P30419,NMT1,Training_Old,never_sig,NS
P30520,ADSS2,Training_Old,never_sig,NS
P30533,LRPAP1,Training_Old,never_sig,NS
P30536,TSPO,Training_Old,never_sig,NS
P30566,ADSL,Training_Old,never_sig,NS
P30622,CLIP1,Training_Old,never_sig,NS
P30626,SRI,Training_Old,never_sig,NS
P30740,SERPINB1,Training_Old,never_sig,NS
P30837,ALDH1B1,Training_Old,never_sig,NS
P31040,SDHA,Training_Old,never_sig,NS
P31150,GDI1,Training_Old,never_sig,NS
P31153,MAT2A,Training_Old,never_sig,NS
P31415,CASQ1,Training_Old,never_sig,NS
P31689,DNAJA1,Training_Old,never_sig,NS
P31751,AKT2,Training_Old,never_sig,NS
P31930,UQCRC1,Training_Old,never_sig,NS
P31937,HIBADH,Training_Old,never_sig,NS
P31939,ATIC,Training_Old,never_sig,NS
P31942,HNRNPH3,Training_Old,never_sig,NS
P31943,HNRNPH1,Training_Old,never_sig,NS
P31946,YWHAB,Training_Old,never_sig,NS
P31948,STIP1,Training_Old,never_sig,NS
P31949,S100A11,Training_Old,never_sig,NS
P32119,PRDX2,Training_Old,never_sig,NS
P32456,GBP2,Training_Old,never_sig,NS
P33121,ACSL1,Training_Old,never_sig,NS
P33176,KIF5B,Training_Old,never_sig,NS
P33992,MCM5,Training_Old,never_sig,NS
P34896,SHMT1,Training_Old,never_sig,NS
P34897,SHMT2,Training_Old,never_sig,NS
P34932,HSPA4,Training_Old,never_sig,NS
P34949,MPI,Training_Old,never_sig,NS
P35052,GPC1,Training_Old,never_sig,NS
P35080,PFN2,Training_Old,never_sig,NS
P35221,CTNNA1,Training_Old,never_sig,NS
P35237,SERPINB6,Training_Old,never_sig,NS
P35241,RDX,Training_Old,never_sig,NS
P35244,RPA3,Training_Old,never_sig,NS
P35268,RPL22,Training_Old,never_sig,NS
P35270,SPR,Training_Old,never_sig,NS
P35443,THBS4,Training_Old,never_sig,NS
P35555,FBN1,Training_Old,never_sig,NS
P35573,AGL,Training_Old,never_sig,NS
P35579,MYH9,Training_Old,never_sig,NS
P35606,COPB2,Training_Old,never_sig,NS
P35609,ACTN2,Training_Old,never_sig,NS
P35611,ADD1,Training_Old,never_sig,NS
P35613,BSG,Training_Old,never_sig,NS
P35637,FUS,Training_Old,never_sig,NS
P35659,DEK,Training_Old,never_sig,NS
P35749,MYH11,Training_Old,never_sig,NS
P35754,GLRX,Training_Old,never_sig,NS
P35813,PPM1A,Training_Old,never_sig,NS
P35908,KRT2,Training_Old,never_sig,NS
P35914,HMGCL,Training_Old,never_sig,NS
P35998,PSMC2,Training_Old,never_sig,NS
P36405,ARL3,Training_Old,never_sig,NS
P36507,MAP2K2,Training_Old,never_sig,NS
P36542,ATP5F1C,Training_Old,never_sig,NS
P36543,ATP6V1E1,Training_Old,never_sig,NS
P36578,RPL4,Training_Old,never_sig,NS
P36776,LONP1,Training_Old,never_sig,NS
P36871,PGM1,Training_Old,never_sig,NS
P36873,PPP1CC,Training_Old,never_sig,NS
P36955,SERPINF1,Training_Old,never_sig,NS
P36957,DLST,Training_Old,never_sig,NS
P36959,GMPR,Training_Old,never_sig,NS
P36969,GPX4,Training_Old,never_sig,NS
P37108,SRP14,Training_Old,never_sig,NS
P37802,TAGLN2,Training_Old,never_sig,NS
P37837,TALDO1,Training_Old,never_sig,NS
P37840,SNCA,Training_Old,never_sig,NS
P38117,ETFB,Training_Old,never_sig,NS
P38606,ATP6V1A,Training_Old,never_sig,NS
P38646,HSPA9,Training_Old,never_sig,NS
P39019,RPS19,Training_Old,never_sig,NS
P39023,RPL3,Training_Old,never_sig,NS
P39059,COL15A1,Training_Old,never_sig,NS
P39060,COL18A1,Training_Old,never_sig,NS
P39656,DDOST,Training_Old,never_sig,NS
P39687,ANP32A,Training_Old,never_sig,NS
P40121,CAPG,Training_Old,never_sig,NS
P40123,CAP2,Training_Old,never_sig,NS
P40227,CCT6A,Training_Old,never_sig,NS
P40429,RPL13A,Training_Old,never_sig,NS
P40763,STAT3,Training_Old,never_sig,NS
P40925,MDH1,Training_Old,never_sig,NS
P40926,MDH2,Training_Old,never_sig,NS
P40939,HADHA,Training_Old,never_sig,NS
P41091,EIF2S3,Training_Old,never_sig,NS
P41227,NAA10,Training_Old,never_sig,NS
P41236,PPP1R2,Training_Old,never_sig,NS
P41250,GARS1,Training_Old,never_sig,NS
P41252,IARS1,Training_Old,never_sig,NS
P41567,EIF1,Training_Old,never_sig,NS
P42126,ECI1,Training_Old,never_sig,NS
P42167,TMPO,Training_Old,never_sig,NS
P42330,AKR1C3,Training_Old,never_sig,NS
P42677,RPS27,Training_Old,never_sig,NS
P42704,LRPPRC,Training_Old,never_sig,NS
P42765,ACAA2,Training_Old,never_sig,NS
P42766,RPL35,Training_Old,never_sig,NS
P43007,SLC1A4,Training_Old,never_sig,NS
P43034,PAFAH1B1,Training_Old,never_sig,NS
P43155,CRAT,Training_Old,never_sig,NS
P43304,GPD2,Training_Old,never_sig,NS
P43490,NAMPT,Training_Old,never_sig,NS
P43686,PSMC4,Training_Old,never_sig,NS
P43897,TSFM,Training_Old,never_sig,NS
P45378,TNNT3,Training_Old,never_sig,NS
P45381,ASPA,Training_Old,never_sig,NS
P45877,PPIC,Training_Old,never_sig,NS
P45880,VDAC2,Training_Old,never_sig,NS
P45954,ACADSB,Training_Old,never_sig,NS
P45974,USP5,Training_Old,never_sig,NS
P45985,MAP2K4,Training_Old,never_sig,NS
P46019,PHKA2,Training_Old,never_sig,NS
P46020,PHKA1,Training_Old,never_sig,NS
P46109,CRKL,Training_Old,never_sig,NS
P46199,MTIF2,Training_Old,never_sig,NS
P46379,BAG6,Training_Old,never_sig,NS
P46459,NSF,Training_Old,never_sig,NS
P46734,MAP2K3,Training_Old,never_sig,NS
P46776,RPL27A,Training_Old,never_sig,NS
P46777,RPL5,Training_Old,never_sig,NS
P46779,RPL28,Training_Old,never_sig,NS
P46781,RPS9,Training_Old,never_sig,NS
P46782,RPS5,Training_Old,never_sig,NS
P46783,RPS10,Training_Old,never_sig,NS
P46926,GNPDA1,Training_Old,never_sig,NS
P46939,UTRN,Training_Old,never_sig,NS
P46940,IQGAP1,Training_Old,never_sig,NS
P46976,GYG1,Training_Old,never_sig,NS
P46977,STT3A,Training_Old,never_sig,NS
P47755,CAPZA2,Training_Old,never_sig,NS
P47756,CAPZB,Training_Old,never_sig,NS
P47813,EIF1AX,Training_Old,never_sig,NS
P47897,QARS1,Training_Old,never_sig,NS
P47914,RPL29,Training_Old,never_sig,NS
P47985,UQCRFS1,Training_Old,never_sig,NS
P48047,ATP5PO,Training_Old,never_sig,NS
P48059,LIMS1,Training_Old,never_sig,NS
P48147,PREP,Training_Old,never_sig,NS
P48163,ME1,Training_Old,never_sig,NS
P48426,PIP4K2A,Training_Old,never_sig,NS
P48444,ARCN1,Training_Old,never_sig,NS
P48449,LSS,Training_Old,never_sig,NS
P48507,GCLM,Training_Old,never_sig,NS
P48509,CD151,Training_Old,never_sig,NS
P48556,PSMD8,Training_Old,never_sig,NS
P48637,GSS,Training_Old,never_sig,NS
P48643,CCT5,Training_Old,never_sig,NS
P48681,NES,Training_Old,never_sig,NS
P48735,IDH2,Training_Old,never_sig,NS
P48788,TNNI2,Training_Old,never_sig,NS
P49023,PXN,Training_Old,never_sig,NS
P49189,ALDH9A1,Training_Old,never_sig,NS
P49207,RPL34,Training_Old,never_sig,NS
P49257,LMAN1,Training_Old,never_sig,NS
P49354,FNTA,Training_Old,never_sig,NS
P49368,CCT3,Training_Old,never_sig,NS
P49406,MRPL19,Training_Old,never_sig,NS
P49411,TUFM,Training_Old,never_sig,NS
P49419,ALDH7A1,Training_Old,never_sig,NS
P49427,CDC34,Training_Old,never_sig,NS
P49585,PCYT1A,Training_Old,never_sig,NS
P49588,AARS1,Training_Old,never_sig,NS
P49589,CARS1,Training_Old,never_sig,NS
P49591,SARS1,Training_Old,never_sig,NS
P49720,PSMB3,Training_Old,never_sig,NS
P49721,PSMB2,Training_Old,never_sig,NS
P49748,ACADVL,Training_Old,never_sig,NS
P49753,ACOT2,Training_Old,never_sig,NS
P49755,TMED10,Training_Old,never_sig,NS
P49773,HINT1,Training_Old,never_sig,NS
P49821,NDUFV1,Training_Old,never_sig,NS
P49840,GSK3A,Training_Old,never_sig,NS
P49841,GSK3B,Training_Old,never_sig,NS
P50213,IDH3A,Training_Old,never_sig,NS
P50225,SULT1A1,Training_Old,never_sig,NS
P50395,GDI2,Training_Old,never_sig,NS
P50402,EMD,Training_Old,never_sig,NS
P50416,CPT1A,Training_Old,never_sig,NS
P50454,SERPINH1,Training_Old,never_sig,NS
P50461,CSRP3,Training_Old,never_sig,NS
P50502,ST13,Training_Old,never_sig,NS
P50570,DNM2,Training_Old,never_sig,NS
P50579,METAP2,Training_Old,never_sig,NS
P50583,NUDT2,Training_Old,never_sig,NS
P50851,LRBA,Training_Old,never_sig,NS
P50895,BCAM,Training_Old,never_sig,NS
P50914,RPL14,Training_Old,never_sig,NS
P50990,CCT8,Training_Old,never_sig,NS
P50991,CCT4,Training_Old,never_sig,NS
P50993,ATP1A2,Training_Old,never_sig,NS
P50995,ANXA11,Training_Old,never_sig,NS
P51114,FXR1,Training_Old,never_sig,NS
P51148,RAB5C,Training_Old,never_sig,NS
P51149,RAB7A,Training_Old,never_sig,NS
P51452,DUSP3,Training_Old,never_sig,NS
P51553,IDH3G,Training_Old,never_sig,NS
P51570,GALK1,Training_Old,never_sig,NS
P51571,SSR4,Training_Old,never_sig,NS
P51572,BCAP31,Training_Old,never_sig,NS
P51608,MECP2,Training_Old,never_sig,NS
P51636,CAV2,Training_Old,never_sig,NS
P51648,ALDH3A2,Training_Old,never_sig,NS
P51649,ALDH5A1,Training_Old,never_sig,NS
P51659,HSD17B4,Training_Old,never_sig,NS
P51665,PSMD7,Training_Old,never_sig,NS
P51668,UBE2D1,Training_Old,never_sig,NS
P51687,SUOX,Training_Old,never_sig,NS
P51692,STAT5B,Training_Old,never_sig,NS
P51812,RPS6KA3,Training_Old,never_sig,NS
P51858,HDGF,Training_Old,never_sig,NS
P51884,LUM,Training_Old,never_sig,NS
P51888,PRELP,Training_Old,never_sig,NS
P51970,NDUFA8,Training_Old,never_sig,NS
P51991,HNRNPA3,Training_Old,never_sig,NS
P52179,MYOM1,Training_Old,never_sig,NS
P52209,PGD,Training_Old,never_sig,NS
P52272,HNRNPM,Training_Old,never_sig,NS
P52294,KPNA1,Training_Old,never_sig,NS
P52564,MAP2K6,Training_Old,never_sig,NS
P52565,ARHGDIA,Training_Old,never_sig,NS
P52566,ARHGDIB,Training_Old,never_sig,NS
P52758,RIDA,Training_Old,never_sig,NS
P52815,MRPL12,Training_Old,never_sig,NS
P52888,THOP1,Training_Old,never_sig,NS
P52895,AKR1C2,Training_Old,never_sig,NS
P52907,CAPZA1,Training_Old,never_sig,NS
P52943,CRIP2,Training_Old,never_sig,NS
P53004,BLVRA,Training_Old,never_sig,NS
P53041,PPP5C,Training_Old,never_sig,NS
P53384,NUBP1,Training_Old,never_sig,NS
P53597,SUCLG1,Training_Old,never_sig,NS
P53621,COPA,Training_Old,never_sig,NS
P53701,HCCS,Training_Old,never_sig,NS
P53778,MAPK12,Training_Old,never_sig,NS
P53814,SMTN,Training_Old,never_sig,NS
P53985,SLC16A1,Training_Old,never_sig,NS
P53990,IST1,Training_Old,never_sig,NS
P53992,SEC24C,Training_Old,never_sig,NS
P53999,SUB1,Training_Old,never_sig,NS
P54136,RARS1,Training_Old,never_sig,NS
P54284,CACNB3,Training_Old,never_sig,NS
P54289,CACNA2D1,Training_Old,never_sig,NS
P54296,MYOM2,Training_Old,never_sig,NS
P54577,YARS1,Training_Old,never_sig,NS
P54578,USP14,Training_Old,never_sig,NS
P54619,PRKAG1,Training_Old,never_sig,NS
P54646,PRKAA2,Training_Old,never_sig,NS
P54652,HSPA2,Training_Old,never_sig,NS
P54725,RAD23A,Training_Old,never_sig,NS
P54727,RAD23B,Training_Old,never_sig,NS
P54819,AK2,Training_Old,never_sig,NS
P54920,NAPA,Training_Old,never_sig,NS
P55010,EIF5,Training_Old,never_sig,NS
P55036,PSMD4,Training_Old,never_sig,NS
P55039,DRG2,Training_Old,never_sig,NS
P55042,RRAD,Training_Old,never_sig,NS
P55060,CSE1L,Training_Old,never_sig,NS
P55072,VCP,Training_Old,never_sig,NS
P55084,HADHB,Training_Old,never_sig,NS
P55209,NAP1L1,Training_Old,never_sig,NS
P55263,ADK,Training_Old,never_sig,NS
P55268,LAMB2,Training_Old,never_sig,NS
P55290,CDH13,Training_Old,never_sig,NS
P55735,SEC13,Training_Old,never_sig,NS
P55769,SNU13,Training_Old,never_sig,NS
P55786,NPEPPS,Training_Old,never_sig,NS
P55795,HNRNPH2,Training_Old,never_sig,NS
P55809,OXCT1,Training_Old,never_sig,NS
P55822,SH3BGR,Training_Old,never_sig,NS
P55884,EIF3B,Training_Old,never_sig,NS
P56134,ATP5MF,Training_Old,never_sig,NS
P56181,NDUFV3,Training_Old,never_sig,NS
P56192,MARS1,Training_Old,never_sig,NS
P56211,ARPP19,Training_Old,never_sig,NS
P56381,ATP5F1E,Training_Old,never_sig,NS
P56385,ATP5ME,Training_Old,never_sig,NS
P56537,EIF6,Training_Old,never_sig,NS
P56556,NDUFA6,Training_Old,never_sig,NS
P57105,SYNJ2BP,Training_Old,never_sig,NS
P57772,EEFSEC,Training_Old,never_sig,NS
P58546,MTPN,Training_Old,never_sig,NS
P59666,DEFA3,Training_Old,never_sig,NS
P59998,ARPC4,Training_Old,never_sig,NS
P60033,CD81,Training_Old,never_sig,NS
P60174,TPI1,Training_Old,never_sig,NS
P60228,EIF3E,Training_Old,never_sig,NS
P60468,SEC61B,Training_Old,never_sig,NS
P60520,GABARAPL2,Training_Old,never_sig,NS
P60602,ROMO1,Training_Old,never_sig,NS
P60660,MYL6,Training_Old,never_sig,NS
P60709,ACTB,Training_Old,never_sig,NS
P60842,EIF4A1,Training_Old,never_sig,NS
P60866,RPS20,Training_Old,never_sig,NS
P60891,PRPS1,Training_Old,never_sig,NS
P60900,PSMA6,Training_Old,never_sig,NS
P60903,S100A10,Training_Old,never_sig,NS
P60953,CDC42,Training_Old,never_sig,NS
P60981,DSTN,Training_Old,never_sig,NS
P61019,RAB2A,Training_Old,never_sig,NS
P61020,RAB5B,Training_Old,never_sig,NS
P61026,RAB10,Training_Old,never_sig,NS
P61077,UBE2D3,Training_Old,never_sig,NS
P61081,UBE2M,Training_Old,never_sig,NS
P61086,UBE2K,Training_Old,never_sig,NS
P61088,UBE2N,Training_Old,never_sig,NS
P61106,RAB14,Training_Old,never_sig,NS
P61158,ACTR3,Training_Old,never_sig,NS
P61160,ACTR2,Training_Old,never_sig,NS
P61163,ACTR1A,Training_Old,never_sig,NS
P61201,COPS2,Training_Old,never_sig,NS
P61221,ABCE1,Training_Old,never_sig,NS
P61224,RAP1B,Training_Old,never_sig,NS
P61247,RPS3A,Training_Old,never_sig,NS
P61254,RPL26,Training_Old,never_sig,NS
P61313,RPL15,Training_Old,never_sig,NS
P61457,PCBD1,Training_Old,never_sig,NS
P61513,RPL37A,Training_Old,never_sig,NS
P61586,RHOA,Training_Old,never_sig,NS
P61604,HSPE1,Training_Old,never_sig,NS
P61619,SEC61A1,Training_Old,never_sig,NS
P61758,VBP1,Training_Old,never_sig,NS
P61769,B2M,Training_Old,never_sig,NS
P61803,DAD1,Training_Old,never_sig,NS
P61916,NPC2,Training_Old,never_sig,NS
P61925,PKIA,Training_Old,never_sig,NS
P61956,SUMO2,Training_Old,never_sig,NS
P61960,UFM1,Training_Old,never_sig,NS
P61970,NUTF2,Training_Old,never_sig,NS
P61978,HNRNPK,Training_Old,never_sig,NS
P61981,YWHAG,Training_Old,never_sig,NS
P62070,RRAS2,Training_Old,never_sig,NS
P62072,TIMM10,Training_Old,never_sig,NS
P62081,RPS7,Training_Old,never_sig,NS
P62136,PPP1CA,Training_Old,never_sig,NS
P62140,PPP1CB,Training_Old,never_sig,NS
P62191,PSMC1,Training_Old,never_sig,NS
P62195,PSMC5,Training_Old,never_sig,NS
P62241,RPS8,Training_Old,never_sig,NS
P62244,RPS15A,Training_Old,never_sig,NS
P62249,RPS16,Training_Old,never_sig,NS
P62253,UBE2G1,Training_Old,never_sig,NS
P62258,YWHAE,Training_Old,never_sig,NS
P62263,RPS14,Training_Old,never_sig,NS
P62266,RPS23,Training_Old,never_sig,NS
P62269,RPS18,Training_Old,never_sig,NS
P62277,RPS13,Training_Old,never_sig,NS
P62280,RPS11,Training_Old,never_sig,NS
P62316,SNRPD2,Training_Old,never_sig,NS
P62318,SNRPD3,Training_Old,never_sig,NS
P62328,TMSB4X,Training_Old,never_sig,NS
P62333,PSMC6,Training_Old,never_sig,NS
P62424,RPL7A,Training_Old,never_sig,NS
P62495,ETF1,Training_Old,never_sig,NS
P62633,CNBP,Training_Old,never_sig,NS
P62701,RPS4X,Training_Old,never_sig,NS
P62750,RPL23A,Training_Old,never_sig,NS
P62753,RPS6,Training_Old,never_sig,NS
P62807,H2BC4,Training_Old,never_sig,NS
P62820,RAB1A,Training_Old,never_sig,NS
P62826,RAN,Training_Old,never_sig,NS
P62829,RPL23,Training_Old,never_sig,NS
P62834,RAP1A,Training_Old,never_sig,NS
P62841,RPS15,Training_Old,never_sig,NS
P62847,RPS24,Training_Old,never_sig,NS
P62851,RPS25,Training_Old,never_sig,NS
P62854,RPS26,Training_Old,never_sig,NS
P62857,RPS28,Training_Old,never_sig,NS
P62873,GNB1,Training_Old,never_sig,NS
P62879,GNB2,Training_Old,never_sig,NS
P62888,RPL30,Training_Old,never_sig,NS
P62899,RPL31,Training_Old,never_sig,NS
P62906,RPL10A,Training_Old,never_sig,NS
P62910,RPL32,Training_Old,never_sig,NS
P62913,RPL11,Training_Old,never_sig,NS
P62917,RPL8,Training_Old,never_sig,NS
P62937,PPIA,Training_Old,never_sig,NS
P62942,FKBP1A,Training_Old,never_sig,NS
P62979,RPS27A,Training_Old,never_sig,NS
P62993,GRB2,Training_Old,never_sig,NS
P63000,RAC1,Training_Old,never_sig,NS
P63010,AP2B1,Training_Old,never_sig,NS
P63027,VAMP2,Training_Old,never_sig,NS
P63098,PPP3R1,Training_Old,never_sig,NS
P63104,YWHAZ,Training_Old,never_sig,NS
P63146,UBE2B,Training_Old,never_sig,NS
P63151,PPP2R2A,Training_Old,never_sig,NS
P63167,DYNLL1,Training_Old,never_sig,NS
P63172,DYNLT1,Training_Old,never_sig,NS
P63173,RPL38,Training_Old,never_sig,NS
P63208,SKP1,Training_Old,never_sig,NS
P63220,RPS21,Training_Old,never_sig,NS
P63241,EIF5A,Training_Old,never_sig,NS
P63244,RACK1,Training_Old,never_sig,NS
P63279,UBE2I,Training_Old,never_sig,NS
P63302,SELENOW,Training_Old,never_sig,NS
P63316,TNNC1,Training_Old,never_sig,NS
P67775,PPP2CA,Training_Old,never_sig,NS
P67809,YBX1,Training_Old,never_sig,NS
P67870,CSNK2B,Training_Old,never_sig,NS
P67936,TPM4,Training_Old,never_sig,NS
P68036,UBE2L3,Training_Old,never_sig,NS
P68104,EEF1A1,Training_Old,never_sig,NS
P68133,ACTA1,Training_Old,never_sig,NS
P68363,TUBA1B,Training_Old,never_sig,NS
P68366,TUBA4A,Training_Old,never_sig,NS
P68371,TUBB4B,Training_Old,never_sig,NS
P68400,CSNK2A1,Training_Old,never_sig,NS
P68402,PAFAH1B2,Training_Old,never_sig,NS
P68871,HBB,Training_Old,never_sig,NS
P69905,HBA1,Training_Old,never_sig,NS
P78344,EIF4G2,Training_Old,never_sig,NS
P78356,PIP4K2B,Training_Old,never_sig,NS
P78371,CCT2,Training_Old,never_sig,NS
P78417,GSTO1,Training_Old,never_sig,NS
P78527,PRKDC,Training_Old,never_sig,NS
P81605,DCD,Training_Old,never_sig,NS
P82663,MRPS25,Training_Old,never_sig,NS
P82675,MRPS5,Training_Old,never_sig,NS
P82909,MRPS36,Training_Old,never_sig,NS
P82914,MRPS15,Training_Old,never_sig,NS
P82921,MRPS21,Training_Old,never_sig,NS
P82979,SARNP,Training_Old,never_sig,NS
P83111,LACTB,Training_Old,never_sig,NS
P83731,RPL24,Training_Old,never_sig,NS
P84077,ARF1,Training_Old,never_sig,NS
P84085,ARF5,Training_Old,never_sig,NS
P84090,ERH,Training_Old,never_sig,NS
P84095,RHOG,Training_Old,never_sig,NS
P84098,RPL19,Training_Old,never_sig,NS
P84103,SRSF3,Training_Old,never_sig,NS
P84157,MXRA7,Training_Old,never_sig,NS
P84243,H3-3A,Training_Old,never_sig,NS
P98095,FBLN2,Training_Old,never_sig,NS
P98160,HSPG2,Training_Old,never_sig,NS
P98179,RBM3,Training_Old,never_sig,NS
P99999,CYCS,Training_Old,never_sig,NS
Q00013,MPP1,Training_Old,never_sig,NS
Q00059,TFAM,Training_Old,never_sig,NS
Q00169,PITPNA,Training_Old,never_sig,NS
Q00325,SLC25A3,Training_Old,never_sig,NS
Q00341,HDLBP,Training_Old,never_sig,NS
Q00577,PURA,Training_Old,never_sig,NS
Q00610,CLTC,Training_Old,never_sig,NS
Q00688,FKBP3,Training_Old,never_sig,NS
Q00765,REEP5,Training_Old,never_sig,NS
Q00796,SORD,Training_Old,never_sig,NS
Q00839,HNRNPU,Training_Old,never_sig,NS
Q00872,MYBPC1,Training_Old,never_sig,NS
Q00G26,PLIN5,Training_Old,never_sig,NS
Q01082,SPTBN1,Training_Old,never_sig,NS
Q01085,TIAL1,Training_Old,never_sig,NS
Q01105,SET,Training_Old,never_sig,NS
Q01432,AMPD3,Training_Old,never_sig,NS
Q01469,FABP5,Training_Old,never_sig,NS
Q01484,ANK2,Training_Old,never_sig,NS
Q01518,CAP1,Training_Old,never_sig,NS
Q01844,EWSR1,Training_Old,never_sig,NS
Q01995,TAGLN,Training_Old,never_sig,NS
Q02218,OGDH,Training_Old,never_sig,NS
Q02221,COX6A2,Training_Old,never_sig,NS
Q02252,ALDH6A1,Training_Old,never_sig,NS
Q02338,BDH1,Training_Old,never_sig,NS
Q02388,COL7A1,Training_Old,never_sig,NS
Q02543,RPL18A,Training_Old,never_sig,NS
Q02641,CACNB1,Training_Old,never_sig,NS
Q02750,MAP2K1,Training_Old,never_sig,NS
Q02790,FKBP4,Training_Old,never_sig,NS
Q02878,RPL6,Training_Old,never_sig,NS
Q02952,AKAP12,Training_Old,never_sig,NS
Q02978,SLC25A11,Training_Old,never_sig,NS
Q03135,CAV1,Training_Old,never_sig,NS
Q03154,ACY1,Training_Old,never_sig,NS
Q03252,LMNB2,Training_Old,never_sig,NS
Q04323,UBXN1,Training_Old,never_sig,NS
Q04446,GBE1,Training_Old,never_sig,NS
Q04637,EIF4G1,Training_Old,never_sig,NS
Q04759,PRKCQ,Training_Old,never_sig,NS
Q04760,GLO1,Training_Old,never_sig,NS
Q04828,AKR1C1,Training_Old,never_sig,NS
Q04837,SSBP1,Training_Old,never_sig,NS
Q04917,YWHAH,Training_Old,never_sig,NS
Q04941,PLP2,Training_Old,never_sig,NS
Q05086,UBE3A,Training_Old,never_sig,NS
Q05519,SRSF11,Training_Old,never_sig,NS
Q05639,EEF1A2,Training_Old,never_sig,NS
Q05682,CALD1,Training_Old,never_sig,NS
Q05707,COL14A1,Training_Old,never_sig,NS
Q06124,PTPN11,Training_Old,never_sig,NS
Q06323,PSME1,Training_Old,never_sig,NS
Q06432,CACNG1,Training_Old,never_sig,NS
Q06730,ZNF33A,Training_Old,never_sig,NS
Q06830,PRDX1,Training_Old,never_sig,NS
Q07020,RPL18,Training_Old,never_sig,NS
Q07021,C1QBP,Training_Old,never_sig,NS
Q07065,CKAP4,Training_Old,never_sig,NS
Q07507,DPT,Training_Old,never_sig,NS
Q07866,KLC1,Training_Old,never_sig,NS
Q07955,SRSF1,Training_Old,never_sig,NS
Q07960,ARHGAP1,Training_Old,never_sig,NS
Q08043,ACTN3,Training_Old,never_sig,NS
Q08209,PPP3CA,Training_Old,never_sig,NS
Q08211,DHX9,Training_Old,never_sig,NS
Q08257,CRYZ,Training_Old,never_sig,NS
Q08357,SLC20A2,Training_Old,never_sig,NS
Q08623,PUDP,Training_Old,never_sig,NS
Q08722,CD47,Training_Old,never_sig,NS
Q08752,PPID,Training_Old,never_sig,NS
Q09666,AHNAK,Training_Old,never_sig,NS
Q0VAK6,LMOD3,Training_Old,never_sig,NS
Q0VDF9,HSPA14,Training_Old,never_sig,NS
Q0VDG4,SCRN3,Training_Old,never_sig,NS
Q0ZGT2,NEXN,Training_Old,never_sig,NS
Q10567,AP1B1,Training_Old,never_sig,NS
Q10589,BST2,Training_Old,never_sig,NS
Q10713,PMPCA,Training_Old,never_sig,NS
Q12797,ASPH,Training_Old,never_sig,NS
Q12805,EFEMP1,Training_Old,never_sig,NS
Q12846,STX4,Training_Old,never_sig,NS
Q12849,GRSF1,Training_Old,never_sig,NS
Q12904,AIMP1,Training_Old,never_sig,NS
Q12906,ILF3,Training_Old,never_sig,NS
Q12931,TRAP1,Training_Old,never_sig,NS
Q12955,ANK3,Training_Old,never_sig,NS
Q12988,HSPB3,Training_Old,never_sig,NS
Q13011,ECH1,Training_Old,never_sig,NS
Q13033,STRN3,Training_Old,never_sig,NS
Q13057,COASY,Training_Old,never_sig,NS
Q13061,TRDN,Training_Old,never_sig,NS
Q13085,ACACA,Training_Old,never_sig,NS
Q13098,GPS1,Training_Old,never_sig,NS
Q13126,MTAP,Training_Old,never_sig,NS
Q13131,PRKAA1,Training_Old,never_sig,NS
Q13148,TARDBP,Training_Old,never_sig,NS
Q13153,PAK1,Training_Old,never_sig,NS
Q13155,AIMP2,Training_Old,never_sig,NS
Q13162,PRDX4,Training_Old,never_sig,NS
Q13177,PAK2,Training_Old,never_sig,NS
Q13185,CBX3,Training_Old,never_sig,NS
Q13200,PSMD2,Training_Old,never_sig,NS
Q13203,MYBPH,Training_Old,never_sig,NS
Q13228,SELENBP1,Training_Old,never_sig,NS
Q13263,TRIM28,Training_Old,never_sig,NS
Q13283,G3BP1,Training_Old,never_sig,NS
Q13310,PABPC4,Training_Old,never_sig,NS
Q13326,SGCG,Training_Old,never_sig,NS
Q13347,EIF3I,Training_Old,never_sig,NS
Q13363,CTBP1,Training_Old,never_sig,NS
Q13404,UBE2V1,Training_Old,never_sig,NS
Q13409,DYNC1I2,Training_Old,never_sig,NS
Q13418,ILK,Training_Old,never_sig,NS
Q13423,NNT,Training_Old,never_sig,NS
Q13424,SNTA1,Training_Old,never_sig,NS
Q13425,SNTB2,Training_Old,never_sig,NS
Q13435,SF3B2,Training_Old,never_sig,NS
Q13442,PDAP1,Training_Old,never_sig,NS
Q13445,TMED1,Training_Old,never_sig,NS
Q13451,FKBP5,Training_Old,never_sig,NS
Q13492,PICALM,Training_Old,never_sig,NS
Q13496,MTM1,Training_Old,never_sig,NS
Q13501,SQSTM1,Training_Old,never_sig,NS
Q13505,MTX1,Training_Old,never_sig,NS
Q13508,ART3,Training_Old,never_sig,NS
Q13510,ASAH1,Training_Old,never_sig,NS
Q13526,PIN1,Training_Old,never_sig,NS
Q13554,CAMK2B,Training_Old,never_sig,NS
Q13555,CAMK2G,Training_Old,never_sig,NS
Q13557,CAMK2D,Training_Old,never_sig,NS
Q13561,DCTN2,Training_Old,never_sig,NS
Q13564,NAE1,Training_Old,never_sig,NS
Q13586,STIM1,Training_Old,never_sig,NS
Q13616,CUL1,Training_Old,never_sig,NS
Q13617,CUL2,Training_Old,never_sig,NS
Q13618,CUL3,Training_Old,never_sig,NS
Q13619,CUL4A,Training_Old,never_sig,NS
Q13642,FHL1,Training_Old,never_sig,NS
Q13643,FHL3,Training_Old,never_sig,NS
Q13683,ITGA7,Training_Old,never_sig,NS
Q13685,AAMP,Training_Old,never_sig,NS
Q13698,CACNA1S,Training_Old,never_sig,NS
Q13724,MOGS,Training_Old,never_sig,NS
Q13813,SPTAN1,Training_Old,never_sig,NS
Q13825,AUH,Training_Old,never_sig,NS
Q13838,DDX39B,Training_Old,never_sig,NS
Q13867,BLMH,Training_Old,never_sig,NS
Q13884,SNTB1,Training_Old,never_sig,NS
Q13885,TUBB2A,Training_Old,never_sig,NS
Q13907,IDI1,Training_Old,never_sig,NS
Q13976,PRKG1,Training_Old,never_sig,NS
Q14061,COX17,Training_Old,never_sig,NS
Q14103,HNRNPD,Training_Old,never_sig,NS
Q14108,SCARB2,Training_Old,never_sig,NS
Q14112,NID2,Training_Old,never_sig,NS
Q14116,IL18,Training_Old,never_sig,NS
Q14118,DAG1,Training_Old,never_sig,NS
Q14152,EIF3A,Training_Old,never_sig,NS
Q14157,UBAP2L,Training_Old,never_sig,NS
Q14165,MLEC,Training_Old,never_sig,NS
Q14195,DPYSL3,Training_Old,never_sig,NS
Q14203,DCTN1,Training_Old,never_sig,NS
Q14204,DYNC1H1,Training_Old,never_sig,NS
Q14232,EIF2B1,Training_Old,never_sig,NS
Q14240,EIF4A2,Training_Old,never_sig,NS
Q14247,CTTN,Training_Old,never_sig,NS
Q14249,ENDOG,Training_Old,never_sig,NS
Q14254,FLOT2,Training_Old,never_sig,NS
Q14258,TRIM25,Training_Old,never_sig,NS
Q14315,FLNC,Training_Old,never_sig,NS
Q14324,MYBPC2,Training_Old,never_sig,NS
Q14353,GAMT,Training_Old,never_sig,NS
Q14444,CAPRIN1,Training_Old,never_sig,NS
Q14558,PRPSAP1,Training_Old,never_sig,NS
Q14624,ITIH4,Training_Old,never_sig,NS
Q14677,CLINT1,Training_Old,never_sig,NS
Q14697,GANAB,Training_Old,never_sig,NS
Q14714,SSPN,Training_Old,never_sig,NS
Q14764,MVP,Training_Old,never_sig,NS
Q14767,LTBP3,Training_Old,never_sig,NS
Q14847,LASP1,Training_Old,never_sig,NS
Q14914,PTGR1,Training_Old,never_sig,NS
Q14974,KPNB1,Training_Old,never_sig,NS
Q14980,NUMA1,Training_Old,never_sig,NS
Q14997,PSME4,Training_Old,never_sig,NS
Q14BN4,SLMAP,Training_Old,never_sig,NS
Q15006,EMC2,Training_Old,never_sig,NS
Q15008,PSMD6,Training_Old,never_sig,NS
Q15018,ABRAXAS2,Training_Old,never_sig,NS
Q15019,SEPTIN2,Training_Old,never_sig,NS
Q15046,KARS1,Training_Old,never_sig,NS
Q15056,EIF4H,Training_Old,never_sig,NS
Q15075,EEA1,Training_Old,never_sig,NS
Q15084,PDIA6,Training_Old,never_sig,NS
Q15102,PAFAH1B3,Training_Old,never_sig,NS
Q15111,PLCL1,Training_Old,never_sig,NS
Q15118,PDK1,Training_Old,never_sig,NS
Q15119,PDK2,Training_Old,never_sig,NS
Q15121,PEA15,Training_Old,never_sig,NS
Q15124,PGM5,Training_Old,never_sig,NS
Q15149,PLEC,Training_Old,never_sig,NS
Q15172,PPP2R5A,Training_Old,never_sig,NS
Q15181,PPA1,Training_Old,never_sig,NS
Q15185,PTGES3,Training_Old,never_sig,NS
Q15208,STK38,Training_Old,never_sig,NS
Q15233,NONO,Training_Old,never_sig,NS
Q15257,PTPA,Training_Old,never_sig,NS
Q15286,RAB35,Training_Old,never_sig,NS
Q15363,TMED2,Training_Old,never_sig,NS
Q15365,PCBP1,Training_Old,never_sig,NS
Q15366,PCBP2,Training_Old,never_sig,NS
Q15369,ELOC,Training_Old,never_sig,NS
Q15370,ELOB,Training_Old,never_sig,NS
Q15386,UBE3C,Training_Old,never_sig,NS
Q15392,DHCR24,Training_Old,never_sig,NS
Q15404,RSU1,Training_Old,never_sig,NS
Q15435,PPP1R7,Training_Old,never_sig,NS
Q15436,SEC23A,Training_Old,never_sig,NS
Q15555,MAPRE2,Training_Old,never_sig,NS
Q15582,TGFBI,Training_Old,never_sig,NS
Q15631,TSN,Training_Old,never_sig,NS
Q15637,SF1,Training_Old,never_sig,NS
Q15642,TRIP10,Training_Old,never_sig,NS
Q15691,MAPRE1,Training_Old,never_sig,NS
Q15714,TSC22D1,Training_Old,never_sig,NS
Q15717,ELAVL1,Training_Old,never_sig,NS
Q15746,MYLK,Training_Old,never_sig,NS
Q15772,SPEG,Training_Old,never_sig,NS
Q15813,TBCE,Training_Old,never_sig,NS
Q15819,UBE2V2,Training_Old,never_sig,NS
Q15843,NEDD8,Training_Old,never_sig,NS
Q15847,ADIRF,Training_Old,never_sig,NS
Q15848,ADIPOQ,Training_Old,never_sig,NS
Q15907,RAB11B,Training_Old,never_sig,NS
Q15942,ZYX,Training_Old,never_sig,NS
Q16082,HSPB2,Training_Old,never_sig,NS
Q16134,ETFDH,Training_Old,never_sig,NS
Q16181,SEPTIN7,Training_Old,never_sig,NS
Q16186,ADRM1,Training_Old,never_sig,NS
Q16531,DDB1,Training_Old,never_sig,NS
Q16543,CDC37,Training_Old,never_sig,NS
Q16555,DPYSL2,Training_Old,never_sig,NS
Q16563,SYPL1,Training_Old,never_sig,NS
Q16576,RBBP7,Training_Old,never_sig,NS
Q16585,SGCB,Training_Old,never_sig,NS
Q16586,SGCA,Training_Old,never_sig,NS
Q16595,FXN,Training_Old,never_sig,NS
Q16658,FSCN1,Training_Old,imputation_dependent,Conditional
Q16698,DECR1,Training_Old,never_sig,NS
Q16718,NDUFA5,Training_Old,never_sig,NS
Q16740,CLPP,Training_Old,never_sig,NS
Q16762,TST,Training_Old,never_sig,NS
Q16773,KYAT1,Training_Old,never_sig,NS
Q16774,GUK1,Training_Old,never_sig,NS
Q16775,HAGH,Training_Old,never_sig,NS
Q16795,NDUFA9,Training_Old,never_sig,NS
Q16816,PHKG1,Training_Old,never_sig,NS
Q16821,PPP1R3A,Training_Old,never_sig,NS
Q16836,HADH,Training_Old,never_sig,NS
Q16851,UGP2,Training_Old,never_sig,NS
Q16881,TXNRD1,Training_Old,never_sig,NS
Q16891,IMMT,Training_Old,never_sig,NS
Q2TAA2,IAH1,Training_Old,never_sig,NS
Q2TBA0,KLHL40,Training_Old,never_sig,NS
Q3LXA3,TKFC,Training_Old,never_sig,NS
Q3ZCQ8,TIMM50,Training_Old,never_sig,NS
Q4G0N4,NADK2,Training_Old,never_sig,NS
Q52LJ0,FAM98B,Training_Old,never_sig,NS
Q53FT3,HIKESHI,Training_Old,never_sig,NS
Q53GG5,PDLIM3,Training_Old,never_sig,NS
Q53GQ0,HSD17B12,Training_Old,never_sig,NS
Q53H12,AGK,Training_Old,never_sig,NS
Q53H82,LACTB2,Training_Old,never_sig,NS
Q58WW2,DCAF6,Training_Old,never_sig,NS
Q5BKX8,CAVIN4,Training_Old,never_sig,NS
Q5D862,FLG2,Training_Old,never_sig,NS
Q5HYI8,RABL3,Training_Old,never_sig,NS
Q5HYK3,COQ5,Training_Old,never_sig,NS
Q5JPE7,NOMO2,Training_Old,never_sig,NS
Q5JRX3,PITRM1,Training_Old,never_sig,NS
Q5JSH3,WDR44,Training_Old,never_sig,NS
Q5JTJ3,COA6,Training_Old,never_sig,NS
Q5JTV8,TOR1AIP1,Training_Old,never_sig,NS
Q5JWF2,GNAS,Training_Old,never_sig,NS
Q5R3I4,TTC38,Training_Old,never_sig,NS
Q5SQH8,C6orf136,Training_Old,never_sig,NS
Q5SSJ5,HP1BP3,Training_Old,never_sig,NS
Q5T440,IBA57,Training_Old,never_sig,NS
Q5T4S7,UBR4,Training_Old,never_sig,NS
Q5TAQ9,DCAF8,Training_Old,never_sig,NS
Q5TDH0,DDI2,Training_Old,never_sig,NS
Q5TGZ0,MICOS10,Training_Old,never_sig,NS
Q5U5X0,LYRM7,Training_Old,never_sig,NS
Q5VST9,OBSCN,Training_Old,never_sig,NS
Q5VTT5,MYOM3,Training_Old,never_sig,NS
Q5VU43,PDE4DIP,Training_Old,never_sig,NS
Q5VW32,BROX,Training_Old,never_sig,NS
Q5VWZ2,LYPLAL1,Training_Old,never_sig,NS
Q5VXT5,SYPL2,Training_Old,never_sig,NS
Q5VYK3,ECPAS,Training_Old,never_sig,NS
Q5XKP0,MICOS13,Training_Old,never_sig,NS
Q5XPI4,RNF123,Training_Old,never_sig,NS
Q66K66,TMEM198,Training_Old,never_sig,NS
Q68DQ2,CRYBG3,Training_Old,never_sig,NS
Q6DKJ4,NXN,Training_Old,never_sig,NS
Q6GMV3,PTRHD1,Training_Old,never_sig,NS
Q6H8Q1,ABLIM2,Training_Old,never_sig,NS
Q6IAA8,LAMTOR1,Training_Old,never_sig,NS
Q6IAN0,DHRS7B,Training_Old,never_sig,NS
Q6IBS0,TWF2,Training_Old,never_sig,NS
Q6IPR1,ETFRF1,Training_Old,never_sig,NS
Q6IQ22,RAB12,Training_Old,never_sig,NS
Q6IQ26,DENND5A,Training_Old,never_sig,NS
Q6JBY9,RCSD1,Training_Old,never_sig,NS
Q6NUK1,SLC25A24,Training_Old,never_sig,NS
Q6NVY1,HIBCH,Training_Old,never_sig,NS
Q6NZI2,CAVIN1,Training_Old,never_sig,NS
Q6P161,MRPL54,Training_Old,never_sig,NS
Q6P1A2,LPCAT3,Training_Old,never_sig,NS
Q6P1N9,TATDN1,Training_Old,never_sig,NS
Q6P4A7,SFXN4,Training_Old,never_sig,NS
Q6P587,FAHD1,Training_Old,never_sig,NS
Q6P5Q4,LMOD2,Training_Old,never_sig,NS
Q6PCB7,SLC27A1,Training_Old,never_sig,NS
Q6PK04,CCDC137,Training_Old,never_sig,NS
Q6QEF8,CORO6,Training_Old,never_sig,NS
Q6UW68,TMEM205,Training_Old,never_sig,NS
Q6UWP2,DHRS11,Training_Old,never_sig,NS
Q6UXV4,APOOL,Training_Old,never_sig,NS
Q6XQN6,NAPRT,Training_Old,never_sig,NS
Q6YN16,HSDL2,Training_Old,never_sig,NS
Q6YP21,KYAT3,Training_Old,never_sig,NS
Q6ZMU5,TRIM72,Training_Old,never_sig,NS
Q6ZU65,UBN2,Training_Old,never_sig,NS
Q6ZVM7,TOM1L2,Training_Old,never_sig,NS
Q702N8,XIRP1,Training_Old,never_sig,NS
Q709C8,VPS13C,Training_Old,never_sig,NS
Q712K3,UBE2R2,Training_Old,never_sig,NS
Q7KZF4,SND1,Training_Old,never_sig,NS
Q7L0Y3,TRMT10C,Training_Old,never_sig,NS
Q7L1Q6,BZW1,Training_Old,never_sig,NS
Q7L2H7,EIF3M,Training_Old,never_sig,NS
Q7L5N1,COPS6,Training_Old,never_sig,NS
Q7LBR1,CHMP1B,Training_Old,never_sig,NS
Q7LG56,RRM2B,Training_Old,never_sig,NS
Q7Z2K6,ERMP1,Training_Old,never_sig,NS
Q7Z2W9,MRPL21,Training_Old,never_sig,NS
Q7Z3D6,DGLUCY,Training_Old,never_sig,NS
Q7Z406,MYH14,Training_Old,never_sig,NS
Q7Z422,SZRD1,Training_Old,never_sig,NS
Q7Z434,MAVS,Training_Old,never_sig,NS
Q7Z4G1,COMMD6,Training_Old,never_sig,NS
Q7Z4H3,HDDC2,Training_Old,never_sig,NS
Q7Z4V5,HDGFL2,Training_Old,never_sig,NS
Q7Z4W1,DCXR,Training_Old,never_sig,NS
Q7Z698,SPRED2,Training_Old,never_sig,NS
Q7Z6Z7,HUWE1,Training_Old,never_sig,NS
Q86SX6,GLRX5,Training_Old,never_sig,NS
Q86TC9,MYPN,Training_Old,never_sig,NS
Q86TD4,SRL,Training_Old,never_sig,NS
Q86TP1,PRUNE1,Training_Old,never_sig,NS
Q86TX2,ACOT1,Training_Old,never_sig,NS
Q86U28,ISCA2,Training_Old,never_sig,NS
Q86UE4,MTDH,Training_Old,never_sig,NS
Q86UP2,KTN1,Training_Old,never_sig,NS
Q86UT6,NLRX1,Training_Old,never_sig,NS
Q86V81,ALYREF,Training_Old,never_sig,NS
Q86V88,MDP1,Training_Old,never_sig,NS
Q86VD7,SLC25A42,Training_Old,never_sig,NS
Q86VF7,NRAP,Training_Old,never_sig,NS
Q86VN1,VPS36,Training_Old,never_sig,NS
Q86VP6,CAND1,Training_Old,never_sig,NS
Q86VX2,COMMD7,Training_Old,never_sig,NS
Q86WU2,LDHD,Training_Old,never_sig,NS
Q86X55,CARM1,Training_Old,never_sig,NS
Q86X76,NIT1,Training_Old,never_sig,NS
Q86Y39,NDUFA11,Training_Old,never_sig,NS
Q86YB7,ECHDC2,Training_Old,never_sig,NS
Q8IUZ5,PHYKPL,Training_Old,never_sig,NS
Q8IVN3,MUSTN1,Training_Old,never_sig,NS
Q8IW45,NAXD,Training_Old,never_sig,NS
Q8IWA4,MFN1,Training_Old,never_sig,NS
Q8IWA5,SLC44A2,Training_Old,never_sig,NS
Q8IWL3,HSCB,Training_Old,never_sig,NS
Q8IWW8,ADHFE1,Training_Old,never_sig,NS
Q8IWX7,UNC45B,Training_Old,never_sig,NS
Q8IXL7,MSRB3,Training_Old,never_sig,NS
Q8IXV7,KLHDC8B,Training_Old,never_sig,NS
Q8IYB8,SUPV3L1,Training_Old,never_sig,NS
Q8IYQ7,THNSL1,Training_Old,never_sig,NS
Q8IYS1,PM20D2,Training_Old,never_sig,NS
Q8IYU8,MICU2,Training_Old,never_sig,NS
Q8IZ81,ELMOD2,Training_Old,never_sig,NS
Q8IZ83,ALDH16A1,Training_Old,never_sig,NS
Q8N0U4,FAM185A,Training_Old,never_sig,NS
Q8N142,ADSS1,Training_Old,never_sig,NS
Q8N183,NDUFAF2,Training_Old,never_sig,NS
Q8N1G4,LRRC47,Training_Old,never_sig,NS
Q8N335,GPD1L,Training_Old,never_sig,NS
Q8N3D4,EHBP1L1,Training_Old,never_sig,NS
Q8N3K9,CMYA5,Training_Old,never_sig,NS
Q8N3L3,TXLNB,Training_Old,never_sig,NS
Q8N3V7,SYNPO,Training_Old,never_sig,NS
Q8N4H5,TOMM5,Training_Old,never_sig,NS
Q8N4Q1,CHCHD4,Training_Old,never_sig,NS
Q8N4T8,CBR4,Training_Old,never_sig,NS
Q8N4V1,MMGT1,Training_Old,never_sig,NS
Q8N5G0,SMIM20,Training_Old,never_sig,NS
Q8N5K1,CISD2,Training_Old,never_sig,NS
Q8N5M1,ATPAF2,Training_Old,never_sig,NS
Q8N5M9,JAGN1,Training_Old,never_sig,NS
Q8N5N7,MRPL50,Training_Old,never_sig,NS
Q8N766,EMC1,Training_Old,never_sig,NS
Q8N8N7,PTGR2,Training_Old,never_sig,NS
Q8NB12,SMYD1,Training_Old,never_sig,NS
Q8NBF2,NHLRC2,Training_Old,never_sig,NS
Q8NBN7,RDH13,Training_Old,never_sig,NS
Q8NBS9,TXNDC5,Training_Old,never_sig,NS
Q8NBU5,ATAD1,Training_Old,never_sig,NS
Q8NBX0,SCCPDH,Training_Old,never_sig,NS
Q8NC51,SERBP1,Training_Old,never_sig,NS
Q8NCA5,FAM98A,Training_Old,never_sig,NS
Q8NCN5,PDPR,Training_Old,never_sig,NS
Q8NCW5,NAXE,Training_Old,never_sig,NS
Q8NDH3,NPEPL1,Training_Old,never_sig,NS
Q8NDY3,ADPRHL1,Training_Old,never_sig,NS
Q8NE62,CHDH,Training_Old,never_sig,NS
Q8NE71,ABCF1,Training_Old,never_sig,NS
Q8NE86,MCU,Training_Old,never_sig,NS
Q8NFV4,ABHD11,Training_Old,never_sig,NS
Q8NHH9,ATL2,Training_Old,never_sig,NS
Q8NI37,PPTC7,Training_Old,never_sig,NS
Q8NI60,COQ8A,Training_Old,never_sig,NS
Q8TAT6,NPLOC4,Training_Old,never_sig,NS
Q8TB22,SPATA20,Training_Old,never_sig,NS
Q8TB37,NUBPL,Training_Old,never_sig,NS
Q8TB45,DEPTOR,Training_Old,never_sig,NS
Q8TC12,RDH11,Training_Old,never_sig,NS
Q8TCA0,LRRC20,Training_Old,never_sig,NS
Q8TCD5,NT5C,Training_Old,never_sig,NS
Q8TCS8,PNPT1,Training_Old,never_sig,NS
Q8TCT8,SPPL2A,Training_Old,never_sig,NS
Q8TCU6,PREX1,Training_Old,never_sig,NS
Q8TD19,NEK9,Training_Old,never_sig,NS
Q8TD30,GPT2,Training_Old,never_sig,NS
Q8TDC0,MYOZ3,Training_Old,never_sig,NS
Q8TDX7,NEK7,Training_Old,never_sig,NS
Q8TEA8,DTD1,Training_Old,never_sig,NS
Q8TED0,UTP15,Training_Old,never_sig,NS
Q8WTS6,SETD7,Training_Old,never_sig,NS
Q8WUM0,NUP133,Training_Old,never_sig,NS
Q8WUM4,PDCD6IP,Training_Old,never_sig,NS
Q8WUY1,THEM6,Training_Old,never_sig,NS
Q8WVI0,SMIM4,Training_Old,never_sig,NS
Q8WVJ2,NUDCD2,Training_Old,never_sig,NS
Q8WVM8,SCFD1,Training_Old,never_sig,NS
Q8WW12,PCNP,Training_Old,never_sig,NS
Q8WW22,DNAJA4,Training_Old,never_sig,NS
Q8WW59,SPRYD4,Training_Old,never_sig,NS
Q8WWV3,RTN4IP1,Training_Old,never_sig,NS
Q8WX93,PALLD,Training_Old,never_sig,NS
Q8WXH0,SYNE2,Training_Old,never_sig,NS
Q8WY91,THAP4,Training_Old,never_sig,NS
Q8WYA0,IFT81,Training_Old,never_sig,NS
Q8WZ42,TTN,Training_Old,never_sig,NS
Q92499,DDX1,Training_Old,never_sig,NS
Q92506,HSD17B8,Training_Old,never_sig,NS
Q92523,CPT1B,Training_Old,never_sig,NS
Q92530,PSMF1,Training_Old,never_sig,NS
Q92575,UBXN4,Training_Old,never_sig,NS
Q92614,MYO18A,Training_Old,never_sig,NS
Q92616,GCN1,Training_Old,never_sig,NS
Q92629,SGCD,Training_Old,never_sig,NS
Q92667,AKAP1,Training_Old,never_sig,NS
Q92696,RABGGTA,Training_Old,never_sig,NS
Q92734,TFG,Training_Old,never_sig,NS
Q92747,ARPC1A,Training_Old,never_sig,NS
Q92791,P3H4,Training_Old,never_sig,NS
Q92841,DDX17,Training_Old,never_sig,NS
Q92879,CELF1,Training_Old,never_sig,NS
Q92890,UFD1,Training_Old,never_sig,NS
Q92901,RPL3L,Training_Old,never_sig,NS
Q92905,COPS5,Training_Old,never_sig,NS
Q92945,KHSRP,Training_Old,never_sig,NS
Q92947,GCDH,Training_Old,never_sig,NS
Q92973,TNPO1,Training_Old,never_sig,NS
Q92995,USP13,Training_Old,never_sig,NS
Q93008,USP9X,Training_Old,never_sig,NS
Q93034,CUL5,Training_Old,never_sig,NS
Q93052,LPP,Training_Old,never_sig,NS
Q93084,ATP2A3,Training_Old,never_sig,NS
Q93100,PHKB,Training_Old,never_sig,NS
Q969M7,UBE2F,Training_Old,never_sig,NS
Q969Q0,RPL36AL,Training_Old,never_sig,NS
Q969T9,WBP2,Training_Old,never_sig,NS
Q969X5,ERGIC1,Training_Old,never_sig,NS
Q969Z3,MTARC2,Training_Old,never_sig,NS
Q96A26,FAM162A,Training_Old,never_sig,NS
Q96A33,CCDC47,Training_Old,never_sig,NS
Q96A57,TMEM230,Training_Old,never_sig,NS
Q96AB3,ISOC2,Training_Old,never_sig,NS
Q96AC1,FERMT2,Training_Old,never_sig,NS
Q96AE4,FUBP1,Training_Old,never_sig,NS
Q96AG3,SLC25A46,Training_Old,never_sig,NS
Q96AN5,TMEM143,Training_Old,never_sig,NS
Q96AQ6,PBXIP1,Training_Old,never_sig,NS
Q96BW5,PTER,Training_Old,never_sig,NS
Q96C00,ZBTB9,Training_Old,never_sig,NS
Q96C01,FAM136A,Training_Old,never_sig,NS
Q96C11,FGGY,Training_Old,never_sig,NS
Q96C23,GALM,Training_Old,never_sig,NS
Q96C86,DCPS,Training_Old,never_sig,NS
Q96C90,PPP1R14B,Training_Old,never_sig,NS
Q96CM8,ACSF2,Training_Old,never_sig,NS
Q96CN7,ISOC1,Training_Old,never_sig,NS
Q96CT7,CCDC124,Training_Old,never_sig,NS
Q96CV9,OPTN,Training_Old,never_sig,NS
Q96CW1,AP2M1,Training_Old,never_sig,NS
Q96CX2,KCTD12,Training_Old,never_sig,NS
Q96DB5,RMDN1,Training_Old,never_sig,NS
Q96DC8,ECHDC3,Training_Old,never_sig,NS
Q96DE0,NUDT16,Training_Old,never_sig,NS
Q96DG6,CMBL,Training_Old,never_sig,NS
Q96DH6,MSI2,Training_Old,never_sig,NS
Q96DV4,MRPL38,Training_Old,never_sig,NS
Q96E11,MRRF,Training_Old,never_sig,NS
Q96EL3,MRPL53,Training_Old,never_sig,NS
Q96EP5,DAZAP1,Training_Old,never_sig,NS
Q96EY1,DNAJA3,Training_Old,never_sig,NS
Q96EY7,PTCD3,Training_Old,never_sig,NS
Q96EY8,MMAB,Training_Old,never_sig,NS
Q96FJ2,DYNLL2,Training_Old,never_sig,NS
Q96FQ6,S100A16,Training_Old,never_sig,NS
Q96FV2,SCRN2,Training_Old,never_sig,NS
Q96FW1,OTUB1,Training_Old,never_sig,NS
Q96FZ7,CHMP6,Training_Old,never_sig,NS
Q96GD0,PDXP,Training_Old,never_sig,NS
Q96GG9,DCUN1D1,Training_Old,never_sig,NS
Q96GK7,FAHD2A,Training_Old,never_sig,NS
Q96H20,SNF8,Training_Old,never_sig,NS
Q96HC4,PDLIM5,Training_Old,never_sig,NS
Q96HD1,CRELD1,Training_Old,never_sig,NS
Q96HE7,ERO1A,Training_Old,never_sig,NS
Q96HN2,AHCYL2,Training_Old,never_sig,NS
Q96HS1,PGAM5,Training_Old,never_sig,NS
Q96HY6,DDRGK1,Training_Old,never_sig,NS
Q96I23,PYURF,Training_Old,never_sig,NS
Q96I99,SUCLG2,Training_Old,never_sig,NS
Q96IU4,ABHD14B,Training_Old,never_sig,NS
Q96IV0,NGLY1,Training_Old,never_sig,NS
Q96JJ7,TMX3,Training_Old,never_sig,NS
Q96K17,BTF3L4,Training_Old,never_sig,NS
Q96K76,USP47,Training_Old,never_sig,NS
Q96KP4,CNDP2,Training_Old,never_sig,NS
Q96L96,ALPK3,Training_Old,never_sig,NS
Q96MF2,STAC3,Training_Old,never_sig,NS
Q96MF6,COQ10A,Training_Old,never_sig,NS
Q96MG2,JSRP1,Training_Old,never_sig,NS
Q96PE7,MCEE,Training_Old,never_sig,NS
Q96PU8,QKI,Training_Old,never_sig,NS
Q96Q06,PLIN4,Training_Old,never_sig,NS
Q96Q83,ALKBH3,Training_Old,never_sig,NS
Q96QK1,VPS35,Training_Old,never_sig,NS
Q96QR8,PURB,Training_Old,never_sig,NS
Q96RK4,BBS4,Training_Old,never_sig,NS
Q96RL7,VPS13A,Training_Old,never_sig,NS
Q96RP9,GFM1,Training_Old,never_sig,NS
Q96RQ3,MCCC1,Training_Old,never_sig,NS
Q96S19,METTL26,Training_Old,never_sig,NS
Q96S66,CLCC1,Training_Old,never_sig,NS
Q96S96,PEBP4,Training_Old,never_sig,NS
Q96S99,PLEKHF1,Training_Old,never_sig,NS
Q99417,MYCBP,Training_Old,never_sig,NS
Q99426,TBCB,Training_Old,never_sig,NS
Q99436,PSMB7,Training_Old,never_sig,NS
Q99447,PCYT2,Training_Old,never_sig,NS
Q99460,PSMD1,Training_Old,never_sig,NS
Q99471,PFDN5,Training_Old,never_sig,NS
Q99487,PAFAH2,Training_Old,never_sig,NS
Q99497,PARK7,Training_Old,never_sig,NS
Q99536,VAT1,Training_Old,never_sig,NS
Q99541,PLIN2,Training_Old,never_sig,NS
Q99584,S100A13,Training_Old,never_sig,NS
Q99598,TSNAX,Training_Old,never_sig,NS
Q99613,EIF3C,Training_Old,never_sig,NS
Q99623,PHB2,Training_Old,never_sig,NS
Q99627,COPS8,Training_Old,never_sig,NS
Q99643,SDHC,Training_Old,never_sig,NS
Q99653,CHP1,Training_Old,never_sig,NS
Q99714,HSD17B10,Training_Old,never_sig,NS
Q99733,NAP1L4,Training_Old,never_sig,NS
Q99735,MGST2,Training_Old,never_sig,NS
Q99757,TXN2,Training_Old,never_sig,NS
Q99766,DMAC2L,Training_Old,never_sig,NS
Q99798,ACO2,Training_Old,never_sig,NS
Q99807,COQ7,Training_Old,never_sig,NS
Q99808,SLC29A1,Training_Old,never_sig,NS
Q99816,TSG101,Training_Old,never_sig,NS
Q99829,CPNE1,Training_Old,never_sig,NS
Q99832,CCT7,Training_Old,never_sig,NS
Q99873,PRMT1,Training_Old,never_sig,NS
Q9BPW8,NIPSNAP1,Training_Old,never_sig,NS
Q9BPX5,ARPC5L,Training_Old,never_sig,NS
Q9BPX6,MICU1,Training_Old,never_sig,NS
Q9BQ69,MACROD1,Training_Old,never_sig,NS
Q9BQA1,WDR77,Training_Old,never_sig,NS
Q9BQE5,APOL2,Training_Old,never_sig,NS
Q9BQS8,FYCO1,Training_Old,never_sig,NS
Q9BR39,JPH2,Training_Old,never_sig,NS
Q9BR76,CORO1B,Training_Old,never_sig,NS
Q9BRA2,TXNDC17,Training_Old,never_sig,NS
Q9BRC7,PLCD4,Training_Old,never_sig,NS
Q9BRF8,CPPED1,Training_Old,never_sig,NS
Q9BRG1,VPS25,Training_Old,never_sig,NS
Q9BRT3,MIEN1,Training_Old,never_sig,NS
Q9BRX2,PELO,Training_Old,never_sig,NS
Q9BRX8,PRXL2A,Training_Old,never_sig,NS
Q9BS26,ERP44,Training_Old,never_sig,NS
Q9BS40,LXN,Training_Old,never_sig,NS
Q9BS92,NIPSNAP3B,Training_Old,never_sig,NS
Q9BSD7,NTPCR,Training_Old,never_sig,NS
Q9BSE5,AGMAT,Training_Old,never_sig,NS
Q9BSH4,TACO1,Training_Old,never_sig,NS
Q9BSJ8,ESYT1,Training_Old,never_sig,NS
Q9BSL1,UBAC1,Training_Old,never_sig,NS
Q9BT78,COPS4,Training_Old,never_sig,NS
Q9BTE1,DCTN5,Training_Old,never_sig,NS
Q9BTE6,AARSD1,Training_Old,never_sig,NS
Q9BTV4,TMEM43,Training_Old,never_sig,NS
Q9BTZ2,DHRS4,Training_Old,never_sig,NS
Q9BUB7,TMEM70,Training_Old,never_sig,NS
Q9BUF5,TUBB6,Training_Old,never_sig,NS
Q9BUK0,CHCHD7,Training_Old,never_sig,NS
Q9BUR5,APOO,Training_Old,never_sig,NS
Q9BV20,MRI1,Training_Old,never_sig,NS
Q9BV23,ABHD6,Training_Old,never_sig,NS
Q9BV57,ADI1,Training_Old,never_sig,NS
Q9BV79,MECR,Training_Old,never_sig,NS
Q9BV86,NTMT1,Training_Old,never_sig,NS
Q9BVC6,TMEM109,Training_Old,never_sig,NS
Q9BVK6,TMED9,Training_Old,never_sig,NS
Q9BVV7,TIMM21,Training_Old,never_sig,NS
Q9BW30,TPPP3,Training_Old,never_sig,NS
Q9BW91,NUDT9,Training_Old,never_sig,NS
Q9BWH2,FUNDC2,Training_Old,never_sig,NS
Q9BX66,SORBS1,Training_Old,never_sig,NS
Q9BX68,HINT2,Training_Old,never_sig,NS
Q9BXB4,OSBPL11,Training_Old,never_sig,NS
Q9BXI3,NT5C1A,Training_Old,never_sig,NS
Q9BXJ8,TMEM120A,Training_Old,never_sig,NS
Q9BXJ9,NAA15,Training_Old,never_sig,NS
Q9BXK5,BCL2L13,Training_Old,never_sig,NS
Q9BXS5,AP1M1,Training_Old,never_sig,NS
Q9BXW6,OSBPL1A,Training_Old,never_sig,NS
Q9BXW7,HDHD5,Training_Old,never_sig,NS
Q9BY44,EIF2A,Training_Old,never_sig,NS
Q9BYD1,MRPL13,Training_Old,never_sig,NS
Q9BYD2,MRPL9,Training_Old,never_sig,NS
Q9BYD3,MRPL4,Training_Old,never_sig,NS
Q9BYD6,MRPL1,Training_Old,never_sig,NS
Q9BYT8,NLN,Training_Old,never_sig,NS
Q9BYV2,TRIM54,Training_Old,never_sig,NS
Q9BYV7,BCO2,Training_Old,never_sig,NS
Q9BZE1,MRPL37,Training_Old,never_sig,NS
Q9BZE9,ASPSCR1,Training_Old,never_sig,NS
Q9BZL1,UBL5,Training_Old,never_sig,NS
Q9BZQ8,NIBAN1,Training_Old,never_sig,NS
Q9BZV1,UBXN6,Training_Old,never_sig,NS
Q9C0C9,UBE2O,Training_Old,never_sig,NS
Q9C0E8,LNPK,Training_Old,never_sig,NS
Q9GZP4,PITHD1,Training_Old,never_sig,NS
Q9GZT3,SLIRP,Training_Old,never_sig,NS
Q9GZT8,NIF3L1,Training_Old,never_sig,NS
Q9GZT9,EGLN1,Training_Old,never_sig,NS
Q9GZV1,ANKRD2,Training_Old,never_sig,NS
Q9GZZ1,NAA50,Training_Old,never_sig,NS
Q9H061,TMEM126A,Training_Old,never_sig,NS
Q9H074,PAIP1,Training_Old,never_sig,NS
Q9H078,CLPB,Training_Old,never_sig,NS
Q9H0E2,TOLLIP,Training_Old,never_sig,NS
Q9H0N5,PCBD2,Training_Old,never_sig,NS
Q9H0P0,NT5C3A,Training_Old,never_sig,NS
Q9H0R4,HDHD2,Training_Old,never_sig,NS
Q9H0U4,RAB1B,Training_Old,never_sig,NS
Q9H0W9,C11orf54,Training_Old,never_sig,NS
Q9H1E3,NUCKS1,Training_Old,never_sig,NS
Q9H1E5,TMX4,Training_Old,never_sig,NS
Q9H1R3,MYLK2,Training_Old,never_sig,NS
Q9H223,EHD4,Training_Old,never_sig,NS
Q9H299,SH3BGRL3,Training_Old,never_sig,NS
Q9H2G2,SLK,Training_Old,never_sig,NS
Q9H2H8,PPIL3,Training_Old,never_sig,NS
Q9H2I8,LRMDA,Training_Old,never_sig,NS
Q9H2S6,TNMD,Training_Old,never_sig,NS
Q9H2U2,PPA2,Training_Old,never_sig,NS
Q9H2W6,MRPL46,Training_Old,never_sig,NS
Q9H330,TMEM245,Training_Old,never_sig,NS
Q9H3H3,C11orf68,Training_Old,never_sig,NS
Q9H3K2,GHITM,Training_Old,never_sig,NS
Q9H3K6,BOLA2,Training_Old,never_sig,NS
Q9H3N1,TMX1,Training_Old,never_sig,NS
Q9H444,CHMP4B,Training_Old,never_sig,NS
Q9H477,RBKS,Training_Old,never_sig,NS
Q9H479,FN3K,Training_Old,never_sig,NS
Q9H496,TOR1AIP2,Training_Old,never_sig,NS
Q9H4A4,RNPEP,Training_Old,never_sig,NS
Q9H4G4,GLIPR2,Training_Old,imputation_dependent,Conditional
Q9H4M9,EHD1,Training_Old,never_sig,NS
Q9H6F2,TMEM38A,Training_Old,never_sig,NS
Q9H6K4,OPA3,Training_Old,never_sig,NS
Q9H773,DCTPP1,Training_Old,never_sig,NS
Q9H7C9,AAMDC,Training_Old,never_sig,NS
Q9H7Z7,PTGES2,Training_Old,never_sig,NS
Q9H832,UBE2Z,Training_Old,never_sig,NS
Q9H845,ACAD9,Training_Old,never_sig,NS
Q9H8H3,METTL7A,Training_Old,never_sig,NS
Q9H8M1,COQ10B,Training_Old,never_sig,NS
Q9H8S9,MOB1A,Training_Old,never_sig,NS
Q9H8Y8,GORASP2,Training_Old,never_sig,NS
Q9H910,JPT2,Training_Old,never_sig,NS
Q9H987,SYNPO2L,Training_Old,never_sig,NS
Q9H993,ARMT1,Training_Old,never_sig,NS
Q9H9A6,LRRC40,Training_Old,never_sig,NS
Q9H9B4,SFXN1,Training_Old,never_sig,NS
Q9H9P8,L2HGDH,Training_Old,never_sig,NS
Q9H9Q2,COPS7B,Training_Old,never_sig,NS
Q9HA64,FN3KRP,Training_Old,never_sig,NS
Q9HA65,TBC1D17,Training_Old,never_sig,NS
Q9HA77,CARS2,Training_Old,never_sig,NS
Q9HB71,CACYBP,Training_Old,never_sig,NS
Q9HBH5,RDH14,Training_Old,never_sig,NS
Q9HBI1,PARVB,Training_Old,never_sig,NS
Q9HBL0,TNS1,Training_Old,never_sig,NS
Q9HBL7,PLGRKT,Training_Old,never_sig,NS
Q9HC38,GLOD4,Training_Old,never_sig,NS
Q9HCC0,MCCC2,Training_Old,never_sig,NS
Q9HCP6,HHATL,Training_Old,never_sig,NS
Q9HCU5,PREB,Training_Old,never_sig,NS
Q9HD33,MRPL47,Training_Old,never_sig,NS
Q9HDC5,JPH1,Training_Old,never_sig,NS
Q9HDC9,APMAP,Training_Old,never_sig,NS
Q9NNW7,TXNRD2,Training_Old,never_sig,NS
Q9NP72,RAB18,Training_Old,never_sig,NS
Q9NP74,PALMD,Training_Old,never_sig,NS
Q9NP77,SSU72,Training_Old,never_sig,NS
Q9NP79,VTA1,Training_Old,never_sig,NS
Q9NP81,SARS2,Training_Old,never_sig,NS
Q9NP97,DYNLRB1,Training_Old,never_sig,NS
Q9NP98,MYOZ1,Training_Old,never_sig,NS
Q9NPC6,MYOZ2,Training_Old,never_sig,NS
Q9NPF4,OSGEP,Training_Old,never_sig,NS
Q9NPJ3,ACOT13,Training_Old,never_sig,NS
Q9NQ50,MRPL40,Training_Old,never_sig,NS
Q9NQ88,TIGAR,Training_Old,never_sig,NS
Q9NQC3,RTN4,Training_Old,never_sig,NS
Q9NQE9,HINT3,Training_Old,never_sig,NS
Q9NQP4,PFDN4,Training_Old,never_sig,NS
Q9NQR4,NIT2,Training_Old,never_sig,NS
Q9NQW7,XPNPEP1,Training_Old,never_sig,NS
Q9NQX3,GPHN,Training_Old,never_sig,NS
Q9NR12,PDLIM7,Training_Old,never_sig,NS
Q9NR19,ACSS2,Training_Old,never_sig,NS
Q9NR28,DIABLO,Training_Old,never_sig,NS
Q9NR31,SAR1A,Training_Old,never_sig,NS
Q9NR46,SH3GLB2,Training_Old,never_sig,NS
Q9NR50,EIF2B3,Training_Old,never_sig,NS
Q9NR56,MBNL1,Training_Old,never_sig,NS
Q9NRG7,SDR39U1,Training_Old,never_sig,NS
Q9NRN7,AASDHPPT,Training_Old,never_sig,NS
Q9NRP0,OSTC,Training_Old,never_sig,NS
Q9NRP2,CMC2,Training_Old,never_sig,NS
Q9NRV9,HEBP1,Training_Old,never_sig,NS
Q9NRX4,PHPT1,Training_Old,never_sig,NS
Q9NS69,TOMM22,Training_Old,never_sig,NS
Q9NS86,LANCL2,Training_Old,never_sig,NS
Q9NSD9,FARSB,Training_Old,never_sig,NS
Q9NSE4,IARS2,Training_Old,never_sig,NS
Q9NTG7,SIRT3,Training_Old,never_sig,NS
Q9NTJ4,MAN2C1,Training_Old,never_sig,NS
Q9NTK5,OLA1,Training_Old,never_sig,NS
Q9NTM9,CUTC,Training_Old,never_sig,NS
Q9NUB1,ACSS1,Training_Old,never_sig,NS
Q9NUJ1,ABHD10,Training_Old,never_sig,NS
Q9NUU7,DDX19A,Training_Old,never_sig,NS
Q9NVA2,SEPTIN11,Training_Old,never_sig,NS
Q9NVD7,PARVA,Training_Old,never_sig,NS
Q9NVE7,PANK4,Training_Old,never_sig,NS
Q9NVH1,DNAJC11,Training_Old,never_sig,NS
Q9NVH6,TMLHE,Training_Old,never_sig,NS
Q9NVI7,ATAD3A,Training_Old,never_sig,NS
Q9NVJ2,ARL8B,Training_Old,never_sig,NS
Q9NVS2,MRPS18A,Training_Old,never_sig,NS
Q9NVS9,PNPO,Training_Old,never_sig,NS
Q9NWU1,OXSM,Training_Old,never_sig,NS
Q9NWU5,MRPL22,Training_Old,never_sig,NS
Q9NWV4,CZIB,Training_Old,never_sig,NS
Q9NWV8,BABAM1,Training_Old,never_sig,NS
Q9NX14,NDUFB11,Training_Old,never_sig,NS
Q9NX40,OCIAD1,Training_Old,never_sig,NS
Q9NX47,MARCHF5,Training_Old,never_sig,NS
Q9NX63,CHCHD3,Training_Old,never_sig,NS
Q9NXA8,SIRT5,Training_Old,never_sig,NS
Q9NXR7,BABAM2,Training_Old,never_sig,NS
Q9NY33,DPP3,Training_Old,never_sig,NS
Q9NY65,TUBA8,Training_Old,never_sig,NS
Q9NYL2,MAP3K20,Training_Old,never_sig,NS
Q9NYU2,UGGT1,Training_Old,never_sig,NS
Q9NZ01,TECR,Training_Old,never_sig,NS
Q9NZ08,ERAP1,Training_Old,never_sig,NS
Q9NZ45,CISD1,Training_Old,never_sig,NS
Q9NZA1,CLIC5,Training_Old,never_sig,NS
Q9NZB2,FAM120A,Training_Old,never_sig,NS
Q9NZD2,GLTP,Training_Old,never_sig,NS
Q9NZJ6,COQ3,Training_Old,never_sig,NS
Q9NZL4,HSPBP1,Training_Old,never_sig,NS
Q9NZL9,MAT2B,Training_Old,never_sig,NS
Q9NZM1,MYOF,Training_Old,never_sig,NS
Q9NZN4,EHD2,Training_Old,never_sig,NS
Q9NZQ9,TMOD4,Training_Old,never_sig,NS
Q9NZU5,LMCD1,Training_Old,never_sig,NS
Q9NZZ3,CHMP5,Training_Old,never_sig,NS
Q9P003,CNIH4,Training_Old,never_sig,NS
Q9P032,NDUFAF4,Training_Old,never_sig,NS
Q9P0I2,EMC3,Training_Old,never_sig,NS
Q9P0J0,NDUFA13,Training_Old,never_sig,NS
Q9P0J1,PDP1,Training_Old,never_sig,NS
Q9P0J6,MRPL36,Training_Old,never_sig,NS
Q9P0L0,VAPA,Training_Old,never_sig,NS
Q9P0P0,RNF181,Training_Old,never_sig,NS
Q9P2J5,LARS1,Training_Old,never_sig,NS
Q9P2R7,SUCLA2,Training_Old,never_sig,NS
Q9P2T1,GMPR2,Training_Old,never_sig,NS
Q9P2X0,DPM3,Training_Old,never_sig,NS
Q9P2X3,IMPACT,Training_Old,never_sig,NS
Q9UBB4,ATXN10,Training_Old,never_sig,NS
Q9UBC2,EPS15L1,Training_Old,never_sig,NS
Q9UBE0,SAE1,Training_Old,never_sig,NS
Q9UBF6,RNF7,Training_Old,never_sig,NS
Q9UBF9,MYOT,Training_Old,never_sig,NS
Q9UBI6,GNG12,Training_Old,never_sig,NS
Q9UBQ0,VPS29,Training_Old,never_sig,NS
Q9UBQ5,EIF3K,Training_Old,never_sig,NS
Q9UBQ7,GRHPR,Training_Old,never_sig,NS
Q9UBR2,CTSZ,Training_Old,never_sig,NS
Q9UBT2,UBA2,Training_Old,never_sig,NS
Q9UBW8,COPS7A,Training_Old,never_sig,NS
Q9UBY9,HSPB7,Training_Old,never_sig,NS
Q9UDT6,CLIP2,Training_Old,never_sig,NS
Q9UDW1,UQCR10,Training_Old,never_sig,NS
Q9UDY4,DNAJB4,Training_Old,never_sig,NS
Q9UFN0,NIPSNAP3A,Training_Old,never_sig,NS
Q9UGI8,TES,Training_Old,never_sig,NS
Q9UGL1,KDM5B,Training_Old,never_sig,NS
Q9UGM6,WARS2,Training_Old,never_sig,NS
Q9UH92,MLX,Training_Old,never_sig,NS
Q9UHD8,SEPTIN9,Training_Old,never_sig,NS
Q9UHD9,UBQLN2,Training_Old,never_sig,NS
Q9UHG3,PCYOX1,Training_Old,never_sig,NS
Q9UHL4,DPP7,Training_Old,never_sig,NS
Q9UHP9,SMPX,Training_Old,never_sig,NS
Q9UHQ4,BCAP29,Training_Old,never_sig,NS
Q9UHQ9,CYB5R1,Training_Old,never_sig,NS
Q9UHV9,PFDN2,Training_Old,never_sig,NS
Q9UHX1,PUF60,Training_Old,never_sig,NS
Q9UHY7,ENOPH1,Training_Old,never_sig,NS
Q9UI09,NDUFA12,Training_Old,never_sig,NS
Q9UI10,EIF2B4,Training_Old,never_sig,NS
Q9UI12,ATP6V1H,Training_Old,never_sig,NS
Q9UI30,TRMT112,Training_Old,never_sig,NS
Q9UIA9,XPO7,Training_Old,never_sig,NS
Q9UIC8,LCMT1,Training_Old,never_sig,NS
Q9UII2,ATP5IF1,Training_Old,never_sig,NS
Q9UIJ7,AK3,Training_Old,never_sig,NS
Q9UJ70,NAGK,Training_Old,never_sig,NS
Q9UJS0,SLC25A13,Training_Old,never_sig,NS
Q9UJU6,DBNL,Training_Old,never_sig,NS
Q9UJW0,DCTN4,Training_Old,never_sig,NS
Q9UJY1,HSPB8,Training_Old,never_sig,NS
Q9UJZ1,STOML2,Training_Old,never_sig,NS
Q9UK41,VPS28,Training_Old,never_sig,NS
Q9UK76,JPT1,Training_Old,never_sig,NS
Q9UKG1,APPL1,Training_Old,never_sig,NS
Q9UKS6,PACSIN3,Training_Old,never_sig,NS
Q9UKU7,ACAD8,Training_Old,never_sig,NS
Q9UKV8,AGO2,Training_Old,never_sig,NS
Q9UKX2,MYH2,Training_Old,never_sig,NS
Q9UKX3,MYH13,Training_Old,never_sig,NS
Q9UKY7,CDV3,Training_Old,never_sig,NS
Q9UL25,RAB21,Training_Old,never_sig,NS
Q9UL46,PSME2,Training_Old,never_sig,NS
Q9ULA0,DNPEP,Training_Old,never_sig,NS
Q9ULC4,MCTS1,Training_Old,never_sig,NS
Q9ULP9,TBC1D24,Training_Old,never_sig,NS
Q9UM00,TMCO1,Training_Old,never_sig,NS
Q9UM22,EPDR1,Training_Old,never_sig,NS
Q9UM54,MYO6,Training_Old,never_sig,NS
Q9UMS0,NFU1,Training_Old,never_sig,NS
Q9UMS6,SYNPO2,Training_Old,never_sig,NS
Q9UMX0,UBQLN1,Training_Old,never_sig,NS
Q9UMY4,SNX12,Training_Old,never_sig,NS
Q9UN36,NDRG2,Training_Old,never_sig,NS
Q9UN37,VPS4A,Training_Old,never_sig,NS
Q9UN86,G3BP2,Training_Old,never_sig,NS
Q9UNE7,STUB1,Training_Old,never_sig,NS
Q9UNF0,PACSIN2,Training_Old,never_sig,NS
Q9UNH7,SNX6,Training_Old,never_sig,NS
Q9UNM6,PSMD13,Training_Old,never_sig,NS
Q9UNS2,COPS3,Training_Old,never_sig,NS
Q9UNZ2,NSFL1C,Training_Old,never_sig,NS
Q9UPN7,PPP6R1,Training_Old,never_sig,NS
Q9UPQ0,LIMCH1,Training_Old,never_sig,NS
Q9UPU5,USP24,Training_Old,never_sig,NS
Q9UPY8,MAPRE3,Training_Old,never_sig,NS
Q9UQ80,PA2G4,Training_Old,never_sig,NS
Q9UQM7,CAMK2A,Training_Old,never_sig,NS
Q9UQN3,CHMP2B,Training_Old,never_sig,NS
Q9Y224,RTRAF,Training_Old,never_sig,NS
Q9Y230,RUVBL2,Training_Old,never_sig,NS
Q9Y235,APOBEC2,Training_Old,never_sig,NS
Q9Y237,PIN4,Training_Old,never_sig,NS
Q9Y262,EIF3L,Training_Old,never_sig,NS
Q9Y263,PLAA,Training_Old,never_sig,NS
Q9Y266,NUDC,Training_Old,never_sig,NS
Q9Y276,BCS1L,Training_Old,never_sig,NS
Q9Y277,VDAC3,Training_Old,never_sig,NS
Q9Y281,CFL2,Training_Old,never_sig,NS
Q9Y285,FARSA,Training_Old,never_sig,NS
Q9Y2B0,CNPY2,Training_Old,never_sig,NS
Q9Y2H6,FNDC3A,Training_Old,never_sig,NS
Q9Y2J8,PADI2,Training_Old,never_sig,NS
Q9Y2Q3,GSTK1,Training_Old,never_sig,NS
Q9Y2Q5,LAMTOR2,Training_Old,never_sig,NS
Q9Y2Q9,MRPS35,Training_Old,never_sig,NS
Q9Y2R0,COA3,Training_Old,never_sig,NS
Q9Y2S6,TMA7,Training_Old,never_sig,NS
Q9Y2Z0,SUGT1,Training_Old,never_sig,NS
Q9Y2Z9,COQ6,Training_Old,never_sig,NS
Q9Y305,ACOT9,Training_Old,never_sig,NS
Q9Y316,MEMO1,Training_Old,never_sig,NS
Q9Y320,TMX2,Training_Old,never_sig,NS
Q9Y371,SH3GLB1,Training_Old,never_sig,NS
Q9Y376,CAB39,Training_Old,never_sig,NS
Q9Y383,LUC7L2,Training_Old,never_sig,NS
Q9Y394,DHRS7,Training_Old,never_sig,NS
Q9Y3A3,MOB4,Training_Old,never_sig,NS
Q9Y3A5,SBDS,Training_Old,never_sig,NS
Q9Y3B7,MRPL11,Training_Old,never_sig,NS
Q9Y3C6,PPIL1,Training_Old,never_sig,NS
Q9Y3D2,MSRB2,Training_Old,never_sig,NS
Q9Y3D6,FIS1,Training_Old,never_sig,NS
Q9Y3F4,STRAP,Training_Old,never_sig,NS
Q9Y3I0,RTCB,Training_Old,never_sig,NS
Q9Y3U8,RPL36,Training_Old,never_sig,NS
Q9Y3Z3,SAMHD1,Training_Old,never_sig,NS
Q9Y450,HBS1L,Training_Old,never_sig,NS
Q9Y490,TLN1,Training_Old,never_sig,NS
Q9Y4E8,USP15,Training_Old,never_sig,NS
Q9Y4G6,TLN2,Training_Old,never_sig,NS
Q9Y4J8,DTNA,Training_Old,never_sig,NS
Q9Y4L1,HYOU1,Training_Old,never_sig,NS
Q9Y4W6,AFG3L2,Training_Old,never_sig,NS
Q9Y4X5,ARIH1,Training_Old,never_sig,NS
Q9Y508,RNF114,Training_Old,never_sig,NS
Q9Y512,SAMM50,Training_Old,never_sig,NS
Q9Y570,PPME1,Training_Old,never_sig,NS
Q9Y5J7,TIMM9,Training_Old,never_sig,NS
Q9Y5J9,TIMM8B,Training_Old,never_sig,NS
Q9Y5K5,UCHL5,Training_Old,never_sig,NS
Q9Y5L4,TIMM13,Training_Old,never_sig,NS
Q9Y5M8,SRPRB,Training_Old,never_sig,NS
Q9Y5P6,GMPPB,Training_Old,never_sig,NS
Q9Y5U8,MPC1,Training_Old,never_sig,NS
Q9Y5X3,SNX5,Training_Old,never_sig,NS
Q9Y5Z4,HEBP2,Training_Old,never_sig,NS
Q9Y5Z7,HCFC2,Training_Old,never_sig,NS
Q9Y613,FHOD1,Training_Old,never_sig,NS
Q9Y623,MYH4,Training_Old,never_sig,NS
Q9Y676,MRPS18B,Training_Old,never_sig,NS
Q9Y678,COPG1,Training_Old,never_sig,NS
Q9Y696,CLIC4,Training_Old,never_sig,NS
Q9Y697,NFS1,Training_Old,never_sig,NS
Q9Y6A9,SPCS1,Training_Old,never_sig,NS
Q9Y6B6,SAR1B,Training_Old,never_sig,NS
Q9Y6C9,MTCH2,Training_Old,never_sig,NS
Q9Y6E2,BZW2,Training_Old,never_sig,NS
Q9Y6G9,DYNC1LI1,Training_Old,never_sig,NS
Q9Y6H1,CHCHD2,Training_Old,never_sig,NS
Q9Y6M9,NDUFB9,Training_Old,never_sig,NS
Q9Y6N1,COX11,Training_Old,never_sig,NS
Q9Y6N5,SQOR,Training_Old,never_sig,NS
Q9Y6P5,SESN1,Training_Old,never_sig,NS
Q9Y6Y8,SEC23IP,Training_Old,never_sig,NS
A0A0U1RRL7,MMP24OS,Aging,never_sig,NS
A0FGR8,ESYT2,Aging,never_sig,NS
A1L0T0,ILVBL,Aging,never_sig,NS
A1L4K1,FSD2,Aging,robust,Robust
A2RTX5,TARS3,Aging,never_sig,NS
A3KMH1,VWA8,Aging,imputation_dependent,Conditional
A5YM72,CARNS1,Aging,never_sig,NS
A6NCE7,MAP1LC3B2,Aging,imputation_dependent,Conditional
A6NDG6,PGP,Aging,never_sig,NS
A6NNS2,DHRS7C,Aging,never_sig,NS
A8MU46,SMTNL1,Aging,never_sig,NS
A8MXV4,NUDT19,Aging,never_sig,NS
E9PAV3,NACA,Aging,robust,Robust
L0R6Q1,SLC35A4,Aging,never_sig,NS
O00151,PDLIM1,Aging,robust,Robust
O00159,MYO1C,Aging,never_sig,NS
O00168,FXYD1,Aging,never_sig,NS
O00186,STXBP3,Aging,never_sig,NS
O00217,NDUFS8,Aging,never_sig,NS
O00231,PSMD11,Aging,never_sig,NS
O00232,PSMD12,Aging,never_sig,NS
O00233,PSMD9,Aging,never_sig,NS
O00264,PGRMC1,Aging,never_sig,NS
O00299,CLIC1,Aging,never_sig,NS
O00303,EIF3F,Aging,never_sig,NS
O00330,PDHX,Aging,never_sig,NS
O00399,DCTN6,Aging,imputation_dependent,Conditional
O00410,IPO5,Aging,never_sig,NS
O00418,EEF2K,Aging,never_sig,NS
O00423,EML1,Aging,never_sig,NS
O00429,DNM1L,Aging,never_sig,NS
O00442,RTCA,Aging,never_sig,NS
O00483,NDUFA4,Aging,never_sig,NS
O00487,PSMD14,Aging,robust,Robust
O00499,BIN1,Aging,never_sig,NS
O00505,KPNA3,Aging,never_sig,NS
O00571,DDX3X,Aging,never_sig,NS
O00629,KPNA4,Aging,never_sig,NS
O00748,CES2,Aging,never_sig,NS
O00757,FBP2,Aging,never_sig,NS
O00764,PDXK,Aging,never_sig,NS
O14521,SDHD,Aging,never_sig,NS
O14548,COX7A2L,Aging,never_sig,NS
O14556,GAPDHS,Aging,never_sig,NS
O14558,HSPB6,Aging,never_sig,NS
O14561,NDUFAB1,Aging,never_sig,NS
O14732,IMPA2,Aging,never_sig,NS
O14737,PDCD5,Aging,never_sig,NS
O14744,PRMT5,Aging,never_sig,NS
O14818,PSMA7,Aging,never_sig,NS
O14841,OPLAH,Aging,robust,Robust
O14880,MGST3,Aging,never_sig,NS
O14924,RGS12,Aging,never_sig,NS
O14929,HAT1,Aging,robust,Robust
O14949,UQCRQ,Aging,never_sig,NS
O14950,MYL12B,Aging,never_sig,NS
O14957,UQCR11,Aging,never_sig,NS
O14958,CASQ2,Aging,never_sig,NS
O14964,HGS,Aging,never_sig,NS
O14979,HNRNPDL,Aging,never_sig,NS
O14980,XPO1,Aging,never_sig,NS
O14983,ATP2A1,Aging,never_sig,NS
O15056,SYNJ2,Aging,never_sig,NS
O15061,SYNM,Aging,robust,Robust
O15143,ARPC1B,Aging,never_sig,NS
O15144,ARPC2,Aging,imputation_dependent,Conditional
O15173,PGRMC2,Aging,never_sig,NS
O15212,PFDN6,Aging,never_sig,NS
O15239,NDUFA1,Aging,never_sig,NS
O15260,SURF4,Aging,never_sig,NS
O15264,MAPK13,Aging,never_sig,NS
O15273,TCAP,Aging,never_sig,NS
O15305,PMM2,Aging,never_sig,NS
O15371,EIF3D,Aging,never_sig,NS
O15372,EIF3H,Aging,never_sig,NS
O15382,BCAT2,Aging,never_sig,NS
O15400,STX7,Aging,never_sig,NS
O15427,SLC16A3,Aging,never_sig,NS
O15498,YKT6,Aging,never_sig,NS
O15511,ARPC5,Aging,never_sig,NS
O15533,TAPBP,Aging,never_sig,NS
O43143,DHX15,Aging,never_sig,NS
O43169,CYB5B,Aging,never_sig,NS
O43181,NDUFS4,Aging,never_sig,NS
O43237,DYNC1LI2,Aging,never_sig,NS
O43242,PSMD3,Aging,robust,Robust
O43374,RASA4,Aging,imputation_dependent,Conditional
O43390,HNRNPR,Aging,robust,Robust
O43396,TXNL1,Aging,never_sig,NS
O43399,TPD52L2,Aging,never_sig,NS
O43414,ERI3,Aging,never_sig,NS
O43488,AKR7A2,Aging,robust,Robust
O43561,LAT,Aging,never_sig,NS
O43583,DENR,Aging,never_sig,NS
O43598,DNPH1,Aging,never_sig,NS
O43615,TIMM44,Aging,never_sig,NS
O43617,TRAPPC3,Aging,never_sig,NS
O43633,CHMP2A,Aging,never_sig,NS
O43674,NDUFB5,Aging,never_sig,NS
O43676,NDUFB3,Aging,never_sig,NS
O43678,NDUFA2,Aging,never_sig,NS
O43684,BUB3,Aging,never_sig,NS
O43707,ACTN4,Aging,robust,Robust
O43708,GSTZ1,Aging,never_sig,NS
O43741,PRKAB2,Aging,never_sig,NS
O43747,AP1G1,Aging,never_sig,NS
O43760,SYNGR2,Aging,never_sig,NS
O43765,SGTA,Aging,robust,Robust
O43768,ENSA,Aging,never_sig,NS
O43772,SLC25A20,Aging,never_sig,NS
O43776,NARS1,Aging,robust,Robust
O43813,LANCL1,Aging,never_sig,NS
O43826,SLC37A4,Aging,never_sig,NS
O43837,IDH3B,Aging,never_sig,NS
O43852,CALU,Aging,never_sig,NS
O43865,AHCYL1,Aging,never_sig,NS
O43920,NDUFS5,Aging,never_sig,NS
O60220,TIMM8A,Aging,never_sig,NS
O60237,PPP1R12B,Aging,never_sig,NS
O60256,PRPSAP2,Aging,never_sig,NS
O60271,SPAG9,Aging,robust,Robust
O60313,OPA1,Aging,never_sig,NS
O60343,TBC1D4,Aging,never_sig,NS
O60493,SNX3,Aging,never_sig,NS
O60506,SYNCRIP,Aging,never_sig,NS
O60613,SELENOF,Aging,imputation_dependent,Conditional
O60662,KLHL41,Aging,never_sig,NS
O60664,PLIN3,Aging,robust,Robust
O60684,KPNA6,Aging,never_sig,NS
O60749,SNX2,Aging,never_sig,NS
O60763,USO1,Aging,never_sig,NS
O60784,TOM1,Aging,never_sig,NS
O60825,PFKFB2,Aging,never_sig,NS
O60869,EDF1,Aging,never_sig,NS
O60884,DNAJA2,Aging,never_sig,NS
O60888,CUTA,Aging,never_sig,NS
O60925,PFDN1,Aging,never_sig,NS
O60936,NOL3,Aging,never_sig,NS
O75083,WDR1,Aging,never_sig,NS
O75112,LDB3,Aging,never_sig,NS
O75122,CLASP2,Aging,never_sig,NS
O75128,COBL,Aging,never_sig,NS
O75131,CPNE3,Aging,never_sig,NS
O75153,CLUH,Aging,never_sig,NS
O75155,CAND2,Aging,never_sig,NS
O75208,COQ9,Aging,never_sig,NS
O75223,GGCT,Aging,never_sig,NS
O75251,NDUFS7,Aging,never_sig,NS
O75298,RTN2,Aging,never_sig,NS
O75306,NDUFS2,Aging,never_sig,NS
O75323,NIPSNAP2,Aging,never_sig,NS
O75339,CILP,Aging,never_sig,NS
O75347,TBCA,Aging,never_sig,NS
O75348,ATP6V1G1,Aging,never_sig,NS
O75351,VPS4B,Aging,never_sig,NS
O75368,SH3BGRL,Aging,never_sig,NS
O75369,FLNB,Aging,robust,Robust
O75380,NDUFS6,Aging,never_sig,NS
O75390,CS,Aging,never_sig,NS
O75396,SEC22B,Aging,never_sig,NS
O75431,MTX2,Aging,never_sig,NS
O75436,VPS26A,Aging,never_sig,NS
O75438,NDUFB1,Aging,never_sig,NS
O75439,PMPCB,Aging,imputation_dependent,Conditional
O75489,NDUFS3,Aging,never_sig,NS
O75521,ECI2,Aging,never_sig,NS
O75531,BANF1,Aging,robust,Robust
O75534,CSDE1,Aging,never_sig,NS
O75569,PRKRA,Aging,never_sig,NS
O75608,LYPLA1,Aging,never_sig,NS
O75663,TIPRL,Aging,never_sig,NS
O75688,PPM1B,Aging,never_sig,NS
O75746,SLC25A12,Aging,never_sig,NS
O75764,TCEA3,Aging,imputation_dependent,Conditional
O75821,EIF3G,Aging,robust,Robust
O75822,EIF3J,Aging,never_sig,NS
O75832,PSMD10,Aging,never_sig,NS
O75874,IDH1,Aging,never_sig,NS
O75880,SCO1,Aging,robust,Robust
O75891,ALDH1L1,Aging,never_sig,NS
O75915,ARL6IP5,Aging,never_sig,NS
O75923,DYSF,Aging,never_sig,NS
O75928,PIAS2,Aging,never_sig,NS
O75935,DCTN3,Aging,imputation_dependent,Conditional
O75947,ATP5PD,Aging,never_sig,NS
O75955,FLOT1,Aging,never_sig,NS
O75964,ATP5MG,Aging,never_sig,NS
O76003,GLRX3,Aging,never_sig,NS
O76070,SNCG,Aging,imputation_dependent,Conditional
O94760,DDAH1,Aging,never_sig,NS
O94811,TPPP,Aging,imputation_dependent,Conditional
O94812,BAIAP3,Aging,never_sig,NS
O94826,TOMM70,Aging,never_sig,NS
O94874,UFL1,Aging,never_sig,NS
O94886,TMEM63A,Aging,never_sig,NS
O94903,PLPBP,Aging,never_sig,NS
O94905,ERLIN2,Aging,never_sig,NS
O94919,ENDOD1,Aging,never_sig,NS
O94979,SEC31A,Aging,never_sig,NS
O95139,NDUFB6,Aging,never_sig,NS
O95140,MFN2,Aging,never_sig,NS
O95167,NDUFA3,Aging,never_sig,NS
O95168,NDUFB4,Aging,never_sig,NS
O95169,NDUFB8,Aging,never_sig,NS
O95182,NDUFA7,Aging,never_sig,NS
O95197,RTN3,Aging,never_sig,NS
O95202,LETM1,Aging,never_sig,NS
O95210,STBD1,Aging,robust,Robust
O95218,ZRANB2,Aging,never_sig,NS
O95278,EPM2A,Aging,never_sig,NS
O95292,VAPB,Aging,robust,Robust
O95298,NDUFC2,Aging,never_sig,NS
O95299,NDUFA10,Aging,never_sig,NS
O95336,PGLS,Aging,never_sig,NS
O95359,TACC2,Aging,never_sig,NS
O95372,LYPLA2,Aging,never_sig,NS
O95373,IPO7,Aging,never_sig,NS
O95376,ARIH2,Aging,never_sig,NS
O95394,PGM3,Aging,never_sig,NS
O95425,SVIL,Aging,imputation_dependent,Conditional
O95433,AHSA1,Aging,imputation_dependent,Conditional
O95479,H6PD,Aging,never_sig,NS
O95563,MPC2,Aging,never_sig,NS
O95571,ETHE1,Aging,never_sig,NS
O95573,ACSL3,Aging,never_sig,NS
O95671,ASMTL,Aging,never_sig,NS
O95674,CDS2,Aging,never_sig,NS
O95721,SNAP29,Aging,never_sig,NS
O95747,OXSR1,Aging,never_sig,NS
O95777,LSM8,Aging,imputation_dependent,Conditional
O95782,AP2A1,Aging,never_sig,NS
O95810,CAVIN2,Aging,never_sig,NS
O95816,BAG2,Aging,never_sig,NS
O95817,BAG3,Aging,never_sig,NS
O95822,MLYCD,Aging,imputation_dependent,Conditional
O95831,AIFM1,Aging,never_sig,NS
O95834,EML2,Aging,never_sig,NS
O95861,BPNT1,Aging,never_sig,NS
O95865,DDAH2,Aging,robust,Robust
O95870,ABHD16A,Aging,imputation_dependent,Conditional
O95881,TXNDC12,Aging,imputation_dependent,Conditional
O95989,NUDT3,Aging,never_sig,NS
O96000,NDUFB10,Aging,never_sig,NS
O96005,CLPTM1,Aging,imputation_dependent,Conditional
O96007,MOCS2,Aging,imputation_dependent,Conditional
O96008,TOMM40,Aging,never_sig,NS
O96011,PEX11B,Aging,never_sig,NS
P00167,CYB5A,Aging,imputation_dependent,Conditional
P00325,ADH1B,Aging,never_sig,NS
P00338,LDHA,Aging,robust,Robust
P00352,ALDH1A1,Aging,never_sig,NS
P00367,GLUD1,Aging,never_sig,NS
P00387,CYB5R3,Aging,never_sig,NS
P00390,GSR,Aging,never_sig,NS
P00395,MT-CO1,Aging,robust,Robust
P00403,MT-CO2,Aging,never_sig,NS
P00414,MT-CO3,Aging,never_sig,NS
P00441,SOD1,Aging,never_sig,NS
P00450,CP,Aging,robust,Robust
P00488,F13A1,Aging,never_sig,NS
P00492,HPRT1,Aging,never_sig,NS
P00505,GOT2,Aging,never_sig,NS
P00558,PGK1,Aging,robust,Robust
P00568,AK1,Aging,never_sig,NS
P00738,HP,Aging,robust,Robust
P00751,CFB,Aging,imputation_dependent,Conditional
P00846,MT-ATP6,Aging,never_sig,NS
P00918,CA2,Aging,imputation_dependent,Conditional
P00966,ASS1,Aging,never_sig,NS
P01009,SERPINA1,Aging,never_sig,NS
P01011,SERPINA3,Aging,never_sig,NS
P01019,AGT,Aging,never_sig,NS
P01023,A2M,Aging,never_sig,NS
P01024,C3,Aging,robust,Robust
P01034,CST3,Aging,never_sig,NS
P01040,CSTA,Aging,never_sig,NS
P01591,JCHAIN,Aging,never_sig,NS
P01619,IGKV3-20,Aging,never_sig,NS
P01780,IGHV3-7,Aging,never_sig,NS
P01834,IGKC,Aging,never_sig,NS
P01857,IGHG1,Aging,never_sig,NS
P01859,IGHG2,Aging,robust,Robust
P01860,IGHG3,Aging,never_sig,NS
P01871,IGHM,Aging,never_sig,NS
P01876,IGHA1,Aging,never_sig,NS
P01889,HLA-B,Aging,never_sig,NS
P01911,HLA-DRB1,Aging,never_sig,NS
P02144,MB,Aging,robust,Robust
P02452,COL1A1,Aging,never_sig,NS
P02461,COL3A1,Aging,never_sig,NS
P02462,COL4A1,Aging,never_sig,NS
P02511,CRYAB,Aging,never_sig,NS
P02533,KRT14,Aging,never_sig,NS
P02545,LMNA,Aging,never_sig,NS
P02585,TNNC2,Aging,never_sig,NS
P02649,APOE,Aging,imputation_dependent,Conditional
P02655,APOC2,Aging,never_sig,NS
P02750,LRG1,Aging,robust,Robust
P02751,FN1,Aging,imputation_dependent,Conditional
P02753,RBP4,Aging,imputation_dependent,Conditional
P02763,ORM1,Aging,never_sig,NS
P02766,TTR,Aging,never_sig,NS
P02768,ALB,Aging,never_sig,NS
P02786,TFRC,Aging,never_sig,NS
P02787,TF,Aging,never_sig,NS
P02792,FTL,Aging,never_sig,NS
P02794,FTH1,Aging,never_sig,NS
P02795,MT2A,Aging,robust,Robust
P03886,MT-ND1,Aging,never_sig,NS
P03891,MT-ND2,Aging,robust,Robust
P03897,MT-ND3,Aging,never_sig,NS
P03905,MT-ND4,Aging,robust,Robust
P03915,MT-ND5,Aging,never_sig,NS
P03928,MT-ATP8,Aging,never_sig,NS
P04040,CAT,Aging,never_sig,NS
P04075,ALDOA,Aging,never_sig,NS
P04080,CSTB,Aging,never_sig,NS
P04083,ANXA1,Aging,never_sig,NS
P04179,SOD2,Aging,robust,Robust
P04264,KRT1,Aging,never_sig,NS
P04275,VWF,Aging,imputation_dependent,Conditional
P04406,GAPDH,Aging,never_sig,NS
P04439,HLA-A,Aging,never_sig,NS
P04632,CAPNS1,Aging,never_sig,NS
P04792,HSPB1,Aging,never_sig,NS
P04843,RPN1,Aging,never_sig,NS
P04844,RPN2,Aging,never_sig,NS
P04899,GNAI2,Aging,never_sig,NS
P05023,ATP1A1,Aging,never_sig,NS
P05026,ATP1B1,Aging,never_sig,NS
P05090,APOD,Aging,never_sig,NS
P05091,ALDH2,Aging,robust,Robust
P05109,S100A8,Aging,never_sig,NS
P05141,SLC25A5,Aging,never_sig,NS
P05155,SERPING1,Aging,never_sig,NS
P05165,PCCA,Aging,robust,Robust
P05166,PCCB,Aging,robust,Robust
P05198,EIF2S1,Aging,never_sig,NS
P05386,RPLP1,Aging,never_sig,NS
P05387,RPLP2,Aging,never_sig,NS
P05388,RPLP0,Aging,never_sig,NS
P05413,FABP3,Aging,never_sig,NS
P05452,CLEC3B,Aging,robust,Robust
P05455,SSB,Aging,never_sig,NS
P05556,ITGB1,Aging,never_sig,NS
P05783,KRT18,Aging,never_sig,NS
P05787,KRT8,Aging,never_sig,NS
P05976,MYL1,Aging,robust,Robust
P06396,GSN,Aging,never_sig,NS
P06454,PTMA,Aging,imputation_dependent,Conditional
P06576,ATP5F1B,Aging,never_sig,NS
P06702,S100A9,Aging,never_sig,NS
P06703,S100A6,Aging,never_sig,NS
P06730,EIF4E,Aging,never_sig,NS
P06732,CKM,Aging,never_sig,NS
P06733,ENO1,Aging,never_sig,NS
P06737,PYGL,Aging,never_sig,NS
P06744,GPI,Aging,never_sig,NS
P06748,NPM1,Aging,never_sig,NS
P06753,TPM3,Aging,never_sig,NS
P07099,EPHX1,Aging,never_sig,NS
P07108,DBI,Aging,never_sig,NS
P07195,LDHB,Aging,never_sig,NS
P07203,GPX1,Aging,never_sig,NS
P07237,P4HB,Aging,never_sig,NS
P07305,H1-0,Aging,never_sig,NS
P07339,CTSD,Aging,robust,Robust
P07355,ANXA2,Aging,never_sig,NS
P07384,CAPN1,Aging,robust,Robust
P07437,TUBB,Aging,never_sig,NS
P07451,CA3,Aging,robust,Robust
P07585,DCN,Aging,never_sig,NS
P07602,PSAP,Aging,robust,Robust
P07737,PFN1,Aging,never_sig,NS
P07738,BPGM,Aging,never_sig,NS
P07741,APRT,Aging,never_sig,NS
P07814,EPRS1,Aging,never_sig,NS
P07858,CTSB,Aging,robust,Robust
P07900,HSP90AA1,Aging,never_sig,NS
P07919,UQCRH,Aging,never_sig,NS
P07951,TPM2,Aging,robust,Robust
P07954,FH,Aging,robust,Robust
P08123,COL1A2,Aging,never_sig,NS
P08133,ANXA6,Aging,never_sig,NS
P08237,PFKM,Aging,never_sig,NS
P08238,HSP90AB1,Aging,never_sig,NS
P08294,SOD3,Aging,never_sig,NS
P08311,CTSG,Aging,imputation_dependent,Conditional
P08559,PDHA1,Aging,never_sig,NS
P08572,COL4A2,Aging,never_sig,NS
P08574,CYC1,Aging,never_sig,NS
P08590,MYL3,Aging,never_sig,NS
P08603,CFH,Aging,imputation_dependent,Conditional
P08621,SNRNP70,Aging,imputation_dependent,Conditional
P08651,NFIC,Aging,never_sig,NS
P08670,VIM,Aging,robust,Robust
P08697,SERPINF2,Aging,never_sig,NS
P08708,RPS17,Aging,never_sig,NS
P08727,KRT19,Aging,never_sig,NS
P08758,ANXA5,Aging,never_sig,NS
P08865,RPSA,Aging,never_sig,NS
P09012,SNRPA,Aging,never_sig,NS
P09104,ENO2,Aging,robust,Robust
P09110,ACAA1,Aging,never_sig,NS
P09211,GSTP1,Aging,never_sig,NS
P09382,LGALS1,Aging,never_sig,NS
P09417,QDPR,Aging,never_sig,NS
P09429,HMGB1,Aging,robust,Robust
P09467,FBP1,Aging,never_sig,NS
P09488,GSTM1,Aging,never_sig,NS
P09493,TPM1,Aging,robust,Robust
P09497,CLTB,Aging,never_sig,NS
P09525,ANXA4,Aging,robust,Robust
P09601,HMOX1,Aging,robust,Robust
P09622,DLD,Aging,never_sig,NS
P09651,HNRNPA1,Aging,never_sig,NS
P09669,COX6C,Aging,never_sig,NS
P09874,PARP1,Aging,never_sig,NS
P09913,IFIT2,Aging,never_sig,NS
P09936,UCHL1,Aging,robust,Robust
P09960,LTA4H,Aging,never_sig,NS
P09972,ALDOC,Aging,never_sig,NS
P0CW19,LIMS3,Aging,imputation_dependent,Conditional
P0DMV8,HSPA1A,Aging,never_sig,NS
P0DOY2,IGLC2,Aging,never_sig,NS
P0DOY3,IGLC3,Aging,never_sig,NS
P0DP23,CALM1,Aging,never_sig,NS
P10109,FDX1,Aging,never_sig,NS
P10176,COX8A,Aging,never_sig,NS
P10253,GAA,Aging,robust,Robust
P10301,RRAS,Aging,never_sig,NS
P10398,ARAF,Aging,never_sig,NS
P10515,DLAT,Aging,never_sig,NS
P10599,TXN,Aging,never_sig,NS
P10606,COX5B,Aging,never_sig,NS
P10636,MAPT,Aging,robust,Robust
P10644,PRKAR1A,Aging,never_sig,NS
P10768,ESD,Aging,never_sig,NS
P10809,HSPD1,Aging,never_sig,NS
P10828,THRB,Aging,robust,Robust
P10909,CLU,Aging,robust,Robust
P10916,MYL2,Aging,never_sig,NS
P11021,HSPA5,Aging,never_sig,NS
P11047,LAMC1,Aging,never_sig,NS
P11055,MYH3,Aging,never_sig,NS
P11142,HSPA8,Aging,never_sig,NS
P11171,EPB41,Aging,never_sig,NS
P11177,PDHB,Aging,never_sig,NS
P11182,DBT,Aging,imputation_dependent,Conditional
P11216,PYGB,Aging,never_sig,NS
P11217,PYGM,Aging,never_sig,NS
P11233,RALA,Aging,never_sig,NS
P11277,SPTB,Aging,never_sig,NS
P11279,LAMP1,Aging,never_sig,NS
P11310,ACADM,Aging,robust,Robust
P11441,UBL4A,Aging,never_sig,NS
P11532,DMD,Aging,never_sig,NS
P11586,MTHFD1,Aging,never_sig,NS
P11766,ADH5,Aging,never_sig,NS
P11940,PABPC1,Aging,never_sig,NS
P12081,HARS1,Aging,never_sig,NS
P12109,COL6A1,Aging,never_sig,NS
P12110,COL6A2,Aging,never_sig,NS
P12111,COL6A3,Aging,never_sig,NS
P12235,SLC25A4,Aging,never_sig,NS
P12236,SLC25A6,Aging,never_sig,NS
P12268,IMPDH2,Aging,never_sig,NS
P12277,CKB,Aging,robust,Robust
P12429,ANXA3,Aging,never_sig,NS
P12694,BCKDHA,Aging,never_sig,NS
P12814,ACTN1,Aging,robust,Robust
P12882,MYH1,Aging,never_sig,NS
P12883,MYH7,Aging,never_sig,NS
P12955,PEPD,Aging,never_sig,NS
P12956,XRCC6,Aging,imputation_dependent,Conditional
P13010,XRCC5,Aging,never_sig,NS
P13073,COX4I1,Aging,never_sig,NS
P13164,IFITM1,Aging,never_sig,NS
P13473,LAMP2,Aging,imputation_dependent,Conditional
P13489,RNH1,Aging,never_sig,NS
P13535,MYH8,Aging,never_sig,NS
P13611,VCAN,Aging,never_sig,NS
P13639,EEF2,Aging,robust,Robust
P13645,KRT10,Aging,never_sig,NS
P13647,KRT5,Aging,never_sig,NS
P13667,PDIA4,Aging,imputation_dependent,Conditional
P13693,TPT1,Aging,never_sig,NS
P13716,ALAD,Aging,never_sig,NS
P13796,LCP1,Aging,never_sig,NS
P13797,PLS3,Aging,never_sig,NS
P13798,APEH,Aging,never_sig,NS
P13804,ETFA,Aging,robust,Robust
P13805,TNNT1,Aging,never_sig,NS
P13807,GYS1,Aging,never_sig,NS
P13861,PRKAR2A,Aging,never_sig,NS
P13929,ENO3,Aging,robust,Robust
P13987,CD59,Aging,never_sig,NS
P14174,MIF,Aging,never_sig,NS
P14209,CD99,Aging,never_sig,NS
P14314,PRKCSH,Aging,never_sig,NS
P14324,FDPS,Aging,never_sig,NS
P14406,COX7A2,Aging,never_sig,NS
P14543,NID1,Aging,never_sig,NS
P14550,AKR1A1,Aging,never_sig,NS
P14618,PKM,Aging,never_sig,NS
P14621,ACYP2,Aging,never_sig,NS
P14625,HSP90B1,Aging,never_sig,NS
P14649,MYL6B,Aging,never_sig,NS
P14672,SLC2A4,Aging,never_sig,NS
P14735,IDE,Aging,never_sig,NS
P14854,COX6B1,Aging,never_sig,NS
P14866,HNRNPL,Aging,never_sig,NS
P14868,DARS1,Aging,never_sig,NS
P14923,JUP,Aging,imputation_dependent,Conditional
P14927,UQCRB,Aging,never_sig,NS
P15088,CPA3,Aging,never_sig,NS
P15090,FABP4,Aging,robust,Robust
P15104,GLUL,Aging,imputation_dependent,Conditional
P15121,AKR1B1,Aging,never_sig,NS
P15170,GSPT1,Aging,never_sig,NS
P15259,PGAM2,Aging,never_sig,NS
P15311,EZR,Aging,imputation_dependent,Conditional
P15374,UCHL3,Aging,robust,Robust
P15531,NME1,Aging,never_sig,NS
P15880,RPS2,Aging,never_sig,NS
P15927,RPA2,Aging,never_sig,NS
P15954,COX7C,Aging,never_sig,NS
P16083,NQO2,Aging,never_sig,NS
P16118,PFKFB1,Aging,never_sig,NS
P16152,CBR1,Aging,never_sig,NS
P16157,ANK1,Aging,never_sig,NS
P16219,ACADS,Aging,imputation_dependent,Conditional
P16298,PPP3CB,Aging,never_sig,NS
P16615,ATP2A2,Aging,never_sig,NS
P16671,CD36,Aging,never_sig,NS
P16930,FAH,Aging,robust,Robust
P16989,YBX3,Aging,robust,Robust
P17152,TMEM11,Aging,never_sig,NS
P17174,GOT1,Aging,never_sig,NS
P17540,CKMT2,Aging,never_sig,NS
P17568,NDUFB7,Aging,never_sig,NS
P17612,PRKACA,Aging,never_sig,NS
P17655,CAPN2,Aging,never_sig,NS
P17661,DES,Aging,robust,Robust
P17858,PFKL,Aging,never_sig,NS
P17931,LGALS3,Aging,never_sig,NS
P17948,FLT1,Aging,never_sig,NS
P17980,PSMC3,Aging,never_sig,NS
P17987,TCP1,Aging,never_sig,NS
P18077,RPL35A,Aging,imputation_dependent,Conditional
P18085,ARF4,Aging,never_sig,NS
P18124,RPL7,Aging,never_sig,NS
P18206,VCL,Aging,never_sig,NS
P18621,RPL17,Aging,robust,Robust
P18669,PGAM1,Aging,never_sig,NS
P18859,ATP5PF,Aging,never_sig,NS
P19075,TSPAN8,Aging,never_sig,NS
P19237,TNNI1,Aging,never_sig,NS
P19338,NCL,Aging,robust,Robust
P19367,HK1,Aging,never_sig,NS
P19404,NDUFV2,Aging,never_sig,NS
P19623,SRM,Aging,imputation_dependent,Conditional
P19971,TYMP,Aging,robust,Robust
P20020,ATP2B1,Aging,never_sig,NS
P20042,EIF2S2,Aging,never_sig,NS
P20073,ANXA7,Aging,never_sig,NS
P20231,TPSB2,Aging,robust,Robust
P20290,BTF3,Aging,never_sig,NS
P20340,RAB6A,Aging,robust,Robust
P20472,PVALB,Aging,imputation_dependent,Conditional
P20618,PSMB1,Aging,never_sig,NS
P20674,COX5A,Aging,never_sig,NS
P20807,CAPN3,Aging,robust,Robust
P20810,CAST,Aging,robust,Robust
P20929,NEB,Aging,robust,Robust
P20962,PTMS,Aging,never_sig,NS
P21266,GSTM3,Aging,never_sig,NS
P21281,ATP6V1B2,Aging,never_sig,NS
P21291,CSRP1,Aging,never_sig,NS
P21333,FLNA,Aging,robust,Robust
P21397,MAOA,Aging,robust,Robust
P21399,ACO1,Aging,never_sig,NS
P21695,GPD1,Aging,never_sig,NS
P21796,VDAC1,Aging,never_sig,NS
P21810,BGN,Aging,never_sig,NS
P21817,RYR1,Aging,never_sig,NS
P21912,SDHB,Aging,never_sig,NS
P21964,COMT,Aging,never_sig,NS
P21980,TGM2,Aging,imputation_dependent,Conditional
P22033,MMUT,Aging,never_sig,NS
P22059,OSBP,Aging,never_sig,NS
P22061,PCMT1,Aging,never_sig,NS
P22102,GART,Aging,never_sig,NS
P22234,PAICS,Aging,never_sig,NS
P22307,SCP2,Aging,never_sig,NS
P22314,UBA1,Aging,never_sig,NS
P22352,GPX3,Aging,never_sig,NS
P22392,NME2,Aging,never_sig,NS
P22570,FDXR,Aging,never_sig,NS
P22626,HNRNPA2B1,Aging,never_sig,NS
P22695,UQCRC2,Aging,never_sig,NS
P22830,FECH,Aging,never_sig,NS
P23109,AMPD1,Aging,never_sig,NS
P23142,FBLN1,Aging,never_sig,NS
P23246,SFPQ,Aging,never_sig,NS
P23284,PPIB,Aging,never_sig,NS
P23297,S100A1,Aging,never_sig,NS
P23327,HRC,Aging,robust,Robust
P23368,ME2,Aging,never_sig,NS
P23381,WARS1,Aging,never_sig,NS
P23396,RPS3,Aging,never_sig,NS
P23434,GCSH,Aging,never_sig,NS
P23526,AHCY,Aging,never_sig,NS
P23528,CFL1,Aging,never_sig,NS
P23588,EIF4B,Aging,never_sig,NS
P23634,ATP2B4,Aging,never_sig,NS
P23786,CPT2,Aging,robust,Robust
P24043,LAMA2,Aging,never_sig,NS
P24298,GPT,Aging,never_sig,NS
P24310,COX7A1,Aging,never_sig,NS
P24311,COX7B,Aging,never_sig,NS
P24534,EEF1B2,Aging,never_sig,NS
P24539,ATP5PB,Aging,never_sig,NS
P24666,ACP1,Aging,never_sig,NS
P24752,ACAT1,Aging,robust,Robust
P24844,MYL9,Aging,never_sig,NS
P25311,AZGP1,Aging,never_sig,NS
P25325,MPST,Aging,robust,Robust
P25398,RPS12,Aging,never_sig,NS
P25686,DNAJB2,Aging,never_sig,NS
P25705,ATP5F1A,Aging,never_sig,NS
P25786,PSMA1,Aging,never_sig,NS
P25787,PSMA2,Aging,never_sig,NS
P25788,PSMA3,Aging,never_sig,NS
P25789,PSMA4,Aging,never_sig,NS
P26038,MSN,Aging,robust,Robust
P26196,DDX6,Aging,never_sig,NS
P26368,U2AF2,Aging,never_sig,NS
P26373,RPL13,Aging,never_sig,NS
P26440,IVD,Aging,robust,Robust
P26447,S100A4,Aging,never_sig,NS
P26583,HMGB2,Aging,robust,Robust
P26639,TARS1,Aging,never_sig,NS
P26640,VARS1,Aging,never_sig,NS
P26641,EEF1G,Aging,robust,Robust
P26678,PLN,Aging,imputation_dependent,Conditional
P26885,FKBP2,Aging,never_sig,NS
P27105,STOM,Aging,never_sig,NS
P27338,MAOB,Aging,robust,Robust
P27348,YWHAQ,Aging,robust,Robust
P27361,MAPK3,Aging,never_sig,NS
P27635,RPL10,Aging,robust,Robust
P27694,RPA1,Aging,never_sig,NS
P27695,APEX1,Aging,never_sig,NS
P27797,CALR,Aging,never_sig,NS
P27816,MAP4,Aging,never_sig,NS
P27824,CANX,Aging,never_sig,NS
P28066,PSMA5,Aging,never_sig,NS
P28070,PSMB4,Aging,never_sig,NS
P28072,PSMB6,Aging,never_sig,NS
P28074,PSMB5,Aging,never_sig,NS
P28161,GSTM2,Aging,never_sig,NS
P28289,TMOD1,Aging,never_sig,NS
P28331,NDUFS1,Aging,never_sig,NS
P28482,MAPK1,Aging,never_sig,NS
P28749,RBL1,Aging,imputation_dependent,Conditional
P28838,LAP3,Aging,never_sig,NS
P28907,CD38,Aging,never_sig,NS
P29144,TPP2,Aging,never_sig,NS
P29218,IMPA1,Aging,never_sig,NS
P29317,EPHA2,Aging,never_sig,NS
P29401,TKT,Aging,never_sig,NS
P29692,EEF1D,Aging,never_sig,NS
P29966,MARCKS,Aging,never_sig,NS
P29992,GNA11,Aging,never_sig,NS
P30038,ALDH4A1,Aging,robust,Robust
P30040,ERP29,Aging,never_sig,NS
P30041,PRDX6,Aging,robust,Robust
P30043,BLVRB,Aging,never_sig,NS
P30044,PRDX5,Aging,never_sig,NS
P30046,DDT,Aging,never_sig,NS
P30048,PRDX3,Aging,never_sig,NS
P30049,ATP5F1D,Aging,never_sig,NS
P30050,RPL12,Aging,never_sig,NS
P30084,ECHS1,Aging,robust,Robust
P30085,CMPK1,Aging,never_sig,NS
P30086,PEBP1,Aging,never_sig,NS
P30101,PDIA3,Aging,never_sig,NS
P30153,PPP2R1A,Aging,never_sig,NS
P30405,PPIF,Aging,never_sig,NS
P30419,NMT1,Aging,never_sig,NS
P30520,ADSS2,Aging,never_sig,NS
P30533,LRPAP1,Aging,robust,Robust
P30536,TSPO,Aging,never_sig,NS
P30566,ADSL,Aging,imputation_dependent,Conditional
P30622,CLIP1,Aging,never_sig,NS
P30626,SRI,Aging,never_sig,NS
P30740,SERPINB1,Aging,never_sig,NS
P30837,ALDH1B1,Aging,never_sig,NS
P31040,SDHA,Aging,never_sig,NS
P31150,GDI1,Aging,never_sig,NS
P31153,MAT2A,Aging,never_sig,NS
P31415,CASQ1,Aging,never_sig,NS
P31689,DNAJA1,Aging,never_sig,NS
P31751,AKT2,Aging,never_sig,NS
P31930,UQCRC1,Aging,never_sig,NS
P31937,HIBADH,Aging,never_sig,NS
P31939,ATIC,Aging,robust,Robust
P31942,HNRNPH3,Aging,never_sig,NS
P31943,HNRNPH1,Aging,never_sig,NS
P31946,YWHAB,Aging,never_sig,NS
P31948,STIP1,Aging,never_sig,NS
P31949,S100A11,Aging,never_sig,NS
P32119,PRDX2,Aging,never_sig,NS
P32456,GBP2,Aging,never_sig,NS
P33121,ACSL1,Aging,never_sig,NS
P33176,KIF5B,Aging,never_sig,NS
P33992,MCM5,Aging,never_sig,NS
P34896,SHMT1,Aging,never_sig,NS
P34897,SHMT2,Aging,never_sig,NS
P34932,HSPA4,Aging,never_sig,NS
P34949,MPI,Aging,never_sig,NS
P35052,GPC1,Aging,never_sig,NS
P35080,PFN2,Aging,never_sig,NS
P35221,CTNNA1,Aging,never_sig,NS
P35237,SERPINB6,Aging,never_sig,NS
P35241,RDX,Aging,robust,Robust
P35244,RPA3,Aging,never_sig,NS
P35268,RPL22,Aging,robust,Robust
P35270,SPR,Aging,never_sig,NS
P35443,THBS4,Aging,never_sig,NS
P35555,FBN1,Aging,never_sig,NS
P35573,AGL,Aging,never_sig,NS
P35579,MYH9,Aging,never_sig,NS
P35606,COPB2,Aging,never_sig,NS
P35609,ACTN2,Aging,robust,Robust
P35611,ADD1,Aging,never_sig,NS
P35613,BSG,Aging,never_sig,NS
P35637,FUS,Aging,never_sig,NS
P35659,DEK,Aging,never_sig,NS
P35749,MYH11,Aging,never_sig,NS
P35754,GLRX,Aging,never_sig,NS
P35813,PPM1A,Aging,never_sig,NS
P35908,KRT2,Aging,never_sig,NS
P35914,HMGCL,Aging,robust,Robust
P35998,PSMC2,Aging,robust,Robust
P36405,ARL3,Aging,never_sig,NS
P36507,MAP2K2,Aging,never_sig,NS
P36542,ATP5F1C,Aging,never_sig,NS
P36543,ATP6V1E1,Aging,never_sig,NS
P36578,RPL4,Aging,never_sig,NS
P36776,LONP1,Aging,robust,Robust
P36871,PGM1,Aging,never_sig,NS
P36873,PPP1CC,Aging,imputation_dependent,Conditional
P36955,SERPINF1,Aging,never_sig,NS
P36957,DLST,Aging,never_sig,NS
P36959,GMPR,Aging,never_sig,NS
P36969,GPX4,Aging,never_sig,NS
P37108,SRP14,Aging,never_sig,NS
P37802,TAGLN2,Aging,never_sig,NS
P37837,TALDO1,Aging,imputation_dependent,Conditional
P37840,SNCA,Aging,never_sig,NS
P38117,ETFB,Aging,robust,Robust
P38606,ATP6V1A,Aging,never_sig,NS
P38646,HSPA9,Aging,never_sig,NS
P39019,RPS19,Aging,robust,Robust
P39023,RPL3,Aging,imputation_dependent,Conditional
P39059,COL15A1,Aging,imputation_dependent,Conditional
P39060,COL18A1,Aging,never_sig,NS
P39656,DDOST,Aging,robust,Robust
P39687,ANP32A,Aging,never_sig,NS
P40121,CAPG,Aging,never_sig,NS
P40123,CAP2,Aging,never_sig,NS
P40227,CCT6A,Aging,never_sig,NS
P40429,RPL13A,Aging,never_sig,NS
P40763,STAT3,Aging,never_sig,NS
P40925,MDH1,Aging,never_sig,NS
P40926,MDH2,Aging,never_sig,NS
P40939,HADHA,Aging,robust,Robust
P41091,EIF2S3,Aging,never_sig,NS
P41227,NAA10,Aging,never_sig,NS
P41236,PPP1R2,Aging,never_sig,NS
P41250,GARS1,Aging,imputation_dependent,Conditional
P41252,IARS1,Aging,robust,Robust
P41567,EIF1,Aging,never_sig,NS
P42126,ECI1,Aging,robust,Robust
P42167,TMPO,Aging,imputation_dependent,Conditional
P42330,AKR1C3,Aging,never_sig,NS
P42677,RPS27,Aging,robust,Robust
P42704,LRPPRC,Aging,never_sig,NS
P42765,ACAA2,Aging,robust,Robust
P42766,RPL35,Aging,robust,Robust
P43007,SLC1A4,Aging,never_sig,NS
P43034,PAFAH1B1,Aging,never_sig,NS
P43155,CRAT,Aging,robust,Robust
P43304,GPD2,Aging,never_sig,NS
P43490,NAMPT,Aging,never_sig,NS
P43686,PSMC4,Aging,robust,Robust
P43897,TSFM,Aging,never_sig,NS
P45378,TNNT3,Aging,robust,Robust
P45381,ASPA,Aging,never_sig,NS
P45877,PPIC,Aging,never_sig,NS
P45880,VDAC2,Aging,never_sig,NS
P45954,ACADSB,Aging,imputation_dependent,Conditional
P45974,USP5,Aging,never_sig,NS
P45985,MAP2K4,Aging,robust,Robust
P46019,PHKA2,Aging,robust,Robust
P46020,PHKA1,Aging,never_sig,NS
P46109,CRKL,Aging,never_sig,NS
P46199,MTIF2,Aging,never_sig,NS
P46379,BAG6,Aging,never_sig,NS
P46459,NSF,Aging,never_sig,NS
P46734,MAP2K3,Aging,never_sig,NS
P46776,RPL27A,Aging,robust,Robust
P46777,RPL5,Aging,never_sig,NS
P46779,RPL28,Aging,never_sig,NS
P46781,RPS9,Aging,never_sig,NS
P46782,RPS5,Aging,imputation_dependent,Conditional
P46783,RPS10,Aging,robust,Robust
P46926,GNPDA1,Aging,never_sig,NS
P46939,UTRN,Aging,never_sig,NS
P46940,IQGAP1,Aging,never_sig,NS
P46976,GYG1,Aging,never_sig,NS
P46977,STT3A,Aging,never_sig,NS
P47755,CAPZA2,Aging,robust,Robust
P47756,CAPZB,Aging,never_sig,NS
P47813,EIF1AX,Aging,never_sig,NS
P47897,QARS1,Aging,never_sig,NS
P47914,RPL29,Aging,never_sig,NS
P47985,UQCRFS1,Aging,never_sig,NS
P48047,ATP5PO,Aging,never_sig,NS
P48059,LIMS1,Aging,never_sig,NS
P48147,PREP,Aging,never_sig,NS
P48163,ME1,Aging,never_sig,NS
P48426,PIP4K2A,Aging,never_sig,NS
P48444,ARCN1,Aging,never_sig,NS
P48449,LSS,Aging,imputation_dependent,Conditional
P48507,GCLM,Aging,robust,Robust
P48509,CD151,Aging,robust,Robust
P48556,PSMD8,Aging,never_sig,NS
P48637,GSS,Aging,never_sig,NS
P48643,CCT5,Aging,never_sig,NS
P48681,NES,Aging,imputation_dependent,Conditional
P48735,IDH2,Aging,robust,Robust
P48788,TNNI2,Aging,robust,Robust
P49023,PXN,Aging,never_sig,NS
P49189,ALDH9A1,Aging,never_sig,NS
P49207,RPL34,Aging,robust,Robust
P49257,LMAN1,Aging,never_sig,NS
P49354,FNTA,Aging,never_sig,NS
P49368,CCT3,Aging,never_sig,NS
P49406,MRPL19,Aging,never_sig,NS
P49411,TUFM,Aging,never_sig,NS
P49419,ALDH7A1,Aging,never_sig,NS
P49427,CDC34,Aging,never_sig,NS
P49585,PCYT1A,Aging,never_sig,NS
P49588,AARS1,Aging,never_sig,NS
P49589,CARS1,Aging,never_sig,NS
P49591,SARS1,Aging,never_sig,NS
P49720,PSMB3,Aging,never_sig,NS
P49721,PSMB2,Aging,never_sig,NS
P49748,ACADVL,Aging,never_sig,NS
P49753,ACOT2,Aging,never_sig,NS
P49755,TMED10,Aging,never_sig,NS
P49773,HINT1,Aging,never_sig,NS
P49821,NDUFV1,Aging,never_sig,NS
P49840,GSK3A,Aging,imputation_dependent,Conditional
P49841,GSK3B,Aging,never_sig,NS
P50213,IDH3A,Aging,never_sig,NS
P50225,SULT1A1,Aging,never_sig,NS
P50395,GDI2,Aging,never_sig,NS
P50402,EMD,Aging,robust,Robust
P50416,CPT1A,Aging,never_sig,NS
P50454,SERPINH1,Aging,never_sig,NS
P50461,CSRP3,Aging,never_sig,NS
P50502,ST13,Aging,never_sig,NS
P50570,DNM2,Aging,never_sig,NS
P50579,METAP2,Aging,imputation_masked,Conditional
P50583,NUDT2,Aging,never_sig,NS
P50851,LRBA,Aging,robust,Robust
P50895,BCAM,Aging,never_sig,NS
P50914,RPL14,Aging,never_sig,NS
P50990,CCT8,Aging,never_sig,NS
P50991,CCT4,Aging,never_sig,NS
P50993,ATP1A2,Aging,never_sig,NS
P50995,ANXA11,Aging,never_sig,NS
P51114,FXR1,Aging,never_sig,NS
P51148,RAB5C,Aging,never_sig,NS
P51149,RAB7A,Aging,never_sig,NS
P51452,DUSP3,Aging,never_sig,NS
P51553,IDH3G,Aging,never_sig,NS
P51570,GALK1,Aging,robust,Robust
P51571,SSR4,Aging,imputation_dependent,Conditional
P51572,BCAP31,Aging,never_sig,NS
P51608,MECP2,Aging,never_sig,NS
P51636,CAV2,Aging,never_sig,NS
P51648,ALDH3A2,Aging,never_sig,NS
P51649,ALDH5A1,Aging,robust,Robust
P51659,HSD17B4,Aging,never_sig,NS
P51665,PSMD7,Aging,robust,Robust
P51668,UBE2D1,Aging,never_sig,NS
P51687,SUOX,Aging,robust,Robust
P51692,STAT5B,Aging,never_sig,NS
P51812,RPS6KA3,Aging,never_sig,NS
P51858,HDGF,Aging,robust,Robust
P51884,LUM,Aging,never_sig,NS
P51888,PRELP,Aging,never_sig,NS
P51970,NDUFA8,Aging,never_sig,NS
P51991,HNRNPA3,Aging,never_sig,NS
P52179,MYOM1,Aging,robust,Robust
P52209,PGD,Aging,never_sig,NS
P52272,HNRNPM,Aging,never_sig,NS
P52294,KPNA1,Aging,never_sig,NS
P52564,MAP2K6,Aging,never_sig,NS
P52565,ARHGDIA,Aging,never_sig,NS
P52566,ARHGDIB,Aging,robust,Robust
P52758,RIDA,Aging,never_sig,NS
P52815,MRPL12,Aging,never_sig,NS
P52888,THOP1,Aging,imputation_dependent,Conditional
P52895,AKR1C2,Aging,never_sig,NS
P52907,CAPZA1,Aging,robust,Robust
P52943,CRIP2,Aging,never_sig,NS
P53004,BLVRA,Aging,never_sig,NS
P53041,PPP5C,Aging,robust,Robust
P53384,NUBP1,Aging,never_sig,NS
P53597,SUCLG1,Aging,never_sig,NS
P53621,COPA,Aging,never_sig,NS
P53701,HCCS,Aging,imputation_dependent,Conditional
P53778,MAPK12,Aging,never_sig,NS
P53814,SMTN,Aging,imputation_masked,Conditional
P53985,SLC16A1,Aging,never_sig,NS
P53990,IST1,Aging,never_sig,NS
P53992,SEC24C,Aging,robust,Robust
P53999,SUB1,Aging,never_sig,NS
P54136,RARS1,Aging,never_sig,NS
P54284,CACNB3,Aging,never_sig,NS
P54289,CACNA2D1,Aging,never_sig,NS
P54296,MYOM2,Aging,robust,Robust
P54577,YARS1,Aging,never_sig,NS
P54578,USP14,Aging,never_sig,NS
P54619,PRKAG1,Aging,never_sig,NS
P54646,PRKAA2,Aging,never_sig,NS
P54652,HSPA2,Aging,never_sig,NS
P54725,RAD23A,Aging,imputation_dependent,Conditional
P54727,RAD23B,Aging,robust,Robust
P54819,AK2,Aging,never_sig,NS
P54920,NAPA,Aging,never_sig,NS
P55010,EIF5,Aging,never_sig,NS
P55036,PSMD4,Aging,never_sig,NS
P55039,DRG2,Aging,never_sig,NS
P55042,RRAD,Aging,never_sig,NS
P55060,CSE1L,Aging,robust,Robust
P55072,VCP,Aging,imputation_dependent,Conditional
P55084,HADHB,Aging,robust,Robust
P55209,NAP1L1,Aging,never_sig,NS
P55263,ADK,Aging,never_sig,NS
P55268,LAMB2,Aging,never_sig,NS
P55290,CDH13,Aging,never_sig,NS
P55735,SEC13,Aging,never_sig,NS
P55769,SNU13,Aging,never_sig,NS
P55786,NPEPPS,Aging,never_sig,NS
P55795,HNRNPH2,Aging,imputation_dependent,Conditional
P55809,OXCT1,Aging,never_sig,NS
P55822,SH3BGR,Aging,imputation_dependent,Conditional
P55884,EIF3B,Aging,never_sig,NS
P56134,ATP5MF,Aging,never_sig,NS
P56181,NDUFV3,Aging,never_sig,NS
P56192,MARS1,Aging,imputation_dependent,Conditional
P56211,ARPP19,Aging,never_sig,NS
P56381,ATP5F1E,Aging,never_sig,NS
P56385,ATP5ME,Aging,never_sig,NS
P56537,EIF6,Aging,never_sig,NS
P56556,NDUFA6,Aging,never_sig,NS
P57105,SYNJ2BP,Aging,never_sig,NS
P57772,EEFSEC,Aging,imputation_dependent,Conditional
P58546,MTPN,Aging,never_sig,NS
P59666,DEFA3,Aging,never_sig,NS
P59998,ARPC4,Aging,never_sig,NS
P60033,CD81,Aging,never_sig,NS
P60174,TPI1,Aging,never_sig,NS
P60228,EIF3E,Aging,never_sig,NS
P60468,SEC61B,Aging,imputation_dependent,Conditional
P60520,GABARAPL2,Aging,never_sig,NS
P60602,ROMO1,Aging,never_sig,NS
P60660,MYL6,Aging,never_sig,NS
P60709,ACTB,Aging,never_sig,NS
P60842,EIF4A1,Aging,never_sig,NS
P60866,RPS20,Aging,never_sig,NS
P60891,PRPS1,Aging,never_sig,NS
P60900,PSMA6,Aging,never_sig,NS
P60903,S100A10,Aging,never_sig,NS
P60953,CDC42,Aging,robust,Robust
P60981,DSTN,Aging,never_sig,NS
P61019,RAB2A,Aging,never_sig,NS
P61020,RAB5B,Aging,never_sig,NS
P61026,RAB10,Aging,never_sig,NS
P61077,UBE2D3,Aging,never_sig,NS
P61081,UBE2M,Aging,never_sig,NS
P61086,UBE2K,Aging,robust,Robust
P61088,UBE2N,Aging,never_sig,NS
P61106,RAB14,Aging,never_sig,NS
P61158,ACTR3,Aging,robust,Robust
P61160,ACTR2,Aging,imputation_dependent,Conditional
P61163,ACTR1A,Aging,never_sig,NS
P61201,COPS2,Aging,never_sig,NS
P61221,ABCE1,Aging,never_sig,NS
P61224,RAP1B,Aging,never_sig,NS
P61247,RPS3A,Aging,robust,Robust
P61254,RPL26,Aging,never_sig,NS
P61313,RPL15,Aging,never_sig,NS
P61457,PCBD1,Aging,never_sig,NS
P61513,RPL37A,Aging,imputation_dependent,Conditional
P61586,RHOA,Aging,never_sig,NS
P61604,HSPE1,Aging,never_sig,NS
P61619,SEC61A1,Aging,imputation_dependent,Conditional
P61758,VBP1,Aging,never_sig,NS
P61769,B2M,Aging,never_sig,NS
P61803,DAD1,Aging,never_sig,NS
P61916,NPC2,Aging,imputation_dependent,Conditional
P61925,PKIA,Aging,never_sig,NS
P61956,SUMO2,Aging,never_sig,NS
P61960,UFM1,Aging,never_sig,NS
P61970,NUTF2,Aging,never_sig,NS
P61978,HNRNPK,Aging,never_sig,NS
P61981,YWHAG,Aging,never_sig,NS
P62070,RRAS2,Aging,never_sig,NS
P62072,TIMM10,Aging,robust,Robust
P62081,RPS7,Aging,robust,Robust
P62136,PPP1CA,Aging,never_sig,NS
P62140,PPP1CB,Aging,never_sig,NS
P62191,PSMC1,Aging,never_sig,NS
P62195,PSMC5,Aging,never_sig,NS
P62241,RPS8,Aging,never_sig,NS
P62244,RPS15A,Aging,never_sig,NS
P62249,RPS16,Aging,never_sig,NS
P62253,UBE2G1,Aging,never_sig,NS
P62258,YWHAE,Aging,never_sig,NS
P62263,RPS14,Aging,never_sig,NS
P62266,RPS23,Aging,robust,Robust
P62269,RPS18,Aging,never_sig,NS
P62277,RPS13,Aging,never_sig,NS
P62280,RPS11,Aging,never_sig,NS
P62316,SNRPD2,Aging,never_sig,NS
P62318,SNRPD3,Aging,robust,Robust
P62328,TMSB4X,Aging,never_sig,NS
P62333,PSMC6,Aging,robust,Robust
P62424,RPL7A,Aging,never_sig,NS
P62495,ETF1,Aging,never_sig,NS
P62633,CNBP,Aging,never_sig,NS
P62701,RPS4X,Aging,never_sig,NS
P62750,RPL23A,Aging,robust,Robust
P62753,RPS6,Aging,never_sig,NS
P62807,H2BC4,Aging,never_sig,NS
P62820,RAB1A,Aging,never_sig,NS
P62826,RAN,Aging,never_sig,NS
P62829,RPL23,Aging,robust,Robust
P62834,RAP1A,Aging,never_sig,NS
P62841,RPS15,Aging,never_sig,NS
P62847,RPS24,Aging,robust,Robust
P62851,RPS25,Aging,imputation_dependent,Conditional
P62854,RPS26,Aging,never_sig,NS
P62857,RPS28,Aging,never_sig,NS
P62873,GNB1,Aging,never_sig,NS
P62879,GNB2,Aging,never_sig,NS
P62888,RPL30,Aging,never_sig,NS
P62899,RPL31,Aging,robust,Robust
P62906,RPL10A,Aging,never_sig,NS
P62910,RPL32,Aging,never_sig,NS
P62913,RPL11,Aging,never_sig,NS
P62917,RPL8,Aging,never_sig,NS
P62937,PPIA,Aging,robust,Robust
P62942,FKBP1A,Aging,never_sig,NS
P62979,RPS27A,Aging,robust,Robust
P62993,GRB2,Aging,never_sig,NS
P63000,RAC1,Aging,never_sig,NS
P63010,AP2B1,Aging,never_sig,NS
P63027,VAMP2,Aging,never_sig,NS
P63098,PPP3R1,Aging,never_sig,NS
P63104,YWHAZ,Aging,robust,Robust
P63146,UBE2B,Aging,never_sig,NS
P63151,PPP2R2A,Aging,never_sig,NS
P63167,DYNLL1,Aging,robust,Robust
P63172,DYNLT1,Aging,imputation_masked,Conditional
P63173,RPL38,Aging,robust,Robust
P63208,SKP1,Aging,never_sig,NS
P63220,RPS21,Aging,never_sig,NS
P63241,EIF5A,Aging,never_sig,NS
P63244,RACK1,Aging,never_sig,NS
P63279,UBE2I,Aging,never_sig,NS
P63302,SELENOW,Aging,never_sig,NS
P63316,TNNC1,Aging,never_sig,NS
P67775,PPP2CA,Aging,never_sig,NS
P67809,YBX1,Aging,never_sig,NS
P67870,CSNK2B,Aging,never_sig,NS
P67936,TPM4,Aging,robust,Robust
P68036,UBE2L3,Aging,never_sig,NS
P68104,EEF1A1,Aging,never_sig,NS
P68133,ACTA1,Aging,never_sig,NS
P68363,TUBA1B,Aging,never_sig,NS
P68366,TUBA4A,Aging,robust,Robust
P68371,TUBB4B,Aging,never_sig,NS
P68400,CSNK2A1,Aging,never_sig,NS
P68402,PAFAH1B2,Aging,never_sig,NS
P68871,HBB,Aging,never_sig,NS
P69905,HBA1,Aging,never_sig,NS
P78344,EIF4G2,Aging,never_sig,NS
P78356,PIP4K2B,Aging,imputation_dependent,Conditional
P78371,CCT2,Aging,never_sig,NS
P78417,GSTO1,Aging,robust,Robust
P78527,PRKDC,Aging,robust,Robust
P81605,DCD,Aging,never_sig,NS
P82663,MRPS25,Aging,never_sig,NS
P82675,MRPS5,Aging,never_sig,NS
P82909,MRPS36,Aging,imputation_dependent,Conditional
P82914,MRPS15,Aging,never_sig,NS
P82921,MRPS21,Aging,never_sig,NS
P82979,SARNP,Aging,imputation_dependent,Conditional
P83111,LACTB,Aging,never_sig,NS
P83731,RPL24,Aging,robust,Robust
P84077,ARF1,Aging,never_sig,NS
P84085,ARF5,Aging,never_sig,NS
P84090,ERH,Aging,never_sig,NS
P84095,RHOG,Aging,never_sig,NS
P84098,RPL19,Aging,never_sig,NS
P84103,SRSF3,Aging,never_sig,NS
P84157,MXRA7,Aging,never_sig,NS
P84243,H3-3A,Aging,never_sig,NS
P98095,FBLN2,Aging,never_sig,NS
P98160,HSPG2,Aging,never_sig,NS
P98179,RBM3,Aging,never_sig,NS
P99999,CYCS,Aging,never_sig,NS
Q00013,MPP1,Aging,never_sig,NS
Q00059,TFAM,Aging,robust,Robust
Q00169,PITPNA,Aging,imputation_dependent,Conditional
Q00325,SLC25A3,Aging,never_sig,NS
Q00341,HDLBP,Aging,never_sig,NS
Q00577,PURA,Aging,never_sig,NS
Q00610,CLTC,Aging,never_sig,NS
Q00688,FKBP3,Aging,never_sig,NS
Q00765,REEP5,Aging,never_sig,NS
Q00796,SORD,Aging,imputation_dependent,Conditional
Q00839,HNRNPU,Aging,never_sig,NS
Q00872,MYBPC1,Aging,never_sig,NS
Q00G26,PLIN5,Aging,never_sig,NS
Q01082,SPTBN1,Aging,never_sig,NS
Q01085,TIAL1,Aging,robust,Robust
Q01105,SET,Aging,never_sig,NS
Q01432,AMPD3,Aging,never_sig,NS
Q01469,FABP5,Aging,never_sig,NS
Q01484,ANK2,Aging,never_sig,NS
Q01518,CAP1,Aging,robust,Robust
Q01844,EWSR1,Aging,imputation_masked,Conditional
Q01995,TAGLN,Aging,never_sig,NS
Q02218,OGDH,Aging,never_sig,NS
Q02221,COX6A2,Aging,imputation_dependent,Conditional
Q02252,ALDH6A1,Aging,robust,Robust
Q02338,BDH1,Aging,never_sig,NS
Q02388,COL7A1,Aging,never_sig,NS
Q02543,RPL18A,Aging,never_sig,NS
Q02641,CACNB1,Aging,never_sig,NS
Q02750,MAP2K1,Aging,never_sig,NS
Q02790,FKBP4,Aging,robust,Robust
Q02878,RPL6,Aging,never_sig,NS
Q02952,AKAP12,Aging,never_sig,NS
Q02978,SLC25A11,Aging,robust,Robust
Q03135,CAV1,Aging,never_sig,NS
Q03154,ACY1,Aging,never_sig,NS
Q03252,LMNB2,Aging,never_sig,NS
Q04323,UBXN1,Aging,never_sig,NS
Q04446,GBE1,Aging,never_sig,NS
Q04637,EIF4G1,Aging,never_sig,NS
Q04759,PRKCQ,Aging,imputation_dependent,Conditional
Q04760,GLO1,Aging,never_sig,NS
Q04828,AKR1C1,Aging,never_sig,NS
Q04837,SSBP1,Aging,never_sig,NS
Q04917,YWHAH,Aging,robust,Robust
Q04941,PLP2,Aging,never_sig,NS
Q05086,UBE3A,Aging,never_sig,NS
Q05519,SRSF11,Aging,imputation_dependent,Conditional
Q05639,EEF1A2,Aging,never_sig,NS
Q05682,CALD1,Aging,never_sig,NS
Q05707,COL14A1,Aging,never_sig,NS
Q06124,PTPN11,Aging,imputation_dependent,Conditional
Q06323,PSME1,Aging,never_sig,NS
Q06432,CACNG1,Aging,never_sig,NS
Q06730,ZNF33A,Aging,never_sig,NS
Q06830,PRDX1,Aging,never_sig,NS
Q07020,RPL18,Aging,never_sig,NS
Q07021,C1QBP,Aging,never_sig,NS
Q07065,CKAP4,Aging,never_sig,NS
Q07507,DPT,Aging,never_sig,NS
Q07866,KLC1,Aging,never_sig,NS
Q07955,SRSF1,Aging,never_sig,NS
Q07960,ARHGAP1,Aging,robust,Robust
Q08043,ACTN3,Aging,robust,Robust
Q08209,PPP3CA,Aging,never_sig,NS
Q08211,DHX9,Aging,never_sig,NS
Q08257,CRYZ,Aging,never_sig,NS
Q08357,SLC20A2,Aging,never_sig,NS
Q08623,PUDP,Aging,never_sig,NS
Q08722,CD47,Aging,never_sig,NS
Q08752,PPID,Aging,never_sig,NS
Q09666,AHNAK,Aging,never_sig,NS
Q0VAK6,LMOD3,Aging,imputation_dependent,Conditional
Q0VDF9,HSPA14,Aging,never_sig,NS
Q0VDG4,SCRN3,Aging,robust,Robust
Q0ZGT2,NEXN,Aging,never_sig,NS
Q10567,AP1B1,Aging,imputation_dependent,Conditional
Q10589,BST2,Aging,never_sig,NS
Q10713,PMPCA,Aging,never_sig,NS
Q12797,ASPH,Aging,never_sig,NS
Q12805,EFEMP1,Aging,never_sig,NS
Q12846,STX4,Aging,imputation_dependent,Conditional
Q12849,GRSF1,Aging,never_sig,NS
Q12904,AIMP1,Aging,never_sig,NS
Q12906,ILF3,Aging,never_sig,NS
Q12931,TRAP1,Aging,never_sig,NS
Q12955,ANK3,Aging,never_sig,NS
Q12988,HSPB3,Aging,never_sig,NS
Q13011,ECH1,Aging,robust,Robust
Q13033,STRN3,Aging,never_sig,NS
Q13057,COASY,Aging,never_sig,NS
Q13061,TRDN,Aging,never_sig,NS
Q13085,ACACA,Aging,never_sig,NS
Q13098,GPS1,Aging,never_sig,NS
Q13126,MTAP,Aging,never_sig,NS
Q13131,PRKAA1,Aging,never_sig,NS
Q13148,TARDBP,Aging,imputation_dependent,Conditional
Q13153,PAK1,Aging,never_sig,NS
Q13155,AIMP2,Aging,never_sig,NS
Q13162,PRDX4,Aging,never_sig,NS
Q13177,PAK2,Aging,never_sig,NS
Q13185,CBX3,Aging,imputation_dependent,Conditional
Q13200,PSMD2,Aging,never_sig,NS
Q13203,MYBPH,Aging,robust,Robust
Q13228,SELENBP1,Aging,robust,Robust
Q13263,TRIM28,Aging,never_sig,NS
Q13283,G3BP1,Aging,never_sig,NS
Q13310,PABPC4,Aging,never_sig,NS
Q13326,SGCG,Aging,never_sig,NS
Q13347,EIF3I,Aging,never_sig,NS
Q13363,CTBP1,Aging,never_sig,NS
Q13404,UBE2V1,Aging,never_sig,NS
Q13409,DYNC1I2,Aging,never_sig,NS
Q13418,ILK,Aging,never_sig,NS
Q13423,NNT,Aging,never_sig,NS
Q13424,SNTA1,Aging,robust,Robust
Q13425,SNTB2,Aging,never_sig,NS
Q13435,SF3B2,Aging,robust,Robust
Q13442,PDAP1,Aging,never_sig,NS
Q13445,TMED1,Aging,imputation_dependent,Conditional
Q13451,FKBP5,Aging,never_sig,NS
Q13492,PICALM,Aging,imputation_dependent,Conditional
Q13496,MTM1,Aging,never_sig,NS
Q13501,SQSTM1,Aging,robust,Robust
Q13505,MTX1,Aging,never_sig,NS
Q13508,ART3,Aging,never_sig,NS
Q13510,ASAH1,Aging,robust,Robust
Q13526,PIN1,Aging,never_sig,NS
Q13554,CAMK2B,Aging,never_sig,NS
Q13555,CAMK2G,Aging,never_sig,NS
Q13557,CAMK2D,Aging,robust,Robust
Q13561,DCTN2,Aging,never_sig,NS
Q13564,NAE1,Aging,robust,Robust
Q13586,STIM1,Aging,never_sig,NS
Q13616,CUL1,Aging,never_sig,NS
Q13617,CUL2,Aging,never_sig,NS
Q13618,CUL3,Aging,never_sig,NS
Q13619,CUL4A,Aging,never_sig,NS
Q13642,FHL1,Aging,never_sig,NS
Q13643,FHL3,Aging,robust,Robust
Q13683,ITGA7,Aging,never_sig,NS
Q13685,AAMP,Aging,never_sig,NS
Q13698,CACNA1S,Aging,never_sig,NS
Q13724,MOGS,Aging,imputation_dependent,Conditional
Q13813,SPTAN1,Aging,never_sig,NS
Q13825,AUH,Aging,never_sig,NS
Q13838,DDX39B,Aging,never_sig,NS
Q13867,BLMH,Aging,never_sig,NS
Q13884,SNTB1,Aging,never_sig,NS
Q13885,TUBB2A,Aging,never_sig,NS
Q13907,IDI1,Aging,robust,Robust
Q13976,PRKG1,Aging,never_sig,NS
Q14061,COX17,Aging,never_sig,NS
Q14103,HNRNPD,Aging,never_sig,NS
Q14108,SCARB2,Aging,never_sig,NS
Q14112,NID2,Aging,never_sig,NS
Q14116,IL18,Aging,never_sig,NS
Q14118,DAG1,Aging,never_sig,NS
Q14152,EIF3A,Aging,never_sig,NS
Q14157,UBAP2L,Aging,imputation_dependent,Conditional
Q14165,MLEC,Aging,robust,Robust
Q14195,DPYSL3,Aging,never_sig,NS
Q14203,DCTN1,Aging,never_sig,NS
Q14204,DYNC1H1,Aging,never_sig,NS
Q14232,EIF2B1,Aging,imputation_dependent,Conditional
Q14240,EIF4A2,Aging,never_sig,NS
Q14247,CTTN,Aging,never_sig,NS
Q14249,ENDOG,Aging,never_sig,NS
Q14254,FLOT2,Aging,never_sig,NS
Q14258,TRIM25,Aging,never_sig,NS
Q14315,FLNC,Aging,robust,Robust
Q14324,MYBPC2,Aging,never_sig,NS
Q14353,GAMT,Aging,never_sig,NS
Q14444,CAPRIN1,Aging,robust,Robust
Q14558,PRPSAP1,Aging,never_sig,NS
Q14624,ITIH4,Aging,never_sig,NS
Q14677,CLINT1,Aging,never_sig,NS
Q14697,GANAB,Aging,never_sig,NS
Q14714,SSPN,Aging,never_sig,NS
Q14764,MVP,Aging,never_sig,NS
Q14767,LTBP3,Aging,never_sig,NS
Q14847,LASP1,Aging,never_sig,NS
Q14914,PTGR1,Aging,never_sig,NS
Q14974,KPNB1,Aging,robust,Robust
Q14980,NUMA1,Aging,never_sig,NS
Q14997,PSME4,Aging,never_sig,NS
Q14BN4,SLMAP,Aging,never_sig,NS
Q15006,EMC2,Aging,robust,Robust
Q15008,PSMD6,Aging,never_sig,NS
Q15018,ABRAXAS2,Aging,never_sig,NS
Q15019,SEPTIN2,Aging,never_sig,NS
Q15046,KARS1,Aging,never_sig,NS
Q15056,EIF4H,Aging,never_sig,NS
Q15075,EEA1,Aging,never_sig,NS
Q15084,PDIA6,Aging,never_sig,NS
Q15102,PAFAH1B3,Aging,never_sig,NS
Q15111,PLCL1,Aging,never_sig,NS
Q15118,PDK1,Aging,never_sig,NS
Q15119,PDK2,Aging,never_sig,NS
Q15121,PEA15,Aging,imputation_dependent,Conditional
Q15124,PGM5,Aging,robust,Robust
Q15149,PLEC,Aging,robust,Robust
Q15172,PPP2R5A,Aging,never_sig,NS
Q15181,PPA1,Aging,never_sig,NS
Q15185,PTGES3,Aging,never_sig,NS
Q15208,STK38,Aging,never_sig,NS
Q15233,NONO,Aging,never_sig,NS
Q15257,PTPA,Aging,never_sig,NS
Q15286,RAB35,Aging,imputation_dependent,Conditional
Q15363,TMED2,Aging,never_sig,NS
Q15365,PCBP1,Aging,never_sig,NS
Q15366,PCBP2,Aging,never_sig,NS
Q15369,ELOC,Aging,never_sig,NS
Q15370,ELOB,Aging,robust,Robust
Q15386,UBE3C,Aging,imputation_dependent,Conditional
Q15392,DHCR24,Aging,imputation_dependent,Conditional
Q15404,RSU1,Aging,imputation_dependent,Conditional
Q15435,PPP1R7,Aging,never_sig,NS
Q15436,SEC23A,Aging,never_sig,NS
Q15555,MAPRE2,Aging,never_sig,NS
Q15582,TGFBI,Aging,never_sig,NS
Q15631,TSN,Aging,never_sig,NS
Q15637,SF1,Aging,never_sig,NS
Q15642,TRIP10,Aging,imputation_dependent,Conditional
Q15691,MAPRE1,Aging,never_sig,NS
Q15714,TSC22D1,Aging,never_sig,NS
Q15717,ELAVL1,Aging,imputation_dependent,Conditional
Q15746,MYLK,Aging,never_sig,NS
Q15772,SPEG,Aging,robust,Robust
Q15813,TBCE,Aging,never_sig,NS
Q15819,UBE2V2,Aging,never_sig,NS
Q15843,NEDD8,Aging,never_sig,NS
Q15847,ADIRF,Aging,never_sig,NS
Q15848,ADIPOQ,Aging,imputation_dependent,Conditional
Q15907,RAB11B,Aging,never_sig,NS
Q15942,ZYX,Aging,never_sig,NS
Q16082,HSPB2,Aging,never_sig,NS
Q16134,ETFDH,Aging,never_sig,NS
Q16181,SEPTIN7,Aging,never_sig,NS
Q16186,ADRM1,Aging,never_sig,NS
Q16531,DDB1,Aging,never_sig,NS
Q16543,CDC37,Aging,robust,Robust
Q16555,DPYSL2,Aging,robust,Robust
Q16563,SYPL1,Aging,never_sig,NS
Q16576,RBBP7,Aging,never_sig,NS
Q16585,SGCB,Aging,never_sig,NS
Q16586,SGCA,Aging,never_sig,NS
Q16595,FXN,Aging,robust,Robust
Q16658,FSCN1,Aging,never_sig,NS
Q16698,DECR1,Aging,never_sig,NS
Q16718,NDUFA5,Aging,never_sig,NS
Q16740,CLPP,Aging,never_sig,NS
Q16762,TST,Aging,robust,Robust
Q16773,KYAT1,Aging,never_sig,NS
Q16774,GUK1,Aging,never_sig,NS
Q16775,HAGH,Aging,never_sig,NS
Q16795,NDUFA9,Aging,never_sig,NS
Q16816,PHKG1,Aging,never_sig,NS
Q16821,PPP1R3A,Aging,robust,Robust
Q16836,HADH,Aging,robust,Robust
Q16851,UGP2,Aging,never_sig,NS
Q16881,TXNRD1,Aging,never_sig,NS
Q16891,IMMT,Aging,never_sig,NS
Q2TAA2,IAH1,Aging,never_sig,NS
Q2TBA0,KLHL40,Aging,robust,Robust
Q3LXA3,TKFC,Aging,imputation_dependent,Conditional
Q3ZCQ8,TIMM50,Aging,never_sig,NS
Q4G0N4,NADK2,Aging,never_sig,NS
Q52LJ0,FAM98B,Aging,never_sig,NS
Q53FT3,HIKESHI,Aging,never_sig,NS
Q53GG5,PDLIM3,Aging,never_sig,NS
Q53GQ0,HSD17B12,Aging,never_sig,NS
Q53H12,AGK,Aging,never_sig,NS
Q53H82,LACTB2,Aging,never_sig,NS
Q58WW2,DCAF6,Aging,never_sig,NS
Q5BKX8,CAVIN4,Aging,never_sig,NS
Q5D862,FLG2,Aging,never_sig,NS
Q5HYI8,RABL3,Aging,never_sig,NS
Q5HYK3,COQ5,Aging,robust,Robust
Q5JPE7,NOMO2,Aging,never_sig,NS
Q5JRX3,PITRM1,Aging,never_sig,NS
Q5JSH3,WDR44,Aging,imputation_dependent,Conditional
Q5JTJ3,COA6,Aging,never_sig,NS
Q5JTV8,TOR1AIP1,Aging,never_sig,NS
Q5JWF2,GNAS,Aging,never_sig,NS
Q5R3I4,TTC38,Aging,never_sig,NS
Q5SQH8,C6orf136,Aging,never_sig,NS
Q5SSJ5,HP1BP3,Aging,never_sig,NS
Q5T440,IBA57,Aging,robust,Robust
Q5T4S7,UBR4,Aging,never_sig,NS
Q5TAQ9,DCAF8,Aging,never_sig,NS
Q5TDH0,DDI2,Aging,robust,Robust
Q5TGZ0,MICOS10,Aging,robust,Robust
Q5U5X0,LYRM7,Aging,never_sig,NS
Q5VST9,OBSCN,Aging,robust,Robust
Q5VTT5,MYOM3,Aging,robust,Robust
Q5VU43,PDE4DIP,Aging,never_sig,NS
Q5VW32,BROX,Aging,never_sig,NS
Q5VWZ2,LYPLAL1,Aging,never_sig,NS
Q5VXT5,SYPL2,Aging,never_sig,NS
Q5VYK3,ECPAS,Aging,never_sig,NS
Q5XKP0,MICOS13,Aging,never_sig,NS
Q5XPI4,RNF123,Aging,never_sig,NS
Q66K66,TMEM198,Aging,never_sig,NS
Q68DQ2,CRYBG3,Aging,imputation_dependent,Conditional
Q6DKJ4,NXN,Aging,robust,Robust
Q6GMV3,PTRHD1,Aging,never_sig,NS
Q6H8Q1,ABLIM2,Aging,never_sig,NS
Q6IAA8,LAMTOR1,Aging,robust,Robust
Q6IAN0,DHRS7B,Aging,robust,Robust
Q6IBS0,TWF2,Aging,never_sig,NS
Q6IPR1,ETFRF1,Aging,never_sig,NS
Q6IQ22,RAB12,Aging,never_sig,NS
Q6IQ26,DENND5A,Aging,never_sig,NS
Q6JBY9,RCSD1,Aging,never_sig,NS
Q6NUK1,SLC25A24,Aging,never_sig,NS
Q6NVY1,HIBCH,Aging,never_sig,NS
Q6NZI2,CAVIN1,Aging,never_sig,NS
Q6P161,MRPL54,Aging,never_sig,NS
Q6P1A2,LPCAT3,Aging,never_sig,NS
Q6P1N9,TATDN1,Aging,never_sig,NS
Q6P4A7,SFXN4,Aging,imputation_dependent,Conditional
Q6P587,FAHD1,Aging,never_sig,NS
Q6P5Q4,LMOD2,Aging,robust,Robust
Q6PCB7,SLC27A1,Aging,imputation_dependent,Conditional
Q6PK04,CCDC137,Aging,never_sig,NS
Q6QEF8,CORO6,Aging,imputation_dependent,Conditional
Q6UW68,TMEM205,Aging,robust,Robust
Q6UWP2,DHRS11,Aging,imputation_dependent,Conditional
Q6UXV4,APOOL,Aging,never_sig,NS
Q6XQN6,NAPRT,Aging,never_sig,NS
Q6YN16,HSDL2,Aging,never_sig,NS
Q6YP21,KYAT3,Aging,never_sig,NS
Q6ZMU5,TRIM72,Aging,never_sig,NS
Q6ZU65,UBN2,Aging,never_sig,NS
Q6ZVM7,TOM1L2,Aging,never_sig,NS
Q702N8,XIRP1,Aging,never_sig,NS
Q709C8,VPS13C,Aging,never_sig,NS
Q712K3,UBE2R2,Aging,never_sig,NS
Q7KZF4,SND1,Aging,never_sig,NS
Q7L0Y3,TRMT10C,Aging,never_sig,NS
Q7L1Q6,BZW1,Aging,robust,Robust
Q7L2H7,EIF3M,Aging,imputation_dependent,Conditional
Q7L5N1,COPS6,Aging,never_sig,NS
Q7LBR1,CHMP1B,Aging,never_sig,NS
Q7LG56,RRM2B,Aging,imputation_dependent,Conditional
Q7Z2K6,ERMP1,Aging,imputation_dependent,Conditional
Q7Z2W9,MRPL21,Aging,never_sig,NS
Q7Z3D6,DGLUCY,Aging,never_sig,NS
Q7Z406,MYH14,Aging,never_sig,NS
Q7Z422,SZRD1,Aging,never_sig,NS
Q7Z434,MAVS,Aging,robust,Robust
Q7Z4G1,COMMD6,Aging,never_sig,NS
Q7Z4H3,HDDC2,Aging,never_sig,NS
Q7Z4V5,HDGFL2,Aging,never_sig,NS
Q7Z4W1,DCXR,Aging,robust,Robust
Q7Z698,SPRED2,Aging,never_sig,NS
Q7Z6Z7,HUWE1,Aging,never_sig,NS
Q86SX6,GLRX5,Aging,never_sig,NS
Q86TC9,MYPN,Aging,never_sig,NS
Q86TD4,SRL,Aging,never_sig,NS
Q86TP1,PRUNE1,Aging,never_sig,NS
Q86TX2,ACOT1,Aging,never_sig,NS
Q86U28,ISCA2,Aging,never_sig,NS
Q86UE4,MTDH,Aging,never_sig,NS
Q86UP2,KTN1,Aging,never_sig,NS
Q86UT6,NLRX1,Aging,never_sig,NS
Q86V81,ALYREF,Aging,never_sig,NS
Q86V88,MDP1,Aging,imputation_masked,Conditional
Q86VD7,SLC25A42,Aging,imputation_dependent,Conditional
Q86VF7,NRAP,Aging,robust,Robust
Q86VN1,VPS36,Aging,never_sig,NS
Q86VP6,CAND1,Aging,never_sig,NS
Q86VX2,COMMD7,Aging,never_sig,NS
Q86WU2,LDHD,Aging,never_sig,NS
Q86X55,CARM1,Aging,robust,Robust
Q86X76,NIT1,Aging,never_sig,NS
Q86Y39,NDUFA11,Aging,robust,Robust
Q86YB7,ECHDC2,Aging,never_sig,NS
Q8IUZ5,PHYKPL,Aging,never_sig,NS
Q8IVN3,MUSTN1,Aging,robust,Robust
Q8IW45,NAXD,Aging,robust,Robust
Q8IWA4,MFN1,Aging,never_sig,NS
Q8IWA5,SLC44A2,Aging,never_sig,NS
Q8IWL3,HSCB,Aging,never_sig,NS
Q8IWW8,ADHFE1,Aging,never_sig,NS
Q8IWX7,UNC45B,Aging,never_sig,NS
Q8IXL7,MSRB3,Aging,never_sig,NS
Q8IXV7,KLHDC8B,Aging,never_sig,NS
Q8IYB8,SUPV3L1,Aging,never_sig,NS
Q8IYQ7,THNSL1,Aging,never_sig,NS
Q8IYS1,PM20D2,Aging,never_sig,NS
Q8IYU8,MICU2,Aging,never_sig,NS
Q8IZ81,ELMOD2,Aging,imputation_dependent,Conditional
Q8IZ83,ALDH16A1,Aging,imputation_dependent,Conditional
Q8N0U4,FAM185A,Aging,never_sig,NS
Q8N142,ADSS1,Aging,never_sig,NS
Q8N183,NDUFAF2,Aging,never_sig,NS
Q8N1G4,LRRC47,Aging,never_sig,NS
Q8N335,GPD1L,Aging,robust,Robust
Q8N3D4,EHBP1L1,Aging,never_sig,NS
Q8N3K9,CMYA5,Aging,never_sig,NS
Q8N3L3,TXLNB,Aging,never_sig,NS
Q8N3V7,SYNPO,Aging,never_sig,NS
Q8N4H5,TOMM5,Aging,never_sig,NS
Q8N4Q1,CHCHD4,Aging,imputation_dependent,Conditional
Q8N4T8,CBR4,Aging,robust,Robust
Q8N4V1,MMGT1,Aging,never_sig,NS
Q8N5G0,SMIM20,Aging,never_sig,NS
Q8N5K1,CISD2,Aging,never_sig,NS
Q8N5M1,ATPAF2,Aging,never_sig,NS
Q8N5M9,JAGN1,Aging,never_sig,NS
Q8N5N7,MRPL50,Aging,never_sig,NS
Q8N766,EMC1,Aging,never_sig,NS
Q8N8N7,PTGR2,Aging,never_sig,NS
Q8NB12,SMYD1,Aging,never_sig,NS
Q8NBF2,NHLRC2,Aging,imputation_dependent,Conditional
Q8NBN7,RDH13,Aging,never_sig,NS
Q8NBS9,TXNDC5,Aging,never_sig,NS
Q8NBU5,ATAD1,Aging,never_sig,NS
Q8NBX0,SCCPDH,Aging,never_sig,NS
Q8NC51,SERBP1,Aging,never_sig,NS
Q8NCA5,FAM98A,Aging,never_sig,NS
Q8NCN5,PDPR,Aging,never_sig,NS
Q8NCW5,NAXE,Aging,never_sig,NS
Q8NDH3,NPEPL1,Aging,never_sig,NS
Q8NDY3,ADPRHL1,Aging,never_sig,NS
Q8NE62,CHDH,Aging,never_sig,NS
Q8NE71,ABCF1,Aging,never_sig,NS
Q8NE86,MCU,Aging,never_sig,NS
Q8NFV4,ABHD11,Aging,robust,Robust
Q8NHH9,ATL2,Aging,never_sig,NS
Q8NI37,PPTC7,Aging,imputation_dependent,Conditional
Q8NI60,COQ8A,Aging,robust,Robust
Q8TAT6,NPLOC4,Aging,imputation_dependent,Conditional
Q8TB22,SPATA20,Aging,never_sig,NS
Q8TB37,NUBPL,Aging,never_sig,NS
Q8TB45,DEPTOR,Aging,never_sig,NS
Q8TC12,RDH11,Aging,imputation_dependent,Conditional
Q8TCA0,LRRC20,Aging,never_sig,NS
Q8TCD5,NT5C,Aging,never_sig,NS
Q8TCS8,PNPT1,Aging,never_sig,NS
Q8TCT8,SPPL2A,Aging,never_sig,NS
Q8TCU6,PREX1,Aging,robust,Robust
Q8TD19,NEK9,Aging,never_sig,NS
Q8TD30,GPT2,Aging,never_sig,NS
Q8TDC0,MYOZ3,Aging,imputation_dependent,Conditional
Q8TDX7,NEK7,Aging,never_sig,NS
Q8TEA8,DTD1,Aging,never_sig,NS
Q8TED0,UTP15,Aging,robust,Robust
Q8WTS6,SETD7,Aging,never_sig,NS
Q8WUM0,NUP133,Aging,never_sig,NS
Q8WUM4,PDCD6IP,Aging,never_sig,NS
Q8WUY1,THEM6,Aging,never_sig,NS
Q8WVI0,SMIM4,Aging,imputation_dependent,Conditional
Q8WVJ2,NUDCD2,Aging,never_sig,NS
Q8WVM8,SCFD1,Aging,robust,Robust
Q8WW12,PCNP,Aging,never_sig,NS
Q8WW22,DNAJA4,Aging,never_sig,NS
Q8WW59,SPRYD4,Aging,never_sig,NS
Q8WWV3,RTN4IP1,Aging,never_sig,NS
Q8WX93,PALLD,Aging,never_sig,NS
Q8WXH0,SYNE2,Aging,never_sig,NS
Q8WY91,THAP4,Aging,never_sig,NS
Q8WYA0,IFT81,Aging,never_sig,NS
Q8WZ42,TTN,Aging,robust,Robust
Q92499,DDX1,Aging,never_sig,NS
Q92506,HSD17B8,Aging,never_sig,NS
Q92523,CPT1B,Aging,never_sig,NS
Q92530,PSMF1,Aging,never_sig,NS
Q92575,UBXN4,Aging,never_sig,NS
Q92614,MYO18A,Aging,never_sig,NS
Q92616,GCN1,Aging,never_sig,NS
Q92629,SGCD,Aging,never_sig,NS
Q92667,AKAP1,Aging,never_sig,NS
Q92696,RABGGTA,Aging,never_sig,NS
Q92734,TFG,Aging,never_sig,NS
Q92747,ARPC1A,Aging,never_sig,NS
Q92791,P3H4,Aging,never_sig,NS
Q92841,DDX17,Aging,never_sig,NS
Q92879,CELF1,Aging,robust,Robust
Q92890,UFD1,Aging,never_sig,NS
Q92901,RPL3L,Aging,never_sig,NS
Q92905,COPS5,Aging,never_sig,NS
Q92945,KHSRP,Aging,never_sig,NS
Q92947,GCDH,Aging,never_sig,NS
Q92973,TNPO1,Aging,never_sig,NS
Q92995,USP13,Aging,imputation_dependent,Conditional
Q93008,USP9X,Aging,never_sig,NS
Q93034,CUL5,Aging,never_sig,NS
Q93052,LPP,Aging,never_sig,NS
Q93084,ATP2A3,Aging,never_sig,NS
Q93100,PHKB,Aging,robust,Robust
Q969M7,UBE2F,Aging,never_sig,NS
Q969Q0,RPL36AL,Aging,never_sig,NS
Q969T9,WBP2,Aging,never_sig,NS
Q969X5,ERGIC1,Aging,never_sig,NS
Q969Z3,MTARC2,Aging,never_sig,NS
Q96A26,FAM162A,Aging,never_sig,NS
Q96A33,CCDC47,Aging,robust,Robust
Q96A57,TMEM230,Aging,never_sig,NS
Q96AB3,ISOC2,Aging,never_sig,NS
Q96AC1,FERMT2,Aging,never_sig,NS
Q96AE4,FUBP1,Aging,never_sig,NS
Q96AG3,SLC25A46,Aging,robust,Robust
Q96AN5,TMEM143,Aging,never_sig,NS
Q96AQ6,PBXIP1,Aging,never_sig,NS
Q96BW5,PTER,Aging,never_sig,NS
Q96C00,ZBTB9,Aging,imputation_dependent,Conditional
Q96C01,FAM136A,Aging,imputation_dependent,Conditional
Q96C11,FGGY,Aging,imputation_dependent,Conditional
Q96C23,GALM,Aging,never_sig,NS
Q96C86,DCPS,Aging,never_sig,NS
Q96C90,PPP1R14B,Aging,never_sig,NS
Q96CM8,ACSF2,Aging,never_sig,NS
Q96CN7,ISOC1,Aging,never_sig,NS
Q96CT7,CCDC124,Aging,never_sig,NS
Q96CV9,OPTN,Aging,never_sig,NS
Q96CW1,AP2M1,Aging,never_sig,NS
Q96CX2,KCTD12,Aging,never_sig,NS
Q96DB5,RMDN1,Aging,never_sig,NS
Q96DC8,ECHDC3,Aging,never_sig,NS
Q96DE0,NUDT16,Aging,never_sig,NS
Q96DG6,CMBL,Aging,never_sig,NS
Q96DH6,MSI2,Aging,never_sig,NS
Q96DV4,MRPL38,Aging,never_sig,NS
Q96E11,MRRF,Aging,never_sig,NS
Q96EL3,MRPL53,Aging,never_sig,NS
Q96EP5,DAZAP1,Aging,imputation_dependent,Conditional
Q96EY1,DNAJA3,Aging,never_sig,NS
Q96EY7,PTCD3,Aging,never_sig,NS
Q96EY8,MMAB,Aging,never_sig,NS
Q96FJ2,DYNLL2,Aging,never_sig,NS
Q96FQ6,S100A16,Aging,imputation_dependent,Conditional
Q96FV2,SCRN2,Aging,never_sig,NS
Q96FW1,OTUB1,Aging,robust,Robust
Q96FZ7,CHMP6,Aging,never_sig,NS
Q96GD0,PDXP,Aging,never_sig,NS
Q96GG9,DCUN1D1,Aging,never_sig,NS
Q96GK7,FAHD2A,Aging,never_sig,NS
Q96H20,SNF8,Aging,never_sig,NS
Q96HC4,PDLIM5,Aging,robust,Robust
Q96HD1,CRELD1,Aging,never_sig,NS
Q96HE7,ERO1A,Aging,never_sig,NS
Q96HN2,AHCYL2,Aging,never_sig,NS
Q96HS1,PGAM5,Aging,never_sig,NS
Q96HY6,DDRGK1,Aging,never_sig,NS
Q96I23,PYURF,Aging,robust,Robust
Q96I99,SUCLG2,Aging,never_sig,NS
Q96IU4,ABHD14B,Aging,never_sig,NS
Q96IV0,NGLY1,Aging,robust,Robust
Q96JJ7,TMX3,Aging,imputation_dependent,Conditional
Q96K17,BTF3L4,Aging,never_sig,NS
Q96K76,USP47,Aging,never_sig,NS
Q96KP4,CNDP2,Aging,never_sig,NS
Q96L96,ALPK3,Aging,imputation_dependent,Conditional
Q96MF2,STAC3,Aging,never_sig,NS
Q96MF6,COQ10A,Aging,never_sig,NS
Q96MG2,JSRP1,Aging,never_sig,NS
Q96PE7,MCEE,Aging,imputation_dependent,Conditional
Q96PU8,QKI,Aging,never_sig,NS
Q96Q06,PLIN4,Aging,robust,Robust
Q96Q83,ALKBH3,Aging,imputation_dependent,Conditional
Q96QK1,VPS35,Aging,never_sig,NS
Q96QR8,PURB,Aging,never_sig,NS
Q96RK4,BBS4,Aging,never_sig,NS
Q96RL7,VPS13A,Aging,imputation_dependent,Conditional
Q96RP9,GFM1,Aging,never_sig,NS
Q96RQ3,MCCC1,Aging,robust,Robust
Q96S19,METTL26,Aging,never_sig,NS
Q96S66,CLCC1,Aging,imputation_dependent,Conditional
Q96S96,PEBP4,Aging,never_sig,NS
Q96S99,PLEKHF1,Aging,never_sig,NS
Q99417,MYCBP,Aging,never_sig,NS
Q99426,TBCB,Aging,never_sig,NS
Q99436,PSMB7,Aging,never_sig,NS
Q99447,PCYT2,Aging,never_sig,NS
Q99460,PSMD1,Aging,never_sig,NS
Q99471,PFDN5,Aging,never_sig,NS
Q99487,PAFAH2,Aging,never_sig,NS
Q99497,PARK7,Aging,never_sig,NS
Q99536,VAT1,Aging,never_sig,NS
Q99541,PLIN2,Aging,robust,Robust
Q99584,S100A13,Aging,never_sig,NS
Q99598,TSNAX,Aging,never_sig,NS
Q99613,EIF3C,Aging,robust,Robust
Q99623,PHB2,Aging,never_sig,NS
Q99627,COPS8,Aging,never_sig,NS
Q99643,SDHC,Aging,never_sig,NS
Q99653,CHP1,Aging,robust,Robust
Q99714,HSD17B10,Aging,never_sig,NS
Q99733,NAP1L4,Aging,never_sig,NS
Q99735,MGST2,Aging,robust,Robust
Q99757,TXN2,Aging,never_sig,NS
Q99766,DMAC2L,Aging,never_sig,NS
Q99798,ACO2,Aging,robust,Robust
Q99807,COQ7,Aging,robust,Robust
Q99808,SLC29A1,Aging,never_sig,NS
Q99816,TSG101,Aging,never_sig,NS
Q99829,CPNE1,Aging,never_sig,NS
Q99832,CCT7,Aging,never_sig,NS
Q99873,PRMT1,Aging,never_sig,NS
Q9BPW8,NIPSNAP1,Aging,never_sig,NS
Q9BPX5,ARPC5L,Aging,never_sig,NS
Q9BPX6,MICU1,Aging,robust,Robust
Q9BQ69,MACROD1,Aging,never_sig,NS
Q9BQA1,WDR77,Aging,never_sig,NS
Q9BQE5,APOL2,Aging,never_sig,NS
Q9BQS8,FYCO1,Aging,never_sig,NS
Q9BR39,JPH2,Aging,never_sig,NS
Q9BR76,CORO1B,Aging,imputation_dependent,Conditional
Q9BRA2,TXNDC17,Aging,never_sig,NS
Q9BRC7,PLCD4,Aging,never_sig,NS
Q9BRF8,CPPED1,Aging,never_sig,NS
Q9BRG1,VPS25,Aging,never_sig,NS
Q9BRT3,MIEN1,Aging,imputation_dependent,Conditional
Q9BRX2,PELO,Aging,never_sig,NS
Q9BRX8,PRXL2A,Aging,never_sig,NS
Q9BS26,ERP44,Aging,never_sig,NS
Q9BS40,LXN,Aging,never_sig,NS
Q9BS92,NIPSNAP3B,Aging,never_sig,NS
Q9BSD7,NTPCR,Aging,never_sig,NS
Q9BSE5,AGMAT,Aging,never_sig,NS
Q9BSH4,TACO1,Aging,imputation_dependent,Conditional
Q9BSJ8,ESYT1,Aging,never_sig,NS
Q9BSL1,UBAC1,Aging,never_sig,NS
Q9BT78,COPS4,Aging,never_sig,NS
Q9BTE1,DCTN5,Aging,never_sig,NS
Q9BTE6,AARSD1,Aging,never_sig,NS
Q9BTV4,TMEM43,Aging,never_sig,NS
Q9BTZ2,DHRS4,Aging,never_sig,NS
Q9BUB7,TMEM70,Aging,never_sig,NS
Q9BUF5,TUBB6,Aging,never_sig,NS
Q9BUK0,CHCHD7,Aging,never_sig,NS
Q9BUR5,APOO,Aging,never_sig,NS
Q9BV20,MRI1,Aging,never_sig,NS
Q9BV23,ABHD6,Aging,robust,Robust
Q9BV57,ADI1,Aging,never_sig,NS
Q9BV79,MECR,Aging,never_sig,NS
Q9BV86,NTMT1,Aging,never_sig,NS
Q9BVC6,TMEM109,Aging,never_sig,NS
Q9BVK6,TMED9,Aging,never_sig,NS
Q9BVV7,TIMM21,Aging,never_sig,NS
Q9BW30,TPPP3,Aging,never_sig,NS
Q9BW91,NUDT9,Aging,never_sig,NS
Q9BWH2,FUNDC2,Aging,never_sig,NS
Q9BX66,SORBS1,Aging,never_sig,NS
Q9BX68,HINT2,Aging,never_sig,NS
Q9BXB4,OSBPL11,Aging,imputation_dependent,Conditional
Q9BXI3,NT5C1A,Aging,imputation_dependent,Conditional
Q9BXJ8,TMEM120A,Aging,never_sig,NS
Q9BXJ9,NAA15,Aging,never_sig,NS
Q9BXK5,BCL2L13,Aging,never_sig,NS
Q9BXS5,AP1M1,Aging,never_sig,NS
Q9BXW6,OSBPL1A,Aging,robust,Robust
Q9BXW7,HDHD5,Aging,never_sig,NS
Q9BY44,EIF2A,Aging,never_sig,NS
Q9BYD1,MRPL13,Aging,never_sig,NS
Q9BYD2,MRPL9,Aging,robust,Robust
Q9BYD3,MRPL4,Aging,never_sig,NS
Q9BYD6,MRPL1,Aging,never_sig,NS
Q9BYT8,NLN,Aging,never_sig,NS
Q9BYV2,TRIM54,Aging,robust,Robust
Q9BYV7,BCO2,Aging,never_sig,NS
Q9BZE1,MRPL37,Aging,never_sig,NS
Q9BZE9,ASPSCR1,Aging,imputation_dependent,Conditional
Q9BZL1,UBL5,Aging,never_sig,NS
Q9BZQ8,NIBAN1,Aging,never_sig,NS
Q9BZV1,UBXN6,Aging,never_sig,NS
Q9C0C9,UBE2O,Aging,imputation_dependent,Conditional
Q9C0E8,LNPK,Aging,never_sig,NS
Q9GZP4,PITHD1,Aging,never_sig,NS
Q9GZT3,SLIRP,Aging,never_sig,NS
Q9GZT8,NIF3L1,Aging,never_sig,NS
Q9GZT9,EGLN1,Aging,never_sig,NS
Q9GZV1,ANKRD2,Aging,never_sig,NS
Q9GZZ1,NAA50,Aging,never_sig,NS
Q9H061,TMEM126A,Aging,never_sig,NS
Q9H074,PAIP1,Aging,never_sig,NS
Q9H078,CLPB,Aging,never_sig,NS
Q9H0E2,TOLLIP,Aging,never_sig,NS
Q9H0N5,PCBD2,Aging,robust,Robust
Q9H0P0,NT5C3A,Aging,never_sig,NS
Q9H0R4,HDHD2,Aging,never_sig,NS
Q9H0U4,RAB1B,Aging,never_sig,NS
Q9H0W9,C11orf54,Aging,never_sig,NS
Q9H1E3,NUCKS1,Aging,never_sig,NS
Q9H1E5,TMX4,Aging,never_sig,NS
Q9H1R3,MYLK2,Aging,never_sig,NS
Q9H223,EHD4,Aging,never_sig,NS
Q9H299,SH3BGRL3,Aging,never_sig,NS
Q9H2G2,SLK,Aging,never_sig,NS
Q9H2H8,PPIL3,Aging,never_sig,NS
Q9H2I8,LRMDA,Aging,robust,Robust
Q9H2S6,TNMD,Aging,never_sig,NS
Q9H2U2,PPA2,Aging,never_sig,NS
Q9H2W6,MRPL46,Aging,never_sig,NS
Q9H330,TMEM245,Aging,never_sig,NS
Q9H3H3,C11orf68,Aging,never_sig,NS
Q9H3K2,GHITM,Aging,never_sig,NS
Q9H3K6,BOLA2,Aging,never_sig,NS
Q9H3N1,TMX1,Aging,never_sig,NS
Q9H444,CHMP4B,Aging,never_sig,NS
Q9H477,RBKS,Aging,never_sig,NS
Q9H479,FN3K,Aging,never_sig,NS
Q9H496,TOR1AIP2,Aging,never_sig,NS
Q9H4A4,RNPEP,Aging,imputation_dependent,Conditional
Q9H4G4,GLIPR2,Aging,never_sig,NS
Q9H4M9,EHD1,Aging,never_sig,NS
Q9H6F2,TMEM38A,Aging,robust,Robust
Q9H6K4,OPA3,Aging,never_sig,NS
Q9H773,DCTPP1,Aging,never_sig,NS
Q9H7C9,AAMDC,Aging,never_sig,NS
Q9H7Z7,PTGES2,Aging,never_sig,NS
Q9H832,UBE2Z,Aging,never_sig,NS
Q9H845,ACAD9,Aging,never_sig,NS
Q9H8H3,METTL7A,Aging,never_sig,NS
Q9H8M1,COQ10B,Aging,never_sig,NS
Q9H8S9,MOB1A,Aging,never_sig,NS
Q9H8Y8,GORASP2,Aging,never_sig,NS
Q9H910,JPT2,Aging,imputation_dependent,Conditional
Q9H987,SYNPO2L,Aging,robust,Robust
Q9H993,ARMT1,Aging,never_sig,NS
Q9H9A6,LRRC40,Aging,imputation_dependent,Conditional
Q9H9B4,SFXN1,Aging,robust,Robust
Q9H9P8,L2HGDH,Aging,never_sig,NS
Q9H9Q2,COPS7B,Aging,never_sig,NS
Q9HA64,FN3KRP,Aging,never_sig,NS
Q9HA65,TBC1D17,Aging,never_sig,NS
Q9HA77,CARS2,Aging,never_sig,NS
Q9HB71,CACYBP,Aging,never_sig,NS
Q9HBH5,RDH14,Aging,never_sig,NS
Q9HBI1,PARVB,Aging,never_sig,NS
Q9HBL0,TNS1,Aging,never_sig,NS
Q9HBL7,PLGRKT,Aging,never_sig,NS
Q9HC38,GLOD4,Aging,never_sig,NS
Q9HCC0,MCCC2,Aging,never_sig,NS
Q9HCP6,HHATL,Aging,never_sig,NS
Q9HCU5,PREB,Aging,never_sig,NS
Q9HD33,MRPL47,Aging,never_sig,NS
Q9HDC5,JPH1,Aging,never_sig,NS
Q9HDC9,APMAP,Aging,never_sig,NS
Q9NNW7,TXNRD2,Aging,never_sig,NS
Q9NP72,RAB18,Aging,never_sig,NS
Q9NP74,PALMD,Aging,never_sig,NS
Q9NP77,SSU72,Aging,never_sig,NS
Q9NP79,VTA1,Aging,never_sig,NS
Q9NP81,SARS2,Aging,never_sig,NS
Q9NP97,DYNLRB1,Aging,never_sig,NS
Q9NP98,MYOZ1,Aging,robust,Robust
Q9NPC6,MYOZ2,Aging,never_sig,NS
Q9NPF4,OSGEP,Aging,never_sig,NS
Q9NPJ3,ACOT13,Aging,never_sig,NS
Q9NQ50,MRPL40,Aging,never_sig,NS
Q9NQ88,TIGAR,Aging,never_sig,NS
Q9NQC3,RTN4,Aging,never_sig,NS
Q9NQE9,HINT3,Aging,never_sig,NS
Q9NQP4,PFDN4,Aging,never_sig,NS
Q9NQR4,NIT2,Aging,never_sig,NS
Q9NQW7,XPNPEP1,Aging,never_sig,NS
Q9NQX3,GPHN,Aging,never_sig,NS
Q9NR12,PDLIM7,Aging,never_sig,NS
Q9NR19,ACSS2,Aging,never_sig,NS
Q9NR28,DIABLO,Aging,never_sig,NS
Q9NR31,SAR1A,Aging,never_sig,NS
Q9NR46,SH3GLB2,Aging,imputation_dependent,Conditional
Q9NR50,EIF2B3,Aging,never_sig,NS
Q9NR56,MBNL1,Aging,never_sig,NS
Q9NRG7,SDR39U1,Aging,imputation_dependent,Conditional
Q9NRN7,AASDHPPT,Aging,never_sig,NS
Q9NRP0,OSTC,Aging,never_sig,NS
Q9NRP2,CMC2,Aging,never_sig,NS
Q9NRV9,HEBP1,Aging,never_sig,NS
Q9NRX4,PHPT1,Aging,robust,Robust
Q9NS69,TOMM22,Aging,never_sig,NS
Q9NS86,LANCL2,Aging,imputation_dependent,Conditional
Q9NSD9,FARSB,Aging,never_sig,NS
Q9NSE4,IARS2,Aging,never_sig,NS
Q9NTG7,SIRT3,Aging,never_sig,NS
Q9NTJ4,MAN2C1,Aging,never_sig,NS
Q9NTK5,OLA1,Aging,never_sig,NS
Q9NTM9,CUTC,Aging,never_sig,NS
Q9NUB1,ACSS1,Aging,never_sig,NS
Q9NUJ1,ABHD10,Aging,never_sig,NS
Q9NUU7,DDX19A,Aging,never_sig,NS
Q9NVA2,SEPTIN11,Aging,never_sig,NS
Q9NVD7,PARVA,Aging,never_sig,NS
Q9NVE7,PANK4,Aging,never_sig,NS
Q9NVH1,DNAJC11,Aging,never_sig,NS
Q9NVH6,TMLHE,Aging,never_sig,NS
Q9NVI7,ATAD3A,Aging,never_sig,NS
Q9NVJ2,ARL8B,Aging,never_sig,NS
Q9NVS2,MRPS18A,Aging,never_sig,NS
Q9NVS9,PNPO,Aging,robust,Robust
Q9NWU1,OXSM,Aging,never_sig,NS
Q9NWU5,MRPL22,Aging,imputation_dependent,Conditional
Q9NWV4,CZIB,Aging,never_sig,NS
Q9NWV8,BABAM1,Aging,imputation_dependent,Conditional
Q9NX14,NDUFB11,Aging,never_sig,NS
Q9NX40,OCIAD1,Aging,never_sig,NS
Q9NX47,MARCHF5,Aging,robust,Robust
Q9NX63,CHCHD3,Aging,never_sig,NS
Q9NXA8,SIRT5,Aging,never_sig,NS
Q9NXR7,BABAM2,Aging,never_sig,NS
Q9NY33,DPP3,Aging,never_sig,NS
Q9NY65,TUBA8,Aging,never_sig,NS
Q9NYL2,MAP3K20,Aging,never_sig,NS
Q9NYU2,UGGT1,Aging,never_sig,NS
Q9NZ01,TECR,Aging,never_sig,NS
Q9NZ08,ERAP1,Aging,never_sig,NS
Q9NZ45,CISD1,Aging,robust,Robust
Q9NZA1,CLIC5,Aging,never_sig,NS
Q9NZB2,FAM120A,Aging,never_sig,NS
Q9NZD2,GLTP,Aging,never_sig,NS
Q9NZJ6,COQ3,Aging,never_sig,NS
Q9NZL4,HSPBP1,Aging,never_sig,NS
Q9NZL9,MAT2B,Aging,robust,Robust
Q9NZM1,MYOF,Aging,robust,Robust
Q9NZN4,EHD2,Aging,never_sig,NS
Q9NZQ9,TMOD4,Aging,robust,Robust
Q9NZU5,LMCD1,Aging,never_sig,NS
Q9NZZ3,CHMP5,Aging,never_sig,NS
Q9P003,CNIH4,Aging,never_sig,NS
Q9P032,NDUFAF4,Aging,never_sig,NS
Q9P0I2,EMC3,Aging,robust,Robust
Q9P0J0,NDUFA13,Aging,never_sig,NS
Q9P0J1,PDP1,Aging,robust,Robust
Q9P0J6,MRPL36,Aging,never_sig,NS
Q9P0L0,VAPA,Aging,never_sig,NS
Q9P0P0,RNF181,Aging,never_sig,NS
Q9P2J5,LARS1,Aging,never_sig,NS
Q9P2R7,SUCLA2,Aging,never_sig,NS
Q9P2T1,GMPR2,Aging,never_sig,NS
Q9P2X0,DPM3,Aging,never_sig,NS
Q9P2X3,IMPACT,Aging,never_sig,NS
Q9UBB4,ATXN10,Aging,never_sig,NS
Q9UBC2,EPS15L1,Aging,never_sig,NS
Q9UBE0,SAE1,Aging,never_sig,NS
Q9UBF6,RNF7,Aging,never_sig,NS
Q9UBF9,MYOT,Aging,never_sig,NS
Q9UBI6,GNG12,Aging,robust,Robust
Q9UBQ0,VPS29,Aging,imputation_dependent,Conditional
Q9UBQ5,EIF3K,Aging,never_sig,NS
Q9UBQ7,GRHPR,Aging,never_sig,NS
Q9UBR2,CTSZ,Aging,robust,Robust
Q9UBT2,UBA2,Aging,never_sig,NS
Q9UBW8,COPS7A,Aging,never_sig,NS
Q9UBY9,HSPB7,Aging,never_sig,NS
Q9UDT6,CLIP2,Aging,never_sig,NS
Q9UDW1,UQCR10,Aging,robust,Robust
Q9UDY4,DNAJB4,Aging,never_sig,NS
Q9UFN0,NIPSNAP3A,Aging,never_sig,NS
Q9UGI8,TES,Aging,imputation_dependent,Conditional
Q9UGL1,KDM5B,Aging,never_sig,NS
Q9UGM6,WARS2,Aging,imputation_dependent,Conditional
Q9UH92,MLX,Aging,never_sig,NS
Q9UHD8,SEPTIN9,Aging,never_sig,NS
Q9UHD9,UBQLN2,Aging,never_sig,NS
Q9UHG3,PCYOX1,Aging,never_sig,NS
Q9UHL4,DPP7,Aging,never_sig,NS
Q9UHP9,SMPX,Aging,never_sig,NS
Q9UHQ4,BCAP29,Aging,never_sig,NS
Q9UHQ9,CYB5R1,Aging,robust,Robust
Q9UHV9,PFDN2,Aging,never_sig,NS
Q9UHX1,PUF60,Aging,imputation_dependent,Conditional
Q9UHY7,ENOPH1,Aging,never_sig,NS
Q9UI09,NDUFA12,Aging,never_sig,NS
Q9UI10,EIF2B4,Aging,never_sig,NS
Q9UI12,ATP6V1H,Aging,imputation_dependent,Conditional
Q9UI30,TRMT112,Aging,never_sig,NS
Q9UIA9,XPO7,Aging,never_sig,NS
Q9UIC8,LCMT1,Aging,never_sig,NS
Q9UII2,ATP5IF1,Aging,never_sig,NS
Q9UIJ7,AK3,Aging,never_sig,NS
Q9UJ70,NAGK,Aging,never_sig,NS
Q9UJS0,SLC25A13,Aging,never_sig,NS
Q9UJU6,DBNL,Aging,never_sig,NS
Q9UJW0,DCTN4,Aging,imputation_dependent,Conditional
Q9UJY1,HSPB8,Aging,imputation_dependent,Conditional
Q9UJZ1,STOML2,Aging,never_sig,NS
Q9UK41,VPS28,Aging,never_sig,NS
Q9UK76,JPT1,Aging,never_sig,NS
Q9UKG1,APPL1,Aging,robust,Robust
Q9UKS6,PACSIN3,Aging,never_sig,NS
Q9UKU7,ACAD8,Aging,robust,Robust
Q9UKV8,AGO2,Aging,never_sig,NS
Q9UKX2,MYH2,Aging,robust,Robust
Q9UKX3,MYH13,Aging,imputation_dependent,Conditional
Q9UKY7,CDV3,Aging,never_sig,NS
Q9UL25,RAB21,Aging,never_sig,NS
Q9UL46,PSME2,Aging,never_sig,NS
Q9ULA0,DNPEP,Aging,never_sig,NS
Q9ULC4,MCTS1,Aging,never_sig,NS
Q9ULP9,TBC1D24,Aging,never_sig,NS
Q9UM00,TMCO1,Aging,robust,Robust
Q9UM22,EPDR1,Aging,robust,Robust
Q9UM54,MYO6,Aging,never_sig,NS
Q9UMS0,NFU1,Aging,never_sig,NS
Q9UMS6,SYNPO2,Aging,robust,Robust
Q9UMX0,UBQLN1,Aging,never_sig,NS
Q9UMY4,SNX12,Aging,never_sig,NS
Q9UN36,NDRG2,Aging,imputation_dependent,Conditional
Q9UN37,VPS4A,Aging,never_sig,NS
Q9UN86,G3BP2,Aging,never_sig,NS
Q9UNE7,STUB1,Aging,never_sig,NS
Q9UNF0,PACSIN2,Aging,never_sig,NS
Q9UNH7,SNX6,Aging,never_sig,NS
Q9UNM6,PSMD13,Aging,robust,Robust
Q9UNS2,COPS3,Aging,never_sig,NS
Q9UNZ2,NSFL1C,Aging,never_sig,NS
Q9UPN7,PPP6R1,Aging,imputation_dependent,Conditional
Q9UPQ0,LIMCH1,Aging,never_sig,NS
Q9UPU5,USP24,Aging,never_sig,NS
Q9UPY8,MAPRE3,Aging,never_sig,NS
Q9UQ80,PA2G4,Aging,never_sig,NS
Q9UQM7,CAMK2A,Aging,never_sig,NS
Q9UQN3,CHMP2B,Aging,never_sig,NS
Q9Y224,RTRAF,Aging,never_sig,NS
Q9Y230,RUVBL2,Aging,never_sig,NS
Q9Y235,APOBEC2,Aging,never_sig,NS
Q9Y237,PIN4,Aging,never_sig,NS
Q9Y262,EIF3L,Aging,never_sig,NS
Q9Y263,PLAA,Aging,never_sig,NS
Q9Y266,NUDC,Aging,never_sig,NS
Q9Y276,BCS1L,Aging,never_sig,NS
Q9Y277,VDAC3,Aging,never_sig,NS
Q9Y281,CFL2,Aging,never_sig,NS
Q9Y285,FARSA,Aging,never_sig,NS
Q9Y2B0,CNPY2,Aging,never_sig,NS
Q9Y2H6,FNDC3A,Aging,robust,Robust
Q9Y2J8,PADI2,Aging,never_sig,NS
Q9Y2Q3,GSTK1,Aging,never_sig,NS
Q9Y2Q5,LAMTOR2,Aging,never_sig,NS
Q9Y2Q9,MRPS35,Aging,never_sig,NS
Q9Y2R0,COA3,Aging,never_sig,NS
Q9Y2S6,TMA7,Aging,never_sig,NS
Q9Y2Z0,SUGT1,Aging,imputation_dependent,Conditional
Q9Y2Z9,COQ6,Aging,never_sig,NS
Q9Y305,ACOT9,Aging,imputation_dependent,Conditional
Q9Y316,MEMO1,Aging,never_sig,NS
Q9Y320,TMX2,Aging,robust,Robust
Q9Y371,SH3GLB1,Aging,robust,Robust
Q9Y376,CAB39,Aging,never_sig,NS
Q9Y383,LUC7L2,Aging,robust,Robust
Q9Y394,DHRS7,Aging,never_sig,NS
Q9Y3A3,MOB4,Aging,never_sig,NS
Q9Y3A5,SBDS,Aging,never_sig,NS
Q9Y3B7,MRPL11,Aging,never_sig,NS
Q9Y3C6,PPIL1,Aging,never_sig,NS
Q9Y3D2,MSRB2,Aging,imputation_dependent,Conditional
Q9Y3D6,FIS1,Aging,never_sig,NS
Q9Y3F4,STRAP,Aging,never_sig,NS
Q9Y3I0,RTCB,Aging,never_sig,NS
Q9Y3U8,RPL36,Aging,never_sig,NS
Q9Y3Z3,SAMHD1,Aging,never_sig,NS
Q9Y450,HBS1L,Aging,never_sig,NS
Q9Y490,TLN1,Aging,never_sig,NS
Q9Y4E8,USP15,Aging,never_sig,NS
Q9Y4G6,TLN2,Aging,never_sig,NS
Q9Y4J8,DTNA,Aging,never_sig,NS
Q9Y4L1,HYOU1,Aging,never_sig,NS
Q9Y4W6,AFG3L2,Aging,never_sig,NS
Q9Y4X5,ARIH1,Aging,never_sig,NS
Q9Y508,RNF114,Aging,robust,Robust
Q9Y512,SAMM50,Aging,never_sig,NS
Q9Y570,PPME1,Aging,imputation_dependent,Conditional
Q9Y5J7,TIMM9,Aging,never_sig,NS
Q9Y5J9,TIMM8B,Aging,never_sig,NS
Q9Y5K5,UCHL5,Aging,never_sig,NS
Q9Y5L4,TIMM13,Aging,never_sig,NS
Q9Y5M8,SRPRB,Aging,never_sig,NS
Q9Y5P6,GMPPB,Aging,never_sig,NS
Q9Y5U8,MPC1,Aging,never_sig,NS
Q9Y5X3,SNX5,Aging,never_sig,NS
Q9Y5Z4,HEBP2,Aging,never_sig,NS
Q9Y5Z7,HCFC2,Aging,never_sig,NS
Q9Y613,FHOD1,Aging,never_sig,NS
Q9Y623,MYH4,Aging,never_sig,NS
Q9Y676,MRPS18B,Aging,never_sig,NS
Q9Y678,COPG1,Aging,never_sig,NS
Q9Y696,CLIC4,Aging,robust,Robust
Q9Y697,NFS1,Aging,never_sig,NS
Q9Y6A9,SPCS1,Aging,never_sig,NS
Q9Y6B6,SAR1B,Aging,never_sig,NS
Q9Y6C9,MTCH2,Aging,never_sig,NS
Q9Y6E2,BZW2,Aging,never_sig,NS
Q9Y6G9,DYNC1LI1,Aging,never_sig,NS
Q9Y6H1,CHCHD2,Aging,never_sig,NS
Q9Y6M9,NDUFB9,Aging,never_sig,NS
Q9Y6N1,COX11,Aging,never_sig,NS
Q9Y6N5,SQOR,Aging,never_sig,NS
Q9Y6P5,SESN1,Aging,never_sig,NS
Q9Y6Y8,SEC23IP,Aging,never_sig,NS
A0A0U1RRL7,MMP24OS,Interaction,never_sig,NS
A0FGR8,ESYT2,Interaction,never_sig,NS
A1L0T0,ILVBL,Interaction,never_sig,NS
A1L4K1,FSD2,Interaction,never_sig,NS
A2RTX5,TARS3,Interaction,never_sig,NS
A3KMH1,VWA8,Interaction,never_sig,NS
A5YM72,CARNS1,Interaction,never_sig,NS
A6NCE7,MAP1LC3B2,Interaction,never_sig,NS
A6NDG6,PGP,Interaction,never_sig,NS
A6NNS2,DHRS7C,Interaction,never_sig,NS
A8MU46,SMTNL1,Interaction,never_sig,NS
A8MXV4,NUDT19,Interaction,never_sig,NS
E9PAV3,NACA,Interaction,never_sig,NS
L0R6Q1,SLC35A4,Interaction,never_sig,NS
O00151,PDLIM1,Interaction,never_sig,NS
O00159,MYO1C,Interaction,never_sig,NS
O00168,FXYD1,Interaction,never_sig,NS
O00186,STXBP3,Interaction,never_sig,NS
O00217,NDUFS8,Interaction,never_sig,NS
O00231,PSMD11,Interaction,never_sig,NS
O00232,PSMD12,Interaction,never_sig,NS
O00233,PSMD9,Interaction,never_sig,NS
O00264,PGRMC1,Interaction,never_sig,NS
O00299,CLIC1,Interaction,never_sig,NS
O00303,EIF3F,Interaction,never_sig,NS
O00330,PDHX,Interaction,never_sig,NS
O00399,DCTN6,Interaction,never_sig,NS
O00410,IPO5,Interaction,never_sig,NS
O00418,EEF2K,Interaction,never_sig,NS
O00423,EML1,Interaction,never_sig,NS
O00429,DNM1L,Interaction,never_sig,NS
O00442,RTCA,Interaction,never_sig,NS
O00483,NDUFA4,Interaction,never_sig,NS
O00487,PSMD14,Interaction,never_sig,NS
O00499,BIN1,Interaction,never_sig,NS
O00505,KPNA3,Interaction,never_sig,NS
O00571,DDX3X,Interaction,never_sig,NS
O00629,KPNA4,Interaction,never_sig,NS
O00748,CES2,Interaction,never_sig,NS
O00757,FBP2,Interaction,never_sig,NS
O00764,PDXK,Interaction,never_sig,NS
O14521,SDHD,Interaction,never_sig,NS
O14548,COX7A2L,Interaction,never_sig,NS
O14556,GAPDHS,Interaction,never_sig,NS
O14558,HSPB6,Interaction,never_sig,NS
O14561,NDUFAB1,Interaction,never_sig,NS
O14732,IMPA2,Interaction,never_sig,NS
O14737,PDCD5,Interaction,never_sig,NS
O14744,PRMT5,Interaction,never_sig,NS
O14818,PSMA7,Interaction,never_sig,NS
O14841,OPLAH,Interaction,never_sig,NS
O14880,MGST3,Interaction,never_sig,NS
O14924,RGS12,Interaction,never_sig,NS
O14929,HAT1,Interaction,never_sig,NS
O14949,UQCRQ,Interaction,never_sig,NS
O14950,MYL12B,Interaction,never_sig,NS
O14957,UQCR11,Interaction,never_sig,NS
O14958,CASQ2,Interaction,never_sig,NS
O14964,HGS,Interaction,never_sig,NS
O14979,HNRNPDL,Interaction,never_sig,NS
O14980,XPO1,Interaction,never_sig,NS
O14983,ATP2A1,Interaction,never_sig,NS
O15056,SYNJ2,Interaction,never_sig,NS
O15061,SYNM,Interaction,never_sig,NS
O15143,ARPC1B,Interaction,never_sig,NS
O15144,ARPC2,Interaction,never_sig,NS
O15173,PGRMC2,Interaction,never_sig,NS
O15212,PFDN6,Interaction,never_sig,NS
O15239,NDUFA1,Interaction,never_sig,NS
O15260,SURF4,Interaction,never_sig,NS
O15264,MAPK13,Interaction,never_sig,NS
O15273,TCAP,Interaction,never_sig,NS
O15305,PMM2,Interaction,never_sig,NS
O15371,EIF3D,Interaction,never_sig,NS
O15372,EIF3H,Interaction,never_sig,NS
O15382,BCAT2,Interaction,never_sig,NS
O15400,STX7,Interaction,never_sig,NS
O15427,SLC16A3,Interaction,never_sig,NS
O15498,YKT6,Interaction,never_sig,NS
O15511,ARPC5,Interaction,never_sig,NS
O15533,TAPBP,Interaction,never_sig,NS
O43143,DHX15,Interaction,never_sig,NS
O43169,CYB5B,Interaction,never_sig,NS
O43181,NDUFS4,Interaction,never_sig,NS
O43237,DYNC1LI2,Interaction,never_sig,NS
O43242,PSMD3,Interaction,never_sig,NS
O43374,RASA4,Interaction,never_sig,NS
O43390,HNRNPR,Interaction,never_sig,NS
O43396,TXNL1,Interaction,never_sig,NS
O43399,TPD52L2,Interaction,never_sig,NS
O43414,ERI3,Interaction,never_sig,NS
O43488,AKR7A2,Interaction,never_sig,NS
O43561,LAT,Interaction,never_sig,NS
O43583,DENR,Interaction,never_sig,NS
O43598,DNPH1,Interaction,never_sig,NS
O43615,TIMM44,Interaction,never_sig,NS
O43617,TRAPPC3,Interaction,never_sig,NS
O43633,CHMP2A,Interaction,never_sig,NS
O43674,NDUFB5,Interaction,never_sig,NS
O43676,NDUFB3,Interaction,never_sig,NS
O43678,NDUFA2,Interaction,never_sig,NS
O43684,BUB3,Interaction,never_sig,NS
O43707,ACTN4,Interaction,never_sig,NS
O43708,GSTZ1,Interaction,never_sig,NS
O43741,PRKAB2,Interaction,never_sig,NS
O43747,AP1G1,Interaction,never_sig,NS
O43760,SYNGR2,Interaction,never_sig,NS
O43765,SGTA,Interaction,never_sig,NS
O43768,ENSA,Interaction,never_sig,NS
O43772,SLC25A20,Interaction,never_sig,NS
O43776,NARS1,Interaction,never_sig,NS
O43813,LANCL1,Interaction,never_sig,NS
O43826,SLC37A4,Interaction,never_sig,NS
O43837,IDH3B,Interaction,never_sig,NS
O43852,CALU,Interaction,never_sig,NS
O43865,AHCYL1,Interaction,never_sig,NS
O43920,NDUFS5,Interaction,never_sig,NS
O60220,TIMM8A,Interaction,never_sig,NS
O60237,PPP1R12B,Interaction,never_sig,NS
O60256,PRPSAP2,Interaction,never_sig,NS
O60271,SPAG9,Interaction,never_sig,NS
O60313,OPA1,Interaction,never_sig,NS
O60343,TBC1D4,Interaction,never_sig,NS
O60493,SNX3,Interaction,never_sig,NS
O60506,SYNCRIP,Interaction,never_sig,NS
O60613,SELENOF,Interaction,never_sig,NS
O60662,KLHL41,Interaction,never_sig,NS
O60664,PLIN3,Interaction,never_sig,NS
O60684,KPNA6,Interaction,never_sig,NS
O60749,SNX2,Interaction,never_sig,NS
O60763,USO1,Interaction,never_sig,NS
O60784,TOM1,Interaction,never_sig,NS
O60825,PFKFB2,Interaction,never_sig,NS
O60869,EDF1,Interaction,never_sig,NS
O60884,DNAJA2,Interaction,never_sig,NS
O60888,CUTA,Interaction,never_sig,NS
O60925,PFDN1,Interaction,never_sig,NS
O60936,NOL3,Interaction,never_sig,NS
O75083,WDR1,Interaction,never_sig,NS
O75112,LDB3,Interaction,never_sig,NS
O75122,CLASP2,Interaction,never_sig,NS
O75128,COBL,Interaction,never_sig,NS
O75131,CPNE3,Interaction,never_sig,NS
O75153,CLUH,Interaction,never_sig,NS
O75155,CAND2,Interaction,never_sig,NS
O75208,COQ9,Interaction,never_sig,NS
O75223,GGCT,Interaction,never_sig,NS
O75251,NDUFS7,Interaction,never_sig,NS
O75298,RTN2,Interaction,never_sig,NS
O75306,NDUFS2,Interaction,never_sig,NS
O75323,NIPSNAP2,Interaction,never_sig,NS
O75339,CILP,Interaction,never_sig,NS
O75347,TBCA,Interaction,never_sig,NS
O75348,ATP6V1G1,Interaction,never_sig,NS
O75351,VPS4B,Interaction,never_sig,NS
O75368,SH3BGRL,Interaction,never_sig,NS
O75369,FLNB,Interaction,never_sig,NS
O75380,NDUFS6,Interaction,never_sig,NS
O75390,CS,Interaction,never_sig,NS
O75396,SEC22B,Interaction,never_sig,NS
O75431,MTX2,Interaction,never_sig,NS
O75436,VPS26A,Interaction,never_sig,NS
O75438,NDUFB1,Interaction,never_sig,NS
O75439,PMPCB,Interaction,never_sig,NS
O75489,NDUFS3,Interaction,never_sig,NS
O75521,ECI2,Interaction,never_sig,NS
O75531,BANF1,Interaction,never_sig,NS
O75534,CSDE1,Interaction,never_sig,NS
O75569,PRKRA,Interaction,never_sig,NS
O75608,LYPLA1,Interaction,never_sig,NS
O75663,TIPRL,Interaction,never_sig,NS
O75688,PPM1B,Interaction,never_sig,NS
O75746,SLC25A12,Interaction,never_sig,NS
O75764,TCEA3,Interaction,never_sig,NS
O75821,EIF3G,Interaction,never_sig,NS
O75822,EIF3J,Interaction,never_sig,NS
O75832,PSMD10,Interaction,never_sig,NS
O75874,IDH1,Interaction,never_sig,NS
O75880,SCO1,Interaction,never_sig,NS
O75891,ALDH1L1,Interaction,never_sig,NS
O75915,ARL6IP5,Interaction,never_sig,NS
O75923,DYSF,Interaction,never_sig,NS
O75928,PIAS2,Interaction,never_sig,NS
O75935,DCTN3,Interaction,never_sig,NS
O75947,ATP5PD,Interaction,never_sig,NS
O75955,FLOT1,Interaction,never_sig,NS
O75964,ATP5MG,Interaction,never_sig,NS
O76003,GLRX3,Interaction,never_sig,NS
O76070,SNCG,Interaction,never_sig,NS
O94760,DDAH1,Interaction,never_sig,NS
O94811,TPPP,Interaction,never_sig,NS
O94812,BAIAP3,Interaction,never_sig,NS
O94826,TOMM70,Interaction,never_sig,NS
O94874,UFL1,Interaction,never_sig,NS
O94886,TMEM63A,Interaction,never_sig,NS
O94903,PLPBP,Interaction,never_sig,NS
O94905,ERLIN2,Interaction,never_sig,NS
O94919,ENDOD1,Interaction,never_sig,NS
O94979,SEC31A,Interaction,never_sig,NS
O95139,NDUFB6,Interaction,never_sig,NS
O95140,MFN2,Interaction,never_sig,NS
O95167,NDUFA3,Interaction,never_sig,NS
O95168,NDUFB4,Interaction,never_sig,NS
O95169,NDUFB8,Interaction,never_sig,NS
O95182,NDUFA7,Interaction,never_sig,NS
O95197,RTN3,Interaction,never_sig,NS
O95202,LETM1,Interaction,never_sig,NS
O95210,STBD1,Interaction,never_sig,NS
O95218,ZRANB2,Interaction,never_sig,NS
O95278,EPM2A,Interaction,never_sig,NS
O95292,VAPB,Interaction,never_sig,NS
O95298,NDUFC2,Interaction,never_sig,NS
O95299,NDUFA10,Interaction,never_sig,NS
O95336,PGLS,Interaction,never_sig,NS
O95359,TACC2,Interaction,never_sig,NS
O95372,LYPLA2,Interaction,never_sig,NS
O95373,IPO7,Interaction,never_sig,NS
O95376,ARIH2,Interaction,never_sig,NS
O95394,PGM3,Interaction,never_sig,NS
O95425,SVIL,Interaction,never_sig,NS
O95433,AHSA1,Interaction,never_sig,NS
O95479,H6PD,Interaction,never_sig,NS
O95563,MPC2,Interaction,never_sig,NS
O95571,ETHE1,Interaction,never_sig,NS
O95573,ACSL3,Interaction,never_sig,NS
O95671,ASMTL,Interaction,never_sig,NS
O95674,CDS2,Interaction,never_sig,NS
O95721,SNAP29,Interaction,never_sig,NS
O95747,OXSR1,Interaction,never_sig,NS
O95777,LSM8,Interaction,never_sig,NS
O95782,AP2A1,Interaction,never_sig,NS
O95810,CAVIN2,Interaction,never_sig,NS
O95816,BAG2,Interaction,never_sig,NS
O95817,BAG3,Interaction,never_sig,NS
O95822,MLYCD,Interaction,never_sig,NS
O95831,AIFM1,Interaction,never_sig,NS
O95834,EML2,Interaction,never_sig,NS
O95861,BPNT1,Interaction,never_sig,NS
O95865,DDAH2,Interaction,never_sig,NS
O95870,ABHD16A,Interaction,never_sig,NS
O95881,TXNDC12,Interaction,never_sig,NS
O95989,NUDT3,Interaction,never_sig,NS
O96000,NDUFB10,Interaction,never_sig,NS
O96005,CLPTM1,Interaction,never_sig,NS
O96007,MOCS2,Interaction,never_sig,NS
O96008,TOMM40,Interaction,never_sig,NS
O96011,PEX11B,Interaction,never_sig,NS
P00167,CYB5A,Interaction,never_sig,NS
P00325,ADH1B,Interaction,never_sig,NS
P00338,LDHA,Interaction,never_sig,NS
P00352,ALDH1A1,Interaction,never_sig,NS
P00367,GLUD1,Interaction,never_sig,NS
P00387,CYB5R3,Interaction,never_sig,NS
P00390,GSR,Interaction,never_sig,NS
P00395,MT-CO1,Interaction,never_sig,NS
P00403,MT-CO2,Interaction,never_sig,NS
P00414,MT-CO3,Interaction,never_sig,NS
P00441,SOD1,Interaction,never_sig,NS
P00450,CP,Interaction,never_sig,NS
P00488,F13A1,Interaction,never_sig,NS
P00492,HPRT1,Interaction,never_sig,NS
P00505,GOT2,Interaction,never_sig,NS
P00558,PGK1,Interaction,never_sig,NS
P00568,AK1,Interaction,never_sig,NS
P00738,HP,Interaction,never_sig,NS
P00751,CFB,Interaction,never_sig,NS
P00846,MT-ATP6,Interaction,never_sig,NS
P00918,CA2,Interaction,never_sig,NS
P00966,ASS1,Interaction,never_sig,NS
P01009,SERPINA1,Interaction,never_sig,NS
P01011,SERPINA3,Interaction,never_sig,NS
P01019,AGT,Interaction,never_sig,NS
P01023,A2M,Interaction,never_sig,NS
P01024,C3,Interaction,never_sig,NS
P01034,CST3,Interaction,never_sig,NS
P01040,CSTA,Interaction,never_sig,NS
P01591,JCHAIN,Interaction,never_sig,NS
P01619,IGKV3-20,Interaction,never_sig,NS
P01780,IGHV3-7,Interaction,never_sig,NS
P01834,IGKC,Interaction,never_sig,NS
P01857,IGHG1,Interaction,never_sig,NS
P01859,IGHG2,Interaction,never_sig,NS
P01860,IGHG3,Interaction,never_sig,NS
P01871,IGHM,Interaction,never_sig,NS
P01876,IGHA1,Interaction,never_sig,NS
P01889,HLA-B,Interaction,never_sig,NS
P01911,HLA-DRB1,Interaction,never_sig,NS
P02144,MB,Interaction,never_sig,NS
P02452,COL1A1,Interaction,never_sig,NS
P02461,COL3A1,Interaction,never_sig,NS
P02462,COL4A1,Interaction,never_sig,NS
P02511,CRYAB,Interaction,never_sig,NS
P02533,KRT14,Interaction,never_sig,NS
P02545,LMNA,Interaction,never_sig,NS
P02585,TNNC2,Interaction,never_sig,NS
P02649,APOE,Interaction,never_sig,NS
P02655,APOC2,Interaction,never_sig,NS
P02750,LRG1,Interaction,never_sig,NS
P02751,FN1,Interaction,never_sig,NS
P02753,RBP4,Interaction,never_sig,NS
P02763,ORM1,Interaction,never_sig,NS
P02766,TTR,Interaction,never_sig,NS
P02768,ALB,Interaction,never_sig,NS
P02786,TFRC,Interaction,never_sig,NS
P02787,TF,Interaction,never_sig,NS
P02792,FTL,Interaction,never_sig,NS
P02794,FTH1,Interaction,never_sig,NS
P02795,MT2A,Interaction,never_sig,NS
P03886,MT-ND1,Interaction,never_sig,NS
P03891,MT-ND2,Interaction,never_sig,NS
P03897,MT-ND3,Interaction,never_sig,NS
P03905,MT-ND4,Interaction,never_sig,NS
P03915,MT-ND5,Interaction,never_sig,NS
P03928,MT-ATP8,Interaction,never_sig,NS
P04040,CAT,Interaction,never_sig,NS
P04075,ALDOA,Interaction,never_sig,NS
P04080,CSTB,Interaction,never_sig,NS
P04083,ANXA1,Interaction,never_sig,NS
P04179,SOD2,Interaction,never_sig,NS
P04264,KRT1,Interaction,never_sig,NS
P04275,VWF,Interaction,never_sig,NS
P04406,GAPDH,Interaction,never_sig,NS
P04439,HLA-A,Interaction,never_sig,NS
P04632,CAPNS1,Interaction,never_sig,NS
P04792,HSPB1,Interaction,never_sig,NS
P04843,RPN1,Interaction,never_sig,NS
P04844,RPN2,Interaction,never_sig,NS
P04899,GNAI2,Interaction,never_sig,NS
P05023,ATP1A1,Interaction,never_sig,NS
P05026,ATP1B1,Interaction,never_sig,NS
P05090,APOD,Interaction,never_sig,NS
P05091,ALDH2,Interaction,never_sig,NS
P05109,S100A8,Interaction,never_sig,NS
P05141,SLC25A5,Interaction,never_sig,NS
P05155,SERPING1,Interaction,never_sig,NS
P05165,PCCA,Interaction,never_sig,NS
P05166,PCCB,Interaction,never_sig,NS
P05198,EIF2S1,Interaction,never_sig,NS
P05386,RPLP1,Interaction,never_sig,NS
P05387,RPLP2,Interaction,never_sig,NS
P05388,RPLP0,Interaction,never_sig,NS
P05413,FABP3,Interaction,never_sig,NS
P05452,CLEC3B,Interaction,never_sig,NS
P05455,SSB,Interaction,never_sig,NS
P05556,ITGB1,Interaction,never_sig,NS
P05783,KRT18,Interaction,never_sig,NS
P05787,KRT8,Interaction,never_sig,NS
P05976,MYL1,Interaction,never_sig,NS
P06396,GSN,Interaction,never_sig,NS
P06454,PTMA,Interaction,never_sig,NS
P06576,ATP5F1B,Interaction,never_sig,NS
P06702,S100A9,Interaction,never_sig,NS
P06703,S100A6,Interaction,never_sig,NS
P06730,EIF4E,Interaction,never_sig,NS
P06732,CKM,Interaction,never_sig,NS
P06733,ENO1,Interaction,never_sig,NS
P06737,PYGL,Interaction,never_sig,NS
P06744,GPI,Interaction,never_sig,NS
P06748,NPM1,Interaction,never_sig,NS
P06753,TPM3,Interaction,never_sig,NS
P07099,EPHX1,Interaction,never_sig,NS
P07108,DBI,Interaction,never_sig,NS
P07195,LDHB,Interaction,never_sig,NS
P07203,GPX1,Interaction,never_sig,NS
P07237,P4HB,Interaction,never_sig,NS
P07305,H1-0,Interaction,never_sig,NS
P07339,CTSD,Interaction,never_sig,NS
P07355,ANXA2,Interaction,never_sig,NS
P07384,CAPN1,Interaction,never_sig,NS
P07437,TUBB,Interaction,never_sig,NS
P07451,CA3,Interaction,never_sig,NS
P07585,DCN,Interaction,never_sig,NS
P07602,PSAP,Interaction,never_sig,NS
P07737,PFN1,Interaction,never_sig,NS
P07738,BPGM,Interaction,never_sig,NS
P07741,APRT,Interaction,never_sig,NS
P07814,EPRS1,Interaction,never_sig,NS
P07858,CTSB,Interaction,never_sig,NS
P07900,HSP90AA1,Interaction,never_sig,NS
P07919,UQCRH,Interaction,never_sig,NS
P07951,TPM2,Interaction,never_sig,NS
P07954,FH,Interaction,never_sig,NS
P08123,COL1A2,Interaction,never_sig,NS
P08133,ANXA6,Interaction,never_sig,NS
P08237,PFKM,Interaction,never_sig,NS
P08238,HSP90AB1,Interaction,never_sig,NS
P08294,SOD3,Interaction,never_sig,NS
P08311,CTSG,Interaction,never_sig,NS
P08559,PDHA1,Interaction,never_sig,NS
P08572,COL4A2,Interaction,never_sig,NS
P08574,CYC1,Interaction,never_sig,NS
P08590,MYL3,Interaction,never_sig,NS
P08603,CFH,Interaction,never_sig,NS
P08621,SNRNP70,Interaction,never_sig,NS
P08651,NFIC,Interaction,never_sig,NS
P08670,VIM,Interaction,never_sig,NS
P08697,SERPINF2,Interaction,never_sig,NS
P08708,RPS17,Interaction,never_sig,NS
P08727,KRT19,Interaction,never_sig,NS
P08758,ANXA5,Interaction,never_sig,NS
P08865,RPSA,Interaction,never_sig,NS
P09012,SNRPA,Interaction,never_sig,NS
P09104,ENO2,Interaction,never_sig,NS
P09110,ACAA1,Interaction,never_sig,NS
P09211,GSTP1,Interaction,never_sig,NS
P09382,LGALS1,Interaction,never_sig,NS
P09417,QDPR,Interaction,never_sig,NS
P09429,HMGB1,Interaction,never_sig,NS
P09467,FBP1,Interaction,never_sig,NS
P09488,GSTM1,Interaction,never_sig,NS
P09493,TPM1,Interaction,never_sig,NS
P09497,CLTB,Interaction,never_sig,NS
P09525,ANXA4,Interaction,never_sig,NS
P09601,HMOX1,Interaction,never_sig,NS
P09622,DLD,Interaction,never_sig,NS
P09651,HNRNPA1,Interaction,never_sig,NS
P09669,COX6C,Interaction,never_sig,NS
P09874,PARP1,Interaction,never_sig,NS
P09913,IFIT2,Interaction,never_sig,NS
P09936,UCHL1,Interaction,never_sig,NS
P09960,LTA4H,Interaction,never_sig,NS
P09972,ALDOC,Interaction,never_sig,NS
P0CW19,LIMS3,Interaction,never_sig,NS
P0DMV8,HSPA1A,Interaction,never_sig,NS
P0DOY2,IGLC2,Interaction,never_sig,NS
P0DOY3,IGLC3,Interaction,never_sig,NS
P0DP23,CALM1,Interaction,never_sig,NS
P10109,FDX1,Interaction,never_sig,NS
P10176,COX8A,Interaction,never_sig,NS
P10253,GAA,Interaction,never_sig,NS
P10301,RRAS,Interaction,never_sig,NS
P10398,ARAF,Interaction,never_sig,NS
P10515,DLAT,Interaction,never_sig,NS
P10599,TXN,Interaction,never_sig,NS
P10606,COX5B,Interaction,never_sig,NS
P10636,MAPT,Interaction,never_sig,NS
P10644,PRKAR1A,Interaction,never_sig,NS
P10768,ESD,Interaction,never_sig,NS
P10809,HSPD1,Interaction,never_sig,NS
P10828,THRB,Interaction,never_sig,NS
P10909,CLU,Interaction,never_sig,NS
P10916,MYL2,Interaction,never_sig,NS
P11021,HSPA5,Interaction,never_sig,NS
P11047,LAMC1,Interaction,never_sig,NS
P11055,MYH3,Interaction,never_sig,NS
P11142,HSPA8,Interaction,never_sig,NS
P11171,EPB41,Interaction,never_sig,NS
P11177,PDHB,Interaction,never_sig,NS
P11182,DBT,Interaction,never_sig,NS
P11216,PYGB,Interaction,never_sig,NS
P11217,PYGM,Interaction,never_sig,NS
P11233,RALA,Interaction,never_sig,NS
P11277,SPTB,Interaction,never_sig,NS
P11279,LAMP1,Interaction,never_sig,NS
P11310,ACADM,Interaction,never_sig,NS
P11441,UBL4A,Interaction,never_sig,NS
P11532,DMD,Interaction,never_sig,NS
P11586,MTHFD1,Interaction,never_sig,NS
P11766,ADH5,Interaction,never_sig,NS
P11940,PABPC1,Interaction,never_sig,NS
P12081,HARS1,Interaction,never_sig,NS
P12109,COL6A1,Interaction,never_sig,NS
P12110,COL6A2,Interaction,never_sig,NS
P12111,COL6A3,Interaction,never_sig,NS
P12235,SLC25A4,Interaction,never_sig,NS
P12236,SLC25A6,Interaction,never_sig,NS
P12268,IMPDH2,Interaction,never_sig,NS
P12277,CKB,Interaction,never_sig,NS
P12429,ANXA3,Interaction,never_sig,NS
P12694,BCKDHA,Interaction,never_sig,NS
P12814,ACTN1,Interaction,never_sig,NS
P12882,MYH1,Interaction,never_sig,NS
P12883,MYH7,Interaction,never_sig,NS
P12955,PEPD,Interaction,never_sig,NS
P12956,XRCC6,Interaction,never_sig,NS
P13010,XRCC5,Interaction,never_sig,NS
P13073,COX4I1,Interaction,never_sig,NS
P13164,IFITM1,Interaction,never_sig,NS
P13473,LAMP2,Interaction,never_sig,NS
P13489,RNH1,Interaction,never_sig,NS
P13535,MYH8,Interaction,never_sig,NS
P13611,VCAN,Interaction,never_sig,NS
P13639,EEF2,Interaction,never_sig,NS
P13645,KRT10,Interaction,never_sig,NS
P13647,KRT5,Interaction,never_sig,NS
P13667,PDIA4,Interaction,never_sig,NS
P13693,TPT1,Interaction,never_sig,NS
P13716,ALAD,Interaction,never_sig,NS
P13796,LCP1,Interaction,never_sig,NS
P13797,PLS3,Interaction,never_sig,NS
P13798,APEH,Interaction,never_sig,NS
P13804,ETFA,Interaction,never_sig,NS
P13805,TNNT1,Interaction,never_sig,NS
P13807,GYS1,Interaction,never_sig,NS
P13861,PRKAR2A,Interaction,never_sig,NS
P13929,ENO3,Interaction,never_sig,NS
P13987,CD59,Interaction,never_sig,NS
P14174,MIF,Interaction,never_sig,NS
P14209,CD99,Interaction,never_sig,NS
P14314,PRKCSH,Interaction,never_sig,NS
P14324,FDPS,Interaction,never_sig,NS
P14406,COX7A2,Interaction,never_sig,NS
P14543,NID1,Interaction,never_sig,NS
P14550,AKR1A1,Interaction,never_sig,NS
P14618,PKM,Interaction,never_sig,NS
P14621,ACYP2,Interaction,never_sig,NS
P14625,HSP90B1,Interaction,never_sig,NS
P14649,MYL6B,Interaction,never_sig,NS
P14672,SLC2A4,Interaction,never_sig,NS
P14735,IDE,Interaction,never_sig,NS
P14854,COX6B1,Interaction,never_sig,NS
P14866,HNRNPL,Interaction,never_sig,NS
P14868,DARS1,Interaction,never_sig,NS
P14923,JUP,Interaction,never_sig,NS
P14927,UQCRB,Interaction,never_sig,NS
P15088,CPA3,Interaction,never_sig,NS
P15090,FABP4,Interaction,never_sig,NS
P15104,GLUL,Interaction,never_sig,NS
P15121,AKR1B1,Interaction,never_sig,NS
P15170,GSPT1,Interaction,never_sig,NS
P15259,PGAM2,Interaction,never_sig,NS
P15311,EZR,Interaction,never_sig,NS
P15374,UCHL3,Interaction,never_sig,NS
P15531,NME1,Interaction,never_sig,NS
P15880,RPS2,Interaction,never_sig,NS
P15927,RPA2,Interaction,never_sig,NS
P15954,COX7C,Interaction,never_sig,NS
P16083,NQO2,Interaction,never_sig,NS
P16118,PFKFB1,Interaction,never_sig,NS
P16152,CBR1,Interaction,never_sig,NS
P16157,ANK1,Interaction,never_sig,NS
P16219,ACADS,Interaction,never_sig,NS
P16298,PPP3CB,Interaction,never_sig,NS
P16615,ATP2A2,Interaction,never_sig,NS
P16671,CD36,Interaction,never_sig,NS
P16930,FAH,Interaction,never_sig,NS
P16989,YBX3,Interaction,never_sig,NS
P17152,TMEM11,Interaction,never_sig,NS
P17174,GOT1,Interaction,never_sig,NS
P17540,CKMT2,Interaction,never_sig,NS
P17568,NDUFB7,Interaction,never_sig,NS
P17612,PRKACA,Interaction,never_sig,NS
P17655,CAPN2,Interaction,never_sig,NS
P17661,DES,Interaction,never_sig,NS
P17858,PFKL,Interaction,never_sig,NS
P17931,LGALS3,Interaction,never_sig,NS
P17948,FLT1,Interaction,never_sig,NS
P17980,PSMC3,Interaction,never_sig,NS
P17987,TCP1,Interaction,never_sig,NS
P18077,RPL35A,Interaction,never_sig,NS
P18085,ARF4,Interaction,never_sig,NS
P18124,RPL7,Interaction,never_sig,NS
P18206,VCL,Interaction,never_sig,NS
P18621,RPL17,Interaction,never_sig,NS
P18669,PGAM1,Interaction,never_sig,NS
P18859,ATP5PF,Interaction,never_sig,NS
P19075,TSPAN8,Interaction,never_sig,NS
P19237,TNNI1,Interaction,never_sig,NS
P19338,NCL,Interaction,never_sig,NS
P19367,HK1,Interaction,never_sig,NS
P19404,NDUFV2,Interaction,never_sig,NS
P19623,SRM,Interaction,never_sig,NS
P19971,TYMP,Interaction,never_sig,NS
P20020,ATP2B1,Interaction,never_sig,NS
P20042,EIF2S2,Interaction,never_sig,NS
P20073,ANXA7,Interaction,never_sig,NS
P20231,TPSB2,Interaction,never_sig,NS
P20290,BTF3,Interaction,never_sig,NS
P20340,RAB6A,Interaction,never_sig,NS
P20472,PVALB,Interaction,never_sig,NS
P20618,PSMB1,Interaction,never_sig,NS
P20674,COX5A,Interaction,never_sig,NS
P20807,CAPN3,Interaction,never_sig,NS
P20810,CAST,Interaction,never_sig,NS
P20929,NEB,Interaction,never_sig,NS
P20962,PTMS,Interaction,never_sig,NS
P21266,GSTM3,Interaction,never_sig,NS
P21281,ATP6V1B2,Interaction,never_sig,NS
P21291,CSRP1,Interaction,never_sig,NS
P21333,FLNA,Interaction,never_sig,NS
P21397,MAOA,Interaction,never_sig,NS
P21399,ACO1,Interaction,never_sig,NS
P21695,GPD1,Interaction,never_sig,NS
P21796,VDAC1,Interaction,never_sig,NS
P21810,BGN,Interaction,never_sig,NS
P21817,RYR1,Interaction,never_sig,NS
P21912,SDHB,Interaction,never_sig,NS
P21964,COMT,Interaction,never_sig,NS
P21980,TGM2,Interaction,never_sig,NS
P22033,MMUT,Interaction,never_sig,NS
P22059,OSBP,Interaction,never_sig,NS
P22061,PCMT1,Interaction,never_sig,NS
P22102,GART,Interaction,never_sig,NS
P22234,PAICS,Interaction,never_sig,NS
P22307,SCP2,Interaction,never_sig,NS
P22314,UBA1,Interaction,never_sig,NS
P22352,GPX3,Interaction,never_sig,NS
P22392,NME2,Interaction,never_sig,NS
P22570,FDXR,Interaction,never_sig,NS
P22626,HNRNPA2B1,Interaction,never_sig,NS
P22695,UQCRC2,Interaction,never_sig,NS
P22830,FECH,Interaction,never_sig,NS
P23109,AMPD1,Interaction,never_sig,NS
P23142,FBLN1,Interaction,never_sig,NS
P23246,SFPQ,Interaction,never_sig,NS
P23284,PPIB,Interaction,never_sig,NS
P23297,S100A1,Interaction,never_sig,NS
P23327,HRC,Interaction,never_sig,NS
P23368,ME2,Interaction,never_sig,NS
P23381,WARS1,Interaction,never_sig,NS
P23396,RPS3,Interaction,never_sig,NS
P23434,GCSH,Interaction,never_sig,NS
P23526,AHCY,Interaction,never_sig,NS
P23528,CFL1,Interaction,never_sig,NS
P23588,EIF4B,Interaction,never_sig,NS
P23634,ATP2B4,Interaction,never_sig,NS
P23786,CPT2,Interaction,never_sig,NS
P24043,LAMA2,Interaction,never_sig,NS
P24298,GPT,Interaction,never_sig,NS
P24310,COX7A1,Interaction,never_sig,NS
P24311,COX7B,Interaction,never_sig,NS
P24534,EEF1B2,Interaction,never_sig,NS
P24539,ATP5PB,Interaction,never_sig,NS
P24666,ACP1,Interaction,never_sig,NS
P24752,ACAT1,Interaction,never_sig,NS
P24844,MYL9,Interaction,never_sig,NS
P25311,AZGP1,Interaction,never_sig,NS
P25325,MPST,Interaction,never_sig,NS
P25398,RPS12,Interaction,never_sig,NS
P25686,DNAJB2,Interaction,never_sig,NS
P25705,ATP5F1A,Interaction,never_sig,NS
P25786,PSMA1,Interaction,never_sig,NS
P25787,PSMA2,Interaction,never_sig,NS
P25788,PSMA3,Interaction,never_sig,NS
P25789,PSMA4,Interaction,never_sig,NS
P26038,MSN,Interaction,never_sig,NS
P26196,DDX6,Interaction,never_sig,NS
P26368,U2AF2,Interaction,never_sig,NS
P26373,RPL13,Interaction,never_sig,NS
P26440,IVD,Interaction,never_sig,NS
P26447,S100A4,Interaction,never_sig,NS
P26583,HMGB2,Interaction,never_sig,NS
P26639,TARS1,Interaction,never_sig,NS
P26640,VARS1,Interaction,never_sig,NS
P26641,EEF1G,Interaction,never_sig,NS
P26678,PLN,Interaction,never_sig,NS
P26885,FKBP2,Interaction,never_sig,NS
P27105,STOM,Interaction,never_sig,NS
P27338,MAOB,Interaction,never_sig,NS
P27348,YWHAQ,Interaction,never_sig,NS
P27361,MAPK3,Interaction,never_sig,NS
P27635,RPL10,Interaction,never_sig,NS
P27694,RPA1,Interaction,never_sig,NS
P27695,APEX1,Interaction,never_sig,NS
P27797,CALR,Interaction,never_sig,NS
P27816,MAP4,Interaction,never_sig,NS
P27824,CANX,Interaction,never_sig,NS
P28066,PSMA5,Interaction,never_sig,NS
P28070,PSMB4,Interaction,never_sig,NS
P28072,PSMB6,Interaction,never_sig,NS
P28074,PSMB5,Interaction,never_sig,NS
P28161,GSTM2,Interaction,never_sig,NS
P28289,TMOD1,Interaction,never_sig,NS
P28331,NDUFS1,Interaction,never_sig,NS
P28482,MAPK1,Interaction,never_sig,NS
P28749,RBL1,Interaction,never_sig,NS
P28838,LAP3,Interaction,never_sig,NS
P28907,CD38,Interaction,never_sig,NS
P29144,TPP2,Interaction,never_sig,NS
P29218,IMPA1,Interaction,never_sig,NS
P29317,EPHA2,Interaction,never_sig,NS
P29401,TKT,Interaction,never_sig,NS
P29692,EEF1D,Interaction,never_sig,NS
P29966,MARCKS,Interaction,never_sig,NS
P29992,GNA11,Interaction,never_sig,NS
P30038,ALDH4A1,Interaction,never_sig,NS
P30040,ERP29,Interaction,never_sig,NS
P30041,PRDX6,Interaction,never_sig,NS
P30043,BLVRB,Interaction,never_sig,NS
P30044,PRDX5,Interaction,never_sig,NS
P30046,DDT,Interaction,never_sig,NS
P30048,PRDX3,Interaction,never_sig,NS
P30049,ATP5F1D,Interaction,never_sig,NS
P30050,RPL12,Interaction,never_sig,NS
P30084,ECHS1,Interaction,never_sig,NS
P30085,CMPK1,Interaction,never_sig,NS
P30086,PEBP1,Interaction,never_sig,NS
P30101,PDIA3,Interaction,never_sig,NS
P30153,PPP2R1A,Interaction,never_sig,NS
P30405,PPIF,Interaction,never_sig,NS
P30419,NMT1,Interaction,never_sig,NS
P30520,ADSS2,Interaction,never_sig,NS
P30533,LRPAP1,Interaction,never_sig,NS
P30536,TSPO,Interaction,never_sig,NS
P30566,ADSL,Interaction,never_sig,NS
P30622,CLIP1,Interaction,never_sig,NS
P30626,SRI,Interaction,never_sig,NS
P30740,SERPINB1,Interaction,never_sig,NS
P30837,ALDH1B1,Interaction,never_sig,NS
P31040,SDHA,Interaction,never_sig,NS
P31150,GDI1,Interaction,never_sig,NS
P31153,MAT2A,Interaction,never_sig,NS
P31415,CASQ1,Interaction,never_sig,NS
P31689,DNAJA1,Interaction,never_sig,NS
P31751,AKT2,Interaction,never_sig,NS
P31930,UQCRC1,Interaction,never_sig,NS
P31937,HIBADH,Interaction,never_sig,NS
P31939,ATIC,Interaction,never_sig,NS
P31942,HNRNPH3,Interaction,never_sig,NS
P31943,HNRNPH1,Interaction,never_sig,NS
P31946,YWHAB,Interaction,never_sig,NS
P31948,STIP1,Interaction,never_sig,NS
P31949,S100A11,Interaction,never_sig,NS
P32119,PRDX2,Interaction,never_sig,NS
P32456,GBP2,Interaction,never_sig,NS
P33121,ACSL1,Interaction,never_sig,NS
P33176,KIF5B,Interaction,never_sig,NS
P33992,MCM5,Interaction,never_sig,NS
P34896,SHMT1,Interaction,never_sig,NS
P34897,SHMT2,Interaction,never_sig,NS
P34932,HSPA4,Interaction,never_sig,NS
P34949,MPI,Interaction,never_sig,NS
P35052,GPC1,Interaction,never_sig,NS
P35080,PFN2,Interaction,never_sig,NS
P35221,CTNNA1,Interaction,never_sig,NS
P35237,SERPINB6,Interaction,never_sig,NS
P35241,RDX,Interaction,never_sig,NS
P35244,RPA3,Interaction,never_sig,NS
P35268,RPL22,Interaction,never_sig,NS
P35270,SPR,Interaction,never_sig,NS
P35443,THBS4,Interaction,never_sig,NS
P35555,FBN1,Interaction,never_sig,NS
P35573,AGL,Interaction,never_sig,NS
P35579,MYH9,Interaction,never_sig,NS
P35606,COPB2,Interaction,never_sig,NS
P35609,ACTN2,Interaction,never_sig,NS
P35611,ADD1,Interaction,never_sig,NS
P35613,BSG,Interaction,never_sig,NS
P35637,FUS,Interaction,never_sig,NS
P35659,DEK,Interaction,never_sig,NS
P35749,MYH11,Interaction,never_sig,NS
P35754,GLRX,Interaction,never_sig,NS
P35813,PPM1A,Interaction,never_sig,NS
P35908,KRT2,Interaction,never_sig,NS
P35914,HMGCL,Interaction,never_sig,NS
P35998,PSMC2,Interaction,never_sig,NS
P36405,ARL3,Interaction,never_sig,NS
P36507,MAP2K2,Interaction,never_sig,NS
P36542,ATP5F1C,Interaction,never_sig,NS
P36543,ATP6V1E1,Interaction,never_sig,NS
P36578,RPL4,Interaction,never_sig,NS
P36776,LONP1,Interaction,never_sig,NS
P36871,PGM1,Interaction,never_sig,NS
P36873,PPP1CC,Interaction,never_sig,NS
P36955,SERPINF1,Interaction,never_sig,NS
P36957,DLST,Interaction,never_sig,NS
P36959,GMPR,Interaction,never_sig,NS
P36969,GPX4,Interaction,never_sig,NS
P37108,SRP14,Interaction,never_sig,NS
P37802,TAGLN2,Interaction,never_sig,NS
P37837,TALDO1,Interaction,never_sig,NS
P37840,SNCA,Interaction,never_sig,NS
P38117,ETFB,Interaction,never_sig,NS
P38606,ATP6V1A,Interaction,never_sig,NS
P38646,HSPA9,Interaction,never_sig,NS
P39019,RPS19,Interaction,never_sig,NS
P39023,RPL3,Interaction,never_sig,NS
P39059,COL15A1,Interaction,never_sig,NS
P39060,COL18A1,Interaction,never_sig,NS
P39656,DDOST,Interaction,never_sig,NS
P39687,ANP32A,Interaction,never_sig,NS
P40121,CAPG,Interaction,never_sig,NS
P40123,CAP2,Interaction,never_sig,NS
P40227,CCT6A,Interaction,never_sig,NS
P40429,RPL13A,Interaction,never_sig,NS
P40763,STAT3,Interaction,never_sig,NS
P40925,MDH1,Interaction,never_sig,NS
P40926,MDH2,Interaction,never_sig,NS
P40939,HADHA,Interaction,never_sig,NS
P41091,EIF2S3,Interaction,never_sig,NS
P41227,NAA10,Interaction,never_sig,NS
P41236,PPP1R2,Interaction,never_sig,NS
P41250,GARS1,Interaction,never_sig,NS
P41252,IARS1,Interaction,never_sig,NS
P41567,EIF1,Interaction,never_sig,NS
P42126,ECI1,Interaction,never_sig,NS
P42167,TMPO,Interaction,never_sig,NS
P42330,AKR1C3,Interaction,never_sig,NS
P42677,RPS27,Interaction,never_sig,NS
P42704,LRPPRC,Interaction,never_sig,NS
P42765,ACAA2,Interaction,never_sig,NS
P42766,RPL35,Interaction,never_sig,NS
P43007,SLC1A4,Interaction,never_sig,NS
P43034,PAFAH1B1,Interaction,never_sig,NS
P43155,CRAT,Interaction,never_sig,NS
P43304,GPD2,Interaction,never_sig,NS
P43490,NAMPT,Interaction,never_sig,NS
P43686,PSMC4,Interaction,never_sig,NS
P43897,TSFM,Interaction,never_sig,NS
P45378,TNNT3,Interaction,never_sig,NS
P45381,ASPA,Interaction,never_sig,NS
P45877,PPIC,Interaction,never_sig,NS
P45880,VDAC2,Interaction,never_sig,NS
P45954,ACADSB,Interaction,never_sig,NS
P45974,USP5,Interaction,never_sig,NS
P45985,MAP2K4,Interaction,never_sig,NS
P46019,PHKA2,Interaction,never_sig,NS
P46020,PHKA1,Interaction,never_sig,NS
P46109,CRKL,Interaction,never_sig,NS
P46199,MTIF2,Interaction,never_sig,NS
P46379,BAG6,Interaction,never_sig,NS
P46459,NSF,Interaction,never_sig,NS
P46734,MAP2K3,Interaction,never_sig,NS
P46776,RPL27A,Interaction,never_sig,NS
P46777,RPL5,Interaction,never_sig,NS
P46779,RPL28,Interaction,never_sig,NS
P46781,RPS9,Interaction,never_sig,NS
P46782,RPS5,Interaction,never_sig,NS
P46783,RPS10,Interaction,never_sig,NS
P46926,GNPDA1,Interaction,never_sig,NS
P46939,UTRN,Interaction,never_sig,NS
P46940,IQGAP1,Interaction,never_sig,NS
P46976,GYG1,Interaction,never_sig,NS
P46977,STT3A,Interaction,never_sig,NS
P47755,CAPZA2,Interaction,never_sig,NS
P47756,CAPZB,Interaction,never_sig,NS
P47813,EIF1AX,Interaction,never_sig,NS
P47897,QARS1,Interaction,never_sig,NS
P47914,RPL29,Interaction,never_sig,NS
P47985,UQCRFS1,Interaction,never_sig,NS
P48047,ATP5PO,Interaction,never_sig,NS
P48059,LIMS1,Interaction,never_sig,NS
P48147,PREP,Interaction,never_sig,NS
P48163,ME1,Interaction,never_sig,NS
P48426,PIP4K2A,Interaction,never_sig,NS
P48444,ARCN1,Interaction,never_sig,NS
P48449,LSS,Interaction,never_sig,NS
P48507,GCLM,Interaction,never_sig,NS
P48509,CD151,Interaction,never_sig,NS
P48556,PSMD8,Interaction,never_sig,NS
P48637,GSS,Interaction,never_sig,NS
P48643,CCT5,Interaction,never_sig,NS
P48681,NES,Interaction,never_sig,NS
P48735,IDH2,Interaction,never_sig,NS
P48788,TNNI2,Interaction,never_sig,NS
P49023,PXN,Interaction,never_sig,NS
P49189,ALDH9A1,Interaction,never_sig,NS
P49207,RPL34,Interaction,never_sig,NS
P49257,LMAN1,Interaction,never_sig,NS
P49354,FNTA,Interaction,never_sig,NS
P49368,CCT3,Interaction,never_sig,NS
P49406,MRPL19,Interaction,never_sig,NS
P49411,TUFM,Interaction,never_sig,NS
P49419,ALDH7A1,Interaction,never_sig,NS
P49427,CDC34,Interaction,never_sig,NS
P49585,PCYT1A,Interaction,never_sig,NS
P49588,AARS1,Interaction,never_sig,NS
P49589,CARS1,Interaction,never_sig,NS
P49591,SARS1,Interaction,never_sig,NS
P49720,PSMB3,Interaction,never_sig,NS
P49721,PSMB2,Interaction,never_sig,NS
P49748,ACADVL,Interaction,never_sig,NS
P49753,ACOT2,Interaction,never_sig,NS
P49755,TMED10,Interaction,never_sig,NS
P49773,HINT1,Interaction,never_sig,NS
P49821,NDUFV1,Interaction,never_sig,NS
P49840,GSK3A,Interaction,never_sig,NS
P49841,GSK3B,Interaction,never_sig,NS
P50213,IDH3A,Interaction,never_sig,NS
P50225,SULT1A1,Interaction,never_sig,NS
P50395,GDI2,Interaction,never_sig,NS
P50402,EMD,Interaction,never_sig,NS
P50416,CPT1A,Interaction,never_sig,NS
P50454,SERPINH1,Interaction,never_sig,NS
P50461,CSRP3,Interaction,never_sig,NS
P50502,ST13,Interaction,never_sig,NS
P50570,DNM2,Interaction,never_sig,NS
P50579,METAP2,Interaction,never_sig,NS
P50583,NUDT2,Interaction,never_sig,NS
P50851,LRBA,Interaction,never_sig,NS
P50895,BCAM,Interaction,never_sig,NS
P50914,RPL14,Interaction,never_sig,NS
P50990,CCT8,Interaction,never_sig,NS
P50991,CCT4,Interaction,never_sig,NS
P50993,ATP1A2,Interaction,never_sig,NS
P50995,ANXA11,Interaction,never_sig,NS
P51114,FXR1,Interaction,never_sig,NS
P51148,RAB5C,Interaction,never_sig,NS
P51149,RAB7A,Interaction,never_sig,NS
P51452,DUSP3,Interaction,never_sig,NS
P51553,IDH3G,Interaction,never_sig,NS
P51570,GALK1,Interaction,never_sig,NS
P51571,SSR4,Interaction,never_sig,NS
P51572,BCAP31,Interaction,never_sig,NS
P51608,MECP2,Interaction,never_sig,NS
P51636,CAV2,Interaction,never_sig,NS
P51648,ALDH3A2,Interaction,never_sig,NS
P51649,ALDH5A1,Interaction,never_sig,NS
P51659,HSD17B4,Interaction,never_sig,NS
P51665,PSMD7,Interaction,never_sig,NS
P51668,UBE2D1,Interaction,never_sig,NS
P51687,SUOX,Interaction,never_sig,NS
P51692,STAT5B,Interaction,never_sig,NS
P51812,RPS6KA3,Interaction,never_sig,NS
P51858,HDGF,Interaction,never_sig,NS
P51884,LUM,Interaction,never_sig,NS
P51888,PRELP,Interaction,never_sig,NS
P51970,NDUFA8,Interaction,never_sig,NS
P51991,HNRNPA3,Interaction,never_sig,NS
P52179,MYOM1,Interaction,never_sig,NS
P52209,PGD,Interaction,never_sig,NS
P52272,HNRNPM,Interaction,never_sig,NS
P52294,KPNA1,Interaction,never_sig,NS
P52564,MAP2K6,Interaction,never_sig,NS
P52565,ARHGDIA,Interaction,never_sig,NS
P52566,ARHGDIB,Interaction,never_sig,NS
P52758,RIDA,Interaction,never_sig,NS
P52815,MRPL12,Interaction,never_sig,NS
P52888,THOP1,Interaction,never_sig,NS
P52895,AKR1C2,Interaction,never_sig,NS
P52907,CAPZA1,Interaction,never_sig,NS
P52943,CRIP2,Interaction,never_sig,NS
P53004,BLVRA,Interaction,never_sig,NS
P53041,PPP5C,Interaction,never_sig,NS
P53384,NUBP1,Interaction,never_sig,NS
P53597,SUCLG1,Interaction,never_sig,NS
P53621,COPA,Interaction,never_sig,NS
P53701,HCCS,Interaction,never_sig,NS
P53778,MAPK12,Interaction,never_sig,NS
P53814,SMTN,Interaction,never_sig,NS
P53985,SLC16A1,Interaction,never_sig,NS
P53990,IST1,Interaction,never_sig,NS
P53992,SEC24C,Interaction,never_sig,NS
P53999,SUB1,Interaction,never_sig,NS
P54136,RARS1,Interaction,never_sig,NS
P54284,CACNB3,Interaction,never_sig,NS
P54289,CACNA2D1,Interaction,never_sig,NS
P54296,MYOM2,Interaction,never_sig,NS
P54577,YARS1,Interaction,never_sig,NS
P54578,USP14,Interaction,never_sig,NS
P54619,PRKAG1,Interaction,never_sig,NS
P54646,PRKAA2,Interaction,never_sig,NS
P54652,HSPA2,Interaction,never_sig,NS
P54725,RAD23A,Interaction,never_sig,NS
P54727,RAD23B,Interaction,never_sig,NS
P54819,AK2,Interaction,never_sig,NS
P54920,NAPA,Interaction,never_sig,NS
P55010,EIF5,Interaction,never_sig,NS
P55036,PSMD4,Interaction,never_sig,NS
P55039,DRG2,Interaction,never_sig,NS
P55042,RRAD,Interaction,never_sig,NS
P55060,CSE1L,Interaction,never_sig,NS
P55072,VCP,Interaction,never_sig,NS
P55084,HADHB,Interaction,never_sig,NS
P55209,NAP1L1,Interaction,never_sig,NS
P55263,ADK,Interaction,never_sig,NS
P55268,LAMB2,Interaction,never_sig,NS
P55290,CDH13,Interaction,never_sig,NS
P55735,SEC13,Interaction,never_sig,NS
P55769,SNU13,Interaction,never_sig,NS
P55786,NPEPPS,Interaction,never_sig,NS
P55795,HNRNPH2,Interaction,never_sig,NS
P55809,OXCT1,Interaction,never_sig,NS
P55822,SH3BGR,Interaction,never_sig,NS
P55884,EIF3B,Interaction,never_sig,NS
P56134,ATP5MF,Interaction,never_sig,NS
P56181,NDUFV3,Interaction,never_sig,NS
P56192,MARS1,Interaction,never_sig,NS
P56211,ARPP19,Interaction,never_sig,NS
P56381,ATP5F1E,Interaction,never_sig,NS
P56385,ATP5ME,Interaction,never_sig,NS
P56537,EIF6,Interaction,never_sig,NS
P56556,NDUFA6,Interaction,never_sig,NS
P57105,SYNJ2BP,Interaction,never_sig,NS
P57772,EEFSEC,Interaction,never_sig,NS
P58546,MTPN,Interaction,never_sig,NS
P59666,DEFA3,Interaction,never_sig,NS
P59998,ARPC4,Interaction,never_sig,NS
P60033,CD81,Interaction,never_sig,NS
P60174,TPI1,Interaction,never_sig,NS
P60228,EIF3E,Interaction,never_sig,NS
P60468,SEC61B,Interaction,never_sig,NS
P60520,GABARAPL2,Interaction,never_sig,NS
P60602,ROMO1,Interaction,never_sig,NS
P60660,MYL6,Interaction,never_sig,NS
P60709,ACTB,Interaction,never_sig,NS
P60842,EIF4A1,Interaction,never_sig,NS
P60866,RPS20,Interaction,never_sig,NS
P60891,PRPS1,Interaction,never_sig,NS
P60900,PSMA6,Interaction,never_sig,NS
P60903,S100A10,Interaction,never_sig,NS
P60953,CDC42,Interaction,never_sig,NS
P60981,DSTN,Interaction,never_sig,NS
P61019,RAB2A,Interaction,never_sig,NS
P61020,RAB5B,Interaction,never_sig,NS
P61026,RAB10,Interaction,never_sig,NS
P61077,UBE2D3,Interaction,never_sig,NS
P61081,UBE2M,Interaction,never_sig,NS
P61086,UBE2K,Interaction,never_sig,NS
P61088,UBE2N,Interaction,never_sig,NS
P61106,RAB14,Interaction,never_sig,NS
P61158,ACTR3,Interaction,never_sig,NS
P61160,ACTR2,Interaction,never_sig,NS
P61163,ACTR1A,Interaction,never_sig,NS
P61201,COPS2,Interaction,never_sig,NS
P61221,ABCE1,Interaction,never_sig,NS
P61224,RAP1B,Interaction,never_sig,NS
P61247,RPS3A,Interaction,never_sig,NS
P61254,RPL26,Interaction,never_sig,NS
P61313,RPL15,Interaction,never_sig,NS
P61457,PCBD1,Interaction,never_sig,NS
P61513,RPL37A,Interaction,never_sig,NS
P61586,RHOA,Interaction,never_sig,NS
P61604,HSPE1,Interaction,never_sig,NS
P61619,SEC61A1,Interaction,never_sig,NS
P61758,VBP1,Interaction,never_sig,NS
P61769,B2M,Interaction,never_sig,NS
P61803,DAD1,Interaction,never_sig,NS
P61916,NPC2,Interaction,never_sig,NS
P61925,PKIA,Interaction,never_sig,NS
P61956,SUMO2,Interaction,never_sig,NS
P61960,UFM1,Interaction,never_sig,NS
P61970,NUTF2,Interaction,never_sig,NS
P61978,HNRNPK,Interaction,never_sig,NS
P61981,YWHAG,Interaction,never_sig,NS
P62070,RRAS2,Interaction,never_sig,NS
P62072,TIMM10,Interaction,never_sig,NS
P62081,RPS7,Interaction,never_sig,NS
P62136,PPP1CA,Interaction,never_sig,NS
P62140,PPP1CB,Interaction,never_sig,NS
P62191,PSMC1,Interaction,never_sig,NS
P62195,PSMC5,Interaction,never_sig,NS
P62241,RPS8,Interaction,never_sig,NS
P62244,RPS15A,Interaction,never_sig,NS
P62249,RPS16,Interaction,never_sig,NS
P62253,UBE2G1,Interaction,never_sig,NS
P62258,YWHAE,Interaction,never_sig,NS
P62263,RPS14,Interaction,never_sig,NS
P62266,RPS23,Interaction,never_sig,NS
P62269,RPS18,Interaction,never_sig,NS
P62277,RPS13,Interaction,never_sig,NS
P62280,RPS11,Interaction,never_sig,NS
P62316,SNRPD2,Interaction,never_sig,NS
P62318,SNRPD3,Interaction,never_sig,NS
P62328,TMSB4X,Interaction,never_sig,NS
P62333,PSMC6,Interaction,never_sig,NS
P62424,RPL7A,Interaction,never_sig,NS
P62495,ETF1,Interaction,never_sig,NS
P62633,CNBP,Interaction,never_sig,NS
P62701,RPS4X,Interaction,never_sig,NS
P62750,RPL23A,Interaction,never_sig,NS
P62753,RPS6,Interaction,never_sig,NS
P62807,H2BC4,Interaction,never_sig,NS
P62820,RAB1A,Interaction,never_sig,NS
P62826,RAN,Interaction,never_sig,NS
P62829,RPL23,Interaction,never_sig,NS
P62834,RAP1A,Interaction,never_sig,NS
P62841,RPS15,Interaction,never_sig,NS
P62847,RPS24,Interaction,never_sig,NS
P62851,RPS25,Interaction,never_sig,NS
P62854,RPS26,Interaction,never_sig,NS
P62857,RPS28,Interaction,never_sig,NS
P62873,GNB1,Interaction,never_sig,NS
P62879,GNB2,Interaction,never_sig,NS
P62888,RPL30,Interaction,never_sig,NS
P62899,RPL31,Interaction,never_sig,NS
P62906,RPL10A,Interaction,never_sig,NS
P62910,RPL32,Interaction,never_sig,NS
P62913,RPL11,Interaction,never_sig,NS
P62917,RPL8,Interaction,never_sig,NS
P62937,PPIA,Interaction,never_sig,NS
P62942,FKBP1A,Interaction,never_sig,NS
P62979,RPS27A,Interaction,never_sig,NS
P62993,GRB2,Interaction,never_sig,NS
P63000,RAC1,Interaction,never_sig,NS
P63010,AP2B1,Interaction,never_sig,NS
P63027,VAMP2,Interaction,never_sig,NS
P63098,PPP3R1,Interaction,never_sig,NS
P63104,YWHAZ,Interaction,never_sig,NS
P63146,UBE2B,Interaction,never_sig,NS
P63151,PPP2R2A,Interaction,never_sig,NS
P63167,DYNLL1,Interaction,never_sig,NS
P63172,DYNLT1,Interaction,never_sig,NS
P63173,RPL38,Interaction,never_sig,NS
P63208,SKP1,Interaction,never_sig,NS
P63220,RPS21,Interaction,never_sig,NS
P63241,EIF5A,Interaction,never_sig,NS
P63244,RACK1,Interaction,never_sig,NS
P63279,UBE2I,Interaction,never_sig,NS
P63302,SELENOW,Interaction,never_sig,NS
P63316,TNNC1,Interaction,never_sig,NS
P67775,PPP2CA,Interaction,never_sig,NS
P67809,YBX1,Interaction,never_sig,NS
P67870,CSNK2B,Interaction,never_sig,NS
P67936,TPM4,Interaction,never_sig,NS
P68036,UBE2L3,Interaction,never_sig,NS
P68104,EEF1A1,Interaction,never_sig,NS
P68133,ACTA1,Interaction,never_sig,NS
P68363,TUBA1B,Interaction,never_sig,NS
P68366,TUBA4A,Interaction,never_sig,NS
P68371,TUBB4B,Interaction,never_sig,NS
P68400,CSNK2A1,Interaction,never_sig,NS
P68402,PAFAH1B2,Interaction,never_sig,NS
P68871,HBB,Interaction,never_sig,NS
P69905,HBA1,Interaction,never_sig,NS
P78344,EIF4G2,Interaction,never_sig,NS
P78356,PIP4K2B,Interaction,never_sig,NS
P78371,CCT2,Interaction,never_sig,NS
P78417,GSTO1,Interaction,never_sig,NS
P78527,PRKDC,Interaction,never_sig,NS
P81605,DCD,Interaction,never_sig,NS
P82663,MRPS25,Interaction,never_sig,NS
P82675,MRPS5,Interaction,never_sig,NS
P82909,MRPS36,Interaction,never_sig,NS
P82914,MRPS15,Interaction,never_sig,NS
P82921,MRPS21,Interaction,never_sig,NS
P82979,SARNP,Interaction,never_sig,NS
P83111,LACTB,Interaction,never_sig,NS
P83731,RPL24,Interaction,never_sig,NS
P84077,ARF1,Interaction,never_sig,NS
P84085,ARF5,Interaction,never_sig,NS
P84090,ERH,Interaction,never_sig,NS
P84095,RHOG,Interaction,never_sig,NS
P84098,RPL19,Interaction,never_sig,NS
P84103,SRSF3,Interaction,never_sig,NS
P84157,MXRA7,Interaction,never_sig,NS
P84243,H3-3A,Interaction,never_sig,NS
P98095,FBLN2,Interaction,never_sig,NS
P98160,HSPG2,Interaction,never_sig,NS
P98179,RBM3,Interaction,never_sig,NS
P99999,CYCS,Interaction,never_sig,NS
Q00013,MPP1,Interaction,never_sig,NS
Q00059,TFAM,Interaction,never_sig,NS
Q00169,PITPNA,Interaction,never_sig,NS
Q00325,SLC25A3,Interaction,never_sig,NS
Q00341,HDLBP,Interaction,never_sig,NS
Q00577,PURA,Interaction,never_sig,NS
Q00610,CLTC,Interaction,never_sig,NS
Q00688,FKBP3,Interaction,never_sig,NS
Q00765,REEP5,Interaction,never_sig,NS
Q00796,SORD,Interaction,never_sig,NS
Q00839,HNRNPU,Interaction,never_sig,NS
Q00872,MYBPC1,Interaction,never_sig,NS
Q00G26,PLIN5,Interaction,never_sig,NS
Q01082,SPTBN1,Interaction,never_sig,NS
Q01085,TIAL1,Interaction,never_sig,NS
Q01105,SET,Interaction,never_sig,NS
Q01432,AMPD3,Interaction,never_sig,NS
Q01469,FABP5,Interaction,never_sig,NS
Q01484,ANK2,Interaction,never_sig,NS
Q01518,CAP1,Interaction,never_sig,NS
Q01844,EWSR1,Interaction,never_sig,NS
Q01995,TAGLN,Interaction,never_sig,NS
Q02218,OGDH,Interaction,never_sig,NS
Q02221,COX6A2,Interaction,never_sig,NS
Q02252,ALDH6A1,Interaction,never_sig,NS
Q02338,BDH1,Interaction,never_sig,NS
Q02388,COL7A1,Interaction,never_sig,NS
Q02543,RPL18A,Interaction,never_sig,NS
Q02641,CACNB1,Interaction,never_sig,NS
Q02750,MAP2K1,Interaction,never_sig,NS
Q02790,FKBP4,Interaction,never_sig,NS
Q02878,RPL6,Interaction,never_sig,NS
Q02952,AKAP12,Interaction,never_sig,NS
Q02978,SLC25A11,Interaction,never_sig,NS
Q03135,CAV1,Interaction,never_sig,NS
Q03154,ACY1,Interaction,never_sig,NS
Q03252,LMNB2,Interaction,never_sig,NS
Q04323,UBXN1,Interaction,never_sig,NS
Q04446,GBE1,Interaction,never_sig,NS
Q04637,EIF4G1,Interaction,never_sig,NS
Q04759,PRKCQ,Interaction,never_sig,NS
Q04760,GLO1,Interaction,never_sig,NS
Q04828,AKR1C1,Interaction,never_sig,NS
Q04837,SSBP1,Interaction,never_sig,NS
Q04917,YWHAH,Interaction,never_sig,NS
Q04941,PLP2,Interaction,never_sig,NS
Q05086,UBE3A,Interaction,never_sig,NS
Q05519,SRSF11,Interaction,never_sig,NS
Q05639,EEF1A2,Interaction,never_sig,NS
Q05682,CALD1,Interaction,never_sig,NS
Q05707,COL14A1,Interaction,never_sig,NS
Q06124,PTPN11,Interaction,never_sig,NS
Q06323,PSME1,Interaction,never_sig,NS
Q06432,CACNG1,Interaction,never_sig,NS
Q06730,ZNF33A,Interaction,never_sig,NS
Q06830,PRDX1,Interaction,never_sig,NS
Q07020,RPL18,Interaction,never_sig,NS
Q07021,C1QBP,Interaction,never_sig,NS
Q07065,CKAP4,Interaction,never_sig,NS
Q07507,DPT,Interaction,never_sig,NS
Q07866,KLC1,Interaction,never_sig,NS
Q07955,SRSF1,Interaction,never_sig,NS
Q07960,ARHGAP1,Interaction,never_sig,NS
Q08043,ACTN3,Interaction,never_sig,NS
Q08209,PPP3CA,Interaction,never_sig,NS
Q08211,DHX9,Interaction,never_sig,NS
Q08257,CRYZ,Interaction,never_sig,NS
Q08357,SLC20A2,Interaction,never_sig,NS
Q08623,PUDP,Interaction,never_sig,NS
Q08722,CD47,Interaction,never_sig,NS
Q08752,PPID,Interaction,never_sig,NS
Q09666,AHNAK,Interaction,never_sig,NS
Q0VAK6,LMOD3,Interaction,never_sig,NS
Q0VDF9,HSPA14,Interaction,never_sig,NS
Q0VDG4,SCRN3,Interaction,never_sig,NS
Q0ZGT2,NEXN,Interaction,never_sig,NS
Q10567,AP1B1,Interaction,never_sig,NS
Q10589,BST2,Interaction,never_sig,NS
Q10713,PMPCA,Interaction,never_sig,NS
Q12797,ASPH,Interaction,never_sig,NS
Q12805,EFEMP1,Interaction,never_sig,NS
Q12846,STX4,Interaction,never_sig,NS
Q12849,GRSF1,Interaction,never_sig,NS
Q12904,AIMP1,Interaction,never_sig,NS
Q12906,ILF3,Interaction,never_sig,NS
Q12931,TRAP1,Interaction,never_sig,NS
Q12955,ANK3,Interaction,never_sig,NS
Q12988,HSPB3,Interaction,never_sig,NS
Q13011,ECH1,Interaction,never_sig,NS
Q13033,STRN3,Interaction,never_sig,NS
Q13057,COASY,Interaction,never_sig,NS
Q13061,TRDN,Interaction,never_sig,NS
Q13085,ACACA,Interaction,never_sig,NS
Q13098,GPS1,Interaction,never_sig,NS
Q13126,MTAP,Interaction,never_sig,NS
Q13131,PRKAA1,Interaction,never_sig,NS
Q13148,TARDBP,Interaction,never_sig,NS
Q13153,PAK1,Interaction,never_sig,NS
Q13155,AIMP2,Interaction,never_sig,NS
Q13162,PRDX4,Interaction,never_sig,NS
Q13177,PAK2,Interaction,never_sig,NS
Q13185,CBX3,Interaction,never_sig,NS
Q13200,PSMD2,Interaction,never_sig,NS
Q13203,MYBPH,Interaction,never_sig,NS
Q13228,SELENBP1,Interaction,never_sig,NS
Q13263,TRIM28,Interaction,never_sig,NS
Q13283,G3BP1,Interaction,never_sig,NS
Q13310,PABPC4,Interaction,never_sig,NS
Q13326,SGCG,Interaction,never_sig,NS
Q13347,EIF3I,Interaction,never_sig,NS
Q13363,CTBP1,Interaction,never_sig,NS
Q13404,UBE2V1,Interaction,never_sig,NS
Q13409,DYNC1I2,Interaction,never_sig,NS
Q13418,ILK,Interaction,never_sig,NS
Q13423,NNT,Interaction,never_sig,NS
Q13424,SNTA1,Interaction,never_sig,NS
Q13425,SNTB2,Interaction,never_sig,NS
Q13435,SF3B2,Interaction,never_sig,NS
Q13442,PDAP1,Interaction,never_sig,NS
Q13445,TMED1,Interaction,never_sig,NS
Q13451,FKBP5,Interaction,never_sig,NS
Q13492,PICALM,Interaction,never_sig,NS
Q13496,MTM1,Interaction,never_sig,NS
Q13501,SQSTM1,Interaction,never_sig,NS
Q13505,MTX1,Interaction,never_sig,NS
Q13508,ART3,Interaction,never_sig,NS
Q13510,ASAH1,Interaction,never_sig,NS
Q13526,PIN1,Interaction,never_sig,NS
Q13554,CAMK2B,Interaction,never_sig,NS
Q13555,CAMK2G,Interaction,never_sig,NS
Q13557,CAMK2D,Interaction,never_sig,NS
Q13561,DCTN2,Interaction,never_sig,NS
Q13564,NAE1,Interaction,never_sig,NS
Q13586,STIM1,Interaction,never_sig,NS
Q13616,CUL1,Interaction,never_sig,NS
Q13617,CUL2,Interaction,never_sig,NS
Q13618,CUL3,Interaction,never_sig,NS
Q13619,CUL4A,Interaction,never_sig,NS
Q13642,FHL1,Interaction,never_sig,NS
Q13643,FHL3,Interaction,never_sig,NS
Q13683,ITGA7,Interaction,never_sig,NS
Q13685,AAMP,Interaction,never_sig,NS
Q13698,CACNA1S,Interaction,never_sig,NS
Q13724,MOGS,Interaction,never_sig,NS
Q13813,SPTAN1,Interaction,never_sig,NS
Q13825,AUH,Interaction,never_sig,NS
Q13838,DDX39B,Interaction,never_sig,NS
Q13867,BLMH,Interaction,never_sig,NS
Q13884,SNTB1,Interaction,never_sig,NS
Q13885,TUBB2A,Interaction,never_sig,NS
Q13907,IDI1,Interaction,never_sig,NS
Q13976,PRKG1,Interaction,never_sig,NS
Q14061,COX17,Interaction,never_sig,NS
Q14103,HNRNPD,Interaction,never_sig,NS
Q14108,SCARB2,Interaction,never_sig,NS
Q14112,NID2,Interaction,never_sig,NS
Q14116,IL18,Interaction,never_sig,NS
Q14118,DAG1,Interaction,never_sig,NS
Q14152,EIF3A,Interaction,never_sig,NS
Q14157,UBAP2L,Interaction,never_sig,NS
Q14165,MLEC,Interaction,never_sig,NS
Q14195,DPYSL3,Interaction,never_sig,NS
Q14203,DCTN1,Interaction,never_sig,NS
Q14204,DYNC1H1,Interaction,never_sig,NS
Q14232,EIF2B1,Interaction,never_sig,NS
Q14240,EIF4A2,Interaction,never_sig,NS
Q14247,CTTN,Interaction,never_sig,NS
Q14249,ENDOG,Interaction,never_sig,NS
Q14254,FLOT2,Interaction,never_sig,NS
Q14258,TRIM25,Interaction,never_sig,NS
Q14315,FLNC,Interaction,never_sig,NS
Q14324,MYBPC2,Interaction,never_sig,NS
Q14353,GAMT,Interaction,never_sig,NS
Q14444,CAPRIN1,Interaction,never_sig,NS
Q14558,PRPSAP1,Interaction,never_sig,NS
Q14624,ITIH4,Interaction,never_sig,NS
Q14677,CLINT1,Interaction,never_sig,NS
Q14697,GANAB,Interaction,never_sig,NS
Q14714,SSPN,Interaction,never_sig,NS
Q14764,MVP,Interaction,never_sig,NS
Q14767,LTBP3,Interaction,never_sig,NS
Q14847,LASP1,Interaction,never_sig,NS
Q14914,PTGR1,Interaction,never_sig,NS
Q14974,KPNB1,Interaction,never_sig,NS
Q14980,NUMA1,Interaction,never_sig,NS
Q14997,PSME4,Interaction,never_sig,NS
Q14BN4,SLMAP,Interaction,never_sig,NS
Q15006,EMC2,Interaction,never_sig,NS
Q15008,PSMD6,Interaction,never_sig,NS
Q15018,ABRAXAS2,Interaction,never_sig,NS
Q15019,SEPTIN2,Interaction,never_sig,NS
Q15046,KARS1,Interaction,never_sig,NS
Q15056,EIF4H,Interaction,never_sig,NS
Q15075,EEA1,Interaction,never_sig,NS
Q15084,PDIA6,Interaction,never_sig,NS
Q15102,PAFAH1B3,Interaction,never_sig,NS
Q15111,PLCL1,Interaction,never_sig,NS
Q15118,PDK1,Interaction,never_sig,NS
Q15119,PDK2,Interaction,never_sig,NS
Q15121,PEA15,Interaction,never_sig,NS
Q15124,PGM5,Interaction,never_sig,NS
Q15149,PLEC,Interaction,never_sig,NS
Q15172,PPP2R5A,Interaction,never_sig,NS
Q15181,PPA1,Interaction,never_sig,NS
Q15185,PTGES3,Interaction,never_sig,NS
Q15208,STK38,Interaction,never_sig,NS
Q15233,NONO,Interaction,never_sig,NS
Q15257,PTPA,Interaction,never_sig,NS
Q15286,RAB35,Interaction,never_sig,NS
Q15363,TMED2,Interaction,never_sig,NS
Q15365,PCBP1,Interaction,never_sig,NS
Q15366,PCBP2,Interaction,never_sig,NS
Q15369,ELOC,Interaction,never_sig,NS
Q15370,ELOB,Interaction,never_sig,NS
Q15386,UBE3C,Interaction,never_sig,NS
Q15392,DHCR24,Interaction,never_sig,NS
Q15404,RSU1,Interaction,never_sig,NS
Q15435,PPP1R7,Interaction,never_sig,NS
Q15436,SEC23A,Interaction,never_sig,NS
Q15555,MAPRE2,Interaction,never_sig,NS
Q15582,TGFBI,Interaction,never_sig,NS
Q15631,TSN,Interaction,never_sig,NS
Q15637,SF1,Interaction,never_sig,NS
Q15642,TRIP10,Interaction,never_sig,NS
Q15691,MAPRE1,Interaction,never_sig,NS
Q15714,TSC22D1,Interaction,never_sig,NS
Q15717,ELAVL1,Interaction,never_sig,NS
Q15746,MYLK,Interaction,never_sig,NS
Q15772,SPEG,Interaction,never_sig,NS
Q15813,TBCE,Interaction,never_sig,NS
Q15819,UBE2V2,Interaction,never_sig,NS
Q15843,NEDD8,Interaction,never_sig,NS
Q15847,ADIRF,Interaction,never_sig,NS
Q15848,ADIPOQ,Interaction,never_sig,NS
Q15907,RAB11B,Interaction,never_sig,NS
Q15942,ZYX,Interaction,never_sig,NS
Q16082,HSPB2,Interaction,never_sig,NS
Q16134,ETFDH,Interaction,never_sig,NS
Q16181,SEPTIN7,Interaction,never_sig,NS
Q16186,ADRM1,Interaction,never_sig,NS
Q16531,DDB1,Interaction,never_sig,NS
Q16543,CDC37,Interaction,never_sig,NS
Q16555,DPYSL2,Interaction,never_sig,NS
Q16563,SYPL1,Interaction,never_sig,NS
Q16576,RBBP7,Interaction,never_sig,NS
Q16585,SGCB,Interaction,never_sig,NS
Q16586,SGCA,Interaction,never_sig,NS
Q16595,FXN,Interaction,never_sig,NS
Q16658,FSCN1,Interaction,never_sig,NS
Q16698,DECR1,Interaction,never_sig,NS
Q16718,NDUFA5,Interaction,never_sig,NS
Q16740,CLPP,Interaction,never_sig,NS
Q16762,TST,Interaction,never_sig,NS
Q16773,KYAT1,Interaction,never_sig,NS
Q16774,GUK1,Interaction,never_sig,NS
Q16775,HAGH,Interaction,never_sig,NS
Q16795,NDUFA9,Interaction,never_sig,NS
Q16816,PHKG1,Interaction,never_sig,NS
Q16821,PPP1R3A,Interaction,never_sig,NS
Q16836,HADH,Interaction,never_sig,NS
Q16851,UGP2,Interaction,never_sig,NS
Q16881,TXNRD1,Interaction,never_sig,NS
Q16891,IMMT,Interaction,never_sig,NS
Q2TAA2,IAH1,Interaction,never_sig,NS
Q2TBA0,KLHL40,Interaction,never_sig,NS
Q3LXA3,TKFC,Interaction,never_sig,NS
Q3ZCQ8,TIMM50,Interaction,never_sig,NS
Q4G0N4,NADK2,Interaction,never_sig,NS
Q52LJ0,FAM98B,Interaction,never_sig,NS
Q53FT3,HIKESHI,Interaction,never_sig,NS
Q53GG5,PDLIM3,Interaction,never_sig,NS
Q53GQ0,HSD17B12,Interaction,never_sig,NS
Q53H12,AGK,Interaction,never_sig,NS
Q53H82,LACTB2,Interaction,never_sig,NS
Q58WW2,DCAF6,Interaction,never_sig,NS
Q5BKX8,CAVIN4,Interaction,never_sig,NS
Q5D862,FLG2,Interaction,never_sig,NS
Q5HYI8,RABL3,Interaction,never_sig,NS
Q5HYK3,COQ5,Interaction,never_sig,NS
Q5JPE7,NOMO2,Interaction,never_sig,NS
Q5JRX3,PITRM1,Interaction,never_sig,NS
Q5JSH3,WDR44,Interaction,never_sig,NS
Q5JTJ3,COA6,Interaction,never_sig,NS
Q5JTV8,TOR1AIP1,Interaction,never_sig,NS
Q5JWF2,GNAS,Interaction,never_sig,NS
Q5R3I4,TTC38,Interaction,never_sig,NS
Q5SQH8,C6orf136,Interaction,never_sig,NS
Q5SSJ5,HP1BP3,Interaction,never_sig,NS
Q5T440,IBA57,Interaction,never_sig,NS
Q5T4S7,UBR4,Interaction,never_sig,NS
Q5TAQ9,DCAF8,Interaction,never_sig,NS
Q5TDH0,DDI2,Interaction,never_sig,NS
Q5TGZ0,MICOS10,Interaction,never_sig,NS
Q5U5X0,LYRM7,Interaction,never_sig,NS
Q5VST9,OBSCN,Interaction,never_sig,NS
Q5VTT5,MYOM3,Interaction,never_sig,NS
Q5VU43,PDE4DIP,Interaction,never_sig,NS
Q5VW32,BROX,Interaction,never_sig,NS
Q5VWZ2,LYPLAL1,Interaction,never_sig,NS
Q5VXT5,SYPL2,Interaction,never_sig,NS
Q5VYK3,ECPAS,Interaction,never_sig,NS
Q5XKP0,MICOS13,Interaction,never_sig,NS
Q5XPI4,RNF123,Interaction,never_sig,NS
Q66K66,TMEM198,Interaction,never_sig,NS
Q68DQ2,CRYBG3,Interaction,never_sig,NS
Q6DKJ4,NXN,Interaction,never_sig,NS
Q6GMV3,PTRHD1,Interaction,never_sig,NS
Q6H8Q1,ABLIM2,Interaction,never_sig,NS
Q6IAA8,LAMTOR1,Interaction,never_sig,NS
Q6IAN0,DHRS7B,Interaction,never_sig,NS
Q6IBS0,TWF2,Interaction,never_sig,NS
Q6IPR1,ETFRF1,Interaction,never_sig,NS
Q6IQ22,RAB12,Interaction,never_sig,NS
Q6IQ26,DENND5A,Interaction,never_sig,NS
Q6JBY9,RCSD1,Interaction,never_sig,NS
Q6NUK1,SLC25A24,Interaction,never_sig,NS
Q6NVY1,HIBCH,Interaction,never_sig,NS
Q6NZI2,CAVIN1,Interaction,never_sig,NS
Q6P161,MRPL54,Interaction,never_sig,NS
Q6P1A2,LPCAT3,Interaction,never_sig,NS
Q6P1N9,TATDN1,Interaction,never_sig,NS
Q6P4A7,SFXN4,Interaction,never_sig,NS
Q6P587,FAHD1,Interaction,never_sig,NS
Q6P5Q4,LMOD2,Interaction,never_sig,NS
Q6PCB7,SLC27A1,Interaction,never_sig,NS
Q6PK04,CCDC137,Interaction,never_sig,NS
Q6QEF8,CORO6,Interaction,never_sig,NS
Q6UW68,TMEM205,Interaction,never_sig,NS
Q6UWP2,DHRS11,Interaction,never_sig,NS
Q6UXV4,APOOL,Interaction,never_sig,NS
Q6XQN6,NAPRT,Interaction,never_sig,NS
Q6YN16,HSDL2,Interaction,never_sig,NS
Q6YP21,KYAT3,Interaction,never_sig,NS
Q6ZMU5,TRIM72,Interaction,never_sig,NS
Q6ZU65,UBN2,Interaction,never_sig,NS
Q6ZVM7,TOM1L2,Interaction,never_sig,NS
Q702N8,XIRP1,Interaction,never_sig,NS
Q709C8,VPS13C,Interaction,never_sig,NS
Q712K3,UBE2R2,Interaction,never_sig,NS
Q7KZF4,SND1,Interaction,never_sig,NS
Q7L0Y3,TRMT10C,Interaction,never_sig,NS
Q7L1Q6,BZW1,Interaction,never_sig,NS
Q7L2H7,EIF3M,Interaction,never_sig,NS
Q7L5N1,COPS6,Interaction,never_sig,NS
Q7LBR1,CHMP1B,Interaction,never_sig,NS
Q7LG56,RRM2B,Interaction,never_sig,NS
Q7Z2K6,ERMP1,Interaction,never_sig,NS
Q7Z2W9,MRPL21,Interaction,never_sig,NS
Q7Z3D6,DGLUCY,Interaction,never_sig,NS
Q7Z406,MYH14,Interaction,never_sig,NS
Q7Z422,SZRD1,Interaction,never_sig,NS
Q7Z434,MAVS,Interaction,never_sig,NS
Q7Z4G1,COMMD6,Interaction,never_sig,NS
Q7Z4H3,HDDC2,Interaction,never_sig,NS
Q7Z4V5,HDGFL2,Interaction,never_sig,NS
Q7Z4W1,DCXR,Interaction,never_sig,NS
Q7Z698,SPRED2,Interaction,never_sig,NS
Q7Z6Z7,HUWE1,Interaction,never_sig,NS
Q86SX6,GLRX5,Interaction,never_sig,NS
Q86TC9,MYPN,Interaction,never_sig,NS
Q86TD4,SRL,Interaction,never_sig,NS
Q86TP1,PRUNE1,Interaction,never_sig,NS
Q86TX2,ACOT1,Interaction,never_sig,NS
Q86U28,ISCA2,Interaction,never_sig,NS
Q86UE4,MTDH,Interaction,never_sig,NS
Q86UP2,KTN1,Interaction,never_sig,NS
Q86UT6,NLRX1,Interaction,never_sig,NS
Q86V81,ALYREF,Interaction,never_sig,NS
Q86V88,MDP1,Interaction,never_sig,NS
Q86VD7,SLC25A42,Interaction,never_sig,NS
Q86VF7,NRAP,Interaction,never_sig,NS
Q86VN1,VPS36,Interaction,never_sig,NS
Q86VP6,CAND1,Interaction,never_sig,NS
Q86VX2,COMMD7,Interaction,never_sig,NS
Q86WU2,LDHD,Interaction,never_sig,NS
Q86X55,CARM1,Interaction,never_sig,NS
Q86X76,NIT1,Interaction,never_sig,NS
Q86Y39,NDUFA11,Interaction,never_sig,NS
Q86YB7,ECHDC2,Interaction,never_sig,NS
Q8IUZ5,PHYKPL,Interaction,never_sig,NS
Q8IVN3,MUSTN1,Interaction,never_sig,NS
Q8IW45,NAXD,Interaction,never_sig,NS
Q8IWA4,MFN1,Interaction,never_sig,NS
Q8IWA5,SLC44A2,Interaction,never_sig,NS
Q8IWL3,HSCB,Interaction,never_sig,NS
Q8IWW8,ADHFE1,Interaction,never_sig,NS
Q8IWX7,UNC45B,Interaction,never_sig,NS
Q8IXL7,MSRB3,Interaction,never_sig,NS
Q8IXV7,KLHDC8B,Interaction,never_sig,NS
Q8IYB8,SUPV3L1,Interaction,never_sig,NS
Q8IYQ7,THNSL1,Interaction,never_sig,NS
Q8IYS1,PM20D2,Interaction,never_sig,NS
Q8IYU8,MICU2,Interaction,never_sig,NS
Q8IZ81,ELMOD2,Interaction,never_sig,NS
Q8IZ83,ALDH16A1,Interaction,never_sig,NS
Q8N0U4,FAM185A,Interaction,never_sig,NS
Q8N142,ADSS1,Interaction,never_sig,NS
Q8N183,NDUFAF2,Interaction,never_sig,NS
Q8N1G4,LRRC47,Interaction,never_sig,NS
Q8N335,GPD1L,Interaction,never_sig,NS
Q8N3D4,EHBP1L1,Interaction,never_sig,NS
Q8N3K9,CMYA5,Interaction,never_sig,NS
Q8N3L3,TXLNB,Interaction,never_sig,NS
Q8N3V7,SYNPO,Interaction,never_sig,NS
Q8N4H5,TOMM5,Interaction,never_sig,NS
Q8N4Q1,CHCHD4,Interaction,never_sig,NS
Q8N4T8,CBR4,Interaction,never_sig,NS
Q8N4V1,MMGT1,Interaction,never_sig,NS
Q8N5G0,SMIM20,Interaction,never_sig,NS
Q8N5K1,CISD2,Interaction,never_sig,NS
Q8N5M1,ATPAF2,Interaction,never_sig,NS
Q8N5M9,JAGN1,Interaction,never_sig,NS
Q8N5N7,MRPL50,Interaction,never_sig,NS
Q8N766,EMC1,Interaction,never_sig,NS
Q8N8N7,PTGR2,Interaction,never_sig,NS
Q8NB12,SMYD1,Interaction,never_sig,NS
Q8NBF2,NHLRC2,Interaction,never_sig,NS
Q8NBN7,RDH13,Interaction,never_sig,NS
Q8NBS9,TXNDC5,Interaction,never_sig,NS
Q8NBU5,ATAD1,Interaction,never_sig,NS
Q8NBX0,SCCPDH,Interaction,never_sig,NS
Q8NC51,SERBP1,Interaction,never_sig,NS
Q8NCA5,FAM98A,Interaction,never_sig,NS
Q8NCN5,PDPR,Interaction,never_sig,NS
Q8NCW5,NAXE,Interaction,never_sig,NS
Q8NDH3,NPEPL1,Interaction,never_sig,NS
Q8NDY3,ADPRHL1,Interaction,never_sig,NS
Q8NE62,CHDH,Interaction,never_sig,NS
Q8NE71,ABCF1,Interaction,never_sig,NS
Q8NE86,MCU,Interaction,never_sig,NS
Q8NFV4,ABHD11,Interaction,never_sig,NS
Q8NHH9,ATL2,Interaction,never_sig,NS
Q8NI37,PPTC7,Interaction,never_sig,NS
Q8NI60,COQ8A,Interaction,never_sig,NS
Q8TAT6,NPLOC4,Interaction,never_sig,NS
Q8TB22,SPATA20,Interaction,never_sig,NS
Q8TB37,NUBPL,Interaction,never_sig,NS
Q8TB45,DEPTOR,Interaction,never_sig,NS
Q8TC12,RDH11,Interaction,never_sig,NS
Q8TCA0,LRRC20,Interaction,never_sig,NS
Q8TCD5,NT5C,Interaction,never_sig,NS
Q8TCS8,PNPT1,Interaction,never_sig,NS
Q8TCT8,SPPL2A,Interaction,never_sig,NS
Q8TCU6,PREX1,Interaction,never_sig,NS
Q8TD19,NEK9,Interaction,never_sig,NS
Q8TD30,GPT2,Interaction,never_sig,NS
Q8TDC0,MYOZ3,Interaction,never_sig,NS
Q8TDX7,NEK7,Interaction,never_sig,NS
Q8TEA8,DTD1,Interaction,never_sig,NS
Q8TED0,UTP15,Interaction,never_sig,NS
Q8WTS6,SETD7,Interaction,never_sig,NS
Q8WUM0,NUP133,Interaction,never_sig,NS
Q8WUM4,PDCD6IP,Interaction,never_sig,NS
Q8WUY1,THEM6,Interaction,never_sig,NS
Q8WVI0,SMIM4,Interaction,never_sig,NS
Q8WVJ2,NUDCD2,Interaction,never_sig,NS
Q8WVM8,SCFD1,Interaction,never_sig,NS
Q8WW12,PCNP,Interaction,never_sig,NS
Q8WW22,DNAJA4,Interaction,never_sig,NS
Q8WW59,SPRYD4,Interaction,never_sig,NS
Q8WWV3,RTN4IP1,Interaction,never_sig,NS
Q8WX93,PALLD,Interaction,never_sig,NS
Q8WXH0,SYNE2,Interaction,never_sig,NS
Q8WY91,THAP4,Interaction,never_sig,NS
Q8WYA0,IFT81,Interaction,never_sig,NS
Q8WZ42,TTN,Interaction,never_sig,NS
Q92499,DDX1,Interaction,never_sig,NS
Q92506,HSD17B8,Interaction,never_sig,NS
Q92523,CPT1B,Interaction,never_sig,NS
Q92530,PSMF1,Interaction,never_sig,NS
Q92575,UBXN4,Interaction,never_sig,NS
Q92614,MYO18A,Interaction,never_sig,NS
Q92616,GCN1,Interaction,never_sig,NS
Q92629,SGCD,Interaction,never_sig,NS
Q92667,AKAP1,Interaction,never_sig,NS
Q92696,RABGGTA,Interaction,never_sig,NS
Q92734,TFG,Interaction,never_sig,NS
Q92747,ARPC1A,Interaction,never_sig,NS
Q92791,P3H4,Interaction,never_sig,NS
Q92841,DDX17,Interaction,never_sig,NS
Q92879,CELF1,Interaction,never_sig,NS
Q92890,UFD1,Interaction,never_sig,NS
Q92901,RPL3L,Interaction,never_sig,NS
Q92905,COPS5,Interaction,never_sig,NS
Q92945,KHSRP,Interaction,never_sig,NS
Q92947,GCDH,Interaction,never_sig,NS
Q92973,TNPO1,Interaction,never_sig,NS
Q92995,USP13,Interaction,never_sig,NS
Q93008,USP9X,Interaction,never_sig,NS
Q93034,CUL5,Interaction,never_sig,NS
Q93052,LPP,Interaction,never_sig,NS
Q93084,ATP2A3,Interaction,never_sig,NS
Q93100,PHKB,Interaction,never_sig,NS
Q969M7,UBE2F,Interaction,never_sig,NS
Q969Q0,RPL36AL,Interaction,never_sig,NS
Q969T9,WBP2,Interaction,never_sig,NS
Q969X5,ERGIC1,Interaction,never_sig,NS
Q969Z3,MTARC2,Interaction,never_sig,NS
Q96A26,FAM162A,Interaction,never_sig,NS
Q96A33,CCDC47,Interaction,never_sig,NS
Q96A57,TMEM230,Interaction,never_sig,NS
Q96AB3,ISOC2,Interaction,never_sig,NS
Q96AC1,FERMT2,Interaction,never_sig,NS
Q96AE4,FUBP1,Interaction,never_sig,NS
Q96AG3,SLC25A46,Interaction,never_sig,NS
Q96AN5,TMEM143,Interaction,never_sig,NS
Q96AQ6,PBXIP1,Interaction,never_sig,NS
Q96BW5,PTER,Interaction,never_sig,NS
Q96C00,ZBTB9,Interaction,never_sig,NS
Q96C01,FAM136A,Interaction,never_sig,NS
Q96C11,FGGY,Interaction,never_sig,NS
Q96C23,GALM,Interaction,never_sig,NS
Q96C86,DCPS,Interaction,never_sig,NS
Q96C90,PPP1R14B,Interaction,never_sig,NS
Q96CM8,ACSF2,Interaction,never_sig,NS
Q96CN7,ISOC1,Interaction,never_sig,NS
Q96CT7,CCDC124,Interaction,never_sig,NS
Q96CV9,OPTN,Interaction,never_sig,NS
Q96CW1,AP2M1,Interaction,never_sig,NS
Q96CX2,KCTD12,Interaction,never_sig,NS
Q96DB5,RMDN1,Interaction,never_sig,NS
Q96DC8,ECHDC3,Interaction,never_sig,NS
Q96DE0,NUDT16,Interaction,never_sig,NS
Q96DG6,CMBL,Interaction,never_sig,NS
Q96DH6,MSI2,Interaction,never_sig,NS
Q96DV4,MRPL38,Interaction,never_sig,NS
Q96E11,MRRF,Interaction,never_sig,NS
Q96EL3,MRPL53,Interaction,never_sig,NS
Q96EP5,DAZAP1,Interaction,never_sig,NS
Q96EY1,DNAJA3,Interaction,never_sig,NS
Q96EY7,PTCD3,Interaction,never_sig,NS
Q96EY8,MMAB,Interaction,never_sig,NS
Q96FJ2,DYNLL2,Interaction,never_sig,NS
Q96FQ6,S100A16,Interaction,never_sig,NS
Q96FV2,SCRN2,Interaction,never_sig,NS
Q96FW1,OTUB1,Interaction,never_sig,NS
Q96FZ7,CHMP6,Interaction,never_sig,NS
Q96GD0,PDXP,Interaction,never_sig,NS
Q96GG9,DCUN1D1,Interaction,never_sig,NS
Q96GK7,FAHD2A,Interaction,never_sig,NS
Q96H20,SNF8,Interaction,never_sig,NS
Q96HC4,PDLIM5,Interaction,never_sig,NS
Q96HD1,CRELD1,Interaction,never_sig,NS
Q96HE7,ERO1A,Interaction,never_sig,NS
Q96HN2,AHCYL2,Interaction,never_sig,NS
Q96HS1,PGAM5,Interaction,never_sig,NS
Q96HY6,DDRGK1,Interaction,never_sig,NS
Q96I23,PYURF,Interaction,never_sig,NS
Q96I99,SUCLG2,Interaction,never_sig,NS
Q96IU4,ABHD14B,Interaction,never_sig,NS
Q96IV0,NGLY1,Interaction,never_sig,NS
Q96JJ7,TMX3,Interaction,never_sig,NS
Q96K17,BTF3L4,Interaction,never_sig,NS
Q96K76,USP47,Interaction,never_sig,NS
Q96KP4,CNDP2,Interaction,never_sig,NS
Q96L96,ALPK3,Interaction,never_sig,NS
Q96MF2,STAC3,Interaction,never_sig,NS
Q96MF6,COQ10A,Interaction,never_sig,NS
Q96MG2,JSRP1,Interaction,never_sig,NS
Q96PE7,MCEE,Interaction,never_sig,NS
Q96PU8,QKI,Interaction,never_sig,NS
Q96Q06,PLIN4,Interaction,never_sig,NS
Q96Q83,ALKBH3,Interaction,never_sig,NS
Q96QK1,VPS35,Interaction,never_sig,NS
Q96QR8,PURB,Interaction,never_sig,NS
Q96RK4,BBS4,Interaction,never_sig,NS
Q96RL7,VPS13A,Interaction,never_sig,NS
Q96RP9,GFM1,Interaction,never_sig,NS
Q96RQ3,MCCC1,Interaction,never_sig,NS
Q96S19,METTL26,Interaction,never_sig,NS
Q96S66,CLCC1,Interaction,never_sig,NS
Q96S96,PEBP4,Interaction,never_sig,NS
Q96S99,PLEKHF1,Interaction,never_sig,NS
Q99417,MYCBP,Interaction,never_sig,NS
Q99426,TBCB,Interaction,never_sig,NS
Q99436,PSMB7,Interaction,never_sig,NS
Q99447,PCYT2,Interaction,never_sig,NS
Q99460,PSMD1,Interaction,never_sig,NS
Q99471,PFDN5,Interaction,never_sig,NS
Q99487,PAFAH2,Interaction,never_sig,NS
Q99497,PARK7,Interaction,never_sig,NS
Q99536,VAT1,Interaction,never_sig,NS
Q99541,PLIN2,Interaction,never_sig,NS
Q99584,S100A13,Interaction,never_sig,NS
Q99598,TSNAX,Interaction,never_sig,NS
Q99613,EIF3C,Interaction,never_sig,NS
Q99623,PHB2,Interaction,never_sig,NS
Q99627,COPS8,Interaction,never_sig,NS
Q99643,SDHC,Interaction,never_sig,NS
Q99653,CHP1,Interaction,never_sig,NS
Q99714,HSD17B10,Interaction,never_sig,NS
Q99733,NAP1L4,Interaction,never_sig,NS
Q99735,MGST2,Interaction,never_sig,NS
Q99757,TXN2,Interaction,never_sig,NS
Q99766,DMAC2L,Interaction,never_sig,NS
Q99798,ACO2,Interaction,never_sig,NS
Q99807,COQ7,Interaction,never_sig,NS
Q99808,SLC29A1,Interaction,never_sig,NS
Q99816,TSG101,Interaction,never_sig,NS
Q99829,CPNE1,Interaction,never_sig,NS
Q99832,CCT7,Interaction,never_sig,NS
Q99873,PRMT1,Interaction,never_sig,NS
Q9BPW8,NIPSNAP1,Interaction,never_sig,NS
Q9BPX5,ARPC5L,Interaction,never_sig,NS
Q9BPX6,MICU1,Interaction,never_sig,NS
Q9BQ69,MACROD1,Interaction,never_sig,NS
Q9BQA1,WDR77,Interaction,never_sig,NS
Q9BQE5,APOL2,Interaction,never_sig,NS
Q9BQS8,FYCO1,Interaction,never_sig,NS
Q9BR39,JPH2,Interaction,never_sig,NS
Q9BR76,CORO1B,Interaction,never_sig,NS
Q9BRA2,TXNDC17,Interaction,never_sig,NS
Q9BRC7,PLCD4,Interaction,never_sig,NS
Q9BRF8,CPPED1,Interaction,never_sig,NS
Q9BRG1,VPS25,Interaction,never_sig,NS
Q9BRT3,MIEN1,Interaction,never_sig,NS
Q9BRX2,PELO,Interaction,never_sig,NS
Q9BRX8,PRXL2A,Interaction,never_sig,NS
Q9BS26,ERP44,Interaction,never_sig,NS
Q9BS40,LXN,Interaction,never_sig,NS
Q9BS92,NIPSNAP3B,Interaction,never_sig,NS
Q9BSD7,NTPCR,Interaction,never_sig,NS
Q9BSE5,AGMAT,Interaction,never_sig,NS
Q9BSH4,TACO1,Interaction,never_sig,NS
Q9BSJ8,ESYT1,Interaction,never_sig,NS
Q9BSL1,UBAC1,Interaction,never_sig,NS
Q9BT78,COPS4,Interaction,never_sig,NS
Q9BTE1,DCTN5,Interaction,never_sig,NS
Q9BTE6,AARSD1,Interaction,never_sig,NS
Q9BTV4,TMEM43,Interaction,never_sig,NS
Q9BTZ2,DHRS4,Interaction,never_sig,NS
Q9BUB7,TMEM70,Interaction,never_sig,NS
Q9BUF5,TUBB6,Interaction,never_sig,NS
Q9BUK0,CHCHD7,Interaction,never_sig,NS
Q9BUR5,APOO,Interaction,never_sig,NS
Q9BV20,MRI1,Interaction,never_sig,NS
Q9BV23,ABHD6,Interaction,never_sig,NS
Q9BV57,ADI1,Interaction,never_sig,NS
Q9BV79,MECR,Interaction,never_sig,NS
Q9BV86,NTMT1,Interaction,never_sig,NS
Q9BVC6,TMEM109,Interaction,never_sig,NS
Q9BVK6,TMED9,Interaction,never_sig,NS
Q9BVV7,TIMM21,Interaction,never_sig,NS
Q9BW30,TPPP3,Interaction,never_sig,NS
Q9BW91,NUDT9,Interaction,never_sig,NS
Q9BWH2,FUNDC2,Interaction,never_sig,NS
Q9BX66,SORBS1,Interaction,never_sig,NS
Q9BX68,HINT2,Interaction,never_sig,NS
Q9BXB4,OSBPL11,Interaction,never_sig,NS
Q9BXI3,NT5C1A,Interaction,never_sig,NS
Q9BXJ8,TMEM120A,Interaction,never_sig,NS
Q9BXJ9,NAA15,Interaction,never_sig,NS
Q9BXK5,BCL2L13,Interaction,never_sig,NS
Q9BXS5,AP1M1,Interaction,never_sig,NS
Q9BXW6,OSBPL1A,Interaction,never_sig,NS
Q9BXW7,HDHD5,Interaction,never_sig,NS
Q9BY44,EIF2A,Interaction,never_sig,NS
Q9BYD1,MRPL13,Interaction,never_sig,NS
Q9BYD2,MRPL9,Interaction,never_sig,NS
Q9BYD3,MRPL4,Interaction,never_sig,NS
Q9BYD6,MRPL1,Interaction,never_sig,NS
Q9BYT8,NLN,Interaction,never_sig,NS
Q9BYV2,TRIM54,Interaction,never_sig,NS
Q9BYV7,BCO2,Interaction,never_sig,NS
Q9BZE1,MRPL37,Interaction,never_sig,NS
Q9BZE9,ASPSCR1,Interaction,never_sig,NS
Q9BZL1,UBL5,Interaction,never_sig,NS
Q9BZQ8,NIBAN1,Interaction,never_sig,NS
Q9BZV1,UBXN6,Interaction,never_sig,NS
Q9C0C9,UBE2O,Interaction,never_sig,NS
Q9C0E8,LNPK,Interaction,never_sig,NS
Q9GZP4,PITHD1,Interaction,never_sig,NS
Q9GZT3,SLIRP,Interaction,never_sig,NS
Q9GZT8,NIF3L1,Interaction,never_sig,NS
Q9GZT9,EGLN1,Interaction,never_sig,NS
Q9GZV1,ANKRD2,Interaction,never_sig,NS
Q9GZZ1,NAA50,Interaction,never_sig,NS
Q9H061,TMEM126A,Interaction,never_sig,NS
Q9H074,PAIP1,Interaction,never_sig,NS
Q9H078,CLPB,Interaction,never_sig,NS
Q9H0E2,TOLLIP,Interaction,never_sig,NS
Q9H0N5,PCBD2,Interaction,never_sig,NS
Q9H0P0,NT5C3A,Interaction,never_sig,NS
Q9H0R4,HDHD2,Interaction,never_sig,NS
Q9H0U4,RAB1B,Interaction,never_sig,NS
Q9H0W9,C11orf54,Interaction,never_sig,NS
Q9H1E3,NUCKS1,Interaction,never_sig,NS
Q9H1E5,TMX4,Interaction,never_sig,NS
Q9H1R3,MYLK2,Interaction,never_sig,NS
Q9H223,EHD4,Interaction,never_sig,NS
Q9H299,SH3BGRL3,Interaction,never_sig,NS
Q9H2G2,SLK,Interaction,never_sig,NS
Q9H2H8,PPIL3,Interaction,never_sig,NS
Q9H2I8,LRMDA,Interaction,never_sig,NS
Q9H2S6,TNMD,Interaction,never_sig,NS
Q9H2U2,PPA2,Interaction,never_sig,NS
Q9H2W6,MRPL46,Interaction,never_sig,NS
Q9H330,TMEM245,Interaction,never_sig,NS
Q9H3H3,C11orf68,Interaction,never_sig,NS
Q9H3K2,GHITM,Interaction,never_sig,NS
Q9H3K6,BOLA2,Interaction,never_sig,NS
Q9H3N1,TMX1,Interaction,never_sig,NS
Q9H444,CHMP4B,Interaction,never_sig,NS
Q9H477,RBKS,Interaction,never_sig,NS
Q9H479,FN3K,Interaction,never_sig,NS
Q9H496,TOR1AIP2,Interaction,never_sig,NS
Q9H4A4,RNPEP,Interaction,never_sig,NS
Q9H4G4,GLIPR2,Interaction,never_sig,NS
Q9H4M9,EHD1,Interaction,never_sig,NS
Q9H6F2,TMEM38A,Interaction,never_sig,NS
Q9H6K4,OPA3,Interaction,never_sig,NS
Q9H773,DCTPP1,Interaction,never_sig,NS
Q9H7C9,AAMDC,Interaction,never_sig,NS
Q9H7Z7,PTGES2,Interaction,never_sig,NS
Q9H832,UBE2Z,Interaction,never_sig,NS
Q9H845,ACAD9,Interaction,never_sig,NS
Q9H8H3,METTL7A,Interaction,never_sig,NS
Q9H8M1,COQ10B,Interaction,never_sig,NS
Q9H8S9,MOB1A,Interaction,never_sig,NS
Q9H8Y8,GORASP2,Interaction,never_sig,NS
Q9H910,JPT2,Interaction,never_sig,NS
Q9H987,SYNPO2L,Interaction,never_sig,NS
Q9H993,ARMT1,Interaction,never_sig,NS
Q9H9A6,LRRC40,Interaction,never_sig,NS
Q9H9B4,SFXN1,Interaction,never_sig,NS
Q9H9P8,L2HGDH,Interaction,never_sig,NS
Q9H9Q2,COPS7B,Interaction,never_sig,NS
Q9HA64,FN3KRP,Interaction,never_sig,NS
Q9HA65,TBC1D17,Interaction,never_sig,NS
Q9HA77,CARS2,Interaction,never_sig,NS
Q9HB71,CACYBP,Interaction,never_sig,NS
Q9HBH5,RDH14,Interaction,never_sig,NS
Q9HBI1,PARVB,Interaction,never_sig,NS
Q9HBL0,TNS1,Interaction,never_sig,NS
Q9HBL7,PLGRKT,Interaction,never_sig,NS
Q9HC38,GLOD4,Interaction,never_sig,NS
Q9HCC0,MCCC2,Interaction,never_sig,NS
Q9HCP6,HHATL,Interaction,never_sig,NS
Q9HCU5,PREB,Interaction,never_sig,NS
Q9HD33,MRPL47,Interaction,never_sig,NS
Q9HDC5,JPH1,Interaction,never_sig,NS
Q9HDC9,APMAP,Interaction,never_sig,NS
Q9NNW7,TXNRD2,Interaction,never_sig,NS
Q9NP72,RAB18,Interaction,never_sig,NS
Q9NP74,PALMD,Interaction,never_sig,NS
Q9NP77,SSU72,Interaction,imputation_masked,Conditional
Q9NP79,VTA1,Interaction,never_sig,NS
Q9NP81,SARS2,Interaction,never_sig,NS
Q9NP97,DYNLRB1,Interaction,never_sig,NS
Q9NP98,MYOZ1,Interaction,never_sig,NS
Q9NPC6,MYOZ2,Interaction,never_sig,NS
Q9NPF4,OSGEP,Interaction,never_sig,NS
Q9NPJ3,ACOT13,Interaction,never_sig,NS
Q9NQ50,MRPL40,Interaction,never_sig,NS
Q9NQ88,TIGAR,Interaction,never_sig,NS
Q9NQC3,RTN4,Interaction,never_sig,NS
Q9NQE9,HINT3,Interaction,never_sig,NS
Q9NQP4,PFDN4,Interaction,never_sig,NS
Q9NQR4,NIT2,Interaction,never_sig,NS
Q9NQW7,XPNPEP1,Interaction,never_sig,NS
Q9NQX3,GPHN,Interaction,never_sig,NS
Q9NR12,PDLIM7,Interaction,never_sig,NS
Q9NR19,ACSS2,Interaction,never_sig,NS
Q9NR28,DIABLO,Interaction,never_sig,NS
Q9NR31,SAR1A,Interaction,never_sig,NS
Q9NR46,SH3GLB2,Interaction,never_sig,NS
Q9NR50,EIF2B3,Interaction,never_sig,NS
Q9NR56,MBNL1,Interaction,never_sig,NS
Q9NRG7,SDR39U1,Interaction,never_sig,NS
Q9NRN7,AASDHPPT,Interaction,never_sig,NS
Q9NRP0,OSTC,Interaction,never_sig,NS
Q9NRP2,CMC2,Interaction,never_sig,NS
Q9NRV9,HEBP1,Interaction,never_sig,NS
Q9NRX4,PHPT1,Interaction,never_sig,NS
Q9NS69,TOMM22,Interaction,never_sig,NS
Q9NS86,LANCL2,Interaction,never_sig,NS
Q9NSD9,FARSB,Interaction,never_sig,NS
Q9NSE4,IARS2,Interaction,never_sig,NS
Q9NTG7,SIRT3,Interaction,never_sig,NS
Q9NTJ4,MAN2C1,Interaction,never_sig,NS
Q9NTK5,OLA1,Interaction,never_sig,NS
Q9NTM9,CUTC,Interaction,never_sig,NS
Q9NUB1,ACSS1,Interaction,never_sig,NS
Q9NUJ1,ABHD10,Interaction,never_sig,NS
Q9NUU7,DDX19A,Interaction,never_sig,NS
Q9NVA2,SEPTIN11,Interaction,never_sig,NS
Q9NVD7,PARVA,Interaction,never_sig,NS
Q9NVE7,PANK4,Interaction,never_sig,NS
Q9NVH1,DNAJC11,Interaction,never_sig,NS
Q9NVH6,TMLHE,Interaction,never_sig,NS
Q9NVI7,ATAD3A,Interaction,never_sig,NS
Q9NVJ2,ARL8B,Interaction,never_sig,NS
Q9NVS2,MRPS18A,Interaction,never_sig,NS
Q9NVS9,PNPO,Interaction,never_sig,NS
Q9NWU1,OXSM,Interaction,never_sig,NS
Q9NWU5,MRPL22,Interaction,never_sig,NS
Q9NWV4,CZIB,Interaction,never_sig,NS
Q9NWV8,BABAM1,Interaction,never_sig,NS
Q9NX14,NDUFB11,Interaction,never_sig,NS
Q9NX40,OCIAD1,Interaction,never_sig,NS
Q9NX47,MARCHF5,Interaction,never_sig,NS
Q9NX63,CHCHD3,Interaction,never_sig,NS
Q9NXA8,SIRT5,Interaction,never_sig,NS
Q9NXR7,BABAM2,Interaction,never_sig,NS
Q9NY33,DPP3,Interaction,never_sig,NS
Q9NY65,TUBA8,Interaction,never_sig,NS
Q9NYL2,MAP3K20,Interaction,never_sig,NS
Q9NYU2,UGGT1,Interaction,never_sig,NS
Q9NZ01,TECR,Interaction,never_sig,NS
Q9NZ08,ERAP1,Interaction,never_sig,NS
Q9NZ45,CISD1,Interaction,never_sig,NS
Q9NZA1,CLIC5,Interaction,never_sig,NS
Q9NZB2,FAM120A,Interaction,never_sig,NS
Q9NZD2,GLTP,Interaction,never_sig,NS
Q9NZJ6,COQ3,Interaction,never_sig,NS
Q9NZL4,HSPBP1,Interaction,never_sig,NS
Q9NZL9,MAT2B,Interaction,never_sig,NS
Q9NZM1,MYOF,Interaction,never_sig,NS
Q9NZN4,EHD2,Interaction,never_sig,NS
Q9NZQ9,TMOD4,Interaction,never_sig,NS
Q9NZU5,LMCD1,Interaction,never_sig,NS
Q9NZZ3,CHMP5,Interaction,never_sig,NS
Q9P003,CNIH4,Interaction,never_sig,NS
Q9P032,NDUFAF4,Interaction,never_sig,NS
Q9P0I2,EMC3,Interaction,never_sig,NS
Q9P0J0,NDUFA13,Interaction,never_sig,NS
Q9P0J1,PDP1,Interaction,never_sig,NS
Q9P0J6,MRPL36,Interaction,never_sig,NS
Q9P0L0,VAPA,Interaction,never_sig,NS
Q9P0P0,RNF181,Interaction,never_sig,NS
Q9P2J5,LARS1,Interaction,never_sig,NS
Q9P2R7,SUCLA2,Interaction,never_sig,NS
Q9P2T1,GMPR2,Interaction,never_sig,NS
Q9P2X0,DPM3,Interaction,never_sig,NS
Q9P2X3,IMPACT,Interaction,never_sig,NS
Q9UBB4,ATXN10,Interaction,never_sig,NS
Q9UBC2,EPS15L1,Interaction,never_sig,NS
Q9UBE0,SAE1,Interaction,never_sig,NS
Q9UBF6,RNF7,Interaction,never_sig,NS
Q9UBF9,MYOT,Interaction,never_sig,NS
Q9UBI6,GNG12,Interaction,never_sig,NS
Q9UBQ0,VPS29,Interaction,never_sig,NS
Q9UBQ5,EIF3K,Interaction,never_sig,NS
Q9UBQ7,GRHPR,Interaction,never_sig,NS
Q9UBR2,CTSZ,Interaction,never_sig,NS
Q9UBT2,UBA2,Interaction,never_sig,NS
Q9UBW8,COPS7A,Interaction,never_sig,NS
Q9UBY9,HSPB7,Interaction,never_sig,NS
Q9UDT6,CLIP2,Interaction,never_sig,NS
Q9UDW1,UQCR10,Interaction,never_sig,NS
Q9UDY4,DNAJB4,Interaction,never_sig,NS
Q9UFN0,NIPSNAP3A,Interaction,never_sig,NS
Q9UGI8,TES,Interaction,never_sig,NS
Q9UGL1,KDM5B,Interaction,never_sig,NS
Q9UGM6,WARS2,Interaction,never_sig,NS
Q9UH92,MLX,Interaction,never_sig,NS
Q9UHD8,SEPTIN9,Interaction,never_sig,NS
Q9UHD9,UBQLN2,Interaction,never_sig,NS
Q9UHG3,PCYOX1,Interaction,never_sig,NS
Q9UHL4,DPP7,Interaction,never_sig,NS
Q9UHP9,SMPX,Interaction,never_sig,NS
Q9UHQ4,BCAP29,Interaction,never_sig,NS
Q9UHQ9,CYB5R1,Interaction,never_sig,NS
Q9UHV9,PFDN2,Interaction,never_sig,NS
Q9UHX1,PUF60,Interaction,never_sig,NS
Q9UHY7,ENOPH1,Interaction,never_sig,NS
Q9UI09,NDUFA12,Interaction,never_sig,NS
Q9UI10,EIF2B4,Interaction,never_sig,NS
Q9UI12,ATP6V1H,Interaction,never_sig,NS
Q9UI30,TRMT112,Interaction,never_sig,NS
Q9UIA9,XPO7,Interaction,never_sig,NS
Q9UIC8,LCMT1,Interaction,never_sig,NS
Q9UII2,ATP5IF1,Interaction,never_sig,NS
Q9UIJ7,AK3,Interaction,never_sig,NS
Q9UJ70,NAGK,Interaction,never_sig,NS
Q9UJS0,SLC25A13,Interaction,never_sig,NS
Q9UJU6,DBNL,Interaction,never_sig,NS
Q9UJW0,DCTN4,Interaction,never_sig,NS
Q9UJY1,HSPB8,Interaction,never_sig,NS
Q9UJZ1,STOML2,Interaction,never_sig,NS
Q9UK41,VPS28,Interaction,never_sig,NS
Q9UK76,JPT1,Interaction,never_sig,NS
Q9UKG1,APPL1,Interaction,never_sig,NS
Q9UKS6,PACSIN3,Interaction,never_sig,NS
Q9UKU7,ACAD8,Interaction,never_sig,NS
Q9UKV8,AGO2,Interaction,never_sig,NS
Q9UKX2,MYH2,Interaction,never_sig,NS
Q9UKX3,MYH13,Interaction,never_sig,NS
Q9UKY7,CDV3,Interaction,never_sig,NS
Q9UL25,RAB21,Interaction,never_sig,NS
Q9UL46,PSME2,Interaction,never_sig,NS
Q9ULA0,DNPEP,Interaction,never_sig,NS
Q9ULC4,MCTS1,Interaction,never_sig,NS
Q9ULP9,TBC1D24,Interaction,never_sig,NS
Q9UM00,TMCO1,Interaction,never_sig,NS
Q9UM22,EPDR1,Interaction,never_sig,NS
Q9UM54,MYO6,Interaction,never_sig,NS
Q9UMS0,NFU1,Interaction,never_sig,NS
Q9UMS6,SYNPO2,Interaction,never_sig,NS
Q9UMX0,UBQLN1,Interaction,never_sig,NS
Q9UMY4,SNX12,Interaction,never_sig,NS
Q9UN36,NDRG2,Interaction,never_sig,NS
Q9UN37,VPS4A,Interaction,never_sig,NS
Q9UN86,G3BP2,Interaction,never_sig,NS
Q9UNE7,STUB1,Interaction,never_sig,NS
Q9UNF0,PACSIN2,Interaction,never_sig,NS
Q9UNH7,SNX6,Interaction,never_sig,NS
Q9UNM6,PSMD13,Interaction,never_sig,NS
Q9UNS2,COPS3,Interaction,never_sig,NS
Q9UNZ2,NSFL1C,Interaction,never_sig,NS
Q9UPN7,PPP6R1,Interaction,never_sig,NS
Q9UPQ0,LIMCH1,Interaction,never_sig,NS
Q9UPU5,USP24,Interaction,never_sig,NS
Q9UPY8,MAPRE3,Interaction,never_sig,NS
Q9UQ80,PA2G4,Interaction,never_sig,NS
Q9UQM7,CAMK2A,Interaction,never_sig,NS
Q9UQN3,CHMP2B,Interaction,never_sig,NS
Q9Y224,RTRAF,Interaction,never_sig,NS
Q9Y230,RUVBL2,Interaction,never_sig,NS
Q9Y235,APOBEC2,Interaction,never_sig,NS
Q9Y237,PIN4,Interaction,never_sig,NS
Q9Y262,EIF3L,Interaction,never_sig,NS
Q9Y263,PLAA,Interaction,never_sig,NS
Q9Y266,NUDC,Interaction,never_sig,NS
Q9Y276,BCS1L,Interaction,never_sig,NS
Q9Y277,VDAC3,Interaction,never_sig,NS
Q9Y281,CFL2,Interaction,never_sig,NS
Q9Y285,FARSA,Interaction,never_sig,NS
Q9Y2B0,CNPY2,Interaction,never_sig,NS
Q9Y2H6,FNDC3A,Interaction,never_sig,NS
Q9Y2J8,PADI2,Interaction,never_sig,NS
Q9Y2Q3,GSTK1,Interaction,never_sig,NS
Q9Y2Q5,LAMTOR2,Interaction,never_sig,NS
Q9Y2Q9,MRPS35,Interaction,never_sig,NS
Q9Y2R0,COA3,Interaction,never_sig,NS
Q9Y2S6,TMA7,Interaction,never_sig,NS
Q9Y2Z0,SUGT1,Interaction,never_sig,NS
Q9Y2Z9,COQ6,Interaction,never_sig,NS
Q9Y305,ACOT9,Interaction,never_sig,NS
Q9Y316,MEMO1,Interaction,never_sig,NS
Q9Y320,TMX2,Interaction,never_sig,NS
Q9Y371,SH3GLB1,Interaction,never_sig,NS
Q9Y376,CAB39,Interaction,never_sig,NS
Q9Y383,LUC7L2,Interaction,never_sig,NS
Q9Y394,DHRS7,Interaction,never_sig,NS
Q9Y3A3,MOB4,Interaction,never_sig,NS
Q9Y3A5,SBDS,Interaction,never_sig,NS
Q9Y3B7,MRPL11,Interaction,never_sig,NS
Q9Y3C6,PPIL1,Interaction,never_sig,NS
Q9Y3D2,MSRB2,Interaction,never_sig,NS
Q9Y3D6,FIS1,Interaction,never_sig,NS
Q9Y3F4,STRAP,Interaction,never_sig,NS
Q9Y3I0,RTCB,Interaction,never_sig,NS
Q9Y3U8,RPL36,Interaction,never_sig,NS
Q9Y3Z3,SAMHD1,Interaction,never_sig,NS
Q9Y450,HBS1L,Interaction,never_sig,NS
Q9Y490,TLN1,Interaction,never_sig,NS
Q9Y4E8,USP15,Interaction,never_sig,NS
Q9Y4G6,TLN2,Interaction,never_sig,NS
Q9Y4J8,DTNA,Interaction,never_sig,NS
Q9Y4L1,HYOU1,Interaction,never_sig,NS
Q9Y4W6,AFG3L2,Interaction,never_sig,NS
Q9Y4X5,ARIH1,Interaction,never_sig,NS
Q9Y508,RNF114,Interaction,never_sig,NS
Q9Y512,SAMM50,Interaction,never_sig,NS
Q9Y570,PPME1,Interaction,never_sig,NS
Q9Y5J7,TIMM9,Interaction,never_sig,NS
Q9Y5J9,TIMM8B,Interaction,never_sig,NS
Q9Y5K5,UCHL5,Interaction,never_sig,NS
Q9Y5L4,TIMM13,Interaction,never_sig,NS
Q9Y5M8,SRPRB,Interaction,never_sig,NS
Q9Y5P6,GMPPB,Interaction,never_sig,NS
Q9Y5U8,MPC1,Interaction,never_sig,NS
Q9Y5X3,SNX5,Interaction,never_sig,NS
Q9Y5Z4,HEBP2,Interaction,never_sig,NS
Q9Y5Z7,HCFC2,Interaction,never_sig,NS
Q9Y613,FHOD1,Interaction,never_sig,NS
Q9Y623,MYH4,Interaction,never_sig,NS
Q9Y676,MRPS18B,Interaction,never_sig,NS
Q9Y678,COPG1,Interaction,never_sig,NS
Q9Y696,CLIC4,Interaction,never_sig,NS
Q9Y697,NFS1,Interaction,never_sig,NS
Q9Y6A9,SPCS1,Interaction,never_sig,NS
Q9Y6B6,SAR1B,Interaction,never_sig,NS
Q9Y6C9,MTCH2,Interaction,never_sig,NS
Q9Y6E2,BZW2,Interaction,never_sig,NS
Q9Y6G9,DYNC1LI1,Interaction,never_sig,NS
Q9Y6H1,CHCHD2,Interaction,never_sig,NS
Q9Y6M9,NDUFB9,Interaction,never_sig,NS
Q9Y6N1,COX11,Interaction,never_sig,NS
Q9Y6N5,SQOR,Interaction,never_sig,NS
Q9Y6P5,SESN1,Interaction,never_sig,NS
Q9Y6Y8,SEC23IP,Interaction,never_sig,NS
