uniprot_id,gene,group,z,module
P38117,ETFB,Young_Pre,-0.8353030882436929,blue
P38117,ETFB,Young_Post,-0.8934289375844711,blue
P38117,ETFB,Old_Pre,0.934352710561771,blue
P38117,ETFB,Old_Post,0.7943793152663928,blue
P48735,IDH2,Young_Pre,-0.9118762491816571,blue
P48735,IDH2,Young_Post,-0.8182598456668149,blue
P48735,IDH2,Old_Pre,0.8315488156385242,blue
P48735,IDH2,Old_Post,0.8985872792099169,blue
P43155,CRAT,Young_Pre,-0.5961719231798511,blue
P43155,CRAT,Young_Post,-1.096088915057739,blue
P43155,CRAT,Old_Pre,0.9212794576466639,blue
P43155,CRAT,Old_Post,0.7709813805909024,blue
O95822,MLYCD,Young_Pre,-0.6465306800177195,blue
O95822,MLYCD,Young_Post,-1.0602379189279572,blue
O95822,MLYCD,Old_Pre,0.8795004811390496,blue
O95822,MLYCD,Old_Post,0.8272681178066272,blue
P13804,ETFA,Young_Pre,-0.84636416372774,blue
P13804,ETFA,Young_Post,-0.862561263255456,blue
P13804,ETFA,Old_Pre,1.0537648860759554,blue
P13804,ETFA,Old_Post,0.6551605409072828,blue
P51649,ALDH5A1,Young_Pre,-0.5987445777236208,blue
P51649,ALDH5A1,Young_Post,-1.0910965675309672,blue
P51649,ALDH5A1,Old_Pre,0.9526973393050804,blue
P51649,ALDH5A1,Old_Post,0.7371438059495075,blue
P35914,HMGCL,Young_Pre,-0.9735588947336496,blue
P35914,HMGCL,Young_Post,-0.7513078711913888,blue
P35914,HMGCL,Old_Pre,0.8541605033397217,blue
P35914,HMGCL,Old_Post,0.8707062625853167,blue
Q16762,TST,Young_Pre,-0.7080754688663405,blue
Q16762,TST,Young_Post,-0.9449535884538445,blue
Q16762,TST,Old_Pre,1.1725198132190744,blue
Q16762,TST,Old_Post,0.4805092441011106,blue
P07954,FH,Young_Pre,-1.0801896461994192,blue
P07954,FH,Young_Post,-0.4979336359556896,blue
P07954,FH,Old_Pre,0.37674145263919684,blue
P07954,FH,Old_Post,1.2013818295158405,blue
Q9Y3D2,MSRB2,Young_Pre,-0.8343238676359215,blue
Q9Y3D2,MSRB2,Young_Post,-0.8835246408490807,blue
Q9Y3D2,MSRB2,Old_Pre,0.7043504145193475,blue
Q9Y3D2,MSRB2,Old_Post,1.013498093965629,blue
Q9P0J1,PDP1,Young_Pre,-0.8844114215604263,blue
Q9P0J1,PDP1,Young_Post,-0.8067537253091047,blue
Q9P0J1,PDP1,Old_Pre,0.5839099849580711,blue
Q9P0J1,PDP1,Old_Post,1.1072551619114774,blue
Q99798,ACO2,Young_Pre,-0.9635545594207003,blue
Q99798,ACO2,Young_Post,-0.7594938680909581,blue
Q99798,ACO2,Old_Pre,0.9332310250657342,blue
Q99798,ACO2,Old_Post,0.789817402446017,blue
P30405,PPIF,Young_Pre,-0.7889674260517157,blue
P30405,PPIF,Young_Post,-0.9380950953484684,blue
P30405,PPIF,Old_Pre,0.8081439142217777,blue
P30405,PPIF,Old_Post,0.9189186071784501,blue
Q16595,FXN,Young_Pre,-0.6183644430355066,blue
Q16595,FXN,Young_Post,-1.0617845503662617,blue
Q16595,FXN,Old_Pre,1.0385545513391932,blue
Q16595,FXN,Old_Post,0.6415944420625462,blue
Q5HYK3,COQ5,Young_Pre,-0.7984797295774442,blue
Q5HYK3,COQ5,Young_Post,-0.9248887541624174,blue
Q5HYK3,COQ5,Old_Pre,0.9665924124381086,blue
Q5HYK3,COQ5,Old_Post,0.7567760713017427,blue
P05166,PCCB,Young_Pre,-1.1507853215250945,blue
P05166,PCCB,Young_Post,-0.5220228272241234,blue
P05166,PCCB,Old_Pre,0.7914498734671939,blue
P05166,PCCB,Old_Post,0.8813582752820107,blue
P30084,ECHS1,Young_Pre,-0.9787708597609871,blue
P30084,ECHS1,Young_Post,-0.7451825093138953,blue
P30084,ECHS1,Old_Pre,0.8432280509463468,blue
P30084,ECHS1,Old_Post,0.8807253181285356,blue
Q99807,COQ7,Young_Pre,-0.5776652035715291,blue
Q99807,COQ7,Young_Post,-1.0707287145214588,blue
Q99807,COQ7,Old_Pre,1.1081350490229267,blue
Q99807,COQ7,Old_Post,0.540258869070045,blue
P00505,GOT2,Young_Pre,-0.5979193198303405,blue
P00505,GOT2,Young_Post,-1.085522510421968,blue
P00505,GOT2,Old_Pre,0.6881872568957195,blue
P00505,GOT2,Old_Post,0.9952545733565646,blue
P42765,ACAA2,Young_Pre,-0.730628022959235,blue
P42765,ACAA2,Young_Post,-0.9195169841258022,blue
P42765,ACAA2,Old_Pre,1.1850599587177393,blue
P42765,ACAA2,Old_Post,0.4650850483672623,blue
A3KMH1,VWA8,Young_Pre,-0.7999155378758053,blue
A3KMH1,VWA8,Young_Post,-0.9292339439357847,blue
A3KMH1,VWA8,Old_Pre,0.8935613281295696,blue
A3KMH1,VWA8,Old_Post,0.8355881536820204,blue
P24752,ACAT1,Young_Pre,-0.6628750052190859,blue
P24752,ACAT1,Young_Post,-1.020782365723524,blue
P24752,ACAT1,Old_Pre,1.06682759426752,blue
P24752,ACAT1,Old_Post,0.616829776675104,blue
Q9NSE4,IARS2,Young_Pre,-0.8396641009941317,blue
Q9NSE4,IARS2,Young_Post,-0.8226009519862392,blue
Q9NSE4,IARS2,Old_Pre,0.48709087340662016,blue
Q9NSE4,IARS2,Old_Post,1.1751741795738309,blue
Q96RQ3,MCCC1,Young_Pre,-0.7063155182338178,blue
Q96RQ3,MCCC1,Young_Post,-1.011074505504343,blue
Q96RQ3,MCCC1,Old_Pre,0.9041509586941593,blue
Q96RQ3,MCCC1,Old_Post,0.8132390650440217,blue
Q9UKU7,ACAD8,Young_Pre,-0.6002856912450781,blue
Q9UKU7,ACAD8,Young_Post,-1.091283117426107,blue
Q9UKU7,ACAD8,Old_Pre,0.7507693284987369,blue
Q9UKU7,ACAD8,Old_Post,0.9407994801724393,blue
P55084,HADHB,Young_Pre,-0.6262110410398006,blue
P55084,HADHB,Young_Post,-1.0498112470724643,blue
P55084,HADHB,Old_Pre,1.0629897235648131,blue
P55084,HADHB,Old_Post,0.6130325645474373,blue
Q9Y5J7,TIMM9,Young_Pre,-0.6540208272796603,blue
Q9Y5J7,TIMM9,Young_Post,-0.9785438137045743,blue
Q9Y5J7,TIMM9,Old_Pre,0.44073265090840585,blue
Q9Y5J7,TIMM9,Old_Post,1.1918319900758598,blue
Q9BSH4,TACO1,Young_Pre,-0.4947291446345855,blue
Q9BSH4,TACO1,Young_Post,-1.1679833546847804,blue
Q9BSH4,TACO1,Old_Pre,0.8975058110036803,blue
Q9BSH4,TACO1,Old_Post,0.7652066883156757,blue
Q13011,ECH1,Young_Pre,-1.065922395235151,blue
Q13011,ECH1,Young_Post,-0.6376997611084666,blue
Q13011,ECH1,Old_Pre,0.9065113351454901,blue
Q13011,ECH1,Old_Post,0.7971108211980966,blue
Q8NI60,COQ8A,Young_Pre,-0.4781230471649737,blue
Q8NI60,COQ8A,Young_Post,-1.1590723137090337,blue
Q8NI60,COQ8A,Old_Pre,1.0280557890520468,blue
Q8NI60,COQ8A,Old_Post,0.6091395718219605,blue
Q9Y4W6,AFG3L2,Young_Pre,-0.841599268736528,blue
Q9Y4W6,AFG3L2,Young_Post,-0.8570524297891405,blue
Q9Y4W6,AFG3L2,Old_Pre,0.6100947820884944,blue
Q9Y4W6,AFG3L2,Old_Post,1.0885569164371074,blue
O75390,CS,Young_Pre,-0.7150479736991894,blue
O75390,CS,Young_Post,-1.003292240580325,blue
O75390,CS,Old_Pre,0.9128568340606317,blue
O75390,CS,Old_Post,0.8054833802188566,blue
P42126,ECI1,Young_Pre,-0.34231128220969886,blue
P42126,ECI1,Young_Post,-1.2502968026636372,blue
P42126,ECI1,Old_Pre,0.9565860366204805,blue
P42126,ECI1,Old_Post,0.6360220482528557,blue
P36776,LONP1,Young_Pre,-0.7945946004227309,blue
P36776,LONP1,Young_Post,-0.9345967189928281,blue
P36776,LONP1,Old_Pre,0.8715628777967565,blue
P36776,LONP1,Old_Post,0.8576284416188152,blue
Q9NZ45,CISD1,Young_Pre,-1.0082201131052146,blue
Q9NZ45,CISD1,Young_Post,-0.6880234213631076,blue
Q9NZ45,CISD1,Old_Pre,0.6590517919959981,blue
Q9NZ45,CISD1,Old_Post,1.037191742472324,blue
Q9P2R7,SUCLA2,Young_Pre,-0.989886315023673,blue
Q9P2R7,SUCLA2,Young_Post,-0.7317684688811231,blue
Q9P2R7,SUCLA2,Old_Pre,0.8248246572704846,blue
Q9P2R7,SUCLA2,Old_Post,0.89683012663428,blue
P40939,HADHA,Young_Pre,-0.8734626291664371,blue
P40939,HADHA,Young_Post,-0.8452323792569425,blue
P40939,HADHA,Old_Pre,1.0104914662405486,blue
P40939,HADHA,Old_Post,0.7082035421828452,blue
P17540,CKMT2,Young_Pre,-0.8517940175306882,blue
P17540,CKMT2,Young_Post,-0.8610548117293808,blue
P17540,CKMT2,Old_Pre,0.6746195646564765,blue
P17540,CKMT2,Old_Post,1.0382292646035924,blue
P27338,MAOB,Young_Pre,-0.28719368790635585,blue
P27338,MAOB,Young_Post,-1.2705567746299737,blue
P27338,MAOB,Old_Pre,0.9909035504882269,blue
P27338,MAOB,Old_Post,0.5668469120480862,blue
O95202,LETM1,Young_Pre,-1.0294908042267814,blue
O95202,LETM1,Young_Post,-0.6646432251359219,blue
O95202,LETM1,Old_Pre,0.6690880656858291,blue
O95202,LETM1,Old_Post,1.0250459636768543,blue
Q5T440,IBA57,Young_Pre,-0.6284296982661137,blue
Q5T440,IBA57,Young_Post,-1.0720620649893966,blue
Q5T440,IBA57,Old_Pre,0.9206835302892293,blue
Q5T440,IBA57,Old_Post,0.7798082329662809,blue
P31937,HIBADH,Young_Pre,-0.7402487555803803,blue
P31937,HIBADH,Young_Post,-0.9818525252008974,blue
P31937,HIBADH,Old_Pre,0.810153744689579,blue
P31937,HIBADH,Old_Post,0.9119475360917274,blue
Q6YN16,HSDL2,Young_Pre,-0.3707695624316967,blue
Q6YN16,HSDL2,Young_Post,-1.2250040789618193,blue
Q6YN16,HSDL2,Old_Pre,1.0084196932106875,blue
Q6YN16,HSDL2,Old_Post,0.5873539481828448,blue
P21397,MAOA,Young_Pre,-0.36466833749980954,blue
P21397,MAOA,Young_Post,-1.236666665906512,blue
P21397,MAOA,Old_Pre,0.9673043291058024,blue
P21397,MAOA,Old_Post,0.634030674300519,blue
P51687,SUOX,Young_Pre,-0.6913403642391126,blue
P51687,SUOX,Young_Post,-0.9684484600709989,blue
P51687,SUOX,Old_Pre,1.1513805007401678,blue
P51687,SUOX,Old_Post,0.5084083235699064,blue
Q96CM8,ACSF2,Young_Pre,-0.23075092518005907,blue
Q96CM8,ACSF2,Young_Post,-1.2686462294969747,blue
Q96CM8,ACSF2,Old_Pre,1.0761911815310485,blue
Q96CM8,ACSF2,Old_Post,0.4232059731460109,blue
O14841,OPLAH,Young_Pre,-0.5015196184884878,blue
O14841,OPLAH,Young_Post,-1.1486568073288153,blue
O14841,OPLAH,Old_Pre,1.0088332714635868,blue
O14841,OPLAH,Old_Post,0.6413431543537446,blue
P49748,ACADVL,Young_Pre,-0.5393063584583726,blue
P49748,ACADVL,Young_Post,-1.0965012893857,blue
P49748,ACADVL,Old_Pre,1.1085068553320145,blue
P49748,ACADVL,Old_Post,0.5273007925120115,blue
Q8N4T8,CBR4,Young_Pre,-0.8858079892373326,blue
Q8N4T8,CBR4,Young_Post,-0.8459378714663875,blue
Q8N4T8,CBR4,Old_Pre,0.8544391910248381,blue
Q8N4T8,CBR4,Old_Post,0.877306669678882,blue
Q9BV79,MECR,Young_Pre,-0.6890382281538934,blue
Q9BV79,MECR,Young_Post,-0.9999080320691927,blue
Q9BV79,MECR,Old_Pre,1.0671169180163702,blue
Q9BV79,MECR,Old_Post,0.6218293422067674,blue
O75521,ECI2,Young_Pre,-0.8107415338110022,blue
O75521,ECI2,Young_Post,-0.9189305402197755,blue
O75521,ECI2,Old_Pre,0.8993475261479476,blue
O75521,ECI2,Old_Post,0.8303245478827794,blue
P10809,HSPD1,Young_Pre,-1.1927503290492654,blue
P10809,HSPD1,Young_Post,-0.4319581055557146,blue
P10809,HSPD1,Old_Pre,0.6240458281383913,blue
P10809,HSPD1,Old_Post,1.0006626064666635,blue
O43488,AKR7A2,Young_Pre,-0.7345000335017073,blue
O43488,AKR7A2,Young_Post,-0.988184987687721,blue
O43488,AKR7A2,Old_Pre,0.870784167742098,blue
O43488,AKR7A2,Old_Post,0.8519008534473428,blue
Q9H9B4,SFXN1,Young_Pre,-1.0271670119285385,blue
Q9H9B4,SFXN1,Young_Post,-0.6688402920542047,blue
Q9H9B4,SFXN1,Old_Pre,0.6757245096828454,blue
Q9H9B4,SFXN1,Old_Post,1.0202827942999535,blue
Q7Z4W1,DCXR,Young_Pre,-0.7194668907591395,blue
Q7Z4W1,DCXR,Young_Post,-0.985530496994798,blue
Q7Z4W1,DCXR,Old_Pre,1.0221880961251635,blue
Q7Z4W1,DCXR,Old_Post,0.6828092916287654,blue
Q8NI37,PPTC7,Young_Pre,-0.7363953021423343,blue
Q8NI37,PPTC7,Young_Post,-0.9824836541589786,blue
Q8NI37,PPTC7,Old_Pre,0.772332087289411,blue
Q8NI37,PPTC7,Old_Post,0.9465468690119375,blue
Q16836,HADH,Young_Pre,-0.4491179622602366,blue
Q16836,HADH,Young_Post,-1.170173708997376,blue
Q16836,HADH,Old_Pre,1.0524768349311855,blue
Q16836,HADH,Old_Post,0.5668148363264425,blue
Q8N183,NDUFAF2,Young_Pre,-0.7390784193697572,blue
Q8N183,NDUFAF2,Young_Post,-0.9830105638480068,blue
Q8N183,NDUFAF2,Old_Pre,0.8127843200119569,blue
Q8N183,NDUFAF2,Old_Post,0.909304663205807,blue
P11310,ACADM,Young_Pre,-0.9786146856636403,blue
P11310,ACADM,Young_Post,-0.7344636052198719,blue
P11310,ACADM,Old_Pre,0.7232014271046051,blue
P11310,ACADM,Old_Post,0.9898768637788972,blue
Q8NFV4,ABHD11,Young_Pre,-1.0310629388324664,blue
Q8NFV4,ABHD11,Young_Post,-0.6599233847783423,blue
Q8NFV4,ABHD11,Old_Pre,0.6561614831704553,blue
Q8NFV4,ABHD11,Old_Post,1.0348248404403533,blue
P05165,PCCA,Young_Pre,-1.2056597551137622,blue
P05165,PCCA,Young_Post,-0.4355153827936901,blue
P05165,PCCA,Old_Pre,0.8912380806514,blue
P05165,PCCA,Old_Post,0.7499370572560724,blue
Q3ZCQ8,TIMM50,Young_Pre,-1.1471709023682777,blue
Q3ZCQ8,TIMM50,Young_Post,-0.5284861372725689,blue
Q3ZCQ8,TIMM50,Old_Pre,0.8179782525518655,blue
Q3ZCQ8,TIMM50,Old_Post,0.8576787870890056,blue
P53701,HCCS,Young_Pre,-0.9878731059060005,blue
P53701,HCCS,Young_Post,-0.7345083169140685,blue
P53701,HCCS,Old_Pre,0.8356429505119308,blue
P53701,HCCS,Old_Post,0.8867384723081598,blue
Q96PE7,MCEE,Young_Pre,-0.7358407122067078,blue
Q96PE7,MCEE,Young_Post,-0.9868842190364702,blue
Q96PE7,MCEE,Old_Pre,0.8801692478092588,blue
Q96PE7,MCEE,Old_Post,0.8425556834339113,blue
O43615,TIMM44,Young_Pre,-0.9469221364421306,blue
O43615,TIMM44,Young_Post,-0.7760177504076925,blue
O43615,TIMM44,Old_Pre,0.7696168223046828,blue
O43615,TIMM44,Old_Post,0.9533230645451188,blue
P31040,SDHA,Young_Pre,-1.1501768893512594,blue
P31040,SDHA,Young_Post,-0.5210506266747869,blue
P31040,SDHA,Old_Pre,0.9030624884785529,blue
P31040,SDHA,Old_Post,0.7681650275474642,blue
Q7Z2K6,ERMP1,Young_Pre,-1.1929352973469678,blue
Q7Z2K6,ERMP1,Young_Post,-0.43283315111333764,blue
Q7Z2K6,ERMP1,Old_Pre,0.6284942629572065,blue
Q7Z2K6,ERMP1,Old_Post,0.9972741855031031,blue
Q8NE62,CHDH,Young_Pre,-0.7170623968370385,blue
Q8NE62,CHDH,Young_Post,-0.8403852765875433,blue
Q8NE62,CHDH,Old_Pre,0.24639288786123015,blue
Q8NE62,CHDH,Old_Post,1.311054785563366,blue
P53597,SUCLG1,Young_Pre,-0.9491153146930494,blue
P53597,SUCLG1,Young_Post,-0.7787406280909305,blue
P53597,SUCLG1,Old_Pre,0.8641204142676454,blue
P53597,SUCLG1,Old_Post,0.8637355285164371,blue
Q13907,IDI1,Young_Pre,-0.7619134431378866,blue
Q13907,IDI1,Young_Post,-0.8910235489322732,blue
Q13907,IDI1,Old_Pre,1.186652192596247,blue
Q13907,IDI1,Old_Post,0.4662847994739128,blue
Q9NTG7,SIRT3,Young_Pre,-0.08633683760207587,blue
Q9NTG7,SIRT3,Young_Post,-1.3534795171375915,blue
Q9NTG7,SIRT3,Old_Pre,0.4708062108240186,blue
Q9NTG7,SIRT3,Old_Post,0.9690101439156323,blue
Q99541,PLIN2,Young_Pre,-0.7884582983672107,blue
Q99541,PLIN2,Young_Post,-0.8667100701293933,blue
Q99541,PLIN2,Old_Pre,1.1863013444430346,blue
Q99541,PLIN2,Old_Post,0.46886702405355146,blue
P23786,CPT2,Young_Pre,-0.5428061522442604,blue
P23786,CPT2,Young_Post,-1.0932908702548212,blue
P23786,CPT2,Old_Pre,1.1110244663961306,blue
P23786,CPT2,Old_Post,0.5250725561028963,blue
Q9BPX6,MICU1,Young_Pre,-0.8204498595578232,blue
Q9BPX6,MICU1,Young_Post,-0.9059298834177423,blue
Q9BPX6,MICU1,Old_Pre,0.9525195020815858,blue
Q9BPX6,MICU1,Old_Post,0.7738602408939952,blue
Q9H9P8,L2HGDH,Young_Pre,-0.42735845805502176,blue
Q9H9P8,L2HGDH,Young_Post,-1.2095358567355823,blue
Q9H9P8,L2HGDH,Old_Pre,0.9041100452255293,blue
Q9H9P8,L2HGDH,Old_Post,0.7327842695650925,blue
Q9Y305,ACOT9,Young_Pre,-1.0568838482855596,blue
Q9Y305,ACOT9,Young_Post,-0.6184916947541692,blue
Q9Y305,ACOT9,Old_Pre,0.6174345653622826,blue
Q9Y305,ACOT9,Old_Post,1.0579409776774462,blue
Q9NZJ6,COQ3,Young_Pre,-0.35635473528105677,blue
Q9NZJ6,COQ3,Young_Post,-1.2365987778785255,blue
Q9NZJ6,COQ3,Old_Pre,0.9902347469290336,blue
Q9NZJ6,COQ3,Old_Post,0.6027187662305682,blue
Q00059,TFAM,Young_Pre,-0.7699609077239803,blue
Q00059,TFAM,Young_Post,-0.9116390080670176,blue
Q00059,TFAM,Old_Pre,1.125567741495827,blue
Q00059,TFAM,Old_Post,0.5560321742951856,blue
Q13510,ASAH1,Young_Pre,-0.6878196553818672,blue
Q13510,ASAH1,Young_Post,-1.0165365949442273,blue
Q13510,ASAH1,Old_Pre,0.995604689642553,blue
Q13510,ASAH1,Old_Post,0.708751560683517,blue
P13797,PLS3,Young_Pre,-0.7664132243285054,blue
P13797,PLS3,Young_Post,-0.8562499244141513,blue
P13797,PLS3,Old_Pre,0.3853450784753277,blue
P13797,PLS3,Old_Post,1.237318070267297,blue
Q16698,DECR1,Young_Pre,-1.0881216033938985,blue
Q16698,DECR1,Young_Post,-0.5223727357142329,blue
Q16698,DECR1,Old_Pre,0.4543397080629689,blue
Q16698,DECR1,Old_Post,1.1561546310451625,blue
O43772,SLC25A20,Young_Pre,-0.5829687281850708,blue
O43772,SLC25A20,Young_Post,-1.0994465743287074,blue
O43772,SLC25A20,Old_Pre,0.7068497949758781,blue
O43772,SLC25A20,Old_Post,0.975565507537915,blue
P33121,ACSL1,Young_Pre,-0.8834302177100601,blue
P33121,ACSL1,Young_Post,-0.8076676802143126,blue
P33121,ACSL1,Old_Pre,1.1075774956817666,blue
P33121,ACSL1,Old_Post,0.5835204022425379,blue
Q9NQ50,MRPL40,Young_Pre,-1.0407349318620949,blue
Q9NQ50,MRPL40,Young_Post,-0.6247800136207954,blue
Q9NQ50,MRPL40,Old_Pre,0.5686072130704719,blue
Q9NQ50,MRPL40,Old_Post,1.096907732412453,blue
Q8N5M1,ATPAF2,Young_Pre,-0.43365173506721416,blue
Q8N5M1,ATPAF2,Young_Post,-1.0890199549556185,blue
Q8N5M1,ATPAF2,Old_Pre,1.2444078751389804,blue
Q8N5M1,ATPAF2,Old_Post,0.27826381488390667,blue
Q7L0Y3,TRMT10C,Young_Pre,-1.0300558834533677,blue
Q7L0Y3,TRMT10C,Young_Post,-0.6683900290097545,blue
Q7L0Y3,TRMT10C,Old_Pre,0.6912983107480446,blue
Q7L0Y3,TRMT10C,Old_Post,1.0071476017150323,blue
Q9UBR2,CTSZ,Young_Pre,-1.074515835591565,blue
Q9UBR2,CTSZ,Young_Post,-0.6284861410460609,blue
Q9UBR2,CTSZ,Old_Pre,0.8389905254941776,blue
Q9UBR2,CTSZ,Old_Post,0.8640114511434417,blue
P52815,MRPL12,Young_Pre,-0.8183059234987392,blue
P52815,MRPL12,Young_Post,-0.870512241341404,blue
P52815,MRPL12,Old_Pre,0.57373357900812,blue
P52815,MRPL12,Old_Post,1.115084585832023,blue
P26440,IVD,Young_Pre,-0.7439336128010284,blue
P26440,IVD,Young_Post,-0.9772378050223574,blue
P26440,IVD,Old_Pre,0.9325354393274113,blue
P26440,IVD,Old_Post,0.7886359784959893,blue
Q9UII2,ATP5IF1,Young_Pre,-1.0798909385489721,blue
Q9UII2,ATP5IF1,Young_Post,-0.5870839045138418,blue
Q9UII2,ATP5IF1,Old_Pre,0.6101429720834126,blue
Q9UII2,ATP5IF1,Old_Post,1.0568318709794016,blue
P21912,SDHB,Young_Pre,-0.8794875967670704,blue
P21912,SDHB,Young_Post,-0.7887278610304179,blue
P21912,SDHB,Old_Pre,1.160404006497817,blue
P21912,SDHB,Old_Post,0.5078114512996714,blue
Q9Y2Q3,GSTK1,Young_Pre,-1.0769273599934115,blue
Q9Y2Q3,GSTK1,Young_Post,-0.4564488606932396,blue
Q9Y2Q3,GSTK1,Old_Pre,0.2890582422519246,blue
Q9Y2Q3,GSTK1,Old_Post,1.2443179784346492,blue
Q9NRG7,SDR39U1,Young_Pre,-0.6989409631491922,blue
Q9NRG7,SDR39U1,Young_Post,-0.9842407327769896,blue
Q9NRG7,SDR39U1,Old_Pre,1.0927893742567785,blue
Q9NRG7,SDR39U1,Old_Post,0.5903923216693898,blue
Q92523,CPT1B,Young_Pre,-0.0856801641834078,blue
Q92523,CPT1B,Young_Post,-1.247258071289338,blue
Q92523,CPT1B,Old_Pre,1.1902267159039286,blue
Q92523,CPT1B,Old_Post,0.1427115195688642,blue
O75439,PMPCB,Young_Pre,-0.7695966743603926,blue
O75439,PMPCB,Young_Post,-0.9131839554921574,blue
O75439,PMPCB,Old_Pre,0.5603736800612612,blue
O75439,PMPCB,Old_Post,1.12240694979126,blue
Q9HCC0,MCCC2,Young_Pre,-0.6724728232024351,blue
Q9HCC0,MCCC2,Young_Post,-1.0395192491689993,blue
Q9HCC0,MCCC2,Old_Pre,0.826656602568124,blue
Q9HCC0,MCCC2,Old_Post,0.8853354698032793,blue
Q86UT6,NLRX1,Young_Pre,-0.5254841865368651,blue
Q86UT6,NLRX1,Young_Post,-1.0214949426764242,blue
Q86UT6,NLRX1,Old_Pre,1.2653443392482235,blue
Q86UT6,NLRX1,Old_Post,0.2816347899650445,blue
Q92506,HSD17B8,Young_Pre,-0.9621925331594438,blue
Q92506,HSD17B8,Young_Post,-0.763938749589068,blue
Q92506,HSD17B8,Old_Pre,0.8428355478612619,blue
Q92506,HSD17B8,Old_Post,0.883295734887195,blue
Q9NR19,ACSS2,Young_Pre,-0.06053742074515577,blue
Q9NR19,ACSS2,Young_Post,-1.3407243078186921,blue
Q9NR19,ACSS2,Old_Pre,1.0300442331247366,blue
Q9NR19,ACSS2,Old_Post,0.3712174954391112,blue
Q8N335,GPD1L,Young_Pre,-0.621816076800047,blue
Q8N335,GPD1L,Young_Post,-1.002886165543101,blue
Q8N335,GPD1L,Old_Pre,1.1916500912847467,blue
Q8N335,GPD1L,Old_Post,0.4330521510584012,blue
Q9NX40,OCIAD1,Young_Pre,-0.14438529399047817,blue
Q9NX40,OCIAD1,Young_Post,-1.3544911856625812,blue
Q9NX40,OCIAD1,Old_Pre,0.8523730838129818,blue
Q9NX40,OCIAD1,Old_Post,0.6465033958401197,blue
P26583,HMGB2,Young_Pre,-0.7741249176003698,blue
P26583,HMGB2,Young_Post,-0.9202923722281092,blue
P26583,HMGB2,Old_Pre,1.0903830530394838,blue
P26583,HMGB2,Old_Post,0.6040342367890038,blue
O15382,BCAT2,Young_Pre,-0.7812242899180425,blue
O15382,BCAT2,Young_Post,-0.9334863680057307,blue
O15382,BCAT2,Old_Pre,1.0125575992269582,blue
O15382,BCAT2,Old_Post,0.7021530586967906,blue
P62072,TIMM10,Young_Pre,-0.7311191973045544,blue
P62072,TIMM10,Young_Post,-0.9255314921549456,blue
P62072,TIMM10,Old_Pre,1.1722805910328484,blue
P62072,TIMM10,Old_Post,0.48437009842666756,blue
Q02252,ALDH6A1,Young_Pre,-0.514716298132089,blue
Q02252,ALDH6A1,Young_Post,-0.9625530363467724,blue
Q02252,ALDH6A1,Old_Pre,1.3375488686744124,blue
Q02252,ALDH6A1,Old_Post,0.13972046580443273,blue
Q9BXW7,HDHD5,Young_Pre,-0.7965832382381113,blue
Q9BXW7,HDHD5,Young_Post,-0.8402489829172889,blue
Q9BXW7,HDHD5,Old_Pre,0.41852429323316875,blue
Q9BXW7,HDHD5,Old_Post,1.2183079279222568,blue
Q6P587,FAHD1,Young_Pre,-0.4039040003476712,blue
Q6P587,FAHD1,Young_Post,-1.2267461539362297,blue
Q6P587,FAHD1,Old_Pre,0.7803574530258417,blue
Q6P587,FAHD1,Old_Post,0.8502927012581243,blue
Q9H223,EHD4,Young_Pre,-0.6157238677871918,blue
Q9H223,EHD4,Young_Post,-0.9972292229624932,blue
Q9H223,EHD4,Old_Pre,0.40298605042653823,blue
Q9H223,EHD4,Old_Post,1.2099670403231741,blue
P45954,ACADSB,Young_Pre,-0.7568595367223397,blue
P45954,ACADSB,Young_Post,-0.9445077154765926,blue
P45954,ACADSB,Old_Pre,1.0601395327363092,blue
P45954,ACADSB,Old_Post,0.6412277194626517,blue
Q9Y2Z0,SUGT1,Young_Pre,-1.2570227551386768,blue
Q9Y2Z0,SUGT1,Young_Post,-0.34266115754543436,blue
Q9Y2Z0,SUGT1,Old_Pre,0.6926439761300127,blue
Q9Y2Z0,SUGT1,Old_Post,0.9070399365540636,blue
Q9BUK0,CHCHD7,Young_Pre,-0.3088041368017902,blue
Q9BUK0,CHCHD7,Young_Post,-1.2804783218159497,blue
Q9BUK0,CHCHD7,Old_Pre,0.8270904651899061,blue
Q9BUK0,CHCHD7,Old_Post,0.7621919934278076,blue
Q8IW45,NAXD,Young_Pre,-0.6106145825167927,blue
Q8IW45,NAXD,Young_Post,-1.0686479757226275,blue
Q8IW45,NAXD,Old_Pre,1.033512642135051,blue
Q8IW45,NAXD,Old_Post,0.6457499161043693,blue
O75208,COQ9,Young_Pre,0.031595174942455256,blue
O75208,COQ9,Young_Post,-1.3325309589585559,blue
O75208,COQ9,Old_Pre,1.084717838047514,blue
O75208,COQ9,Old_Post,0.21621794596858657,blue
Q9NR28,DIABLO,Young_Pre,-0.2122112764000267,blue
Q9NR28,DIABLO,Young_Post,-1.3275013635718784,blue
Q9NR28,DIABLO,Old_Pre,0.8304739619675943,blue
Q9NR28,DIABLO,Old_Post,0.7092386780043248,blue
Q96C11,FGGY,Young_Pre,-0.6176439724493243,blue
Q96C11,FGGY,Young_Post,-1.0827701621341002,blue
Q96C11,FGGY,Old_Pre,0.8647085283137942,blue
Q96C11,FGGY,Old_Post,0.8357056062696392,blue
P07858,CTSB,Young_Pre,-0.9618623415365893,blue
P07858,CTSB,Young_Post,-0.7272631280879392,blue
P07858,CTSB,Old_Pre,0.6002916227356128,blue
P07858,CTSB,Old_Post,1.088833846888927,blue
Q96GK7,FAHD2A,Young_Pre,-1.0195255773391296,blue
Q96GK7,FAHD2A,Young_Post,-0.6606505604562735,blue
Q96GK7,FAHD2A,Old_Pre,0.6027986811119768,blue
Q96GK7,FAHD2A,Old_Post,1.0773774566834908,blue
Q9UM22,EPDR1,Young_Pre,-0.629411419567039,blue
Q9UM22,EPDR1,Young_Post,-1.069026718356327,blue
Q9UM22,EPDR1,Old_Pre,0.9458552065671381,blue
Q9UM22,EPDR1,Old_Post,0.7525829313562353,blue
Q16543,CDC37,Young_Pre,-0.7515035002582603,blue
Q16543,CDC37,Young_Post,-0.9728968082954095,blue
Q16543,CDC37,Old_Pre,0.8933134748822602,blue
Q16543,CDC37,Old_Post,0.8310868336714097,blue
Q9Y2R0,COA3,Young_Pre,-0.8075817140757909,blue
Q9Y2R0,COA3,Young_Post,-0.8941001963671085,blue
Q9Y2R0,COA3,Old_Pre,1.075046164552553,blue
Q9Y2R0,COA3,Old_Post,0.6266357458903462,blue
P82909,MRPS36,Young_Pre,-1.120525028818946,blue
P82909,MRPS36,Young_Post,-0.4152935512924615,blue
P82909,MRPS36,Old_Pre,1.2109587063387393,blue
P82909,MRPS36,Old_Post,0.3248598737726826,blue
P22033,MMUT,Young_Pre,-1.07503491803313,blue
P22033,MMUT,Young_Post,-0.6138116711607627,blue
P22033,MMUT,Old_Pre,0.7004897049791522,blue
P22033,MMUT,Old_Post,0.9883568842146818,blue
Q96Q06,PLIN4,Young_Pre,-0.3823440798938364,blue
Q96Q06,PLIN4,Young_Post,-1.1765724287292747,blue
Q96Q06,PLIN4,Old_Pre,1.1360953135856733,blue
Q96Q06,PLIN4,Old_Post,0.42282119503745524,blue
Q6PCB7,SLC27A1,Young_Pre,-0.19358330459453438,blue
Q6PCB7,SLC27A1,Young_Post,-1.2171275795258998,blue
Q6PCB7,SLC27A1,Old_Pre,1.198342946999115,blue
Q6PCB7,SLC27A1,Old_Post,0.21236793712131172,blue
P54819,AK2,Young_Pre,-0.6436729868112788,blue
P54819,AK2,Young_Post,-1.0617836642819587,blue
P54819,AK2,Old_Pre,0.8975018776412623,blue
P54819,AK2,Old_Post,0.8079547734519751,blue
P15104,GLUL,Young_Pre,-0.452461460238649,blue
P15104,GLUL,Young_Post,-1.1474011819176337,blue
P15104,GLUL,Old_Pre,1.1153428917672057,blue
P15104,GLUL,Old_Post,0.48451975038907696,blue
O60313,OPA1,Young_Pre,-1.1748805954137265,blue
O60313,OPA1,Young_Post,-0.3842137339438171,blue
O60313,OPA1,Old_Pre,0.42132388985434593,blue
O60313,OPA1,Old_Post,1.1377704395031718,blue
P49406,MRPL19,Young_Pre,-1.3963157619757633,blue
P49406,MRPL19,Young_Post,0.21270052187533456,blue
P49406,MRPL19,Old_Pre,0.2015588131634135,blue
P49406,MRPL19,Old_Post,0.9820564269369451,blue
Q9NXA8,SIRT5,Young_Pre,-1.2411748318711784,blue
Q9NXA8,SIRT5,Young_Post,-0.3788653593230124,blue
Q9NXA8,SIRT5,Old_Pre,0.7671192465822393,blue
Q9NXA8,SIRT5,Old_Post,0.8529209446119228,blue
Q9H479,FN3K,Young_Pre,-0.4843517446733523,blue
Q9H479,FN3K,Young_Post,-1.1767223702123175,blue
Q9H479,FN3K,Old_Pre,0.8544561220376291,blue
Q9H479,FN3K,Old_Post,0.8066179928480406,blue
Q16134,ETFDH,Young_Pre,-1.2820545582393323,blue
Q16134,ETFDH,Young_Post,-0.25496806029684493,blue
Q16134,ETFDH,Old_Pre,1.0031473390888017,blue
Q16134,ETFDH,Old_Post,0.5338752794476174,blue
Q9UGM6,WARS2,Young_Pre,-0.6766385607938483,blue
Q9UGM6,WARS2,Young_Post,-1.0135396887966384,blue
Q9UGM6,WARS2,Old_Pre,1.053111118327742,blue
Q9UGM6,WARS2,Old_Post,0.637067131262739,blue
Q8N0U4,FAM185A,Young_Pre,0.2830572186107155,blue
Q8N0U4,FAM185A,Young_Post,-1.4365243007535577,blue
Q8N0U4,FAM185A,Old_Pre,0.8857912942044845,blue
Q8N0U4,FAM185A,Old_Post,0.2676757879383425,blue
Q8N4Q1,CHCHD4,Young_Pre,-1.107967943838343,blue
Q8N4Q1,CHCHD4,Young_Post,-0.501232850139671,blue
Q8N4Q1,CHCHD4,Old_Pre,0.46814158249764265,blue
Q8N4Q1,CHCHD4,Old_Post,1.1410592114803242,blue
P01889,HLA-B,Young_Pre,-0.4901745668961651,blue
P01889,HLA-B,Young_Post,-1.1676715740935875,blue
P01889,HLA-B,Old_Pre,0.7239347963289912,blue
P01889,HLA-B,Old_Post,0.933911344660757,blue
P60953,CDC42,Young_Pre,-0.690793085184403,blue
P60953,CDC42,Young_Post,-1.0086422491218858,blue
P60953,CDC42,Old_Pre,1.0249396677743206,blue
P60953,CDC42,Old_Post,0.6744956665319829,blue
Q86YB7,ECHDC2,Young_Pre,0.06805723167036211,blue
Q86YB7,ECHDC2,Young_Post,-1.3017959350082304,blue
Q86YB7,ECHDC2,Old_Pre,1.136311342056944,blue
Q86YB7,ECHDC2,Old_Post,0.09742736128090873,blue
Q13435,SF3B2,Young_Pre,-0.8446437234644121,blue
Q13435,SF3B2,Young_Post,-0.8807633545374397,blue
Q13435,SF3B2,Old_Pre,0.7570671311987706,blue
Q13435,SF3B2,Old_Post,0.9683399468030812,blue
Q13825,AUH,Young_Pre,-0.7823734359153625,blue
Q13825,AUH,Young_Post,-0.936953100501559,blue
Q13825,AUH,Old_Pre,0.7332337921736366,blue
Q13825,AUH,Old_Post,0.9860927442432451,blue
P40926,MDH2,Young_Pre,-1.093799731809435,blue
P40926,MDH2,Young_Post,-0.559388018349818,blue
P40926,MDH2,Old_Pre,0.5774229267510085,blue
P40926,MDH2,Old_Post,1.0757648234082446,blue
P24298,GPT,Young_Pre,-0.08049499413641409,blue
P24298,GPT,Young_Post,-1.2990354226276628,blue
P24298,GPT,Old_Pre,1.1107613136424583,blue
P24298,GPT,Old_Post,0.2687691031216722,blue
P30533,LRPAP1,Young_Pre,-0.5616769744394908,blue
P30533,LRPAP1,Young_Post,-1.1237181153468,blue
P30533,LRPAP1,Old_Pre,0.8700678690423586,blue
P30533,LRPAP1,Old_Post,0.8153272207439323,blue
Q8WY91,THAP4,Young_Pre,-1.2199823538852983,blue
Q8WY91,THAP4,Young_Post,-0.3503902037356799,blue
Q8WY91,THAP4,Old_Pre,0.506049415900926,blue
Q8WY91,THAP4,Old_Post,1.0643231417200731,blue
Q96FW1,OTUB1,Young_Pre,-0.7991246993949702,blue
Q96FW1,OTUB1,Young_Post,-0.9045303485843487,blue
Q96FW1,OTUB1,Old_Pre,1.0663086444339211,blue
Q96FW1,OTUB1,Old_Post,0.6373464035454103,blue
O43765,SGTA,Young_Pre,-0.5115518908365814,blue
O43765,SGTA,Young_Post,-1.1392434145376436,blue
O43765,SGTA,Old_Pre,1.0227254704058595,blue
O43765,SGTA,Old_Post,0.6280698349684074,blue
O00429,DNM1L,Young_Pre,-1.002115715859863,blue
O00429,DNM1L,Young_Post,-0.5777084093597751,blue
O00429,DNM1L,Old_Pre,1.2449367610981343,blue
O00429,DNM1L,Old_Post,0.3348873641213712,blue
P40925,MDH1,Young_Pre,-0.2862076623392889,blue
P40925,MDH1,Young_Post,-1.20578887146665,blue
P40925,MDH1,Old_Pre,1.1650039607909164,blue
P40925,MDH1,Old_Post,0.32699257301495227,blue
Q9BUR5,APOO,Young_Pre,0.07568639520967912,blue
Q9BUR5,APOO,Young_Post,-1.4367590215162829,blue
Q9BUR5,APOO,Old_Pre,0.7237551552893442,blue
Q9BUR5,APOO,Old_Post,0.6373174710172596,blue
Q01085,TIAL1,Young_Pre,-1.0903346194544838,blue
Q01085,TIAL1,Young_Post,-0.5979989796510744,blue
Q01085,TIAL1,Old_Pre,0.7251448120442137,blue
Q01085,TIAL1,Old_Post,0.963188787061333,blue
P48449,LSS,Young_Pre,-0.9307949961555593,blue
P48449,LSS,Young_Post,-0.7939780568689586,blue
P48449,LSS,Old_Pre,0.9512641899675669,blue
P48449,LSS,Old_Post,0.7735088630569883,blue
Q86SX6,GLRX5,Young_Pre,-0.39131487200191317,blue
Q86SX6,GLRX5,Young_Post,-1.1821842026796812,blue
Q86SX6,GLRX5,Old_Pre,1.1118368432086074,blue
Q86SX6,GLRX5,Old_Post,0.46166223147302365,blue
Q92947,GCDH,Young_Pre,-0.814686729173718,blue
Q92947,GCDH,Young_Post,-0.8979271936551173,blue
Q92947,GCDH,Old_Pre,1.0344769138043886,blue
Q92947,GCDH,Old_Post,0.6781370090244466,blue
Q6UWP2,DHRS11,Young_Pre,-0.4692013807394239,blue
Q6UWP2,DHRS11,Young_Post,-1.1771567375870622,blue
Q6UWP2,DHRS11,Old_Pre,0.6837076417046427,blue
Q6UWP2,DHRS11,Old_Post,0.9626504766218518,blue
Q9NVS9,PNPO,Young_Pre,-0.6618285636923399,blue
Q9NVS9,PNPO,Young_Post,-1.013692253694705,blue
Q9NVS9,PNPO,Old_Pre,1.0934222579511108,blue
Q9NVS9,PNPO,Old_Post,0.5820985594359245,blue
P08311,CTSG,Young_Pre,-0.13171805988635701,blue
P08311,CTSG,Young_Post,-1.3647025797285697,blue
P08311,CTSG,Old_Pre,0.7655287528948553,blue
P08311,CTSG,Old_Post,0.7308918867200597,blue
Q9Y5L4,TIMM13,Young_Pre,-0.911064248257314,blue
Q9Y5L4,TIMM13,Young_Post,-0.6384739300959077,blue
Q9Y5L4,TIMM13,Old_Pre,0.24477913972108822,blue
Q9Y5L4,TIMM13,Old_Post,1.3047590386322774,blue
P36957,DLST,Young_Pre,-0.6480214230621836,blue
P36957,DLST,Young_Post,-1.0543466214863066,blue
P36957,DLST,Old_Pre,0.752713322411131,blue
P36957,DLST,Old_Post,0.9496547221372986,blue
Q16555,DPYSL2,Young_Pre,-0.9894773174002572,blue
Q16555,DPYSL2,Young_Post,-0.7285010529446962,blue
Q16555,DPYSL2,Old_Pre,0.7738539582619496,blue
Q16555,DPYSL2,Old_Post,0.9441244120830539,blue
Q86U28,ISCA2,Young_Pre,-0.36222951571946777,blue
Q86U28,ISCA2,Young_Post,-1.2202773521694896,blue
Q86U28,ISCA2,Old_Pre,0.5387173293316924,blue
Q86U28,ISCA2,Old_Post,1.043789538557265,blue
Q12931,TRAP1,Young_Pre,-0.8521404278083989,blue
Q12931,TRAP1,Young_Post,-0.8560108480336374,blue
Q12931,TRAP1,Old_Pre,1.056821450162534,blue
Q12931,TRAP1,Old_Post,0.6513298256794406,blue
Q96MF6,COQ10A,Young_Pre,-0.011797646474167707,blue
Q96MF6,COQ10A,Young_Post,-1.3740495476640335,blue
Q96MF6,COQ10A,Old_Pre,0.41763971327677535,blue
Q96MF6,COQ10A,Old_Post,0.9682074808614258,blue
P61086,UBE2K,Young_Pre,-0.639597825250431,blue
P61086,UBE2K,Young_Post,-0.9589600352841623,blue
P61086,UBE2K,Old_Pre,1.2429097767625974,blue
P61086,UBE2K,Old_Post,0.3556480837719614,blue
P52564,MAP2K6,Young_Pre,-0.4861109371034727,blue
P52564,MAP2K6,Young_Post,-1.174296314235151,blue
P52564,MAP2K6,Old_Pre,0.8860972883385001,blue
P52564,MAP2K6,Old_Post,0.7743099630001407,blue
Q9NRV9,HEBP1,Young_Pre,-0.5533282468261836,blue
Q9NRV9,HEBP1,Young_Post,-0.8860440281525607,blue
Q9NRV9,HEBP1,Old_Pre,0.059058572801558316,blue
Q9NRV9,HEBP1,Old_Post,1.380313702177186,blue
Q9NP81,SARS2,Young_Pre,-1.3890452694168363,blue
Q9NP81,SARS2,Young_Post,-0.06896167427638193,blue
Q9NP81,SARS2,Old_Pre,0.6908891499791011,blue
Q9NP81,SARS2,Old_Post,0.767117793714148,blue
P00167,CYB5A,Young_Pre,-1.136699728542392,blue
P00167,CYB5A,Young_Post,-0.5083241310638184,blue
P00167,CYB5A,Old_Pre,1.0421349654494252,blue
P00167,CYB5A,Old_Post,0.6028888941567853,blue
P52566,ARHGDIB,Young_Pre,-1.0830379025676493,blue
P52566,ARHGDIB,Young_Post,-0.5979902698558978,blue
P52566,ARHGDIB,Old_Pre,1.0086043603484438,blue
P52566,ARHGDIB,Old_Post,0.6724238120751259,blue
Q9UJ70,NAGK,Young_Pre,-1.2354666445096887,blue
Q9UJ70,NAGK,Young_Post,-0.1866499796678041,blue
Q9UJ70,NAGK,Old_Pre,0.24868610865691457,blue
Q9UJ70,NAGK,Old_Post,1.173430515520651,blue
Q00G26,PLIN5,Young_Pre,-0.302838546439791,blue
Q00G26,PLIN5,Young_Post,-1.1464302311471777,blue
Q00G26,PLIN5,Old_Pre,1.2460730453283861,blue
Q00G26,PLIN5,Old_Post,0.20319573225859208,blue
Q9UHQ9,CYB5R1,Young_Pre,-0.7717310134341938,blue
Q9UHQ9,CYB5R1,Young_Post,-0.8769855027888147,blue
Q9UHQ9,CYB5R1,Old_Pre,1.1959727057374907,blue
Q9UHQ9,CYB5R1,Old_Post,0.4527438104856076,blue
Q96DC8,ECHDC3,Young_Pre,-0.3166093727968571,blue
Q96DC8,ECHDC3,Young_Post,-1.0890231479540353,blue
Q96DC8,ECHDC3,Old_Pre,1.3052636425513535,blue
Q96DC8,ECHDC3,Old_Post,0.1003688781995511,blue
P53985,SLC16A1,Young_Pre,-1.3832757222114238,blue
P53985,SLC16A1,Young_Post,0.0767882124146291,blue
P53985,SLC16A1,Old_Pre,0.31619995941550216,blue
P53985,SLC16A1,Old_Post,0.9902875503813344,blue
Q9Y508,RNF114,Young_Pre,-0.7315315545947814,blue
Q9Y508,RNF114,Young_Post,-0.8956024643119306,blue
Q9Y508,RNF114,Old_Pre,1.2252557588799082,blue
Q9Y508,RNF114,Old_Post,0.4018782600267894,blue
Q02338,BDH1,Young_Pre,0.1385161253720468,blue
Q02338,BDH1,Young_Post,-1.1246493929021912,blue
Q02338,BDH1,Old_Pre,1.27720552943083,blue
Q02338,BDH1,Old_Post,-0.2910722619006509,blue
P16219,ACADS,Young_Pre,-0.44426025401790054,blue
P16219,ACADS,Young_Post,-1.008920147277087,blue
P16219,ACADS,Old_Pre,1.3302649159389306,blue
P16219,ACADS,Old_Post,0.12291548535608209,blue
P61916,NPC2,Young_Pre,-0.7420218169617133,blue
P61916,NPC2,Young_Post,-0.9798607017709728,blue
P61916,NPC2,Old_Pre,0.9194088748433329,blue
P61916,NPC2,Old_Post,0.8024736438893502,blue
Q7Z434,MAVS,Young_Pre,-1.2257227559261537,blue
Q7Z434,MAVS,Young_Post,-0.13939196347186644,blue
Q7Z434,MAVS,Old_Pre,1.2052448894745336,blue
Q7Z434,MAVS,Old_Post,0.15986982992350934,blue
Q8IWW8,ADHFE1,Young_Pre,-0.7674220395595311,blue
Q8IWW8,ADHFE1,Young_Post,-0.943987804149409,blue
Q8IWW8,ADHFE1,Old_Pre,1.0222711432854439,blue
Q8IWW8,ADHFE1,Old_Post,0.6891387004234618,blue
P49753,ACOT2,Young_Pre,-0.37218919034636466,blue
P49753,ACOT2,Young_Post,-1.229908286606911,blue
P49753,ACOT2,Old_Pre,0.9819391062342155,blue
P49753,ACOT2,Old_Post,0.6201583707190603,blue
Q9UKG1,APPL1,Young_Pre,-1.3328432104104349,blue
Q9UKG1,APPL1,Young_Post,-0.1979907700290298,blue
Q9UKG1,APPL1,Old_Pre,0.6860372270175112,blue
Q9UKG1,APPL1,Old_Post,0.844796753421935,blue
Q01518,CAP1,Young_Pre,-0.9520324784746049,blue
Q01518,CAP1,Young_Post,-0.709198679296353,blue
Q01518,CAP1,Old_Pre,0.5059411932009493,blue
Q01518,CAP1,Old_Post,1.155289964570025,blue
O96011,PEX11B,Young_Pre,-0.5944066059211478,blue
O96011,PEX11B,Young_Post,-1.0177959270870713,blue
O96011,PEX11B,Old_Pre,1.2005462778321807,blue
O96011,PEX11B,Old_Post,0.41165625517604626,blue
P20231,TPSB2,Young_Pre,-0.6926380019716176,blue
P20231,TPSB2,Young_Post,-1.0193562716194022,blue
P20231,TPSB2,Old_Pre,0.7673879010164077,blue
P20231,TPSB2,Old_Post,0.9446063725746235,blue
P17174,GOT1,Young_Pre,-0.03823066479164192,blue
P17174,GOT1,Young_Post,-1.2938509288052789,blue
P17174,GOT1,Old_Pre,1.1336236794510857,blue
P17174,GOT1,Old_Post,0.1984579141457674,blue
P12277,CKB,Young_Pre,-0.7092701813075655,blue
P12277,CKB,Young_Post,-0.9925747859593628,blue
P12277,CKB,Old_Pre,1.0292381557990387,blue
P12277,CKB,Old_Post,0.6726068114679274,blue
P07451,CA3,Young_Pre,-1.1871191520468345,blue
P07451,CA3,Young_Post,-0.45624346865222226,blue
P07451,CA3,Old_Pre,0.9487042700859645,blue
P07451,CA3,Old_Post,0.6946583506130553,blue
Q6NVY1,HIBCH,Young_Pre,-1.1513362016434734,blue
Q6NVY1,HIBCH,Young_Post,-0.3392953203699611,blue
Q6NVY1,HIBCH,Old_Pre,0.27186435423394895,blue
Q6NVY1,HIBCH,Old_Post,1.2187671677794667,blue
P15090,FABP4,Young_Pre,-0.7762985483974457,blue
P15090,FABP4,Young_Post,-0.8610717277050086,blue
P15090,FABP4,Old_Pre,1.2158156789135364,blue
P15090,FABP4,Old_Post,0.4215545971889604,blue
P51553,IDH3G,Young_Pre,-1.230783778261228,blue
P51553,IDH3G,Young_Post,0.2069347087955996,blue
P51553,IDH3G,Old_Pre,-0.16565050131184114,blue
P51553,IDH3G,Old_Post,1.1894995707774898,blue
P27348,YWHAQ,Young_Pre,-1.0647214260482398,blue
P27348,YWHAQ,Young_Post,-0.6339826378742713,blue
P27348,YWHAQ,Old_Pre,0.7453410916853305,blue
P27348,YWHAQ,Old_Post,0.953362972237281,blue
O43837,IDH3B,Young_Pre,-1.1540615911526428,blue
O43837,IDH3B,Young_Post,0.2404224524167493,blue
O43837,IDH3B,Old_Pre,-0.31550505483006674,blue
O43837,IDH3B,Old_Post,1.2291441935659229,blue
P53041,PPP5C,Young_Pre,-1.3166987275276014,blue
P53041,PPP5C,Young_Post,-0.2340483576473595,blue
P53041,PPP5C,Old_Pre,0.8428923033896266,blue
P53041,PPP5C,Old_Post,0.7078547817852887,blue
P67936,TPM4,Young_Pre,-1.3133223912430219,blue
P67936,TPM4,Young_Post,-0.15533191241187475,blue
P67936,TPM4,Old_Pre,0.4405725247795017,blue
P67936,TPM4,Old_Post,1.0280817788753949,blue
Q96AG3,SLC25A46,Young_Pre,-1.2454736165731575,blue
Q96AG3,SLC25A46,Young_Post,-0.36332142616628854,blue
Q96AG3,SLC25A46,Old_Pre,0.6979027634302685,blue
Q96AG3,SLC25A46,Old_Post,0.9108922793091775,blue
Q9NPJ3,ACOT13,Young_Pre,-0.993456969994051,blue
Q9NPJ3,ACOT13,Young_Post,-0.4885098434009433,blue
Q9NPJ3,ACOT13,Old_Pre,0.1594816596369279,blue
Q9NPJ3,ACOT13,Old_Post,1.3224851537579074,blue
P38646,HSPA9,Young_Pre,-0.8393665685184436,blue
P38646,HSPA9,Young_Post,-0.2306105240369366,blue
P38646,HSPA9,Old_Pre,-0.37875569051951846,blue
P38646,HSPA9,Old_Post,1.4487327830749415,blue
P22830,FECH,Young_Pre,-0.9989715073146923,blue
P22830,FECH,Young_Post,-0.7142463995173964,blue
P22830,FECH,Old_Pre,0.7462680946989935,blue
P22830,FECH,Old_Post,0.9669498121330711,blue
Q9Y2Z9,COQ6,Young_Pre,-0.924305456032437,blue
Q9Y2Z9,COQ6,Young_Post,-0.7220972177387602,blue
Q9Y2Z9,COQ6,Old_Pre,1.1898852266203919,blue
Q9Y2Z9,COQ6,Old_Post,0.4565174471508713,blue
O95336,PGLS,Young_Pre,-0.8128476629355493,blue
O95336,PGLS,Young_Post,-0.9034287857073979,blue
O95336,PGLS,Old_Pre,1.0167142028495102,blue
O95336,PGLS,Old_Post,0.699562245793437,blue
P30049,ATP5F1D,Young_Pre,-1.3174185411488604,blue
P30049,ATP5F1D,Young_Post,-0.08977463696978842,blue
P30049,ATP5F1D,Old_Pre,1.068461346005095,blue
P30049,ATP5F1D,Old_Post,0.3387318321137413,blue
Q9NWU1,OXSM,Young_Pre,0.3521744952487069,blue
Q9NWU1,OXSM,Young_Post,-1.4832923044627022,blue
Q9NWU1,OXSM,Old_Pre,0.699915361946409,blue
Q9NWU1,OXSM,Old_Post,0.43120244726748996,blue
P11182,DBT,Young_Pre,-0.8847659311360822,blue
P11182,DBT,Young_Post,-0.8424424206561003,blue
P11182,DBT,Old_Pre,0.9526425657333232,blue
P11182,DBT,Old_Post,0.774565786058888,blue
Q9Y6N1,COX11,Young_Pre,-0.5569589200985756,blue
Q9Y6N1,COX11,Young_Post,-1.078186230587855,blue
Q9Y6N1,COX11,Old_Pre,1.1261672784627041,blue
Q9Y6N1,COX11,Old_Post,0.5089778722236239,blue
P06454,PTMA,Young_Pre,-0.8342764491683969,blue
P06454,PTMA,Young_Post,-0.8938552103006412,blue
P06454,PTMA,Old_Pre,0.7872994531372446,blue
P06454,PTMA,Old_Post,0.9408322063318001,blue
Q3LXA3,TKFC,Young_Pre,-0.9950602949826592,blue
Q3LXA3,TKFC,Young_Post,-0.7014208758693382,blue
Q3LXA3,TKFC,Old_Pre,1.0467847652903701,blue
Q3LXA3,TKFC,Old_Post,0.6496964055616274,blue
Q9H0N5,PCBD2,Young_Pre,-0.25147416317215765,blue
Q9H0N5,PCBD2,Young_Post,-1.2242192263344598,blue
Q9H0N5,PCBD2,Old_Pre,1.1557058463900438,blue
Q9H0N5,PCBD2,Old_Post,0.3199875431165914,blue
Q92696,RABGGTA,Young_Pre,-0.5426886120797045,blue
Q92696,RABGGTA,Young_Post,-0.9568207041603616,blue
Q92696,RABGGTA,Old_Pre,0.17281483644736312,blue
Q92696,RABGGTA,Old_Post,1.3266944797928215,blue
P48059,LIMS1,Young_Pre,-0.3457101094148428,blue
P48059,LIMS1,Young_Post,-1.2526771421801821,blue
P48059,LIMS1,Old_Pre,0.6690713858134875,blue
P48059,LIMS1,Old_Post,0.9293158657815376,blue
P36873,PPP1CC,Young_Pre,-0.9534087992733032,blue
P36873,PPP1CC,Young_Post,-0.741313569975172,blue
P36873,PPP1CC,Old_Pre,1.076952014170335,blue
P36873,PPP1CC,Old_Post,0.6177703550781326,blue
P02144,MB,Young_Pre,-0.5011661871530558,blue
P02144,MB,Young_Post,-1.1116392619240436,blue
P02144,MB,Old_Pre,1.132378103913314,blue
P02144,MB,Old_Post,0.4804273451637855,blue
Q8NBX0,SCCPDH,Young_Pre,-0.7274364437468925,blue
Q8NBX0,SCCPDH,Young_Post,-0.26404086714537944,blue
Q8NBX0,SCCPDH,Old_Pre,-0.4814013068364178,blue
Q8NBX0,SCCPDH,Old_Post,1.4728786177286233,blue
P63104,YWHAZ,Young_Pre,-1.2043624266254291,blue
P63104,YWHAZ,Young_Post,-0.4335389300638591,blue
P63104,YWHAZ,Old_Pre,0.9194362850993294,blue
P63104,YWHAZ,Old_Post,0.7184650715899393,blue
P49411,TUFM,Young_Pre,-0.9479136904584198,blue
P49411,TUFM,Young_Post,0.47293019198035624,blue
P49411,TUFM,Old_Pre,-0.7019208350501495,blue
P49411,TUFM,Old_Post,1.1769043335281857,blue
Q9Y5Z7,HCFC2,Young_Pre,-0.17228146059559876,blue
Q9Y5Z7,HCFC2,Young_Post,-1.3046019100686321,blue
Q9Y5Z7,HCFC2,Old_Pre,1.036552997854865,blue
Q9Y5Z7,HCFC2,Old_Post,0.44033037280934384,blue
P07339,CTSD,Young_Pre,-0.6509566773353996,blue
P07339,CTSD,Young_Post,-1.0099352474681562,blue
P07339,CTSD,Old_Pre,1.1279398339479492,blue
P07339,CTSD,Old_Post,0.5329520908556066,blue
Q8WWV3,RTN4IP1,Young_Pre,-1.3694070377389902,blue
Q8WWV3,RTN4IP1,Young_Post,-0.11463831727368626,blue
Q8WWV3,RTN4IP1,Old_Pre,0.8140890126994486,blue
Q8WWV3,RTN4IP1,Old_Post,0.6699563423131528,blue
Q9BTZ2,DHRS4,Young_Pre,-0.9930635554256455,blue
Q9BTZ2,DHRS4,Young_Post,-0.4222289762500359,blue
Q9BTZ2,DHRS4,Old_Pre,0.06188276756937955,blue
Q9BTZ2,DHRS4,Old_Post,1.3534097641062652,blue
Q9BSL1,UBAC1,Young_Pre,-0.9361749050025449,blue
Q9BSL1,UBAC1,Young_Post,-0.7251761651433041,blue
Q9BSL1,UBAC1,Old_Pre,0.500787381591969,blue
Q9BSL1,UBAC1,Old_Post,1.16056368855388,blue
Q9GZT9,EGLN1,Young_Pre,-0.654076040703357,blue
Q9GZT9,EGLN1,Young_Post,-1.0467671494476833,blue
Q9GZT9,EGLN1,Old_Pre,0.7278873364508243,blue
Q9GZT9,EGLN1,Old_Post,0.9729558537002161,blue
Q9H910,JPT2,Young_Pre,-1.1954179467904773,blue
Q9H910,JPT2,Young_Post,-0.3584389976548224,blue
Q9H910,JPT2,Old_Pre,0.43395491963368243,blue
Q9H910,JPT2,Old_Post,1.1199020248116216,blue
P04080,CSTB,Young_Pre,-0.6920776937374453,blue
P04080,CSTB,Young_Post,-1.0201262364499533,blue
P04080,CSTB,Old_Pre,0.7708090044729854,blue
P04080,CSTB,Old_Post,0.9413949257144303,blue
O15144,ARPC2,Young_Pre,-0.6321072906016809,blue
O15144,ARPC2,Young_Post,-1.067411996074671,blue
O15144,ARPC2,Old_Pre,0.7578654081772866,blue
O15144,ARPC2,Old_Post,0.9416538784990814,blue
O00748,CES2,Young_Pre,-1.2286453071584542,blue
O00748,CES2,Young_Post,-0.32345427469083265,blue
O00748,CES2,Old_Pre,0.47496717319873527,blue
O00748,CES2,Old_Post,1.0771324086505516,blue
Q9UHL4,DPP7,Young_Pre,-0.19455489338600984,blue
Q9UHL4,DPP7,Young_Post,-1.334380551244237,blue
Q9UHL4,DPP7,Old_Pre,0.8443274148932034,blue
Q9UHL4,DPP7,Old_Post,0.6846080297370496,blue
Q9NUJ1,ABHD10,Young_Pre,0.17042730515923135,blue
Q9NUJ1,ABHD10,Young_Post,-1.3622162600099947,blue
Q9NUJ1,ABHD10,Old_Pre,1.0459727695970888,blue
Q9NUJ1,ABHD10,Old_Post,0.1458161852536972,blue
P07602,PSAP,Young_Pre,-0.6629624821561957,blue
P07602,PSAP,Young_Post,-1.029841791616009,blue
P07602,PSAP,Old_Pre,1.0295871210465348,blue
P07602,PSAP,Old_Post,0.6632171527256608,blue
Q15181,PPA1,Young_Pre,-1.1327353258385644,blue
Q15181,PPA1,Young_Post,-0.5219734806920109,blue
Q15181,PPA1,Old_Pre,1.0215498587306358,blue
Q15181,PPA1,Old_Post,0.6331589477999074,blue
Q6DKJ4,NXN,Young_Pre,-0.8581081557493699,blue
Q6DKJ4,NXN,Young_Post,-0.86999357133591,blue
Q6DKJ4,NXN,Old_Pre,0.9464941449336702,blue
Q6DKJ4,NXN,Old_Post,0.7816075821516097,blue
P21399,ACO1,Young_Pre,-0.2800795021443976,blue
P21399,ACO1,Young_Post,-1.0416279572264733,blue
P21399,ACO1,Old_Pre,1.3547958624041685,blue
P21399,ACO1,Old_Post,-0.03308840303334663,blue
Q13185,CBX3,Young_Pre,-0.9334019975477111,blue
Q13185,CBX3,Young_Post,-0.7913569454326899,blue
Q13185,CBX3,Old_Pre,0.775436414855627,blue
Q13185,CBX3,Old_Post,0.9493225281247876,blue
P63167,DYNLL1,Young_Pre,-0.976535460400286,blue
P63167,DYNLL1,Young_Post,-0.6646665779204204,blue
P63167,DYNLL1,Old_Pre,1.1796447278382491,blue
P63167,DYNLL1,Old_Post,0.46155731048243887,blue
P13667,PDIA4,Young_Pre,-1.137901011544873,blue
P13667,PDIA4,Young_Post,-0.4147897625414647,blue
P13667,PDIA4,Old_Pre,0.37155752849907053,blue
P13667,PDIA4,Old_Post,1.1811332455873098,blue
P61158,ACTR3,Young_Pre,-1.2361967105419447,blue
P61158,ACTR3,Young_Post,-0.2769781887148865,blue
P61158,ACTR3,Old_Pre,0.4028561688860954,blue
P61158,ACTR3,Old_Post,1.1103187303706599,blue
P49840,GSK3A,Young_Pre,-0.6910734889042732,blue
P49840,GSK3A,Young_Post,-0.9273994918413988,blue
P49840,GSK3A,Old_Pre,1.2291294652867597,blue
P49840,GSK3A,Old_Post,0.38934351545887486,blue
P43897,TSFM,Young_Pre,-0.8078685063251432,blue
P43897,TSFM,Young_Post,-0.6902101750716142,blue
P43897,TSFM,Old_Pre,0.1371412597698473,blue
P43897,TSFM,Old_Post,1.3609374216268477,blue
Q9UBT2,UBA2,Young_Pre,-0.9231727702819945,blue
Q9UBT2,UBA2,Young_Post,-0.7880298814144977,blue
Q9UBT2,UBA2,Old_Pre,0.6786074211211047,blue
Q9UBT2,UBA2,Old_Post,1.0325952305754103,blue
Q8NCN5,PDPR,Young_Pre,-0.5526545142130288,blue
Q8NCN5,PDPR,Young_Post,-1.1304494232095537,blue
Q8NCN5,PDPR,Old_Pre,0.8306511109126962,blue
Q8NCN5,PDPR,Old_Post,0.8524528265098618,blue
P05413,FABP3,Young_Pre,-0.9508849533735186,blue
P05413,FABP3,Young_Post,-0.6189026515880782,blue
P05413,FABP3,Old_Pre,1.2751288231390152,blue
P05413,FABP3,Old_Post,0.2946587818226321,blue
Q7Z3D6,DGLUCY,Young_Pre,0.009452049316618437,blue
Q7Z3D6,DGLUCY,Young_Post,-1.4124235110955599,blue
Q7Z3D6,DGLUCY,Old_Pre,0.8034808846594834,blue
Q7Z3D6,DGLUCY,Old_Post,0.599490577119458,blue
P50213,IDH3A,Young_Pre,-1.0998613461937445,blue
P50213,IDH3A,Young_Post,0.30006409753657326,blue
P50213,IDH3A,Old_Pre,-0.43089278662809505,blue
P50213,IDH3A,Old_Post,1.230690035285214,blue
P61160,ACTR2,Young_Pre,-1.3378967222703158,blue
P61160,ACTR2,Young_Post,0.15369664557493856,blue
P61160,ACTR2,Old_Pre,0.09953289020715154,blue
P61160,ACTR2,Old_Post,1.0846671864882649,blue
P07195,LDHB,Young_Pre,-1.1359840961572623,blue
P07195,LDHB,Young_Post,-0.5061729231420049,blue
P07195,LDHB,Old_Pre,1.050195583586404,blue
P07195,LDHB,Old_Post,0.5919614357128836,blue
P09429,HMGB1,Young_Pre,-0.3520538635914229,blue
P09429,HMGB1,Young_Post,-1.2389279738061736,blue
P09429,HMGB1,Old_Pre,0.9897895926345616,blue
P09429,HMGB1,Old_Post,0.6011922447630118,blue
O95870,ABHD16A,Young_Pre,-0.48394521233003474,blue
O95870,ABHD16A,Young_Post,-0.8576082961740523,blue
O95870,ABHD16A,Old_Pre,1.422581959643195,blue
O95870,ABHD16A,Old_Post,-0.08102845113911532,blue
Q99766,DMAC2L,Young_Pre,-0.42438573516365174,blue
Q99766,DMAC2L,Young_Post,-0.8308623494514222,blue
Q99766,DMAC2L,Old_Pre,1.4466907755743628,blue
Q99766,DMAC2L,Old_Post,-0.19144269095924957,blue
Q92575,UBXN4,Young_Pre,-1.2253909738911186,blue
Q92575,UBXN4,Young_Post,-0.3668507876369519,blue
Q92575,UBXN4,Old_Pre,0.5767803382971703,blue
Q92575,UBXN4,Old_Post,1.0154614232309003,blue
Q13228,SELENBP1,Young_Pre,-0.5690034337932185,blue
Q13228,SELENBP1,Young_Post,-1.0480202012550746,blue
Q13228,SELENBP1,Old_Pre,1.1762794288905878,blue
Q13228,SELENBP1,Old_Post,0.44074420615775706,blue
Q53H82,LACTB2,Young_Pre,-0.7643660507719225,blue
Q53H82,LACTB2,Young_Post,-0.9617865010129809,blue
Q53H82,LACTB2,Old_Pre,0.884406429195618,blue
Q53H82,LACTB2,Old_Post,0.8417461225892272,blue
O75764,TCEA3,Young_Pre,-0.6445900542580683,blue
O75764,TCEA3,Young_Post,-1.0597558024086458,blue
O75764,TCEA3,Old_Pre,0.7850018719017738,blue
O75764,TCEA3,Old_Post,0.9193439847649517,blue
P13473,LAMP2,Young_Pre,-0.45357766393551685,blue
P13473,LAMP2,Young_Post,-1.173531900968228,blue
P13473,LAMP2,Old_Pre,1.0295957647770828,blue
P13473,LAMP2,Old_Post,0.5975138001266505,blue
P60468,SEC61B,Young_Pre,-1.1502121843270066,blue
P60468,SEC61B,Young_Post,-0.42264118567023046,blue
P60468,SEC61B,Old_Pre,1.1479875356483469,blue
P60468,SEC61B,Old_Post,0.4248658343489083,blue
Q9BS92,NIPSNAP3B,Young_Pre,-0.7760999673993516,blue
Q9BS92,NIPSNAP3B,Young_Post,-0.8790827191415199,blue
Q9BS92,NIPSNAP3B,Old_Pre,1.184710056443748,blue
Q9BS92,NIPSNAP3B,Old_Post,0.4704726300971491,blue
Q9Y383,LUC7L2,Young_Pre,-0.6656689869068095,blue
Q9Y383,LUC7L2,Young_Post,-1.0365516842495148,blue
Q9Y383,LUC7L2,Old_Pre,0.980855853986281,blue
Q9Y383,LUC7L2,Old_Post,0.7213648171700634,blue
P50225,SULT1A1,Young_Pre,-0.638380158230799,blue
P50225,SULT1A1,Young_Post,-1.0270042049895418,blue
P50225,SULT1A1,Old_Pre,1.107447161439104,blue
P50225,SULT1A1,Old_Post,0.5579372017812487,blue
P04439,HLA-A,Young_Pre,-1.0079012626459718,blue
P04439,HLA-A,Young_Post,-0.6721664070213392,blue
P04439,HLA-A,Old_Pre,0.5940524547477081,blue
P04439,HLA-A,Old_Post,1.0860152149196167,blue
Q15848,ADIPOQ,Young_Pre,-1.1159754359081688,blue
Q15848,ADIPOQ,Young_Post,-0.43668272282517184,blue
Q15848,ADIPOQ,Old_Pre,1.1997280325390671,blue
Q15848,ADIPOQ,Old_Post,0.3529301261942735,blue
Q9NZL9,MAT2B,Young_Pre,-1.1755823912865955,blue
Q9NZL9,MAT2B,Young_Post,-0.4798495387839324,blue
Q9NZL9,MAT2B,Old_Pre,0.9213189133788428,blue
Q9NZL9,MAT2B,Old_Post,0.7341130166916849,blue
Q93052,LPP,Young_Pre,-0.6993707633202857,blue
Q93052,LPP,Young_Post,-0.9892969005722768,blue
Q93052,LPP,Old_Pre,1.0749557502375928,blue
Q93052,LPP,Old_Post,0.6137119136549505,blue
Q02790,FKBP4,Young_Pre,-1.1487631186165417,blue
Q02790,FKBP4,Young_Post,-0.475737641078936,blue
Q02790,FKBP4,Old_Pre,1.0715915017716224,blue
Q02790,FKBP4,Old_Post,0.5529092579238344,blue
P27695,APEX1,Young_Pre,-0.7292271549376007,blue
P27695,APEX1,Young_Post,-0.9665141962282291,blue
P27695,APEX1,Old_Pre,0.6284296812768646,blue
P27695,APEX1,Old_Post,1.0673116698889653,blue
P51570,GALK1,Young_Pre,-0.6900738146833555,blue
P51570,GALK1,Young_Post,-0.9423696830727549,blue
P51570,GALK1,Old_Pre,1.2056454410377824,blue
P51570,GALK1,Old_Post,0.4267980567183131,blue
P13164,IFITM1,Young_Pre,-0.4002963320218211,blue
P13164,IFITM1,Young_Post,-1.201665369630665,blue
P13164,IFITM1,Old_Pre,1.038280807863367,blue
P13164,IFITM1,Old_Post,0.5636808937890897,blue
Q96EL3,MRPL53,Young_Pre,-0.7710411073804334,blue
Q96EL3,MRPL53,Young_Post,-0.8739061811774685,blue
Q96EL3,MRPL53,Old_Pre,0.44243561581187746,blue
Q96EL3,MRPL53,Old_Post,1.2025116727460625,blue
Q9UIJ7,AK3,Young_Pre,-0.7536986558506619,blue
Q9UIJ7,AK3,Young_Post,-0.971432382370924,blue
Q9UIJ7,AK3,Old_Pre,0.8730276683220842,blue
Q9UIJ7,AK3,Old_Post,0.8521033698995449,blue
P06737,PYGL,Young_Pre,-1.006269639365479,blue
P06737,PYGL,Young_Post,-0.7063298821329209,blue
P06737,PYGL,Old_Pre,0.9612305712365589,blue
P06737,PYGL,Old_Post,0.7513689502618545,blue
P00367,GLUD1,Young_Pre,-1.3228628855333506,blue
P00367,GLUD1,Young_Post,0.7309574821006002,blue
P00367,GLUD1,Old_Pre,-0.22393139216081254,blue
P00367,GLUD1,Old_Post,0.8158367955936089,blue
Q96FZ7,CHMP6,Young_Pre,-0.8620312448655517,blue
Q96FZ7,CHMP6,Young_Post,-0.8603831962738404,blue
Q96FZ7,CHMP6,Old_Pre,0.7321972695536912,blue
Q96FZ7,CHMP6,Old_Post,0.9902171715857471,blue
O95989,NUDT3,Young_Pre,-0.3827923525216513,blue
O95989,NUDT3,Young_Post,-1.195138090303771,blue
O95989,NUDT3,Old_Pre,1.0891174484229067,blue
O95989,NUDT3,Old_Post,0.48881299440253484,blue
P35270,SPR,Young_Pre,-0.5316953367883364,blue
P35270,SPR,Young_Post,-1.097487287402636,blue
P35270,SPR,Old_Pre,1.119307336734992,blue
P35270,SPR,Old_Post,0.5098752874560216,blue
P49419,ALDH7A1,Young_Pre,-0.6471317384072973,blue
P49419,ALDH7A1,Young_Post,-1.0449598270751077,blue
P49419,ALDH7A1,Old_Pre,1.0158876797466077,blue
P49419,ALDH7A1,Old_Post,0.6762038857357773,blue
Q53GQ0,HSD17B12,Young_Pre,-1.288227732453792,blue
Q53GQ0,HSD17B12,Young_Post,-0.05909494304513861,blue
Q53GQ0,HSD17B12,Old_Pre,0.21033753030669444,blue
Q53GQ0,HSD17B12,Old_Post,1.1369851451922899,blue
Q96CV9,OPTN,Young_Pre,-0.6153586685096403,blue
Q96CV9,OPTN,Young_Post,-0.9826936628286506,blue
Q96CV9,OPTN,Old_Pre,1.2342050066521257,blue
Q96CV9,OPTN,Old_Post,0.3638473246861652,blue
Q13148,TARDBP,Young_Pre,-1.1885007639138723,blue
Q13148,TARDBP,Young_Post,-0.45987572906830887,blue
Q13148,TARDBP,Old_Pre,0.7308937753741815,blue
Q13148,TARDBP,Old_Post,0.9174827176079722,blue
Q14195,DPYSL3,Young_Pre,-0.6672424691420402,blue
Q14195,DPYSL3,Young_Post,-0.9845788361265825,blue
Q14195,DPYSL3,Old_Pre,1.1584277127644569,blue
Q14195,DPYSL3,Old_Post,0.49339359250416587,blue
P09525,ANXA4,Young_Pre,-1.3521298154612083,blue
P09525,ANXA4,Young_Post,-0.11302171373267733,blue
P09525,ANXA4,Old_Pre,0.5256499897208081,blue
P09525,ANXA4,Old_Post,0.9395015394730775,blue
P07203,GPX1,Young_Pre,0.40890078126954854,blue
P07203,GPX1,Young_Post,-1.2786815544931844,blue
P07203,GPX1,Old_Pre,1.0750131625467527,blue
P07203,GPX1,Old_Post,-0.20523238932311685,blue
Q13619,CUL4A,Young_Pre,-0.6838170213775574,blue
Q13619,CUL4A,Young_Post,-0.9055916406534796,blue
Q13619,CUL4A,Old_Pre,1.2686178854656895,blue
Q13619,CUL4A,Old_Post,0.32079077656539134,blue
P25325,MPST,Young_Pre,-0.8584158923977481,blue
P25325,MPST,Young_Post,-0.5295618682366907,blue
P25325,MPST,Old_Pre,1.4079374958984638,blue
P25325,MPST,Old_Post,-0.019959735263948845,blue
P12235,SLC25A4,Young_Pre,-0.9331208125436548,blue
P12235,SLC25A4,Young_Post,-0.670320998078475,blue
P12235,SLC25A4,Old_Pre,0.3576249197925283,blue
P12235,SLC25A4,Old_Post,1.2458168908296015,blue
P63279,UBE2I,Young_Pre,0.05929895864506281,blue
P63279,UBE2I,Young_Post,-1.3844374640568662,blue
P63279,UBE2I,Old_Pre,0.9802329997379564,blue
P63279,UBE2I,Old_Post,0.344905505673847,blue
Q99447,PCYT2,Young_Pre,0.3114141882830322,blue
Q99447,PCYT2,Young_Post,-0.4416592224591449,blue
Q99447,PCYT2,Old_Pre,1.2269048654840706,blue
Q99447,PCYT2,Old_Post,-1.0966598313079212,blue
O43374,RASA4,Young_Pre,-0.5776819593071713,blue
O43374,RASA4,Young_Post,-1.108242943775974,blue
O43374,RASA4,Old_Pre,0.9349128241449999,blue
O43374,RASA4,Old_Post,0.7510120789381565,blue
P78417,GSTO1,Young_Pre,-0.5594369708895591,blue
P78417,GSTO1,Young_Post,-0.8400563111672418,blue
P78417,GSTO1,Old_Pre,1.407576050705952,blue
P78417,GSTO1,Old_Post,-0.008082768649170166,blue
Q5JRX3,PITRM1,Young_Pre,-0.5538279643363779,blue
Q5JRX3,PITRM1,Young_Post,-1.1267424111211872,blue
Q5JRX3,PITRM1,Old_Pre,0.9163369183697873,blue
Q5JRX3,PITRM1,Old_Post,0.7642334570878184,blue
Q9NZN4,EHD2,Young_Pre,0.5461623152421532,blue
Q9NZN4,EHD2,Young_Post,-1.4746082056942702,blue
Q9NZN4,EHD2,Old_Pre,0.6835759476670175,blue
Q9NZN4,EHD2,Old_Post,0.24486994278513338,blue
O00442,RTCA,Young_Pre,-0.3624998307444879,blue
O00442,RTCA,Young_Post,-0.8459140038611712,blue
O00442,RTCA,Old_Pre,1.4476793154726264,blue
O00442,RTCA,Old_Post,-0.2392654808669401,blue
Q9BXK5,BCL2L13,Young_Pre,-0.6372951129697627,blue
Q9BXK5,BCL2L13,Young_Post,-1.0510560956065174,blue
Q9BXK5,BCL2L13,Old_Pre,1.0228808380150063,blue
Q9BXK5,BCL2L13,Old_Post,0.6654703705612738,blue
Q9P032,NDUFAF4,Young_Pre,0.03743165496136971,blue
Q9P032,NDUFAF4,Young_Post,-0.9626839561533693,blue
Q9P032,NDUFAF4,Old_Pre,-0.44395880442514846,blue
Q9P032,NDUFAF4,Old_Post,1.3692111056170788,blue
O00159,MYO1C,Young_Pre,-1.0762583958755916,blue
O00159,MYO1C,Young_Post,-0.5464419469643795,blue
O00159,MYO1C,Old_Pre,1.1478697567182463,blue
O00159,MYO1C,Old_Post,0.4748305861216926,blue
Q9HBH5,RDH14,Young_Pre,-0.47819693452762085,blue
Q9HBH5,RDH14,Young_Post,-0.9120958147885182,blue
Q9HBH5,RDH14,Old_Pre,-0.0023319232312414007,blue
Q9HBH5,RDH14,Old_Post,1.3926246725473805,blue
P28838,LAP3,Young_Pre,-1.3176892179132667,blue
P28838,LAP3,Young_Post,0.9229047823779571,blue
P28838,LAP3,Old_Pre,-0.21127299508297587,blue
P28838,LAP3,Old_Post,0.6060574306183272,blue
P61604,HSPE1,Young_Pre,-0.7029672900936411,blue
P61604,HSPE1,Young_Post,0.7004828528518813,blue
P61604,HSPE1,Old_Pre,-1.002540047536599,blue
P61604,HSPE1,Old_Post,1.0050244847784584,blue
P45381,ASPA,Young_Pre,-0.33816612811120683,blue
P45381,ASPA,Young_Post,-1.203254867140509,blue
P45381,ASPA,Old_Pre,0.41727588401266286,blue
P45381,ASPA,Old_Post,1.124145111238937,blue
Q9GZP4,PITHD1,Young_Pre,-0.08773528577251591,blue
Q9GZP4,PITHD1,Young_Post,-1.3451079022650902,blue
Q9GZP4,PITHD1,Old_Pre,0.9961245169044994,blue
Q9GZP4,PITHD1,Old_Post,0.4367186711330324,blue
Q9UBB4,ATXN10,Young_Pre,-0.845697143378597,blue
Q9UBB4,ATXN10,Young_Post,-0.5778541339425691,blue
Q9UBB4,ATXN10,Old_Pre,0.027074308887738704,blue
Q9UBB4,ATXN10,Old_Post,1.3964769684334275,blue
Q00765,REEP5,Young_Pre,0.015384512533257384,brown
Q00765,REEP5,Young_Post,1.4085667012191543,brown
Q00765,REEP5,Old_Pre,-0.6812784130533226,brown
Q00765,REEP5,Old_Post,-0.7426728006991032,brown
P26038,MSN,Young_Pre,-0.12304925447818628,brown
P26038,MSN,Young_Post,1.381499756083236,brown
P26038,MSN,Old_Pre,-1.0063647955464536,brown
P26038,MSN,Old_Post,-0.25208570605860686,brown
Q14204,DYNC1H1,Young_Pre,-0.1289082534847216,brown
Q14204,DYNC1H1,Young_Post,1.4310742516830146,brown
Q14204,DYNC1H1,Old_Pre,-0.8603567491509707,brown
Q14204,DYNC1H1,Old_Post,-0.44180924904735974,brown
O75923,DYSF,Young_Pre,0.0672375275824453,brown
O75923,DYSF,Young_Post,1.3748099023322053,brown
O75923,DYSF,Old_Pre,-0.9021679285996431,brown
O75923,DYSF,Old_Post,-0.5398795013150075,brown
Q14974,KPNB1,Young_Pre,0.2841666095681361,brown
Q14974,KPNB1,Young_Post,1.293668914599815,brown
Q14974,KPNB1,Old_Pre,-0.8099844032685517,brown
Q14974,KPNB1,Old_Post,-0.7678511208993416,brown
P10636,MAPT,Young_Pre,0.20342839412291142,brown
P10636,MAPT,Young_Post,1.3268328124615802,brown
P10636,MAPT,Old_Pre,-0.8819250724487713,brown
P10636,MAPT,Old_Post,-0.6483361341357556,brown
E9PAV3,NACA,Young_Pre,0.19480243771961742,brown
E9PAV3,NACA,Young_Post,1.3247494611695625,brown
E9PAV3,NACA,Old_Pre,-0.9219053555999137,brown
E9PAV3,NACA,Old_Post,-0.5976465432892962,brown
P68363,TUBA1B,Young_Pre,-0.5262807626179595,brown
P68363,TUBA1B,Young_Post,1.3740172586654684,brown
P68363,TUBA1B,Old_Pre,-0.9116061635184587,brown
P68363,TUBA1B,Old_Post,0.06386966747092736,brown
P48643,CCT5,Young_Pre,-0.5627982894237873,brown
P48643,CCT5,Young_Post,1.3247360729987088,brown
P48643,CCT5,Old_Pre,-0.9457953382726159,brown
P48643,CCT5,Old_Post,0.18385755469766946,brown
Q92973,TNPO1,Young_Pre,0.25606238117060104,brown
Q92973,TNPO1,Young_Post,1.2386581971577182,brown
Q92973,TNPO1,Old_Pre,-1.123567096601356,brown
Q92973,TNPO1,Old_Post,-0.3711534817269429,brown
Q14315,FLNC,Young_Pre,0.3426530769145478,brown
Q14315,FLNC,Young_Post,1.2465409351863996,brown
Q14315,FLNC,Old_Pre,-0.9761951361851959,brown
Q14315,FLNC,Old_Post,-0.6129988759157516,brown
P55072,VCP,Young_Pre,0.5248618058790449,brown
P55072,VCP,Young_Post,1.1497463678212718,brown
P55072,VCP,Old_Pre,-0.85225578740812,brown
P55072,VCP,Old_Post,-0.8223523862922423,brown
P35998,PSMC2,Young_Pre,0.3678189234456652,brown
P35998,PSMC2,Young_Post,1.23626545314305,brown
P35998,PSMC2,Old_Pre,-0.959861111925647,brown
P35998,PSMC2,Old_Post,-0.644223264663068,brown
P11142,HSPA8,Young_Pre,0.16866573855096273,brown
P11142,HSPA8,Young_Post,1.3472188588670055,brown
P11142,HSPA8,Old_Pre,-0.8195870819741714,brown
P11142,HSPA8,Old_Post,-0.6962975154437968,brown
P45974,USP5,Young_Pre,-0.3143255397368596,brown
P45974,USP5,Young_Post,1.4622404750290452,brown
P45974,USP5,Old_Pre,-0.8022094105978613,brown
P45974,USP5,Old_Post,-0.3457055246943493,brown
P68104,EEF1A1,Young_Pre,0.23060238733920155,brown
P68104,EEF1A1,Young_Post,1.3142119783354274,brown
P68104,EEF1A1,Old_Pre,-0.8873934923610359,brown
P68104,EEF1A1,Old_Post,-0.6574208733136081,brown
P48681,NES,Young_Pre,0.3247941106752264,brown
P48681,NES,Young_Post,1.2710971084757607,brown
P48681,NES,Old_Pre,-0.8498423089582776,brown
P48681,NES,Old_Post,-0.7460489101926977,brown
P07437,TUBB,Young_Pre,-0.5044981692329334,brown
P07437,TUBB,Young_Post,1.2713628251589524,brown
P07437,TUBB,Old_Pre,-1.0296046980742073,brown
P07437,TUBB,Old_Post,0.26274004214810154,brown
Q99584,S100A13,Young_Pre,-0.4798622603165906,brown
Q99584,S100A13,Young_Post,1.366345628939411,brown
Q99584,S100A13,Old_Pre,-0.9481701208148344,brown
Q99584,S100A13,Old_Post,0.06168675219202502,brown
Q9Y3A3,MOB4,Young_Pre,0.35028716168069574,brown
Q9Y3A3,MOB4,Young_Post,1.238823300205876,brown
Q9Y3A3,MOB4,Old_Pre,-0.5945806010648583,brown
Q9Y3A3,MOB4,Old_Post,-0.9945298608217132,brown
Q99832,CCT7,Young_Pre,-0.1357599020248285,brown
Q99832,CCT7,Young_Post,1.4077646778136068,brown
Q99832,CCT7,Old_Pre,-0.9448468358676995,brown
Q99832,CCT7,Old_Post,-0.3271579399210075,brown
Q00610,CLTC,Young_Pre,-0.07742735162806413,brown
Q00610,CLTC,Young_Post,1.4160592359638877,brown
Q00610,CLTC,Old_Pre,-0.8847383000847997,brown
Q00610,CLTC,Old_Post,-0.4538935842510813,brown
P21333,FLNA,Young_Pre,0.23850432390169787,brown
P21333,FLNA,Young_Post,1.2759775938012463,brown
P21333,FLNA,Old_Pre,-1.0472143438998023,brown
P21333,FLNA,Old_Post,-0.46726757380314954,brown
P06703,S100A6,Young_Pre,-0.3488651095813904,brown
P06703,S100A6,Young_Post,1.4271002615116588,brown
P06703,S100A6,Old_Pre,-0.8999377926112323,brown
P06703,S100A6,Old_Post,-0.17829735931903626,brown
Q92616,GCN1,Young_Pre,-0.12944844514309206,brown
Q92616,GCN1,Young_Post,1.4203305375499216,brown
Q92616,GCN1,Old_Pre,-0.903041488657295,brown
Q92616,GCN1,Old_Post,-0.3878406037495344,brown
P09936,UCHL1,Young_Pre,0.1727645224300621,brown
P09936,UCHL1,Young_Post,1.344149292138424,brown
P09936,UCHL1,Old_Pre,-0.8387729698711942,brown
P09936,UCHL1,Old_Post,-0.6781408446972825,brown
P35080,PFN2,Young_Pre,-0.12328247945645629,brown
P35080,PFN2,Young_Post,1.4451001966839045,brown
P35080,PFN2,Old_Pre,-0.7678803805600305,brown
P35080,PFN2,Old_Post,-0.5539373366674176,brown
Q16082,HSPB2,Young_Pre,-0.07151588796017047,brown
Q16082,HSPB2,Young_Post,1.286310478953116,brown
Q16082,HSPB2,Old_Pre,-1.1562269049162917,brown
Q16082,HSPB2,Old_Post,-0.05856768607659421,brown
Q2TBA0,KLHL40,Young_Pre,0.5065670624954558,brown
Q2TBA0,KLHL40,Young_Post,1.1283794779871235,brown
Q2TBA0,KLHL40,Old_Pre,-1.075953897885074,brown
Q2TBA0,KLHL40,Old_Post,-0.5589926425975108,brown
Q14232,EIF2B1,Young_Pre,0.5648379150691132,brown
Q14232,EIF2B1,Young_Post,1.118951569732321,brown
Q14232,EIF2B1,Old_Pre,-0.9171675785701549,brown
Q14232,EIF2B1,Old_Post,-0.7666219062312992,brown
O75369,FLNB,Young_Pre,0.42144798272818573,brown
O75369,FLNB,Young_Post,1.1905391221235735,brown
O75369,FLNB,Old_Pre,-1.035935918512901,brown
O75369,FLNB,Old_Post,-0.5760511863388583,brown
Q9NZB2,FAM120A,Young_Pre,0.012391461677213573,brown
Q9NZB2,FAM120A,Young_Post,1.3299796777410762,brown
Q9NZB2,FAM120A,Old_Pre,-1.0774000269245794,brown
Q9NZB2,FAM120A,Old_Post,-0.26497111249372085,brown
O00499,BIN1,Young_Pre,-0.26980897226980355,brown
O00499,BIN1,Young_Post,1.4800331745918258,brown
O00499,BIN1,Old_Pre,-0.5582953806041067,brown
O00499,BIN1,Old_Post,-0.6519288217178856,brown
O60271,SPAG9,Young_Pre,0.8439469953432206,brown
O60271,SPAG9,Young_Post,0.863320297172398,brown
O60271,SPAG9,Old_Pre,-1.0598504369109165,brown
O60271,SPAG9,Old_Post,-0.6474168556046802,brown
Q9UBY9,HSPB7,Young_Pre,-0.05505520706164831,brown
Q9UBY9,HSPB7,Young_Post,1.3862577854315892,brown
Q9UBY9,HSPB7,Old_Pre,-0.9731790225925722,brown
Q9UBY9,HSPB7,Old_Post,-0.35802355577736883,brown
P43686,PSMC4,Young_Pre,0.3834461516026232,brown
P43686,PSMC4,Young_Post,1.2241413658510687,brown
P43686,PSMC4,Old_Pre,-0.9802564348044736,brown
P43686,PSMC4,Old_Post,-0.6273310826492184,brown
P11021,HSPA5,Young_Pre,-0.31775486461540425,brown
P11021,HSPA5,Young_Post,1.4050469267168582,brown
P11021,HSPA5,Old_Pre,-0.9521634514763083,brown
P11021,HSPA5,Old_Post,-0.13512861062514553,brown
P50990,CCT8,Young_Pre,-0.8451663535391238,brown
P50990,CCT8,Young_Post,1.3011435270989795,brown
P50990,CCT8,Old_Pre,-0.7223375350593917,brown
P50990,CCT8,Old_Post,0.2663603614994719,brown
Q86VF7,NRAP,Young_Pre,0.512278383893694,brown
Q86VF7,NRAP,Young_Post,1.1128942769008139,brown
Q86VF7,NRAP,Old_Pre,-1.1112869306140338,brown
Q86VF7,NRAP,Old_Post,-0.5138857301804738,brown
P55036,PSMD4,Young_Pre,0.13791902663197708,brown
P55036,PSMD4,Young_Post,1.3611644862876748,brown
P55036,PSMD4,Old_Pre,-0.797416039788188,brown
P55036,PSMD4,Old_Post,-0.7016674731314124,brown
Q9UNM6,PSMD13,Young_Pre,0.5081516931065668,brown
Q9UNM6,PSMD13,Young_Post,1.1607072855737062,brown
Q9UNM6,PSMD13,Old_Pre,-0.8028438229057905,brown
Q9UNM6,PSMD13,Old_Post,-0.8660151557744612,brown
P50991,CCT4,Young_Pre,-0.6682447202120838,brown
P50991,CCT4,Young_Post,1.2003853165202882,brown
P50991,CCT4,Old_Pre,-0.9628260942087745,brown
P50991,CCT4,Old_Post,0.4306854979005414,brown
O00399,DCTN6,Young_Pre,0.5979194196827958,brown
O00399,DCTN6,Young_Post,1.093165173372454,brown
O00399,DCTN6,Old_Pre,-0.9393472027356312,brown
O00399,DCTN6,Old_Post,-0.7517373903195894,brown
P41091,EIF2S3,Young_Pre,0.3461923130153033,brown
P41091,EIF2S3,Young_Post,1.2567792029966425,brown
P41091,EIF2S3,Old_Pre,-0.7123283781896593,brown
P41091,EIF2S3,Old_Post,-0.8906431378222864,brown
P68371,TUBB4B,Young_Pre,0.21800304476411242,brown
P68371,TUBB4B,Young_Post,1.3256356316454567,brown
P68371,TUBB4B,Old_Pre,-0.8151475214799446,brown
P68371,TUBB4B,Old_Post,-0.7284911549295783,brown
P26641,EEF1G,Young_Pre,0.24094926556891488,brown
P26641,EEF1G,Young_Post,1.2590866914752628,brown
P26641,EEF1G,Old_Pre,-1.0903047829671928,brown
P26641,EEF1G,Old_Post,-0.40973117407702886,brown
P68366,TUBA4A,Young_Pre,0.5973231774480535,brown
P68366,TUBA4A,Young_Post,1.0126597673194186,brown
P68366,TUBA4A,Old_Pre,-1.2060542331300252,brown
P68366,TUBA4A,Old_Post,-0.4039287116374468,brown
P30837,ALDH1B1,Young_Pre,-0.2551124222431475,brown
P30837,ALDH1B1,Young_Post,1.441169141827046,brown
P30837,ALDH1B1,Old_Pre,-0.8710426450613046,brown
P30837,ALDH1B1,Old_Post,-0.31501407452260854,brown
Q96FQ6,S100A16,Young_Pre,0.2804560352052322,brown
Q96FQ6,S100A16,Young_Post,1.2240800190721035,brown
Q96FQ6,S100A16,Old_Pre,-1.1338162874644087,brown
Q96FQ6,S100A16,Old_Post,-0.37071976681292007,brown
Q9NSD9,FARSB,Young_Pre,-0.7212020549015438,brown
Q9NSD9,FARSB,Young_Post,1.4557228005331122,brown
Q9NSD9,FARSB,Old_Pre,-0.5805423002407797,brown
Q9NSD9,FARSB,Old_Post,-0.1539784453908011,brown
Q9Y696,CLIC4,Young_Pre,0.4946807191682644,brown
Q9Y696,CLIC4,Young_Post,1.1176121448336074,brown
Q9Y696,CLIC4,Old_Pre,-1.1274639853246926,brown
Q9Y696,CLIC4,Old_Post,-0.4848288786771611,brown
P11441,UBL4A,Young_Pre,0.456579758787386,brown
P11441,UBL4A,Young_Post,1.1845314505953586,brown
P11441,UBL4A,Old_Pre,-0.6759921832541697,brown
P11441,UBL4A,Old_Post,-0.9651190261285749,brown
Q13557,CAMK2D,Young_Pre,0.046640964903406634,brown
Q13557,CAMK2D,Young_Post,1.1470352017896661,brown
Q13557,CAMK2D,Old_Pre,-1.2931510412838008,brown
Q13557,CAMK2D,Old_Post,0.09947487459072803,brown
P17987,TCP1,Young_Pre,-0.47547463918444227,brown
P17987,TCP1,Young_Post,1.41096687973401,brown
P17987,TCP1,Old_Pre,-0.8833922833280937,brown
P17987,TCP1,Old_Post,-0.05209995722141359,brown
Q9UPY8,MAPRE3,Young_Pre,0.41859263035758265,brown
Q9UPY8,MAPRE3,Young_Post,1.1760564761455194,brown
Q9UPY8,MAPRE3,Old_Pre,-1.0890594399988767,brown
Q9UPY8,MAPRE3,Old_Post,-0.5055896665042086,brown
Q12988,HSPB3,Young_Pre,-0.08299709781261999,brown
Q12988,HSPB3,Young_Post,1.3924556584906094,brown
Q12988,HSPB3,Old_Pre,-0.9684471948941783,brown
Q12988,HSPB3,Old_Post,-0.3410113657838452,brown
Q9BUF5,TUBB6,Young_Pre,-0.8033252322776047,brown
Q9BUF5,TUBB6,Young_Post,1.3482630086509235,brown
Q9BUF5,TUBB6,Old_Pre,-0.7131370403319777,brown
Q9BUF5,TUBB6,Old_Post,0.16819926395867194,brown
P31939,ATIC,Young_Pre,0.29982160371425726,brown
P31939,ATIC,Young_Post,1.267836886915146,brown
P31939,ATIC,Old_Pre,-0.9760791640433104,brown
P31939,ATIC,Old_Post,-0.5915793265860757,brown
P25788,PSMA3,Young_Pre,0.28124294798249955,brown
P25788,PSMA3,Young_Post,1.2948692095152285,brown
P25788,PSMA3,Old_Pre,-0.8208537002587551,brown
P25788,PSMA3,Old_Post,-0.7552584572389972,brown
O00487,PSMD14,Young_Pre,0.6304395350676011,brown
O00487,PSMD14,Young_Post,1.0661702243840772,brown
O00487,PSMD14,Old_Pre,-0.9635973498339011,brown
O00487,PSMD14,Old_Post,-0.7330124096177606,brown
Q53GG5,PDLIM3,Young_Pre,0.03419110361534481,brown
Q53GG5,PDLIM3,Young_Post,1.390433430306198,brown
Q53GG5,PDLIM3,Old_Pre,-0.8716049425533995,brown
Q53GG5,PDLIM3,Old_Post,-0.5530195913681435,brown
P14625,HSP90B1,Young_Pre,-0.3328138635571178,brown
P14625,HSP90B1,Young_Post,1.3822273274246104,brown
P14625,HSP90B1,Old_Pre,-0.9873341405854741,brown
P14625,HSP90B1,Old_Post,-0.06207932328196278,brown
P04792,HSPB1,Young_Pre,-0.38964975243190814,brown
P04792,HSPB1,Young_Post,1.2939092038849198,brown
P04792,HSPB1,Old_Pre,-1.0706479003829175,brown
P04792,HSPB1,Old_Post,0.16638844892989452,brown
P07355,ANXA2,Young_Pre,-0.3991653352930502,brown
P07355,ANXA2,Young_Post,1.3851662533016587,brown
P07355,ANXA2,Old_Pre,-0.9598422848177837,brown
P07355,ANXA2,Old_Post,-0.026158633190755284,brown
P49368,CCT3,Young_Pre,-0.6928328545543415,brown
P49368,CCT3,Young_Post,1.2118072567483136,brown
P49368,CCT3,Old_Pre,-0.9365538865408294,brown
P49368,CCT3,Old_Post,0.417579484346965,brown
Q14997,PSME4,Young_Pre,0.5965909061014499,brown
Q14997,PSME4,Young_Post,1.0980448925425674,brown
Q14997,PSME4,Old_Pre,-0.8120939039828236,brown
Q14997,PSME4,Old_Post,-0.8825418946611939,brown
Q9BTV4,TMEM43,Young_Pre,-0.12710863438422665,brown
Q9BTV4,TMEM43,Young_Post,1.3602249404173867,brown
Q9BTV4,TMEM43,Old_Pre,-1.048613470325059,brown
Q9BTV4,TMEM43,Old_Post,-0.1845028357081011,brown
Q96L96,ALPK3,Young_Pre,0.7091198534756445,brown
Q96L96,ALPK3,Young_Post,0.969261675043797,brown
Q96L96,ALPK3,Old_Pre,-1.1123194528483782,brown
Q96L96,ALPK3,Old_Post,-0.566062075671086,brown
Q15075,EEA1,Young_Pre,-0.23675534702620224,brown
Q15075,EEA1,Young_Post,1.4650999211639548,brown
Q15075,EEA1,Old_Pre,-0.7608248190160748,brown
Q15075,EEA1,Old_Post,-0.4675197551216777,brown
O60884,DNAJA2,Young_Pre,-0.06559344438488426,brown
O60884,DNAJA2,Young_Post,1.357741681004804,brown
O60884,DNAJA2,Old_Pre,-1.0444530177361244,brown
O60884,DNAJA2,Old_Post,-0.24769521888377263,brown
P50461,CSRP3,Young_Pre,-0.1502409345466184,brown
P50461,CSRP3,Young_Post,1.2063373038766865,brown
P50461,CSRP3,Old_Pre,-1.222493358961034,brown
P50461,CSRP3,Old_Post,0.16639698963098543,brown
P16152,CBR1,Young_Pre,-0.08804133705517163,brown
P16152,CBR1,Young_Post,1.3631958416302512,brown
P16152,CBR1,Old_Pre,-1.0381620217574246,brown
P16152,CBR1,Old_Post,-0.23699248281763097,brown
P55209,NAP1L1,Young_Pre,-0.42570361199603046,brown
P55209,NAP1L1,Young_Post,1.4119055070813937,brown
P55209,NAP1L1,Old_Pre,-0.9048060512709216,brown
P55209,NAP1L1,Old_Post,-0.081395843814582,brown
Q13409,DYNC1I2,Young_Pre,-0.21723172340579702,brown
Q13409,DYNC1I2,Young_Post,1.4531899223242966,brown
Q13409,DYNC1I2,Old_Pre,-0.8145154742913766,brown
Q13409,DYNC1I2,Old_Post,-0.4214427246271386,brown
P27816,MAP4,Young_Pre,0.20450439585571495,brown
P27816,MAP4,Young_Post,1.3299937572356932,brown
P27816,MAP4,Old_Pre,-0.8445545319460233,brown
P27816,MAP4,Old_Post,-0.689943621145385,brown
P26447,S100A4,Young_Pre,-0.8508028862729319,brown
P26447,S100A4,Young_Post,1.3306342215901623,brown
P26447,S100A4,Old_Pre,-0.6817459302406577,brown
P26447,S100A4,Old_Post,0.20191459492342734,brown
Q9HDC9,APMAP,Young_Pre,-0.11846566881149616,brown
Q9HDC9,APMAP,Young_Post,1.3764421158998736,brown
Q9HDC9,APMAP,Old_Pre,-1.0163644077473322,brown
Q9HDC9,APMAP,Old_Post,-0.2416120393410452,brown
P40227,CCT6A,Young_Pre,-1.0355651284659997,brown
P40227,CCT6A,Young_Post,1.2178273815630314,brown
P40227,CCT6A,Old_Pre,-0.5536738645568753,brown
P40227,CCT6A,Old_Post,0.37141161145982365,brown
Q5VYK3,ECPAS,Young_Pre,-0.08059645328549128,brown
Q5VYK3,ECPAS,Young_Post,1.384702926090889,brown
Q5VYK3,ECPAS,Old_Pre,-0.3160806393158194,brown
Q5VYK3,ECPAS,Old_Post,-0.9880258334896069,brown
Q07960,ARHGAP1,Young_Pre,0.28459482267120306,brown
Q07960,ARHGAP1,Young_Post,1.1271825587297883,brown
Q07960,ARHGAP1,Old_Pre,-1.2768123190810308,brown
Q07960,ARHGAP1,Old_Post,-0.13496506231996963,brown
Q14BN4,SLMAP,Young_Pre,-1.1457461309332813,brown
Q14BN4,SLMAP,Young_Post,1.269679361392823,brown
Q14BN4,SLMAP,Old_Pre,-0.24567889013057942,brown
Q14BN4,SLMAP,Old_Post,0.12174565967103766,brown
Q05639,EEF1A2,Young_Pre,0.5039575879858632,brown
Q05639,EEF1A2,Young_Post,1.155869254816087,brown
Q05639,EEF1A2,Old_Pre,-0.9573505455827261,brown
Q05639,EEF1A2,Old_Post,-0.7024762972192241,brown
Q7Z4G1,COMMD6,Young_Pre,0.32092229820581875,brown
Q7Z4G1,COMMD6,Young_Post,1.27357207320678,brown
Q7Z4G1,COMMD6,Old_Pre,-0.7535613606091587,brown
Q7Z4G1,COMMD6,Old_Post,-0.840933010803449,brown
P62280,RPS11,Young_Pre,-0.6597677205495907,brown
P62280,RPS11,Young_Post,1.384782611332565,brown
P62280,RPS11,Old_Pre,-0.8008340236087098,brown
P62280,RPS11,Old_Post,0.075819132825719407,brown
P51572,BCAP31,Young_Pre,-0.23621197385060294,brown
P51572,BCAP31,Young_Post,1.4421256784071634,brown
P51572,BCAP31,Old_Pre,-0.8650288840459179,brown
P51572,BCAP31,Old_Post,-0.3408848205106148,brown
P54136,RARS1,Young_Pre,0.43021586305589654,brown
P54136,RARS1,Young_Post,1.2065074424374627,brown
P54136,RARS1,Old_Pre,-0.9179169467936652,brown
P54136,RARS1,Old_Post,-0.7188063586996701,brown
P02511,CRYAB,Young_Pre,-0.3688209253398388,brown
P02511,CRYAB,Young_Post,1.1546840708930568,brown
P02511,CRYAB,Old_Pre,-1.1745598027196926,brown
P02511,CRYAB,Old_Post,0.38869665716645924,brown
Q13085,ACACA,Young_Pre,-0.20914479108514467,brown
Q13085,ACACA,Young_Post,1.4700952948247101,brown
Q13085,ACACA,Old_Pre,-0.6368074732651725,brown
Q13085,ACACA,Old_Post,-0.6241430304744473,brown
P17655,CAPN2,Young_Pre,-0.9754071482481443,brown
P17655,CAPN2,Young_Post,1.1300433435538981,brown
P17655,CAPN2,Old_Pre,-0.6936081107094572,brown
P17655,CAPN2,Old_Post,0.5389719154037683,brown
Q9BQE5,APOL2,Young_Pre,0.026378761011647527,brown
Q9BQE5,APOL2,Young_Post,1.3071008928825631,brown
Q9BQE5,APOL2,Old_Pre,-1.1149068845931238,brown
Q9BQE5,APOL2,Old_Post,-0.21857276930109978,brown
O00410,IPO5,Young_Pre,0.37870182712856126,brown
O00410,IPO5,Young_Post,1.2412956206937396,brown
O00410,IPO5,Old_Pre,-0.7677243658385093,brown
O00410,IPO5,Old_Post,-0.8522730819836398,brown
P24534,EEF1B2,Young_Pre,-0.2727756323560865,brown
P24534,EEF1B2,Young_Post,1.4381214932223554,brown
P24534,EEF1B2,Old_Pre,-0.8813236774651807,brown
P24534,EEF1B2,Old_Post,-0.28402218340103375,brown
Q9GZV1,ANKRD2,Young_Pre,-0.32896972590403134,brown
Q9GZV1,ANKRD2,Young_Post,1.3561449712766864,brown
Q9GZV1,ANKRD2,Old_Pre,-1.0259865122081502,brown
Q9GZV1,ANKRD2,Old_Post,-0.0011887331644827171,brown
O14818,PSMA7,Young_Pre,0.011544160691854941,brown
O14818,PSMA7,Young_Post,1.3793891922063746,brown
O14818,PSMA7,Old_Pre,-0.9502257711599191,brown
O14818,PSMA7,Old_Post,-0.4407075817383933,brown
P48556,PSMD8,Young_Pre,0.3870559977756587,brown
P48556,PSMD8,Young_Post,1.23727381029991,brown
P48556,PSMD8,Old_Pre,-0.8198300925675416,brown
P48556,PSMD8,Old_Post,-0.8044997155080471,brown
Q9P003,CNIH4,Young_Pre,0.4730663851982301,brown
Q9P003,CNIH4,Young_Post,1.1842291557612208,brown
Q9P003,CNIH4,Old_Pre,-0.8129117163605385,brown
Q9P003,CNIH4,Old_Post,-0.8443838245989254,brown
O76003,GLRX3,Young_Pre,-0.10467273040044585,brown
O76003,GLRX3,Young_Post,1.4044555951160804,brown
O76003,GLRX3,Old_Pre,-0.9430043399151736,brown
O76003,GLRX3,Old_Post,-0.3567785248004705,brown
P34932,HSPA4,Young_Pre,-0.7945952858736732,brown
P34932,HSPA4,Young_Post,1.4518736883583776,brown
P34932,HSPA4,Old_Pre,-0.47809433754353076,brown
P34932,HSPA4,Old_Post,-0.17918406494102038,brown
Q9H2I8,LRMDA,Young_Pre,0.7357124560193632,brown
Q9H2I8,LRMDA,Young_Post,0.9871412808273479,brown
Q9H2I8,LRMDA,Old_Pre,-0.8705585293121894,brown
Q9H2I8,LRMDA,Old_Post,-0.8522952075345123,brown
O60662,KLHL41,Young_Pre,0.11168187442750874,brown
O60662,KLHL41,Young_Post,1.3525374950351818,brown
O60662,KLHL41,Old_Pre,-0.9397154439162057,brown
O60662,KLHL41,Old_Post,-0.5245039255464937,brown
Q16531,DDB1,Young_Pre,-0.5168820908849749,brown
Q16531,DDB1,Young_Post,1.4860614860283972,brown
Q16531,DDB1,Old_Pre,-0.650118870046311,brown
Q16531,DDB1,Old_Post,-0.31906052509697264,brown
P13807,GYS1,Young_Pre,0.17600245263995448,brown
P13807,GYS1,Young_Post,1.3165369194735859,brown
P13807,GYS1,Old_Pre,-0.993167223178124,brown
P13807,GYS1,Old_Post,-0.4993721489354164,brown
P42330,AKR1C3,Young_Pre,-0.9949013859486785,brown
P42330,AKR1C3,Young_Post,1.3808336480739278,brown
P42330,AKR1C3,Old_Pre,-0.31337753648107314,brown
P42330,AKR1C3,Old_Post,-0.07255472564416367,brown
Q04828,AKR1C1,Young_Pre,-0.01837809611649097,brown
Q04828,AKR1C1,Young_Post,1.398768473645526,brown
Q04828,AKR1C1,Old_Pre,-0.9027630667837012,brown
Q04828,AKR1C1,Old_Post,-0.47762731074529724,brown
P20810,CAST,Young_Pre,0.45170539263954923,brown
P20810,CAST,Young_Post,1.1440733338041373,brown
P20810,CAST,Old_Pre,-1.1248477499116047,brown
P20810,CAST,Old_Post,-0.4709309765320574,brown
Q04446,GBE1,Young_Pre,-0.6415528786960726,brown
Q04446,GBE1,Young_Post,1.3255511496911494,brown
Q04446,GBE1,Old_Pre,-0.8885324080561022,brown
Q04446,GBE1,Old_Post,0.20453413706097823,brown
P07737,PFN1,Young_Pre,-0.7445453123982836,brown
P07737,PFN1,Young_Post,1.4758699370921837,brown
P07737,PFN1,Old_Pre,-0.3610605066361986,brown
P07737,PFN1,Old_Post,-0.3702641180574577,brown
Q9UL46,PSME2,Young_Pre,-0.4388849404035798,brown
Q9UL46,PSME2,Young_Post,1.4217807528881015,brown
Q9UL46,PSME2,Old_Pre,-0.8805991690592302,brown
Q9UL46,PSME2,Old_Post,-0.10229664342530109,brown
Q8TD19,NEK9,Young_Pre,-0.4060810602726667,brown
Q8TD19,NEK9,Young_Post,1.4933713675682219,brown
Q8TD19,NEK9,Old_Pre,-0.46045854160663746,brown
Q8TD19,NEK9,Old_Post,-0.6268317656889555,brown
Q86UP2,KTN1,Young_Pre,-0.38681049150151553,brown
Q86UP2,KTN1,Young_Post,1.4903710363819764,brown
Q86UP2,KTN1,Old_Pre,-0.45115999747125557,brown
Q86UP2,KTN1,Old_Post,-0.6524005474091865,brown
O60237,PPP1R12B,Young_Pre,0.36347915336043024,brown
O60237,PPP1R12B,Young_Post,1.2474103105626362,brown
O60237,PPP1R12B,Old_Pre,-0.890203181939191,brown
O60237,PPP1R12B,Old_Post,-0.720686281983882,brown
P62979,RPS27A,Young_Pre,0.7392704956925694,brown
P62979,RPS27A,Young_Post,0.9691487611903609,brown
P62979,RPS27A,Old_Pre,-0.6885569281352792,brown
P62979,RPS27A,Old_Post,-1.0198623287476398,brown
Q06323,PSME1,Young_Pre,-1.1590731524303381,brown
Q06323,PSME1,Young_Post,1.1909602179802583,brown
Q06323,PSME1,Old_Pre,-0.3606570326766631,brown
Q06323,PSME1,Old_Post,0.32876996712667955,brown
Q96CW1,AP2M1,Young_Pre,0.30998978818588196,brown
Q96CW1,AP2M1,Young_Post,1.2630380175493354,brown
Q96CW1,AP2M1,Old_Pre,-0.9755020752983993,brown
Q96CW1,AP2M1,Old_Post,-0.5975257304368017,brown
P30622,CLIP1,Young_Pre,0.4453834558600474,brown
P30622,CLIP1,Young_Post,1.1226518712352582,brown
P30622,CLIP1,Old_Pre,-0.3891006091244592,brown
P30622,CLIP1,Old_Post,-1.1789347179708933,brown
Q9Y6G9,DYNC1LI1,Young_Pre,-1.0586746989853062,brown
Q9Y6G9,DYNC1LI1,Young_Post,1.3187159121006073,brown
Q9Y6G9,DYNC1LI1,Old_Pre,-0.3606561509147493,brown
Q9Y6G9,DYNC1LI1,Old_Post,0.1006149377994729,brown
Q9Y394,DHRS7,Young_Pre,-0.0731965957603037,brown
Q9Y394,DHRS7,Young_Post,1.3999162039703952,brown
Q9Y394,DHRS7,Old_Pre,-0.9415543590712172,brown
Q9Y394,DHRS7,Old_Post,-0.38516524913887434,brown
P00492,HPRT1,Young_Pre,-0.6431214640825721,brown
P00492,HPRT1,Young_Post,1.0320845961975147,brown
P00492,HPRT1,Old_Pre,-1.0446433182128427,brown
P00492,HPRT1,Old_Post,0.6556801860978894,brown
Q9P2J5,LARS1,Young_Pre,0.04627895155122159,brown
Q9P2J5,LARS1,Young_Post,1.372334593762304,brown
Q9P2J5,LARS1,Old_Pre,-0.9420338939093859,brown
Q9P2J5,LARS1,Old_Post,-0.4765796514041397,brown
P14868,DARS1,Young_Pre,-0.7618727934323587,brown
P14868,DARS1,Young_Post,1.4547686622767582,brown
P14868,DARS1,Old_Pre,-0.5241353613187479,brown
P14868,DARS1,Old_Post,-0.16876050752569768,brown
P42677,RPS27,Young_Pre,0.3834814073463898,brown
P42677,RPS27,Young_Post,1.237152125236153,brown
P42677,RPS27,Old_Pre,-0.878029784898462,brown
P42677,RPS27,Old_Post,-0.7426037476840947,brown
P15311,EZR,Young_Pre,0.1293170775291361,brown
P15311,EZR,Young_Post,1.344839353485302,brown
P15311,EZR,Old_Pre,-0.9469777334032105,brown
P15311,EZR,Old_Post,-0.527178697611234,brown
P41227,NAA10,Young_Pre,-0.37450791470402095,brown
P41227,NAA10,Young_Post,1.33745438585159,brown
P41227,NAA10,Old_Pre,-1.0325297818748957,brown
P41227,NAA10,Old_Post,0.06958331072730263,brown
Q13561,DCTN2,Young_Pre,-0.8718665824496115,brown
Q13561,DCTN2,Young_Post,1.2942564301433004,brown
Q13561,DCTN2,Old_Pre,-0.6988127884308886,brown
Q13561,DCTN2,Old_Post,0.27642294073719975,brown
P13639,EEF2,Young_Pre,0.7561867381849912,brown
P13639,EEF2,Young_Post,0.8501415746671135,brown
P13639,EEF2,Old_Pre,-1.2588480357110443,brown
P13639,EEF2,Old_Post,-0.34748027714117785,brown
P49591,SARS1,Young_Pre,-0.3619960862661162,brown
P49591,SARS1,Young_Post,1.4102003209556775,brown
P49591,SARS1,Old_Pre,-0.9308746763344278,brown
P49591,SARS1,Old_Post,-0.11732955835505451,brown
O95817,BAG3,Young_Pre,0.2496153945669539,brown
O95817,BAG3,Young_Post,1.2482028521704276,brown
O95817,BAG3,Old_Pre,-1.1080414419499032,brown
O95817,BAG3,Old_Post,-0.38977680478752563,brown
P21291,CSRP1,Young_Pre,0.50736380380201,brown
P21291,CSRP1,Young_Post,0.876203519418187,brown
P21291,CSRP1,Old_Pre,-1.405127931303697,brown
P21291,CSRP1,Old_Post,0.021560608083500233,brown
Q9UBI6,GNG12,Young_Pre,0.8640698346958797,brown
Q9UBI6,GNG12,Young_Post,0.8600422815233463,brown
Q9UBI6,GNG12,Old_Pre,-0.9791656224367489,brown
Q9UBI6,GNG12,Old_Post,-0.744946493782477,brown
P07900,HSP90AA1,Young_Pre,-0.9934012602712612,brown
P07900,HSP90AA1,Young_Post,1.2940398947647533,brown
P07900,HSP90AA1,Old_Pre,-0.5333486193723188,brown
P07900,HSP90AA1,Old_Post,0.23270998487889857,brown
O95210,STBD1,Young_Pre,0.5885075280677486,brown
O95210,STBD1,Young_Post,1.1033138305329635,brown
O95210,STBD1,Old_Pre,-0.7947847267246372,brown
O95210,STBD1,Old_Post,-0.8970366318760407,brown
P26640,VARS1,Young_Pre,-1.1707194619695749,brown
P26640,VARS1,Young_Post,1.1766762816735505,brown
P26640,VARS1,Old_Pre,-0.352857765960693,brown
P26640,VARS1,Old_Post,0.3469009462567173,brown
P08238,HSP90AB1,Young_Pre,-0.5365102538444764,brown
P08238,HSP90AB1,Young_Post,1.4343160380280344,brown
P08238,HSP90AB1,Old_Pre,-0.803773740090455,brown
P08238,HSP90AB1,Old_Post,-0.09403204409295512,brown
Q99613,EIF3C,Young_Pre,0.5470680822197805,brown
Q99613,EIF3C,Young_Post,1.0962050005177169,brown
Q99613,EIF3C,Old_Pre,-1.0944715629765982,brown
Q99613,EIF3C,Old_Post,-0.5488015197609108,brown
P08758,ANXA5,Young_Pre,0.24044466282129298,brown
P08758,ANXA5,Young_Post,1.2970693935057434,brown
P08758,ANXA5,Old_Pre,-0.571497534285583,brown
P08758,ANXA5,Old_Post,-0.9660165220413659,brown
Q13203,MYBPH,Young_Pre,0.3694417752038348,brown
Q13203,MYBPH,Young_Post,1.1279579566179394,brown
Q13203,MYBPH,Old_Pre,-1.2335300652624526,brown
Q13203,MYBPH,Old_Post,-0.26386966655932964,brown
O95573,ACSL3,Young_Pre,-0.1986214317187932,brown
O95573,ACSL3,Young_Post,1.4636971353169401,brown
O95573,ACSL3,Old_Pre,-0.5378490060733223,brown
O95573,ACSL3,Old_Post,-0.7272266975248499,brown
O43852,CALU,Young_Pre,-0.17773823582353335,brown
O43852,CALU,Young_Post,1.296107660646837,brown
O43852,CALU,Old_Pre,-1.135005416428587,brown
O43852,CALU,Old_Post,0.01663599160529687,brown
P25786,PSMA1,Young_Pre,0.40384955723625743,brown
P25786,PSMA1,Young_Post,1.227187701248469,brown
P25786,PSMA1,Old_Pre,-0.8351987174267502,brown
P25786,PSMA1,Old_Post,-0.7958385410579762,brown
P48509,CD151,Young_Pre,0.876596118083165,brown
P48509,CD151,Young_Post,0.8516903619898392,brown
P48509,CD151,Old_Pre,-0.7844071301063388,brown
P48509,CD151,Old_Post,-0.9438793499666575,brown
Q9Y262,EIF3L,Young_Pre,0.15537899784923015,brown
Q9Y262,EIF3L,Young_Post,1.2704337841906175,brown
Q9Y262,EIF3L,Old_Pre,-1.1284688546161747,brown
Q9Y262,EIF3L,Old_Post,-0.29734392742367305,brown
P78371,CCT2,Young_Pre,-1.0107487547761405,brown
P78371,CCT2,Young_Post,1.1789723581350144,brown
P78371,CCT2,Old_Pre,-0.6199576484994408,brown
P78371,CCT2,Old_Post,0.45173404514059845,brown
P09497,CLTB,Young_Pre,-0.5558836029789399,brown
P09497,CLTB,Young_Post,1.4972578235251188,brown
P09497,CLTB,Old_Pre,-0.41537111675658517,brown
P09497,CLTB,Old_Post,-0.5260031037896673,brown
A0FGR8,ESYT2,Young_Pre,0.01306170970897155,brown
A0FGR8,ESYT2,Young_Post,1.3673121935916501,brown
A0FGR8,ESYT2,Old_Pre,-0.9881556585125876,brown
A0FGR8,ESYT2,Old_Post,-0.3922182447880562,brown
P07814,EPRS1,Young_Pre,-0.4800753956596917,brown
P07814,EPRS1,Young_Post,1.4998469798060101,brown
P07814,EPRS1,Old_Pre,-0.5130170644022222,brown
P07814,EPRS1,Old_Post,-0.5067545197441321,brown
O14929,HAT1,Young_Pre,0.82823062660216,brown
O14929,HAT1,Young_Post,0.7326592710634237,brown
O14929,HAT1,Old_Pre,-1.309148923361907,brown
O14929,HAT1,Old_Post,-0.25174097430368103,brown
P00390,GSR,Young_Pre,-0.22650538757072336,brown
P00390,GSR,Young_Post,1.437599436257237,brown
P00390,GSR,Old_Pre,-0.878153675850874,brown
P00390,GSR,Old_Post,-0.33294037283560035,brown
Q9H0U4,RAB1B,Young_Pre,-0.10509498729588715,brown
Q9H0U4,RAB1B,Young_Post,1.3536823424451399,brown
Q9H0U4,RAB1B,Old_Pre,-0.19011976790358429,brown
Q9H0U4,RAB1B,Old_Post,-1.0584675872457332,brown
P23526,AHCY,Young_Pre,-0.39347929023698824,brown
P23526,AHCY,Young_Post,1.3486859034636787,brown
P23526,AHCY,Old_Pre,0.05625554410319337,brown
P23526,AHCY,Old_Post,-1.0114621573299767,brown
Q8IVN3,MUSTN1,Young_Pre,0.7758397300439462,brown
Q8IVN3,MUSTN1,Young_Post,0.73018536191271,brown
Q8IVN3,MUSTN1,Old_Pre,-1.3575149288240096,brown
Q8IVN3,MUSTN1,Old_Post,-0.14851016313264667,brown
Q9NX47,MARCHF5,Young_Pre,0.7594162295871875,brown
Q9NX47,MARCHF5,Young_Post,0.9564163215655471,brown
Q9NX47,MARCHF5,Old_Pre,-0.9930349979744322,brown
Q9NX47,MARCHF5,Old_Post,-0.7227975531782931,brown
O43242,PSMD3,Young_Pre,0.5268240417849088,brown
O43242,PSMD3,Young_Post,1.1456168027174074,brown
O43242,PSMD3,Old_Pre,-0.7604266852104283,brown
O43242,PSMD3,Old_Post,-0.9120141592918597,brown
P35606,COPB2,Young_Pre,0.39119400068298854,brown
P35606,COPB2,Young_Post,1.1884399360244222,brown
P35606,COPB2,Old_Pre,-1.095558759161757,brown
P35606,COPB2,Old_Post,-0.4840751775456538,brown
Q8IUZ5,PHYKPL,Young_Pre,-0.22808953957664999,brown
Q8IUZ5,PHYKPL,Young_Post,1.4649550866413836,brown
Q8IUZ5,PHYKPL,Old_Pre,-0.7543804938173643,brown
Q8IUZ5,PHYKPL,Old_Post,-0.4824850532473694,brown
P55042,RRAD,Young_Pre,0.3648430839151697,brown
P55042,RRAD,Young_Post,1.1267797187412534,brown
P55042,RRAD,Old_Pre,-1.238146499026075,brown
P55042,RRAD,Old_Post,-0.25347630363038626,brown
P46976,GYG1,Young_Pre,0.3474637713326674,brown
P46976,GYG1,Young_Post,1.2594116154886945,brown
P46976,GYG1,Old_Pre,-0.770825916417897,brown
P46976,GYG1,Old_Post,-0.8360494704034843,brown
P04632,CAPNS1,Young_Pre,-0.5723727739472175,brown
P04632,CAPNS1,Young_Post,1.2056814863697927,brown
P04632,CAPNS1,Old_Pre,-1.0301603472351628,brown
P04632,CAPNS1,Old_Post,0.3968516348125877,brown
O15400,STX7,Young_Pre,-1.190334686416856,brown
O15400,STX7,Young_Post,0.944677889631921,brown
O15400,STX7,Old_Pre,-0.45185124638811197,brown
O15400,STX7,Old_Post,0.6975080431729622,brown
P40121,CAPG,Young_Pre,-0.5342199365936704,brown
P40121,CAPG,Young_Post,1.2079586951652856,brown
P40121,CAPG,Old_Pre,-1.0539756798855313,brown
P40121,CAPG,Old_Post,0.3802369213138916,brown
Q9NZU5,LMCD1,Young_Pre,-0.7169798682377625,brown
Q9NZU5,LMCD1,Young_Post,1.4460996106409727,brown
Q9NZU5,LMCD1,Old_Pre,-0.6184574738534667,brown
Q9NZU5,LMCD1,Old_Post,-0.11066226854974355,brown
Q8WW22,DNAJA4,Young_Pre,-0.5430361894370103,brown
Q8WW22,DNAJA4,Young_Post,1.3209136909041679,brown
Q8WW22,DNAJA4,Old_Pre,-0.9624158708086811,brown
Q8WW22,DNAJA4,Old_Post,0.18453836934152354,brown
Q9Y4L1,HYOU1,Young_Pre,-0.7889342687696849,brown
Q9Y4L1,HYOU1,Young_Post,1.2372269220475798,brown
Q9Y4L1,HYOU1,Old_Pre,-0.8350346599004629,brown
Q9Y4L1,HYOU1,Old_Post,0.38674200662254427,brown
O00299,CLIC1,Young_Pre,-0.6649486974333008,brown
O00299,CLIC1,Young_Post,1.2072456610124414,brown
O00299,CLIC1,Old_Pre,-0.9615679721701696,brown
O00299,CLIC1,Old_Post,0.4192710085910291,brown
P22234,PAICS,Young_Pre,0.2649139630170583,brown
P22234,PAICS,Young_Post,1.3031772950433844,brown
P22234,PAICS,Old_Pre,-0.8164063542933593,brown
P22234,PAICS,Old_Post,-0.7516849037671502,brown
Q15691,MAPRE1,Young_Pre,0.46208012468011567,brown
Q15691,MAPRE1,Young_Post,1.097584244742473,brown
Q15691,MAPRE1,Old_Pre,-1.2073332440348405,brown
Q15691,MAPRE1,Old_Post,-0.35233112538776856,brown
Q92499,DDX1,Young_Pre,-0.8314740339656199,brown
Q92499,DDX1,Young_Post,1.4062909477263694,brown
Q92499,DDX1,Old_Pre,-0.5753229051207264,brown
Q92499,DDX1,Old_Post,5.05991360004603e-4,brown
Q86UE4,MTDH,Young_Pre,-0.2786350086572494,brown
Q86UE4,MTDH,Young_Post,1.464369180339296,brown
Q86UE4,MTDH,Old_Pre,-0.7865197035301773,brown
Q86UE4,MTDH,Old_Post,-0.39921446815188916,brown
O75083,WDR1,Young_Pre,0.6046162328617752,brown
O75083,WDR1,Young_Post,0.9932378952044401,brown
O75083,WDR1,Old_Pre,-1.2298265808585467,brown
O75083,WDR1,Old_Post,-0.36802754720763214,brown
O00629,KPNA4,Young_Pre,-0.7796010845872584,brown
O00629,KPNA4,Young_Post,1.286765681200783,brown
O00629,KPNA4,Old_Pre,-0.8048754447203569,brown
O00629,KPNA4,Old_Post,0.2977108481067864,brown
Q6ZMU5,TRIM72,Young_Pre,-0.7899943127068157,brown
Q6ZMU5,TRIM72,Young_Post,1.1230903978690903,brown
Q6ZMU5,TRIM72,Old_Pre,-0.8942500568458479,brown
Q6ZMU5,TRIM72,Old_Post,0.5611539716836471,brown
P00387,CYB5R3,Young_Pre,-1.4827151761059465,brown
P00387,CYB5R3,Young_Post,0.3956035627539971,brown
P00387,CYB5R3,Old_Pre,0.7080971354342728,brown
P00387,CYB5R3,Old_Post,0.3790144779177085,brown
Q9UHP9,SMPX,Young_Pre,-0.0692552445194099,brown
Q9UHP9,SMPX,Young_Post,1.2335772494947077,brown
Q9UHP9,SMPX,Old_Pre,-1.2129018426909686,brown
Q9UHP9,SMPX,Old_Post,0.04857983771567071,brown
P62826,RAN,Young_Pre,-1.2557833625585202,brown
P62826,RAN,Young_Post,1.1472407778294265,brown
P62826,RAN,Old_Pre,0.27894438560977625,brown
P62826,RAN,Old_Post,-0.17040180088054677,brown
P23368,ME2,Young_Pre,-0.2518217195602442,brown
P23368,ME2,Young_Post,1.3787660729572748,brown
P23368,ME2,Old_Pre,-1.0110144371572158,brown
P23368,ME2,Old_Post,-0.11592991623983001,brown
P30101,PDIA3,Young_Pre,-0.22590156565490235,brown
P30101,PDIA3,Young_Post,1.3667299211547155,brown
P30101,PDIA3,Old_Pre,-1.0342423446926279,brown
P30101,PDIA3,Old_Post,-0.10658601080716053,brown
P67870,CSNK2B,Young_Pre,0.2383693954513683,brown
P67870,CSNK2B,Young_Post,1.2646851787591311,brown
P67870,CSNK2B,Old_Pre,-1.0787618386211297,brown
P67870,CSNK2B,Old_Post,-0.42429273558935005,brown
P22102,GART,Young_Pre,-0.716910104369208,brown
P22102,GART,Young_Post,1.4550318895738923,brown
P22102,GART,Old_Pre,-0.5887313476929883,brown
P22102,GART,Old_Post,-0.14939043751176645,brown
P0DMV8,HSPA1A,Young_Pre,0.8483564195692761,brown
P0DMV8,HSPA1A,Young_Post,0.7139073405536934,brown
P0DMV8,HSPA1A,Old_Pre,-0.2565874747045365,brown
P0DMV8,HSPA1A,Old_Post,-1.305676285418365,brown
Q9Y285,FARSA,Young_Pre,-1.127180948886187,brown
Q9Y285,FARSA,Young_Post,1.2969279458929104,brown
Q9Y285,FARSA,Old_Pre,-0.21339196047211448,brown
Q9Y285,FARSA,Old_Post,0.043644963465431556,brown
Q9H2G2,SLK,Young_Pre,-0.2647385383107177,brown
Q9H2G2,SLK,Young_Post,1.1401980014481994,brown
Q9H2G2,SLK,Old_Pre,-1.227238245781264,brown
Q9H2G2,SLK,Old_Post,0.3517787826438118,brown
Q93008,USP9X,Young_Pre,-0.92214963625473,brown
Q93008,USP9X,Young_Post,1.288934323144233,brown
Q93008,USP9X,Old_Pre,-0.6422075871473079,brown
Q93008,USP9X,Old_Post,0.275422900257805,brown
Q9Y266,NUDC,Young_Pre,0.13195705130300125,brown
Q9Y266,NUDC,Young_Post,1.2290647908690657,brown
Q9Y266,NUDC,Old_Pre,-0.1581141135618661,brown
Q9Y266,NUDC,Old_Post,-1.2029077286101133,brown
Q9P0I2,EMC3,Young_Pre,0.9369028660819197,brown
Q9P0I2,EMC3,Young_Post,0.7880480982038525,brown
Q9P0I2,EMC3,Old_Pre,-0.7804227556508648,brown
Q9P0I2,EMC3,Old_Post,-0.9445282086349175,brown
P31689,DNAJA1,Young_Pre,-1.4567002698255724,brown
P31689,DNAJA1,Young_Post,0.8039543139086834,brown
P31689,DNAJA1,Old_Pre,0.22982469067474057,brown
P31689,DNAJA1,Old_Post,0.42292126524210294,brown
Q9BXS5,AP1M1,Young_Pre,0.0793676968005604,brown
Q9BXS5,AP1M1,Young_Post,1.3854948356176513,brown
Q9BXS5,AP1M1,Old_Pre,-0.7080006528314143,brown
Q9BXS5,AP1M1,Old_Post,-0.7568618795868125,brown
A5YM72,CARNS1,Young_Pre,-0.30172267012402365,brown
A5YM72,CARNS1,Young_Post,1.341527809054248,brown
A5YM72,CARNS1,Old_Pre,-1.0531329157482583,brown
A5YM72,CARNS1,Old_Post,0.01332777681802673,brown
Q9UNE7,STUB1,Young_Pre,0.3024728229098679,brown
Q9UNE7,STUB1,Young_Post,1.2711243014448894,brown
Q9UNE7,STUB1,Old_Pre,-0.6214969487726741,brown
Q9UNE7,STUB1,Old_Post,-0.9521001755820832,brown
Q9NZ08,ERAP1,Young_Pre,-0.09305505797222925,brown
Q9NZ08,ERAP1,Young_Post,1.360396394029404,brown
Q9NZ08,ERAP1,Old_Pre,-1.0445145412079295,brown
Q9NZ08,ERAP1,Old_Post,-0.2228267948492015,brown
O95782,AP2A1,Young_Pre,-1.3172930111826717,brown
O95782,AP2A1,Young_Post,0.46869111437409905,brown
O95782,AP2A1,Old_Pre,-0.16093625665131445,brown
O95782,AP2A1,Old_Post,1.0095381534598464,brown
Q13885,TUBB2A,Young_Pre,-1.123708722753286,brown
Q13885,TUBB2A,Young_Post,1.150373649551602,brown
Q13885,TUBB2A,Old_Pre,-0.4680651671191418,brown
Q13885,TUBB2A,Old_Post,0.4414002403207729,brown
Q9H4G4,GLIPR2,Young_Pre,-0.7175801092644754,brown
Q9H4G4,GLIPR2,Young_Post,0.8523258737923276,brown
Q9H4G4,GLIPR2,Old_Pre,-1.0026645964160004,brown
Q9H4G4,GLIPR2,Old_Post,0.8679188318881368,brown
P05023,ATP1A1,Young_Pre,-0.6117653421535922,brown
P05023,ATP1A1,Young_Post,1.326729311787825,brown
P05023,ATP1A1,Old_Pre,-0.9097254820378256,brown
P05023,ATP1A1,Old_Post,0.19476151240362835,brown
Q99426,TBCB,Young_Pre,-1.4115602828895468,brown
Q99426,TBCB,Young_Post,0.9360313498936874,brown
Q99426,TBCB,Old_Pre,0.14216374284258523,brown
Q99426,TBCB,Old_Post,0.3333651901533376,brown
P54619,PRKAG1,Young_Pre,-0.9733068644064716,brown
P54619,PRKAG1,Young_Post,1.2545789782379588,brown
P54619,PRKAG1,Old_Pre,-0.6092234735484314,brown
P54619,PRKAG1,Old_Post,0.3279513597169937,brown
O94886,TMEM63A,Young_Pre,-1.107955584796405,brown
O94886,TMEM63A,Young_Post,1.2342428451212657,brown
O94886,TMEM63A,Old_Pre,-0.4103501863542688,brown
O94886,TMEM63A,Old_Post,0.284062926029491,brown
P18206,VCL,Young_Pre,-0.9366557226874004,brown
P18206,VCL,Young_Post,1.2805772249456866,brown
P18206,VCL,Old_Pre,-0.6322090690236899,brown
P18206,VCL,Old_Post,0.28828756676545686,brown
Q9P0J6,MRPL36,Young_Pre,0.22467965316949579,brown
Q9P0J6,MRPL36,Young_Post,1.3226198400312148,brown
Q9P0J6,MRPL36,Old_Pre,-0.7341026141013681,brown
Q9P0J6,MRPL36,Old_Post,-0.8131968790993837,brown
O94919,ENDOD1,Young_Pre,0.4684053988717721,brown
O94919,ENDOD1,Young_Post,1.1514264319263012,brown
O94919,ENDOD1,Old_Pre,-1.077204125142724,brown
O94919,ENDOD1,Old_Post,-0.5426277056553058,brown
P49589,CARS1,Young_Pre,0.07892742879356307,brown
P49589,CARS1,Young_Post,1.3514012055979692,brown
P49589,CARS1,Old_Pre,-0.9840185912106606,brown
P49589,CARS1,Old_Post,-0.44631004318094764,brown
P54652,HSPA2,Young_Pre,-1.4630701983985939,brown
P54652,HSPA2,Young_Post,0.6243862745819887,brown
P54652,HSPA2,Old_Pre,0.6621093532907896,brown
P54652,HSPA2,Old_Post,0.1765745705258157,brown
O15143,ARPC1B,Young_Pre,-0.8066632715554006,brown
O15143,ARPC1B,Young_Post,0.6074846577455303,brown
O15143,ARPC1B,Old_Pre,-0.8904664230485932,brown
O15143,ARPC1B,Old_Post,1.089645036858507,brown
Q9BTE1,DCTN5,Young_Pre,-1.3640899297238829,brown
Q9BTE1,DCTN5,Young_Post,1.0374855834348575,brown
Q9BTE1,DCTN5,Old_Pre,0.2323931576623101,brown
Q9BTE1,DCTN5,Old_Post,0.09421118862675529,brown
Q86VP6,CAND1,Young_Pre,-0.17102600155601047,brown
Q86VP6,CAND1,Young_Post,1.4619997995725975,brown
Q86VP6,CAND1,Old_Pre,-0.6455850289907362,brown
Q86VP6,CAND1,Old_Post,-0.6453887690256767,brown
P26639,TARS1,Young_Pre,-0.26498276390630726,brown
P26639,TARS1,Young_Post,1.416248169394177,brown
P26639,TARS1,Old_Pre,-0.9371014016541184,brown
P26639,TARS1,Old_Post,-0.21416400383375148,brown
Q9ULC4,MCTS1,Young_Pre,-0.8353371670280986,brown
Q9ULC4,MCTS1,Young_Post,1.4520039718990951,brown
Q9ULC4,MCTS1,Old_Pre,-0.26498995508886297,brown
Q9ULC4,MCTS1,Old_Post,-0.3516768497821894,brown
Q14116,IL18,Young_Pre,-0.5821053252041481,brown
Q14116,IL18,Young_Post,1.4516319824381898,brown
Q14116,IL18,Old_Pre,-0.7313098461410272,brown
Q14116,IL18,Old_Post,-0.1382168110930473,brown
P50395,GDI2,Young_Pre,-1.131961173043363,brown
P50395,GDI2,Young_Post,0.5688794185749959,brown
P50395,GDI2,Old_Pre,1.067832673813758,brown
P50395,GDI2,Old_Post,-0.5047509193452037,brown
P20618,PSMB1,Young_Pre,0.7142023319952258,brown
P20618,PSMB1,Young_Post,1.0051969866736346,brown
P20618,PSMB1,Old_Pre,-0.8854585261107182,brown
P20618,PSMB1,Old_Post,-0.8339407925582372,brown
P07099,EPHX1,Young_Pre,-0.10980058680954746,brown
P07099,EPHX1,Young_Post,1.445351583047749,brown
P07099,EPHX1,Old_Pre,-0.6083852601112827,brown
P07099,EPHX1,Old_Post,-0.7271657361268966,brown
O94979,SEC31A,Young_Pre,-1.1520115988372315,brown
O94979,SEC31A,Young_Post,0.7504590024323429,brown
O94979,SEC31A,Old_Pre,-0.5165305810246845,brown
O94979,SEC31A,Old_Post,0.9180831774294969,brown
Q8NCA5,FAM98A,Young_Pre,-0.17983156328137967,brown
Q8NCA5,FAM98A,Young_Post,1.4096817783312383,brown
Q8NCA5,FAM98A,Old_Pre,-0.9497326021838325,brown
Q8NCA5,FAM98A,Old_Post,-0.2801176128660569,brown
O14744,PRMT5,Young_Pre,-0.47687382089866054,brown
O14744,PRMT5,Young_Post,1.1269381258468292,brown
O14744,PRMT5,Old_Pre,0.47849445541462676,brown
O14744,PRMT5,Old_Post,-1.128558760362883,brown
P14621,ACYP2,Young_Pre,0.012173537148377276,brown
P14621,ACYP2,Young_Post,1.3577631569473543,brown
P14621,ACYP2,Old_Pre,-1.0150953996463161,brown
P14621,ACYP2,Old_Post,-0.35484129444941553,brown
O14558,HSPB6,Young_Pre,-1.3810169488956694,brown
O14558,HSPB6,Young_Post,0.6189679599973023,brown
O14558,HSPB6,Old_Pre,-0.07685732470240911,brown
O14558,HSPB6,Old_Post,0.8389063136007877,brown
Q13501,SQSTM1,Young_Pre,0.9232892905617986,brown
Q13501,SQSTM1,Young_Post,0.7899184645356263,brown
Q13501,SQSTM1,Old_Pre,-1.023973676581568,brown
Q13501,SQSTM1,Old_Post,-0.68923407851585206,brown
O43865,AHCYL1,Young_Pre,-0.9605446542386884,brown
O43865,AHCYL1,Young_Post,1.2012887994496768,brown
O43865,AHCYL1,Old_Pre,-0.6704994741242558,brown
O43865,AHCYL1,Old_Post,0.4297553289132415,brown
P30153,PPP2R1A,Young_Pre,-1.4982105088361564,brown
P30153,PPP2R1A,Young_Post,0.5261465724653709,brown
P30153,PPP2R1A,Old_Pre,0.4308916594286977,brown
P30153,PPP2R1A,Old_Post,0.5411722769420388,brown
Q9H496,TOR1AIP2,Young_Pre,-1.169047511987542,brown
Q9H496,TOR1AIP2,Young_Post,1.114756282144581,brown
Q9H496,TOR1AIP2,Old_Pre,-0.4139737438217047,brown
Q9H496,TOR1AIP2,Old_Post,0.46826497366466596,brown
P54646,PRKAA2,Young_Pre,-1.0789076256057342,brown
P54646,PRKAA2,Young_Post,1.333634097399828,brown
P54646,PRKAA2,Old_Pre,-0.2390226330519884,brown
P54646,PRKAA2,Old_Post,-0.01570383874206998,brown
P07237,P4HB,Young_Pre,-0.7534871253928087,brown
P07237,P4HB,Young_Post,1.4712072493231187,brown
P07237,P4HB,Old_Pre,-0.43043272874161576,brown
P07237,P4HB,Old_Post,-0.28728739518891333,brown
P35443,THBS4,Young_Pre,-0.2256074658925668,brown
P35443,THBS4,Young_Post,0.38825879983693906,brown
P35443,THBS4,Old_Pre,-1.2613952936183794,brown
P35443,THBS4,Old_Post,1.0987439596740072,brown
Q8NBS9,TXNDC5,Young_Pre,-1.227618818879598,brown
Q8NBS9,TXNDC5,Young_Post,0.4083019794487227,brown
Q8NBS9,TXNDC5,Old_Pre,-0.2941176410536726,brown
Q8NBS9,TXNDC5,Old_Post,1.1134344804845673,brown
O43390,HNRNPR,Young_Pre,0.7313150175480915,brown
O43390,HNRNPR,Young_Post,0.9550582150464448,brown
O43390,HNRNPR,Old_Pre,-1.0992284206723155,brown
O43390,HNRNPR,Old_Post,-0.5871448119222208,brown
Q07866,KLC1,Young_Pre,-1.0697791543867459,brown
Q07866,KLC1,Young_Post,0.15496011628490056,brown
Q07866,KLC1,Old_Pre,-0.383159629491791,brown
Q07866,KLC1,Old_Post,1.297978667593679,brown
O15260,SURF4,Young_Pre,-0.18414188626476202,brown
O15260,SURF4,Young_Post,1.4005648431418443,brown
O15260,SURF4,Old_Pre,-0.24443443073687843,brown
O15260,SURF4,Old_Post,-0.9719885261402296,brown
Q96HE7,ERO1A,Young_Pre,0.009430552585012434,brown
Q96HE7,ERO1A,Young_Post,1.178621790178701,brown
Q96HE7,ERO1A,Old_Pre,-1.266717614697703,brown
Q96HE7,ERO1A,Old_Post,0.07866527193404427,brown
Q9NY33,DPP3,Young_Pre,-0.3832915594309977,brown
Q9NY33,DPP3,Young_Post,1.4902346207583235,brown
Q9NY33,DPP3,Old_Pre,-0.6525343517721792,brown
Q9NY33,DPP3,Old_Post,-0.4544087095550781,brown
Q9Y2J8,PADI2,Young_Pre,-1.4369292472632107,brown
Q9Y2J8,PADI2,Young_Post,0.5544362064315017,brown
Q9Y2J8,PADI2,Old_Pre,0.09596558566906714,brown
Q9Y2J8,PADI2,Old_Post,0.7865274551626418,brown
Q99735,MGST2,Young_Pre,0.7561006618407817,brown
Q99735,MGST2,Young_Post,0.9673257843668371,brown
Q99735,MGST2,Old_Pre,-0.9229229376887281,brown
Q99735,MGST2,Old_Post,-0.8005035085188718,brown
P31949,S100A11,Young_Pre,-1.299682365149647,brown
P31949,S100A11,Young_Post,0.9799541645097173,brown
P31949,S100A11,Old_Pre,-0.22704837301016317,brown
P31949,S100A11,Old_Post,0.5467765736500786,brown
Q8N3L3,TXLNB,Young_Pre,0.34511022309298345,brown
Q8N3L3,TXLNB,Young_Post,1.1100065854836652,brown
Q8N3L3,TXLNB,Old_Pre,-0.18437250112134262,brown
Q8N3L3,TXLNB,Old_Post,-1.2707443074552278,brown
Q9Y3A5,SBDS,Young_Pre,0.3104209912379942,brown
Q9Y3A5,SBDS,Young_Post,1.0926013030769672,brown
Q9Y3A5,SBDS,Old_Pre,-1.3038505122752277,brown
Q9Y3A5,SBDS,Old_Post,-0.0991717820398509,brown
Q9Y316,MEMO1,Young_Pre,-0.3538728307119749,brown
Q9Y316,MEMO1,Young_Post,1.4537333658144287,brown
Q9Y316,MEMO1,Old_Pre,-0.8297397763816107,brown
Q9Y316,MEMO1,Old_Post,-0.270120758720875,brown
Q15772,SPEG,Young_Pre,0.768838132202795,brown
Q15772,SPEG,Young_Post,0.9524049630485134,brown
Q15772,SPEG,Old_Pre,-0.7594439405272334,brown
Q15772,SPEG,Old_Post,-0.961799154724075,brown
P59998,ARPC4,Young_Pre,-0.40772826969817355,brown
P59998,ARPC4,Young_Post,1.4813815744276215,brown
P59998,ARPC4,Old_Pre,-0.7141689480207319,brown
P59998,ARPC4,Old_Post,-0.35948435670865553,brown
O75396,SEC22B,Young_Pre,-1.389127223922291,brown
O75396,SEC22B,Young_Post,0.8724200149614584,brown
O75396,SEC22B,Old_Pre,0.5547618561845097,brown
O75396,SEC22B,Old_Post,-0.038054647223631916,brown
O60684,KPNA6,Young_Pre,0.3603391373078833,brown
O60684,KPNA6,Young_Post,0.9698230598874474,brown
O60684,KPNA6,Old_Pre,-1.3878996108159873,brown
O60684,KPNA6,Old_Post,0.05773741362054351,brown
Q9UDT6,CLIP2,Young_Pre,0.4551580058068836,brown
Q9UDT6,CLIP2,Young_Post,1.1917478878968493,brown
Q9UDT6,CLIP2,Old_Pre,-0.9140582725374188,brown
Q9UDT6,CLIP2,Old_Post,-0.7328476211663715,brown
O75155,CAND2,Young_Pre,-0.5485002874373356,brown
O75155,CAND2,Young_Post,1.473912276347526,brown
O75155,CAND2,Old_Pre,-0.24074162602634924,brown
O75155,CAND2,Old_Post,-0.6846703628837771,brown
Q9UHQ4,BCAP29,Young_Pre,0.5672928362236962,brown
Q9UHQ4,BCAP29,Young_Post,1.0932402636181766,brown
Q9UHQ4,BCAP29,Old_Pre,-1.0586516152580452,brown
Q9UHQ4,BCAP29,Old_Post,-0.6018814845838564,brown
P31946,YWHAB,Young_Pre,-1.40862419254251,brown
P31946,YWHAB,Young_Post,0.35437676266988666,brown
P31946,YWHAB,Old_Pre,0.11817618005750019,brown
P31946,YWHAB,Old_Post,0.9360712498151996,brown
P15170,GSPT1,Young_Pre,0.5438709145024166,brown
P15170,GSPT1,Young_Post,1.114203373534683,brown
P15170,GSPT1,Old_Pre,-1.0389777289911892,brown
P15170,GSPT1,Old_Post,-0.61909655904596,brown
Q13155,AIMP2,Young_Pre,-0.30904314568246716,brown
Q13155,AIMP2,Young_Post,1.471017535966514,brown
Q13155,AIMP2,Old_Pre,-0.4000072222889994,brown
Q13155,AIMP2,Old_Post,-0.7619671679950061,brown
Q8WTS6,SETD7,Young_Pre,0.12654245273144304,brown
Q8WTS6,SETD7,Young_Post,1.354862089176372,brown
Q8WTS6,SETD7,Old_Pre,-0.9004771415950018,brown
Q8WTS6,SETD7,Old_Post,-0.580927400312846,brown
P12268,IMPDH2,Young_Pre,0.8959468168502519,brown
P12268,IMPDH2,Young_Post,0.24874072131436975,brown
P12268,IMPDH2,Old_Pre,-1.4326496957505794,brown
P12268,IMPDH2,Old_Post,0.2879621575861679,brown
Q9Y450,HBS1L,Young_Pre,0.35132360474618546,brown
Q9Y450,HBS1L,Young_Post,0.9443656372649907,brown
Q9Y450,HBS1L,Old_Pre,-1.4045942367866202,brown
Q9Y450,HBS1L,Old_Post,0.10890499477547637,brown
Q14677,CLINT1,Young_Pre,0.7611180242822468,brown
Q14677,CLINT1,Young_Post,0.9630094158173884,brown
Q14677,CLINT1,Old_Pre,-0.8028838953306483,brown
Q14677,CLINT1,Old_Post,-0.9212435447689314,brown
P17931,LGALS3,Young_Pre,-1.2352656694798787,brown
P17931,LGALS3,Young_Post,0.7356897523514382,brown
P17931,LGALS3,Old_Pre,-0.3858578805640625,brown
P17931,LGALS3,Old_Post,0.8854337976924733,brown
Q99536,VAT1,Young_Pre,-0.7523695900652447,brown
Q99536,VAT1,Young_Post,1.4066806566634402,brown
Q99536,VAT1,Old_Pre,-0.6743788362163496,brown
Q99536,VAT1,Old_Post,0.020067769618218798,brown
P62258,YWHAE,Young_Pre,-1.2197845035601016,brown
P62258,YWHAE,Young_Post,-0.07796686403921275,brown
P62258,YWHAE,Old_Pre,1.2250560491947275,brown
P62258,YWHAE,Old_Post,0.07269531840450585,brown
Q96KP4,CNDP2,Young_Pre,-0.4528595677243693,brown
Q96KP4,CNDP2,Young_Post,1.47073090230347,brown
Q96KP4,CNDP2,Old_Pre,-0.27035884732255305,brown
Q96KP4,CNDP2,Old_Post,-0.7475124872565935,brown
P39656,DDOST,Young_Pre,1.145975564470787,brown
P39656,DDOST,Young_Post,0.4084253225130841,brown
P39656,DDOST,Old_Pre,-0.38232850042814237,brown
P39656,DDOST,Old_Post,-1.1720723865556733,brown
Q14697,GANAB,Young_Pre,-1.4717512733275298,brown
Q14697,GANAB,Young_Post,0.6340568238611968,brown
Q14697,GANAB,Old_Pre,0.6201605852441866,brown
Q14697,GANAB,Old_Post,0.21753386422218138,brown
P23297,S100A1,Young_Pre,0.18546004082905607,brown
P23297,S100A1,Young_Post,1.330549823332971,brown
P23297,S100A1,Old_Pre,-0.6061846653740391,brown
P23297,S100A1,Old_Post,-0.9098251987880136,brown
P41252,IARS1,Young_Pre,0.9212280770402294,brown
P41252,IARS1,Young_Post,0.794949145438062,brown
P41252,IARS1,Old_Pre,-1.0109979908784967,brown
P41252,IARS1,Old_Post,-0.7051792315998106,brown
Q9BW30,TPPP3,Young_Pre,-1.4222730897542761,brown
Q9BW30,TPPP3,Young_Post,0.02478663583963465,brown
Q9BW30,TPPP3,Old_Pre,0.6942328828916284,brown
Q9BW30,TPPP3,Old_Post,0.7032535710229677,brown
O75915,ARL6IP5,Young_Pre,-1.1762515731734535,brown
O75915,ARL6IP5,Young_Post,-0.0411434580902714,brown
O75915,ARL6IP5,Old_Pre,1.2696491482762313,brown
O75915,ARL6IP5,Old_Post,-0.052254117012822926,brown
P28070,PSMB4,Young_Pre,-0.2954792469849614,brown
P28070,PSMB4,Young_Post,1.414330538968673,brown
P28070,PSMB4,Old_Pre,-0.937874476321,brown
P28070,PSMB4,Old_Post,-0.18097681566265086,brown
Q969X5,ERGIC1,Young_Pre,-0.14592184024812915,brown
Q969X5,ERGIC1,Young_Post,0.6706492027199468,brown
Q969X5,ERGIC1,Old_Pre,-1.355813968392673,brown
Q969X5,ERGIC1,Old_Post,0.8310866059208336,brown
P04083,ANXA1,Young_Pre,-1.0872044396245792,brown
P04083,ANXA1,Young_Post,1.1814419476163884,brown
P04083,ANXA1,Old_Pre,-0.5041423184412921,brown
P04083,ANXA1,Old_Post,0.4099048104494964,brown
P60903,S100A10,Young_Pre,-1.3065176252635922,brown
P60903,S100A10,Young_Post,0.4984615618358599,brown
P60903,S100A10,Old_Pre,-0.19516745618080253,brown
P60903,S100A10,Old_Post,1.0032235196084935,brown
Q5BKX8,CAVIN4,Young_Pre,0.24020452792102182,brown
Q5BKX8,CAVIN4,Young_Post,1.3045628054676648,brown
Q5BKX8,CAVIN4,Old_Pre,-0.9261116963509056,brown
Q5BKX8,CAVIN4,Old_Post,-0.6186556370377809,brown
O95197,RTN3,Young_Pre,-1.3248007412523433,brown
O95197,RTN3,Young_Post,0.7597151907253508,brown
O95197,RTN3,Old_Pre,-0.2214785463345389,brown
O95197,RTN3,Old_Post,0.78656409686174,brown
Q9Y5K5,UCHL5,Young_Pre,0.4870071728259053,brown
Q9Y5K5,UCHL5,Young_Post,1.0805860827539682,brown
Q9Y5K5,UCHL5,Old_Pre,-1.2118640429857206,brown
Q9Y5K5,UCHL5,Old_Post,-0.3557292125941529,brown
Q96GG9,DCUN1D1,Young_Pre,0.6469529958426798,brown
Q96GG9,DCUN1D1,Young_Post,1.0041408293539769,brown
Q96GG9,DCUN1D1,Old_Pre,-1.149659243583425,brown
Q96GG9,DCUN1D1,Old_Post,-0.5014345816132711,brown
P52895,AKR1C2,Young_Pre,-1.2182752854420558,brown
P52895,AKR1C2,Young_Post,1.1703570628363622,brown
P52895,AKR1C2,Old_Pre,-0.24522632322262294,brown
P52895,AKR1C2,Old_Post,0.2931445458282217,brown
Q05519,SRSF11,Young_Pre,1.2230954300699262,turquoise
Q05519,SRSF11,Young_Post,0.40513796890599957,turquoise
Q05519,SRSF11,Old_Pre,-0.7294739374749639,turquoise
Q05519,SRSF11,Old_Post,-0.8987594615009938,turquoise
Q7LG56,RRM2B,Young_Pre,1.2164177078452922,turquoise
Q7LG56,RRM2B,Young_Post,0.42096006703150624,turquoise
Q7LG56,RRM2B,Old_Pre,-0.7825115936271188,turquoise
Q7LG56,RRM2B,Old_Post,-0.8548661812496632,turquoise
P08621,SNRNP70,Young_Pre,1.0697140946881198,turquoise
P08621,SNRNP70,Young_Post,0.6171885922872508,turquoise
P08621,SNRNP70,Old_Pre,-0.6822532363125174,turquoise
P08621,SNRNP70,Old_Post,-1.004649450662844,turquoise
O94811,TPPP,Young_Pre,1.3218659396966037,turquoise
O94811,TPPP,Young_Post,-0.1061024938724844,turquoise
O94811,TPPP,Old_Pre,-0.10669696647835211,turquoise
O94811,TPPP,Old_Post,-1.1090664793457476,turquoise
Q96S66,CLCC1,Young_Pre,1.1214773943542897,turquoise
Q96S66,CLCC1,Young_Post,0.5389841864389174,turquoise
Q96S66,CLCC1,Old_Pre,-0.6388957830456838,turquoise
Q96S66,CLCC1,Old_Post,-1.0215657977475234,turquoise
Q15386,UBE3C,Young_Pre,1.09858133794777,turquoise
Q15386,UBE3C,Young_Post,0.5871051494252759,turquoise
Q15386,UBE3C,Old_Pre,-0.7252483446152342,turquoise
Q15386,UBE3C,Old_Post,-0.9604381427578116,turquoise
Q9BR76,CORO1B,Young_Pre,1.1667384253970252,turquoise
Q9BR76,CORO1B,Young_Post,0.476557065513984,turquoise
Q9BR76,CORO1B,Old_Pre,-0.9968687127889603,turquoise
Q9BR76,CORO1B,Old_Post,-0.6464267781220491,turquoise
Q9BZE9,ASPSCR1,Young_Pre,1.2638475469031474,turquoise
Q9BZE9,ASPSCR1,Young_Post,0.2665193354666526,turquoise
Q9BZE9,ASPSCR1,Old_Pre,-0.4817708226565351,turquoise
Q9BZE9,ASPSCR1,Old_Post,-1.0485960597132513,turquoise
Q9BXB4,OSBPL11,Young_Pre,1.03599109591543,turquoise
Q9BXB4,OSBPL11,Young_Post,0.6740666057031157,turquoise
Q9BXB4,OSBPL11,Old_Pre,-0.9264710961104975,turquoise
Q9BXB4,OSBPL11,Old_Post,-0.7835866055080573,turquoise
Q8IZ81,ELMOD2,Young_Pre,1.2042833685250218,turquoise
Q8IZ81,ELMOD2,Young_Post,0.43276824795090574,turquoise
Q8IZ81,ELMOD2,Old_Pre,-0.7125913606859474,turquoise
Q8IZ81,ELMOD2,Old_Post,-0.9244602557899827,turquoise
Q8N5K1,CISD2,Young_Pre,1.3416589682174866,turquoise
Q8N5K1,CISD2,Young_Post,0.18470748431852754,turquoise
Q8N5K1,CISD2,Old_Pre,-0.7848290633332751,turquoise
Q8N5K1,CISD2,Old_Post,-0.7415373892028129,turquoise
Q9NVD7,PARVA,Young_Pre,1.4137105720390575,turquoise
Q9NVD7,PARVA,Young_Post,-0.2636402754603102,turquoise
Q9NVD7,PARVA,Old_Pre,-0.20721360179987788,turquoise
Q9NVD7,PARVA,Old_Post,-0.9428566947788695,turquoise
Q9UGI8,TES,Young_Pre,1.1219006618700536,turquoise
Q9UGI8,TES,Young_Post,0.5567099539302549,turquoise
Q9UGI8,TES,Old_Pre,-0.9454800043955415,turquoise
Q9UGI8,TES,Old_Post,-0.7331306114047592,turquoise
O95816,BAG2,Young_Pre,0.9569914262754845,turquoise
O95816,BAG2,Young_Post,0.7635668450268617,turquoise
O95816,BAG2,Old_Pre,-0.7578762530318265,turquoise
O95816,BAG2,Old_Post,-0.9626820182705075,turquoise
Q9Y2Q9,MRPS35,Young_Pre,1.247507876968097,turquoise
Q9Y2Q9,MRPS35,Young_Post,0.24609137072785237,turquoise
Q9Y2Q9,MRPS35,Old_Pre,-0.38091454776744826,turquoise
Q9Y2Q9,MRPS35,Old_Post,-1.1126846999284918,turquoise
P30085,CMPK1,Young_Pre,1.0611820228323956,turquoise
P30085,CMPK1,Young_Post,0.6235877190171255,turquoise
P30085,CMPK1,Old_Pre,-0.6609922999873177,turquoise
P30085,CMPK1,Old_Post,-1.0237774418621655,turquoise
Q12846,STX4,Young_Pre,1.1042443922144591,turquoise
Q12846,STX4,Young_Post,0.5659791212089661,turquoise
Q12846,STX4,Old_Pre,-0.6541578064616539,turquoise
Q12846,STX4,Old_Post,-1.0160657069617711,turquoise
Q96RL7,VPS13A,Young_Pre,1.0000972014833123,turquoise
Q96RL7,VPS13A,Young_Post,0.6896362024877201,turquoise
Q96RL7,VPS13A,Old_Pre,-0.625084983505796,turquoise
Q96RL7,VPS13A,Old_Post,-1.0646484204652362,turquoise
Q96Q83,ALKBH3,Young_Pre,1.0865417124778378,turquoise
Q96Q83,ALKBH3,Young_Post,0.5928283907415239,turquoise
Q96Q83,ALKBH3,Old_Pre,-0.6696267757407697,turquoise
Q96Q83,ALKBH3,Old_Post,-1.0097433274786047,turquoise
Q9UI12,ATP6V1H,Young_Pre,1.1965300180824112,turquoise
Q9UI12,ATP6V1H,Young_Post,0.4194153710288291,turquoise
Q9UI12,ATP6V1H,Old_Pre,-0.599685738557965,turquoise
Q9UI12,ATP6V1H,Old_Post,-1.0162596505532642,turquoise
P16989,YBX3,Young_Pre,1.1137141186044635,turquoise
P16989,YBX3,Young_Post,0.5565984585122208,turquoise
P16989,YBX3,Old_Pre,-0.6695257277221645,turquoise
P16989,YBX3,Old_Post,-1.0007868493945196,turquoise
Q00169,PITPNA,Young_Pre,1.3170475162994129,turquoise
Q00169,PITPNA,Young_Post,0.22725794240958536,turquoise
Q00169,PITPNA,Old_Pre,-0.6689539102667612,turquoise
Q00169,PITPNA,Old_Post,-0.8753515484421786,turquoise
Q9UBQ0,VPS29,Young_Pre,1.1068058022018799,turquoise
Q9UBQ0,VPS29,Young_Post,0.5416897236178234,turquoise
Q9UBQ0,VPS29,Old_Pre,-1.0720222674652227,turquoise
Q9UBQ0,VPS29,Old_Post,-0.5764732583544717,turquoise
Q13492,PICALM,Young_Pre,1.030738335372077,turquoise
Q13492,PICALM,Young_Post,0.6832151980067857,turquoise
Q13492,PICALM,Old_Pre,-0.8255353933413915,turquoise
Q13492,PICALM,Old_Post,-0.8884181400374619,turquoise
P61088,UBE2N,Young_Pre,1.3047579567847232,turquoise
P61088,UBE2N,Young_Post,-0.5006819023150576,turquoise
P61088,UBE2N,Old_Pre,0.19948302651786567,turquoise
P61088,UBE2N,Old_Post,-1.0035590809874628,turquoise
Q13724,MOGS,Young_Pre,1.2902721237418824,turquoise
Q13724,MOGS,Young_Post,0.2626079620560983,turquoise
Q13724,MOGS,Old_Pre,-0.6024908771559271,turquoise
Q13724,MOGS,Old_Post,-0.9503892086420371,turquoise
P09601,HMOX1,Young_Pre,1.249732246552017,turquoise
P09601,HMOX1,Young_Post,0.31844864456575595,turquoise
P09601,HMOX1,Old_Pre,-0.5526124562501558,turquoise
P09601,HMOX1,Old_Post,-1.015568434867612,turquoise
Q9H9A6,LRRC40,Young_Pre,1.2840681053391134,turquoise
Q9H9A6,LRRC40,Young_Post,0.3028779726860459,turquoise
Q9H9A6,LRRC40,Old_Pre,-0.782630824463072,turquoise
Q9H9A6,LRRC40,Old_Post,-0.8043152535620983,turquoise
Q9NZM1,MYOF,Young_Pre,0.7808637971978799,turquoise
Q9NZM1,MYOF,Young_Post,0.9453233192306832,turquoise
Q9NZM1,MYOF,Old_Pre,-0.921207979326437,turquoise
Q9NZM1,MYOF,Old_Post,-0.804979137102133,turquoise
P48426,PIP4K2A,Young_Pre,1.4932123362978214,turquoise
P48426,PIP4K2A,Young_Post,-0.38110969063091554,turquoise
P48426,PIP4K2A,Old_Pre,-0.6138707624082668,turquoise
P48426,PIP4K2A,Old_Post,-0.4982318832586919,turquoise
Q9ULP9,TBC1D24,Young_Pre,1.0520698988447736,turquoise
Q9ULP9,TBC1D24,Young_Post,0.17072125067728172,turquoise
Q9ULP9,TBC1D24,Old_Pre,0.1357302797096944,turquoise
Q9ULP9,TBC1D24,Old_Post,-1.3585214292317438,turquoise
Q15717,ELAVL1,Young_Pre,1.2732021575568477,turquoise
Q15717,ELAVL1,Young_Post,0.29498322388129095,turquoise
Q15717,ELAVL1,Old_Pre,-0.6075445834747929,turquoise
Q15717,ELAVL1,Old_Post,-0.9606407979633327,turquoise
Q9UBE0,SAE1,Young_Pre,1.3094131484317888,turquoise
Q9UBE0,SAE1,Young_Post,-0.05065432634016601,turquoise
Q9UBE0,SAE1,Old_Pre,-0.1340843172682169,turquoise
Q9UBE0,SAE1,Old_Post,-1.124674504823369,turquoise
Q02388,COL7A1,Young_Pre,0.7673095652079015,turquoise
Q02388,COL7A1,Young_Post,0.7069313065517416,turquoise
Q02388,COL7A1,Old_Pre,-0.09494013215892713,turquoise
Q02388,COL7A1,Old_Post,-1.3793007396007422,turquoise
Q8WYA0,IFT81,Young_Pre,1.3916482254470834,turquoise
Q8WYA0,IFT81,Young_Post,-0.6540716253850024,turquoise
Q8WYA0,IFT81,Old_Pre,0.057530773549213376,turquoise
Q8WYA0,IFT81,Old_Post,-0.7951073736112837,turquoise
P62081,RPS7,Young_Pre,0.7985423850927434,turquoise
P62081,RPS7,Young_Post,0.9043727278299489,turquoise
P62081,RPS7,Old_Pre,-1.0688053048480688,turquoise
P62081,RPS7,Old_Post,-0.6341098080746236,turquoise
Q10567,AP1B1,Young_Pre,0.8301428675721004,turquoise
Q10567,AP1B1,Young_Post,0.8673298364800313,turquoise
Q10567,AP1B1,Old_Pre,-1.0915273976493363,turquoise
Q10567,AP1B1,Old_Post,-0.6059453064027811,turquoise
Q96C00,ZBTB9,Young_Pre,1.4485762376536557,turquoise
Q96C00,ZBTB9,Young_Post,-0.14149003839462485,turquoise
Q96C00,ZBTB9,Old_Pre,-0.5365595824282086,turquoise
Q96C00,ZBTB9,Old_Post,-0.7705266168308096,turquoise
Q9NZZ3,CHMP5,Young_Pre,1.2609383675975083,turquoise
Q9NZZ3,CHMP5,Young_Post,0.3236279816893468,turquoise
Q9NZZ3,CHMP5,Old_Pre,-0.6343684746595487,turquoise
Q9NZZ3,CHMP5,Old_Post,-0.9501978746273476,turquoise
O43617,TRAPPC3,Young_Pre,0.6047890471312893,turquoise
O43617,TRAPPC3,Young_Post,1.0632402375942782,turquoise
O43617,TRAPPC3,Old_Pre,-0.5967494339150995,turquoise
O43617,TRAPPC3,Old_Post,-1.071279850810468,turquoise
Q86VD7,SLC25A42,Young_Pre,1.189979347727772,turquoise
Q86VD7,SLC25A42,Young_Post,0.4091324136785624,turquoise
Q86VD7,SLC25A42,Old_Pre,-0.5368958272834313,turquoise
Q86VD7,SLC25A42,Old_Post,-1.0622159341228974,turquoise
Q96EP5,DAZAP1,Young_Pre,1.137728573037572,turquoise
Q96EP5,DAZAP1,Young_Post,0.5416083056610316,turquoise
Q96EP5,DAZAP1,Old_Pre,-0.8724400829936345,turquoise
Q96EP5,DAZAP1,Old_Post,-0.8068967957049635,turquoise
Q06730,ZNF33A,Young_Pre,1.0962892520050953,turquoise
Q06730,ZNF33A,Young_Post,0.5545365200732267,turquoise
Q06730,ZNF33A,Old_Pre,-0.5724047251389579,turquoise
Q06730,ZNF33A,Old_Post,-1.0784210469393567,turquoise
O14979,HNRNPDL,Young_Pre,1.477301709385627,turquoise
O14979,HNRNPDL,Young_Post,-0.390041419649134,turquoise
O14979,HNRNPDL,Old_Pre,-0.350783208691535,turquoise
O14979,HNRNPDL,Old_Post,-0.7364770810449318,turquoise
Q0VDG4,SCRN3,Young_Pre,1.1546268601877485,turquoise
Q0VDG4,SCRN3,Young_Post,0.4950975996949904,turquoise
Q0VDG4,SCRN3,Old_Pre,-0.6503346049910684,turquoise
Q0VDG4,SCRN3,Old_Post,-0.9993898548916492,turquoise
Q01844,EWSR1,Young_Pre,1.0267373585795325,turquoise
Q01844,EWSR1,Young_Post,-0.6507405145320392,turquoise
Q01844,EWSR1,Old_Pre,0.663958257003171,turquoise
Q01844,EWSR1,Old_Post,-1.0399551010505275,turquoise
P78356,PIP4K2B,Young_Pre,1.366306157842459,turquoise
P78356,PIP4K2B,Young_Post,0.06421893508482972,turquoise
P78356,PIP4K2B,Old_Pre,-0.48517300881459,turquoise
P78356,PIP4K2B,Old_Post,-0.9453520841126578,turquoise
P19971,TYMP,Young_Pre,1.0055902545821598,turquoise
P19971,TYMP,Young_Post,0.7092785749392412,turquoise
P19971,TYMP,Old_Pre,-0.9449689559130009,turquoise
P19971,TYMP,Old_Post,-0.769899873608406,turquoise
P82979,SARNP,Young_Pre,1.2923371020790535,turquoise
P82979,SARNP,Young_Post,0.285832777455281,turquoise
P82979,SARNP,Old_Pre,-0.7513069462564437,turquoise
P82979,SARNP,Old_Post,-0.8268629332778988,turquoise
P36543,ATP6V1E1,Young_Pre,1.1222975935521677,turquoise
P36543,ATP6V1E1,Young_Post,0.5627594129102894,turquoise
P36543,ATP6V1E1,Old_Pre,-0.8874806843450034,turquoise
P36543,ATP6V1E1,Old_Post,-0.7975763221174538,turquoise
Q9UHX1,PUF60,Young_Pre,1.2747686773967513,turquoise
Q9UHX1,PUF60,Young_Post,0.24984804739788574,turquoise
Q9UHX1,PUF60,Old_Pre,-0.4881617833763965,turquoise
Q9UHX1,PUF60,Old_Post,-1.0364549414182838,turquoise
P55795,HNRNPH2,Young_Pre,1.471969713243064,turquoise
P55795,HNRNPH2,Young_Post,-0.31674834991746886,turquoise
P55795,HNRNPH2,Old_Pre,-0.396354720412218,turquoise
P55795,HNRNPH2,Old_Post,-0.7588666429133943,turquoise
Q9H993,ARMT1,Young_Pre,0.9803210947046784,turquoise
Q9H993,ARMT1,Young_Post,0.24545562352306657,turquoise
Q9H993,ARMT1,Old_Pre,0.17052015714162239,turquoise
Q9H993,ARMT1,Old_Post,-1.3962968753693892,turquoise
P10398,ARAF,Young_Pre,1.171355174753652,turquoise
P10398,ARAF,Young_Post,0.3237127872585185,turquoise
P10398,ARAF,Old_Pre,-0.29724353006055015,turquoise
P10398,ARAF,Old_Post,-1.1978244319516553,turquoise
O76070,SNCG,Young_Pre,1.2609195042090684,turquoise
O76070,SNCG,Young_Post,0.3378157501451595,turquoise
O76070,SNCG,Old_Pre,-0.8941972536170076,turquoise
O76070,SNCG,Old_Post,-0.7045380007372353,turquoise
P56192,MARS1,Young_Pre,0.9125562057484866,turquoise
P56192,MARS1,Young_Post,0.798919555763617,turquoise
P56192,MARS1,Old_Pre,-1.035173208446384,turquoise
P56192,MARS1,Old_Post,-0.6763025530657195,turquoise
Q9NUB1,ACSS1,Young_Pre,1.3763960807247653,turquoise
Q9NUB1,ACSS1,Young_Post,0.014503853791722773,turquoise
Q9NUB1,ACSS1,Old_Pre,-0.4327503733569462,turquoise
Q9NUB1,ACSS1,Old_Post,-0.9581495611594862,turquoise
Q9BTE6,AARSD1,Young_Pre,1.3109650898778362,turquoise
Q9BTE6,AARSD1,Young_Post,0.24920781566720315,turquoise
Q9BTE6,AARSD1,Old_Pre,-0.7469484826066854,turquoise
Q9BTE6,AARSD1,Old_Post,-0.8132244229384331,turquoise
Q9BVC6,TMEM109,Young_Pre,1.1679111672514293,turquoise
Q9BVC6,TMEM109,Young_Post,0.12131078690694624,turquoise
Q9BVC6,TMEM109,Old_Pre,-0.016032988740550393,turquoise
Q9BVC6,TMEM109,Old_Post,-1.2731889654177286,turquoise
P60033,CD81,Young_Pre,1.1793996965499605,turquoise
P60033,CD81,Young_Post,-1.1205178488118672,turquoise
P60033,CD81,Old_Pre,0.3899172585212149,turquoise
P60033,CD81,Old_Post,-0.44879910625934494,turquoise
Q92995,USP13,Young_Pre,1.2557289866496735,turquoise
Q92995,USP13,Young_Post,0.3519528982593102,turquoise
Q92995,USP13,Old_Pre,-0.7448776150281183,turquoise
Q92995,USP13,Old_Post,-0.8628042698808799,turquoise
Q15637,SF1,Young_Pre,1.4372720591122397,turquoise
Q15637,SF1,Young_Post,-0.849632890595467,turquoise
Q15637,SF1,Old_Pre,-0.15290634299608463,turquoise
Q15637,SF1,Old_Post,-0.43473282552070747,turquoise
Q13617,CUL2,Young_Pre,0.648943088957651,turquoise
Q13617,CUL2,Young_Post,1.0585165667709435,turquoise
Q13617,CUL2,Old_Pre,-0.8725222092348475,turquoise
Q13617,CUL2,Old_Post,-0.8349374464937469,turquoise
P62266,RPS23,Young_Pre,1.044285312892131,turquoise
P62266,RPS23,Young_Post,0.6561085799748101,turquoise
P62266,RPS23,Old_Pre,-0.9792706097262344,turquoise
P62266,RPS23,Old_Post,-0.7211232831407066,turquoise
P84157,MXRA7,Young_Pre,1.2188765757794942,turquoise
P84157,MXRA7,Young_Post,0.2582514858541852,turquoise
P84157,MXRA7,Old_Pre,-0.316253476936674,turquoise
P84157,MXRA7,Old_Post,-1.1608745846970832,turquoise
Q15365,PCBP1,Young_Pre,1.272159516161958,turquoise
Q15365,PCBP1,Young_Post,-0.015440147106411499,turquoise
Q15365,PCBP1,Old_Pre,-1.1722806259412457,turquoise
Q15365,PCBP1,Old_Post,-0.08443874311420632,turquoise
P46783,RPS10,Young_Pre,0.9360641412798829,turquoise
P46783,RPS10,Young_Post,0.7044294104046768,turquoise
P46783,RPS10,Old_Pre,-1.1957155379301179,turquoise
P46783,RPS10,Old_Post,-0.4447780137544623,turquoise
P49023,PXN,Young_Pre,0.6257016622576657,turquoise
P49023,PXN,Young_Post,-1.493864362697062,turquoise
P49023,PXN,Old_Pre,0.4314872709485599,turquoise
P49023,PXN,Old_Post,0.4366754294908961,turquoise
O60613,SELENOF,Young_Pre,1.3728999050947364,turquoise
O60613,SELENOF,Young_Post,0.0997799889591655,turquoise
O60613,SELENOF,Old_Pre,-0.8383124168873181,turquoise
O60613,SELENOF,Old_Post,-0.6343674771665997,turquoise
Q9BX68,HINT2,Young_Pre,1.2018726514436613,turquoise
Q9BX68,HINT2,Young_Post,-0.6102471543951014,turquoise
Q9BX68,HINT2,Old_Pre,0.4141485799596829,turquoise
Q9BX68,HINT2,Old_Post,-1.0057740770082726,turquoise
O15511,ARPC5,Young_Pre,0.9291408270927067,turquoise
O15511,ARPC5,Young_Post,0.6123691905308736,turquoise
O15511,ARPC5,Old_Pre,-1.3062803260009646,turquoise
O15511,ARPC5,Old_Post,-0.2352296916225887,turquoise
Q6YP21,KYAT3,Young_Pre,1.3690686070221172,turquoise
Q6YP21,KYAT3,Young_Post,0.03354495845128344,turquoise
Q6YP21,KYAT3,Old_Pre,-0.435916995815633,turquoise
Q6YP21,KYAT3,Old_Post,-0.9666965696577675,turquoise
Q5SQH8,C6orf136,Young_Pre,1.2046341575155424,turquoise
Q5SQH8,C6orf136,Young_Post,0.4227800082036827,turquoise
Q5SQH8,C6orf136,Old_Pre,-0.6622554770274579,turquoise
Q5SQH8,C6orf136,Old_Post,-0.9651586886917857,turquoise
O60343,TBC1D4,Young_Pre,1.442727491200045,turquoise
O60343,TBC1D4,Young_Post,-0.11206076343896036,turquoise
O60343,TBC1D4,Old_Pre,-0.7669276581294611,turquoise
O60343,TBC1D4,Old_Post,-0.5637390696316538,turquoise
Q9BYV7,BCO2,Young_Pre,0.95172374278196,turquoise
Q9BYV7,BCO2,Young_Post,0.6514504279730559,turquoise
Q9BYV7,BCO2,Old_Pre,-0.36298102840217855,turquoise
Q9BYV7,BCO2,Old_Post,-1.2401931423528016,turquoise
Q14258,TRIM25,Young_Pre,1.3041303113954235,turquoise
Q14258,TRIM25,Young_Post,0.24194001378155724,turquoise
Q14258,TRIM25,Old_Pre,-0.622133811642718,turquoise
Q14258,TRIM25,Old_Post,-0.9239365135343223,turquoise
Q99653,CHP1,Young_Pre,1.1624846529213244,turquoise
Q99653,CHP1,Young_Post,0.48628710505428824,turquoise
Q99653,CHP1,Old_Pre,-0.6617050131318123,turquoise
Q99653,CHP1,Old_Post,-0.9870667448438003,turquoise
P04275,VWF,Young_Pre,1.2717522222404347,turquoise
P04275,VWF,Young_Post,0.32480965354370933,turquoise
P04275,VWF,Old_Pre,-0.8346131728053579,turquoise
P04275,VWF,Old_Post,-0.7619487029788197,turquoise
Q15435,PPP1R7,Young_Pre,-0.20308339637158446,turquoise
Q15435,PPP1R7,Young_Post,-0.5543642563349546,turquoise
Q15435,PPP1R7,Old_Pre,1.4660540273780456,turquoise
Q15435,PPP1R7,Old_Post,-0.7086063746714305,turquoise
Q9P0P0,RNF181,Young_Pre,1.30679683346639,turquoise
Q9P0P0,RNF181,Young_Post,0.03454010330478938,turquoise
Q9P0P0,RNF181,Old_Pre,-0.22823393744764156,turquoise
Q9P0P0,RNF181,Old_Post,-1.113102999323538,turquoise
P51608,MECP2,Young_Pre,1.0469548345137611,turquoise
P51608,MECP2,Young_Post,-0.010556791443814256,turquoise
P51608,MECP2,Old_Pre,0.30845498008940414,turquoise
P51608,MECP2,Old_Post,-1.3448530231593043,turquoise
Q9NR46,SH3GLB2,Young_Pre,0.9489113217718375,turquoise
Q9NR46,SH3GLB2,Young_Post,0.7786741958308747,turquoise
Q9NR46,SH3GLB2,Old_Pre,-0.8856781402821098,turquoise
Q9NR46,SH3GLB2,Old_Post,-0.8419073773205632,turquoise
Q99733,NAP1L4,Young_Pre,0.8473122542822595,turquoise
Q99733,NAP1L4,Young_Post,0.8802396346824085,turquoise
Q99733,NAP1L4,Old_Pre,-0.7771088666942598,turquoise
Q99733,NAP1L4,Old_Post,-0.9504430222703825,turquoise
Q9BXJ8,TMEM120A,Young_Pre,1.4095433817087641,turquoise
Q9BXJ8,TMEM120A,Young_Post,-0.13958221113441452,turquoise
Q9BXJ8,TMEM120A,Old_Pre,-0.32895479059610344,turquoise
Q9BXJ8,TMEM120A,Old_Post,-0.9410063799782246,turquoise
Q09666,AHNAK,Young_Pre,0.48721969020654426,turquoise
Q09666,AHNAK,Young_Post,1.1744849235900678,turquoise
Q09666,AHNAK,Old_Pre,-0.8667063581217265,turquoise
Q09666,AHNAK,Old_Post,-0.7949982556748445,turquoise
Q14157,UBAP2L,Young_Pre,0.8401893657081887,turquoise
Q14157,UBAP2L,Young_Post,0.5755053967321744,turquoise
Q14157,UBAP2L,Old_Pre,-1.400948938671352,turquoise
Q14157,UBAP2L,Old_Post,-0.014745823769011101,turquoise
P62847,RPS24,Young_Pre,0.6924722583422431,turquoise
P62847,RPS24,Young_Post,1.0144522291101274,turquoise
P62847,RPS24,Old_Pre,-0.9849408415046623,turquoise
P62847,RPS24,Old_Post,-0.7219836459477282,turquoise
Q8NHH9,ATL2,Young_Pre,0.9749884066502524,turquoise
Q8NHH9,ATL2,Young_Post,0.31316488571713197,turquoise
Q8NHH9,ATL2,Old_Pre,0.10480782719416057,turquoise
Q8NHH9,ATL2,Old_Post,-1.392961119561568,turquoise
Q96PU8,QKI,Young_Pre,1.248417999588681,turquoise
Q96PU8,QKI,Young_Post,-1.170825529863669,turquoise
Q96PU8,QKI,Old_Pre,-0.22265729822756183,turquoise
Q96PU8,QKI,Old_Post,0.14506482850249078,turquoise
Q14061,COX17,Young_Pre,1.265203312758826,turquoise
Q14061,COX17,Young_Post,0.12033236722450974,turquoise
Q14061,COX17,Old_Pre,-0.23183067587455533,turquoise
Q14061,COX17,Old_Post,-1.1537050041088428,turquoise
Q9UPN7,PPP6R1,Young_Pre,1.4916346140342502,turquoise
Q9UPN7,PPP6R1,Young_Post,-0.6021279145885557,turquoise
Q9UPN7,PPP6R1,Old_Pre,-0.3529463006777345,turquoise
Q9UPN7,PPP6R1,Old_Post,-0.53656039876796,turquoise
O75821,EIF3G,Young_Pre,1.1894385443672624,turquoise
O75821,EIF3G,Young_Post,0.42203806881318245,turquoise
O75821,EIF3G,Old_Pre,-1.0388599274580856,turquoise
O75821,EIF3G,Old_Post,-0.5726166857224023,turquoise
Q9BV23,ABHD6,Young_Pre,0.9076573788316564,turquoise
Q9BV23,ABHD6,Young_Post,0.8231649225555625,turquoise
Q9BV23,ABHD6,Old_Pre,-0.8469088071004159,turquoise
Q9BV23,ABHD6,Old_Post,-0.8839134942867951,turquoise
P61960,UFM1,Young_Pre,0.21375425962638656,turquoise
P61960,UFM1,Young_Post,1.111865945727566,turquoise
P61960,UFM1,Old_Pre,-0.014956426758720285,turquoise
P61960,UFM1,Old_Post,-1.3106637785952322,turquoise
O15264,MAPK13,Young_Pre,0.7094701011474157,turquoise
O15264,MAPK13,Young_Post,-1.0616128534013434,turquoise
O15264,MAPK13,Old_Pre,0.9846590541460047,turquoise
O15264,MAPK13,Old_Post,-0.6325163018920771,turquoise
O43237,DYNC1LI2,Young_Pre,0.6876333239028511,turquoise
O43237,DYNC1LI2,Young_Post,1.0269880890554377,turquoise
O43237,DYNC1LI2,Old_Pre,-0.8220078602131383,turquoise
O43237,DYNC1LI2,Old_Post,-0.8926135527451926,turquoise
P57772,EEFSEC,Young_Pre,0.8096616392503856,turquoise
P57772,EEFSEC,Young_Post,0.8779250729685912,turquoise
P57772,EEFSEC,Old_Pre,-1.1173999537551316,turquoise
P57772,EEFSEC,Old_Post,-0.5701867584638406,turquoise
Q9BR39,JPH2,Young_Pre,1.4601702315710607,turquoise
Q9BR39,JPH2,Young_Post,-0.5510239162835056,turquoise
Q9BR39,JPH2,Old_Pre,-0.1797986799199231,turquoise
Q9BR39,JPH2,Old_Post,-0.729347635367632,turquoise
Q16774,GUK1,Young_Pre,1.36304817195069,turquoise
Q16774,GUK1,Young_Post,-0.8926442979625963,turquoise
Q16774,GUK1,Old_Pre,0.10732246792135276,turquoise
Q16774,GUK1,Old_Post,-0.5777263419093991,turquoise
Q9Y570,PPME1,Young_Pre,0.7398498093465685,turquoise
Q9Y570,PPME1,Young_Post,0.947082097374903,turquoise
Q9Y570,PPME1,Old_Pre,-1.1011364129446108,turquoise
Q9Y570,PPME1,Old_Post,-0.5857954937768608,turquoise
Q9Y6A9,SPCS1,Young_Pre,1.020160835833563,turquoise
Q9Y6A9,SPCS1,Young_Post,0.6960557022123898,turquoise
Q9Y6A9,SPCS1,Old_Pre,-0.8903474200490615,turquoise
Q9Y6A9,SPCS1,Old_Post,-0.8258691179968912,turquoise
P62253,UBE2G1,Young_Pre,0.9041789586869159,turquoise
P62253,UBE2G1,Young_Post,-1.3322385410371218,turquoise
P62253,UBE2G1,Old_Pre,0.611511474666453,turquoise
P62253,UBE2G1,Old_Post,-0.18345189231617698,turquoise
P62328,TMSB4X,Young_Pre,0.31174651231846445,turquoise
P62328,TMSB4X,Young_Post,1.1747896897228325,turquoise
P62328,TMSB4X,Old_Pre,-1.2003175277725748,turquoise
P62328,TMSB4X,Old_Post,-0.286218674268711,turquoise
Q9C0C9,UBE2O,Young_Pre,0.7715966358223074,turquoise
Q9C0C9,UBE2O,Young_Post,0.955556751867399,turquoise
Q9C0C9,UBE2O,Old_Pre,-0.8603740976854003,turquoise
Q9C0C9,UBE2O,Old_Post,-0.866779290004299,turquoise
Q9Y3D6,FIS1,Young_Pre,0.6560850841148677,turquoise
Q9Y3D6,FIS1,Young_Post,-0.9768242963611269,turquoise
Q9Y3D6,FIS1,Old_Pre,1.0446574086242162,turquoise
Q9Y3D6,FIS1,Old_Post,-0.723918196377957,turquoise
Q8IWL3,HSCB,Young_Pre,1.4381838867055527,turquoise
Q8IWL3,HSCB,Young_Post,-0.6934278598048583,turquoise
Q8IWL3,HSCB,Old_Pre,-0.6668726156627691,turquoise
Q8IWL3,HSCB,Old_Post,-0.0778834112379483,turquoise
P46379,BAG6,Young_Pre,0.7947429916042705,turquoise
P46379,BAG6,Young_Post,0.8836247711188882,turquoise
P46379,BAG6,Old_Pre,-0.5399083664201747,turquoise
P46379,BAG6,Old_Post,-1.1384593963029537,turquoise
Q04941,PLP2,Young_Pre,1.0696546479075466,turquoise
Q04941,PLP2,Young_Post,0.4744677784635187,turquoise
Q04941,PLP2,Old_Pre,-0.3037865995245726,turquoise
Q04941,PLP2,Old_Post,-1.2403358268464926,turquoise
O75348,ATP6V1G1,Young_Pre,0.5626916070846001,turquoise
O75348,ATP6V1G1,Young_Post,0.3872474273483947,turquoise
O75348,ATP6V1G1,Old_Pre,0.5453798104058273,turquoise
O75348,ATP6V1G1,Old_Post,-1.4953188448388872,turquoise
P32456,GBP2,Young_Pre,0.7888323429646275,turquoise
P32456,GBP2,Young_Post,0.887560619622947,turquoise
P32456,GBP2,Old_Pre,-0.5341956600111463,turquoise
P32456,GBP2,Old_Post,-1.1421973025763645,turquoise
O75128,COBL,Young_Pre,0.41327634330104307,turquoise
O75128,COBL,Young_Post,-0.8093558777302481,turquoise
O75128,COBL,Old_Pre,-0.8256072003611831,turquoise
O75128,COBL,Old_Post,1.2216867347904647,turquoise
Q14714,SSPN,Young_Pre,0.9129832052554215,turquoise
Q14714,SSPN,Young_Post,0.381628171890264,turquoise
Q14714,SSPN,Old_Pre,0.12172366601113802,turquoise
Q14714,SSPN,Old_Post,-1.4163350431568236,turquoise
P63302,SELENOW,Young_Pre,1.3000185237124304,turquoise
P63302,SELENOW,Young_Post,-0.9090412543601121,turquoise
P63302,SELENOW,Old_Pre,0.25571210961670554,turquoise
P63302,SELENOW,Old_Post,-0.6466893789690074,turquoise
Q8IXL7,MSRB3,Young_Pre,0.7132550228156479,turquoise
Q8IXL7,MSRB3,Young_Post,-1.4657592701415987,turquoise
Q8IXL7,MSRB3,Old_Pre,0.5490029750362929,turquoise
Q8IXL7,MSRB3,Old_Post,0.20350127228967588,turquoise
O14924,RGS12,Young_Pre,1.1385752009929961,turquoise
O14924,RGS12,Young_Post,-0.9428483417060779,turquoise
O14924,RGS12,Old_Pre,0.5328223140128648,turquoise
O14924,RGS12,Old_Post,-0.728549173299808,turquoise
P12955,PEPD,Young_Pre,0.6995188709870932,turquoise
P12955,PEPD,Young_Post,0.5560384982097291,turquoise
P12955,PEPD,Old_Pre,0.21284084407352788,turquoise
P12955,PEPD,Old_Post,-1.4683982132703919,turquoise
Q99829,CPNE1,Young_Pre,1.3081890638949438,turquoise
Q99829,CPNE1,Young_Post,0.027997786265862207,turquoise
Q99829,CPNE1,Old_Pre,-0.22359379189805362,turquoise
Q99829,CPNE1,Old_Post,-1.1125930582627828,turquoise
Q6UW68,TMEM205,Young_Pre,1.1082401075634,turquoise
Q6UW68,TMEM205,Young_Post,0.5464425247320708,turquoise
Q6UW68,TMEM205,Old_Pre,-0.5990683169316606,turquoise
Q6UW68,TMEM205,Old_Post,-1.0556143153637938,turquoise
Q8IYQ7,THNSL1,Young_Pre,1.2825625967169514,turquoise
Q8IYQ7,THNSL1,Young_Post,0.29926522948333584,turquoise
Q8IYQ7,THNSL1,Old_Pre,-0.8757191961141704,turquoise
Q8IYQ7,THNSL1,Old_Post,-0.7061086300861273,turquoise
Q9NZD2,GLTP,Young_Pre,1.185217730641747,turquoise
Q9NZD2,GLTP,Young_Post,0.4696913560969017,turquoise
Q9NZD2,GLTP,Old_Pre,-0.7760399622896843,turquoise
Q9NZD2,GLTP,Old_Post,-0.8788691244489738,turquoise
P55010,EIF5,Young_Pre,1.1912713133432955,turquoise
P55010,EIF5,Young_Post,0.4557797550627535,turquoise
P55010,EIF5,Old_Pre,-0.9150374512180304,turquoise
P55010,EIF5,Old_Post,-0.7320136171880187,turquoise
Q9Y6P5,SESN1,Young_Pre,1.1785135244091527,turquoise
Q9Y6P5,SESN1,Young_Post,-1.1749610886515167,turquoise
Q9Y6P5,SESN1,Old_Pre,0.3377572878608051,turquoise
Q9Y6P5,SESN1,Old_Post,-0.34130972361840783,turquoise
P63173,RPL38,Young_Pre,1.3795869901531308,turquoise
P63173,RPL38,Young_Post,-0.29201473491630214,turquoise
P63173,RPL38,Old_Pre,-1.0020766610202783,turquoise
P63173,RPL38,Old_Post,-0.08549559421653204,turquoise
P15374,UCHL3,Young_Pre,0.7908154684799791,turquoise
P15374,UCHL3,Young_Post,0.895158570115373,turquoise
P15374,UCHL3,Old_Pre,-1.118711337914106,turquoise
P15374,UCHL3,Old_Post,-0.5672627006812834,turquoise
P08294,SOD3,Young_Pre,0.8344154673911358,turquoise
P08294,SOD3,Young_Post,-1.0271996625260267,turquoise
P08294,SOD3,Old_Pre,0.880620638280524,turquoise
P08294,SOD3,Old_Post,-0.687836443145645,turquoise
Q15121,PEA15,Young_Pre,0.9858890243016579,turquoise
Q15121,PEA15,Young_Post,0.7286140298138319,turquoise
Q15121,PEA15,Old_Pre,-0.7402385661639405,turquoise
Q15121,PEA15,Old_Post,-0.9742644879515658,turquoise
Q13867,BLMH,Young_Pre,1.4324003204552518,turquoise
Q13867,BLMH,Young_Post,-0.42160047077471946,turquoise
Q13867,BLMH,Old_Pre,-0.14510546405499725,turquoise
Q13867,BLMH,Old_Post,-0.8656943856255573,turquoise
Q9NWU5,MRPL22,Young_Pre,0.8557011537753548,turquoise
Q9NWU5,MRPL22,Young_Post,0.8759022081046449,turquoise
Q9NWU5,MRPL22,Old_Pre,-0.8398617905403518,turquoise
Q9NWU5,MRPL22,Old_Post,-0.8917415713396386,turquoise
Q96I23,PYURF,Young_Pre,1.1807293092091296,turquoise
Q96I23,PYURF,Young_Post,0.47405293625101763,turquoise
Q96I23,PYURF,Old_Pre,-0.9048506994822302,turquoise
Q96I23,PYURF,Old_Post,-0.7499315459779244,turquoise
Q9UBQ5,EIF3K,Young_Pre,1.1216884917876049,turquoise
Q9UBQ5,EIF3K,Young_Post,0.3002072375454741,turquoise
Q9UBQ5,EIF3K,Old_Pre,-1.2769853233955366,turquoise
Q9UBQ5,EIF3K,Old_Post,-0.1449104059374621,turquoise
P55809,OXCT1,Young_Pre,1.204774617000037,turquoise
P55809,OXCT1,Young_Post,-0.05352666928169986,turquoise
P55809,OXCT1,Old_Pre,0.08881831082219507,turquoise
P55809,OXCT1,Old_Post,-1.2400662585405322,turquoise
Q9UHD9,UBQLN2,Young_Pre,0.03975922986287169,turquoise
Q9UHD9,UBQLN2,Young_Post,-0.15403369371983963,turquoise
Q9UHD9,UBQLN2,Old_Pre,1.2753661714745028,turquoise
Q9UHD9,UBQLN2,Old_Post,-1.1610917076175349,turquoise
P30046,DDT,Young_Pre,0.8774707714607093,turquoise
P30046,DDT,Young_Post,0.8059097003005771,turquoise
P30046,DDT,Old_Pre,-1.1277581420148244,turquoise
P30046,DDT,Old_Post,-0.5556223297464316,turquoise
Q00796,SORD,Young_Pre,1.201163612067516,turquoise
Q00796,SORD,Young_Post,0.3474877373434493,turquoise
Q00796,SORD,Old_Pre,-0.42987121586903615,turquoise
Q00796,SORD,Old_Post,-1.1187801335419414,turquoise
Q13976,PRKG1,Young_Pre,0.882133995699258,turquoise
Q13976,PRKG1,Young_Post,0.5740810419812,turquoise
Q13976,PRKG1,Old_Pre,-0.08313098714081739,turquoise
Q13976,PRKG1,Old_Post,-1.3730840505396729,turquoise
Q9UM00,TMCO1,Young_Pre,0.7363293738973576,turquoise
Q9UM00,TMCO1,Young_Post,0.9393104717761203,turquoise
Q9UM00,TMCO1,Old_Pre,-0.5448775696823372,turquoise
Q9UM00,TMCO1,Old_Post,-1.130762275991164,turquoise
O43776,NARS1,Young_Pre,0.8191982705652291,turquoise
O43776,NARS1,Young_Post,0.9099891644059885,turquoise
O43776,NARS1,Old_Pre,-0.9183957691912942,turquoise
O43776,NARS1,Old_Post,-0.8107916657799089,turquoise
Q969M7,UBE2F,Young_Pre,1.2385048644918626,turquoise
Q969M7,UBE2F,Young_Post,0.015537884511116358,turquoise
Q969M7,UBE2F,Old_Pre,-0.04411800917776884,turquoise
Q969M7,UBE2F,Old_Post,-1.20992473982521,turquoise
Q9NQW7,XPNPEP1,Young_Pre,0.7167523970614078,turquoise
Q9NQW7,XPNPEP1,Young_Post,0.9952532575270333,turquoise
Q9NQW7,XPNPEP1,Old_Pre,-0.7330083680345536,turquoise
Q9NQW7,XPNPEP1,Old_Post,-0.9789972865538876,turquoise
P54284,CACNB3,Young_Pre,1.4756682553974807,turquoise
P54284,CACNB3,Young_Post,-0.5912903636121318,turquoise
P54284,CACNB3,Old_Pre,-0.24005436427422103,turquoise
P54284,CACNB3,Old_Post,-0.644323527511209,turquoise
Q13153,PAK1,Young_Pre,1.2530112680499603,turquoise
Q13153,PAK1,Young_Post,0.3594051322935737,turquoise
Q13153,PAK1,Old_Pre,-0.8267920405912922,turquoise
Q13153,PAK1,Old_Post,-0.7856243597520106,turquoise
Q04759,PRKCQ,Young_Pre,1.0509024213593516,turquoise
Q04759,PRKCQ,Young_Post,0.5799992212459815,turquoise
Q04759,PRKCQ,Old_Pre,-0.4768618963444069,turquoise
Q04759,PRKCQ,Old_Post,-1.1540397462608998,turquoise
Q9BXJ9,NAA15,Young_Pre,1.1295464883181348,turquoise
Q9BXJ9,NAA15,Young_Post,0.5287092967625542,turquoise
Q9BXJ9,NAA15,Old_Pre,-0.6424663192745611,turquoise
Q9BXJ9,NAA15,Old_Post,-1.0157894658061837,turquoise
Q9NP79,VTA1,Young_Pre,0.5357650209328432,turquoise
Q9NP79,VTA1,Young_Post,1.047262236902133,turquoise
Q9NP79,VTA1,Old_Pre,-0.36536224737599365,turquoise
Q9NP79,VTA1,Old_Post,-1.217665010458925,turquoise
P51665,PSMD7,Young_Pre,0.862382873048478,turquoise
P51665,PSMD7,Young_Post,0.8202246187428316,turquoise
P51665,PSMD7,Old_Pre,-1.131082428138421,turquoise
P51665,PSMD7,Old_Post,-0.5515250636528886,turquoise
P81605,DCD,Young_Pre,1.3373034026133883,turquoise
P81605,DCD,Young_Post,0.18981907350056013,turquoise
P81605,DCD,Old_Pre,-0.8326148410325764,turquoise
P81605,DCD,Old_Post,-0.6945076350813866,turquoise
Q9BW91,NUDT9,Young_Pre,1.4028637281950258,turquoise
Q9BW91,NUDT9,Young_Post,-0.5653983346208159,turquoise
Q9BW91,NUDT9,Old_Pre,0.006487211381337884,turquoise
Q9BW91,NUDT9,Old_Post,-0.8439526049555478,turquoise
Q9H2S6,TNMD,Young_Pre,-0.2738770408613582,turquoise
Q9H2S6,TNMD,Young_Post,-0.817850638604473,turquoise
Q9H2S6,TNMD,Old_Pre,1.4569557770167951,turquoise
Q9H2S6,TNMD,Old_Post,-0.3652280975509256,turquoise
P61619,SEC61A1,Young_Pre,0.6886356695231078,turquoise
P61619,SEC61A1,Young_Post,1.0233523483220637,turquoise
P61619,SEC61A1,Old_Pre,-0.7751255996966715,turquoise
P61619,SEC61A1,Old_Post,-0.9368624181484999,turquoise
Q9GZT8,NIF3L1,Young_Pre,1.3240567340888783,turquoise
Q9GZT8,NIF3L1,Young_Post,-0.8243885661309512,turquoise
Q9GZT8,NIF3L1,Old_Pre,0.22049724493246944,turquoise
Q9GZT8,NIF3L1,Old_Post,-0.7201654128904259,turquoise
Q9NQE9,HINT3,Young_Pre,1.35638643610039,turquoise
Q9NQE9,HINT3,Young_Post,0.07263974089089033,turquoise
Q9NQE9,HINT3,Old_Pre,-0.4557840828323229,turquoise
Q9NQE9,HINT3,Old_Post,-0.973242094158943,turquoise
Q15006,EMC2,Young_Pre,0.9391772489548487,turquoise
Q15006,EMC2,Young_Post,0.7718435873339563,turquoise
Q15006,EMC2,Old_Pre,-1.0264013491937731,turquoise
Q15006,EMC2,Old_Post,-0.6846194870950237,turquoise
Q15208,STK38,Young_Pre,1.253257185420877,turquoise
Q15208,STK38,Young_Post,-1.0021855094160477,turquoise
Q15208,STK38,Old_Pre,0.3180022881273897,turquoise
Q15208,STK38,Old_Post,-0.5690739641322416,turquoise
P62195,PSMC5,Young_Pre,0.8330537171548947,turquoise
P62195,PSMC5,Young_Post,0.8963649186466803,turquoise
P62195,PSMC5,Old_Pre,-0.8050979598165915,turquoise
P62195,PSMC5,Old_Post,-0.9243206759848582,turquoise
Q13505,MTX1,Young_Pre,1.2446638429932815,turquoise
Q13505,MTX1,Young_Post,0.33015980582893273,turquoise
Q13505,MTX1,Old_Pre,-1.0129906998796312,turquoise
Q13505,MTX1,Old_Post,-0.5618329489426299,turquoise
P62318,SNRPD3,Young_Pre,0.9801836918210621,turquoise
P62318,SNRPD3,Young_Post,0.5961329868848758,turquoise
P62318,SNRPD3,Old_Pre,-1.257987167998282,turquoise
P62318,SNRPD3,Old_Post,-0.3183295107077138,turquoise
P53384,NUBP1,Young_Pre,0.933099640378953,turquoise
P53384,NUBP1,Young_Post,0.7245754850259422,turquoise
P53384,NUBP1,Old_Pre,-1.1682282055691948,turquoise
P53384,NUBP1,Old_Post,-0.4894469198357145,turquoise
P50583,NUDT2,Young_Pre,1.0921308467086428,turquoise
P50583,NUDT2,Young_Post,0.14688014262610835,turquoise
P50583,NUDT2,Old_Pre,-1.3329837079028792,turquoise
P50583,NUDT2,Old_Post,0.09397271856814891,turquoise
Q96A33,CCDC47,Young_Pre,1.123463856096233,turquoise
Q96A33,CCDC47,Young_Post,0.49851504707122146,turquoise
Q96A33,CCDC47,Old_Pre,-1.1058656380830711,turquoise
Q96A33,CCDC47,Old_Post,-0.5161132650844028,turquoise
P06730,EIF4E,Young_Pre,1.0553713727910425,turquoise
P06730,EIF4E,Young_Post,0.6149251521329192,turquoise
P06730,EIF4E,Old_Pre,-0.5973320706447224,turquoise
P06730,EIF4E,Old_Post,-1.0729644542792391,turquoise
Q9H1R3,MYLK2,Young_Pre,1.0802608419725679,turquoise
Q9H1R3,MYLK2,Young_Post,-0.18897934898108357,turquoise
Q9H1R3,MYLK2,Old_Pre,0.3910587124155077,turquoise
Q9H1R3,MYLK2,Old_Post,-1.2823402054070243,turquoise
Q99598,TSNAX,Young_Pre,1.1415170203252178,turquoise
Q99598,TSNAX,Young_Post,0.36795923811550363,turquoise
Q99598,TSNAX,Old_Pre,-0.2952353522999408,turquoise
Q99598,TSNAX,Old_Post,-1.2142409061407968,turquoise
P61081,UBE2M,Young_Pre,1.1798875613607203,turquoise
P61081,UBE2M,Young_Post,-0.4991861476584371,turquoise
P61081,UBE2M,Old_Pre,0.41031610513135564,turquoise
P61081,UBE2M,Old_Post,-1.0910175188336875,turquoise
Q9UHY7,ENOPH1,Young_Pre,1.356876669546032,turquoise
Q9UHY7,ENOPH1,Young_Post,-0.16059019559182527,turquoise
Q9UHY7,ENOPH1,Old_Pre,-0.14122648917803643,turquoise
Q9UHY7,ENOPH1,Old_Post,-1.0550599847761704,turquoise
Q9UJU6,DBNL,Young_Pre,0.6640399105335262,turquoise
Q9UJU6,DBNL,Young_Post,1.0466107527950559,turquoise
Q9UJU6,DBNL,Old_Pre,-0.8396077717524134,turquoise
Q9UJU6,DBNL,Old_Post,-0.8710428915761499,turquoise
P29992,GNA11,Young_Pre,1.2172126846276925,turquoise
P29992,GNA11,Young_Post,-0.257899107720755,turquoise
P29992,GNA11,Old_Pre,0.22452360789375134,turquoise
P29992,GNA11,Old_Post,-1.1838371848006197,turquoise
P13489,RNH1,Young_Pre,0.6173641513222382,turquoise
P13489,RNH1,Young_Post,-0.027881772922209124,turquoise
P13489,RNH1,Old_Pre,0.8107766474219348,turquoise
P13489,RNH1,Old_Post,-1.4002590258220566,turquoise
L0R6Q1,SLC35A4,Young_Pre,1.194051089591216,turquoise
L0R6Q1,SLC35A4,Young_Post,0.45112567580766794,turquoise
L0R6Q1,SLC35A4,Old_Pre,-0.9159273492911935,turquoise
L0R6Q1,SLC35A4,Old_Post,-0.7292494161077632,turquoise
Q9H9Q2,COPS7B,Young_Pre,0.6069289523844031,turquoise
Q9H9Q2,COPS7B,Young_Post,0.39878721944678924,turquoise
Q9H9Q2,COPS7B,Old_Pre,0.4888257072417891,turquoise
Q9H9Q2,COPS7B,Old_Post,-1.4945418790729934,turquoise
Q96JJ7,TMX3,Young_Pre,0.8675222329352242,turquoise
Q96JJ7,TMX3,Young_Post,0.8629201240394015,turquoise
Q96JJ7,TMX3,Old_Pre,-0.9179405273306898,turquoise
Q96JJ7,TMX3,Old_Post,-0.812501829643947,turquoise
Q9Y4X5,ARIH1,Young_Pre,0.9171115459467697,turquoise
Q9Y4X5,ARIH1,Young_Post,0.5795347842133932,turquoise
Q9Y4X5,ARIH1,Old_Pre,-0.15541898758307646,turquoise
Q9Y4X5,ARIH1,Old_Post,-1.341227342577131,turquoise
O60888,CUTA,Young_Pre,0.2378142816911071,turquoise
O60888,CUTA,Young_Post,-0.8095561490710823,turquoise
O60888,CUTA,Old_Pre,1.3165548880298648,turquoise
O60888,CUTA,Old_Post,-0.7448130206498895,turquoise
P62277,RPS13,Young_Pre,0.20564611472837557,turquoise
P62277,RPS13,Young_Post,0.9774327135562159,turquoise
P62277,RPS13,Old_Pre,-1.39853916909877,turquoise
P62277,RPS13,Old_Post,0.21546034081421583,turquoise
O95278,EPM2A,Young_Pre,1.2323159409457587,turquoise
O95278,EPM2A,Young_Post,-1.1931386289433474,turquoise
O95278,EPM2A,Old_Pre,0.14930510191526042,turquoise
O95278,EPM2A,Old_Post,-0.18848241391767176,turquoise
Q92747,ARPC1A,Young_Pre,1.064409563747083,turquoise
Q92747,ARPC1A,Young_Post,0.47685750640443353,turquoise
Q92747,ARPC1A,Old_Pre,-0.2952983331273641,turquoise
Q92747,ARPC1A,Old_Post,-1.2459687370242039,turquoise
Q9UI10,EIF2B4,Young_Pre,0.6077268669125574,turquoise
Q9UI10,EIF2B4,Young_Post,1.053412462477128,turquoise
Q9UI10,EIF2B4,Old_Pre,-0.5647705833307718,turquoise
Q9UI10,EIF2B4,Old_Post,-1.0963687460588887,turquoise
Q13445,TMED1,Young_Pre,0.8278158186189274,turquoise
Q13445,TMED1,Young_Post,0.9008220831248144,turquoise
Q13445,TMED1,Old_Pre,-0.9319430860839717,turquoise
Q13445,TMED1,Old_Post,-0.796694815659816,turquoise
P01591,JCHAIN,Young_Pre,1.26572046947203,turquoise
P01591,JCHAIN,Young_Post,-0.07559534812392464,turquoise
P01591,JCHAIN,Old_Pre,-0.010238598156495093,turquoise
P01591,JCHAIN,Old_Post,-1.179886523191665,turquoise
Q8IYB8,SUPV3L1,Young_Pre,1.4350626736960397,turquoise
Q8IYB8,SUPV3L1,Young_Post,-0.8770436494535248,turquoise
Q8IYB8,SUPV3L1,Old_Pre,-0.19041791034870134,turquoise
Q8IYB8,SUPV3L1,Old_Post,-0.3676011138939203,turquoise
P02751,FN1,Young_Pre,0.9868105649418629,turquoise
P02751,FN1,Young_Post,0.7319480425397492,turquoise
P02751,FN1,Old_Pre,-0.9412065502584491,turquoise
P02751,FN1,Old_Post,-0.777552057223142,turquoise
Q15942,ZYX,Young_Pre,0.21717121559276686,turquoise
Q15942,ZYX,Young_Post,1.193908963456443,turquoise
Q15942,ZYX,Old_Pre,-1.2212165453782613,turquoise
Q15942,ZYX,Old_Post,-0.18986363367087028,turquoise
Q7LBR1,CHMP1B,Young_Pre,0.9821422152936217,turquoise
Q7LBR1,CHMP1B,Young_Post,0.6700956825145582,turquoise
Q7LBR1,CHMP1B,Old_Pre,-0.49338526430280966,turquoise
Q7LBR1,CHMP1B,Old_Post,-1.1588526335053702,turquoise
O43396,TXNL1,Young_Pre,0.4159916169495364,turquoise
O43396,TXNL1,Young_Post,1.199848926395771,turquoise
O43396,TXNL1,Old_Pre,-1.0102111485002598,turquoise
O43396,TXNL1,Old_Post,-0.6056293948450755,turquoise
Q9UN36,NDRG2,Young_Pre,0.8523125528536241,turquoise
Q9UN36,NDRG2,Young_Post,0.8685374914833036,turquoise
Q9UN36,NDRG2,Old_Pre,-0.721602292421568,turquoise
Q9UN36,NDRG2,Old_Post,-0.9992477519153927,turquoise
O00418,EEF2K,Young_Pre,1.2912243138843846,turquoise
O00418,EEF2K,Young_Post,-0.9981586971253302,turquoise
O00418,EEF2K,Old_Pre,0.23653067116642643,turquoise
O00418,EEF2K,Old_Post,-0.5295962879254569,turquoise
P09012,SNRPA,Young_Pre,0.8112829840587361,turquoise
P09012,SNRPA,Young_Post,-1.4260871569418296,turquoise
P09012,SNRPA,Old_Pre,0.06337006488992199,turquoise
P09012,SNRPA,Old_Post,0.5514341079931214,turquoise
Q16851,UGP2,Young_Pre,0.27635080254751154,turquoise
Q16851,UGP2,Young_Post,1.2872358367617542,turquoise
Q16851,UGP2,Old_Pre,-0.9305423451544035,turquoise
Q16851,UGP2,Old_Post,-0.6330442941549638,turquoise
P14923,JUP,Young_Pre,0.9902019837009332,turquoise
P14923,JUP,Young_Post,0.6927517977632056,turquoise
P14923,JUP,Old_Pre,-1.0899001816070772,turquoise
P14923,JUP,Old_Post,-0.5930535998570816,turquoise
Q9Y3Z3,SAMHD1,Young_Pre,-0.30985078322892134,turquoise
Q9Y3Z3,SAMHD1,Young_Post,1.1533542647157617,turquoise
Q9Y3Z3,SAMHD1,Old_Pre,-1.2021418260706807,turquoise
Q9Y3Z3,SAMHD1,Old_Post,0.3586383445838402,turquoise
P20020,ATP2B1,Young_Pre,1.3252924266212274,turquoise
P20020,ATP2B1,Young_Post,0.19500037764941455,turquoise
P20020,ATP2B1,Old_Pre,-0.6021436627628571,turquoise
P20020,ATP2B1,Old_Post,-0.9181491415078133,turquoise
Q8TC12,RDH11,Young_Pre,0.7109196208063819,turquoise
Q8TC12,RDH11,Young_Post,1.0046582652832179,turquoise
Q8TC12,RDH11,Old_Pre,-0.9404064990810179,turquoise
Q8TC12,RDH11,Old_Post,-0.775171387008582,turquoise
P05026,ATP1B1,Young_Pre,-0.9613589667994783,turquoise
P05026,ATP1B1,Young_Post,1.1356990666156939,turquoise
P05026,ATP1B1,Old_Pre,-0.7079676545428222,turquoise
P05026,ATP1B1,Old_Post,0.5336275547267185,turquoise
P56134,ATP5MF,Young_Pre,0.959680738540461,turquoise
P56134,ATP5MF,Young_Post,-0.1038369704561905,turquoise
P56134,ATP5MF,Old_Pre,0.4945737760984895,turquoise
P56134,ATP5MF,Old_Post,-1.35041754418276,turquoise
O00264,PGRMC1,Young_Pre,-0.2487207313000379,turquoise
O00264,PGRMC1,Young_Post,-1.2235667984317424,turquoise
O00264,PGRMC1,Old_Pre,1.158758839428575,turquoise
O00264,PGRMC1,Old_Post,0.3135286903031556,turquoise
Q9H0E2,TOLLIP,Young_Pre,0.9883310533274677,turquoise
Q9H0E2,TOLLIP,Young_Post,0.7009382214661661,turquoise
Q9H0E2,TOLLIP,Old_Pre,-0.615427310577002,turquoise
Q9H0E2,TOLLIP,Old_Post,-1.073841964216534,turquoise
O75223,GGCT,Young_Pre,1.243603216237778,turquoise
O75223,GGCT,Young_Post,-0.7194914345431555,turquoise
O75223,GGCT,Old_Pre,0.36978132565961586,turquoise
O75223,GGCT,Old_Post,-0.893893107354288,turquoise
Q13404,UBE2V1,Young_Pre,1.097193259015144,turquoise
Q13404,UBE2V1,Young_Post,0.3070683854072259,turquoise
Q13404,UBE2V1,Old_Pre,-0.10384135378599756,turquoise
Q13404,UBE2V1,Old_Post,-1.300420290636461,turquoise
Q9UH92,MLX,Young_Pre,1.4217882205796781,turquoise
Q9UH92,MLX,Young_Post,-0.5187078156808864,turquoise
Q9UH92,MLX,Old_Pre,-0.06315679078234791,turquoise
Q9UH92,MLX,Old_Post,-0.8399236141164927,turquoise
P84085,ARF5,Young_Pre,0.5749869462593138,turquoise
P84085,ARF5,Young_Post,-0.8509842580064438,turquoise
P84085,ARF5,Old_Pre,-0.8385075003309901,turquoise
P84085,ARF5,Old_Post,1.11450481207812,turquoise
P56211,ARPP19,Young_Pre,0.8754869715681698,turquoise
P56211,ARPP19,Young_Post,0.8460685795296675,turquoise
P56211,ARPP19,Old_Pre,-0.7269611779438099,turquoise
P56211,ARPP19,Old_Post,-0.9945943731539978,turquoise
Q15286,RAB35,Young_Pre,0.5259612271452689,turquoise
Q15286,RAB35,Young_Post,0.9586644928977,turquoise
Q15286,RAB35,Old_Pre,-1.3348794863558036,turquoise
Q15286,RAB35,Old_Post,-0.14974623368721124,turquoise
Q13098,GPS1,Young_Pre,0.12999738382050013,turquoise
Q13098,GPS1,Young_Post,1.0150488276668967,turquoise
Q13098,GPS1,Old_Pre,0.23283741738609087,turquoise
Q13098,GPS1,Old_Post,-1.3778836288732295,turquoise
P09960,LTA4H,Young_Pre,0.5408438324404151,turquoise
P09960,LTA4H,Young_Post,0.8420947503741218,turquoise
P09960,LTA4H,Old_Pre,0.030370309329845576,turquoise
P09960,LTA4H,Old_Post,-1.4133088921445018,turquoise
P13611,VCAN,Young_Pre,0.7762741892320123,turquoise
P13611,VCAN,Young_Post,0.7196955565327698,turquoise
P13611,VCAN,Old_Pre,-0.1313512908754142,turquoise
P13611,VCAN,Old_Post,-1.3646184548893259,turquoise
O00505,KPNA3,Young_Pre,0.3817570852133466,turquoise
O00505,KPNA3,Young_Post,1.2329544943537878,turquoise
O00505,KPNA3,Old_Pre,-0.6839904783137112,turquoise
O00505,KPNA3,Old_Post,-0.9307211012534233,turquoise
Q9NZA1,CLIC5,Young_Pre,1.2840074733552522,turquoise
Q9NZA1,CLIC5,Young_Post,-0.07865303742762687,turquoise
Q9NZA1,CLIC5,Old_Pre,-0.04648532213730231,turquoise
Q9NZA1,CLIC5,Old_Post,-1.1588691137902767,turquoise
A1L4K1,FSD2,Young_Pre,0.8452864161982273,turquoise
A1L4K1,FSD2,Young_Post,0.8674565465928833,turquoise
A1L4K1,FSD2,Old_Pre,-1.0383959111689471,turquoise
A1L4K1,FSD2,Old_Post,-0.6743470516221733,turquoise
Q9NQR4,NIT2,Young_Pre,0.604346526908248,turquoise
Q9NQR4,NIT2,Young_Post,0.9875340609505293,turquoise
Q9NQR4,NIT2,Old_Pre,-0.35293924941843924,turquoise
Q9NQR4,NIT2,Old_Post,-1.2389413384403811,turquoise
P61077,UBE2D3,Young_Pre,1.2388323277924886,turquoise
P61077,UBE2D3,Young_Post,-0.47278327741869014,turquoise
P61077,UBE2D3,Old_Pre,0.3055808997192719,turquoise
P61077,UBE2D3,Old_Post,-1.0716299500929631,turquoise
Q5R3I4,TTC38,Young_Pre,0.9616235778140881,turquoise
Q5R3I4,TTC38,Young_Post,0.7502412821586356,turquoise
Q5R3I4,TTC38,Old_Pre,-1.0095186659131286,turquoise
Q5R3I4,TTC38,Old_Post,-0.702346194059579,turquoise
P46109,CRKL,Young_Pre,0.9844824621377091,turquoise
P46109,CRKL,Young_Post,-1.1352845659475452,turquoise
P46109,CRKL,Old_Pre,0.6797819743403449,turquoise
P46109,CRKL,Old_Post,-0.5289798705305438,turquoise
Q9BRA2,TXNDC17,Young_Pre,0.3551007490602412,turquoise
Q9BRA2,TXNDC17,Young_Post,1.0096861878597603,turquoise
Q9BRA2,TXNDC17,Old_Pre,-1.3617739099168993,turquoise
Q9BRA2,TXNDC17,Old_Post,-0.003013027003135547,turquoise
Q04637,EIF4G1,Young_Pre,0.6559876665485223,turquoise
Q04637,EIF4G1,Young_Post,0.6506430204778201,turquoise
Q04637,EIF4G1,Old_Pre,0.15064422173252556,turquoise
Q04637,EIF4G1,Old_Post,-1.4572749087589225,turquoise
P50570,DNM2,Young_Pre,-1.206600885825535,turquoise
P50570,DNM2,Young_Post,0.3866075043648637,turquoise
P50570,DNM2,Old_Pre,1.1374767135055845,turquoise
P50570,DNM2,Old_Post,-0.3174833320449132,turquoise
P61026,RAB10,Young_Pre,1.008761350797537,turquoise
P61026,RAB10,Young_Post,0.6474898730852306,turquoise
P61026,RAB10,Old_Pre,-0.5186313930271308,turquoise
P61026,RAB10,Old_Post,-1.137619830855606,turquoise
P27361,MAPK3,Young_Pre,1.3224640736708864,turquoise
P27361,MAPK3,Young_Post,0.0033028045226187893,turquoise
P27361,MAPK3,Old_Pre,-0.23146197598057056,turquoise
P27361,MAPK3,Old_Post,-1.0943049022129345,turquoise
P46939,UTRN,Young_Pre,1.4192680194163012,turquoise
P46939,UTRN,Young_Post,-0.03781620842113118,turquoise
P46939,UTRN,Old_Pre,-0.568162308961133,turquoise
P46939,UTRN,Old_Post,-0.8132895020340128,turquoise
P62854,RPS26,Young_Pre,1.0477733669442097,turquoise
P62854,RPS26,Young_Post,0.5329200963490862,turquoise
P62854,RPS26,Old_Pre,-1.2198064096029129,turquoise
P62854,RPS26,Old_Post,-0.3608870536903831,turquoise
Q99471,PFDN5,Young_Pre,1.1262265019792603,turquoise
Q99471,PFDN5,Young_Post,-0.8524051477814332,turquoise
Q99471,PFDN5,Old_Pre,0.558621587885254,turquoise
Q99471,PFDN5,Old_Post,-0.8324429420830171,turquoise
Q92905,COPS5,Young_Pre,-0.10011199038701495,turquoise
Q92905,COPS5,Young_Post,0.6565990140611622,turquoise
Q92905,COPS5,Old_Pre,0.8181178383472087,turquoise
Q92905,COPS5,Old_Post,-1.374604862021356,turquoise
Q9P2X0,DPM3,Young_Pre,0.3387702248358365,turquoise
Q9P2X0,DPM3,Young_Post,1.2616083104483138,turquoise
Q9P2X0,DPM3,Old_Pre,-0.7196489743932195,turquoise
Q9P2X0,DPM3,Old_Post,-0.880729560890978,turquoise
Q86TP1,PRUNE1,Young_Pre,0.2039696582207341,turquoise
Q86TP1,PRUNE1,Young_Post,-0.5886792080216909,turquoise
Q86TP1,PRUNE1,Old_Pre,1.3188210304345944,turquoise
Q86TP1,PRUNE1,Old_Post,-0.9341114806337122,turquoise
Q15172,PPP2R5A,Young_Pre,1.486143907313878,turquoise
Q15172,PPP2R5A,Young_Post,-0.6833087641690199,turquoise
Q15172,PPP2R5A,Old_Pre,-0.3683019707965741,turquoise
Q15172,PPP2R5A,Old_Post,-0.43453317234821753,turquoise
Q13057,COASY,Young_Pre,1.45772032429546,turquoise
Q13057,COASY,Young_Post,-0.22907763091774,turquoise
Q13057,COASY,Old_Pre,-0.4302106990419133,turquoise
Q13057,COASY,Old_Post,-0.7984319943357252,turquoise
Q13131,PRKAA1,Young_Pre,-0.5410806237360732,turquoise
Q13131,PRKAA1,Young_Post,1.4957747339719156,turquoise
Q13131,PRKAA1,Old_Pre,-0.5615173639243024,turquoise
Q13131,PRKAA1,Old_Post,-0.39317674631154,turquoise
Q9NS86,LANCL2,Young_Pre,1.3904529081143306,turquoise
Q9NS86,LANCL2,Young_Post,-0.2760257189687027,turquoise
Q9NS86,LANCL2,Old_Pre,-0.12740169802348417,turquoise
Q9NS86,LANCL2,Old_Post,-0.9870254911221613,turquoise
P16298,PPP3CB,Young_Pre,0.6857996475757594,turquoise
P16298,PPP3CB,Young_Post,-1.0760257805426676,turquoise
P16298,PPP3CB,Old_Pre,1.0000072041087926,turquoise
P16298,PPP3CB,Old_Post,-0.6097810711419488,turquoise
Q15366,PCBP2,Young_Pre,-0.2847591528408528,turquoise
Q15366,PCBP2,Young_Post,-0.7746004917289262,turquoise
Q15366,PCBP2,Old_Pre,-0.4078128109700673,turquoise
Q15366,PCBP2,Old_Post,1.4671724555400292,turquoise
Q13310,PABPC4,Young_Pre,-0.6242042376155712,turquoise
Q13310,PABPC4,Young_Post,-1.0678321470357954,turquoise
Q13310,PABPC4,Old_Pre,0.9849606480540419,turquoise
Q13310,PABPC4,Old_Post,0.7070757365973246,turquoise
Q7L1Q6,BZW1,Young_Pre,0.8540621464421341,turquoise
Q7L1Q6,BZW1,Young_Post,0.8742866015191519,turquoise
Q7L1Q6,BZW1,Old_Pre,-0.9435660962477759,turquoise
Q7L1Q6,BZW1,Old_Post,-0.7847826517135041,turquoise
P45985,MAP2K4,Young_Pre,1.133461168522987,turquoise
P45985,MAP2K4,Young_Post,0.5124651073639389,turquoise
P45985,MAP2K4,Old_Pre,-1.0444452369464006,turquoise
P45985,MAP2K4,Old_Post,-0.6014810389405045,turquoise
Q9ULA0,DNPEP,Young_Pre,1.0609969279433902,turquoise
Q9ULA0,DNPEP,Young_Post,0.6127878967389783,turquoise
Q9ULA0,DNPEP,Old_Pre,-1.0582503722571766,turquoise
Q9ULA0,DNPEP,Old_Post,-0.6155344524252526,turquoise
O75351,VPS4B,Young_Pre,-0.24975012716583747,turquoise
O75351,VPS4B,Young_Post,-1.2910997414671634,turquoise
O75351,VPS4B,Old_Pre,0.566002366175226,turquoise
O75351,VPS4B,Old_Post,0.974847502457752,turquoise
Q13424,SNTA1,Young_Pre,1.0525581330631122,turquoise
Q13424,SNTA1,Young_Post,0.6462503388532179,turquoise
Q13424,SNTA1,Old_Pre,-0.9749167132811533,turquoise
Q13424,SNTA1,Old_Post,-0.7238917586351361,turquoise
Q8TCT8,SPPL2A,Young_Pre,1.3885060377846281,turquoise
Q8TCT8,SPPL2A,Young_Post,-0.2177104709737783,turquoise
Q8TCT8,SPPL2A,Old_Pre,-0.17352886965259798,turquoise
Q8TCT8,SPPL2A,Old_Post,-0.9972666971583378,turquoise
Q96C01,FAM136A,Young_Pre,0.8827433880977794,turquoise
Q96C01,FAM136A,Young_Post,0.8021477614819488,turquoise
Q96C01,FAM136A,Old_Pre,-1.1234206506890467,turquoise
Q96C01,FAM136A,Old_Post,-0.5614704988906816,turquoise
Q5TGZ0,MICOS10,Young_Pre,1.0805129465639902,turquoise
Q5TGZ0,MICOS10,Young_Post,0.6185495902166822,turquoise
Q5TGZ0,MICOS10,Old_Pre,-0.9064585237457896,turquoise
Q5TGZ0,MICOS10,Old_Post,-0.7926040130348708,turquoise
Q52LJ0,FAM98B,Young_Pre,1.488843622911486,turquoise
Q52LJ0,FAM98B,Young_Post,-0.32555177302940536,turquoise
Q52LJ0,FAM98B,Old_Pre,-0.5624528846376627,turquoise
Q52LJ0,FAM98B,Old_Post,-0.600838965244418,turquoise
P50995,ANXA11,Young_Pre,1.207000537886252,turquoise
P50995,ANXA11,Young_Post,-0.986182125976111,turquoise
P50995,ANXA11,Old_Pre,-0.6330056709394749,turquoise
P50995,ANXA11,Old_Post,0.4121872590291952,turquoise
Q9BS26,ERP44,Young_Pre,-0.08294111627431912,turquoise
Q9BS26,ERP44,Young_Post,0.5081393891172862,turquoise
Q9BS26,ERP44,Old_Pre,0.9372961516035991,turquoise
Q9BS26,ERP44,Old_Post,-1.3624944244464872,turquoise
O95372,LYPLA2,Young_Pre,-0.21430222037125646,turquoise
O95372,LYPLA2,Young_Post,-1.3227948551470539,turquoise
O95372,LYPLA2,Old_Pre,0.8756807452341294,turquoise
O95372,LYPLA2,Old_Post,0.6614163302842119,turquoise
A8MXV4,NUDT19,Young_Pre,1.2062593129995958,turquoise
A8MXV4,NUDT19,Young_Post,0.38299447736146225,turquoise
A8MXV4,NUDT19,Old_Pre,-1.05480942247997,turquoise
A8MXV4,NUDT19,Old_Post,-0.5344443678811066,turquoise
Q15746,MYLK,Young_Pre,1.0727166264583208,turquoise
Q15746,MYLK,Young_Post,-0.4130336750722247,turquoise
Q15746,MYLK,Old_Pre,0.5248781930877503,turquoise
Q15746,MYLK,Old_Post,-1.18456114447383,turquoise
Q7L5N1,COPS6,Young_Pre,0.2037491798434136,turquoise
Q7L5N1,COPS6,Young_Post,1.2058516711732739,turquoise
Q7L5N1,COPS6,Old_Pre,-0.19936955028972334,turquoise
Q7L5N1,COPS6,Old_Post,-1.2102313007268621,turquoise
Q13326,SGCG,Young_Pre,1.1332722842063432,turquoise
Q13326,SGCG,Young_Post,-0.040348916091448715,turquoise
Q13326,SGCG,Old_Pre,0.20080839781871646,turquoise
Q13326,SGCG,Old_Post,-1.2937317659335192,turquoise
Q9Y5M8,SRPRB,Young_Pre,0.2337764405082213,turquoise
Q9Y5M8,SRPRB,Young_Post,1.2951765770688008,turquoise
Q9Y5M8,SRPRB,Old_Pre,-0.986982177364291,turquoise
Q9Y5M8,SRPRB,Old_Post,-0.5419708402127312,turquoise
Q0VDF9,HSPA14,Young_Pre,1.335553289710777,turquoise
Q0VDF9,HSPA14,Young_Post,-0.1325480556991615,turquoise
Q0VDF9,HSPA14,Old_Pre,-1.088902671757248,turquoise
Q0VDF9,HSPA14,Old_Post,-0.11410256225440514,turquoise
O00168,FXYD1,Young_Pre,0.6306291796302279,turquoise
O00168,FXYD1,Young_Post,1.0684043057222514,turquoise
O00168,FXYD1,Old_Pre,-0.9429557204599454,turquoise
O00168,FXYD1,Old_Post,-0.7560777648925568,turquoise
Q6GMV3,PTRHD1,Young_Pre,0.7546325566265457,turquoise
Q6GMV3,PTRHD1,Young_Post,0.956859325667879,turquoise
Q6GMV3,PTRHD1,Old_Pre,-1.014408639633355,turquoise
Q6GMV3,PTRHD1,Old_Post,-0.6970832426610911,turquoise
Q9NYU2,UGGT1,Young_Pre,1.1309287179162553,turquoise
Q9NYU2,UGGT1,Young_Post,0.5393412656089838,turquoise
Q9NYU2,UGGT1,Old_Pre,-0.7024505441606232,turquoise
Q9NYU2,UGGT1,Old_Post,-0.9678194393646159,turquoise
Q9UJY1,HSPB8,Young_Pre,0.6956184032698606,turquoise
Q9UJY1,HSPB8,Young_Post,1.0061588815106224,turquoise
Q9UJY1,HSPB8,Old_Pre,-1.017826323415476,turquoise
Q9UJY1,HSPB8,Old_Post,-0.6839509613650069,turquoise
O43598,DNPH1,Young_Pre,1.175240139885306,turquoise
O43598,DNPH1,Young_Post,-0.7904448638007424,turquoise
O43598,DNPH1,Old_Pre,-0.8706209893966761,turquoise
O43598,DNPH1,Old_Post,0.48582571331223795,turquoise
Q9UN37,VPS4A,Young_Pre,-0.9245220737944663,turquoise
Q9UN37,VPS4A,Young_Post,-0.6603644744245231,turquoise
Q9UN37,VPS4A,Old_Pre,1.2684921217197072,turquoise
Q9UN37,VPS4A,Old_Post,0.31639442649932736,turquoise
Q96C86,DCPS,Young_Pre,0.80594539365771245,turquoise
Q96C86,DCPS,Young_Post,-1.3001041534984799,turquoise
Q96C86,DCPS,Old_Pre,0.76577233945148,turquoise
Q96C86,DCPS,Old_Post,-0.2716135796106742,turquoise
P62834,RAP1A,Young_Pre,-0.6584471603963471,turquoise
P62834,RAP1A,Young_Post,1.4263917913416164,turquoise
P62834,RAP1A,Old_Pre,-0.7281992148140626,turquoise
P62834,RAP1A,Old_Post,-0.03974541613098066,turquoise
Q9NQX3,GPHN,Young_Pre,0.831058624825182,turquoise
Q9NQX3,GPHN,Young_Post,-0.8122488054119865,turquoise
Q9NQX3,GPHN,Old_Pre,0.8987295890207002,turquoise
Q9NQX3,GPHN,Old_Post,-0.917539408433862,turquoise
Q9UMX0,UBQLN1,Young_Pre,-0.024362125086932893,turquoise
Q9UMX0,UBQLN1,Young_Post,-0.6201011472054296,turquoise
Q9UMX0,UBQLN1,Old_Pre,1.4193220151553378,turquoise
Q9UMX0,UBQLN1,Old_Post,-0.7748587428629493,turquoise
P48637,GSS,Young_Pre,-0.6385398830476969,turquoise
P48637,GSS,Young_Post,-0.8338183354019583,turquoise
P48637,GSS,Old_Pre,1.373789664182471,turquoise
P48637,GSS,Old_Post,0.09856855426734229,turquoise
P35908,KRT2,Young_Pre,1.4064653224608747,turquoise
P35908,KRT2,Young_Post,-0.09022542103613358,turquoise
P35908,KRT2,Old_Pre,-0.9296627015478042,turquoise
P35908,KRT2,Old_Post,-0.3865771998769693,turquoise
P51668,UBE2D1,Young_Pre,0.6437760689164918,turquoise
P51668,UBE2D1,Young_Post,-0.1684833641605656,turquoise
P51668,UBE2D1,Old_Pre,0.8678431662277981,turquoise
P51668,UBE2D1,Old_Post,-1.3431358709837498,turquoise
Q08752,PPID,Young_Pre,0.9483721658154496,turquoise
Q08752,PPID,Young_Post,-1.350474969148446,turquoise
Q08752,PPID,Old_Pre,0.514072375872608,turquoise
Q08752,PPID,Old_Post,-0.11196957253963959,turquoise
Q04760,GLO1,Young_Pre,0.820676306899634,turquoise
Q04760,GLO1,Young_Post,-1.0508006453558125,turquoise
Q04760,GLO1,Old_Pre,0.888311740013083,turquoise
Q04760,GLO1,Old_Post,-0.6581874015569686,turquoise
P09913,IFIT2,Young_Pre,0.2142990221006459,turquoise
P09913,IFIT2,Young_Post,-0.31201209589451506,turquoise
P09913,IFIT2,Old_Pre,1.2429985842989142,turquoise
P09913,IFIT2,Old_Post,-1.1452855105051816,turquoise
P50579,METAP2,Young_Pre,-0.030458116770159385,turquoise
P50579,METAP2,Young_Post,-1.2216219328155344,turquoise
P50579,METAP2,Old_Pre,1.2272304817620159,turquoise
P50579,METAP2,Old_Post,0.024849567823678042,turquoise
Q15056,EIF4H,Young_Pre,0.6076831207357991,turquoise
Q15056,EIF4H,Young_Post,-1.2354173089713532,turquoise
Q15056,EIF4H,Old_Pre,0.9874545761595939,turquoise
Q15056,EIF4H,Old_Post,-0.3597203879240896,turquoise
Q9Y4J8,DTNA,Young_Pre,0.8391190745558391,turquoise
Q9Y4J8,DTNA,Young_Post,0.4051899391028758,turquoise
Q9Y4J8,DTNA,Old_Pre,0.20172286002518752,turquoise
Q9Y4J8,DTNA,Old_Post,-1.4460318736838473,turquoise
P15259,PGAM2,Young_Pre,0.10300822804737862,turquoise
P15259,PGAM2,Young_Post,-1.4359470177166975,turquoise
P15259,PGAM2,Old_Pre,0.8062595210282372,turquoise
P15259,PGAM2,Old_Post,0.5266792686411523,turquoise
P68402,PAFAH1B2,Young_Pre,0.561647620910254,turquoise
P68402,PAFAH1B2,Young_Post,-0.3609361686475482,turquoise
P68402,PAFAH1B2,Old_Pre,-1.2259965410792601,turquoise
P68402,PAFAH1B2,Old_Post,1.0252850888165543,turquoise
Q9NP74,PALMD,Young_Pre,-1.3317066774460409,turquoise
Q9NP74,PALMD,Young_Post,-0.19362426687278586,turquoise
Q9NP74,PALMD,Old_Pre,0.8761329205206996,turquoise
Q9NP74,PALMD,Old_Post,0.6491980237981879,turquoise
Q9H832,UBE2Z,Young_Pre,-1.4621783681536917,turquoise
Q9H832,UBE2Z,Young_Post,0.2129183061120904,turquoise
Q9H832,UBE2Z,Old_Pre,0.7594908172408569,turquoise
Q9H832,UBE2Z,Old_Post,0.4897692448006315,turquoise
Q8WXH0,SYNE2,Young_Pre,0.42218165218685905,turquoise
Q8WXH0,SYNE2,Young_Post,-1.1320918124238801,turquoise
Q8WXH0,SYNE2,Old_Pre,1.1574962201841426,turquoise
Q8WXH0,SYNE2,Old_Post,-0.44758605994714784,turquoise
O00764,PDXK,Young_Pre,0.922250452084261,turquoise
O00764,PDXK,Young_Post,0.2713370873448513,turquoise
O00764,PDXK,Old_Pre,0.22888918442753375,turquoise
O00764,PDXK,Old_Post,-1.4224767238565583,turquoise
Q13685,AAMP,Young_Pre,0.44602371993265516,turquoise
Q13685,AAMP,Young_Post,1.0880968057369342,turquoise
Q13685,AAMP,Old_Pre,-1.2362858423603427,turquoise
Q13685,AAMP,Old_Post,-0.29783468330920543,turquoise
Q15819,UBE2V2,Young_Pre,0.76850662278561,turquoise
Q15819,UBE2V2,Young_Post,-1.0684978827900289,turquoise
Q15819,UBE2V2,Old_Pre,0.9318883551148652,turquoise
Q15819,UBE2V2,Old_Post,-0.6318970951105822,turquoise
P25686,DNAJB2,Young_Pre,1.0454962786448694,turquoise
P25686,DNAJB2,Young_Post,-0.8995654530536962,turquoise
P25686,DNAJB2,Old_Pre,0.6642834000495363,turquoise
P25686,DNAJB2,Old_Post,-0.8102142256407594,turquoise
Q9NP72,RAB18,Young_Pre,-0.9967964696310828,turquoise
Q9NP72,RAB18,Young_Post,1.194946929979127,turquoise
Q9NP72,RAB18,Old_Pre,0.4295393885211678,turquoise
Q9NP72,RAB18,Old_Post,-0.6276898488691129,turquoise
Q9BQ69,MACROD1,Young_Pre,1.3711529378903984,turquoise
Q9BQ69,MACROD1,Young_Post,-0.036638527986738306,turquoise
Q9BQ69,MACROD1,Old_Pre,-0.32951996680567264,turquoise
Q9BQ69,MACROD1,Old_Post,-1.0049944430980116,turquoise
Q9BQA1,WDR77,Young_Pre,0.3028653013890736,turquoise
Q9BQA1,WDR77,Young_Post,0.3232852943883923,turquoise
Q9BQA1,WDR77,Old_Pre,0.8287931147031494,turquoise
Q9BQA1,WDR77,Old_Post,-1.4549437104807075,turquoise
Q6QEF8,CORO6,Young_Pre,0.5022870319525252,turquoise
Q6QEF8,CORO6,Young_Post,1.1323014948853978,turquoise
Q6QEF8,CORO6,Old_Pre,-1.0719128371498852,turquoise
Q6QEF8,CORO6,Old_Post,-0.5626756896880308,turquoise
Q5VXT5,SYPL2,Young_Pre,1.268341117706882,turquoise
Q5VXT5,SYPL2,Young_Post,-0.0792417342926893,turquoise
Q5VXT5,SYPL2,Old_Pre,-0.012289919413661862,turquoise
Q5VXT5,SYPL2,Old_Post,-1.1768094640005025,turquoise
P43490,NAMPT,Young_Pre,0.0922417838214873,turquoise
P43490,NAMPT,Young_Post,1.0848298148815267,turquoise
P43490,NAMPT,Old_Pre,-1.337497397774586,turquoise
P43490,NAMPT,Old_Post,0.16042579907157223,turquoise
P46977,STT3A,Young_Pre,0.9359195245277192,turquoise
P46977,STT3A,Young_Post,0.7268708005488053,turquoise
P46977,STT3A,Old_Pre,-0.5048391563667654,turquoise
P46977,STT3A,Old_Post,-1.1579511687097341,turquoise
Q9UNH7,SNX6,Young_Pre,1.172545898601269,turquoise
Q9UNH7,SNX6,Young_Post,-1.0914535521755524,turquoise
Q9UNH7,SNX6,Old_Pre,0.42344589287895423,turquoise
Q9UNH7,SNX6,Old_Post,-0.5045382393046706,turquoise
P09104,ENO2,Young_Pre,0.8462472888446823,turquoise
P09104,ENO2,Young_Post,0.794687603841264,turquoise
P09104,ENO2,Old_Pre,-1.2116218131899452,turquoise
P09104,ENO2,Old_Post,-0.4293130794960303,turquoise
Q9UHD8,SEPTIN9,Young_Pre,-1.0343307205394718,turquoise
Q9UHD8,SEPTIN9,Young_Post,-0.5036426784924254,turquoise
Q9UHD8,SEPTIN9,Old_Pre,1.2658885635114396,turquoise
Q9UHD8,SEPTIN9,Old_Post,0.27208483552049684,turquoise
Q86X55,CARM1,Young_Pre,0.858739514168846,turquoise
Q86X55,CARM1,Young_Post,0.8535093565610113,turquoise
Q86X55,CARM1,Old_Pre,-1.0407729222393631,turquoise
Q86X55,CARM1,Old_Post,-0.6714759484904871,turquoise
Q96DG6,CMBL,Young_Pre,0.831982005861906,turquoise
Q96DG6,CMBL,Young_Post,-0.6757184762199546,turquoise
Q96DG6,CMBL,Old_Pre,0.8807742100975513,turquoise
Q96DG6,CMBL,Old_Post,-1.0370377397395025,turquoise
P07108,DBI,Young_Pre,0.5602142997556222,turquoise
P07108,DBI,Young_Post,-1.0580527254624592,turquoise
P07108,DBI,Old_Pre,1.098260963692145,turquoise
P07108,DBI,Old_Post,-0.6004225379853592,turquoise
P08727,KRT19,Young_Pre,1.3229441486382398,turquoise
P08727,KRT19,Young_Post,-0.20759816748304924,turquoise
P08727,KRT19,Old_Pre,-1.0983778322435473,turquoise
P08727,KRT19,Old_Post,-0.016968148911664455,turquoise
P51812,RPS6KA3,Young_Pre,0.3866666624108805,turquoise
P51812,RPS6KA3,Young_Post,-0.26748671830056037,turquoise
P51812,RPS6KA3,Old_Pre,-1.2368405439755472,turquoise
P51812,RPS6KA3,Old_Post,1.1176605998652271,turquoise
Q15555,MAPRE2,Young_Pre,1.0065737004978497,turquoise
Q15555,MAPRE2,Young_Post,0.572116519429085,turquoise
Q15555,MAPRE2,Old_Pre,-0.3347240213545371,turquoise
Q15555,MAPRE2,Old_Post,-1.2439661985723975,turquoise
P13929,ENO3,Young_Pre,0.7331847120774033,turquoise
P13929,ENO3,Young_Post,0.8121132120916772,turquoise
P13929,ENO3,Old_Pre,-1.3244367254055096,turquoise
P13929,ENO3,Old_Post,-0.22086119876348953,turquoise
P55786,NPEPPS,Young_Pre,0.8223037479043861,turquoise
P55786,NPEPPS,Young_Post,-0.3418734107959621,turquoise
P55786,NPEPPS,Old_Pre,0.7824119538041554,turquoise
P55786,NPEPPS,Old_Post,-1.2628422909126458,turquoise
Q9HCP6,HHATL,Young_Pre,1.3875877040776576,turquoise
Q9HCP6,HHATL,Young_Post,-0.18281462055673697,turquoise
Q9HCP6,HHATL,Old_Pre,-0.20524671335311337,turquoise
Q9HCP6,HHATL,Old_Post,-0.9995263701678591,turquoise
Q92629,SGCD,Young_Pre,1.0662365105299154,turquoise
Q92629,SGCD,Young_Post,-0.3279290175494583,turquoise
Q92629,SGCD,Old_Pre,0.49196566624136845,turquoise
Q92629,SGCD,Old_Post,-1.230273159221855,turquoise
P00558,PGK1,Young_Pre,0.6889451004626772,turquoise
P00558,PGK1,Young_Post,1.0119398678722302,turquoise
P00558,PGK1,Old_Pre,-1.0160134879774925,turquoise
P00558,PGK1,Old_Post,-0.6848714803574569,turquoise
Q9BV20,MRI1,Young_Pre,0.4563049437130898,turquoise
Q9BV20,MRI1,Young_Post,1.1364343564996213,turquoise
Q9BV20,MRI1,Old_Pre,-1.1368792039291966,turquoise
Q9BV20,MRI1,Old_Post,-0.4558600962834996,turquoise
Q9Y5Z4,HEBP2,Young_Pre,-0.32264787508051884,turquoise
Q9Y5Z4,HEBP2,Young_Post,-0.8852131142238847,turquoise
Q9Y5Z4,HEBP2,Old_Pre,1.435444777863973,turquoise
Q9Y5Z4,HEBP2,Old_Post,-0.22758378855956948,turquoise
Q6ZVM7,TOM1L2,Young_Pre,-0.2493360396514597,turquoise
Q6ZVM7,TOM1L2,Young_Post,-0.8531697314950955,turquoise
Q6ZVM7,TOM1L2,Old_Pre,1.4462873711898327,turquoise
Q6ZVM7,TOM1L2,Old_Post,-0.34378160004327757,turquoise
Q8N5M9,JAGN1,Young_Pre,1.152135135849394,turquoise
Q8N5M9,JAGN1,Young_Post,0.3843967520527679,turquoise
Q8N5M9,JAGN1,Old_Pre,-0.3533209810449471,turquoise
Q8N5M9,JAGN1,Old_Post,-1.1832109068572758,turquoise
Q9UBQ7,GRHPR,Young_Pre,0.6861123717011309,turquoise
Q9UBQ7,GRHPR,Young_Post,1.0258741084871492,turquoise
Q9UBQ7,GRHPR,Old_Pre,-0.9314361746891647,turquoise
Q9UBQ7,GRHPR,Old_Post,-0.7805503054991155,turquoise
Q9UNZ2,NSFL1C,Young_Pre,-0.96808143803029,turquoise
Q9UNZ2,NSFL1C,Young_Post,0.4152244695922822,turquoise
Q9UNZ2,NSFL1C,Old_Pre,1.2085179529443324,turquoise
Q9UNZ2,NSFL1C,Old_Post,-0.6556609845066691,turquoise
Q9BSJ8,ESYT1,Young_Pre,0.8201817355965025,turquoise
Q9BSJ8,ESYT1,Young_Post,0.7911067538599403,turquoise
Q9BSJ8,ESYT1,Old_Pre,-0.3565748032919975,turquoise
Q9BSJ8,ESYT1,Old_Post,-1.2547136861644452,turquoise
P39687,ANP32A,Young_Pre,0.44580238228084623,turquoise
P39687,ANP32A,Young_Post,1.1599592543639092,turquoise
P39687,ANP32A,Old_Pre,-1.0914285156865318,turquoise
P39687,ANP32A,Old_Post,-0.5143331209581394,turquoise
P11532,DMD,Young_Pre,1.0157586875419047,turquoise
P11532,DMD,Young_Post,0.2566962078413151,turquoise
P11532,DMD,Old_Pre,0.10295135854226571,turquoise
P11532,DMD,Old_Post,-1.3754062539254854,turquoise
P31751,AKT2,Young_Pre,-0.3710684386891745,turquoise
P31751,AKT2,Young_Post,0.8849080192765679,turquoise
P31751,AKT2,Old_Pre,-1.2436392169646202,turquoise
P31751,AKT2,Old_Post,0.7297996363772908,turquoise
Q16821,PPP1R3A,Young_Pre,0.7032007143116052,turquoise
Q16821,PPP1R3A,Young_Post,0.9508490778560255,turquoise
Q16821,PPP1R3A,Old_Pre,-1.1686785431059974,turquoise
Q16821,PPP1R3A,Old_Post,-0.48537124906161994,turquoise
Q9NQ88,TIGAR,Young_Pre,-0.1370280925606929,turquoise
Q9NQ88,TIGAR,Young_Post,0.2740637219131392,turquoise
Q9NQ88,TIGAR,Old_Pre,1.1349611000381736,turquoise
Q9NQ88,TIGAR,Old_Post,-1.27199672939062,turquoise
P02786,TFRC,Young_Pre,0.2729446908525433,turquoise
P02786,TFRC,Young_Post,0.5123137252051628,turquoise
P02786,TFRC,Old_Pre,0.6924331064736333,turquoise
P02786,TFRC,Old_Post,-1.4776915225313747,turquoise
Q4G0N4,NADK2,Young_Pre,-0.28382641007541654,turquoise
Q4G0N4,NADK2,Young_Post,-1.1818677366526027,turquoise
Q4G0N4,NADK2,Old_Pre,1.2063983145866422,turquoise
Q4G0N4,NADK2,Old_Post,0.2592958321413289,turquoise
O95747,OXSR1,Young_Pre,0.3173766231479507,turquoise
O95747,OXSR1,Young_Post,-1.0321410822463095,turquoise
O95747,OXSR1,Old_Pre,1.2457832508857412,turquoise
O95747,OXSR1,Old_Post,-0.5310187917872355,turquoise
Q9BRX8,PRXL2A,Young_Pre,0.2568914071203657,turquoise
Q9BRX8,PRXL2A,Young_Post,-1.1460849850552133,turquoise
Q9BRX8,PRXL2A,Old_Pre,1.227272776352524,turquoise
Q9BRX8,PRXL2A,Old_Post,-0.3380791984175871,turquoise
Q9BV57,ADI1,Young_Pre,0.7873489902351734,turquoise
Q9BV57,ADI1,Young_Post,0.9306252116222034,turquoise
Q9BV57,ADI1,Old_Pre,-0.9973717170265031,turquoise
Q9BV57,ADI1,Old_Post,-0.7206024848308444,turquoise
P48163,ME1,Young_Pre,0.9703735341506937,turquoise
P48163,ME1,Young_Post,0.4953895940271099,turquoise
P48163,ME1,Old_Pre,-0.12512602919562618,turquoise
P48163,ME1,Old_Post,-1.340637098982153,turquoise
P58546,MTPN,Young_Pre,-0.14247847545742556,turquoise
P58546,MTPN,Young_Post,-1.2139329410015678,turquoise
P58546,MTPN,Old_Pre,1.219565446958044,turquoise
P58546,MTPN,Old_Post,0.13684596950088831,turquoise
P61925,PKIA,Young_Pre,0.3317211996277773,turquoise
P61925,PKIA,Young_Post,1.008182778453126,turquoise
P61925,PKIA,Old_Pre,0.028566871016142803,turquoise
P61925,PKIA,Old_Post,-1.3684708490970463,turquoise
Q9NR56,MBNL1,Young_Pre,0.5500444980035033,turquoise
Q9NR56,MBNL1,Young_Post,1.0275863211045793,turquoise
Q9NR56,MBNL1,Old_Pre,-1.2343812869475967,turquoise
Q9NR56,MBNL1,Old_Post,-0.3432495321605343,turquoise
Q12906,ILF3,Young_Pre,-1.4619510355634626,turquoise
Q12906,ILF3,Young_Post,0.59525385167348,turquoise
Q12906,ILF3,Old_Pre,0.17567630259153072,turquoise
Q12906,ILF3,Old_Post,0.6910208812985137,turquoise
P05787,KRT8,Young_Pre,1.4955472538280554,turquoise
P05787,KRT8,Young_Post,-0.6064652272890062,turquoise
P05787,KRT8,Old_Pre,-0.4321936512184057,turquoise
P05787,KRT8,Old_Post,-0.4568883753206678,turquoise
P14735,IDE,Young_Pre,0.43674985494538376,turquoise
P14735,IDE,Young_Post,-0.05071171649572771,turquoise
P14735,IDE,Old_Pre,-1.361814424247769,turquoise
P14735,IDE,Old_Post,0.9757762857981128,turquoise
P48444,ARCN1,Young_Pre,-0.5794915431646502,turquoise
P48444,ARCN1,Young_Post,1.4971077846175036,turquoise
P48444,ARCN1,Old_Pre,-0.42841034655446164,turquoise
P48444,ARCN1,Old_Post,-0.4892058948984651,turquoise
P11766,ADH5,Young_Pre,0.6012317771193718,turquoise
P11766,ADH5,Young_Post,-0.8807570597518222,turquoise
P11766,ADH5,Old_Pre,1.0946762918793842,turquoise
P11766,ADH5,Old_Post,-0.8151510092470031,turquoise
P63208,SKP1,Young_Pre,1.488211643621763,turquoise
P63208,SKP1,Young_Post,-0.6730137148845406,turquoise
P63208,SKP1,Old_Pre,-0.40915006997309006,turquoise
P63208,SKP1,Old_Post,-0.4060478587641323,turquoise
P61978,HNRNPK,Young_Pre,0.22030670639231767,turquoise
P61978,HNRNPK,Young_Post,-1.407749914758474,turquoise
P61978,HNRNPK,Old_Pre,0.9575171828179816,turquoise
P61978,HNRNPK,Old_Post,0.22992602554820654,turquoise
P23588,EIF4B,Young_Pre,0.19131774693530157,turquoise
P23588,EIF4B,Young_Post,-0.40695872042474895,turquoise
P23588,EIF4B,Old_Pre,1.2856429701551018,turquoise
P23588,EIF4B,Old_Post,-1.0700019966657162,turquoise
P23381,WARS1,Young_Pre,-0.628610771901495,turquoise
P23381,WARS1,Young_Post,0.4006470821287155,turquoise
P23381,WARS1,Old_Pre,1.2136060286653683,turquoise
P23381,WARS1,Old_Post,-0.98564233889288,turquoise
Q08722,CD47,Young_Pre,0.4513690052597186,turquoise
Q08722,CD47,Young_Post,0.5766524454721969,turquoise
Q08722,CD47,Old_Pre,0.46968738041629915,turquoise
Q08722,CD47,Old_Post,-1.4977088311482516,turquoise
Q8N1G4,LRRC47,Young_Pre,-0.7153289894211645,turquoise
Q8N1G4,LRRC47,Young_Post,-0.9845077355717838,turquoise
Q8N1G4,LRRC47,Old_Pre,1.042696096786094,turquoise
Q8N1G4,LRRC47,Old_Post,0.6571406282068233,turquoise
Q13564,NAE1,Young_Pre,-0.1554066501341656,turquoise
Q13564,NAE1,Young_Post,-1.1689746782619037,turquoise
Q13564,NAE1,Old_Pre,1.2673162805680935,turquoise
Q13564,NAE1,Old_Post,0.05706504782797595,turquoise
P21281,ATP6V1B2,Young_Pre,-0.4537604099715006,turquoise
P21281,ATP6V1B2,Young_Post,-0.5763588832940453,turquoise
P21281,ATP6V1B2,Old_Pre,1.4977445017138662,turquoise
P21281,ATP6V1B2,Old_Post,-0.46762520844840966,turquoise
P00488,F13A1,Young_Pre,-1.4158624623619165,turquoise
P00488,F13A1,Young_Post,0.19484864679634123,turquoise
P00488,F13A1,Old_Pre,0.284984156185336,turquoise
P00488,F13A1,Old_Post,0.9360296593802023,turquoise
O75323,NIPSNAP2,Young_Pre,-0.2664177158766216,turquoise
O75323,NIPSNAP2,Young_Post,-1.301510024850862,turquoise
O75323,NIPSNAP2,Old_Pre,0.8382527081133042,turquoise
O75323,NIPSNAP2,Old_Post,0.7296750326141793,turquoise
Q8TED0,UTP15,Young_Pre,1.4111035939665473,green
Q8TED0,UTP15,Young_Post,-0.03282374403064465,green
Q8TED0,UTP15,Old_Pre,-0.8592598481880956,green
Q8TED0,UTP15,Old_Post,-0.5190200017477896,green
P07951,TPM2,Young_Pre,1.2505818297677955,green
P07951,TPM2,Young_Post,0.2908079856681227,green
P07951,TPM2,Old_Pre,-1.0566446593890106,green
P07951,TPM2,Old_Post,-0.4847451560469311,green
P09493,TPM1,Young_Pre,1.1776068321953685,green
P09493,TPM1,Young_Post,0.42655351427373417,green
P09493,TPM1,Old_Pre,-1.0709937649658,green
P09493,TPM1,Old_Post,-0.5331665815032837,green
P12814,ACTN1,Young_Pre,1.2916639383979558,green
P12814,ACTN1,Young_Post,0.24471797197359507,green
P12814,ACTN1,Old_Pre,-0.9820632268538614,green
P12814,ACTN1,Old_Post,-0.5543186835176975,green
P45378,TNNT3,Young_Pre,1.115752267473565,green
P45378,TNNT3,Young_Post,0.5111764103571175,green
P45378,TNNT3,Old_Pre,-1.1053094123259182,green
P45378,TNNT3,Old_Post,-0.5216192655047786,green
O43707,ACTN4,Young_Pre,1.282653666561213,green
O43707,ACTN4,Young_Post,0.251488704236434,green
O43707,ACTN4,Old_Pre,-1.0066088613083168,green
O43707,ACTN4,Old_Post,-0.5275335094893302,green
Q9NP98,MYOZ1,Young_Pre,1.2229258992861656,green
Q9NP98,MYOZ1,Young_Post,0.40945977343552054,green
Q9NP98,MYOZ1,Old_Pre,-0.8633810051096215,green
Q9NP98,MYOZ1,Old_Post,-0.7690046676120731,green
P50851,LRBA,Young_Pre,1.3411647083996103,green
P50851,LRBA,Young_Post,0.18580452898345926,green
P50851,LRBA,Old_Pre,-0.7851222710079092,green
P50851,LRBA,Old_Post,-0.7418469663751452,green
P48788,TNNI2,Young_Pre,1.1149928169728547,green
P48788,TNNI2,Young_Post,0.5294055304194057,green
P48788,TNNI2,Old_Pre,-1.0716965083583414,green
P48788,TNNI2,Old_Post,-0.5727018390339125,green
P35609,ACTN2,Young_Pre,1.283602797999517,green
P35609,ACTN2,Young_Post,0.2184053094056346,green
P35609,ACTN2,Old_Pre,-1.0481982666642562,green
P35609,ACTN2,Old_Post,-0.4538098407409084,green
P52179,MYOM1,Young_Pre,1.324886538135486,green
P52179,MYOM1,Young_Post,0.2016719549886817,green
P52179,MYOM1,Old_Pre,-0.6239708348031229,green
P52179,MYOM1,Old_Post,-0.902587658321065,green
Q9NZQ9,TMOD4,Young_Pre,1.2060878254858873,green
Q9NZQ9,TMOD4,Young_Post,0.37140990892492887,green
Q9NZQ9,TMOD4,Old_Pre,-1.0743686194385684,green
Q9NZQ9,TMOD4,Old_Post,-0.5031291149722549,green
Q08043,ACTN3,Young_Pre,1.224363264631969,green
Q08043,ACTN3,Young_Post,0.4085122133474184,green
Q08043,ACTN3,Old_Pre,-0.795092898013952,green
Q08043,ACTN3,Old_Post,-0.8377825799654199,green
P60709,ACTB,Young_Pre,1.3522316086122994,green
P60709,ACTB,Young_Post,-0.29087069366543317,green
P60709,ACTB,Old_Pre,-1.0423543870164385,green
P60709,ACTB,Old_Post,-0.01900652793038625,green
Q68DQ2,CRYBG3,Young_Pre,1.1927400487348492,green
Q68DQ2,CRYBG3,Young_Post,0.4599173010579665,green
Q68DQ2,CRYBG3,Old_Pre,-0.8365535078890425,green
Q68DQ2,CRYBG3,Old_Post,-0.8161038419037635,green
P24043,LAMA2,Young_Pre,1.3868245309216747,green
P24043,LAMA2,Young_Post,-0.9915831041110519,green
P24043,LAMA2,Old_Pre,-0.28529275952525757,green
P24043,LAMA2,Old_Post,-0.10994866728538298,green
P02585,TNNC2,Young_Pre,1.2338907815875144,green
P02585,TNNC2,Young_Post,0.21878910164376575,green
P02585,TNNC2,Old_Pre,-1.1590670187340308,green
P02585,TNNC2,Old_Post,-0.29361286449723734,green
Q14324,MYBPC2,Young_Pre,1.1875304471070574,green
Q14324,MYBPC2,Young_Post,0.45597639484398356,green
Q14324,MYBPC2,Old_Pre,-0.9468525711902133,green
Q14324,MYBPC2,Old_Post,-0.6966542707608117,green
P17661,DES,Young_Pre,1.021712797839507,green
P17661,DES,Young_Post,0.6820254150155687,green
P17661,DES,Old_Pre,-0.9925502050735132,green
P17661,DES,Old_Post,-0.7111880077815818,green
P10828,THRB,Young_Pre,1.2261082208790917,green
P10828,THRB,Young_Post,0.38130615468172774,green
P10828,THRB,Old_Pre,-0.9760059975771858,green
P10828,THRB,Old_Post,-0.6314083779836193,green
Q5TDH0,DDI2,Young_Pre,1.1626990078158916,green
Q5TDH0,DDI2,Young_Post,0.49298596073504164,green
Q5TDH0,DDI2,Old_Pre,-0.9590855835213634,green
Q5TDH0,DDI2,Old_Post,-0.6965993850295699,green
P68133,ACTA1,Young_Pre,1.2664826748565754,green
P68133,ACTA1,Young_Post,-0.571032209823239,green
P68133,ACTA1,Old_Pre,-0.9911994647027677,green
P68133,ACTA1,Old_Post,0.29574899966943125,green
P02461,COL3A1,Young_Pre,1.3673000553123782,green
P02461,COL3A1,Young_Post,-0.9514580256845823,green
P02461,COL3A1,Old_Pre,-0.47131794655445725,green
P02461,COL3A1,Old_Post,0.05547591692665428,green
P54296,MYOM2,Young_Pre,1.2438800771759206,green
P54296,MYOM2,Young_Post,0.326869685969017,green
P54296,MYOM2,Old_Pre,-0.5484243036143586,green
P54296,MYOM2,Old_Post,-1.022325459530598,green
P02452,COL1A1,Young_Pre,1.3990924803783706,green
P02452,COL1A1,Young_Post,-0.9729525812127806,green
P02452,COL1A1,Old_Pre,-0.16254322779299687,green
P02452,COL1A1,Old_Post,-0.26359667137261034,green
Q9NR12,PDLIM7,Young_Pre,1.4371389565610133,green
Q9NR12,PDLIM7,Young_Post,-0.10244447102203905,green
Q9NR12,PDLIM7,Old_Pre,-0.7966377393801742,green
Q9NR12,PDLIM7,Old_Post,-0.5380567461587876,green
Q6PK04,CCDC137,Young_Pre,1.3228130851955806,green
Q6PK04,CCDC137,Young_Post,-1.094774869733036,green
Q6PK04,CCDC137,Old_Pre,-8.095401570377584e-4,green
Q6PK04,CCDC137,Old_Post,-0.22722867530551205,green
P08123,COL1A2,Young_Pre,1.2445148427915969,green
P08123,COL1A2,Young_Post,-1.2004857906541473,green
P08123,COL1A2,Old_Pre,0.045243907576544506,green
P08123,COL1A2,Old_Post,-0.08927295971400563,green
P28289,TMOD1,Young_Pre,1.1050289819382162,green
P28289,TMOD1,Young_Post,0.4769962946186093,green
P28289,TMOD1,Old_Pre,-1.1783003195725266,green
P28289,TMOD1,Old_Post,-0.40372495698431626,green
P17948,FLT1,Young_Pre,1.2618985603239226,green
P17948,FLT1,Young_Post,-1.1844682118112695,green
P17948,FLT1,Old_Pre,-0.06743232266654937,green
P17948,FLT1,Old_Post,-0.00999802584610859,green
Q08357,SLC20A2,Young_Pre,1.050570652368474,green
Q08357,SLC20A2,Young_Post,-1.359165041083192,green
Q08357,SLC20A2,Old_Pre,0.12825446882508099,green
Q08357,SLC20A2,Old_Post,0.18033991988963705,green
Q5VTT5,MYOM3,Young_Pre,1.0567972114990092,green
Q5VTT5,MYOM3,Young_Post,0.6509912480574988,green
Q5VTT5,MYOM3,Old_Pre,-0.8302369114256584,green
Q5VTT5,MYOM3,Old_Post,-0.8775515481308442,green
Q8N3V7,SYNPO,Young_Pre,1.4261598287324717,green
Q8N3V7,SYNPO,Young_Post,-0.42817667988141217,green
Q8N3V7,SYNPO,Old_Pre,-0.12166698536445229,green
Q8N3V7,SYNPO,Old_Post,-0.8763161634865718,green
P12882,MYH1,Young_Pre,1.381943465414642,green
P12882,MYH1,Young_Post,0.07233716974193381,green
P12882,MYH1,Old_Pre,-0.6098085031036645,green
P12882,MYH1,Old_Post,-0.8444721320528968,green
Q00872,MYBPC1,Young_Pre,1.3030871039268255,green
Q00872,MYBPC1,Young_Post,-1.0313244376669288,green
Q00872,MYBPC1,Old_Pre,-0.4532190321701407,green
Q00872,MYBPC1,Old_Post,0.18145636591024414,green
Q8WZ42,TTN,Young_Pre,0.9490051484679457,green
Q8WZ42,TTN,Young_Post,0.7788024703675864,green
Q8WZ42,TTN,Old_Pre,-0.8738123026841876,green
Q8WZ42,TTN,Old_Post,-0.8539953161513445,green
P39059,COL15A1,Young_Pre,1.2798450184779375,green
P39059,COL15A1,Young_Post,-0.04442324637912908,green
P39059,COL15A1,Old_Pre,-1.1640120055661338,green
P39059,COL15A1,Old_Post,-0.07140976653268889,green
Q9H987,SYNPO2L,Young_Pre,1.050572230187825,green
Q9H987,SYNPO2L,Young_Post,0.6590903976921365,green
Q9H987,SYNPO2L,Old_Pre,-0.8694033118036807,green
Q9H987,SYNPO2L,Old_Post,-0.8402593160762891,green
P47755,CAPZA2,Young_Pre,1.1534422774511794,green
P47755,CAPZA2,Young_Post,0.5163938686600814,green
P47755,CAPZA2,Old_Pre,-0.9009934374839881,green
P47755,CAPZA2,Old_Post,-0.7688427086272573,green
P11047,LAMC1,Young_Pre,0.9188074700014851,green
P11047,LAMC1,Young_Post,-1.4238059113970076,green
P11047,LAMC1,Old_Pre,0.22950088560098048,green
P11047,LAMC1,Old_Post,0.27549755579455315,green
Q07507,DPT,Young_Pre,0.8584590853771936,green
Q07507,DPT,Young_Post,-1.4366911212803795,green
Q07507,DPT,Old_Pre,0.16303969762317672,green
Q07507,DPT,Old_Post,0.4151923382800091,green
Q14112,NID2,Young_Pre,0.7878933069290551,green
Q14112,NID2,Young_Post,-1.4481868010698578,green
Q14112,NID2,Old_Pre,0.15128174643986134,green
Q14112,NID2,Old_Post,0.5090117477009299,green
P02462,COL4A1,Young_Pre,0.9938211245424093,green
P02462,COL4A1,Young_Post,-1.3869703919036747,green
P02462,COL4A1,Old_Pre,0.2719056737055584,green
P02462,COL4A1,Old_Post,0.1212435936557204,green
P08572,COL4A2,Young_Pre,0.7754470196226981,green
P08572,COL4A2,Young_Post,-1.4677409981791696,green
P08572,COL4A2,Old_Pre,0.3950489608618046,green
P08572,COL4A2,Old_Post,0.29724501769465905,green
O75531,BANF1,Young_Pre,1.2244314742178046,green
O75531,BANF1,Young_Post,0.24594554123389023,green
O75531,BANF1,Old_Pre,-1.1590246033498848,green
O75531,BANF1,Old_Post,-0.31135241210182485,green
P20929,NEB,Young_Pre,0.883650466782008,green
P20929,NEB,Young_Post,0.8478594841251804,green
P20929,NEB,Old_Pre,-0.8409276448519428,green
P20929,NEB,Old_Post,-0.8905823060552498,green
P11055,MYH3,Young_Pre,1.385340287813565,green
P11055,MYH3,Young_Post,-0.02191645286553492,green
P11055,MYH3,Old_Pre,-0.4070396771563813,green
P11055,MYH3,Old_Post,-0.9563841577916536,green
P13535,MYH8,Young_Pre,1.4547085186333426,green
P13535,MYH8,Young_Post,-0.1474414449659014,green
P13535,MYH8,Old_Pre,-0.715320428368453,green
P13535,MYH8,Old_Post,-0.5919466452989882,green
P06753,TPM3,Young_Pre,1.4538856848913775,green
P06753,TPM3,Young_Post,-0.682189238225923,green
P06753,TPM3,Old_Pre,-0.6339173221929354,green
P06753,TPM3,Old_Post,-0.13777912447247964,green
Q9Y623,MYH4,Young_Pre,1.2939430599766975,green
Q9Y623,MYH4,Young_Post,0.09632989092116936,green
Q9Y623,MYH4,Old_Pre,-1.113467965211615,green
Q9Y623,MYH4,Old_Post,-0.2768049856862439,green
P47756,CAPZB,Young_Pre,1.024779007715534,green
P47756,CAPZB,Young_Post,0.6581920713524934,green
P47756,CAPZB,Old_Pre,-1.0655562382705293,green
P47756,CAPZB,Old_Post,-0.6174148407975297,green
P02545,LMNA,Young_Pre,1.4568607857926215,green
P02545,LMNA,Young_Post,-0.7247527832677967,green
P02545,LMNA,Old_Pre,-0.5713574234024639,green
P02545,LMNA,Old_Post,-0.16075057912239515,green
P14543,NID1,Young_Pre,0.9727195116648474,green
P14543,NID1,Young_Post,-1.3764369376224224,green
P14543,NID1,Old_Pre,0.004698589774075544,green
P14543,NID1,Old_Post,0.3990188361835115,green
P12111,COL6A3,Young_Pre,0.586559500949776,green
P12111,COL6A3,Young_Post,-1.350498831974948,green
P12111,COL6A3,Old_Pre,-0.1377895123458995,green
P12111,COL6A3,Old_Post,0.9017288433710714,green
Q8TDC0,MYOZ3,Young_Pre,1.12676917751477,green
Q8TDC0,MYOZ3,Young_Post,0.5572514355406706,green
Q8TDC0,MYOZ3,Old_Pre,-0.872827068141544,green
Q8TDC0,MYOZ3,Old_Post,-0.8111935449139045,green
O15061,SYNM,Young_Pre,0.8333695707366526,green
O15061,SYNM,Young_Post,0.8889862792771015,green
O15061,SYNM,Old_Pre,-0.7347981070196004,green
O15061,SYNM,Old_Post,-0.9875577429941376,green
P12109,COL6A1,Young_Pre,0.708150757577697,green
P12109,COL6A1,Young_Post,-1.468718104897791,green
P12109,COL6A1,Old_Pre,0.21879329007200876,green
P12109,COL6A1,Old_Post,0.5417740572480757,green
P52907,CAPZA1,Young_Pre,1.1495878479224282,green
P52907,CAPZA1,Young_Post,0.4997469772376148,green
P52907,CAPZA1,Old_Pre,-1.0097998731428468,green
P52907,CAPZA1,Old_Post,-0.6395349520171961,green
P12110,COL6A2,Young_Pre,0.7432483503265758,green
P12110,COL6A2,Young_Post,-1.4075464951473762,green
P12110,COL6A2,Old_Pre,-0.018385334694644248,green
P12110,COL6A2,Old_Post,0.682683479515454,green
P0CW19,LIMS3,Young_Pre,1.054915305133669,green
P0CW19,LIMS3,Young_Post,0.6318415479512308,green
P0CW19,LIMS3,Old_Pre,-1.024148469086756,green
P0CW19,LIMS3,Old_Post,-0.6626083839981085,green
Q9Y2H6,FNDC3A,Young_Pre,1.0553382448630526,green
Q9Y2H6,FNDC3A,Young_Post,0.6530176711100117,green
Q9Y2H6,FNDC3A,Old_Pre,-0.8370148823975883,green
Q9Y2H6,FNDC3A,Old_Post,-0.8713410335754762,green
P55268,LAMB2,Young_Pre,0.7076887052084385,green
P55268,LAMB2,Young_Post,-1.4746601236557912,green
P55268,LAMB2,Old_Pre,0.5068381268374664,green
P55268,LAMB2,Old_Post,0.26013329160985665,green
P98160,HSPG2,Young_Pre,0.9412193812058715,green
P98160,HSPG2,Young_Post,-1.4027974419064384,green
P98160,HSPG2,Old_Pre,0.37174693251106683,green
P98160,HSPG2,Old_Post,0.08983112818951657,green
Q0VAK6,LMOD3,Young_Pre,1.0690924504566357,green
Q0VAK6,LMOD3,Young_Post,0.5848641316127466,green
Q0VAK6,LMOD3,Old_Pre,-1.098261438543161,green
Q0VAK6,LMOD3,Old_Post,-0.5556951435261962,green
Q9Y320,TMX2,Young_Pre,1.3240569159288411,green
Q9Y320,TMX2,Young_Post,0.217681446133758,green
Q9Y320,TMX2,Old_Pre,-0.6966752363241424,green
Q9Y320,TMX2,Old_Post,-0.8450631257384401,green
Q9NPC6,MYOZ2,Young_Pre,1.4235807069380262,green
Q9NPC6,MYOZ2,Young_Post,-0.048795619406744,green
Q9NPC6,MYOZ2,Old_Pre,-0.5733312884872653,green
Q9NPC6,MYOZ2,Old_Post,-0.8014537990440086,green
P08670,VIM,Young_Pre,0.8042867028107004,green
P08670,VIM,Young_Post,0.8950071367519449,green
P08670,VIM,Old_Pre,-1.0823327038949813,green
P08670,VIM,Old_Post,-0.616961135667682,green
Q03252,LMNB2,Young_Pre,1.0991673100731376,green
Q03252,LMNB2,Young_Post,-1.3287155365434868,green
Q03252,LMNB2,Old_Pre,0.11493732581310012,green
Q03252,LMNB2,Old_Post,0.1146109006572625,green
Q9UKX2,MYH2,Young_Pre,1.0544088339660993,green
Q9UKX2,MYH2,Young_Post,0.4235319924562627,green
Q9UKX2,MYH2,Old_Pre,-1.2942577798139536,green
Q9UKX2,MYH2,Old_Post,-0.18368304660837556,green
P13805,TNNT1,Young_Pre,1.395994736609165,green
P13805,TNNT1,Young_Post,-0.95844283236905,green
P13805,TNNT1,Old_Pre,-0.35453345281122767,green
P13805,TNNT1,Old_Post,-0.08301845142888735,green
P05976,MYL1,Young_Pre,1.1987390662068356,green
P05976,MYL1,Young_Post,0.14665410268083498,green
P05976,MYL1,Old_Pre,-1.2368223841869614,green
P05976,MYL1,Old_Post,-0.10857078470068941,green
P12883,MYH7,Young_Pre,1.2253720673383097,green
P12883,MYH7,Young_Post,-1.064303341703255,green
P12883,MYH7,Old_Pre,-0.5005046750048907,green
P12883,MYH7,Old_Post,0.3394359493697891,green
P22570,FDXR,Young_Pre,1.0970885279242548,green
P22570,FDXR,Young_Post,-1.2843926395787024,green
P22570,FDXR,Old_Pre,0.3478083996116381,green
P22570,FDXR,Old_Post,-0.16050428795715968,green
Q96HC4,PDLIM5,Young_Pre,0.9631131215247322,green
Q96HC4,PDLIM5,Young_Post,0.6924782924776827,green
Q96HC4,PDLIM5,Old_Pre,-0.49433246724695845,green
Q96HC4,PDLIM5,Old_Post,-1.1612589467554657,green
Q8TB22,SPATA20,Young_Pre,1.4439754392033026,green
Q8TB22,SPATA20,Young_Post,-0.80948115956473,green
Q8TB22,SPATA20,Old_Pre,-0.48810334813542666,green
Q8TB22,SPATA20,Old_Post,-0.1463909315031359,green
Q6H8Q1,ABLIM2,Young_Pre,1.4721669249317717,green
Q6H8Q1,ABLIM2,Young_Post,-0.28179029032913255,green
Q6H8Q1,ABLIM2,Old_Pre,-0.44548776401376083,green
Q6H8Q1,ABLIM2,Old_Post,-0.7448888705888783,green
P84243,H3-3A,Young_Pre,1.4059137961851067,green
P84243,H3-3A,Young_Post,-0.9555380620713393,green
P84243,H3-3A,Old_Pre,-0.15835128018228092,green
P84243,H3-3A,Old_Post,-0.2920244539314547,green
Q9UMS6,SYNPO2,Young_Pre,0.7005271586269353,green
Q9UMS6,SYNPO2,Young_Post,1.0161477681193452,green
Q9UMS6,SYNPO2,Old_Pre,-0.8984561081186632,green
Q9UMS6,SYNPO2,Old_Post,-0.8182188186276398,green
Q6P5Q4,LMOD2,Young_Pre,1.049545925166798,green
Q6P5Q4,LMOD2,Young_Post,0.6594187935502516,green
Q6P5Q4,LMOD2,Old_Pre,-0.8136167211726142,green
Q6P5Q4,LMOD2,Old_Post,-0.8953479975444326,green
P63316,TNNC1,Young_Pre,1.1209714097822177,green
P63316,TNNC1,Young_Post,-1.2969773020371889,green
P63316,TNNC1,Old_Pre,-0.06329797818721922,green
P63316,TNNC1,Old_Post,0.23930387044219045,green
O95777,LSM8,Young_Pre,1.4943644799381057,green
O95777,LSM8,Young_Post,-0.6178638210906185,green
O95777,LSM8,Old_Pre,-0.4605258452044009,green
O95777,LSM8,Old_Post,-0.41597481364307143,green
P19237,TNNI1,Young_Pre,1.1094581090490452,green
P19237,TNNI1,Young_Post,-1.3140779554048643,green
P19237,TNNI1,Old_Pre,-0.0010515556789637294,green
P19237,TNNI1,Old_Post,0.20567140203475856,green
P62807,H2BC4,Young_Pre,1.0543750164572034,green
P62807,H2BC4,Young_Post,-1.3262787520722796,green
P62807,H2BC4,Old_Pre,-0.0788878116650423,green
P62807,H2BC4,Old_Post,0.3507915472801047,green
P60520,GABARAPL2,Young_Pre,1.1250813142815186,green
P60520,GABARAPL2,Young_Post,-1.3099051188901236,green
P60520,GABARAPL2,Old_Pre,0.11751863830293964,green
P60520,GABARAPL2,Old_Post,0.06730516630575055,green
Q8TCD5,NT5C,Young_Pre,1.4186862757964664,green
Q8TCD5,NT5C,Young_Post,-0.06208113894977837,green
Q8TCD5,NT5C,Old_Pre,-0.5004171637464319,green
Q8TCD5,NT5C,Old_Post,-0.8561879731001995,green
Q9UKX3,MYH13,Young_Pre,1.008320891841686,green
Q9UKX3,MYH13,Young_Post,0.6739378994064386,green
Q9UKX3,MYH13,Old_Pre,-1.0799801507552191,green
Q9UKX3,MYH13,Old_Post,-0.6022786404928858,green
Q15370,ELOB,Young_Pre,1.0146564750504752,green
Q15370,ELOB,Young_Post,0.6727674633166671,green
Q15370,ELOB,Old_Pre,-1.0606870876343928,green
Q15370,ELOB,Old_Post,-0.626736850732643,green
P08590,MYL3,Young_Pre,1.047270784430785,green
P08590,MYL3,Young_Post,-1.358961296761788,green
P08590,MYL3,Old_Pre,0.0931052759189324,green
P08590,MYL3,Old_Post,0.21858523641204197,green
P60660,MYL6,Young_Pre,1.0947949488137947,green
P60660,MYL6,Young_Post,-0.37256507047106413,green
P60660,MYL6,Old_Pre,-1.1983160170884968,green
P60660,MYL6,Old_Post,0.4760861387457662,green
P20472,PVALB,Young_Pre,1.10906324299517,green
P20472,PVALB,Young_Post,0.5814429728193918,green
P20472,PVALB,Old_Pre,-0.8065416138637921,green
P20472,PVALB,Old_Post,-0.8839646019507648,green
Q6ZU65,UBN2,Young_Pre,0.6411062810402334,green
Q6ZU65,UBN2,Young_Post,-1.4603248297676592,green
Q6ZU65,UBN2,Old_Pre,0.16376927285329648,green
Q6ZU65,UBN2,Old_Post,0.6554492758741294,green
O15273,TCAP,Young_Pre,1.0696943236832104,green
O15273,TCAP,Young_Post,0.6309962194284386,green
O15273,TCAP,Old_Pre,-0.7747686110307699,green
O15273,TCAP,Old_Post,-0.925921932080879,green
O95376,ARIH2,Young_Pre,1.2321166361984586,green
O95376,ARIH2,Young_Post,-1.075084338758765,green
O95376,ARIH2,Old_Pre,-0.4745923333984213,green
O95376,ARIH2,Old_Post,0.31756003595866117,green
Q9UBF6,RNF7,Young_Pre,1.2055001713246305,green
Q9UBF6,RNF7,Young_Post,-0.8827725635331796,green
Q9UBF6,RNF7,Old_Pre,0.43671870863659595,green
Q9UBF6,RNF7,Old_Post,-0.7594463164280469,green
P03891,MT-ND2,Young_Pre,1.387413429503263,green
P03891,MT-ND2,Young_Post,0.054046288883926145,green
P03891,MT-ND2,Old_Pre,-0.8496870505895511,green
P03891,MT-ND2,Old_Post,-0.5917726677976087,green
Q8TAT6,NPLOC4,Young_Pre,0.8022367768365293,green
Q8TAT6,NPLOC4,Young_Post,0.9274750549007711,green
Q8TAT6,NPLOC4,Old_Pre,-0.8535717233474739,green
Q8TAT6,NPLOC4,Old_Post,-0.8761401083898465,green
O95671,ASMTL,Young_Pre,1.28878156171101,green
O95671,ASMTL,Young_Post,0.19557400284049614,green
O95671,ASMTL,Old_Pre,-0.4266328769142008,green
O95671,ASMTL,Old_Post,-1.0577226876372599,green
P35659,DEK,Young_Pre,1.213591492433976,green
P35659,DEK,Young_Post,0.16422286190728877,green
P35659,DEK,Old_Pre,-0.16400702304381942,green
P35659,DEK,Old_Post,-1.2138073312973354,green
O60925,PFDN1,Young_Pre,1.2768654208409835,green
O60925,PFDN1,Young_Post,-1.089857031530837,green
O60925,PFDN1,Old_Pre,0.19314914916560258,green
O60925,PFDN1,Old_Post,-0.3801575384757938,green
Q9NWV8,BABAM1,Young_Pre,0.9762964902492283,green
Q9NWV8,BABAM1,Young_Post,0.7283885618831794,green
Q9NWV8,BABAM1,Old_Pre,-1.0302746796571887,green
Q9NWV8,BABAM1,Old_Post,-0.6744103724751493,green
P07305,H1-0,Young_Pre,0.6198090307874078,green
P07305,H1-0,Young_Post,-1.4340483757524374,green
P07305,H1-0,Old_Pre,0.744646831324311,green
P07305,H1-0,Old_Post,0.06959251364071863,green
P51452,DUSP3,Young_Pre,1.064224891330652,green
P51452,DUSP3,Young_Post,0.6212963260770947,green
P51452,DUSP3,Old_Pre,-1.0172962335912743,green
P51452,DUSP3,Old_Post,-0.6682249838163593,green
Q5VST9,OBSCN,Young_Pre,0.6150512450360632,green
Q5VST9,OBSCN,Young_Post,1.084294063809401,green
Q5VST9,OBSCN,Old_Pre,-0.8823154929921582,green
Q5VST9,OBSCN,Old_Post,-0.8170298158533063,green
P07585,DCN,Young_Pre,1.169752915456828,green
P07585,DCN,Young_Post,-1.2481607976402311,green
P07585,DCN,Old_Pre,0.2272183581188502,green
P07585,DCN,Old_Post,-0.14881047593542368,green
P49207,RPL34,Young_Pre,0.7134871192756603,green
P49207,RPL34,Young_Post,1.0054209190172032,green
P49207,RPL34,Old_Pre,-0.822423733052531,green
P49207,RPL34,Old_Post,-0.8964843052403432,green
Q6P4A7,SFXN4,Young_Pre,1.3882455701419674,green
Q6P4A7,SFXN4,Young_Post,-0.08422594097324543,green
Q6P4A7,SFXN4,Old_Pre,-0.9802221172329078,green
Q6P4A7,SFXN4,Old_Post,-0.32379751193579437,green
Q9BYV2,TRIM54,Young_Pre,1.2196793283094534,green
Q9BYV2,TRIM54,Young_Post,0.39437747901224673,green
Q9BYV2,TRIM54,Old_Pre,-0.9717388336763821,green
Q9BYV2,TRIM54,Old_Post,-0.6423179736453045,green
Q92879,CELF1,Young_Pre,1.21921099538611,green
Q92879,CELF1,Young_Post,0.41738066390046075,green
Q92879,CELF1,Old_Pre,-0.811161388234313,green
Q92879,CELF1,Old_Post,-0.8254302710522577,green
P09417,QDPR,Young_Pre,1.1036307568220693,green
P09417,QDPR,Young_Post,-0.9381535880098966,green
P09417,QDPR,Old_Pre,0.5836605644534607,green
P09417,QDPR,Old_Post,-0.7491377332656335,green
Q15392,DHCR24,Young_Pre,1.0729967749063012,green
Q15392,DHCR24,Young_Post,0.591403233393736,green
Q15392,DHCR24,Old_Pre,-1.0707439652531168,green
Q15392,DHCR24,Old_Post,-0.5936560430469335,green
Q7L2H7,EIF3M,Young_Pre,1.020247732969324,green
Q7L2H7,EIF3M,Young_Post,0.6733329416944032,green
Q7L2H7,EIF3M,Old_Pre,-1.0360118506475475,green
Q7L2H7,EIF3M,Old_Post,-0.6575688240161325,green
P30566,ADSL,Young_Pre,1.225907939085307,green
P30566,ADSL,Young_Post,0.3246906426064141,green
P30566,ADSL,Old_Pre,-0.4674456480873653,green
P30566,ADSL,Old_Post,-1.0831529336043146,green
Q6IAN0,DHRS7B,Young_Pre,0.7827767515790782,green
Q6IAN0,DHRS7B,Young_Post,0.9371253341699035,green
Q6IAN0,DHRS7B,Old_Pre,-0.7374253864542603,green
Q6IAN0,DHRS7B,Old_Post,-0.9824766992947146,green
P45877,PPIC,Young_Pre,1.4873578476454439,green
P45877,PPIC,Young_Post,-0.36481980741036546,green
P45877,PPIC,Old_Pre,-0.450302098737565,green
P45877,PPIC,Old_Post,-0.6722359414975668,green
Q9BYD3,MRPL4,Young_Pre,1.2856013300006082,green
Q9BYD3,MRPL4,Young_Post,0.04507753394902172,green
Q9BYD3,MRPL4,Old_Pre,-1.144841317660681,green
Q9BYD3,MRPL4,Old_Post,-0.18583754628894875,green
Q86TX2,ACOT1,Young_Pre,0.40875188564506415,green
Q86TX2,ACOT1,Young_Post,-1.4963270570063982,green
Q86TX2,ACOT1,Old_Pre,0.5083097209523767,green
Q86TX2,ACOT1,Old_Post,0.5792654504089573,green
Q15149,PLEC,Young_Pre,0.6816204257542956,green
Q15149,PLEC,Young_Post,1.0252067331892434,green
Q15149,PLEC,Old_Pre,-0.7356951141310771,green
Q15149,PLEC,Old_Post,-0.9711320448124618,green
O95292,VAPB,Young_Pre,1.1004370078722532,green
O95292,VAPB,Young_Post,0.5647360350170038,green
O95292,VAPB,Old_Pre,-0.6280003891240217,green
O95292,VAPB,Old_Post,-1.0371726537652801,green
P0DP23,CALM1,Young_Pre,0.10399818470394182,green
P0DP23,CALM1,Young_Post,1.251991275345324,green
P0DP23,CALM1,Old_Pre,-1.1791676124490256,green
P0DP23,CALM1,Old_Post,-0.17682184760017283,green
Q08209,PPP3CA,Young_Pre,1.4635659050273049,green
Q08209,PPP3CA,Young_Post,-0.7932555276839023,green
Q08209,PPP3CA,Old_Pre,-0.2900857508379429,green
Q08209,PPP3CA,Old_Post,-0.38022462650560485,green
P46019,PHKA2,Young_Pre,0.5381114084392079,green
P46019,PHKA2,Young_Post,0.7498372642406952,green
P46019,PHKA2,Old_Pre,-1.4560009053432783,green
P46019,PHKA2,Old_Post,0.16805223266340724,green
Q8NB12,SMYD1,Young_Pre,-0.07272059376080661,green
Q8NB12,SMYD1,Young_Post,-1.3773130288138187,green
Q8NB12,SMYD1,Old_Pre,0.5726656009144523,green
Q8NB12,SMYD1,Old_Post,0.8773680216602778,green
O95425,SVIL,Young_Pre,0.6721698502093201,green
O95425,SVIL,Young_Post,1.0202965638569692,green
O95425,SVIL,Old_Pre,-0.6526339651957352,green
O95425,SVIL,Old_Post,-1.0398324488705541,green
P49755,TMED10,Young_Pre,0.9145965503563259,green
P49755,TMED10,Young_Post,0.7435447185683635,green
P49755,TMED10,Old_Pre,-0.4856043568529176,green
P49755,TMED10,Old_Post,-1.1725369120717977,green
P35555,FBN1,Young_Pre,0.002217842346509868,green
P35555,FBN1,Young_Post,-1.3718480767914842,green
P35555,FBN1,Old_Pre,0.9848854804924492,green
P35555,FBN1,Old_Post,0.3847447539525253,green
P21695,GPD1,Young_Pre,0.9873823948317743,green
P21695,GPD1,Young_Post,0.7057959971717247,green
P21695,GPD1,Old_Pre,-0.630369997988278,green
P21695,GPD1,Old_Post,-1.0628083940150734,green
Q16576,RBBP7,Young_Pre,1.4656231123377654,green
Q16576,RBBP7,Young_Post,-0.230154052234379,green
Q16576,RBBP7,Old_Pre,-0.7514994462013453,green
Q16576,RBBP7,Old_Post,-0.48396961390207904,green
Q9BXI3,NT5C1A,Young_Pre,0.5423989982290566,green
Q9BXI3,NT5C1A,Young_Post,1.0573636800265156,green
Q9BXI3,NT5C1A,Old_Pre,-1.1924148163696566,green
Q9BXI3,NT5C1A,Old_Post,-0.4073478618859049,green
P19075,TSPAN8,Young_Pre,1.1221350352727544,green
P19075,TSPAN8,Young_Post,-0.5564213881363802,green
P19075,TSPAN8,Old_Pre,0.5143859989644555,green
P19075,TSPAN8,Old_Post,-1.0800996461008296,green
P07741,APRT,Young_Pre,-0.2717686026796668,green
P07741,APRT,Young_Post,1.0792615687147333,green
P07741,APRT,Old_Pre,-1.2508928245060578,green
P07741,APRT,Old_Post,0.4433998584711223,green
Q9UI30,TRMT112,Young_Pre,1.3630299936515693,green
Q9UI30,TRMT112,Young_Post,-0.07212099266062033,green
Q9UI30,TRMT112,Old_Pre,-1.0351497496351756,green
Q9UI30,TRMT112,Old_Post,-0.25575925135580957,green
P55039,DRG2,Young_Pre,0.8710947331408748,green
P55039,DRG2,Young_Post,0.6805783032562711,green
P55039,DRG2,Old_Pre,-1.311636169696248,green
P55039,DRG2,Old_Post,-0.24003686670092717,green
P50895,BCAM,Young_Pre,1.1552202968397873,green
P50895,BCAM,Young_Post,-1.1705755040308077,green
P50895,BCAM,Old_Pre,0.3918007374591677,green
P50895,BCAM,Old_Post,-0.3764455302681474,green
P48147,PREP,Young_Pre,1.3021884082352158,green
P48147,PREP,Young_Post,0.18031075770879085,green
P48147,PREP,Old_Pre,-0.447233008949333,green
P48147,PREP,Old_Post,-1.0352661569946362,green
Q13683,ITGA7,Young_Pre,0.06690243893104264,green
Q13683,ITGA7,Young_Post,-1.0349286445198014,green
Q13683,ITGA7,Old_Pre,1.3372157156197715,green
Q13683,ITGA7,Old_Post,-0.3691895100310785,green
O75339,CILP,Young_Pre,0.9877956595173385,green
O75339,CILP,Young_Post,-0.6520633271929274,green
O75339,CILP,Old_Pre,-1.0461357867471517,green
O75339,CILP,Old_Post,0.7104034544227058,green
Q13698,CACNA1S,Young_Pre,1.0045931727556208,green
Q13698,CACNA1S,Young_Post,0.5849283695744326,green
Q13698,CACNA1S,Old_Pre,-0.35580633562864006,green
Q13698,CACNA1S,Old_Post,-1.2337152067014134,green
P51888,PRELP,Young_Pre,1.3399865432307874,green
P51888,PRELP,Young_Post,-0.9690699600113937,green
P51888,PRELP,Old_Pre,0.128030081946836,green
P51888,PRELP,Old_Post,-0.49894666516633646,green
Q9NPF4,OSGEP,Young_Pre,0.3642379500674153,green
Q9NPF4,OSGEP,Young_Post,1.2000275836054568,green
Q9NPF4,OSGEP,Old_Pre,-1.1013514884038542,green
Q9NPF4,OSGEP,Old_Post,-0.4629140452690442,green
P05783,KRT18,Young_Pre,0.9733062390866927,green
P05783,KRT18,Young_Post,-0.8459700889477211,green
P05783,KRT18,Old_Pre,-0.8788068135657409,green
P05783,KRT18,Old_Post,0.7514706634268115,green
P98179,RBM3,Young_Pre,1.4935894013954674,green
P98179,RBM3,Young_Post,-0.3678981510209189,green
P98179,RBM3,Old_Pre,-0.5516372593477837,green
P98179,RBM3,Old_Post,-0.5740539910267883,green
Q9NY65,TUBA8,Young_Pre,1.3784540978409232,green
Q9NY65,TUBA8,Young_Post,-0.35421148105837247,green
Q9NY65,TUBA8,Old_Pre,-0.9863902499293129,green
Q9NY65,TUBA8,Old_Post,-0.03785236685319912,green
P35754,GLRX,Young_Pre,1.2958981492336312,green
P35754,GLRX,Young_Post,-0.06686710594079481,green
P35754,GLRX,Old_Pre,-0.08493166413791757,green
P35754,GLRX,Old_Post,-1.1440993791549385,green
Q5D862,FLG2,Young_Pre,1.4731754448329057,green
Q5D862,FLG2,Young_Post,-0.3161091155943311,green
Q5D862,FLG2,Old_Pre,-0.7523547551233669,green
Q5D862,FLG2,Old_Post,-0.40471157411519476,green
Q9H8S9,MOB1A,Young_Pre,0.756035877122298,green
Q9H8S9,MOB1A,Young_Post,-1.3534899246236218,green
Q9H8S9,MOB1A,Old_Pre,0.7558917134459399,green
Q9H8S9,MOB1A,Old_Post,-0.15843766594475198,green
O60256,PRPSAP2,Young_Pre,1.2617676210740156,green
O60256,PRPSAP2,Young_Post,0.33202029892675244,green
O60256,PRPSAP2,Old_Pre,-0.6793673150650588,green
O60256,PRPSAP2,Old_Post,-0.9144206049357716,green
Q709C8,VPS13C,Young_Pre,0.41952761093130403,green
Q709C8,VPS13C,Young_Post,1.2140875194208407,green
Q709C8,VPS13C,Old_Pre,-0.9052351677532504,green
Q709C8,VPS13C,Old_Post,-0.7283799625988943,green
Q9UDY4,DNAJB4,Young_Pre,-0.15954742313172443,green
Q9UDY4,DNAJB4,Young_Post,1.1815439201443714,green
Q9UDY4,DNAJB4,Old_Pre,-1.2377238379101936,green
Q9UDY4,DNAJB4,Old_Post,0.21572734089762366,green
Q9BZQ8,NIBAN1,Young_Pre,0.652514249424141,green
Q9BZQ8,NIBAN1,Young_Post,-1.4559399996234692,green
Q9BZQ8,NIBAN1,Old_Pre,0.6583423782293478,green
Q9BZQ8,NIBAN1,Old_Post,0.1450833719700128,green
P34949,MPI,Young_Pre,1.0555438453015635,green
P34949,MPI,Young_Post,0.4288023765474601,green
P34949,MPI,Old_Pre,-0.19430731560834263,green
P34949,MPI,Old_Post,-1.2900389062405517,green
P63098,PPP3R1,Young_Pre,1.1612228180799755,green
P63098,PPP3R1,Young_Post,-0.7740568506521278,green
P63098,PPP3R1,Old_Pre,0.5055052852341897,green
P63098,PPP3R1,Old_Post,-0.8926712526620373,green
P48507,GCLM,Young_Pre,0.9320165344920414,green
P48507,GCLM,Young_Post,0.7671900299200229,green
P48507,GCLM,Old_Pre,-1.0722163581407527,green
P48507,GCLM,Old_Post,-0.6269902062713116,green
P51571,SSR4,Young_Pre,1.0283463813754954,green
P51571,SSR4,Young_Post,0.5433975736050942,green
P51571,SSR4,Old_Pre,-1.2397625297730073,green
P51571,SSR4,Old_Post,-0.33198142520757556,green
P21810,BGN,Young_Pre,-0.2853218091327407,green
P21810,BGN,Young_Post,-1.2899524350195606,green
P21810,BGN,Old_Pre,0.8709128942895443,green
P21810,BGN,Old_Post,0.7043613498627924,green
Q9BXW6,OSBPL1A,Young_Pre,0.784033182808281,green
Q9BXW6,OSBPL1A,Young_Post,0.8479080679991292,green
Q9BXW6,OSBPL1A,Old_Pre,-1.2250719291379364,green
Q9BXW6,OSBPL1A,Old_Post,-0.40686932166944684,green
P68036,UBE2L3,Young_Pre,0.48014258135738397,green
P68036,UBE2L3,Young_Post,0.7090222503766762,green
P68036,UBE2L3,Old_Pre,0.2885070619101497,green
P68036,UBE2L3,Old_Post,-1.477671893644267,green
Q13508,ART3,Young_Pre,0.5005022189577389,green
Q13508,ART3,Young_Post,-1.3589483654016914,green
Q13508,ART3,Old_Pre,0.9460847451508471,green
Q13508,ART3,Old_Post,-0.08763859870689467,green
P22626,HNRNPA2B1,Young_Pre,0.256134612770172,green
P22626,HNRNPA2B1,Young_Post,-1.4787127510404439,green
P22626,HNRNPA2B1,Old_Pre,0.5962058340167231,green
P22626,HNRNPA2B1,Old_Post,0.6263723042535486,green
P35573,AGL,Young_Pre,0.6951708957412667,green
P35573,AGL,Young_Post,1.0049783797923155,green
P35573,AGL,Old_Pre,-1.0254344141058978,green
P35573,AGL,Old_Post,-0.6747148614278412,green
Q15111,PLCL1,Young_Pre,1.4062233492577048,green
Q15111,PLCL1,Young_Post,-0.03787482048475299,green
Q15111,PLCL1,Old_Pre,-0.4781250689523024,green
Q15111,PLCL1,Old_Post,-0.8902234598206495,green
O43760,SYNGR2,Young_Pre,1.0194479121855102,green
O43760,SYNGR2,Young_Post,0.22323289730892987,green
O43760,SYNGR2,Old_Pre,0.13323405505008415,green
O43760,SYNGR2,Old_Post,-1.3759148645445243,green
Q93100,PHKB,Young_Pre,0.47930181148453715,green
Q93100,PHKB,Young_Post,1.0518080995959125,green
Q93100,PHKB,Old_Pre,-1.2614484497643759,green
Q93100,PHKB,Old_Post,-0.26966146131608926,green
Q9NWV4,CZIB,Young_Pre,0.6260240895946263,green
Q9NWV4,CZIB,Young_Post,-1.3540885737538784,green
Q9NWV4,CZIB,Old_Pre,0.8687594095321817,green
Q9NWV4,CZIB,Old_Post,-0.14069492537295517,green
Q99417,MYCBP,Young_Pre,0.9779976761284843,green
Q99417,MYCBP,Young_Post,-0.25732626031254463,green
Q99417,MYCBP,Old_Pre,-1.2870557563728897,green
Q99417,MYCBP,Old_Post,0.5663843405570588,green
O00423,EML1,Young_Pre,1.2509971859117521,green
O00423,EML1,Young_Post,0.021180403655587626,green
O00423,EML1,Old_Pre,-0.07691998232939408,green
O00423,EML1,Old_Post,-1.1952576072379997,green
Q9BRT3,MIEN1,Young_Pre,0.597518444687495,green
Q9BRT3,MIEN1,Young_Post,0.6566350384887283,green
Q9BRT3,MIEN1,Old_Pre,-1.4712780371348664,green
Q9BRT3,MIEN1,Old_Post,0.21712455395859517,green
Q02641,CACNB1,Young_Pre,1.1469466034834324,green
Q02641,CACNB1,Young_Post,-0.5049805433658572,green
Q02641,CACNB1,Old_Pre,0.4611448138418571,green
Q02641,CACNB1,Old_Post,-1.1031108739589597,green
P51884,LUM,Young_Pre,-0.38169560261264485,green
P51884,LUM,Young_Post,-1.1646922094397816,green
P51884,LUM,Old_Pre,0.3845148021472185,green
P51884,LUM,Old_Post,1.161873009905186,green
P56537,EIF6,Young_Pre,0.5220936361484089,green
P56537,EIF6,Young_Post,-1.454854210323763,green
P56537,EIF6,Old_Pre,0.16990405074785317,green
P56537,EIF6,Old_Post,0.7628565234275864,green
Q5JWF2,GNAS,Young_Pre,1.1721845974116694,green
Q5JWF2,GNAS,Young_Post,-0.8695517255917885,green
Q5JWF2,GNAS,Old_Pre,0.4905829871145155,green
Q5JWF2,GNAS,Old_Post,-0.7932158589343667,green
Q969Z3,MTARC2,Young_Pre,-0.33000937039045486,green
Q969Z3,MTARC2,Young_Post,-1.2119623720520252,green
Q969Z3,MTARC2,Old_Pre,0.42937015368235765,green
Q969Z3,MTARC2,Old_Post,1.1126015887600165,green
P51991,HNRNPA3,Young_Pre,-0.6824683887443157,green
P51991,HNRNPA3,Young_Post,-0.953292312485709,green
P51991,HNRNPA3,Old_Pre,0.4386613311314394,green
P51991,HNRNPA3,Old_Post,1.1970993700985648,green
P39060,COL18A1,Young_Pre,0.027331823280490077,green
P39060,COL18A1,Young_Post,-1.4199801606569253,green
P39060,COL18A1,Old_Pre,0.7774864104581725,green
P39060,COL18A1,Old_Post,0.6151619269182416,green
Q9H0W9,C11orf54,Young_Pre,0.21803513509588288,green
Q9H0W9,C11orf54,Young_Post,-1.0961051151902281,green
Q9H0W9,C11orf54,Old_Pre,1.265325136226475,green
Q9H0W9,C11orf54,Old_Post,-0.387255156132218,green
Q6IQ26,DENND5A,Young_Pre,-0.07833020485560609,green
Q6IQ26,DENND5A,Young_Post,-1.3377369288350398,green
Q6IQ26,DENND5A,Old_Pre,1.025603421112737,green
Q6IQ26,DENND5A,Old_Post,0.39046371257790896,green
P62750,RPL23A,Young_Pre,0.8252297372053842,black
P62750,RPL23A,Young_Post,0.7875018098407954,black
P62750,RPL23A,Old_Pre,-1.252675788484905,black
P62750,RPL23A,Old_Post,-0.3600557585612621,black
P18621,RPL17,Young_Pre,0.7187632708487358,black
P18621,RPL17,Young_Post,0.959620715575388,black
P18621,RPL17,Old_Pre,-1.116699686596298,black
P18621,RPL17,Old_Post,-0.5616842998278817,black
P61513,RPL37A,Young_Pre,0.416617557024479,black
P61513,RPL37A,Young_Post,1.030887945245415,black
P61513,RPL37A,Old_Pre,-1.3221104058765873,black
P61513,RPL37A,Old_Post,-0.12539509639330654,black
P35268,RPL22,Young_Pre,0.7479727318906401,black
P35268,RPL22,Young_Post,0.6381736618867676,black
P35268,RPL22,Old_Pre,-1.4253881076788057,black
P35268,RPL22,Old_Post,0.03924171390139806,black
P84098,RPL19,Young_Pre,0.7852505843559103,black
P84098,RPL19,Young_Post,0.7990857223079354,black
P84098,RPL19,Old_Pre,-1.2870331661716308,black
P84098,RPL19,Old_Post,-0.2973031404922149,black
P46777,RPL5,Young_Pre,0.8926459149355614,black
P46777,RPL5,Young_Post,0.7642496453887824,black
P46777,RPL5,Old_Pre,-1.179485029724628,black
P46777,RPL5,Old_Post,-0.47741053059967997,black
P46779,RPL28,Young_Pre,0.49090657662213805,black
P46779,RPL28,Young_Post,1.1439210053641404,black
P46779,RPL28,Old_Pre,-1.0562912230626962,black
P46779,RPL28,Old_Post,-0.5785363589235694,black
Q92614,MYO18A,Young_Pre,0.34289684316734836,black
Q92614,MYO18A,Young_Post,1.1729542721593333,black
Q92614,MYO18A,Old_Pre,-1.1808308239171748,black
Q92614,MYO18A,Old_Post,-0.3350202914095226,black
O75569,PRKRA,Young_Pre,-0.21667870579551934,black
O75569,PRKRA,Young_Post,1.3564626831972832,black
O75569,PRKRA,Old_Pre,-1.0512990773364375,black
O75569,PRKRA,Old_Post,-0.08848490006527289,black
Q9UQ80,PA2G4,Young_Pre,0.219542902540773,black
Q9UQ80,PA2G4,Young_Post,0.7411123801573162,black
Q9UQ80,PA2G4,Old_Pre,-1.4654987097005165,black
Q9UQ80,PA2G4,Old_Post,0.5048434270025229,black
P62906,RPL10A,Young_Pre,0.37435820275588694,black
P62906,RPL10A,Young_Post,1.201921045479746,black
P62906,RPL10A,Old_Pre,-1.0821749980552289,black
P62906,RPL10A,Old_Post,-0.49410425018048876,black
P05387,RPLP2,Young_Pre,0.4220870151975044,black
P05387,RPLP2,Young_Post,0.8814363512691314,black
P05387,RPLP2,Old_Pre,-1.424848329994465,black
P05387,RPLP2,Old_Post,0.12132496352773477,black
P05388,RPLP0,Young_Pre,0.567991116776365,black
P05388,RPLP0,Young_Post,0.9900174228002865,black
P05388,RPLP0,Old_Pre,-1.2707136804762498,black
P05388,RPLP0,Old_Post,-0.28729485910040176,black
P62269,RPS18,Young_Pre,0.5156293801922773,black
P62269,RPS18,Young_Post,0.5491445296725962,black
P62269,RPS18,Old_Pre,-1.4982272337178832,black
P62269,RPS18,Old_Post,0.43345332385304175,black
Q14444,CAPRIN1,Young_Pre,1.1973834999300623,black
Q14444,CAPRIN1,Young_Post,0.40450979954082383,black
Q14444,CAPRIN1,Old_Pre,-1.0455008407911435,black
Q14444,CAPRIN1,Old_Post,-0.5563924586797426,black
P18124,RPL7,Young_Pre,-0.20327531839335006,black
P18124,RPL7,Young_Post,1.2387024612489712,black
P18124,RPL7,Old_Pre,-1.1841371129337905,black
P18124,RPL7,Old_Post,0.1487099700781695,black
P40429,RPL13A,Young_Pre,-0.0793477732122212,black
P40429,RPL13A,Young_Post,1.378722864969322,black
P40429,RPL13A,Old_Pre,-1.0022775187632291,black
P40429,RPL13A,Old_Post,-0.29709757299391043,black
P27635,RPL10,Young_Pre,0.5499514191463887,black
P27635,RPL10,Young_Post,0.8997165696770474,black
P27635,RPL10,Old_Pre,-1.3718637046715147,black
P27635,RPL10,Old_Post,-0.07780428415188224,black
P63244,RACK1,Young_Pre,0.5699195013501737,black
P63244,RACK1,Young_Post,0.3232392204162437,black
P63244,RACK1,Old_Pre,-1.4886546741959537,black
P63244,RACK1,Old_Post,0.5954959524295763,black
P62424,RPL7A,Young_Pre,0.8287100886641589,black
P62424,RPL7A,Young_Post,0.8847832873214699,black
P62424,RPL7A,Old_Pre,-1.0333371020156634,black
P62424,RPL7A,Old_Post,-0.6801562739699792,black
Q86TC9,MYPN,Young_Pre,0.793566224906177,black
Q86TC9,MYPN,Young_Post,0.9155386126334975,black
Q86TC9,MYPN,Old_Pre,-1.0436582391648044,black
Q86TC9,MYPN,Old_Post,-0.6654465983748884,black
P61247,RPS3A,Young_Pre,0.6982608240552232,black
P61247,RPS3A,Young_Post,0.7600248858120593,black
P61247,RPS3A,Old_Pre,-1.3892547351231022,black
P61247,RPS3A,Old_Post,-0.06903097474414539,black
P50914,RPL14,Young_Pre,0.5819335752194185,black
P50914,RPL14,Young_Post,1.055441208182164,black
P50914,RPL14,Old_Pre,-1.1403231168959596,black
P50914,RPL14,Old_Post,-0.49705166650560867,black
Q02878,RPL6,Young_Pre,0.31373598681863546,black
Q02878,RPL6,Young_Post,1.162057587415541,black
Q02878,RPL6,Old_Pre,-1.2186298509006568,black
Q02878,RPL6,Old_Post,-0.2571637233335069,black
P26373,RPL13,Young_Pre,0.14112287920434152,black
P26373,RPL13,Young_Post,1.3000498532178153,black
P26373,RPL13,Old_Pre,-1.0751743593628433,black
P26373,RPL13,Old_Post,-0.3659983730593801,black
P36578,RPL4,Young_Pre,0.2508829157233256,black
P36578,RPL4,Young_Post,1.105624067779291,black
P36578,RPL4,Old_Pre,-1.3085699143517575,black
P36578,RPL4,Old_Post,-0.047937069150811806,black
P30050,RPL12,Young_Pre,0.16683274767174952,black
P30050,RPL12,Young_Post,0.937153409277384,black
P30050,RPL12,Old_Pre,-1.4135375069332503,black
P30050,RPL12,Old_Post,0.3095513499841359,black
Q9Y3I0,RTCB,Young_Pre,-0.1437273723459072,black
Q9Y3I0,RTCB,Young_Post,1.3651616629237828,black
Q9Y3I0,RTCB,Old_Pre,-1.0406736625217705,black
Q9Y3I0,RTCB,Old_Post,-0.180760628056105,black
P47914,RPL29,Young_Pre,0.39331506958673124,black
P47914,RPL29,Young_Post,1.1784569732662433,black
P47914,RPL29,Old_Pre,-1.1185335382134076,black
P47914,RPL29,Old_Post,-0.4532385046396051,black
Q13061,TRDN,Young_Pre,0.733591817964489,black
Q13061,TRDN,Young_Post,0.9543669478626051,black
Q13061,TRDN,Old_Pre,-1.0953997240524445,black
Q13061,TRDN,Old_Post,-0.5925590417745734,black
P62913,RPL11,Young_Pre,0.6598498790319404,black
P62913,RPL11,Young_Post,0.9269001739216732,black
P62913,RPL11,Old_Pre,-1.2659035121003566,black
P62913,RPL11,Old_Post,-0.32084654085323766,black
Q92901,RPL3L,Young_Pre,-0.05664052950514636,black
Q92901,RPL3L,Young_Post,1.2781747218261523,black
Q92901,RPL3L,Old_Pre,-1.166189610737174,black
Q92901,RPL3L,Old_Post,-0.0553445815838567,black
P42766,RPL35,Young_Pre,0.9833422885710785,black
P42766,RPL35,Young_Post,0.5907902077669509,black
P42766,RPL35,Old_Pre,-1.25879621112493,black
P42766,RPL35,Old_Post,-0.31533628521309937,black
Q969Q0,RPL36AL,Young_Pre,0.5004561963753619,black
Q969Q0,RPL36AL,Young_Post,1.0533467025562941,black
Q969Q0,RPL36AL,Old_Pre,-1.2421178482304576,black
Q969Q0,RPL36AL,Old_Post,-0.31168505070122476,black
P62910,RPL32,Young_Pre,0.7631599430885707,black
P62910,RPL32,Young_Post,0.5962127037950767,black
P62910,RPL32,Old_Pre,-1.4340636549380334,black
P62910,RPL32,Old_Post,0.07469100805439746,black
P62888,RPL30,Young_Pre,0.5954828720412173,black
P62888,RPL30,Young_Post,1.0828990553011784,black
P62888,RPL30,Old_Pre,-1.018421036647985,black
P62888,RPL30,Old_Post,-0.6599608906944426,black
P62917,RPL8,Young_Pre,-0.7605936735649012,black
P62917,RPL8,Young_Post,0.7322852157569719,black
P62917,RPL8,Old_Pre,-0.9566328080214941,black
P62917,RPL8,Old_Post,0.98494126582945285,black
Q9UBF9,MYOT,Young_Pre,0.9501735626139538,black
Q9UBF9,MYOT,Young_Post,0.37311941852073593,black
Q9UBF9,MYOT,Old_Pre,-1.3973094376674757,black
Q9UBF9,MYOT,Old_Post,0.07401645653270006,black
Q02543,RPL18A,Young_Pre,0.9312832098782411,black
Q02543,RPL18A,Young_Post,0.6623332590424909,black
Q02543,RPL18A,Old_Pre,-1.2573619837434298,black
Q02543,RPL18A,Old_Post,-0.3362544851772536,black
P61313,RPL15,Young_Pre,-1.1021424779932438,black
P61313,RPL15,Young_Post,1.0198509587120905,black
P61313,RPL15,Old_Pre,-0.5678698531084487,black
P61313,RPL15,Old_Post,0.6501613723896019,black
P62701,RPS4X,Young_Pre,-0.04359973530317182,black
P62701,RPS4X,Young_Post,0.9320023039717747,black
P62701,RPS4X,Old_Pre,-1.3755554614507235,black
P62701,RPS4X,Old_Post,0.48715289278201346,black
Q07020,RPL18,Young_Pre,-1.0962182827940075,black
Q07020,RPL18,Young_Post,0.2133155501359931,black
Q07020,RPL18,Old_Pre,-0.38409188961549134,black
Q07020,RPL18,Old_Post,1.2669946222734876,black
P61254,RPL26,Young_Pre,0.5987511941471101,black
P61254,RPL26,Young_Post,1.0902843509259912,black
P61254,RPL26,Old_Pre,-0.9593143434199309,black
P61254,RPL26,Old_Post,-0.7297212016531294,black
P63220,RPS21,Young_Pre,0.6242006824443678,black
P63220,RPS21,Young_Post,0.2817915149451044,black
P63220,RPS21,Old_Pre,-1.4826941416363684,black
P63220,RPS21,Old_Post,0.5767019442468712,black
Q9Y3U8,RPL36,Young_Pre,0.4932441322901573,black
Q9Y3U8,RPL36,Young_Post,1.1328891132429226,black
Q9Y3U8,RPL36,Old_Pre,-1.0879464300851533,black
Q9Y3U8,RPL36,Old_Post,-0.5381868154479126,black
P05386,RPLP1,Young_Pre,0.9076355493622185,black
P05386,RPLP1,Young_Post,0.8232211614245958,black
P05386,RPLP1,Old_Pre,-0.8823421408771687,black
P05386,RPLP1,Old_Post,-0.8485145699096618,black
P62241,RPS8,Young_Pre,-0.027069753443112618,black
P62241,RPS8,Young_Post,1.2753858525388808,black
P62241,RPS8,Old_Pre,-1.1689110274935575,black
P62241,RPS8,Old_Post,-0.07940507160223888,black
P60866,RPS20,Young_Pre,0.5721016237789023,black
P60866,RPS20,Young_Post,0.9433000978820758,black
P60866,RPS20,Old_Pre,-1.3210229127682314,black
P60866,RPS20,Old_Post,-0.19437880889270542,black
P62851,RPS25,Young_Pre,0.6240085881245092,black
P62851,RPS25,Young_Post,0.8736489586619793,black
P62851,RPS25,Old_Pre,-1.3512662038590337,black
P62851,RPS25,Old_Post,-0.1463913429274143,black
Q9BRX2,PELO,Young_Pre,-0.7166110296344235,black
Q9BRX2,PELO,Young_Post,1.2205489609325102,black
Q9BRX2,PELO,Old_Pre,-0.9114203083849236,black
Q9BRX2,PELO,Old_Post,0.4074823770869023,black
P46782,RPS5,Young_Pre,1.2109061328197182,black
P46782,RPS5,Young_Post,0.2050683210640561,black
P46782,RPS5,Old_Pre,-1.2025382830371447,black
P46782,RPS5,Old_Post,-0.21343617084655409,black
P62753,RPS6,Young_Pre,-0.5808304138696072,black
P62753,RPS6,Young_Post,1.037005441286641,black
P62753,RPS6,Old_Pre,-1.089251817789471,black
P62753,RPS6,Old_Post,0.6330767903724576,black
P51114,FXR1,Young_Pre,0.22496855301284538,black
P51114,FXR1,Young_Post,1.1731773561092202,black
P51114,FXR1,Old_Pre,-1.2448009315195572,black
P51114,FXR1,Old_Post,-0.15334497760255847,black
P08865,RPSA,Young_Pre,0.10512828122571198,black
P08865,RPSA,Young_Post,0.11300438839279962,black
P08865,RPSA,Old_Pre,-1.3240533968623973,black
P08865,RPSA,Old_Post,1.1059207272438856,black
Q0ZGT2,NEXN,Young_Pre,1.2482501274378044,black
Q0ZGT2,NEXN,Young_Post,-0.04423251014495117,black
Q0ZGT2,NEXN,Old_Pre,-1.1999577583996655,black
Q0ZGT2,NEXN,Old_Post,-0.004059858893172485,black
P62249,RPS16,Young_Pre,0.06634050114631386,black
P62249,RPS16,Young_Post,0.8529190987249207,black
P62249,RPS16,Old_Pre,-1.4202568979711037,black
P62249,RPS16,Old_Post,0.5009972980999233,black
P83731,RPL24,Young_Pre,1.0874697154040165,black
P83731,RPL24,Young_Post,0.31690330582883947,black
P83731,RPL24,Old_Pre,-1.306690489697835,black
P83731,RPL24,Old_Post,-0.09768253153503366,black
O15371,EIF3D,Young_Pre,0.6458086804804906,black
O15371,EIF3D,Young_Post,1.0592595718715199,black
O15371,EIF3D,Old_Pre,-0.9128310374787145,black
O15371,EIF3D,Old_Post,-0.7922372148732639,black
O94905,ERLIN2,Young_Pre,1.4143115425866857,black
O94905,ERLIN2,Young_Post,-0.15474104046984255,black
O94905,ERLIN2,Old_Pre,-0.3276932567926498,black
O94905,ERLIN2,Old_Post,-0.9318772453241932,black
Q8N4V1,MMGT1,Young_Pre,0.25495713641703943,black
Q8N4V1,MMGT1,Young_Post,1.3011999532894754,black
Q8N4V1,MMGT1,Old_Pre,-0.902704176702425,black
Q8N4V1,MMGT1,Old_Post,-0.653452913004057,black
P46776,RPL27A,Young_Pre,0.7601645912851801,black
P46776,RPL27A,Young_Post,0.965721116273047,black
P46776,RPL27A,Old_Pre,-0.8727352478602282,black
P46776,RPL27A,Old_Post,-0.8531504596980071,black
P08708,RPS17,Young_Pre,0.04168375619439288,black
P08708,RPS17,Young_Post,0.9505712289583267,black
P08708,RPS17,Old_Pre,-1.3912229694295197,black
P08708,RPS17,Old_Post,0.39896798427680025,black
P39019,RPS19,Young_Pre,0.5471800211301047,black
P39019,RPS19,Young_Post,0.9543833630195269,black
P39019,RPS19,Old_Pre,-1.3262815281122189,black
P39019,RPS19,Old_Post,-0.17528185603739407,black
P23396,RPS3,Young_Pre,0.37483335897171227,black
P23396,RPS3,Young_Post,1.1604747326759512,black
P23396,RPS3,Old_Pre,-1.176440591396996,black
P23396,RPS3,Old_Post,-0.3588675002506489,black
P39023,RPL3,Young_Pre,0.5440608542111057,black
P39023,RPL3,Young_Post,1.1319768935358903,black
P39023,RPL3,Old_Pre,-0.7429535450740526,black
P39023,RPL3,Old_Post,-0.93308420267295,black
P62829,RPL23,Young_Pre,0.999198306316247,black
P62829,RPL23,Young_Post,0.38278525120696916,black
P62829,RPL23,Old_Pre,-1.3618639422476553,black
P62829,RPL23,Old_Post,-0.020119615275541295,black
O75112,LDB3,Young_Pre,0.5546402651859746,black
O75112,LDB3,Young_Post,-1.4631953396258721,black
O75112,LDB3,Old_Pre,0.1909361117980207,black
O75112,LDB3,Old_Post,0.7176189626417447,black
Q96QR8,PURB,Young_Pre,-1.1996196639051973,black
Q96QR8,PURB,Young_Post,1.1622218255088452,black
Q96QR8,PURB,Old_Pre,-0.30491643204805863,black
Q96QR8,PURB,Old_Post,0.3423142704444995,black
Q9P0L0,VAPA,Young_Pre,0.07908711589761826,black
Q9P0L0,VAPA,Young_Post,1.3502576523157923,black
Q9P0L0,VAPA,Old_Pre,-0.9876524815973532,black
Q9P0L0,VAPA,Old_Post,-0.4416922866161818,black
O00571,DDX3X,Young_Pre,0.6689462716743474,black
O00571,DDX3X,Young_Post,1.028430898584807,black
O00571,DDX3X,Old_Pre,-1.0134553041454695,black
O00571,DDX3X,Old_Post,-0.683921866113704,black
P55884,EIF3B,Young_Pre,0.804811844155699,black
P55884,EIF3B,Young_Post,0.9005458438741428,black
P55884,EIF3B,Old_Pre,-1.0614522337542776,black
P55884,EIF3B,Old_Post,-0.6439054542755209,black
P68400,CSNK2A1,Young_Pre,0.04453573567475145,black
P68400,CSNK2A1,Young_Post,1.3393879420758157,black
P68400,CSNK2A1,Old_Pre,-1.0429847269826489,black
P68400,CSNK2A1,Old_Post,-0.34093895076794833,black
P62899,RPL31,Young_Pre,1.4161869545592836,black
P62899,RPL31,Young_Post,-0.20352506905118276,black
P62899,RPL31,Old_Pre,-0.9362685366424783,black
P62899,RPL31,Old_Post,-0.27639334886564265,black
P62244,RPS15A,Young_Pre,-0.1815328349022665,black
P62244,RPS15A,Young_Post,1.0548825872240364,black
P62244,RPS15A,Old_Pre,-1.2948411368830122,black
P62244,RPS15A,Old_Post,0.4214913845612724,black
Q14847,LASP1,Young_Pre,1.3683049479687002,black
Q14847,LASP1,Young_Post,-0.6408642618172086,black
Q14847,LASP1,Old_Pre,-0.8393512879035534,black
Q14847,LASP1,Old_Post,0.11191060175203522,black
P18077,RPL35A,Young_Pre,0.9280964106721807,black
P18077,RPL35A,Young_Post,0.8007687107377272,black
P18077,RPL35A,Old_Pre,-0.8262277155475309,black
P18077,RPL35A,Old_Post,-0.902637405862377,black
Q8WX93,PALLD,Young_Pre,-0.6579218184649969,black
Q8WX93,PALLD,Young_Post,1.4809113670168694,black
Q8WX93,PALLD,Old_Pre,-0.5445070017498252,black
Q8WX93,PALLD,Old_Post,-0.27848254680204737,black
A6NCE7,MAP1LC3B2,Young_Pre,1.2033667014950824,black
A6NCE7,MAP1LC3B2,Young_Post,0.4415242113929933,black
A6NCE7,MAP1LC3B2,Old_Pre,-0.7769927621577953,black
A6NCE7,MAP1LC3B2,Old_Post,-0.8678981507302804,black
P62841,RPS15,Young_Pre,0.5506431357776944,black
P62841,RPS15,Young_Post,0.17137363862649085,black
P62841,RPS15,Old_Pre,-1.4579972435138333,black
P62841,RPS15,Old_Post,0.7359804691096687,black
P25398,RPS12,Young_Pre,0.5049789979320289,black
P25398,RPS12,Young_Post,0.1076994618924656,black
P25398,RPS12,Old_Pre,-1.4345478963364415,black
P25398,RPS12,Old_Post,0.8218694365118627,black
Q13347,EIF3I,Young_Pre,0.014502536444596703,black
Q13347,EIF3I,Young_Post,1.2197147756368443,black
Q13347,EIF3I,Old_Pre,-1.2296604317336275,black
Q13347,EIF3I,Old_Post,-0.004556880347813347,black
P23246,SFPQ,Young_Pre,0.33284416193976113,black
P23246,SFPQ,Young_Post,-1.2443297918542227,black
P23246,SFPQ,Old_Pre,-0.22449799027152706,black
P23246,SFPQ,Old_Post,1.1359836201859121,black
O75534,CSDE1,Young_Pre,0.8144044314937775,black
O75534,CSDE1,Young_Post,0.9153466751993675,black
O75534,CSDE1,Old_Pre,-0.8270176571308535,black
O75534,CSDE1,Old_Post,-0.9027334495622473,black
P62263,RPS14,Young_Pre,0.20337460746917513,black
P62263,RPS14,Young_Post,1.135416943468088,black
P62263,RPS14,Old_Pre,-1.291201904857786,black
P62263,RPS14,Old_Post,-0.04758964607945279,black
Q9HDC5,JPH1,Young_Pre,1.203518920144116,black
Q9HDC5,JPH1,Young_Post,0.43891768599023845,black
Q9HDC5,JPH1,Old_Pre,-0.7501744039798957,black
Q9HDC5,JPH1,Old_Post,-0.8922622021544588,black
P46781,RPS9,Young_Pre,0.181217365462472,black
P46781,RPS9,Young_Post,0.7850073388584278,black
P46781,RPS9,Old_Pre,-1.4537123353598485,black
P46781,RPS9,Old_Post,0.4874876310388458,black
Q14764,MVP,Young_Pre,0.050997509076730105,black
Q14764,MVP,Young_Post,1.0674714616901142,black
Q14764,MVP,Old_Pre,-1.3442241392200265,black
Q14764,MVP,Old_Post,0.225755168453169,black
Q00341,HDLBP,Young_Pre,0.9415124689131446,black
Q00341,HDLBP,Young_Post,0.7078612288914812,black
Q00341,HDLBP,Old_Pre,-1.179841712312939,black
Q00341,HDLBP,Old_Post,-0.4695319854917114,black
O60506,SYNCRIP,Young_Pre,0.3579909997216915,black
O60506,SYNCRIP,Young_Post,1.250187721040059,black
O60506,SYNCRIP,Old_Pre,-0.7153377200479034,black
O60506,SYNCRIP,Old_Post,-0.892841000713786,black
P20042,EIF2S2,Young_Pre,0.0680427880158901,black
P20042,EIF2S2,Young_Post,1.2534067283983548,black
P20042,EIF2S2,Old_Pre,-1.1857139676148054,black
P20042,EIF2S2,Old_Post,-0.13573554879954572,black
P30419,NMT1,Young_Pre,1.0113714362915085,black
P30419,NMT1,Young_Post,0.49507147384921374,black
P30419,NMT1,Old_Pre,-0.20671119310013908,black
P30419,NMT1,Old_Post,-1.2997317170406881,black
Q8NC51,SERBP1,Young_Pre,1.4075673960512676,black
Q8NC51,SERBP1,Young_Post,-0.9216246080491262,black
Q8NC51,SERBP1,Old_Pre,-0.40311494024333233,black
Q8NC51,SERBP1,Old_Post,-0.08282784775885065,black
P67809,YBX1,Young_Pre,-0.15875284059412526,black
P67809,YBX1,Young_Post,1.443268197541665,black
P67809,YBX1,Old_Pre,-0.8249932722302521,black
P67809,YBX1,Old_Post,-0.45952208471731903,black
P14209,CD99,Young_Pre,-0.29946239135273134,black
P14209,CD99,Young_Post,1.2013119094419316,black
P14209,CD99,Old_Pre,-1.1791093839026894,black
P14209,CD99,Old_Post,0.27725986581347184,black
Q00577,PURA,Young_Pre,0.8059105403635489,black
Q00577,PURA,Young_Post,0.8481349386718019,black
Q00577,PURA,Old_Pre,-0.46422658230499847,black
Q00577,PURA,Old_Post,-1.18981889673031,black
P05198,EIF2S1,Young_Pre,-0.05093062704112937,black
P05198,EIF2S1,Young_Post,1.3631665539487643,black
P05198,EIF2S1,Old_Pre,-1.02908006172327,black
P05198,EIF2S1,Old_Post,-0.28315586518431685,black
Q6IBS0,TWF2,Young_Pre,0.12854215612970907,black
Q6IBS0,TWF2,Young_Post,-0.9517073269635807,black
Q6IBS0,TWF2,Old_Pre,-0.5208683861264434,black
Q6IBS0,TWF2,Old_Post,1.344033556960315,black
P61163,ACTR1A,Young_Pre,-0.37596211739196683,black
P61163,ACTR1A,Young_Post,1.326078177921426,black
P61163,ACTR1A,Old_Pre,-1.0446231661749004,black
P61163,ACTR1A,Old_Post,0.09450710564537856,black
Q96HY6,DDRGK1,Young_Pre,0.45997078996329493,black
Q96HY6,DDRGK1,Young_Post,1.1006158798567716,black
Q96HY6,DDRGK1,Old_Pre,-1.2041778595023,black
Q96HY6,DDRGK1,Old_Post,-0.35640881031773913,black
P28749,RBL1,Young_Pre,0.9612415269627629,black
P28749,RBL1,Young_Post,0.7651198452047246,black
P28749,RBL1,Old_Pre,-0.8780896709612878,black
P28749,RBL1,Old_Post,-0.8482717012062182,black
P06748,NPM1,Young_Pre,0.07109962397708115,black
P06748,NPM1,Young_Post,-1.4032881448563816,black
P06748,NPM1,Old_Pre,0.9291190676302772,black
P06748,NPM1,Old_Post,0.4030694532480692,black
Q7KZF4,SND1,Young_Pre,-0.9730722446886023,black
Q7KZF4,SND1,Young_Post,-0.1449146131061398,black
Q7KZF4,SND1,Old_Pre,-0.2798101400101839,black
Q7KZF4,SND1,Old_Post,1.397796997804926,black
Q14152,EIF3A,Young_Pre,1.3956952261190325,black
Q14152,EIF3A,Young_Post,-0.2443557944845324,black
Q14152,EIF3A,Old_Pre,-0.9815846318231662,black
Q14152,EIF3A,Old_Post,-0.16975479981124064,black
O00303,EIF3F,Young_Pre,-1.4821620690245898,black
O00303,EIF3F,Young_Post,0.6542031824326856,black
O00303,EIF3F,Old_Pre,0.5413682934683306,black
O00303,EIF3F,Old_Post,0.28659059312350293,black
Q13586,STIM1,Young_Pre,0.2213124456589676,black
Q13586,STIM1,Young_Post,1.3202371444528522,black
Q13586,STIM1,Old_Pre,-0.8702914128048234,black
Q13586,STIM1,Old_Post,-0.6712581773070704,black
Q13283,G3BP1,Young_Pre,-0.057608464906349986,black
Q13283,G3BP1,Young_Post,0.5308313938693323,black
Q13283,G3BP1,Old_Pre,-1.3774290059415284,black
Q13283,G3BP1,Old_Post,0.9042060769784777,black
Q9NR50,EIF2B3,Young_Pre,0.09062033670375629,black
Q9NR50,EIF2B3,Young_Post,0.8480789760331384,black
Q9NR50,EIF2B3,Old_Pre,-1.4264211806339988,black
Q9NR50,EIF2B3,Old_Post,0.4877218678970522,black
Q9UQM7,CAMK2A,Young_Pre,0.34389352828971537,black
Q9UQM7,CAMK2A,Young_Post,0.5574630492211196,black
Q9UQM7,CAMK2A,Old_Pre,-1.4910509023036975,black
Q9UQM7,CAMK2A,Old_Post,0.58969432479283,black
Q07955,SRSF1,Young_Pre,0.24115337034540693,black
Q07955,SRSF1,Young_Post,-1.4695697226461335,black
Q07955,SRSF1,Old_Pre,0.4965083143134249,black
Q07955,SRSF1,Old_Post,0.7319080379873271,black
Q9UM54,MYO6,Young_Pre,0.35513417591361296,black
Q9UM54,MYO6,Young_Post,1.03469701418376,black
Q9UM54,MYO6,Old_Pre,-1.3420115838531415,black
Q9UM54,MYO6,Old_Post,-0.04781960624423138,black
P09488,GSTM1,Young_Pre,1.2044895470093322,black
P09488,GSTM1,Young_Post,0.3163469984018374,black
P09488,GSTM1,Old_Pre,-1.1429477544571993,black
P09488,GSTM1,Old_Post,-0.37788879095396255,black
P35637,FUS,Young_Pre,1.1570086904051406,black
P35637,FUS,Young_Post,-1.2813680518927175,black
P35637,FUS,Old_Pre,-0.014286588031549446,black
P35637,FUS,Old_Post,0.13864594951912637,black
Q9NZ01,TECR,Young_Pre,0.7167864699370714,black
Q9NZ01,TECR,Young_Post,-0.8330989586518761,black
Q9NZ01,TECR,Old_Pre,-0.8866715135150219,black
Q9NZ01,TECR,Old_Post,1.0029840022299914,black
Q13555,CAMK2G,Young_Pre,0.8668740167932326,black
Q13555,CAMK2G,Young_Post,0.8613220932178804,black
Q13555,CAMK2G,Old_Pre,-0.9457154349402439,black
Q13555,CAMK2G,Old_Post,-0.7824806750708418,black
O14964,HGS,Young_Pre,1.0464768375226803,black
O14964,HGS,Young_Post,0.48364949969470644,black
O14964,HGS,Old_Pre,-0.26490015215791685,black
O14964,HGS,Old_Post,-1.265226185059534,black
Q96CT7,CCDC124,Young_Pre,0.0534358962410689,black
Q96CT7,CCDC124,Young_Post,1.2997344329451839,black
Q96CT7,CCDC124,Old_Pre,-1.1194734343150576,black
Q96CT7,CCDC124,Old_Post,-0.2336968948711692,black
P04843,RPN1,Young_Pre,0.8789236380861224,black
P04843,RPN1,Young_Post,0.8519968667828488,black
P04843,RPN1,Old_Pre,-0.9076009709726374,black
P04843,RPN1,Old_Post,-0.8233195338962809,black
Q15233,NONO,Young_Pre,0.13576302495375953,black
Q15233,NONO,Young_Post,-1.421478452171782,black
Q15233,NONO,Old_Pre,0.38359401467161197,black
Q15233,NONO,Old_Post,0.9021214125464679,black
Q8NE71,ABCF1,Young_Pre,-1.179220497004391,black
Q8NE71,ABCF1,Young_Post,-0.4454110328681568,black
Q8NE71,ABCF1,Old_Pre,0.5986171134238377,black
Q8NE71,ABCF1,Old_Post,1.0260144164484974,black
Q86TD4,SRL,Young_Pre,0.937574436307862,black
Q86TD4,SRL,Young_Post,0.6973142090528344,black
Q86TD4,SRL,Old_Pre,-0.4312600215554534,black
Q86TD4,SRL,Old_Post,-1.203628623805119,black
O15372,EIF3H,Young_Pre,0.8157130961694876,black
O15372,EIF3H,Young_Post,0.9020246023710992,black
O15372,EIF3H,Old_Pre,-0.7077854932029861,black
O15372,EIF3H,Old_Post,-1.0099522053375865,black
Q07065,CKAP4,Young_Pre,-0.6263513560943504,black
Q07065,CKAP4,Young_Post,1.1416334824727705,black
Q07065,CKAP4,Old_Pre,-1.0230165055484908,black
Q07065,CKAP4,Old_Post,0.5077343791700709,black
Q9Y235,APOBEC2,Young_Pre,1.3150033814209015,black
Q9Y235,APOBEC2,Young_Post,-0.71706973109499506,black
Q9Y235,APOBEC2,Old_Pre,-0.8364678867911595,black
Q9Y235,APOBEC2,Old_Post,0.23853423646528965,black
P06396,GSN,Young_Pre,-0.5888056487547502,black
P06396,GSN,Young_Post,1.1374408541370977,black
P06396,GSN,Old_Pre,-1.0518251322501775,black
P06396,GSN,Old_Post,0.5031899268678415,black
P20807,CAPN3,Young_Pre,0.837495225810648,black
P20807,CAPN3,Young_Post,0.8772720320203673,black
P20807,CAPN3,Old_Pre,-1.0288218893981023,black
P20807,CAPN3,Old_Post,-0.6859453684328999,black
Q8IWX7,UNC45B,Young_Pre,-0.41252231772296144,black
Q8IWX7,UNC45B,Young_Post,1.242511014207399,black
Q8IWX7,UNC45B,Old_Pre,-1.1011252026744414,black
Q8IWX7,UNC45B,Old_Post,0.2711365061900506,black
P47813,EIF1AX,Young_Pre,-1.1620539521462614,black
P47813,EIF1AX,Young_Post,1.2057506238779263,black
P47813,EIF1AX,Old_Pre,-0.3339711848844236,black
P47813,EIF1AX,Old_Post,0.2902745131528769,black
P09651,HNRNPA1,Young_Pre,-0.170574174952252,black
P09651,HNRNPA1,Young_Post,-0.16390134381366156,black
P09651,HNRNPA1,Old_Pre,1.368924878397074,black
P09651,HNRNPA1,Old_Post,-1.0344493596310023,black
Q14203,DCTN1,Young_Pre,-1.1609880503534842,black
Q14203,DCTN1,Young_Post,1.1931326777706217,black
Q14203,DCTN1,Old_Pre,-0.3537293302478308,black
Q14203,DCTN1,Old_Post,0.321584702830751,black
Q01082,SPTBN1,Young_Pre,-0.4211687091917341,black
Q01082,SPTBN1,Young_Post,1.241842299158856,black
Q01082,SPTBN1,Old_Pre,-1.0972472883459978,black
Q01082,SPTBN1,Old_Post,0.2765736983788759,black
P60228,EIF3E,Young_Pre,-0.15015932431291126,black
P60228,EIF3E,Young_Post,0.25950518188249794,black
P60228,EIF3E,Old_Pre,-1.2596897294174514,black
P60228,EIF3E,Old_Post,1.1503438718479837,black
Q12955,ANK3,Young_Pre,-1.4930171190560677,black
Q12955,ANK3,Young_Post,0.6121495526440464,black
Q12955,ANK3,Old_Pre,0.5045000482169141,black
Q12955,ANK3,Old_Post,0.37636751819510744,black
P50454,SERPINH1,Young_Pre,-1.1163686640081567,black
P50454,SERPINH1,Young_Post,1.1593300540058307,black
P50454,SERPINH1,Old_Pre,-0.47356032923610514,black
P50454,SERPINH1,Old_Post,0.43059893923844406,black
O60869,EDF1,Young_Pre,1.082096627450979,black
O60869,EDF1,Young_Post,0.4446003371975416,black
O60869,EDF1,Old_Pre,-0.28065001635938747,black
O60869,EDF1,Old_Post,-1.2460469482890784,black
Q9Y281,CFL2,Young_Pre,-0.9662458952655336,black
Q9Y281,CFL2,Young_Post,-0.7361395391711432,black
Q9Y281,CFL2,Old_Pre,0.657015781074282,black
Q9Y281,CFL2,Old_Post,1.0453696533622712,black
Q13442,PDAP1,Young_Pre,-1.1271060076184634,black
Q13442,PDAP1,Young_Post,0.4931911422694376,black
Q13442,PDAP1,Old_Pre,1.118665146408767,black
Q13442,PDAP1,Old_Post,-0.48475028105983403,black
P78344,EIF4G2,Young_Pre,0.4837752358054875,black
P78344,EIF4G2,Young_Post,0.6381180387617484,black
P78344,EIF4G2,Old_Pre,0.36895782825814405,black
P78344,EIF4G2,Old_Post,-1.4908511028252416,black
Q13813,SPTAN1,Young_Pre,-0.4572007785782651,black
Q13813,SPTAN1,Young_Post,1.448200844570928,black
Q13813,SPTAN1,Old_Pre,-0.8138089996095603,black
Q13813,SPTAN1,Old_Post,-0.17719106638305837,black
Q5HYI8,RABL3,Young_Pre,0.36156099876640674,black
Q5HYI8,RABL3,Young_Post,1.2230352735211156,black
Q5HYI8,RABL3,Old_Pre,-0.5494137080504967,black
Q5HYI8,RABL3,Old_Post,-1.0351825642370394,black
P01024,C3,Young_Pre,-1.2046816207599627,pink
P01024,C3,Young_Post,-0.4391622032484042,pink
P01024,C3,Old_Pre,0.8707455383339935,pink
P01024,C3,Old_Post,0.7730982856743378,pink
P01011,SERPINA3,Young_Pre,-0.9969855084265006,pink
P01011,SERPINA3,Young_Post,-0.7073857874993961,pink
P01011,SERPINA3,Old_Pre,1.0152569306024362,pink
P01011,SERPINA3,Old_Post,0.6891143653234425,pink
Q14624,ITIH4,Young_Pre,-0.8991970120168616,pink
Q14624,ITIH4,Young_Post,-0.8105763081323457,pink
Q14624,ITIH4,Old_Pre,0.6641664735087437,pink
Q14624,ITIH4,Old_Post,1.0456068466404778,pink
P02768,ALB,Young_Pre,-1.3417898273441058,pink
P02768,ALB,Young_Post,-0.18082770401051487,pink
P02768,ALB,Old_Pre,0.8234349570298353,pink
P02768,ALB,Old_Post,0.6991825743247853,pink
P69905,HBA1,Young_Pre,-1.167250884292988,pink
P69905,HBA1,Young_Post,-0.4446401650937989,pink
P69905,HBA1,Old_Pre,0.5406870477732604,pink
P69905,HBA1,Old_Post,1.0712040016135267,pink
P10909,CLU,Young_Pre,-1.2237784420644089,pink
P10909,CLU,Young_Post,-0.3907511300316698,pink
P10909,CLU,Old_Pre,0.9594603995377069,pink
P10909,CLU,Old_Post,0.6550691725583836,pink
P00450,CP,Young_Pre,-1.0002458704281463,pink
P00450,CP,Young_Post,-0.7196187585421313,pink
P00450,CP,Old_Pre,0.8966056703049453,pink
P00450,CP,Old_Post,0.8232589586653412,pink
P00751,CFB,Young_Pre,-1.0336218810381077,pink
P00751,CFB,Young_Post,-0.6776790964389994,pink
P00751,CFB,Old_Pre,0.79200564789574,pink
P00751,CFB,Old_Post,0.9192953295813671,pink
P05155,SERPING1,Young_Pre,-0.5943560894661597,pink
P05155,SERPING1,Young_Post,-1.0986073102096818,pink
P05155,SERPING1,Old_Pre,0.7884287905767423,pink
P05155,SERPING1,Old_Post,0.904534609099087,pink
P68871,HBB,Young_Pre,-1.254120855919923,pink
P68871,HBB,Young_Post,-0.2792528240577547,pink
P68871,HBB,Old_Pre,0.4720842960604175,pink
P68871,HBB,Old_Post,1.0612893839173123,pink
P02787,TF,Young_Pre,-1.3377157954934822,pink
P02787,TF,Young_Post,-0.18796765715215796,pink
P02787,TF,Old_Pre,0.6875768224379146,pink
P02787,TF,Old_Post,0.8381066302077255,pink
P01009,SERPINA1,Young_Pre,-1.066442330891532,pink
P01009,SERPINA1,Young_Post,-0.6049111167023427,pink
P01009,SERPINA1,Old_Pre,1.0593641422860642,pink
P01009,SERPINA1,Old_Post,0.6119893053077581,pink
O95218,ZRANB2,Young_Pre,-0.5522646676292137,pink
O95218,ZRANB2,Young_Post,-1.1035919977105162,pink
O95218,ZRANB2,Old_Pre,1.0583169081274288,pink
O95218,ZRANB2,Old_Post,0.597539757212275,pink
P08603,CFH,Young_Pre,-0.8728737553740872,pink
P08603,CFH,Young_Post,-0.8459959527847993,pink
P08603,CFH,Old_Pre,0.7092254698223124,pink
P08603,CFH,Old_Post,1.0096442383365531,pink
P04040,CAT,Young_Pre,-0.5191441160854697,pink
P04040,CAT,Young_Post,-1.0750857651166148,pink
P04040,CAT,Old_Pre,1.186919716943414,pink
P04040,CAT,Old_Post,0.4073101642586704,pink
Q7Z698,SPRED2,Young_Pre,-0.836210413680404,pink
Q7Z698,SPRED2,Young_Post,-0.8950110161307788,pink
Q7Z698,SPRED2,Old_Pre,0.8416983170938164,pink
Q7Z698,SPRED2,Old_Post,0.8895231127173905,pink
O15056,SYNJ2,Young_Pre,-0.24163019593122165,pink
O15056,SYNJ2,Young_Post,-1.107892757396062,pink
O15056,SYNJ2,Old_Pre,0.040891464064518594,pink
O15056,SYNJ2,Old_Post,1.308631489262829,pink
P00738,HP,Young_Pre,-1.1661176698243876,pink
P00738,HP,Young_Post,-0.4974775355706566,pink
P00738,HP,Old_Pre,0.8985478012709502,pink
P00738,HP,Old_Post,0.7650474041241019,pink
Q14767,LTBP3,Young_Pre,-1.0300548986849198,pink
Q14767,LTBP3,Young_Post,-0.6253300991695859,pink
Q14767,LTBP3,Old_Pre,1.1258530489727279,pink
Q14767,LTBP3,Old_Post,0.5295319488818107,pink
P49427,CDC34,Young_Pre,-0.44022982769052676,pink
P49427,CDC34,Young_Post,0.8032322810322965,pink
P49427,CDC34,Old_Pre,0.8420050534648047,pink
P49427,CDC34,Old_Post,-1.205007506806059,pink
P33992,MCM5,Young_Pre,-0.8518008885384247,pink
P33992,MCM5,Young_Post,-0.877491603106255,pink
P33992,MCM5,Old_Pre,0.7967585741363697,pink
P33992,MCM5,Old_Post,0.9325339175082825,pink
Q99487,PAFAH2,Young_Pre,0.17230493448766365,pink
Q99487,PAFAH2,Young_Post,-0.45881071720683664,pink
Q99487,PAFAH2,Old_Pre,1.3091776216834834,pink
Q99487,PAFAH2,Old_Post,-1.0226718389642537,pink
P16157,ANK1,Young_Pre,-1.0623578029197986,pink
P16157,ANK1,Young_Post,-0.4938293856423612,pink
P16157,ANK1,Old_Pre,0.3216567675848032,pink
P16157,ANK1,Old_Post,1.2345304209773047,pink
P01857,IGHG1,Young_Pre,-1.3388628607852657,pink
P01857,IGHG1,Young_Post,0.08674336764397618,pink
P01857,IGHG1,Old_Pre,0.16997849524171185,pink
P01857,IGHG1,Old_Post,1.0821409978995522,pink
P37840,SNCA,Young_Pre,-1.1154934899845965,pink
P37840,SNCA,Young_Post,-0.1662588943796423,pink
P37840,SNCA,Old_Pre,-0.0323948031941622,pink
P37840,SNCA,Old_Post,1.3141471875584012,pink
P01876,IGHA1,Young_Pre,-1.3163603454272124,pink
P01876,IGHA1,Young_Post,-0.22411788423921228,pink
P01876,IGHA1,Old_Pre,0.6468899621956914,pink
P01876,IGHA1,Old_Post,0.8935882674707333,pink
P25311,AZGP1,Young_Pre,-0.672556902718561,pink
P25311,AZGP1,Young_Post,-0.8941297825650404,pink
P25311,AZGP1,Old_Pre,1.293708682184656,pink
P25311,AZGP1,Old_Post,0.2729780030988763,pink
P0DOY3,IGLC3,Young_Pre,-1.2359158609568828,pink
P0DOY3,IGLC3,Young_Post,0.6161041598198456,pink
P0DOY3,IGLC3,Old_Pre,-0.36122914943324336,pink
P0DOY3,IGLC3,Old_Post,0.9810408505702628,pink
P29317,EPHA2,Young_Pre,-1.2203660000010021,pink
P29317,EPHA2,Young_Post,-0.3902040268880802,pink
P29317,EPHA2,Old_Pre,0.980612902961707,pink
P29317,EPHA2,Old_Post,0.6299571239274098,pink
P27105,STOM,Young_Pre,-0.4004875228983526,pink
P27105,STOM,Young_Post,-1.22879832196239,pink
P27105,STOM,Old_Pre,0.8491265838764778,pink
P27105,STOM,Old_Post,0.7801592609842037,pink
P01834,IGKC,Young_Pre,-1.2359387823695192,pink
P01834,IGKC,Young_Post,-0.11096396764110471,pink
P01834,IGKC,Old_Pre,0.14758598580043056,pink
P01834,IGKC,Old_Post,1.1993167642101934,pink
P01023,A2M,Young_Pre,-0.43316049414759933,pink
P01023,A2M,Young_Post,1.4858320069843085,pink
P01023,A2M,Old_Pre,-0.6854215451642982,pink
P01023,A2M,Old_Post,-0.3672499676723943,pink
P07738,BPGM,Young_Pre,0.9808730727479317,pink
P07738,BPGM,Young_Post,-1.3251138189788079,pink
P07738,BPGM,Old_Pre,0.5058197409801809,pink
P07738,BPGM,Old_Post,-0.16157899474923207,pink
P01780,IGHV3-7,Young_Pre,-1.2326869464979189,pink
P01780,IGHV3-7,Young_Post,0.05340785974572236,pink
P01780,IGHV3-7,Old_Pre,-0.03577268476842693,pink
P01780,IGHV3-7,Old_Post,1.2150517715206528,pink
P02766,TTR,Young_Pre,-0.40278846769798543,pink
P02766,TTR,Young_Post,-1.227612868063124,pink
P02766,TTR,Old_Pre,0.7867064699664605,pink
P02766,TTR,Old_Post,0.8436948657946487,pink
Q7Z6Z7,HUWE1,Young_Pre,-1.3434379868347592,pink
Q7Z6Z7,HUWE1,Young_Post,0.14164207208561697,pink
Q7Z6Z7,HUWE1,Old_Pre,0.12500133593732868,pink
Q7Z6Z7,HUWE1,Old_Post,1.0767945788118294,pink
P08697,SERPINF2,Young_Pre,1.175393540556862,pink
P08697,SERPINF2,Young_Post,-0.26178778071380326,pink
P08697,SERPINF2,Old_Pre,-1.2093251189540182,pink
P08697,SERPINF2,Old_Post,0.2957193591109593,pink
P30043,BLVRB,Young_Pre,-0.56244187223009,pink
P30043,BLVRB,Young_Post,-1.1007521563206029,pink
P30043,BLVRB,Old_Pre,1.0424247193030691,pink
P30043,BLVRB,Old_Post,0.6207693092476239,pink
P02763,ORM1,Young_Pre,-1.4382246035934048,pink
P02763,ORM1,Young_Post,0.07776799373716853,pink
P02763,ORM1,Old_Pre,0.6847579361436832,pink
P02763,ORM1,Old_Post,0.6756986737125756,pink
P02753,RBP4,Young_Pre,-0.5541598695870643,pink
P02753,RBP4,Young_Post,-1.0844116850335226,pink
P02753,RBP4,Old_Pre,1.114666689435773,pink
P02753,RBP4,Old_Post,0.523904865184795,pink
P0DOY2,IGLC2,Young_Pre,-1.2584331012898198,pink
P0DOY2,IGLC2,Young_Post,-0.16353046359470802,pink
P0DOY2,IGLC2,Old_Pre,0.27588769656828366,pink
P0DOY2,IGLC2,Old_Post,1.146075868316244,pink
P59666,DEFA3,Young_Pre,-0.9990640791626738,pink
P59666,DEFA3,Young_Post,-0.7217073588377879,pink
P59666,DEFA3,Old_Pre,0.8448569874501191,pink
P59666,DEFA3,Old_Post,0.8759144505503565,pink
P11171,EPB41,Young_Pre,-1.212709361687182,pink
P11171,EPB41,Young_Post,-0.135348215430559,pink
P11171,EPB41,Old_Pre,0.12521768761254626,pink
P11171,EPB41,Old_Post,1.222839889505162,pink
P01019,AGT,Young_Pre,-0.3106972960274219,pink
P01019,AGT,Young_Post,-1.0846301458747922,pink
P01019,AGT,Old_Pre,1.3114940321276534,pink
P01019,AGT,Old_Post,0.08383340977453205,pink
P01871,IGHM,Young_Pre,-1.3703097951431176,pink
P01871,IGHM,Young_Post,0.49591012751892866,pink
P01871,IGHM,Old_Pre,-0.059809633596933365,pink
P01871,IGHM,Old_Post,0.9342093012210845,pink
P01619,IGKV3-20,Young_Pre,-1.0323858576442924,pink
P01619,IGKV3-20,Young_Post,-0.6665268228569653,pink
P01619,IGKV3-20,Old_Pre,0.6965359567756113,pink
P01619,IGKV3-20,Old_Post,1.0023767237256371,pink
P05452,CLEC3B,Young_Pre,-1.1390159851332804,pink
P05452,CLEC3B,Young_Post,-0.5342917316767992,pink
P05452,CLEC3B,Old_Pre,0.9293781095602499,pink
P05452,CLEC3B,Old_Post,0.7439296072498298,pink
Q8WUM0,NUP133,Young_Pre,1.3762518923836116,pink
Q8WUM0,NUP133,Young_Post,-0.6815174592960741,pink
Q8WUM0,NUP133,Old_Pre,0.09992279850598716,pink
Q8WUM0,NUP133,Old_Post,-0.7946572315935245,pink
P32119,PRDX2,Young_Pre,-1.3787943948328223,pink
P32119,PRDX2,Young_Post,0.16919353796208234,pink
P32119,PRDX2,Old_Pre,0.19325915042169994,pink
P32119,PRDX2,Old_Post,1.01634170644904,pink
P29401,TKT,Young_Pre,-1.1332619774566233,pink
P29401,TKT,Young_Post,-0.3170007355732782,pink
P29401,TKT,Old_Pre,0.19428445971013164,pink
P29401,TKT,Old_Post,1.2559782533197965,pink
P01859,IGHG2,Young_Pre,-1.3412011933280004,pink
P01859,IGHG2,Young_Post,-0.11982995016574988,pink
P01859,IGHG2,Old_Pre,0.48606297825534067,pink
P01859,IGHG2,Old_Post,0.9749681652384193,pink
Q9H299,SH3BGRL3,Young_Pre,-0.9227145129663118,pink
Q9H299,SH3BGRL3,Young_Post,-0.5991150763376608,pink
Q9H299,SH3BGRL3,Old_Pre,0.19891995329415663,pink
Q9H299,SH3BGRL3,Old_Post,1.3229096360098491,pink
Q15847,ADIRF,Young_Pre,-0.47424065429447204,pink
Q15847,ADIRF,Young_Post,-1.1710578720773828,pink
Q15847,ADIRF,Old_Pre,0.6641947876743554,pink
Q15847,ADIRF,Old_Post,0.9811037386974739,pink
P13716,ALAD,Young_Pre,-0.9635722660018468,pink
P13716,ALAD,Young_Post,-0.7296097734744627,pink
P13716,ALAD,Old_Pre,0.6166286779949547,pink
P13716,ALAD,Old_Post,1.0765533614813547,pink
P02750,LRG1,Young_Pre,-0.7536052160465688,pink
P02750,LRG1,Young_Post,-0.8601630620584253,pink
P02750,LRG1,Old_Pre,1.2485144467243752,pink
P02750,LRG1,Old_Post,0.3652538313805963,pink
P37837,TALDO1,Young_Pre,-0.32503791331768683,pink
P37837,TALDO1,Young_Post,-1.1298422281585965,pink
P37837,TALDO1,Old_Pre,1.2563392961793762,pink
P37837,TALDO1,Old_Post,0.19854084529690702,pink
P02655,APOC2,Young_Pre,-0.8264318414645683,pink
P02655,APOC2,Young_Post,-0.8744724873684127,pink
P02655,APOC2,Old_Pre,1.0804201103652658,pink
P02655,APOC2,Old_Post,0.6204842184677153,pink
P52209,PGD,Young_Pre,-1.4301451879010836,pink
P52209,PGD,Young_Post,0.051879270918694195,pink
P52209,PGD,Old_Pre,0.6560813789928854,pink
P52209,PGD,Old_Post,0.7221845379895039,pink
Q8IXV7,KLHDC8B,Young_Pre,-1.350484027320443,pink
Q8IXV7,KLHDC8B,Young_Post,1.0622725005449531,pink
Q8IXV7,KLHDC8B,Old_Pre,0.1999496728818368,pink
Q8IXV7,KLHDC8B,Old_Post,0.08826185389383483,pink
P02649,APOE,Young_Pre,-0.9576902006435742,pink
P02649,APOE,Young_Post,-0.7492294915462366,pink
P02649,APOE,Old_Pre,1.0333170544518775,pink
P02649,APOE,Old_Post,0.6736026377379571,pink
Q12805,EFEMP1,Young_Pre,-0.34765300753833406,pink
Q12805,EFEMP1,Young_Post,-1.2510585002951227,pink
Q12805,EFEMP1,Old_Pre,0.6650970995414748,pink
Q12805,EFEMP1,Old_Post,0.9336144082919818,pink
Q66K66,TMEM198,Young_Pre,0.3971554590041098,pink
Q66K66,TMEM198,Young_Post,1.1587631022376816,pink
Q66K66,TMEM198,Old_Pre,-0.39776569199314976,pink
Q66K66,TMEM198,Old_Post,-1.1581528692486796,pink
Q01469,FABP5,Young_Pre,-0.08314581731039465,pink
Q01469,FABP5,Young_Post,-1.3121062911985608,pink
Q01469,FABP5,Old_Pre,1.0836957568417045,pink
Q01469,FABP5,Old_Post,0.31155635166728546,pink
Q9BS40,LXN,Young_Pre,0.7706994311433736,pink
Q9BS40,LXN,Young_Post,0.5862869503547206,pink
Q9BS40,LXN,Old_Pre,-1.4340009600318668,pink
Q9BS40,LXN,Old_Post,0.0770145785337137,pink
P16930,FAH,Young_Pre,-1.0543923282800163,pink
P16930,FAH,Young_Post,-0.6536185907750698,pink
P16930,FAH,Old_Pre,0.8885663192660394,pink
P16930,FAH,Old_Post,0.8194445997890651,pink
Q05707,COL14A1,Young_Pre,-1.4374588917635867,pink
Q05707,COL14A1,Young_Post,0.8751638863798546,pink
Q05707,COL14A1,Old_Pre,0.21146152875699842,pink
Q05707,COL14A1,Old_Post,0.35083347662682196,pink
P11277,SPTB,Young_Pre,0.8726624871337392,pink
P11277,SPTB,Young_Post,0.8119418524223624,pink
P11277,SPTB,Old_Pre,-0.5592255711259589,pink
P11277,SPTB,Old_Post,-1.1253787684301426,pink
Q00013,MPP1,Young_Pre,1.407747363284854,pink
Q00013,MPP1,Young_Post,-0.9285766160341701,pink
Q00013,MPP1,Old_Pre,-0.09607487434274338,pink
Q00013,MPP1,Old_Post,-0.3830958729079405,pink
P36955,SERPINF1,Young_Pre,0.8731269021112272,pink
P36955,SERPINF1,Young_Post,-1.4020590774736759,pink
P36955,SERPINF1,Old_Pre,0.007566172328690115,pink
P36955,SERPINF1,Old_Post,0.5213660030339616,pink
P00918,CA2,Young_Pre,-0.889370474093804,pink
P00918,CA2,Young_Post,-0.8163553781596192,pink
P00918,CA2,Old_Pre,1.062426418697861,pink
P00918,CA2,Old_Post,0.6432994335555293,pink
P15531,NME1,Young_Pre,-1.295431551056039,pink
P15531,NME1,Young_Post,0.13796148282632026,pink
P15531,NME1,Old_Pre,0.016171594865181278,pink
P15531,NME1,Old_Post,1.1412984733646252,pink
O95721,SNAP29,Young_Pre,-1.302752348179216,pink
O95721,SNAP29,Young_Post,0.026709686634721536,pink
O95721,SNAP29,Old_Pre,1.1319750102365438,pink
O95721,SNAP29,Old_Post,0.14406765130795074,pink
O94903,PLPBP,Young_Pre,-0.10479008994505978,pink
O94903,PLPBP,Young_Post,-1.1468680920252114,pink
O94903,PLPBP,Old_Pre,1.2930578801936041,pink
O94903,PLPBP,Old_Post,-0.041399698223294666,pink
P00325,ADH1B,Young_Pre,0.20610316490794914,pink
P00325,ADH1B,Young_Post,-1.2787748706621733,pink
P00325,ADH1B,Old_Pre,1.147459417066479,pink
P00325,ADH1B,Old_Post,-0.0747877113122547,pink
Q9H0R4,HDHD2,Young_Pre,0.590419238569683,pink
Q9H0R4,HDHD2,Young_Post,-1.44650365061205,pink
Q9H0R4,HDHD2,Old_Pre,0.7383582152938549,pink
Q9H0R4,HDHD2,Old_Post,0.11772619674856256,pink
O95865,DDAH2,Young_Pre,-1.4799235119950491,pink
O95865,DDAH2,Young_Post,0.2634130547920305,pink
O95865,DDAH2,Old_Pre,0.5925849547173663,pink
O95865,DDAH2,Old_Post,0.623925502485663,pink
P62937,PPIA,Young_Pre,-1.1872154896388143,pink
P62937,PPIA,Young_Post,-0.46258882661359907,pink
P62937,PPIA,Old_Pre,0.736573743413413,pink
P62937,PPIA,Old_Post,0.913230572839015,pink
Q96BW5,PTER,Young_Pre,0.37479987467728276,pink
Q96BW5,PTER,Young_Post,-1.3254757916522097,pink
Q96BW5,PTER,Old_Pre,1.045752996038096,pink
Q96BW5,PTER,Old_Post,-0.09507707906318331,pink
P05090,APOD,Young_Pre,0.3970918914410662,pink
P05090,APOD,Young_Post,-1.1126149835565664,pink
P05090,APOD,Old_Pre,1.1788642437886758,pink
P05090,APOD,Old_Post,-0.463341151673075,pink
P49189,ALDH9A1,Young_Pre,-0.11801102074234353,pink
P49189,ALDH9A1,Young_Post,-1.2408373519009268,pink
P49189,ALDH9A1,Old_Pre,1.1908738980202498,pink
P49189,ALDH9A1,Old_Post,0.1679744746230862,pink
Q9HC38,GLOD4,Young_Pre,-0.267660927503745,pink
Q9HC38,GLOD4,Young_Post,-1.2570109329313344,pink
Q9HC38,GLOD4,Old_Pre,1.0672695306764766,pink
Q9HC38,GLOD4,Old_Post,0.45740232975854556,pink
O95881,TXNDC12,Young_Pre,-1.090907735849196,pink
O95881,TXNDC12,Young_Post,-0.3801667318450036,pink
O95881,TXNDC12,Old_Pre,1.2756129336854554,pink
O95881,TXNDC12,Old_Post,0.1954615340087561,pink
P35813,PPM1A,Young_Pre,-1.357990479729128,pink
P35813,PPM1A,Young_Post,-0.13277179820909837,pink
P35813,PPM1A,Old_Pre,0.6290896476563976,pink
P35813,PPM1A,Old_Post,0.8616726302818984,pink
P52565,ARHGDIA,Young_Pre,-0.7673316067856205,pink
P52565,ARHGDIA,Young_Post,-0.7746027552068177,pink
P52565,ARHGDIA,Old_Pre,1.328825580819728,pink
P52565,ARHGDIA,Old_Post,0.21310878117271026,pink
P01860,IGHG3,Young_Pre,-1.4587513578446702,pink
P01860,IGHG3,Young_Post,0.7700969153112349,pink
P01860,IGHG3,Old_Pre,0.19963315365519899,pink
P01860,IGHG3,Old_Post,0.4890212888782363,pink
P41236,PPP1R2,Young_Pre,-0.5127679900039245,pink
P41236,PPP1R2,Young_Post,-0.9790632966336933,pink
P41236,PPP1R2,Old_Pre,1.3228574756193776,pink
P41236,PPP1R2,Old_Post,0.1689738110182401,pink
P36507,MAP2K2,Young_Pre,-0.628659996230984,pink
P36507,MAP2K2,Young_Post,-0.8803462719405045,pink
P36507,MAP2K2,Old_Pre,1.342392193317541,pink
P36507,MAP2K2,Old_Post,0.16661407485394775,pink
O75368,SH3BGRL,Young_Pre,-0.399887645040228,pink
O75368,SH3BGRL,Young_Post,0.48757689056109277,pink
O75368,SH3BGRL,Old_Pre,-1.1836941622271517,pink
O75368,SH3BGRL,Old_Post,1.0960049167062702,pink
P02795,MT2A,Young_Pre,-0.4322327533345423,pink
P02795,MT2A,Young_Post,-0.9522043216863081,pink
P02795,MT2A,Old_Pre,1.3807491357268786,pink
P02795,MT2A,Old_Post,0.0036879392939899868,pink
P14174,MIF,Young_Pre,-0.7397770991192631,pink
P14174,MIF,Young_Post,1.3504993868370583,pink
P14174,MIF,Old_Pre,-0.7756750780633592,pink
P14174,MIF,Old_Post,0.16495279034565966,pink
P35579,MYH9,Young_Pre,-0.4173226534123536,pink
P35579,MYH9,Young_Post,0.3820924785178824,pink
P35579,MYH9,Old_Pre,-1.1398015527902396,pink
P35579,MYH9,Old_Post,1.1750317276847857,pink
Q96IU4,ABHD14B,Young_Pre,0.2658256003961787,pink
Q96IU4,ABHD14B,Young_Post,-1.3229866396415193,pink
Q96IU4,ABHD14B,Old_Pre,1.08546846618594,pink
Q96IU4,ABHD14B,Old_Post,-0.02830742694055094,pink
P30086,PEBP1,Young_Pre,-0.31924694896037675,pink
P30086,PEBP1,Young_Post,-0.7904637560366277,pink
P30086,PEBP1,Old_Pre,1.4652177835058957,pink
P30086,PEBP1,Old_Post,-0.35550707850903446,pink
P29966,MARCKS,Young_Pre,-1.4240452450779109,pink
P29966,MARCKS,Young_Post,0.6064496777440735,pink
P29966,MARCKS,Old_Pre,0.041318075061713574,pink
P29966,MARCKS,Old_Post,0.7762774922721237,pink
