gene,fcm_cluster,fcm_membership,wgcna_module,concordance_quadrant,reversal_quadrant
MMP24OS,C2,0.9999677431144236,Red,Conc. Down,Reversal
ESYT2,C3,0.99332653464548,Brown,Conc. Up,Rejuvenation
FSD2,C4,0.9894798145606326,Turquoise,Conc. Up,Rejuvenation
TARS3,C2,0.9998520107873112,Magenta,Conc. Down,Reversal
VWA8,C2,0.9997879227394438,Blue,Disc. YUp/ODn,Reversal
CARNS1,C3,0.9369006559221954,Brown,Conc. Up,Rejuvenation
MAP1LC3B2,C4,0.9999459125998124,Black,Disc. YDn/OUp,Rejuvenation
SMTNL1,C1,0.8930541328093898,Yellow,Disc. YUp/ODn,Non-restored (-/-)
NUDT19,C2,0.9996554370194788,Turquoise,Disc. YDn/OUp,Rejuvenation
NACA,C3,0.9999936277838052,Brown,Conc. Up,Rejuvenation
SLC35A4,C4,0.9022174788224074,Turquoise,Disc. YDn/OUp,Rejuvenation
PDLIM1,C4,0.9272753074172112,Red,Conc. Down,Reversal
MYO1C,C3,0.816359526131921,Blue,Disc. YUp/ODn,Reversal
FXYD1,C3,0.6964663178010393,Turquoise,Conc. Up,Rejuvenation
NDUFS8,C2,0.999969841890266,Red,Conc. Down,Non-restored (-/-)
PSMD11,C3,0.959823699630133,Yellow,Conc. Up,Rejuvenation
PSMD12,C3,0.9943862827307106,Yellow,Disc. YUp/ODn,Non-restored (-/-)
PGRMC1,C3,0.5481559158511995,Turquoise,Disc. YUp/ODn,Reversal
CLIC1,C3,0.9177351119629226,Brown,Conc. Up,Rejuvenation
EIF3F,C3,0.9778659674833752,Black,Disc. YUp/ODn,Reversal
PDHX,C2,0.999997515104796,Magenta,Conc. Down,Non-restored (-/-)
DCTN6,C3,0.9998174674928144,Brown,Conc. Up,Rejuvenation
IPO5,C3,0.9311360586819636,Brown,Disc. YUp/ODn,Non-restored (-/-)
EEF2K,C1,0.4874654456224457,Turquoise,Conc. Down,Non-restored (-/-)
EML1,C1,0.975994787312664,Green,Conc. Down,Non-restored (-/-)
DNM1L,C2,0.9785284810038032,Blue,Disc. YUp/ODn,Reversal
RTCA,C2,0.8486219937643751,Blue,Conc. Down,Reversal
NDUFA4,C2,0.9995319964201492,Magenta,Conc. Up,Non-restored (+/+)
PSMD14,C3,0.997861316597178,Brown,Conc. Up,Rejuvenation
BIN1,C3,0.999163647465788,Brown,Disc. YUp/ODn,Non-restored (-/-)
KPNA3,C3,0.9979881286334532,Turquoise,Conc. Up,Rejuvenation
DDX3X,C4,0.9972282933549024,Black,Conc. Up,Rejuvenation
KPNA4,C1,0.8515551606107399,Brown,Conc. Up,Rejuvenation
CES2,C2,0.7262871264576861,Blue,Conc. Up,Non-restored (+/+)
FBP2,C1,0.9722126846768936,Yellow,Disc. YUp/ODn,Non-restored (-/-)
PDXK,C1,0.9711646917518094,Turquoise,Conc. Down,Non-restored (-/-)
SDHD,C2,0.9685201743559524,Magenta,Disc. YUp/ODn,Reversal
COX7A2L,C2,0.9974096415658008,Red,Disc. YDn/OUp,Rejuvenation
HSPB6,C3,0.6377959535387165,Brown,Conc. Up,Non-restored (+/+)
NDUFAB1,C2,0.9999316120234492,Red,Conc. Down,Non-restored (-/-)
IMPA2,C1,0.9996177750610288,Yellow,Conc. Down,Non-restored (-/-)
PRMT5,C3,0.9722605091971888,Brown,Disc. YUp/ODn,Reversal
PSMA7,C3,0.7967832319140923,Brown,Conc. Up,Rejuvenation
OPLAH,C2,0.9592642351378252,Blue,Conc. Down,Reversal
MGST3,C2,0.9148162670368812,Red,Conc. Down,Non-restored (-/-)
RGS12,C2,0.5046514797701492,Turquoise,Conc. Down,Non-restored (-/-)
HAT1,C4,0.7600466178400195,Brown,Disc. YDn/OUp,Rejuvenation
UQCRQ,C2,0.9999977850319182,Red,Disc. YDn/OUp,Non-restored (+/+)
MYL12B,C2,0.5536532962477131,Red,Disc. YDn/OUp,Non-restored (+/+)
UQCR11,C2,0.9999459191047136,Red,Disc. YDn/OUp,Rejuvenation
HGS,C3,0.6066573134744886,Black,Conc. Down,Non-restored (-/-)
HNRNPDL,C4,0.5843289739110613,Turquoise,Conc. Down,Non-restored (-/-)
XPO1,C1,0.9975304017894636,Yellow,Disc. YUp/ODn,Reversal
ATP2A1,C1,0.9986075071421316,Yellow,Conc. Up,Rejuvenation
SYNJ2,C1,0.996817314717968,Pink,Disc. YDn/OUp,Non-restored (+/+)
SYNM,C4,0.9958456297676213,Green,Disc. YUp/ODn,Non-restored (-/-)
ARPC1B,C3,0.9948623501575056,Brown,Conc. Up,Non-restored (+/+)
PFDN6,C1,0.6274839759152744,Yellow,Conc. Down,Reversal
NDUFA1,C2,0.9514931245699458,Red,Disc. YDn/OUp,Rejuvenation
SURF4,C3,0.998428732907302,Brown,Disc. YUp/ODn,Non-restored (-/-)
TCAP,C4,0.9991698129016732,Green,Conc. Down,Non-restored (-/-)
EIF3D,C4,0.9990700452143751,Black,Disc. YDn/OUp,Rejuvenation
EIF3H,C3,0.7710265962504713,Black,Disc. YUp/ODn,Non-restored (-/-)
BCAT2,C2,0.99858488970406,Blue,Conc. Down,Reversal
STX7,C3,0.9999260931887324,Brown,Conc. Up,Non-restored (+/+)
ARPC5,C1,0.5409572767462756,Turquoise,Conc. Up,Non-restored (+/+)
CYB5B,C1,0.553989299168834,Yellow,Disc. YUp/ODn,Non-restored (-/-)
NDUFS4,C2,0.8267581752627031,Red,Conc. Down,Non-restored (-/-)
DYNC1LI2,C3,0.91140880995546,Turquoise,Disc. YUp/ODn,Non-restored (-/-)
PSMD3,C3,0.591990061820558,Brown,Disc. YUp/ODn,Non-restored (-/-)
RASA4,C4,0.979593539552641,Blue,Conc. Down,Reversal
HNRNPR,C1,0.46341671629106435,Brown,Conc. Up,Rejuvenation
TXNL1,C3,0.7320787680510346,Turquoise,Conc. Up,Rejuvenation
AKR7A2,C2,0.9997440581164057,Blue,Conc. Down,Reversal
LAT,C1,0.991904423462232,Yellow,Disc. YDn/OUp,Rejuvenation
DENR,C4,0.9548904474872228,Yellow,Conc. Down,Non-restored (-/-)
DNPH1,C1,0.8006166213462537,Turquoise,Disc. YDn/OUp,Rejuvenation
TIMM44,C2,0.9999978293194084,Blue,Conc. Up,Non-restored (+/+)
TRAPPC3,C3,0.9748548944011474,Turquoise,Conc. Up,Non-restored (+/+)
NDUFB5,C2,0.9985423462769628,Red,Disc. YDn/OUp,Rejuvenation
NDUFB3,C2,0.9997100795547736,Red,Disc. YDn/OUp,Rejuvenation
NDUFA2,C2,0.998145629289704,Red,Conc. Down,Non-restored (-/-)
ACTN4,C4,0.9999833341830452,Green,Disc. YDn/OUp,Rejuvenation
PRKAB2,C1,0.7904995770540076,Yellow,Conc. Up,Non-restored (+/+)
SYNGR2,C3,0.5247205353255973,Green,Conc. Down,Non-restored (-/-)
SGTA,C2,0.753041965164019,Blue,Conc. Down,Reversal
SLC25A20,C2,0.9999979198822296,Blue,Disc. YDn/OUp,Non-restored (+/+)
NARS1,C3,0.9899572323459784,Turquoise,Conc. Up,Rejuvenation
SLC37A4,C1,0.9654423996650436,Yellow,Disc. YUp/ODn,Non-restored (-/-)
IDH3B,C2,0.999936577494446,Blue,Conc. Up,Non-restored (+/+)
CALU,C3,0.9745081354455688,Brown,Conc. Up,Rejuvenation
AHCYL1,C3,0.9725149478632356,Brown,Conc. Up,Non-restored (+/+)
NDUFS5,C2,0.990779078579697,Red,Disc. YDn/OUp,Non-restored (+/+)
TIMM8A,C2,0.8796115054749694,Red,Disc. YDn/OUp,Non-restored (+/+)
PPP1R12B,C3,0.9627535901020402,Brown,Disc. YUp/ODn,Non-restored (-/-)
PRPSAP2,C1,0.5093875765448576,Green,Conc. Down,Non-restored (-/-)
SPAG9,C3,0.9990449148898628,Brown,Disc. YDn/OUp,Rejuvenation
OPA1,C2,0.9999266388684276,Blue,Conc. Up,Non-restored (+/+)
TBC1D4,C1,0.869813353210866,Turquoise,Disc. YDn/OUp,Rejuvenation
SYNCRIP,C3,0.8917761938975406,Black,Disc. YUp/ODn,Non-restored (-/-)
SELENOF,C4,0.8572886846040549,Turquoise,Disc. YDn/OUp,Non-restored (+/+)
KLHL41,C3,0.7065990863883023,Brown,Conc. Up,Rejuvenation
KPNA6,C3,0.9537817589531228,Brown,Conc. Up,Rejuvenation
USO1,C1,0.9998817728142944,Yellow,Conc. Down,Reversal
EDF1,C3,0.9932535236087244,Black,Conc. Down,Non-restored (-/-)
DNAJA2,C3,0.9995207704516864,Brown,Conc. Up,Rejuvenation
CUTA,C3,0.5998383993902354,Turquoise,Conc. Down,Reversal
PFDN1,C1,0.8009518442369821,Green,Conc. Down,Non-restored (-/-)
WDR1,C3,0.8167398310791494,Brown,Conc. Up,Rejuvenation
LDB3,C4,0.9999997764639544,Black,Disc. YDn/OUp,Rejuvenation
CLASP2,C2,0.998409463245161,Red,Conc. Down,Reversal
COBL,C1,0.7505257077792513,Turquoise,Disc. YDn/OUp,Rejuvenation
CPNE3,C3,0.8067390434034231,Yellow,Disc. YUp/ODn,Reversal
CLUH,C2,0.9997330961567954,Yellow,Conc. Up,Non-restored (+/+)
CAND2,C3,0.9879612728142816,Brown,Disc. YUp/ODn,Reversal
COQ9,C2,0.9935019558569352,Blue,Conc. Down,Reversal
GGCT,C1,0.9847094516194814,Turquoise,Conc. Down,Non-restored (-/-)
NDUFS7,C2,0.9500044417049284,Red,Disc. YDn/OUp,Rejuvenation
RTN2,C3,0.9828419960771272,Yellow,Disc. YUp/ODn,Non-restored (-/-)
NDUFS2,C2,0.9741661841460976,Red,Disc. YDn/OUp,Rejuvenation
NIPSNAP2,C2,0.9999873418743688,Turquoise,Conc. Down,Reversal
CILP,C4,0.9995202628644454,Green,Disc. YDn/OUp,Rejuvenation
ATP6V1G1,C3,0.9989964590322968,Turquoise,Disc. YUp/ODn,Reversal
VPS4B,C1,0.800320967864268,Turquoise,Disc. YDn/OUp,Non-restored (+/+)
SH3BGRL,C1,0.9758547452525846,Pink,Conc. Up,Rejuvenation
FLNB,C3,0.9987419054399108,Brown,Conc. Up,Rejuvenation
NDUFS6,C2,0.9902550720533838,Red,Disc. YDn/OUp,Non-restored (+/+)
CS,C2,0.9999998602881548,Blue,Conc. Down,Reversal
SEC22B,C3,0.9970766682491,Brown,Disc. YUp/ODn,Reversal
MTX2,C2,0.8307945107635312,Red,Conc. Down,Reversal
NDUFB1,C2,0.9953020303747112,Red,Conc. Down,Non-restored (-/-)
PMPCB,C2,0.9991671229929288,Blue,Disc. YDn/OUp,Non-restored (+/+)
NDUFS3,C2,0.9994427798035704,Red,Conc. Down,Reversal
ECI2,C2,0.9999003358667394,Blue,Conc. Down,Reversal
BANF1,C4,0.9813783287391408,Green,Disc. YDn/OUp,Rejuvenation
CSDE1,C4,0.9447295105307768,Black,Disc. YUp/ODn,Non-restored (-/-)
PRKRA,C4,0.9981987573637018,Black,Conc. Up,Rejuvenation
LYPLA1,C2,0.995828221843861,Red,Disc. YDn/OUp,Non-restored (+/+)
TIPRL,C1,0.7780030070319887,Yellow,Conc. Up,Rejuvenation
PPM1B,C4,0.5300910584550932,Yellow,Disc. YDn/OUp,Non-restored (+/+)
SLC25A12,C2,0.999978257644444,Red,Disc. YDn/OUp,Non-restored (+/+)
TCEA3,C4,0.9910847849932134,Blue,Disc. YDn/OUp,Non-restored (+/+)
EIF3G,C3,0.9796860221890232,Turquoise,Disc. YDn/OUp,Rejuvenation
EIF3J,C4,0.5934784745170586,Yellow,Conc. Up,Rejuvenation
PSMD10,C1,0.9905798205837366,Yellow,Conc. Down,Reversal
IDH1,C1,0.9969679409309762,Yellow,Conc. Down,Reversal
SCO1,C2,0.9911395807914384,Magenta,Disc. YDn/OUp,Rejuvenation
ARL6IP5,C3,0.9971122146129422,Brown,Disc. YUp/ODn,Reversal
DYSF,C3,0.9999854055792428,Brown,Conc. Up,Rejuvenation
DCTN3,C1,0.9996260671789988,Yellow,Disc. YDn/OUp,Rejuvenation
ATP5PD,C2,0.9999924671983602,Magenta,Disc. YUp/ODn,Reversal
FLOT1,C1,0.98417910019873,Yellow,Conc. Up,Non-restored (+/+)
ATP5MG,C2,0.9999128487885248,Magenta,Disc. YUp/ODn,Reversal
GLRX3,C3,0.8173126791458409,Brown,Conc. Up,Rejuvenation
SNCG,C4,0.5179850043794706,Turquoise,Conc. Up,Non-restored (+/+)
BAIAP3,C2,0.9997505259685838,Magenta,Conc. Down,Non-restored (-/-)
TOMM70,C2,0.9561802836763368,Yellow,Disc. YUp/ODn,Reversal
TMEM63A,C3,0.999537180832255,Brown,Conc. Up,Non-restored (+/+)
PLPBP,C1,0.999969472924988,Pink,Conc. Down,Reversal
ERLIN2,C4,0.998350051101364,Black,Conc. Down,Non-restored (-/-)
ENDOD1,C1,0.4945874149351955,Brown,Conc. Up,Rejuvenation
SEC31A,C3,0.9979978995449392,Brown,Conc. Up,Non-restored (+/+)
NDUFB6,C2,0.9999215662267,Red,Disc. YDn/OUp,Rejuvenation
MFN2,C3,0.6481874901505706,Magenta,Disc. YUp/ODn,Reversal
NDUFA3,C2,0.9991189256375448,Red,Conc. Down,Non-restored (-/-)
NDUFB4,C2,0.9993862915887198,Red,Conc. Down,Reversal
NDUFB8,C2,0.985194071018279,Red,Disc. YDn/OUp,Rejuvenation
NDUFA7,C2,0.9904109889588826,Red,Disc. YDn/OUp,Rejuvenation
RTN3,C3,0.987311348108366,Brown,Conc. Up,Non-restored (+/+)
LETM1,C2,0.999985707362406,Blue,Conc. Up,Non-restored (+/+)
STBD1,C3,0.9708935202552,Brown,Disc. YUp/ODn,Non-restored (-/-)
ZRANB2,C1,0.9992649175066524,Pink,Disc. YDn/OUp,Non-restored (+/+)
EPM2A,C4,0.4275133613603913,Turquoise,Conc. Down,Non-restored (-/-)
VAPB,C4,0.9851840439941262,Green,Conc. Down,Non-restored (-/-)
NDUFC2,C2,0.9977835349316256,Red,Disc. YDn/OUp,Rejuvenation
NDUFA10,C2,0.8419336984783269,Red,Disc. YDn/OUp,Rejuvenation
PGLS,C2,0.7350743333609442,Blue,Conc. Down,Reversal
LYPLA2,C3,0.9750705496366684,Turquoise,Conc. Down,Non-restored (-/-)
IPO7,C3,0.8995667799525335,Yellow,Disc. YUp/ODn,Non-restored (-/-)
ARIH2,C4,0.9997754520588608,Green,Disc. YDn/OUp,Rejuvenation
SVIL,C4,0.6103019151927125,Green,Disc. YUp/ODn,Non-restored (-/-)
H6PD,C1,0.998923794192054,Yellow,Conc. Down,Reversal
MPC2,C2,0.999430393157872,Magenta,Disc. YUp/ODn,Non-restored (-/-)
ETHE1,C2,0.9999858167171736,Magenta,Conc. Down,Non-restored (-/-)
ACSL3,C3,0.9942290817249716,Brown,Disc. YUp/ODn,Non-restored (-/-)
ASMTL,C4,0.8893525579790476,Green,Conc. Down,Reversal
SNAP29,C3,0.7391660791310226,Pink,Disc. YUp/ODn,Reversal
OXSR1,C1,0.9987769695555672,Turquoise,Conc. Down,Reversal
LSM8,C4,0.8166799222199302,Green,Disc. YDn/OUp,Rejuvenation
AP2A1,C3,0.9997829902053356,Brown,Conc. Up,Non-restored (+/+)
BAG2,C1,0.6832019225048935,Turquoise,Disc. YUp/ODn,Non-restored (-/-)
BAG3,C4,0.9659993882739832,Brown,Conc. Up,Rejuvenation
MLYCD,C2,0.9999943347434492,Blue,Conc. Down,Reversal
AIFM1,C2,0.99999677460155,Magenta,Conc. Down,Non-restored (-/-)
BPNT1,C1,0.8007423778611801,Yellow,Disc. YUp/ODn,Reversal
DDAH2,C3,0.9996714914576992,Pink,Conc. Up,Non-restored (+/+)
ABHD16A,C3,0.8752520232671983,Blue,Disc. YUp/ODn,Reversal
TXNDC12,C3,0.9562301503465828,Pink,Disc. YUp/ODn,Reversal
NUDT3,C2,0.4748753486084716,Blue,Conc. Down,Reversal
NDUFB10,C2,0.9995141991750962,Red,Conc. Down,Non-restored (-/-)
TOMM40,C2,0.969342443035796,Red,Disc. YDn/OUp,Non-restored (+/+)
PEX11B,C3,0.6156461503217961,Blue,Conc. Down,Reversal
CYB5A,C1,0.9017594288259084,Blue,Disc. YUp/ODn,Reversal
ADH1B,C1,0.9939218520658032,Pink,Conc. Down,Reversal
GLUD1,C2,0.9978761140121296,Blue,Conc. Up,Non-restored (+/+)
CYB5R3,C3,0.9999591952217076,Brown,Disc. YUp/ODn,Reversal
GSR,C3,0.9675208090335408,Brown,Conc. Up,Rejuvenation
MT-CO1,C4,0.6229841610735771,Red,Disc. YDn/OUp,Rejuvenation
MT-CO2,C2,0.9987563992231502,Red,Conc. Down,Non-restored (-/-)
MT-CO3,C2,0.8386968064223655,Red,Conc. Down,Non-restored (-/-)
CP,C1,0.9929863126589772,Pink,Disc. YUp/ODn,Reversal
F13A1,C3,0.997838999965468,Turquoise,Conc. Up,Non-restored (+/+)
HPRT1,C3,0.94751782003125,Brown,Conc. Up,Rejuvenation
GOT2,C2,0.9999999044638176,Blue,Disc. YDn/OUp,Non-restored (+/+)
PGK1,C1,0.9997576461841914,Turquoise,Conc. Up,Rejuvenation
HP,C1,0.999438619025891,Pink,Disc. YUp/ODn,Reversal
CFB,C1,0.9944510534330816,Pink,Conc. Up,Non-restored (+/+)
MT-ATP6,C3,0.6559088665142802,Yellow,Disc. YUp/ODn,Non-restored (-/-)
CA2,C1,0.9979490141274798,Pink,Disc. YUp/ODn,Reversal
ASS1,C2,0.8190333079898661,Red,Conc. Down,Reversal
SERPINA1,C1,0.950978539222942,Pink,Disc. YUp/ODn,Reversal
SERPINA3,C1,0.9942048318095368,Pink,Disc. YUp/ODn,Reversal
AGT,C1,0.734981555265815,Pink,Disc. YUp/ODn,Reversal
A2M,C1,0.9390905164142735,Pink,Conc. Up,Rejuvenation
C3,C1,0.9933843473973296,Pink,Disc. YUp/ODn,Reversal
JCHAIN,C1,0.761280169515863,Turquoise,Conc. Down,Reversal
IGKV3-20,C1,0.9697308644330774,Pink,Conc. Up,Non-restored (+/+)
IGHV3-7,C1,0.9863376398740028,Pink,Conc. Up,Non-restored (+/+)
IGKC,C1,0.9986305003946436,Pink,Conc. Up,Non-restored (+/+)
IGHG1,C1,0.9943265111978786,Pink,Conc. Up,Non-restored (+/+)
IGHG2,C1,0.9649690024770315,Pink,Conc. Up,Non-restored (+/+)
IGHG3,C1,0.5112414325909946,Pink,Conc. Up,Non-restored (+/+)
IGHM,C1,0.9682655179535946,Pink,Conc. Up,Non-restored (+/+)
IGHA1,C1,0.957654231614685,Pink,Conc. Up,Non-restored (+/+)
HLA-B,C4,0.9989979352196812,Blue,Disc. YDn/OUp,Non-restored (+/+)
MB,C3,0.938553194521916,Blue,Conc. Down,Reversal
COL1A1,C4,0.9990197707974272,Green,Disc. YDn/OUp,Rejuvenation
COL3A1,C4,0.9997921385933176,Green,Disc. YDn/OUp,Rejuvenation
COL4A1,C4,0.9988341152618524,Green,Conc. Down,Non-restored (-/-)
CRYAB,C3,0.9997373960380178,Brown,Conc. Up,Rejuvenation
LMNA,C4,0.9667352997882708,Green,Disc. YDn/OUp,Rejuvenation
TNNC2,C4,0.9999893571937256,Green,Disc. YDn/OUp,Rejuvenation
APOE,C1,0.7581382815431386,Pink,Conc. Down,Reversal
APOC2,C1,0.9527102596275572,Pink,Disc. YUp/ODn,Reversal
LRG1,C1,0.9675766565244828,Pink,Disc. YUp/ODn,Reversal
FN1,C2,0.9478488135447632,Turquoise,Conc. Down,Non-restored (-/-)
RBP4,C1,0.9803278079282378,Pink,Conc. Down,Reversal
ORM1,C1,0.9996005504446012,Pink,Disc. YUp/ODn,Reversal
TTR,C1,0.997796613142996,Pink,Disc. YDn/OUp,Non-restored (+/+)
ALB,C1,0.7912242575153107,Pink,Disc. YUp/ODn,Reversal
TFRC,C3,0.9392970512389268,Turquoise,Disc. YUp/ODn,Reversal
TF,C1,0.9959976556694862,Pink,Conc. Up,Non-restored (+/+)
FTH1,C1,0.8228238430268812,Red,Disc. YDn/OUp,Non-restored (+/+)
MT2A,C1,0.9507387049295964,Pink,Conc. Down,Reversal
MT-ND1,C2,0.9818031219531708,Red,Disc. YDn/OUp,Rejuvenation
MT-ND2,C2,0.9468055056222056,Green,Disc. YDn/OUp,Rejuvenation
MT-ND3,C2,0.9993290682550224,Red,Conc. Down,Non-restored (-/-)
MT-ND5,C2,0.7471027729208678,Red,Disc. YDn/OUp,Rejuvenation
MT-ATP8,C2,0.9998553663349814,Magenta,Conc. Up,Rejuvenation
CAT,C1,0.9991887829282186,Pink,Conc. Down,Reversal
ALDOA,C1,0.9990670910487912,Yellow,Disc. YUp/ODn,Reversal
CSTB,C1,0.8894617747283794,Blue,Disc. YDn/OUp,Non-restored (+/+)
ANXA1,C3,0.9984764899061662,Brown,Conc. Up,Non-restored (+/+)
VWF,C4,0.9608698672686466,Turquoise,Disc. YDn/OUp,Rejuvenation
GAPDH,C1,0.7706854723524954,Yellow,Conc. Up,Rejuvenation
HLA-A,C1,0.7296324726192767,Blue,Conc. Up,Non-restored (+/+)
CAPNS1,C3,0.7830220369187103,Brown,Conc. Up,Rejuvenation
HSPB1,C3,0.9983022204987058,Brown,Conc. Up,Rejuvenation
RPN1,C3,0.8507955393311885,Black,Disc. YDn/OUp,Rejuvenation
RPN2,C3,0.6156113939313628,Yellow,Conc. Up,Rejuvenation
ATP1A1,C3,0.9716537796279704,Brown,Conc. Up,Rejuvenation
ATP1B1,C3,0.9675845864715852,Turquoise,Conc. Up,Non-restored (+/+)
APOD,C1,0.9774802980601665,Pink,Conc. Down,Reversal
SLC25A5,C2,0.9999993383913804,Magenta,Disc. YDn/OUp,Non-restored (+/+)
SERPING1,C1,0.9931785326597448,Pink,Disc. YDn/OUp,Non-restored (+/+)
PCCA,C2,0.9999332457049588,Blue,Disc. YUp/ODn,Reversal
PCCB,C2,0.999995983841935,Blue,Conc. Up,Non-restored (+/+)
EIF2S1,C4,0.9437169123794464,Black,Conc. Up,Rejuvenation
RPLP1,C4,0.9651869216995002,Black,Disc. YDn/OUp,Rejuvenation
RPLP2,C4,0.9998739320885024,Black,Conc. Up,Rejuvenation
RPLP0,C4,0.999814124376538,Black,Conc. Up,Rejuvenation
FABP3,C2,0.9229391085893548,Blue,Disc. YUp/ODn,Reversal
CLEC3B,C1,0.9740319475124,Pink,Disc. YUp/ODn,Reversal
KRT18,C4,0.980662657388892,Green,Disc. YDn/OUp,Rejuvenation
KRT8,C1,0.7291432653243216,Turquoise,Conc. Down,Non-restored (-/-)
MYL1,C4,0.9999993341423896,Green,Disc. YDn/OUp,Rejuvenation
GSN,C3,0.9995699812190154,Black,Conc. Up,Rejuvenation
PTMA,C3,0.984835245997826,Blue,Disc. YDn/OUp,Non-restored (+/+)
ATP5F1B,C2,0.999999586585404,Magenta,Conc. Up,Non-restored (+/+)
S100A6,C3,0.999907057654056,Brown,Conc. Up,Rejuvenation
EIF4E,C1,0.6846590611861068,Turquoise,Conc. Down,Non-restored (-/-)
ENO1,C1,0.9385743823398592,Yellow,Conc. Up,Rejuvenation
PYGL,C4,0.6847552390180192,Blue,Disc. YUp/ODn,Reversal
NPM1,C4,0.9746439481966872,Black,Conc. Down,Reversal
TPM3,C4,0.9999980060859528,Green,Disc. YDn/OUp,Rejuvenation
EPHX1,C3,0.99266641256274,Brown,Disc. YUp/ODn,Non-restored (-/-)
DBI,C1,0.8145405353253632,Turquoise,Conc. Down,Reversal
LDHB,C3,0.972317718319016,Blue,Disc. YUp/ODn,Reversal
GPX1,C1,0.9183264959760852,Blue,Conc. Down,Reversal
P4HB,C3,0.9165489891287576,Brown,Conc. Up,Non-restored (+/+)
H1-0,C4,0.9492967137526572,Green,Conc. Down,Reversal
CTSD,C1,0.945401622916058,Blue,Conc. Down,Reversal
ANXA2,C3,0.9999919715915088,Brown,Conc. Up,Rejuvenation
TUBB,C3,0.9996835850804836,Brown,Conc. Up,Rejuvenation
CA3,C3,0.99912576754521365,Blue,Disc. YUp/ODn,Reversal
DCN,C1,0.6458102874410317,Green,Conc. Down,Non-restored (-/-)
PSAP,C1,0.916460505826422,Blue,Conc. Down,Reversal
PFN1,C3,0.9983877551942184,Brown,Disc. YUp/ODn,Reversal
BPGM,C1,0.9998401376710208,Pink,Conc. Down,Non-restored (-/-)
APRT,C4,0.8934881179002573,Green,Conc. Up,Rejuvenation
EPRS1,C3,0.9998182842661874,Brown,Conc. Up,Rejuvenation
CTSB,C3,0.5855135299874317,Blue,Conc. Up,Non-restored (+/+)
HSP90AA1,C3,0.9985222552357615,Brown,Conc. Up,Non-restored (+/+)
UQCRH,C2,0.9999661967926156,Red,Disc. YDn/OUp,Rejuvenation
TPM2,C4,0.999999365053411,Green,Disc. YDn/OUp,Rejuvenation
FH,C2,0.99999935670128,Blue,Conc. Up,Non-restored (+/+)
COL1A2,C4,0.9992878422614708,Green,Conc. Down,Non-restored (-/-)
PFKM,C3,0.5581079955159616,Yellow,Disc. YUp/ODn,Non-restored (-/-)
HSP90AB1,C3,0.9267044030492152,Brown,Conc. Up,Rejuvenation
SOD3,C2,0.5664006911548232,Turquoise,Conc. Down,Reversal
CTSG,C2,0.5442594280130484,Blue,Disc. YDn/OUp,Rejuvenation
PDHA1,C2,0.999909295274318,Magenta,Conc. Up,Rejuvenation
COL4A2,C4,0.9993771936746187,Green,Conc. Down,Non-restored (-/-)
CYC1,C2,0.9958103356406942,Red,Disc. YDn/OUp,Non-restored (+/+)
MYL3,C4,0.999997562193369,Green,Disc. YDn/OUp,Rejuvenation
CFH,C1,0.9857026151739358,Pink,Disc. YDn/OUp,Non-restored (+/+)
VIM,C4,0.9579779162027892,Green,Conc. Up,Rejuvenation
SERPINF2,C1,0.9970051864679996,Pink,Conc. Up,Rejuvenation
RPS17,C4,0.9144094408335096,Black,Conc. Up,Rejuvenation
KRT19,C1,0.7673516170057227,Turquoise,Disc. YDn/OUp,Rejuvenation
ANXA5,C3,0.9998763160152332,Brown,Disc. YUp/ODn,Non-restored (-/-)
RPSA,C4,0.8926797400791805,Black,Conc. Up,Rejuvenation
SNRPA,C4,0.8745869154235826,Turquoise,Disc. YDn/OUp,Non-restored (+/+)
ENO2,C1,0.9986907390934706,Turquoise,Disc. YDn/OUp,Rejuvenation
ACAA1,C2,0.9003162188333299,Red,Disc. YUp/ODn,Reversal
GSTP1,C1,0.9691962629107564,Yellow,Conc. Down,Reversal
QDPR,C1,0.9999143565478836,Green,Conc. Down,Non-restored (-/-)
HMGB1,C1,0.9727644845831936,Blue,Conc. Down,Reversal
FBP1,C1,0.9621406830237418,Yellow,Conc. Down,Reversal
GSTM1,C1,0.5670511575569593,Black,Disc. YDn/OUp,Rejuvenation
TPM1,C4,0.9999993412409076,Green,Disc. YDn/OUp,Rejuvenation
CLTB,C3,0.9994537775722518,Brown,Disc. YUp/ODn,Reversal
ANXA4,C1,0.3907723229889207,Blue,Conc. Up,Non-restored (+/+)
HMOX1,C1,0.6689864741509521,Turquoise,Conc. Down,Non-restored (-/-)
DLD,C3,0.6298098558973806,Magenta,Conc. Down,Reversal
HNRNPA1,C4,0.7847507767404237,Black,Conc. Down,Non-restored (-/-)
COX6C,C2,0.9827420624285036,Red,Disc. YDn/OUp,Rejuvenation
IFIT2,C3,0.9714945171571892,Turquoise,Conc. Down,Reversal
UCHL1,C3,0.9996674431242104,Brown,Conc. Up,Rejuvenation
LTA4H,C1,0.9344436272955872,Turquoise,Disc. YUp/ODn,Non-restored (-/-)
LIMS3,C4,0.9999971222644298,Green,Disc. YDn/OUp,Rejuvenation
HSPA1A,C3,0.9983909785864196,Brown,Conc. Down,Non-restored (-/-)
IGLC2,C1,0.9941664645154212,Pink,Conc. Up,Non-restored (+/+)
IGLC3,C1,0.8489150048587224,Pink,Conc. Up,Non-restored (+/+)
CALM1,C4,0.8897702148507168,Green,Conc. Up,Rejuvenation
FDX1,C2,0.9932817366547554,Magenta,Conc. Down,Reversal
COX8A,C2,0.999048823880833,Red,Disc. YDn/OUp,Non-restored (+/+)
ARAF,C1,0.5624320779841411,Turquoise,Disc. YUp/ODn,Reversal
DLAT,C2,0.999910742395513,Magenta,Disc. YUp/ODn,Non-restored (-/-)
COX5B,C2,0.987267227962608,Red,Disc. YDn/OUp,Rejuvenation
MAPT,C3,0.9983824639977884,Brown,Conc. Up,Rejuvenation
PRKAR1A,C1,0.9876485717651056,Yellow,Disc. YUp/ODn,Reversal
ESD,C1,0.997741012586444,Yellow,Conc. Down,Non-restored (-/-)
HSPD1,C2,0.999995956806376,Blue,Conc. Up,Non-restored (+/+)
THRB,C4,0.9999838279571108,Green,Disc. YDn/OUp,Rejuvenation
CLU,C1,0.9982180929166466,Pink,Disc. YUp/ODn,Reversal
MYL2,C4,0.999897662735502,Red,Disc. YDn/OUp,Rejuvenation
HSPA5,C3,0.9999638864662596,Brown,Conc. Up,Rejuvenation
LAMC1,C4,0.9997656429312222,Green,Disc. YDn/OUp,Rejuvenation
MYH3,C4,0.978092842853203,Green,Conc. Down,Non-restored (-/-)
HSPA8,C3,0.997171787819489,Brown,Conc. Up,Rejuvenation
EPB41,C1,0.9996758135431708,Pink,Conc. Up,Non-restored (+/+)
PDHB,C2,0.99835112538783,Magenta,Disc. YUp/ODn,Reversal
DBT,C4,0.62693944741071,Blue,Conc. Down,Reversal
RALA,C2,0.4804439016862806,Red,Conc. Down,Reversal
SPTB,C1,0.9526667214096796,Pink,Conc. Down,Non-restored (-/-)
ACADM,C2,0.9873421949712674,Blue,Conc. Up,Non-restored (+/+)
UBL4A,C3,0.999836678383612,Brown,Disc. YUp/ODn,Non-restored (-/-)
DMD,C1,0.47833301581730886,Turquoise,Conc. Down,Non-restored (-/-)
ADH5,C1,0.988407600385218,Turquoise,Conc. Down,Reversal
COL6A1,C4,0.999659342865698,Green,Disc. YDn/OUp,Rejuvenation
COL6A2,C4,0.9991487355443868,Green,Disc. YDn/OUp,Rejuvenation
COL6A3,C4,0.999784372087093,Green,Disc. YDn/OUp,Rejuvenation
SLC25A4,C2,0.9999807158726898,Blue,Conc. Up,Non-restored (+/+)
SLC25A6,C2,0.995087724053872,Yellow,Conc. Up,Non-restored (+/+)
IMPDH2,C3,0.5887611310132326,Brown,Disc. YDn/OUp,Rejuvenation
CKB,C1,0.9639281427715264,Blue,Conc. Down,Reversal
BCKDHA,C2,0.9629540307798924,Red,Conc. Down,Non-restored (-/-)
ACTN1,C4,0.9999905550059954,Green,Disc. YDn/OUp,Rejuvenation
MYH1,C4,0.999510206062468,Green,Conc. Down,Non-restored (-/-)
MYH7,C4,0.9999980957210736,Green,Disc. YDn/OUp,Rejuvenation
PEPD,C3,0.6980026545208732,Turquoise,Conc. Down,Non-restored (-/-)
XRCC5,C1,0.9024724888741652,Yellow,Conc. Down,Non-restored (-/-)
COX4I1,C2,0.9998770288568564,Red,Conc. Down,Reversal
IFITM1,C1,0.9076669288337011,Blue,Conc. Down,Reversal
LAMP2,C1,0.5806066620644409,Blue,Conc. Down,Reversal
RNH1,C1,0.6542293818637888,Turquoise,Conc. Down,Reversal
MYH8,C4,0.9999990782394956,Green,Disc. YDn/OUp,Rejuvenation
VCAN,C1,0.745719687742174,Turquoise,Disc. YUp/ODn,Non-restored (-/-)
EEF2,C3,0.94921793690138,Brown,Conc. Up,Rejuvenation
KRT10,C1,0.5333885103389495,Red,Disc. YDn/OUp,Rejuvenation
PDIA4,C3,0.731296908052967,Blue,Conc. Up,Non-restored (+/+)
TPT1,C1,0.9454819438515288,Yellow,Conc. Down,Non-restored (-/-)
ALAD,C1,0.8757872806760773,Pink,Conc. Up,Non-restored (+/+)
PLS3,C2,0.7474316764000052,Blue,Disc. YDn/OUp,Non-restored (+/+)
APEH,C1,0.9965117067212564,Yellow,Conc. Up,Non-restored (+/+)
ETFA,C2,0.9999999289994576,Blue,Conc. Down,Reversal
TNNT1,C4,0.9999985303372472,Green,Disc. YDn/OUp,Rejuvenation
GYS1,C3,0.9978083725755492,Brown,Conc. Up,Rejuvenation
PRKAR2A,C1,0.9703942461506138,Yellow,Disc. YUp/ODn,Reversal
ENO3,C1,0.5856529148786952,Turquoise,Conc. Up,Rejuvenation
CD59,C1,0.6620740870138817,Yellow,Disc. YUp/ODn,Reversal
MIF,C3,0.8584116501685664,Pink,Conc. Up,Rejuvenation
CD99,C3,0.9945893024444624,Black,Conc. Up,Rejuvenation
PRKCSH,C1,0.6813235871329434,Yellow,Disc. YUp/ODn,Non-restored (-/-)
COX7A2,C2,0.9995389241459978,Red,Disc. YDn/OUp,Rejuvenation
NID1,C4,0.996661483539628,Green,Disc. YDn/OUp,Rejuvenation
ACYP2,C3,0.992745646494752,Brown,Conc. Up,Rejuvenation
HSP90B1,C3,0.9974294652146324,Brown,Conc. Up,Rejuvenation
IDE,C3,0.855772919928625,Turquoise,Disc. YDn/OUp,Rejuvenation
COX6B1,C2,0.9887540452008104,Red,Disc. YDn/OUp,Non-restored (+/+)
HNRNPL,C4,0.9971417213336916,Yellow,Disc. YDn/OUp,Rejuvenation
DARS1,C3,0.9999712278390988,Brown,Conc. Up,Non-restored (+/+)
JUP,C2,0.9419337846449,Turquoise,Conc. Up,Rejuvenation
UQCRB,C2,0.982208022987716,Red,Disc. YDn/OUp,Rejuvenation
FABP4,C2,0.9075990495911826,Blue,Conc. Down,Reversal
GLUL,C2,0.9985128274888924,Blue,Conc. Down,Reversal
GSPT1,C3,0.7288421222465841,Brown,Conc. Up,Rejuvenation
PGAM2,C1,0.9666462495038876,Turquoise,Conc. Down,Reversal
EZR,C3,0.9997579142619806,Brown,Conc. Up,Rejuvenation
UCHL3,C1,0.9869652227777916,Turquoise,Conc. Up,Rejuvenation
NME1,C1,0.7490326143072118,Pink,Conc. Up,Non-restored (+/+)
RPS2,C4,0.5502896235617127,Yellow,Conc. Up,Rejuvenation
RPA2,C4,0.9992628562479846,Red,Disc. YDn/OUp,Non-restored (+/+)
COX7C,C2,0.999913964222347,Red,Disc. YDn/OUp,Rejuvenation
PFKFB1,C4,0.9397129251401763,Yellow,Disc. YDn/OUp,Rejuvenation
CBR1,C3,0.9995191842624253,Brown,Conc. Up,Rejuvenation
ANK1,C1,0.9995988835513634,Pink,Conc. Up,Non-restored (+/+)
ACADS,C2,0.9999873284766484,Blue,Conc. Down,Reversal
PPP3CB,C1,0.8087790930567256,Turquoise,Conc. Down,Reversal
ATP2A2,C3,0.5814055227592466,Yellow,Conc. Down,Reversal
FAH,C1,0.982428264559372,Pink,Disc. YUp/ODn,Reversal
YBX3,C3,0.9845960550421464,Turquoise,Conc. Down,Non-restored (-/-)
TMEM11,C2,0.9999970236565432,Red,Disc. YDn/OUp,Non-restored (+/+)
GOT1,C2,0.9999896202908256,Blue,Conc. Down,Reversal
CKMT2,C2,0.99999973314806,Blue,Disc. YDn/OUp,Non-restored (+/+)
NDUFB7,C2,0.9963063225277357,Red,Conc. Down,Reversal
PRKACA,C3,0.8800395954490186,Yellow,Conc. Up,Non-restored (+/+)
CAPN2,C3,0.9894002024708344,Brown,Conc. Up,Non-restored (+/+)
DES,C4,0.9999600872570994,Green,Disc. YDn/OUp,Rejuvenation
PFKL,C3,0.5860476651756814,Yellow,Conc. Up,Rejuvenation
LGALS3,C3,0.9961164029205304,Brown,Conc. Up,Non-restored (+/+)
FLT1,C4,0.9996462345081032,Green,Disc. YDn/OUp,Rejuvenation
PSMC3,C1,0.6148441351247557,Yellow,Conc. Up,Rejuvenation
TCP1,C3,0.9999797474755726,Brown,Conc. Up,Rejuvenation
RPL35A,C3,0.8993634851538566,Black,Conc. Down,Non-restored (-/-)
ARF4,C4,0.7893088909409798,Yellow,Disc. YUp/ODn,Non-restored (-/-)
RPL7,C4,0.9996596350674224,Black,Conc. Up,Rejuvenation
VCL,C3,0.9942669853346168,Brown,Conc. Up,Non-restored (+/+)
RPL17,C4,0.9999136808169996,Black,Conc. Up,Rejuvenation
PGAM1,C1,0.9956540657074352,Yellow,Disc. YDn/OUp,Non-restored (+/+)
ATP5PF,C2,0.9995297609288945,Magenta,Conc. Up,Rejuvenation
TSPAN8,C1,0.962412674014556,Green,Conc. Down,Reversal
TNNI1,C4,0.9999970223368468,Green,Disc. YDn/OUp,Rejuvenation
NDUFV2,C2,0.998622271879342,Red,Disc. YDn/OUp,Rejuvenation
TYMP,C1,0.9053905448875472,Turquoise,Conc. Up,Rejuvenation
ATP2B1,C4,0.7606244119376863,Turquoise,Disc. YUp/ODn,Reversal
EIF2S2,C4,0.9352118627147912,Black,Conc. Up,Rejuvenation
TPSB2,C4,0.9688426010435152,Blue,Disc. YDn/OUp,Non-restored (+/+)
BTF3,C1,0.8776277700097685,Yellow,Disc. YUp/ODn,Non-restored (-/-)
PVALB,C1,0.5721295181583053,Green,Conc. Down,Non-restored (-/-)
PSMB1,C1,0.9658650144479528,Brown,Conc. Up,Rejuvenation
COX5A,C2,0.9983368337191544,Red,Disc. YDn/OUp,Non-restored (+/+)
CAPN3,C4,0.620817249048029,Black,Conc. Up,Rejuvenation
CAST,C3,0.9570297553335404,Brown,Conc. Up,Rejuvenation
NEB,C4,0.9996528003182792,Green,Conc. Down,Non-restored (-/-)
ATP6V1B2,C1,0.9893806082481909,Turquoise,Conc. Down,Reversal
CSRP1,C3,0.9949754572700572,Brown,Conc. Up,Rejuvenation
FLNA,C3,0.9981524222173564,Brown,Conc. Up,Rejuvenation
MAOA,C2,0.9998252533797282,Blue,Conc. Down,Reversal
ACO1,C2,0.7792002546502761,Blue,Conc. Down,Reversal
GPD1,C1,0.999674044536135,Green,Conc. Down,Non-restored (-/-)
VDAC1,C2,0.9578864841656516,Red,Conc. Down,Reversal
BGN,C4,0.8919247839689737,Green,Conc. Down,Reversal
RYR1,C1,0.813020046001277,Yellow,Disc. YUp/ODn,Non-restored (-/-)
SDHB,C2,0.9999566240602468,Blue,Disc. YUp/ODn,Reversal
TGM2,C4,0.6461363101549229,Red,Disc. YDn/OUp,Non-restored (+/+)
MMUT,C2,0.9918718946198052,Blue,Conc. Up,Non-restored (+/+)
PCMT1,C4,0.5153158241818866,Yellow,Conc. Down,Reversal
GART,C3,0.9995570172252536,Brown,Conc. Up,Non-restored (+/+)
PAICS,C3,0.9758960318247824,Brown,Conc. Up,Rejuvenation
UBA1,C1,0.9949803992733606,Yellow,Disc. YUp/ODn,Reversal
FDXR,C4,0.9992164602303524,Green,Disc. YDn/OUp,Non-restored (+/+)
HNRNPA2B1,C4,0.901761679453058,Green,Disc. YDn/OUp,Non-restored (+/+)
UQCRC2,C2,0.9999992868363858,Red,Disc. YDn/OUp,Non-restored (+/+)
FECH,C4,0.8296790381140612,Blue,Conc. Up,Non-restored (+/+)
SFPQ,C4,0.9963582087913802,Black,Disc. YDn/OUp,Rejuvenation
S100A1,C1,0.7981106466917157,Brown,Disc. YUp/ODn,Non-restored (-/-)
HRC,C3,0.7832560149585692,Yellow,Conc. Up,Rejuvenation
ME2,C2,0.8430860963929352,Brown,Conc. Up,Rejuvenation
WARS1,C3,0.9415906009152524,Turquoise,Disc. YUp/ODn,Reversal
RPS3,C3,0.9953210799796784,Black,Conc. Up,Rejuvenation
AHCY,C3,0.9988097302000618,Brown,Disc. YUp/ODn,Reversal
CFL1,C1,0.8827828704125826,Yellow,Conc. Up,Non-restored (+/+)
EIF4B,C3,0.6268513490464458,Turquoise,Conc. Down,Reversal
ATP2B4,C1,0.9766268830089694,Yellow,Disc. YUp/ODn,Non-restored (-/-)
CPT2,C2,0.9996898925266252,Blue,Conc. Down,Reversal
LAMA2,C4,0.999969798832296,Green,Disc. YDn/OUp,Rejuvenation
GPT,C2,0.9999902443885844,Blue,Conc. Down,Reversal
COX7A1,C2,0.9864498042970564,Red,Disc. YDn/OUp,Non-restored (+/+)
COX7B,C2,0.9540125698564232,Red,Conc. Down,Reversal
EEF1B2,C3,0.9611866492485834,Brown,Conc. Up,Rejuvenation
ATP5PB,C2,0.9990518179044868,Magenta,Disc. YUp/ODn,Reversal
ACAT1,C2,0.9999971077067634,Blue,Conc. Down,Reversal
AZGP1,C1,0.9916341659268874,Pink,Conc. Down,Reversal
MPST,C1,0.98316602522575125,Blue,Disc. YUp/ODn,Reversal
RPS12,C4,0.6055689893153837,Black,Disc. YDn/OUp,Rejuvenation
DNAJB2,C3,0.8702103939645255,Turquoise,Conc. Down,Reversal
ATP5F1A,C2,0.9999921366507908,Magenta,Conc. Up,Non-restored (+/+)
PSMA1,C1,0.9140671212213516,Brown,Conc. Up,Rejuvenation
PSMA2,C1,0.9994661199549578,Yellow,Conc. Up,Rejuvenation
PSMA3,C3,0.9770206817208924,Brown,Conc. Up,Rejuvenation
PSMA4,C1,0.988070429555388,Yellow,Conc. Up,Rejuvenation
MSN,C3,0.9999467758800836,Brown,Conc. Up,Rejuvenation
RPL13,C4,0.9998390922134872,Black,Conc. Up,Rejuvenation
IVD,C2,0.9989042460482606,Blue,Conc. Down,Reversal
S100A4,C3,0.9987008037060549,Brown,Conc. Up,Non-restored (+/+)
HMGB2,C2,0.844414207945626,Blue,Conc. Down,Reversal
TARS1,C3,0.9882943230937372,Brown,Conc. Up,Rejuvenation
VARS1,C3,0.9999081911024104,Brown,Conc. Up,Non-restored (+/+)
EEF1G,C3,0.7868778301485642,Brown,Conc. Up,Rejuvenation
FKBP2,C4,0.9776911239815328,Red,Conc. Down,Non-restored (-/-)
STOM,C1,0.9994861349411296,Pink,Conc. Down,Reversal
MAOB,C2,0.999989606354859,Blue,Conc. Down,Reversal
YWHAQ,C3,0.9407539212600884,Blue,Conc. Up,Non-restored (+/+)
MAPK3,C4,0.415565570629766,Turquoise,Conc. Down,Non-restored (-/-)
RPL10,C4,0.9999888522281486,Black,Conc. Up,Rejuvenation
APEX1,C4,0.4793177760148968,Blue,Disc. YDn/OUp,Non-restored (+/+)
MAP4,C3,0.9998019899632912,Brown,Conc. Up,Rejuvenation
CANX,C3,0.9945444100636306,Yellow,Conc. Up,Non-restored (+/+)
PSMA5,C1,0.9916016355781906,Yellow,Conc. Up,Rejuvenation
PSMB4,C3,0.6436316181914243,Brown,Conc. Up,Rejuvenation
PSMB6,C1,0.8539107893398011,Yellow,Disc. YUp/ODn,Non-restored (-/-)
PSMB5,C3,0.7247644207384351,Yellow,Disc. YUp/ODn,Reversal
TMOD1,C4,0.9999994799931288,Green,Disc. YDn/OUp,Rejuvenation
NDUFS1,C2,0.9974949062842856,Red,Disc. YDn/OUp,Non-restored (+/+)
MAPK1,C3,0.5123852666000309,Yellow,Conc. Up,Rejuvenation
RBL1,C3,0.6621583498429694,Black,Disc. YDn/OUp,Rejuvenation
LAP3,C2,0.7673883588292045,Blue,Conc. Up,Non-restored (+/+)
CD38,C1,0.9866419816589652,Yellow,Conc. Down,Non-restored (-/-)
EPHA2,C1,0.9956069230189194,Pink,Disc. YUp/ODn,Reversal
TKT,C1,0.8027778981267221,Pink,Conc. Up,Non-restored (+/+)
EEF1D,C3,0.9970893826361644,Yellow,Conc. Up,Rejuvenation
MARCKS,C3,0.999189396408942,Pink,Conc. Up,Non-restored (+/+)
GNA11,C2,0.764429332339794,Turquoise,Conc. Down,Non-restored (-/-)
ERP29,C2,0.8640207165871362,Red,Conc. Up,Non-restored (+/+)
BLVRB,C1,0.9999208629305402,Pink,Conc. Down,Reversal
DDT,C1,0.9966719762901636,Turquoise,Disc. YDn/OUp,Rejuvenation
ATP5F1D,C2,0.9955569715361612,Blue,Disc. YUp/ODn,Reversal
RPL12,C4,0.9912111353612956,Black,Conc. Up,Rejuvenation
ECHS1,C2,0.9999916850963356,Blue,Conc. Up,Non-restored (+/+)
CMPK1,C3,0.6920099159552218,Turquoise,Conc. Down,Non-restored (-/-)
PEBP1,C1,0.9955010607649816,Pink,Conc. Down,Reversal
PDIA3,C1,0.8954937460851331,Brown,Conc. Up,Rejuvenation
PPP2R1A,C3,0.9995213056149356,Brown,Conc. Up,Non-restored (+/+)
PPIF,C2,0.9999999719570152,Blue,Disc. YDn/OUp,Non-restored (+/+)
NMT1,C4,0.6292634073715438,Black,Conc. Down,Non-restored (-/-)
ADSS2,C1,0.9725107794388635,Yellow,Disc. YDn/OUp,Rejuvenation
LRPAP1,C1,0.970125342434066,Blue,Conc. Down,Reversal
TSPO,C2,0.9703102696234742,Yellow,Conc. Up,Non-restored (+/+)
ADSL,C1,0.9999265359048782,Green,Conc. Down,Non-restored (-/-)
CLIP1,C3,0.992962452302676,Brown,Disc. YUp/ODn,Non-restored (-/-)
ALDH1B1,C3,0.9993049704633477,Brown,Conc. Up,Rejuvenation
SDHA,C2,0.9996437317624848,Blue,Disc. YUp/ODn,Reversal
CASQ1,C1,0.9295824543179052,Yellow,Conc. Up,Rejuvenation
DNAJA1,C3,0.998091306994592,Brown,Conc. Up,Non-restored (+/+)
AKT2,C3,0.9966936846882948,Turquoise,Conc. Up,Rejuvenation
UQCRC1,C2,0.9999337410122756,Red,Disc. YDn/OUp,Non-restored (+/+)
HIBADH,C2,0.9981160511556556,Blue,Disc. YDn/OUp,Non-restored (+/+)
ATIC,C3,0.9851411990786152,Brown,Conc. Up,Rejuvenation
HNRNPH1,C2,0.5466773699488675,Red,Disc. YDn/OUp,Non-restored (+/+)
YWHAB,C3,0.99578743836434,Brown,Conc. Up,Non-restored (+/+)
S100A11,C3,0.9996724110165148,Brown,Conc. Up,Non-restored (+/+)
PRDX2,C1,0.9909098586966434,Pink,Conc. Up,Non-restored (+/+)
GBP2,C3,0.9999822266765156,Turquoise,Disc. YUp/ODn,Non-restored (-/-)
ACSL1,C2,0.9999959269473028,Blue,Disc. YUp/ODn,Reversal
MCM5,C1,0.9317542130535704,Pink,Conc. Up,Non-restored (+/+)
SHMT1,C1,0.9988929043467586,Yellow,Conc. Down,Reversal
SHMT2,C2,0.9999801869876792,Magenta,Conc. Up,Non-restored (+/+)
HSPA4,C3,0.998995979470822,Brown,Conc. Up,Non-restored (+/+)
MPI,C1,0.978543957490732,Green,Conc. Down,Non-restored (-/-)
PFN2,C3,0.9997792257262068,Brown,Conc. Up,Rejuvenation
CTNNA1,C2,0.9973817081778886,Magenta,Disc. YDn/OUp,Rejuvenation
RDX,C1,0.9721297867873638,Yellow,Conc. Down,Reversal
RPL22,C4,0.9961655698749596,Black,Disc. YDn/OUp,Rejuvenation
SPR,C2,0.9894946520577852,Blue,Conc. Down,Reversal
THBS4,C3,0.986346028555132,Brown,Disc. YDn/OUp,Rejuvenation
FBN1,C4,0.9869059107433216,Green,Conc. Down,Reversal
AGL,C1,0.952962887695942,Green,Conc. Up,Rejuvenation
MYH9,C4,0.5138192224044951,Pink,Conc. Up,Rejuvenation
COPB2,C3,0.989081092791318,Brown,Conc. Up,Rejuvenation
ACTN2,C4,0.9999914802396902,Green,Disc. YDn/OUp,Rejuvenation
ADD1,C2,0.5289330793385278,Yellow,Conc. Up,Non-restored (+/+)
FUS,C4,0.9884799868675817,Black,Disc. YDn/OUp,Rejuvenation
DEK,C4,0.999775865639806,Green,Conc. Down,Non-restored (-/-)
GLRX,C1,0.9971209041002136,Green,Conc. Down,Non-restored (-/-)
PPM1A,C3,0.5616799118647902,Pink,Conc. Up,Non-restored (+/+)
KRT2,C1,0.5207074318864137,Turquoise,Disc. YDn/OUp,Rejuvenation
HMGCL,C2,0.9999860511762568,Blue,Conc. Up,Non-restored (+/+)
PSMC2,C3,0.9996141282798284,Brown,Conc. Up,Rejuvenation
MAP2K2,C1,0.8311447719555842,Pink,Conc. Down,Reversal
ATP5F1C,C2,0.999944711530499,Magenta,Conc. Up,Non-restored (+/+)
ATP6V1E1,C1,0.6691664699371093,Turquoise,Conc. Down,Non-restored (-/-)
RPL4,C4,0.9987343005150304,Black,Conc. Up,Rejuvenation
LONP1,C2,0.999996582427994,Blue,Conc. Down,Reversal
PPP1CC,C4,0.995348875918294,Blue,Conc. Down,Non-restored (-/-)
SERPINF1,C3,0.7036724074142583,Pink,Disc. YDn/OUp,Rejuvenation
DLST,C2,0.999988844889904,Blue,Disc. YDn/OUp,Non-restored (+/+)
GMPR,C1,0.9973025773085942,Yellow,Disc. YUp/ODn,Reversal
SRP14,C4,0.8516919306669165,Yellow,Disc. YUp/ODn,Reversal
TALDO1,C1,0.992457839140076,Pink,Conc. Down,Reversal
SNCA,C1,0.9993930249166916,Pink,Conc. Up,Non-restored (+/+)
ETFB,C2,0.9999999747812928,Blue,Conc. Down,Reversal
ATP6V1A,C1,0.9876233018490448,Yellow,Conc. Up,Non-restored (+/+)
HSPA9,C2,0.9986825315182836,Blue,Conc. Up,Non-restored (+/+)
RPS19,C4,0.6911754457533732,Black,Conc. Up,Rejuvenation
RPL3,C4,0.6325690223308854,Black,Disc. YUp/ODn,Non-restored (-/-)
COL15A1,C4,0.9962443538385548,Green,Disc. YDn/OUp,Rejuvenation
COL18A1,C1,0.5506913321545625,Green,Conc. Down,Reversal
DDOST,C3,0.9864084788181956,Brown,Conc. Down,Non-restored (-/-)
ANP32A,C1,0.4533936980842983,Turquoise,Conc. Up,Rejuvenation
CAPG,C3,0.98876347001146,Brown,Conc. Up,Rejuvenation
CAP2,C4,0.9997432636929112,Red,Disc. YDn/OUp,Non-restored (+/+)
CCT6A,C3,0.9914316143143588,Brown,Conc. Up,Non-restored (+/+)
RPL13A,C4,0.9990534900353248,Black,Conc. Up,Rejuvenation
MDH1,C1,0.6160052460141345,Blue,Conc. Down,Reversal
MDH2,C2,0.9999982790239642,Blue,Conc. Up,Non-restored (+/+)
HADHA,C2,0.9998649713288652,Blue,Disc. YUp/ODn,Reversal
EIF2S3,C3,0.9999170037986252,Brown,Disc. YUp/ODn,Non-restored (-/-)
NAA10,C3,0.9592804604282672,Brown,Conc. Up,Rejuvenation
PPP1R2,C1,0.983598400207412,Pink,Conc. Down,Reversal
GARS1,C4,0.5219793144119511,Yellow,Disc. YUp/ODn,Reversal
IARS1,C3,0.7159161423914591,Brown,Disc. YDn/OUp,Rejuvenation
EIF1,C4,0.9494525644355226,Yellow,Disc. YUp/ODn,Reversal
ECI1,C2,0.9999839308724616,Blue,Conc. Down,Reversal
TMPO,C1,0.6423328159255968,Red,Conc. Down,Reversal
AKR1C3,C3,0.9999720564157124,Brown,Conc. Up,Non-restored (+/+)
RPS27,C3,0.9044044909255452,Brown,Conc. Up,Rejuvenation
LRPPRC,C2,0.9997133623120864,Magenta,Conc. Up,Rejuvenation
ACAA2,C2,0.9999992255878756,Blue,Conc. Down,Reversal
RPL35,C4,0.9972274036844312,Black,Disc. YDn/OUp,Rejuvenation
PAFAH1B1,C3,0.9597949353197232,Yellow,Disc. YUp/ODn,Non-restored (-/-)
CRAT,C2,0.9999999394246754,Blue,Conc. Down,Reversal
NAMPT,C2,0.999447549839942,Turquoise,Conc. Up,Rejuvenation
PSMC4,C3,0.9995112047842856,Brown,Conc. Up,Rejuvenation
TSFM,C2,0.9996311467000488,Blue,Conc. Up,Non-restored (+/+)
TNNT3,C4,0.9999977593445042,Green,Disc. YDn/OUp,Rejuvenation
ASPA,C2,0.999955092817158,Blue,Disc. YDn/OUp,Non-restored (+/+)
PPIC,C4,0.5054506122704038,Green,Conc. Down,Non-restored (-/-)
VDAC2,C2,0.9791206222258364,Red,Disc. YDn/OUp,Non-restored (+/+)
ACADSB,C2,0.9999969336842432,Blue,Conc. Down,Reversal
USP5,C3,0.9988709772066924,Brown,Conc. Up,Rejuvenation
MAP2K4,C2,0.5114033609581207,Turquoise,Disc. YDn/OUp,Rejuvenation
PHKA2,C2,0.6217630664675614,Green,Conc. Up,Rejuvenation
PHKA1,C1,0.7924641672937248,Yellow,Conc. Up,Rejuvenation
CRKL,C4,0.9598932280183868,Turquoise,Conc. Down,Non-restored (-/-)
BAG6,C3,0.8629495039583023,Turquoise,Disc. YUp/ODn,Non-restored (-/-)
RPL27A,C4,0.8748042896852061,Black,Disc. YUp/ODn,Non-restored (-/-)
RPL5,C4,0.9998292073434448,Black,Disc. YDn/OUp,Rejuvenation
RPL28,C4,0.997546969744817,Black,Conc. Up,Rejuvenation
RPS9,C3,0.9980289263245438,Black,Conc. Up,Rejuvenation
RPS5,C4,0.892709024243295,Black,Disc. YDn/OUp,Rejuvenation
RPS10,C1,0.541842964716925,Turquoise,Disc. YDn/OUp,Rejuvenation
UTRN,C1,0.9330140919350568,Turquoise,Conc. Down,Non-restored (-/-)
GYG1,C3,0.9494865617513394,Brown,Disc. YUp/ODn,Non-restored (-/-)
STT3A,C1,0.8198903140346311,Turquoise,Disc. YUp/ODn,Non-restored (-/-)
CAPZA2,C4,0.9996787147860612,Green,Disc. YDn/OUp,Rejuvenation
CAPZB,C4,0.9999499330208386,Green,Disc. YDn/OUp,Rejuvenation
EIF1AX,C3,0.985838377028188,Black,Conc. Up,Non-restored (+/+)
QARS1,C2,0.977387988203544,Magenta,Conc. Up,Rejuvenation
RPL29,C4,0.9983892294674386,Black,Conc. Up,Rejuvenation
UQCRFS1,C2,0.9999948672046312,Red,Disc. YDn/OUp,Rejuvenation
ATP5PO,C2,0.999993904275818,Magenta,Conc. Up,Non-restored (+/+)
LIMS1,C1,0.6182255618659922,Blue,Disc. YDn/OUp,Non-restored (+/+)
PREP,C1,0.9997287730223348,Green,Conc. Down,Non-restored (-/-)
ME1,C1,0.9909786836363575,Turquoise,Conc. Down,Non-restored (-/-)
PIP4K2A,C1,0.997802624566395,Turquoise,Conc. Down,Reversal
ARCN1,C3,0.9999743213191052,Turquoise,Disc. YUp/ODn,Reversal
LSS,C2,0.9575252038005996,Blue,Disc. YUp/ODn,Reversal
GCLM,C1,0.9935138387965116,Green,Disc. YDn/OUp,Rejuvenation
CD151,C3,0.9632511590606164,Brown,Disc. YUp/ODn,Non-restored (-/-)
PSMD8,C3,0.9992975639592292,Brown,Conc. Up,Rejuvenation
GSS,C3,0.9913816621640364,Turquoise,Conc. Down,Reversal
CCT5,C3,0.9999632991946588,Brown,Conc. Up,Rejuvenation
NES,C3,0.999392544112942,Brown,Disc. YUp/ODn,Non-restored (-/-)
IDH2,C2,0.9999999208983352,Blue,Conc. Up,Non-restored (+/+)
TNNI2,C4,0.999991812789324,Green,Disc. YDn/OUp,Rejuvenation
PXN,C3,0.8373732890699341,Turquoise,Conc. Up,Non-restored (+/+)
ALDH9A1,C1,0.9503938144031688,Pink,Conc. Down,Reversal
RPL34,C4,0.9886453016769616,Green,Disc. YUp/ODn,Non-restored (-/-)
LMAN1,C1,0.9843588446741792,Yellow,Conc. Up,Rejuvenation
CCT3,C3,0.9998385149250762,Brown,Conc. Up,Rejuvenation
MRPL19,C2,0.9994258480055632,Blue,Conc. Up,Non-restored (+/+)
TUFM,C2,0.9999736133269828,Blue,Conc. Up,Non-restored (+/+)
ALDH7A1,C2,0.932702524152196,Blue,Conc. Down,Reversal
CDC34,C1,0.9947228881557346,Pink,Disc. YUp/ODn,Reversal
CARS1,C1,0.5022703454708749,Brown,Conc. Up,Rejuvenation
SARS1,C3,0.9994035831842996,Brown,Conc. Up,Rejuvenation
PSMB3,C1,0.983723115647327,Yellow,Conc. Up,Rejuvenation
ACADVL,C2,0.9999956715376392,Blue,Conc. Down,Reversal
ACOT2,C2,0.9999558418981656,Blue,Conc. Down,Reversal
TMED10,C1,0.9981132336585904,Green,Conc. Down,Non-restored (-/-)
HINT1,C1,0.9988728766680576,Yellow,Disc. YUp/ODn,Non-restored (-/-)
NDUFV1,C2,0.9977966484050914,Red,Conc. Down,Non-restored (-/-)
GSK3A,C1,0.926939439550088,Blue,Conc. Down,Reversal
IDH3A,C2,0.9999652823798272,Blue,Conc. Up,Non-restored (+/+)
SULT1A1,C1,0.7286765616499066,Blue,Conc. Down,Reversal
GDI2,C3,0.9977267962515366,Brown,Disc. YUp/ODn,Reversal
EMD,C1,0.5539148952517914,Red,Disc. YDn/OUp,Non-restored (+/+)
SERPINH1,C3,0.6110520758151773,Black,Conc. Up,Non-restored (+/+)
CSRP3,C3,0.9776578105851172,Brown,Conc. Up,Rejuvenation
DNM2,C3,0.986571973732166,Turquoise,Disc. YUp/ODn,Reversal
METAP2,C1,0.8940800400631771,Turquoise,Conc. Down,Reversal
NUDT2,C1,0.9609162293445708,Turquoise,Disc. YDn/OUp,Rejuvenation
LRBA,C4,0.9999841221713932,Green,Conc. Down,Non-restored (-/-)
BCAM,C4,0.9319719712303104,Green,Conc. Down,Non-restored (-/-)
RPL14,C4,0.9879073861427492,Black,Conc. Up,Rejuvenation
CCT8,C3,0.9999250616425784,Brown,Conc. Up,Non-restored (+/+)
CCT4,C3,0.9999979163253632,Brown,Conc. Up,Rejuvenation
ANXA11,C1,0.9935858965535584,Turquoise,Disc. YDn/OUp,Rejuvenation
FXR1,C4,0.9999739866026982,Black,Conc. Up,Rejuvenation
RAB5C,C3,0.609955840112993,Yellow,Conc. Up,Non-restored (+/+)
DUSP3,C4,0.6930765728694283,Green,Disc. YDn/OUp,Rejuvenation
IDH3G,C2,0.9999973072723052,Blue,Conc. Up,Non-restored (+/+)
GALK1,C2,0.6188777603783814,Blue,Disc. YUp/ODn,Reversal
SSR4,C4,0.36422610314986137,Green,Disc. YDn/OUp,Rejuvenation
BCAP31,C3,0.9976036096307008,Brown,Conc. Up,Rejuvenation
MECP2,C1,0.7723243675102712,Turquoise,Conc. Down,Reversal
ALDH3A2,C1,0.8001995303489415,Yellow,Disc. YUp/ODn,Reversal
ALDH5A1,C2,0.9999997890322064,Blue,Conc. Down,Reversal
HSD17B4,C4,0.9949651779023604,Yellow,Conc. Up,Non-restored (+/+)
PSMD7,C1,0.9957902930436604,Turquoise,Disc. YDn/OUp,Rejuvenation
UBE2D1,C3,0.6543090785655463,Turquoise,Conc. Down,Reversal
SUOX,C2,0.99613099345817,Blue,Conc. Down,Reversal
RPS6KA3,C4,0.8030474837082487,Turquoise,Disc. YDn/OUp,Rejuvenation
HDGF,C1,0.6991218988620037,Yellow,Conc. Down,Reversal
LUM,C1,0.4951959546180478,Green,Disc. YDn/OUp,Non-restored (+/+)
PRELP,C1,0.9798790317842526,Green,Conc. Down,Non-restored (-/-)
NDUFA8,C2,0.9330949391547576,Red,Conc. Down,Non-restored (-/-)
HNRNPA3,C4,0.9986800392978104,Green,Disc. YDn/OUp,Non-restored (+/+)
MYOM1,C4,0.9999929394398273,Green,Conc. Down,Non-restored (-/-)
PGD,C1,0.9952042821413244,Pink,Conc. Up,Non-restored (+/+)
KPNA1,C3,0.8963594462197227,Yellow,Conc. Up,Non-restored (+/+)
MAP2K6,C2,0.9998389636216716,Blue,Conc. Down,Reversal
ARHGDIA,C1,0.6630463350053585,Pink,Conc. Down,Reversal
ARHGDIB,C3,0.9499949450426344,Blue,Disc. YUp/ODn,Reversal
MRPL12,C2,0.9999193368401036,Blue,Disc. YDn/OUp,Non-restored (+/+)
THOP1,C4,0.7336752201289953,Yellow,Disc. YUp/ODn,Reversal
AKR1C2,C1,0.9399238776810162,Brown,Conc. Up,Rejuvenation
CAPZA1,C4,0.9997515497524384,Green,Disc. YDn/OUp,Rejuvenation
PPP5C,C2,0.8210814662329955,Blue,Disc. YUp/ODn,Reversal
NUBP1,C2,0.9843110783119317,Turquoise,Conc. Up,Rejuvenation
SUCLG1,C2,0.9999997658309462,Blue,Disc. YUp/ODn,Reversal
COPA,C3,0.951198351586403,Yellow,Conc. Up,Rejuvenation
HCCS,C2,0.9999991181594976,Blue,Conc. Up,Non-restored (+/+)
SLC16A1,C2,0.974158395904811,Blue,Conc. Up,Non-restored (+/+)
RARS1,C3,0.998099433747752,Brown,Conc. Up,Rejuvenation
CACNB3,C1,0.9717914247388468,Turquoise,Conc. Down,Non-restored (-/-)
MYOM2,C4,0.9984747224198084,Green,Conc. Down,Non-restored (-/-)
USP14,C1,0.9979016307280596,Yellow,Conc. Up,Rejuvenation
PRKAG1,C3,0.9949956889491288,Brown,Conc. Up,Non-restored (+/+)
PRKAA2,C3,0.9906916282631836,Brown,Conc. Up,Non-restored (+/+)
HSPA2,C3,0.9593344482295924,Brown,Disc. YUp/ODn,Reversal
AK2,C2,0.9999943364573354,Blue,Conc. Down,Reversal
EIF5,C1,0.8931666439808593,Turquoise,Disc. YDn/OUp,Rejuvenation
PSMD4,C3,0.9947562184592684,Brown,Conc. Up,Rejuvenation
DRG2,C1,0.5927138589059712,Green,Disc. YDn/OUp,Rejuvenation
RRAD,C4,0.4815216204281758,Brown,Conc. Up,Rejuvenation
VCP,C3,0.997971378299039,Brown,Conc. Up,Rejuvenation
HADHB,C2,0.9999882208376496,Blue,Conc. Down,Reversal
NAP1L1,C3,0.999979873122998,Brown,Conc. Up,Rejuvenation
LAMB2,C4,0.999877737284422,Green,Conc. Down,Non-restored (-/-)
NPEPPS,C1,0.9999890574936552,Turquoise,Conc. Down,Non-restored (-/-)
HNRNPH2,C4,0.9472688887409632,Turquoise,Conc. Down,Non-restored (-/-)
OXCT1,C2,0.9738747158396734,Turquoise,Conc. Down,Reversal
SH3BGR,C4,0.9996994098467256,Yellow,Conc. Down,Reversal
EIF3B,C4,0.6264749249567805,Black,Conc. Up,Rejuvenation
ATP5MF,C2,0.7455585847201053,Turquoise,Conc. Down,Non-restored (-/-)
NDUFV3,C2,0.9999522748493606,Red,Disc. YDn/OUp,Rejuvenation
MARS1,C1,0.8706904337105019,Turquoise,Conc. Up,Rejuvenation
ARPP19,C3,0.9354439021964874,Turquoise,Disc. YUp/ODn,Non-restored (-/-)
ATP5F1E,C2,0.9998980709042536,Magenta,Disc. YUp/ODn,Non-restored (-/-)
ATP5ME,C2,0.9996241430180332,Magenta,Disc. YUp/ODn,Non-restored (-/-)
EIF6,C4,0.509849660678836,Green,Disc. YDn/OUp,Rejuvenation
NDUFA6,C2,0.9926286790316844,Red,Disc. YDn/OUp,Rejuvenation
SYNJ2BP,C2,0.9994563229895084,Red,Conc. Down,Non-restored (-/-)
EEFSEC,C4,0.960134371317895,Turquoise,Conc. Up,Rejuvenation
MTPN,C1,0.9999024064464206,Turquoise,Conc. Down,Reversal
DEFA3,C1,0.909309814143876,Pink,Conc. Up,Non-restored (+/+)
ARPC4,C3,0.9992777709891704,Brown,Conc. Up,Rejuvenation
CD81,C2,0.7832066593544017,Turquoise,Conc. Down,Non-restored (-/-)
TPI1,C1,0.9999903208677172,Yellow,Disc. YDn/OUp,Rejuvenation
EIF3E,C4,0.9996581930669992,Black,Conc. Up,Rejuvenation
SEC61B,C3,0.9323853135448724,Blue,Disc. YUp/ODn,Reversal
GABARAPL2,C4,0.9999472556712824,Green,Conc. Down,Reversal
MYL6,C4,0.9999842896034552,Green,Disc. YDn/OUp,Rejuvenation
ACTB,C4,0.9999998531275104,Green,Disc. YDn/OUp,Rejuvenation
EIF4A1,C1,0.995033571206898,Yellow,Disc. YDn/OUp,Rejuvenation
RPS20,C3,0.9800000957754492,Black,Conc. Up,Rejuvenation
PRPS1,C1,0.9480520165468168,Yellow,Disc. YUp/ODn,Non-restored (-/-)
PSMA6,C1,0.9787325690244858,Yellow,Conc. Up,Rejuvenation
S100A10,C3,0.9993937848511606,Brown,Conc. Up,Non-restored (+/+)
CDC42,C1,0.9856572460290404,Blue,Conc. Down,Reversal
DSTN,C1,0.7573604499165728,Yellow,Conc. Up,Non-restored (+/+)
RAB2A,C1,0.8223412564085488,Yellow,Conc. Down,Reversal
RAB5B,C4,0.7286616675002828,Yellow,Conc. Down,Reversal
RAB10,C3,0.6038329905632323,Turquoise,Conc. Down,Non-restored (-/-)
UBE2D3,C1,0.9362526641155072,Turquoise,Conc. Down,Non-restored (-/-)
UBE2M,C1,0.8699468335556813,Turquoise,Conc. Down,Non-restored (-/-)
UBE2K,C1,0.49583208024045633,Blue,Conc. Down,Reversal
UBE2N,C1,0.9836630867217572,Turquoise,Conc. Down,Non-restored (-/-)
RAB14,C1,0.9450739213648792,Yellow,Conc. Down,Non-restored (-/-)
ACTR3,C2,0.6553575822597151,Blue,Conc. Up,Non-restored (+/+)
ACTR2,C3,0.9905284688882168,Blue,Conc. Up,Non-restored (+/+)
ACTR1A,C3,0.9994415685492818,Black,Conc. Up,Rejuvenation
ABCE1,C2,0.5735614284758584,Yellow,Conc. Up,Rejuvenation
RAP1B,C1,0.7363936012731799,Yellow,Conc. Up,Rejuvenation
RPS3A,C4,0.6243437244324684,Black,Conc. Up,Rejuvenation
RPL26,C4,0.6227330838413396,Black,Conc. Up,Rejuvenation
RPL15,C4,0.9990813110230752,Black,Conc. Up,Non-restored (+/+)
RPL37A,C4,0.9997274746813803,Black,Conc. Up,Rejuvenation
RHOA,C1,0.9409572836525674,Yellow,Conc. Down,Reversal
HSPE1,C2,0.9997964841204888,Blue,Conc. Up,Rejuvenation
SEC61A1,C3,0.7623588146925621,Turquoise,Disc. YUp/ODn,Non-restored (-/-)
VBP1,C3,0.5434861757418945,Yellow,Disc. YUp/ODn,Reversal
NPC2,C3,0.587402389725932,Blue,Conc. Down,Reversal
PKIA,C1,0.985951153157363,Turquoise,Disc. YUp/ODn,Non-restored (-/-)
UFM1,C3,0.882541688654199,Turquoise,Disc. YUp/ODn,Reversal
HNRNPK,C3,0.49792004804132567,Turquoise,Conc. Down,Reversal
TIMM10,C2,0.9884116562080082,Blue,Conc. Down,Reversal
RPS7,C3,0.97290430207322,Turquoise,Conc. Up,Rejuvenation
PPP1CA,C4,0.9984061064932572,Yellow,Conc. Up,Rejuvenation
PPP1CB,C4,0.9881321892038464,Yellow,Conc. Up,Rejuvenation
PSMC1,C3,0.6425187531947081,Yellow,Conc. Up,Rejuvenation
PSMC5,C3,0.98085217213272,Turquoise,Disc. YUp/ODn,Non-restored (-/-)
RPS8,C3,0.6422049348075053,Black,Conc. Up,Rejuvenation
RPS15A,C3,0.6090993236912872,Black,Conc. Up,Rejuvenation
RPS16,C3,0.7690138347399392,Black,Conc. Up,Rejuvenation
UBE2G1,C3,0.6098423105440545,Turquoise,Conc. Down,Reversal
YWHAE,C3,0.9908628001943822,Brown,Disc. YUp/ODn,Reversal
RPS14,C4,0.7236702562756255,Black,Conc. Up,Rejuvenation
RPS23,C3,0.8151610151767135,Turquoise,Disc. YDn/OUp,Rejuvenation
RPS18,C4,0.9878528193898388,Black,Conc. Up,Rejuvenation
RPS13,C3,0.990259320479952,Turquoise,Conc. Up,Rejuvenation
RPS11,C3,0.9985515753167978,Brown,Conc. Up,Rejuvenation
SNRPD3,C1,0.9836042437247542,Turquoise,Disc. YDn/OUp,Rejuvenation
TMSB4X,C3,0.9602171556044058,Turquoise,Conc. Up,Rejuvenation
PSMC6,C3,0.6833568726914591,Yellow,Conc. Up,Rejuvenation
RPL7A,C4,0.6093419663277748,Black,Conc. Up,Rejuvenation
ETF1,C3,0.9941919745026684,Yellow,Conc. Up,Non-restored (+/+)
RPS4X,C3,0.8757298528261422,Black,Conc. Up,Rejuvenation
RPL23A,C4,0.9994185989422386,Black,Disc. YDn/OUp,Rejuvenation
RPS6,C3,0.7847118977308625,Black,Conc. Up,Rejuvenation
H2BC4,C4,0.9790568290087536,Green,Disc. YDn/OUp,Rejuvenation
RAB1A,C1,0.8384651985361432,Yellow,Conc. Down,Reversal
RAN,C3,0.9994555040542622,Brown,Disc. YUp/ODn,Reversal
RPL23,C4,0.8880993002654812,Black,Disc. YDn/OUp,Rejuvenation
RAP1A,C3,0.9383899416583128,Turquoise,Disc. YUp/ODn,Reversal
RPS15,C4,0.9973050381675844,Black,Disc. YDn/OUp,Rejuvenation
RPS24,C3,0.9675292478343922,Turquoise,Conc. Up,Rejuvenation
RPS25,C3,0.9528218008232492,Black,Conc. Up,Rejuvenation
RPS26,C3,0.8828614850149671,Turquoise,Disc. YDn/OUp,Rejuvenation
GNB1,C1,0.9214768310156366,Yellow,Disc. YUp/ODn,Reversal
GNB2,C1,0.9844756335643888,Yellow,Conc. Down,Non-restored (-/-)
RPL30,C4,0.9682233700953768,Black,Conc. Up,Rejuvenation
RPL31,C4,0.9893176752935606,Black,Disc. YDn/OUp,Rejuvenation
RPL10A,C4,0.9999431910921144,Black,Conc. Up,Rejuvenation
RPL32,C4,0.9999053983825982,Black,Disc. YDn/OUp,Rejuvenation
RPL11,C4,0.8518908717893741,Black,Conc. Up,Rejuvenation
RPL8,C4,0.9999892384336422,Black,Conc. Up,Rejuvenation
PPIA,C3,0.6908421213274172,Pink,Conc. Up,Non-restored (+/+)
FKBP1A,C1,0.9990092617472872,Yellow,Conc. Down,Reversal
RPS27A,C3,0.9993640389066132,Brown,Disc. YUp/ODn,Non-restored (-/-)
PPP3R1,C1,0.9998127319759108,Green,Conc. Down,Non-restored (-/-)
YWHAZ,C1,0.5211969211512077,Blue,Disc. YUp/ODn,Reversal
DYNLL1,C3,0.9992799292473448,Blue,Disc. YUp/ODn,Reversal
DYNLT1,C3,0.9546124786020436,Yellow,Conc. Up,Rejuvenation
RPL38,C4,0.965957619036373,Turquoise,Disc. YDn/OUp,Rejuvenation
SKP1,C1,0.7093798293961976,Turquoise,Disc. YDn/OUp,Rejuvenation
RPS21,C4,0.9949000535825964,Black,Disc. YDn/OUp,Rejuvenation
EIF5A,C1,0.954678611400929,Yellow,Conc. Up,Non-restored (+/+)
RACK1,C4,0.9967375487934768,Black,Disc. YDn/OUp,Rejuvenation
UBE2I,C2,0.9279837380391216,Blue,Conc. Down,Reversal
SELENOW,C2,0.5786023464663878,Turquoise,Conc. Down,Non-restored (-/-)
TNNC1,C4,0.9999981215634328,Green,Disc. YDn/OUp,Rejuvenation
PPP2CA,C1,0.9208572986549856,Yellow,Conc. Up,Non-restored (+/+)
YBX1,C3,0.8190438738363074,Black,Conc. Up,Rejuvenation
CSNK2B,C3,0.7691332478993068,Brown,Conc. Up,Rejuvenation
TPM4,C2,0.49809740430917454,Blue,Conc. Up,Non-restored (+/+)
UBE2L3,C1,0.6727810343993941,Green,Disc. YUp/ODn,Non-restored (-/-)
EEF1A1,C3,0.9999924014950275,Brown,Conc. Up,Rejuvenation
ACTA1,C4,0.999999770410078,Green,Disc. YDn/OUp,Rejuvenation
TUBA1B,C3,0.9999832688325128,Brown,Conc. Up,Rejuvenation
TUBA4A,C3,0.9984824549356948,Brown,Conc. Up,Rejuvenation
TUBB4B,C3,0.9997602946141246,Brown,Conc. Up,Rejuvenation
CSNK2A1,C4,0.9984796052814188,Black,Conc. Up,Rejuvenation
PAFAH1B2,C1,0.945809583939749,Turquoise,Disc. YDn/OUp,Rejuvenation
HBB,C1,0.990928832978325,Pink,Conc. Up,Non-restored (+/+)
HBA1,C1,0.9973143012328928,Pink,Conc. Up,Non-restored (+/+)
EIF4G2,C3,0.6735941229203812,Black,Disc. YUp/ODn,Non-restored (-/-)
PIP4K2B,C2,0.520668156719248,Turquoise,Conc. Down,Non-restored (-/-)
CCT2,C3,0.9946877855828504,Brown,Conc. Up,Non-restored (+/+)
GSTO1,C2,0.9556329091518574,Blue,Conc. Down,Reversal
DCD,C1,0.5148204112972337,Turquoise,Disc. YDn/OUp,Rejuvenation
MRPS25,C2,0.9938288031440892,Magenta,Conc. Up,Rejuvenation
MRPS5,C2,0.8265199771292486,Magenta,Disc. YDn/OUp,Rejuvenation
MRPS36,C2,0.5626143972785407,Blue,Disc. YUp/ODn,Reversal
MRPS15,C3,0.9769844495808062,Magenta,Conc. Up,Non-restored (+/+)
SARNP,C1,0.6516233542351603,Turquoise,Disc. YDn/OUp,Rejuvenation
LACTB,C2,0.9990273901771618,Red,Conc. Down,Reversal
RPL24,C4,0.999882916439356,Black,Disc. YDn/OUp,Rejuvenation
ARF1,C1,0.7073946147602387,Yellow,Conc. Up,Non-restored (+/+)
ARF5,C3,0.999420844894968,Turquoise,Disc. YDn/OUp,Non-restored (+/+)
ERH,C4,0.9989966890527198,Red,Conc. Up,Non-restored (+/+)
RHOG,C2,0.9866439518680548,Magenta,Disc. YDn/OUp,Rejuvenation
RPL19,C4,0.9994400666135516,Black,Conc. Up,Rejuvenation
MXRA7,C1,0.7162761962491315,Turquoise,Disc. YUp/ODn,Reversal
H3-3A,C4,0.4948098234299752,Green,Conc. Down,Non-restored (-/-)
HSPG2,C4,0.9992678813621126,Green,Conc. Down,Non-restored (-/-)
RBM3,C4,0.9599390779126052,Green,Disc. YDn/OUp,Rejuvenation
CYCS,C2,0.999895117569926,Red,Disc. YDn/OUp,Rejuvenation
MPP1,C1,0.8642487101964924,Pink,Disc. YDn/OUp,Rejuvenation
TFAM,C2,0.993776838193588,Blue,Disc. YUp/ODn,Reversal
PITPNA,C1,0.8927551694825557,Turquoise,Conc. Down,Non-restored (-/-)
SLC25A3,C2,0.9997413929640612,Magenta,Conc. Up,Rejuvenation
HDLBP,C4,0.8090234720382803,Black,Disc. YDn/OUp,Rejuvenation
PURA,C4,0.9983147742094972,Black,Conc. Down,Non-restored (-/-)
CLTC,C3,0.9999980131667856,Brown,Conc. Up,Rejuvenation
FKBP3,C1,0.9187977412160376,Yellow,Disc. YDn/OUp,Non-restored (+/+)
REEP5,C3,0.9999880404218658,Brown,Disc. YUp/ODn,Non-restored (-/-)
SORD,C4,0.8338699508676215,Turquoise,Conc. Down,Non-restored (-/-)
MYBPC1,C4,0.999997228701592,Green,Disc. YDn/OUp,Rejuvenation
PLIN5,C2,0.9923979969287144,Blue,Conc. Down,Reversal
SPTBN1,C3,0.8632882182447632,Black,Conc. Up,Rejuvenation
TIAL1,C3,0.9617208241343792,Blue,Conc. Up,Non-restored (+/+)
SET,C4,0.9430803944314248,Yellow,Disc. YDn/OUp,Rejuvenation
FABP5,C1,0.9910224800803944,Pink,Conc. Down,Reversal
ANK2,C2,0.962007641606286,Magenta,Conc. Down,Non-restored (-/-)
CAP1,C4,0.4903637505318085,Blue,Conc. Up,Non-restored (+/+)
EWSR1,C3,0.9553253546257872,Turquoise,Disc. YUp/ODn,Reversal
OGDH,C2,0.999969699571633,Magenta,Disc. YUp/ODn,Reversal
COX6A2,C2,0.9999579346641037,Red,Disc. YDn/OUp,Rejuvenation
ALDH6A1,C2,0.6655096508464627,Blue,Conc. Down,Reversal
BDH1,C2,0.999995039402188,Blue,Conc. Down,Reversal
COL7A1,C3,0.7210313611785294,Turquoise,Disc. YUp/ODn,Reversal
RPL18A,C4,0.9995533336477777,Black,Disc. YDn/OUp,Rejuvenation
CACNB1,C1,0.9871092303765598,Green,Conc. Down,Non-restored (-/-)
MAP2K1,C3,0.4272699101761224,Yellow,Conc. Up,Rejuvenation
FKBP4,C1,0.629044856003757,Blue,Disc. YUp/ODn,Reversal
RPL6,C4,0.998410508797239,Black,Conc. Up,Rejuvenation
AKAP12,C3,0.9793083941349788,Yellow,Conc. Up,Non-restored (+/+)
CAV1,C4,0.6299174191776267,Red,Conc. Down,Non-restored (-/-)
ACY1,C2,0.9999137400742848,Magenta,Conc. Up,Non-restored (+/+)
LMNB2,C4,0.9296128666905802,Green,Conc. Down,Non-restored (-/-)
GBE1,C3,0.9990327712708774,Brown,Conc. Up,Rejuvenation
EIF4G1,C3,0.7954013876007392,Turquoise,Conc. Down,Non-restored (-/-)
PRKCQ,C4,0.5725933373599549,Turquoise,Disc. YUp/ODn,Non-restored (-/-)
GLO1,C1,0.99994752947316,Turquoise,Conc. Down,Reversal
AKR1C1,C3,0.9654376755448828,Brown,Conc. Up,Rejuvenation
YWHAH,C4,0.8179915709124824,Yellow,Conc. Up,Non-restored (+/+)
PLP2,C3,0.9923990461769806,Turquoise,Conc. Up,Non-restored (+/+)
SRSF11,C1,0.9597549188145942,Turquoise,Disc. YDn/OUp,Rejuvenation
EEF1A2,C3,0.9996543691321016,Brown,Conc. Up,Rejuvenation
COL14A1,C1,0.9823402805005024,Pink,Conc. Up,Non-restored (+/+)
PSME1,C3,0.99997595242417,Brown,Conc. Up,Non-restored (+/+)
ZNF33A,C3,0.7232545620788078,Turquoise,Conc. Down,Non-restored (-/-)
RPL18,C4,0.9948856997817996,Black,Conc. Up,Rejuvenation
C1QBP,C2,0.992937995104456,Magenta,Disc. YDn/OUp,Rejuvenation
CKAP4,C3,0.9986273462195738,Black,Conc. Up,Rejuvenation
DPT,C4,0.9999749864160608,Green,Disc. YDn/OUp,Rejuvenation
KLC1,C3,0.9917482404792076,Brown,Conc. Up,Non-restored (+/+)
SRSF1,C4,0.9976450762037564,Black,Disc. YDn/OUp,Non-restored (+/+)
ARHGAP1,C3,0.9705198578357728,Brown,Conc. Up,Rejuvenation
ACTN3,C4,0.9999773961497996,Green,Conc. Down,Non-restored (-/-)
PPP3CA,C4,0.6730209977726561,Green,Conc. Down,Non-restored (-/-)
SLC20A2,C4,0.9998383637539798,Green,Conc. Down,Non-restored (-/-)
CD47,C1,0.9812982858814512,Turquoise,Disc. YUp/ODn,Reversal
PPID,C3,0.9000586192639919,Turquoise,Conc. Down,Reversal
AHNAK,C3,0.9999478758289864,Turquoise,Conc. Up,Rejuvenation
LMOD3,C4,0.999697821315439,Green,Conc. Up,Rejuvenation
HSPA14,C3,0.53730235913076,Turquoise,Disc. YDn/OUp,Rejuvenation
SCRN3,C1,0.9904523573252184,Turquoise,Conc. Down,Non-restored (-/-)
NEXN,C4,0.9999928126253904,Black,Disc. YDn/OUp,Rejuvenation
AP1B1,C3,0.9851129916202596,Turquoise,Conc. Up,Rejuvenation
BST2,C4,0.4980789915122044,Red,Conc. Down,Reversal
PMPCA,C2,0.9963101878884028,Red,Disc. YDn/OUp,Rejuvenation
EFEMP1,C1,0.8296920445468858,Pink,Disc. YDn/OUp,Rejuvenation
STX4,C1,0.9888774175150388,Turquoise,Conc. Down,Non-restored (-/-)
AIMP1,C2,0.7413438387148762,Yellow,Conc. Up,Non-restored (+/+)
ILF3,C1,0.8856945816225893,Turquoise,Conc. Up,Non-restored (+/+)
TRAP1,C2,0.9994851275661844,Blue,Conc. Down,Reversal
ANK3,C3,0.9648904970374736,Black,Disc. YUp/ODn,Reversal
HSPB3,C3,0.9999921774792012,Brown,Conc. Up,Rejuvenation
ECH1,C2,0.9999988248455106,Blue,Disc. YUp/ODn,Reversal
STRN3,C3,0.8961443079278633,Yellow,Disc. YUp/ODn,Non-restored (-/-)
COASY,C1,0.9917880373821882,Turquoise,Conc. Down,Non-restored (-/-)
TRDN,C4,0.9999944068169077,Black,Conc. Up,Rejuvenation
ACACA,C3,0.9998723150933704,Brown,Conc. Up,Rejuvenation
GPS1,C3,0.7508850871475803,Turquoise,Disc. YUp/ODn,Reversal
PRKAA1,C3,0.6112016486662736,Turquoise,Conc. Up,Rejuvenation
TARDBP,C2,0.5444048095873387,Blue,Conc. Up,Non-restored (+/+)
PAK1,C1,0.9978318194574652,Turquoise,Conc. Up,Non-restored (+/+)
AIMP2,C3,0.9628699850022484,Brown,Disc. YUp/ODn,Non-restored (-/-)
PRDX4,C4,0.6300813856907838,Yellow,Conc. Up,Rejuvenation
CBX3,C1,0.8205385366345331,Blue,Conc. Up,Non-restored (+/+)
PSMD2,C1,0.914839826183788,Yellow,Conc. Up,Rejuvenation
MYBPH,C4,0.9991177312766985,Brown,Conc. Up,Rejuvenation
SELENBP1,C1,0.9989681329668348,Blue,Conc. Down,Reversal
G3BP1,C4,0.9998519372321673,Black,Disc. YDn/OUp,Rejuvenation
PABPC4,C2,0.9831189313636752,Turquoise,Disc. YDn/OUp,Non-restored (+/+)
SGCG,C1,0.9858605874085742,Turquoise,Conc. Down,Non-restored (-/-)
EIF3I,C4,0.989219471704702,Black,Conc. Up,Rejuvenation
CTBP1,C1,0.5502685262037341,Yellow,Disc. YDn/OUp,Non-restored (+/+)
UBE2V1,C3,0.6125024599627694,Turquoise,Conc. Down,Non-restored (-/-)
DYNC1I2,C3,0.9936781037859898,Brown,Conc. Up,Rejuvenation
NNT,C2,0.9999992825280544,Magenta,Conc. Up,Non-restored (+/+)
SNTA1,C1,0.9920808556934704,Turquoise,Disc. YDn/OUp,Rejuvenation
SF3B2,C4,0.5006626522557126,Blue,Conc. Up,Non-restored (+/+)
PDAP1,C3,0.971682614115574,Black,Disc. YUp/ODn,Reversal
TMED1,C3,0.6889371767336686,Turquoise,Conc. Up,Rejuvenation
PICALM,C3,0.7122578827552549,Turquoise,Disc. YUp/ODn,Reversal
SQSTM1,C1,0.8157695303720542,Brown,Disc. YDn/OUp,Rejuvenation
MTX1,C2,0.720769194142805,Turquoise,Disc. YDn/OUp,Rejuvenation
ART3,C1,0.9743132175130882,Green,Conc. Down,Reversal
ASAH1,C2,0.6694221661159783,Blue,Conc. Down,Reversal
PIN1,C1,0.998827107930706,Yellow,Conc. Up,Rejuvenation
CAMK2G,C4,0.948546260611176,Black,Conc. Down,Non-restored (-/-)
CAMK2D,C3,0.9168111995124828,Brown,Conc. Up,Rejuvenation
DCTN2,C3,0.9983088645688868,Brown,Conc. Up,Non-restored (+/+)
NAE1,C1,0.8917368927787551,Turquoise,Conc. Down,Reversal
STIM1,C1,0.7259014913734867,Black,Conc. Up,Rejuvenation
CUL1,C1,0.7652738941529281,Yellow,Disc. YUp/ODn,Reversal
CUL2,C3,0.9869571582267648,Turquoise,Conc. Up,Rejuvenation
CUL3,C4,0.4923859955829351,Yellow,Disc. YUp/ODn,Reversal
CUL4A,C3,0.8707188555154651,Blue,Conc. Down,Reversal
FHL1,C3,0.8027734012335049,Yellow,Conc. Up,Rejuvenation
ITGA7,C4,0.803823779680283,Green,Conc. Down,Reversal
AAMP,C1,0.8892554582816513,Turquoise,Conc. Up,Rejuvenation
CACNA1S,C1,0.6749265027753932,Green,Conc. Down,Non-restored (-/-)
MOGS,C4,0.9263909216038828,Turquoise,Conc. Down,Non-restored (-/-)
SPTAN1,C3,0.9931669785490064,Black,Conc. Up,Rejuvenation
AUH,C2,0.9999076401050812,Blue,Disc. YDn/OUp,Non-restored (+/+)
BLMH,C1,0.8924573639555792,Turquoise,Conc. Down,Non-restored (-/-)
TUBB2A,C4,0.7653748033470508,Brown,Conc. Up,Non-restored (+/+)
IDI1,C2,0.9946329826579196,Blue,Conc. Down,Reversal
PRKG1,C1,0.9678270829992331,Turquoise,Conc. Down,Non-restored (-/-)
COX17,C2,0.932122569134236,Turquoise,Conc. Down,Non-restored (-/-)
NID2,C4,0.9994763113024846,Green,Conc. Down,Reversal
IL18,C3,0.9890287467422048,Brown,Conc. Up,Rejuvenation
DAG1,C1,0.9387778797229102,Yellow,Conc. Down,Non-restored (-/-)
EIF3A,C3,0.8465347380521471,Black,Disc. YDn/OUp,Rejuvenation
UBAP2L,C4,0.983892247858962,Turquoise,Disc. YDn/OUp,Rejuvenation
DPYSL3,C4,0.4574653256705714,Blue,Conc. Down,Reversal
DCTN1,C3,0.9877146314158136,Black,Conc. Up,Non-restored (+/+)
DYNC1H1,C3,0.9999980178443396,Brown,Conc. Up,Rejuvenation
EIF2B1,C3,0.9991062339435242,Brown,Conc. Up,Rejuvenation
EIF4A2,C1,0.9694099776128589,Yellow,Disc. YDn/OUp,Non-restored (+/+)
ENDOG,C2,0.9998827542451068,Magenta,Conc. Up,Rejuvenation
TRIM25,C2,0.8410176588638829,Turquoise,Conc. Down,Non-restored (-/-)
FLNC,C3,0.999855067194624,Brown,Conc. Up,Rejuvenation
MYBPC2,C4,0.9999907060984085,Green,Disc. YDn/OUp,Rejuvenation
CAPRIN1,C4,0.9999975546069528,Black,Disc. YDn/OUp,Rejuvenation
PRPSAP1,C1,0.9946367421397628,Yellow,Disc. YUp/ODn,Non-restored (-/-)
ITIH4,C1,0.9955520960667292,Pink,Disc. YDn/OUp,Non-restored (+/+)
CLINT1,C4,0.5776205504835321,Brown,Conc. Down,Non-restored (-/-)
GANAB,C3,0.8915589898325913,Brown,Disc. YUp/ODn,Reversal
SSPN,C3,0.8256963858150093,Turquoise,Conc. Down,Non-restored (-/-)
MVP,C4,0.9992723852657284,Black,Conc. Up,Rejuvenation
LTBP3,C3,0.47882729918903905,Pink,Disc. YUp/ODn,Reversal
LASP1,C4,0.993022152554722,Black,Disc. YDn/OUp,Non-restored (+/+)
KPNB1,C3,0.9997552219996324,Brown,Conc. Up,Rejuvenation
PSME4,C3,0.9998088044089752,Brown,Conc. Up,Rejuvenation
SLMAP,C3,0.9999963566188352,Brown,Conc. Up,Non-restored (+/+)
EMC2,C2,0.6809122637828008,Turquoise,Conc. Up,Rejuvenation
PSMD6,C3,0.9956199596248274,Yellow,Disc. YUp/ODn,Non-restored (-/-)
KARS1,C1,0.7958402888868586,Yellow,Conc. Down,Reversal
EIF4H,C1,0.8617743304602805,Turquoise,Conc. Down,Reversal
EEA1,C3,0.9999523777864024,Brown,Conc. Up,Rejuvenation
PLCL1,C1,0.9415724222038404,Green,Disc. YDn/OUp,Rejuvenation
PDK1,C2,0.999978668963088,Red,Conc. Down,Reversal
PDK2,C2,0.9999932004329054,Magenta,Conc. Down,Non-restored (-/-)
PEA15,C3,0.6385070534247663,Turquoise,Conc. Down,Non-restored (-/-)
PGM5,C4,0.9976359618912228,Red,Conc. Down,Reversal
PLEC,C3,0.5781708738486407,Green,Disc. YUp/ODn,Non-restored (-/-)
PPP2R5A,C1,0.7405381620525707,Turquoise,Disc. YDn/OUp,Rejuvenation
PPA1,C3,0.5014818242454776,Blue,Disc. YUp/ODn,Reversal
PTGES3,C1,0.9260070673950428,Yellow,Conc. Down,Reversal
STK38,C2,0.49378161798008263,Turquoise,Conc. Down,Reversal
NONO,C4,0.9892426838658224,Black,Disc. YDn/OUp,Non-restored (+/+)
RAB35,C4,0.9676975381402196,Turquoise,Conc. Up,Rejuvenation
TMED2,C1,0.9981731453868432,Yellow,Disc. YDn/OUp,Rejuvenation
PCBP1,C3,0.9979174609370556,Turquoise,Disc. YDn/OUp,Rejuvenation
PCBP2,C4,0.817690418208652,Turquoise,Disc. YDn/OUp,Rejuvenation
ELOC,C4,0.7378172333840901,Yellow,Disc. YDn/OUp,Rejuvenation
ELOB,C1,0.5557999664911885,Green,Disc. YDn/OUp,Rejuvenation
UBE3C,C1,0.7162415167678043,Turquoise,Disc. YUp/ODn,Reversal
DHCR24,C4,0.9736562832716924,Green,Disc. YDn/OUp,Rejuvenation
PPP1R7,C3,0.921174724560742,Turquoise,Conc. Down,Reversal
MAPRE2,C1,0.9681801969859762,Turquoise,Conc. Down,Non-restored (-/-)
SF1,C1,0.38373908034865095,Turquoise,Disc. YDn/OUp,Rejuvenation
TRIP10,C1,0.748274238692739,Yellow,Disc. YUp/ODn,Reversal
MAPRE1,C3,0.9724708260687348,Brown,Conc. Up,Rejuvenation
ELAVL1,C4,0.9356663547792778,Turquoise,Disc. YDn/OUp,Rejuvenation
MYLK,C1,0.9547733138331383,Turquoise,Conc. Down,Non-restored (-/-)
SPEG,C4,0.8669106461104936,Brown,Disc. YUp/ODn,Non-restored (-/-)
UBE2V2,C1,0.9999580669297672,Turquoise,Conc. Down,Reversal
NEDD8,C4,0.882456328850401,Yellow,Disc. YDn/OUp,Non-restored (+/+)
ADIPOQ,C2,0.6345933123041154,Blue,Disc. YUp/ODn,Reversal
ZYX,C3,0.8045771660890233,Turquoise,Conc. Up,Rejuvenation
HSPB2,C3,0.998766395608674,Brown,Conc. Up,Rejuvenation
ETFDH,C2,0.9997198999339444,Blue,Disc. YUp/ODn,Reversal
ADRM1,C1,0.9942812838793538,Yellow,Conc. Down,Non-restored (-/-)
DDB1,C3,0.9999320522685624,Brown,Conc. Up,Rejuvenation
CDC37,C1,0.914350527733358,Blue,Conc. Down,Reversal
DPYSL2,C3,0.6991023329466282,Blue,Conc. Up,Non-restored (+/+)
RBBP7,C4,0.9957227088327684,Green,Disc. YDn/OUp,Rejuvenation
SGCB,C1,0.9517450570350448,Yellow,Conc. Down,Non-restored (-/-)
FXN,C2,0.99999913299081,Blue,Conc. Down,Reversal
DECR1,C2,0.9999996352141636,Blue,Conc. Up,Non-restored (+/+)
NDUFA5,C2,0.998144036234553,Red,Conc. Down,Reversal
TST,C2,0.9999999164563016,Blue,Conc. Down,Reversal
GUK1,C1,0.9934218358871676,Turquoise,Conc. Down,Reversal
NDUFA9,C2,0.9939079862642816,Red,Conc. Down,Reversal
PPP1R3A,C2,0.6409600850678278,Turquoise,Conc. Up,Rejuvenation
HADH,C2,0.9994788751411708,Blue,Conc. Down,Reversal
UGP2,C3,0.9885728245221777,Turquoise,Conc. Up,Rejuvenation
IMMT,C2,0.9962009821008682,Red,Conc. Down,Reversal
KLHL40,C3,0.9828055275255402,Brown,Conc. Up,Rejuvenation
TKFC,C3,0.7511945271113579,Blue,Conc. Down,Reversal
TIMM50,C2,0.9999267423668357,Blue,Conc. Up,Non-restored (+/+)
NADK2,C2,0.999931895499136,Turquoise,Disc. YUp/ODn,Reversal
FAM98B,C3,0.9348983294867276,Turquoise,Conc. Down,Non-restored (-/-)
HIKESHI,C1,0.8847884913846317,Yellow,Conc. Up,Rejuvenation
PDLIM3,C3,0.9783734959153804,Brown,Conc. Up,Rejuvenation
HSD17B12,C2,0.7389738104934167,Blue,Conc. Up,Non-restored (+/+)
AGK,C2,0.999998343123128,Magenta,Conc. Up,Rejuvenation
LACTB2,C2,0.9419007247435512,Blue,Disc. YUp/ODn,Reversal
CAVIN4,C3,0.986942939333756,Brown,Conc. Up,Rejuvenation
FLG2,C2,0.36375512484298106,Green,Disc. YDn/OUp,Rejuvenation
RABL3,C3,0.9826845653998318,Black,Disc. YUp/ODn,Non-restored (-/-)
COQ5,C2,0.999984549375692,Blue,Disc. YUp/ODn,Reversal
NOMO2,C4,0.9889320155651388,Yellow,Disc. YDn/OUp,Rejuvenation
PITRM1,C2,0.9840195745153186,Blue,Disc. YDn/OUp,Non-restored (+/+)
COA6,C2,0.9999997333503226,Red,Disc. YDn/OUp,Rejuvenation
GNAS,C1,0.7647910654697688,Green,Conc. Down,Non-restored (-/-)
TTC38,C2,0.7903123440669806,Turquoise,Conc. Up,Non-restored (+/+)
C6orf136,C2,0.9999686151343464,Turquoise,Conc. Down,Non-restored (-/-)
IBA57,C2,0.9999199385619064,Blue,Conc. Down,Reversal
UBR4,C1,0.5135763158992059,Yellow,Disc. YUp/ODn,Non-restored (-/-)
DCAF8,C3,0.7171507157638696,Yellow,Conc. Up,Rejuvenation
DDI2,C4,0.999998785521524,Green,Disc. YDn/OUp,Rejuvenation
MICOS10,C1,0.9564240537921016,Turquoise,Disc. YDn/OUp,Rejuvenation
OBSCN,C4,0.9567393072258448,Green,Conc. Up,Rejuvenation
MYOM3,C4,0.9999893718913074,Green,Conc. Down,Non-restored (-/-)
PDE4DIP,C1,0.9791183714134362,Yellow,Conc. Up,Rejuvenation
BROX,C4,0.7111215292683246,Yellow,Disc. YDn/OUp,Non-restored (+/+)
SYPL2,C1,0.9903261777534436,Turquoise,Conc. Down,Non-restored (-/-)
ECPAS,C3,0.9997376466400948,Brown,Disc. YUp/ODn,Non-restored (-/-)
TMEM198,C3,0.913117360649628,Pink,Disc. YUp/ODn,Non-restored (-/-)
CRYBG3,C4,0.9999642854076116,Green,Disc. YUp/ODn,Non-restored (-/-)
NXN,C3,0.8418266690920186,Blue,Disc. YUp/ODn,Reversal
PTRHD1,C3,0.5059145183347081,Turquoise,Conc. Up,Rejuvenation
ABLIM2,C4,0.9999043869986572,Green,Conc. Down,Non-restored (-/-)
DHRS7B,C3,0.8604763220591166,Green,Disc. YUp/ODn,Non-restored (-/-)
TWF2,C4,0.998390072032508,Black,Disc. YDn/OUp,Rejuvenation
RAB12,C1,0.799569472929737,Yellow,Conc. Down,Reversal
DENND5A,C1,0.983321475253874,Green,Conc. Down,Reversal
RCSD1,C1,0.8862300143517988,Yellow,Conc. Down,Reversal
HIBCH,C2,0.9998588332437232,Blue,Conc. Up,Non-restored (+/+)
CAVIN1,C1,0.9564075822635728,Yellow,Disc. YUp/ODn,Reversal
MRPL54,C2,0.9895614744856208,Magenta,Disc. YDn/OUp,Non-restored (+/+)
LPCAT3,C4,0.8939473572341631,Yellow,Conc. Down,Non-restored (-/-)
SFXN4,C4,0.7539156787659786,Green,Disc. YDn/OUp,Rejuvenation
FAHD1,C2,0.9999995677452022,Blue,Conc. Down,Reversal
LMOD2,C4,0.9988253460091976,Green,Disc. YDn/OUp,Rejuvenation
SLC27A1,C2,0.9977969219034412,Blue,Disc. YUp/ODn,Reversal
CCDC137,C4,0.999824475014179,Green,Conc. Down,Non-restored (-/-)
CORO6,C4,0.998697204070358,Turquoise,Conc. Up,Rejuvenation
TMEM205,C1,0.892459915983708,Turquoise,Conc. Down,Non-restored (-/-)
DHRS11,C1,0.8863607428390923,Blue,Disc. YDn/OUp,Non-restored (+/+)
APOOL,C2,0.9946702204243064,Yellow,Conc. Down,Reversal
HSDL2,C2,0.99998255135841,Blue,Conc. Down,Reversal
KYAT3,C1,0.9963411918165236,Turquoise,Conc. Down,Non-restored (-/-)
TRIM72,C3,0.9369954009777396,Brown,Conc. Up,Rejuvenation
UBN2,C4,0.9999943439883908,Green,Disc. YDn/OUp,Rejuvenation
TOM1L2,C1,0.9025847508081064,Turquoise,Disc. YUp/ODn,Reversal
VPS13C,C2,0.4863504559924144,Green,Conc. Up,Rejuvenation
SND1,C4,0.9917916255329856,Black,Disc. YDn/OUp,Rejuvenation
TRMT10C,C2,0.9993109877613244,Blue,Conc. Up,Non-restored (+/+)
BZW1,C1,0.6929475459365033,Turquoise,Conc. Up,Rejuvenation
EIF3M,C4,0.6909297574772962,Green,Disc. YDn/OUp,Rejuvenation
COPS6,C3,0.9723408337475272,Turquoise,Disc. YUp/ODn,Non-restored (-/-)
CHMP1B,C4,0.4911244683490715,Turquoise,Conc. Down,Non-restored (-/-)
ERMP1,C2,0.9935978140668006,Blue,Conc. Down,Non-restored (-/-)
MRPL21,C2,0.9978656946889392,Magenta,Disc. YUp/ODn,Reversal
DGLUCY,C2,0.7280893188031557,Blue,Conc. Down,Reversal
MAVS,C2,0.9715500253139776,Blue,Disc. YUp/ODn,Reversal
COMMD6,C3,0.9982456033298536,Brown,Disc. YUp/ODn,Reversal
DCXR,C2,0.9975944239224088,Blue,Conc. Down,Reversal
SPRED2,C1,0.9962368625091396,Pink,Disc. YDn/OUp,Non-restored (+/+)
HUWE1,C1,0.9873925197073726,Pink,Conc. Up,Non-restored (+/+)
GLRX5,C2,0.9998378634111172,Blue,Conc. Down,Reversal
MYPN,C4,0.9998511001137308,Black,Disc. YDn/OUp,Rejuvenation
SRL,C4,0.9113842477192888,Black,Conc. Down,Non-restored (-/-)
PRUNE1,C3,0.7750952599267423,Turquoise,Disc. YUp/ODn,Reversal
ACOT1,C4,0.995640983854916,Green,Disc. YDn/OUp,Rejuvenation
ISCA2,C2,0.9997843246251008,Blue,Conc. Down,Reversal
MTDH,C3,0.6781313837744195,Brown,Conc. Up,Rejuvenation
KTN1,C3,0.9949369183406686,Brown,Disc. YUp/ODn,Non-restored (-/-)
NLRX1,C2,0.9999990672531196,Blue,Conc. Down,Reversal
MDP1,C2,0.8899289304814035,Red,Conc. Down,Reversal
SLC25A42,C2,0.9993513595962356,Turquoise,Conc. Down,Non-restored (-/-)
NRAP,C3,0.9908975031029208,Brown,Conc. Up,Rejuvenation
VPS36,C1,0.9792338639021247,Yellow,Conc. Down,Non-restored (-/-)
CAND1,C3,0.9933794617537308,Brown,Conc. Up,Rejuvenation
COMMD7,C4,0.94109974884506,Yellow,Conc. Up,Non-restored (+/+)
CARM1,C1,0.943828631240145,Turquoise,Conc. Up,Rejuvenation
ECHDC2,C2,0.966590243108544,Blue,Conc. Down,Reversal
PHYKPL,C3,0.9652002099427632,Brown,Disc. YUp/ODn,Reversal
MUSTN1,C3,0.5180519484224019,Brown,Disc. YDn/OUp,Rejuvenation
NAXD,C2,0.5237761691599528,Blue,Conc. Down,Reversal
MFN1,C2,0.8845069178333095,Red,Conc. Down,Reversal
SLC44A2,C1,0.981772545384892,Yellow,Conc. Down,Non-restored (-/-)
HSCB,C2,0.9782228667117244,Turquoise,Disc. YDn/OUp,Non-restored (+/+)
ADHFE1,C2,0.999985228187108,Blue,Conc. Down,Reversal
UNC45B,C3,0.9964195083896464,Black,Conc. Up,Rejuvenation
MSRB3,C1,0.9786115715189172,Turquoise,Conc. Down,Non-restored (-/-)
KLHDC8B,C3,0.906852568729666,Pink,Conc. Up,Rejuvenation
SUPV3L1,C2,0.9836913806975944,Turquoise,Disc. YDn/OUp,Non-restored (+/+)
THNSL1,C2,0.9972975044922044,Turquoise,Disc. YUp/ODn,Reversal
MICU2,C2,0.9990601039597644,Red,Conc. Down,Reversal
ELMOD2,C1,0.973307860734582,Turquoise,Conc. Down,Non-restored (-/-)
FAM185A,C2,0.9999996926257156,Blue,Conc. Down,Non-restored (-/-)
ADSS1,C1,0.9424831310048292,Yellow,Disc. YDn/OUp,Non-restored (+/+)
NDUFAF2,C2,0.9999754183888904,Blue,Conc. Down,Reversal
LRRC47,C3,0.990660489707882,Turquoise,Conc. Down,Reversal
GPD1L,C2,0.9522238308821108,Blue,Conc. Down,Reversal
EHBP1L1,C3,0.938123490833221,Yellow,Conc. Up,Rejuvenation
CMYA5,C2,0.9981914792210276,Magenta,Conc. Down,Non-restored (-/-)
TXLNB,C3,0.9974518797352948,Brown,Disc. YUp/ODn,Non-restored (-/-)
SYNPO,C4,0.9994899371699648,Green,Conc. Down,Non-restored (-/-)
TOMM5,C2,0.9995045989516336,Red,Disc. YDn/OUp,Non-restored (+/+)
CHCHD4,C2,0.9989873628512638,Blue,Conc. Up,Non-restored (+/+)
CBR4,C2,0.99975520205342,Blue,Disc. YUp/ODn,Reversal
MMGT1,C3,0.7264638228942266,Black,Disc. YUp/ODn,Reversal
CISD2,C1,0.994128061387614,Turquoise,Conc. Up,Non-restored (+/+)
ATPAF2,C2,0.9999860937326612,Blue,Conc. Down,Reversal
JAGN1,C1,0.991114864269052,Turquoise,Conc. Down,Non-restored (-/-)
MRPL50,C2,0.9999211102642802,Magenta,Conc. Up,Non-restored (+/+)
SMYD1,C4,0.999941353408882,Green,Disc. YDn/OUp,Non-restored (+/+)
RDH13,C2,0.9926705746840976,Magenta,Conc. Up,Non-restored (+/+)
TXNDC5,C3,0.9990681294301142,Brown,Conc. Up,Non-restored (+/+)
ATAD1,C2,0.999736688946599,Red,Disc. YDn/OUp,Rejuvenation
SCCPDH,C2,0.99333609629202,Blue,Conc. Up,Non-restored (+/+)
SERBP1,C4,0.8715643877603837,Black,Disc. YDn/OUp,Rejuvenation
FAM98A,C3,0.4548182337926813,Brown,Conc. Up,Rejuvenation
PDPR,C2,0.9958416997299228,Blue,Disc. YDn/OUp,Rejuvenation
NPEPL1,C2,0.4279584311168161,Yellow,Conc. Up,Non-restored (+/+)
CHDH,C2,0.9977776101700184,Blue,Disc. YDn/OUp,Rejuvenation
ABCF1,C3,0.9763922790871066,Black,Conc. Up,Non-restored (+/+)
MCU,C2,0.8599395050465843,Red,Conc. Down,Reversal
ABHD11,C2,0.9999836148611972,Blue,Conc. Up,Non-restored (+/+)
ATL2,C1,0.9449447871554664,Turquoise,Conc. Down,Non-restored (-/-)
PPTC7,C2,0.9999875388043138,Blue,Disc. YDn/OUp,Non-restored (+/+)
COQ8A,C2,0.9999997211872336,Blue,Conc. Down,Reversal
NPLOC4,C1,0.5151124854890771,Green,Disc. YUp/ODn,Non-restored (-/-)
SPATA20,C4,0.9688743068626195,Green,Disc. YDn/OUp,Rejuvenation
DEPTOR,C4,0.6850574432118772,Yellow,Disc. YDn/OUp,Rejuvenation
RDH11,C1,0.5956807460195197,Turquoise,Conc. Up,Rejuvenation
NT5C,C1,0.9839921033143336,Green,Conc. Down,Non-restored (-/-)
PNPT1,C2,0.9470352989118512,Red,Disc. YUp/ODn,Reversal
SPPL2A,C4,0.6534162008902792,Turquoise,Conc. Down,Non-restored (-/-)
NEK9,C3,0.9936706726485164,Brown,Disc. YUp/ODn,Non-restored (-/-)
GPT2,C2,0.9991875931373022,Red,Disc. YUp/ODn,Reversal
MYOZ3,C4,0.9544699687735436,Green,Disc. YDn/OUp,Rejuvenation
UTP15,C4,0.99999871592666,Green,Disc. YDn/OUp,Rejuvenation
SETD7,C3,0.8729321486286528,Brown,Conc. Up,Rejuvenation
NUP133,C1,0.9974193522328252,Pink,Conc. Down,Non-restored (-/-)
NUDCD2,C1,0.6877877257280591,Yellow,Disc. YUp/ODn,Non-restored (-/-)
DNAJA4,C3,0.9921506258127636,Brown,Conc. Up,Rejuvenation
SPRYD4,C2,0.9761335008755,Magenta,Disc. YUp/ODn,Reversal
RTN4IP1,C2,0.9999731309804802,Blue,Disc. YUp/ODn,Reversal
PALLD,C4,0.9999496089696484,Black,Conc. Up,Rejuvenation
SYNE2,C3,0.984538517847462,Turquoise,Conc. Down,Reversal
THAP4,C2,0.9784635219595276,Blue,Conc. Up,Non-restored (+/+)
IFT81,C1,0.9969170128328184,Turquoise,Conc. Down,Non-restored (-/-)
TTN,C4,0.9999611989050552,Green,Disc. YDn/OUp,Rejuvenation
DDX1,C4,0.7409023371017256,Brown,Conc. Up,Non-restored (+/+)
HSD17B8,C2,0.9997789895028996,Blue,Disc. YUp/ODn,Reversal
CPT1B,C2,0.9999489006061296,Blue,Conc. Down,Reversal
UBXN4,C1,0.9186372458758972,Blue,Conc. Up,Non-restored (+/+)
MYO18A,C4,0.9999083215627464,Black,Conc. Up,Rejuvenation
GCN1,C3,0.9999767905223136,Brown,Conc. Up,Rejuvenation
SGCD,C1,0.9991266371963232,Turquoise,Conc. Down,Non-restored (-/-)
AKAP1,C2,0.8808751152972055,Red,Conc. Down,Reversal
RABGGTA,C4,0.6014892611499318,Blue,Disc. YDn/OUp,Non-restored (+/+)
TFG,C4,0.7975247194581452,Yellow,Conc. Up,Rejuvenation
ARPC1A,C3,0.9828254641164108,Turquoise,Disc. YUp/ODn,Non-restored (-/-)
P3H4,C4,0.6382593706808356,Yellow,Disc. YDn/OUp,Rejuvenation
CELF1,C4,0.5685155014996472,Green,Disc. YDn/OUp,Rejuvenation
RPL3L,C4,0.9999861040233038,Black,Conc. Up,Rejuvenation
COPS5,C3,0.9948230776039216,Turquoise,Disc. YUp/ODn,Reversal
GCDH,C2,0.9941909750628994,Blue,Disc. YUp/ODn,Reversal
TNPO1,C3,0.9999100330939024,Brown,Conc. Up,Rejuvenation
USP13,C2,0.9500606303504932,Turquoise,Conc. Down,Non-restored (-/-)
USP9X,C3,0.6369915904398148,Brown,Conc. Up,Non-restored (+/+)
CUL5,C1,0.5043374820245993,Yellow,Conc. Down,Reversal
LPP,C3,0.4780613824318884,Blue,Conc. Down,Reversal
ATP2A3,C1,0.997882731693469,Yellow,Conc. Up,Rejuvenation
PHKB,C1,0.7260379576972614,Green,Conc. Up,Rejuvenation
UBE2F,C1,0.9932226097874248,Turquoise,Disc. YUp/ODn,Reversal
RPL36AL,C4,0.9114505226639698,Black,Conc. Up,Rejuvenation
ERGIC1,C3,0.9012258008504476,Brown,Conc. Up,Rejuvenation
MTARC2,C4,0.772572809637463,Green,Disc. YDn/OUp,Non-restored (+/+)
FAM162A,C2,0.999994000543026,Magenta,Conc. Up,Non-restored (+/+)
CCDC47,C4,0.7369803852939858,Turquoise,Disc. YDn/OUp,Rejuvenation
ISOC2,C2,0.9999878290814568,Magenta,Disc. YUp/ODn,Reversal
SLC25A46,C2,0.9917838839714078,Blue,Disc. YUp/ODn,Reversal
TMEM143,C2,0.9764651956031196,Red,Disc. YDn/OUp,Non-restored (+/+)
PTER,C1,0.9839503511328171,Pink,Conc. Up,Non-restored (+/+)
ZBTB9,C1,0.9782108711460828,Turquoise,Conc. Down,Non-restored (-/-)
FAM136A,C2,0.9967675139924675,Turquoise,Disc. YDn/OUp,Rejuvenation
FGGY,C2,0.6820682669936382,Blue,Disc. YDn/OUp,Non-restored (+/+)
DCPS,C1,0.9604690285042936,Turquoise,Conc. Down,Reversal
ACSF2,C2,0.9999963180410488,Blue,Conc. Down,Reversal
CCDC124,C1,0.5922454670055268,Black,Conc. Up,Rejuvenation
OPTN,C2,0.9704032792215236,Blue,Disc. YUp/ODn,Reversal
AP2M1,C3,0.9997310951471052,Brown,Conc. Up,Rejuvenation
KCTD12,C2,0.518537291976036,Red,Disc. YDn/OUp,Rejuvenation
RMDN1,C2,0.9577382853211396,Red,Disc. YDn/OUp,Non-restored (+/+)
ECHDC3,C2,0.999998813751302,Blue,Conc. Down,Reversal
NUDT16,C2,0.6101470337314479,Red,Conc. Down,Reversal
CMBL,C1,0.9993350896600244,Turquoise,Conc. Down,Reversal
MRPL38,C2,0.9998874632436694,Red,Disc. YDn/OUp,Rejuvenation
MRRF,C4,0.90618451224356,Red,Conc. Down,Reversal
MRPL53,C4,0.971136687799794,Blue,Disc. YDn/OUp,Rejuvenation
DAZAP1,C2,0.9809785311438312,Turquoise,Disc. YDn/OUp,Rejuvenation
DNAJA3,C2,0.9970501194622556,Red,Conc. Down,Non-restored (-/-)
PTCD3,C2,0.9992322463007812,Magenta,Conc. Up,Non-restored (+/+)
S100A16,C3,0.999832790663129,Brown,Conc. Up,Rejuvenation
SCRN2,C1,0.9985783561882252,Yellow,Disc. YDn/OUp,Rejuvenation
OTUB1,C1,0.9204762268988624,Blue,Conc. Down,Reversal
CHMP6,C2,0.9935447845704184,Blue,Conc. Up,Non-restored (+/+)
DCUN1D1,C1,0.8005457312798223,Brown,Conc. Up,Rejuvenation
FAHD2A,C2,0.9951337088674168,Blue,Disc. YUp/ODn,Reversal
SNF8,C3,0.779355511005559,Magenta,Conc. Up,Non-restored (+/+)
PDLIM5,C4,0.998747397047762,Green,Conc. Down,Non-restored (-/-)
CRELD1,C4,0.94270777594909,Yellow,Disc. YDn/OUp,Rejuvenation
ERO1A,C3,0.5072874775625876,Brown,Conc. Up,Rejuvenation
AHCYL2,C3,0.5929975103872622,Yellow,Conc. Up,Non-restored (+/+)
PGAM5,C4,0.8179107238913245,Red,Disc. YUp/ODn,Reversal
DDRGK1,C3,0.9888215136258276,Black,Conc. Up,Rejuvenation
PYURF,C1,0.7963139489280563,Turquoise,Disc. YDn/OUp,Rejuvenation
SUCLG2,C2,0.999998763291163,Magenta,Conc. Down,Reversal
ABHD14B,C1,0.9770554788250932,Pink,Conc. Down,Reversal
TMX3,C1,0.6505899899067737,Turquoise,Disc. YDn/OUp,Rejuvenation
BTF3L4,C1,0.5600198059610406,Yellow,Disc. YUp/ODn,Non-restored (-/-)
USP47,C1,0.727941432361456,Yellow,Disc. YUp/ODn,Non-restored (-/-)
CNDP2,C1,0.8518649006482675,Brown,Disc. YUp/ODn,Reversal
ALPK3,C3,0.7912715235178905,Brown,Conc. Up,Rejuvenation
STAC3,C1,0.941002251654574,Yellow,Disc. YDn/OUp,Rejuvenation
COQ10A,C2,0.9999994671588862,Blue,Disc. YDn/OUp,Non-restored (+/+)
MCEE,C2,0.9997662326131788,Blue,Disc. YUp/ODn,Reversal
QKI,C1,0.8521244596345361,Turquoise,Conc. Up,Rejuvenation
PLIN4,C1,0.9961073341162532,Blue,Conc. Down,Reversal
VPS35,C1,0.9139329749207636,Yellow,Conc. Up,Non-restored (+/+)
PURB,C4,0.9995998686444448,Black,Disc. YUp/ODn,Reversal
BBS4,C4,0.5549833781002087,Yellow,Conc. Down,Non-restored (-/-)
VPS13A,C3,0.9412757976828592,Turquoise,Conc. Down,Non-restored (-/-)
MCCC1,C2,0.999572313511718,Blue,Conc. Down,Reversal
CLCC1,C1,0.8282729567816962,Turquoise,Conc. Down,Non-restored (-/-)
PLEKHF1,C4,0.5139278304066797,Red,Disc. YDn/OUp,Rejuvenation
MYCBP,C4,0.9885916437500314,Green,Disc. YDn/OUp,Rejuvenation
TBCB,C3,0.9953105394431404,Brown,Conc. Up,Non-restored (+/+)
PSMB7,C1,0.9890054601820396,Yellow,Conc. Up,Non-restored (+/+)
PCYT2,C2,0.9801886654402664,Blue,Conc. Down,Reversal
PSMD1,C1,0.773867072783642,Yellow,Conc. Up,Rejuvenation
PFDN5,C3,0.635319692409363,Turquoise,Conc. Down,Non-restored (-/-)
PAFAH2,C1,0.9906553462006992,Pink,Conc. Down,Non-restored (-/-)
PARK7,C1,0.9997233073044648,Yellow,Conc. Down,Reversal
VAT1,C3,0.8806381170850172,Brown,Conc. Up,Non-restored (+/+)
PLIN2,C2,0.9763509676797812,Blue,Disc. YUp/ODn,Reversal
S100A13,C3,0.9999912872843828,Brown,Conc. Up,Rejuvenation
TSNAX,C1,0.9999728485887842,Turquoise,Conc. Down,Non-restored (-/-)
EIF3C,C3,0.9924926694001078,Brown,Conc. Up,Rejuvenation
PHB2,C2,0.9983793753529948,Red,Disc. YDn/OUp,Non-restored (+/+)
COPS8,C1,0.9695122754249236,Yellow,Conc. Down,Reversal
CHP1,C1,0.9970273884824348,Turquoise,Conc. Down,Non-restored (-/-)
HSD17B10,C2,0.949261381158717,Magenta,Disc. YUp/ODn,Reversal
NAP1L4,C3,0.9872284567012456,Turquoise,Disc. YUp/ODn,Non-restored (-/-)
MGST2,C3,0.9101351307335204,Brown,Conc. Up,Rejuvenation
TXN2,C1,0.6020323714091905,Yellow,Disc. YDn/OUp,Rejuvenation
DMAC2L,C2,0.8287912339321382,Blue,Conc. Down,Reversal
ACO2,C2,0.9999902018514204,Blue,Disc. YUp/ODn,Reversal
COQ7,C2,0.9999245675746864,Blue,Conc. Down,Reversal
TSG101,C1,0.6298791364194836,Yellow,Disc. YUp/ODn,Non-restored (-/-)
CPNE1,C1,0.944884959492783,Turquoise,Conc. Down,Non-restored (-/-)
CCT7,C3,0.9981574322038884,Brown,Conc. Up,Rejuvenation
PRMT1,C1,0.8065421064649964,Yellow,Disc. YUp/ODn,Non-restored (-/-)
NIPSNAP1,C2,0.9959789530909288,Red,Conc. Down,Non-restored (-/-)
ARPC5L,C2,0.9195184428776914,Red,Disc. YDn/OUp,Non-restored (+/+)
MICU1,C2,0.9990235121842947,Blue,Conc. Down,Reversal
MACROD1,C4,0.6727934277780495,Turquoise,Conc. Down,Non-restored (-/-)
WDR77,C1,0.9158690558326182,Turquoise,Disc. YUp/ODn,Reversal
APOL2,C3,0.999948002845537,Brown,Conc. Up,Rejuvenation
JPH2,C1,0.5931383517345951,Turquoise,Conc. Down,Non-restored (-/-)
CORO1B,C4,0.911438558122732,Turquoise,Disc. YDn/OUp,Rejuvenation
TXNDC17,C1,0.7914293128524091,Turquoise,Conc. Up,Rejuvenation
CPPED1,C1,0.8509182316223194,Yellow,Conc. Up,Rejuvenation
MIEN1,C1,0.7688484632642676,Green,Disc. YDn/OUp,Rejuvenation
PELO,C4,0.9945098445991738,Black,Conc. Up,Rejuvenation
PRXL2A,C2,0.992854274037875,Turquoise,Conc. Down,Reversal
ERP44,C3,0.8547821846484979,Turquoise,Disc. YUp/ODn,Reversal
NIPSNAP3B,C2,0.7877502851368509,Blue,Conc. Down,Reversal
AGMAT,C2,0.6452227380237672,Yellow,Conc. Up,Non-restored (+/+)
TACO1,C2,0.9999847930904364,Blue,Conc. Down,Reversal
ESYT1,C3,0.9893033020464524,Turquoise,Conc. Down,Non-restored (-/-)
UBAC1,C2,0.8081405125272713,Blue,Conc. Up,Non-restored (+/+)
COPS4,C1,0.908034159401636,Yellow,Conc. Down,Reversal
DCTN5,C3,0.9959796971074064,Brown,Disc. YUp/ODn,Reversal
AARSD1,C2,0.8929687589919679,Turquoise,Conc. Down,Non-restored (-/-)
TMEM43,C3,0.9977905445954772,Brown,Conc. Up,Rejuvenation
DHRS4,C2,0.9713118285823495,Blue,Conc. Up,Non-restored (+/+)
TUBB6,C3,0.9997331974231364,Brown,Conc. Up,Non-restored (+/+)
CHCHD7,C2,0.9996698725600331,Blue,Conc. Down,Reversal
APOO,C2,0.9999924496165524,Blue,Conc. Down,Reversal
MRI1,C3,0.4877348641928834,Turquoise,Disc. YDn/OUp,Non-restored (+/+)
ABHD6,C2,0.876599861226789,Turquoise,Disc. YUp/ODn,Non-restored (-/-)
ADI1,C1,0.9976158615662718,Turquoise,Conc. Up,Rejuvenation
MECR,C2,0.99999808998303,Blue,Conc. Down,Reversal
NTMT1,C4,0.9802837987171746,Red,Disc. YDn/OUp,Non-restored (+/+)
TMEM109,C3,0.6438902193894613,Turquoise,Conc. Down,Non-restored (-/-)
TIMM21,C2,0.999836188501122,Red,Disc. YDn/OUp,Non-restored (+/+)
TPPP3,C3,0.9971940723347638,Brown,Conc. Up,Non-restored (+/+)
NUDT9,C2,0.9971320895677444,Turquoise,Conc. Down,Reversal
SORBS1,C2,0.8871854655651235,Red,Conc. Down,Non-restored (-/-)
HINT2,C2,0.999951349339926,Turquoise,Conc. Down,Non-restored (-/-)
OSBPL11,C3,0.9298872969221754,Turquoise,Conc. Up,Rejuvenation
NT5C1A,C1,0.8490024464956459,Green,Conc. Up,Rejuvenation
TMEM120A,C2,0.99927080405323,Turquoise,Conc. Down,Non-restored (-/-)
NAA15,C3,0.7263426450480852,Turquoise,Conc. Up,Non-restored (+/+)
BCL2L13,C2,0.9984183366776406,Blue,Conc. Down,Reversal
AP1M1,C3,0.9975294219548676,Brown,Conc. Up,Rejuvenation
OSBPL1A,C4,0.9902187556767807,Green,Disc. YDn/OUp,Rejuvenation
HDHD5,C2,0.9995709733463344,Blue,Disc. YDn/OUp,Non-restored (+/+)
MRPL13,C2,0.9999033044029372,Red,Disc. YDn/OUp,Rejuvenation
MRPL4,C4,0.5717269697279976,Green,Conc. Up,Rejuvenation
MRPL1,C2,0.9949357398301778,Magenta,Conc. Up,Rejuvenation
TRIM54,C4,0.9972743272343172,Green,Disc. YDn/OUp,Rejuvenation
BCO2,C2,0.9996209815956304,Turquoise,Disc. YUp/ODn,Reversal
MRPL37,C2,0.9992447977242394,Red,Disc. YDn/OUp,Rejuvenation
ASPSCR1,C1,0.9952604137557196,Turquoise,Conc. Down,Non-restored (-/-)
UBL5,C4,0.9773141394983584,Yellow,Conc. Down,Non-restored (-/-)
NIBAN1,C1,0.7178251249170614,Green,Conc. Down,Non-restored (-/-)
PITHD1,C1,0.9687564184056352,Blue,Conc. Down,Reversal
SLIRP,C2,0.9994900612771834,Magenta,Conc. Up,Non-restored (+/+)
NIF3L1,C1,0.9688307896481064,Turquoise,Conc. Down,Non-restored (-/-)
EGLN1,C2,0.9936637789805688,Blue,Conc. Up,Non-restored (+/+)
ANKRD2,C3,0.9806517084806656,Brown,Conc. Up,Rejuvenation
TMEM126A,C2,0.9999974296840912,Red,Conc. Down,Reversal
CLPB,C2,0.9996184477231562,Red,Conc. Up,Non-restored (+/+)
TOLLIP,C3,0.9875085637335824,Turquoise,Conc. Down,Non-restored (-/-)
PCBD2,C2,0.8781664975393357,Blue,Conc. Down,Reversal
NT5C3A,C1,0.9672338295507924,Yellow,Conc. Down,Reversal
HDHD2,C1,0.9990213805768156,Pink,Conc. Down,Reversal
RAB1B,C3,0.9998917840279572,Brown,Disc. YUp/ODn,Non-restored (-/-)
C11orf54,C1,0.8748569520614262,Green,Conc. Down,Reversal
MYLK2,C1,0.9981317136337134,Turquoise,Conc. Down,Non-restored (-/-)
EHD4,C2,0.998913689109749,Blue,Disc. YDn/OUp,Non-restored (+/+)
SH3BGRL3,C1,0.5738796495042664,Pink,Disc. YDn/OUp,Non-restored (+/+)
SLK,C3,0.7984755880100759,Brown,Conc. Up,Rejuvenation
LRMDA,C3,0.9996981849165688,Brown,Conc. Up,Rejuvenation
TNMD,C2,0.9972755673033716,Turquoise,Conc. Down,Reversal
PPA2,C2,0.9999796564712656,Magenta,Conc. Down,Reversal
MRPL46,C2,0.9999539632543276,Red,Disc. YDn/OUp,Rejuvenation
TMEM245,C3,0.930988746697818,Red,Disc. YUp/ODn,Reversal
GHITM,C2,0.9187217479698474,Red,Disc. YDn/OUp,Rejuvenation
CHMP4B,C3,0.9931227082080945,Yellow,Conc. Up,Non-restored (+/+)
RBKS,C1,0.9729330937077636,Yellow,Conc. Down,Non-restored (-/-)
FN3K,C2,0.9994722763812156,Blue,Conc. Down,Reversal
TOR1AIP2,C3,0.9987981335662096,Brown,Conc. Up,Non-restored (+/+)
GLIPR2,C3,0.9722085143178544,Brown,Conc. Up,Rejuvenation
TMEM38A,C4,0.8793894531525905,Yellow,Conc. Down,Non-restored (-/-)
OPA3,C2,0.9839075763312544,Magenta,Conc. Down,Reversal
DCTPP1,C2,0.9996830542779118,Red,Conc. Down,Reversal
PTGES2,C2,0.999999974695909,Magenta,Conc. Up,Rejuvenation
UBE2Z,C3,0.9999736234731011,Turquoise,Disc. YUp/ODn,Reversal
MOB1A,C4,0.9811734028046168,Green,Conc. Down,Reversal
JPT2,C3,0.952631326517378,Blue,Conc. Up,Non-restored (+/+)
SYNPO2L,C4,0.9999606431832512,Green,Disc. YDn/OUp,Rejuvenation
ARMT1,C1,0.938876721188414,Turquoise,Conc. Down,Non-restored (-/-)
LRRC40,C4,0.9964352619261664,Turquoise,Conc. Down,Reversal
SFXN1,C2,0.9997406777175238,Blue,Conc. Up,Non-restored (+/+)
L2HGDH,C2,0.9996344218800912,Blue,Conc. Down,Reversal
COPS7B,C1,0.974430765953785,Turquoise,Disc. YUp/ODn,Reversal
CACYBP,C3,0.9638980331975168,Yellow,Conc. Up,Non-restored (+/+)
RDH14,C2,0.998043030839657,Blue,Disc. YDn/OUp,Non-restored (+/+)
TNS1,C4,0.9984832892293796,Red,Conc. Down,Reversal
PLGRKT,C4,0.9318049138927694,Red,Conc. Down,Reversal
GLOD4,C1,0.989812611796546,Pink,Conc. Down,Reversal
MCCC2,C2,0.9999720502938968,Blue,Conc. Down,Reversal
HHATL,C1,0.6983074998449421,Turquoise,Conc. Down,Non-restored (-/-)
JPH1,C4,0.6738466598981635,Black,Conc. Down,Non-restored (-/-)
APMAP,C3,0.994377115234229,Brown,Conc. Up,Rejuvenation
RAB18,C3,0.9992757468271688,Turquoise,Disc. YUp/ODn,Reversal
PALMD,C3,0.6499561493196412,Turquoise,Disc. YUp/ODn,Reversal
VTA1,C3,0.8461347051168937,Turquoise,Disc. YUp/ODn,Non-restored (-/-)
SARS2,C2,0.998649769436202,Blue,Conc. Up,Non-restored (+/+)
MYOZ1,C4,0.9999377898781612,Green,Disc. YDn/OUp,Rejuvenation
MYOZ2,C4,0.9996709869236736,Green,Conc. Down,Non-restored (-/-)
OSGEP,C4,0.9691986341717262,Green,Disc. YDn/OUp,Rejuvenation
ACOT13,C2,0.9998295180387476,Blue,Conc. Up,Non-restored (+/+)
MRPL40,C2,0.999626747076328,Blue,Conc. Up,Non-restored (+/+)
TIGAR,C3,0.7911515904094131,Turquoise,Disc. YUp/ODn,Reversal
RTN4,C3,0.9624112652195737,Yellow,Conc. Down,Reversal
HINT3,C2,0.9770130187804714,Turquoise,Conc. Down,Non-restored (-/-)
PFDN4,C1,0.9974221640072808,Yellow,Disc. YUp/ODn,Reversal
NIT2,C1,0.7141761633359239,Turquoise,Disc. YUp/ODn,Non-restored (-/-)
XPNPEP1,C3,0.7295842499556402,Turquoise,Disc. YUp/ODn,Non-restored (-/-)
GPHN,C1,0.993459106293995,Turquoise,Conc. Down,Reversal
PDLIM7,C4,0.9997395520608068,Green,Disc. YDn/OUp,Rejuvenation
ACSS2,C2,0.9996388002903792,Blue,Conc. Down,Reversal
DIABLO,C2,0.9981107893654998,Blue,Conc. Down,Reversal
SH3GLB2,C3,0.7794845252742951,Turquoise,Conc. Up,Rejuvenation
EIF2B3,C4,0.732561346933603,Black,Disc. YDn/OUp,Rejuvenation
MBNL1,C1,0.8731795453737146,Turquoise,Conc. Up,Rejuvenation
SDR39U1,C2,0.9999031446009312,Blue,Conc. Down,Reversal
OSTC,C4,0.4872880357250248,Red,Disc. YDn/OUp,Rejuvenation
CMC2,C2,0.9999957006388632,Red,Conc. Down,Reversal
HEBP1,C2,0.8961838447024021,Blue,Disc. YDn/OUp,Non-restored (+/+)
TOMM22,C2,0.9570069448144984,Red,Disc. YDn/OUp,Rejuvenation
LANCL2,C1,0.9927434898912548,Turquoise,Conc. Down,Non-restored (-/-)
FARSB,C3,0.999906016614834,Brown,Conc. Up,Non-restored (+/+)
IARS2,C2,0.999999921100348,Blue,Conc. Up,Non-restored (+/+)
SIRT3,C2,0.999990878334437,Blue,Disc. YDn/OUp,Non-restored (+/+)
OLA1,C1,0.9990253782207384,Yellow,Conc. Down,Reversal
ACSS1,C2,0.9807475073453392,Turquoise,Conc. Down,Reversal
ABHD10,C2,0.999987102792862,Blue,Conc. Down,Reversal
SEPTIN11,C1,0.9402953114644418,Yellow,Disc. YUp/ODn,Reversal
PARVA,C1,0.8171310330232918,Turquoise,Conc. Down,Reversal
PANK4,C2,0.8865605198987856,Yellow,Conc. Down,Reversal
DNAJC11,C2,0.5937360196005532,Red,Conc. Down,Reversal
TMLHE,C2,0.979391813303735,Red,Disc. YDn/OUp,Rejuvenation
ATAD3A,C2,0.999977431913872,Red,Disc. YDn/OUp,Non-restored (+/+)
ARL8B,C3,0.9418420246731,Yellow,Disc. YUp/ODn,Non-restored (-/-)
MRPS18A,C2,0.997715140391574,Magenta,Conc. Up,Rejuvenation
PNPO,C1,0.953628181367598,Blue,Conc. Down,Reversal
OXSM,C2,0.9999843699124016,Blue,Conc. Down,Non-restored (-/-)
MRPL22,C2,0.9860069357360188,Turquoise,Conc. Down,Non-restored (-/-)
CZIB,C1,0.9941892833423902,Green,Conc. Down,Reversal
BABAM1,C4,0.4715619914646602,Green,Disc. YDn/OUp,Rejuvenation
NDUFB11,C2,0.9982023599730409,Red,Disc. YDn/OUp,Non-restored (+/+)
OCIAD1,C2,0.840170213984479,Blue,Conc. Down,Reversal
MARCHF5,C2,0.6224597656179492,Brown,Conc. Up,Rejuvenation
CHCHD3,C2,0.9935299477634923,Red,Conc. Down,Reversal
SIRT5,C2,0.9999979372360072,Blue,Conc. Up,Non-restored (+/+)
BABAM2,C4,0.9323052852743458,Yellow,Conc. Down,Reversal
DPP3,C3,0.9663351229501532,Brown,Conc. Up,Rejuvenation
TUBA8,C2,0.8721595734921332,Green,Disc. YDn/OUp,Rejuvenation
MAP3K20,C1,0.6373278686138506,Yellow,Disc. YUp/ODn,Reversal
UGGT1,C1,0.9636894754189234,Turquoise,Conc. Down,Non-restored (-/-)
TECR,C4,0.9707213379082266,Black,Disc. YDn/OUp,Rejuvenation
ERAP1,C3,0.923664360915102,Brown,Conc. Up,Rejuvenation
CISD1,C2,0.999999196683195,Blue,Conc. Up,Non-restored (+/+)
CLIC5,C1,0.854078349595807,Turquoise,Conc. Down,Non-restored (-/-)
FAM120A,C3,0.9997298784345688,Brown,Conc. Up,Rejuvenation
GLTP,C2,0.9999324962912114,Turquoise,Disc. YUp/ODn,Non-restored (-/-)
COQ3,C2,0.9999988038519596,Blue,Conc. Down,Reversal
MAT2B,C3,0.9633630103392904,Blue,Disc. YUp/ODn,Reversal
MYOF,C1,0.7277817481718557,Turquoise,Conc. Up,Rejuvenation
EHD2,C2,0.9940579324314244,Blue,Conc. Down,Reversal
TMOD4,C4,0.999999102968174,Green,Disc. YDn/OUp,Rejuvenation
LMCD1,C3,0.9837779182816668,Brown,Conc. Up,Non-restored (+/+)
CHMP5,C3,0.8643907860629061,Turquoise,Conc. Down,Non-restored (-/-)
CNIH4,C3,0.9990161376726384,Brown,Disc. YUp/ODn,Non-restored (-/-)
NDUFAF4,C2,0.999913096021183,Blue,Disc. YDn/OUp,Rejuvenation
EMC3,C3,0.999400945591046,Brown,Conc. Down,Non-restored (-/-)
NDUFA13,C2,0.647200029223062,Red,Disc. YDn/OUp,Rejuvenation
PDP1,C2,0.9999969009667125,Blue,Disc. YDn/OUp,Non-restored (+/+)
MRPL36,C3,0.995689621435368,Brown,Disc. YUp/ODn,Non-restored (-/-)
VAPA,C4,0.989318649130174,Black,Conc. Up,Rejuvenation
RNF181,C4,0.4710427039160248,Turquoise,Conc. Down,Non-restored (-/-)
LARS1,C3,0.996726176121048,Brown,Conc. Up,Rejuvenation
SUCLA2,C2,0.9999999213207224,Blue,Conc. Up,Non-restored (+/+)
GMPR2,C1,0.9508948334080396,Yellow,Disc. YUp/ODn,Reversal
DPM3,C3,0.8233912737100872,Turquoise,Disc. YUp/ODn,Non-restored (-/-)
ATXN10,C2,0.6742032352358426,Blue,Conc. Up,Non-restored (+/+)
SAE1,C2,0.7655914245437897,Turquoise,Disc. YUp/ODn,Reversal
RNF7,C4,0.9564854769440064,Green,Conc. Down,Non-restored (-/-)
MYOT,C4,0.9999672310140558,Black,Disc. YDn/OUp,Rejuvenation
GNG12,C3,0.9849266370970592,Brown,Disc. YDn/OUp,Rejuvenation
VPS29,C2,0.9370316590352704,Turquoise,Conc. Up,Non-restored (+/+)
EIF3K,C3,0.9458414836612168,Turquoise,Disc. YDn/OUp,Rejuvenation
GRHPR,C1,0.9186520435712908,Turquoise,Conc. Up,Rejuvenation
CTSZ,C3,0.5849464164146074,Blue,Disc. YUp/ODn,Reversal
UBA2,C1,0.8663527883658234,Blue,Disc. YDn/OUp,Non-restored (+/+)
COPS7A,C1,0.8824713677223714,Yellow,Disc. YUp/ODn,Reversal
HSPB7,C3,0.999535291516932,Brown,Conc. Up,Rejuvenation
CLIP2,C1,0.4952504567302149,Brown,Conc. Up,Rejuvenation
DNAJB4,C4,0.9995632001432828,Green,Conc. Up,Rejuvenation
NIPSNAP3A,C1,0.8441582396408291,Yellow,Disc. YUp/ODn,Reversal
TES,C4,0.5777090947134624,Turquoise,Disc. YDn/OUp,Rejuvenation
KDM5B,C2,0.9942766999722152,Magenta,Disc. YDn/OUp,Rejuvenation
WARS2,C2,0.9998026380608735,Blue,Conc. Down,Non-restored (-/-)
MLX,C3,0.9622730978098214,Turquoise,Conc. Down,Non-restored (-/-)
SEPTIN9,C3,0.9990520436525984,Turquoise,Disc. YUp/ODn,Reversal
UBQLN2,C3,0.9953153695304744,Turquoise,Disc. YUp/ODn,Reversal
PCYOX1,C1,0.9997815166942796,Yellow,Conc. Down,Non-restored (-/-)
DPP7,C1,0.51589053613167,Blue,Conc. Down,Reversal
SMPX,C2,0.5245357404939878,Brown,Conc. Up,Rejuvenation
BCAP29,C3,0.7633290149250519,Brown,Conc. Up,Rejuvenation
CYB5R1,C3,0.6513251121702217,Blue,Conc. Down,Reversal
PFDN2,C1,0.4639782115883432,Yellow,Disc. YUp/ODn,Reversal
PUF60,C4,0.526425629736062,Turquoise,Conc. Down,Non-restored (-/-)
ENOPH1,C1,0.9997798163019892,Turquoise,Conc. Down,Non-restored (-/-)
NDUFA12,C2,0.999369947222044,Red,Disc. YDn/OUp,Rejuvenation
EIF2B4,C1,0.8132688876491496,Turquoise,Disc. YUp/ODn,Reversal
ATP6V1H,C1,0.9700131944636028,Turquoise,Conc. Down,Non-restored (-/-)
TRMT112,C1,0.987798117417208,Green,Disc. YDn/OUp,Rejuvenation
ATP5IF1,C2,0.9998917377925828,Blue,Conc. Up,Non-restored (+/+)
AK3,C2,0.9999296491921034,Blue,Conc. Down,Reversal
NAGK,C3,0.7064720719148765,Blue,Conc. Up,Non-restored (+/+)
SLC25A13,C2,0.9997978924905306,Red,Disc. YDn/OUp,Non-restored (+/+)
DBNL,C3,0.5783801132177139,Turquoise,Conc. Up,Non-restored (+/+)
DCTN4,C3,0.7210056222434231,Yellow,Conc. Up,Non-restored (+/+)
HSPB8,C4,0.6803733377072845,Turquoise,Conc. Up,Rejuvenation
STOML2,C2,0.9981005531058136,Red,Conc. Up,Non-restored (+/+)
JPT1,C1,0.7914281832714632,Yellow,Conc. Up,Rejuvenation
APPL1,C3,0.7119328222721936,Blue,Conc. Up,Non-restored (+/+)
PACSIN3,C4,0.9902805192201556,Yellow,Disc. YDn/OUp,Non-restored (+/+)
ACAD8,C2,0.999990833853276,Blue,Disc. YDn/OUp,Non-restored (+/+)
AGO2,C4,0.9950024025448384,Red,Disc. YDn/OUp,Non-restored (+/+)
MYH2,C4,0.9999980685911836,Green,Disc. YDn/OUp,Rejuvenation
MYH13,C2,0.5219060630964202,Green,Conc. Up,Rejuvenation
CDV3,C1,0.9886002663834694,Yellow,Conc. Up,Rejuvenation
RAB21,C1,0.7785627631641631,Yellow,Conc. Down,Non-restored (-/-)
PSME2,C3,0.9949490707730434,Brown,Conc. Up,Rejuvenation
DNPEP,C1,0.9977094677971038,Turquoise,Disc. YDn/OUp,Rejuvenation
MCTS1,C1,0.4973899062979716,Brown,Disc. YUp/ODn,Reversal
TBC1D24,C1,0.5816731483371655,Turquoise,Disc. YUp/ODn,Reversal
TMCO1,C3,0.9621769351489536,Turquoise,Disc. YUp/ODn,Non-restored (-/-)
EPDR1,C2,0.6132947346993546,Blue,Conc. Down,Reversal
MYO6,C2,0.8456216891484989,Black,Conc. Up,Rejuvenation
SYNPO2,C4,0.9999782401229962,Green,Conc. Up,Rejuvenation
UBQLN1,C3,0.5086054902182372,Turquoise,Conc. Down,Reversal
SNX12,C4,0.7441445193706282,Yellow,Conc. Down,Non-restored (-/-)
NDRG2,C1,0.8617239058929136,Turquoise,Disc. YUp/ODn,Non-restored (-/-)
VPS4A,C3,0.4729384079943412,Turquoise,Disc. YUp/ODn,Reversal
G3BP2,C4,0.9257814997822938,Red,Conc. Down,Non-restored (-/-)
STUB1,C3,0.9593579064155782,Brown,Disc. YUp/ODn,Non-restored (-/-)
SNX6,C1,0.9054583591804471,Turquoise,Conc. Down,Reversal
PSMD13,C3,0.9997444260269144,Brown,Disc. YUp/ODn,Non-restored (-/-)
NSFL1C,C1,0.9680782748945442,Turquoise,Disc. YUp/ODn,Reversal
PPP6R1,C2,0.9234096614891892,Turquoise,Disc. YDn/OUp,Rejuvenation
USP24,C2,0.5484231489250093,Yellow,Disc. YUp/ODn,Reversal
MAPRE3,C3,0.9999164616556776,Brown,Conc. Up,Rejuvenation
PA2G4,C4,0.99989300763073,Black,Conc. Up,Rejuvenation
CAMK2A,C4,0.6602361038543608,Black,Disc. YDn/OUp,Rejuvenation
CHMP2B,C1,0.9981334405799224,Yellow,Conc. Down,Non-restored (-/-)
RTRAF,C4,0.9949737007269874,Red,Conc. Up,Non-restored (+/+)
RUVBL2,C3,0.6693397094038551,Yellow,Conc. Up,Non-restored (+/+)
APOBEC2,C4,0.9837176046318988,Black,Disc. YDn/OUp,Rejuvenation
EIF3L,C3,0.9990829469400592,Brown,Conc. Up,Rejuvenation
PLAA,C1,0.7844920482564735,Yellow,Disc. YUp/ODn,Reversal
NUDC,C3,0.989021131881465,Brown,Disc. YUp/ODn,Non-restored (-/-)
VDAC3,C2,0.6780803768758397,Red,Conc. Down,Reversal
CFL2,C4,0.9879937647555592,Black,Conc. Up,Non-restored (+/+)
FARSA,C3,0.9890825577454412,Brown,Conc. Up,Non-restored (+/+)
FNDC3A,C4,0.981513044957539,Green,Disc. YUp/ODn,Non-restored (-/-)
PADI2,C3,0.992668952009904,Brown,Conc. Up,Non-restored (+/+)
GSTK1,C2,0.999998604047036,Blue,Conc. Up,Non-restored (+/+)
MRPS35,C1,0.9331337798319056,Turquoise,Disc. YUp/ODn,Reversal
COA3,C2,0.9901284898177244,Blue,Conc. Down,Reversal
SUGT1,C3,0.592522089443481,Blue,Conc. Up,Non-restored (+/+)
COQ6,C2,0.8924454809621157,Blue,Disc. YUp/ODn,Reversal
ACOT9,C2,0.9999940599240854,Blue,Conc. Up,Non-restored (+/+)
MEMO1,C3,0.7569183270604305,Brown,Conc. Up,Rejuvenation
TMX2,C4,0.8341456126218503,Green,Conc. Down,Non-restored (-/-)
SH3GLB1,C1,0.5012862776188984,Yellow,Disc. YUp/ODn,Reversal
LUC7L2,C3,0.950203558215468,Blue,Conc. Down,Reversal
DHRS7,C3,0.9247092160125122,Brown,Conc. Up,Rejuvenation
MOB4,C3,0.9999572343574384,Brown,Disc. YUp/ODn,Non-restored (-/-)
SBDS,C3,0.9942975531593684,Brown,Conc. Up,Rejuvenation
MRPL11,C2,0.9996524734204384,Red,Conc. Down,Non-restored (-/-)
PPIL1,C1,0.8458812062438211,Yellow,Conc. Down,Reversal
MSRB2,C2,0.9999745834903822,Blue,Disc. YDn/OUp,Non-restored (+/+)
FIS1,C2,0.7312871312785251,Turquoise,Conc. Down,Reversal
STRAP,C3,0.9852257040657708,Yellow,Conc. Up,Non-restored (+/+)
RTCB,C4,0.8541191809558446,Black,Conc. Up,Rejuvenation
RPL36,C4,0.9997535794891278,Black,Conc. Up,Rejuvenation
SAMHD1,C3,0.9982290957137494,Turquoise,Conc. Up,Non-restored (+/+)
HBS1L,C3,0.9182144904171452,Brown,Conc. Up,Rejuvenation
USP15,C1,0.9937374544511184,Yellow,Conc. Up,Rejuvenation
DTNA,C1,0.9075175741074596,Turquoise,Conc. Down,Non-restored (-/-)
HYOU1,C3,0.9180841431570128,Brown,Conc. Up,Non-restored (+/+)
AFG3L2,C2,0.999999977544092,Blue,Disc. YDn/OUp,Non-restored (+/+)
ARIH1,C3,0.8865026042376367,Turquoise,Disc. YUp/ODn,Non-restored (-/-)
RNF114,C2,0.9421053166308192,Blue,Conc. Down,Reversal
SAMM50,C2,0.9911593158444392,Red,Conc. Down,Reversal
PPME1,C1,0.9335631396172144,Turquoise,Conc. Up,Rejuvenation
TIMM9,C2,0.9999904255724636,Blue,Disc. YDn/OUp,Non-restored (+/+)
TIMM8B,C2,0.9988998764281302,Red,Disc. YDn/OUp,Rejuvenation
UCHL5,C3,0.6914203251655857,Brown,Conc. Up,Rejuvenation
TIMM13,C2,0.9999965530701126,Blue,Conc. Up,Non-restored (+/+)
SRPRB,C3,0.9962087466967284,Turquoise,Conc. Up,Rejuvenation
GMPPB,C1,0.9131380455692064,Yellow,Conc. Up,Non-restored (+/+)
MPC1,C2,0.9998966376724746,Magenta,Conc. Down,Reversal
SNX5,C4,0.9266498512979192,Yellow,Disc. YUp/ODn,Reversal
HEBP2,C3,0.5746022726069716,Turquoise,Conc. Down,Reversal
HCFC2,C2,0.9997041164523444,Blue,Conc. Down,Reversal
MYH4,C4,0.9999994046396318,Green,Disc. YDn/OUp,Rejuvenation
MRPS18B,C2,0.9721425730227377,Magenta,Conc. Up,Rejuvenation
COPG1,C1,0.4917576542574316,Yellow,Disc. YDn/OUp,Rejuvenation
CLIC4,C3,0.9986367214913712,Brown,Conc. Up,Rejuvenation
SPCS1,C1,0.6912621108169104,Turquoise,Disc. YUp/ODn,Reversal
SAR1B,C1,0.9622744063891994,Yellow,Conc. Down,Non-restored (-/-)
MTCH2,C2,0.9926341620680827,Red,Disc. YDn/OUp,Non-restored (+/+)
DYNC1LI1,C3,0.9985798524711896,Brown,Conc. Up,Non-restored (+/+)
CHCHD2,C2,0.969050887761539,Red,Disc. YDn/OUp,Non-restored (+/+)
NDUFB9,C2,0.9949545206018368,Red,Disc. YDn/OUp,Rejuvenation
COX11,C2,0.9999089891685526,Blue,Disc. YUp/ODn,Reversal
SESN1,C1,0.6974441634044882,Turquoise,Conc. Down,Reversal
SEC23IP,C1,0.6033244418045898,Yellow,Conc. Up,Rejuvenation
