PC1,PC2,gene,cluster,membership
0.020156320679218073,0.06002728183761277,MMP24OS,C3,0.9999677999052509
-0.018897359841359485,-0.009140383338589958,ESYT2,C1,0.9932961448455553
0.004195838741877003,-2.671426710328846e-4,ILVBL,C2,0.6825007241715059
0.014563853621661507,5.796708357818496e-4,FSD2,C2,0.9894543891728375
2.345584721242001e-4,0.035107257681643175,TARS3,C3,0.9998521383770373
0.011636837504191429,0.035134932162568695,VWA8,C3,0.9997885321848766
-0.01281508751515125,-0.003016669169852716,CARNS1,C1,0.9372188236738577
0.01893196262110741,-0.008777619736560672,MAP1LC3B2,C2,0.9999457337682869
-0.006775378142839005,0.005822829071463151,PGP,C3,0.7661115181055596
-0.016571573496946584,-0.0037726566952019183,DHRS7C,C4,0.5772052634493917
0.019131977401163243,-0.0249726009382385,SMTNL1,C4,0.8920819942189818
-3.4518791985282396e-4,0.04375611819580097,NUDT19,C3,0.9996558065434336
-0.010832739476360945,-0.016148081600733274,NACA,C1,0.999993646900853
0.01373510495015738,0.003739269735195647,SLC35A4,C2,0.9021623252759136
0.021191601508104736,0.01696171840396233,PDLIM1,C2,0.9270105712156368
-0.014131700263990975,0.006950186183500802,MYO1C,C1,0.815746477144025
-0.009227632210919968,-0.0032451117709993856,FXYD1,C1,0.6963069149612189
0.007800098893596386,-0.01633379588850113,STXBP3,C2,0.7104911886729084
0.010003246312693736,0.05016028798976111,NDUFS8,C3,0.9999698387500591
-0.004872912506944421,-0.013613801317440015,PSMD11,C1,0.9597252437511093
-0.011846077435381245,-0.017937036154375766,PSMD12,C1,0.9943472351094423
-2.2147548967393142e-4,-0.012645269950105916,PSMD9,C1,0.6414789696220016
-0.026121204823531974,-0.02961168871251939,PGRMC1,C1,0.5451106418968307
-0.004625810209790968,-0.012419535063057796,CLIC1,C1,0.9178106144842126
-0.007105652484332447,-0.00791213139838962,EIF3F,C1,0.9779464279056129
-0.0017649744560116374,0.02153514876848077,PDHX,C3,0.9999975154281806
-0.016092118890441362,-0.01963022500264413,DCTN6,C1,0.9998161274262719
-0.009269897990822501,-0.014679184185473777,IPO5,C1,0.9307115111145179
-0.0014291697572171756,-0.005111057465189387,EEF2K,NA,0
0.002385983035903959,5.71609168106726e-4,EML1,C4,0.9759160053874597
-0.0064802164033687095,0.015333858750966187,DNM1L,C3,0.9785056015714103
-0.005660723795751721,0.011272454445179462,RTCA,C3,0.8483333187363152
-0.0052386939064127626,0.02233350751875005,NDUFA4,C3,0.999532309018085
-0.006829344969607098,-0.012721499672798807,PSMD14,C1,0.9978449572870107
-0.007850449796096483,-0.023981630098780717,BIN1,C1,0.9991637432421113
-0.0029296246451652984,-0.02831033380742569,KPNA3,C1,0.9980011212530401
0.015576579134081553,-0.015280555628594735,DDX3X,C2,0.9972210303737106
-0.003614776553698901,-0.011080442018814788,KPNA4,C4,0.8511959185868581
0.0013986071749753275,0.012994511220727464,CES2,C3,0.7261684654440183
-0.005402713136840651,0.008677349732761097,FBP2,C4,0.972098905455941
-0.0035046309448888567,0.0027818889956810512,PDXK,C4,0.9712125313723752
-0.016507919682883853,0.019518046542084683,SDHD,C3,0.9685543001031106
0.02181288625815769,0.042350872509158255,COX7A2L,C3,0.9974109774429698
0.009451313757373089,0.028675392714276864,GAPDHS,C4,0.7996559401108312
-0.015786372858225085,0.014549450393744518,HSPB6,C1,0.6387006253821786
-0.001120694367559039,0.039608459796335684,NDUFAB1,C3,0.9999315664601025
0.005309909858651493,0.004118946591388726,IMPA2,C4,0.9996157896378688
-0.007294134282083011,0.0016091055924807218,PDCD5,C4,0.8488538227730131
-0.01390975164011348,-0.016822542737941818,PRMT5,C1,0.9719694252013588
-0.004252950338389189,-0.017883388727584732,PSMA7,C1,0.7963104106117
-0.001094448696680163,0.020615425265003484,OPLAH,C3,0.9592282754830853
0.004942159662732717,0.020154483799516145,MGST3,C3,0.9148775768787477
-0.0020018671635682462,0.010255771594973843,RGS12,C3,0.5044559236090488
0.008336067002317135,-0.02967158399776069,HAT1,C2,0.7595573356884563
0.005175891027300087,0.03728621519961324,UQCRQ,C3,0.9999977895671596
-0.0011088594671081337,0.01391221312000143,MYL12B,C3,0.5537241932673925
0.00817949423942743,0.05311380692518497,UQCR11,C3,0.9999459748609982
-0.009135827896355232,-0.011014304250494343,CASQ2,C1,0.997621690769163
0.006395690642237428,-0.031909535482014716,HGS,C1,0.6071908499859275
0.005528627436591789,-0.01105358923999076,HNRNPDL,C2,0.5838895182919231
-0.004714450505721952,-0.003999834145311784,XPO1,C4,0.9975221455264695
0.0010906155469660994,-0.03251967055000148,ATP2A1,C4,0.9985986146365354
0.009475513255562508,-0.011839112983871398,SYNJ2,C4,0.9967927252533823
0.04736637573629264,-0.02756705129486965,SYNM,C2,0.9958666542814847
-0.019504910257909257,-0.0014610282814109283,ARPC1B,C1,0.9948616196025758
0.002346867013238325,0.00485708001712683,ARPC2,C4,0.8850744668520981
-0.01730668324527842,0.0038151149552852867,PGRMC2,C1,0.963011959563907
0.0035538434434906835,-0.0025405583049439126,PFDN6,C4,0.6268262050263002
0.030273577484767677,0.062655265644544475,NDUFA1,C3,0.9514344109523108
-0.0162786300724379,-0.027374882437797225,SURF4,C1,0.9984269181146449
-0.002501913673164913,-0.01673104658944002,MAPK13,C4,0.9984499226825972
0.04442526060945718,-0.016630544499768054,TCAP,C2,0.9991693029722138
0.006436830107048145,-0.008405053017979275,PMM2,NA,0
0.01355852077511814,-0.008843048126782493,EIF3D,C2,0.9990653309024059
-0.007432258339638625,-0.024324220806823456,EIF3H,C1,0.7705119755731714
0.007675029683061521,0.02884320664043208,BCAT2,C3,0.9985863406761643
-0.0174374536964777,-0.023899106177426976,STX7,C1,0.9999257207780945
-0.006107162186124131,0.029704709403648864,SLC16A3,C4,0.563751076104246
-0.001004074999018255,-0.006698183055716274,YKT6,C4,0.5989850472519724
-0.011487505616708008,-0.006577764989349216,ARPC5,C4,0.5427819978928333
0.013972322484190305,0.010282713014283029,TAPBP,C2,0.9077947404378186
-0.011346528650765535,4.7404797104327965e-4,DHX15,C4,0.61651429464629
-0.004229924884720258,-0.01226918392715113,CYB5B,C4,0.554428813286516
0.01880682723680827,0.02742608018774307,NDUFS4,C3,0.82668897226264
-0.014251625695474847,0.0015093156727535627,DYNC1LI2,C1,0.9107590958402895
5.664878704466865e-5,-0.024771132758652004,PSMD3,C1,0.5922044236089627
0.022778629511187292,0.016825273989110334,RASA4,C2,0.9795843670576021
-0.0018563502065451873,-0.006821603158175072,HNRNPR,NA,0
-0.005458477883371492,-0.010405657670839868,TXNL1,C1,0.7308069535634326
-0.0025423128655836296,-0.0050142649463475325,TPD52L2,C4,0.8753758471649052
-0.00542280029483642,-0.00837823951259047,ERI3,C1,0.740601587946179
0.0013309684195458417,0.025820874114442182,AKR7A2,C3,0.9997438066001766
0.005138788767294282,0.007075871530838771,LAT,C4,0.9918362694711236
0.006598550854351761,-0.0027777641624124275,DENR,C2,0.9548779901138278
0.003894263430104805,0.013777218717510689,DNPH1,C4,0.800419108229446
-0.009757507479798791,0.03874764012292612,TIMM44,C3,0.9999978298444161
-0.01942256969710437,-0.009872655372644238,TRAPPC3,C1,0.9745122905708526
-0.009771499351214918,0.007628317158868278,CHMP2A,C3,0.5083767848657652
0.01544033886349288,0.04132925455115318,NDUFB5,C3,0.998540948094489
0.007551386919625536,0.04299724468704653,NDUFB3,C3,0.9997104424204946
0.004456184707260694,0.02952994475207467,NDUFA2,C3,0.9981485984099103
-0.0031132211751351063,-0.001899011942364911,BUB3,C4,0.542203507530956
0.13733935139892292,0.011595704675053501,ACTN4,C2,0.9999834030481952
-0.024769633339784016,0.012469004809270313,GSTZ1,C1,0.9200634810745643
6.646667336973533e-4,0.0013649729547051729,PRKAB2,C4,0.7903945043859084
-0.011180681202522906,-0.006346990432998643,AP1G1,C1,0.9395795308346413
0.00779662071706604,-0.013699566877501533,SYNGR2,C1,0.5246582826269259
-0.010354608498388807,0.01278768539880092,SGTA,C3,0.7533272320164822
0.01231439387461804,0.009178371411460731,ENSA,C2,0.8292500667528032
9.734282933541358e-4,0.05348409636242369,SLC25A20,C3,0.9999979222132694
-0.004954244874373576,-1.230127889695722e-5,NARS1,C1,0.9899915938826278
0.007528979144781807,0.014604880146755941,LANCL1,NA,0
0.005602344660774395,-0.014996431439702546,SLC37A4,C4,0.9653301516392391
0.00828258197379309,0.031114284767732807,IDH3B,C3,0.9999366174700621
-0.0070823693735600724,-0.0047337837664426724,CALU,C1,0.974610644613078
-0.01917972462888396,-0.007366516310842989,AHCYL1,C1,0.9723712292820117
0.025737219114100145,0.049116400850251964,NDUFS5,C3,0.9907718360240547
0.04766206486692716,0.06962473843613631,TIMM8A,C3,0.8793809450802342
-0.020498134969016507,0.005155726362391208,PPP1R12B,C1,0.9626938699951749
0.01024483212134302,-0.03787026960063408,PRPSAP2,C4,0.5084779057712658
-0.0028507589438919187,-0.03780507855432035,SPAG9,C1,0.9990493477788894
0.005142338015310476,0.02723974412117321,OPA1,C3,0.9999267904163718
-0.0043336217275245165,0.012613593532484446,TBC1D4,C4,0.8702096558016722
-0.0019605566608947673,-0.005721107284562583,SNX3,NA,0
-0.0022907939533616667,-0.012443483868924984,SYNCRIP,C1,0.8921444974268322
0.01079769173866678,0.0028109992879080453,SELENOF,C2,0.8576065808455697
0.014231434696322974,-0.03593078937884092,KLHL41,C1,0.7084295796046429
-0.007380585008331805,-0.009880127586746825,PLIN3,C1,0.9993179033831014
-0.008560697018009572,-0.006475793701253018,KPNA6,C1,0.9537391167895768
-0.00538547215057351,-0.006303667947226222,SNX2,C4,0.9799747840738035
-0.0031469257665860183,-0.014586287444665093,USO1,C4,0.9998817431388565
-0.0016823546670352476,-0.004939384888276965,TOM1,C4,0.9547911838580718
-0.006990460546297068,0.0416886259649738,PFKFB2,C3,0.9999953747670337
-0.008575925472097234,-0.014298362607359618,EDF1,C1,0.9932061774600159
-0.009839900614934996,-0.004217190517294115,DNAJA2,C1,0.9995223051088481
-0.017246453046411314,-0.015603706987960804,CUTA,C1,0.5971937997797101
0.009888761233382358,-0.005778705597588636,PFDN1,C4,0.8000452850632443
-0.006067881270218291,0.019016254751368946,NOL3,C3,0.9760376731594433
-3.3536840376511e-4,-0.019513492318204963,WDR1,C1,0.8167185749340431
0.027237485880577478,-0.0046678982560008,LDB3,C2,0.9999997773951202
0.007711573856744675,0.038885461029957435,CLASP2,C3,0.9984078468856814
-0.008649001484574776,-0.009389840283392292,COBL,C4,0.7513740613399059
-0.014099809947193774,-0.00499906802736949,CPNE3,C1,0.8045891674878032
0.006422705897551174,0.030633075721640608,CLUH,C3,0.9997331241809492
-0.005735755315613862,-0.009965113871196097,CAND2,C1,0.987924374895275
0.005147792223634309,0.026229689964330245,COQ9,C3,0.9935084074589033
-0.008674343986779694,0.006418964424608002,GGCT,C4,0.9848651364119899
0.02298269641789125,0.04606612123941823,NDUFS7,C3,0.950022940974648
-0.005202242239390117,-0.02525219734229123,RTN2,C1,0.9827770509151711
0.019372011965368953,0.04374291707153793,NDUFS2,C3,0.9741216932229226
-0.00445502144543066,0.02737611633520234,NIPSNAP2,C3,0.9999873217530064
0.02496799222682156,-0.0016158733452252916,CILP,C2,0.9995197877191939
-0.011842685966065554,-0.0030681524061470615,TBCA,C1,0.7585442886820987
-0.013414523625106405,-0.011461993094400345,ATP6V1G1,C1,0.9989907752883034
8.375886440450858e-4,2.827972242725604e-4,VPS4B,C4,0.8006910702708758
-0.0013709919338564692,6.561521431473451e-4,SH3BGRL,C4,0.9757760295122574
-0.013886432828512213,-0.027216432501309815,FLNB,C1,0.998750423654686
0.015354889746235459,0.03811692925397171,NDUFS6,C3,0.9902616029278073
-0.00822818704402038,0.0315248315666186,CS,C3,0.9999998603303955
-0.014137227591440722,-0.016011933635301984,SEC22B,C1,0.9970635560521666
0.0162878111057221,0.02275309357526294,MTX2,C3,0.8304689415284117
0.0015780951620714204,-0.013940422639887448,VPS26A,C1,0.8282160374045288
0.0027194885159784053,0.0317639319203225,NDUFB1,C3,0.9953068561284836
0.007424287529560263,0.02649622367201609,PMPCB,C3,0.9991668646053768
0.00879799782684112,0.03691169615901171,NDUFS3,C3,0.9994425251441912
0.006334381820894177,0.03358733258365868,ECI2,C3,0.9999002899043385
0.0329559355824386,-0.0042403572754556125,BANF1,C2,0.9815721723238854
0.008798247431233062,-0.023690525281547352,CSDE1,C2,0.9444604500315807
0.023469613126713782,-0.037930998331121984,PRKRA,C2,0.9981844285996795
0.001102993964133701,0.019680405235227186,LYPLA1,C3,0.9958287979610707
-0.001984876522723311,-0.005955456298497657,TIPRL,C4,0.7774076522324348
0.008283718601246765,-0.007856672370614111,PPM1B,C2,0.5314740071477685
-0.0014700377057057792,0.027122217913880954,SLC25A12,C3,0.9999782606999253
0.013044765373843435,0.0020106438984720484,TCEA3,C2,0.9911067972210735
-0.007621767737344114,0.002492757962716465,EIF3G,C1,0.97967317133983
0.0020860579951970924,-0.007252572956615548,EIF3J,C2,0.593447562315122
0.006284011756062426,0.008240376066638503,PSMD10,C4,0.9904985876887104
9.448889047785007e-4,0.005534973696519343,IDH1,C4,0.9969669254408611
-0.002282457282993866,0.03597878563770576,SCO1,C3,0.9911426368032862
-0.006397854530931069,0.00938603598401458,ALDH1L1,C3,0.9495111994358637
-0.014627141054127175,-0.018357783195158645,ARL6IP5,C1,0.9971020009819302
-0.008915618383160162,-0.026883424776362186,DYSF,C1,0.9999854346985904
0.013286561107055624,0.002977585076388275,PIAS2,C2,0.9501870518377307
-0.0011454653574653256,-0.0025610271551970254,DCTN3,C4,0.9996231724971559
-0.0059727564481843074,0.023026326767905853,ATP5PD,C3,0.9999924701765736
-8.341146352112078e-4,-0.010869622803332106,FLOT1,C4,0.9841775673644798
-0.01340019752126937,0.02489051818502306,ATP5MG,C3,0.9999129578743735
-0.001574329668532343,-0.021342048439177204,GLRX3,C1,0.8181152581230521
0.017278202662719084,-0.006446406683532329,SNCG,C2,0.5178228557011044
1.568264375211154e-4,-0.010997471536488081,DDAH1,C4,0.8134808173200135
-0.004627971289645412,0.017704435718613853,TPPP,C3,0.5818354006019413
-0.0011113557538494725,0.03217964568523424,BAIAP3,C3,0.9997506001656217
-0.011522697908541001,0.01546261046180619,TOMM70,C3,0.9561886774900454
0.014507096682038945,-0.018101314950829134,UFL1,C2,0.9781060543348858
-0.010048871794501537,-0.024791230584782224,TMEM63A,C1,0.9995377428278183
-0.0029109336593422202,0.002893373915562034,PLPBP,C4,0.9999694312969591
0.018276825954573157,-0.01932613506327715,ERLIN2,C2,0.9983524183615128
0.001065936169676018,-0.007160302359667449,ENDOD1,NA,0
-0.015332222418920663,-0.0018346304698067136,SEC31A,C1,0.9979936617441778
0.010413054138109668,0.06026945767870094,NDUFB6,C3,0.9999215822595118
-0.01067177903327124,0.0053225522078723326,MFN2,C1,0.648100393295955
0.018969072804107527,0.053448168196156456,NDUFA3,C3,0.9991180747779881
0.010839401718537393,0.044534698019031954,NDUFB4,C3,0.9993870611811692
0.01890569006406719,0.03700638362659947,NDUFB8,C3,0.9851778943560482
0.01947303989601986,0.0423444674266338,NDUFA7,C3,0.9904071267963687
-0.024623515060638035,-0.006784306808522605,RTN3,C1,0.9871832563951871
-0.00869854015066175,0.03169539230051085,LETM1,C3,0.9999857138801125
-0.004744056389624422,-0.022942233489228497,STBD1,C1,0.9709252864400688
-8.814197141626943e-4,-0.0020061149756269024,ZRANB2,C4,0.999262829211927
0.018656094967262435,0.02232805561721243,EPM2A,NA,0
0.0070583988425039525,-0.010227596771706173,VAPB,C2,0.9851766268376443
0.023056004271814905,0.05546913021664977,NDUFC2,C3,0.997787833534461
0.025079988985854586,0.03718349722267987,NDUFA10,C3,0.8419312811554037
-0.01078143085576153,0.013620252339660917,PGLS,C3,0.7352948801355691
-0.004716593974475131,-0.006547395049822019,TACC2,C1,0.8770404533566051
-0.019043927298719964,0.004944033197829201,LYPLA2,C1,0.9749596220525761
-0.008407222385705033,-0.007341532445803135,IPO7,C1,0.8993615803882271
0.0360928270569394,0.0062166707207425695,ARIH2,C2,0.9997766660179086
-0.015390574544148999,-0.012933160252694411,PGM3,C4,0.9804201557633553
0.010754086862730125,-0.02470373943736978,SVIL,C2,0.6094425861325063
-0.009337800114431387,9.261109507857911e-4,AHSA1,C1,0.9492239248178351
-0.0038535914015755597,-0.009280256487463195,H6PD,C4,0.9989258609818404
-0.015093294866426295,0.02703074914362754,MPC2,C3,0.9994309366905358
-0.010318465790658291,0.03234979444983682,ETHE1,C3,0.9999857941995666
-0.011374865728247311,6.586166984127296e-4,ACSL3,C1,0.9942432483497383
0.019513806757390575,-0.012111741721190485,ASMTL,C2,0.8900728127901699
-0.0017839327468635745,-0.015887282517960625,CDS2,C1,0.9710032530205415
-0.026026421944875002,8.982763196845435e-4,SNAP29,C1,0.7370536951380606
-0.0027948115477186776,0.0024109764244638165,OXSR1,C4,0.9987812929474933
0.014079600865767697,0.011501786318319893,LSM8,C2,0.8166343172762676
-0.023673136724020816,-0.00905042940163945,AP2A1,C1,0.9997826085909803
0.0018055267935807862,0.014779003381032538,CAVIN2,C3,0.5313996938387084
-0.017426130498963317,-0.002417692126969813,BAG2,C4,0.6859029102479716
0.013119561841146403,-0.024613303533735104,BAG3,C2,0.9657425987482643
0.010987933792587393,0.06153856791067025,MLYCD,C3,0.9999943372570081
-8.512997691491879e-4,0.021594033188008618,AIFM1,C3,0.9999967758977812
-0.005125119960154843,-0.006020592021316537,EML2,C4,0.8097022130642938
0.009850241601660563,-0.004080064159271365,BPNT1,C4,0.7997249066947884
-0.01653086938034762,-0.01920709901733757,DDAH2,C1,0.9996698124429962
-0.01884365984138895,0.007507135985500422,ABHD16A,C1,0.8748562753248021
-0.05924835232474679,-0.017307588770607275,TXNDC12,C1,0.955728604743462
-0.007112236217103873,0.005147474434308093,NUDT3,NA,0
0.006764580256272474,0.03799071032289636,NDUFB10,C3,0.9995145155158479
-0.03362407436533782,9.144914531863233e-4,CLPTM1,C1,0.9998597684529137
-0.0032966743013532395,0.0051755183116746675,MOCS2,C4,0.9917079988792333
0.008755660951305755,0.025404837482334203,TOMM40,C3,0.9693495434026737
-0.0033342633262045734,0.008072007185748633,PEX11B,C1,0.6161790378512383
-0.010957247634131528,0.00562014099056101,CYB5A,C4,0.9021713544024721
-3.856836932856532e-4,-0.01195294014846009,ADH1B,C4,0.9939509392626817
-0.00800705274311515,-0.015730693368756373,LDHA,C4,0.8641519002397006
0.007404390960071887,0.008853852278289075,ALDH1A1,C4,0.7385060240559639
-0.007112868705924849,0.022237444045535067,GLUD1,C3,0.9978736236439494
-0.007149360252737099,-0.01963583891590642,CYB5R3,C1,0.9999594085875294
-0.008408989235469316,-0.006752773036007869,GSR,C1,0.9673687075585912
0.03415120844473406,0.03697436122217795,MT-CO1,C2,0.6242679991206029
0.0033515318955130114,0.031149684240586516,MT-CO2,C3,0.9987590821250265
0.02642966054558698,0.035593817627066524,MT-CO3,C3,0.8389817901765689
-0.002015340757395037,-0.01888374175592621,SOD1,C4,0.9990886275887243
-0.017077670884530886,-0.018158352910488028,CP,C4,0.9930169604954979
-0.021247640129578953,-0.027867933080889657,F13A1,C1,0.9978377521730125
-0.017086136384366755,-0.01718207989871924,HPRT1,C1,0.9475512545316118
-0.00378890379411212,0.03730376166040588,GOT2,C3,0.9999999043704858
-0.003216094881107284,-0.011183453250399792,PGK1,C4,0.9997572031219928
-0.009742927055351522,-0.02053965702728997,AK1,C4,0.9623769444027913
-0.018846489770153477,-0.052728564184117276,HP,C4,0.9994382489234511
-0.015597008392019865,-0.005004158566914436,CFB,C4,0.9944671382336862
-0.007023023311639952,0.007863797684135969,MT-ATP6,C1,0.6559157146551602
0.005772775267971893,-0.002467766552071681,CA2,C4,0.997926771376787
0.009200078537923173,0.02400691592872604,ASS1,C3,0.8189993257527367
-0.015255529289773091,-0.025982637916899688,SERPINA1,C4,0.951167460711552
-0.015819531526731608,-0.024265863986049678,SERPINA3,C4,0.9942234816378768
-0.014081041952177862,0.017583783084622596,AGT,C4,0.735499802349891
-0.019489657273790945,-0.022279184511897906,A2M,C4,0.9392700919299537
-0.019097485026797367,-0.02908535584010622,C3,C4,0.9933984411110296
-0.002003695681742942,-0.023185252028142898,CST3,C1,0.5009884886865468
-0.005953434260634,0.02647061895055084,CSTA,C4,0.8844591864466983
-0.05258801091434455,0.002478411078334587,JCHAIN,C4,0.7621212956954201
-0.015212549199349404,-0.015357744719655427,IGKV3-20,C4,0.9696710237836931
-0.01552122661919158,-0.037674425972821876,IGHV3-7,C4,0.9864047490042723
-0.00205130695932182,-0.03786312129037906,IGKC,C4,0.9986269214133082
-0.015146963619684208,-0.03653343351736118,IGHG1,C4,0.9943292085405564
-0.012189556358257499,-0.02891683562792263,IGHG2,C4,0.9650639677756989
-0.016883719072737856,-0.02083871814322229,IGHG3,C4,0.5121602827419407
-0.017364124308758794,-0.024106724139830355,IGHM,C4,0.9683045649398059
-0.014863980829000891,-0.023454123920886014,IGHA1,C4,0.9577512080999141
0.030778730278172666,-0.0011210843440406578,HLA-B,C2,0.9990014107573117
4.175662437045328e-4,4.223980746794818e-4,HLA-DRB1,C4,0.6666702843404428
-0.014438305389744395,0.004442132928635074,MB,C1,0.937909877843554
0.1042813355434478,0.0020492410246899196,COL1A1,C2,0.9990249150791465
0.10488589439259538,0.005171864306800386,COL3A1,C2,0.9997930008210083
0.09523000500448134,0.02353219602229982,COL4A1,C2,0.9988377268445336
-0.016809314410321206,-0.012623277441089296,CRYAB,C1,0.999737717885763
-0.0017356478550417706,0.022999703398259,KRT14,C4,0.8411029412481169
0.0340882642751354,-0.0021942047738408425,LMNA,C2,0.9668926247109195
0.08097774217089658,-0.038500871978132296,TNNC2,C2,0.9999894602473464
-0.018370648129056685,0.0019923297733914595,APOE,C4,0.7579850106252273
-0.012858154842032708,0.004434938388747094,APOC2,C4,0.9528012526006093
-0.002909819163508801,-0.006709637523509286,LRG1,C4,0.9676183537110157
-5.921056948130823e-5,0.026262605670739424,FN1,C3,0.9478751865829803
-0.02790916821295852,0.014319288441033293,RBP4,C4,0.9804555906133119
-0.012010915371465508,-0.029360260803327203,ORM1,C4,0.9995998876440413
0.0034954149801177535,-0.0032499499442596056,TTR,C4,0.9977859172487356
-0.014204769995175993,-0.02142610416322897,ALB,C4,0.7921272827347511
-0.018845592055395394,-0.003409579263095579,TFRC,C1,0.9393893430846874
-0.0077404759853913485,-0.023945556430572505,TF,C4,0.9960013128368228
0.00700025432976094,-0.014409632178493434,FTL,C1,0.550664185764943
0.0056793384780374784,-0.01208299111594987,FTH1,C4,0.8231098865911527
0.0015178086343621566,0.01271310591826746,MT2A,C4,0.9507420793593765
0.022986062562444246,0.041001499383501595,MT-ND1,C3,0.9818400241525922
0.017040217757914734,0.037429249277887496,MT-ND2,C3,0.9467754872087158
-0.002106764783040695,0.037605932413014284,MT-ND3,C3,0.9993297743235936
0.010054568091884453,0.027936202822416916,MT-ND4,C3,0.9881857883291524
0.02090668686681388,0.038508827727211266,MT-ND5,C3,0.7472423711361418
-0.015345968236495647,0.03881444129927592,MT-ATP8,C3,0.9998554568996658
0.0017003080951881547,-0.014753673461466471,CAT,C4,0.9991879048946463
-0.010051912366059146,-0.0016687530159860326,ALDOA,C4,0.9990691531965998
-0.004769381601513386,-0.0034691468161365353,CSTB,C4,0.8894427621366608
-0.03740532914000851,-0.018770408653939363,ANXA1,C1,0.9984704971470645
-0.011242842077333039,0.01729341998116657,SOD2,C3,0.9783936714479933
0.002056373429244487,0.03190997577854786,KRT1,C4,0.7581568506070223
0.024132756802879178,-0.014641080100337532,VWF,C2,0.9610303739769979
-0.010162394003951209,-0.009083589505498642,GAPDH,C4,0.7709848885655468
-0.017593386793061133,0.0025334532706334325,HLA-A,C4,0.7309439629674823
-0.001208837178140869,-0.008390584388114896,CAPNS1,C1,0.783113581700078
-0.0081419611930597,-0.02444755595203499,HSPB1,C1,0.998312844707352
-0.0017066525672260503,-0.011911508179005619,RPN1,C1,0.8501262275394322
-0.0062982903081512005,-0.019884589948688778,RPN2,C1,0.6150999913692693
-0.011684543457916996,-0.012470364297515775,GNAI2,C1,0.9996499037934938
-0.00641291411452733,0.002534418243216815,ATP1A1,C1,0.971709259804343
-0.008359692253453177,0.0034544814981663156,ATP1B1,C1,0.967585149744639
0.003373340952649331,0.002757635808958843,APOD,C4,0.9775090578285125
-0.009402996608377456,-0.0019431948611357585,ALDH2,C4,0.8414928872684581
-0.03411351349179753,0.009735054325434306,S100A8,C4,0.6997979732585907
-0.005549982924667276,0.029595311240947487,SLC25A5,C3,0.9999993390976063
-0.002284474343426224,-5.354083775078365e-4,SERPING1,C4,0.9931688424941723
-0.004939130005924188,0.03195993448418031,PCCA,C3,0.9999332023844751
-0.005753570520990905,0.03618790128065589,PCCB,C3,0.9999959809756649
0.006020578234273461,-0.014178176056184086,EIF2S1,C2,0.9434529602298768
0.013349493115777407,-0.021017467800888368,RPLP1,C2,0.96494123967844
0.025785187725071088,-0.027036274709484977,RPLP2,C2,0.9998728148800512
0.02362329196561508,-0.02514467309457421,RPLP0,C2,0.9998124276575902
0.0013856889140511633,0.012984550662191195,FABP3,C3,0.9229802490803692
-0.02344216586929003,-0.010206509081544088,CLEC3B,C4,0.9742904435566009
0.013577675266452502,-0.0064917071580412305,SSB,C2,0.7038179629699131
-0.005028223436723017,-0.003487663291919108,ITGB1,C1,0.8292674175005226
0.03287052488107937,0.015335697016335222,KRT18,C2,0.9806918524498892
-0.003337908045928126,0.03861772008823647,KRT8,C4,0.7294630708668574
0.07851724949949886,-0.019789189028144413,MYL1,C2,0.9999993349730198
-0.011980781616280455,-0.03605335745591085,GSN,C1,0.9995723022235427
-0.014883010772027971,-0.002237761201659401,PTMA,C1,0.9847659986869698
-0.009033865403472875,0.02699338035840694,ATP5F1B,C3,0.999999586859925
-0.008360415076150592,0.018627133051801945,S100A9,C4,0.6302945807643596
-0.03973810145974129,-0.07111871463942915,S100A6,C1,0.9999074964785146
-0.0023646757998082705,-0.013979903529268612,EIF4E,C4,0.6853870513920279
-0.015488900487782325,0.0033552414848357416,CKM,C4,0.7069627474161125
0.008259382805843162,-0.011287772926730898,ENO1,C4,0.9379182600000419
0.01708213914827903,0.02095524427930682,PYGL,C2,0.6854452560294355
-0.007159718563093284,-0.007287810038298414,GPI,C4,0.9964769920185551
0.011959481475504108,-0.02382668682613484,NPM1,C2,0.9745848760147487
0.11502284135137852,-0.014666309717717981,TPM3,C2,0.9999980162979315
-0.018313317404386378,0.002032895608545349,EPHX1,C1,0.9926581769726167
-0.004447105251720765,0.011155302851055614,DBI,C4,0.8155071276330088
-0.009266712683081635,-0.0012241705453298556,LDHB,C1,0.9721784101542565
0.0036650706296539803,0.01261593570354291,GPX1,C4,0.9181838406332343
-0.009642617331897486,-0.020366178307615602,P4HB,C1,0.9163437190213276
0.02634091243066974,-0.007440787717413192,H1-0,C2,0.9495983460133698
0.002689435881367832,-0.00385139152241559,CTSD,C4,0.9452114661078901
-0.016669691837382837,-0.023169006137460462,ANXA2,C1,0.9999919562789741
-0.006501375505789072,-0.0023692323607920423,CAPN1,C1,0.8741260674527594
-0.005518519723942586,-0.029139016432368534,TUBB,C1,0.9996848948542317
-0.009188128143796203,-0.008161402746727262,CA3,C1,0.999127383889845
0.024980258480786274,-0.02920594157408025,DCN,C4,0.6446835315552596
-0.003151696480042129,-0.011366621324321525,PSAP,C4,0.9169058043562314
-0.0071337768179644675,-0.022541514822250662,PFN1,C1,0.9983869111058532
-8.132552748321857e-4,-0.006607632162763907,BPGM,C4,0.9998394537986393
0.007654461546064084,0.0025582967867598984,APRT,C2,0.8938775536433194
-0.008948287497339022,-0.0053597134856834035,EPRS1,C1,0.9998181884372326
-0.005356464016439011,0.005681317089048228,CTSB,C1,0.5858895558532382
-0.004042270206536467,-0.026483087259313108,HSP90AA1,C1,0.998523322096117
0.005986221946493969,0.02957567405325356,UQCRH,C3,0.9999662516905823
0.1054205439284611,-0.027381555059783756,TPM2,C2,0.999999368415649
-0.0037083524923879137,0.022004416463857906,FH,C3,0.9999993570597329
0.12292797997686312,0.004240761943922176,COL1A2,C2,0.999290042720372
-0.0027921053608058397,-0.015429422794476962,ANXA6,C4,0.5642254090554213
-0.01575546107710301,-0.03246766172451324,PFKM,C1,0.5559707719640754
6.674346605976624e-4,-0.02518887469983333,HSP90AB1,C1,0.9270246240550984
-0.019525070568141796,0.03380485057149737,SOD3,C3,0.5649688124900902
0.028880601040549517,0.05413491422031234,CTSG,C3,0.5438034151946204
-0.0017209442348837904,0.012918099197932043,PDHA1,C3,0.9999093526877577
0.08942119095225613,0.015372386414065322,COL4A2,C2,0.9993807464414245
0.014869699735839325,0.032957033718928136,CYC1,C3,0.9958072958562696
0.10550025025706561,0.004062951125430006,MYL3,C2,0.99999756235578
-0.00614458216714732,-0.010652562323601391,CFH,C4,0.9856788322616628
0.003955420801507656,-0.02978304006786989,SNRNP70,C4,0.9611969524494964
0.020351672767524278,-0.012859643613233796,NFIC,C2,0.99572772768947
0.03051867610900068,-0.03413279773147615,VIM,C2,0.9579023636618592
0.0017400394124466364,-0.0028165792484187717,SERPINF2,C4,0.9970002561400942
0.00810576897129853,-0.007078819314866206,RPS17,C2,0.9142257073727854
0.0033895694486175514,0.016794236832030626,KRT19,C4,0.7676368370198406
-0.00861662378665875,-0.021636956753550013,ANXA5,C1,0.9998761045199053
0.004678023913566283,-0.003748015514233355,RPSA,C2,0.892358189381344
0.006303773128025883,-0.0010848318255331007,SNRPA,C2,0.874543456915747
-0.009337012067962301,-0.00567240370222828,ENO2,C4,0.9986935929990524
-0.0015106680257898296,0.014561810366371141,ACAA1,C3,0.900216379661868
-0.0051698072242207915,-0.019640753224300138,GSTP1,C4,0.9693797924811152
0.0219678551970213,-0.007299243355228202,LGALS1,C2,0.9985463942194229
0.002729707446565298,-0.007126524926519162,QDPR,C4,0.9999139045809763
0.0011472831837710446,4.42321712490936e-4,HMGB1,C4,0.9727322790290777
-0.016035817216758577,0.003046603020142593,FBP1,C4,0.9621810169469708
0.03567800629131526,-0.031436905071516606,GSTM1,C4,0.5654879164499085
0.10512145129533663,-0.031208090736668803,TPM1,C2,0.9999993444348506
-0.007989551379144404,-0.019229873931632304,CLTB,C1,0.9994558317928723
0.0020475864141587317,-0.006488937854431916,ANXA4,NA,0
0.010690475199437156,-0.01106184507990202,HMOX1,C4,0.6689671898484967
-0.006477620453675214,0.002686433559351802,DLD,C1,0.6296421409533373
0.009125832883062155,-0.03944252362403786,HNRNPA1,C2,0.784577341481813
0.01145189944881519,0.03262954925549301,COX6C,C3,0.9827704810674315
0.008175969298959529,0.009890653344215038,PARP1,C2,0.7198487110327105
-0.02410427145152288,-0.011037470675234211,IFIT2,C1,0.9711306930646455
-0.024375299152835622,-0.04611409687889084,UCHL1,C1,0.9996679348806822
-0.010233000210440671,-0.010840901395948488,LTA4H,C4,0.9351878956197577
-0.05226423803414734,-0.01908219574988823,ALDOC,C1,0.967184158577352
0.03164115628379129,-0.001112601588962535,LIMS3,C2,0.9999971313408533
-0.0074661989862609855,-0.019386592368192415,HSPA1A,C1,0.9983875224874843
0.015563951216224512,-0.032552547689814575,IGLC2,C4,0.9940963486438147
-0.013026937315206592,-0.04174185404876216,IGLC3,C4,0.84927533209207
0.009808228652179602,-0.033999360926261546,CALM1,C2,0.8899260180765837
-0.009407418654647108,0.03132716782662427,FDX1,C3,0.9932718905333217
0.021924412083728546,0.0537935204933795,COX8A,C3,0.9990486598428326
-0.008400497972282142,0.01664417257864575,GAA,C3,0.895272869533319
-0.00798193831475525,-0.00459001883651776,RRAS,C1,0.8576640178765187
-0.015930794932920978,-0.005722900679977091,ARAF,C4,0.5644585800196963
-0.005468974200363531,0.01716751215464783,DLAT,C3,0.9999107878042898
-0.011954785168942226,-0.016376340260073792,TXN,C4,0.8016393955508154
0.017235576109072632,0.0382011908440666,COX5B,C3,0.98727605997849055
-0.006989857433617703,-0.03525871847616487,MAPT,C1,0.9983841532994208
-0.0039003273885602854,-0.0113624784903078,PRKAR1A,C4,0.9876431659827429
0.012000890986592322,-0.011270743802185519,ESD,C4,0.9977086522346251
-0.007185309492261315,0.023589941755708575,HSPD1,C3,0.9999959585663587
0.09963414651132077,-0.011653144959789828,THRB,C2,0.9999838927800732
-0.010367219793302216,-0.017358182917868684,CLU,C4,0.9982149263331017
0.08206737564010483,0.03173367425599302,MYL2,C2,0.9998974493847327
-0.009110238106256793,-0.021165778266077313,HSPA5,C1,0.99996391008184915
0.07306784441496222,0.0077691059320938016,LAMC1,C2,0.9997664521772689
0.08212689730010164,-0.03957540689210612,MYH3,C2,0.9782302555191954
-0.0011398328100729446,-0.024574408942500996,HSPA8,C1,0.9971805532686813
-0.010801506529515236,-0.007514484796882146,EPB41,C4,0.9996766677285263
-3.3730825830596194e-4,0.01144955160529023,PDHB,C3,0.9983508660745548
0.0034726504120009185,-0.0011096332213067865,DBT,C2,0.6265048278761198
-0.001767400156620397,0.008292357364128934,PYGB,C3,0.889408471194573
-0.011194977397154358,8.45479555115595e-4,PYGM,C1,0.7158245632642611
0.0113072787207148,0.019726598427025715,RALA,NA,0
0.010146741942260621,-0.03320505571279993,SPTB,C4,0.9524242299750817
-0.0076650000385270495,-0.009014924701383537,LAMP1,C1,0.9974297399681177
-0.001786636926611996,0.01463723209198428,ACADM,C3,0.9873427950364996
-0.01730521207926788,-0.02597053954853059,UBL4A,C1,0.9998368661575882
-2.9484944633660274e-4,-0.013568723096658464,DMD,NA,0
-0.007002759408356461,-0.010444005798994242,MTHFD1,C1,0.9832977748393729
-0.0013799576965266255,-0.020636843454873093,ADH5,C4,0.9884441755049923
-0.005707903120723312,0.010142893885767614,PABPC1,C3,0.6412462052857926
-0.007979988179457385,0.0027990835570997894,HARS1,C1,0.8123546892608536
0.08733883636755384,0.006173642297760498,COL6A1,C2,0.9996612727856843
0.08826327598934712,0.013116601321674007,COL6A2,C2,0.9991517936183884
0.07882778253551884,-0.0038529586308311387,COL6A3,C2,0.999784894265932
-6.754811310590343e-4,0.028726731880947924,SLC25A4,C3,0.9999807228459637
-0.008545087835108656,0.025766447139141592,SLC25A6,C3,0.9950877246149836
-0.007707556385872769,-0.019698767894325737,IMPDH2,C1,0.587129644741077
-5.187172910501676e-4,0.0026132315312815276,CKB,C4,0.9639388489698536
-0.011246030549053666,0.0038994161966371113,ANXA3,C4,0.9817318344784431
0.0048425428294463545,0.019071742471874382,BCKDHA,C3,0.963012654381059
0.16715402844254376,0.0026593625905868626,ACTN1,C2,0.9999905930118124
0.07842254118490508,-0.04087948589445722,MYH1,C2,0.9995133069693256
0.10323934302362708,-0.0035058016565558477,MYH7,C2,0.9999980942616622
-0.01207072644540692,-0.00329843795946635,PEPD,C1,0.6956101206271124
0.005720162794545446,-0.007913996245684876,XRCC6,C2,0.8866254243123213
0.0010390871719735848,-0.015572413637712742,XRCC5,C4,0.9025518879718415
0.004204569551579167,0.034540143363500204,COX4I1,C3,0.9998772614471715
-0.015025116942456791,-0.008222822488406977,IFITM1,C4,0.9083262248530215
-0.005523103880244287,0.03013135480287226,LAMP2,C4,0.5813853705371171
-0.008837560639973933,-0.016099202696912653,RNH1,C4,0.6570089420052252
0.07465517151915706,-0.010838671867580058,MYH8,C2,0.999999079108124
-0.00930567670024237,-0.009776936336295769,VCAN,C4,0.7473821353767068
-0.002907528076468253,-0.012268363379091273,EEF2,C1,0.9489483796867971
0.011997463208456969,0.034495265351155865,KRT10,C4,0.5334462610604521
-0.007141856760883516,0.03470613322704266,KRT5,C4,0.7684622658419531
-0.014470656899636712,0.004244433725755857,PDIA4,C1,0.7309190721904182
0.011729900538856723,-0.0027418388484947314,TPT1,C4,0.9447598293455965
0.012271891304540592,-0.0170614230469911,ALAD,C4,0.8750599195090503
-0.007252980443792046,0.0025368642655833147,LCP1,C1,0.5823944168546473
-0.008799198453702967,0.01985386110977023,PLS3,C3,0.7472230260426851
-0.001151439839328162,-0.007795603452187632,APEH,C4,0.9965006354276571
-0.007496598175497523,0.039019341694486724,ETFA,C3,0.9999999290048184
0.11281622147078776,-0.01295429198527616,TNNT1,C2,0.9999985349480028
-0.00767587018088512,-0.012349809549442772,GYS1,C1,0.9978190906031555
0.003676067337097724,-0.006626341200463109,PRKAR2A,C4,0.9702898822539539
-0.009018706872553834,-0.0047169549575086355,ENO3,C4,0.5873717491080116
7.286042084899483e-5,-0.02130798600986372,CD59,C4,0.662089307464669
-0.010788694596177508,-0.01826827373776579,MIF,C1,0.857396142942228
-0.006591244101516854,-0.0018612941357964885,CD99,C1,0.994615123472493
0.0024017676385209995,-0.016154782587014235,PRKCSH,C4,0.6804040062616643
0.00464989695723862,0.007491964357471589,FDPS,C3,0.5723107574171414
0.008151389220404802,0.04222477478264529,COX7A2,C3,0.9995394953693432
0.05645742303302066,3.867390399994321e-4,NID1,C2,0.9966735480111537
7.365364331372769e-4,-0.022970526154411714,AKR1A1,NA,0
-0.01090408717790978,-0.0013484800382882608,PKM,C4,0.9753087014494364
-0.0049738019421678315,-0.016961699946168383,ACYP2,C1,0.9927186441866732
-0.009268537559989756,-0.022666812270406,HSP90B1,C1,0.9974269232004824
0.08891405524718075,-0.003629904396337204,MYL6B,C2,0.9999391850447481
-0.021754634646142395,0.01740217916783806,SLC2A4,C3,0.8173893235666632
-0.006309911997975307,0.0037794683081822022,IDE,C1,0.855370853193218
0.02064371658334408,0.04333089910079643,COX6B1,C3,0.9887625755979355
0.01299103849947381,-4.1988306315856086e-4,HNRNPL,C2,0.9971412616492201
-0.028711817511929597,-0.010459032508220058,DARS1,C1,0.99997104799116
0.0023058503659963894,0.033505491420111756,JUP,C3,0.9418613908913589
0.010886264720888598,0.023756940461195766,UQCRB,C3,0.9821963456617204
-0.0078151211624867,0.017238795008428183,CPA3,C4,0.9479937653273451
-0.005270886271216805,0.01522494094480551,FABP4,C3,0.9077064076239142
-0.0038162815872031905,0.03540803017756788,GLUL,C3,0.9985124531134791
-0.008501235493440635,-0.018058322348626515,AKR1B1,C1,0.8363874458361119
-0.008345500004784472,-0.002297845784310975,GSPT1,C1,0.7272986596081864
-0.007990724229958088,0.004388603902866176,PGAM2,C4,0.9669269505568273
-0.03123868115882817,-0.025116129267856953,EZR,C1,0.999757294916645
2.1905812944782155e-4,-0.00705147162317471,UCHL3,C4,0.9870003893772766
-0.0010706721905955772,-0.0041675061698381,NME1,C4,0.7482855698959809
0.0055633569732443525,-0.013994350233538401,RPS2,C2,0.5490070745269662
0.04703519369223543,0.021127704045009726,RPA2,C2,0.9992622947496442
-0.0034057774605615286,0.041452181424642215,COX7C,C3,0.9999140866469911
0.009148700486943303,0.011789567902004907,NQO2,C2,0.6785148296656697
0.024647355692871506,0.021463443884650803,PFKFB1,C2,0.9397412546611971
-0.009448369704519849,-0.01750699382453025,CBR1,C1,0.9995192087779995
-0.009608998735769186,-0.009411678536641939,ANK1,C4,0.9995990692311488
-0.008271203425358186,0.035571195390538865,ACADS,C3,0.9999873259141946
-1.474047408182271e-4,-0.008628986771701113,PPP3CB,C4,0.8099233312828882
-0.005234775332639687,-0.008827645288374021,ATP2A2,C1,0.5800338689989516
0.009505033841541567,0.013268422849723207,CD36,C3,0.7568264302389585
-0.0022041157332903507,-0.0029724685469526093,FAH,C4,0.9824155407624635
-0.004958817985574864,-0.00713841391677224,YBX3,C1,0.9845458121713506
0.005484917944814486,0.03965416889404525,TMEM11,C3,0.9999970247153299
-0.003632428912739616,0.02427053743760223,GOT1,C3,0.9999895912641095
-0.008486446679719076,0.04646772269178899,CKMT2,C3,0.9999997331745715
0.019312297152288247,0.04653813679980454,NDUFB7,C3,0.9963026128858465
-0.0019186134296812832,-0.006376920660628327,PRKACA,C1,0.8802767160223635
-1.0374328412208155e-4,-0.020220026177758713,CAPN2,C1,0.9894494660924896
0.07612977764800785,-0.03522179054102138,DES,C2,0.9999602509782257
-0.020609204219402148,-0.03134791201321353,PFKL,C1,0.5843059600575083
-0.015904738090940285,-0.022968045914116105,LGALS3,C1,0.9961221674639759
0.1312926952833014,0.01207381296213539,FLT1,C2,0.9996476210772881
5.705032583721597e-4,-0.007896222181865616,PSMC3,C4,0.6141879739989681
-0.00890419139790394,-0.012750985268506166,TCP1,C1,0.9999796834702505
0.002935594250080826,-0.03964348011429639,RPL35A,C1,0.9004779058511216
0.017592337496892995,-0.028695504504138727,ARF4,C2,0.789723094302342
0.031913906556476905,-0.03895817080886019,RPL7,C2,0.9996562076858391
-0.0018133092262132382,-0.010832328098928975,VCL,C1,0.9942617092466928
0.019680909915424538,-0.01667696856008624,RPL17,C2,0.9999129983747101
0.003249504882899649,-0.0023425529719750746,PGAM1,C4,0.9956230524950686
0.006776965304174729,0.023412422375048304,ATP5PF,C3,0.9995297274269153
0.010023161003627852,-0.023394535767291634,TSPAN8,C4,0.9622480685122496
0.10160413517159768,-0.010005234225071914,TNNI1,C2,0.9999970272263327
0.018642334983893963,-0.019178187364035176,NCL,C2,0.9997742708664255
-0.002917465245416534,0.014378202121749568,HK1,C3,0.9996443388791856
0.0123945154532084,0.04089169949717744,NDUFV2,C3,0.9986225989554492
-0.049080988502622255,-0.009984871878758772,SRM,C1,0.9998733385080957
-0.004294565769367089,-0.00867088567948476,TYMP,C4,0.9059040984696246
0.00478940165756292,-0.0035575132986942802,ATP2B1,C2,0.7611631712811688
0.009605144812621426,-0.01979034461723566,EIF2S2,C2,0.9352374837978309
-0.002048422612736469,-0.014704645627047493,ANXA7,C4,0.9993189159445165
0.025932075793465747,-0.008401837594212026,TPSB2,C2,0.9688784151797016
0.009914580145899101,-0.019921250424506855,BTF3,C4,0.8766694972377452
-0.007166952394776778,-0.020973812793537206,RAB6A,C1,0.9877423647967395
0.017231309762588968,-0.02927199011837166,PVALB,C4,0.5708754802333477
-0.0029368646569034465,-0.01638648761239935,PSMB1,C4,0.9660700968343799
0.014357332456512252,0.04134524323276849,COX5A,C3,0.9983367063305956
0.0043533700499601815,0.005410578669676234,CAPN3,C2,0.6210469098401077
6.820579576800596e-4,-0.027983633248137622,CAST,C1,0.9572070479751469
0.05630293767067508,-0.030323957978692067,NEB,C2,0.9996527093257994
-0.015352659263284265,-0.0020070672827977314,PTMS,C1,0.9979079223937508
-0.010591051757718134,-0.03694085494800129,GSTM3,C4,0.9596978814535873
-0.003849188420536642,-0.0055553901143457285,ATP6V1B2,C4,0.9894123956414159
-0.02140393597288291,1.084856804960567e-4,CSRP1,C1,0.9949653751109552
-0.006700169144227675,-0.022482611336534588,FLNA,C1,0.998171638996878
0.012690354741535171,0.04914341055962771,MAOA,C3,0.9998250162779668
0.0024052995280998218,0.011424370003399747,ACO1,C3,0.7791840423449654
-0.006535139767346637,-0.02384615721311579,GPD1,C4,0.9996759513900977
0.010683394232754322,0.020461200259834337,VDAC1,C3,0.95787099963498
0.028902767030846547,-0.028790051943248747,BGN,C2,0.8926789690238666
0.004572459393507656,-0.026604480588118602,RYR1,C4,0.8124441199328098
-0.007356104312292783,0.023407956439735658,SDHB,C3,0.9999566206407057
0.0023638363948830523,-0.004086995323781585,COMT,C4,0.9869362186889988
0.04723167433737091,0.04591443843708096,TGM2,C2,0.6463562726769764
-0.0012660242286724863,0.030449883134827844,MMUT,C3,0.9918664804272159
0.007471744179595624,0.0068632553795944466,OSBP,C4,0.7393726072247763
0.006268410634983,-0.016438107663014314,PCMT1,C2,0.5169976775601793
-0.010301037562198176,-0.010249288320554606,GART,C1,0.9995579866484624
-0.009456403494520241,-0.005615080445731809,PAICS,C1,0.9757250887343766
-0.0029703101706640526,9.632350327909171e-4,SCP2,C1,0.9251190648140591
-0.002401210645196087,-0.018481192797209667,UBA1,C4,0.9949857915702996
-0.0015603300836612623,-0.004710223027242032,GPX3,C4,0.9931986317829132
0.00233673905559683,-0.004802130363603643,NME2,C2,0.6999195628944297
0.021582589645625535,0.009046559853326131,FDXR,C2,0.9992229118057863
0.02263221915129922,-0.005116895112951051,HNRNPA2B1,C2,0.9025087808324007
0.006193038601404992,0.03414238605268253,UQCRC2,C3,0.9999992878843083
0.010834661599786246,0.009255721439422028,FECH,C2,0.8294039876081495
0.014714561509158673,-0.01761708484817746,AMPD1,C2,0.9562311000280435
-0.010473553871924756,-0.03690601753439701,FBLN1,C4,0.807739524420728
0.015986559820648866,-0.003122656665714663,SFPQ,C2,0.9963530758884117
-0.004546955500958931,-0.01513747769112923,PPIB,C1,0.7961547208276173
-0.013524364300259559,-0.025095602291442934,S100A1,C4,0.7985525997636027
-0.004748087150933546,-0.017731636723900712,HRC,C1,0.7835522152778175
-0.01663105754178496,0.017999103397438068,ME2,C3,0.8429717938899935
-0.0039003464759973343,-6.2520572441064e-4,WARS1,C1,0.9415163899323227
-0.0020209149356948107,-0.02821748721024536,RPS3,C1,0.9953569969391051
-0.014757517739662294,0.023007627792584643,GCSH,C3,0.9805894857962074
-0.007089305414704575,-0.024222127313947926,AHCY,C1,0.9988074420598195
0.0015033216077487087,-0.01389867101022631,CFL1,C4,0.8821501787788314
0.0026515393717231922,-0.009811692235570716,EIF4B,C1,0.6263575321566616
0.003997955082111602,-0.013570283171503808,ATP2B4,C4,0.9765498942112658
-0.003999439343509362,0.02645802251997404,CPT2,C3,0.9996898082706894
0.06239633275684246,-0.0046654814397400395,LAMA2,C2,0.9999700493063223
0.003116489598338876,0.04129045876838818,GPT,C3,0.9999902374762202
0.014923317955604934,0.036619268798000745,COX7A1,C3,0.9864607869467504
0.03721237719997474,0.057209430001412376,COX7B,C3,0.9539868395430723
-0.004225774869225676,-0.013558178724565906,EEF1B2,C1,0.9613119045987433
-0.006502159269683856,0.016804673613375724,ATP5PB,C3,0.999051967852818
0.006384268699962893,-0.005050574409495394,ACP1,C4,0.9974567216614465
0.0031097345597448553,0.026793080599563007,ACAT1,C3,0.9999971067841683
0.017367144201581593,0.011790276298898544,MYL9,C2,0.8546898287964193
-0.004895789963995278,-0.0020164402108548336,AZGP1,C4,0.9916541353820406
0.0019396199947652897,-0.00439538843683783,MPST,C4,0.9831009774756484
0.0021387571356607893,3.2923928942823426e-6,RPS12,C2,0.6038687221052897
-0.0151649880597403,0.00625717811040085,DNAJB2,C1,0.8695766236382647
-0.01193367631523672,0.024292718312294813,ATP5F1A,C3,0.9999921464184629
-0.002454564296090992,-0.01483958051565824,PSMA1,C4,0.9143248089824723
-4.8725595715694357e-4,-0.011228663198376156,PSMA2,C4,0.9994630137262686
-0.008751319660833468,-0.018918673691949696,PSMA3,C1,0.9769062494423922
0.0037417831663687255,-0.013328322037248638,PSMA4,C4,0.9879616474536496
-0.009074776779945523,-0.025168822659287788,MSN,C1,0.9999472753749379
-0.012178804723679902,-0.0017302937179725993,DDX6,C4,0.9495899784230603
-0.00656161147040651,-0.004821538099508835,U2AF2,C4,0.9638365234676378
0.030399649072025095,-0.02556850736926702,RPL13,C2,0.9998377362705749
3.4026504955999334e-4,0.019765475602489462,IVD,C3,0.9989037021776273
-0.024855014392152885,-0.07289213312398157,S100A4,C1,0.9987004756030505
-0.0034323816631904452,0.011576060017899225,HMGB2,C3,0.8443704089832647
-0.010499923603487808,-0.011973067269215222,TARS1,C1,0.9882501611054031
-0.008787692197458388,-0.030885995132262558,VARS1,C1,0.9999087884277629
-0.002326654039308907,-0.02012843785615975,EEF1G,C1,0.7875588108187519
-0.004210835341601565,-0.028564182945092696,PLN,C1,0.9776504573692818
0.017643593949987088,-0.009039422522912255,FKBP2,C2,0.9776117112875172
-0.0025399798237262655,-0.006895858614564094,STOM,C4,0.9994859371689581
0.0029926654542105587,0.04116923044189097,MAOB,C3,0.9999895982459978
-5.996314235166042e-5,-0.0074870823109219,YWHAQ,C1,0.9408012627976542
0.006187148280487337,0.01091086692177878,MAPK3,NA,0
0.03184088969005858,-0.012149835449907269,RPL10,C2,0.9999888268755454
-0.008867814127215917,-0.0014827301736200366,RPA1,C4,0.7498101109501311
0.0013795211418392585,0.00436064833664875,APEX1,NA,0
-0.004585636867491653,-0.01120333158947617,CALR,C1,0.9905250238268748
-0.006136600063356955,-0.03012095472787007,MAP4,C1,0.9998031242988537
-0.007854586968213713,-0.012592339125905828,CANX,C1,0.9945485952877733
0.0022553232609742366,-0.01566449998359066,PSMA5,C4,0.9915368863723459
-0.00570802320598093,-0.011037081215898433,PSMB4,C1,0.6421112419647307
-0.0031704551938335672,-0.022541116666271562,PSMB6,C4,0.8540379288015227
-0.013029554591887194,-0.02497784609971312,PSMB5,C1,0.7236343956491138
0.001798255424529249,-0.03662267420397584,GSTM2,C4,0.9991673659658041
0.07753488146351098,-0.03740800039308754,TMOD1,C2,0.9999994810852768
0.015215732201944488,0.03707011496508508,NDUFS1,C3,0.9974954176299161
-0.002171055560057844,-0.004576948915488855,MAPK1,C1,0.5120953827207082
-0.0019378202361523171,-0.0011854480326162389,RBL1,C1,0.6623261030291956
-0.0019420639080576236,0.0038348210243794906,LAP3,C3,0.767399290667278
0.004594980786833738,-0.007016878800497737,CD38,C4,0.9865396494518093
-0.011803539910384672,-0.00675531881250197,TPP2,C1,0.6348200079659114
-0.0013899390177666937,0.005696503226967771,IMPA1,C4,0.7154623391813312
0.008008916234521721,-0.02606626252350356,EPHA2,C4,0.995572575173068
-0.007558495531557356,-0.016018683295562195,TKT,C4,0.8035381395286386
-0.0065059151859642545,-0.01931384726633565,EEF1D,C1,0.9970913007250247
-0.026903382732547276,-0.015089050376695227,MARCKS,C1,0.9991865314146855
-7.593474091447602e-4,0.013260953550038184,GNA11,C3,0.7641417350171512
-0.014584791760248699,0.015204025997921384,ALDH4A1,C3,0.9588867078206165
-0.0016761568958072977,0.013112636955527883,ERP29,C3,0.8640570913668515
1.3195474033825464e-4,-0.007386618095628725,PRDX6,C4,0.9997207056711368
0.0018674094487596325,-0.015966981599473167,BLVRB,C4,0.999919891919028
-0.012165756994430482,0.004656017044057778,PRDX5,C1,0.793382665991484
-0.014334667013827558,-0.012882856669673934,DDT,C4,0.996699971362957
-0.006486922457360567,0.013027898194724188,PRDX3,C3,0.9860398916511969
-0.0057886227477657705,0.019423799724856868,ATP5F1D,C3,0.9955560712914685
0.02263305909687042,-0.02589561872114647,RPL12,C2,0.9911335089936655
-0.007143627543331195,0.026500739763709025,ECHS1,C3,0.9999916781207143
-0.01785133844652429,0.004802271459361642,CMPK1,C1,0.6892990644921907
-0.006998408150250088,-0.011407505466372713,PEBP1,C4,0.9955399405363122
-0.005223563037514937,-0.01966291348738233,PDIA3,C4,0.8955299487637332
-0.0036722820726177155,-0.010986896270818145,PPP2R1A,C1,0.9995222593686238
4.387400244181497e-4,0.05472474511982943,PPIF,C3,0.9999999719945568
9.23838748328689e-4,-0.001655668461904824,NMT1,C2,0.6286752966261743
0.0013199074768625477,0.018334587245260683,ADSS2,C4,0.9724434869296412
0.006139365491816979,0.01944056286935914,LRPAP1,C4,0.9700182923604401
0.010272031780735266,0.017150932054446687,TSPO,C3,0.9703082628418574
-0.006377321358215268,-7.634535521514352e-5,ADSL,C4,0.9999269086161292
-0.010367600083066445,-0.024397721372948947,CLIP1,C1,0.9929177455961109
-0.011007570389841865,-0.006734880922752226,SRI,C4,0.6672883624383399
-0.01223476869677813,-0.014882985216687468,SERPINB1,C1,0.8058890852644945
-0.040519143783800074,-0.01886890943953297,ALDH1B1,C1,0.999308428227308
-0.0015182064776920721,0.016666427227703354,SDHA,C3,0.999643884589704
-0.0022598300211691615,-0.0013962029179865785,GDI1,C4,0.9815310521618971
-0.006120095199819361,-0.003141360789536685,MAT2A,C1,0.8654421918094195
0.009273064286190203,-0.01548166654691306,CASQ1,C4,0.9290076555713361
-0.012846560757961263,-0.014966155632089854,DNAJA1,C1,0.9980713819124597
-0.012500719724365157,-9.298781892664113e-4,AKT2,C1,0.9966812850839009
0.011857538201800015,0.03328948467303609,UQCRC1,C3,0.9999336567506552
0.0012340360443409972,0.019652867661467392,HIBADH,C3,0.9981141592948637
-0.002783753428271626,-0.010943813929582562,ATIC,C1,0.9851389724163957
0.029463625925363935,0.004210211405358433,HNRNPH3,C2,0.9995738455488345
0.009168082169161965,0.017220425388554884,HNRNPH1,C3,0.5463165520161141
-0.004879285427042128,-0.022549386345528277,YWHAB,C1,0.9957829053831662
-0.002280815966487599,-0.008392222348182874,STIP1,C1,0.5809726902260748
-0.03156302341219722,-0.010362811284793022,S100A11,C1,0.9996732612373797
-0.010383914857645282,-0.006842617229662511,PRDX2,C4,0.990973633236477
-0.01883727940879687,-0.022177994602062354,GBP2,C1,0.9999821214257123
-0.004929671552134693,0.02725651506809995,ACSL1,C3,0.999995930689349
0.006302891959437244,-0.023407614038342246,KIF5B,C1,0.5706187047064127
0.010729155917222104,-0.0369492947119063,MCM5,C4,0.931611402840877
1.771624849257998e-4,0.0010906521018581986,SHMT1,C4,0.9988866159335521
-0.007937573372562276,0.041496760130615325,SHMT2,C3,0.9999801948175977
-0.005854133825182144,-0.010378854541126921,HSPA4,C1,0.9989932841691445
5.432100504839955e-4,0.0030456546409048054,MPI,C4,0.9785078002152107
0.0028443052406099878,-0.048118157824847685,GPC1,C4,0.9450441553780867
-0.004343330449107774,-0.025094452279152316,PFN2,C1,0.9997788202146389
-0.011138794002185289,0.035160879073010944,CTNNA1,C3,0.997382164948838
0.0010391070647583899,0.003165882593444932,SERPINB6,C4,0.971597162894609
0.0010835364657367393,0.004727234150211046,RDX,C4,0.9720572808787263
-0.0064512671720176155,-0.012434757516725478,RPA3,C4,0.9976084919855018
0.018108656732703086,-0.009687186232965822,RPL22,C2,0.9961403652326355
0.011765405871238175,0.038144069871819265,SPR,C3,0.9894759959161736
-0.0021105147476904768,-0.028192454386954897,THBS4,C1,0.986370545149105
0.057688884399356107,0.0020694879837033376,FBN1,C2,0.9869595013210406
2.4440380007777955e-4,-0.014775432755433103,AGL,C4,0.9528967413476992
0.005126358721466757,-0.003166087315614047,MYH9,C2,0.5131382947385819
-0.010826140636002297,-0.015749542353978116,COPB2,C1,0.9889500333590551
0.16574970673365846,0.003188253128236996,ACTN2,C2,0.9999915034102528
-0.007195261987906782,0.006489306782011404,ADD1,C3,0.5287757432977199
-0.001119380871277205,0.012398366872664207,BSG,C3,0.5611656143983234
0.012160600874558064,-0.010013569224892794,FUS,C2,0.9885109338576437
0.021538526393175304,-0.013025598723898274,DEK,C2,0.9997768650338528
0.01634501347572978,-0.011064306936579732,MYH11,C2,0.5184871244961535
0.002698529655489401,-0.003559608336492624,GLRX,C4,0.9971239978153461
-0.012312974435247844,-0.002832497423036474,PPM1A,C1,0.5595985233592421
-0.003382902048399207,0.04428469716294204,KRT2,C4,0.5212883188458158
-0.0049882760048842855,0.0353326970112077,HMGCL,C3,0.999986055168598
-0.005368256781206428,-0.018324559903399214,PSMC2,C1,0.9996136463774689
-0.004124311955467645,-0.008155169390479099,ARL3,C1,0.9790892613030253
0.0029953920497383514,-0.012295514944563228,MAP2K2,C4,0.8312042335540192
-0.007415445943728632,0.022416572506822285,ATP5F1C,C3,0.9999447235470126
-0.015438957031062017,-0.006779865393911846,ATP6V1E1,C4,0.6715734616816952
0.027584949489048254,-0.018850879209115927,RPL4,C2,0.9987226516984261
-0.005374568426781522,0.040823275449476094,LONP1,C3,0.9999965809222325
-0.00521725702635442,-0.010525738775517575,PGM1,C4,0.9997673833398518
0.013649547282662948,-0.010825825178903117,PPP1CC,C2,0.9953517190161866
8.093541711183608e-4,-0.029362463313664523,SERPINF1,C1,0.7032079199803549
-0.001874559548998835,0.020274169324654326,DLST,C3,0.9999888411564734
0.003166806745320519,-0.014944617543239726,GMPR,C4,0.9972707205882007
-0.0053468107970916535,2.8941817697299e-4,GPX4,C4,0.8477967917721054
0.008413128010252999,0.004421489097556905,SRP14,C2,0.8518690669039584
-0.003234046570130669,0.009482397433730508,TAGLN2,C3,0.7551489331785031
-0.004928865198731147,-0.012063889301857728,TALDO1,C4,0.9925359790937286
0.008536945845381746,-0.036189735719635865,SNCA,C4,0.9993891068127609
-0.009849666824563173,0.04392401512016092,ETFB,C3,0.999999974788263
0.001175603314812517,-0.010671897501532038,ATP6V1A,C4,0.9876047699714303
-0.0023770453462116196,0.012011462699125773,HSPA9,C3,0.9986824638139163
0.003549504549760558,-0.007439364705654572,RPS19,C2,0.6898941773791961
0.005899836392877603,-0.033985317405320944,RPL3,C2,0.6307630684571102
0.041796399461694014,0.013228487128320093,COL15A1,C2,0.9962548960184153
0.011979745269214713,0.008859518939307547,COL18A1,C4,0.5499647746770278
-0.006468485479478732,-0.008685833857899769,DDOST,C1,0.9863188209967325
-0.009023535479734019,0.007855142746494181,ANP32A,NA,0
-0.01002261934744541,-0.03875795246832477,CAPG,C1,0.9887272797746266
0.023088181984952397,-0.0034492954678944847,CAP2,C2,0.9997447986646679
-0.005997669282241383,-0.021811050891100105,CCT6A,C1,0.9914769049106122
0.03378992433805118,-0.05420042109731374,RPL13A,C2,0.9990445028893159
-7.705813695791012e-4,0.004481521642907722,STAT3,C4,0.9397334685545979
-0.008184149114267762,0.012595580876740408,MDH1,C4,0.6173980395066117
-0.009769750040759476,0.025489638785029866,MDH2,C3,0.9999982801702857
-2.463770348952982e-4,0.01858720192482467,HADHA,C3,0.9998649344560323
-0.017967371768906653,-0.026344705905860046,EIF2S3,C1,0.9999168528460483
8.814215373992105e-4,-0.015960762053020716,NAA10,C1,0.9594190890720755
-0.0015029547311354485,-0.01483829071968553,PPP1R2,C4,0.9836521910822285
0.0029184700894739606,-0.0028089917096551544,GARS1,C2,0.5215217665249438
-0.00883552070298733,-0.004293320212333636,IARS1,C1,0.7152190389197287
0.014885051833740125,-0.004073920758117311,EIF1,C2,0.9498442635016133
0.004119702341990588,0.028206749284295972,ECI1,C3,0.9999839149893223
0.01690305117100001,-0.00470435547875611,TMPO,C4,0.6402527294000913
-0.038675794202982186,-0.024907811800997624,AKR1C3,C1,0.9999719157456568
-0.007920226737854886,-0.002764812822128501,RPS27,C1,0.904439240484168
-0.006269009994321942,0.01803388299899073,LRPPRC,C3,0.9997133479781225
-0.0027432642555080045,0.033063155844127404,ACAA2,C3,0.999999225957504
0.020372348757283158,0.004605071748795324,RPL35,C2,0.9972204421597827
-7.022085109140696e-4,-0.004234677347584653,SLC1A4,C4,0.997248113445126
-0.006244256385322977,-0.023394101186513402,PAFAH1B1,C1,0.9596977377365629
7.797598754403654e-4,0.035729095381742196,CRAT,C3,0.9999999394960213
-0.0038071163601812673,-0.007127631831964624,GPD2,C4,0.9999587956692827
-0.016088425667559997,0.04936320395127592,NAMPT,C3,0.9994475608152221
-0.009575521560064545,-0.012766536141548488,PSMC4,C1,0.9995096535103865
0.006341094160068206,0.041613871697990766,TSFM,C3,0.9996309538175197
0.10430670239414933,-0.03868909454623011,TNNT3,C2,0.9999977796876196
-0.00941936109087501,0.04043298805958281,ASPA,C3,0.9999549750528937
0.005475292007581233,0.006361810203977364,PPIC,C2,0.5060340123999858
0.012197301632128298,0.02541125891616528,VDAC2,C3,0.9791387154386485
-0.004162104879301494,0.02864977841481918,ACADSB,C3,0.9999969348176306
-0.013037907922534378,-0.019947090377285637,USP5,C1,0.9988644789816256
0.004894284428885007,0.013011788154807805,MAP2K4,C3,0.5114879705966486
0.011076281448241979,0.014423328838265595,PHKA2,C3,0.6214241685409685
0.0013582225931930056,3.5427287283967514e-4,PHKA1,C4,0.791404873211845
0.005483064224401276,-0.0036774689736487755,CRKL,C2,0.9598310620976899
-0.004930174354510035,0.010206166903613083,MTIF2,C3,0.9918731382127541
0.0014609401973736886,-0.01576831674061325,BAG6,C1,0.8625644778185073
-0.014841818541281875,-0.008196016440905765,NSF,C4,0.9969498321452468
-0.007266483900030909,0.008850498017501238,MAP2K3,C3,0.5165535595084865
0.00842222194278827,-0.026932871586256808,RPL27A,C2,0.8739261582180673
0.030577770981498973,-0.03486592818872222,RPL5,C2,0.9998278011067245
0.0228671339167272,-0.027968263024739266,RPL28,C2,0.9975202823181946
-0.006453564547025257,-0.008373930450184225,RPS9,C1,0.9980410556342921
0.007085569480483465,1.3450330845920301e-4,RPS5,C2,0.8923145575030911
-0.004746379486551189,-5.416560608427523e-4,RPS10,C4,0.5428808993032439
-0.014986727365674937,0.005172631985011954,GNPDA1,C1,0.5004078565633597
0.004883177975688412,-0.004419286327032831,UTRN,C4,0.932787515022573
-0.001210778798607699,-0.011496087251369485,IQGAP1,C1,0.643523200337067
-0.006831096574811419,-0.0157662658194132,GYG1,C1,0.9493815729141702
-0.006586753246508184,-0.004435252725455793,STT3A,C4,0.8211824546069338
0.034397556303284234,-0.001353955590972833,CAPZA2,C2,0.9996802672546791
0.044937077972871525,-0.010336940060314034,CAPZB,C2,0.9999499474557566
-0.0073899244647746614,-0.01936489706129942,EIF1AX,C1,0.9858006507826041
-0.004621465817962556,0.0099865990556987291,QARS1,C3,0.9773640797546351
0.028214013706817205,-0.037566444265397486,RPL29,C2,0.9983760146842291
0.006886704824526749,0.035300251655821735,UQCRFS1,C3,0.9999948747189978
-0.012765689284798053,0.02893549295215166,ATP5PO,C3,0.9999939105857402
-0.004944122429168992,0.008743916389617733,LIMS1,C4,0.6193759949707434
-0.0012342153623342445,-0.010669609969741388,PREP,C4,0.9997298134287602
-0.0033092269624965926,-0.005457232803078084,ME1,C4,0.991044434961408
0.00438237368918132,0.0013830270757417256,PIP4K2A,C4,0.9978003223793718
-0.01478260430973162,-0.033492849657051856,ARCN1,C1,0.999974382615852
-1.6508331659747947e-4,0.012412315252458738,LSS,C3,0.9575186174792627
0.007268578287000958,-0.013619146795162051,GCLM,C4,0.9934560534907811
-0.021571423566338004,-0.020968566296556256,CD151,C1,0.9628905246658086
-0.009029118817268587,-0.010200638619406526,PSMD8,C1,0.999298114482208
-0.013928228078443974,-0.004956994340310993,GSS,C1,0.9913219988756352
-0.009981391375205472,-0.012820728100634915,CCT5,C1,0.9999632221474438
-0.013095082349273316,-0.07398677110086102,NES,C1,0.9993918760072952
-0.0063301627740952405,0.03019629729218072,IDH2,C3,0.9999999209040689
0.08529363128268787,-0.04257895319048672,TNNI2,C2,0.9999918786276288
-0.018233243710107972,0.007375814633914389,PXN,C1,0.8363262672082735
-0.00607418021933733,-0.0174371022846599,ALDH9A1,C4,0.9509178945770325
0.02467497139640325,-0.03380021825157226,RPL34,C2,0.9885486056994073
-0.003953965309829321,-0.009219759219742628,LMAN1,C4,0.9843579591998937
-0.0041087534653526615,0.010497235751756406,FNTA,C4,0.9134250543321897
-0.008363634105209376,-0.009233057644485855,CCT3,C1,0.9998384518711766
0.002017457985337426,0.023157527112572955,MRPL19,C3,0.9994267334412644
-0.003273272426294594,0.024147230631946345,TUFM,C3,0.9999736300620934
0.005701250369237958,0.014430144589778511,ALDH7A1,C3,0.9326767229141312
0.014895105108886504,-0.015928803923544604,CDC34,C4,0.9946783962243285
-0.0034519684752178166,0.010936924638431447,PCYT1A,C4,0.9885869485243862
0.00891092740668016,7.684205477255135e-4,AARS1,C2,0.9205440660737123
-0.0014614889433625024,-0.017361948385448845,CARS1,C4,0.5022284430712002
-0.013081012529743771,-0.016647234903018098,SARS1,C1,0.9994035880233207
0.0044474018672877496,-0.011218453553789235,PSMB3,C4,0.9835531990474671
-0.008236489448364132,-0.008940642924517447,PSMB2,C4,0.732554468946325
-0.002723257916665254,0.02234087450061117,ACADVL,C3,0.999995668087803
-0.0026944673557106552,0.023176812591121657,ACOT2,C3,0.9999557998392656
0.0017124183873353878,-0.01590786146835188,TMED10,C4,0.9981067460106009
0.004693730990712238,-0.024479777260802728,HINT1,C4,0.9988612179182779
0.015321696170773691,0.03793464956759968,NDUFV1,C3,0.9977962702597918
-0.0025869543212168524,0.009803728172375148,GSK3A,C4,0.9267685384958926
-0.0010100107270447024,-0.001498909642569833,GSK3B,C1,0.5133625066748799
-0.0038514238693081407,0.02275143959245737,IDH3A,C3,0.9999652913249049
0.002261093254529937,-0.01762775472691862,SULT1A1,C4,0.7284713358997154
-0.009208450054973581,-0.01755284321382389,GDI2,C1,0.9977098634181829
0.009131916465554444,0.01735037264348117,EMD,C4,0.5535769271392167
6.92211752692208e-4,0.02947674992650714,CPT1A,C3,0.9582232549368184
0.009145515148374913,-0.022377613572767942,SERPINH1,C1,0.6136830529912767
-0.008622953028774223,-0.006071902072753314,CSRP3,C1,0.9778119450616264
0.002293739583431533,-0.011913542490697634,ST13,C4,0.9807538619201477
-0.02092779244487457,0.0030555594480644495,DNM2,C1,0.9864793685509311
7.785097576151559e-4,-0.0011542084957533957,METAP2,C4,0.8941365618380319
0.007454356159431794,-0.010403764857319926,NUDT2,C4,0.9610144537159999
0.15955829842682367,-0.0037898272397896555,LRBA,C2,0.9999842010142955
0.022332417717339906,0.013105549255569478,BCAM,C2,0.9321884952577458
0.019287326030468125,-0.03324488284473894,RPL14,C2,0.9877791040830571
-0.006575456858340777,-0.014209484816614309,CCT8,C1,0.9999252842734405
-0.00944220495844017,-0.012474621554908567,CCT4,C1,0.9999979219251519
-0.0033937710496480603,0.00830869181476662,ATP1A2,C3,0.9182480924224995
-0.0046444517788625725,0.003406300565650216,ANXA11,C4,0.9935967350054614
0.038768909955674044,-0.009902704768457497,FXR1,C2,0.9999739283650925
-0.0043402757826882495,-0.007672057214345264,RAB5C,C1,0.6088757241787668
-0.0068286210745889114,-8.776094710537878e-4,RAB7A,C1,0.9375785887381514
0.0078043170313596985,-0.001134465629955013,DUSP3,C2,0.6942556361130249
-0.009212458522861565,0.0347338318310107,IDH3G,C3,0.9999973092398176
-0.0013397397517619669,0.022133963660404824,GALK1,C3,0.6183191683227538
0.005183003809534668,-0.0032724794039380375,SSR4,NA,0
-0.0023431598263083326,-0.012728272328296165,BCAP31,C1,0.9976205212941428
-0.006534880333440743,-0.01373346661235919,MECP2,C4,0.7736442210310107
0.030493172618707626,0.02247412799774951,CAV2,C2,0.9876850268084149
0.007510333628473957,0.0038669150378187423,ALDH3A2,C4,0.7994119570935055
-0.0011035651437352782,0.0354888342540946,ALDH5A1,C3,0.9999997889013663
0.03570005037520477,-0.006194857785987776,HSD17B4,C2,0.9949957682898865
-0.0019596816268286727,-0.0056062701254776665,PSMD7,C4,0.9957975062470409
-0.016434224875087226,0.00799247825316814,UBE2D1,C1,0.65323052828579
0.008509386284664681,0.02810962138177404,SUOX,C3,0.9961277977029624
-0.0043144965675822496,-0.01624866380748215,STAT5B,C4,0.8451994463904756
0.007658739318488062,0.0016421250712351186,RPS6KA3,C2,0.803096229306034
0.0082368460938022,-0.010548676991905002,HDGF,C4,0.6974766140673571
0.014402714171206758,-0.015569422663558381,LUM,NA,0
0.013208759233631984,-0.00546830443295292,PRELP,C4,0.9798100002863391
0.02088192149397622,0.03443926574149043,NDUFA8,C3,0.9331558059784439
0.034002103691157894,0.002514417217892214,HNRNPA3,C2,0.9986843913879263
0.0429210720524284,-0.010344577204080491,MYOM1,C2,0.999992988128607
-0.0022420416894375936,-0.002597967961412182,PGD,C4,0.9952000238244042
0.025868466344271583,0.004245199843210613,HNRNPM,C2,0.9997180035323527
-0.004163786876872484,-0.01545168394309313,KPNA1,C1,0.896462453796552
7.024268757005759e-4,0.028825875480383685,MAP2K6,C3,0.9998387444969201
-0.013418552806855657,-0.01680349356179674,ARHGDIA,C4,0.665606079684781
-0.015974510814862643,0.0010574297902907301,ARHGDIB,C1,0.9499637321751926
0.0017370365201654014,0.006229698990928722,RIDA,C4,0.9808696781841366
0.01769057859758721,0.07201522211173264,MRPL12,C3,0.9999193021493534
0.0037331741568171536,-4.088418869813828e-4,THOP1,C2,0.7341801164310745
-0.013834734770434986,-0.020002650970057292,AKR1C2,C4,0.9402795512989907
0.03970089613285474,-0.010851208544889294,CAPZA1,C2,0.9997520317182758
0.01985064446220405,0.01576554703240217,CRIP2,C2,0.9167533683619109
-0.017750345265302607,-0.001248650300156105,BLVRA,C1,0.9735400778311112
-1.0627766642603491e-4,0.005517918249074371,PPP5C,C3,0.8210336561321723
-0.003395266167010751,0.015018652092243295,NUBP1,C3,0.9843187923950701
-0.007604333524163848,0.03105075337915742,SUCLG1,C3,0.9999997660764959
5.950416322622838e-4,-0.0120501806036205,COPA,C1,0.9514586189647479
-0.0011519299578219573,0.03249979740339773,HCCS,C3,0.9999991186694575
0.0022081942700229655,0.007021539837886325,MAPK12,C4,0.9989913452841792
0.011271422190919277,0.019094086528212265,SMTN,C3,0.9285155127667536
0.0021070739765638494,0.023806966450098176,SLC16A1,C3,0.9741763455584914
-0.0051812521010613545,0.02289032806177997,IST1,C3,0.9996939514130271
-0.010309145516790007,-0.016962794718328483,SEC24C,C1,0.9999031875416404
-0.002556236255497293,0.001228446388922614,SUB1,C1,0.5660318634304056
-0.015892902001980593,-0.005170111582605383,RARS1,C1,0.9980868423813428
-9.228016440205681e-4,-0.009857997469256568,CACNB3,C4,0.9719370343418028
0.0033008265299374127,-0.01703372383960388,CACNA2D1,C4,0.9955093952158749
0.03267735154418978,-0.017690331546464724,MYOM2,C2,0.9984883494552114
0.009184403469601485,-0.010151791651627053,YARS1,C2,0.5690035691845062
2.8927861775614505e-6,-0.00934426598616554,USP14,C4,0.9978916291561059
-0.008082982279764797,-0.003894647794004409,PRKAG1,C1,0.995021181684494
-0.01565353952731503,-0.0013217072041993316,PRKAA2,C1,0.9906604451643933
-0.009421011580868752,-0.04473598433317036,HSPA2,C1,0.9592687648199801
-0.004521491058022471,-0.0022463782846303985,RAD23A,C4,0.7205543682153656
-0.00205794325647873,0.004742291849264279,RAD23B,NA,0
0.003058386630942931,0.03096577414457379,AK2,C3,0.9999943337087306
-0.006498800679187713,-0.005397671985297839,NAPA,C1,0.9736617539996055
-0.0037552834599309188,-0.008406421563976146,EIF5,C4,0.8936532184426018
-0.008287960241809588,-0.021128432729500338,PSMD4,C1,0.9947443629118273
0.004690366149720759,0.004607360898611061,DRG2,C4,0.5924108453056405
0.01385335836836846,-0.05837457171924577,RRAD,NA,0
-0.010235697811467834,-0.015139853604177028,CSE1L,C1,0.997831632406847
-0.0048788936926121625,-0.022500891913930406,VCP,C1,0.9979708341275128
-0.0010308074860106695,0.022709028956057448,HADHB,C3,0.9999882114591976
-0.01593538579537571,-0.018755791717741725,NAP1L1,C1,0.9999798304729706
4.925388396332162e-4,0.005634264433002781,ADK,C4,0.9364311097400563
0.0779440276755621,-0.0020286957689729748,LAMB2,C2,0.9998780779915106
-0.011066271413084923,0.010262345776807201,CDH13,C4,0.6402025902941073
0.014377713912727347,-0.025859057666774852,SEC13,C2,0.9266562616123286
4.0509951574469854e-4,0.016709615438088552,SNU13,C4,0.8072086990632215
-0.0022641511263985386,-0.015559143524424328,NPEPPS,C4,0.9999890810488598
0.014113679380367068,0.006593489526253741,HNRNPH2,C2,0.947303162370969
0.0029295431430189827,0.02299254125476471,OXCT1,C3,0.9738974739292376
0.028242402127880005,-0.009951544676830959,SH3BGR,C2,0.9997017290116361
0.0032715529039184445,-0.011645817511207824,EIF3B,C2,0.6248293040119982
-0.016951573087105584,0.01926896568396002,ATP5MF,C3,0.7461063108777812
0.015129330377636493,0.0653440364088499,NDUFV3,C3,0.9999522850879912
0.0045989947026615725,-0.014667760776417512,MARS1,C4,0.8702549966200874
-0.026741466674969305,-0.01725942190927406,ARPP19,C1,0.9347798213999183
0.0014313687231739545,0.03003496387797185,ATP5F1E,C3,0.9998982309412516
-0.01350113847631977,0.027611141043928557,ATP5ME,C3,0.9996246152311821
0.004565102760179688,-0.006550344934902466,EIF6,C2,0.5102665042750041
0.017931644392339397,0.04683164408486917,NDUFA6,C3,0.9926214677513618
0.007725463532309636,0.034605237316329904,SYNJ2BP,C3,0.9994557633879559
0.012969157082137767,-0.01026142824808352,EEFSEC,C2,0.9599900217026686
-0.004424355644696557,-0.012436920951387065,MTPN,C4,0.9999028363566645
-0.005345729656396617,-0.009782387611093282,DEFA3,C4,0.9094006808052716
-0.011746528527920212,-0.01652081168117718,ARPC4,C1,0.9992755017373492
-0.008672083193188343,0.0232827617880168,CD81,C3,0.7825462592000616
-0.0020809916302977935,-0.002622237943964848,TPI1,C4,0.9999902919231821
0.018947374599534862,0.0023711589497824935,EIF3E,C2,0.999658774388352
-0.05466972225161383,0.005133709855514272,SEC61B,C1,0.9320397526052727
0.03179951394343737,0.0010044722659061506,GABARAPL2,C2,0.9999474107323241
-0.026373023397416116,0.01792648692921066,ROMO1,C1,0.712497627721621
0.058995789727871506,-0.009808057417140276,MYL6,C2,0.9999842296383061
0.08690039786664162,-0.020687075507572598,ACTB,C2,0.9999998535018414
-0.001727846328898961,-0.004836240013095766,EIF4A1,C4,0.9950431941152188
-0.0033798714922960564,-0.017152491699396276,RPS20,C1,0.9801945038526894
-4.2989015899476467e-4,-0.03116839919480573,PRPS1,C4,0.9479760803162736
0.001586978493483845,-0.02029016579870968,PSMA6,C4,0.9786212756900909
-0.015152738592663487,-0.009293831623815554,S100A10,C1,0.9993904574249428
8.946222502682891e-4,0.006066091035139661,CDC42,C4,0.9856215684757137
0.012362304481285773,-0.004111849467830464,DSTN,C4,0.7560604376579699
-0.008162758603137121,-0.006277000671821161,RAB2A,C4,0.8229842165913774
0.004754747081834692,4.474265020732415e-4,RAB5B,C2,0.7286367344522351
-0.005825782258193051,-0.0026108368677451757,RAB10,C1,0.6029130960504241
-0.011616101211591807,0.0013277295525740231,UBE2D3,C4,0.9366778764306358
-5.89948282753859e-4,0.004039403469228949,UBE2M,C4,0.8702449523417864
3.1783230348378567e-4,0.010103186759735752,UBE2K,NA,0
-0.005494796960280218,-0.011440921135753698,UBE2N,C4,0.9838571398547452
-0.008728093713421578,-0.007303091008497461,RAB14,C4,0.9454679579359133
-0.0051287609014488405,0.006700983501666079,ACTR3,C3,0.6552293365772945
-0.01197903550579259,-7.480694795681219e-4,ACTR2,C1,0.9905489182470724
-0.00751363259482942,-0.013277458143444743,ACTR1A,C1,0.9994413754475591
-0.0073926654717572865,-0.007029052390285782,COPS2,C4,0.5087707606070786
-3.660126542412621e-4,0.006011471438909704,ABCE1,C3,0.5732311652284041
-9.940576958055278e-4,-0.008796487438724033,RAP1B,C4,0.7366377480960267
0.005880488335067829,-0.010933554368667237,RPS3A,C2,0.6222448597609281
0.008464676190019614,-0.05088692073640093,RPL26,C2,0.6210328608473356
0.02239969698361957,-0.02483041300235443,RPL15,C2,0.9990758439969898
-0.00894605217638106,0.003790182729664165,PCBD1,C4,0.8372738977558289
0.025784976801835544,-0.017583310614545756,RPL37A,C2,0.9997258728382843
-0.0052213111928705895,-0.00896152908636841,RHOA,C4,0.9412060100778594
-0.006742778592912888,0.021786424950903455,HSPE1,C3,0.9997965052654862
-0.02437724916518141,0.011802941062081908,SEC61A1,C1,0.7621913229466155
-0.0057218905570585905,-0.00708235182641901,VBP1,C1,0.5433976571810877
-0.008719573955259881,-0.011596441113042965,B2M,C1,0.7308971583656875
0.007587878418263186,-0.015892542887143944,DAD1,C2,0.8884365102840421
-0.014333068955578728,-0.005479572850140565,NPC2,C1,0.5870873950522585
-0.00124627507473489,-0.004264039300467513,PKIA,C4,0.9859400295824847
-0.012375733383720094,-0.013397155694637591,SUMO2,C4,0.9019906616935751
-0.01169007520071226,0.0034937930604395156,UFM1,C1,0.882250202226569
-0.007386253382552708,-0.008866235111931745,NUTF2,C4,0.9995409099894715
-0.0027121848939543843,-0.003008622101071593,HNRNPK,NA,0
0.0010444124522976607,-0.016834621957542668,YWHAG,C4,0.8066594122626234
0.006737597571676435,0.0033879443699150018,RRAS2,C2,0.7143849262327315
-0.005985579860025137,0.027113735782505578,TIMM10,C3,0.9884072637994811
-0.016889086719532757,-0.014628559201512613,RPS7,C1,0.9727753861896572
0.013844800971658076,0.0021894148830115087,PPP1CA,C2,0.9984195770783202
0.018557038966425635,0.0062542690816421755,PPP1CB,C2,0.9882313285677301
0.00213068547695887,-0.01914380823991289,PSMC1,C1,0.6433784693266221
-0.006979211007348067,-0.012158441658792901,PSMC5,C1,0.9807256987090183
0.004343552116804857,-0.011623474862325142,RPS8,C1,0.6439892585169358
0.004294077740615903,-0.00986960297615878,RPS15A,C1,0.6115621501777199
0.0026056720282686633,-0.017016043189857836,RPS16,C1,0.7704853100830636
-0.009650359663252226,-0.006292440396274552,UBE2G1,C1,0.6076724459771626
-0.008830138443877257,-0.018356790293459633,YWHAE,C1,0.9907622945035388
0.0019238792978200979,-0.006318151173733522,RPS14,C2,0.7223650068698074
-6.747740905995428e-4,-0.015094896416269113,RPS23,C1,0.8149609265910354
0.010956782864998698,-0.007525731183152571,RPS18,C2,0.987767683540507
-0.0028643976718553347,-0.018739271920060082,RPS13,C1,0.9903196692201515
-0.012614698440780439,-0.02123407471143012,RPS11,C1,0.9985543069847146
0.013333407883734017,-0.0016955435628513535,SNRPD2,C2,0.9911957447289297
0.0035501434733550366,-0.0032755238226860545,SNRPD3,C4,0.983520942457646
-0.021778691668900955,0.0017506539323676878,TMSB4X,C1,0.9599788535056829
-0.00612949962380265,-0.01762698473234359,PSMC6,C1,0.6828578094021817
0.011168444791239619,-0.036555617702430446,RPL7A,C2,0.6065789471678653
-0.001791549099398788,-0.028970839220716554,ETF1,C1,0.9942182281923503
0.018093544817797572,0.0023946288784956484,CNBP,C2,0.9789537659864695
-6.744647785496215e-4,-0.005191026890778897,RPS4X,C1,0.8766453805734189
0.018097141189941806,-0.017239987451111573,RPL23A,C2,0.9994136909961815
0.0020026663483880425,-0.012232396565336291,RPS6,C1,0.7862228523391485
0.05204421300071102,0.011043641599446114,H2BC4,C2,0.9791394836795392
-8.408211453173951e-4,1.791471022993e-4,RAB1A,C4,0.8389189949348105
-0.013173487474337739,-0.023017728874217203,RAN,C1,0.9994509095708791
0.005931431106505752,-0.004008671944205623,RPL23,C2,0.8876657043862369
-0.010933005905524866,-0.013923182635266651,RAP1A,C1,0.9378639751134834
0.019594928633832772,-0.0012667209073299703,RPS15,C2,0.997295223312421
-0.005643357020413692,-0.01719820948341617,RPS24,C1,0.9675674912346243
-0.0028565045841827084,-0.008995619974436427,RPS25,C1,0.9531270830348448
-0.0096647275660838,3.21108717995745e-4,RPS26,C1,0.8826382875904993
0.015583301539400608,-0.0045315665708823595,RPS28,C2,0.9896914669458585
-0.003432848626095682,-0.012192162744372986,GNB1,C4,0.9219197647316194
0.00124225941605848,-0.005608147230788043,GNB2,C4,0.9845128865712159
0.022413134528185854,-0.04149685911319672,RPL30,C2,0.9678428312781705
0.012479054542269078,-0.005764123048736335,RPL31,C2,0.9892993990804867
0.03625581721545046,-0.03982863790056927,RPL10A,C2,0.9999427682856992
0.039969784348604105,-0.034614201088196475,RPL32,C2,0.9999054123649099
0.01228820256844473,-0.023371715163079038,RPL11,C2,0.8505192674139057
0.04442966061546646,-0.03188701408828286,RPL8,C2,0.999989169086629
-0.014505621521642281,-0.027486324705981,PPIA,C1,0.6901778042356099
-4.8462658223838017e-4,0.001052300022821,FKBP1A,C4,0.9990050623121797
-0.023234259696117088,-0.04340535848033965,RPS27A,C1,0.9993608341072445
0.009168015243024016,0.005037157482325247,GRB2,C2,0.96602186905673
-0.0021282564097132002,-0.010839467461210978,RAC1,C4,0.5944369124359621
-0.011940906760805194,7.832907952329362e-4,AP2B1,C1,0.9976823962048715
-0.019757537456215814,-0.004382214862004439,VAMP2,C4,0.6949259777998529
0.00135067469799403,-0.015635717000514436,PPP3R1,C4,0.9998128824811383
-0.006660980744384273,-0.008984635525036326,YWHAZ,C4,0.5216524301291368
1.9116202660001132e-4,0.0032986292980856156,UBE2B,C4,0.9943830575341772
0.00690082774519003,-0.0036727805418108363,PPP2R2A,C4,0.916037679274758
-0.008333055399956851,-0.010553988291669725,DYNLL1,C1,0.9992813519329837
-0.009082048207531166,-0.012150879826539864,DYNLT1,C1,0.9547390867270075
0.011763046112243311,0.0016141287534745933,RPL38,C2,0.9659315607468386
-0.009788623186073138,-0.008188208554331602,SKP1,C4,0.7114235718427515
0.0127201336454231,-0.007796651648096165,RPS21,C2,0.9948905212727087
-0.006935552019688663,-0.011911675307704138,EIF5A,C4,0.9545881685427028
0.00958434014410524,-0.008239488339307698,RACK1,C2,0.9967185672401001
0.008512526293665184,0.036062569742262844,UBE2I,C3,0.9279218379514418
-0.017431648204517532,0.0261606917144649,SELENOW,C3,0.5777882730055639
0.09843295957837284,-0.008182660780366714,TNNC1,C2,0.9999981282890991
2.4228089405866666e-4,-0.003895031460317662,PPP2CA,C4,0.9205564112955306
0.00315368762128904,-0.024628122572847917,YBX1,C1,0.820229978406151
0.002664839851072428,-0.01633537648361304,CSNK2B,C1,0.7699611170480928
-0.014846501418754014,0.01451105405607884,TPM4,NA,0
0.0016208652781566602,-0.004228319879288893,UBE2L3,C4,0.6733924641926028
-0.02282047378865665,-0.029678548064262702,EEF1A1,C1,0.9999923569740258
0.09863767383075789,-0.008994805075776345,ACTA1,C2,0.9999997717807124
-0.012261111421041323,-0.0318238423841133,TUBA1B,C1,0.999983282993167
-0.012220468672021858,-0.020840723839572962,TUBA4A,C1,0.9984757512229533
-0.009888554072116442,-0.027759606198445922,TUBB4B,C1,0.9997597444968425
0.01683075059238676,-0.0214877045145361,CSNK2A1,C2,0.9984755577969116
-0.013409970751635693,0.013290099252163158,PAFAH1B2,C4,0.9460161883528538
-0.00836470473500471,-0.021819262369926314,HBB,C4,0.9909402309568406
0.0023948737788718095,-0.016021830389665027,HBA1,C4,0.997298020892152
0.004405699697379563,-0.015031489400132146,EIF4G2,C1,0.6743787229441626
-0.010522575267933008,0.011879164191382349,PIP4K2B,C3,0.5194554653896113
-0.008506044539472048,-0.01830736339305644,CCT2,C1,0.9946982051578144
-0.007611985621148654,0.015715303892842255,GSTO1,C3,0.9555570228141755
-0.013799700098107668,-0.005830165242844914,PRKDC,C1,0.9999268616460862
0.002291239623696596,0.032464473791808716,DCD,C4,0.51539257182484155
0.004637260858875176,0.017189550754657612,MRPS25,C3,0.9938351178467858
0.006680319066585838,0.01575051825957042,MRPS5,C3,0.8271547232900874
-0.007500918722648604,0.011254580308414752,MRPS36,C3,0.5624886802675664
-0.0022640914456554194,-0.007513078187239709,MRPS15,C1,0.9770672131524804
0.010293460628038417,0.01921388258525351,MRPS21,C3,0.8939586952194244
-0.009165795184824885,-0.0261210120492579,SARNP,C4,0.6534433687226165
0.007484725691960131,0.024333310789246183,LACTB,C3,0.9990268487105227
0.028093470417477378,-0.004979154484869758,RPL24,C2,0.9998827043886686
0.0011416155028487977,-0.007265564123776335,ARF1,C4,0.7087041146102573
-0.008543029498914714,-0.008008769975146924,ARF5,C1,0.999420998979155
0.04032545355481413,0.0026068596617792737,ERH,C2,0.9990023317211969
-0.010581561595282549,0.021206429203091546,RHOG,C3,0.9866417194790341
0.021556771232429908,-0.009540381361567611,RPL19,C2,0.9994348074714391
0.003448224151206356,0.007038300064277247,SRSF3,C2,0.5504869846762043
-4.173501868767541e-4,-0.007158255606894743,MXRA7,C4,0.7176342995284218
0.03598072937572376,0.01863613980899109,H3-3A,NA,0
0.021723978659619312,-0.01616812893726443,FBLN2,C2,0.9929721998414406
0.057248547767908345,0.014144327332305615,HSPG2,C2,0.9992716559746406
0.01812479638323963,-0.00821878119016255,RBM3,C2,0.9599347225704501
0.005501114921393185,0.03722704376989512,CYCS,C3,0.9998952288567087
0.016362023645537006,0.0010452003491632886,MPP1,C4,0.863461700435488
0.019803368334076175,0.03649610232812591,TFAM,C3,0.9937649134902901
-7.560921552049884e-4,-0.008559653886984783,PITPNA,C4,0.893185974628187
-0.011754183542766049,0.023435673529632023,SLC25A3,C3,0.9997415562426117
0.0033314915688356195,-0.0063240833406416515,HDLBP,C2,0.8081433314285442
0.020722926318460223,-0.013782181457352358,PURA,C2,0.9983200092110239
-0.018781425238168937,-0.023807006409934457,CLTC,C1,0.9999980079090767
0.003507915541071685,-0.001886582001922892,FKBP3,C4,0.9183751827438792
-0.013121321207946558,-0.037758631117899,REEP5,C1,0.9999880734734156
0.017648999870663012,8.860817545769798e-4,SORD,C2,0.8345587413223127
-0.003817757285873479,-0.017922092279052844,HNRNPU,C1,0.9080236631298588
0.09661585226390941,-0.02880563937713805,MYBPC1,C2,0.9999972452108531
0.02045368556801289,0.047160488757274875,PLIN5,C3,0.9923898827431872
0.0014381240605058426,-0.0062535380856748694,SPTBN1,C1,0.8637302603384628
-0.00726942005076315,-3.9903765772418655e-5,TIAL1,C1,0.9617579763942092
0.021371596545430666,-0.0012272000735959404,SET,C2,0.9432988947330104
0.010458177700121767,-0.019816959936695418,AMPD3,NA,0
0.0034616102658385915,0.007932307695531863,FABP5,C4,0.9909673451366988
-0.001671120931323467,0.017243683758993905,ANK2,C3,0.9619959933452745
0.00426368205188545,-0.009131018638804318,CAP1,NA,0
-0.007517163034131333,-0.003909767836050496,EWSR1,C1,0.9549241242416109
0.025516241442619103,-0.023243646210266665,TAGLN,C2,0.5901438791881545
-0.007304536997480346,0.016958911652377333,OGDH,C3,0.9999697241434019
-3.878388618530162e-4,0.06484987013750508,COX6A2,C3,0.9999579450414847
-0.0013949828289717163,0.012150323364263348,ALDH6A1,C3,0.66525610083630915
-0.013328474660900832,0.05504006332402265,BDH1,C3,0.9999950371111261
-0.021255599377744787,-0.0012743598069863882,COL7A1,C1,0.7186475689899706
0.021720214748272144,-0.016096712743407474,RPL18A,C2,0.9995504102399021
0.0033148481534596504,-0.013366386229427008,CACNB1,C4,0.9870949509629975
1.2159454974569214e-4,-0.0044947693597414485,MAP2K1,NA,0
-0.0018867981155047476,1.353482596014026e-5,FKBP4,C4,0.6292394763196428
0.029638363101426722,-0.032159047900775256,RPL6,C2,0.9983953668337483
-0.006909642489853552,-0.021836145918165635,AKAP12,C1,0.9793796052645668
-0.006339983408424834,0.012613165640219809,SLC25A11,C3,0.8947310736679056
0.016677117815941788,0.014365051401997469,CAV1,C2,0.6312273090228814
-0.01582364983969535,0.03030367362110099,ACY1,C3,0.9999138074519657
0.04322559541870758,0.0012096596183123745,LMNB2,C2,0.9302296351607359
-0.002653041846878587,0.005595353151852063,UBXN1,C4,0.798784041712921
-0.008787863533560846,-0.014808402203319701,GBE1,C1,0.9990349630555794
-0.005698108533514167,-0.009637250756438807,EIF4G1,C1,0.7940286747350631
0.003780026791161207,-0.00350235393083998,PRKCQ,C2,0.5724555684154624
-0.005611749158994346,-0.012754226627624413,GLO1,C4,0.9999479521658062
-0.009609870582283117,-0.02620810504574373,AKR1C1,C1,0.9653560533411741
-0.004805429295339736,0.010998743475948362,SSBP1,C3,0.9796699156848409
0.005188355991026959,-0.011275364009476683,YWHAH,C2,0.8180631319161072
-0.009911699077306773,-0.020815773078407363,PLP2,C1,0.9923812320908866
-0.011182416202985268,-0.00808541502193575,UBE3A,C4,0.9956884977894686
-0.006600091492455066,-0.0033780104918182444,SRSF11,C4,0.9600483859240414
-0.019075924676648984,-0.030726856924251953,EEF1A2,C1,0.9996526019668581
0.0260085208755276,0.005281218816214026,CALD1,C2,0.9841307581633701
0.046407503780252976,-0.02549322511417558,COL14A1,C4,0.9821316861822923
4.855724714772485e-4,0.001862898662974825,PTPN11,C1,0.5861201338773734
-0.01476912473727244,-0.011627001885840543,PSME1,C1,0.9999760097218716
0.0011150655085012348,-0.043094578113224265,CACNG1,C4,0.6843242416269473
-0.05814336909944037,0.002682052021662969,ZNF33A,C1,0.7206194765690204
-0.0033515162480943906,-0.03261860923348517,PRDX1,C4,0.98995192331736
0.020298349314365555,-0.035389590853077135,RPL18,C2,0.9948361257385385
-0.010855235475897045,0.026551121808019183,C1QBP,C3,0.9929387986767966
-0.011546110549249653,-0.004955572916520325,CKAP4,C1,0.9986335376788325
0.06863363862360183,0.009306717008501409,DPT,C2,0.9999751796990904
-0.0034622218197174434,-0.022252106089043884,KLC1,C1,0.9917722055334618
0.014807716769237629,-0.00830374775275678,SRSF1,C2,0.9976399989469285
-0.003837971556830846,-0.026099079435143703,ARHGAP1,C1,0.9705072101793234
0.15172375433252838,-0.0010966423805724706,ACTN3,C2,0.9999774815766025
0.01217223968635384,-0.016140291157388378,PPP3CA,C2,0.6747583219809851
0.005367820518383551,-0.022174357696351007,DHX9,C2,0.5084476767121768
-0.001977619135843225,0.0031732728087151274,CRYZ,NA,0
0.11881408695779179,0.01065544399699918,SLC20A2,C2,0.9998388681593583
0.008460746117658251,0.013351030361036796,PUDP,C4,0.9940974094124627
-0.008569861956583356,-0.022013452358828633,CD47,C4,0.9813443902138287
-0.008024946654361495,-0.006187136220825021,PPID,C1,0.8995114393614849
-0.009574657016543316,-0.03577101082848072,AHNAK,C1,0.9999478387903545
0.0337627399301613,2.2133517474062347e-4,LMOD3,C2,0.9996984037301596
2.963435782740073e-4,-0.018101887438432024,HSPA14,C1,0.5363785630259751
-0.01412464581462479,0.004073565319287595,SCRN3,C4,0.9905584048765224
0.0438849058002015,-0.0205723068929342,NEXN,C2,0.999992811271943
-0.006245042268242555,-0.00121322506798272,AP1B1,C1,0.9850303343884833
0.012715794070231238,0.015522412616030965,BST2,NA,0
0.01614705475120804,0.037928585461734624,PMPCA,C3,0.9963125796371717
0.017352725954681573,0.002864712288331063,ASPH,C2,0.8669799418888631
0.009255898663586342,-0.005150360079007819,EFEMP1,C4,0.8288032345697398
-0.005062018417870044,-0.005306522073441924,STX4,C4,0.9889231286180752
0.0014867337808827461,0.024052390245041678,GRSF1,C3,0.9943884177445326
-0.002933742378566982,0.008981942852342642,AIMP1,C3,0.7413035786702028
0.0022103355348679623,-0.027457790759441457,ILF3,C4,0.8857750652209226
-0.012149974562959237,0.029881630392386168,TRAP1,C3,0.9994855082578726
-0.010849608544296062,-0.011986390641633114,ANK3,C1,0.9648954806991212
-0.01608375497049635,-0.027017851104532274,HSPB3,C1,0.9999922291236347
-0.002765388442704023,0.03889997800009068,ECH1,C3,0.9999988259269489
-5.830005082528057e-4,-0.011885895346022711,STRN3,C1,0.8964195434798614
3.455168895955876e-4,8.505857409039352e-4,COASY,C4,0.9918054902108392
0.03944099733900472,-0.028828117604046216,TRDN,C2,0.9999943727539176
-0.018391480224709995,-0.02305374805098343,ACACA,C1,0.9998721468078142
-0.006172649728188783,-0.008600929073995138,GPS1,C1,0.7499867093333735
0.020067203814022234,-0.009013734134898956,MTAP,C4,0.7635745024109476
-0.006194919649208981,-2.5101798508284453e-4,PRKAA1,C1,0.6107499297075812
-0.0028250869392467777,0.006427406446561426,TARDBP,C3,0.5442443859212558
-0.007543614496849249,-0.010229829826025836,PAK1,C4,0.9978464026996047
-0.004798747105961385,6.437955788872227e-4,AIMP2,C1,0.96288448832713
0.011856164819343514,-0.01428850211760431,PRDX4,C2,0.6322576464047192
-0.007541163877237276,0.001833869034920445,PAK2,C1,0.7592774640444446
5.605994922063687e-4,-0.006561105452973798,CBX3,C4,0.8199946080477176
0.005456776334761613,-0.016882805948981477,PSMD2,C4,0.9139016609228089
0.08415266587581068,-0.03989305679253233,MYBPH,C2,0.9991112737568957
4.1668216263405166e-4,-0.005882829482316028,SELENBP1,C4,0.9989701622868263
-0.008586752243291052,-0.010511750736891387,TRIM28,C1,0.9713002438841928
0.033378389117498825,-0.030796676753740305,G3BP1,C2,0.999852371505889
-0.004392909545475873,0.029318253599149368,PABPC4,C3,0.9831199721944175
-8.272311059903511e-4,-0.009341255730328197,SGCG,C4,0.9858501936857994
0.01254116823052288,-0.015803413991073628,EIF3I,C2,0.989267017104778
0.007036620689750465,0.006146316234677714,CTBP1,C4,0.5498160507062421
-4.4078956184592815e-4,-0.0025989721183969764,UBE2V1,C1,0.6124568106518274
-0.0011256959238326691,-0.025789833830094613,DYNC1I2,C1,0.9937249311796839
-0.008603107116835297,-6.539677416715212e-5,ILK,C1,0.5656528519954417
-0.004740062149842133,0.024557279387174846,NNT,C3,0.9999992831663144
-0.0047002733129441285,0.006414810122340178,SNTA1,C4,0.9920847610823903
0.006393614044061151,-0.00548521222729237,SNTB2,C2,0.9066534631644803
0.011615281594911512,0.017611750039850712,SF3B2,C2,0.5010994019097423
-0.003134567881209972,-0.014275762340979428,PDAP1,C1,0.9717796267633279
-0.01119080574264178,-0.015458073750171402,TMED1,C1,0.6877137709420921
-0.003468996410060125,0.0074401806969808795,FKBP5,C4,0.706635621584589
-0.008350989731440425,-0.003418408484619159,PICALM,C1,0.7109024609099528
0.014927485837034031,0.01176899674285761,MTM1,C2,0.8729356952977118
-0.0018219494448416449,-0.013900640448270966,SQSTM1,C4,0.8162535096818706
0.00793291531211604,0.01212968759853035,MTX1,C3,0.7204528625132529
0.02610592077116285,0.012050529297638795,ART3,C4,0.9740690629060864
-0.006482168808061107,0.014056810755133639,ASAH1,C3,0.6694753950233427
-0.002796809301421005,0.0016079298457641756,PIN1,C4,0.9988217510235676
3.6087284333247475e-4,0.0017290785136211476,CAMK2B,C1,0.5384994898980354
0.012139547662658864,0.005625287249059822,CAMK2G,C2,0.9487612709765944
0.003141936396411663,-0.020856370937011714,CAMK2D,C1,0.9175489483946165
-0.006803671383439231,-0.006203516070151062,DCTN2,C1,0.9983099008418752
-0.0067429706789410146,-0.0038483374096789035,NAE1,C4,0.8924790164032003
0.0035962540281087242,-0.013742696326267302,STIM1,C4,0.7253882865369061
0.006420014624603259,-0.006727754814019427,CUL1,C4,0.7645796016697846
-0.0038448882074317574,-0.0074826734647838915,CUL2,C1,0.9869531984408009
0.0014205578305179999,-4.5507811884144285e-4,CUL3,NA,0
-0.00874391948412578,0.0019275218294886626,CUL4A,C1,0.8705686498783914
0.001468439064616586,-0.014080857558678743,FHL1,C1,0.8031214495567185
0.015616080982159903,-0.0012874292878202033,FHL3,C2,0.9736140950624991
0.01592408853434017,-0.017219257154783372,ITGA7,C2,0.8048069394411461
-0.013390364113539445,-0.016470909587639724,AAMP,C4,0.8896709788532705
0.004111760388052849,-0.022986927036101886,CACNA1S,C4,0.67505182522941
0.015480286260863915,4.36066104019486e-4,MOGS,C2,0.926280259592057
-0.0020393743347062172,-0.014169573278334808,SPTAN1,C1,0.9932148232367789
0.012950553271218043,0.043816163575668636,AUH,C3,0.9999077441035326
0.011657105190381531,-0.008855046927958377,DDX39B,C2,0.8731957835142133
3.3820697242830245e-4,0.014950740450047269,BLMH,C4,0.8924678225845367
0.004466815278624368,-0.00835151291622518,SNTB1,C4,0.9996868407261725
0.008723967851610294,-0.03034608894430074,TUBB2A,C2,0.7639381528255945
0.0013954126307291776,0.024205755274638592,IDI1,C3,0.9946350430905067
-0.002214133765262372,-0.015088830277326465,PRKG1,C4,0.968056261079986
-0.01266592827463315,0.023873663969915974,COX17,C3,0.9318473604118849
3.960976869689102e-4,-0.010748060562807195,HNRNPD,C4,0.7782599739484358
-0.022150488536206315,-0.02207680320158997,SCARB2,C1,0.7284481315067814
0.06026495967088507,8.781567328048459e-4,NID2,C2,0.9994809993591166
-0.016146369651953395,-0.013016344752620273,IL18,C1,0.9890240352060308
0.006156801285221016,-0.010032595239940842,DAG1,C4,0.9383538173537938
-0.0013432186034201118,9.893769789643676e-4,EIF3A,C1,0.8465123875903631
0.008894768628380303,-0.002544929211058637,UBAP2L,C2,0.98381422075973
-0.012276105609306373,0.003735177640233099,MLEC,C1,0.8416171437961131
0.006573182546842195,0.0012329046999722043,DPYSL3,NA,0
-0.00220892500562205,-0.015279030871741614,DCTN1,C1,0.9877703169689682
-0.011817486910601959,-0.024089589851093923,DYNC1H1,C1,0.9999980349266813
-0.007065720625016096,-0.02316011416903288,EIF2B1,C1,0.9991064644191759
-5.554115729012433e-4,-8.564923387219093e-4,EIF4A2,C4,0.9693623822679662
0.011013787272529427,-0.013162112468820784,CTTN,C2,0.8893599188933442
-0.01115369969591379,0.05463510902421931,ENDOG,C3,0.9998827771066122
-0.0022192299927406983,-0.0016227616418558822,FLOT2,NA,0
0.0016514035085679647,0.01109976141776444,TRIM25,C3,0.8411548299707403
-0.017442594427621888,-0.02809036612651596,FLNC,C1,0.9998562752068033
0.08646418467663194,-0.058740708661379114,MYBPC2,C2,0.9999907737341199
0.0018453989600253488,0.008919104846588238,GAMT,C4,0.945297832657247
0.051465323488320766,-0.016732751376092505,CAPRIN1,C2,0.999997547722556
-9.2735463344983e-4,-0.014404116166935267,PRPSAP1,C4,0.9946155566557208
-0.012865721305208879,-0.014804252258515215,ITIH4,C4,0.9955567960605101
0.005821105063238746,-0.011191181929080384,CLINT1,C2,0.5772068752574222
-0.01070176321065324,-0.00926543533038839,GANAB,C1,0.8911712210864541
-0.0017588488371456834,-0.014544110334473908,SSPN,C1,0.8253327513837114
0.02470838948116744,-0.018440160916828548,MVP,C2,0.999266497083517
-0.0027102592191583256,-0.017126255073375257,LTBP3,NA,0
0.021378018963423583,0.011009308031687785,LASP1,C2,0.9930126671503353
5.036956014987064e-4,0.014527934882661053,PTGR1,C3,0.7442801432075347
-0.009732956462424655,-0.024231801537996586,KPNB1,C1,0.9997547931023052
-0.00515960824773768,0.002448161684476732,NUMA1,C4,0.5407476171297301
-0.022050764187192668,-0.00883323586567536,PSME4,C1,0.9998087284037693
-0.015190943889593661,-0.024631781055151486,SLMAP,C1,0.9999963568437834
-3.3824481777440085e-4,0.016305415162268293,EMC2,C3,0.6810242805571378
-0.021504007799307962,-0.023018093610319125,PSMD6,C1,0.9955854049331647
-5.58513011564621e-5,-5.763700995660358e-4,ABRAXAS2,NA,0
-0.00648283814214354,0.0011638973058528605,SEPTIN2,C1,0.9029830405805654
-0.0012096188568634274,0.003658347424922823,KARS1,C4,0.7960278193569423
0.0037765245932579322,0.0013742591598064251,EIF4H,C4,0.8619062960190116
-0.01352764203438009,-0.027859525326570832,EEA1,C1,0.9999524947974967
-0.0032656108696184605,-0.008788289090142374,PDIA6,C4,0.6973668474825419
-0.005363756755710731,0.009506788343641862,PAFAH1B3,C4,0.9965734939716814
0.002832773135468943,0.010239337638666747,PLCL1,C4,0.9417196815863527
-0.012595288167611499,0.05022997791890659,PDK1,C3,0.9999786841775238
-0.0023289201258067257,0.058808137321093634,PDK2,C3,0.9999932045907632
0.0014179615639156858,-0.01992947264570303,PEA15,C1,0.6381186603703108
0.030317470304780676,0.013026365675466287,PGM5,C2,0.9976304945995385
0.010104657526809438,-0.03455432156385916,PLEC,C1,0.5794673494018644
0.008992167293539147,0.01195671056696997,PPP2R5A,C4,0.7394253651733773
-0.005431099742796783,0.006784319783926318,PPA1,C1,0.501524997581886
0.005662132226844498,-0.006044609050534147,PTGES3,C4,0.9256089921640162
-0.00718404992154098,0.01473933161693186,STK38,NA,0
0.009828236235380412,-0.014211707167116658,NONO,C2,0.9892624767265047
-0.016431313781837757,0.008452329925987158,PTPA,C4,0.7030601742187662
0.009040655524585411,-0.004557982465352773,RAB35,C2,0.967581798617741
-0.00743524564803807,-0.003364063991360928,TMED2,C4,0.9981779312287359
-0.005501983074716189,-0.00771340716526136,PCBP1,C1,0.9979057892077525
0.0032721170400657243,0.0034719320326654203,PCBP2,C2,0.8178672857276704
0.005191203585447255,-3.0507371976995045e-4,ELOC,C2,0.738102403881878
0.010953285622272248,-0.011817336671811977,ELOB,C4,0.5529820563897687
-0.0060412041700584505,-0.00430287060350557,UBE3C,C4,0.7180806521553604
0.012341804347583835,0.005558823182784031,DHCR24,C2,0.9736816449466507
-0.003150003290250179,-9.90353309580126e-4,RSU1,C1,0.5999488024750117
-0.012589065659206068,3.383029633387062e-4,PPP1R7,C1,0.9204285389551651
2.4265922881849288e-4,-0.014764572744453421,SEC23A,C1,0.7559873016322524
0.0024885536790594472,-0.008156732242360612,MAPRE2,C4,0.9681506267832297
0.012036983453921051,-0.036438285183040646,TGFBI,NA,0
-0.0033532063803552795,-0.01089599677837707,TSN,C4,0.9998012330204872
0.008814528232201118,0.015842478009673797,SF1,NA,0
-5.809734930943045e-4,0.005210907520341266,TRIP10,C4,0.7479122965578744
-0.0073159952593701855,-0.012308453015938518,MAPRE1,C1,0.972408501587471
0.006885579931401878,-0.01625378626936099,TSC22D1,C2,0.7114038301725691
0.01504200911079893,0.006242659980592035,ELAVL1,C2,0.9356520869506767
-0.014009420331013794,-0.025462204198534927,MYLK,C4,0.9551702887360677
0.010300566395727339,-0.005188305201441522,SPEG,C2,0.8669123302767706
9.234541729461052e-4,-0.007354101745902735,TBCE,C1,0.6991590430096903
-0.0037551421866322565,-0.005885428219628921,UBE2V2,C4,0.9999582716028839
0.014574042610105411,-0.002700789254078683,NEDD8,C2,0.8834715311827538
-0.007020519005522828,-0.010570727924033832,ADIRF,C4,0.9991123418880726
-0.013440112385993897,0.007966300427116029,ADIPOQ,C3,0.6344885986870024
-0.0024468482783570394,-0.004648595348783807,RAB11B,C1,0.6476026050519276
0.004254266031549626,-0.014929835060268171,ZYX,C1,0.8053103796624685
-0.007371820144576155,-0.038454971863039214,HSPB2,C1,0.9987712717262164
-0.006901236679199798,0.018921122752377346,ETFDH,C3,0.9997201488973093
-0.01578987346494213,-0.008010903229789737,SEPTIN7,C1,0.9825325085249391
0.0059124096928899915,-0.019012447847786988,ADRM1,C4,0.9942514492591911
-0.009736611739447242,-0.014800725938713167,DDB1,C1,0.9999317802051153
-0.008484688791425183,0.0037419150820435245,CDC37,C4,0.9148461617034787
-0.0030629426017402305,-0.0022475478773288414,DPYSL2,C1,0.6980462411661855
-0.002357205857550193,0.00495703678637372,SYPL1,NA,0
0.02510864525831574,-0.013234436491144802,RBBP7,C2,0.9957412578424755
0.005980811100426509,-0.008225689313159963,SGCB,C4,0.9512795245502405
0.0036892841761787436,-0.0019353606205760798,SGCA,C4,0.8567486008182751
-0.003264079116438808,0.041465432829504024,FXN,C3,0.9999991324102003
-0.025579861896212027,0.016657108516133005,FSCN1,C1,0.6831185477523175
-0.004312295994123258,0.03499555024075227,DECR1,C3,0.9999996354717493
0.009691654588987537,0.03519027526278829,NDUFA5,C3,0.9981437743316357
-0.01225140318685781,0.018782371793968224,CLPP,C3,0.811683050986398
-0.011409370051356303,0.04298472684019576,TST,C3,0.9999999164372477
0.007590496938599093,0.026287922078110457,KYAT1,C3,0.9678098631264709
0.004185148731941568,8.659121608125792e-5,GUK1,C4,0.9934214066075793
0.003116228357013979,-0.004640410140605335,HAGH,C4,0.9969268932183402
0.013084299922924378,0.036126997717362774,NDUFA9,C3,0.993908036202526
-0.007173749624089551,-4.4693888691028173e-4,PHKG1,NA,0
-0.0054123013030567945,0.007668093494482058,PPP1R3A,C3,0.641008311025253
-0.0047849231101761225,0.022453881615808833,HADH,C3,0.9994774764770794
-0.015547986474279175,-0.010159871740186175,UGP2,C1,0.9884974701049357
0.0010071243316118535,-0.00496986485030953,TXNRD1,C4,0.999626639837742
0.009934291567713574,0.021046055440715025,IMMT,C3,0.9962016058319124
-0.011901961704302811,0.011401202281737195,IAH1,C3,0.5155324717516233
-0.001914963201412481,-0.03303718695588426,KLHL40,C1,0.9829978611832787
-0.008007253081604588,-0.006385401766151488,TKFC,C1,0.7509540140064
-0.008034887663979582,0.032004999270020394,TIMM50,C3,0.9999267655602225
-0.009518545946410993,0.049850617709821014,NADK2,C3,0.9999316683297043
-0.005608947676736256,-0.010371618649189146,FAM98B,C1,0.9349002648252287
7.128288023520637e-4,0.004916986743062801,HIKESHI,C4,0.8843927460565095
0.003366900356980265,-0.05356825595260374,PDLIM3,C1,0.9785127801197286
-0.004168045973383919,0.009248743738460942,HSD17B12,C3,0.7389136507169664
-0.0035924638201546523,0.03729357761157698,AGK,C3,0.9999983436803526
-0.0031301688019102158,0.014961042833757947,LACTB2,C3,0.9418718253505494
-0.002551669512284726,-4.865634145908944e-4,DCAF6,C4,0.9951914549545671
-0.01727308863001691,-0.029829320963305445,CAVIN4,C1,0.986863912908452
0.021277093820123893,0.04959306954833651,FLG2,NA,0
-0.007210046368815549,-0.030679701254055326,RABL3,C1,0.9827015932023421
0.006522798166709926,0.04580614215538591,COQ5,C3,0.999984548237546
0.016519956266154375,-8.753664487625197e-4,NOMO2,C2,0.9890253351442363
-2.3288324009125254e-4,0.029500383093828946,PITRM1,C3,0.9840328847362265
0.0010192748178103116,-0.008074059910648915,WDR44,C2,0.5530404404075834
0.005928138090637512,0.05001692576606656,COA6,C3,0.9999997333030793
0.014616551703595663,-0.017145613636368098,TOR1AIP1,C4,0.8835390431299679
0.014488742457909175,-0.016363528248598123,GNAS,C4,0.7632576078003962
-0.005116409568789551,0.015755021244213737,TTC38,C3,0.7901226892782787
-0.021047084654563578,0.06897079891083566,C6orf136,C3,0.9999685940986284
0.0038844127738948257,-0.009519449717531735,HP1BP3,C2,0.6738720147411951
-0.00963099223366343,0.04347760193373574,IBA57,C3,0.9999198747736155
-0.005176482424905259,-0.0214033092059296,UBR4,C4,0.5136338357750959
-0.006379707877773027,-0.0011980877843564188,DCAF8,C1,0.7167467186570506
0.08512590254356038,-0.034074279770204136,DDI2,C2,0.9999987914971843
0.002638153916502068,-0.006975412789799537,MICOS10,C4,0.9564125017326225
-0.00751050651011543,0.030626720319583675,LYRM7,C3,0.9996855817681747
0.01839947388896013,-0.034527720182985194,OBSCN,C2,0.9563515238542157
0.07468330764619861,-0.033433881695742414,MYOM3,C2,0.9999894058580594
0.01764583178574384,-0.0017500634965341869,PDE4DIP,C4,0.9788610004920468
0.014310217137493222,0.002956770722334457,BROX,C2,0.7125068291555438
4.285742584986052e-6,0.013929848064582081,LYPLAL1,C3,0.9992407457886646
-0.0034842145842117604,-0.00888359754129333,SYPL2,C4,0.9903651805965461
-0.00857151719699178,-0.018609045085452972,ECPAS,C1,0.9997368853814482
0.001067183229492574,0.02964537428417142,MICOS13,C3,0.9653161131839889
-0.0027712622771014135,-0.006729013187032003,RNF123,C1,0.8979169364778384
-0.012536881878854132,-0.03578757584438896,TMEM198,C1,0.9128094889913444
0.11635008630819742,-0.003232175282158209,CRYBG3,C2,0.9999644457303423
-0.011248117430045218,-0.003245204861727838,NXN,C1,0.8409989674338311
-0.008916070481078371,-0.004764769767076322,PTRHD1,C1,0.5029200444110771
0.038978901208491415,-0.01007183564395706,ABLIM2,C2,0.9999046727589674
-0.015264691095981855,-0.008533953949660288,LAMTOR1,C1,0.9853572061075472
-0.007500254795735023,-0.023542237456225135,DHRS7B,C1,0.8604611725305029
0.026891029644913474,0.014563916383808152,TWF2,C2,0.9983872963871115
0.016020073348493258,0.04208809066796541,ETFRF1,C3,0.9922089391622422
0.005765561099048532,0.0015049821115685803,RAB12,C4,0.7995861296113963
0.007632163729444264,0.009409314060858,DENND5A,C4,0.9832250449310627
0.005509421834775417,0.004764681598824855,RCSD1,C4,0.8856890013348535
0.01023864849912651,0.006272080690930036,SLC25A24,C2,0.8279735401382815
-0.0058019551100924735,0.03383449237963669,HIBCH,C3,0.9998587976021666
-0.0033067098483299203,-0.019266883373545794,CAVIN1,C4,0.9563715238922695
-0.014126759682241663,0.01655324538850502,MRPL54,C3,0.9895737019197325
0.009013047390760861,0.0055158401009538695,LPCAT3,C2,0.8937680886092889
0.0010349928108403191,0.02683171692491057,TATDN1,C3,0.9464150320438091
0.020340201222594775,0.017121426211409514,SFXN4,C2,0.7543397196793655
-0.011213200033428256,0.039518931093770804,FAHD1,C3,0.9999995679396845
0.06966220153707967,-0.02096916128021324,LMOD2,C2,0.998824169085808
-0.008019564564171832,0.029171665173249487,SLC27A1,C3,0.9977880527248096
0.120420841726752,0.01170526016617506,CCDC137,C2,0.99982500849622
0.03962560281188601,-0.025776768892220206,CORO6,C2,0.9986831130520901
9.59105608427206e-4,-0.0165141594754759,TMEM205,C4,0.8930903036479104
0.017743565327342465,0.00610249289238232,DHRS11,C4,0.8857125002893809
0.01004472673464338,0.01906248438703233,APOOL,C3,0.9946658850755052
0.023571698171435465,0.011072131510113749,NAPRT,C4,0.8229146416601816
2.48596426448668e-4,0.0351081224147803,HSDL2,C3,0.9999825374444198
-0.008403463947064078,0.0031146561856622537,KYAT3,C4,0.9963696832864378
-0.0013206832968283221,-0.01330303049295846,TRIM72,C1,0.9372297167146013
0.12579302461406316,0.012082979385188906,UBN2,C2,0.9999943469635583
-0.008109629177996031,-0.010573600533480823,TOM1L2,C4,0.9029573907811909
0.015582230925576927,0.002042357097860589,XIRP1,C2,0.8547021766069629
0.009819351857316428,0.009873344771043475,VPS13C,NA,0
-0.0019500011475915469,0.028704637669556776,UBE2R2,C3,0.9573499220469925
0.013666359393469255,-0.022955910354465082,SND1,C2,0.9917280076519819
-0.009731865302253275,0.022069355208946324,TRMT10C,C3,0.9993111640398904
-0.028606421445565054,-4.259119665132843e-5,BZW1,C4,0.693879421135373
0.010437367818708142,0.003249594779158963,EIF3M,C2,0.6919823565943085
-0.018992076441532748,-0.005186150346662092,COPS6,C1,0.9720576495813348
0.0075487260864516,-0.03357296394595919,CHMP1B,NA,0
-0.00143318581043345,-0.0022082483072683834,RRM2B,C4,0.9146615117372263
-0.012655259352329692,0.024063204371782988,ERMP1,C3,0.9935960278214924
-0.010943510862355127,0.03634483640544584,MRPL21,C3,0.997865364724592
0.0015803843115529885,0.016544173275702363,DGLUCY,C3,0.728177779783537
0.003215279651569389,-0.009926454226004232,MYH14,C2,0.5182283740204595
0.024951624712449737,0.013678689285930933,SZRD1,C2,0.9529354262192605
-0.0018211198485206682,0.010447779101634748,MAVS,C3,0.9715433186902198
-0.01775806073486119,-0.03276016897701799,COMMD6,C1,0.9982391821915815
-0.015459830926747955,0.013372227447620282,HDDC2,C3,0.6984021257787109
0.01139452369978653,-0.012027227251582664,HDGFL2,C2,0.931778763020393
0.009615235483897306,0.0258570951993381,DCXR,C3,0.9975930732551482
-0.005198504790647888,-0.031205993444048653,SPRED2,C4,0.9962350296918
-0.014120996338537395,-0.02212658095419819,HUWE1,C4,0.9874343895425403
-0.01239941954268793,0.036182089308647386,GLRX5,C3,0.9998378001621205
0.03790127229863953,-0.027509133768549417,MYPN,C2,0.9998498372141211
0.006363549918835679,-0.008430920447469964,SRL,C2,0.9114855868774687
-0.014668462839257119,-0.0023717710583876822,PRUNE1,C1,0.77352516696175
0.04363352881686162,0.01590274319792918,ACOT1,C2,0.9956779041567275
-0.0039805538672105425,0.035695792968859746,ISCA2,C3,0.9997841646221118
0.0019945290896064096,-0.02523162710373352,MTDH,C1,0.6791127030987618
-0.0037559296876863175,-0.037368654760899185,KTN1,C1,0.9949869030389035
3.689226670308607e-4,0.042165508573314914,NLRX1,C3,0.9999990688746309
-0.0035692277193569125,-0.005132655071590644,ALYREF,C4,0.9860384396588814
0.006818771661940651,0.01661919121877475,MDP1,C3,0.8899564794443127
0.002584139639508089,0.04029361860792518,SLC25A42,C3,0.9993519711504163
-0.003809454211972012,-0.03901203815184129,NRAP,C1,0.9909709327732796
-0.0035869263504724825,-0.0012607270436154141,VPS36,C4,0.9792841505009044
-0.017885822345391867,-0.005414245672117017,CAND1,C1,0.9933282314529372
0.007402733429423691,-0.012472768656075356,COMMD7,C2,0.9411992119210435
-0.02315367299624532,0.024277611631788494,LDHD,C3,0.9512047698340871
-0.014187449630038707,-0.004615390904442363,CARM1,C4,0.9440731630382748
0.0014285334982281836,0.002340150650971482,NIT1,C4,0.9328013247912424
-0.019448125258552496,0.002949311521229469,NDUFA11,C1,0.874051717740957
0.01939039767059352,0.03362462371072713,ECHDC2,C3,0.9665089742687067
-0.02276088212587692,-0.0069568273861920875,PHYKPL,C1,0.9650689670061491
-0.003779595211880362,-0.004368904976334809,MUSTN1,C1,0.518288735083063
0.00798277851376605,0.014794362973671642,NAXD,C3,0.5234508718941839
-0.0019814366887839683,0.01668811340133076,MFN1,C3,0.8844491213088416
4.0324539534387894e-4,-0.0016068301486109496,SLC44A2,C4,0.9818100023546453
-0.004513645645703746,0.023951976018658595,HSCB,C3,0.9781715870592833
-0.008308622695524912,0.04574162628653583,ADHFE1,C3,0.9999852246012855
-0.008285459896347729,-0.014615971712829457,UNC45B,C1,0.9964273945921828
-0.014634852489165621,0.019831585051624356,MSRB3,C4,0.978724496926688
-0.01660514027256966,-0.023008096493551414,KLHDC8B,C1,0.906420027829772
0.018361048216976265,0.03340929991679888,SUPV3L1,C3,0.9836707612031296
0.007471882212475609,0.02998589677545121,THNSL1,C3,0.9972977742669752
-0.023122527763640648,-0.04652045765764556,PM20D2,C1,0.99003785436025
0.005647828532252106,0.039326204023484274,MICU2,C3,0.9990592353095594
0.003789936199278863,-0.003043472059670517,ELMOD2,C4,0.9733673598774216
0.0015274010966534125,-0.005464439239862218,ALDH16A1,C4,0.8737095294474988
-0.006759970457735516,0.06460513831252067,FAM185A,C3,0.9999996921358631
-0.001086008385376978,0.008624729103924849,ADSS1,C4,0.9423555596446871
-0.005723378238523351,0.0328059778342438,NDUFAF2,C3,0.99997541980958
-0.006724791069946933,-0.0044704206534004615,LRRC47,C1,0.9906460036580791
-1.0830701405091879e-4,0.007336009895285442,GPD1L,C3,0.9521484693510593
-0.0021546218140775786,-0.02547793996785937,EHBP1L1,C1,0.9383999890735667
-0.006845684668419226,0.021491133248236587,CMYA5,C3,0.9981914349065569
-0.007734589910500978,-0.02064134653038444,TXLNB,C1,0.9974428801914428
0.0447824984110202,0.014433497482683577,SYNPO,C2,0.9994925939861615
0.00789433854939177,0.03371103261426179,TOMM5,C3,0.9995054477273226
1.4254359204718343e-4,0.02552986346909842,CHCHD4,C3,0.9989876954396135
-0.01282263819569615,0.04136372364211171,CBR4,C3,0.9997552382619336
-0.007572393875038637,-0.010817996990840543,MMGT1,C1,0.7267495843542463
-0.007152565881431148,0.04628601601930156,SMIM20,C3,0.9999859803446759
-0.005652209049375776,-0.005530768080083095,CISD2,C4,0.9941755862603052
0.0014016765508283917,0.042460687501286384,ATPAF2,C3,0.9999861003517513
-0.010825696396734356,-0.003906339689116091,JAGN1,C4,0.9911903059121608
-0.0030778900344244635,0.03595872033464202,MRPL50,C3,0.9999211432978038
-0.00954137011722036,-0.006549917506223088,EMC1,C1,0.538666860916416
0.0027537763707990623,-0.009548893502174818,PTGR2,C4,0.9997981221722949
0.03996286248456364,-0.00805368746921057,SMYD1,C2,0.9999415463307214
-0.013374804760424209,-0.016351093912638084,NHLRC2,C1,0.9997566745567913
-0.0017043186924255841,0.0191800184006927,RDH13,C3,0.9926705946765477
-0.012618182427132483,-0.009062482409650501,TXNDC5,C1,0.999070351829429
0.0046517162786568495,0.027858854276020726,ATAD1,C3,0.9997372824018078
0.0022610001614429614,0.016996109886849492,SCCPDH,C3,0.9933341537111865
0.011129230450091145,-0.00424721463624411,SERBP1,C2,0.8715041643140465
-0.002337663155388123,-0.003702880140584414,FAM98A,NA,0
0.010912034001805277,0.0317294448431432,PDPR,C3,0.9958428746226353
-0.0029718906762762477,0.00914188938882516,NAXE,C3,0.9216654767760437
0.0021665240450430582,0.004788067407167463,NPEPL1,NA,0
-0.0024615890166815035,-0.013534801496169023,ADPRHL1,C1,0.9938842393567284
0.006532238470418419,0.04508129811827185,CHDH,C3,0.9977787284571042
-0.005777571305482176,-0.012559894921868696,ABCF1,C1,0.9764333242091268
0.015799056555355368,0.032755824006069585,MCU,C3,0.8600765318824196
-0.0037153725878928787,0.059477863901350826,ABHD11,C3,0.999983619800909
-0.02384303650713627,-0.018062915055000843,ATL2,C4,0.9454976008127394
-0.002386758820293639,0.04667594950292781,PPTC7,C3,0.9999875460390234
0.002683847547487547,0.0349880529536645,COQ8A,C3,0.9999997211513819
0.006510372239876437,-0.0074541790428027666,NPLOC4,C4,0.5136597541262586
0.056938369668685894,0.023912536690819497,SPATA20,C2,0.9690121834127227
-0.002172216388484214,0.030898414523092978,NUBPL,C3,0.9704250445638526
0.025597356864584312,0.0031085997839641276,DEPTOR,C2,0.6875483348559752
0.0014937114055983082,-0.02245222071881478,RDH11,C4,0.5962837902865686
0.004270899802184266,0.007270807783659921,LRRC20,C4,0.9851220022525352
0.014428776371416464,6.447348969707287e-4,NT5C,C4,0.983778364247253
1.0382244826677135e-4,0.01355191420312591,PNPT1,C3,0.9470259349036728
0.012221305756083656,-0.007832925929975322,SPPL2A,C2,0.6533699747242161
0.009483982478397093,-0.012329050446272445,PREX1,C2,0.746531940966961
-0.024470835382628175,-0.02119666125564964,NEK9,C1,0.9936241013572799
-0.014326986722988747,0.043830180785500446,GPT2,C3,0.9991859631433953
0.03076634585337871,-3.129555141802405e-5,MYOZ3,C2,0.9549342935326884
0.01291757220529016,-0.0034758896804790765,NEK7,C4,0.6412199871521352
0.003928339557035767,0.006726384927421663,DTD1,C4,0.9718105265028696
0.08576576206298216,-0.014175774605274798,UTP15,C2,0.9999987247589487
-0.005197686783892341,-0.016850190173934163,SETD7,C1,0.8726205142361515
-0.022505895394345537,-0.027291555186058275,NUP133,C4,0.9974291710681364
-0.008860272812726796,-0.008688671538070802,PDCD6IP,C4,0.907697287844244
-0.011120554386139746,0.0014912241474408,THEM6,C1,0.8513309889103152
-0.0018922585433451488,0.019801809753213516,SMIM4,C3,0.9947644204983755
0.01011243721877785,-0.01188532720913502,NUDCD2,C4,0.6859554994784649
-2.3203080471389604e-4,0.01359104141301646,SCFD1,C3,0.6603374883897069
0.002654821855271392,-0.0022522326604623648,PCNP,C2,0.5874805875461256
-0.011795421912544306,-0.0033010289871804738,DNAJA4,C1,0.9921903094043385
-0.026455278100895485,0.0292302667668815,SPRYD4,C3,0.9761755190759069
-0.02566642235398058,0.047842478966281625,RTN4IP1,C3,0.9999731238719358
0.041087832574878524,-0.02414812353656402,PALLD,C2,0.9999494805998358
-0.004538420679156468,-0.008625866817102253,SYNE2,C1,0.9844670652819728
0.007714133580443084,0.0183134412736218,THAP4,C3,0.9784460710707806
0.017728604680802774,-0.004900059160994948,IFT81,C4,0.9969089469313963
0.06507964526770298,-0.0345178124757324,TTN,C2,0.9999611536354257
0.004023817786458154,-0.009599065840010641,DDX1,C2,0.7394902079777681
-2.7447031673655915e-4,0.03523440150782164,HSD17B8,C3,0.9997791443400078
0.0011687757149910706,0.033519858007292735,CPT1B,C3,0.9999489209334036
-0.014864392576728804,-0.003875184050888771,PSMF1,C4,0.704383722281913
-0.0042581730837122,-0.0077375128312624115,UBXN4,C4,0.9184627969931192
0.03265036831226625,-0.03885401475927233,MYO18A,C2,0.999907350216268
-0.015648694078170856,-0.016282735571619862,GCN1,C1,0.9999767706278705
-0.003935361693850252,-0.011833416752467458,SGCD,C4,0.9991253682616275
0.011515584608991004,0.023532662514556307,AKAP1,C3,0.8811273750532752
0.0073553844924171665,0.010277155972897923,RABGGTA,C2,0.6016664159628503
0.011275179630961191,-0.01426116466215724,TFG,C2,0.7989988229413437
-0.011093928945122209,7.986231565739456e-4,ARPC1A,C1,0.982727635995462
0.012844459467514719,-0.0244550226708844,P3H4,C2,0.6395717630811067
-0.006635241235580957,-0.007418544308415545,DDX17,C4,0.9902800707618151
0.01649487188788776,-0.002564084599029564,CELF1,C2,0.5698207788051827
-0.015823911409920538,-0.00469558086299959,UFD1,C1,0.7572574560306666
0.04934100552720384,-0.03572690580482089,RPL3L,C2,0.9999860299818415
-0.020556963530482433,-0.004665431533601877,COPS5,C1,0.9947423345284337
-0.002844769430269686,-0.004239179133321132,KHSRP,C1,0.5717741877898336
-0.004108844914471787,0.020450241834147013,GCDH,C3,0.9941884804553386
-0.016720594808080424,-0.012900383624924358,TNPO1,C1,0.9999093907947555
0.0015593703206158984,0.013484071398624575,USP13,C3,0.9500261596097259
-0.010039575901292163,-0.011482260329998079,USP9X,C1,0.6359595516862288
0.007057069398898682,-0.007871205179329115,CUL5,C4,0.5030265242412734
0.0016106910021623031,0.010639223791406915,LPP,NA,0
-0.006290710841248432,-0.03896993603475285,ATP2A3,C4,0.997885963234869
0.002257613200912991,0.006930077184305278,PHKB,C4,0.7250484179752662
-0.00934591084170562,0.0045459918533180075,UBE2F,C4,0.9932287351288268
0.009169234570026845,-0.014942306621254895,RPL36AL,C2,0.9109564636706524
0.006247670334643145,-0.003020513010061379,WBP2,C4,0.995102133725153
-0.02654232387029984,-0.005019968058697953,ERGIC1,C1,0.9006944449417382
0.018051559026380722,0.015320389008919208,MTARC2,C2,0.7726978731844342
-0.01178215057698166,0.03384363688317156,FAM162A,C3,0.9999940063217304
0.005513021320190101,0.0028805782793639685,CCDC47,C2,0.736501602947809
4.985988741162141e-4,0.010894563711421818,TMEM230,C3,0.6307399239315897
-0.0056431523181170555,0.02475463606583615,ISOC2,C3,0.999987831705733
-0.01890104871999409,-0.008482926319843223,FERMT2,C1,0.9992759982479863
-0.004616012851869572,-0.0029272730362601075,FUBP1,C1,0.9528709137055845
-0.013412084999956343,0.023490517238246973,SLC25A46,C3,0.9917911368535002
0.032611840193537606,0.055898366283572046,TMEM143,C3,0.9764066848054233
-0.0021475119589756727,-0.019417141488829292,PBXIP1,C1,0.866413598279245
-0.004371084462506095,0.012611857116589362,PTER,C4,0.9840187078829706
-0.009410941845220998,0.02246737894008197,ZBTB9,C4,0.9783128889977889
-0.0034318525113367685,0.026577650521152428,FAM136A,C3,0.9967672446298947
-7.448324099182682e-4,0.014376452954131603,FGGY,C3,0.681835846880888
-0.005637435952920224,-0.0098704338429480409,GALM,C1,0.8667507550296482
-0.0062519392454987045,7.958652939193039e-4,DCPS,C4,0.9606472212566285
-0.021523437015296083,0.005828536777272193,PPP1R14B,C1,0.7919963690129226
0.0015496587152675377,0.044525773874046264,ACSF2,C3,0.9999963175272635
-6.618825700211913e-4,0.01695521252388525,ISOC1,C3,0.685855918022281
-0.01204786023105836,0.0010586222355427795,CCDC124,C4,0.5940604107747318
-0.017214550283209458,0.022442125813129016,OPTN,C3,0.9703626925798108
-0.013770128563257638,-0.013963618843409208,AP2M1,C1,0.999730178998012
0.00781698664289423,0.018163629826294422,KCTD12,C3,0.5183359722163587
0.005680931222144872,0.01830118383359905,RMDN1,C3,0.9578653548072539
-0.007258367006577243,0.0708909159001898,ECHDC3,C3,0.999998813152725
0.01044641067116366,0.02293059540186176,NUDT16,C3,0.6099804005670465
-0.007143558628625909,-0.01354774264584373,CMBL,C4,0.9993421158452609
0.005700278611275212,-0.005658988445137238,MSI2,C2,0.635353889420685
-3.800024274607576e-4,0.038983026523630185,MRPL38,C3,0.999887418958748
0.03148371081717945,0.02777021317919351,MRRF,C2,0.9062268965433531
0.03733183897040783,0.02541746754596531,MRPL53,C2,0.9711431300145129
-0.017408004581232053,0.0467437467089656,DAZAP1,C3,0.9809529457716869
0.007847050472956847,0.036987310522099484,DNAJA3,C3,0.9970525921119205
0.0016594263017364885,0.02417689827910367,PTCD3,C3,0.9992327782025094
-0.010784416602642812,0.0010575012518458861,MMAB,C1,0.9864542923650178
0.001783800032118094,-0.017733004700551024,DYNLL2,C4,0.9262943519614589
-0.02599428568616349,-0.04741358844103808,S100A16,C1,0.9998323974802814
2.3060086719663858e-4,0.0036954125479737986,SCRN2,C4,0.9985741319658503
-0.006698171526054945,-0.00453425801973844,OTUB1,C4,0.9206914576632582
-0.00410855708478248,0.026368462030538182,CHMP6,C3,0.9935428835298525
-0.0016021544808970504,-0.008890291860666658,PDXP,C1,0.7379551356962125
-0.005146838002326475,0.0024102378267906667,DCUN1D1,C4,0.8013998829175575
0.013076894784509104,0.03998796957478254,FAHD2A,C3,0.9951313104625719
-0.003958928910958332,0.0032994529323134786,SNF8,C1,0.7788480289057579
0.026276317053289516,-0.025965505839483163,PDLIM5,C2,0.9987510880124792
0.007057960905985861,-0.005496157730437229,CRELD1,C2,0.942906683653856
-0.0050537862362333135,-0.006213205977971138,ERO1A,C1,0.5079776944119357
-0.00413789212007572,0.0014859511796676353,AHCYL2,C1,0.5920832747751144
0.00988760471892023,0.004365775341215063,PGAM5,C2,0.8172838643584391
-0.011799647515301315,-0.004111590098214136,DDRGK1,C1,0.9888134763802184
0.0034759825375822026,0.02792506712021656,PYURF,C4,0.7960966916736952
0.002782696532020613,0.05073715332594398,SUCLG2,C3,0.9999987639522592
0.006664010311908407,0.005755516854180762,ABHD14B,C4,0.9768601999217394
0.013310265901260141,0.011007450739162906,NGLY1,C2,0.6808426927745624
5.613000927028873e-4,-0.02781659902144075,TMX3,C4,0.6508198472042864
-0.0010375084172528468,-0.001328162625068772,BTF3L4,C4,0.5602734387811472
0.002290877434098589,-0.018908711472862803,USP47,C4,0.7275408927252621
-0.003133683956445049,-0.020123067589394007,CNDP2,C4,0.8521341254954488
0.005370724695161128,-0.018281571636421225,ALPK3,C1,0.7922388409860445
0.01533538628259151,-0.028204862042643504,STAC3,C4,0.9403681678156492
-0.005158647539600298,0.0577795996988745,COQ10A,C3,0.9999994674258205
-0.0067742713710901795,-0.03597427462464449,JSRP1,C1,0.9896533926420915
-0.007212349879600738,0.044275939293980375,MCEE,C3,0.9997664014912762
0.0012167740985196272,0.015042591791783601,QKI,C4,0.8525706807485205
0.008744042012564061,0.004515461234641123,PLIN4,C4,0.9960742355520128
0.002396648681252887,-0.004439552722508772,ALKBH3,C4,0.9980820272935393
0.005386158092115557,-0.0030741378849697886,VPS35,C4,0.9135787576240543
0.03156265576695056,-0.02683232756221754,PURB,C2,0.9995974754321032
0.007891057570974927,8.759877430839448e-4,BBS4,C2,0.5566703647608314
-0.01380947287615695,0.0052522968297147995,VPS13A,C1,0.9409147306483533
-0.003492010597358411,0.007820664775408952,GFM1,NA,0
0.004077725693439888,0.03519317422325063,MCCC1,C3,0.9995731164614725
-0.007482311149084476,0.019379840060582913,METTL26,C4,0.5213059708923371
-0.003546437154602813,-5.454051107593132e-4,CLCC1,C4,0.8295742595387989
-0.007924329901783355,-0.006001627333958256,PEBP4,C4,0.5791933690302321
0.01308559660127738,0.0013244220962531062,PLEKHF1,C2,0.5152191682410733
0.014782599642649361,0.0038987538126253034,MYCBP,C2,0.9885732436575992
-0.0045835648536299576,-0.018962279582788646,TBCB,C1,0.9953301029870701
-5.40210248072539e-4,-0.009359661395212,PSMB7,C4,0.9890045887277844
-0.007083365201582332,0.02649632906965185,PCYT2,C3,0.9801616558077515
0.00205313887160252,-0.017444293704238473,PSMD1,C4,0.7728450594166508
0.0014412784516995886,-2.6137445093819776e-5,PFDN5,C1,0.6351520142910126
1.0024814472666733e-4,-0.007642193277001074,PAFAH2,C4,0.9906437546912723
-5.00179062773254e-4,-0.010443267264482622,PARK7,C4,0.999723269281371
-0.011033835844512231,-0.014234259114980096,VAT1,C1,0.8801492065023887
0.016779171724275732,0.0390411809538495,PLIN2,C3,0.9763222768078361
-0.030024954934656154,-0.07193229695594808,S100A13,C1,0.9999913360403214
-0.006596922841536041,-0.0033016645740120763,TSNAX,C4,0.9999729092126082
-0.013210359607176094,-0.005668964799251021,EIF3C,C1,0.9924495471953663
-0.004651128829894135,0.018189068052681834,PHB2,C3,0.9983802002377495
-0.0021578180888060386,-0.006945766969337481,COPS8,C4,0.9694850130700141
-0.033501635825589925,0.01973214501705269,SDHC,C1,0.5235327779224769
-0.005261141208265839,-0.010395362489749184,CHP1,C4,0.9970403717154285
-0.014558214745715134,0.016043981494070766,HSD17B10,C3,0.9492896381853726
-2.2485401179217124e-4,-0.008572455638385613,NAP1L4,C1,0.9872559797521716
-0.01653988074388523,-0.010183684147221147,MGST2,C1,0.9098879781100279
0.014986382814569564,0.014005929257609085,TXN2,C4,0.5992274297468616
-0.007003292089347182,0.018830049759411233,DMAC2L,C3,0.8283305898345326
-0.005665717074628793,0.02051049205256759,ACO2,C3,0.9999902048050692
-0.0055041702224983245,0.02163848858280879,COQ7,C3,0.9999243671876974
0.003416304238124457,0.02165897767460975,SLC29A1,C3,0.9351692216073184
-0.007030239948397741,-0.005896376193577865,TSG101,C4,0.6305656188370561
-0.007555138169308342,0.0029489018479709537,CPNE1,C4,0.9453683800447612
-0.011076820209281841,-0.011717337657312884,CCT7,C1,0.9981552989234301
-0.012693556082768467,-0.019100759405901554,PRMT1,C4,0.8077555883643427
0.011934437454952878,0.05562020223072409,NIPSNAP1,C3,0.995973846943671
-5.461370445781706e-4,0.020764231464431696,ARPC5L,C3,0.919523934115013
-0.003906998524308235,0.03492314802073937,MICU1,C3,0.9990238572352973
0.00698001135105791,0.004451620838542629,MACROD1,C2,0.6727821618745865
-0.012614365640671905,-0.009064034581350935,WDR77,C4,0.916223035885791
-0.013963934088202448,-0.02761300575261081,APOL2,C1,0.9999481980822904
0.009473977466557447,-0.019308031015475444,FYCO1,C2,0.5336675462342686
0.008373560975016979,2.2554788523531917e-4,JPH2,C4,0.5927240628921611
0.01578633650950409,0.008293300439827735,CORO1B,C2,0.9113853333027626
-0.004709887103598136,-0.0016713830807028613,TXNDC17,C4,0.792009267391424
-0.007891707249316595,0.006982911341487305,PLCD4,NA,0
0.007160606225368248,-0.05919226483219523,CPPED1,C4,0.8504629009020852
-0.011177057724508393,-0.013764799563688906,VPS25,C1,0.7949848637498018
3.981503518662104e-4,2.9885069633204638e-5,MIEN1,C4,0.7685383826831503
0.016618767435288215,-0.004150902567112196,PELO,C2,0.9944817829065463
-0.013393411668062695,0.035763667672386416,PRXL2A,C3,0.99286745908547
-0.03681214740701998,-0.0021322099199270967,ERP44,C1,0.8535181339826222
-0.007275796177436693,0.005304727478057757,LXN,C4,0.9990911130392587
-0.011212850294711208,0.012606048807196719,NIPSNAP3B,C3,0.7874622081699413
-0.013927132947166796,0.02900651601874277,NTPCR,C3,0.998995832659537
0.012929952443932432,0.025519177164837092,AGMAT,C3,0.6448870458074567
-0.007640003250218576,0.05144830419126327,TACO1,C3,0.9999847873640474
-0.017998989729474647,-0.029332548569073923,ESYT1,C1,0.9892420026766617
0.010636754233666671,0.01316487082881122,UBAC1,C3,0.8077133134319541
-7.730340570830359e-6,-0.0017160157574384238,COPS4,C4,0.9079131106476538
-0.04079599146512042,-0.004065124922913237,DCTN5,C1,0.9959397435782322
-0.007072834584444638,0.018481470450882827,AARSD1,C3,0.8927359275306266
-0.01085914632236998,-0.008354062957314255,TMEM43,C1,0.9978031041673137
0.006107952707085294,0.019841601630533837,DHRS4,C3,0.9713000112732657
-0.008081644526367547,0.04232082020262834,TMEM70,C3,0.998370461124224
-0.01200909286123242,-0.03683058912771179,TUBB6,C1,0.9997347169810561
0.017454865598541446,0.04647048055381939,CHCHD7,C3,0.999669402045053
-0.0035090628299724066,0.03264656710444113,APOO,C3,0.9999924343142158
-0.003253983362638494,-0.03274922346262343,MRI1,NA,0
-0.010451920771378066,0.016566993853712308,ABHD6,C3,0.8768155589805843
-0.014406541886441067,-0.017860232632449704,ADI1,C4,0.9976239092819845
-3.079373148302274e-5,0.03650340368742663,MECR,C3,0.999998091896641
0.025450824717260925,0.015535466916141145,NTMT1,C2,0.9802385650679307
-0.014384836068650762,-0.007417947159220292,TMEM109,C1,0.6404916996857013
-0.013294147877778852,-0.01794837987933401,TMED9,C4,0.9197696616331952
0.01873847325328736,0.04217481833037498,TIMM21,C3,0.9998363531927937
-0.006336356779849977,-0.03270162621655379,TPPP3,C1,0.9972078370487886
-0.0021628264840733305,0.020149579313505805,NUDT9,C3,0.9971283871406714
-0.01788293701792328,0.0065115642271835064,FUNDC2,C1,0.9719145747514237
0.003310408489316085,0.024966701689263026,SORBS1,C3,0.8871081581452483
-0.02028980175711166,0.04045266581129727,HINT2,C3,0.999951340517893
-0.019518126645531316,0.008103344430689927,OSBPL11,C1,0.929500583678468
0.015515779374164915,-0.04986818844202056,NT5C1A,C4,0.8482616593588418
0.0021878577810738194,0.04111982821840944,TMEM120A,C3,0.9992715853273224
-0.00187899405210596,-8.734802456474181e-4,NAA15,C1,0.7263751245379649
-0.006225545440372688,0.01912766084105631,BCL2L13,C3,0.9984164433318711
-0.017845182045333353,-0.013386322455696275,AP1M1,C1,0.9975114590947795
0.011672016185000926,0.0019516189223278539,OSBPL1A,C2,0.9902167424910732
0.009195117298204132,0.04368913371899935,HDHD5,C3,0.9995706665899452
0.013263199744213063,-0.015596695885238453,EIF2A,C2,0.9608142110775495
7.693515091464343e-5,0.03486621448530934,MRPL13,C3,0.9999033373715799
0.002623357450592147,0.0440462084779983,MRPL9,C3,0.9991260039179198
0.024824420376356276,0.0312995932015504,MRPL4,C2,0.5724682205606901
0.003930144509074478,0.024572319421709485,MRPL1,C3,0.9949444031538629
-0.0174159566818048,5.570546939302007e-4,NLN,C4,0.8474897022541946
0.02372699161385822,-0.008818822844637034,TRIM54,C2,0.9972837484696195
-0.01114296619269066,0.050195134275249575,BCO2,C3,0.9996213839300787
0.004312319272054612,0.030150130064887374,MRPL37,C3,0.9992457137340278
-0.0035515794037444476,-0.0042766933898841205,ASPSCR1,C4,0.9953075840327789
0.015285556503512411,0.0029544293155894658,UBL5,C2,0.9774789415993684
0.011359833994083838,0.012796502533181908,NIBAN1,C4,0.7168609056812687
0.0074315190068743936,-0.009261343845757655,UBXN6,C4,0.561170748273388
-0.003911243575637059,-0.03817651990965393,UBE2O,C1,0.9324347067847133
-0.014016768455289994,-0.012921868612401959,LNPK,C4,0.6616608834915433
0.0065940684179064514,-0.002301847677440713,PITHD1,C4,0.9687335694959834
-0.012137079300333024,0.027379797125376772,SLIRP,C3,0.9994900359690013
-0.0052370733372156895,0.008451915987079301,NIF3L1,C4,0.9689300688590283
0.0022658710649925305,0.024791133930066624,EGLN1,C3,0.9936677167515333
-0.008145239846345633,-0.006602446572428274,ANKRD2,C1,0.9807993951164959
-0.017060751177415824,-0.0018429893747617934,NAA50,C1,0.8559406504721211
0.008596565012144926,0.03969753815219293,TMEM126A,C3,0.9999974295329421
-6.127671398408483e-5,0.01779385486232652,PAIP1,C3,0.9681612097273161
0.0033402602734787464,0.03413985206714952,CLPB,C3,0.9996187204053953
-0.013225935979528255,5.224023933673513e-4,TOLLIP,C1,0.9874163401457634
0.004975147092374765,0.014451760253771173,PCBD2,C3,0.8782124402114487
-0.005069543246044364,-0.0023504391102544624,NT5C3A,C4,0.9673398325246841
-0.00995694179778868,-0.0027075914511916622,HDHD2,C4,0.9990291122499417
-0.020382413130633076,-0.023217109713901264,RAB1B,C1,0.9998908524860589
-0.0032772671855927703,0.011913098684844841,C11orf54,C4,0.875115260013103
-0.01034508061925977,-0.0057726736375002035,NUCKS1,C1,0.9806594434851359
-0.014078165991479838,-0.00102018224221239,TMX4,C4,0.5737823310692202
0.0017385023466048543,-0.027663364302380578,MYLK2,C4,0.9981336512623762
-0.0022757022067198675,0.03023534552655611,EHD4,C3,0.9989139231568525
-0.0014230047068978734,-0.01029093113386714,SH3BGRL3,C4,0.5736256869205812
-0.006976580031822603,-0.002177664306252808,SLK,C1,0.7977644623030106
-0.0071306783016880804,-0.011053311383602162,PPIL3,C4,0.9977455154870605
-0.01688340262980231,-0.030241048736814834,LRMDA,C1,0.9996976223493097
-0.014719804400676526,0.02505318181378217,TNMD,C3,0.997281328693389
-0.007115494793413241,0.02853929188225941,PPA2,C3,0.9999796609019284
0.007448799577227688,0.043217783955758385,MRPL46,C3,0.9999540054111998
5.455606764338465e-4,-0.005886158587418072,TMEM245,C1,0.9312533669153676
-0.008414722649466758,0.015481436504871392,C11orf68,C4,0.884999304530456
0.00982822031413924,0.02169880629365014,GHITM,C3,0.9190351379907266
-0.007829293114965554,-0.002507284058905015,BOLA2,C1,0.5299336925886519
-0.021106931203820064,-0.009245746910436031,TMX1,C1,0.9963284893481201
-0.003190743705865042,-0.010283838662477507,CHMP4B,C1,0.9931640493110042
0.01072533827183057,-0.011074254111200976,RBKS,C4,0.9728767128383494
0.006275819482539832,0.028023051608663998,FN3K,C3,0.9994721173822365
-0.020254564504234948,-0.023604496046611505,TOR1AIP2,C1,0.9987938434740253
-0.0031906877373049755,0.009918183711806501,RNPEP,NA,0
-0.01393290091525357,-0.03264337400653773,GLIPR2,C1,0.9722356181381431
0.0024497093953083594,-0.0013135728077020834,EHD1,C1,0.563005049348116
0.0160686131649835,-0.01828528701519782,TMEM38A,C2,0.8796120911037578
-0.024156437955230602,0.026303129877786442,OPA3,C3,0.983927062934517
0.0012110838098319757,0.05443103057434811,DCTPP1,C3,0.999682966020596
0.0023464698299171774,0.005122171785752983,AAMDC,C4,0.9997041572359411
-0.009242722700024552,0.04150666532072283,PTGES2,C3,0.9999999747164817
-0.012801853397353903,-0.012543544903692564,UBE2Z,C1,0.9999736479675103
-0.00832119239971284,0.02990044796540998,ACAD9,C3,0.9991749522888016
-0.022071048231400554,0.003547390738491748,METTL7A,C4,0.8792818525868101
0.007856696625849598,0.032290287357120605,COQ10B,C3,0.9985657818344409
0.014424652045868309,-0.016222187135609516,MOB1A,C2,0.9812003491278458
-0.004319282547274839,-0.011953491896817004,GORASP2,C1,0.6800113006773679
-0.013751180772236884,-0.002255882791998777,JPT2,C1,0.9526050867635336
0.06963636209362008,-0.03027926401166174,SYNPO2L,C2,0.9999606848474998
-0.012529190439663287,2.2471721674126305e-4,ARMT1,C4,0.9393580939723429
0.01290096428285349,-0.0027397741749904192,LRRC40,C2,0.9964293320585268
5.054387439992073e-4,0.02365056495239831,SFXN1,C3,0.9997409908912889
8.407441032204184e-4,0.039455599426610054,L2HGDH,C3,0.9996343792869213
-0.02125791819045404,-0.008206680688156992,COPS7B,C4,0.9745964198917105
0.002824106612126332,0.043758913720282754,FN3KRP,C3,0.9991092732297306
0.004506387993982385,0.003793394715750054,TBC1D17,NA,0
-0.02241081829308344,0.001385830531540445,CARS2,C4,0.5392828829454064
-0.00527272190287856,-0.008698771034521111,CACYBP,C1,0.964014371117794
-0.008506434880992711,0.024098427839094376,RDH14,C3,0.9980426944552413
-4.453103872002075e-5,0.010304527876433949,PARVB,C3,0.7267596566940075
0.01968883951104911,0.0011906107237488917,TNS1,C2,0.9984792108992527
0.03675921044042961,0.03144171452050563,PLGRKT,C2,0.9320509011123546
-0.0033557059185919244,-0.0032913774122911316,GLOD4,C4,0.9898837956485541
0.0023954476357646473,0.038909893390893145,MCCC2,C3,0.999972077442593
0.0049362634888612,-0.005921431527261727,HHATL,C4,0.6988477294571956
-0.009919410840493519,0.004682467127726031,PREB,C1,0.8451269032576842
0.0038454979316948855,7.366622971343371e-4,MRPL47,C4,0.8995358660963751
0.007712432783401607,-0.019239764748481797,JPH1,C2,0.673817849675376
-0.01591298060075892,-0.006465279290380833,APMAP,C1,0.9943365472613526
0.0026659893582588775,0.024263684309039545,TXNRD2,C3,0.9998092926111671
-0.009880812686903292,-0.012268267177749302,RAB18,C1,0.9992757487891822
-0.0018397454195193575,-0.013919504965081153,PALMD,C1,0.6494501925958055
0.012629385820199944,0.020650315500793763,SSU72,C3,0.6651785815059278
-0.014015356110407337,-0.0053051202554682,VTA1,C1,0.8449382981710546
-0.016735457259229376,0.02744284201974767,SARS2,C3,0.9986501482069771
-0.006125559899514964,-0.006269466116434288,DYNLRB1,C4,0.9962030620975735
0.14571516001911325,-0.009183776768166639,MYOZ1,C2,0.9999381534187354
0.09011436182798976,-0.01307768134510414,MYOZ2,C2,0.9996729170030216
0.012579408622881,-0.003488062584302618,OSGEP,C2,0.9691742074090673
-1.0554496820285729e-4,0.025992602728779842,ACOT13,C3,0.9998297114987176
0.002498284156817707,0.03471314665129159,MRPL40,C3,0.9996273332146954
-0.023405410685419393,0.010790428557238215,TIGAR,C1,0.7909397952728522
-0.00920917489141595,-0.01779847838369286,RTN4,C1,0.9621696838554453
-0.015155908077884271,0.031954262472079706,HINT3,C3,0.976971896982722
-0.005690291340889934,-0.0036105639938343037,PFDN4,C4,0.9974146528570369
-0.005576615344965911,0.0012395690364410668,NIT2,C4,0.7154067906855024
-0.0011953038463181132,-0.004426950121110017,XPNPEP1,C1,0.7286230555022695
-0.008293040076542801,0.0125886666406455,GPHN,C4,0.9934806066809162
0.06848739952380102,0.008386728975965792,PDLIM7,C2,0.9997415440046239
-0.006555798804912457,0.026796624486792358,ACSS2,C3,0.9996379138263031
-0.008911803683785661,0.029588185970138594,DIABLO,C3,0.9981085220430592
-0.015856317313286926,-0.005988233597766184,SAR1A,C1,0.9899220309509479
-0.0037716645559844083,-0.009544298476239086,SH3GLB2,C1,0.7788386517922866
0.006072917357281162,0.007157007420062318,EIF2B3,C2,0.7319790975881839
-0.007622755078826292,0.0027238129449794314,MBNL1,C4,0.8736653811860503
-0.010462639558491714,0.03319586613714839,SDR39U1,C3,0.999903089820532
-0.0067285650259478625,0.011291435676409863,AASDHPPT,C3,0.8345684465472233
0.005844580290594579,-0.0027821570884659034,OSTC,NA,0
0.003409011866365388,0.04382097960673095,CMC2,C3,0.9999957032609021
0.012811478338624697,0.01918555429003782,HEBP1,C3,0.8960181227177418
4.789605488584442e-4,-0.013431035728628044,PHPT1,C4,0.9812763188823124
0.016393509392456467,0.043768256920981324,TOMM22,C3,0.9570359367691148
0.00552856265397469,0.00216374476278291,LANCL2,C4,0.9927237082039551
-0.01351280300803951,-0.032088862484517255,FARSB,C1,0.999906500151875
-0.00319324055366304,0.03594261228932437,IARS2,C3,0.9999999210816669
0.012345030769055248,0.06227042147326363,SIRT3,C3,0.9999908748121179
-0.030605094632864878,0.011884745141081298,MAN2C1,C1,0.569101859860906
8.592167501324162e-4,-0.01102011500885649,OLA1,C4,0.9990195592355675
0.003064699633572198,0.003226820007829455,CUTC,NA,0
-0.005942062255638171,0.022469582419627092,ACSS1,C3,0.9807052876045007
0.005529313492175144,0.04003261882789108,ABHD10,C3,0.9999871040325379
-0.006645677116175655,-0.004844847727998286,DDX19A,C4,0.6234009197750913
-0.007039132873867805,0.003973405315119205,SEPTIN11,C4,0.940395613302191
-0.004262367501797545,0.008380124974316384,PARVA,C4,0.8182268969242553
-0.0029788640474275796,0.012809079945864752,PANK4,C3,0.8866019725156405
0.018673936759260518,0.022568060506575893,DNAJC11,C3,0.594211179462627
0.005753147076394752,0.031415019341292816,TMLHE,C3,0.9793996583610538
0.020836205158639667,0.06198384883127007,ATAD3A,C3,0.9999774550664137
0.0027072182732266557,-0.02315797357939739,ARL8B,C1,0.941824457373942
-0.034647747836457465,0.043457895946386695,MRPS18A,C3,0.9977173325233357
0.004611120721989997,0.002837332633930577,PNPO,C4,0.953532619606867
0.005592085677800021,0.04334173918039544,OXSM,C3,0.9999843727350578
-0.0036189661223898512,0.019656647759345034,MRPL22,C3,0.9859960400374125
0.0046549884446987,-0.006887876577312194,CZIB,C4,0.9941466099369093
0.004740186740517015,-0.0137359337989903,BABAM1,NA,0
0.014744314098075837,0.04071176672222952,NDUFB11,C3,0.9982024220084672
0.007207679730576032,0.015946237187378802,OCIAD1,C3,0.8401633288416156
-0.01693575951733277,0.0193352376635005,MARCHF5,C3,0.622224772672253
0.009381996195039159,0.020587436119653673,CHCHD3,C3,0.9935377327864795
-0.0027782846867541434,0.030317049582349903,SIRT5,C3,0.9999979395704502
0.009171952651858916,-0.0013325509287719732,BABAM2,C2,0.9325102269633426
-0.00927838013959907,-0.014795507113629248,DPP3,C1,0.9663113896021219
0.0018353291817261965,0.016685338547626504,TUBA8,C3,0.872204694926226
0.007444209997258682,-0.01478399919811428,MAP3K20,C4,0.6363689101627017
-0.0029621761564903554,0.0010846341416973252,UGGT1,C4,0.9637234945930034
0.01715475640124584,-0.007581205787689273,TECR,C2,0.9708203795291395
-0.012653571557897852,-0.018282746963511013,ERAP1,C1,0.9235699661797708
0.00164487299380768,0.028795078821420076,CISD1,C3,0.9999991964498595
0.004586105747807917,0.006828509693912704,CLIC5,C4,0.8543027663247408
-0.014097358864856833,-0.005008263105379657,FAM120A,C1,0.9997301793814423
-0.015148423767098015,0.04060729616917668,GLTP,C3,0.9999325279232726
-0.004108918038511007,0.03898963693971622,COQ3,C3,0.9999988020054617
-0.0035485304109646493,0.023669932694861995,HSPBP1,C3,0.947403319114481
-0.007881591403658414,-0.00801341518572521,MAT2B,C1,0.9632764182330875
-0.023043001391418964,-0.01635257341944612,MYOF,C4,0.7293424785236767
0.0016434648507229284,0.01693154787984892,EHD2,C3,0.9940431458062507
0.1073673284689237,-0.024003582487078245,TMOD4,C2,0.9999991066589353
-0.006388872378349969,-0.003689807319958451,LMCD1,C1,0.9838793542618026
0.0037144922940732577,-0.017672580547373074,CHMP5,C1,0.8641424526559178
-0.03969682001832721,-0.0010272227729312589,CNIH4,C1,0.9990085798910586
-0.004371438824006021,0.0439559006095422,NDUFAF4,C3,0.9999130770017479
-0.009403944901200908,-0.014017131975830363,EMC3,C1,0.9993991097953734
0.02017197663961736,0.028264561910482405,NDUFA13,C3,0.6472267946487823
0.003683797295917375,0.05024025950509889,PDP1,C3,0.9999969033369092
-0.0035361924691565652,-0.012113377754291176,MRPL36,C1,0.9957012340073362
0.008706726653216706,-0.015060370639964557,VAPA,C2,0.9893013625521614
0.009145313458364104,-0.02937766885611409,RNF181,NA,0
-0.005461551068571617,-0.005441298431026225,LARS1,C1,0.996739452061908
-0.0035851585778177058,0.03186509729565056,SUCLA2,C3,0.9999999213818687
0.004665303468697549,-0.02118710515796091,GMPR2,C4,0.9506846379739424
-0.01032812410539462,0.0074364031703178,DPM3,C1,0.8233748775927109
-0.00984111716884501,-0.01793406086472254,IMPACT,C4,0.9988307845415092
-0.01049556744494605,0.010023170305598576,ATXN10,C3,0.6742165783539884
-0.00834000606681686,0.011721861610196711,EPS15L1,C4,0.8282454366635337
-7.228687684648066e-4,0.010985731368102804,SAE1,C3,0.765222205935323
0.01969925855015536,-0.0022799646405341698,RNF7,C2,0.9568163423121648
0.06385542469751483,0.00858066931597358,MYOT,C2,0.9999670698879102
-0.018833130709507446,-0.014505676557422431,GNG12,C1,0.9847708053198353
0.0010926249428234555,0.019224511889998793,VPS29,C3,0.9370076034142013
-0.012472733373659589,0.007490463719257985,EIF3K,C1,0.9458104251431614
-0.004304387046354225,0.004920703720771571,GRHPR,C4,0.9185622300599978
-0.012545234045586119,0.008335760532277626,CTSZ,C1,0.5849854220996706
-5.404505081817613e-6,0.011669695840236144,UBA2,C4,0.866050407392589
-0.0077134890981575615,-0.010355677637211552,COPS7A,C4,0.8822352872426644
-0.009420625861219337,-0.02357562680728535,HSPB7,C1,0.9995404917727102
0.007122216702305366,-0.02339202107866295,CLIP2,NA,0
-0.011241919395398241,0.014543951757801668,UQCR10,C3,0.8799860212009425
0.04908483717824677,-0.024893114733975468,DNAJB4,C2,0.9995650085562899
-0.020770459126441553,-0.013839171522000622,NIPSNAP3A,C4,0.8445787379979907
0.010688956880442555,0.00894850483221445,TES,C2,0.5767878070280485
-0.010848590454847148,0.020590007451616585,KDM5B,C3,0.9942771379991363
-0.013853485998339929,0.03810084247744193,WARS2,C3,0.9998027710671973
-0.005599652216883771,-0.005237298791663484,MLX,C1,0.9620365322211162
-0.017757522942382198,-0.012846440024477776,SEPTIN9,C1,0.9990437455043618
-0.01375622838110724,-0.02478265819636653,UBQLN2,C1,0.9952737271894219
0.004577002593113511,-0.008991308710031825,PCYOX1,C4,0.9997797605258234
0.005326345187199558,0.01545314669380932,DPP7,C4,0.5155071441507925
-9.365253410514534e-4,0.008718043051189494,SMPX,C3,0.5238290806139927
0.0035175705900107766,-0.01357430749509111,BCAP29,C1,0.7637694918126106
-8.362010384419408e-4,0.003913031751454578,CYB5R1,C1,0.6511281894863723
0.00718824356326644,0.008002809829821012,PFDN2,NA,0
0.0016952149196711444,-0.0017903552141722418,PUF60,C2,0.5256746445798975
-0.0015472037495298963,-0.002410663823910829,ENOPH1,C4,0.999779370399931
0.011025532685250325,0.03884967981168569,NDUFA12,C3,0.9993707366904074
-0.0208425795050993,-0.012469258386191598,EIF2B4,C4,0.8146176667947945
-0.0016244388189501945,-0.003471725393003171,ATP6V1H,C4,0.9702486182275706
0.01006402607049048,-0.04644725388408622,TRMT112,C4,0.9877035414314044
-0.004425099107792571,-0.005046266176697761,XPO7,C1,0.7578658690300699
-3.0768912716686974e-4,0.00936853138052027,LCMT1,C4,0.9927185359225568
-0.008639764260575245,0.0392363899768555,ATP5IF1,C3,0.9998918214452448
0.005526361011360107,0.03616950293671451,AK3,C3,0.999929702907875
-0.008384345707693966,0.00314280605902923,NAGK,C1,0.7063343951773764
0.0036092949374681065,0.028157915907783587,SLC25A13,C3,0.9997979461131524
0.005825961540170361,-0.023513939610745282,DBNL,C1,0.5794514719270568
0.0029694026879354173,-0.026035392099409804,DCTN4,C1,0.7222133174463978
0.016900065826064757,-0.0302622293287806,HSPB8,C2,0.6785683668579213
0.002812467906557048,0.016708592663087895,STOML2,C3,0.9981008794506876
-0.004916979878504625,0.003007680674561469,VPS28,C1,0.584403718928729
0.002620622057763115,-0.05007640370445184,JPT1,C4,0.7906852806307096
-0.0038995254060628657,-0.0020613740633481674,APPL1,C1,0.7123362316217775
0.014300570602218498,-0.011786903704970507,PACSIN3,C2,0.9903335079213966
-4.2550423391492573e-4,0.04081734772772742,ACAD8,C3,0.9999908385833646
0.01655944717534187,0.003195945129073528,AGO2,C2,0.9950010081844161
0.08623062231242265,-0.025596536686611958,MYH2,C2,0.9999980693379177
0.022136006258671695,0.03182434730142012,MYH13,C3,0.5214651023622903
0.003189128849143444,-0.0028014870436629154,CDV3,C4,0.988482512617163
-0.006177559426043824,8.659448469987945e-4,RAB21,C4,0.779160083827961
-0.009841946807406849,-0.02441039299803878,PSME2,C1,0.9949832267745788
-0.0052197480021571405,8.069119171927649e-4,DNPEP,C4,0.9977269202348658
-0.008458333946426798,-0.0019711698441838904,MCTS1,NA,0
-0.012227024290703147,-0.0038726315381785214,TBC1D24,C4,0.5845091384547645
-0.005440064249712729,-0.010145826536527852,TMCO1,C1,0.9621822511161546
-0.0049347424791507735,0.016773853136953967,EPDR1,C3,0.6126436022017935
0.009289055711144103,0.022262427830713152,MYO6,C3,0.845998041796271
-0.0041871277256293575,0.02870777359372596,NFU1,C3,0.999975559453384
0.0359616719151888,-0.04131647215041967,SYNPO2,C2,0.9999781721437938
-0.020944018018529482,-0.007754921172065026,UBQLN1,C1,0.5048880351524264
0.009344374288658263,-0.01144476180832166,SNX12,C2,0.745832926220013
-0.0067257560442105895,-0.02016031609896505,NDRG2,C4,0.862772754993267
-0.011730449594253727,0.006324037450215258,VPS4A,NA,0
0.01050000188058742,0.008362893171426598,G3BP2,C2,0.9257271925266103
-0.006943132861479496,-0.014372696375707558,STUB1,C1,0.9593556082866836
0.0031156860937969484,-0.0031873832885239164,PACSIN2,C1,0.5371999506201843
-0.0014055171375573238,0.0014447681704284677,SNX6,C4,0.9058346810955717
-0.008006176828145875,-0.017567291747538998,PSMD13,C1,0.9997429388438431
-0.0016883453898065412,-0.0035923405076086446,COPS3,C4,0.9835943945145448
-0.004639391744444172,-0.01381602723352779,NSFL1C,C4,0.9683150732961933
0.010255975307637454,0.018633821355369427,PPP6R1,C3,0.9233123940194234
-3.435713604772668e-4,-0.015343933473791795,LIMCH1,C1,0.7013317353738883
-0.021258543138027813,0.014617384222183123,USP24,C3,0.5481352742770592
-0.016367646109510775,-0.030113676473925446,MAPRE3,C1,0.9999166139342026
0.013748098599257814,-0.015281168181319077,PA2G4,C2,0.9998920374616602
0.010108506310057342,-0.011816060890418242,CAMK2A,C2,0.6610578939741729
-0.001977204320369924,0.00497778736497713,CHMP2B,C4,0.9981315870507804
0.03150739234958025,0.019351553344432715,RTRAF,C2,0.994970546182696
2.284981853415827e-4,-0.012187254062165837,RUVBL2,C1,0.6700649708953431
0.025977483112863912,0.006797610003417343,APOBEC2,C2,0.9837818517833927
0.005049173244752717,-0.011003700218584782,PIN4,C4,0.9995482481677128
-0.008771395684029994,-0.016591942854729987,EIF3L,C1,0.9990837011737782
6.554023297779459e-4,-0.014116489972161967,PLAA,C4,0.7843944347398076
-0.005478262405134225,-0.010488874308404774,NUDC,C1,0.9889842989303318
-0.002423702343935969,0.02000190718077059,BCS1L,C3,0.982016285898332
-0.0015700198089636827,0.011687760038699464,VDAC3,C3,0.6782965404386927
0.0061722842969973175,-0.009750775863807962,CFL2,C2,0.9880486979720723
-0.00582812960711858,-0.029097290155819813,FARSA,C1,0.989134875328854
-0.0030506797699373154,-0.016106799123832068,CNPY2,C1,0.5130877069412859
0.039896568790694795,-0.023063966671626586,FNDC3A,C2,0.9814869243865811
-0.01078014725256778,-0.02540909648468898,PADI2,C1,0.9926698438453183
-0.006366369232771389,0.039559169607014825,GSTK1,C3,0.999998604579386
0.006210275870913679,-5.074753756838978e-4,LAMTOR2,NA,0
-0.0028380464064206817,0.0034328470941714564,MRPS35,C4,0.9335468516956392
-0.007394351436773524,0.0354741576615265,COA3,C3,0.990120027601831
0.0017676701332556587,0.009560470895204091,TMA7,C3,0.5830115249642787
-0.006245559336589558,-5.520187750739286e-4,SUGT1,C1,0.5924560003169939
0.004409878588131833,0.021713879781763038,COQ6,C3,0.8927392289282788
0.0017026907657772127,0.030327726868140316,ACOT9,C3,0.9999940702081165
-0.0028269696532688274,-2.3282282045605146e-6,MEMO1,C1,0.7573190696713265
0.027493867425125915,0.026163007215078245,TMX2,C2,0.8343218257300223
0.0032503677523507105,-0.01090346228558123,SH3GLB1,C4,0.5006153893080045
0.005751315932501627,-0.0070063459257436456,CAB39,C2,0.7367297793180709
-0.006826139431711373,-0.01402604701462695,LUC7L2,C1,0.9501138692878225
-0.00792545337184564,-0.027795249184643562,DHRS7,C1,0.9247561418772314
-0.018230122256062162,-0.027393018679611508,MOB4,C1,0.9999570894188051
-0.002269454410414512,-0.015746933952645533,SBDS,C1,0.9943084137964501
0.005519629965126308,0.02448610396974,MRPL11,C3,0.9996531907569615
0.007816866456581233,-0.0037725609236889325,PPIL1,C4,0.8445692412417922
0.00495451709091111,0.04946948267892929,MSRB2,C3,0.9999745865700541
-0.01257024151808745,0.013701789973753473,FIS1,C3,0.7318947879456739
-0.0014571359382595731,-0.010973036429220621,STRAP,C1,0.9852465563449528
0.006695303071129495,-0.013584616477804687,RTCB,C2,0.8527699752131628
0.03215145848007767,-0.011151752062551465,RPL36,C2,0.9997521602700916
-0.014015518294361096,-0.008752797312362084,SAMHD1,C1,0.9982266724067264
-0.010157678310913014,0.0013557485044238047,HBS1L,C1,0.9180525302825017
-2.7114924171361894e-4,-0.0039622877608877305,TLN1,C1,0.8650283098102155
-2.5356285313238204e-5,-0.010596868368998456,USP15,C4,0.9937283277577155
0.0035245580895988384,-0.0012875176919770921,TLN2,C4,0.7394453902748475
0.003382695071290105,-0.011229703862055785,DTNA,C4,0.9073638761913471
-0.007108019994012095,-0.006762525624653525,HYOU1,C1,0.9179914459018569
-0.004774510552893375,0.032321079941463784,AFG3L2,C3,0.9999999775675487
-0.004373305740765927,0.0017388372540106086,ARIH1,C1,0.8866800761050155
-0.005469449497100946,0.02397436109342604,RNF114,C3,0.94203541620631
0.006042536163086675,0.017709671022328215,SAMM50,C3,0.9911688104640565
-0.004931463171986555,-0.01677957107719566,PPME1,C4,0.9336837358014567
0.006543437808462729,0.04800229172864943,TIMM9,C3,0.9999904183756859
0.018717156048345864,0.04480508786951848,TIMM8B,C3,0.9989009237046756
-0.005125633368035881,-0.013494833422118008,UCHL5,C1,0.6907121483551837
0.0053460316911145556,0.03490091663239908,TIMM13,C3,0.9999965533787669
-0.015372208603803424,-0.004492406752545635,SRPRB,C1,0.9962238595717432
-0.005799234524207977,-0.01171408621151671,GMPPB,C4,0.9130124623429414
-0.009651321910914806,0.03125721333463678,MPC1,C3,0.9998966989726086
0.01733094750391974,-0.0025046435554287407,SNX5,C2,0.9269508584929997
-0.009264235687843387,-0.011823991354821688,HEBP2,C1,0.5719526382550969
0.01124381958285308,0.0632400473589834,HCFC2,C3,0.9997040266574003
0.004971946735575407,0.004618553298584753,FHOD1,NA,0
0.1230612954411645,-0.027816289292140455,MYH4,C2,0.9999994083631185
0.008558906176217105,0.017876394646806466,MRPS18B,C3,0.9722180615953744
-9.578892824204617e-4,-0.010347688194670968,COPG1,NA,0
-0.0034935482563227776,-0.02053756247695846,CLIC4,C1,0.9986472720088582
-0.0027107693889802053,0.04891714454590027,NFS1,C3,0.9999960585939998
-0.01439414390413213,0.0048908828069106755,SPCS1,C4,0.6933125537069037
0.010993487727242363,-0.0027867762274807347,SAR1B,C4,0.9619092509320685
0.005167790914551724,0.01784400758491032,MTCH2,C3,0.9926495652352734
-0.005003736812200667,0.00839036216727262,BZW2,C3,0.8956019299115928
-0.009158107043772746,-0.02530810681796805,DYNC1LI1,C1,0.9985929927453657
0.006934940488386838,0.041796670999419756,CHCHD2,C3,0.9690226713497448
0.018788933948082853,0.04145859658421488,NDUFB9,C3,0.9949498395003432
-0.01203528978622236,0.04633957090371844,COX11,C3,0.9999087048064209
-0.013321755900947646,0.023488295769738276,SQOR,C3,0.9511133985854959
-0.01719115986939916,0.020839340930186526,SESN1,C4,0.6989320241379489
0.0034040085496740277,-0.007498226714075195,SEC23IP,C4,0.601717334250471
