gene,logFC_Y,logFC_O,sig_int,sig_Y,sig_O,quadrant,concordant
MMP24OS,-0.272566392343283,-0.218027611049674,0,0,0,Q3,TRUE
ESYT2,0.134444249193571,0.102540595579853,0,0,0,Q1,TRUE
ILVBL,0.100337864978279,-0.125783947489904,0,0,0,Q2,FALSE
FSD2,0.0216385483400572,0.130964047157995,0,0,0,Q1,TRUE
TARS3,-0.00265512839380655,-0.0371183152361443,0,0,0,Q3,TRUE
VWA8,0.0345416894991217,-0.290348576474081,0,0,0,Q2,FALSE
CARNS1,0.794261589717603,0.453286878754561,0,1,0,Q1,TRUE
MAP1LC3B2,-0.444257467932271,0.0329575746668134,0,0,0,Q4,FALSE
PGP,0.0706911956426914,-0.00769294695505707,0,0,0,Q2,FALSE
DHRS7C,-0.174694054142783,-0.131660275139286,0,0,0,Q3,TRUE
SMTNL1,0.0346513415326797,-0.149094543388589,0,0,0,Q2,FALSE
NUDT19,-0.212938044241902,0.0787906772121651,0,0,0,Q4,FALSE
NACA,0.267577573814254,0.0767862426160768,0,0,0,Q1,TRUE
SLC35A4,-0.117037128932321,0.125755803316594,0,0,0,Q4,FALSE
PDLIM1,-0.13846745231411,-0.129854902449171,0,0,0,Q3,TRUE
MYO1C,0.219256027945821,-0.137534083356918,0,0,0,Q2,FALSE
FXYD1,0.116832089251528,0.0584303385781979,0,0,0,Q1,TRUE
STXBP3,-0.246973330293986,0.141561867078227,0,0,0,Q4,FALSE
NDUFS8,-0.379623936679131,-0.00477755456470774,0,0,0,Q3,TRUE
PSMD11,0.161539259102998,0.0638433995976122,0,0,0,Q1,TRUE
PSMD12,0.0918780144540179,-0.0482628984854188,0,0,0,Q2,FALSE
PSMD9,0.169284402152382,0.0687506530171831,0,0,0,Q1,TRUE
PGRMC1,0.0904250771743271,-0.107871536931853,0,0,0,Q2,FALSE
CLIC1,0.312911947268553,0.219955793188713,0,0,0,Q1,TRUE
EIF3F,0.107456641281967,-0.0128150165024188,0,0,0,Q2,FALSE
PDHX,-0.0447553905769738,-0.0976624150725272,0,0,0,Q3,TRUE
DCTN6,0.318658409021609,0.108653006846678,0,0,0,Q1,TRUE
IPO5,0.0808275243690382,-0.00792245836404959,0,0,0,Q2,FALSE
EEF2K,-0.2869976371348,-0.107708586622397,0,0,0,Q3,TRUE
EML1,-0.0808245130941003,-0.0734980163811798,0,0,0,Q3,TRUE
DNM1L,0.0227269187307044,-0.0487329467924766,0,0,0,Q2,FALSE
RTCA,-0.0630291625154626,-0.219949524933543,0,0,0,Q3,TRUE
NDUFA4,0.0110656799268227,0.00517224527952465,0,0,0,Q1,TRUE
PSMD14,0.093943606501341,0.0497141500929494,0,0,0,Q1,TRUE
BIN1,0.207159417295667,-0.0110850279468444,0,0,0,Q2,FALSE
KPNA3,0.105259605507559,3.66376409033364e-6,0,0,0,Q1,TRUE
DDX3X,0.0672042466005855,0.0616049888501067,0,0,0,Q1,TRUE
KPNA4,0.159607848846893,0.0851646616079051,0,0,0,Q1,TRUE
CES2,0.175425261678992,0.0784618989262142,0,0,0,Q1,TRUE
FBP2,0.0959885791957724,-0.0491217043701973,0,0,0,Q2,FALSE
PDXK,-0.0263206934084863,-0.0667755466883335,0,0,0,Q3,TRUE
SDHD,0.101358679554014,-0.0753276174131834,0,0,0,Q2,FALSE
COX7A2L,-0.205818233579809,0.0190100944446741,0,0,0,Q4,FALSE
GAPDHS,0.0344943380531184,0.0482270396439723,0,0,0,Q1,TRUE
HSPB6,0.610880066973,0.279712986938303,0,1,0,Q1,TRUE
NDUFAB1,-0.353724710466306,-0.0872196722326422,0,0,0,Q3,TRUE
IMPA2,-0.248723284345594,-0.161118582406171,0,0,0,Q3,TRUE
PDCD5,0.0904195627897586,0.0277598873245104,0,0,0,Q1,TRUE
PRMT5,0.171262458926453,-0.130574828860652,0,0,0,Q2,FALSE
PSMA7,0.117080806642104,0.0436122508338315,0,0,0,Q1,TRUE
OPLAH,-0.168679789418324,-0.092095785294827,0,0,0,Q3,TRUE
MGST3,-0.458868034439526,-0.151049339391825,0,-1,0,Q3,TRUE
RGS12,-0.333817092892556,-0.221269607865636,0,0,0,Q3,TRUE
HAT1,-0.226687525340626,0.799189976965636,0,0,0,Q4,FALSE
UQCRQ,-0.152963975836652,0.064655802890826,0,0,0,Q4,FALSE
MYL12B,-0.0318791069966551,0.332451852181123,0,0,0,Q4,FALSE
UQCR11,-0.413783968074299,0.0381679244367561,0,0,0,Q4,FALSE
CASQ2,0.154405404061301,-0.0327125805921078,0,0,0,Q2,FALSE
HGS,-0.090057962642710307,-0.0824733543250744,0,0,0,Q3,TRUE
HNRNPDL,-0.252307704916849,-0.052113365894531,0,0,0,Q3,TRUE
XPO1,0.0547083038580993,-0.0671590079023332,0,0,0,Q2,FALSE
ATP2A1,0.08567963595085,0.0379130599178055,0,0,0,Q1,TRUE
SYNJ2,-0.048104910310073,0.0703995796673311,0,0,0,Q4,FALSE
SYNM,0.0366022823761725,-0.16634532700737,0,0,0,Q2,FALSE
ARPC1B,0.36743479226967,0.467621492905298,0,0,0,Q1,TRUE
PGRMC2,0.125240836777827,-0.138069865263503,0,0,0,Q2,FALSE
PFDN6,-0.0430887234826862,-0.0491396005489122,0,0,0,Q3,TRUE
NDUFA1,-0.45631754317643197,0.261882829359234,0,0,0,Q4,FALSE
SURF4,0.216847118559514,-0.0852770125837559,0,0,0,Q2,FALSE
TCAP,-0.150041824537212,-0.0516968727589138,0,0,0,Q3,TRUE
PMM2,-0.0419521202156545,0.123125677137566,0,0,0,Q4,FALSE
EIF3D,-0.0269340625836669,0.0134213699896968,0,0,0,Q4,FALSE
EIF3H,0.0957564179232975,-0.122345919879869,0,0,0,Q2,FALSE
BCAT2,-0.0359315117742156,-0.0448668496722142,0,0,0,Q3,TRUE
STX7,0.198533916166689,0.0951113507776924,0,0,0,Q1,TRUE
SLC16A3,-0.523126803252119,0.136128044583359,0,0,0,Q4,FALSE
YKT6,0.132993155667076,-0.00761547675791263,0,0,0,Q2,FALSE
ARPC5,0.2417010688843,0.129503845098053,0,0,0,Q1,TRUE
TAPBP,-0.50658044808347,-0.126801869051446,0,0,0,Q3,TRUE
DHX15,0.196017651740799,-0.0968574424340929,0,0,0,Q2,FALSE
CYB5B,0.0518485534228361,-0.20510955114197,0,0,0,Q2,FALSE
NDUFS4,-0.361566439769341,-0.0459253918177289,0,0,0,Q3,TRUE
DYNC1LI2,0.255008296876099,-0.0481915067902072,0,0,0,Q2,FALSE
PSMD3,0.156348260603952,-0.0383010910894583,0,0,0,Q2,FALSE
RASA4,-0.254493571856756,-0.136084646010833,0,0,0,Q3,TRUE
HNRNPR,0.0460280383684761,0.102846544560027,0,0,0,Q1,TRUE
TXNL1,0.0998120552664012,0.0515172032829732,0,0,0,Q1,TRUE
TPD52L2,-0.106252686542096,-0.0447823625397206,0,0,0,Q3,TRUE
ERI3,-0.31377075746996,-0.273312728571813,0,0,0,Q3,TRUE
AKR7A2,-0.072425924095981,-0.00539110209425431,0,0,0,Q3,TRUE
LAT,-0.064147632236196,0.06497745054223,0,0,0,Q4,FALSE
DENR,-0.021989118358789,-0.00588547194834632,0,0,0,Q3,TRUE
DNPH1,-0.0244698750922261,0.0383932592135956,0,0,0,Q4,FALSE
TIMM44,0.0282673832635822,0.0303847951349212,0,0,0,Q1,TRUE
TRAPPC3,0.356351999841507,0.00343965361264509,0,0,0,Q1,TRUE
CHMP2A,0.0626497392016354,-0.00941777953454803,0,0,0,Q2,FALSE
NDUFB5,-0.375397503273216,0.0990539361043545,0,0,0,Q4,FALSE
NDUFB3,-0.386442164261258,0.00255580402583888,0,0,0,Q4,FALSE
NDUFA2,-0.301629197723422,-0.0757739802629516,0,0,0,Q3,TRUE
BUB3,0.128117426438875,-0.0911381786855792,0,0,0,Q2,FALSE
ACTN4,-0.789631429901117,0.366859783748204,1,0,0,Q4,FALSE
GSTZ1,-0.158178331348065,-0.265491202468045,0,0,0,Q3,TRUE
PRKAB2,0.11472479430205999,0.0807452016822161,0,0,0,Q1,TRUE
AP1G1,-0.0115028346361079,0.169361590313144,0,0,0,Q4,FALSE
SYNGR2,-0.271991266714821,-0.47950664136043,0,0,-1,Q3,TRUE
SGTA,-0.10613372054241,-0.0667306620217616,0,0,0,Q3,TRUE
ENSA,-0.107425028272186,0.00464575369733566,0,0,0,Q4,FALSE
SLC25A20,-0.123490218838828,0.0642501172073047,0,0,0,Q4,FALSE
NARS1,0.0379306833343271,0.0159188160530626,0,0,0,Q1,TRUE
LANCL1,-0.215900996242802,-0.0755776618137283,0,0,0,Q3,TRUE
SLC37A4,0.0822228398214939,-0.0854630442306537,0,0,0,Q2,FALSE
IDH3B,0.265088116289117,0.293634166323276,0,0,0,Q1,TRUE
CALU,0.392755368550244,0.30689324218579,0,1,0,Q1,TRUE
AHCYL1,0.297317851207648,0.151318499240446,0,0,0,Q1,TRUE
NDUFS5,-0.425208596250407,0.0301214141839061,0,0,0,Q4,FALSE
TIMM8A,-0.40243255765958,0.0849221658780159,0,0,0,Q4,FALSE
PPP1R12B,0.583870558469405,-0.0252477512371883,0,0,0,Q2,FALSE
PRPSAP2,-0.235290550657592,-0.0402287862369732,0,0,0,Q3,TRUE
SPAG9,-0.138276640390785,0.15765848058281,0,0,0,Q4,FALSE
OPA1,0.109084161262277,0.0988443739912981,0,0,0,Q1,TRUE
TBC1D4,-0.14462987210414,0.0571736715823441,0,0,0,Q4,FALSE
SNX3,-0.080635393091228,-0.0941604697360461,0,0,0,Q3,TRUE
SYNCRIP,0.0895668245850771,-0.0630571174385004,0,0,0,Q2,FALSE
SELENOF,-0.243304564207259,0.131060968063531,0,0,0,Q4,FALSE
KLHL41,0.497736227548852,0.166551056670826,0,0,0,Q1,TRUE
PLIN3,0.264452201112551,0.0536017477603714,0,0,0,Q1,TRUE
KPNA6,0.0223434437436865,0.148467266979114,0,0,0,Q1,TRUE
SNX2,-0.0538063628613727,-0.0583783315945219,0,0,0,Q3,TRUE
USO1,-0.0736757829228587,-0.115439733801061,0,0,0,Q3,TRUE
TOM1,-0.0753213339190708,-0.117040101785019,0,0,0,Q3,TRUE
PFKFB2,0.0546989207774295,0.114081357462656,0,0,0,Q1,TRUE
EDF1,-0.0415875374697912,-0.0629783760214977,0,0,0,Q3,TRUE
DNAJA2,0.223154556540326,0.124917969142526,0,0,0,Q1,TRUE
CUTA,-0.147955235166222,-0.29119608949717,0,0,0,Q3,TRUE
PFDN1,-0.203809042950141,-0.0455351133273432,0,0,0,Q3,TRUE
NOL3,-0.117000879830503,-0.119836101926669,0,0,0,Q3,TRUE
WDR1,0.0380761888779375,0.0844369368971023,0,0,0,Q1,TRUE
LDB3,-0.108604999802967,0.0283473989534535,0,0,0,Q4,FALSE
CLASP2,-0.181183664092039,-0.138522572453468,0,0,0,Q3,TRUE
COBL,-0.00893225155118316,0.133384808717878,0,0,0,Q4,FALSE
CPNE3,0.00848378068587152,-0.0930897855702142,0,0,0,Q2,FALSE
CLUH,0.42903324624556,0.0195627218318286,0,0,0,Q1,TRUE
CAND2,0.22390673377777,-0.0491485443077941,0,0,0,Q2,FALSE
COQ9,-0.217599223863417,-0.13853917005568,0,0,0,Q3,TRUE
GGCT,-0.28062015018396,-0.180639537189393,0,0,0,Q3,TRUE
NDUFS7,-0.564028580744292,0.0464629074736536,0,-1,0,Q4,FALSE
RTN2,0.0885155505360373,-0.126835077447158,0,0,0,Q2,FALSE
NDUFS2,-0.375035308560271,0.119436036680053,0,0,0,Q4,FALSE
NIPSNAP2,-0.170616868775802,-0.0178971313495886,0,0,0,Q3,TRUE
CILP,-0.796709190950377,0.243344216206243,1,0,0,Q4,FALSE
TBCA,0.0480917218406631,-0.03340231954774,0,0,0,Q2,FALSE
ATP6V1G1,0.0461313289072471,-0.22270286778895,0,0,0,Q2,FALSE
VPS4B,-0.0535960830378848,0.109821832367004,0,0,0,Q4,FALSE
SH3BGRL,0.163496481706623,0.455394302006773,0,0,0,Q1,TRUE
FLNB,0.432971948851449,0.258899340451261,0,0,0,Q1,TRUE
NDUFS6,-0.411602403505245,0.0375081260491363,0,0,0,Q4,FALSE
CS,-0.039242277814278,-0.0146180839991708,0,0,0,Q3,TRUE
SEC22B,0.177782619747202,-0.0466019321609714,0,0,0,Q2,FALSE
MTX2,-0.258166464634172,-0.00677258115804236,0,0,0,Q3,TRUE
VPS26A,-0.00953378018443729,-0.0702001878903644,0,0,0,Q3,TRUE
NDUFB1,-0.286630577412449,-0.0402209600890195,0,0,0,Q3,TRUE
PMPCB,-0.0764399344155606,0.139758088241411,0,0,0,Q4,FALSE
NDUFS3,-0.382114284436394,-0.0452238953535442,0,0,0,Q3,TRUE
ECI2,-0.0227230978310047,-0.0144969987226133,0,0,0,Q3,TRUE
BANF1,-0.235263458289928,0.203811096804493,0,0,0,Q4,FALSE
CSDE1,0.00810515240596743,-0.00607959576352357,0,0,0,Q2,FALSE
PRKRA,0.131522044866514,0.00471040960069047,0,0,0,Q1,TRUE
LYPLA1,-0.0770647372160091,0.0220150476873577,0,0,0,Q4,FALSE
TIPRL,0.162616503759402,0.0579956269954067,0,0,0,Q1,TRUE
PPM1B,-0.183460251825302,0.00394608096700466,0,0,0,Q4,FALSE
SLC25A12,-0.0823968516113318,0.060805104900318,0,0,0,Q4,FALSE
TCEA3,-0.377448052205043,0.0961444800308939,0,0,0,Q4,FALSE
EIF3G,-0.126076864079803,0.0765994909945675,0,0,0,Q4,FALSE
EIF3J,0.139563128148843,0.0225480065010082,0,0,0,Q1,TRUE
PSMD10,-0.169535599797239,-0.0453464290817358,0,0,0,Q3,TRUE
IDH1,-0.148111031089158,-0.0980865099846504,0,0,0,Q3,TRUE
SCO1,-0.169206356455099,0.270720962798425,0,0,0,Q4,FALSE
ALDH1L1,0.12494244798582,-0.179233826801287,0,0,0,Q2,FALSE
ARL6IP5,0.0509333488838699,-0.0593150196946262,0,0,0,Q2,FALSE
DYSF,0.255823838984274,0.0708809837813078,0,0,0,Q1,TRUE
PIAS2,0.0306589474299059,0.119008673949587,0,0,0,Q1,TRUE
DCTN3,-0.194392242645183,0.287409737647636,0,0,0,Q4,FALSE
ATP5PD,0.0966521102685185,-0.0352519514929455,0,0,0,Q2,FALSE
FLOT1,0.0922861279531482,0.0232462937441902,0,0,0,Q1,TRUE
ATP5MG,0.0719216965742291,-0.0677264947777019,0,0,0,Q2,FALSE
GLRX3,0.557352485492181,0.216505388964851,0,1,0,Q1,TRUE
SNCG,0.276157838237925,0.381165651090409,0,0,0,Q1,TRUE
DDAH1,-0.0816937719084976,0.0660382889512583,0,0,0,Q4,FALSE
BAIAP3,-0.0516928431551946,-0.0328225012743353,0,0,0,Q3,TRUE
TOMM70,0.324524128115133,-0.0344277911855251,0,0,0,Q2,FALSE
UFL1,-0.105855375790853,-0.114838173680596,0,0,0,Q3,TRUE
TMEM63A,0.308095170230736,0.0892589649366577,0,0,0,Q1,TRUE
PLPBP,-0.0969379266273904,-0.124136149660369,0,0,0,Q3,TRUE
ERLIN2,-0.224946276562932,-0.0866184728585715,0,0,0,Q3,TRUE
ENDOD1,0.0555217922793538,0.043454944260592,0,0,0,Q1,TRUE
SEC31A,0.148965030088501,0.120911388660737,0,0,0,Q1,TRUE
NDUFB6,-0.551447190231354,0.016871725986519,0,-1,0,Q4,FALSE
MFN2,0.0804075116039087,-0.145750471953399,0,0,0,Q2,FALSE
NDUFA3,-0.651145860417703,-0.0926478377830122,0,-1,0,Q3,TRUE
NDUFB4,-0.412662667204501,-0.00596908230657789,0,0,0,Q3,TRUE
NDUFB8,-0.310121672405959,0.0454094263445626,0,0,0,Q4,FALSE
NDUFA7,-0.363513124484403,0.0810693162256406,0,0,0,Q4,FALSE
RTN3,0.122036554401564,0.0620241625805029,0,0,0,Q1,TRUE
LETM1,0.0653974562197348,0.0638040167566061,0,0,0,Q1,TRUE
STBD1,0.159694227891872,-0.0317188017424002,0,0,0,Q2,FALSE
ZRANB2,-0.0534574667186014,0.0261996424970512,0,0,0,Q4,FALSE
EPM2A,-0.42960669119316103,-0.0231390227313533,0,0,0,Q3,TRUE
VAPB,-0.126996528754201,-0.0970008641108038,0,0,0,Q3,TRUE
NDUFC2,-0.455092371056523,0.104527632689027,0,0,0,Q4,FALSE
NDUFA10,-0.309791967649222,0.10633553169917,0,0,0,Q4,FALSE
PGLS,-0.00940191957171166,-0.0607372481893016,0,0,0,Q3,TRUE
TACC2,0.147978300660437,-0.200734304827982,0,0,0,Q2,FALSE
LYPLA2,-0.113944632280784,-0.0234478984146449,0,0,0,Q3,TRUE
IPO7,0.168103103112379,-0.0765302624423505,0,0,0,Q2,FALSE
ARIH2,-0.44558588605609,0.0799265074014954,0,0,0,Q4,FALSE
PGM3,0.0294328670060224,-0.127425676870907,0,0,0,Q2,FALSE
SVIL,0.095632177956233,-0.230421735249493,0,0,0,Q2,FALSE
AHSA1,0.163654168292119,0.0100475124144097,0,0,0,Q1,TRUE
H6PD,-0.114835766626648,-0.197013652573006,0,0,0,Q3,TRUE
MPC2,0.0576758508687156,-0.0647418261607591,0,0,0,Q2,FALSE
ETHE1,-0.284050569001181,-0.0728877274900483,0,0,0,Q3,TRUE
ACSL3,0.233169305213867,-0.0265635393927717,0,0,0,Q2,FALSE
ASMTL,-0.0255839156372772,-0.0910001087900021,0,0,0,Q3,TRUE
CDS2,0.189987788304872,-0.0764687570772544,0,0,0,Q2,FALSE
SNAP29,0.47657651143528,-0.114186581483423,0,0,0,Q2,FALSE
OXSR1,-0.0652471811185968,-0.0859057456058707,0,0,0,Q3,TRUE
LSM8,-0.499280812323377,0.0303213477184912,0,0,0,Q4,FALSE
AP2A1,0.270873069257863,0.205130078796522,0,0,0,Q1,TRUE
CAVIN2,-0.163193410461822,-0.202321248288541,0,0,0,Q3,TRUE
BAG2,0.19060542830622,-0.0318691203426322,0,0,0,Q2,FALSE
BAG3,0.2244604229098,0.161450039243931,0,0,0,Q1,TRUE
MLYCD,-0.196971253220035,-0.027758701808434,0,0,0,Q3,TRUE
AIFM1,-0.0241205698499982,-0.0440679312473087,0,0,0,Q3,TRUE
EML2,0.129122190410619,0.0519143605883698,0,0,0,Q1,TRUE
BPNT1,0.0935452749837609,-0.013874625802206,0,0,0,Q2,FALSE
DDAH2,0.34426342008123,0.00524344189226511,0,0,0,Q1,TRUE
ABHD16A,0.119101919984347,-0.464915264025649,0,0,0,Q2,FALSE
TXNDC12,0.397060728047698,-0.589857205576592,0,0,0,Q2,FALSE
NUDT3,-0.147645288747661,-0.111718206979901,0,0,0,Q3,TRUE
NDUFB10,-0.426659930851937,-0.0196912916024701,0,0,0,Q3,TRUE
CLPTM1,0.440859904964878,-0.210293936540076,0,0,0,Q2,FALSE
MOCS2,-0.240456655302236,-0.0251354534631432,0,0,0,Q3,TRUE
TOMM40,-0.303463396813171,0.0271183269532642,0,0,0,Q4,FALSE
PEX11B,-0.343564840369158,-0.252605872570561,0,0,0,Q3,TRUE
CYB5A,0.21739398599556,-0.136466366959606,0,0,0,Q2,FALSE
ADH1B,-0.855724646332305,-0.693862945007663,0,-1,-1,Q3,TRUE
LDHA,0.108092941092053,0.111434689383035,0,0,0,Q1,TRUE
ALDH1A1,-0.300884600336396,-0.248801751029376,0,0,0,Q3,TRUE
GLUD1,0.317078243226138,0.160524199453395,0,0,0,Q1,TRUE
CYB5R3,0.209018154079285,-0.0366201157399892,0,0,0,Q2,FALSE
GSR,0.150046078326572,0.0491598346435289,0,0,0,Q1,TRUE
MT-CO1,-0.435543398008281,0.284796510806366,1,0,0,Q4,FALSE
MT-CO2,-0.349055654539313,-0.0130102653349269,0,0,0,Q3,TRUE
MT-CO3,-0.528237570743197,-0.073274600152061,0,-1,0,Q3,TRUE
SOD1,-0.0718991967170339,-0.162051858885306,0,0,0,Q3,TRUE
CP,0.123149147845165,-0.029154303198311,0,0,0,Q2,FALSE
F13A1,0.683548143008405,0.125410763366681,0,0,0,Q1,TRUE
HPRT1,0.548187624609735,0.557168818158644,0,1,1,Q1,TRUE
GOT2,-0.071495279419775,0.0450240359674474,0,0,0,Q4,FALSE
PGK1,0.0544813859818518,0.0558556278686027,0,0,0,Q1,TRUE
AK1,0.130590574049354,-0.0356757286273819,0,0,0,Q2,FALSE
HP,0.302265593640609,-0.0603502163983762,0,0,0,Q2,FALSE
CFB,0.183029991501048,0.0354645150783206,0,0,0,Q1,TRUE
MT-ATP6,0.0303501171839358,-0.177177617811793,0,0,0,Q2,FALSE
CA2,0.0156859704137133,-0.0900418386691193,0,0,0,Q2,FALSE
ASS1,-0.246290358266315,-0.646283542739724,0,0,-1,Q3,TRUE
SERPINA1,0.0939053914918873,-0.0910250659511078,0,0,0,Q2,FALSE
SERPINA3,0.112686424843627,-0.0648741601956999,0,0,0,Q2,FALSE
AGT,0.0490266703906919,-0.150340026024953,0,0,0,Q2,FALSE
A2M,0.408335778484492,0.0677026297445629,0,0,0,Q1,TRUE
C3,0.2282065559966,-0.0291093115631753,0,0,0,Q2,FALSE
CST3,0.196708768662464,0.153277328900888,0,0,0,Q1,TRUE
CSTA,0.302197250291663,0.563149076360421,0,0,0,Q1,TRUE
JCHAIN,-0.142145722570724,-0.277193388657949,0,0,0,Q3,TRUE
IGKV3-20,0.0703043102959633,0.118900386043826,0,0,0,Q1,TRUE
IGHV3-7,0.284823296832108,0.36371087784196,0,0,0,Q1,TRUE
IGKC,0.393049733573577,0.367459339385142,0,0,0,Q1,TRUE
IGHG1,0.395315684872902,0.252939512512373,0,0,0,Q1,TRUE
IGHG2,0.444027676659406,0.17774074467377,0,0,0,Q1,TRUE
IGHG3,0.401281108335599,0.0521013444656795,0,0,0,Q1,TRUE
IGHM,0.350868904857762,0.186885977816548,0,0,0,Q1,TRUE
IGHA1,0.36683321441188,0.0828544352831493,0,0,0,Q1,TRUE
HLA-B,-0.612939288696593,0.103375425514376,0,0,0,Q4,FALSE
HLA-DRB1,-0.336167440635514,-0.185031100871885,0,0,0,Q3,TRUE
MB,-0.104787963637477,-0.111907625781761,0,0,0,Q3,TRUE
COL1A1,-1.19700493035064,0.0277522387629467,1,-1,0,Q4,FALSE
COL3A1,-1.16584385169291,0.3476617654077,1,-1,0,Q4,FALSE
COL4A1,-1.43599134701739,-0.079490400622209,1,-1,0,Q3,TRUE
CRYAB,0.352199000251421,0.361388616164568,0,0,0,Q1,TRUE
KRT14,-0.102525740690805,0.0171962894401858,0,0,0,Q4,FALSE
LMNA,-0.452587627970829,0.0851826282696528,0,0,0,Q4,FALSE
TNNC2,-0.302832506602815,0.258188569732127,0,0,0,Q4,FALSE
APOE,-0.0618715452289322,-0.108007628121761,0,0,0,Q3,TRUE
APOC2,0.0141614176785225,-0.134072769717061,0,0,0,Q2,FALSE
LRG1,0.184066539453781,-0.415372431567146,0,0,0,Q2,FALSE
FN1,-0.223712094685531,-0.136744638504574,0,0,0,Q3,TRUE
RBP4,-0.166513687280197,-0.267196962094705,0,0,0,Q3,TRUE
ORM1,0.238115579446958,-0.00142293011651873,0,0,0,Q2,FALSE
TTR,-0.213328570654014,0.0147392014839696,0,0,0,Q4,FALSE
ALB,0.208811430010456,-0.0223481173015223,0,0,0,Q2,FALSE
TFRC,0.0890529028668574,-0.533904744745637,0,0,0,Q2,FALSE
TF,0.178593477757058,0.0233822008309303,0,0,0,Q1,TRUE
FTL,-0.450695251568856,0.410452585187688,0,0,0,Q4,FALSE
FTH1,-0.642132098595287,0.120948351106104,0,0,0,Q4,FALSE
MT2A,-0.20194077267292,-0.534807706711916,0,0,0,Q3,TRUE
MT-ND1,-0.436445454884051,0.0180230743719392,0,0,0,Q4,FALSE
MT-ND2,-0.444312423762241,0.143118778633745,0,0,0,Q4,FALSE
MT-ND3,-0.469385178758664,-0.144824604970573,0,0,0,Q3,TRUE
MT-ND4,-0.517377943865874,-0.217864516383397,0,-1,0,Q3,TRUE
MT-ND5,-0.234511243869267,0.236067277216254,0,0,0,Q4,FALSE
MT-ATP8,0.213497012228796,0.0820754658926397,0,0,0,Q1,TRUE
CAT,-0.0417333910200739,-0.0585236784506407,0,0,0,Q3,TRUE
ALDOA,0.00988206842379569,-0.0139316276382466,0,0,0,Q2,FALSE
CSTB,-0.0676506191249864,0.0351784619756685,0,0,0,Q4,FALSE
ANXA1,0.591589266567823,0.238353792653626,0,1,0,Q1,TRUE
SOD2,-0.0424182440013965,-0.0623829307927366,0,0,0,Q3,TRUE
KRT1,-0.270540665663134,0.0318195618176702,0,0,0,Q4,FALSE
VWF,-0.0313396928653482,0.166013330574614,0,0,0,Q4,FALSE
GAPDH,0.174809763490764,0.186472443637154,0,0,0,Q1,TRUE
HLA-A,0.0865130158265721,0.126770221631102,0,0,0,Q1,TRUE
CAPNS1,0.132827344849591,0.106603165535613,0,0,0,Q1,TRUE
HSPB1,0.530237173204867,0.389604803888894,0,1,0,Q1,TRUE
RPN1,-0.00180654866722918,0.0056545404612045,0,0,0,Q4,FALSE
RPN2,0.142239528915891,0.00252147429364058,0,0,0,Q1,TRUE
GNAI2,0.00632867337198562,-0.0362081310865427,0,0,0,Q2,FALSE
ATP1A1,0.193923319108599,0.110490778728106,0,0,0,Q1,TRUE
ATP1B1,0.133026618941205,0.0787604396973514,0,0,0,Q1,TRUE
APOD,-0.266532605931566,-0.289924680596076,0,0,0,Q3,TRUE
ALDH2,0.116513369578037,-0.105935204475283,0,0,0,Q2,FALSE
S100A8,0.242639807526562,0.291311876448503,0,0,0,Q1,TRUE
SLC25A5,-9.5691804555997e-4,0.0264917620613225,0,0,0,Q4,FALSE
SERPING1,-0.155544674722737,0.0337186063894173,0,0,0,Q4,FALSE
PCCA,0.153902650377255,-0.0249179143631757,0,0,0,Q2,FALSE
PCCB,0.244258909175393,0.0240763165459406,0,0,0,Q1,TRUE
EIF2S1,0.104751320476066,0.0552554277123853,0,0,0,Q1,TRUE
RPLP1,-0.0185048236427079,0.00741548035007611,0,0,0,Q4,FALSE
RPLP2,0.0691504404936794,0.23276089879861,0,0,0,Q1,TRUE
RPLP0,0.0652782711333018,0.152113457249012,0,0,0,Q1,TRUE
FABP3,0.0467741557886256,-0.138141877479462,0,0,0,Q2,FALSE
CLEC3B,0.385474294585357,-0.0723166263302097,0,0,0,Q2,FALSE
SSB,-0.125071530765318,0.0126370032377068,0,0,0,Q4,FALSE
ITGB1,-0.0366845579846284,-0.115137311874463,0,0,0,Q3,TRUE
KRT18,-0.30686465481152,0.274985458511853,0,0,0,Q4,FALSE
KRT8,-0.307777864684201,-0.00361581556792245,0,0,0,Q3,TRUE
MYL1,-0.37881511864164,0.406239779423018,0,0,0,Q4,FALSE
GSN,0.525632423104604,0.473493404400251,0,1,0,Q1,TRUE
PTMA,-0.0840054393822225,0.041834856052466,0,0,0,Q4,FALSE
ATP5F1B,0.0790780045021009,0.0878672734214057,0,0,0,Q1,TRUE
S100A9,0.153143819814503,0.343179755421524,0,0,0,Q1,TRUE
S100A6,1.25839204025404,0.531965706785055,0,1,0,Q1,TRUE
EIF4E,-0.0666516155030088,-0.0676842055845555,0,0,0,Q3,TRUE
CKM,-0.0170753547201627,-0.0604518979395294,0,0,0,Q3,TRUE
ENO1,0.081272592371576,0.14353638720452,0,0,0,Q1,TRUE
PYGL,0.230260144495698,-0.056142586363503,0,0,0,Q2,FALSE
GPI,0.074588683182288,0.083712851372141,0,0,0,Q1,TRUE
NPM1,-0.0219601733906849,-0.00783521200336068,0,0,0,Q3,TRUE
TPM3,-0.769440965324904,0.178715198449826,1,-1,0,Q4,FALSE
EPHX1,0.249822306565989,-0.0190810989872254,0,0,0,Q2,FALSE
DBI,-0.224691909200615,-0.235857514966135,0,0,0,Q3,TRUE
LDHB,0.108785718949115,-0.0791496457339811,0,0,0,Q2,FALSE
GPX1,-0.188035985770728,-0.142649178812199,0,0,0,Q3,TRUE
P4HB,0.108319484115402,0.00696968934706632,0,0,0,Q1,TRUE
H1-0,-0.719498118367369,-0.236482002023433,0,-1,0,Q3,TRUE
CTSD,-0.0948171503727515,-0.157154345692245,0,0,0,Q3,TRUE
ANXA2,0.273661044135732,0.143198071832561,0,0,0,Q1,TRUE
CAPN1,0.053794718477608,-0.0528442439185532,0,0,0,Q2,FALSE
TUBB,0.291228208698541,0.21193508101388,0,0,0,Q1,TRUE
CA3,0.210143122757007,-0.07304388975394,0,0,0,Q2,FALSE
DCN,-0.364366721719833,-0.0566655430234739,0,0,0,Q3,TRUE
PSAP,-0.14749254558615,-0.147287780642483,0,0,0,Q3,TRUE
PFN1,0.129403649860741,-5.3637755824809e-4,0,0,0,Q2,FALSE
BPGM,-0.225698748537297,-0.0653217327340307,0,0,0,Q3,TRUE
APRT,0.0731987616540373,0.0917967110574338,0,0,0,Q1,TRUE
EPRS1,0.19676140498385,6.2236131119419e-4,0,0,0,Q1,TRUE
CTSB,0.0572581215353054,0.156751989601215,0,0,0,Q1,TRUE
HSP90AA1,0.112863612584494,0.0377977555124609,0,0,0,Q1,TRUE
UQCRH,-0.108743130168516,0.0566862136663566,0,0,0,Q4,FALSE
TPM2,-0.435967150752479,0.259779320432184,0,0,0,Q4,FALSE
FH,0.087054601392488,0.123294114681709,0,0,0,Q1,TRUE
COL1A2,-1.35904425823285,-0.0831668059391681,1,-1,0,Q3,TRUE
ANXA6,0.0531288932956748,0.0743143757465177,0,0,0,Q1,TRUE
PFKM,0.164602949752961,-0.0174930083265217,0,0,0,Q2,FALSE
HSP90AB1,0.189255416770933,0.0681554031573341,0,0,0,Q1,TRUE
SOD3,-0.340365390737027,-0.432137351211086,0,0,0,Q3,TRUE
CTSG,-2.09534212067371,0.100214819589691,1,-1,0,Q4,FALSE
PDHA1,0.00306466580891396,3.1481829488555e-4,0,0,0,Q1,TRUE
COL4A2,-1.07121852756395,-0.0443363744771013,1,-1,0,Q3,TRUE
CYC1,-0.158618084892698,0.0646615970749984,0,0,0,Q4,FALSE
MYL3,-0.890363080598252,0.046430568793081,1,-1,0,Q4,FALSE
CFH,-0.0209657439226554,0.101712665662632,0,0,0,Q4,FALSE
NFIC,-0.58192831838446,-0.128811118015729,0,-1,0,Q3,TRUE
VIM,0.0357734943495309,0.183508460477331,0,0,0,Q1,TRUE
SERPINF2,0.00269248513104614,0.0710483858687176,0,0,0,Q1,TRUE
RPS17,0.0635253721264135,0.26504413970725,0,0,0,Q1,TRUE
KRT19,-0.256051322935313,0.180913900344756,0,0,0,Q4,FALSE
ANXA5,0.128738291237298,-0.048067870142944,0,0,0,Q2,FALSE
RPSA,6.8151215817025e-4,0.210263379407952,0,0,0,Q1,TRUE
SNRPA,-0.314175438439818,0.0692005777206752,0,0,0,Q4,FALSE
ENO2,-0.0125831797818137,0.190923032992451,0,0,0,Q4,FALSE
ACAA1,0.0812816731297197,-0.0837437366148777,0,0,0,Q2,FALSE
GSTP1,-0.0148060520474189,-0.199603332451918,0,0,0,Q3,TRUE
LGALS1,-0.046230040313116,0.00108439714173514,0,0,0,Q4,FALSE
QDPR,-0.228939850623092,-0.149443129957859,0,0,0,Q3,TRUE
HMGB1,-0.272675186664614,-0.119476770319334,0,0,0,Q3,TRUE
FBP1,-0.0560057607192235,-0.234481561739006,0,0,0,Q3,TRUE
GSTM1,-0.331190124658029,0.59929598335578,0,0,0,Q4,FALSE
TPM1,-0.420562412568444,0.301163569116294,0,0,0,Q4,FALSE
CLTB,0.296784252170678,-0.0160309575488569,0,0,0,Q2,FALSE
ANXA4,0.238488491704427,0.0845702681907525,0,0,0,Q1,TRUE
HMOX1,-0.721795546024588,-0.179880718367933,0,0,0,Q3,TRUE
DLD,-0.00169414601779394,-0.0454864162072255,0,0,0,Q3,TRUE
HNRNPA1,-0.132471763215229,-0.0539645785609899,0,0,0,Q3,TRUE
COX6C,-0.393486959332698,0.0982245560751629,0,0,0,Q4,FALSE
PARP1,-0.170062814510953,0.119195203701416,0,0,0,Q4,FALSE
IFIT2,-0.0273761324571176,-0.124226867890918,0,0,0,Q3,TRUE
UCHL1,0.901616318931652,0.123638747187652,-1,1,0,Q1,TRUE
LTA4H,0.00896824890397596,-0.0429783733277205,0,0,0,Q2,FALSE
ALDOC,0.383278406339741,0.215958928031942,0,0,0,Q1,TRUE
LIMS3,-0.123527136335831,0.17241453981546,0,0,0,Q4,FALSE
HSPA1A,-0.0140320238127494,-0.109490070749853,0,0,0,Q3,TRUE
IGLC2,0.410198831563225,0.326010878960449,0,0,0,Q1,TRUE
IGLC3,0.373114775608446,0.270418658674732,0,0,0,Q1,TRUE
CALM1,0.181567018314706,0.158531382573258,0,0,0,Q1,TRUE
FDX1,-0.0803975273721598,-0.224564957749884,0,0,0,Q3,TRUE
COX8A,-0.0667538003195851,0.107320805498546,0,0,0,Q4,FALSE
GAA,-0.0116819885935939,-0.0621012762562252,0,0,0,Q3,TRUE
RRAS,-0.00844024231031781,-0.0288209590902433,0,0,0,Q3,TRUE
ARAF,0.0672477913150846,-0.0961382020601427,0,0,0,Q2,FALSE
DLAT,0.0166074189977579,-0.0287941439545207,0,0,0,Q2,FALSE
TXN,-0.104973808250403,-0.0766314954698295,0,0,0,Q3,TRUE
COX5B,-0.313296089687046,0.129821857724618,0,0,0,Q4,FALSE
MAPT,0.339716951952159,0.070637181800258,0,0,0,Q1,TRUE
PRKAR1A,0.111489318874053,-0.0018254226552088,0,0,0,Q2,FALSE
ESD,-0.113966144780477,-0.0508102858773931,0,0,0,Q3,TRUE
HSPD1,0.0723133260586444,0.035797437262616,0,0,0,Q1,TRUE
THRB,-0.626406975808532,0.268865354694857,0,0,0,Q4,FALSE
CLU,0.232692522488229,-0.0913173821342461,0,0,0,Q2,FALSE
MYL2,-0.950280276505598,0.217752391450713,1,-1,0,Q4,FALSE
HSPA5,0.158280313552943,0.075064079596487,0,0,0,Q1,TRUE
LAMC1,-0.848722851479117,0.0146007670413937,1,-1,0,Q4,FALSE
MYH3,-1.15059405682265,-0.408137025160585,0,-1,0,Q3,TRUE
HSPA8,0.155016971629951,0.0162164733244623,0,0,0,Q1,TRUE
EPB41,0.151538282035574,0.265067357127183,0,0,0,Q1,TRUE
PDHB,0.0286133862735944,-0.0214995270684994,0,0,0,Q2,FALSE
DBT,-0.0161425315275636,-0.0440558218000469,0,0,0,Q3,TRUE
PYGB,-0.0243319855281854,-0.126675884454901,0,0,0,Q3,TRUE
PYGM,0.0896653307481401,-0.118571809112719,0,0,0,Q2,FALSE
RALA,-0.239876956795456,-0.00694038752275716,0,0,0,Q3,TRUE
SPTB,-0.00919466798526614,-0.0857301756277309,0,0,0,Q3,TRUE
LAMP1,0.086346640970568,0.0604320931192852,0,0,0,Q1,TRUE
ACADM,0.0877902156711272,0.0958893733227129,0,0,0,Q1,TRUE
UBL4A,0.231026704608333,-0.125251853848159,0,0,0,Q2,FALSE
DMD,-0.0738638569047119,-0.14385798015525,0,0,0,Q3,TRUE
MTHFD1,0.0581915988275625,-0.0444681930653559,0,0,0,Q2,FALSE
ADH5,-0.0761010171812941,-0.0980707793746021,0,0,0,Q3,TRUE
PABPC1,-0.0697329488695679,-0.0446388311671022,0,0,0,Q3,TRUE
HARS1,0.1411530287087,-6.5710546956054e-4,0,0,0,Q2,FALSE
COL6A1,-0.760871677595091,0.119372003510637,0,-1,0,Q4,FALSE
COL6A2,-0.511738503025285,0.255478256069079,0,0,0,Q4,FALSE
COL6A3,-0.477141224826166,0.256056853345868,0,0,0,Q4,FALSE
SLC25A4,0.0138070012693809,0.0466639129729742,0,0,0,Q1,TRUE
SLC25A6,0.102664008349375,0.00845857988122489,0,0,0,Q1,TRUE
IMPDH2,-0.0437777193269753,0.116384044133135,0,0,0,Q4,FALSE
CKB,-0.0532628840035478,-0.0670487299297768,0,0,0,Q3,TRUE
ANXA3,-0.48597436725451,-0.573610715397638,0,0,-1,Q3,TRUE
BCKDHA,-0.108837908636751,-0.127423328126838,0,0,0,Q3,TRUE
ACTN1,-0.938365579991878,0.383382494768878,1,0,0,Q4,FALSE
MYH1,-0.639852664463273,-0.114652891278805,0,0,0,Q3,TRUE
MYH7,-0.694210512386469,0.25466300110435097,1,0,0,Q4,FALSE
PEPD,-0.0121774667130161,-0.142690127305666,0,0,0,Q3,TRUE
XRCC6,-0.123099146352423,0.024948126110381,0,0,0,Q4,FALSE
XRCC5,-0.0830609290730742,-0.0720697894502251,0,0,0,Q3,TRUE
COX4I1,-0.281061112798362,-0.00736315293697132,0,0,0,Q3,TRUE
IFITM1,-0.334793568056906,-0.11532312140535,0,0,0,Q3,TRUE
LAMP2,-0.14355616442311,-0.135193644014702,0,0,0,Q3,TRUE
RNH1,-0.0247147899025819,-0.0846890775720937,0,0,0,Q3,TRUE
MYH8,-0.102130530004224,0.0124014520625941,0,0,0,Q4,FALSE
VCAN,0.0105529358547862,-0.313168295188415,0,0,0,Q2,FALSE
EEF2,0.00852704166753071,0.0827128346204127,0,0,0,Q1,TRUE
KRT10,-0.258001383772044,0.136749657919186,0,0,0,Q4,FALSE
KRT5,-0.137861567026945,0.0619281687247053,0,0,0,Q4,FALSE
PDIA4,0.296846881475002,0.300810852468921,0,0,0,Q1,TRUE
TPT1,-0.16097935688639,-0.0531362331714433,0,0,0,Q3,TRUE
ALAD,0.0438778989326778,0.0862554017126591,0,0,0,Q1,TRUE
LCP1,0.0150074106850653,0.324724060840843,0,0,0,Q1,TRUE
PLS3,-0.0633035723202973,0.179756433486052,0,0,0,Q4,FALSE
APEH,0.16241492923389,0.0234573225120478,0,0,0,Q1,TRUE
ETFA,-0.00408331788131022,-0.10048887132065,0,0,0,Q3,TRUE
TNNT1,-0.754726049889989,0.0870354122696355,0,-1,0,Q4,FALSE
GYS1,0.239191574405712,0.103558134082324,0,0,0,Q1,TRUE
PRKAR2A,0.0824179543773518,-0.024796219757512,0,0,0,Q2,FALSE
ENO3,0.0103418965796891,0.144600036264322,0,0,0,Q1,TRUE
CD59,0.0549364568067077,-0.0492315909106722,0,0,0,Q2,FALSE
MIF,0.155484374379547,0.0699682250774565,0,0,0,Q1,TRUE
CD99,0.310068094102711,0.300893770189244,0,0,0,Q1,TRUE
PRKCSH,0.136539649189448,-0.0140064572014431,0,0,0,Q2,FALSE
FDPS,-0.0459910400969399,-0.035361424613555,0,0,0,Q3,TRUE
COX7A2,-0.271128214649973,0.139685310103182,0,0,0,Q4,FALSE
NID1,-0.764715464459382,0.115665568839113,1,-1,0,Q4,FALSE
AKR1A1,0.102863326435024,-0.00599662367011433,0,0,0,Q2,FALSE
PKM,0.0622053189508698,0.142514377357784,0,0,0,Q1,TRUE
ACYP2,0.124975106155595,0.0613228027865773,0,0,0,Q1,TRUE
HSP90B1,0.21815797831761,0.117694969329541,0,0,0,Q1,TRUE
MYL6B,0.0282351812052539,0.192241314329859,0,0,0,Q1,TRUE
SLC2A4,0.631444996968025,0.404406921465949,0,0,0,Q1,TRUE
IDE,-0.069144697544079,0.0892651822885995,0,0,0,Q4,FALSE
COX6B1,-0.344185940331776,0.100441922275312,0,0,0,Q4,FALSE
HNRNPL,-0.238629319001689,0.143849725202852,0,0,0,Q4,FALSE
DARS1,0.340907986028778,0.0546548136505081,0,0,0,Q1,TRUE
JUP,0.202378481135415,0.251084515220459,0,0,0,Q1,TRUE
UQCRB,-0.0865840734477104,0.0700112556476107,0,0,0,Q4,FALSE
CPA3,-0.535149258705317,-0.308658245229012,0,0,0,Q3,TRUE
FABP4,-0.0142272399078252,-0.133298562723134,0,0,0,Q3,TRUE
GLUL,-0.122624805797731,-0.258700812688563,0,0,0,Q3,TRUE
AKR1B1,0.0507591100684053,-0.0984607813071783,0,0,0,Q2,FALSE
GSPT1,0.0691640882302522,0.0107538781261667,0,0,0,Q1,TRUE
PGAM2,-0.154807606463599,-0.0281237221197266,0,0,0,Q3,TRUE
EZR,0.728895863528038,0.19700264423513,0,1,0,Q1,TRUE
UCHL3,0.0198664980646299,0.104993555995627,0,0,0,Q1,TRUE
NME1,0.179694724727696,0.136621888416524,0,0,0,Q1,TRUE
RPS2,0.262607123101461,0.270116116228127,0,0,0,Q1,TRUE
RPA2,-0.958334549448672,0.0235179733657418,1,-1,0,Q4,FALSE
COX7C,-0.334590511622189,0.0322409378152209,0,0,0,Q4,FALSE
NQO2,-0.563682862287493,-0.258764567134204,0,0,0,Q3,TRUE
PFKFB1,-0.127335917302144,0.357693912816263,0,0,0,Q4,FALSE
CBR1,0.426299630244021,0.235342839357365,0,1,0,Q1,TRUE
ANK1,0.190284380771914,0.247293360718597,0,0,0,Q1,TRUE
ACADS,-0.158981624782552,-0.339932721352849,0,0,0,Q3,TRUE
PPP3CB,-0.19443347375335,-0.177654789952005,0,0,0,Q3,TRUE
ATP2A2,-0.00579268245012798,-0.2200672476745,0,0,0,Q3,TRUE
CD36,0.101654753522908,0.093590531569614,0,0,0,Q1,TRUE
FAH,0.0763397795998166,-0.0131663737830863,0,0,0,Q2,FALSE
YBX3,-0.124481182938879,-0.074016544931844,0,0,0,Q3,TRUE
TMEM11,-0.264944809248604,0.0753618951406168,0,0,0,Q4,FALSE
GOT1,-0.131396808176945,-0.0978622280949466,0,0,0,Q3,TRUE
CKMT2,-0.00192859555097868,0.0757231004791734,0,0,0,Q4,FALSE
NDUFB7,-0.535843529136557,-0.055873325065761,0,-1,0,Q3,TRUE
PRKACA,0.0826087659931218,0.042129091171919,0,0,0,Q1,TRUE
CAPN2,0.346331085178388,0.202750328100834,0,1,0,Q1,TRUE
DES,-0.253000953760107,0.209560048050989,0,0,0,Q4,FALSE
PFKL,0.145573354548251,0.0224401924869078,0,0,0,Q1,TRUE
LGALS3,0.461436895257286,0.334018949915343,0,0,0,Q1,TRUE
FLT1,-1.66322553066975,0.042338227563917,1,-1,0,Q4,FALSE
PSMC3,0.063488557959662,0.0689800316583771,0,0,0,Q1,TRUE
TCP1,0.222097663677143,0.097871087764652,0,0,0,Q1,TRUE
RPL35A,-0.0856560123361163,-0.0163204006963795,0,0,0,Q3,TRUE
ARF4,0.0578921124841969,-0.01880227438944,0,0,0,Q2,FALSE
RPL7,0.231841510861987,0.214295452978551,0,0,0,Q1,TRUE
VCL,0.148587578907307,0.0616869628652026,0,0,0,Q1,TRUE
RPL17,0.0612708367063064,0.141188316478011,0,0,0,Q1,TRUE
PGAM1,-0.0681316863051578,0.0457276588154016,0,0,0,Q4,FALSE
ATP5PF,0.132637206096923,0.0902428798645936,0,0,0,Q1,TRUE
TSPAN8,-0.344658077476851,-0.44638449233193,0,0,0,Q3,TRUE
TNNI1,-0.710740638503417,0.0606248073274749,0,-1,0,Q4,FALSE
NCL,-0.155794185508483,0.0186555545296869,0,0,0,Q4,FALSE
HK1,0.140430537750611,0.146618975896452,0,0,0,Q1,TRUE
NDUFV2,-0.456290651399691,0.0308460266405852,0,-1,0,Q4,FALSE
SRM,0.557027396609929,0.140354674461825,0,0,0,Q1,TRUE
TYMP,0.0343633394641323,0.131738280287419,0,0,0,Q1,TRUE
ATP2B1,0.102999451643065,-0.11521591577373,0,0,0,Q2,FALSE
EIF2S2,0.0547354706753929,0.0702147159189721,0,0,0,Q1,TRUE
ANXA7,-0.0376176819492571,-0.104355068445276,0,0,0,Q3,TRUE
TPSB2,-0.202481024511265,0.109753226157626,0,0,0,Q4,FALSE
BTF3,0.0489028809354366,-0.00100453134644951,0,0,0,Q2,FALSE
RAB6A,0.437319946640716,0.0818708881636887,0,1,0,Q1,TRUE
PVALB,-0.898901032856514,-0.653367461720496,0,0,0,Q3,TRUE
PSMB1,0.0217476903964595,0.00385021408882835,0,0,0,Q1,TRUE
COX5A,-0.321567385750747,0.0488993994964879,0,0,0,Q4,FALSE
CAPN3,0.0108638239714445,0.116063599725365,0,0,0,Q1,TRUE
CAST,0.201592890741839,0.190397279845723,0,0,0,Q1,TRUE
NEB,-0.0306032144944552,-0.0424574050404409,0,0,0,Q3,TRUE
PTMS,0.0961988938048393,-0.0324915155507313,0,0,0,Q2,FALSE
GSTM3,-0.0259515232128216,0.0548713963771839,0,0,0,Q4,FALSE
ATP6V1B2,-0.004882729710733,-0.0782747844761182,0,0,0,Q3,TRUE
CSRP1,0.109879627036609,0.425019318603837,0,0,0,Q1,TRUE
FLNA,0.478550704014836,0.267509480169746,0,0,0,Q1,TRUE
MAOA,-0.507842763574224,-0.19409511276482,0,-1,0,Q3,TRUE
ACO1,-0.0551399039912432,-0.100489738553783,0,0,0,Q3,TRUE
GPD1,-0.0270967029869205,-0.0416130000407335,0,0,0,Q3,TRUE
VDAC1,-0.306303988423284,-0.134084989912065,0,0,0,Q3,TRUE
BGN,-0.391958870693816,-0.0247055207440248,0,0,0,Q3,TRUE
RYR1,0.0111514404083657,-0.0591987419092064,0,0,0,Q2,FALSE
SDHB,0.00936922766261006,-0.0673678495306937,0,0,0,Q2,FALSE
COMT,0.0262779278628784,0.0691465799503881,0,0,0,Q1,TRUE
TGM2,-0.216062482136476,0.383619298789654,0,0,0,Q4,FALSE
MMUT,0.0660066429433925,0.052379368981839,0,0,0,Q1,TRUE
OSBP,-0.118101216097067,0.0195532535953298,0,0,0,Q4,FALSE
PCMT1,-0.0355885415146666,-0.0459454504332939,0,0,0,Q3,TRUE
GART,0.222664742353253,0.0443248718843066,0,0,0,Q1,TRUE
PAICS,0.110442673205185,0.00688458292739469,0,0,0,Q1,TRUE
SCP2,0.125773132225767,0.227488814662227,0,0,0,Q1,TRUE
UBA1,0.102091377680445,-0.0421670065022788,0,0,0,Q2,FALSE
GPX3,-0.337720270765296,-0.411396401870583,0,0,0,Q3,TRUE
NME2,0.290910460828865,0.19728584284184,0,0,0,Q1,TRUE
FDXR,-0.267933839604073,0.00872361103186492,0,0,0,Q4,FALSE
HNRNPA2B1,-0.271797967738959,0.00472617100226813,0,0,0,Q4,FALSE
UQCRC2,-0.143474464270334,0.0639530362469287,0,0,0,Q4,FALSE
FECH,0.0419303224751779,0.032498909730716,0,0,0,Q1,TRUE
AMPD1,-0.0270990150041897,0.0294238561630422,0,0,0,Q4,FALSE
FBLN1,0.0809958335203547,-0.139226381778084,0,0,0,Q2,FALSE
SFPQ,-0.108593301391679,0.127889624571011,0,0,0,Q4,FALSE
PPIB,0.137330322704958,0.300218289186873,0,0,0,Q1,TRUE
S100A1,0.158112235969519,-0.041926217841258,0,0,0,Q2,FALSE
HRC,0.30207570577771,0.0357432950452221,0,0,0,Q1,TRUE
ME2,0.3829136589797,0.179270992703579,0,0,0,Q1,TRUE
WARS1,0.0502295493065894,-0.107327093869728,0,0,0,Q2,FALSE
RPS3,0.150184530097111,0.156288651060827,0,0,0,Q1,TRUE
GCSH,-0.0277671587125923,-0.115624846768057,0,0,0,Q3,TRUE
AHCY,0.133111373055758,-0.0815797318116616,0,0,0,Q2,FALSE
CFL1,0.0966691914396769,0.05698141901863,0,0,0,Q1,TRUE
EIF4B,-0.011162100041691,-0.135932075415568,0,0,0,Q3,TRUE
ATP2B4,0.04407309288748,-0.054007742177248,0,0,0,Q2,FALSE
CPT2,-0.143431550877381,-0.15267270549613,0,0,0,Q3,TRUE
LAMA2,-0.388065657046127,0.082135020418928,0,0,0,Q4,FALSE
GPT,-0.323058547920741,-0.223228359545111,0,0,0,Q3,TRUE
COX7A1,-0.367290067176882,0.020159429312308,0,0,0,Q4,FALSE
COX7B,-0.600978201554256,-0.0303663691478064,0,-1,0,Q3,TRUE
EEF1B2,0.223127965669139,0.0778975341469348,0,0,0,Q1,TRUE
ATP5PB,0.122473639439399,-0.0806927949707372,0,0,0,Q2,FALSE
ACP1,-0.359349412907161,0.0365211692831018,0,-1,0,Q4,FALSE
ACAT1,-0.0897619998531276,-0.112857986434637,0,0,0,Q3,TRUE
MYL9,-0.228311877420968,0.42342524038369,0,0,0,Q4,FALSE
AZGP1,-0.0341877423044608,-0.157494353293806,0,0,0,Q3,TRUE
MPST,0.0504862102945332,-0.265757336447994,0,0,0,Q2,FALSE
RPS12,-0.0502798180575788,0.28557285907209,0,0,0,Q4,FALSE
DNAJB2,-0.196973335202852,-0.210293469101721,0,0,0,Q3,TRUE
ATP5F1A,0.111789285054268,0.0112478079939287,0,0,0,Q1,TRUE
PSMA1,0.100687807263625,0.00481344133135408,0,0,0,Q1,TRUE
PSMA2,0.0884418194899261,0.0115149211385912,0,0,0,Q1,TRUE
PSMA3,0.148962393445977,0.00963986902243263,0,0,0,Q1,TRUE
PSMA4,0.0885241295800796,0.0740384145772524,0,0,0,Q1,TRUE
MSN,0.49489887823032,0.248108817087171,0,1,0,Q1,TRUE
DDX6,-0.116319214303456,-0.093943993344908,0,0,0,Q3,TRUE
U2AF2,-0.113316715325997,0.176635179747336,0,0,0,Q4,FALSE
RPL13,0.247635830846171,0.151534469834793,0,0,0,Q1,TRUE
IVD,-0.0557858270654705,-0.0344080848283568,0,0,0,Q3,TRUE
S100A4,1.08168039991493,0.438169070656723,0,1,0,Q1,TRUE
HMGB2,-0.10523774292685,-0.204836764548311,0,0,0,Q3,TRUE
TARS1,0.429354447681373,0.154010092072635,0,0,0,Q1,TRUE
VARS1,0.516446085754211,0.153952587191856,0,1,0,Q1,TRUE
EEF1G,0.246745392458049,0.164936871928351,0,0,0,Q1,TRUE
PLN,0.142985757439799,-0.142547350838928,0,0,0,Q2,FALSE
FKBP2,-0.330926342708366,-0.102604789749304,0,0,0,Q3,TRUE
STOM,-0.145373145295078,-0.0120540456392355,0,0,0,Q3,TRUE
MAOB,-0.42395842565762,-0.182824012056194,0,-1,0,Q3,TRUE
YWHAQ,0.0611049763674671,0.0295101635701727,0,0,0,Q1,TRUE
MAPK3,-0.166606442295517,-0.155556091897026,0,0,0,Q3,TRUE
RPL10,0.09558779880064,0.353655277940067,0,0,0,Q1,TRUE
RPA1,-0.135700353581122,-0.111690736118046,0,0,0,Q3,TRUE
APEX1,-0.0368633071546185,0.0755034193351278,0,0,0,Q4,FALSE
CALR,0.0906695656664382,-0.0506344917003645,0,0,0,Q2,FALSE
MAP4,0.253653933419361,0.0348449901170156,0,0,0,Q1,TRUE
CANX,0.177855058694234,0.0439846542238378,0,0,0,Q1,TRUE
PSMA5,0.110352592211559,0.0313013137314719,0,0,0,Q1,TRUE
PSMB4,0.099986774489377,0.0442620906310545,0,0,0,Q1,TRUE
PSMB6,0.0647986053440981,-0.0623026871875538,0,0,0,Q2,FALSE
PSMB5,0.118568335531894,-0.103869033039359,0,0,0,Q2,FALSE
GSTM2,0.0851534970847219,0.0663945651905742,0,0,0,Q1,TRUE
TMOD1,-0.0381049014820967,0.10850239819964,0,0,0,Q4,FALSE
NDUFS1,-0.360337953746836,0.00907874685172061,0,0,0,Q4,FALSE
MAPK1,0.0665584397049059,0.20264338834273601,0,0,0,Q1,TRUE
RBL1,-0.0485399146592087,0.0306915013760154,0,0,0,Q4,FALSE
LAP3,0.19086111298099,0.0696228744262619,0,0,0,Q1,TRUE
CD38,-0.16963266560596,-0.0613423059096263,0,0,0,Q3,TRUE
TPP2,0.0811096828677869,0.0111278917225768,0,0,0,Q1,TRUE
IMPA1,-0.0724483672188327,-0.069057141495179,0,0,0,Q3,TRUE
EPHA2,0.0850065875673849,-0.0360858748781467,0,0,0,Q2,FALSE
TKT,0.214880702034538,0.141122345824101,0,0,0,Q1,TRUE
EEF1D,0.254842729919531,0.0408536622691855,0,0,0,Q1,TRUE
MARCKS,0.424181586698857,0.134985555513129,0,0,0,Q1,TRUE
GNA11,-0.344221863407036,-0.210767355706423,0,0,0,Q3,TRUE
ALDH4A1,0.078030452950447,-0.0532143833254644,0,0,0,Q2,FALSE
ERP29,0.0415532835609831,0.0957922030666154,0,0,0,Q1,TRUE
PRDX6,-0.135529362969141,-0.177594964151556,0,0,0,Q3,TRUE
BLVRB,-0.0545595724310601,-0.0427362054298506,0,0,0,Q3,TRUE
PRDX5,0.157472634667695,0.0815575401809916,0,0,0,Q1,TRUE
DDT,-0.0167704165932534,0.0677047104280177,0,0,0,Q4,FALSE
PRDX3,0.159099639198928,0.135914198771765,0,0,0,Q1,TRUE
ATP5F1D,0.0930705753887331,-0.0553225129085071,0,0,0,Q2,FALSE
RPL12,0.14370999668521,0.321457162267617,0,0,0,Q1,TRUE
ECHS1,0.0587851795608074,0.00943661608175006,0,0,0,Q1,TRUE
CMPK1,-0.0404852291992022,-0.0679556399098722,0,0,0,Q3,TRUE
PEBP1,-0.0467535755449724,-0.180650172287091,0,0,0,Q3,TRUE
PDIA3,0.230932534846378,0.134510732975361,0,0,0,Q1,TRUE
PPP2R1A,0.147263517397825,0.00802245403529867,0,0,0,Q1,TRUE
PPIF,-0.0364498567295755,0.0270756037868196,0,0,0,Q4,FALSE
NMT1,-0.236338192033291,-0.129569641379199,0,0,0,Q3,TRUE
ADSS2,-0.103910544735314,0.105777506593192,0,0,0,Q4,FALSE
LRPAP1,-0.125207886883054,-0.00311740285939877,0,0,0,Q3,TRUE
TSPO,0.204977120708939,0.00629369153552872,0,0,0,Q1,TRUE
ADSL,-0.155590166137618,-0.10629844680081,0,0,0,Q3,TRUE
CLIP1,0.102573425106133,-0.119621686130365,0,0,0,Q2,FALSE
SRI,0.0161708103721558,0.09191915822597,0,0,0,Q1,TRUE
SERPINB1,0.170696797662682,0.0596501460682823,0,0,0,Q1,TRUE
ALDH1B1,1.2554988798302,0.406396119049365,-1,1,0,Q1,TRUE
SDHA,0.0769064900059924,-0.0164903149755595,0,0,0,Q2,FALSE
GDI1,-0.166814867735777,-0.134576253901255,0,0,0,Q3,TRUE
MAT2A,-0.0664543941141531,-0.09966533609904,0,0,0,Q3,TRUE
CASQ1,0.0623353813853207,0.243153559326128,0,0,0,Q1,TRUE
DNAJA1,0.437619354646934,0.074888356221134,0,0,0,Q1,TRUE
AKT2,0.0332142023536086,0.257128196440714,0,0,0,Q1,TRUE
UQCRC1,-0.111861706229153,0.0669945764688968,0,0,0,Q4,FALSE
HIBADH,-0.029852671646136,0.012577687157421,0,0,0,Q4,FALSE
ATIC,0.201279182678054,0.0799489577967236,0,0,0,Q1,TRUE
HNRNPH3,-0.289375093433215,-0.127495578035422,0,0,0,Q3,TRUE
HNRNPH1,-0.236831699156824,0.181092355295181,0,0,0,Q4,FALSE
YWHAB,0.0820128658460959,0.0380475792902004,0,0,0,Q1,TRUE
STIP1,0.109927167043175,-0.00340134908908141,0,0,0,Q2,FALSE
S100A11,0.544005205040204,0.19300958027295,0,1,0,Q1,TRUE
PRDX2,0.109232202500088,0.0580799879181733,0,0,0,Q1,TRUE
GBP2,0.0607785770375102,-0.053033363210762,0,0,0,Q2,FALSE
ACSL1,0.00788722855995161,-0.0545567533906315,0,0,0,Q2,FALSE
KIF5B,0.239150549119547,0.213242354423265,0,0,0,Q1,TRUE
MCM5,0.0415742944184281,0.0528117924611493,0,0,0,Q1,TRUE
SHMT1,-0.204146190622097,-0.245898684652335,0,0,0,Q3,TRUE
SHMT2,0.0695127393124153,0.295434703910072,0,0,0,Q1,TRUE
HSPA4,0.208235564790861,0.027707371057037,0,0,0,Q1,TRUE
MPI,-0.0516962622729871,-0.0903805325069271,0,0,0,Q3,TRUE
GPC1,-0.162348039388647,-0.283670587812566,0,0,0,Q3,TRUE
PFN2,0.157301041112124,0.0214574313112088,0,0,0,Q1,TRUE
CTNNA1,-0.0446037777368762,0.0187584409059713,0,0,0,Q4,FALSE
SERPINB6,-0.0267724986126936,0.0989239240975692,0,0,0,Q4,FALSE
RDX,-0.0848823377077252,-0.101282913052476,0,0,0,Q3,TRUE
RPA3,-0.252687513615584,0.0148456796220344,0,0,0,Q4,FALSE
RPL22,-0.0287962655600857,0.384118638600516,0,0,0,Q4,FALSE
SPR,-0.0106074874920239,-0.105126775849595,0,0,0,Q3,TRUE
THBS4,-0.0734501156326459,0.476768972242901,0,0,0,Q4,FALSE
FBN1,-0.820336796564387,-0.380896433620137,0,-1,0,Q3,TRUE
AGL,0.0351033329413788,0.03973895357759,0,0,0,Q1,TRUE
MYH9,0.113753248127864,0.329390568192792,0,0,0,Q1,TRUE
COPB2,0.164012061243728,0.146020670915597,0,0,0,Q1,TRUE
ACTN2,-0.883962305762655,0.493257794093587,1,0,0,Q4,FALSE
ADD1,0.454678977122359,0.0703451598247433,0,0,0,Q1,TRUE
BSG,-0.0342227251293075,0.131877959643706,0,0,0,Q4,FALSE
FUS,-0.131310893253023,0.00914363132776685,0,0,0,Q4,FALSE
DEK,-0.110318972063599,-0.00749513392794654,0,0,0,Q3,TRUE
MYH11,0.108672165999177,0.454280348342873,0,0,0,Q1,TRUE
GLRX,-0.246065040667489,-0.172604342527194,0,0,0,Q3,TRUE
PPM1A,0.129574098938292,0.0237109175786152,0,0,0,Q1,TRUE
KRT2,-0.328504135135983,0.119200198041202,0,0,0,Q4,FALSE
HMGCL,0.0808400584696116,0.0062106264788504,0,0,0,Q1,TRUE
PSMC2,0.142043646881156,0.0516259198300872,0,0,0,Q1,TRUE
ARL3,0.278093623255565,0.0881983072265555,0,0,0,Q1,TRUE
MAP2K2,-0.0443567983186028,-0.0893594683558661,0,0,0,Q3,TRUE
ATP5F1C,0.152253968251557,0.0327252963736768,0,0,0,Q1,TRUE
ATP6V1E1,-0.120996600940742,-0.0216470648119582,0,0,0,Q3,TRUE
RPL4,0.104435394824776,0.189255015671982,0,0,0,Q1,TRUE
LONP1,-0.0395411288606731,-0.00393553570576799,0,0,0,Q3,TRUE
PGM1,-0.0172093526429222,-0.0527505020997765,0,0,0,Q3,TRUE
PPP1CC,-0.675870004956082,-0.22265479711521,0,0,0,Q3,TRUE
SERPINF1,-0.125488138469969,0.0179847574576151,0,0,0,Q4,FALSE
DLST,-0.0237477650335798,0.0115102831530578,0,0,0,Q4,FALSE
GMPR,0.0604003574090655,-0.018114492349298,0,0,0,Q2,FALSE
GPX4,-0.0131825333068143,-0.0544851770217818,0,0,0,Q3,TRUE
SRP14,6.8792091368052e-4,-0.0801116541340612,0,0,0,Q2,FALSE
TAGLN2,0.0766824175333802,0.232148280411366,0,0,0,Q1,TRUE
TALDO1,-0.117072109766809,-0.153874294743794,0,0,0,Q3,TRUE
SNCA,0.21788599153151,0.152182961981886,0,0,0,Q1,TRUE
ETFB,-0.0181117553540879,-0.0436150855502113,0,0,0,Q3,TRUE
ATP6V1A,0.0926872819377458,0.134356340909985,0,0,0,Q1,TRUE
HSPA9,0.0506029481484873,0.151910285424702,0,0,0,Q1,TRUE
RPS19,0.0779750025230221,0.220403894323553,0,0,0,Q1,TRUE
RPL3,0.565335699596172,-0.181380391052322,0,0,0,Q2,FALSE
COL15A1,-0.301443119443398,0.314036249620035,0,0,0,Q4,FALSE
COL18A1,-0.273616201667899,-0.0632241132045994,0,0,0,Q3,TRUE
DDOST,-0.161381059822062,-0.158650384634488,0,0,0,Q3,TRUE
ANP32A,0.0740958337780029,0.0486552503489932,0,0,0,Q1,TRUE
CAPG,0.332608451193598,0.445548735033849,0,0,0,Q1,TRUE
CAP2,-0.328869219397866,0.0484027821203163,0,0,0,Q4,FALSE
CCT6A,0.40383751040352,0.165787457747516,0,1,0,Q1,TRUE
RPL13A,0.33168502697993,0.193398573790422,0,0,0,Q1,TRUE
STAT3,-0.148318922996193,0.0312817306143138,0,0,0,Q4,FALSE
MDH1,-0.139307673736131,-0.126950633437012,0,0,0,Q3,TRUE
MDH2,0.0552487401243447,0.0515197576101407,0,0,0,Q1,TRUE
HADHA,0.00713301300887537,-0.0763799010505046,0,0,0,Q2,FALSE
EIF2S3,0.308694812796908,-0.0604498504748427,0,0,0,Q2,FALSE
NAA10,0.265955794025995,0.173323635062673,0,0,0,Q1,TRUE
PPP1R2,-0.0446388806708882,-0.110462349673913,0,0,0,Q3,TRUE
GARS1,0.123730887577338,-0.170818361357959,0,0,0,Q2,FALSE
IARS1,-0.0640044367485899,0.059250442660062,0,0,0,Q4,FALSE
EIF1,0.101152128503248,-0.156097867638419,0,0,0,Q2,FALSE
ECI1,-0.241225417194237,-0.0851645539378296,0,0,0,Q3,TRUE
TMPO,-0.6145466833936,-0.411482612414709,0,0,0,Q3,TRUE
AKR1C3,0.669368290878449,0.067852328220912,0,1,0,Q1,TRUE
RPS27,0.219609643777563,0.0348388004503235,0,0,0,Q1,TRUE
LRPPRC,0.0840072909047542,0.113464610987275,0,0,0,Q1,TRUE
ACAA2,-0.0376952330752545,-0.143680297071899,0,0,0,Q3,TRUE
RPL35,-0.0694121417275007,0.243385656625414,0,0,0,Q4,FALSE
SLC1A4,-0.109757734899976,0.0368049318898613,0,0,0,Q4,FALSE
PAFAH1B1,0.184717507360791,-0.0533974895429026,0,0,0,Q2,FALSE
CRAT,-0.147918254545342,-0.0444710413545089,0,0,0,Q3,TRUE
GPD2,-0.14126966562905,-0.163285915294367,0,0,0,Q3,TRUE
NAMPT,0.261185491263898,0.394157287617109,0,0,0,Q1,TRUE
PSMC4,0.154476166634019,0.0648493705981359,0,0,0,Q1,TRUE
TSFM,0.0380879949627264,0.13947012603829,0,0,0,Q1,TRUE
TNNT3,-0.302209214193049,0.291769078316118,0,0,0,Q4,FALSE
ASPA,-0.00548812209975225,0.0741076820838948,0,0,0,Q4,FALSE
PPIC,-0.0887745785303089,-0.0855725304256758,0,0,0,Q3,TRUE
VDAC2,-0.217103103104481,0.0440203658397031,0,0,0,Q4,FALSE
ACADSB,-0.0432260641423348,-0.104787908029738,0,0,0,Q3,TRUE
USP5,0.253442189246837,0.0651241458417005,0,0,0,Q1,TRUE
MAP2K4,-0.0787765768573472,0.0759126370278018,0,0,0,Q4,FALSE
PHKA2,0.0467577470581091,0.358657498624044,0,0,0,Q1,TRUE
PHKA1,0.18924452411953,0.227239477225346,0,0,0,Q1,TRUE
CRKL,-0.21443800554621,-0.122279701382414,0,0,0,Q3,TRUE
MTIF2,0.237542201175096,0.143665045882493,0,0,0,Q1,TRUE
BAG6,0.109592946583163,-0.0850214826927456,0,0,0,Q2,FALSE
NSF,0.0565379342787011,0.164733638953216,0,0,0,Q1,TRUE
MAP2K3,0.0104591112958907,0.0467242255752431,0,0,0,Q1,TRUE
RPL27A,0.089758036786499,-0.0128332183429123,0,0,0,Q2,FALSE
RPL5,-0.025462440551955,0.139229358143538,0,0,0,Q4,FALSE
RPL28,0.180848262251679,0.132311221864239,0,0,0,Q1,TRUE
RPS9,0.0417391249124215,0.134192337480759,0,0,0,Q1,TRUE
RPS5,-0.142187138509648,0.139821348315348,0,0,0,Q4,FALSE
RPS10,-0.0804189745982136,0.260710582792861,0,0,0,Q4,FALSE
GNPDA1,-0.138516055968502,-0.110757213300587,0,0,0,Q3,TRUE
UTRN,-0.188480142220694,-0.0358880883914665,0,0,0,Q3,TRUE
IQGAP1,0.325203108374556,0.400316626809531,0,0,0,Q1,TRUE
GYG1,0.16718803530053,-0.0119574797133986,0,0,0,Q2,FALSE
STT3A,0.0039366634930893,-0.0929101460963295,0,0,0,Q2,FALSE
CAPZA2,-0.145681109280098,0.0302204110493776,0,0,0,Q4,FALSE
CAPZB,-0.0828371305278672,0.101265876535901,0,0,0,Q4,FALSE
EIF1AX,0.14238887895689,0.0375392657135478,0,0,0,Q1,TRUE
QARS1,0.16835558121991,0.0766750437146726,0,0,0,Q1,TRUE
RPL29,0.219251962277955,0.185784558079515,0,0,0,Q1,TRUE
UQCRFS1,-0.080867441613119,0.128553047559908,0,0,0,Q4,FALSE
ATP5PO,0.115625500134051,0.0117121349867908,0,0,0,Q1,TRUE
LIMS1,-0.154402836974594,0.0419993909370682,0,0,0,Q4,FALSE
PREP,-0.106546101594954,-0.0558462319874735,0,0,0,Q3,TRUE
ME1,-0.0691324057478901,-0.176913780381096,0,0,0,Q3,TRUE
PIP4K2A,-0.00242207410446937,-7.4224062187866e-4,0,0,0,Q3,TRUE
ARCN1,0.270925514787912,-0.00588419744083168,0,0,0,Q2,FALSE
LSS,0.0307475743059875,-0.0337929297129342,0,0,0,Q2,FALSE
GCLM,-0.11348801231405,0.135635997104213,0,0,0,Q4,FALSE
CD151,0.0223240106223059,-0.0854409435287913,0,0,0,Q2,FALSE
PSMD8,0.131434847258436,0.00270315393154519,0,0,0,Q1,TRUE
GSS,-0.0131550462090857,-0.0859060097288236,0,0,0,Q3,TRUE
CCT5,0.269633048707107,0.161370176658078,0,0,0,Q1,TRUE
NES,0.615178198289914,-0.276023995252562,0,0,0,Q2,FALSE
IDH2,0.021627647010547,0.0154875018886571,0,0,0,Q1,TRUE
TNNI2,-0.313841611987847,0.267432874637446,0,0,0,Q4,FALSE
PXN,0.234570058317212,2.8974194435349e-4,0,0,0,Q1,TRUE
ALDH9A1,-0.182249746151175,-0.16603027118185,0,0,0,Q3,TRUE
RPL34,0.195261134544104,-0.167307046036775,0,0,0,Q2,FALSE
LMAN1,0.157828127058952,0.0356317333995975,0,0,0,Q1,TRUE
FNTA,0.0718485646248226,0.148358327322992,0,0,0,Q1,TRUE
CCT3,0.188423684561073,0.133962735330201,0,0,0,Q1,TRUE
MRPL19,0.135376171816009,0.0216342298493792,0,0,0,Q1,TRUE
TUFM,0.185384643272613,0.245139763737143,0,0,0,Q1,TRUE
ALDH7A1,-0.0810251652976817,-0.059793891373225,0,0,0,Q3,TRUE
CDC34,0.0246065010459731,-0.0564441408894076,0,0,0,Q2,FALSE
PCYT1A,-0.206949985337197,-0.129144156435157,0,0,0,Q3,TRUE
AARS1,0.11201307954779301,-0.0203100316922509,0,0,0,Q2,FALSE
CARS1,0.0998331914285195,0.0186761679486231,0,0,0,Q1,TRUE
SARS1,0.278906513253069,0.102984532139846,0,0,0,Q1,TRUE
PSMB3,0.105968340808886,0.00205286995233323,0,0,0,Q1,TRUE
PSMB2,0.0433608194429809,-0.00368133062277209,0,0,0,Q2,FALSE
ACADVL,-0.0847990203235902,-0.0884532539649356,0,0,0,Q3,TRUE
ACOT2,-0.113095495892242,-0.0477029972467058,0,0,0,Q3,TRUE
TMED10,-2.63944259231153e-5,-0.131694786739544,0,0,0,Q3,TRUE
HINT1,0.145343751211172,-0.0215696885066627,0,0,0,Q2,FALSE
NDUFV1,-0.370570844146272,-0.0127262105029402,0,0,0,Q3,TRUE
GSK3A,-0.052537875114993,-0.191148284794803,0,0,0,Q3,TRUE
GSK3B,2.2366743857205e-4,0.104563607275971,0,0,0,Q1,TRUE
IDH3A,0.189627326500229,0.225070206195014,0,0,0,Q1,TRUE
SULT1A1,-0.169268127819851,-0.164371838730208,0,0,0,Q3,TRUE
GDI2,0.0645729965370307,-0.0597036755917308,0,0,0,Q2,FALSE
EMD,-0.424772979005823,0.0462108071482277,0,-1,0,Q4,FALSE
CPT1A,-0.313294677780721,-0.219412932230856,0,0,0,Q3,TRUE
SERPINH1,0.977653615443771,0.820661509642314,0,1,0,Q1,TRUE
CSRP3,0.496616002648626,0.508444816154956,0,0,0,Q1,TRUE
ST13,-0.0162326267106714,-0.0753869645333118,0,0,0,Q3,TRUE
DNM2,0.0692984390311295,-0.0632851676089956,0,0,0,Q2,FALSE
METAP2,-0.0698293584544452,-0.131173996551741,0,0,0,Q3,TRUE
NUDT2,-0.152832731396035,0.466503279047512,0,0,0,Q4,FALSE
LRBA,-0.748851753043095,-0.202696273850314,0,0,0,Q3,TRUE
BCAM,-0.25770050328925,-0.0827158868472324,0,0,0,Q3,TRUE
RPL14,0.288584036091851,0.104471736160235,0,0,0,Q1,TRUE
CCT8,0.2383601785323,0.109800644009606,0,0,0,Q1,TRUE
CCT4,0.230653614109411,0.172007555645074,0,0,0,Q1,TRUE
ATP1A2,0.162699227099836,0.0309562964072043,0,0,0,Q1,TRUE
ANXA11,-0.0562278428554315,0.0267961920309787,0,0,0,Q4,FALSE
FXR1,0.101427864685657,0.154871915538308,0,0,0,Q1,TRUE
RAB5C,0.00429853337728403,0.107762604126052,0,0,0,Q1,TRUE
RAB7A,-0.0101367777980563,-0.0166294447555408,0,0,0,Q3,TRUE
DUSP3,-0.0416554323861043,0.0328285754941291,0,0,0,Q4,FALSE
IDH3G,0.252190183277499,0.23770685855774,0,0,0,Q1,TRUE
GALK1,0.054429354206853,-0.187200951887267,0,0,0,Q2,FALSE
SSR4,-0.213538606342212,0.230118065498599,0,0,0,Q4,FALSE
BCAP31,0.213800919314366,0.0667699270681403,0,0,0,Q1,TRUE
MECP2,-0.134103248414057,-0.411057307185725,0,0,0,Q3,TRUE
CAV2,-0.948199578899246,0.358856741961773,1,0,0,Q4,FALSE
ALDH3A2,0.0296467616056724,-0.0290733899853528,0,0,0,Q2,FALSE
ALDH5A1,-0.171339957685458,-0.0750132710920219,0,0,0,Q3,TRUE
HSD17B4,0.157056204849027,0.0114919437829499,0,0,0,Q1,TRUE
PSMD7,-0.0129785753217497,0.178418889305295,0,0,0,Q4,FALSE
UBE2D1,-0.112752064751291,-0.306912350187279,0,0,0,Q3,TRUE
SUOX,-0.0793040042439976,-0.18400858377677,0,0,0,Q3,TRUE
STAT5B,-0.0560017039627745,-0.167365814246772,0,0,0,Q3,TRUE
RPS6KA3,-0.0234075318567086,0.0842509756216039,0,0,0,Q4,FALSE
HDGF,-0.0032530924662062,-0.0791782972622066,0,0,0,Q3,TRUE
LUM,-0.126155044321443,0.12524659532145,0,0,0,Q4,FALSE
PRELP,-0.310894085407309,-0.0460195630229165,0,0,0,Q3,TRUE
NDUFA8,-0.406107270720156,-0.0135006257807042,0,0,0,Q3,TRUE
HNRNPA3,-0.0203835349795369,0.131189318478274,0,0,0,Q4,FALSE
MYOM1,-0.393598835989,-0.0976333988795162,0,0,0,Q3,TRUE
PGD,0.082587869012059,0.00368369024140947,0,0,0,Q1,TRUE
HNRNPM,-0.172303286729417,0.208468725141124,0,0,0,Q4,FALSE
KPNA1,0.273374400436122,0.153956340908287,0,0,0,Q1,TRUE
MAP2K6,-0.144074108502295,-0.0234030826216234,0,0,0,Q3,TRUE
ARHGDIA,-6.6936965720998e-4,-0.102711006363958,0,0,0,Q3,TRUE
ARHGDIB,0.253255962071147,-0.149223115841185,0,0,0,Q2,FALSE
RIDA,-0.208145349779389,-0.162511507109329,0,0,0,Q3,TRUE
MRPL12,-0.166944255293789,0.0480126962101011,0,0,0,Q4,FALSE
THOP1,0.0353946198460307,-0.055476867025714,0,0,0,Q2,FALSE
AKR1C2,0.211566468477486,0.199804044149911,0,0,0,Q1,TRUE
CAPZA1,-0.187307990700994,0.106723940477952,0,0,0,Q4,FALSE
CRIP2,0.015003277419936,0.281958467405385,0,0,0,Q1,TRUE
BLVRA,0.232582579806351,0.0556713756801557,0,0,0,Q1,TRUE
PPP5C,0.170503411471735,-0.021030002131802,0,0,0,Q2,FALSE
NUBP1,0.00741511906489478,0.102055814906812,0,0,0,Q1,TRUE
SUCLG1,0.017695310448687,-3.99746757899777e-5,0,0,0,Q2,FALSE
COPA,0.0973706772030383,0.0455520141468959,0,0,0,Q1,TRUE
HCCS,0.056281207183261,0.00843410627007302,0,0,0,Q1,TRUE
MAPK12,-0.347765658779988,-0.162009498636447,0,0,0,Q3,TRUE
SMTN,0.0606994503512297,0.0897408867013816,0,0,0,Q1,TRUE
SLC16A1,0.370587235842965,0.171094053573761,0,0,0,Q1,TRUE
IST1,-0.120994541171601,0.066811347888251,0,0,0,Q4,FALSE
SEC24C,0.0847029784046462,-0.0097132520710268,0,0,0,Q2,FALSE
SUB1,-0.00929681669673954,0.0498941607186296,0,0,0,Q4,FALSE
RARS1,0.115077190392711,0.0295160834715169,0,0,0,Q1,TRUE
CACNB3,-0.180901994144257,-0.0353819844906802,0,0,0,Q3,TRUE
CACNA2D1,-0.10308246194991,-0.0646426850279518,0,0,0,Q3,TRUE
MYOM2,-0.347479118023891,-0.179573489316265,0,0,0,Q3,TRUE
YARS1,-0.0626774062644948,0.103603454023958,0,0,0,Q4,FALSE
USP14,0.0480272025367867,0.0334916593692434,0,0,0,Q1,TRUE
PRKAG1,0.32091061767267,0.134993162061416,0,0,0,Q1,TRUE
PRKAA2,0.242211737724265,0.0224205172165313,0,0,0,Q1,TRUE
HSPA2,0.277478176642887,-0.064540414596518,0,0,0,Q2,FALSE
RAD23A,-0.0168794112270092,-0.187491035451185,0,0,0,Q3,TRUE
RAD23B,0.084000628501709,-0.0345211187692485,0,0,0,Q2,FALSE
AK2,-0.0370989260767161,-0.00794550720113207,0,0,0,Q3,TRUE
NAPA,-0.0634951077357009,-0.0488583905111781,0,0,0,Q3,TRUE
EIF5,-0.0947981965162299,0.0235901135644454,0,0,0,Q4,FALSE
PSMD4,0.168926606719271,0.0132225959523069,0,0,0,Q1,TRUE
DRG2,-0.0265758951175137,0.461556488550787,0,0,0,Q4,FALSE
RRAD,0.482152209793373,0.502885283559571,0,0,0,Q1,TRUE
CSE1L,0.191021434783874,-0.109712832123787,0,0,0,Q2,FALSE
VCP,0.0972851735444316,0.00465551198461611,0,0,0,Q1,TRUE
HADHB,-0.103076970761535,-0.109490553270465,0,0,0,Q3,TRUE
NAP1L1,0.114896454899693,0.0625364698554662,0,0,0,Q1,TRUE
ADK,0.0691605083338906,0.299579946482442,0,0,0,Q1,TRUE
LAMB2,-0.704453465570282,-0.0889337566644599,0,0,0,Q3,TRUE
CDH13,-0.0392342958630678,-0.165325596196858,0,0,0,Q3,TRUE
SEC13,-0.138109686875069,0.0671541711495749,0,0,0,Q4,FALSE
SNU13,-0.507977030843595,-0.185132713229265,0,-1,0,Q3,TRUE
NPEPPS,-0.0622719076967009,-0.109400775123902,0,0,0,Q3,TRUE
HNRNPH2,-0.323344962240846,-0.100389879235077,0,0,0,Q3,TRUE
OXCT1,-0.252901191285467,-0.340209325624357,0,0,0,Q3,TRUE
SH3BGR,-0.037264732697885,-0.0250870628821964,0,0,0,Q3,TRUE
EIF3B,0.00786254757229088,0.0342927426719015,0,0,0,Q1,TRUE
ATP5MF,-0.117263971051951,-0.203429625047576,0,0,0,Q3,TRUE
NDUFV3,-0.369350803560817,0.132849674829071,0,0,0,Q4,FALSE
MARS1,0.350487283371482,0.209885384273594,0,0,0,Q1,TRUE
ARPP19,0.0396793427064352,-0.00494664805020406,0,0,0,Q2,FALSE
ATP5F1E,0.0240940962449727,-0.0405849784437997,0,0,0,Q2,FALSE
ATP5ME,0.0657712132216659,-0.0208346952228631,0,0,0,Q2,FALSE
EIF6,-0.0876072086330133,0.0246769371896676,0,0,0,Q4,FALSE
NDUFA6,-0.519515370776496,0.130950561678326,1,-1,0,Q4,FALSE
SYNJ2BP,-0.241662780941816,-0.00284033202838074,0,0,0,Q3,TRUE
EEFSEC,0.0415220701529044,0.366488656899286,0,0,0,Q1,TRUE
MTPN,-0.062387717427498,-0.0630436467298559,0,0,0,Q3,TRUE
DEFA3,0.0713735423039203,0.00799216674409564,0,0,0,Q1,TRUE
ARPC4,0.260146009822368,0.0715438816937422,0,0,0,Q1,TRUE
CD81,-0.693267766083142,-0.156065471498518,0,-1,0,Q3,TRUE
TPI1,-0.052021805899571,0.011334471333857,0,0,0,Q4,FALSE
EIF3E,0.0038237430197583,0.143886346218078,0,0,0,Q1,TRUE
SEC61B,0.113132549288913,-0.487969477432797,0,0,0,Q2,FALSE
GABARAPL2,-0.38305775481291,-0.126324401573015,0,0,0,Q3,TRUE
ROMO1,-0.0372839248490173,-0.182819176374338,0,0,0,Q3,TRUE
MYL6,-0.227879062615152,0.260032431508055,0,0,0,Q4,FALSE
ACTB,-0.421311769654739,0.262399058711242,0,0,0,Q4,FALSE
EIF4A1,-0.166463457693229,0.00567119903767122,0,0,0,Q4,FALSE
RPS20,0.0638071277775971,0.193664385257808,0,0,0,Q1,TRUE
PRPS1,0.0125531128499041,-0.0465949000128774,0,0,0,Q2,FALSE
PSMA6,0.0952955343515107,0.02406600841352,0,0,0,Q1,TRUE
S100A10,0.155435541151522,0.103199278509255,0,0,0,Q1,TRUE
CDC42,-0.0233590078883239,-0.0848562039196601,0,0,0,Q3,TRUE
DSTN,0.13141585857349,0.196910106646506,0,0,0,Q1,TRUE
RAB2A,-0.109430192345702,-0.189016403192586,0,0,0,Q3,TRUE
RAB5B,-0.109051210105271,-0.154015185739222,0,0,0,Q3,TRUE
RAB10,-0.0415599358332415,-0.0712071706313466,0,0,0,Q3,TRUE
UBE2D3,-0.170086387053104,-0.136855972183128,0,0,0,Q3,TRUE
UBE2M,-0.122541337160037,-0.109569597103356,0,0,0,Q3,TRUE
UBE2K,-0.095443511269039,-0.182550535066586,0,0,0,Q3,TRUE
UBE2N,-0.187785642893878,-0.125129637770932,0,0,0,Q3,TRUE
RAB14,-0.110943843329704,-0.0782161554623215,0,0,0,Q3,TRUE
ACTR3,0.13451945601512,0.0992135543219881,0,0,0,Q1,TRUE
ACTR2,0.27127926494385,0.179168474147961,0,0,0,Q1,TRUE
ACTR1A,0.192222296007738,0.128649266943942,0,0,0,Q1,TRUE
COPS2,0.0601458209400185,-0.0261827119982421,0,0,0,Q2,FALSE
ABCE1,0.392224852513721,0.193762727056079,0,0,0,Q1,TRUE
RAP1B,0.227879549845586,0.0165082691624541,0,0,0,Q1,TRUE
RPS3A,0.0125493672416219,0.268246166764648,0,0,0,Q1,TRUE
RPL26,0.128249282819766,0.0599047192764566,0,0,0,Q1,TRUE
RPL15,0.294150361142279,0.056377094562059,0,0,0,Q1,TRUE
PCBD1,-0.108824514062622,-0.0773595438395525,0,0,0,Q3,TRUE
RPL37A,0.16381952774061,0.440285244670868,0,0,0,Q1,TRUE
RHOA,-0.0830038973821843,-0.10695193755933,0,0,0,Q3,TRUE
HSPE1,0.150159970741228,0.214796252612718,0,0,0,Q1,TRUE
SEC61A1,0.182879596259241,-0.144279857278853,0,0,0,Q2,FALSE
VBP1,0.0487397437821713,-0.0970403284288857,0,0,0,Q2,FALSE
B2M,0.0120554935329409,0.0302527141242201,0,0,0,Q1,TRUE
DAD1,0.220180610393937,-0.172956147408925,0,0,0,Q2,FALSE
NPC2,-0.141919141780894,-0.0483432016015044,0,0,0,Q3,TRUE
PKIA,0.0653501887396502,-0.134962105082657,0,0,0,Q2,FALSE
SUMO2,0.07409142904093,0.115466269175005,0,0,0,Q1,TRUE
UFM1,0.224614003994432,-0.110277771476941,0,0,0,Q2,FALSE
NUTF2,-0.0282307577928904,-0.108749116494039,0,0,0,Q3,TRUE
HNRNPK,-0.18215141841258,-0.0814048845718283,0,0,0,Q3,TRUE
YWHAG,0.0933203377307059,-0.046893938524228,0,0,0,Q2,FALSE
RRAS2,-0.197517166603756,-0.140970463747188,0,0,0,Q3,TRUE
TIMM10,-0.0431924716034189,-0.15283269219405,0,0,0,Q3,TRUE
RPS7,0.108337168126585,0.279524940220156,0,0,0,Q1,TRUE
PPP1CA,0.0898103050223718,0.122580892500533,0,0,0,Q1,TRUE
PPP1CB,0.0674004319139172,0.192113216505788,0,0,0,Q1,TRUE
PSMC1,0.173388586178312,0.0542672912492002,0,0,0,Q1,TRUE
PSMC5,0.00718032087187126,-0.013521420177355,0,0,0,Q2,FALSE
RPS8,0.164453463947872,0.137565555106207,0,0,0,Q1,TRUE
RPS15A,0.145973931933675,0.158152068109757,0,0,0,Q1,TRUE
RPS16,0.103160890511539,0.251975192785313,0,0,0,Q1,TRUE
UBE2G1,-0.133800727357382,-0.0274770369849389,0,0,0,Q3,TRUE
YWHAE,0.0500799568258969,-0.0505423752868559,0,0,0,Q2,FALSE
RPS14,0.136127397686682,0.18163305890743,0,0,0,Q1,TRUE
RPS23,-0.0999214939822757,0.0822353273245824,0,0,0,Q4,FALSE
RPS18,0.00372359894402052,0.214613504514578,0,0,0,Q1,TRUE
RPS13,0.146976201521252,0.307364130945484,0,0,0,Q1,TRUE
RPS11,0.492401319492298,0.19164599092645,0,1,0,Q1,TRUE
SNRPD2,-0.0409319046625178,0.0336819035074427,0,0,0,Q4,FALSE
SNRPD3,-0.0438146498955732,0.173245391742071,0,0,0,Q4,FALSE
TMSB4X,0.314949061525546,0.290795592837966,0,0,0,Q1,TRUE
PSMC6,0.12903464610957,0.0628826087282555,0,0,0,Q1,TRUE
RPL7A,0.0594229483270112,0.0388071565530197,0,0,0,Q1,TRUE
ETF1,0.255938472000949,0.15126267012559,0,0,0,Q1,TRUE
CNBP,-0.13660990570536,-0.0819923797222266,0,0,0,Q3,TRUE
RPS4X,0.0969965529036045,0.185194661503111,0,0,0,Q1,TRUE
RPL23A,-0.0107388959225503,0.254075807216289,0,0,0,Q4,FALSE
RPS6,0.292352310248013,0.300297600511975,0,0,0,Q1,TRUE
H2BC4,-0.608488227294483,0.109824803121626,0,0,0,Q4,FALSE
RAB1A,-0.034102355802581,-0.0332840127448968,0,0,0,Q3,TRUE
RAN,0.125715202139816,-0.0235077316602812,0,0,0,Q2,FALSE
RPL23,-0.112031116058933,0.206476481012544,0,0,0,Q4,FALSE
RAP1A,0.342797038942463,-0.0527840162952486,0,0,0,Q2,FALSE
RPS15,-0.06461976879784,0.373808950106227,0,0,0,Q4,FALSE
RPS24,0.141407787348676,0.0364826375076106,0,0,0,Q1,TRUE
RPS25,0.0437538153388672,0.211175268079035,0,0,0,Q1,TRUE
RPS26,-0.051037300060905,0.0851445011608227,0,0,0,Q4,FALSE
RPS28,0.180363865764168,0.163685414016619,0,0,0,Q1,TRUE
GNB1,0.0142975540127956,-0.152196958185925,0,0,0,Q2,FALSE
GNB2,-0.163921749286246,-0.156304013954315,0,0,0,Q3,TRUE
RPL30,0.163514833533174,0.120253600735687,0,0,0,Q1,TRUE
RPL31,-0.286461390635345,0.116705168067433,0,0,0,Q4,FALSE
RPL10A,0.13885486390657,0.0986710367454187,0,0,0,Q1,TRUE
RPL32,-0.106890189881582,0.51061977851343,0,0,0,Q4,FALSE
RPL11,0.182592883411914,0.278764634349855,0,0,0,Q1,TRUE
RPL8,0.0519063067826622,0.233359344384368,0,0,0,Q1,TRUE
PPIA,0.178368942933389,0.0434845880429577,0,0,0,Q1,TRUE
FKBP1A,-0.0232587620874192,-0.0870929623948591,0,0,0,Q3,TRUE
RPS27A,0.144343350678891,-0.208030678841435,0,0,0,Q2,FALSE
GRB2,-0.231922255373259,0.0934694469895767,0,0,0,Q4,FALSE
RAC1,0.0149084866585554,-0.056657225731815,0,0,0,Q2,FALSE
AP2B1,0.182852505724124,0.173580195311974,0,0,0,Q1,TRUE
VAMP2,-0.25651516593906,-0.246130665878237,0,0,0,Q3,TRUE
PPP3R1,-0.158861575059227,-0.12974121335294,0,0,0,Q3,TRUE
YWHAZ,0.139756731404244,-0.0364377578417354,0,0,0,Q2,FALSE
UBE2B,-0.620052308629003,0.0347332132981677,0,-1,0,Q4,FALSE
PPP2R2A,0.0833904125587317,-0.00607594329109062,0,0,0,Q2,FALSE
DYNLL1,0.0451224083376864,-0.137823633060506,0,0,0,Q2,FALSE
DYNLT1,0.433531363456158,0.253528642598738,0,1,0,Q1,TRUE
RPL38,-0.338958585321063,0.12406288495923,0,0,0,Q4,FALSE
SKP1,-0.0399684201818076,5.7370454481287e-5,0,0,0,Q4,FALSE
RPS21,-0.0483610634811917,0.290864247501709,0,0,0,Q4,FALSE
EIF5A,0.0808994380606656,0.00853254230567657,0,0,0,Q1,TRUE
RACK1,-0.0219030909015672,0.185054680717798,0,0,0,Q4,FALSE
UBE2I,-0.483109257163854,-0.224514780233228,0,-1,0,Q3,TRUE
SELENOW,-0.482009856021705,-0.216946267080122,0,0,0,Q3,TRUE
TNNC1,-0.728117318488657,0.091122547602712,0,-1,0,Q4,FALSE
PPP2CA,0.00366281781329647,0.0128332099337953,0,0,0,Q1,TRUE
YBX1,0.36346757796786,0.0829183413826549,0,0,0,Q1,TRUE
CSNK2B,0.180253305546934,0.118634960900287,0,0,0,Q1,TRUE
TPM4,0.459234705998462,0.201555833085489,0,0,0,Q1,TRUE
UBE2L3,0.0142093059751858,-0.109647909287304,0,0,0,Q2,FALSE
EEF1A1,0.255606632694409,0.0542469605797322,0,0,0,Q1,TRUE
ACTA1,-0.489114722325901,0.342563451347953,1,0,0,Q4,FALSE
TUBA1B,0.301816383436378,0.154930744620728,0,0,0,Q1,TRUE
TUBA4A,0.0853920192493725,0.164914721317682,0,0,0,Q1,TRUE
TUBB4B,0.169826480522545,0.013286486801146,0,0,0,Q1,TRUE
CSNK2A1,0.152396844061389,0.0826268512752222,0,0,0,Q1,TRUE
PAFAH1B2,-0.16559494975257,0.187556784044443,0,0,0,Q4,FALSE
HBB,0.199596652054499,0.120635161956272,0,0,0,Q1,TRUE
HBA1,0.141227039681386,0.103684233987877,0,0,0,Q1,TRUE
EIF4G2,0.0298504434192459,-0.120350882758853,0,0,0,Q2,FALSE
PIP4K2B,-0.194534643595478,-0.0801630903747821,0,0,0,Q3,TRUE
CCT2,0.245388669426799,0.120097941782365,0,0,0,Q1,TRUE
GSTO1,-0.0524155875259424,-0.264424357492292,0,0,0,Q3,TRUE
PRKDC,0.25833573623602,0.0521769395082394,0,0,0,Q1,TRUE
DCD,-0.282525513644114,0.0340037840250567,0,0,0,Q4,FALSE
MRPS25,0.0881557848110113,0.0927654784053296,0,0,0,Q1,TRUE
MRPS5,-0.0229332559482316,0.183699537915896,0,0,0,Q4,FALSE
MRPS36,0.227012607136114,-0.218616902105339,0,0,0,Q2,FALSE
MRPS15,0.514433491997732,0.00637054360155531,0,0,0,Q1,TRUE
MRPS21,0.183537809653908,0.142566478768673,0,0,0,Q1,TRUE
SARNP,-0.211516349531445,5.5642633118147e-4,0,0,0,Q4,FALSE
LACTB,-0.127119333512201,-0.0427049226395368,0,0,0,Q3,TRUE
RPL24,-0.22607401278869,0.375683870092114,1,0,0,Q4,FALSE
ARF1,0.0225879992737639,0.036546066624396203,0,0,0,Q1,TRUE
ARF5,-0.0663032775932102,0.0573327345704051,0,0,0,Q4,FALSE
ERH,0.0550449183423325,0.10715624006723,0,0,0,Q1,TRUE
RHOG,-0.0779109883571678,0.0748429423425936,0,0,0,Q4,FALSE
RPL19,0.00302310191625921,0.216264900832073,0,0,0,Q1,TRUE
SRSF3,0.155469691221469,0.22801343873099,0,0,0,Q1,TRUE
MXRA7,0.078462590911144,-0.105577628992004,0,0,0,Q2,FALSE
H3-3A,-0.790580421939872,-0.0447518731898846,0,-1,0,Q3,TRUE
FBLN2,-0.580636646816856,0.153646306412433,0,0,0,Q4,FALSE
HSPG2,-0.50848252164645,-0.0611553883316844,0,0,0,Q3,TRUE
RBM3,-0.617122307172227,0.0331177363398432,0,-1,0,Q4,FALSE
CYCS,-0.227590867353538,0.00134600929778728,0,0,0,Q4,FALSE
MPP1,-0.346467578628728,0.0907784786193613,0,0,0,Q4,FALSE
TFAM,0.096717869320635,-0.137941431747812,0,0,0,Q2,FALSE
PITPNA,-0.0178979850630867,-0.00710874209918799,0,0,0,Q3,TRUE
SLC25A3,0.266594974455753,0.0876130871375658,0,0,0,Q1,TRUE
HDLBP,-0.178411343940898,0.035017774960231,0,0,0,Q4,FALSE
PURA,-0.00863026261310651,-0.12247401263566,0,0,0,Q3,TRUE
CLTC,0.277040947587931,0.0799214598440159,0,0,0,Q1,TRUE
FKBP3,-0.0254652941674607,0.0138455101211967,0,0,0,Q4,FALSE
REEP5,0.351436941020932,-0.015487031032503,0,0,0,Q2,FALSE
SORD,-0.246502056610741,-0.217937593443235,0,0,0,Q3,TRUE
HNRNPU,0.0248762235786089,-0.22465344016754701,0,0,0,Q2,FALSE
MYBPC1,-0.583147511198064,0.158545043243116,0,0,0,Q4,FALSE
PLIN5,-0.0978827584354924,-0.390556600007642,0,0,0,Q3,TRUE
SPTBN1,0.19069572955398,0.157534612834496,0,0,0,Q1,TRUE
TIAL1,0.203548589591161,0.1149702344023,0,0,0,Q1,TRUE
SET,-0.250227122809942,0.30006643692704,0,0,0,Q4,FALSE
AMPD3,-0.18301939268164,0.00614267265252977,0,0,0,Q4,FALSE
FABP5,-0.252669231306974,-0.15874869380465,0,0,0,Q3,TRUE
ANK2,-0.148913410187127,-0.0290899552863095,0,0,0,Q3,TRUE
CAP1,0.0780887795668548,0.285389961535191,0,0,0,Q1,TRUE
EWSR1,0.0794050233214421,-0.16806058141934,0,0,0,Q2,FALSE
TAGLN,0.0495855090067963,0.587896974570235,0,0,0,Q1,TRUE
OGDH,0.0411687234409293,-0.00266688376087032,0,0,0,Q2,FALSE
COX6A2,-0.285228294927474,0.17381268632445,0,0,0,Q4,FALSE
ALDH6A1,-0.224895347986937,-0.521686052607595,0,0,-1,Q3,TRUE
BDH1,-0.338268599043065,-0.320238104925366,0,0,0,Q3,TRUE
COL7A1,0.175869139975671,-0.145339620866633,0,0,0,Q2,FALSE
RPL18A,-0.144153720091875,0.0820670900072926,0,0,0,Q4,FALSE
CACNB1,-0.0372508120363584,-0.0352738283369618,0,0,0,Q3,TRUE
MAP2K1,0.0984519631753962,0.0468123462397934,0,0,0,Q1,TRUE
FKBP4,0.114262916339435,-0.088059290195627,0,0,0,Q2,FALSE
RPL6,0.23695803626877401,0.268562211980569,0,0,0,Q1,TRUE
AKAP12,0.231389340409056,0.273605715083043,0,0,0,Q1,TRUE
SLC25A11,-0.00851600578765854,0.044674663867827,0,0,0,Q4,FALSE
CAV1,-0.305813357659211,-0.0399059524597583,0,0,0,Q3,TRUE
ACY1,0.238144211880272,0.110907629311704,0,0,0,Q1,TRUE
LMNB2,-0.548981826863837,-8.68701794587423e-5,0,0,0,Q3,TRUE
UBXN1,-0.0544123259114251,-0.0449727856867135,0,0,0,Q3,TRUE
GBE1,0.443529439763093,0.246457322735981,0,1,0,Q1,TRUE
EIF4G1,-3.4828494040795e-4,-0.104780374827222,0,0,0,Q3,TRUE
PRKCQ,0.0875098754708006,-0.165374207904904,0,0,0,Q2,FALSE
GLO1,-0.207311036608242,-0.171311936150953,0,0,0,Q3,TRUE
AKR1C1,0.401805904961908,0.0888691194547633,0,0,0,Q1,TRUE
SSBP1,0.244473811991462,0.103494892217153,0,0,0,Q1,TRUE
YWHAH,0.216909032146759,0.0832219208107539,0,0,0,Q1,TRUE
PLP2,0.0391825847740712,0.0809762466741422,0,0,0,Q1,TRUE
UBE3A,0.0522274948371333,-0.031901298261797,0,0,0,Q2,FALSE
SRSF11,-0.287748634657834,0.00426241773024572,0,0,0,Q4,FALSE
EEF1A2,0.170028542314451,0.0664751056434021,0,0,0,Q1,TRUE
CALD1,-0.0873455232026537,0.225590392518342,0,0,0,Q4,FALSE
COL14A1,0.250716350808474,0.0743956325918411,0,0,0,Q1,TRUE
PTPN11,0.024962807278829,0.0337085681987652,0,0,0,Q1,TRUE
PSME1,0.394817828838281,0.115827321701904,0,1,0,Q1,TRUE
CACNG1,-0.286686621082922,-0.417074012082296,0,0,0,Q3,TRUE
ZNF33A,-0.255479538684952,-0.238626976553782,0,0,0,Q3,TRUE
PRDX1,0.0592738397704373,-0.0749785023067666,0,0,0,Q2,FALSE
RPL18,0.114480081156159,0.453533851439609,0,0,0,Q1,TRUE
C1QBP,-0.103139594679931,0.100700393514785,0,0,0,Q4,FALSE
CKAP4,0.263127472674554,0.285654181602979,0,0,0,Q1,TRUE
DPT,-0.0358593841253061,0.035127023341026103,0,0,0,Q4,FALSE
KLC1,0.114689411550284,0.139899223072891,0,0,0,Q1,TRUE
SRSF1,-0.23730811934248,0.0253773119478637,0,0,0,Q4,FALSE
ARHGAP1,0.368303784164443,0.472791470820841,0,0,1,Q1,TRUE
ACTN3,-0.940348702489082,-0.0166483326796119,0,0,0,Q3,TRUE
PPP3CA,-0.110397520540808,-0.00440934680692706,0,0,0,Q3,TRUE
DHX9,0.0782665089758829,0.0074463395805644,0,0,0,Q1,TRUE
CRYZ,0.0576472602556883,0.0544201823177559,0,0,0,Q1,TRUE
SLC20A2,-1.14631512435483,-0.0392377057107076,0,-1,0,Q3,TRUE
PUDP,-0.172185075377328,-0.0371163211135475,0,0,0,Q3,TRUE
CD47,0.0147828773081038,-0.188657714256042,0,0,0,Q2,FALSE
PPID,-0.279034668088801,-0.209290673662284,0,0,0,Q3,TRUE
AHNAK,0.118965492820248,0.0124126601090921,0,0,0,Q1,TRUE
LMOD3,0.169610425767008,0.163915774471429,0,0,0,Q1,TRUE
HSPA14,-0.0789968449272109,0.195423230211899,0,0,0,Q4,FALSE
SCRN3,-0.232177905208541,-0.168540067271472,0,0,0,Q3,TRUE
NEXN,-0.208815668054932,0.279020166166141,0,0,0,Q4,FALSE
AP1B1,0.252951656309145,0.249599397955738,0,0,0,Q1,TRUE
BST2,-0.372044757337292,-0.130117728064228,0,0,0,Q3,TRUE
PMPCA,-0.0963837888784944,0.312340159654916,0,0,0,Q4,FALSE
ASPH,0.14666213624599,0.0955442603605192,0,0,0,Q1,TRUE
EFEMP1,-0.496116002083035,0.124866472799944,0,0,0,Q4,FALSE
STX4,-0.176058499975005,-0.0821086658300239,0,0,0,Q3,TRUE
GRSF1,0.162354974138964,0.128533299671165,0,0,0,Q1,TRUE
AIMP1,0.151551591867737,0.0336782580059669,0,0,0,Q1,TRUE
ILF3,0.136605689692406,0.0357588280813843,0,0,0,Q1,TRUE
TRAP1,-4.4623139996602e-4,-0.0467502453873436,0,0,0,Q3,TRUE
ANK3,0.0262612263169579,-0.00414806894930209,0,0,0,Q2,FALSE
HSPB3,0.307183247033198,0.130629580966016,0,0,0,Q1,TRUE
ECH1,0.0983520638403803,-0.0251265707938941,0,0,0,Q2,FALSE
STRN3,0.0393920110262229,-0.0380509497987838,0,0,0,Q2,FALSE
COASY,-0.14604804139373,-0.0562732298497437,0,0,0,Q3,TRUE
TRDN,0.0171935870101052,0.117072212443549,0,0,0,Q1,TRUE
ACACA,0.329096877557717,0.00248197301467101,0,0,0,Q1,TRUE
GPS1,0.0486964760577315,-0.0886235929111194,0,0,0,Q2,FALSE
MTAP,-0.298839404546349,-0.165349664539491,0,0,0,Q3,TRUE
PRKAA1,0.130480704787175,0.0107838793497379,0,0,0,Q1,TRUE
TARDBP,0.120450363743153,0.0241582311749795,0,0,0,Q1,TRUE
PAK1,0.551989599179699,0.0060228045354016,0,0,0,Q1,TRUE
AIMP2,0.152420195022852,-0.0309933285329791,0,0,0,Q2,FALSE
PRDX4,0.0744641007232865,0.154786592921447,0,0,0,Q1,TRUE
PAK2,0.18716455283154,0.0605311207607393,0,0,0,Q1,TRUE
CBX3,0.0484693683533557,0.057284480086226,0,0,0,Q1,TRUE
PSMD2,0.108581894086594,0.0656097023522406,0,0,0,Q1,TRUE
MYBPH,1.0138262571033,1.72067151117998,0,1,1,Q1,TRUE
SELENBP1,-0.164230919178376,-0.252178282521481,0,0,0,Q3,TRUE
TRIM28,0.0241383034077813,0.0435549543112828,0,0,0,Q1,TRUE
G3BP1,-0.128553597781593,0.266252275265632,0,0,0,Q4,FALSE
PABPC4,-0.00860354430658461,0.0320198986376674,0,0,0,Q4,FALSE
SGCG,-0.136299242036941,-0.173569369283342,0,0,0,Q3,TRUE
EIF3I,0.136457944235623,0.12144673989738,0,0,0,Q1,TRUE
CTBP1,-0.111361650606639,0.0463775211252369,0,0,0,Q4,FALSE
UBE2V1,-0.0633637289992954,-0.09595914014794,0,0,0,Q3,TRUE
DYNC1I2,0.379199185551268,0.0892306843101949,0,1,0,Q1,TRUE
ILK,0.0105533083144564,0.0031695282517461,0,0,0,Q1,TRUE
NNT,0.109119830181172,0.0691431038396964,0,0,0,Q1,TRUE
SNTA1,-0.106041011688355,0.0655142247552796,0,0,0,Q4,FALSE
SNTB2,-0.0450601359689671,-0.0695083599092321,0,0,0,Q3,TRUE
SF3B2,0.0504111771881632,0.0385869703978159,0,0,0,Q1,TRUE
PDAP1,0.0619270824251004,-0.0612818700232616,0,0,0,Q2,FALSE
TMED1,0.00189040191966328,0.0665034696316624,0,0,0,Q1,TRUE
FKBP5,-0.163682932354497,-0.174692477439784,0,0,0,Q3,TRUE
PICALM,0.350996666962455,-0.00276209253636317,0,0,0,Q2,FALSE
MTM1,-0.137287492329783,0.0460168675882286,0,0,0,Q4,FALSE
SQSTM1,-0.0478359338152465,0.117982941098468,0,0,0,Q4,FALSE
MTX1,-0.0551447829310163,0.0341120887819493,0,0,0,Q4,FALSE
ART3,-0.764224800670412,-0.431401053362311,0,-1,0,Q3,TRUE
ASAH1,-0.137048302906251,-0.0831180372622491,0,0,0,Q3,TRUE
PIN1,0.00806768472088493,0.0448769298967022,0,0,0,Q1,TRUE
CAMK2B,0.0657491143320357,0.217553029388853,0,0,0,Q1,TRUE
CAMK2G,-7.217728248392e-4,-0.0214990056226227,0,0,0,Q3,TRUE
CAMK2D,0.428879935786426,0.542777573122137,0,0,1,Q1,TRUE
DCTN2,0.237195444789766,0.106790552157033,0,0,0,Q1,TRUE
NAE1,-0.27613820447737,-0.324470098311604,0,0,0,Q3,TRUE
STIM1,0.0933069411098693,0.0191198362178007,0,0,0,Q1,TRUE
CUL1,0.0774483188696635,-0.0628597579189041,0,0,0,Q2,FALSE
CUL2,0.128761934744865,0.00675301339391865,0,0,0,Q1,TRUE
CUL3,0.128944201143668,-0.0477947755771133,0,0,0,Q2,FALSE
CUL4A,-0.0179228359699621,-0.0765991611492325,0,0,0,Q3,TRUE
FHL1,0.176447121310332,0.134844317272869,0,0,0,Q1,TRUE
FHL3,-0.146978424510138,-0.204147816777578,0,0,0,Q3,TRUE
ITGA7,-0.119022810880509,-0.184330565282398,0,0,0,Q3,TRUE
AAMP,0.213998455201079,0.240863091913589,0,0,0,Q1,TRUE
CACNA1S,-0.0822674346702392,-0.172097612546843,0,0,0,Q3,TRUE
MOGS,-0.284294023632949,-0.104398710261908,0,0,0,Q3,TRUE
SPTAN1,0.240993326615573,0.102207012581573,0,0,0,Q1,TRUE
AUH,-0.0138134802280447,0.022595870836259,0,0,0,Q4,FALSE
DDX39B,-0.172444045774888,-0.0413581097014095,0,0,0,Q3,TRUE
BLMH,-0.375854619380011,-0.100945328637252,0,0,0,Q3,TRUE
SNTB1,-0.157437464823101,-0.0227450040052268,0,0,0,Q3,TRUE
TUBB2A,0.30393408435469,0.121551241603566,0,0,0,Q1,TRUE
IDI1,-0.0988757854935045,-0.341695573849893,0,0,0,Q3,TRUE
PRKG1,-0.049824826420604,-0.284937867287727,0,0,0,Q3,TRUE
COX17,-0.0651803320939273,-0.052484583609715,0,0,0,Q3,TRUE
HNRNPD,-0.111577198009112,-0.0512675621518746,0,0,0,Q3,TRUE
SCARB2,0.296700860274402,-0.180119540282181,0,0,0,Q2,FALSE
NID2,-0.500556216510834,-0.0311810918943074,0,0,0,Q3,TRUE
IL18,0.493720385369173,0.0735981591711266,0,0,0,Q1,TRUE
DAG1,-0.11822999807023,-0.120165829573367,0,0,0,Q3,TRUE
EIF3A,-0.12492895864829,0.0618401831642537,0,0,0,Q4,FALSE
UBAP2L,-0.0705837678126713,0.447769919043182,0,0,0,Q4,FALSE
MLEC,-0.0888228774885853,-0.00829116121483509,0,0,0,Q3,TRUE
DPYSL3,-0.0776223928612225,-0.162671364267222,0,0,0,Q3,TRUE
DCTN1,0.289669373701699,0.0830959052680775,0,0,0,Q1,TRUE
DYNC1H1,0.444924023060285,0.119374311552196,0,1,0,Q1,TRUE
EIF2B1,0.281318987301919,0.077326518881101,0,0,0,Q1,TRUE
EIF4A2,-0.0318583750360482,0.143112373361255,0,0,0,Q4,FALSE
CTTN,0.370652754402832,0.401443240833437,0,0,0,Q1,TRUE
ENDOG,0.0989324411190218,0.0121931445958623,0,0,0,Q1,TRUE
FLOT2,-0.0382672105512363,0.191975847236542,0,0,0,Q4,FALSE
TRIM25,-0.169782979503896,-0.0738244555769967,0,0,0,Q3,TRUE
FLNC,0.52816516382104,0.212225012814237,0,1,0,Q1,TRUE
MYBPC2,-0.324687172551847,0.111046037531171,0,0,0,Q4,FALSE
GAMT,-0.124373602644937,-0.101429654152287,0,0,0,Q3,TRUE
CAPRIN1,-0.566126514181883,0.279513531004667,1,0,0,Q4,FALSE
PRPSAP1,0.0482150653982263,-0.174410581037337,0,0,0,Q2,FALSE
ITIH4,-0.0705163020169728,0.0965066123709057,0,0,0,Q4,FALSE
CLINT1,-0.0775253747616524,-0.00907444827374349,0,0,0,Q3,TRUE
GANAB,0.21460624140871,-0.0410323274018296,0,0,0,Q2,FALSE
SSPN,-0.108557144251819,-0.314229188912599,0,0,0,Q3,TRUE
MVP,0.202329203800296,0.433856829423419,0,0,0,Q1,TRUE
LTBP3,0.0313306759974488,-0.0780447535274504,0,0,0,Q2,FALSE
LASP1,-0.268720916266911,0.143445303420311,0,0,0,Q4,FALSE
PTGR1,0.196746100386349,0.273417489333465,0,0,0,Q1,TRUE
KPNB1,0.248359368203801,0.0103656973712702,0,0,0,Q1,TRUE
NUMA1,-0.0798062951410294,-0.00141064952827819,0,0,0,Q3,TRUE
PSME4,0.419303117763546,0.0832294451330924,0,0,0,Q1,TRUE
SLMAP,0.290082706096275,0.044126183163673,0,0,0,Q1,TRUE
EMC2,0.0449769829458866,0.145007341163652,0,0,0,Q1,TRUE
PSMD6,0.085627739922149,-0.0632374600932302,0,0,0,Q2,FALSE
ABRAXAS2,0.0398141266113008,-0.0158389602218172,0,0,0,Q2,FALSE
SEPTIN2,0.0740023562073482,-0.0402713712397009,0,0,0,Q2,FALSE
KARS1,-0.0155626052065649,-0.104212783700422,0,0,0,Q3,TRUE
EIF4H,-0.26264605814242997,-0.191975536569672,0,0,0,Q3,TRUE
EEA1,0.282673671693352,0.0354328422907706,0,0,0,Q1,TRUE
PDIA6,-0.0932425596959199,0.0476975957615835,0,0,0,Q4,FALSE
PAFAH1B3,0.0294828968867158,-0.0221200508323243,0,0,0,Q2,FALSE
PLCL1,-0.0234167212297596,0.100921302815239,0,0,0,Q4,FALSE
PDK1,-0.138504708928959,-0.0624364602646672,0,0,0,Q3,TRUE
PDK2,-0.24735236242741,-0.07733972847711,0,0,0,Q3,TRUE
PEA15,-0.384054451808648,-0.157865614419247,0,0,0,Q3,TRUE
PGM5,-0.277574323742815,-0.0733131110428182,0,0,0,Q3,TRUE
PLEC,0.231715079705932,-0.15877899083301,0,0,0,Q2,FALSE
PPP2R5A,-0.271495893238718,0.00448944269131957,0,0,0,Q4,FALSE
PPA1,0.067437760709737,-0.0428844950307727,0,0,0,Q2,FALSE
PTGES3,-0.128599581827384,-0.0678641459639202,0,0,0,Q3,TRUE
STK38,-0.282904523067899,-0.110379884677833,0,0,0,Q3,TRUE
NONO,-0.11987796801084,0.0321192332504836,0,0,0,Q4,FALSE
PTPA,-0.186120008123222,-0.0296030663667359,0,0,0,Q3,TRUE
RAB35,0.0573981259750287,0.250876669393664,0,0,0,Q1,TRUE
TMED2,-0.0243843814549756,0.0160623941963038,0,0,0,Q4,FALSE
PCBP1,-0.048353846461264303,0.0408522469187886,0,0,0,Q4,FALSE
PCBP2,-0.0190373825748971,0.072870149999801,0,0,0,Q4,FALSE
ELOC,-0.0367681397453907,0.0482231391460992,0,0,0,Q4,FALSE
ELOB,-0.045668586584398,0.0579658698791334,0,0,0,Q4,FALSE
UBE3C,0.652573154938111,-0.0657417247660277,0,0,0,Q2,FALSE
DHCR24,-0.577054623845513,0.222168171451841,0,0,0,Q4,FALSE
RSU1,-0.117524752310839,-0.080389650093835,0,0,0,Q3,TRUE
PPP1R7,-0.0328461172536407,-0.203339147370823,0,0,0,Q3,TRUE
SEC23A,0.21866289841179,0.0770055269739736,0,0,0,Q1,TRUE
MAPRE2,-0.0406517831071511,-0.0850770050324385,0,0,0,Q3,TRUE
TGFBI,-0.722045949998796,-0.450098962526644,0,0,0,Q3,TRUE
TSN,-0.273398262751336,-0.272082721471367,0,0,0,Q3,TRUE
SF1,-0.312657134973676,0.051072778961645,0,0,0,Q4,FALSE
TRIP10,0.11532086405176,-0.0624181475047401,0,0,0,Q2,FALSE
MAPRE1,0.0917460343910257,0.14196187321345,0,0,0,Q1,TRUE
TSC22D1,0.0405657215252209,-0.271244819806412,0,0,0,Q2,FALSE
ELAVL1,-0.183722521405191,0.00388876978957242,0,0,0,Q4,FALSE
MYLK,-0.728942037287865,-0.739389088270382,0,-1,-1,Q3,TRUE
SPEG,0.0597726342136724,-0.0995387202487414,0,0,0,Q2,FALSE
TBCE,0.149560954060021,-0.0717108262671111,0,0,0,Q2,FALSE
UBE2V2,-0.192190773582428,-0.163606095947845,0,0,0,Q3,TRUE
NEDD8,-0.0140511117019742,0.0523844097474679,0,0,0,Q4,FALSE
ADIPOQ,0.148665326277204,-0.130161719901221,0,0,0,Q2,FALSE
RAB11B,0.0129871057905966,0.0292631768895149,0,0,0,Q1,TRUE
ZYX,0.0885861221981195,0.0935394943685708,0,0,0,Q1,TRUE
HSPB2,0.32421669164555,0.262094954964969,0,0,0,Q1,TRUE
ETFDH,0.045295856029238,-0.0206955107428932,0,0,0,Q2,FALSE
SEPTIN7,0.2203904837585,0.106154157185635,0,0,0,Q1,TRUE
ADRM1,-0.0236778657130579,-0.11343806650525,0,0,0,Q3,TRUE
DDB1,0.15413476417417,0.0254763042328179,0,0,0,Q1,TRUE
CDC37,-0.0362366340765057,-0.0114698094813441,0,0,0,Q3,TRUE
DPYSL2,0.0557470954752546,0.036371442688754,0,0,0,Q1,TRUE
SYPL1,-0.380790754290988,-0.0636699363145787,0,0,0,Q3,TRUE
RBBP7,-0.214203092755845,0.105100546089364,0,0,0,Q4,FALSE
SGCB,-0.109643931171885,-0.149842032018153,0,0,0,Q3,TRUE
SGCA,-0.112903958783075,-0.125377406571751,0,0,0,Q3,TRUE
FXN,-0.132174642862122,-0.145854006316632,0,0,0,Q3,TRUE
FSCN1,0.709037209239508,0.648474334959865,0,1,1,Q1,TRUE
DECR1,0.0582149540382666,0.0722160057558661,0,0,0,Q1,TRUE
NDUFA5,-0.356280012311217,-0.0349474344641436,0,0,0,Q3,TRUE
CLPP,0.13262217772985,-0.0323478276864684,0,0,0,Q2,FALSE
TST,-0.0592599165007535,-0.173120626822801,0,0,0,Q3,TRUE
KYAT1,-0.451478356243356,-0.32660192970615,0,0,0,Q3,TRUE
GUK1,-0.231435795722522,-0.00325945426157226,0,0,0,Q3,TRUE
HAGH,-0.213641861070631,-0.182843086447786,0,0,0,Q3,TRUE
NDUFA9,-0.373908034941202,-0.0386272414431232,0,0,0,Q3,TRUE
PHKG1,0.179674582315211,0.160684997421171,0,0,0,Q1,TRUE
PPP1R3A,0.0655047314663406,0.180739578346987,0,0,0,Q1,TRUE
HADH,-0.168259503588867,-0.113329998640229,0,0,0,Q3,TRUE
UGP2,0.14141221884195,0.0416168585635894,0,0,0,Q1,TRUE
TXNRD1,-0.060323954358708,-0.148313917199857,0,0,0,Q3,TRUE
IMMT,-0.156418637154133,-0.0466802961393604,0,0,0,Q3,TRUE
IAH1,0.0509480893498164,-0.0239595677381494,0,0,0,Q2,FALSE
KLHL40,0.404339216945765,0.336158789928561,0,0,0,Q1,TRUE
TKFC,-0.0391340632778778,-0.0874200746677225,0,0,0,Q3,TRUE
TIMM50,0.0726139987494498,0.00573980663092044,0,0,0,Q1,TRUE
NADK2,0.185777694893066,-0.100305449097629,0,0,0,Q2,FALSE
FAM98B,-0.202251676606426,-0.00299550055455811,0,0,0,Q3,TRUE
HIKESHI,0.0234486626833323,0.0972254437326967,0,0,0,Q1,TRUE
PDLIM3,0.191294771032247,0.0449357099463725,0,0,0,Q1,TRUE
HSD17B12,0.129112869511818,0.09552624536758,0,0,0,Q1,TRUE
AGK,0.0890658187130953,0.311083832379456,0,0,0,Q1,TRUE
LACTB2,0.0695971756890401,-0.0051941416918595,0,0,0,Q2,FALSE
DCAF6,-0.0396300282108903,-0.127630608609802,0,0,0,Q3,TRUE
CAVIN4,0.0447849011892387,0.012936799127548,0,0,0,Q1,TRUE
FLG2,-0.175951030117293,0.224324618338134,0,0,0,Q4,FALSE
RABL3,0.0973184620919838,-0.0949706194751005,0,0,0,Q2,FALSE
COQ5,0.0158000058507426,-0.0720198802284564,0,0,0,Q2,FALSE
NOMO2,-0.266298317552458,0.0937885703059536,0,0,0,Q4,FALSE
PITRM1,-0.112752749072428,0.031268229873028,0,0,0,Q4,FALSE
WDR44,-0.078413627374772,0.0778789194923881,0,0,0,Q4,FALSE
COA6,-0.262075306967613,0.0111973109061587,0,0,0,Q4,FALSE
TOR1AIP1,-0.615193397942559,-0.210011611444596,0,-1,0,Q3,TRUE
GNAS,-0.491786766905971,-0.309224691133139,0,-1,0,Q3,TRUE
TTC38,0.237496401124083,0.0971687755107347,0,0,0,Q1,TRUE
C6orf136,-0.186928142652029,-0.552602026763374,0,0,0,Q3,TRUE
HP1BP3,0.00499876252347775,0.123964940679024,0,0,0,Q1,TRUE
IBA57,-0.188349912556419,-0.10420872291354,0,0,0,Q3,TRUE
UBR4,0.106731566641773,-0.0470040021982641,0,0,0,Q2,FALSE
DCAF8,0.0867552129567706,0.099124882374646,0,0,0,Q1,TRUE
DDI2,-0.362859732380102,0.142218629535972,0,0,0,Q4,FALSE
MICOS10,-0.306999571959338,0.161606067266259,0,0,0,Q4,FALSE
LYRM7,-0.205205365139804,-0.210915383996337,0,0,0,Q3,TRUE
OBSCN,0.324540815108712,0.0451533108784368,0,0,0,Q1,TRUE
MYOM3,-0.280680980559751,-0.0327257847879494,0,0,0,Q3,TRUE
PDE4DIP,0.262636845917655,0.242101061335511,0,0,0,Q1,TRUE
BROX,-0.300592786254125,0.00111081272016023,0,0,0,Q4,FALSE
LYPLAL1,-0.424845278203399,-0.0372436149607012,0,0,0,Q3,TRUE
SYPL2,-0.339114484150688,-0.293047246824216,0,0,0,Q3,TRUE
ECPAS,0.181688753368494,-0.0833173659797453,0,0,0,Q2,FALSE
MICOS13,0.0120521789223602,0.0909696846347998,0,0,0,Q1,TRUE
RNF123,-0.0295347670148018,-0.259084262722233,0,0,0,Q3,TRUE
TMEM198,0.142954302459536,-0.142725220117569,0,0,0,Q2,FALSE
CRYBG3,0.00350066038766528,-0.236661086179261,0,0,0,Q2,FALSE
NXN,0.0475687756601566,-0.0543330465729355,0,0,0,Q2,FALSE
PTRHD1,0.0334021236950335,0.0551852801999324,0,0,0,Q1,TRUE
ABLIM2,-0.495380296250834,-0.0882207153632333,0,0,0,Q3,TRUE
LAMTOR1,0.394486564745833,1.2990842289539e-4,0,0,0,Q1,TRUE
DHRS7B,0.0798396640331092,-0.126757331746408,0,0,0,Q2,FALSE
TWF2,-0.179724370673231,0.263961464571917,0,0,0,Q4,FALSE
ETFRF1,-0.294076726968441,-0.201564936601351,0,0,0,Q3,TRUE
RAB12,-0.0379842505250387,-0.129294730070143,0,0,0,Q3,TRUE
DENND5A,-0.327036372888287,-0.17597279838002,0,0,0,Q3,TRUE
RCSD1,-0.0223002034178705,-0.100720073613726,0,0,0,Q3,TRUE
SLC25A24,0.121354018329217,0.229670169454565,0,0,0,Q1,TRUE
HIBCH,0.152989869493879,0.178398084638875,0,0,0,Q1,TRUE
CAVIN1,0.158208311942754,-0.0291271583034245,0,0,0,Q2,FALSE
MRPL54,-0.235704452590237,0.0630932752948254,0,0,0,Q4,FALSE
LPCAT3,-0.235652786481808,-0.110633990430493,0,0,0,Q3,TRUE
TATDN1,0.0476927573764812,-0.109431152885847,0,0,0,Q2,FALSE
SFXN4,-0.381169311924452,0.169219218879597,0,0,0,Q4,FALSE
FAHD1,-0.136397222042959,-0.0525707743330592,0,0,0,Q3,TRUE
LMOD2,-0.501021983132556,0.156542519718908,0,0,0,Q4,FALSE
SLC27A1,0.0199214982765952,-0.352279242391511,0,0,0,Q2,FALSE
CCDC137,-1.6781588249157,-0.216380249465857,1,-1,0,Q3,TRUE
CORO6,0.330430166631317,0.17138735198477,0,0,0,Q1,TRUE
TMEM205,-0.122194703518009,-0.0993017852437532,0,0,0,Q3,TRUE
DHRS11,-0.595274633714368,0.179509659119272,1,0,0,Q4,FALSE
APOOL,-0.0795717961469826,-0.0862526086045179,0,0,0,Q3,TRUE
NAPRT,-0.391461733806157,0.0105576023236509,0,0,0,Q4,FALSE
HSDL2,-0.18602486663718,-0.0916946079192371,0,0,0,Q3,TRUE
KYAT3,-0.182656879291084,-0.129049224951977,0,0,0,Q3,TRUE
TRIM72,0.0920644316800541,0.0700392115469768,0,0,0,Q1,TRUE
UBN2,-1.0030786450533,0.234694208481706,1,-1,0,Q4,FALSE
TOM1L2,0.0193266811850847,-0.156807361952254,0,0,0,Q2,FALSE
XIRP1,-0.871654284906789,0.433615827414272,1,-1,0,Q4,FALSE
VPS13C,0.148738319155907,0.0138226529852297,0,0,0,Q1,TRUE
UBE2R2,0.0973096929253146,0.00143333270047208,0,0,0,Q1,TRUE
SND1,-0.116017873236938,0.276442264082366,0,0,0,Q4,FALSE
TRMT10C,0.0606462028568018,0.0196123406346516,0,0,0,Q1,TRUE
BZW1,0.0119128213239819,0.0381842066063101,0,0,0,Q1,TRUE
EIF3M,-0.0566268591202643,0.0547677390631947,0,0,0,Q4,FALSE
COPS6,0.0349024974510108,-0.0352075760445416,0,0,0,Q2,FALSE
CHMP1B,-0.0187856187871525,-0.0824774722776276,0,0,0,Q3,TRUE
ERMP1,-0.413790608442284,-0.0691482111864854,0,0,0,Q3,TRUE
MRPL21,0.130322393492118,-0.297115768211192,0,0,0,Q2,FALSE
DGLUCY,-0.249819326680992,-0.0327576964080869,0,0,0,Q3,TRUE
MYH14,0.192854358795969,-0.00288317138338101,0,0,0,Q2,FALSE
SZRD1,-0.21008041629257,-0.0478774786220342,0,0,0,Q3,TRUE
MAVS,0.169105224586144,-0.162729792297178,0,0,0,Q2,FALSE
COMMD6,0.665701247668721,-0.00452971853388107,0,0,0,Q2,FALSE
HDDC2,0.208163958821043,-0.108769230150841,0,0,0,Q2,FALSE
HDGFL2,-0.118553195774215,-0.0852821710370826,0,0,0,Q3,TRUE
DCXR,-0.108456086691561,-0.138341720472496,0,0,0,Q3,TRUE
SPRED2,-0.0261389402112862,0.0212598072354169,0,0,0,Q4,FALSE
HUWE1,0.335907015171301,0.215284034927077,0,0,0,Q1,TRUE
GLRX5,-0.271870401874864,-0.151457471612417,0,0,0,Q3,TRUE
MYPN,-0.0198700767924898,0.0732987192011478,0,0,0,Q4,FALSE
SRL,-0.0137934124321788,-0.0443419154399649,0,0,0,Q3,TRUE
PRUNE1,0.385013992500348,-0.355441306697163,0,0,0,Q2,FALSE
ACOT1,-0.573185003602344,0.0919653745004965,0,0,0,Q4,FALSE
ISCA2,-0.128934307718442,-0.00840923342352795,0,0,0,Q3,TRUE
MTDH,0.286609980654049,0.068949504305369,0,0,0,Q1,TRUE
KTN1,0.282646886912723,-0.0551066745665025,0,0,0,Q2,FALSE
NLRX1,-0.0550546022510652,-0.163992174120427,0,0,0,Q3,TRUE
ALYREF,-0.0432165886351612,-0.0104345689997203,0,0,0,Q3,TRUE
MDP1,-0.00409811618996159,-0.110744412606419,0,0,0,Q3,TRUE
SLC25A42,-0.358725029046628,-0.756504581517451,0,0,-1,Q3,TRUE
NRAP,0.334899221905729,0.33310673180663,0,0,0,Q1,TRUE
VPS36,-0.326469973919064,-0.298198173049212,0,0,0,Q3,TRUE
CAND1,0.0998967933966632,1.20057755026437e-5,0,0,0,Q1,TRUE
COMMD7,0.299174805153761,0.218904176309431,0,0,0,Q1,TRUE
LDHD,0.0130572861356235,-0.11145457070721,0,0,0,Q2,FALSE
CARM1,0.0457969888810403,0.408661984256469,0,0,0,Q1,TRUE
NIT1,-0.0167506896038709,-0.0824927393514159,0,0,0,Q3,TRUE
NDUFA11,-0.0808948853263516,-0.222059864989482,0,0,0,Q3,TRUE
ECHDC2,-0.329027136349527,-0.235543787103666,0,0,0,Q3,TRUE
PHYKPL,0.398431091221845,-0.169670772180893,0,0,0,Q2,FALSE
MUSTN1,-0.0291581559348195,0.772157209199868,0,0,1,Q4,FALSE
NAXD,-0.181907231046999,-0.153999347737081,0,0,0,Q3,TRUE
MFN1,-0.405222902302182,-0.100806974049519,0,0,0,Q3,TRUE
SLC44A2,-0.0916229821793024,-0.0311163091385112,0,0,0,Q3,TRUE
HSCB,-0.0405437342876205,0.110305075793512,0,0,0,Q4,FALSE
ADHFE1,-0.0837647697226238,-0.0689881841230537,0,0,0,Q3,TRUE
UNC45B,0.25133937278104,0.208396647090531,0,0,0,Q1,TRUE
MSRB3,-1.20834874717927,-0.0131389668097697,1,-1,0,Q3,TRUE
KLHDC8B,0.269852406797153,0.0332100858868714,0,0,0,Q1,TRUE
SUPV3L1,-0.219017666265527,0.00768480674168615,0,0,0,Q4,FALSE
THNSL1,0.252339721280531,-0.0144851060416915,0,0,0,Q2,FALSE
PM20D2,0.100865113415459,0.0445490963861843,0,0,0,Q1,TRUE
MICU2,-0.548996782579387,-0.0824284495825225,0,-1,0,Q3,TRUE
ELMOD2,-0.373480668263232,-0.10304705863491,0,0,0,Q3,TRUE
ALDH16A1,-0.260415859264569,0.054385008581999,0,0,0,Q4,FALSE
FAM185A,-0.872219031618943,-0.323045039862901,0,-1,0,Q3,TRUE
ADSS1,-0.0912256737820982,0.0207941125586721,0,0,0,Q4,FALSE
NDUFAF2,-0.238861133939086,-0.00312895572068683,0,0,0,Q3,TRUE
LRRC47,-0.030863084747395,-0.0442064288944337,0,0,0,Q3,TRUE
GPD1L,-0.0726398634863195,-0.144604503074071,0,0,0,Q3,TRUE
EHBP1L1,0.342436205800645,0.1051066343115,0,0,0,Q1,TRUE
CMYA5,-0.0516359581079087,-0.134914421930823,0,0,0,Q3,TRUE
TXLNB,0.0696850783525171,-0.0989727604504758,0,0,0,Q2,FALSE
SYNPO,-0.31879256450803,-0.151277280404518,0,0,0,Q3,TRUE
TOMM5,-0.141934472547792,0.0173753654052682,0,0,0,Q4,FALSE
CHCHD4,0.210568150712593,0.124683131393454,0,0,0,Q1,TRUE
CBR4,0.0117478771306665,-0.0254368703944117,0,0,0,Q2,FALSE
MMGT1,0.23038465944515,-0.0669530392956013,0,0,0,Q2,FALSE
SMIM20,-0.158649656265037,-0.0138574752196092,0,0,0,Q3,TRUE
CISD2,0.101659636628941,0.0559086761535745,0,0,0,Q1,TRUE
ATPAF2,-0.345978500602044,-0.323807641887626,0,0,0,Q3,TRUE
JAGN1,-0.135656415242824,-0.152486648910408,0,0,0,Q3,TRUE
MRPL50,0.0211674367197006,0.00905584293832007,0,0,0,Q1,TRUE
EMC1,-0.0828363719765086,0.11993778747151,0,0,0,Q4,FALSE
PTGR2,-0.333394886356768,-0.144385043812377,0,0,0,Q3,TRUE
SMYD1,-0.176743576619199,0.0412804751891223,0,0,0,Q4,FALSE
NHLRC2,0.279611884974045,-0.0223288173906546,0,0,0,Q2,FALSE
RDH13,0.090965478775864,0.223071727535061,0,0,0,Q1,TRUE
TXNDC5,0.309500495665471,0.257052694611353,0,0,0,Q1,TRUE
ATAD1,-0.0234061226955866,0.110133980851113,0,0,0,Q4,FALSE
SCCPDH,0.0247155627563167,0.104233036649106,0,0,0,Q1,TRUE
SERBP1,-0.199150515692022,0.0273851788626409,0,0,0,Q4,FALSE
FAM98A,0.338560270203772,0.0574637141071008,0,0,0,Q1,TRUE
PDPR,-0.285659419201966,0.0920023989468497,0,0,0,Q4,FALSE
NAXE,-0.00251660703120393,-0.069478859794323,0,0,0,Q3,TRUE
NPEPL1,0.121657321556057,0.154654876634442,0,0,0,Q1,TRUE
ADPRHL1,0.139190145731174,-0.0434158099293001,0,0,0,Q2,FALSE
CHDH,-0.45764147105556,0.392725414193023,1,0,0,Q4,FALSE
ABCF1,0.0161528156373052,0.02142023125365,0,0,0,Q1,TRUE
MCU,-0.314451262341858,-0.0867222384556605,0,0,0,Q3,TRUE
ABHD11,0.132884451780065,0.0801722227278319,0,0,0,Q1,TRUE
ATL2,-0.240028877636536,-0.461202532961014,0,0,0,Q3,TRUE
PPTC7,-0.109156672105481,0.0695066932020119,0,0,0,Q4,FALSE
COQ8A,-0.129596116916041,-0.0797268133376825,0,0,0,Q3,TRUE
NPLOC4,0.0682783448066431,-0.00399860734739121,0,0,0,Q2,FALSE
SPATA20,-0.492516103895298,0.227080999089921,0,0,0,Q4,FALSE
NUBPL,-0.287157521888936,0.198238398650759,0,0,0,Q4,FALSE
DEPTOR,-0.0688823299185266,0.0443512071981722,0,0,0,Q4,FALSE
RDH11,0.278742279454921,0.123350282961894,0,0,0,Q1,TRUE
LRRC20,-0.326802387112359,-0.146506057908134,0,0,0,Q3,TRUE
NT5C,-0.236908185242115,-0.0668656161970276,0,0,0,Q3,TRUE
PNPT1,0.0945212857361959,-0.101399196710176,0,0,0,Q2,FALSE
SPPL2A,-0.0949032133347814,-0.0744961280576213,0,0,0,Q3,TRUE
PREX1,-0.583109757965765,0.444847131028828,1,0,0,Q4,FALSE
NEK9,0.492799063573141,-0.0124453214510076,0,0,0,Q2,FALSE
GPT2,1.871984302308,-0.591984920739108,-1,1,0,Q2,FALSE
MYOZ3,-0.0829923283742282,0.368574789693497,0,0,0,Q4,FALSE
NEK7,-0.0920998513073599,0.0077085936305572,0,0,0,Q4,FALSE
DTD1,0.0836286091608613,-2.0101982536147e-4,0,0,0,Q2,FALSE
UTP15,-0.724761118120401,0.113055347277484,0,-1,0,Q4,FALSE
SETD7,0.133630588396937,0.0347642573501155,0,0,0,Q1,TRUE
NUP133,-0.0681950508441709,-0.0141151465361098,0,0,0,Q3,TRUE
PDCD6IP,0.0612097940796303,0.00516957619976921,0,0,0,Q1,TRUE
THEM6,-0.0808029552088243,-0.118872233766396,0,0,0,Q3,TRUE
SMIM4,0.0893719073353942,0.0260679154580217,0,0,0,Q1,TRUE
NUDCD2,0.0777197514815313,-0.0410350470486165,0,0,0,Q2,FALSE
SCFD1,0.113286660047191,-0.027655801427219,0,0,0,Q2,FALSE
PCNP,-0.120333966507228,0.0306600089386713,0,0,0,Q4,FALSE
DNAJA4,0.40796048405478,0.305223423172816,0,0,0,Q1,TRUE
SPRYD4,0.206878001848494,-0.0129750289671158,0,0,0,Q2,FALSE
RTN4IP1,0.258518239763131,-0.0267279902168021,0,0,0,Q2,FALSE
PALLD,0.0488297416144086,0.0232261601488837,0,0,0,Q1,TRUE
SYNE2,-0.355759599507575,-0.429955615164307,0,0,0,Q3,TRUE
THAP4,0.148023309558976,0.0950387561505721,0,0,0,Q1,TRUE
IFT81,-1.29685913282656,-0.0872742349153555,1,-1,0,Q3,TRUE
TTN,-0.158604036728097,0.0184665370426202,0,0,0,Q4,FALSE
DDX1,0.286271473526433,0.0736642981024609,0,0,0,Q1,TRUE
HSD17B8,0.0573402498310784,-0.0213361348070897,0,0,0,Q2,FALSE
CPT1B,-0.263515147366046,-0.237638921713142,0,0,0,Q3,TRUE
PSMF1,0.164081211580175,0.00370169475995752,0,0,0,Q1,TRUE
UBXN4,0.0686588499661607,0.106625073091063,0,0,0,Q1,TRUE
MYO18A,0.211569501713065,0.0676496704136227,0,0,0,Q1,TRUE
GCN1,0.292517613071965,0.119874891571602,0,0,0,Q1,TRUE
SGCD,-0.168242391797353,-0.207832982100371,0,0,0,Q3,TRUE
AKAP1,-0.180413544794998,-0.116357715411457,0,0,0,Q3,TRUE
RABGGTA,-0.0705454388028386,0.159357803302001,0,0,0,Q4,FALSE
TFG,0.195241967465922,0.0775107134776754,0,0,0,Q1,TRUE
ARPC1A,0.0434033415676751,-0.153080215472087,0,0,0,Q2,FALSE
P3H4,-0.421597319937099,0.186630101106726,0,0,0,Q4,FALSE
DDX17,-0.0158177932013679,-0.0646813250461236,0,0,0,Q3,TRUE
CELF1,-0.299755989195312,0.0687312886822298,0,0,0,Q4,FALSE
UFD1,0.136410652066967,0.174204335035817,0,0,0,Q1,TRUE
RPL3L,0.0885669119331567,0.158772622148089,0,0,0,Q1,TRUE
COPS5,0.0261727126305793,-0.0758407116824138,0,0,0,Q2,FALSE
KHSRP,-0.134923098150644,-0.10836314417574,0,0,0,Q3,TRUE
GCDH,0.0209273440417235,-0.0665499842804032,0,0,0,Q2,FALSE
TNPO1,0.186115922644234,0.13172536108975,0,0,0,Q1,TRUE
USP13,-0.0979229680957339,-0.0786231678835705,0,0,0,Q3,TRUE
USP9X,0.417295357354636,0.119807644306032,0,1,0,Q1,TRUE
CUL5,-0.0850917108941616,-0.076835741786919,0,0,0,Q3,TRUE
LPP,-0.0465715904136559,-0.0850490220625417,0,0,0,Q3,TRUE
ATP2A3,0.0548160849203363,0.0585589740359964,0,0,0,Q1,TRUE
PHKB,0.130602323291143,0.226250239676034,0,0,0,Q1,TRUE
UBE2F,0.226511329869293,-0.25795967980843,0,0,0,Q2,FALSE
RPL36AL,0.148627772209483,0.250118517756082,0,0,0,Q1,TRUE
WBP2,-0.382097826195448,-0.0342164828427549,0,-1,0,Q3,TRUE
ERGIC1,0.125219716090339,0.408506316123415,0,0,0,Q1,TRUE
MTARC2,-0.0259582839724892,0.0458482529584181,0,0,0,Q4,FALSE
FAM162A,0.0460058473413412,0.00800314960694948,0,0,0,Q1,TRUE
CCDC47,-0.192751318548105,0.107693817753805,0,0,0,Q4,FALSE
TMEM230,0.0128871981061103,0.0117659456937105,0,0,0,Q1,TRUE
ISOC2,0.118246328715767,-0.047579601457933,0,0,0,Q2,FALSE
FERMT2,0.0123631951576826,-0.0550407743567938,0,0,0,Q2,FALSE
FUBP1,-0.126585135298221,-0.105421778691472,0,0,0,Q3,TRUE
SLC25A46,0.881174629473477,-0.0505299969872794,-1,1,0,Q2,FALSE
TMEM143,-0.510655835841302,0.053594625035533,0,-1,0,Q4,FALSE
PBXIP1,0.0589870790047016,-0.0258424501871062,0,0,0,Q2,FALSE
PTER,0.652833233764577,0.0409777188780627,0,0,0,Q1,TRUE
ZBTB9,-0.16642577852998,-0.052952384270327,0,0,0,Q3,TRUE
FAM136A,-0.0380533087644359,0.132000977612087,0,0,0,Q4,FALSE
FGGY,-0.33038883808344,0.0440202537403991,0,0,0,Q4,FALSE
GALM,-0.091114767746209,0.0199947213692653,0,0,0,Q4,FALSE
DCPS,-0.188533389483458,-0.140855690644205,0,0,0,Q3,TRUE
PPP1R14B,0.401007743390476,0.287449382655581,0,0,0,Q1,TRUE
ACSF2,-0.287985175566376,-0.181184035708498,0,0,0,Q3,TRUE
ISOC1,-0.49124583648651,-0.0373576858622187,0,0,0,Q3,TRUE
CCDC124,0.235981606617315,0.112168494816864,0,0,0,Q1,TRUE
OPTN,0.028914046558544,-0.130627021553135,0,0,0,Q2,FALSE
AP2M1,0.302578585421625,0.0813794293525874,0,0,0,Q1,TRUE
KCTD12,-0.641981980379871,0.18281652686612,0,0,0,Q4,FALSE
RMDN1,-0.00690678301162251,0.0863432842744842,0,0,0,Q4,FALSE
ECHDC3,-0.233492491418016,-0.350189816662766,0,0,0,Q3,TRUE
NUDT16,-0.363428994838387,-0.134615954107566,0,0,0,Q3,TRUE
CMBL,-0.162345627949264,-0.20650546244773,0,0,0,Q3,TRUE
MSI2,0.00178425302778251,0.0416238879850468,0,0,0,Q1,TRUE
MRPL38,-0.193658357768811,0.123158406456977,0,0,0,Q4,FALSE
MRRF,-0.466046216778143,-0.00183207206652725,0,0,0,Q3,TRUE
MRPL53,-0.348395028338484,0.114518473623988,0,0,0,Q4,FALSE
DAZAP1,-0.598344157036671,0.357633303875648,0,0,0,Q4,FALSE
DNAJA3,-0.302581107175097,-0.115450404990707,0,0,0,Q3,TRUE
PTCD3,0.190396792780501,0.239306012866155,0,0,0,Q1,TRUE
MMAB,-0.0479083369043458,-0.284226205844654,0,0,0,Q3,TRUE
DYNLL2,-0.201662525221568,-0.0286572143659072,0,0,0,Q3,TRUE
S100A16,0.346287228997603,0.444655476341662,0,0,0,Q1,TRUE
SCRN2,-0.105554011708765,0.00887419334522832,0,0,0,Q4,FALSE
OTUB1,-0.0455847588377019,-0.122434158771537,0,0,0,Q3,TRUE
CHMP6,0.0779834074233019,0.0297363033754987,0,0,0,Q1,TRUE
PDXP,0.16538232934268,-0.117612045485046,0,0,0,Q2,FALSE
DCUN1D1,0.0752730842033884,0.116412874254614,0,0,0,Q1,TRUE
FAHD2A,0.00779399367140243,-0.0516139861158535,0,0,0,Q2,FALSE
SNF8,0.0955916537899242,0.0684879127100189,0,0,0,Q1,TRUE
PDLIM5,-0.102300484435375,-0.252099488365069,0,0,0,Q3,TRUE
CRELD1,-0.193459700849061,0.412704049107443,0,0,0,Q4,FALSE
ERO1A,0.173500163749772,0.174994884434636,0,0,0,Q1,TRUE
AHCYL2,0.179506577357031,0.0537751446398005,0,0,0,Q1,TRUE
PGAM5,0.157422374327158,-0.177013450860844,0,0,0,Q2,FALSE
DDRGK1,0.104431482699937,0.110242752231336,0,0,0,Q1,TRUE
PYURF,-0.344150430030048,0.13955673638468,0,0,0,Q4,FALSE
SUCLG2,-0.168226627244344,-0.0964581865702527,0,0,0,Q3,TRUE
ABHD14B,-0.116270443253185,-0.0815069355051605,0,0,0,Q3,TRUE
NGLY1,0.172306732498562,0.280587653578991,0,0,0,Q1,TRUE
TMX3,-0.223906831871215,0.154966161742902,0,0,0,Q4,FALSE
BTF3L4,0.123052842222648,-0.0218555800455178,0,0,0,Q2,FALSE
USP47,0.00149795397367924,-0.172621937036528,0,0,0,Q2,FALSE
CNDP2,0.149458457090361,-0.0370737160174173,0,0,0,Q2,FALSE
ALPK3,0.053609643459577,0.172277532782854,0,0,0,Q1,TRUE
STAC3,-0.0846140861587195,0.162429689470276,0,0,0,Q4,FALSE
COQ10A,-0.298301113042434,0.120561386431028,0,0,0,Q4,FALSE
JSRP1,0.0898626281375705,0.0215910024584467,0,0,0,Q1,TRUE
MCEE,0.16342048655827,-0.131560999534873,0,0,0,Q2,FALSE
QKI,0.0307381583977211,0.243938016298571,0,0,0,Q1,TRUE
PLIN4,-0.320245880384434,-0.287603808633712,0,0,0,Q3,TRUE
VPS35,0.0714384273101665,0.0310337021843701,0,0,0,Q1,TRUE
PURB,0.147952357680971,-0.0597350330919504,0,0,0,Q2,FALSE
BBS4,-0.083526806245029,-0.156558558201755,0,0,0,Q3,TRUE
VPS13A,-0.32967400379486,-0.120951088352694,0,0,0,Q3,TRUE
GFM1,-0.316870247838409,-0.228188128637122,0,0,0,Q3,TRUE
MCCC1,-0.135509647019163,-0.137434077056064,0,0,0,Q3,TRUE
METTL26,-0.0953939561711863,0.00584683503488748,0,0,0,Q4,FALSE
CLCC1,-0.115960617566994,-0.0795881154238849,0,0,0,Q3,TRUE
PEBP4,-0.60641320879688,-0.440342486974746,0,-1,0,Q3,TRUE
PLEKHF1,-0.805093522270464,0.0467534369295457,1,-1,0,Q4,FALSE
MYCBP,-0.208855784226504,0.0908358952076203,0,0,0,Q4,FALSE
TBCB,0.263089365763136,0.0214275203589267,0,0,0,Q1,TRUE
PSMB7,0.113643118305379,0.0285298443498938,0,0,0,Q1,TRUE
PCYT2,-0.0951197742506409,-0.479899882359703,0,0,-1,Q3,TRUE
PSMD1,0.153048599834133,0.0180606071655021,0,0,0,Q1,TRUE
PFDN5,-0.247304571675212,-0.154346374630595,0,0,0,Q3,TRUE
PAFAH2,-0.0176277505784164,-0.114157563403108,0,0,0,Q3,TRUE
PARK7,-0.00948518664996811,-0.0967181683289091,0,0,0,Q3,TRUE
VAT1,0.237400325986595,0.0763585057157208,0,0,0,Q1,TRUE
PLIN2,0.163708021589954,-0.425437886270057,0,0,0,Q2,FALSE
S100A13,1.20920426075319,0.661422389481181,0,1,1,Q1,TRUE
TSNAX,-0.08862726559612,-0.233163610348115,0,0,0,Q3,TRUE
EIF3C,0.164279364546701,0.163242216949218,0,0,0,Q1,TRUE
PHB2,-0.0569833984702157,0.0510599654707562,0,0,0,Q4,FALSE
COPS8,-0.0317383934703095,-0.028913194037397,0,0,0,Q3,TRUE
SDHC,0.111869036266288,-0.153474163162823,0,0,0,Q2,FALSE
CHP1,-0.15530533092608,-0.0500598321942292,0,0,0,Q3,TRUE
HSD17B10,0.0428192196677948,-0.0119080885744509,0,0,0,Q2,FALSE
NAP1L4,0.0045346195742404,-0.0238708468515618,0,0,0,Q2,FALSE
MGST2,0.114641224849105,0.0961518786657187,0,0,0,Q1,TRUE
TXN2,-0.0713521111629305,0.112398650033587,0,0,0,Q4,FALSE
DMAC2L,-0.0132987591847602,-0.29764018152143,0,0,0,Q3,TRUE
ACO2,0.031293972954451,-0.0219933687292659,0,0,0,Q2,FALSE
COQ7,-0.108228064435593,-0.124649539928427,0,0,0,Q3,TRUE
SLC29A1,0.0103471419991337,-0.182892648566607,0,0,0,Q2,FALSE
TSG101,0.209837593047883,-0.196814533109947,0,0,0,Q2,FALSE
CPNE1,-0.276284353278136,-0.262367610303826,0,0,0,Q3,TRUE
CCT7,0.230359325258998,0.0921853782886259,0,0,0,Q1,TRUE
PRMT1,0.123141179742134,-0.0969211494280913,0,0,0,Q2,FALSE
NIPSNAP1,-0.37307987783532,-0.225256218499364,0,0,0,Q3,TRUE
ARPC5L,-0.109578028795429,0.214068754256203,0,0,0,Q4,FALSE
MICU1,-0.00377670277371323,-0.0824207914364408,0,0,0,Q3,TRUE
MACROD1,-0.207032205244818,-0.0993364243235355,0,0,0,Q3,TRUE
WDR77,0.0409176685836563,-0.175957593556692,0,0,0,Q2,FALSE
APOL2,0.345839338301598,0.239025647585876,0,0,0,Q1,TRUE
FYCO1,0.229974346745408,-0.00642909240643874,0,0,0,Q2,FALSE
JPH2,-0.336102710802898,-0.0918384203941507,0,0,0,Q3,TRUE
CORO1B,-0.131526080494561,0.32559743743802,0,0,0,Q4,FALSE
TXNDC17,0.0698110089168438,0.14491075189034,0,0,0,Q1,TRUE
PLCD4,0.0198079663398083,0.0190801256265338,0,0,0,Q1,TRUE
CPPED1,0.283072625048238,0.056715277008184,0,0,0,Q1,TRUE
VPS25,0.0287275443542434,-0.0917897089303672,0,0,0,Q2,FALSE
MIEN1,-0.101880572232385,0.317111272872026,0,0,0,Q4,FALSE
PELO,0.0462903431034789,0.143038785485267,0,0,0,Q1,TRUE
PRXL2A,-0.167380956650025,-0.186753043381426,0,0,0,Q3,TRUE
ERP44,0.0833351204295063,-0.359970573814245,0,0,0,Q2,FALSE
NIPSNAP3B,-0.0122801531127585,-0.093959390333513,0,0,0,Q3,TRUE
NTPCR,0.258353163127012,-0.0593148635033671,0,0,0,Q2,FALSE
AGMAT,0.149836648976308,0.0333380689323803,0,0,0,Q1,TRUE
TACO1,-0.315998358148917,-0.0473618652115597,0,0,0,Q3,TRUE
ESYT1,-0.00430308797621848,-0.132924266742993,0,0,0,Q3,TRUE
UBAC1,0.030589423333673,0.095650698068745,0,0,0,Q1,TRUE
COPS4,-0.00260603449521568,-0.034086298946189,0,0,0,Q3,TRUE
DCTN5,0.546672193950812,-0.13709606764291,-1,1,0,Q2,FALSE
AARSD1,-0.0584089268452814,-0.0409691505555685,0,0,0,Q3,TRUE
TMEM43,0.345675538132774,0.200830475212829,0,0,0,Q1,TRUE
DHRS4,0.115322599611627,0.34954875338747,0,0,0,Q1,TRUE
TMEM70,0.107876534561022,0.229649248819864,0,0,0,Q1,TRUE
TUBB6,0.613028248614661,0.237477855605551,0,1,0,Q1,TRUE
CHCHD7,-0.229467053388376,-0.0176915117758973,0,0,0,Q3,TRUE
APOO,-0.138844215241306,-0.00793507805790128,0,0,0,Q3,TRUE
MRI1,-0.141765921779273,0.0847655618720857,0,0,0,Q4,FALSE
ABHD6,0.0362173534108017,-0.0360895317537846,0,0,0,Q2,FALSE
ADI1,0.117573684707146,0.0646798191633486,0,0,0,Q1,TRUE
MECR,-0.0426520252146148,-0.0610944410554062,0,0,0,Q3,TRUE
NTMT1,-0.0840051121396073,0.228825531705702,0,0,0,Q4,FALSE
TMEM109,-0.15389503298832,-0.184855713924527,0,0,0,Q3,TRUE
TMED9,0.254803251467806,0.0396599537342688,0,0,0,Q1,TRUE
TIMM21,-0.0872943795348604,0.0863409078543711,0,0,0,Q4,FALSE
TPPP3,0.296950647715342,0.0704539429995918,0,0,0,Q1,TRUE
NUDT9,-0.0655015122889466,-0.0643814131423817,0,0,0,Q3,TRUE
FUNDC2,-0.035878022424157,-0.201893801399361,0,0,0,Q3,TRUE
SORBS1,-0.80625247458871,-0.299578436060731,0,-1,0,Q3,TRUE
HINT2,-0.216490549519655,-0.169635492803533,0,0,0,Q3,TRUE
OSBPL11,0.135816488639728,0.17872656336777001,0,0,0,Q1,TRUE
NT5C1A,0.171418587662551,0.261328734406373,0,0,0,Q1,TRUE
TMEM120A,-0.340268393358267,-0.164468017589561,0,0,0,Q3,TRUE
NAA15,0.161194237501491,0.011185915372792,0,0,0,Q1,TRUE
BCL2L13,-0.0246589813949925,-0.0213006504652995,0,0,0,Q3,TRUE
AP1M1,0.453076840496223,0.0139738720032447,0,0,0,Q1,TRUE
OSBPL1A,-0.0353482530602385,0.107575661410067,0,0,0,Q4,FALSE
HDHD5,-0.0633979818154486,0.111582263689943,0,0,0,Q4,FALSE
EIF2A,0.035280670997011,0.0129748101792906,0,0,0,Q1,TRUE
MRPL13,-0.148092769048862,0.153754982631639,0,0,0,Q4,FALSE
MRPL9,-0.177891332239593,0.313832265305276,0,0,0,Q4,FALSE
MRPL4,0.128520227701685,0.181782055728206,0,0,0,Q1,TRUE
MRPL1,0.0475854453135511,0.12793700740762,0,0,0,Q1,TRUE
NLN,0.290936494411813,0.19670701419491,0,0,0,Q1,TRUE
TRIM54,-0.198405636101878,0.0862163963748586,0,0,0,Q4,FALSE
BCO2,0.215735166617986,-0.383696156992176,0,0,0,Q2,FALSE
MRPL37,-0.361272433292445,0.0426278937776985,0,0,0,Q4,FALSE
ASPSCR1,-0.203018884944129,-0.205231018149078,0,0,0,Q3,TRUE
UBL5,-0.250160129523277,-0.0157588864901825,0,0,0,Q3,TRUE
NIBAN1,-0.442092419985883,-0.112256422966286,0,0,0,Q3,TRUE
UBXN6,0.00628320678768901,0.107910603770421,0,0,0,Q1,TRUE
LNPK,0.084488654367874,-0.0315038524933549,0,0,0,Q2,FALSE
PITHD1,-0.0759235231895694,-0.099569325114448,0,0,0,Q3,TRUE
SLIRP,0.106771912127694,0.0846187876991742,0,0,0,Q1,TRUE
NIF3L1,-0.260068586370657,-0.113866900705677,0,0,0,Q3,TRUE
EGLN1,0.0573867328141588,0.035210189052664403,0,0,0,Q1,TRUE
ANKRD2,0.539179902973036,0.327900746457278,0,0,0,Q1,TRUE
NAA50,0.201955042567857,0.0055319580665163,0,0,0,Q1,TRUE
TMEM126A,-0.117836799917512,-0.113233644040488,0,0,0,Q3,TRUE
PAIP1,-0.0900703639569507,0.0371815760909264,0,0,0,Q4,FALSE
CLPB,0.109244228192175,0.0645918561703134,0,0,0,Q1,TRUE
TOLLIP,-0.0417000306981947,-0.0665148988076076,0,0,0,Q3,TRUE
PCBD2,-0.195326704495873,-0.16781180213308,0,0,0,Q3,TRUE
NT5C3A,-0.0312071212951892,-0.104205895203339,0,0,0,Q3,TRUE
HDHD2,-0.143753450850589,-0.0467468866296272,0,0,0,Q3,TRUE
RAB1B,0.159917658421083,-0.095192149708609,0,0,0,Q2,FALSE
C11orf54,-0.211596567720346,-0.266090561999999,0,0,0,Q3,TRUE
NUCKS1,-0.13053536295028,-0.117843260320093,0,0,0,Q3,TRUE
TMX4,-0.0894557378705123,-0.115781910886298,0,0,0,Q3,TRUE
MYLK2,-0.418195623792688,-0.551359868116908,0,0,0,Q3,TRUE
EHD4,-0.189020034142295,0.12617281554137,0,0,0,Q4,FALSE
SH3BGRL3,-0.0166793892766073,0.234783558511122,0,0,0,Q4,FALSE
SLK,0.227074399815749,0.195318128645855,0,0,0,Q1,TRUE
PPIL3,0.142356817523886,-0.0269497676541874,0,0,0,Q2,FALSE
LRMDA,0.0941837929506804,0.00684133538869602,0,0,0,Q1,TRUE
TNMD,-0.0450242584749461,-0.169061271314799,0,0,0,Q3,TRUE
PPA2,-0.017942956721221,-0.025977581458573,0,0,0,Q3,TRUE
MRPL46,-0.167201769558304,0.0720528523433757,0,0,0,Q4,FALSE
TMEM245,0.0916440158609184,-0.0744656057909943,0,0,0,Q2,FALSE
C11orf68,0.0153863522950601,0.0215414867248107,0,0,0,Q1,TRUE
GHITM,-0.0608548907106687,0.0828071575481601,0,0,0,Q4,FALSE
BOLA2,0.392704858419254,0.157711115426025,0,0,0,Q1,TRUE
TMX1,0.0899782924224297,-0.00592722278746649,0,0,0,Q2,FALSE
CHMP4B,0.138060653962249,0.0728324177176418,0,0,0,Q1,TRUE
RBKS,-0.23454544985886,-0.281355962575958,0,0,0,Q3,TRUE
FN3K,-0.144023572002112,-0.00995105509918659,0,0,0,Q3,TRUE
TOR1AIP2,0.0501902079153016,0.100466078531758,0,0,0,Q1,TRUE
RNPEP,-0.257537062214887,-0.223033618375194,0,0,0,Q3,TRUE
GLIPR2,0.448913571279714,0.607388532265103,0,0,1,Q1,TRUE
EHD1,-0.0301651291140743,-0.0481590566832146,0,0,0,Q3,TRUE
TMEM38A,-0.127903936004948,-0.125991495808162,0,0,0,Q3,TRUE
OPA3,-0.0313784841405891,-0.0860015375224812,0,0,0,Q3,TRUE
DCTPP1,-0.161352958953589,-0.0647601638947357,0,0,0,Q3,TRUE
AAMDC,-0.350172113725005,-0.275460965845184,0,0,0,Q3,TRUE
PTGES2,0.00958148178310836,0.0626448753720865,0,0,0,Q1,TRUE
UBE2Z,0.135799010025355,-0.0630744970876833,0,0,0,Q2,FALSE
ACAD9,-0.155633160848115,0.0041552943655141,0,0,0,Q4,FALSE
METTL7A,-0.228228450399115,-0.347071091870742,0,0,0,Q3,TRUE
COQ10B,-0.167210130557049,-0.139967000334313,0,0,0,Q3,TRUE
MOB1A,-0.0405773798620608,-0.0253207501802173,0,0,0,Q3,TRUE
GORASP2,-0.048732381304756,-0.0607946991350978,0,0,0,Q3,TRUE
JPT2,0.903333811600396,0.414117110663422,0,1,0,Q1,TRUE
SYNPO2L,-0.520915011300133,0.0886707941369203,0,0,0,Q4,FALSE
ARMT1,-0.128799155027036,-0.261189325790294,0,0,0,Q3,TRUE
LRRC40,-0.365708748223826,-0.0193688171090081,0,0,0,Q3,TRUE
SFXN1,0.0645669353907508,0.0659836376431358,0,0,0,Q1,TRUE
L2HGDH,-0.156375003087543,-0.0342519085096278,0,0,0,Q3,TRUE
COPS7B,0.828008115407512,-0.455490221325272,-1,1,0,Q2,FALSE
FN3KRP,-0.0795616159638897,0.0463078600247435,0,0,0,Q4,FALSE
TBC1D17,-0.07664832883777,-0.026650501770149,0,0,0,Q3,TRUE
CACYBP,0.221249551333337,0.060381038939795,0,0,0,Q1,TRUE
RDH14,-0.0620833719361364,0.137622901860297,0,0,0,Q4,FALSE
PARVB,-0.215035249103611,-0.0700396601411697,0,0,0,Q3,TRUE
TNS1,-0.301454300935635,-0.0655024180199923,0,0,0,Q3,TRUE
PLGRKT,-0.265895174405628,-0.0324136882179609,0,0,0,Q3,TRUE
GLOD4,-0.123172403746626,-0.0759274358833864,0,0,0,Q3,TRUE
MCCC2,-0.290597581212658,-0.0109477113832384,0,0,0,Q3,TRUE
HHATL,-0.323632307603845,-0.163687071895836,0,0,0,Q3,TRUE
PREB,0.252415898822218,-0.00976018224344699,0,0,0,Q2,FALSE
MRPL47,-0.333723688562433,-0.159333803595128,0,0,0,Q3,TRUE
JPH1,-0.0936060686495779,-0.0173950545671353,0,0,0,Q3,TRUE
APMAP,0.337396164515336,0.149550649500767,0,0,0,Q1,TRUE
TXNRD2,-0.081381516466088,-0.0884679857115884,0,0,0,Q3,TRUE
RAB18,0.149966877886694,-0.075727492108534,0,0,0,Q2,FALSE
PALMD,0.102360038489817,-0.00295225490236461,0,0,0,Q2,FALSE
SSU72,-0.931443295401014,0.0163923054053754,1,-1,0,Q4,FALSE
VTA1,0.0284722474260697,-0.0526661804502879,0,0,0,Q2,FALSE
SARS2,0.126737314737937,0.00873252448671735,0,0,0,Q1,TRUE
DYNLRB1,0.0781044705970793,0.237105793836609,0,0,0,Q1,TRUE
MYOZ1,-0.68212860138502,0.0791388812087526,0,0,0,Q4,FALSE
MYOZ2,-0.711871358576911,-0.415535846318704,0,0,0,Q3,TRUE
OSGEP,-0.0370014561536287,0.0861176742307137,0,0,0,Q4,FALSE
ACOT13,0.0338530127624388,0.0779708806243669,0,0,0,Q1,TRUE
MRPL40,0.0229819691026449,0.0429676392367639,0,0,0,Q1,TRUE
TIGAR,0.225161622270964,-0.249612763581865,0,0,0,Q2,FALSE
RTN4,-0.0138240472627267,-0.179963727289909,0,0,0,Q3,TRUE
HINT3,-0.286318551467939,-0.048413182431748,0,0,0,Q3,TRUE
PFDN4,0.00528592034637754,-0.0556680334839044,0,0,0,Q2,FALSE
NIT2,0.0316466976350398,-0.0731731534152438,0,0,0,Q2,FALSE
XPNPEP1,0.0480934660570327,-0.0424790777430069,0,0,0,Q2,FALSE
GPHN,-0.0806506743018627,-0.19136391718331,0,0,0,Q3,TRUE
PDLIM7,-0.438236441404143,0.0736040751373537,0,0,0,Q4,FALSE
ACSS2,-0.33916020763316,-0.165785572950377,0,0,0,Q3,TRUE
DIABLO,-0.280884018116819,-0.0309465081447371,0,0,0,Q3,TRUE
SAR1A,-0.0262390542829429,-0.184592208436232,0,0,0,Q3,TRUE
SH3GLB2,0.0568827636292397,0.021714101795709,0,0,0,Q1,TRUE
EIF2B3,-0.102485045524656,0.194463168331492,0,0,0,Q4,FALSE
MBNL1,0.0725031679929842,0.0792211744320568,0,0,0,Q1,TRUE
SDR39U1,-0.181021379498937,-0.163590969859811,0,0,0,Q3,TRUE
AASDHPPT,-0.144586525560573,-0.142947181985342,0,0,0,Q3,TRUE
OSTC,-0.279087857440253,0.0192838558586068,0,0,0,Q4,FALSE
CMC2,-0.0369507965796565,-0.029418742346806,0,0,0,Q3,TRUE
HEBP1,-0.0919931883076721,0.187058252089969,0,0,0,Q4,FALSE
PHPT1,0.0194731723641688,-0.165218127059546,0,0,0,Q2,FALSE
TOMM22,-0.778389822572397,0.165015740150626,1,-1,0,Q4,FALSE
LANCL2,-0.299331729296505,-0.173856447456938,0,0,0,Q3,TRUE
FARSB,0.628537282138502,0.123160560786697,0,1,0,Q1,TRUE
IARS2,0.00226798761299563,0.0914581718977878,0,0,0,Q1,TRUE
SIRT3,-0.282419608428068,0.0387681058652376,0,0,0,Q4,FALSE
MAN2C1,0.28928778588331,-0.118271432926068,0,0,0,Q2,FALSE
OLA1,-0.0309244118779155,-0.0624655801542993,0,0,0,Q3,TRUE
CUTC,0.0441024403297305,0.00799466885186462,0,0,0,Q1,TRUE
ACSS1,-0.0239490474663349,-0.0525653862522759,0,0,0,Q3,TRUE
ABHD10,-0.20105406722184,-0.162488049953257,0,0,0,Q3,TRUE
DDX19A,-0.0845581632098451,-0.114486778576886,0,0,0,Q3,TRUE
SEPTIN11,0.21650457718675,-0.090551625021174,0,0,0,Q2,FALSE
PARVA,-0.0952254018778369,-0.172473292509512,0,0,0,Q3,TRUE
PANK4,-0.0161384677498511,-0.131374573449765,0,0,0,Q3,TRUE
DNAJC11,-0.142093688521911,-5.4701028536996e-4,0,0,0,Q3,TRUE
TMLHE,-0.43006144279072,0.276349185048097,0,0,0,Q4,FALSE
ATAD3A,-0.319841698292699,0.0107858745358129,0,0,0,Q4,FALSE
ARL8B,0.0911886134124948,-0.0532209037058351,0,0,0,Q2,FALSE
MRPS18A,0.281755391634618,0.315104979365358,0,0,0,Q1,TRUE
PNPO,-0.100974385947964,-0.200887585282512,0,0,0,Q3,TRUE
OXSM,-0.136961852763378,-0.0893341708250688,0,0,0,Q3,TRUE
MRPL22,-0.0254012285906668,-0.0204198855441149,0,0,0,Q3,TRUE
CZIB,-0.275197179403129,-0.140294535176814,0,0,0,Q3,TRUE
BABAM1,-3.4726450288147e-4,0.0545055874537788,0,0,0,Q4,FALSE
NDUFB11,-0.303988343780478,0.0382485103718864,0,0,0,Q4,FALSE
OCIAD1,-0.221922003529233,-0.0346377342397659,0,0,0,Q3,TRUE
MARCHF5,0.120247466212767,0.0949368859351658,0,0,0,Q1,TRUE
CHCHD3,-0.174373825243446,-0.0561380137051941,0,0,0,Q3,TRUE
SIRT5,0.106375598520444,0.0105846071190605,0,0,0,Q1,TRUE
BABAM2,-0.20953781462703,-0.0603600180683976,0,0,0,Q3,TRUE
DPP3,0.291368896525025,0.0308122994791837,0,0,0,Q1,TRUE
TUBA8,-0.158615069267139,0.0868329144751385,0,0,0,Q4,FALSE
MAP3K20,0.28865761051253,-0.130857833166669,0,0,0,Q2,FALSE
UGGT1,-0.0301660934988917,-0.0360482269317437,0,0,0,Q3,TRUE
TECR,-0.0918487014303011,0.0814821524996354,0,0,0,Q4,FALSE
ERAP1,0.30022715847716003,0.140013777680636,0,0,0,Q1,TRUE
CISD1,0.0634445411966276,0.0749255575863259,0,0,0,Q1,TRUE
CLIC5,-0.209224837868963,-0.17079699353949,0,0,0,Q3,TRUE
FAM120A,0.212640906921072,0.169543870067358,0,0,0,Q1,TRUE
GLTP,0.167185233817921,-0.0623333703604008,0,0,0,Q2,FALSE
COQ3,-0.158985001244414,-0.0699910771242536,0,0,0,Q3,TRUE
HSPBP1,0.0393988557211031,-0.194516133333522,0,0,0,Q2,FALSE
MAT2B,0.0905013936464343,-0.0356992656711128,0,0,0,Q2,FALSE
MYOF,0.0856330240674019,0.0605196167451254,0,0,0,Q1,TRUE
EHD2,-0.212578154705849,-0.0461503728454069,0,0,0,Q3,TRUE
TMOD4,-0.381561735353067,0.243374557653901,0,0,0,Q4,FALSE
LMCD1,0.272264183377189,0.0639155649363623,0,0,0,Q1,TRUE
CHMP5,-0.188029667943351,-0.0537201170252573,0,0,0,Q3,TRUE
CNIH4,0.332670127829203,-0.151113133050718,0,0,0,Q2,FALSE
NDUFAF4,-0.262020834799859,0.185852034774992,0,0,0,Q4,FALSE
EMC3,-0.0790594550148178,-0.0308616976317388,0,0,0,Q3,TRUE
NDUFA13,-0.220383496068823,0.0198625132818258,0,0,0,Q4,FALSE
PDP1,-0.104137552141026,0.138312442928829,0,0,0,Q4,FALSE
MRPL36,0.156854252221773,-0.0136570669673439,0,0,0,Q2,FALSE
VAPA,0.108805238868527,0.046731203820201,0,0,0,Q1,TRUE
RNF181,-0.21934700824615,-0.175998351543132,0,0,0,Q3,TRUE
LARS1,0.155491056324415,0.058377584592634,0,0,0,Q1,TRUE
SUCLA2,0.0290692746473198,0.00810926790347821,0,0,0,Q1,TRUE
GMPR2,0.149317671461493,-0.0023473957772211,0,0,0,Q2,FALSE
DPM3,0.130126900058517,-0.0751581790900069,0,0,0,Q2,FALSE
IMPACT,0.297713026781,-0.0896963137591769,0,0,0,Q2,FALSE
ATXN10,0.00493149161454198,0.21998483329072,0,0,0,Q1,TRUE
EPS15L1,0.0314170470205504,-0.0207600819391107,0,0,0,Q2,FALSE
SAE1,0.121570100058999,-0.32765962032741,0,0,0,Q2,FALSE
RNF7,-0.278494805656063,-0.159522145085454,0,0,0,Q3,TRUE
MYOT,-0.0954128800502758,0.243276029632923,0,0,0,Q4,FALSE
GNG12,-9.7192330892781e-4,0.0565214215161021,0,0,0,Q4,FALSE
VPS29,0.215418583897637,0.364106104836237,0,0,0,Q1,TRUE
EIF3K,-0.0726550607193595,0.100125196335338,0,0,0,Q4,FALSE
GRHPR,0.0426457805178977,0.0189387001655632,0,0,0,Q1,TRUE
CTSZ,0.270402222047647,-0.00790232330704299,0,0,0,Q2,FALSE
UBA2,-0.00130461608221921,0.0696168884611374,0,0,0,Q4,FALSE
COPS7A,0.225846295045216,-0.0136361069134487,0,0,0,Q2,FALSE
HSPB7,0.473054463182809,0.201900656307007,0,1,0,Q1,TRUE
CLIP2,0.148396621788702,0.0102880662374609,0,0,0,Q1,TRUE
UQCR10,-0.143086335195967,-0.0351374790427599,0,0,0,Q3,TRUE
DNAJB4,0.0476201160971712,0.0410340123781978,0,0,0,Q1,TRUE
NIPSNAP3A,0.48142933199745,-0.0203463221959304,0,0,0,Q2,FALSE
TES,-0.596017926340936,0.364614633486925,1,0,0,Q4,FALSE
KDM5B,-0.0716349597200008,0.0353097996652494,0,0,0,Q4,FALSE
WARS2,-1.11812338426941,-0.170352703893233,0,0,0,Q3,TRUE
MLX,-0.295857435756854,-0.0231442577862886,0,0,0,Q3,TRUE
SEPTIN9,0.199230755724223,-0.125353578304335,0,0,0,Q2,FALSE
UBQLN2,0.0756255548312534,-0.153931994213625,0,0,0,Q2,FALSE
PCYOX1,-0.132426425138224,-0.122948677518277,0,0,0,Q3,TRUE
DPP7,-0.396320357452813,-0.0123299890428541,0,0,0,Q3,TRUE
SMPX,0.302299052354201,0.292704333290068,0,0,0,Q1,TRUE
BCAP29,0.056285462878126,0.0582523734353089,0,0,0,Q1,TRUE
CYB5R1,-0.0166837366608696,-0.117808135721319,0,0,0,Q3,TRUE
PFDN2,0.0422081472307099,-0.127509665357596,0,0,0,Q2,FALSE
PUF60,-0.272609001469228,-0.10206421482544,0,0,0,Q3,TRUE
ENOPH1,-0.199046735788862,-0.132138909087704,0,0,0,Q3,TRUE
NDUFA12,-0.400778845262231,0.0201086492785336,0,0,0,Q4,FALSE
EIF2B4,0.140527657011122,-0.0788285622961826,0,0,0,Q2,FALSE
ATP6V1H,-0.191212127204345,-0.102617452911616,0,0,0,Q3,TRUE
TRMT112,-0.674931053194037,0.141351151711973,0,0,0,Q4,FALSE
XPO7,0.0846617789141497,-0.0788128322701773,0,0,0,Q2,FALSE
LCMT1,0.0192474053193337,0.0929920435261771,0,0,0,Q1,TRUE
ATP5IF1,0.085608406452625,0.0775969541291346,0,0,0,Q1,TRUE
AK3,-0.0178241583908978,-0.00171290876826902,0,0,0,Q3,TRUE
NAGK,0.164819846119943,0.13518062104346,0,0,0,Q1,TRUE
SLC25A13,-0.133673256423322,0.0879813445276412,0,0,0,Q4,FALSE
DBNL,0.464041336796569,0.0184424258680238,0,0,0,Q1,TRUE
DCTN4,0.200274461199978,0.0833073822149437,0,0,0,Q1,TRUE
HSPB8,0.106467699270127,0.034658569336699,0,0,0,Q1,TRUE
STOML2,0.117146832030404,0.0895819114732994,0,0,0,Q1,TRUE
VPS28,0.0018382781679307,-0.112990010122168,0,0,0,Q2,FALSE
JPT1,0.0662126601469808,0.152715629033032,0,0,0,Q1,TRUE
APPL1,0.196415979795312,0.0350326647275061,0,0,0,Q1,TRUE
PACSIN3,-0.114026296196187,0.191694534214829,0,0,0,Q4,FALSE
ACAD8,-0.279218206026822,0.0750804057855774,0,0,0,Q4,FALSE
AGO2,-0.159548688152558,0.0296056883103262,0,0,0,Q4,FALSE
MYH2,-0.273636985832002,0.481701502639236,0,0,0,Q4,FALSE
MYH13,0.260485591803612,0.264863245228593,0,0,0,Q1,TRUE
CDV3,0.0127204634245075,0.0573371127641558,0,0,0,Q1,TRUE
RAB21,-0.131700453528868,-0.175984192888382,0,0,0,Q3,TRUE
PSME2,0.611755260248415,0.28532412182048,0,1,0,Q1,TRUE
DNPEP,-0.0263134543237058,0.025990964759405,0,0,0,Q4,FALSE
MCTS1,0.145540777393467,-0.00551578329477209,0,0,0,Q2,FALSE
TBC1D24,0.0541110373655567,-0.473872465288535,0,0,-1,Q2,FALSE
TMCO1,0.0620361514434755,-0.179061167511694,0,0,0,Q2,FALSE
EPDR1,-0.207335443862295,-0.0908775348150535,0,0,0,Q3,TRUE
MYO6,0.138793656881152,0.264325279669123,0,0,0,Q1,TRUE
NFU1,-0.450561895826453,-0.34873428910646,0,0,0,Q3,TRUE
SYNPO2,0.149639917056721,0.03804156313997,0,0,0,Q1,TRUE
UBQLN1,-0.123872547034725,-0.299555301569761,0,0,0,Q3,TRUE
SNX12,-0.144659653071194,-0.0442048502748023,0,0,0,Q3,TRUE
NDRG2,0.00348511903279558,-0.0596382826048263,0,0,0,Q2,FALSE
VPS4A,0.0361294142859947,-0.0748387730621474,0,0,0,Q2,FALSE
G3BP2,-0.608487550974527,-0.0979898544931963,0,0,0,Q3,TRUE
STUB1,0.219399852543269,-0.0748817307562639,0,0,0,Q2,FALSE
PACSIN2,-0.0168588426454583,0.0648097595455539,0,0,0,Q4,FALSE
SNX6,-0.128528304073637,-0.0656580489216232,0,0,0,Q3,TRUE
PSMD13,0.108635671589202,-0.0105165908477396,0,0,0,Q2,FALSE
COPS3,-0.037476875809741,0.0245389971333161,0,0,0,Q4,FALSE
NSFL1C,0.0285318804024364,-0.0384503024233283,0,0,0,Q2,FALSE
PPP6R1,-0.315464806471876,0.0191036471793495,0,0,0,Q4,FALSE
LIMCH1,-0.00158799998142456,-0.0419898475938822,0,0,0,Q3,TRUE
USP24,0.237691172266576,-0.24996547029637,0,0,0,Q2,FALSE
MAPRE3,0.194690368045922,0.146013824756654,0,0,0,Q1,TRUE
PA2G4,0.0387562541576081,0.146410179093341,0,0,0,Q1,TRUE
CAMK2A,-0.0267829560108481,0.226475949125994,0,0,0,Q4,FALSE
CHMP2B,-0.164785321186336,-0.0285714575390266,0,0,0,Q3,TRUE
RTRAF,0.0233530370825648,0.130679319516553,0,0,0,Q1,TRUE
RUVBL2,0.254778090820917,0.0795437484771959,0,0,0,Q1,TRUE
APOBEC2,-0.395238281096823,0.209087945091355,0,0,0,Q4,FALSE
PIN4,-0.0323983393496263,-0.129764589380098,0,0,0,Q3,TRUE
EIF3L,0.136697459912028,0.118843016788411,0,0,0,Q1,TRUE
PLAA,0.117307964429216,-0.114264700363115,0,0,0,Q2,FALSE
NUDC,0.0891329272889116,-0.0848827421077409,0,0,0,Q2,FALSE
BCS1L,-0.0513288964085987,-0.0417684559640747,0,0,0,Q3,TRUE
VDAC3,-0.391017796417191,-0.192838755899189,0,0,0,Q3,TRUE
CFL2,0.0264881168472293,0.0447043833200063,0,0,0,Q1,TRUE
FARSA,0.442605826793915,0.0452388058938666,0,1,0,Q1,TRUE
CNPY2,-2.3876888382545e-4,-0.039910390453592,0,0,0,Q3,TRUE
FNDC3A,0.0603942065635543,-0.0158968451418673,0,0,0,Q2,FALSE
PADI2,0.31158100885235,0.108049461023079,0,0,0,Q1,TRUE
GSTK1,0.0570620104283286,0.0878500078395419,0,0,0,Q1,TRUE
LAMTOR2,0.308100273869329,0.0145689430466618,0,0,0,Q1,TRUE
MRPS35,0.294127749594542,-0.0849880134472425,0,0,0,Q2,FALSE
COA3,-0.00494469249183638,-0.125221309961628,0,0,0,Q3,TRUE
TMA7,-0.112662726300595,-0.0982745393507471,0,0,0,Q3,TRUE
SUGT1,0.186391419850267,0.0291509147138207,0,0,0,Q1,TRUE
COQ6,0.0108991475312301,-0.0395289711760789,0,0,0,Q2,FALSE
ACOT9,0.0814528045880643,0.0818456316634517,0,0,0,Q1,TRUE
MEMO1,0.202310218112423,0.0626334683629288,0,0,0,Q1,TRUE
TMX2,-0.496079877739771,-0.0921798862300705,0,0,0,Q3,TRUE
SH3GLB1,0.12277168803174,-0.135765349872454,0,0,0,Q2,FALSE
CAB39,-0.0495207175532322,0.0283037477651931,0,0,0,Q4,FALSE
LUC7L2,-0.0600648489353794,-0.046247227307866,0,0,0,Q3,TRUE
DHRS7,0.222321145972678,0.0839698525119488,0,0,0,Q1,TRUE
MOB4,0.407293416832452,-0.0674428541001397,0,0,0,Q2,FALSE
SBDS,0.0473672006537242,0.0729528195412357,0,0,0,Q1,TRUE
MRPL11,-0.175060384627034,-0.128444985930741,0,0,0,Q3,TRUE
PPIL1,-0.0441592395976329,-0.050351516967968,0,0,0,Q3,TRUE
MSRB2,-0.220420875547664,0.101473740828446,0,0,0,Q4,FALSE
FIS1,-0.100027068658296,-0.108337569484416,0,0,0,Q3,TRUE
STRAP,0.0484821412885736,0.0165056690632994,0,0,0,Q1,TRUE
RTCB,0.240038388524301,0.136797427934951,0,0,0,Q1,TRUE
RPL36,0.162468955291427,0.139638194484768,0,0,0,Q1,TRUE
SAMHD1,0.631565622260631,0.368601593910038,0,0,0,Q1,TRUE
HBS1L,0.086088763512155,0.166398640553385,0,0,0,Q1,TRUE
TLN1,0.103926768467787,0.0969615685257672,0,0,0,Q1,TRUE
USP15,0.11815402176266,0.04042481806448,0,0,0,Q1,TRUE
TLN2,-0.0895125370882006,-0.362498534094865,0,0,0,Q3,TRUE
DTNA,-0.0558266698873133,-0.211990051043852,0,0,0,Q3,TRUE
HYOU1,0.326767203651364,0.183648996695513,0,0,0,Q1,TRUE
AFG3L2,-0.00164861101910319,0.0510444396613714,0,0,0,Q4,FALSE
ARIH1,0.124728039694698,-0.284740418705752,0,0,0,Q2,FALSE
RNF114,-7.7567281077861e-4,-0.204666526219516,0,0,0,Q3,TRUE
SAMM50,-0.117566489255996,-0.00727974258241559,0,0,0,Q3,TRUE
PPME1,0.241978789338184,0.16156894577737901,0,0,0,Q1,TRUE
TIMM9,-0.0544608812978495,0.171285062856168,0,0,0,Q4,FALSE
TIMM8B,-0.00584111323449221,0.155430581483945,0,0,0,Q4,FALSE
UCHL5,0.0433894603053488,0.0773792679235861,0,0,0,Q1,TRUE
TIMM13,0.0268956976568404,0.104585148422352,0,0,0,Q1,TRUE
SRPRB,0.133963170024558,0.0329184386596602,0,0,0,Q1,TRUE
GMPPB,0.141668400267246,0.0251267489869313,0,0,0,Q1,TRUE
MPC1,-0.0193847179977347,-0.224581967895858,0,0,0,Q3,TRUE
SNX5,0.0725872463353028,-0.18428327130378,0,0,0,Q2,FALSE
HEBP2,-0.0365810998576066,-0.108139305135676,0,0,0,Q3,TRUE
HCFC2,-0.366832579638331,-0.193155465562775,0,0,0,Q3,TRUE
FHOD1,0.0648845750386471,0.00169975640895004,0,0,0,Q1,TRUE
MYH4,-0.449866208907292,0.0705478764691421,0,0,0,Q4,FALSE
MRPS18B,0.098961042735894,0.171577296600844,0,0,0,Q1,TRUE
COPG1,-0.0942913116326096,0.0766923415268614,0,0,0,Q4,FALSE
CLIC4,0.24238649520175,0.251886591412411,0,0,0,Q1,TRUE
SPCS1,0.0998710531752458,-0.054938365708356,0,0,0,Q2,FALSE
SAR1B,-0.0239445214821075,-0.0521662410185364,0,0,0,Q3,TRUE
MTCH2,-0.0599346978673871,0.0104628729612521,0,0,0,Q4,FALSE
BZW2,0.0206131220069778,-0.054164818138922,0,0,0,Q2,FALSE
DYNC1LI1,0.6540919379309,0.103956329616427,0,1,0,Q1,TRUE
CHCHD2,-0.193346809127956,0.237380321440753,0,0,0,Q4,FALSE
NDUFB9,-0.410122579385973,0.0487358763318539,0,0,0,Q4,FALSE
COX11,0.143599883242871,-0.0595120519421748,0,0,0,Q2,FALSE
SQOR,-0.228354773177241,0.100996338342213,0,0,0,Q4,FALSE
SESN1,-0.128321878892049,-0.0729029151785134,0,0,0,Q3,TRUE
SEC23IP,0.249336916586916,0.04996203115331,0,0,0,Q1,TRUE
