PC1,PC2,gene,cluster,membership
0.020156320679218073,0.06002728183761277,MMP24OS,C2,0.9999677431144235
-0.018897359841359485,-0.009140383338589958,ESYT2,C3,0.99332653464548
0.004195838741877003,-2.671426710328846e-4,ILVBL,C4,0.6829720025880829
0.014563853621661507,5.796708357818496e-4,FSD2,C4,0.9894798145606326
2.345584721242001e-4,0.035107257681643175,TARS3,C2,0.9998520107873111
0.011636837504191429,0.035134932162568695,VWA8,C2,0.9997879227394438
-0.01281508751515125,-0.003016669169852716,CARNS1,C3,0.9369006559221954
0.01893196262110741,-0.008777619736560672,MAP1LC3B2,C4,0.9999459125998124
-0.006775378142839005,0.005822829071463151,PGP,C2,0.7663232080251899
-0.016571573496946584,-0.0037726566952019183,DHRS7C,C1,0.5753347397154795
0.019131977401163243,-0.0249726009382385,SMTNL1,C1,0.8930541328093898
-3.4518791985282396e-4,0.04375611819580097,NUDT19,C2,0.9996554370194789
-0.010832739476360945,-0.016148081600733274,NACA,C3,0.9999936277838051
0.01373510495015738,0.003739269735195647,SLC35A4,C4,0.9022174788224074
0.021191601508104736,0.01696171840396233,PDLIM1,C4,0.9272753074172111
-0.014131700263990975,0.006950186183500802,MYO1C,C3,0.816359526131921
-0.009227632210919968,-0.0032451117709993856,FXYD1,C3,0.6964663178010393
0.007800098893596386,-0.01633379588850113,STXBP3,C4,0.709753034603778
0.010003246312693736,0.05016028798976111,NDUFS8,C2,0.9999698418902659
-0.004872912506944421,-0.013613801317440015,PSMD11,C3,0.959823699630133
-0.011846077435381245,-0.017937036154375766,PSMD12,C3,0.9943862827307106
-2.2147548967393142e-4,-0.012645269950105916,PSMD9,C3,0.6423706072720349
-0.026121204823531974,-0.02961168871251939,PGRMC1,C3,0.5481559158511995
-0.004625810209790968,-0.012419535063057796,CLIC1,C3,0.9177351119629226
-0.007105652484332447,-0.00791213139838962,EIF3F,C3,0.9778659674833753
-0.0017649744560116374,0.02153514876848077,PDHX,C2,0.9999975151047961
-0.016092118890441362,-0.01963022500264413,DCTN6,C3,0.9998174674928145
-0.009269897990822501,-0.014679184185473777,IPO5,C3,0.9311360586819636
-0.0014291697572171756,-0.005111057465189387,EEF2K,NA,0
0.002385983035903959,5.71609168106726e-4,EML1,C1,0.9759947873126639
-0.0064802164033687095,0.015333858750966187,DNM1L,C2,0.9785284810038033
-0.005660723795751721,0.011272454445179462,RTCA,C2,0.8486219937643751
-0.0052386939064127626,0.02233350751875005,NDUFA4,C2,0.9995319964201493
-0.006829344969607098,-0.012721499672798807,PSMD14,C3,0.9978613165971781
-0.007850449796096483,-0.023981630098780717,BIN1,C3,0.9991636474657879
-0.0029296246451652984,-0.02831033380742569,KPNA3,C3,0.9979881286334531
0.015576579134081553,-0.015280555628594735,DDX3X,C4,0.9972282933549024
-0.003614776553698901,-0.011080442018814788,KPNA4,C1,0.8515551606107399
0.0013986071749753275,0.012994511220727464,CES2,C2,0.7262871264576861
-0.005402713136840651,0.008677349732761097,FBP2,C1,0.9722126846768935
-0.0035046309448888567,0.0027818889956810512,PDXK,C1,0.9711646917518094
-0.016507919682883853,0.019518046542084683,SDHD,C2,0.9685201743559524
0.02181288625815769,0.042350872509158255,COX7A2L,C2,0.9974096415658007
0.009451313757373089,0.028675392714276864,GAPDHS,C1,0.7998927637603187
-0.015786372858225085,0.014549450393744518,HSPB6,C3,0.6377959535387165
-0.001120694367559039,0.039608459796335684,NDUFAB1,C2,0.9999316120234493
0.005309909858651493,0.004118946591388726,IMPA2,C1,0.9996177750610287
-0.007294134282083011,0.0016091055924807218,PDCD5,C1,0.848327719848995
-0.01390975164011348,-0.016822542737941818,PRMT5,C3,0.9722605091971889
-0.004252950338389189,-0.017883388727584732,PSMA7,C3,0.7967832319140923
-0.001094448696680163,0.020615425265003484,OPLAH,C2,0.9592642351378251
0.004942159662732717,0.020154483799516145,MGST3,C2,0.9148162670368813
-0.0020018671635682462,0.010255771594973843,RGS12,C2,0.5046514797701492
0.008336067002317135,-0.02967158399776069,HAT1,C4,0.7600466178400195
0.005175891027300087,0.03728621519961324,UQCRQ,C2,0.9999977850319182
-0.0011088594671081337,0.01391221312000143,MYL12B,C2,0.5536532962477131
0.00817949423942743,0.05311380692518497,UQCR11,C2,0.9999459191047135
-0.009135827896355232,-0.011014304250494343,CASQ2,C3,0.9976140775823704
0.006395690642237428,-0.031909535482014716,HGS,C3,0.6066573134744886
0.005528627436591789,-0.01105358923999076,HNRNPDL,C4,0.5843289739110613
-0.004714450505721952,-0.003999834145311784,XPO1,C1,0.9975304017894635
0.0010906155469660994,-0.03251967055000148,ATP2A1,C1,0.9986075071421316
0.009475513255562508,-0.011839112983871398,SYNJ2,C1,0.9968173147179681
0.04736637573629264,-0.02756705129486965,SYNM,C4,0.9958456297676211
-0.019504910257909257,-0.0014610282814109283,ARPC1B,C3,0.9948623501575057
0.002346867013238325,0.00485708001712683,ARPC2,C1,0.8855268549993344
-0.01730668324527842,0.0038151149552852867,PGRMC2,C3,0.9631231877109478
0.0035538434434906835,-0.0025405583049439126,PFDN6,C1,0.6274839759152744
0.030273577484767677,0.062655265644544475,NDUFA1,C2,0.9514931245699458
-0.0162786300724379,-0.027374882437797225,SURF4,C3,0.9984287329073019
-0.002501913673164913,-0.01673104658944002,MAPK13,C1,0.998445019236061
0.04442526060945718,-0.016630544499768054,TCAP,C4,0.9991698129016732
0.006436830107048145,-0.008405053017979275,PMM2,NA,0
0.01355852077511814,-0.008843048126782493,EIF3D,C4,0.9990700452143753
-0.007432258339638625,-0.024324220806823456,EIF3H,C3,0.7710265962504713
0.007675029683061521,0.02884320664043208,BCAT2,C2,0.9985848897040601
-0.0174374536964777,-0.023899106177426976,STX7,C3,0.9999260931887324
-0.006107162186124131,0.029704709403648864,SLC16A3,C1,0.5632199398096203
-0.001004074999018255,-0.006698183055716274,YKT6,C1,0.5995584658767891
-0.011487505616708008,-0.006577764989349216,ARPC5,C1,0.5409572767462756
0.013972322484190305,0.010282713014283029,TAPBP,C4,0.9079704769616767
-0.011346528650765535,4.7404797104327965e-4,DHX15,C1,0.6146551025324175
-0.004229924884720258,-0.01226918392715113,CYB5B,C1,0.553989299168834
0.01880682723680827,0.02742608018774307,NDUFS4,C2,0.8267581752627031
-0.014251625695474847,0.0015093156727535627,DYNC1LI2,C3,0.9114088099554601
5.664878704466865e-5,-0.024771132758652004,PSMD3,C3,0.591990061820558
0.022778629511187292,0.016825273989110334,RASA4,C4,0.979593539552641
-0.0018563502065451873,-0.006821603158175072,HNRNPR,NA,0
-0.005458477883371492,-0.010405657670839868,TXNL1,C3,0.7320787680510346
-0.0025423128655836296,-0.0050142649463475325,TPD52L2,C1,0.8743405504689348
-0.00542280029483642,-0.00837823951259047,ERI3,C3,0.7413937733357309
0.0013309684195458417,0.025820874114442182,AKR7A2,C2,0.9997440581164057
0.005138788767294282,0.007075871530838771,LAT,C1,0.991904423462232
0.006598550854351761,-0.0027777641624124275,DENR,C4,0.9548904474872227
0.003894263430104805,0.013777218717510689,DNPH1,C1,0.8006166213462537
-0.009757507479798791,0.03874764012292612,TIMM44,C2,0.9999978293194085
-0.01942256969710437,-0.009872655372644238,TRAPPC3,C3,0.9748548944011474
-0.009771499351214918,0.007628317158868278,CHMP2A,C2,0.5085951112056175
0.01544033886349288,0.04132925455115318,NDUFB5,C2,0.9985423462769628
0.007551386919625536,0.04299724468704653,NDUFB3,C2,0.9997100795547735
0.004456184707260694,0.02952994475207467,NDUFA2,C2,0.9981456292897041
-0.0031132211751351063,-0.001899011942364911,BUB3,C1,0.5410780990221272
0.13733935139892292,0.011595704675053501,ACTN4,C4,0.9999833341830453
-0.024769633339784016,0.012469004809270313,GSTZ1,C3,0.9202426929167915
6.646667336973533e-4,0.0013649729547051729,PRKAB2,C1,0.7904995770540076
-0.011180681202522906,-0.006346990432998643,AP1G1,C3,0.940044274561079
0.00779662071706604,-0.013699566877501533,SYNGR2,C3,0.5247205353255973
-0.010354608498388807,0.01278768539880092,SGTA,C2,0.753041965164019
0.01231439387461804,0.009178371411460731,ENSA,C4,0.8287918666864108
9.734282933541358e-4,0.05348409636242369,SLC25A20,C2,0.9999979198822297
-0.004954244874373576,-1.230127889695722e-5,NARS1,C3,0.9899572323459785
0.007528979144781807,0.014604880146755941,LANCL1,NA,0
0.005602344660774395,-0.014996431439702546,SLC37A4,C1,0.9654423996650435
0.00828258197379309,0.031114284767732807,IDH3B,C2,0.999936577494446
-0.0070823693735600724,-0.0047337837664426724,CALU,C3,0.9745081354455687
-0.01917972462888396,-0.007366516310842989,AHCYL1,C3,0.9725149478632357
0.025737219114100145,0.049116400850251964,NDUFS5,C2,0.990779078579697
0.04766206486692716,0.06962473843613631,TIMM8A,C2,0.8796115054749694
-0.020498134969016507,0.005155726362391208,PPP1R12B,C3,0.9627535901020402
0.01024483212134302,-0.03787026960063408,PRPSAP2,C1,0.5093875765448576
-0.0028507589438919187,-0.03780507855432035,SPAG9,C3,0.9990449148898628
0.005142338015310476,0.02723974412117321,OPA1,C2,0.9999266388684275
-0.0043336217275245165,0.012613593532484446,TBC1D4,C1,0.869813353210866
-0.0019605566608947673,-0.005721107284562583,SNX3,NA,0
-0.0022907939533616667,-0.012443483868924984,SYNCRIP,C3,0.8917761938975406
0.01079769173866678,0.0028109992879080453,SELENOF,C4,0.8572886846040549
0.014231434696322974,-0.03593078937884092,KLHL41,C3,0.7065990863883023
-0.007380585008331805,-0.009880127586746825,PLIN3,C3,0.9993177721760865
-0.008560697018009572,-0.006475793701253018,KPNA6,C3,0.9537817589531228
-0.00538547215057351,-0.006303667947226222,SNX2,C1,0.9798817921889417
-0.0031469257665860183,-0.014586287444665093,USO1,C1,0.9998817728142944
-0.0016823546670352476,-0.004939384888276965,TOM1,C1,0.9544980787156907
-0.006990460546297068,0.0416886259649738,PFKFB2,C2,0.9999953811799404
-0.008575925472097234,-0.014298362607359618,EDF1,C3,0.9932535236087244
-0.009839900614934996,-0.004217190517294115,DNAJA2,C3,0.9995207704516863
-0.017246453046411314,-0.015603706987960804,CUTA,C3,0.5998383993902354
0.009888761233382358,-0.005778705597588636,PFDN1,C1,0.8009518442369821
-0.006067881270218291,0.019016254751368946,NOL3,C2,0.9761297708716106
-3.3536840376511e-4,-0.019513492318204963,WDR1,C3,0.8167398310791494
0.027237485880577478,-0.0046678982560008,LDB3,C4,0.9999997764639545
0.007711573856744675,0.038885461029957435,CLASP2,C2,0.998409463245161
-0.008649001484574776,-0.009389840283392292,COBL,C1,0.7505257077792513
-0.014099809947193774,-0.00499906802736949,CPNE3,C3,0.8067390434034231
0.006422705897551174,0.030633075721640608,CLUH,C2,0.9997330961567954
-0.005735755315613862,-0.009965113871196097,CAND2,C3,0.9879612728142815
0.005147792223634309,0.026229689964330245,COQ9,C2,0.9935019558569352
-0.008674343986779694,0.006418964424608002,GGCT,C1,0.9847094516194814
0.02298269641789125,0.04606612123941823,NDUFS7,C2,0.9500044417049285
-0.005202242239390117,-0.02525219734229123,RTN2,C3,0.9828419960771273
0.019372011965368953,0.04374291707153793,NDUFS2,C2,0.9741661841460977
-0.00445502144543066,0.02737611633520234,NIPSNAP2,C2,0.9999873418743689
0.02496799222682156,-0.0016158733452252916,CILP,C4,0.9995202628644454
-0.011842685966065554,-0.0030681524061470615,TBCA,C3,0.7598373101901046
-0.013414523625106405,-0.011461993094400345,ATP6V1G1,C3,0.9989964590322968
8.375886440450858e-4,2.827972242725604e-4,VPS4B,C1,0.800320967864268
-0.0013709919338564692,6.561521431473451e-4,SH3BGRL,C1,0.9758547452525846
-0.013886432828512213,-0.027216432501309815,FLNB,C3,0.9987419054399109
0.015354889746235459,0.03811692925397171,NDUFS6,C2,0.9902550720533838
-0.00822818704402038,0.0315248315666186,CS,C2,0.9999998602881549
-0.014137227591440722,-0.016011933635301984,SEC22B,C3,0.9970766682490999
0.0162878111057221,0.02275309357526294,MTX2,C2,0.8307945107635312
0.0015780951620714204,-0.013940422639887448,VPS26A,C3,0.8282932809891759
0.0027194885159784053,0.0317639319203225,NDUFB1,C2,0.9953020303747112
0.007424287529560263,0.02649622367201609,PMPCB,C2,0.9991671229929289
0.00879799782684112,0.03691169615901171,NDUFS3,C2,0.9994427798035703
0.006334381820894177,0.03358733258365868,ECI2,C2,0.9999003358667394
0.0329559355824386,-0.0042403572754556125,BANF1,C4,0.9813783287391408
0.008798247431233062,-0.023690525281547352,CSDE1,C4,0.9447295105307767
0.023469613126713782,-0.037930998331121984,PRKRA,C4,0.9981987573637018
0.001102993964133701,0.019680405235227186,LYPLA1,C2,0.995828221843861
-0.001984876522723311,-0.005955456298497657,TIPRL,C1,0.7780030070319887
0.008283718601246765,-0.007856672370614111,PPM1B,C4,0.5300910584550932
-0.0014700377057057792,0.027122217913880954,SLC25A12,C2,0.999978257644444
0.013044765373843435,0.0020106438984720484,TCEA3,C4,0.9910847849932134
-0.007621767737344114,0.002492757962716465,EIF3G,C3,0.9796860221890231
0.0020860579951970924,-0.007252572956615548,EIF3J,C4,0.5934784745170586
0.006284011756062426,0.008240376066638503,PSMD10,C1,0.9905798205837366
9.448889047785007e-4,0.005534973696519343,IDH1,C1,0.9969679409309762
-0.002282457282993866,0.03597878563770576,SCO1,C2,0.9911395807914383
-0.006397854530931069,0.00938603598401458,ALDH1L1,C2,0.949527347582579
-0.014627141054127175,-0.018357783195158645,ARL6IP5,C3,0.9971122146129422
-0.008915618383160162,-0.026883424776362186,DYSF,C3,0.9999854055792428
0.013286561107055624,0.002977585076388275,PIAS2,C4,0.9500673407879922
-0.0011454653574653256,-0.0025610271551970254,DCTN3,C1,0.9996260671789989
-0.0059727564481843074,0.023026326767905853,ATP5PD,C2,0.9999924671983602
-8.341146352112078e-4,-0.010869622803332106,FLOT1,C1,0.9841791001987301
-0.01340019752126937,0.02489051818502306,ATP5MG,C2,0.9999128487885248
-0.001574329668532343,-0.021342048439177204,GLRX3,C3,0.8173126791458409
0.017278202662719084,-0.006446406683532329,SNCG,C4,0.5179850043794706
1.568264375211154e-4,-0.010997471536488081,DDAH1,C1,0.8130462775969898
-0.004627971289645412,0.017704435718613853,TPPP,C2,0.5831374722151231
-0.0011113557538494725,0.03217964568523424,BAIAP3,C2,0.9997505259685838
-0.011522697908541001,0.01546261046180619,TOMM70,C2,0.9561802836763368
0.014507096682038945,-0.018101314950829134,UFL1,C4,0.9782213914917824
-0.010048871794501537,-0.024791230584782224,TMEM63A,C3,0.999537180832255
-0.0029109336593422202,0.002893373915562034,PLPBP,C1,0.999969472924988
0.018276825954573157,-0.01932613506327715,ERLIN2,C4,0.998350051101364
0.001065936169676018,-0.007160302359667449,ENDOD1,NA,0
-0.015332222418920663,-0.0018346304698067136,SEC31A,C3,0.9979978995449391
0.010413054138109668,0.06026945767870094,NDUFB6,C2,0.9999215662267
-0.01067177903327124,0.0053225522078723326,MFN2,C3,0.6481874901505706
0.018969072804107527,0.053448168196156456,NDUFA3,C2,0.9991189256375449
0.010839401718537393,0.044534698019031954,NDUFB4,C2,0.9993862915887198
0.01890569006406719,0.03700638362659947,NDUFB8,C2,0.985194071018279
0.01947303989601986,0.0423444674266338,NDUFA7,C2,0.9904109889588826
-0.024623515060638035,-0.006784306808522605,RTN3,C3,0.987311348108366
-0.00869854015066175,0.03169539230051085,LETM1,C2,0.9999857073624059
-0.004744056389624422,-0.022942233489228497,STBD1,C3,0.9708935202551999
-8.814197141626943e-4,-0.0020061149756269024,ZRANB2,C1,0.9992649175066524
0.018656094967262435,0.02232805561721243,EPM2A,NA,0
0.0070583988425039525,-0.010227596771706173,VAPB,C4,0.9851840439941262
0.023056004271814905,0.05546913021664977,NDUFC2,C2,0.9977835349316257
0.025079988985854586,0.03718349722267987,NDUFA10,C2,0.8419336984783269
-0.01078143085576153,0.013620252339660917,PGLS,C2,0.7350743333609442
-0.004716593974475131,-0.006547395049822019,TACC2,C3,0.8771434372909662
-0.019043927298719964,0.004944033197829201,LYPLA2,C3,0.9750705496366683
-0.008407222385705033,-0.007341532445803135,IPO7,C3,0.8995667799525335
0.0360928270569394,0.0062166707207425695,ARIH2,C4,0.9997754520588609
-0.015390574544148999,-0.012933160252694411,PGM3,C1,0.9802483619822541
0.010754086862730125,-0.02470373943736978,SVIL,C4,0.6103019151927125
-0.009337800114431387,9.261109507857911e-4,AHSA1,C3,0.9494368127029255
-0.0038535914015755597,-0.009280256487463195,H6PD,C1,0.998923794192054
-0.015093294866426295,0.02703074914362754,MPC2,C2,0.9994303931578721
-0.010318465790658291,0.03234979444983682,ETHE1,C2,0.9999858167171736
-0.011374865728247311,6.586166984127296e-4,ACSL3,C3,0.9942290817249717
0.019513806757390575,-0.012111741721190485,ASMTL,C4,0.8893525579790476
-0.0017839327468635745,-0.015887282517960625,CDS2,C3,0.9710480897179301
-0.026026421944875002,8.982763196845435e-4,SNAP29,C3,0.7391660791310226
-0.0027948115477186776,0.0024109764244638165,OXSR1,C1,0.9987769695555673
0.014079600865767697,0.011501786318319893,LSM8,C4,0.8166799222199302
-0.023673136724020816,-0.00905042940163945,AP2A1,C3,0.9997829902053355
0.0018055267935807862,0.014779003381032538,CAVIN2,C2,0.5315046155807256
-0.017426130498963317,-0.002417692126969813,BAG2,C1,0.6832019225048935
0.013119561841146403,-0.024613303533735104,BAG3,C4,0.9659993882739831
0.010987933792587393,0.06153856791067025,MLYCD,C2,0.9999943347434492
-8.512997691491879e-4,0.021594033188008618,AIFM1,C2,0.9999967746015501
-0.005125119960154843,-0.006020592021316537,EML2,C1,0.8087620786154208
0.009850241601660563,-0.004080064159271365,BPNT1,C1,0.8007423778611801
-0.01653086938034762,-0.01920709901733757,DDAH2,C3,0.9996714914576992
-0.01884365984138895,0.007507135985500422,ABHD16A,C3,0.8752520232671983
-0.05924835232474679,-0.017307588770607275,TXNDC12,C3,0.9562301503465827
-0.007112236217103873,0.005147474434308093,NUDT3,NA,0
0.006764580256272474,0.03799071032289636,NDUFB10,C2,0.9995141991750962
-0.03362407436533782,9.144914531863233e-4,CLPTM1,C3,0.999859868338052
-0.0032966743013532395,0.0051755183116746675,MOCS2,C1,0.9916888708683408
0.008755660951305755,0.025404837482334203,TOMM40,C2,0.969342443035796
-0.0033342633262045734,0.008072007185748633,PEX11B,C3,0.6156461503217961
-0.010957247634131528,0.00562014099056101,CYB5A,C1,0.9017594288259085
-3.856836932856532e-4,-0.01195294014846009,ADH1B,C1,0.9939218520658031
-0.00800705274311515,-0.015730693368756373,LDHA,C1,0.8635643317501844
0.007404390960071887,0.008853852278289075,ALDH1A1,C1,0.738209632560503
-0.007112868705924849,0.022237444045535067,GLUD1,C2,0.9978761140121295
-0.007149360252737099,-0.01963583891590642,CYB5R3,C3,0.9999591952217075
-0.008408989235469316,-0.006752773036007869,GSR,C3,0.9675208090335409
0.03415120844473406,0.03697436122217795,MT-CO1,C4,0.6229841610735771
0.0033515318955130114,0.031149684240586516,MT-CO2,C2,0.9987563992231502
0.02642966054558698,0.035593817627066524,MT-CO3,C2,0.8386968064223655
-0.002015340757395037,-0.01888374175592621,SOD1,C1,0.9990904871289318
-0.017077670884530886,-0.018158352910488028,CP,C1,0.9929863126589773
-0.021247640129578953,-0.027867933080889657,F13A1,C3,0.997838999965468
-0.017086136384366755,-0.01718207989871924,HPRT1,C3,0.9475178200312501
-0.00378890379411212,0.03730376166040588,GOT2,C2,0.9999999044638176
-0.003216094881107284,-0.011183453250399792,PGK1,C1,0.9997576461841914
-0.009742927055351522,-0.02053965702728997,AK1,C1,0.9622278644630077
-0.018846489770153477,-0.052728564184117276,HP,C1,0.999438619025891
-0.015597008392019865,-0.005004158566914436,CFB,C1,0.9944510534330815
-0.007023023311639952,0.007863797684135969,MT-ATP6,C3,0.6559088665142802
0.005772775267971893,-0.002467766552071681,CA2,C1,0.9979490141274798
0.009200078537923173,0.02400691592872604,ASS1,C2,0.8190333079898661
-0.015255529289773091,-0.025982637916899688,SERPINA1,C1,0.9509785392229421
-0.015819531526731608,-0.024265863986049678,SERPINA3,C1,0.9942048318095368
-0.014081041952177862,0.017583783084622596,AGT,C1,0.734981555265815
-0.019489657273790945,-0.022279184511897906,A2M,C1,0.9390905164142735
-0.019097485026797367,-0.02908535584010622,C3,C1,0.9933843473973296
-0.002003695681742942,-0.023185252028142898,CST3,C3,0.5010870156794109
-0.005953434260634,0.02647061895055084,CSTA,C1,0.8846081137196775
-0.05258801091434455,0.002478411078334587,JCHAIN,C1,0.761280169515863
-0.015212549199349404,-0.015357744719655427,IGKV3-20,C1,0.9697308644330774
-0.01552122661919158,-0.037674425972821876,IGHV3-7,C1,0.9863376398740027
-0.00205130695932182,-0.03786312129037906,IGKC,C1,0.9986305003946437
-0.015146963619684208,-0.03653343351736118,IGHG1,C1,0.9943265111978786
-0.012189556358257499,-0.02891683562792263,IGHG2,C1,0.9649690024770315
-0.016883719072737856,-0.02083871814322229,IGHG3,C1,0.5112414325909946
-0.017364124308758794,-0.024106724139830355,IGHM,C1,0.9682655179535946
-0.014863980829000891,-0.023454123920886014,IGHA1,C1,0.957654231614685
0.030778730278172666,-0.0011210843440406578,HLA-B,C4,0.9989979352196813
4.175662437045328e-4,4.223980746794818e-4,HLA-DRB1,C1,0.6670497430084796
-0.014438305389744395,0.004442132928635074,MB,C3,0.9385531945219159
0.1042813355434478,0.0020492410246899196,COL1A1,C4,0.9990197707974273
0.10488589439259538,0.005171864306800386,COL3A1,C4,0.9997921385933175
0.09523000500448134,0.02353219602229982,COL4A1,C4,0.9988341152618525
-0.016809314410321206,-0.012623277441089296,CRYAB,C3,0.9997373960380178
-0.0017356478550417706,0.022999703398259,KRT14,C1,0.8411198946300905
0.0340882642751354,-0.0021942047738408425,LMNA,C4,0.9667352997882707
0.08097774217089658,-0.038500871978132296,TNNC2,C4,0.9999893571937255
-0.018370648129056685,0.0019923297733914595,APOE,C1,0.7581382815431386
-0.012858154842032708,0.004434938388747094,APOC2,C1,0.9527102596275571
-0.002909819163508801,-0.006709637523509286,LRG1,C1,0.9675766565244827
-5.921056948130823e-5,0.026262605670739424,FN1,C2,0.9478488135447631
-0.02790916821295852,0.014319288441033293,RBP4,C1,0.9803278079282378
-0.012010915371465508,-0.029360260803327203,ORM1,C1,0.9996005504446013
0.0034954149801177535,-0.0032499499442596056,TTR,C1,0.997796613142996
-0.014204769995175993,-0.02142610416322897,ALB,C1,0.7912242575153107
-0.018845592055395394,-0.003409579263095579,TFRC,C3,0.9392970512389267
-0.0077404759853913485,-0.023945556430572505,TF,C1,0.9959976556694862
0.00700025432976094,-0.014409632178493434,FTL,C3,0.5511557024554962
0.0056793384780374784,-0.01208299111594987,FTH1,C1,0.8228238430268812
0.0015178086343621566,0.01271310591826746,MT2A,C1,0.9507387049295964
0.022986062562444246,0.041001499383501595,MT-ND1,C2,0.9818031219531707
0.017040217757914734,0.037429249277887496,MT-ND2,C2,0.9468055056222057
-0.002106764783040695,0.037605932413014284,MT-ND3,C2,0.9993290682550223
0.010054568091884453,0.027936202822416916,MT-ND4,C2,0.9881790614107494
0.02090668686681388,0.038508827727211266,MT-ND5,C2,0.7471027729208678
-0.015345968236495647,0.03881444129927592,MT-ATP8,C2,0.9998553663349814
0.0017003080951881547,-0.014753673461466471,CAT,C1,0.9991887829282186
-0.010051912366059146,-0.0016687530159860326,ALDOA,C1,0.9990670910487911
-0.004769381601513386,-0.0034691468161365353,CSTB,C1,0.8894617747283794
-0.03740532914000851,-0.018770408653939363,ANXA1,C3,0.9984764899061662
-0.011242842077333039,0.01729341998116657,SOD2,C2,0.9784163779945506
0.002056373429244487,0.03190997577854786,KRT1,C1,0.7580141868816803
0.024132756802879178,-0.014641080100337532,VWF,C4,0.9608698672686466
-0.010162394003951209,-0.009083589505498642,GAPDH,C1,0.7706854723524954
-0.017593386793061133,0.0025334532706334325,HLA-A,C1,0.7296324726192767
-0.001208837178140869,-0.008390584388114896,CAPNS1,C3,0.7830220369187103
-0.0081419611930597,-0.02444755595203499,HSPB1,C3,0.9983022204987058
-0.0017066525672260503,-0.011911508179005619,RPN1,C3,0.8507955393311885
-0.0062982903081512005,-0.019884589948688778,RPN2,C3,0.6156113939313628
-0.011684543457916996,-0.012470364297515775,GNAI2,C3,0.9996529119525817
-0.00641291411452733,0.002534418243216815,ATP1A1,C3,0.9716537796279705
-0.008359692253453177,0.0034544814981663156,ATP1B1,C3,0.9675845864715851
0.003373340952649331,0.002757635808958843,APOD,C1,0.9774802980601663
-0.009402996608377456,-0.0019431948611357585,ALDH2,C1,0.8406368843686612
-0.03411351349179753,0.009735054325434306,S100A8,C1,0.6994401681102747
-0.005549982924667276,0.029595311240947487,SLC25A5,C2,0.9999993383913803
-0.002284474343426224,-5.354083775078365e-4,SERPING1,C1,0.9931785326597447
-0.004939130005924188,0.03195993448418031,PCCA,C2,0.9999332457049587
-0.005753570520990905,0.03618790128065589,PCCB,C2,0.999995983841935
0.006020578234273461,-0.014178176056184086,EIF2S1,C4,0.9437169123794463
0.013349493115777407,-0.021017467800888368,RPLP1,C4,0.9651869216995002
0.025785187725071088,-0.027036274709484977,RPLP2,C4,0.9998739320885024
0.02362329196561508,-0.02514467309457421,RPLP0,C4,0.999814124376538
0.0013856889140511633,0.012984550662191195,FABP3,C2,0.9229391085893547
-0.02344216586929003,-0.010206509081544088,CLEC3B,C1,0.9740319475124001
0.013577675266452502,-0.0064917071580412305,SSB,C4,0.7030365932060839
-0.005028223436723017,-0.003487663291919108,ITGB1,C3,0.8305662608403791
0.03287052488107937,0.015335697016335222,KRT18,C4,0.980662657388892
-0.003337908045928126,0.03861772008823647,KRT8,C1,0.7291432653243216
0.07851724949949886,-0.019789189028144413,MYL1,C4,0.9999993341423896
-0.011980781616280455,-0.03605335745591085,GSN,C3,0.9995699812190154
-0.014883010772027971,-0.002237761201659401,PTMA,C3,0.984835245997826
-0.009033865403472875,0.02699338035840694,ATP5F1B,C2,0.999999586585404
-0.008360415076150592,0.018627133051801945,S100A9,C1,0.6304505853826355
-0.03973810145974129,-0.07111871463942915,S100A6,C3,0.9999070576540561
-0.0023646757998082705,-0.013979903529268612,EIF4E,C1,0.6846590611861068
-0.015488900487782325,0.0033552414848357416,CKM,C1,0.7042789358916178
0.008259382805843162,-0.011287772926730898,ENO1,C1,0.9385743823398592
0.01708213914827903,0.02095524427930682,PYGL,C4,0.6847552390180192
-0.007159718563093284,-0.007287810038298414,GPI,C1,0.9964586003681015
0.011959481475504108,-0.02382668682613484,NPM1,C4,0.9746439481966872
0.11502284135137852,-0.014666309717717981,TPM3,C4,0.9999980060859528
-0.018313317404386378,0.002032895608545349,EPHX1,C3,0.99266641256274
-0.004447105251720765,0.011155302851055614,DBI,C1,0.8145405353253632
-0.009266712683081635,-0.0012241705453298556,LDHB,C3,0.9723177183190159
0.0036650706296539803,0.01261593570354291,GPX1,C1,0.9183264959760853
-0.009642617331897486,-0.020366178307615602,P4HB,C3,0.9165489891287576
0.02634091243066974,-0.007440787717413192,H1-0,C4,0.9492967137526573
0.002689435881367832,-0.00385139152241559,CTSD,C1,0.9454016229160581
-0.016669691837382837,-0.023169006137460462,ANXA2,C3,0.9999919715915089
-0.006501375505789072,-0.0023692323607920423,CAPN1,C3,0.8752266748824156
-0.005518519723942586,-0.029139016432368534,TUBB,C3,0.9996835850804835
-0.009188128143796203,-0.008161402746727262,CA3,C3,0.9991257675452135
0.024980258480786274,-0.02920594157408025,DCN,C1,0.6458102874410317
-0.003151696480042129,-0.011366621324321525,PSAP,C1,0.9164605058264219
-0.0071337768179644675,-0.022541514822250662,PFN1,C3,0.9983877551942183
-8.132552748321857e-4,-0.006607632162763907,BPGM,C1,0.9998401376710209
0.007654461546064084,0.0025582967867598984,APRT,C4,0.8934881179002573
-0.008948287497339022,-0.0053597134856834035,EPRS1,C3,0.9998182842661874
-0.005356464016439011,0.005681317089048228,CTSB,C3,0.5855135299874317
-0.004042270206536467,-0.026483087259313108,HSP90AA1,C3,0.9985222552357617
0.005986221946493969,0.02957567405325356,UQCRH,C2,0.9999661967926157
0.1054205439284611,-0.027381555059783756,TPM2,C4,0.999999365053411
-0.0037083524923879137,0.022004416463857906,FH,C2,0.9999993567012799
0.12292797997686312,0.004240761943922176,COL1A2,C4,0.9992878422614708
-0.0027921053608058397,-0.015429422794476962,ANXA6,C1,0.5633874823366418
-0.01575546107710301,-0.03246766172451324,PFKM,C3,0.5581079955159616
6.674346605976624e-4,-0.02518887469983333,HSP90AB1,C3,0.9267044030492152
-0.019525070568141796,0.03380485057149737,SOD3,C2,0.5664006911548232
0.028880601040549517,0.05413491422031234,CTSG,C2,0.5442594280130484
-0.0017209442348837904,0.012918099197932043,PDHA1,C2,0.9999092952743179
0.08942119095225613,0.015372386414065322,COL4A2,C4,0.9993771936746189
0.014869699735839325,0.032957033718928136,CYC1,C2,0.9958103356406942
0.10550025025706561,0.004062951125430006,MYL3,C4,0.999997562193369
-0.00614458216714732,-0.010652562323601391,CFH,C1,0.9857026151739358
0.003955420801507656,-0.02978304006786989,SNRNP70,C1,0.9610660780285676
0.020351672767524278,-0.012859643613233796,NFIC,C4,0.9957209927623757
0.03051867610900068,-0.03413279773147615,VIM,C4,0.9579779162027893
0.0017400394124466364,-0.0028165792484187717,SERPINF2,C1,0.9970051864679997
0.00810576897129853,-0.007078819314866206,RPS17,C4,0.9144094408335096
0.0033895694486175514,0.016794236832030626,KRT19,C1,0.7673516170057227
-0.00861662378665875,-0.021636956753550013,ANXA5,C3,0.9998763160152331
0.004678023913566283,-0.003748015514233355,RPSA,C4,0.8926797400791805
0.006303773128025883,-0.0010848318255331007,SNRPA,C4,0.8745869154235826
-0.009337012067962301,-0.00567240370222828,ENO2,C1,0.9986907390934706
-0.0015106680257898296,0.014561810366371141,ACAA1,C2,0.9003162188333299
-0.0051698072242207915,-0.019640753224300138,GSTP1,C1,0.9691962629107564
0.0219678551970213,-0.007299243355228202,LGALS1,C4,0.9985401858182135
0.002729707446565298,-0.007126524926519162,QDPR,C1,0.9999143565478836
0.0011472831837710446,4.42321712490936e-4,HMGB1,C1,0.9727644845831935
-0.016035817216758577,0.003046603020142593,FBP1,C1,0.9621406830237418
0.03567800629131526,-0.031436905071516606,GSTM1,C1,0.5670511575569593
0.10512145129533663,-0.031208090736668803,TPM1,C4,0.9999993412409075
-0.007989551379144404,-0.019229873931632304,CLTB,C3,0.9994537775722518
0.0020475864141587317,-0.006488937854431916,ANXA4,NA,0
0.010690475199437156,-0.01106184507990202,HMOX1,C1,0.6689864741509521
-0.006477620453675214,0.002686433559351802,DLD,C3,0.6298098558973806
0.009125832883062155,-0.03944252362403786,HNRNPA1,C4,0.7847507767404237
0.01145189944881519,0.03262954925549301,COX6C,C2,0.9827420624285035
0.008175969298959529,0.009890653344215038,PARP1,C4,0.7200475210158538
-0.02410427145152288,-0.011037470675234211,IFIT2,C3,0.9714945171571893
-0.024375299152835622,-0.04611409687889084,UCHL1,C3,0.9996674431242104
-0.010233000210440671,-0.010840901395948488,LTA4H,C1,0.9344436272955873
-0.05226423803414734,-0.01908219574988823,ALDOC,C3,0.9673098846437285
0.03164115628379129,-0.001112601588962535,LIMS3,C4,0.9999971222644298
-0.0074661989862609855,-0.019386592368192415,HSPA1A,C3,0.9983909785864195
0.015563951216224512,-0.032552547689814575,IGLC2,C1,0.9941664645154211
-0.013026937315206592,-0.04174185404876216,IGLC3,C1,0.8489150048587224
0.009808228652179602,-0.033999360926261546,CALM1,C4,0.8897702148507168
-0.009407418654647108,0.03132716782662427,FDX1,C2,0.9932817366547554
0.021924412083728546,0.0537935204933795,COX8A,C2,0.999048823880833
-0.008400497972282142,0.01664417257864575,GAA,C2,0.8953883021269614
-0.00798193831475525,-0.00459001883651776,RRAS,C3,0.8583919655056245
-0.015930794932920978,-0.005722900679977091,ARAF,C1,0.5624320779841411
-0.005468974200363531,0.01716751215464783,DLAT,C2,0.999910742395513
-0.011954785168942226,-0.016376340260073792,TXN,C1,0.8000414488636998
0.017235576109072632,0.0382011908440666,COX5B,C2,0.9872672279626079
-0.006989857433617703,-0.03525871847616487,MAPT,C3,0.9983824639977883
-0.0039003273885602854,-0.0113624784903078,PRKAR1A,C1,0.9876485717651055
0.012000890986592322,-0.011270743802185519,ESD,C1,0.9977410125864439
-0.007185309492261315,0.023589941755708575,HSPD1,C2,0.9999959568063761
0.09963414651132077,-0.011653144959789828,THRB,C4,0.9999838279571107
-0.010367219793302216,-0.017358182917868684,CLU,C1,0.9982180929166466
0.08206737564010483,0.03173367425599302,MYL2,C4,0.9998976627355021
-0.009110238106256793,-0.021165778266077313,HSPA5,C3,0.9999638864662597
0.07306784441496222,0.0077691059320938016,LAMC1,C4,0.9997656429312222
0.08212689730010164,-0.03957540689210612,MYH3,C4,0.978092842853203
-0.0011398328100729446,-0.024574408942500996,HSPA8,C3,0.997171787819489
-0.010801506529515236,-0.007514484796882146,EPB41,C1,0.9996758135431708
-3.3730825830596194e-4,0.01144955160529023,PDHB,C2,0.9983511253878299
0.0034726504120009185,-0.0011096332213067865,DBT,C4,0.62693944741071
-0.001767400156620397,0.008292357364128934,PYGB,C2,0.8894371869931034
-0.011194977397154358,8.45479555115595e-4,PYGM,C3,0.7161025149690688
0.0113072787207148,0.019726598427025715,RALA,NA,0
0.010146741942260621,-0.03320505571279993,SPTB,C1,0.9526667214096796
-0.0076650000385270495,-0.009014924701383537,LAMP1,C3,0.997446293770971
-0.001786636926611996,0.01463723209198428,ACADM,C2,0.9873421949712674
-0.01730521207926788,-0.02597053954853059,UBL4A,C3,0.9998366783836119
-2.9484944633660274e-4,-0.013568723096658464,DMD,NA,0
-0.007002759408356461,-0.010444005798994242,MTHFD1,C3,0.9833677043772415
-0.0013799576965266255,-0.020636843454873093,ADH5,C1,0.9884076003852181
-0.005707903120723312,0.010142893885767614,PABPC1,C2,0.6416557258802145
-0.007979988179457385,0.0027990835570997894,HARS1,C3,0.8123940019255653
0.08733883636755384,0.006173642297760498,COL6A1,C4,0.999659342865698
0.08826327598934712,0.013116601321674007,COL6A2,C4,0.9991487355443867
0.07882778253551884,-0.0038529586308311387,COL6A3,C4,0.999784372087093
-6.754811310590343e-4,0.028726731880947924,SLC25A4,C2,0.9999807158726898
-0.008545087835108656,0.025766447139141592,SLC25A6,C2,0.9950877240538721
-0.007707556385872769,-0.019698767894325737,IMPDH2,C3,0.5887611310132326
-5.187172910501676e-4,0.0026132315312815276,CKB,C1,0.9639281427715265
-0.011246030549053666,0.0038994161966371113,ANXA3,C1,0.981577713318365
0.0048425428294463545,0.019071742471874382,BCKDHA,C2,0.9629540307798925
0.16715402844254376,0.0026593625905868626,ACTN1,C4,0.9999905550059954
0.07842254118490508,-0.04087948589445722,MYH1,C4,0.9995102060624679
0.10323934302362708,-0.0035058016565558477,MYH7,C4,0.9999980957210737
-0.01207072644540692,-0.00329843795946635,PEPD,C3,0.6980026545208732
0.005720162794545446,-0.007913996245684876,XRCC6,C4,0.8867016578122116
0.0010390871719735848,-0.015572413637712742,XRCC5,C1,0.9024724888741653
0.004204569551579167,0.034540143363500204,COX4I1,C2,0.9998770288568564
-0.015025116942456791,-0.008222822488406977,IFITM1,C1,0.9076669288337011
-0.005523103880244287,0.03013135480287226,LAMP2,C1,0.5806066620644409
-0.008837560639973933,-0.016099202696912653,RNH1,C1,0.6542293818637888
0.07465517151915706,-0.010838671867580058,MYH8,C4,0.9999990782394955
-0.00930567670024237,-0.009776936336295769,VCAN,C1,0.745719687742174
-0.002907528076468253,-0.012268363379091273,EEF2,C3,0.9492179369013801
0.011997463208456969,0.034495265351155865,KRT10,C1,0.5333885103389495
-0.007141856760883516,0.03470613322704266,KRT5,C1,0.7683215870495461
-0.014470656899636712,0.004244433725755857,PDIA4,C3,0.731296908052967
0.011729900538856723,-0.0027418388484947314,TPT1,C1,0.9454819438515287
0.012271891304540592,-0.0170614230469911,ALAD,C1,0.8757872806760773
-0.007252980443792046,0.0025368642655833147,LCP1,C3,0.5834752752223262
-0.008799198453702967,0.01985386110977023,PLS3,C2,0.7474316764000052
-0.001151439839328162,-0.007795603452187632,APEH,C1,0.9965117067212564
-0.007496598175497523,0.039019341694486724,ETFA,C2,0.9999999289994577
0.11281622147078776,-0.01295429198527616,TNNT1,C4,0.9999985303372473
-0.00767587018088512,-0.012349809549442772,GYS1,C3,0.9978083725755492
0.003676067337097724,-0.006626341200463109,PRKAR2A,C1,0.9703942461506138
-0.009018706872553834,-0.0047169549575086355,ENO3,C1,0.5856529148786952
7.286042084899483e-5,-0.02130798600986372,CD59,C1,0.6620740870138817
-0.010788694596177508,-0.01826827373776579,MIF,C3,0.8584116501685664
-0.006591244101516854,-0.0018612941357964885,CD99,C3,0.9945893024444623
0.0024017676385209995,-0.016154782587014235,PRKCSH,C1,0.6813235871329434
0.00464989695723862,0.007491964357471589,FDPS,C2,0.5724922394854931
0.008151389220404802,0.04222477478264529,COX7A2,C2,0.9995389241459978
0.05645742303302066,3.867390399994321e-4,NID1,C4,0.9966614835396281
7.365364331372769e-4,-0.022970526154411714,AKR1A1,NA,0
-0.01090408717790978,-0.0013484800382882608,PKM,C1,0.9751540569031066
-0.0049738019421678315,-0.016961699946168383,ACYP2,C3,0.992745646494752
-0.009268537559989756,-0.022666812270406,HSP90B1,C3,0.9974294652146323
0.08891405524718075,-0.003629904396337204,MYL6B,C4,0.9999395379750992
-0.021754634646142395,0.01740217916783806,SLC2A4,C2,0.817720712776025
-0.006309911997975307,0.0037794683081822022,IDE,C3,0.855772919928625
0.02064371658334408,0.04333089910079643,COX6B1,C2,0.9887540452008103
0.01299103849947381,-4.1988306315856086e-4,HNRNPL,C4,0.9971417213336915
-0.028711817511929597,-0.010459032508220058,DARS1,C3,0.9999712278390989
0.0023058503659963894,0.033505491420111756,JUP,C2,0.9419337846449001
0.010886264720888598,0.023756940461195766,UQCRB,C2,0.9822080229877161
-0.0078151211624867,0.017238795008428183,CPA3,C1,0.9478370544616149
-0.005270886271216805,0.01522494094480551,FABP4,C2,0.9075990495911826
-0.0038162815872031905,0.03540803017756788,GLUL,C2,0.9985128274888925
-0.008501235493440635,-0.018058322348626515,AKR1B1,C3,0.837225390296044
-0.008345500004784472,-0.002297845784310975,GSPT1,C3,0.7288421222465841
-0.007990724229958088,0.004388603902866176,PGAM2,C1,0.9666462495038876
-0.03123868115882817,-0.025116129267856953,EZR,C3,0.9997579142619806
2.1905812944782155e-4,-0.00705147162317471,UCHL3,C1,0.9869652227777915
-0.0010706721905955772,-0.0041675061698381,NME1,C1,0.7490326143072118
0.0055633569732443525,-0.013994350233538401,RPS2,C4,0.5502896235617127
0.04703519369223543,0.021127704045009726,RPA2,C4,0.9992628562479846
-0.0034057774605615286,0.041452181424642215,COX7C,C2,0.999913964222347
0.009148700486943303,0.011789567902004907,NQO2,C4,0.6780695263009008
0.024647355692871506,0.021463443884650803,PFKFB1,C4,0.9397129251401763
-0.009448369704519849,-0.01750699382453025,CBR1,C3,0.9995191842624251
-0.009608998735769186,-0.009411678536641939,ANK1,C1,0.9995988835513634
-0.008271203425358186,0.035571195390538865,ACADS,C2,0.9999873284766484
-1.474047408182271e-4,-0.008628986771701113,PPP3CB,C1,0.8087790930567256
-0.005234775332639687,-0.008827645288374021,ATP2A2,C3,0.5814055227592466
0.009505033841541567,0.013268422849723207,CD36,C2,0.75672078964718
-0.0022041157332903507,-0.0029724685469526093,FAH,C1,0.9824282645593719
-0.004958817985574864,-0.00713841391677224,YBX3,C3,0.9845960550421463
0.005484917944814486,0.03965416889404525,TMEM11,C2,0.9999970236565432
-0.003632428912739616,0.02427053743760223,GOT1,C2,0.9999896202908255
-0.008486446679719076,0.04646772269178899,CKMT2,C2,0.99999973314806
0.019312297152288247,0.04653813679980454,NDUFB7,C2,0.9963063225277357
-0.0019186134296812832,-0.006376920660628327,PRKACA,C3,0.8800395954490186
-1.0374328412208155e-4,-0.020220026177758713,CAPN2,C3,0.9894002024708345
0.07612977764800785,-0.03522179054102138,DES,C4,0.9999600872570994
-0.020609204219402148,-0.03134791201321353,PFKL,C3,0.5860476651756814
-0.015904738090940285,-0.022968045914116105,LGALS3,C3,0.9961164029205304
0.1312926952833014,0.01207381296213539,FLT1,C4,0.9996462345081031
5.705032583721597e-4,-0.007896222181865616,PSMC3,C1,0.6148441351247557
-0.00890419139790394,-0.012750985268506166,TCP1,C3,0.9999797474755726
0.002935594250080826,-0.03964348011429639,RPL35A,C3,0.8993634851538566
0.017592337496892995,-0.028695504504138727,ARF4,C4,0.7893088909409798
0.031913906556476905,-0.03895817080886019,RPL7,C4,0.9996596350674225
-0.0018133092262132382,-0.010832328098928975,VCL,C3,0.9942669853346167
0.019680909915424538,-0.01667696856008624,RPL17,C4,0.9999136808169995
0.003249504882899649,-0.0023425529719750746,PGAM1,C1,0.9956540657074352
0.006776965304174729,0.023412422375048304,ATP5PF,C2,0.9995297609288943
0.010023161003627852,-0.023394535767291634,TSPAN8,C1,0.962412674014556
0.10160413517159768,-0.010005234225071914,TNNI1,C4,0.9999970223368467
0.018642334983893963,-0.019178187364035176,NCL,C4,0.9997748710901033
-0.002917465245416534,0.014378202121749568,HK1,C2,0.9996444214305805
0.0123945154532084,0.04089169949717744,NDUFV2,C2,0.9986222718793419
-0.049080988502622255,-0.009984871878758772,SRM,C3,0.9998732576831476
-0.004294565769367089,-0.00867088567948476,TYMP,C1,0.9053905448875471
0.00478940165756292,-0.0035575132986942802,ATP2B1,C4,0.7606244119376863
0.009605144812621426,-0.01979034461723566,EIF2S2,C4,0.9352118627147913
-0.002048422612736469,-0.014704645627047493,ANXA7,C1,0.9993181809684695
0.025932075793465747,-0.008401837594212026,TPSB2,C4,0.9688426010435153
0.009914580145899101,-0.019921250424506855,BTF3,C1,0.8776277700097685
-0.007166952394776778,-0.020973812793537206,RAB6A,C3,0.9877364587659652
0.017231309762588968,-0.02927199011837166,PVALB,C1,0.5721295181583053
-0.0029368646569034465,-0.01638648761239935,PSMB1,C1,0.9658650144479527
0.014357332456512252,0.04134524323276849,COX5A,C2,0.9983368337191544
0.0043533700499601815,0.005410578669676234,CAPN3,C4,0.620817249048029
6.820579576800596e-4,-0.027983633248137622,CAST,C3,0.9570297553335404
0.05630293767067508,-0.030323957978692067,NEB,C4,0.9996528003182793
-0.015352659263284265,-0.0020070672827977314,PTMS,C3,0.9979207599870984
-0.010591051757718134,-0.03694085494800129,GSTM3,C1,0.9594399330614942
-0.003849188420536642,-0.0055553901143457285,ATP6V1B2,C1,0.9893806082481907
-0.02140393597288291,1.084856804960567e-4,CSRP1,C3,0.9949754572700573
-0.006700169144227675,-0.022482611336534588,FLNA,C3,0.9981524222173564
0.012690354741535171,0.04914341055962771,MAOA,C2,0.9998252533797282
0.0024052995280998218,0.011424370003399747,ACO1,C2,0.7792002546502761
-0.006535139767346637,-0.02384615721311579,GPD1,C1,0.999674044536135
0.010683394232754322,0.020461200259834337,VDAC1,C2,0.9578864841656517
0.028902767030846547,-0.028790051943248747,BGN,C4,0.8919247839689737
0.004572459393507656,-0.026604480588118602,RYR1,C1,0.813020046001277
-0.007356104312292783,0.023407956439735658,SDHB,C2,0.9999566240602469
0.0023638363948830523,-0.004086995323781585,COMT,C1,0.9870267832360929
0.04723167433737091,0.04591443843708096,TGM2,C4,0.6461363101549229
-0.0012660242286724863,0.030449883134827844,MMUT,C2,0.9918718946198052
0.007471744179595624,0.0068632553795944466,OSBP,C1,0.7406284033290512
0.006268410634983,-0.016438107663014314,PCMT1,C4,0.5153158241818866
-0.010301037562198176,-0.010249288320554606,GART,C3,0.9995570172252537
-0.009456403494520241,-0.005615080445731809,PAICS,C3,0.9758960318247824
-0.0029703101706640526,9.632350327909171e-4,SCP2,C3,0.9250028029775468
-0.002401210645196087,-0.018481192797209667,UBA1,C1,0.9949803992733606
-0.0015603300836612623,-0.004710223027242032,GPX3,C1,0.9931966376582498
0.00233673905559683,-0.004802130363603643,NME2,C4,0.7005325927618439
0.021582589645625535,0.009046559853326131,FDXR,C4,0.9992164602303525
0.02263221915129922,-0.005116895112951051,HNRNPA2B1,C4,0.9017616794530581
0.006193038601404992,0.03414238605268253,UQCRC2,C2,0.9999992868363858
0.010834661599786246,0.009255721439422028,FECH,C4,0.8296790381140612
0.014714561509158673,-0.01761708484817746,AMPD1,C4,0.9561956352866151
-0.010473553871924756,-0.03690601753439701,FBLN1,C1,0.8078993462732796
0.015986559820648866,-0.003122656665714663,SFPQ,C4,0.9963582087913802
-0.004546955500958931,-0.01513747769112923,PPIB,C3,0.7963315811433717
-0.013524364300259559,-0.025095602291442934,S100A1,C1,0.7981106466917157
-0.004748087150933546,-0.017731636723900712,HRC,C3,0.7832560149585692
-0.01663105754178496,0.017999103397438068,ME2,C2,0.8430860963929352
-0.0039003464759973343,-6.2520572441064e-4,WARS1,C3,0.9415906009152523
-0.0020209149356948107,-0.02821748721024536,RPS3,C3,0.9953210799796784
-0.014757517739662294,0.023007627792584643,GCSH,C2,0.9806020818483333
-0.007089305414704575,-0.024222127313947926,AHCY,C3,0.9988097302000618
0.0015033216077487087,-0.01389867101022631,CFL1,C1,0.8827828704125826
0.0026515393717231922,-0.009811692235570716,EIF4B,C3,0.6268513490464458
0.003997955082111602,-0.013570283171503808,ATP2B4,C1,0.9766268830089694
-0.003999439343509362,0.02645802251997404,CPT2,C2,0.9996898925266251
0.06239633275684246,-0.0046654814397400395,LAMA2,C4,0.999969798832296
0.003116489598338876,0.04129045876838818,GPT,C2,0.9999902443885845
0.014923317955604934,0.036619268798000745,COX7A1,C2,0.9864498042970563
0.03721237719997474,0.057209430001412376,COX7B,C2,0.9540125698564232
-0.004225774869225676,-0.013558178724565906,EEF1B2,C3,0.9611866492485834
-0.006502159269683856,0.016804673613375724,ATP5PB,C2,0.9990518179044868
0.006384268699962893,-0.005050574409495394,ACP1,C1,0.9974698907786267
0.0031097345597448553,0.026793080599563007,ACAT1,C2,0.9999971077067634
0.017367144201581593,0.011790276298898544,MYL9,C4,0.8546403639075935
-0.004895789963995278,-0.0020164402108548336,AZGP1,C1,0.9916341659268874
0.0019396199947652897,-0.00439538843683783,MPST,C1,0.98316602522575125
0.0021387571356607893,3.2923928942823426e-6,RPS12,C4,0.6055689893153837
-0.0151649880597403,0.00625717811040085,DNAJB2,C3,0.8702103939645255
-0.01193367631523672,0.024292718312294813,ATP5F1A,C2,0.9999921366507907
-0.002454564296090992,-0.01483958051565824,PSMA1,C1,0.9140671212213517
-4.8725595715694357e-4,-0.011228663198376156,PSMA2,C1,0.9994661199549578
-0.008751319660833468,-0.018918673691949696,PSMA3,C3,0.9770206817208925
0.0037417831663687255,-0.013328322037248638,PSMA4,C1,0.9880704295553879
-0.009074776779945523,-0.025168822659287788,MSN,C3,0.9999467758800836
-0.012178804723679902,-0.0017302937179725993,DDX6,C1,0.9490942553662592
-0.00656161147040651,-0.004821538099508835,U2AF2,C1,0.9635877631900946
0.030399649072025095,-0.02556850736926702,RPL13,C4,0.9998390922134872
3.4026504955999334e-4,0.019765475602489462,IVD,C2,0.9989042460482606
-0.024855014392152885,-0.07289213312398157,S100A4,C3,0.9987008037060547
-0.0034323816631904452,0.011576060017899225,HMGB2,C2,0.844414207945626
-0.010499923603487808,-0.011973067269215222,TARS1,C3,0.9882943230937373
-0.008787692197458388,-0.030885995132262558,VARS1,C3,0.9999081911024105
-0.002326654039308907,-0.02012843785615975,EEF1G,C3,0.7868778301485642
-0.004210835341601565,-0.028564182945092696,PLN,C3,0.9776431769182566
0.017643593949987088,-0.009039422522912255,FKBP2,C4,0.9776911239815329
-0.0025399798237262655,-0.006895858614564094,STOM,C1,0.9994861349411297
0.0029926654542105587,0.04116923044189097,MAOB,C2,0.999989606354859
-5.996314235166042e-5,-0.0074870823109219,YWHAQ,C3,0.9407539212600883
0.006187148280487337,0.01091086692177878,MAPK3,NA,0
0.03184088969005858,-0.012149835449907269,RPL10,C4,0.9999888522281486
-0.008867814127215917,-0.0014827301736200366,RPA1,C1,0.7485853866375441
0.0013795211418392585,0.00436064833664875,APEX1,NA,0
-0.004585636867491653,-0.01120333158947617,CALR,C3,0.9905682023876138
-0.006136600063356955,-0.03012095472787007,MAP4,C3,0.9998019899632912
-0.007854586968213713,-0.012592339125905828,CANX,C3,0.9945444100636306
0.0022553232609742366,-0.01566449998359066,PSMA5,C1,0.9916016355781906
-0.00570802320598093,-0.011037081215898433,PSMB4,C3,0.6436316181914243
-0.0031704551938335672,-0.022541116666271562,PSMB6,C1,0.8539107893398011
-0.013029554591887194,-0.02497784609971312,PSMB5,C3,0.7247644207384351
0.001798255424529249,-0.03662267420397584,GSTM2,C1,0.9991700306798694
0.07753488146351098,-0.03740800039308754,TMOD1,C4,0.9999994799931287
0.015215732201944488,0.03707011496508508,NDUFS1,C2,0.9974949062842855
-0.002171055560057844,-0.004576948915488855,MAPK1,C3,0.5123852666000309
-0.0019378202361523171,-0.0011854480326162389,RBL1,C3,0.6621583498429694
-0.0019420639080576236,0.0038348210243794906,LAP3,C2,0.7673883588292045
0.004594980786833738,-0.007016878800497737,CD38,C1,0.9866419816589653
-0.011803539910384672,-0.00675531881250197,TPP2,C3,0.6364883055254801
-0.0013899390177666937,0.005696503226967771,IMPA1,C1,0.7149606324074695
0.008008916234521721,-0.02606626252350356,EPHA2,C1,0.9956069230189194
-0.007558495531557356,-0.016018683295562195,TKT,C1,0.8027778981267221
-0.0065059151859642545,-0.01931384726633565,EEF1D,C3,0.9970893826361643
-0.026903382732547276,-0.015089050376695227,MARCKS,C3,0.999189396408942
-7.593474091447602e-4,0.013260953550038184,GNA11,C2,0.764429332339794
-0.014584791760248699,0.015204025997921384,ALDH4A1,C2,0.9588199632067419
-0.0016761568958072977,0.013112636955527883,ERP29,C2,0.8640207165871362
1.3195474033825464e-4,-0.007386618095628725,PRDX6,C1,0.9997218238769274
0.0018674094487596325,-0.015966981599473167,BLVRB,C1,0.9999208629305402
-0.012165756994430482,0.004656017044057778,PRDX5,C3,0.7935942743617349
-0.014334667013827558,-0.012882856669673934,DDT,C1,0.9966719762901636
-0.006486922457360567,0.013027898194724188,PRDX3,C2,0.9860595457354165
-0.0057886227477657705,0.019423799724856868,ATP5F1D,C2,0.9955569715361611
0.02263305909687042,-0.02589561872114647,RPL12,C4,0.9912111353612957
-0.007143627543331195,0.026500739763709025,ECHS1,C2,0.9999916850963355
-0.01785133844652429,0.004802271459361642,CMPK1,C3,0.6920099159552218
-0.006998408150250088,-0.011407505466372713,PEBP1,C1,0.9955010607649816
-0.005223563037514937,-0.01966291348738233,PDIA3,C1,0.8954937460851331
-0.0036722820726177155,-0.010986896270818145,PPP2R1A,C3,0.9995213056149357
4.387400244181497e-4,0.05472474511982943,PPIF,C2,0.9999999719570152
9.23838748328689e-4,-0.001655668461904824,NMT1,C4,0.6292634073715438
0.0013199074768625477,0.018334587245260683,ADSS2,C1,0.9725107794388635
0.006139365491816979,0.01944056286935914,LRPAP1,C1,0.9701253424340659
0.010272031780735266,0.017150932054446687,TSPO,C2,0.9703102696234742
-0.006377321358215268,-7.634535521514352e-5,ADSL,C1,0.9999265359048782
-0.010367600083066445,-0.024397721372948947,CLIP1,C3,0.9929624523026759
-0.011007570389841865,-0.006734880922752226,SRI,C1,0.666032257288219
-0.01223476869677813,-0.014882985216687468,SERPINB1,C3,0.8069250987680318
-0.040519143783800074,-0.01886890943953297,ALDH1B1,C3,0.9993049704633477
-0.0015182064776920721,0.016666427227703354,SDHA,C2,0.9996437317624848
-0.0022598300211691615,-0.0013962029179865785,GDI1,C1,0.9813718773661365
-0.006120095199819361,-0.003141360789536685,MAT2A,C3,0.8663880880345528
0.009273064286190203,-0.01548166654691306,CASQ1,C1,0.9295824543179053
-0.012846560757961263,-0.014966155632089854,DNAJA1,C3,0.9980913069945919
-0.012500719724365157,-9.298781892664113e-4,AKT2,C3,0.9966936846882948
0.011857538201800015,0.03328948467303609,UQCRC1,C2,0.9999337410122755
0.0012340360443409972,0.019652867661467392,HIBADH,C2,0.9981160511556555
-0.002783753428271626,-0.010943813929582562,ATIC,C3,0.9851411990786152
0.029463625925363935,0.004210211405358433,HNRNPH3,C4,0.9995718286873653
0.009168082169161965,0.017220425388554884,HNRNPH1,C2,0.5466773699488675
-0.004879285427042128,-0.022549386345528277,YWHAB,C3,0.9957874383643399
-0.002280815966487599,-0.008392222348182874,STIP1,C3,0.5816348815227032
-0.03156302341219722,-0.010362811284793022,S100A11,C3,0.9996724110165148
-0.010383914857645282,-0.006842617229662511,PRDX2,C1,0.9909098586966434
-0.01883727940879687,-0.022177994602062354,GBP2,C3,0.9999822266765157
-0.004929671552134693,0.02725651506809995,ACSL1,C2,0.9999959269473029
0.006302891959437244,-0.023407614038342246,KIF5B,C3,0.5689844235840598
0.010729155917222104,-0.0369492947119063,MCM5,C1,0.9317542130535703
1.771624849257998e-4,0.0010906521018581986,SHMT1,C1,0.9988929043467586
-0.007937573372562276,0.041496760130615325,SHMT2,C2,0.9999801869876793
-0.005854133825182144,-0.010378854541126921,HSPA4,C3,0.9989959794708221
5.432100504839955e-4,0.0030456546409048054,MPI,C1,0.9785439574907321
0.0028443052406099878,-0.048118157824847685,GPC1,C1,0.945123252867611
-0.004343330449107774,-0.025094452279152316,PFN2,C3,0.9997792257262067
-0.011138794002185289,0.035160879073010944,CTNNA1,C2,0.9973817081778886
0.0010391070647583899,0.003165882593444932,SERPINB6,C1,0.9716164941130377
0.0010835364657367393,0.004727234150211046,RDX,C1,0.9721297867873638
-0.0064512671720176155,-0.012434757516725478,RPA3,C1,0.9976083880736306
0.018108656732703086,-0.009687186232965822,RPL22,C4,0.9961655698749597
0.011765405871238175,0.038144069871819265,SPR,C2,0.9894946520577851
-0.0021105147476904768,-0.028192454386954897,THBS4,C3,0.9863460285551319
0.057688884399356107,0.0020694879837033376,FBN1,C4,0.9869059107433217
2.4440380007777955e-4,-0.014775432755433103,AGL,C1,0.9529628876959421
0.005126358721466757,-0.003166087315614047,MYH9,C4,0.5138192224044951
-0.010826140636002297,-0.015749542353978116,COPB2,C3,0.9890810927913181
0.16574970673365846,0.003188253128236996,ACTN2,C4,0.9999914802396902
-0.007195261987906782,0.006489306782011404,ADD1,C2,0.5289330793385278
-0.001119380871277205,0.012398366872664207,BSG,C2,0.560510683915079
0.012160600874558064,-0.010013569224892794,FUS,C4,0.9884799868675817
0.021538526393175304,-0.013025598723898274,DEK,C4,0.9997758656398059
0.01634501347572978,-0.011064306936579732,MYH11,C4,0.5184096256792604
0.002698529655489401,-0.003559608336492624,GLRX,C1,0.9971209041002136
-0.012312974435247844,-0.002832497423036474,PPM1A,C3,0.5616799118647902
-0.003382902048399207,0.04428469716294204,KRT2,C1,0.5207074318864137
-0.0049882760048842855,0.0353326970112077,HMGCL,C2,0.9999860511762569
-0.005368256781206428,-0.018324559903399214,PSMC2,C3,0.9996141282798283
-0.004124311955467645,-0.008155169390479099,ARL3,C3,0.9792334975255113
0.0029953920497383514,-0.012295514944563228,MAP2K2,C1,0.8311447719555842
-0.007415445943728632,0.022416572506822285,ATP5F1C,C2,0.999944711530499
-0.015438957031062017,-0.006779865393911846,ATP6V1E1,C1,0.6691664699371093
0.027584949489048254,-0.018850879209115927,RPL4,C4,0.9987343005150305
-0.005374568426781522,0.040823275449476094,LONP1,C2,0.999996582427994
-0.00521725702635442,-0.010525738775517575,PGM1,C1,0.9997658732527457
0.013649547282662948,-0.010825825178903117,PPP1CC,C4,0.9953488759182939
8.093541711183608e-4,-0.029362463313664523,SERPINF1,C3,0.7036724074142583
-0.001874559548998835,0.020274169324654326,DLST,C2,0.999988844889904
0.003166806745320519,-0.014944617543239726,GMPR,C1,0.9973025773085942
-0.0053468107970916535,2.8941817697299e-4,GPX4,C1,0.8470100095538708
0.008413128010252999,0.004421489097556905,SRP14,C4,0.8516919306669165
-0.003234046570130669,0.009482397433730508,TAGLN2,C2,0.755150946773791
-0.004928865198731147,-0.012063889301857728,TALDO1,C1,0.9924578391400761
0.008536945845381746,-0.036189735719635865,SNCA,C1,0.9993930249166916
-0.009849666824563173,0.04392401512016092,ETFB,C2,0.9999999747812927
0.001175603314812517,-0.010671897501532038,ATP6V1A,C1,0.9876233018490448
-0.0023770453462116196,0.012011462699125773,HSPA9,C2,0.9986825315182835
0.003549504549760558,-0.007439364705654572,RPS19,C4,0.6911754457533732
0.005899836392877603,-0.033985317405320944,RPL3,C4,0.6325690223308854
0.041796399461694014,0.013228487128320093,COL15A1,C4,0.9962443538385549
0.011979745269214713,0.008859518939307547,COL18A1,C1,0.5506913321545625
-0.006468485479478732,-0.008685833857899769,DDOST,C3,0.9864084788181955
-0.009023535479734019,0.007855142746494181,ANP32A,NA,0
-0.01002261934744541,-0.03875795246832477,CAPG,C3,0.9887634700114599
0.023088181984952397,-0.0034492954678944847,CAP2,C4,0.9997432636929111
-0.005997669282241383,-0.021811050891100105,CCT6A,C3,0.9914316143143587
0.03378992433805118,-0.05420042109731374,RPL13A,C4,0.9990534900353248
-7.705813695791012e-4,0.004481521642907722,STAT3,C1,0.9396871176924351
-0.008184149114267762,0.012595580876740408,MDH1,C1,0.6160052460141345
-0.009769750040759476,0.025489638785029866,MDH2,C2,0.9999982790239642
-2.463770348952982e-4,0.01858720192482467,HADHA,C2,0.9998649713288653
-0.017967371768906653,-0.026344705905860046,EIF2S3,C3,0.9999170037986251
8.814215373992105e-4,-0.015960762053020716,NAA10,C3,0.9592804604282672
-0.0015029547311354485,-0.01483829071968553,PPP1R2,C1,0.9835984002074121
0.0029184700894739606,-0.0028089917096551544,GARS1,C4,0.5219793144119511
-0.00883552070298733,-0.004293320212333636,IARS1,C3,0.7159161423914591
0.014885051833740125,-0.004073920758117311,EIF1,C4,0.9494525644355226
0.004119702341990588,0.028206749284295972,ECI1,C2,0.9999839308724616
0.01690305117100001,-0.00470435547875611,TMPO,C1,0.6423328159255968
-0.038675794202982186,-0.024907811800997624,AKR1C3,C3,0.9999720564157123
-0.007920226737854886,-0.002764812822128501,RPS27,C3,0.9044044909255452
-0.006269009994321942,0.01803388299899073,LRPPRC,C2,0.9997133623120864
-0.0027432642555080045,0.033063155844127404,ACAA2,C2,0.9999992255878757
0.020372348757283158,0.004605071748795324,RPL35,C4,0.9972274036844311
-7.022085109140696e-4,-0.004234677347584653,SLC1A4,C1,0.9972572434871845
-0.006244256385322977,-0.023394101186513402,PAFAH1B1,C3,0.9597949353197233
7.797598754403654e-4,0.035729095381742196,CRAT,C2,0.9999999394246754
-0.0038071163601812673,-0.007127631831964624,GPD2,C1,0.9999589220244394
-0.016088425667559997,0.04936320395127592,NAMPT,C2,0.999447549839942
-0.009575521560064545,-0.012766536141548488,PSMC4,C3,0.9995112047842855
0.006341094160068206,0.041613871697990766,TSFM,C2,0.9996311467000488
0.10430670239414933,-0.03868909454623011,TNNT3,C4,0.9999977593445042
-0.00941936109087501,0.04043298805958281,ASPA,C2,0.9999550928171581
0.005475292007581233,0.006361810203977364,PPIC,C4,0.5054506122704038
0.012197301632128298,0.02541125891616528,VDAC2,C2,0.9791206222258363
-0.004162104879301494,0.02864977841481918,ACADSB,C2,0.9999969336842432
-0.013037907922534378,-0.019947090377285637,USP5,C3,0.9988709772066924
0.004894284428885007,0.013011788154807805,MAP2K4,C2,0.5114033609581207
0.011076281448241979,0.014423328838265595,PHKA2,C2,0.6217630664675614
0.0013582225931930056,3.5427287283967514e-4,PHKA1,C1,0.7924641672937248
0.005483064224401276,-0.0036774689736487755,CRKL,C4,0.9598932280183868
-0.004930174354510035,0.010206166903613083,MTIF2,C2,0.9918796566448778
0.0014609401973736886,-0.01576831674061325,BAG6,C3,0.8629495039583023
-0.014841818541281875,-0.008196016440905765,NSF,C1,0.9969235210297324
-0.007266483900030909,0.008850498017501238,MAP2K3,C2,0.5167800632268333
0.00842222194278827,-0.026932871586256808,RPL27A,C4,0.8748042896852061
0.030577770981498973,-0.03486592818872222,RPL5,C4,0.9998292073434448
0.0228671339167272,-0.027968263024739266,RPL28,C4,0.997546969744817
-0.006453564547025257,-0.008373930450184225,RPS9,C3,0.9980289263245438
0.007085569480483465,1.3450330845920301e-4,RPS5,C4,0.892709024243295
-0.004746379486551189,-5.416560608427523e-4,RPS10,C1,0.541842964716925
-0.014986727365674937,0.005172631985011954,GNPDA1,C3,0.5033180357797145
0.004883177975688412,-0.004419286327032831,UTRN,C1,0.9330140919350569
-0.001210778798607699,-0.011496087251369485,IQGAP1,C3,0.6432809467379399
-0.006831096574811419,-0.0157662658194132,GYG1,C3,0.9494865617513394
-0.006586753246508184,-0.004435252725455793,STT3A,C1,0.8198903140346311
0.034397556303284234,-0.001353955590972833,CAPZA2,C4,0.9996787147860612
0.044937077972871525,-0.010336940060314034,CAPZB,C4,0.9999499330208386
-0.0073899244647746614,-0.01936489706129942,EIF1AX,C3,0.9858383770281881
-0.004621465817962556,0.0099865990556987291,QARS1,C2,0.9773879882035439
0.028214013706817205,-0.037566444265397486,RPL29,C4,0.9983892294674386
0.006886704824526749,0.035300251655821735,UQCRFS1,C2,0.9999948672046313
-0.012765689284798053,0.02893549295215166,ATP5PO,C2,0.9999939042758179
-0.004944122429168992,0.008743916389617733,LIMS1,C1,0.6182255618659922
-0.0012342153623342445,-0.010669609969741388,PREP,C1,0.9997287730223349
-0.0033092269624965926,-0.005457232803078084,ME1,C1,0.9909786836363575
0.00438237368918132,0.0013830270757417256,PIP4K2A,C1,0.997802624566395
-0.01478260430973162,-0.033492849657051856,ARCN1,C3,0.9999743213191051
-1.6508331659747947e-4,0.012412315252458738,LSS,C2,0.9575252038005996
0.007268578287000958,-0.013619146795162051,GCLM,C1,0.9935138387965116
-0.021571423566338004,-0.020968566296556256,CD151,C3,0.9632511590606165
-0.009029118817268587,-0.010200638619406526,PSMD8,C3,0.9992975639592292
-0.013928228078443974,-0.004956994340310993,GSS,C3,0.9913816621640364
-0.009981391375205472,-0.012820728100634915,CCT5,C3,0.9999632991946589
-0.013095082349273316,-0.07398677110086102,NES,C3,0.9993925441129421
-0.0063301627740952405,0.03019629729218072,IDH2,C2,0.9999999208983353
0.08529363128268787,-0.04257895319048672,TNNI2,C4,0.9999918127893239
-0.018233243710107972,0.007375814633914389,PXN,C3,0.8373732890699341
-0.00607418021933733,-0.0174371022846599,ALDH9A1,C1,0.9503938144031687
0.02467497139640325,-0.03380021825157226,RPL34,C4,0.9886453016769617
-0.003953965309829321,-0.009219759219742628,LMAN1,C1,0.9843588446741793
-0.0041087534653526615,0.010497235751756406,FNTA,C1,0.9134331742089384
-0.008363634105209376,-0.009233057644485855,CCT3,C3,0.9998385149250762
0.002017457985337426,0.023157527112572955,MRPL19,C2,0.9994258480055633
-0.003273272426294594,0.024147230631946345,TUFM,C2,0.9999736133269829
0.005701250369237958,0.014430144589778511,ALDH7A1,C2,0.932702524152196
0.014895105108886504,-0.015928803923544604,CDC34,C1,0.9947228881557346
-0.0034519684752178166,0.010936924638431447,PCYT1A,C1,0.9885841797572805
0.00891092740668016,7.684205477255135e-4,AARS1,C4,0.9204803101411918
-0.0014614889433625024,-0.017361948385448845,CARS1,C1,0.5022703454708749
-0.013081012529743771,-0.016647234903018098,SARS1,C3,0.9994035831842996
0.0044474018672877496,-0.011218453553789235,PSMB3,C1,0.983723115647327
-0.008236489448364132,-0.008940642924517447,PSMB2,C1,0.7305840412854587
-0.002723257916665254,0.02234087450061117,ACADVL,C2,0.9999956715376391
-0.0026944673557106552,0.023176812591121657,ACOT2,C2,0.9999558418981657
0.0017124183873353878,-0.01590786146835188,TMED10,C1,0.9981132336585905
0.004693730990712238,-0.024479777260802728,HINT1,C1,0.9988728766680577
0.015321696170773691,0.03793464956759968,NDUFV1,C2,0.9977966484050914
-0.0025869543212168524,0.009803728172375148,GSK3A,C1,0.926939439550088
-0.0010100107270447024,-0.001498909642569833,GSK3B,C3,0.5136999800118363
-0.0038514238693081407,0.02275143959245737,IDH3A,C2,0.9999652823798273
0.002261093254529937,-0.01762775472691862,SULT1A1,C1,0.7286765616499066
-0.009208450054973581,-0.01755284321382389,GDI2,C3,0.9977267962515366
0.009131916465554444,0.01735037264348117,EMD,C1,0.5539148952517914
6.92211752692208e-4,0.02947674992650714,CPT1A,C2,0.9582568269277475
0.009145515148374913,-0.022377613572767942,SERPINH1,C3,0.6110520758151773
-0.008622953028774223,-0.006071902072753314,CSRP3,C3,0.9776578105851172
0.002293739583431533,-0.011913542490697634,ST13,C1,0.980804917375859
-0.02092779244487457,0.0030555594480644495,DNM2,C3,0.9865719737321659
7.785097576151559e-4,-0.0011542084957533957,METAP2,C1,0.8940800400631771
0.007454356159431794,-0.010403764857319926,NUDT2,C1,0.9609162293445707
0.15955829842682367,-0.0037898272397896555,LRBA,C4,0.9999841221713933
0.022332417717339906,0.013105549255569478,BCAM,C4,0.9319719712303105
0.019287326030468125,-0.03324488284473894,RPL14,C4,0.9879073861427492
-0.006575456858340777,-0.014209484816614309,CCT8,C3,0.9999250616425784
-0.00944220495844017,-0.012474621554908567,CCT4,C3,0.9999979163253631
-0.0033937710496480603,0.00830869181476662,ATP1A2,C2,0.9183512870623546
-0.0046444517788625725,0.003406300565650216,ANXA11,C1,0.9935858965535583
0.038768909955674044,-0.009902704768457497,FXR1,C4,0.9999739866026982
-0.0043402757826882495,-0.007672057214345264,RAB5C,C3,0.609955840112993
-0.0068286210745889114,-8.776094710537878e-4,RAB7A,C3,0.9381284072510945
0.0078043170313596985,-0.001134465629955013,DUSP3,C4,0.6930765728694283
-0.009212458522861565,0.0347338318310107,IDH3G,C2,0.9999973072723051
-0.0013397397517619669,0.022133963660404824,GALK1,C2,0.6188777603783814
0.005183003809534668,-0.0032724794039380375,SSR4,NA,0
-0.0023431598263083326,-0.012728272328296165,BCAP31,C3,0.9976036096307007
-0.006534880333440743,-0.01373346661235919,MECP2,C1,0.7723243675102712
0.030493172618707626,0.02247412799774951,CAV2,C4,0.9876596250818421
0.007510333628473957,0.0038669150378187423,ALDH3A2,C1,0.8001995303489415
-0.0011035651437352782,0.0354888342540946,ALDH5A1,C2,0.9999997890322065
0.03570005037520477,-0.006194857785987776,HSD17B4,C4,0.9949651779023605
-0.0019596816268286727,-0.0056062701254776665,PSMD7,C1,0.9957902930436604
-0.016434224875087226,0.00799247825316814,UBE2D1,C3,0.6543090785655463
0.008509386284664681,0.02810962138177404,SUOX,C2,0.9961309934581701
-0.0043144965675822496,-0.01624866380748215,STAT5B,C1,0.8444899024332463
0.007658739318488062,0.0016421250712351186,RPS6KA3,C4,0.8030474837082487
0.0082368460938022,-0.010548676991905002,HDGF,C1,0.6991218988620037
0.014402714171206758,-0.015569422663558381,LUM,NA,0
0.013208759233631984,-0.00546830443295292,PRELP,C1,0.9798790317842526
0.02088192149397622,0.03443926574149043,NDUFA8,C2,0.9330949391547576
0.034002103691157894,0.002514417217892214,HNRNPA3,C4,0.9986800392978104
0.0429210720524284,-0.010344577204080491,MYOM1,C4,0.9999929394398271
-0.0022420416894375936,-0.002597967961412182,PGD,C1,0.9952042821413244
0.025868466344271583,0.004245199843210613,HNRNPM,C4,0.9997188055272428
-0.004163786876872484,-0.01545168394309313,KPNA1,C3,0.8963594462197227
7.024268757005759e-4,0.028825875480383685,MAP2K6,C2,0.9998389636216717
-0.013418552806855657,-0.01680349356179674,ARHGDIA,C1,0.6630463350053585
-0.015974510814862643,0.0010574297902907301,ARHGDIB,C3,0.9499949450426343
0.0017370365201654014,0.006229698990928722,RIDA,C1,0.9809022580596297
0.01769057859758721,0.07201522211173264,MRPL12,C2,0.9999193368401035
0.0037331741568171536,-4.088418869813828e-4,THOP1,C4,0.7336752201289953
-0.013834734770434986,-0.020002650970057292,AKR1C2,C1,0.9399238776810162
0.03970089613285474,-0.010851208544889294,CAPZA1,C4,0.9997515497524383
0.01985064446220405,0.01576554703240217,CRIP2,C4,0.9166404190411249
-0.017750345265302607,-0.001248650300156105,BLVRA,C3,0.9736654222213796
-1.0627766642603491e-4,0.005517918249074371,PPP5C,C2,0.8210814662329955
-0.003395266167010751,0.015018652092243295,NUBP1,C2,0.9843110783119315
-0.007604333524163848,0.03105075337915742,SUCLG1,C2,0.9999997658309462
5.950416322622838e-4,-0.0120501806036205,COPA,C3,0.951198351586403
-0.0011519299578219573,0.03249979740339773,HCCS,C2,0.9999991181594976
0.0022081942700229655,0.007021539837886325,MAPK12,C1,0.99899068767346
0.011271422190919277,0.019094086528212265,SMTN,C2,0.9285527190950672
0.0021070739765638494,0.023806966450098176,SLC16A1,C2,0.974158395904811
-0.0051812521010613545,0.02289032806177997,IST1,C2,0.9996946158475426
-0.010309145516790007,-0.016962794718328483,SEC24C,C3,0.9999027393744346
-0.002556236255497293,0.001228446388922614,SUB1,C3,0.5672493145675214
-0.015892902001980593,-0.005170111582605383,RARS1,C3,0.998099433747752
-9.228016440205681e-4,-0.009857997469256568,CACNB3,C1,0.9717914247388469
0.0033008265299374127,-0.01703372383960388,CACNA2D1,C1,0.9955306843284933
0.03267735154418978,-0.017690331546464724,MYOM2,C4,0.9984747224198085
0.009184403469601485,-0.010151791651627053,YARS1,C4,0.568677802089509
2.8927861775614505e-6,-0.00934426598616554,USP14,C1,0.9979016307280597
-0.008082982279764797,-0.003894647794004409,PRKAG1,C3,0.9949956889491289
-0.01565353952731503,-0.0013217072041993316,PRKAA2,C3,0.9906916282631837
-0.009421011580868752,-0.04473598433317036,HSPA2,C3,0.9593344482295925
-0.004521491058022471,-0.0022463782846303985,RAD23A,C1,0.7190185142142398
-0.00205794325647873,0.004742291849264279,RAD23B,NA,0
0.003058386630942931,0.03096577414457379,AK2,C2,0.9999943364573354
-0.006498800679187713,-0.005397671985297839,NAPA,C3,0.9737523947996872
-0.0037552834599309188,-0.008406421563976146,EIF5,C1,0.8931666439808593
-0.008287960241809588,-0.021128432729500338,PSMD4,C3,0.9947562184592683
0.004690366149720759,0.004607360898611061,DRG2,C1,0.5927138589059712
0.01385335836836846,-0.05837457171924577,RRAD,NA,0
-0.010235697811467834,-0.015139853604177028,CSE1L,C3,0.9978377736702008
-0.0048788936926121625,-0.022500891913930406,VCP,C3,0.997971378299039
-0.0010308074860106695,0.022709028956057448,HADHB,C2,0.9999882208376496
-0.01593538579537571,-0.018755791717741725,NAP1L1,C3,0.999979873122998
4.925388396332162e-4,0.005634264433002781,ADK,C1,0.9365440156421012
0.0779440276755621,-0.0020286957689729748,LAMB2,C4,0.9998777372844221
-0.011066271413084923,0.010262345776807201,CDH13,C1,0.6397018604035108
0.014377713912727347,-0.025859057666774852,SEC13,C4,0.9266030817967472
4.0509951574469854e-4,0.016709615438088552,SNU13,C1,0.8068799338134179
-0.0022641511263985386,-0.015559143524424328,NPEPPS,C1,0.9999890574936553
0.014113679380367068,0.006593489526253741,HNRNPH2,C4,0.9472688887409633
0.0029295431430189827,0.02299254125476471,OXCT1,C2,0.9738747158396734
0.028242402127880005,-0.009951544676830959,SH3BGR,C4,0.9996994098467255
0.0032715529039184445,-0.011645817511207824,EIF3B,C4,0.6264749249567805
-0.016951573087105584,0.01926896568396002,ATP5MF,C2,0.7455585847201053
0.015129330377636493,0.0653440364088499,NDUFV3,C2,0.9999522748493606
0.0045989947026615725,-0.014667760776417512,MARS1,C1,0.8706904337105019
-0.026741466674969305,-0.01725942190927406,ARPP19,C3,0.9354439021964874
0.0014313687231739545,0.03003496387797185,ATP5F1E,C2,0.9998980709042536
-0.01350113847631977,0.027611141043928557,ATP5ME,C2,0.9996241430180333
0.004565102760179688,-0.006550344934902466,EIF6,C4,0.509849660678836
0.017931644392339397,0.04683164408486917,NDUFA6,C2,0.9926286790316845
0.007725463532309636,0.034605237316329904,SYNJ2BP,C2,0.9994563229895083
0.012969157082137767,-0.01026142824808352,EEFSEC,C4,0.960134371317895
-0.004424355644696557,-0.012436920951387065,MTPN,C1,0.9999024064464206
-0.005345729656396617,-0.009782387611093282,DEFA3,C1,0.9093098141438761
-0.011746528527920212,-0.01652081168117718,ARPC4,C3,0.9992777709891703
-0.008672083193188343,0.0232827617880168,CD81,C2,0.7832066593544017
-0.0020809916302977935,-0.002622237943964848,TPI1,C1,0.9999903208677171
0.018947374599534862,0.0023711589497824935,EIF3E,C4,0.9996581930669992
-0.05466972225161383,0.005133709855514272,SEC61B,C3,0.9323853135448724
0.03179951394343737,0.0010044722659061506,GABARAPL2,C4,0.9999472556712825
-0.026373023397416116,0.01792648692921066,ROMO1,C3,0.7127143386306646
0.058995789727871506,-0.009808057417140276,MYL6,C4,0.9999842896034552
0.08690039786664162,-0.020687075507572598,ACTB,C4,0.9999998531275105
-0.001727846328898961,-0.004836240013095766,EIF4A1,C1,0.9950335712068981
-0.0033798714922960564,-0.017152491699396276,RPS20,C3,0.9800000957754492
-4.2989015899476467e-4,-0.03116839919480573,PRPS1,C1,0.9480520165468169
0.001586978493483845,-0.02029016579870968,PSMA6,C1,0.9787325690244858
-0.015152738592663487,-0.009293831623815554,S100A10,C3,0.9993937848511606
8.946222502682891e-4,0.006066091035139661,CDC42,C1,0.9856572460290403
0.012362304481285773,-0.004111849467830464,DSTN,C1,0.7573604499165728
-0.008162758603137121,-0.006277000671821161,RAB2A,C1,0.8223412564085488
0.004754747081834692,4.474265020732415e-4,RAB5B,C4,0.7286616675002828
-0.005825782258193051,-0.0026108368677451757,RAB10,C3,0.6038329905632323
-0.011616101211591807,0.0013277295525740231,UBE2D3,C1,0.9362526641155072
-5.89948282753859e-4,0.004039403469228949,UBE2M,C1,0.8699468335556813
3.1783230348378567e-4,0.010103186759735752,UBE2K,NA,0
-0.005494796960280218,-0.011440921135753698,UBE2N,C1,0.9836630867217573
-0.008728093713421578,-0.007303091008497461,RAB14,C1,0.9450739213648791
-0.0051287609014488405,0.006700983501666079,ACTR3,C2,0.6553575822597151
-0.01197903550579259,-7.480694795681219e-4,ACTR2,C3,0.9905284688882168
-0.00751363259482942,-0.013277458143444743,ACTR1A,C3,0.9994415685492818
-0.0073926654717572865,-0.007029052390285782,COPS2,C1,0.5070148690712442
-3.660126542412621e-4,0.006011471438909704,ABCE1,C2,0.5735614284758584
-9.940576958055278e-4,-0.008796487438724033,RAP1B,C1,0.7363936012731799
0.005880488335067829,-0.010933554368667237,RPS3A,C4,0.6243437244324684
0.008464676190019614,-0.05088692073640093,RPL26,C4,0.6227330838413396
0.02239969698361957,-0.02483041300235443,RPL15,C4,0.9990813110230753
-0.00894605217638106,0.003790182729664165,PCBD1,C1,0.8362443796807757
0.025784976801835544,-0.017583310614545756,RPL37A,C4,0.9997274746813805
-0.0052213111928705895,-0.00896152908636841,RHOA,C1,0.9409572836525674
-0.006742778592912888,0.021786424950903455,HSPE1,C2,0.9997964841204888
-0.02437724916518141,0.011802941062081908,SEC61A1,C3,0.7623588146925621
-0.0057218905570585905,-0.00708235182641901,VBP1,C3,0.5434861757418945
-0.008719573955259881,-0.011596441113042965,B2M,C3,0.7305040283636605
0.007587878418263186,-0.015892542887143944,DAD1,C4,0.8885952068961439
-0.014333068955578728,-0.005479572850140565,NPC2,C3,0.587402389725932
-0.00124627507473489,-0.004264039300467513,PKIA,C1,0.985951153157363
-0.012375733383720094,-0.013397155694637591,SUMO2,C1,0.9010111806570891
-0.01169007520071226,0.0034937930604395156,UFM1,C3,0.882541688654199
-0.007386253382552708,-0.008866235111931745,NUTF2,C1,0.9995405313544723
-0.0027121848939543843,-0.003008622101071593,HNRNPK,NA,0
0.0010444124522976607,-0.016834621957542668,YWHAG,C1,0.8070847101531757
0.006737597571676435,0.0033879443699150018,RRAS2,C4,0.7141339952223635
-0.005985579860025137,0.027113735782505578,TIMM10,C2,0.9884116562080082
-0.016889086719532757,-0.014628559201512613,RPS7,C3,0.9729043020732201
0.013844800971658076,0.0021894148830115087,PPP1CA,C4,0.9984061064932571
0.018557038966425635,0.0062542690816421755,PPP1CB,C4,0.9881321892038463
0.00213068547695887,-0.01914380823991289,PSMC1,C3,0.6425187531947081
-0.006979211007348067,-0.012158441658792901,PSMC5,C3,0.9808521721327199
0.004343552116804857,-0.011623474862325142,RPS8,C3,0.6422049348075053
0.004294077740615903,-0.00986960297615878,RPS15A,C3,0.6090993236912872
0.0026056720282686633,-0.017016043189857836,RPS16,C3,0.7690138347399392
-0.009650359663252226,-0.006292440396274552,UBE2G1,C3,0.6098423105440545
-0.008830138443877257,-0.018356790293459633,YWHAE,C3,0.9908628001943822
0.0019238792978200979,-0.006318151173733522,RPS14,C4,0.7236702562756255
-6.747740905995428e-4,-0.015094896416269113,RPS23,C3,0.8151610151767135
0.010956782864998698,-0.007525731183152571,RPS18,C4,0.9878528193898388
-0.0028643976718553347,-0.018739271920060082,RPS13,C3,0.990259320479952
-0.012614698440780439,-0.02123407471143012,RPS11,C3,0.9985515753167978
0.013333407883734017,-0.0016955435628513535,SNRPD2,C4,0.9911854970375276
0.0035501434733550366,-0.0032755238226860545,SNRPD3,C1,0.9836042437247542
-0.021778691668900955,0.0017506539323676878,TMSB4X,C3,0.9602171556044058
-0.00612949962380265,-0.01762698473234359,PSMC6,C3,0.6833568726914591
0.011168444791239619,-0.036555617702430446,RPL7A,C4,0.6093419663277748
-0.001791549099398788,-0.028970839220716554,ETF1,C3,0.9941919745026684
0.018093544817797572,0.0023946288784956484,CNBP,C4,0.9788626465617364
-6.744647785496215e-4,-0.005191026890778897,RPS4X,C3,0.8757298528261422
0.018097141189941806,-0.017239987451111573,RPL23A,C4,0.9994185989422386
0.0020026663483880425,-0.012232396565336291,RPS6,C3,0.7847118977308625
0.05204421300071102,0.011043641599446114,H2BC4,C4,0.9790568290087535
-8.408211453173951e-4,1.791471022993e-4,RAB1A,C1,0.8384651985361432
-0.013173487474337739,-0.023017728874217203,RAN,C3,0.9994555040542622
0.005931431106505752,-0.004008671944205623,RPL23,C4,0.8880993002654812
-0.010933005905524866,-0.013923182635266651,RAP1A,C3,0.9383899416583127
0.019594928633832772,-0.0012667209073299703,RPS15,C4,0.9973050381675845
-0.005643357020413692,-0.01719820948341617,RPS24,C3,0.9675292478343922
-0.0028565045841827084,-0.008995619974436427,RPS25,C3,0.9528218008232492
-0.0096647275660838,3.21108717995745e-4,RPS26,C3,0.8828614850149671
0.015583301539400608,-0.0045315665708823595,RPS28,C4,0.9896993616119115
-0.003432848626095682,-0.012192162744372986,GNB1,C1,0.9214768310156366
0.00124225941605848,-0.005608147230788043,GNB2,C1,0.9844756335643888
0.022413134528185854,-0.04149685911319672,RPL30,C4,0.9682233700953767
0.012479054542269078,-0.005764123048736335,RPL31,C4,0.9893176752935606
0.03625581721545046,-0.03982863790056927,RPL10A,C4,0.9999431910921144
0.039969784348604105,-0.034614201088196475,RPL32,C4,0.9999053983825982
0.01228820256844473,-0.023371715163079038,RPL11,C4,0.8518908717893741
0.04442966061546646,-0.03188701408828286,RPL8,C4,0.9999892384336422
-0.014505621521642281,-0.027486324705981,PPIA,C3,0.6908421213274172
-4.8462658223838017e-4,0.001052300022821,FKBP1A,C1,0.9990092617472871
-0.023234259696117088,-0.04340535848033965,RPS27A,C3,0.9993640389066131
0.009168015243024016,0.005037157482325247,GRB2,C4,0.9660308757657865
-0.0021282564097132002,-0.010839467461210978,RAC1,C1,0.5945309499849287
-0.011940906760805194,7.832907952329362e-4,AP2B1,C3,0.9976792643664534
-0.019757537456215814,-0.004382214862004439,VAMP2,C1,0.6925112840490536
0.00135067469799403,-0.015635717000514436,PPP3R1,C1,0.9998127319759108
-0.006660980744384273,-0.008984635525036326,YWHAZ,C1,0.5211969211512077
1.9116202660001132e-4,0.0032986292980856156,UBE2B,C1,0.9944088672728931
0.00690082774519003,-0.0036727805418108363,PPP2R2A,C1,0.9168318739506562
-0.008333055399956851,-0.010553988291669725,DYNLL1,C3,0.9992799292473449
-0.009082048207531166,-0.012150879826539864,DYNLT1,C3,0.9546124786020435
0.011763046112243311,0.0016141287534745933,RPL38,C4,0.965957619036373
-0.009788623186073138,-0.008188208554331602,SKP1,C1,0.7093798293961976
0.0127201336454231,-0.007796651648096165,RPS21,C4,0.9949000535825965
-0.006935552019688663,-0.011911675307704138,EIF5A,C1,0.954678611400929
0.00958434014410524,-0.008239488339307698,RACK1,C4,0.9967375487934769
0.008512526293665184,0.036062569742262844,UBE2I,C2,0.9279837380391217
-0.017431648204517532,0.0261606917144649,SELENOW,C2,0.5786023464663878
0.09843295957837284,-0.008182660780366714,TNNC1,C4,0.9999981215634327
2.4228089405866666e-4,-0.003895031460317662,PPP2CA,C1,0.9208572986549856
0.00315368762128904,-0.024628122572847917,YBX1,C3,0.8190438738363074
0.002664839851072428,-0.01633537648361304,CSNK2B,C3,0.7691332478993068
-0.014846501418754014,0.01451105405607884,TPM4,NA,0
0.0016208652781566602,-0.004228319879288893,UBE2L3,C1,0.6727810343993941
-0.02282047378865665,-0.029678548064262702,EEF1A1,C3,0.9999924014950275
0.09863767383075789,-0.008994805075776345,ACTA1,C4,0.9999997704100779
-0.012261111421041323,-0.0318238423841133,TUBA1B,C3,0.9999832688325129
-0.012220468672021858,-0.020840723839572962,TUBA4A,C3,0.9984824549356948
-0.009888554072116442,-0.027759606198445922,TUBB4B,C3,0.9997602946141246
0.01683075059238676,-0.0214877045145361,CSNK2A1,C4,0.9984796052814187
-0.013409970751635693,0.013290099252163158,PAFAH1B2,C1,0.945809583939749
-0.00836470473500471,-0.021819262369926314,HBB,C1,0.990928832978325
0.0023948737788718095,-0.016021830389665027,HBA1,C1,0.9973143012328928
0.004405699697379563,-0.015031489400132146,EIF4G2,C3,0.6735941229203812
-0.010522575267933008,0.011879164191382349,PIP4K2B,C2,0.520668156719248
-0.008506044539472048,-0.01830736339305644,CCT2,C3,0.9946877855828505
-0.007611985621148654,0.015715303892842255,GSTO1,C2,0.9556329091518574
-0.013799700098107668,-0.005830165242844914,PRKDC,C3,0.9999266965933048
0.002291239623696596,0.032464473791808716,DCD,C1,0.5148204112972337
0.004637260858875176,0.017189550754657612,MRPS25,C2,0.9938288031440893
0.006680319066585838,0.01575051825957042,MRPS5,C2,0.8265199771292486
-0.007500918722648604,0.011254580308414752,MRPS36,C2,0.5626143972785407
-0.0022640914456554194,-0.007513078187239709,MRPS15,C3,0.9769844495808062
0.010293460628038417,0.01921388258525351,MRPS21,C2,0.8938339806751239
-0.009165795184824885,-0.0261210120492579,SARNP,C1,0.6516233542351603
0.007484725691960131,0.024333310789246183,LACTB,C2,0.9990273901771618
0.028093470417477378,-0.004979154484869758,RPL24,C4,0.9998829164393561
0.0011416155028487977,-0.007265564123776335,ARF1,C1,0.7073946147602387
-0.008543029498914714,-0.008008769975146924,ARF5,C3,0.999420844894968
0.04032545355481413,0.0026068596617792737,ERH,C4,0.9989966890527198
-0.010581561595282549,0.021206429203091546,RHOG,C2,0.9866439518680549
0.021556771232429908,-0.009540381361567611,RPL19,C4,0.9994400666135516
0.003448224151206356,0.007038300064277247,SRSF3,C4,0.550493302905871
-4.173501868767541e-4,-0.007158255606894743,MXRA7,C1,0.7162761962491315
0.03598072937572376,0.01863613980899109,H3-3A,NA,0
0.021723978659619312,-0.01616812893726443,FBLN2,C4,0.9929669709232101
0.057248547767908345,0.014144327332305615,HSPG2,C4,0.9992678813621126
0.01812479638323963,-0.00821878119016255,RBM3,C4,0.9599390779126052
0.005501114921393185,0.03722704376989512,CYCS,C2,0.9998951175699261
0.016362023645537006,0.0010452003491632886,MPP1,C1,0.8642487101964924
0.019803368334076175,0.03649610232812591,TFAM,C2,0.993776838193588
-7.560921552049884e-4,-0.008559653886984783,PITPNA,C1,0.8927551694825557
-0.011754183542766049,0.023435673529632023,SLC25A3,C2,0.9997413929640612
0.0033314915688356195,-0.0063240833406416515,HDLBP,C4,0.8090234720382803
0.020722926318460223,-0.013782181457352358,PURA,C4,0.9983147742094972
-0.018781425238168937,-0.023807006409934457,CLTC,C3,0.9999980131667855
0.003507915541071685,-0.001886582001922892,FKBP3,C1,0.9187977412160377
-0.013121321207946558,-0.037758631117899,REEP5,C3,0.9999880404218658
0.017648999870663012,8.860817545769798e-4,SORD,C4,0.8338699508676215
-0.003817757285873479,-0.017922092279052844,HNRNPU,C3,0.9082705836024285
0.09661585226390941,-0.02880563937713805,MYBPC1,C4,0.9999972287015919
0.02045368556801289,0.047160488757274875,PLIN5,C2,0.9923979969287143
0.0014381240605058426,-0.0062535380856748694,SPTBN1,C3,0.8632882182447632
-0.00726942005076315,-3.9903765772418655e-5,TIAL1,C3,0.9617208241343792
0.021371596545430666,-0.0012272000735959404,SET,C4,0.9430803944314249
0.010458177700121767,-0.019816959936695418,AMPD3,NA,0
0.0034616102658385915,0.007932307695531863,FABP5,C1,0.9910224800803943
-0.001671120931323467,0.017243683758993905,ANK2,C2,0.9620076416062859
0.00426368205188545,-0.009131018638804318,CAP1,NA,0
-0.007517163034131333,-0.003909767836050496,EWSR1,C3,0.9553253546257873
0.025516241442619103,-0.023243646210266665,TAGLN,C4,0.5902494825351854
-0.007304536997480346,0.016958911652377333,OGDH,C2,0.999969699571633
-3.878388618530162e-4,0.06484987013750508,COX6A2,C2,0.9999579346641037
-0.0013949828289717163,0.012150323364263348,ALDH6A1,C2,0.6655096508464627
-0.013328474660900832,0.05504006332402265,BDH1,C2,0.9999950394021881
-0.021255599377744787,-0.0012743598069863882,COL7A1,C3,0.7210313611785294
0.021720214748272144,-0.016096712743407474,RPL18A,C4,0.9995533336477777
0.0033148481534596504,-0.013366386229427008,CACNB1,C1,0.9871092303765598
1.2159454974569214e-4,-0.0044947693597414485,MAP2K1,NA,0
-0.0018867981155047476,1.353482596014026e-5,FKBP4,C1,0.629044856003757
0.029638363101426722,-0.032159047900775256,RPL6,C4,0.998410508797239
-0.006909642489853552,-0.021836145918165635,AKAP12,C3,0.9793083941349788
-0.006339983408424834,0.012613165640219809,SLC25A11,C2,0.894748728731832
0.016677117815941788,0.014365051401997469,CAV1,C4,0.6299174191776267
-0.01582364983969535,0.03030367362110099,ACY1,C2,0.9999137400742847
0.04322559541870758,0.0012096596183123745,LMNB2,C4,0.9296128666905802
-0.002653041846878587,0.005595353151852063,UBXN1,C1,0.7987376742972574
-0.008787863533560846,-0.014808402203319701,GBE1,C3,0.9990327712708774
-0.005698108533514167,-0.009637250756438807,EIF4G1,C3,0.7954013876007392
0.003780026791161207,-0.00350235393083998,PRKCQ,C4,0.5725933373599549
-0.005611749158994346,-0.012754226627624413,GLO1,C1,0.9999475294731601
-0.009609870582283117,-0.02620810504574373,AKR1C1,C3,0.9654376755448827
-0.004805429295339736,0.010998743475948362,SSBP1,C2,0.9796852139970208
0.005188355991026959,-0.011275364009476683,YWHAH,C4,0.8179915709124824
-0.009911699077306773,-0.020815773078407363,PLP2,C3,0.9923990461769806
-0.011182416202985268,-0.00808541502193575,UBE3A,C1,0.9956831755496524
-0.006600091492455066,-0.0033780104918182444,SRSF11,C1,0.9597549188145942
-0.019075924676648984,-0.030726856924251953,EEF1A2,C3,0.9996543691321015
0.0260085208755276,0.005281218816214026,CALD1,C4,0.9840726352268375
0.046407503780252976,-0.02549322511417558,COL14A1,C1,0.9823402805005025
4.855724714772485e-4,0.001862898662974825,PTPN11,C3,0.5857295496558084
-0.01476912473727244,-0.011627001885840543,PSME1,C3,0.9999759524241701
0.0011150655085012348,-0.043094578113224265,CACNG1,C1,0.6843198178049607
-0.05814336909944037,0.002682052021662969,ZNF33A,C3,0.7232545620788078
-0.0033515162480943906,-0.03261860923348517,PRDX1,C1,0.9899108395261048
0.020298349314365555,-0.035389590853077135,RPL18,C4,0.9948856997817995
-0.010855235475897045,0.026551121808019183,C1QBP,C2,0.992937995104456
-0.011546110549249653,-0.004955572916520325,CKAP4,C3,0.9986273462195738
0.06863363862360183,0.009306717008501409,DPT,C4,0.9999749864160608
-0.0034622218197174434,-0.022252106089043884,KLC1,C3,0.9917482404792077
0.014807716769237629,-0.00830374775275678,SRSF1,C4,0.9976450762037565
-0.003837971556830846,-0.026099079435143703,ARHGAP1,C3,0.9705198578357728
0.15172375433252838,-0.0010966423805724706,ACTN3,C4,0.9999773961497995
0.01217223968635384,-0.016140291157388378,PPP3CA,C4,0.6730209977726561
0.005367820518383551,-0.022174357696351007,DHX9,C4,0.5099989453975383
-0.001977619135843225,0.0031732728087151274,CRYZ,NA,0
0.11881408695779179,0.01065544399699918,SLC20A2,C4,0.9998383637539798
0.008460746117658251,0.013351030361036796,PUDP,C1,0.994143115203053
-0.008569861956583356,-0.022013452358828633,CD47,C1,0.9812982858814513
-0.008024946654361495,-0.006187136220825021,PPID,C3,0.9000586192639919
-0.009574657016543316,-0.03577101082848072,AHNAK,C3,0.9999478758289863
0.0337627399301613,2.2133517474062347e-4,LMOD3,C4,0.999697821315439
2.963435782740073e-4,-0.018101887438432024,HSPA14,C3,0.53730235913076
-0.01412464581462479,0.004073565319287595,SCRN3,C1,0.9904523573252184
0.0438849058002015,-0.0205723068929342,NEXN,C4,0.9999928126253904
-0.006245042268242555,-0.00121322506798272,AP1B1,C3,0.9851129916202596
0.012715794070231238,0.015522412616030965,BST2,NA,0
0.01614705475120804,0.037928585461734624,PMPCA,C2,0.9963101878884028
0.017352725954681573,0.002864712288331063,ASPH,C4,0.8664033930562071
0.009255898663586342,-0.005150360079007819,EFEMP1,C1,0.8296920445468858
-0.005062018417870044,-0.005306522073441924,STX4,C1,0.9888774175150389
0.0014867337808827461,0.024052390245041678,GRSF1,C2,0.9943884790964438
-0.002933742378566982,0.008981942852342642,AIMP1,C2,0.7413438387148762
0.0022103355348679623,-0.027457790759441457,ILF3,C1,0.8856945816225893
-0.012149974562959237,0.029881630392386168,TRAP1,C2,0.9994851275661845
-0.010849608544296062,-0.011986390641633114,ANK3,C3,0.9648904970374736
-0.01608375497049635,-0.027017851104532274,HSPB3,C3,0.9999921774792012
-0.002765388442704023,0.03889997800009068,ECH1,C2,0.9999988248455106
-5.830005082528057e-4,-0.011885895346022711,STRN3,C3,0.8961443079278633
3.455168895955876e-4,8.505857409039352e-4,COASY,C1,0.9917880373821882
0.03944099733900472,-0.028828117604046216,TRDN,C4,0.9999944068169075
-0.018391480224709995,-0.02305374805098343,ACACA,C3,0.9998723150933705
-0.006172649728188783,-0.008600929073995138,GPS1,C3,0.7508850871475803
0.020067203814022234,-0.009013734134898956,MTAP,C1,0.7653942527315046
-0.006194919649208981,-2.5101798508284453e-4,PRKAA1,C3,0.6112016486662736
-0.0028250869392467777,0.006427406446561426,TARDBP,C2,0.5444048095873387
-0.007543614496849249,-0.010229829826025836,PAK1,C1,0.9978318194574652
-0.004798747105961385,6.437955788872227e-4,AIMP2,C3,0.9628699850022484
0.011856164819343514,-0.01428850211760431,PRDX4,C4,0.6300813856907838
-0.007541163877237276,0.001833869034920445,PAK2,C3,0.7590728817017155
5.605994922063687e-4,-0.006561105452973798,CBX3,C1,0.8205385366345331
0.005456776334761613,-0.016882805948981477,PSMD2,C1,0.914839826183788
0.08415266587581068,-0.03989305679253233,MYBPH,C4,0.9991177312766985
4.1668216263405166e-4,-0.005882829482316028,SELENBP1,C1,0.9989681329668347
-0.008586752243291052,-0.010511750736891387,TRIM28,C3,0.9714241747533251
0.033378389117498825,-0.030796676753740305,G3BP1,C4,0.9998519372321673
-0.004392909545475873,0.029318253599149368,PABPC4,C2,0.9831189313636751
-8.272311059903511e-4,-0.009341255730328197,SGCG,C1,0.9858605874085742
0.01254116823052288,-0.015803413991073628,EIF3I,C4,0.989219471704702
0.007036620689750465,0.006146316234677714,CTBP1,C1,0.5502685262037341
-4.4078956184592815e-4,-0.0025989721183969764,UBE2V1,C3,0.6125024599627694
-0.0011256959238326691,-0.025789833830094613,DYNC1I2,C3,0.9936781037859898
-0.008603107116835297,-6.539677416715212e-5,ILK,C3,0.5680978212734472
-0.004740062149842133,0.024557279387174846,NNT,C2,0.9999992825280545
-0.0047002733129441285,0.006414810122340178,SNTA1,C1,0.9920808556934704
0.006393614044061151,-0.00548521222729237,SNTB2,C4,0.9063317046374101
0.011615281594911512,0.017611750039850712,SF3B2,C4,0.5006626522557126
-0.003134567881209972,-0.014275762340979428,PDAP1,C3,0.971682614115574
-0.01119080574264178,-0.015458073750171402,TMED1,C3,0.6889371767336686
-0.003468996410060125,0.0074401806969808795,FKBP5,C1,0.7064304994841868
-0.008350989731440425,-0.003418408484619159,PICALM,C3,0.7122578827552549
0.014927485837034031,0.01176899674285761,MTM1,C4,0.8725658962249908
-0.0018219494448416449,-0.013900640448270966,SQSTM1,C1,0.8157695303720542
0.00793291531211604,0.01212968759853035,MTX1,C2,0.720769194142805
0.02610592077116285,0.012050529297638795,ART3,C1,0.9743132175130882
-0.006482168808061107,0.014056810755133639,ASAH1,C2,0.6694221661159783
-0.002796809301421005,0.0016079298457641756,PIN1,C1,0.998827107930706
3.6087284333247475e-4,0.0017290785136211476,CAMK2B,C3,0.5383042061234408
0.012139547662658864,0.005625287249059822,CAMK2G,C4,0.9485462606111759
0.003141936396411663,-0.020856370937011714,CAMK2D,C3,0.9168111995124828
-0.006803671383439231,-0.006203516070151062,DCTN2,C3,0.9983088645688867
-0.0067429706789410146,-0.0038483374096789035,NAE1,C1,0.8917368927787551
0.0035962540281087242,-0.013742696326267302,STIM1,C1,0.7259014913734867
0.006420014624603259,-0.006727754814019427,CUL1,C1,0.7652738941529281
-0.0038448882074317574,-0.0074826734647838915,CUL2,C3,0.9869571582267647
0.0014205578305179999,-4.5507811884144285e-4,CUL3,NA,0
-0.00874391948412578,0.0019275218294886626,CUL4A,C3,0.8707188555154651
0.001468439064616586,-0.014080857558678743,FHL1,C3,0.8027734012335049
0.015616080982159903,-0.0012874292878202033,FHL3,C4,0.9736120487006522
0.01592408853434017,-0.017219257154783372,ITGA7,C4,0.803823779680283
-0.013390364113539445,-0.016470909587639724,AAMP,C1,0.8892554582816513
0.004111760388052849,-0.022986927036101886,CACNA1S,C1,0.6749265027753932
0.015480286260863915,4.36066104019486e-4,MOGS,C4,0.9263909216038828
-0.0020393743347062172,-0.014169573278334808,SPTAN1,C3,0.9931669785490064
0.012950553271218043,0.043816163575668636,AUH,C2,0.9999076401050813
0.011657105190381531,-0.008855046927958377,DDX39B,C4,0.8728837345916909
3.3820697242830245e-4,0.014950740450047269,BLMH,C1,0.8924573639555792
0.004466815278624368,-0.00835151291622518,SNTB1,C1,0.9996893379948288
0.008723967851610294,-0.03034608894430074,TUBB2A,C4,0.7653748033470508
0.0013954126307291776,0.024205755274638592,IDI1,C2,0.9946329826579197
-0.002214133765262372,-0.015088830277326465,PRKG1,C1,0.9678270829992331
-0.01266592827463315,0.023873663969915974,COX17,C2,0.9321225691342361
3.960976869689102e-4,-0.010748060562807195,HNRNPD,C1,0.7780560657874583
-0.022150488536206315,-0.02207680320158997,SCARB2,C3,0.7303958324387536
0.06026495967088507,8.781567328048459e-4,NID2,C4,0.9994763113024846
-0.016146369651953395,-0.013016344752620273,IL18,C3,0.9890287467422048
0.006156801285221016,-0.010032595239940842,DAG1,C1,0.9387778797229102
-0.0013432186034201118,9.893769789643676e-4,EIF3A,C3,0.8465347380521471
0.008894768628380303,-0.002544929211058637,UBAP2L,C4,0.9838922478589621
-0.012276105609306373,0.003735177640233099,MLEC,C3,0.8425735523299436
0.006573182546842195,0.0012329046999722043,DPYSL3,NA,0
-0.00220892500562205,-0.015279030871741614,DCTN1,C3,0.9877146314158136
-0.011817486910601959,-0.024089589851093923,DYNC1H1,C3,0.9999980178443397
-0.007065720625016096,-0.02316011416903288,EIF2B1,C3,0.9991062339435242
-5.554115729012433e-4,-8.564923387219093e-4,EIF4A2,C1,0.9694099776128589
0.011013787272529427,-0.013162112468820784,CTTN,C4,0.8888664328086393
-0.01115369969591379,0.05463510902421931,ENDOG,C2,0.9998827542451069
-0.0022192299927406983,-0.0016227616418558822,FLOT2,NA,0
0.0016514035085679647,0.01109976141776444,TRIM25,C2,0.8410176588638829
-0.017442594427621888,-0.02809036612651596,FLNC,C3,0.999855067194624
0.08646418467663194,-0.058740708661379114,MYBPC2,C4,0.9999907060984085
0.0018453989600253488,0.008919104846588238,GAMT,C1,0.9453042429092129
0.051465323488320766,-0.016732751376092505,CAPRIN1,C4,0.9999975546069528
-9.2735463344983e-4,-0.014404116166935267,PRPSAP1,C1,0.9946367421397628
-0.012865721305208879,-0.014804252258515215,ITIH4,C1,0.9955520960667292
0.005821105063238746,-0.011191181929080384,CLINT1,C4,0.5776205504835321
-0.01070176321065324,-0.00926543533038839,GANAB,C3,0.8915589898325913
-0.0017588488371456834,-0.014544110334473908,SSPN,C3,0.8256963858150093
0.02470838948116744,-0.018440160916828548,MVP,C4,0.9992723852657284
-0.0027102592191583256,-0.017126255073375257,LTBP3,NA,0
0.021378018963423583,0.011009308031687785,LASP1,C4,0.9930221525547221
5.036956014987064e-4,0.014527934882661053,PTGR1,C2,0.7445121801372953
-0.009732956462424655,-0.024231801537996586,KPNB1,C3,0.9997552219996323
-0.00515960824773768,0.002448161684476732,NUMA1,C1,0.5401870603479841
-0.022050764187192668,-0.00883323586567536,PSME4,C3,0.9998088044089753
-0.015190943889593661,-0.024631781055151486,SLMAP,C3,0.9999963566188353
-3.3824481777440085e-4,0.016305415162268293,EMC2,C2,0.6809122637828008
-0.021504007799307962,-0.023018093610319125,PSMD6,C3,0.9956199596248274
-5.58513011564621e-5,-5.763700995660358e-4,ABRAXAS2,NA,0
-0.00648283814214354,0.0011638973058528605,SEPTIN2,C3,0.9029911608345792
-0.0012096188568634274,0.003658347424922823,KARS1,C1,0.7958402888868586
0.0037765245932579322,0.0013742591598064251,EIF4H,C1,0.8617743304602805
-0.01352764203438009,-0.027859525326570832,EEA1,C3,0.9999523777864024
-0.0032656108696184605,-0.008788289090142374,PDIA6,C1,0.6968845327701815
-0.005363756755710731,0.009506788343641862,PAFAH1B3,C1,0.996579241396714
0.002832773135468943,0.010239337638666747,PLCL1,C1,0.9415724222038403
-0.012595288167611499,0.05022997791890659,PDK1,C2,0.999978668963088
-0.0023289201258067257,0.058808137321093634,PDK2,C2,0.9999932004329054
0.0014179615639156858,-0.01992947264570303,PEA15,C3,0.6385070534247663
0.030317470304780676,0.013026365675466287,PGM5,C4,0.9976359618912229
0.010104657526809438,-0.03455432156385916,PLEC,C3,0.5781708738486407
0.008992167293539147,0.01195671056696997,PPP2R5A,C1,0.7405381620525707
-0.005431099742796783,0.006784319783926318,PPA1,C3,0.5014818242454776
0.005662132226844498,-0.006044609050534147,PTGES3,C1,0.9260070673950427
-0.00718404992154098,0.01473933161693186,STK38,NA,0
0.009828236235380412,-0.014211707167116658,NONO,C4,0.9892426838658224
-0.016431313781837757,0.008452329925987158,PTPA,C1,0.7007161344359805
0.009040655524585411,-0.004557982465352773,RAB35,C4,0.9676975381402197
-0.00743524564803807,-0.003364063991360928,TMED2,C1,0.9981731453868431
-0.005501983074716189,-0.00771340716526136,PCBP1,C3,0.9979174609370556
0.0032721170400657243,0.0034719320326654203,PCBP2,C4,0.817690418208652
0.005191203585447255,-3.0507371976995045e-4,ELOC,C4,0.7378172333840901
0.010953285622272248,-0.011817336671811977,ELOB,C1,0.5557999664911885
-0.0060412041700584505,-0.00430287060350557,UBE3C,C1,0.7162415167678043
0.012341804347583835,0.005558823182784031,DHCR24,C4,0.9736562832716925
-0.003150003290250179,-9.90353309580126e-4,RSU1,C3,0.6015979839012247
-0.012589065659206068,3.383029633387062e-4,PPP1R7,C3,0.9211747245607419
2.4265922881849288e-4,-0.014764572744453421,SEC23A,C3,0.7553933712270934
0.0024885536790594472,-0.008156732242360612,MAPRE2,C1,0.9681801969859762
0.012036983453921051,-0.036438285183040646,TGFBI,NA,0
-0.0033532063803552795,-0.01089599677837707,TSN,C1,0.9998006271607034
0.008814528232201118,0.015842478009673797,SF1,NA,0
-5.809734930943045e-4,0.005210907520341266,TRIP10,C1,0.748274238692739
-0.0073159952593701855,-0.012308453015938518,MAPRE1,C3,0.9724708260687348
0.006885579931401878,-0.01625378626936099,TSC22D1,C4,0.7103579475761714
0.01504200911079893,0.006242659980592035,ELAVL1,C4,0.9356663547792778
-0.014009420331013794,-0.025462204198534927,MYLK,C1,0.9547733138331383
0.010300566395727339,-0.005188305201441522,SPEG,C4,0.8669106461104936
9.234541729461052e-4,-0.007354101745902735,TBCE,C3,0.6985349284733653
-0.0037551421866322565,-0.005885428219628921,UBE2V2,C1,0.9999580669297671
0.014574042610105411,-0.002700789254078683,NEDD8,C4,0.882456328850401
-0.007020519005522828,-0.010570727924033832,ADIRF,C1,0.9991045808786791
-0.013440112385993897,0.007966300427116029,ADIPOQ,C2,0.6345933123041154
-0.0024468482783570394,-0.004648595348783807,RAB11B,C3,0.6485485868753066
0.004254266031549626,-0.014929835060268171,ZYX,C3,0.8045771660890233
-0.007371820144576155,-0.038454971863039214,HSPB2,C3,0.9987663956086741
-0.006901236679199798,0.018921122752377346,ETFDH,C2,0.9997198999339443
-0.01578987346494213,-0.008010903229789737,SEPTIN7,C3,0.9826659193034447
0.0059124096928899915,-0.019012447847786988,ADRM1,C1,0.9942812838793538
-0.009736611739447242,-0.014800725938713167,DDB1,C3,0.9999320522685623
-0.008484688791425183,0.0037419150820435245,CDC37,C1,0.9143505277333581
-0.0030629426017402305,-0.0022475478773288414,DPYSL2,C3,0.6991023329466282
-0.002357205857550193,0.00495703678637372,SYPL1,NA,0
0.02510864525831574,-0.013234436491144802,RBBP7,C4,0.9957227088327684
0.005980811100426509,-0.008225689313159963,SGCB,C1,0.9517450570350448
0.0036892841761787436,-0.0019353606205760798,SGCA,C1,0.8574657033097642
-0.003264079116438808,0.041465432829504024,FXN,C2,0.9999991329908101
-0.025579861896212027,0.016657108516133005,FSCN1,C3,0.6832027673761414
-0.004312295994123258,0.03499555024075227,DECR1,C2,0.9999996352141635
0.009691654588987537,0.03519027526278829,NDUFA5,C2,0.998144036234553
-0.01225140318685781,0.018782371793968224,CLPP,C2,0.8119038280726428
-0.011409370051356303,0.04298472684019576,TST,C2,0.9999999164563015
0.007590496938599093,0.026287922078110457,KYAT1,C2,0.9678463378890505
0.004185148731941568,8.659121608125792e-5,GUK1,C1,0.9934218358871676
0.003116228357013979,-0.004640410140605335,HAGH,C1,0.9969239496711567
0.013084299922924378,0.036126997717362774,NDUFA9,C2,0.9939079862642817
-0.007173749624089551,-4.4693888691028173e-4,PHKG1,NA,0
-0.0054123013030567945,0.007668093494482058,PPP1R3A,C2,0.6409600850678278
-0.0047849231101761225,0.022453881615808833,HADH,C2,0.9994788751411708
-0.015547986474279175,-0.010159871740186175,UGP2,C3,0.9885728245221777
0.0010071243316118535,-0.00496986485030953,TXNRD1,C1,0.9996279597538316
0.009934291567713574,0.021046055440715025,IMMT,C2,0.9962009821008682
-0.011901961704302811,0.011401202281737195,IAH1,C2,0.5165136134693218
-0.001914963201412481,-0.03303718695588426,KLHL40,C3,0.9828055275255402
-0.008007253081604588,-0.006385401766151488,TKFC,C3,0.7511945271113579
-0.008034887663979582,0.032004999270020394,TIMM50,C2,0.9999267423668355
-0.009518545946410993,0.049850617709821014,NADK2,C2,0.9999318954991359
-0.005608947676736256,-0.010371618649189146,FAM98B,C3,0.9348983294867276
7.128288023520637e-4,0.004916986743062801,HIKESHI,C1,0.8847884913846317
0.003366900356980265,-0.05356825595260374,PDLIM3,C3,0.9783734959153804
-0.004168045973383919,0.009248743738460942,HSD17B12,C2,0.7389738104934167
-0.0035924638201546523,0.03729357761157698,AGK,C2,0.9999983431231279
-0.0031301688019102158,0.014961042833757947,LACTB2,C2,0.9419007247435511
-0.002551669512284726,-4.865634145908944e-4,DCAF6,C1,0.995178342640726
-0.01727308863001691,-0.029829320963305445,CAVIN4,C3,0.9869429393337559
0.021277093820123893,0.04959306954833651,FLG2,NA,0
-0.007210046368815549,-0.030679701254055326,RABL3,C3,0.9826845653998318
0.006522798166709926,0.04580614215538591,COQ5,C2,0.9999845493756921
0.016519956266154375,-8.753664487625197e-4,NOMO2,C4,0.9889320155651388
-2.3288324009125254e-4,0.029500383093828946,PITRM1,C2,0.9840195745153186
0.0010192748178103116,-0.008074059910648915,WDR44,C4,0.5534167712744769
0.005928138090637512,0.05001692576606656,COA6,C2,0.9999997333503226
0.014616551703595663,-0.017145613636368098,TOR1AIP1,C1,0.8837568097825702
0.014488742457909175,-0.016363528248598123,GNAS,C1,0.7647910654697688
-0.005116409568789551,0.015755021244213737,TTC38,C2,0.7903123440669806
-0.021047084654563578,0.06897079891083566,C6orf136,C2,0.9999686151343464
0.0038844127738948257,-0.009519449717531735,HP1BP3,C4,0.6730532251431638
-0.00963099223366343,0.04347760193373574,IBA57,C2,0.9999199385619063
-0.005176482424905259,-0.0214033092059296,UBR4,C1,0.5135763158992059
-0.006379707877773027,-0.0011980877843564188,DCAF8,C3,0.7171507157638696
0.08512590254356038,-0.034074279770204136,DDI2,C4,0.9999987855215239
0.002638153916502068,-0.006975412789799537,MICOS10,C1,0.9564240537921015
-0.00751050651011543,0.030626720319583675,LYRM7,C2,0.9996858960096278
0.01839947388896013,-0.034527720182985194,OBSCN,C4,0.9567393072258447
0.07468330764619861,-0.033433881695742414,MYOM3,C4,0.9999893718913074
0.01764583178574384,-0.0017500634965341869,PDE4DIP,C1,0.9791183714134362
0.014310217137493222,0.002956770722334457,BROX,C4,0.7111215292683246
4.285742584986052e-6,0.013929848064582081,LYPLAL1,C2,0.999241328379274
-0.0034842145842117604,-0.00888359754129333,SYPL2,C1,0.9903261777534436
-0.00857151719699178,-0.018609045085452972,ECPAS,C3,0.9997376466400947
0.001067183229492574,0.02964537428417142,MICOS13,C2,0.9652383382217761
-0.0027712622771014135,-0.006729013187032003,RNF123,C3,0.8981184131679895
-0.012536881878854132,-0.03578757584438896,TMEM198,C3,0.913117360649628
0.11635008630819742,-0.003232175282158209,CRYBG3,C4,0.9999642854076115
-0.011248117430045218,-0.003245204861727838,NXN,C3,0.8418266690920186
-0.008916070481078371,-0.004764769767076322,PTRHD1,C3,0.5059145183347081
0.038978901208491415,-0.01007183564395706,ABLIM2,C4,0.9999043869986572
-0.015264691095981855,-0.008533953949660288,LAMTOR1,C3,0.9854717626338878
-0.007500254795735023,-0.023542237456225135,DHRS7B,C3,0.8604763220591166
0.026891029644913474,0.014563916383808152,TWF2,C4,0.998390072032508
0.016020073348493258,0.04208809066796541,ETFRF1,C2,0.99221723408387
0.005765561099048532,0.0015049821115685803,RAB12,C1,0.799569472929737
0.007632163729444264,0.009409314060858,DENND5A,C1,0.9833214752538739
0.005509421834775417,0.004764681598824855,RCSD1,C1,0.8862300143517988
0.01023864849912651,0.006272080690930036,SLC25A24,C4,0.8276109983995079
-0.0058019551100924735,0.03383449237963669,HIBCH,C2,0.9998588332437233
-0.0033067098483299203,-0.019266883373545794,CAVIN1,C1,0.9564075822635727
-0.014126759682241663,0.01655324538850502,MRPL54,C2,0.9895614744856208
0.009013047390760861,0.0055158401009538695,LPCAT3,C4,0.8939473572341631
0.0010349928108403191,0.02683171692491057,TATDN1,C2,0.9465183564138979
0.020340201222594775,0.017121426211409514,SFXN4,C4,0.7539156787659786
-0.011213200033428256,0.039518931093770804,FAHD1,C2,0.9999995677452022
0.06966220153707967,-0.02096916128021324,LMOD2,C4,0.9988253460091977
-0.008019564564171832,0.029171665173249487,SLC27A1,C2,0.9977969219034412
0.120420841726752,0.01170526016617506,CCDC137,C4,0.999824475014179
0.03962560281188601,-0.025776768892220206,CORO6,C4,0.9986972040703581
9.59105608427206e-4,-0.0165141594754759,TMEM205,C1,0.892459915983708
0.017743565327342465,0.00610249289238232,DHRS11,C1,0.8863607428390923
0.01004472673464338,0.01906248438703233,APOOL,C2,0.9946702204243065
0.023571698171435465,0.011072131510113749,NAPRT,C1,0.8233408022112233
2.48596426448668e-4,0.0351081224147803,HSDL2,C2,0.9999825513584101
-0.008403463947064078,0.0031146561856622537,KYAT3,C1,0.9963411918165235
-0.0013206832968283221,-0.01330303049295846,TRIM72,C3,0.9369954009777395
0.12579302461406316,0.012082979385188906,UBN2,C4,0.9999943439883907
-0.008109629177996031,-0.010573600533480823,TOM1L2,C1,0.9025847508081065
0.015582230925576927,0.002042357097860589,XIRP1,C4,0.8548703105564868
0.009819351857316428,0.009873344771043475,VPS13C,NA,0
-0.0019500011475915469,0.028704637669556776,UBE2R2,C2,0.9573815471472411
0.013666359393469255,-0.022955910354465082,SND1,C4,0.9917916255329855
-0.009731865302253275,0.022069355208946324,TRMT10C,C2,0.9993109877613243
-0.028606421445565054,-4.259119665132843e-5,BZW1,C1,0.6929475459365033
0.010437367818708142,0.003249594779158963,EIF3M,C4,0.6909297574772962
-0.018992076441532748,-0.005186150346662092,COPS6,C3,0.9723408337475272
0.0075487260864516,-0.03357296394595919,CHMP1B,NA,0
-0.00143318581043345,-0.0022082483072683834,RRM2B,C1,0.9142093430203436
-0.012655259352329692,0.024063204371782988,ERMP1,C2,0.9935978140668006
-0.010943510862355127,0.03634483640544584,MRPL21,C2,0.9978656946889393
0.0015803843115529885,0.016544173275702363,DGLUCY,C2,0.7280893188031557
0.003215279651569389,-0.009926454226004232,MYH14,C4,0.5195343729353856
0.024951624712449737,0.013678689285930933,SZRD1,C4,0.9525518577621033
-0.0018211198485206682,0.010447779101634748,MAVS,C2,0.9715500253139777
-0.01775806073486119,-0.03276016897701799,COMMD6,C3,0.9982456033298535
-0.015459830926747955,0.013372227447620282,HDDC2,C2,0.6985954716483063
0.01139452369978653,-0.012027227251582664,HDGFL2,C4,0.9317878525625815
0.009615235483897306,0.0258570951993381,DCXR,C2,0.9975944239224088
-0.005198504790647888,-0.031205993444048653,SPRED2,C1,0.9962368625091396
-0.014120996338537395,-0.02212658095419819,HUWE1,C1,0.9873925197073726
-0.01239941954268793,0.036182089308647386,GLRX5,C2,0.9998378634111171
0.03790127229863953,-0.027509133768549417,MYPN,C4,0.9998511001137309
0.006363549918835679,-0.008430920447469964,SRL,C4,0.9113842477192889
-0.014668462839257119,-0.0023717710583876822,PRUNE1,C3,0.7750952599267423
0.04363352881686162,0.01590274319792918,ACOT1,C4,0.995640983854916
-0.0039805538672105425,0.035695792968859746,ISCA2,C2,0.9997843246251007
0.0019945290896064096,-0.02523162710373352,MTDH,C3,0.6781313837744195
-0.0037559296876863175,-0.037368654760899185,KTN1,C3,0.9949369183406686
3.689226670308607e-4,0.042165508573314914,NLRX1,C2,0.9999990672531197
-0.0035692277193569125,-0.005132655071590644,ALYREF,C1,0.9860013939479456
0.006818771661940651,0.01661919121877475,MDP1,C2,0.8899289304814035
0.002584139639508089,0.04029361860792518,SLC25A42,C2,0.9993513595962356
-0.003809454211972012,-0.03901203815184129,NRAP,C3,0.9908975031029208
-0.0035869263504724825,-0.0012607270436154141,VPS36,C1,0.9792338639021249
-0.017885822345391867,-0.005414245672117017,CAND1,C3,0.9933794617537307
0.007402733429423691,-0.012472768656075356,COMMD7,C4,0.9410997488450599
-0.02315367299624532,0.024277611631788494,LDHD,C2,0.9512606590078266
-0.014187449630038707,-0.004615390904442363,CARM1,C1,0.943828631240145
0.0014285334982281836,0.002340150650971482,NIT1,C1,0.9329661940912924
-0.019448125258552496,0.002949311521229469,NDUFA11,C3,0.8742839184718014
0.01939039767059352,0.03362462371072713,ECHDC2,C2,0.9665902431085439
-0.02276088212587692,-0.0069568273861920875,PHYKPL,C3,0.9652002099427631
-0.003779595211880362,-0.004368904976334809,MUSTN1,C3,0.5180519484224019
0.00798277851376605,0.014794362973671642,NAXD,C2,0.5237761691599528
-0.0019814366887839683,0.01668811340133076,MFN1,C2,0.8845069178333095
4.0324539534387894e-4,-0.0016068301486109496,SLC44A2,C1,0.9817725453848919
-0.004513645645703746,0.023951976018658595,HSCB,C2,0.9782228667117245
-0.008308622695524912,0.04574162628653583,ADHFE1,C2,0.9999852281871079
-0.008285459896347729,-0.014615971712829457,UNC45B,C3,0.9964195083896465
-0.014634852489165621,0.019831585051624356,MSRB3,C1,0.9786115715189171
-0.01660514027256966,-0.023008096493551414,KLHDC8B,C3,0.9068525687296659
0.018361048216976265,0.03340929991679888,SUPV3L1,C2,0.9836913806975945
0.007471882212475609,0.02998589677545121,THNSL1,C2,0.9972975044922044
-0.023122527763640648,-0.04652045765764556,PM20D2,C3,0.9900817094150948
0.005647828532252106,0.039326204023484274,MICU2,C2,0.9990601039597645
0.003789936199278863,-0.003043472059670517,ELMOD2,C1,0.973307860734582
0.0015274010966534125,-0.005464439239862218,ALDH16A1,C1,0.8742849675126011
-0.006759970457735516,0.06460513831252067,FAM185A,C2,0.9999996926257155
-0.001086008385376978,0.008624729103924849,ADSS1,C1,0.94248313100482906
-0.005723378238523351,0.0328059778342438,NDUFAF2,C2,0.9999754183888903
-0.006724791069946933,-0.0044704206534004615,LRRC47,C3,0.990660489707882
-1.0830701405091879e-4,0.007336009895285442,GPD1L,C2,0.9522238308821107
-0.0021546218140775786,-0.02547793996785937,EHBP1L1,C3,0.938123490833221
-0.006845684668419226,0.021491133248236587,CMYA5,C2,0.9981914792210277
-0.007734589910500978,-0.02064134653038444,TXLNB,C3,0.9974518797352949
0.0447824984110202,0.014433497482683577,SYNPO,C4,0.9994899371699649
0.00789433854939177,0.03371103261426179,TOMM5,C2,0.9995045989516337
1.4254359204718343e-4,0.02552986346909842,CHCHD4,C2,0.9989873628512638
-0.01282263819569615,0.04136372364211171,CBR4,C2,0.99975520205342
-0.007572393875038637,-0.010817996990840543,MMGT1,C3,0.7264638228942266
-0.007152565881431148,0.04628601601930156,SMIM20,C2,0.999986012917818
-0.005652209049375776,-0.005530768080083095,CISD2,C1,0.9941280613876141
0.0014016765508283917,0.042460687501286384,ATPAF2,C2,0.9999860937326613
-0.010825696396734356,-0.003906339689116091,JAGN1,C1,0.9911148642690519
-0.0030778900344244635,0.03595872033464202,MRPL50,C2,0.9999211102642802
-0.00954137011722036,-0.006549917506223088,EMC1,C3,0.538983193920133
0.0027537763707990623,-0.009548893502174818,PTGR2,C1,0.9997996599928233
0.03996286248456364,-0.00805368746921057,SMYD1,C4,0.9999413534088819
-0.013374804760424209,-0.016351093912638084,NHLRC2,C3,0.9997550524867416
-0.0017043186924255841,0.0191800184006927,RDH13,C2,0.9926705746840977
-0.012618182427132483,-0.009062482409650501,TXNDC5,C3,0.9990681294301142
0.0046517162786568495,0.027858854276020726,ATAD1,C2,0.999736688946599
0.0022610001614429614,0.016996109886849492,SCCPDH,C2,0.9933360962920201
0.011129230450091145,-0.00424721463624411,SERBP1,C4,0.8715643877603837
-0.002337663155388123,-0.003702880140584414,FAM98A,NA,0
0.010912034001805277,0.0317294448431432,PDPR,C2,0.9958416997299229
-0.0029718906762762477,0.00914188938882516,NAXE,C2,0.9218348154574072
0.0021665240450430582,0.004788067407167463,NPEPL1,NA,0
-0.0024615890166815035,-0.013534801496169023,ADPRHL1,C3,0.9938634147829344
0.006532238470418419,0.04508129811827185,CHDH,C2,0.9977776101700185
-0.005777571305482176,-0.012559894921868696,ABCF1,C3,0.9763922790871066
0.015799056555355368,0.032755824006069585,MCU,C2,0.8599395050465843
-0.0037153725878928787,0.059477863901350826,ABHD11,C2,0.9999836148611971
-0.02384303650713627,-0.018062915055000843,ATL2,C1,0.9449447871554665
-0.002386758820293639,0.04667594950292781,PPTC7,C2,0.9999875388043138
0.002683847547487547,0.0349880529536645,COQ8A,C2,0.9999997211872335
0.006510372239876437,-0.0074541790428027666,NPLOC4,C1,0.5151124854890771
0.056938369668685894,0.023912536690819497,SPATA20,C4,0.9688743068626195
-0.002172216388484214,0.030898414523092978,NUBPL,C2,0.9703956668258062
0.025597356864584312,0.0031085997839641276,DEPTOR,C4,0.6850574432118772
0.0014937114055983082,-0.02245222071881478,RDH11,C1,0.5956807460195197
0.004270899802184266,0.007270807783659921,LRRC20,C1,0.985160943322859
0.014428776371416464,6.447348969707287e-4,NT5C,C1,0.9839921033143335
1.0382244826677135e-4,0.01355191420312591,PNPT1,C2,0.9470352989118512
0.012221305756083656,-0.007832925929975322,SPPL2A,C4,0.6534162008902792
0.009483982478397093,-0.012329050446272445,PREX1,C4,0.746290568872796
-0.024470835382628175,-0.02119666125564964,NEK9,C3,0.9936706726485165
-0.014326986722988747,0.043830180785500446,GPT2,C2,0.9991875931373022
0.03076634585337871,-3.129555141802405e-5,MYOZ3,C4,0.9544699687735436
0.01291757220529016,-0.0034758896804790765,NEK7,C1,0.642386250896005
0.003928339557035767,0.006726384927421663,DTD1,C1,0.9718970533471731
0.08576576206298216,-0.014175774605274798,UTP15,C4,0.99999871592666
-0.005197686783892341,-0.016850190173934163,SETD7,C3,0.8729321486286528
-0.022505895394345537,-0.027291555186058275,NUP133,C1,0.9974193522328252
-0.008860272812726796,-0.008688671538070802,PDCD6IP,C1,0.9071719018725322
-0.011120554386139746,0.0014912241474408,THEM6,C3,0.8520087198821762
-0.0018922585433451488,0.019801809753213516,SMIM4,C2,0.9947627126194
0.01011243721877785,-0.01188532720913502,NUDCD2,C1,0.6877877257280591
-2.3203080471389604e-4,0.01359104141301646,SCFD1,C2,0.6604989734095336
0.002654821855271392,-0.0022522326604623648,PCNP,C4,0.5870933503729788
-0.011795421912544306,-0.0033010289871804738,DNAJA4,C3,0.9921506258127636
-0.026455278100895485,0.0292302667668815,SPRYD4,C2,0.9761335008755
-0.02566642235398058,0.047842478966281625,RTN4IP1,C2,0.9999731309804802
0.041087832574878524,-0.02414812353656402,PALLD,C4,0.9999496089696484
-0.004538420679156468,-0.008625866817102253,SYNE2,C3,0.9845385178474619
0.007714133580443084,0.0183134412736218,THAP4,C2,0.9784635219595276
0.017728604680802774,-0.004900059160994948,IFT81,C1,0.9969170128328183
0.06507964526770298,-0.0345178124757324,TTN,C4,0.9999611989050553
0.004023817786458154,-0.009599065840010641,DDX1,C4,0.7409023371017256
-2.7447031673655915e-4,0.03523440150782164,HSD17B8,C2,0.9997789895028996
0.0011687757149910706,0.033519858007292735,CPT1B,C2,0.9999489006061295
-0.014864392576728804,-0.003875184050888771,PSMF1,C1,0.7026579501236068
-0.0042581730837122,-0.0077375128312624115,UBXN4,C1,0.9186372458758971
0.03265036831226625,-0.03885401475927233,MYO18A,C4,0.9999083215627463
-0.015648694078170856,-0.016282735571619862,GCN1,C3,0.9999767905223135
-0.003935361693850252,-0.011833416752467458,SGCD,C1,0.9991266371963233
0.011515584608991004,0.023532662514556307,AKAP1,C2,0.8808751152972055
0.0073553844924171665,0.010277155972897923,RABGGTA,C4,0.6014892611499318
0.011275179630961191,-0.01426116466215724,TFG,C4,0.7975247194581452
-0.011093928945122209,7.986231565739456e-4,ARPC1A,C3,0.9828254641164108
0.012844459467514719,-0.0244550226708844,P3H4,C4,0.6382593706808356
-0.006635241235580957,-0.007418544308415545,DDX17,C1,0.9902306992618093
0.01649487188788776,-0.002564084599029564,CELF1,C4,0.5685155014996472
-0.015823911409920538,-0.00469558086299959,UFD1,C3,0.7584913599362852
0.04934100552720384,-0.03572690580482089,RPL3L,C4,0.9999861040233038
-0.020556963530482433,-0.004665431533601877,COPS5,C3,0.9948230776039217
-0.002844769430269686,-0.004239179133321132,KHSRP,C3,0.5736593387343246
-0.004108844914471787,0.020450241834147013,GCDH,C2,0.9941909750628994
-0.016720594808080424,-0.012900383624924358,TNPO1,C3,0.9999100330939023
0.0015593703206158984,0.013484071398624575,USP13,C2,0.9500606303504932
-0.010039575901292163,-0.011482260329998079,USP9X,C3,0.6369915904398148
0.007057069398898682,-0.007871205179329115,CUL5,C1,0.5043374820245993
0.0016106910021623031,0.010639223791406915,LPP,NA,0
-0.006290710841248432,-0.03896993603475285,ATP2A3,C1,0.997882731693469
0.002257613200912991,0.006930077184305278,PHKB,C1,0.7260379576972614
-0.00934591084170562,0.0045459918533180075,UBE2F,C1,0.9932226097874249
0.009169234570026845,-0.014942306621254895,RPL36AL,C4,0.9114505226639698
0.006247670334643145,-0.003020513010061379,WBP2,C1,0.9951232096889023
-0.02654232387029984,-0.005019968058697953,ERGIC1,C3,0.9012258008504475
0.018051559026380722,0.015320389008919208,MTARC2,C4,0.772572809637463
-0.01178215057698166,0.03384363688317156,FAM162A,C2,0.999994000543026
0.005513021320190101,0.0028805782793639685,CCDC47,C4,0.7369803852939858
4.985988741162141e-4,0.010894563711421818,TMEM230,C2,0.6306912842847505
-0.0056431523181170555,0.02475463606583615,ISOC2,C2,0.9999878290814569
-0.01890104871999409,-0.008482926319843223,FERMT2,C3,0.9992806494937245
-0.004616012851869572,-0.0029272730362601075,FUBP1,C3,0.9529514329303672
-0.013412084999956343,0.023490517238246973,SLC25A46,C2,0.9917838839714078
0.032611840193537606,0.055898366283572046,TMEM143,C2,0.9764651956031197
-0.0021475119589756727,-0.019417141488829292,PBXIP1,C3,0.8665622333609119
-0.004371084462506095,0.012611857116589362,PTER,C1,0.9839503511328173
-0.009410941845220998,0.02246737894008197,ZBTB9,C1,0.9782108711460828
-0.0034318525113367685,0.026577650521152428,FAM136A,C2,0.9967675139924675
-7.448324099182682e-4,0.014376452954131603,FGGY,C2,0.6820682669936382
-0.005637435952920224,-0.0098704338429480409,GALM,C3,0.8678086703526058
-0.0062519392454987045,7.958652939193039e-4,DCPS,C1,0.9604690285042937
-0.021523437015296083,0.005828536777272193,PPP1R14B,C3,0.7919821988008071
0.0015496587152675377,0.044525773874046264,ACSF2,C2,0.9999963180410489
-6.618825700211913e-4,0.01695521252388525,ISOC1,C2,0.6865062273746245
-0.01204786023105836,0.0010586222355427795,CCDC124,C1,0.5922454670055268
-0.017214550283209458,0.022442125813129016,OPTN,C2,0.9704032792215237
-0.013770128563257638,-0.013963618843409208,AP2M1,C3,0.9997310951471052
0.00781698664289423,0.018163629826294422,KCTD12,C2,0.518537291976036
0.005680931222144872,0.01830118383359905,RMDN1,C2,0.9577382853211395
-0.007258367006577243,0.0708909159001898,ECHDC3,C2,0.9999988137513021
0.01044641067116366,0.02293059540186176,NUDT16,C2,0.6101470337314479
-0.007143558628625909,-0.01354774264584373,CMBL,C1,0.9993350896600244
0.005700278611275212,-0.005658988445137238,MSI2,C4,0.6357301956455308
-3.800024274607576e-4,0.038983026523630185,MRPL38,C2,0.9998874632436694
0.03148371081717945,0.02777021317919351,MRRF,C4,0.9061845122435601
0.03733183897040783,0.02541746754596531,MRPL53,C4,0.9711366877997941
-0.017408004581232053,0.0467437467089656,DAZAP1,C2,0.9809785311438312
0.007847050472956847,0.036987310522099484,DNAJA3,C2,0.9970501194622556
0.0016594263017364885,0.02417689827910367,PTCD3,C2,0.9992322463007813
-0.010784416602642812,0.0010575012518458861,MMAB,C3,0.9865115232920278
0.001783800032118094,-0.017733004700551024,DYNLL2,C1,0.9259032627914286
-0.02599428568616349,-0.04741358844103808,S100A16,C3,0.999832790663129
2.3060086719663858e-4,0.0036954125479737986,SCRN2,C1,0.9985783561882252
-0.006698171526054945,-0.00453425801973844,OTUB1,C1,0.9204762268988625
-0.00410855708478248,0.026368462030538182,CHMP6,C2,0.9935447845704185
-0.0016021544808970504,-0.008890291860666658,PDXP,C3,0.7381913650900248
-0.005146838002326475,0.0024102378267906667,DCUN1D1,C1,0.8005457312798223
0.013076894784509104,0.03998796957478254,FAHD2A,C2,0.9951337088674168
-0.003958928910958332,0.0032994529323134786,SNF8,C3,0.779355511005559
0.026276317053289516,-0.025965505839483163,PDLIM5,C4,0.9987473970477619
0.007057960905985861,-0.005496157730437229,CRELD1,C4,0.9427077759490899
-0.0050537862362333135,-0.006213205977971138,ERO1A,C3,0.5072874775625876
-0.00413789212007572,0.0014859511796676353,AHCYL2,C3,0.5929975103872622
0.00988760471892023,0.004365775341215063,PGAM5,C4,0.8179107238913245
-0.011799647515301315,-0.004111590098214136,DDRGK1,C3,0.9888215136258275
0.0034759825375822026,0.02792506712021656,PYURF,C1,0.7963139489280563
0.002782696532020613,0.05073715332594398,SUCLG2,C2,0.999998763291163
0.006664010311908407,0.005755516854180762,ABHD14B,C1,0.9770554788250931
0.013310265901260141,0.011007450739162906,NGLY1,C4,0.6796006540013713
5.613000927028873e-4,-0.02781659902144075,TMX3,C1,0.6505899899067737
-0.0010375084172528468,-0.001328162625068772,BTF3L4,C1,0.5600198059610406
0.002290877434098589,-0.018908711472862803,USP47,C1,0.727941432361456
-0.003133683956445049,-0.020123067589394007,CNDP2,C1,0.8518649006482675
0.005370724695161128,-0.018281571636421225,ALPK3,C3,0.7912715235178905
0.01533538628259151,-0.028204862042643504,STAC3,C1,0.9410022516545739
-0.005158647539600298,0.0577795996988745,COQ10A,C2,0.9999994671588862
-0.0067742713710901795,-0.03597427462464449,JSRP1,C3,0.9896663242127762
-0.007212349879600738,0.044275939293980375,MCEE,C2,0.9997662326131787
0.0012167740985196272,0.015042591791783601,QKI,C1,0.8521244596345361
0.008744042012564061,0.004515461234641123,PLIN4,C1,0.9961073341162531
0.002396648681252887,-0.004439552722508772,ALKBH3,C1,0.9980838216356287
0.005386158092115557,-0.0030741378849697886,VPS35,C1,0.9139329749207636
0.03156265576695056,-0.02683232756221754,PURB,C4,0.9995998686444447
0.007891057570974927,8.759877430839448e-4,BBS4,C4,0.5549833781002087
-0.01380947287615695,0.0052522968297147995,VPS13A,C3,0.9412757976828592
-0.003492010597358411,0.007820664775408952,GFM1,NA,0
0.004077725693439888,0.03519317422325063,MCCC1,C2,0.999572313511718
-0.007482311149084476,0.019379840060582913,METTL26,C1,0.5213770668089118
-0.003546437154602813,-5.454051107593132e-4,CLCC1,C1,0.8282729567816962
-0.007924329901783355,-0.006001627333958256,PEBP4,C1,0.57748029383361
0.01308559660127738,0.0013244220962531062,PLEKHF1,C4,0.5139278304066797
0.014782599642649361,0.0038987538126253034,MYCBP,C4,0.9885916437500314
-0.0045835648536299576,-0.018962279582788646,TBCB,C3,0.9953105394431405
-5.40210248072539e-4,-0.009359661395212,PSMB7,C1,0.9890054601820396
-0.007083365201582332,0.02649632906965185,PCYT2,C2,0.9801886654402663
0.00205313887160252,-0.017444293704238473,PSMD1,C1,0.773867072783642
0.0014412784516995886,-2.6137445093819776e-5,PFDN5,C3,0.635319692409363
1.0024814472666733e-4,-0.007642193277001074,PAFAH2,C1,0.9906553462006991
-5.00179062773254e-4,-0.010443267264482622,PARK7,C1,0.9997233073044648
-0.011033835844512231,-0.014234259114980096,VAT1,C3,0.8806381170850172
0.016779171724275732,0.0390411809538495,PLIN2,C2,0.9763509676797811
-0.030024954934656154,-0.07193229695594808,S100A13,C3,0.9999912872843828
-0.006596922841536041,-0.0033016645740120763,TSNAX,C1,0.9999728485887842
-0.013210359607176094,-0.005668964799251021,EIF3C,C3,0.9924926694001078
-0.004651128829894135,0.018189068052681834,PHB2,C2,0.9983793753529948
-0.0021578180888060386,-0.006945766969337481,COPS8,C1,0.9695122754249237
-0.033501635825589925,0.01973214501705269,SDHC,C3,0.5238569806582792
-0.005261141208265839,-0.010395362489749184,CHP1,C1,0.9970273884824349
-0.014558214745715134,0.016043981494070766,HSD17B10,C2,0.949261381158717
-2.2485401179217124e-4,-0.008572455638385613,NAP1L4,C3,0.9872284567012455
-0.01653988074388523,-0.010183684147221147,MGST2,C3,0.9101351307335204
0.014986382814569564,0.014005929257609085,TXN2,C1,0.6020323714091905
-0.007003292089347182,0.018830049759411233,DMAC2L,C2,0.8287912339321382
-0.005665717074628793,0.02051049205256759,ACO2,C2,0.9999902018514203
-0.0055041702224983245,0.02163848858280879,COQ7,C2,0.9999245675746865
0.003416304238124457,0.02165897767460975,SLC29A1,C2,0.9352063779770502
-0.007030239948397741,-0.005896376193577865,TSG101,C1,0.6298791364194836
-0.007555138169308342,0.0029489018479709537,CPNE1,C1,0.944884959492783
-0.011076820209281841,-0.011717337657312884,CCT7,C3,0.9981574322038883
-0.012693556082768467,-0.019100759405901554,PRMT1,C1,0.8065421064649964
0.011934437454952878,0.05562020223072409,NIPSNAP1,C2,0.9959789530909288
-5.461370445781706e-4,0.020764231464431696,ARPC5L,C2,0.9195184428776914
-0.003906998524308235,0.03492314802073937,MICU1,C2,0.9990235121842947
0.00698001135105791,0.004451620838542629,MACROD1,C4,0.6727934277780495
-0.012614365640671905,-0.009064034581350935,WDR77,C1,0.9158690558326182
-0.013963934088202448,-0.02761300575261081,APOL2,C3,0.999948002845537
0.009473977466557447,-0.019308031015475444,FYCO1,C4,0.5342969921768861
0.008373560975016979,2.2554788523531917e-4,JPH2,C1,0.5931383517345951
0.01578633650950409,0.008293300439827735,CORO1B,C4,0.9114385581227321
-0.004709887103598136,-0.0016713830807028613,TXNDC17,C1,0.7914293128524091
-0.007891707249316595,0.006982911341487305,PLCD4,NA,0
0.007160606225368248,-0.05919226483219523,CPPED1,C1,0.8509182316223194
-0.011177057724508393,-0.013764799563688906,VPS25,C3,0.7951179619684835
3.981503518662104e-4,2.9885069633204638e-5,MIEN1,C1,0.7688484632642676
0.016618767435288215,-0.004150902567112196,PELO,C4,0.9945098445991738
-0.013393411668062695,0.035763667672386416,PRXL2A,C2,0.992854274037875
-0.03681214740701998,-0.0021322099199270967,ERP44,C3,0.8547821846484979
-0.007275796177436693,0.005304727478057757,LXN,C1,0.9990937883303805
-0.011212850294711208,0.012606048807196719,NIPSNAP3B,C2,0.7877502851368509
-0.013927132947166796,0.02900651601874277,NTPCR,C2,0.9989954190314984
0.012929952443932432,0.025519177164837092,AGMAT,C2,0.6452227380237672
-0.007640003250218576,0.05144830419126327,TACO1,C2,0.9999847930904365
-0.017998989729474647,-0.029332548569073923,ESYT1,C3,0.9893033020464524
0.010636754233666671,0.01316487082881122,UBAC1,C2,0.8081405125272713
-7.730340570830359e-6,-0.0017160157574384238,COPS4,C1,0.9080341594016361
-0.04079599146512042,-0.004065124922913237,DCTN5,C3,0.9959796971074064
-0.007072834584444638,0.018481470450882827,AARSD1,C2,0.8929687589919679
-0.01085914632236998,-0.008354062957314255,TMEM43,C3,0.9977905445954772
0.006107952707085294,0.019841601630533837,DHRS4,C2,0.9713118285823497
-0.008081644526367547,0.04232082020262834,TMEM70,C2,0.9983708882620894
-0.01200909286123242,-0.03683058912771179,TUBB6,C3,0.9997331974231363
0.017454865598541446,0.04647048055381939,CHCHD7,C2,0.9996698725600331
-0.0035090628299724066,0.03264656710444113,APOO,C2,0.9999924496165523
-0.003253983362638494,-0.03274922346262343,MRI1,NA,0
-0.010451920771378066,0.016566993853712308,ABHD6,C2,0.876599861226789
-0.014406541886441067,-0.017860232632449704,ADI1,C1,0.9976158615662718
-3.079373148302274e-5,0.03650340368742663,MECR,C2,0.9999980899830299
0.025450824717260925,0.015535466916141145,NTMT1,C4,0.9802837987171746
-0.014384836068650762,-0.007417947159220292,TMEM109,C3,0.6438902193894613
-0.013294147877778852,-0.01794837987933401,TMED9,C1,0.9190894475813719
0.01873847325328736,0.04217481833037498,TIMM21,C2,0.9998361885011219
-0.006336356779849977,-0.03270162621655379,TPPP3,C3,0.9971940723347638
-0.0021628264840733305,0.020149579313505805,NUDT9,C2,0.9971320895677445
-0.01788293701792328,0.0065115642271835064,FUNDC2,C3,0.9720287198170482
0.003310408489316085,0.024966701689263026,SORBS1,C2,0.8871854655651235
-0.02028980175711166,0.04045266581129727,HINT2,C2,0.9999513493399259
-0.019518126645531316,0.008103344430689927,OSBPL11,C3,0.9298872969221754
0.015515779374164915,-0.04986818844202056,NT5C1A,C1,0.8490024464956459
0.0021878577810738194,0.04111982821840944,TMEM120A,C2,0.9992708040532299
-0.00187899405210596,-8.734802456474181e-4,NAA15,C3,0.7263426450480852
-0.006225545440372688,0.01912766084105631,BCL2L13,C2,0.9984183366776406
-0.017845182045333353,-0.013386322455696275,AP1M1,C3,0.9975294219548675
0.011672016185000926,0.0019516189223278539,OSBPL1A,C4,0.9902187556767809
0.009195117298204132,0.04368913371899935,HDHD5,C2,0.9995709733463345
0.013263199744213063,-0.015596695885238453,EIF2A,C4,0.9608526765662305
7.693515091464343e-5,0.03486621448530934,MRPL13,C2,0.9999033044029372
0.002623357450592147,0.0440462084779983,MRPL9,C2,0.9991255016762276
0.024824420376356276,0.0312995932015504,MRPL4,C4,0.5717269697279976
0.003930144509074478,0.024572319421709485,MRPL1,C2,0.9949357398301778
-0.0174159566818048,5.570546939302007e-4,NLN,C1,0.8468006902584958
0.02372699161385822,-0.008818822844637034,TRIM54,C4,0.9972743272343173
-0.01114296619269066,0.050195134275249575,BCO2,C2,0.9996209815956303
0.004312319272054612,0.030150130064887374,MRPL37,C2,0.9992447977242394
-0.0035515794037444476,-0.0042766933898841205,ASPSCR1,C1,0.9952604137557196
0.015285556503512411,0.0029544293155894658,UBL5,C4,0.9773141394983584
0.011359833994083838,0.012796502533181908,NIBAN1,C1,0.7178251249170614
0.0074315190068743936,-0.009261343845757655,UBXN6,C1,0.5619755471208336
-0.003911243575637059,-0.03817651990965393,UBE2O,C3,0.9326011721630263
-0.014016768455289994,-0.012921868612401959,LNPK,C1,0.660058915930944
0.0065940684179064514,-0.002301847677440713,PITHD1,C1,0.9687564184056351
-0.012137079300333024,0.027379797125376772,SLIRP,C2,0.9994900612771834
-0.0052370733372156895,0.008451915987079301,NIF3L1,C1,0.9688307896481064
0.0022658710649925305,0.024791133930066624,EGLN1,C2,0.9936637789805687
-0.008145239846345633,-0.006602446572428274,ANKRD2,C3,0.9806517084806656
-0.017060751177415824,-0.0018429893747617934,NAA50,C3,0.857359101124015
0.008596565012144926,0.03969753815219293,TMEM126A,C2,0.9999974296840911
-6.127671398408483e-5,0.01779385486232652,PAIP1,C2,0.968187992799958
0.0033402602734787464,0.03413985206714952,CLPB,C2,0.9996184477231562
-0.013225935979528255,5.224023933673513e-4,TOLLIP,C3,0.9875085637335825
0.004975147092374765,0.014451760253771173,PCBD2,C2,0.8781664975393357
-0.005069543246044364,-0.0023504391102544624,NT5C3A,C1,0.9672338295507925
-0.00995694179778868,-0.0027075914511916622,HDHD2,C1,0.9990213805768156
-0.020382413130633076,-0.023217109713901264,RAB1B,C3,0.9998917840279573
-0.0032772671855927703,0.011913098684844841,C11orf54,C1,0.8748569520614262
-0.01034508061925977,-0.0057726736375002035,NUCKS1,C3,0.9807714200670357
-0.014078165991479838,-0.00102018224221239,TMX4,C1,0.5717361233655653
0.0017385023466048543,-0.027663364302380578,MYLK2,C1,0.9981317136337134
-0.0022757022067198675,0.03023534552655611,EHD4,C2,0.998913689109749
-0.0014230047068978734,-0.01029093113386714,SH3BGRL3,C1,0.5738796495042664
-0.006976580031822603,-0.002177664306252808,SLK,C3,0.7984755880100759
-0.0071306783016880804,-0.011053311383602162,PPIL3,C1,0.9977426981461293
-0.01688340262980231,-0.030241048736814834,LRMDA,C3,0.9996981849165687
-0.014719804400676526,0.02505318181378217,TNMD,C2,0.9972755673033716
-0.007115494793413241,0.02853929188225941,PPA2,C2,0.9999796564712656
0.007448799577227688,0.043217783955758385,MRPL46,C2,0.9999539632543277
5.455606764338465e-4,-0.005886158587418072,TMEM245,C3,0.9309887466978181
-0.008414722649466758,0.015481436504871392,C11orf68,C1,0.884669151729604
0.00982822031413924,0.02169880629365014,GHITM,C2,0.9187217479698474
-0.007829293114965554,-0.002507284058905015,BOLA2,C3,0.5297005907402277
-0.021106931203820064,-0.009245746910436031,TMX1,C3,0.996352681249387
-0.003190743705865042,-0.010283838662477507,CHMP4B,C3,0.9931227082080945
0.01072533827183057,-0.011074254111200976,RBKS,C1,0.9729330937077635
0.006275819482539832,0.028023051608663998,FN3K,C2,0.9994722763812155
-0.020254564504234948,-0.023604496046611505,TOR1AIP2,C3,0.9987981335662095
-0.0031906877373049755,0.009918183711806501,RNPEP,NA,0
-0.01393290091525357,-0.03264337400653773,GLIPR2,C3,0.9722085143178543
0.0024497093953083594,-0.0013135728077020834,EHD1,C3,0.5623595094135457
0.0160686131649835,-0.01828528701519782,TMEM38A,C4,0.8793894531525905
-0.024156437955230602,0.026303129877786442,OPA3,C2,0.9839075763312545
0.0012110838098319757,0.05443103057434811,DCTPP1,C2,0.9996830542779118
0.0023464698299171774,0.005122171785752983,AAMDC,C1,0.999704854167667
-0.009242722700024552,0.04150666532072283,PTGES2,C2,0.999999974695909
-0.012801853397353903,-0.012543544903692564,UBE2Z,C3,0.9999736234731013
-0.00832119239971284,0.02990044796540998,ACAD9,C2,0.9991760045407693
-0.022071048231400554,0.003547390738491748,METTL7A,C1,0.8784238468801493
0.007856696625849598,0.032290287357120605,COQ10B,C2,0.9985669846030089
0.014424652045868309,-0.016222187135609516,MOB1A,C4,0.9811734028046167
-0.004319282547274839,-0.011953491896817004,GORASP2,C3,0.6812095565387286
-0.013751180772236884,-0.002255882791998777,JPT2,C3,0.9526313265173781
0.06963636209362008,-0.03027926401166174,SYNPO2L,C4,0.9999606431832512
-0.012529190439663287,2.2471721674126305e-4,ARMT1,C1,0.9388767211884139
0.01290096428285349,-0.0027397741749904192,LRRC40,C4,0.9964352619261663
5.054387439992073e-4,0.02365056495239831,SFXN1,C2,0.9997406777175238
8.407441032204184e-4,0.039455599426610054,L2HGDH,C2,0.9996344218800911
-0.02125791819045404,-0.008206680688156992,COPS7B,C1,0.974430765953785
0.002824106612126332,0.043758913720282754,FN3KRP,C2,0.9991093046980593
0.004506387993982385,0.003793394715750054,TBC1D17,NA,0
-0.02241081829308344,0.001385830531540445,CARS2,C1,0.5381281320031166
-0.00527272190287856,-0.008698771034521111,CACYBP,C3,0.9638980331975169
-0.008506434880992711,0.024098427839094376,RDH14,C2,0.998043030839657
-4.453103872002075e-5,0.010304527876433949,PARVB,C2,0.7265904085785362
0.01968883951104911,0.0011906107237488917,TNS1,C4,0.9984832892293796
0.03675921044042961,0.03144171452050563,PLGRKT,C4,0.9318049138927694
-0.0033557059185919244,-0.0032913774122911316,GLOD4,C1,0.9898126117965459
0.0023954476357646473,0.038909893390893145,MCCC2,C2,0.9999720502938969
0.0049362634888612,-0.005921431527261727,HHATL,C1,0.6983074998449421
-0.009919410840493519,0.004682467127726031,PREB,C3,0.844842413296235
0.0038454979316948855,7.366622971343371e-4,MRPL47,C1,0.8999646758248024
0.007712432783401607,-0.019239764748481797,JPH1,C4,0.6738466598981635
-0.01591298060075892,-0.006465279290380833,APMAP,C3,0.994377115234229
0.0026659893582588775,0.024263684309039545,TXNRD2,C2,0.9998091887441408
-0.009880812686903292,-0.012268267177749302,RAB18,C3,0.9992757468271688
-0.0018397454195193575,-0.013919504965081153,PALMD,C3,0.6499561493196412
0.012629385820199944,0.020650315500793763,SSU72,C2,0.6653849025644757
-0.014015356110407337,-0.0053051202554682,VTA1,C3,0.8461347051168937
-0.016735457259229376,0.02744284201974767,SARS2,C2,0.9986497694362019
-0.006125559899514964,-0.006269466116434288,DYNLRB1,C1,0.9962111300845762
0.14571516001911325,-0.009183776768166639,MYOZ1,C4,0.9999377898781611
0.09011436182798976,-0.01307768134510414,MYOZ2,C4,0.9996709869236736
0.012579408622881,-0.003488062584302618,OSGEP,C4,0.9691986341717262
-1.0554496820285729e-4,0.025992602728779842,ACOT13,C2,0.9998295180387475
0.002498284156817707,0.03471314665129159,MRPL40,C2,0.999626747076328
-0.023405410685419393,0.010790428557238215,TIGAR,C3,0.7911515904094131
-0.00920917489141595,-0.01779847838369286,RTN4,C3,0.9624112652195735
-0.015155908077884271,0.031954262472079706,HINT3,C2,0.9770130187804714
-0.005690291340889934,-0.0036105639938343037,PFDN4,C1,0.9974221640072808
-0.005576615344965911,0.0012395690364410668,NIT2,C1,0.7141761633359239
-0.0011953038463181132,-0.004426950121110017,XPNPEP1,C3,0.7295842499556402
-0.008293040076542801,0.0125886666406455,GPHN,C1,0.993459106293995
0.06848739952380102,0.008386728975965792,PDLIM7,C4,0.9997395520608069
-0.006555798804912457,0.026796624486792358,ACSS2,C2,0.9996388002903792
-0.008911803683785661,0.029588185970138594,DIABLO,C2,0.9981107893654998
-0.015856317313286926,-0.005988233597766184,SAR1A,C3,0.9900314165090307
-0.0037716645559844083,-0.009544298476239086,SH3GLB2,C3,0.7794845252742951
0.006072917357281162,0.007157007420062318,EIF2B3,C4,0.732561346933603
-0.007622755078826292,0.0027238129449794314,MBNL1,C1,0.8731795453737146
-0.010462639558491714,0.03319586613714839,SDR39U1,C2,0.9999031446009312
-0.0067285650259478625,0.011291435676409863,AASDHPPT,C2,0.8346916192735394
0.005844580290594579,-0.0027821570884659034,OSTC,NA,0
0.003409011866365388,0.04382097960673095,CMC2,C2,0.9999957006388631
0.012811478338624697,0.01918555429003782,HEBP1,C2,0.8961838447024021
4.789605488584442e-4,-0.013431035728628044,PHPT1,C1,0.981304536740439
0.016393509392456467,0.043768256920981324,TOMM22,C2,0.9570069448144983
0.00552856265397469,0.00216374476278291,LANCL2,C1,0.9927434898912549
-0.01351280300803951,-0.032088862484517255,FARSB,C3,0.9999060166148341
-0.00319324055366304,0.03594261228932437,IARS2,C2,0.9999999211003481
0.012345030769055248,0.06227042147326363,SIRT3,C2,0.999990878334437
-0.030605094632864878,0.011884745141081298,MAN2C1,C3,0.5710135486218627
8.592167501324162e-4,-0.01102011500885649,OLA1,C1,0.9990253782207383
0.003064699633572198,0.003226820007829455,CUTC,NA,0
-0.005942062255638171,0.022469582419627092,ACSS1,C2,0.9807475073453391
0.005529313492175144,0.04003261882789108,ABHD10,C2,0.999987102792862
-0.006645677116175655,-0.004844847727998286,DDX19A,C1,0.6218799766092913
-0.007039132873867805,0.003973405315119205,SEPTIN11,C1,0.9402953114644418
-0.004262367501797545,0.008380124974316384,PARVA,C1,0.8171310330232918
-0.0029788640474275796,0.012809079945864752,PANK4,C2,0.8865605198987856
0.018673936759260518,0.022568060506575893,DNAJC11,C2,0.5937360196005532
0.005753147076394752,0.031415019341292816,TMLHE,C2,0.979391813303735
0.020836205158639667,0.06198384883127007,ATAD3A,C2,0.9999774319138721
0.0027072182732266557,-0.02315797357939739,ARL8B,C3,0.9418420246731001
-0.034647747836457465,0.043457895946386695,MRPS18A,C2,0.9977151403915739
0.004611120721989997,0.002837332633930577,PNPO,C1,0.9536281813675979
0.005592085677800021,0.04334173918039544,OXSM,C2,0.9999843699124015
-0.0036189661223898512,0.019656647759345034,MRPL22,C2,0.9860069357360188
0.0046549884446987,-0.006887876577312194,CZIB,C1,0.9941892833423902
0.004740186740517015,-0.0137359337989903,BABAM1,NA,0
0.014744314098075837,0.04071176672222952,NDUFB11,C2,0.9982023599730409
0.007207679730576032,0.015946237187378802,OCIAD1,C2,0.840170213984479
-0.01693575951733277,0.0193352376635005,MARCHF5,C2,0.6224597656179492
0.009381996195039159,0.020587436119653673,CHCHD3,C2,0.9935299477634923
-0.0027782846867541434,0.030317049582349903,SIRT5,C2,0.9999979372360073
0.009171952651858916,-0.0013325509287719732,BABAM2,C4,0.9323052852743458
-0.00927838013959907,-0.014795507113629248,DPP3,C3,0.9663351229501532
0.0018353291817261965,0.016685338547626504,TUBA8,C2,0.8721595734921332
0.007444209997258682,-0.01478399919811428,MAP3K20,C1,0.6373278686138506
-0.0029621761564903554,0.0010846341416973252,UGGT1,C1,0.9636894754189234
0.01715475640124584,-0.007581205787689273,TECR,C4,0.9707213379082266
-0.012653571557897852,-0.018282746963511013,ERAP1,C3,0.9236643609151021
0.00164487299380768,0.028795078821420076,CISD1,C2,0.999999196683195
0.004586105747807917,0.006828509693912704,CLIC5,C1,0.854078349595807
-0.014097358864856833,-0.005008263105379657,FAM120A,C3,0.9997298784345688
-0.015148423767098015,0.04060729616917668,GLTP,C2,0.9999324962912114
-0.004108918038511007,0.03898963693971622,COQ3,C2,0.9999988038519597
-0.0035485304109646493,0.023669932694861995,HSPBP1,C2,0.9474022122701743
-0.007881591403658414,-0.00801341518572521,MAT2B,C3,0.9633630103392905
-0.023043001391418964,-0.01635257341944612,MYOF,C1,0.7277817481718557
0.0016434648507229284,0.01693154787984892,EHD2,C2,0.9940579324314244
0.1073673284689237,-0.024003582487078245,TMOD4,C4,0.9999991029681741
-0.006388872378349969,-0.003689807319958451,LMCD1,C3,0.9837779182816667
0.0037144922940732577,-0.017672580547373074,CHMP5,C3,0.8643907860629061
-0.03969682001832721,-0.0010272227729312589,CNIH4,C3,0.9990161376726384
-0.004371438824006021,0.0439559006095422,NDUFAF4,C2,0.999913096021183
-0.009403944901200908,-0.014017131975830363,EMC3,C3,0.9994009455910461
0.02017197663961736,0.028264561910482405,NDUFA13,C2,0.647200029223062
0.003683797295917375,0.05024025950509889,PDP1,C2,0.9999969009667123
-0.0035361924691565652,-0.012113377754291176,MRPL36,C3,0.9956896214353681
0.008706726653216706,-0.015060370639964557,VAPA,C4,0.9893186491301741
0.009145313458364104,-0.02937766885611409,RNF181,NA,0
-0.005461551068571617,-0.005441298431026225,LARS1,C3,0.9967261761210479
-0.0035851585778177058,0.03186509729565056,SUCLA2,C2,0.9999999213207224
0.004665303468697549,-0.02118710515796091,GMPR2,C1,0.9508948334080397
-0.01032812410539462,0.0074364031703178,DPM3,C3,0.8233912737100872
-0.00984111716884501,-0.01793406086472254,IMPACT,C1,0.998827396514483
-0.01049556744494605,0.010023170305598576,ATXN10,C2,0.6742032352358426
-0.00834000606681686,0.011721861610196711,EPS15L1,C1,0.8279358511268814
-7.228687684648066e-4,0.010985731368102804,SAE1,C2,0.7655914245437897
0.01969925855015536,-0.0022799646405341698,RNF7,C4,0.9564854769440063
0.06385542469751483,0.00858066931597358,MYOT,C4,0.9999672310140558
-0.018833130709507446,-0.014505676557422431,GNG12,C3,0.9849266370970592
0.0010926249428234555,0.019224511889998793,VPS29,C2,0.9370316590352703
-0.012472733373659589,0.007490463719257985,EIF3K,C3,0.9458414836612169
-0.004304387046354225,0.004920703720771571,GRHPR,C1,0.9186520435712908
-0.012545234045586119,0.008335760532277626,CTSZ,C3,0.5849464164146074
-5.404505081817613e-6,0.011669695840236144,UBA2,C1,0.8663527883658234
-0.0077134890981575615,-0.010355677637211552,COPS7A,C1,0.8824713677223714
-0.009420625861219337,-0.02357562680728535,HSPB7,C3,0.999535291516932
0.007122216702305366,-0.02339202107866295,CLIP2,NA,0
-0.011241919395398241,0.014543951757801668,UQCR10,C2,0.8797380535657654
0.04908483717824677,-0.024893114733975468,DNAJB4,C4,0.9995632001432827
-0.020770459126441553,-0.013839171522000622,NIPSNAP3A,C1,0.8441582396408291
0.010688956880442555,0.00894850483221445,TES,C4,0.5777090947134624
-0.010848590454847148,0.020590007451616585,KDM5B,C2,0.9942766999722152
-0.013853485998339929,0.03810084247744193,WARS2,C2,0.9998026380608737
-0.005599652216883771,-0.005237298791663484,MLX,C3,0.9622730978098214
-0.017757522942382198,-0.012846440024477776,SEPTIN9,C3,0.9990520436525984
-0.01375622838110724,-0.02478265819636653,UBQLN2,C3,0.9953153695304744
0.004577002593113511,-0.008991308710031825,PCYOX1,C1,0.9997815166942797
0.005326345187199558,0.01545314669380932,DPP7,C1,0.51589053613167
-9.365253410514534e-4,0.008718043051189494,SMPX,C2,0.5245357404939878
0.0035175705900107766,-0.01357430749509111,BCAP29,C3,0.7633290149250519
-8.362010384419408e-4,0.003913031751454578,CYB5R1,C3,0.6513251121702217
0.00718824356326644,0.008002809829821012,PFDN2,NA,0
0.0016952149196711444,-0.0017903552141722418,PUF60,C4,0.526425629736062
-0.0015472037495298963,-0.002410663823910829,ENOPH1,C1,0.9997798163019891
0.011025532685250325,0.03884967981168569,NDUFA12,C2,0.999369947222044
-0.0208425795050993,-0.012469258386191598,EIF2B4,C1,0.8132688876491496
-0.0016244388189501945,-0.003471725393003171,ATP6V1H,C1,0.9700131944636028
0.01006402607049048,-0.04644725388408622,TRMT112,C1,0.9877981174172081
-0.004425099107792571,-0.005046266176697761,XPO7,C3,0.7579631707766256
-3.0768912716686974e-4,0.00936853138052027,LCMT1,C1,0.9927553565762147
-0.008639764260575245,0.0392363899768555,ATP5IF1,C2,0.9998917377925828
0.005526361011360107,0.03616950293671451,AK3,C2,0.9999296491921034
-0.008384345707693966,0.00314280605902923,NAGK,C3,0.7064720719148765
0.0036092949374681065,0.028157915907783587,SLC25A13,C2,0.9997978924905306
0.005825961540170361,-0.023513939610745282,DBNL,C3,0.5783801132177139
0.0029694026879354173,-0.026035392099409804,DCTN4,C3,0.7210056222434231
0.016900065826064757,-0.0302622293287806,HSPB8,C4,0.6803733377072845
0.002812467906557048,0.016708592663087895,STOML2,C2,0.9981005531058137
-0.004916979878504625,0.003007680674561469,VPS28,C3,0.5852046912948073
0.002620622057763115,-0.05007640370445184,JPT1,C1,0.7914281832714632
-0.0038995254060628657,-0.0020613740633481674,APPL1,C3,0.7119328222721936
0.014300570602218498,-0.011786903704970507,PACSIN3,C4,0.9902805192201555
-4.2550423391492573e-4,0.04081734772772742,ACAD8,C2,0.999990833853276
0.01655944717534187,0.003195945129073528,AGO2,C4,0.9950024025448385
0.08623062231242265,-0.025596536686611958,MYH2,C4,0.9999980685911837
0.022136006258671695,0.03182434730142012,MYH13,C2,0.5219060630964202
0.003189128849143444,-0.0028014870436629154,CDV3,C1,0.9886002663834694
-0.006177559426043824,8.659448469987945e-4,RAB21,C1,0.7785627631641631
-0.009841946807406849,-0.02441039299803878,PSME2,C3,0.9949490707730434
-0.0052197480021571405,8.069119171927649e-4,DNPEP,C1,0.9977094677971038
-0.008458333946426798,-0.0019711698441838904,MCTS1,NA,0
-0.012227024290703147,-0.0038726315381785214,TBC1D24,C1,0.5816731483371655
-0.005440064249712729,-0.010145826536527852,TMCO1,C3,0.9621769351489537
-0.0049347424791507735,0.016773853136953967,EPDR1,C2,0.6132947346993546
0.009289055711144103,0.022262427830713152,MYO6,C2,0.8456216891484989
-0.0041871277256293575,0.02870777359372596,NFU1,C2,0.9999755997320099
0.0359616719151888,-0.04131647215041967,SYNPO2,C4,0.9999782401229962
-0.020944018018529482,-0.007754921172065026,UBQLN1,C3,0.5086054902182372
0.009344374288658263,-0.01144476180832166,SNX12,C4,0.7441445193706282
-0.0067257560442105895,-0.02016031609896505,NDRG2,C1,0.8617239058929136
-0.011730449594253727,0.006324037450215258,VPS4A,NA,0
0.01050000188058742,0.008362893171426598,G3BP2,C4,0.9257814997822938
-0.006943132861479496,-0.014372696375707558,STUB1,C3,0.9593579064155782
0.0031156860937969484,-0.0031873832885239164,PACSIN2,C3,0.535130434225891
-0.0014055171375573238,0.0014447681704284677,SNX6,C1,0.9054583591804471
-0.008006176828145875,-0.017567291747538998,PSMD13,C3,0.9997444260269144
-0.0016883453898065412,-0.0035923405076086446,COPS3,C1,0.9835254901903984
-0.004639391744444172,-0.01381602723352779,NSFL1C,C1,0.9680782748945442
0.010255975307637454,0.018633821355369427,PPP6R1,C2,0.9234096614891893
-3.435713604772668e-4,-0.015343933473791795,LIMCH1,C3,0.7013724008900577
-0.021258543138027813,0.014617384222183123,USP24,C2,0.5484231489250093
-0.016367646109510775,-0.030113676473925446,MAPRE3,C3,0.9999164616556775
0.013748098599257814,-0.015281168181319077,PA2G4,C4,0.99989300763073
0.010108506310057342,-0.011816060890418242,CAMK2A,C4,0.6602361038543608
-0.001977204320369924,0.00497778736497713,CHMP2B,C1,0.9981334405799225
0.03150739234958025,0.019351553344432715,RTRAF,C4,0.9949737007269874
2.284981853415827e-4,-0.012187254062165837,RUVBL2,C3,0.6693397094038551
0.025977483112863912,0.006797610003417343,APOBEC2,C4,0.9837176046318988
0.005049173244752717,-0.011003700218584782,PIN4,C1,0.9995504473192114
-0.008771395684029994,-0.016591942854729987,EIF3L,C3,0.9990829469400593
6.554023297779459e-4,-0.014116489972161967,PLAA,C1,0.7844920482564735
-0.005478262405134225,-0.010488874308404774,NUDC,C3,0.989021131881465
-0.002423702343935969,0.02000190718077059,BCS1L,C2,0.9820274527283351
-0.0015700198089636827,0.011687760038699464,VDAC3,C2,0.6780803768758397
0.0061722842969973175,-0.009750775863807962,CFL2,C4,0.9879937647555592
-0.00582812960711858,-0.029097290155819813,FARSA,C3,0.9890825577454411
-0.0030506797699373154,-0.016106799123832068,CNPY2,C3,0.5137848596089926
0.039896568790694795,-0.023063966671626586,FNDC3A,C4,0.981513044957539
-0.01078014725256778,-0.02540909648468898,PADI2,C3,0.9926689520099039
-0.006366369232771389,0.039559169607014825,GSTK1,C2,0.9999986040470361
0.006210275870913679,-5.074753756838978e-4,LAMTOR2,NA,0
-0.0028380464064206817,0.0034328470941714564,MRPS35,C1,0.9331337798319055
-0.007394351436773524,0.0354741576615265,COA3,C2,0.9901284898177244
0.0017676701332556587,0.009560470895204091,TMA7,C2,0.583220170019574
-0.006245559336589558,-5.520187750739286e-4,SUGT1,C3,0.592522089443481
0.004409878588131833,0.021713879781763038,COQ6,C2,0.8924454809621157
0.0017026907657772127,0.030327726868140316,ACOT9,C2,0.9999940599240854
-0.0028269696532688274,-2.3282282045605146e-6,MEMO1,C3,0.7569183270604305
0.027493867425125915,0.026163007215078245,TMX2,C4,0.8341456126218503
0.0032503677523507105,-0.01090346228558123,SH3GLB1,C1,0.5012862776188984
0.005751315932501627,-0.0070063459257436456,CAB39,C4,0.736033692555553
-0.006826139431711373,-0.01402604701462695,LUC7L2,C3,0.9502035582154681
-0.00792545337184564,-0.027795249184643562,DHRS7,C3,0.9247092160125122
-0.018230122256062162,-0.027393018679611508,MOB4,C3,0.9999572343574383
-0.002269454410414512,-0.015746933952645533,SBDS,C3,0.9942975531593683
0.005519629965126308,0.02448610396974,MRPL11,C2,0.9996524734204385
0.007816866456581233,-0.0037725609236889325,PPIL1,C1,0.8458812062438211
0.00495451709091111,0.04946948267892929,MSRB2,C2,0.9999745834903822
-0.01257024151808745,0.013701789973753473,FIS1,C2,0.7312871312785251
-0.0014571359382595731,-0.010973036429220621,STRAP,C3,0.9852257040657709
0.006695303071129495,-0.013584616477804687,RTCB,C4,0.8541191809558446
0.03215145848007767,-0.011151752062551465,RPL36,C4,0.9997535794891278
-0.014015518294361096,-0.008752797312362084,SAMHD1,C3,0.9982290957137494
-0.010157678310913014,0.0013557485044238047,HBS1L,C3,0.9182144904171453
-2.7114924171361894e-4,-0.0039622877608877305,TLN1,C3,0.8647855248884228
-2.5356285313238204e-5,-0.010596868368998456,USP15,C1,0.9937374544511183
0.0035245580895988384,-0.0012875176919770921,TLN2,C1,0.7402431020067433
0.003382695071290105,-0.011229703862055785,DTNA,C1,0.9075175741074597
-0.007108019994012095,-0.006762525624653525,HYOU1,C3,0.9180841431570127
-0.004774510552893375,0.032321079941463784,AFG3L2,C2,0.999999977544092
-0.004373305740765927,0.0017388372540106086,ARIH1,C3,0.8865026042376367
-0.005469449497100946,0.02397436109342604,RNF114,C2,0.9421053166308193
0.006042536163086675,0.017709671022328215,SAMM50,C2,0.9911593158444393
-0.004931463171986555,-0.01677957107719566,PPME1,C1,0.9335631396172143
0.006543437808462729,0.04800229172864943,TIMM9,C2,0.9999904255724636
0.018717156048345864,0.04480508786951848,TIMM8B,C2,0.9988998764281302
-0.005125633368035881,-0.013494833422118008,UCHL5,C3,0.6914203251655857
0.0053460316911145556,0.03490091663239908,TIMM13,C2,0.9999965530701126
-0.015372208603803424,-0.004492406752545635,SRPRB,C3,0.9962087466967283
-0.005799234524207977,-0.01171408621151671,GMPPB,C1,0.9131380455692063
-0.009651321910914806,0.03125721333463678,MPC1,C2,0.9998966376724746
0.01733094750391974,-0.0025046435554287407,SNX5,C4,0.9266498512979191
-0.009264235687843387,-0.011823991354821688,HEBP2,C3,0.5746022726069716
0.01124381958285308,0.0632400473589834,HCFC2,C2,0.9997041164523444
0.004971946735575407,0.004618553298584753,FHOD1,NA,0
0.1230612954411645,-0.027816289292140455,MYH4,C4,0.9999994046396318
0.008558906176217105,0.017876394646806466,MRPS18B,C2,0.9721425730227375
-9.578892824204617e-4,-0.010347688194670968,COPG1,NA,0
-0.0034935482563227776,-0.02053756247695846,CLIC4,C3,0.9986367214913712
-0.0027107693889802053,0.04891714454590027,NFS1,C2,0.9999960519759973
-0.01439414390413213,0.0048908828069106755,SPCS1,C1,0.6912621108169104
0.010993487727242363,-0.0027867762274807347,SAR1B,C1,0.9622744063891994
0.005167790914551724,0.01784400758491032,MTCH2,C2,0.9926341620680827
-0.005003736812200667,0.00839036216727262,BZW2,C2,0.8956311698556249
-0.009158107043772746,-0.02530810681796805,DYNC1LI1,C3,0.9985798524711897
0.006934940488386838,0.041796670999419756,CHCHD2,C2,0.969050887761539
0.018788933948082853,0.04145859658421488,NDUFB9,C2,0.9949545206018369
-0.01203528978622236,0.04633957090371844,COX11,C2,0.9999089891685526
-0.013321755900947646,0.023488295769738276,SQOR,C2,0.95116206443667
-0.01719115986939916,0.020839340930186526,SESN1,C1,0.6974441634044882
0.0034040085496740277,-0.007498226714075195,SEC23IP,C1,0.6033244418045898
