"gene","dcv_Young","dcv_Old","mean_dcv","dist_origin"
"MMP24OS",23.0665919857111,-2.4262255790551,10.320183203328,23.1938404839675
"ESYT2",10.6876745676934,5.56040572859182,8.12404014814261,12.0475931011749
"ILVBL",5.86195369827045,-12.8165774388668,-3.47731187029815,14.0935147641437
"FSD2",-2.22701538293262,-13.843005278024,-8.03501033047831,14.0209982755586
"TARS3",-27.7881022105398,-4.08308911007598,-15.9355956603079,28.086477905644
"VWA8",-0.931531698667396,-4.49393650642405,-2.71273410254572,4.58946801158837
"CARNS1",1.46302004814163,-17.3963726835439,-7.96667631770113,17.4577836567537
"MAP1LC3B2",-31.6020254730037,1.39698776949731,-15.1025188517532,31.6328877724513
"PGP",-6.66854747487611,2.27777861207404,-2.19538443140104,7.04682913304264
"DHRS7C",-2.66728011279723,7.07850044236476,2.20561016478377,7.56436062814841
"SMTNL1",5.65347912722573,11.7891488622469,8.7213139947363,13.074626462664
"NUDT19",-2.45091922421492,-4.23206167289253,-3.34149044855373,4.89053688737671
"NACA",4.55127681984159,1.95397402682486,3.25262542333322,4.95299254878639
"SLC35A4",11.5855417723093,-0.749069188306933,5.41823629200121,11.6097322452671
"PDLIM1",15.1792362682831,2.05576232245632,8.61749929536973,15.3178122594186
"MYO1C",22.206397879071,-7.00264389286395,7.60187699310354,23.2843537220571
"FXYD1",9.65095408770753,3.81539474062166,6.73317441416459,10.3777720070255
"STXBP3",21.6459722013603,-0.932962587192236,10.356504807084,21.6660686727233
"NDUFS8",17.3313525846714,-6.75806968908929,5.28664144779105,18.6023463126774
"PSMD11",7.5658060969815,-3.46424887288255,2.05077861204947,8.32120436898352
"PSMD12",1.75857240601598,0.901203186948155,1.32988779648207,1.97604253278272
"PSMD9",-0.218009153570545,-1.44007789519241,-0.829043524381476,1.45648629765691
"PGRMC1",-16.6891480436261,23.8504917397534,3.58067184806364,29.1096825583879
"CLIC1",8.61420322865851,16.4498605172023,12.5320318729304,18.5688558694401
"EIF3F",3.66016786345256,-4.65013263920697,-0.494982387877203,5.91781736376418
"PDHX",5.96216868610514,2.43644755988153,4.19930812299333,6.44078660985017
"DCTN6",11.5839098831548,-0.877111645519815,5.35339911881749,11.6170690374017
"IPO5",0.160739619808121,-3.8563960521252,-1.84782821615854,3.8597445169626
"EEF2K",15.6739441295704,-10.0359061546416,2.81901898746443,18.6116075856351
"EML1",5.45270923867673,-3.93582038797021,0.758444425353261,6.72478402388601
"DNM1L",2.78360615146734,-2.88790221902461,-0.0521480337786349,4.01104006875201
"RTCA",1.99105908661329,-5.31712509008787,-1.66303300173729,5.67768751429905
"NDUFA4",0.699845113898874,-7.27085041056357,-3.28550264833235,7.30445404368051
"PSMD14",-2.29714662270754,-0.249391769660919,-1.27326919618423,2.31064468514553
"BIN1",4.80473335248882,3.7779762464501,4.29135479946946,6.11216550064375
"KPNA3",-10.7555920535377,-5.76226497040554,-8.25892851197164,12.2019038683021
"DDX3X",-2.52899182401145,-16.7067585567496,-9.61787519038052,16.8970879479111
"KPNA4",2.79441092256809,3.92788854458766,3.36114973357787,4.82048138912192
"CES2",15.9951950695026,-0.131247015557761,7.93197402697242,15.9957335277421
"FBP2",-10.071152634423,-3.98269595843683,-7.02692429642993,10.8300499760248
"PDXK",-7.76696901704243,-1.66613690658388,-4.71655296181316,7.94366539471408
"SDHD",1.99191836083658,5.0607950365432,3.52635669868989,5.43869333187101
"COX7A2L",17.6115430855439,-7.03739171604716,5.28707568474838,18.9655301011878
"GAPDHS",-1.46198317419386,-2.02721691757255,-1.7446000458832,2.49940057464151
"HSPB6",-2.91457491026018,-1.04333747636515,-1.97895619331267,3.09569055254335
"NDUFAB1",-11.5324927893938,-6.55453905795409,-9.04351592367396,13.265005548422
"IMPA2",6.0256608404425,1.82720415492809,3.92643249768529,6.29660730773555
"PDCD5",-0.00922947720690814,3.61735641538724,1.80406346909017,3.61736818960867
"PRMT5",-0.742175033345138,-0.514002440119418,-0.628088736732278,0.902785848675959
"PSMA7",5.39720768711999,-3.89505031267554,0.751078687222224,6.65591975283513
"OPLAH",12.7178810691729,-2.14030853197917,5.28878626859687,12.8967212694425
"MGST3",8.65655197029391,2.25907585520852,5.45781391275122,8.94646945638253
"RGS12",-2.28155777516449,-7.49068860962194,-4.88612319239322,7.83044837335216
"HAT1",-10.6907226493465,-26.5106958172368,-18.6007092332916,28.5851105206768
"UQCRQ",12.3639531043938,-9.63876362844869,1.36259473797256,15.6771521856731
"MYL12B",1.87790589638836,-4.78239868936221,-1.45224639648692,5.13788553587014
"UQCR11",-20.581400152055,-18.5561625933135,-19.5687813726842,27.7114633754426
"CASQ2",1.49270916282691,3.13248359866576,2.31259638074634,3.46996169153169
"HGS",-0.589532871143977,4.61673797946115,2.01360255415859,4.65422588377039
"HNRNPDL",3.61689733123472,-4.28451230111635,-0.333807484940818,5.60704841811716
"XPO1",6.11574327450547,2.75763874667192,4.4366910105887,6.70871725867212
"ATP2A1",7.48168104208066,-6.84289951123032,0.319390765425172,10.1390741656339
"SYNJ2",-19.5279979299862,31.1284249375523,5.80021350378301,36.7467215169785
"SYNM",21.4105543773637,-28.6170714251592,-3.60325852389775,35.7400142095482
"ARPC1B",-9.47922045231695,1.53145458797535,-3.9738829321708,9.60213380133055
"PGRMC2",1.16565178700038,-5.0183347097724,-1.92634146138601,5.15193433069984
"PFDN6",-0.58672076854883,-3.24360892987246,-1.91516484921064,3.29624637279966
"NDUFA1",20.1796429632945,5.42682839861027,12.8032356809524,20.8966135197549
"SURF4",0.0421685958507325,-8.87033810215852,-4.41408475315389,8.87043833398785
"TCAP",32.206084547393,-12.415723793951,9.895180376721,34.5164030455305
"PMM2",-4.3587808077756,-4.8048074582835,-4.58179413302955,6.48730643961032
"EIF3D",3.36277653238837,-7.75413846599849,-2.19568096680506,8.45191867901362
"EIF3H",-4.19149606629087,-30.6103245887551,-17.400910327523,30.8959643109368
"BCAT2",-9.52673766841935,-4.43912175688006,-6.9829297126497,10.5102108720656
"STX7",17.6856158851741,-6.06184318311478,5.81188635102964,18.695639919901
"SLC16A3",6.09875344809502,16.0286804242354,11.0637169361652,17.1497343933636
"YKT6",5.37410664246136,-3.68807117118458,0.843017735638387,6.51789008562358
"ARPC5",-7.13047498152127,10.643930966677,1.75672799257785,12.811593963496
"TAPBP",-35.859500215985,10.2457620679824,-12.8068690740013,37.2944955200353
"DHX15",3.05488312794356,-2.2989039986526,0.37798956464548,3.82325391785782
"CYB5B",-23.3344814619659,3.74646768762373,-9.79400688717107,23.6333248873966
"NDUFS4",16.4554311558684,-2.9009094052677,6.77726087530035,16.7091738246717
"DYNC1LI2",-6.40372657002423,-6.76496765730141,-6.58434711366282,9.31517586457542
"PSMD3",-7.44168400307138,-1.937291232226,-4.68948761764869,7.68971768792771
"RASA4",-15.8690251061035,-2.87978289574246,-9.37440400092299,16.1282084356805
"HNRNPR",-4.70940892540544,-3.06714546299071,-3.88827719419807,5.62013467079152
"TXNL1",-4.44093211424459,0.106297783022107,-2.16731716561124,4.44220409954387
"TPD52L2",-0.642435866921037,-2.47212762180094,-1.55728174436099,2.55423938219928
"ERI3",-3.51479895518715,14.7025963096588,5.59389867723583,15.11688294392
"AKR7A2",-1.86433235931962,-7.34422255677334,-4.60427745804648,7.57715910545797
"LAT",-6.00101648492937,-1.00493852432226,-3.50297750462581,6.08457889176079
"DENR",-1.18071384730551,-9.07749593440556,-5.12910489085554,9.153961854212
"DNPH1",-1.76715670853551,4.21840096757325,1.22562212951887,4.57359263115387
"TIMM44",-6.74472155795334,-6.46923873206735,-6.60698014501035,9.34571124456566
"TRAPPC3",0.890648804386235,4.06628410567184,2.47846645502904,4.16268203455345
"CHMP2A",-1.18348216090499,2.17851700520867,0.497517422151843,2.47922696967496
"NDUFB5",24.2427240797263,-9.93301636030529,7.1548538597105,26.1987496804682
"NDUFB3",13.8967985338968,-9.01341752244452,2.44169050572616,16.5638976368978
"NDUFA2",10.6860859593301,-2.18277180313857,4.25165707809579,10.9067376366524
"BUB3",26.0248857712021,0.387687440736759,13.2062866059694,26.0277732615724
"ACTN4",32.5313537816924,-59.6293768923287,-13.5490115553181,67.9260742825391
"GSTZ1",-7.31690358947968,-8.54637990627693,-7.9316417478783,11.2506749859799
"PRKAB2",6.91843530113037,-2.1154999593785,2.40146767087593,7.23464491831198
"AP1G1",0.691068090377435,3.64574059179755,2.1684043410875,3.71066026041435
"SYNGR2",-2.15281033579364,5.23414011902637,1.54066489161637,5.65957729229854
"SGTA",9.1478540366241,0.898237161482992,5.02304559905354,9.1918476637534
"ENSA",5.34205342120381,-1.6251215539179,1.85846593364296,5.58377603598173
"SLC25A20",-1.44410034302705,-12.80820155921,-7.12615095111852,12.8893542500034
"NARS1",-16.8146650660137,-4.07433866090894,-10.4445018634613,17.3012484175564
"LANCL1",-11.5003859851928,8.34581741950752,-1.57728428284265,14.2095582692839
"SLC37A4",-8.67058523031287,0.137588576883669,-4.2664983267146,8.67167681896694
"IDH3B",-6.05242291347627,-9.52788601576622,-7.79015446462125,11.287711683641
"CALU",2.70666689919032,-9.53863438924249,-3.41598374502608,9.91522020505909
"AHCYL1",-10.3671641547181,-8.65738338801693,-9.51227377136751,13.5066050411635
"NDUFS5",27.8660249759774,-7.24590535164048,10.3100598121685,28.7926812285124
"TIMM8A",-12.6997643799142,-10.7740194915685,-11.7368919357413,16.6542340355249
"PPP1R12B",4.15296640332239,-14.3309445848326,-5.08898909075511,14.9205597294695
"PRPSAP2",4.7617120389325,-19.6232767427364,-7.43078235190195,20.1927435397901
"SPAG9",14.4358743025528,1.00586973984704,7.72087202119993,14.4708756062874
"OPA1",1.87281621734105,-8.19280914648723,-3.15999646457309,8.4041395927662
"TBC1D4",-7.37519255015166,-6.54795502503724,-6.96157378759445,9.86251388651611
"SNX3",0.368254562573748,-1.56409271431059,-0.59791907586842,1.6068594966007
"SYNCRIP",-1.36800599205669,0.49882576596162,-0.434590113047536,1.45611384825851
"KLHL41",26.6611087472763,4.01401914446138,15.3375639458688,26.9615850670207
"PLIN3",3.76662547527371,11.8009454414526,7.78378545836316,12.38748484492
"KPNA6",6.83979661116897,4.14112519890672,5.49046090503784,7.99573233638913
"SNX2",3.29198855378652,1.53849195155906,2.41524025267279,3.63375097155452
"USO1",4.9760870477648,-5.7998996392382,-0.411906295736697,7.64200746742425
"TOM1",2.28891560578374,-1.870098369835,0.20940861797437,2.95574061163355
"PFKFB2",6.82173054455383,2.59966799840811,4.71069927148097,7.30029323551088
"EDF1",-1.8325448125887,1.60985537493074,-0.111344718828981,2.43923242400948
"DNAJA2",-0.742382059153487,-3.10477874654913,-1.92358040285131,3.19230045371299
"CUTA",-18.2642498678821,-3.47151484391133,-10.8678823558967,18.5912409093081
"PFDN1",1.05181522059214,-11.4765255972209,-5.21235518831436,11.5246238568525
"NOL3",-4.81096922149256,-3.02377828450579,-3.91737375299918,5.68231114635564
"WDR1",-2.37765857324071,-2.62532019184619,-2.50148938254345,3.54197210613245
"LDB3",6.88750302607483,3.59561796705739,5.24156049656611,7.76956668670884
"CLASP2",19.5254795849318,-8.02578049464664,5.74984954514258,21.1106017339591
"COBL",6.08465181532534,3.25203106094956,4.66834143813745,6.89918065679706
"CPNE3",2.93377809293876,-0.0516656505776147,1.44105622118057,2.93423298973633
"CLUH",-21.0050256882705,-0.736298332866987,-10.8706620105687,21.0179266199091
"CAND2",-6.091905353527,-0.996388465824317,-3.54414690967566,6.17285191877779
"COQ9",-8.43314630910493,6.30051622755241,-1.06631504077626,10.526844798154
"GGCT",-1.8487382787818,-5.81164460839424,-3.83019144358802,6.098610192307
"NDUFS7",22.5548428931382,-11.8591997723705,5.34782156038388,25.482573597954
"RTN2",2.11417024959683,-6.52422782133961,-2.20502878587139,6.85822604680118
"NDUFS2",22.1421332764934,-9.94279283082608,6.09967022283364,24.2720661524873
"NIPSNAP2",-0.208504822437604,3.0484476789468,1.4199714282546,3.05556991611317
"TBCA",1.65829631590601,-3.96165132246602,-1.15167750328,4.29472093064779
"ATP6V1G1",-1.10549317718445,-10.2909354470701,-5.69821431212726,10.3501433584547
"VPS4B",4.10879705030852,2.98522630198456,3.54701167614654,5.07875863520648
"MACROH2A1",-5.04854502934021,-12.3979027164646,-8.72322387290238,13.3864035005746
"SH3BGRL",-14.5447771772893,3.72835713767624,-5.40821001980651,15.0150321372635
"FLNB",0.378350082948437,-5.0337665320415,-2.32770822454653,5.04796536085265
"NDUFS6",22.4740849539372,-9.35733760628649,6.55837367382537,24.3442860153016
"CS",-5.43358868710945,-5.76986304035804,-5.60172586373374,7.92560442648846
"SEC22B",11.3328536216356,-4.74539081444189,3.29373140359685,12.2862648999282
"MTX2",-0.273647287360532,-9.27996866473618,-4.77680797604835,9.28400243733085
"VPS26A",3.90946691841421,-10.8382995755737,-3.46441632857975,11.5218344579349
"NDUFB1",0.418139525295338,-2.49237388774506,-1.03711718122486,2.52720562260526
"PMPCB",-1.93616879708662,-12.658635958975,-7.2974023780308,12.8058507703575
"NDUFS3",13.4199855503354,-6.10464190120194,3.65767182456672,14.7432243730169
"ECI2",4.83342417370099,0.571829220141812,2.7026266969214,4.86713241035469
"BANF1",-8.08972537392005,-0.307087504023947,-4.198406438972,8.09555182557518
"CSDE1",-3.84366564208083,9.73292436572774,2.94462936182345,10.4643959346486
"PRKRA",16.5017107878526,8.53223744191354,12.5169741148831,18.5770163021709
"LYPLA1",2.4571497561903,-5.80909511166665,-1.67597267773818,6.3073901845958
"TIPRL",0.594374516679164,3.97494714521155,2.28466083094536,4.01913994199045
"PPM1B",4.63358372545289,0.836867054278745,2.73522538986582,4.70855015979644
"SLC25A12",0.661502891236928,-4.38213498730167,-1.86031604803237,4.43178216094251
"TCEA3",-13.4098300448334,-9.26612099886691,-11.3379755218501,16.2998325205187
"EIF3G",-17.1236936257992,-6.50779348061069,-11.815743553205,18.3186314820872
"EIF3J",1.64179446887673,1.99627083825175,1.81903265356424,2.58468302460642
"PSMD10",2.18392493865655,7.78090899178565,4.9824169652211,8.08158851192862
"IDH1",2.66075305944943,1.33995295574989,2.00035300759966,2.97910737755328
"SCO1",-19.6404404530934,-2.70963329985994,-11.1750368764767,19.8264725508906
"ALDH1L1",-3.1456393767289,7.10179360550013,1.97807711438561,7.7672723335512
"ARL6IP5",9.92920019674133,2.86290581657005,6.39605300665569,10.33369470526
"DYSF",2.53089821568583,6.67967296970955,4.60528559269769,7.14307194142899
"PIAS2",-2.7912619372288,-7.26863066513356,-5.02994630118118,7.78615020073092
"DCTN3",10.9273121355948,6.49922487079399,8.71326850319442,12.7140109497304
"ATP5PD",-1.3834267395807,-2.37678987051868,-1.88010830504969,2.75009084075183
"FLOT1",-6.32286863012706,-0.212793216445775,-3.26783092328642,6.32644834538386
"ATP5MG",-5.42835525702256,-7.71599830106206,-6.57217677904231,9.4341756703189
"GLRX3",-10.2649812878636,1.69709852243268,-4.28394138271547,10.4043252657264
"DDAH1",6.94573120206141,-18.0090312575683,-5.53165002775346,19.3020306902503
"BAIAP3",-0.784753188407411,-6.78357617687653,-3.78416468264197,6.82881712408543
"TOMM70",-2.71050611457661,-6.53897757735249,-4.62474184596455,7.07849356531994
"UFL1",-7.5679765101179,5.58560917753595,-0.99118366629097,9.40602457693313
"TMEM63A",-5.64974419788661,25.0098715845619,9.68006369333764,25.6400718832422
"PLPBP",-2.05839054965048,4.27863457397047,1.11012201216,4.74801911037286
"ERLIN2",-2.03415057039858,-3.72646474108458,-2.88030765574158,4.24550444701209
"ENDOD1",-1.30364839924842,-11.1899694349635,-6.24680891710596,11.2656520052894
"SEC31A",9.14160469685066,-3.85434540356434,2.64362964664316,9.92093316797667
"NDUFB6",16.2712641210803,-6.67357593729192,4.79884409189421,17.5866611921865
"MFN2",-1.14289542679456,-9.19137324219727,-5.16713433449591,9.26215698603559
"NDUFA3",23.1745737178865,-8.02742932860956,7.57357219463848,24.5255068985654
"NDUFB4",10.8841737629222,-8.31890801580726,1.28263287355747,13.6992506757467
"NDUFB8",19.5254391354131,-1.30822476015655,9.10860718762826,19.5692162708118
"NDUFA7",17.7074958358894,-10.9275330660725,3.38998138490847,20.8078443786988
"RTN3",6.40464925934608,-6.45740034948377,-0.026375545068845,9.09491898857573
"LETM1",-0.367880038401037,-6.64430799141821,-3.50609401490962,6.65448453356666
"STBD1",-0.03701267887363,-3.67455865792129,-1.85578566839746,3.67474506175622
"ZRANB2",-28.5808868211588,47.8368016846781,9.62795743175965,55.7245608946639
"EPM2A",-35.4770741256081,5.32610485695617,-15.075484634326,35.874645384466
"VAPB",8.20405420900686,-3.38624910951371,2.40890254974657,8.8754261022221
"NDUFC2",19.7200085367534,-12.0720089922234,3.823999772265,23.1216811196321
"NDUFA10",16.8314341587035,-4.72185135814182,6.05479140028086,17.4812200972117
"PGLS",14.1970625682482,2.18862539340733,8.19284398082778,14.3647717238884
"TACC2",6.84595755876659,-7.98959399998649,-0.57181822060995,10.5214422576495
"LYPLA2",17.6075888622188,-10.6488026539367,3.47939310414106,20.5772734710753
"IPO7",9.02808686030425,-6.04972586807034,1.48918049611696,10.8676370677345
"ARIH2",2.32425773215509,-10.0550243373881,-3.86538330261651,10.3201593219751
"PGM3",-1.1333157480167,-20.5225071414895,-10.8279114447531,20.5537759051029
"SVIL",15.2244063373614,-10.5328335837723,2.34578637679455,18.5127829250098
"AHSA1",9.39545212303437,1.54698290136068,5.47121751219752,9.52195760825122
"H6PD",-8.76641651951058,-4.13161671331917,-6.44901661641488,9.69124941683611
"MPC2",0.101813091616872,-2.63359794498575,-1.26589242668444,2.63556522238736
"ETHE1",16.2596965707494,-12.70120391678,1.77924632698469,20.6324577670346
"ACSL3",-8.57903422102322,-8.8327223166096,-8.70587826881641,12.3132778612285
"ASMTL",6.98577940014279,-10.4847166627096,-1.74946863128342,12.5988252359004
"CDS2",8.81071405100689,8.92784218792502,8.86927811946595,12.5433268402407
"SNAP29",6.42326927471327,14.5413684674227,10.482318871068,15.8968482750774
"OXSR1",-1.76833927756612,4.3824694590526,1.30706509074324,4.72578695669958
"LSM8",6.10708395435143,15.5399623620293,10.8235231581904,16.696913027227
"AP2A1",9.16839443737988,-2.72451592586372,3.22193925575808,9.56464550256116
"CAVIN2",7.4500930519934,3.59987367816577,5.52498336507959,8.27423573401865
"BAG2",-12.429586707442,-3.34231969627622,-7.88595320185911,12.8711198685248
"BAG3",-0.656713815465157,5.74357905983832,2.54343262218658,5.78100107697932
"MLYCD",13.3667800685796,-16.9632664411727,-1.79824318629652,21.5968335122534
"AIFM1",-2.55975743151181,-2.52259663452086,-2.54117703301633,3.59386308707996
"EML2",-2.85844027812605,-7.13819295457396,-4.99831661635,7.6892444024327
"BPNT1",-10.8862316360003,-2.78682391869332,-6.83652777734679,11.237278442152
"DDAH2",-5.4015231489702,6.44749333459411,0.522985092811956,8.41110115433743
"ABHD16A",-21.91471372846,-2.85740126698089,-12.3860574977205,22.1002131166398
"TXNDC12",-41.7927074623822,34.3465882878514,-3.72305958726544,54.0954575177198
"NUDT3",-1.8035643638369,6.7304306041206,2.46343312014185,6.96789355052053
"NDUFB10",-1.25150846521645,-5.84646306263203,-3.54898576392424,5.97891326088857
"CLPTM1",-15.5616218353047,-8.76283623614465,-12.1622290357247,17.8592097542563
"MOCS2",12.6060486984163,-17.1788781992612,-2.28641475042243,21.3078933724546
"TOMM40",11.4555140163905,-2.14462784304019,4.65544308667518,11.6545368833285
"PEX11B",3.76604032725012,17.1619652040173,10.4640027656337,17.5703189900006
"CYB5A",-0.352332526320801,10.8273490751758,5.23750827442749,10.8330801808541
"ADH1B",2.57390231290432,-7.32833537633662,-2.37721653171615,7.76720493513857
"LDHA",-1.00928010394115,1.49069627992574,0.240708087992294,1.8002282430836
"ALDH1A1",16.2493961039493,-1.69557874339885,7.27690868027521,16.3376210330056
"GLUD1",-4.08119339187377,-3.55672103452655,-3.81895721320016,5.41353895518613
"CYB5R3",5.38826670737801,-1.97660146787257,1.70583261975272,5.73937030279754
"GSR",0.566385402527057,-1.01245228092534,-0.223033439199142,1.16010863514874
"MT-CO1",-6.13399864224274,-4.72928123197968,-5.43163993711121,7.74545287986383
"MT-CO2",9.71757812545199,-5.97486523894708,1.87135644325245,11.4074685731691
"MT-CO3",27.4108960847739,19.1299806770723,23.2704383809231,33.4262379707234
"SOD1",2.12284653699756,-5.90354109107328,-1.89034727703786,6.27361736429895
"CP",-0.412046108320965,24.5510277216374,12.0694908066582,24.5544852152105
"F13A1",64.9017890171862,2.05131074947526,33.4765498833307,64.9341981810991
"HPRT1",0.223523103691424,1.12871244330151,0.676117773496467,1.15063215562034
"GOT2",-1.92206979833021,-9.63787501717116,-5.77997240775068,9.82766437950875
"PGK1",0.639337522496641,2.04375974700093,1.34154863474879,2.14142624695166
"AK1",-8.12100314019446,-10.1551414929109,-9.13807231655269,13.0029839169357
"HP",-4.29464647678685,41.7737751230497,18.7395643231314,41.9939552363397
"CFB",-20.0997611135868,19.1450261449242,-0.477367484331273,27.7584657881715
"MT-ATP6",-0.203567767017901,1.52172692417555,0.659079578578822,1.53528260184548
"CA2",-5.79404954209382,16.7495937890768,5.47777212349148,17.7234280599244
"ASS1",-25.2850777763583,16.3280644504178,-4.47850666297023,30.0988512547154
"SERPINA1",-2.05528799708714,17.6807141585961,7.81271308075449,17.7997714004689
"SERPINA3",-16.7713338317846,15.1510767162546,-0.810128557764973,22.6016097691956
"AGT",-6.13423701771916,-1.99566208432424,-4.0649495510217,6.4507000352183
"A2M",-2.81878828691533,6.64169821486355,1.91145496397411,7.21510378191283
"C3",-1.5456769761442,23.0528419858252,10.7535825048405,23.104602159267
"CST3",-0.520253441287,1.11753187171872,0.298639215215861,1.2326966891649
"CSTA",104.408578184517,25.8610942721808,65.1348362283487,107.563689949104
"JCHAIN",6.75533307637556,-68.2157206587299,-30.7301937911772,68.5493914631096
"IGKV3-20",26.5012098329235,-23.965167772678,1.2680210301228,35.7301467808522
"IGHV3-7",1.11083050250046,14.0990588627261,7.60494468261326,14.1427509777942
"IGKC",-6.42940479538809,2.52198263033756,-1.95371108252526,6.90634797926398
"IGHG1",-7.17733173863276,12.5953811756599,2.70902471851356,14.4968175075274
"IGHG2",9.5339796160938,4.24952910229536,6.89175435919458,10.4381638668564
"IGHG3",-19.46006567138,-14.5775401604852,-17.0188029159326,24.3145806680885
"IGHM",-16.9412442770921,23.9975210260614,3.52813837448465,29.3749344348607
"IGHA1",-12.798513663135,17.2526364481875,2.22706139252625,21.4815133637922
"HLA-B",36.8002618607853,-2.6379734614144,17.0811441996855,36.8946903633233
"HLA-DRB1",11.135741819714,5.96471304424499,8.5502274319795,12.6325986073933
"MB",0.211676174699441,-2.16597134007912,-0.977147582689841,2.17629011140049
"COL1A1",28.2849800673705,-8.35386089227991,9.9655595875453,29.492831149605
"COL3A1",36.3166550454615,-16.54723560124,9.88470972211072,39.908776475031
"COL4A1",-4.80515409499351,8.51664419685333,1.85574505092991,9.77868775718033
"CRYAB",3.01193887612428,-10.6201576622692,-3.80410939307248,11.0390001614714
"KRT14",79.5686499901576,-8.2042993988637,35.6821752956469,79.9905031230733
"LMNA",2.3104191188346,-4.37327152975286,-1.03142620545913,4.94606311904967
"TNNC2",13.8364889927589,-28.1171498659808,-7.14033043661095,31.3372389376085
"APOE",20.8894516072153,-51.07663283156,-15.0935906121724,55.1832547958181
"APOC2",-11.9878229241844,21.6846854630116,4.84843126941358,24.7776811282119
"LRG1",-7.22410817301265,19.3759191913476,6.07590550916749,20.6788293528677
"FN1",33.5398217931719,-91.861812685108,-29.160995445968,97.7932118079348
"RBP4",5.06320273385273,31.6623884059325,18.3627955698926,32.0646668701271
"ORM1",1.80523237332653,-4.26146047622974,-1.22811405145161,4.62805675334415
"TTR",-4.10991632108003,7.46601933886517,1.67805150889257,8.52249123992443
"ALB",3.30971817604484,15.7696090946194,9.53966363533211,16.1131873135623
"PPBP",5.85928529724019,31.1452160457488,18.5022506714945,31.6915715408817
"TFRC",9.16730968925991,16.4748581194585,12.8210839043592,18.8536605728194
"TF",1.14916823181277,9.70078910594353,5.42497866887815,9.76861796279291
"FTL",59.1164561576531,30.740120716574,44.9282884371135,66.63115195094
"FTH1",19.931387562093,-2.02458608262241,8.95340073973532,20.033950158576
"MT2A",21.6458008845648,1.29747860469915,11.471639744632,21.6846523297903
"MT-ND1",14.941890477785,-9.89481793969655,2.52353626904422,17.9211470924677
"MT-ND2",15.6692113304873,-1.55867451621089,7.05526840713821,15.746544064237
"MT-ND3",6.05769780308855,-0.294437615731816,2.88163009367837,6.06484923003876
"MT-ND4",13.1487219927652,12.8664983124899,13.0076101526276,18.3966211264007
"MT-ND5",-4.30100367262613,-20.3825198915966,-12.3417617821113,20.8313645670002
"MT-ATP8",-0.990512928297715,-2.11224109478222,-1.55137701153997,2.33295484388612
"CAT",16.0507471583855,32.6664977487699,24.3586224535777,36.3967932586486
"ALDOA",5.07440939629902,5.80587653015109,5.44014296322505,7.71089054549518
"CSTB",31.4435189293439,0.497247623767841,15.9703832765559,31.4474504190618
"ANXA1",160.317085716509,21.4555903965534,90.8863380565314,161.746438390152
"SOD2",-18.1335795113974,1.05295895869476,-8.54031027635131,18.1641247646251
"KRT1",0.492349464017423,12.1918163918521,6.34208292793477,12.2017537644124
"VWF",12.7479783365612,-15.7210038138022,-1.4865127386205,20.240081832419
"GAPDH",0.425938676523209,-5.87890685970504,-2.72648409159092,5.89431672216936
"HLA-A",-2.40589065775024,-9.06259351110364,-5.73424208442694,9.3765084655509
"CAPNS1",-1.30325716913514,1.32659023138409,0.0116665311244741,1.85965612168106
"HSPB1",-0.792440185724249,-16.1370112544225,-8.46472572007338,16.1564567177741
"RPN1",0.277661772443702,1.51807379763371,0.897867785038708,1.54325763077285
"RPN2",-6.69495820951017,-5.96071106635084,-6.3278346379305,8.96395793406043
"GNAI2",3.18072045557453,4.99809424544202,4.08940735050828,5.92435048784514
"ATP1A1",-6.25159085892132,6.51303109419869,0.130720117638688,9.02784372379959
"ATP1B1",-9.57384982156432,3.82952717570407,-2.87216132293012,10.3113470892664
"APOD",86.1181602290954,8.89304318196393,47.5056017055296,86.5761152875342
"ALDH2",5.96632569387781,-0.507913373765565,2.72920616005612,5.98790600132271
"S100A8",235.794883851184,113.516042326887,174.655463089036,261.696616554271
"SLC25A5",1.86715556879671,-8.56072397963707,-3.34678420542018,8.76197837098573
"SERPING1",6.26297941989513,20.9832301813931,13.6231048006441,21.8979647469658
"PCCA",5.27228932401286,-2.5694256293162,1.35143184734833,5.86506460157831
"PCCB",-4.8372623539517,-4.3483305416136,-4.59279644778265,6.50438971619075
"EIF2S1",2.52456218492493,-1.41612601016129,0.55421808738182,2.89462037272736
"RPLP1",32.6430491462681,8.44509123698779,20.544070191628,33.7177731110274
"RPLP2",10.1476478306158,9.05160439113251,9.59962611087413,13.5980255385762
"RPLP0",5.13085635729701,7.40033549790799,6.2655959276025,9.0050348384008
"FABP3",-8.57406121611563,0.730056175959302,-3.92200252007816,8.60508615632375
"CLEC3B",11.1025084754315,-17.5952687411525,-3.24638013286049,20.8052679992449
"SSB",10.6590242163896,-9.94874346068774,0.35514037785094,14.5805450409838
"ITGB1",4.8147175999799,-1.26697626794635,1.77387066601677,4.97862776587037
"KRT18",17.0349179275819,11.4474418929515,14.2411799102667,20.5239458850376
"KRT8",37.0951111417639,15.1221902317897,26.1086506867768,40.059055256287
"MYL1",51.02196224797,4.73532465422073,27.8786434510954,51.2412327253565
"GSN",5.08496830565189,26.8931807947295,15.9890745501907,27.3696926531427
"PTMA",-3.1555032613754,5.49270867481007,1.16860270671733,6.33459149581759
"ATP5F1B",0.660277534083836,-12.1973769757136,-5.76854972081486,12.2152352212179
"S100A9",228.935932936613,90.2403918095993,159.588162373106,246.079234604441
"S100A6",17.572533321699,50.1905182460227,33.8815257838609,53.1778341900699
"EIF4E",-1.39758773540793,-14.4222895792305,-7.90993865731921,14.4898477626697
"CKM",-2.69429506500736,1.8315926782501,-0.431351193378634,3.2579069410194
"ENO1",-4.98595037575621,-9.03907258061212,-7.01251147818417,10.3230099422154
"PYGL",-9.14087748848792,-1.75384717614108,-5.4473623323145,9.3076109274509
"GPI",-2.14099404191997,-0.649189386969057,-1.39509171444451,2.23725330431985
"NPM1",-4.18028488016096,5.97056929922443,0.895142209531734,7.28851695725157
"TPM3",74.4117995312918,-36.9812546121414,18.7152724595752,83.0946996033633
"EPHX1",9.5457161867855,-6.60693224042006,1.46939197318272,11.6091451514813
"DBI",9.63726970111898,-2.02278612270671,3.80724178920614,9.84726515283917
"LDHB",7.19377303681467,0.388629239620002,3.79120113821734,7.20426284855636
"GPX1",9.32895247955623,2.5878195677045,5.95838602363037,9.68122742635523
"P4HB",4.26319021911504,4.0262520476739,4.14472113339447,5.86391476709514
"H1-0",8.88455303503816,4.07963926628091,6.48209615065953,9.77643795947107
"CTSD",10.8125704532189,5.63806844714044,8.22531945017967,12.1942402641765
"ANXA2",9.34249979255162,9.85294496369116,9.59772237812139,13.5780273541982
"CAPN1",-0.641126623911687,-2.53667410313712,-1.5889003635244,2.61644011080225
"TUBB",4.92290203948315,1.84642875742045,3.3846653984518,5.25778124750132
"CA3",5.07372560541438,9.10492120513238,7.08932340527338,10.4231608291682
"DCN",12.6545296291381,-0.236378378703812,6.20907562521714,12.6567371337423
"PSAP",3.68423132893261,-0.972809456282363,1.35571093632512,3.8105011118383
"PFN1",-0.000363548686129533,0.476321054745085,0.237978753029478,0.476321193483051
"BPGM",2.56450013753086,29.5012197749815,16.0328599562562,29.6124742155591
"APRT",9.25449551662509,2.22196371569302,5.73822961615905,9.51750019811348
"EPRS1",4.87019498811973,-3.17841993041008,0.845887528854826,5.81559562524206
"CTSB",12.8856887164363,-7.4124993067517,2.73659470484227,14.8656018939526
"HSP90AA1",1.70247685189789,-0.543843027535472,0.579316912181208,1.78723044676591
"UQCRH",11.1958470285974,-4.99994921330688,3.09794890764526,12.2615856569777
"TPM2",37.2758319085558,-42.4292180114199,-2.57669305143203,56.4776609424957
"FH",-1.68772983288703,-5.95547506132521,-3.82160244710612,6.19000122737333
"COL1A2",23.4499068740089,1.28837713883551,12.3691420064222,23.4852730035561
"ANXA6",0.530551106370275,4.312346122684,2.42144861452714,4.3448605913537
"PFKM",-0.391720764759665,-8.90958734351611,-4.65065405413789,8.91819442428154
"HSP90AB1",3.03377336624399,1.83124694881845,2.43251015753122,3.54362049679255
"SOD3",13.9209215985596,11.7898740614322,12.8553978299959,18.2426201116417
"PDHA1",-3.92352737780513,-1.24596596418003,-2.58474667099258,4.11661247487318
"COL4A2",-0.961668403891593,-2.58860916478403,-1.77513878433781,2.76146764005072
"CYC1",2.78905110964155,-5.31384392127721,-1.26239640581783,6.00131179925585
"MYL3",88.8746150568984,-6.37669131701399,41.2489618699422,89.1030829638591
"CFH",19.5376219654882,25.4707928041154,22.5042073848018,32.1010896721046
"NFIC",25.360275033553,-9.35632483382627,8.00197509986335,27.0311739325824
"VIM",49.9969589987419,-3.77452816885555,23.1112154149432,50.1392358539634
"SERPINF2",-3.42404543939808,12.8422140100709,4.70908428533639,13.2908445123522
"RPS17",2.15424245324966,-15.2520415921186,-6.54889956943449,15.4034260239435
"KRT19",-8.40952208069999,-16.8542185910866,-12.6318703358933,18.8357305656539
"ANXA5",2.42844863006355,1.0651661244828,1.74680737727318,2.6517808396629
"RPSA",3.82472530601414,-7.8215880249661,-1.99843135947598,8.70665049825466
"SNRPA",-8.54179467683249,0.280156613670862,-4.13081903158082,8.54638777667778
"ENO2",-5.52339165818034,-4.63433854082953,-5.07886509950493,7.2100588846884
"ACAA1",-6.07716915048469,-3.8934258062268,-4.98529747835575,7.21739214621152
"GSTP1",0.854146961318371,-2.83355857371216,-0.989705806196895,2.95949678529765
"LGALS1",0.380362451296214,9.62081968396515,5.00059106763068,9.62833562905487
"QDPR",1.46414246252525,-5.04130407864783,-1.78858080806129,5.24961522056243
"HMGB1",-0.0887079546759857,7.01515509377821,3.46322356955111,7.01571593573921
"FBP1",-16.5210352367232,4.92599389525874,-5.79752067073221,17.2397801943405
"GSTM1",6.73063668603081,-36.3938250017399,-14.8315941578545,37.0109709202098
"TPM1",43.5484783627284,-27.7045431975042,7.92196758261209,51.6140647642811
"CLTB",9.43180406550811,-4.67437787364,2.37871309593406,10.5265728722937
"ANXA4",-4.88478543742535,-3.64320241061201,-4.26399392401868,6.09377162144857
"HMOX1",-9.40107633403256,3.24590317402123,-3.07758658000566,9.94565853291918
"DLD",2.4615051495817,2.03749226635023,2.24949870796597,3.19536888901019
"HNRNPA1",6.63057428671784,-1.58976641497998,2.52040393586893,6.8184948944677
"COX6C",13.4407408750241,-9.01189257750606,2.21442414875903,16.1823274932271
"PARP1",-3.89150044323318,-7.6205752790756,-5.75603786115439,8.55668997239833
"IFIT2",-4.78447168580381,-8.71470058866174,-6.74958613723277,9.94168877315517
"UCHL1",21.1477474220327,29.1390921945989,25.1434198083158,36.0043596658991
"LTA4H",-5.77767034177561,-4.58596414066557,-5.18181724122059,7.37648572680135
"ALDOC",-15.9094697215522,-16.2787197169212,-16.0940947192367,22.7619845892898
"LIMS3",-6.31467029557799,-3.95961115858814,-5.13714072708306,7.45342749807568
"HSPA1A",-8.49198616109653,2.15572557039438,-3.16813029535107,8.76133446999412
"IGLC2",-14.5376870512418,12.9659718795158,-0.785857585862978,19.4797528624015
"IGLC3",3.53815425735659,8.45581507848079,5.99698466791869,9.16620664126189
"CALM1",2.28704043692502,-4.96794050560437,-1.34045003433967,5.4690937848381
"FDX1",-29.243185077869,5.94727143732547,-11.6479568202718,29.8418148082138
"COX8A",14.441932227468,-9.08114295430723,2.68039463658036,17.0597937800942
"GAA",6.18171871756656,0.238484751817026,3.21010173469179,6.18631726311883
"RRAS",5.27239881307542,3.73248453964033,4.50244167635787,6.45984752782704
"ARAF",7.4419779755657,19.3658407302725,13.4039093529191,20.7465376238804
"DLAT",-3.73611849817451,-2.6910301737019,-3.2135743359382,4.60437018800355
"TXN",1.33976131027918,-0.530019316927273,0.404870996675951,1.44079174235454
"COX5B",12.5428005654659,-9.12126555320557,1.71076750613016,15.5086856734265
"MAPT",12.7691885632725,-1.88809686819797,5.44054584753726,12.9080241070471
"PRKAR1A",3.53440008815933,-4.76462590002208,-0.615112905931373,5.93242310951789
"ESD",-3.6519160205549,1.87762868391159,-0.887143668321654,4.10633414322715
"HSPD1",-0.943236619083965,-5.69537025819573,-3.31930343863985,5.77294878701704
"THRB",82.2393766141586,33.8582813350422,58.0488289746004,88.9364845316493
"CLU",-17.7885529075018,29.1340203980383,5.67273374526822,34.1353740143022
"MYL2",40.8470003674066,-2.45090843676332,19.1980459653217,40.9204642102251
"HSPA5",5.6674007601351,10.0366963832469,7.852048571691,11.5262615650288
"LAMC1",14.3303731069689,-25.2362589815105,-5.45294293727076,29.0211709061989
"MYH3",-8.12747112679943,-35.2928624081966,-21.710166767498,36.2165973537114
"HSPA8",-0.00915228786960753,2.76991579632254,1.38038175422647,2.76993091666388
"EPB41",-8.81334869973091,27.9988824992477,9.5927668997584,29.3532372407155
"PDHB",3.38723637619004,-2.27399403607836,0.556621170055841,4.07975724085453
"DBT",6.99340012578202,-3.57656708003237,1.70841652287483,7.85490148870495
"PYGB",-5.77055108973951,2.65429741400681,-1.55812683786635,6.35173634853471
"PYGM",-4.26239342420308,4.05674330557862,-0.102825059312231,5.88431507909345
"RALA",10.9232067272427,5.19632026867224,8.05976349795745,12.0962055844258
"SPTB",-1.63953898336563,22.4694189665163,10.4149399915753,22.5291561486625
"LAMP1",15.0385391461556,6.47403012938236,10.756284637769,16.3728655331499
"ACADM",4.7052752421839,-2.07189760326483,1.31668881945954,5.14124253299952
"UBL4A",-0.730323101554422,9.92151510636912,4.59559600240735,9.94835834892243
"DMD",7.721063297036,-8.20374775665744,-0.241342229810717,11.2657132793134
"MTHFD1",-0.860564605111877,0.439332201772004,-0.210616201669937,0.966221622137074
"ADH5",-5.66579553737747,-9.4064490674445,-7.53612230241098,10.9810073822848
"PABPC1",-5.91162280372357,-3.90195354676716,-4.90678817524536,7.08325671246167
"HARS1",-2.36812562102854,-2.85806590962049,-2.61309576532451,3.71167882510147
"COL6A1",36.0766490523411,-23.7734654263387,6.1515918130012,43.20534996066
"COL6A2",18.9389939158615,-23.6438088058669,-2.3524074450027,30.2938143090867
"COL6A3",22.9132020764166,-36.8765604912685,-6.98167920742595,43.4153837143113
"SLC25A4",0.512163882444625,-10.4321910369862,-4.96001357727076,10.4447557020093
"SLC25A6",-13.9053095968563,-0.64984739695188,-7.27757849690408,13.9204862208095
"IMPDH2",4.99212774988966,-8.62577888533969,-1.81682556772501,9.96621296431048
"CKB",1.93717904975921,-0.864251045024229,0.536464002367489,2.12122430206036
"ANXA3",-17.2970157069826,-18.6732787456261,-17.9851472263044,25.4534495005973
"BCKDHA",27.1932747712009,8.52085243311804,17.8570636021595,28.4970019294838
"ACTN1",25.3109291544627,-46.845428965023,-10.7672499052801,53.2460078276225
"MYH1",-3.2599049567972,-41.4434029412899,-22.3516539490436,41.5714159932215
"MYH7",59.2163063221104,2.4527777904739,30.8345420562921,59.2670823756615
"PEPD",-4.77987589610527,-2.10998924059015,-3.44493256834771,5.22487015892016
"XRCC6",4.54372423155417,0.780035407418959,2.66187981948657,4.61019361081938
"XRCC5",-0.256709658225503,0.763211931941081,0.253251136857789,0.805228105373559
"COX4I1",14.0959291711005,-10.0835030657637,2.00621305266838,17.3312507706151
"IFITM1",1.88743206896342,-5.92896888691102,-2.0207684089738,6.22214367215274
"LAMP2",0.17691936810867,12.877272747127,6.52709605761781,12.8784880271991
"RNH1",-6.28679518371973,-2.21814985440956,-4.25247251906464,6.66663201764269
"MYH8",33.1067119773154,-22.9161718324833,5.09527007241604,40.2641938874333
"VCAN",3.93638348322602,8.55408203597525,6.24523275960063,9.41633869427013
"EEF2",-2.13650996381947,-0.861924084715552,-1.49921702426751,2.30382029536
"KRT10",6.11434047231579,24.4543517073873,15.2843460898515,25.2071513035486
"KRT5",63.3743426029674,43.2576858954904,53.3160142492289,76.7302723140691
"PDIA4",-0.171422521778588,1.38090929110095,0.604743384661178,1.39150858826737
"TPT1",5.34770599335176,1.00224830079283,3.17497714707229,5.44081437358162
"ALAD",-2.53508549462412,-0.308037834241766,-1.42156166443294,2.55373173461466
"LCP1",-3.54510889733102,-1.117591451349,-2.33135017434001,3.71709668236702
"PLS3",22.1494242569087,-5.26377633204092,8.4428239624339,22.7662982539167
"APEH",-1.6219554373052,-3.35408877973971,-2.48802210852246,3.72567456750851
"ETFA",-1.04511801247522,-8.25607058322456,-4.65059429784989,8.321957289916
"TNNT1",59.3738510255337,-37.0540998284698,11.1598755985319,69.9875738949456
"GYS1",7.19062539734601,2.3735226054406,4.7820740013933,7.57223237648548
"PRKAR2A",-2.7958174962024,-2.36552953020878,-2.58067351320559,3.66228418208653
"ENO3",-5.08415364058772,-3.77450854195752,-4.42933109127262,6.33210336100191
"CD59",-3.22995802102557,9.90804850069167,3.33904523983305,10.4212309210403
"MIF",-0.686714651021386,-0.250846589902924,-0.468780620462155,0.731095769098242
"CD99",6.24898603463054,-3.62556947468781,1.31170827997136,7.22458168178585
"PRKCSH",2.65029252814991,-7.25223744983876,-2.30097246084443,7.72133398536879
"FDPS",3.57294942341418,-1.2573173542439,1.15781603458514,3.78771890609092
"COX7A2",6.20457953630729,-11.1400716552337,-2.46774605946322,12.7513922261887
"NID1",-13.1614787657949,-20.8760920760886,-17.0187854209417,24.6786495512173
"AKR1A1",11.0959978434064,-6.97572584821093,2.06013599759773,13.1065601608613
"PKM",-3.5756862901466,4.04570002440047,0.235006867126939,5.39937229064419
"ACYP2",-1.3167483393575,-8.47314037879885,-4.89494435907817,8.57484309291034
"HSP90B1",6.04646206189667,3.08839324725271,4.56742765457469,6.78954168671434
"MYL6B",94.4255531509522,27.1251633661226,60.7753582585374,98.2443869923475
"IDE",10.1284111703615,-3.29110378860057,3.41865369088047,10.6496984456483
"COX6B1",13.0678871785821,-5.19730754594909,3.93528981631649,14.0634875133919
"HNRNPL",-7.34826260677253,-4.05890420588984,-5.70358340633118,8.3947404183025
"DARS1",6.1437181006477,-7.59463385464132,-0.725457876996813,9.76850733153691
"JUP",50.6133482930714,-0.186357644012489,25.2134953245295,50.6136913750345
"UQCRB",4.50550847776122,-0.541736483313894,1.98188599722366,4.53796045162709
"CPA3",-15.6448234900405,7.40534306382243,-4.11974021310902,17.308945893018
"FABP4",-6.708564895455,-6.52966897640554,-6.61911693593027,9.36169962656163
"GLUL",-10.0448228471021,12.8744741716331,1.41482566226551,16.329438178508
"AKR1B1",-4.95936513866391,-4.10062596759013,-4.52999555312702,6.43509408669908
"GSPT1",2.84551220462313,-1.06955479273484,0.887978705944143,3.03988275453532
"PGAM2",-8.28027138191216,3.0107534435301,-2.63475896919103,8.8106486966535
"EZR",12.392535886485,13.1449231707389,12.768729528612,18.0655459608186
"UCHL3",2.20432265834359,-1.21156116779635,0.496380745273617,2.51533672604664
"NME1",-1.54914318645351,9.40472098512251,3.9277888993345,9.53145431821078
"RPS2",-11.3140515105567,-6.95631798813346,-9.13518474934507,13.2814954555411
"RPA2",-0.114164900390929,-7.84230427765794,-3.97823458902444,7.84313521545136
"COX7C",-8.15203550420683,-5.03352563309507,-6.59278056865095,9.58081745786203
"NQO2",4.82879506693678,-4.29366891926689,0.267563073834943,6.4616448824391
"PFKFB1",-10.0660148522157,-4.18319485285801,-7.12460485253687,10.9006318248992
"CBR1",-7.4294119028037,15.1994674458824,3.88502777153934,16.9180368796134
"ANK1",3.00081147187747,41.9108184084019,22.4558149401397,42.0181100140379
"ACADS",2.2102772740499,14.2108911128096,8.21058419342976,14.3817506531129
"PPP3CB",5.88411781236737,-3.13280519580299,1.37565630828219,6.6661316237132
"ATP2A2",1.8599717563655,-2.99856550912216,-0.56929687637833,3.5285818747727
"CD36",-1.40217313093335,1.4654441942203,0.0316355316434773,2.02820516109328
"FAH",-0.383160718303767,-3.15716964697518,-1.77016518263947,3.18033525211296
"YBX3",-2.64262377115706,-1.43690298851397,-2.03976337983551,3.00801439396236
"TMEM11",-0.163236707596685,0.68013142356175,0.258447357982533,0.699446192371607
"GOT1",-1.7248160112421,-1.97678808525073,-1.85080204824641,2.62348649827407
"CKMT2",1.26236532789631,-13.9227614852251,-6.33019807866442,13.9798731609247
"NDUFB7",30.7798004383696,-7.55741657639435,11.6111919309876,31.6940161597582
"PRKACA",-3.10704011733345,-4.38213019092101,-3.74458515412723,5.37184915098152
"CAPN2",4.906023029067,12.0538514210027,8.47993722503483,13.0140076856187
"DES",34.4057663118942,-43.6431159340815,-4.61867481109365,55.5740796050133
"PFKL",-7.49856971256876,-9.808650485028,-8.65361009879838,12.346585441801
"LGALS3",28.2438892549065,23.9830549568179,26.1134721058622,37.0527219689076
"FLT1",51.2778875369009,-24.3595267408182,13.4591803980413,56.7697832767019
"PSMC3",-0.974895483825565,-2.45473999765929,-1.71481774074243,2.64124396080555
"TCP1",1.54555193254397,-0.720599884235433,0.41247602415427,1.7052844247663
"RPL35A",39.2248507970132,5.96633578248216,22.5955932897477,39.6760139469337
"ARF4",-3.79027949403814,-10.4515935784267,-7.12093653623242,11.1176448482373
"RPL7",10.3025628854843,6.54284406171258,8.42270347359845,12.2045733405657
"VCL",-0.289129052149805,-2.94001149821975,-1.61457027518478,2.95419417412962
"RPL17",11.5900625217392,2.95279011066895,7.27142631620405,11.9602892396249
"PGAM1",4.2925773162582,-3.28859611407647,0.501990601090867,5.40750260449067
"ATP5PF",-4.19805327954382,-9.03041106209963,-6.61423217082172,9.95851270463516
"TSPAN8",-5.80002101899297,-13.0060629615467,-9.40304199026981,14.2407133803218
"TNNI1",71.8580379843813,-27.5982779343342,22.1298800250236,76.9755972234418
"NCL",3.02281746286775,-0.648677172420864,1.18707014522344,3.0916350832267
"HK1",0.175193779582749,-8.88529015830445,-4.35504818936085,8.88701716312433
"NDUFV2",15.0737502265583,-6.37484810098252,4.3494510627879,16.3663262280595
"SRM",-17.4748337236775,-2.16271268884544,-9.81877320626147,17.6081554924038
"TYMP",7.05262249330599,4.95221477443986,6.00241863387293,8.61765137408483
"EIF2S2",3.61476824189247,-1.98274193753333,0.81601315217957,4.12284065098905
"ANXA7",3.71015979060056,-0.912241629746642,1.39895908042696,3.82066361550347
"TPSB2",-20.1979260913793,-3.42682541006796,-11.8123757507236,20.4865651289792
"BTF3",-8.09707506602632,13.0404197690118,2.47167235149275,15.3497613133527
"RAB6A",-0.13790923553363,-3.17270479141053,-1.65530701347208,3.17570065508146
"PVALB",42.8809700253564,-45.6815046310198,-1.4002673028317,62.6544288591748
"PSMB1",-0.312558285983735,-8.78845048170257,-4.55050438384315,8.79400674047247
"COX5A",26.8454820961411,-10.2876431320286,8.27891948205625,28.7491827742322
"CAPN3",-15.7436129559644,-9.54135514583384,-12.6424840508991,18.4092044077451
"CAST",-6.7692422090703,0.129287646408091,-3.3199772813311,6.77047674691913
"NEB",35.0648280264669,-31.8834588539612,1.59068458625283,47.3930070054426
"PTMS",-14.803858932476,26.4905586731321,5.84334987032805,30.3463990962239
"GSTM3",1.45536152287217,-14.0498945013785,-6.29726648925316,14.1250703595459
"ATP6V1B2",-4.42546368551558,0.352219096654387,-2.0366222944306,4.43945797635986
"CSRP1",13.811406659542,29.8658258358977,21.8386162477198,32.9047490003406
"FLNA",4.79685796761147,-4.32087178054405,0.23799309353371,6.4559878644046
"MAOA",13.0276807889324,-0.574646842218243,6.2265169733571,13.0403483746252
"ACO1",-1.56509080562634,-1.16091285627067,-1.36300183094851,1.94864770795304
"GPD1",-0.779616413044963,-0.452406902852914,-0.616011657948938,0.901373261883255
"VDAC1",7.7342900588163,-7.57552126963575,0.079384394590277,10.8262535172888
"BGN",10.7195476807576,-23.2400036260336,-6.26022797263801,25.5930942056269
"RYR1",-4.11306202605667,-13.3871551822012,-8.75010860412892,14.0047564456696
"SDHB",-2.68918295110409,-5.76138005913341,-4.22528150511875,6.35808187508537
"COMT",-9.98999812288141,1.22200541422665,-4.38399635432738,10.0644602303141
"TGM2",-7.05691755905882,-0.961321544934101,-4.00911955199646,7.12209411255616
"MMUT",-9.71144904677423,-10.5674455269785,-10.1394472868764,14.3521129996161
"OSBP",-0.376474390862972,3.33394646695155,1.47873603804429,3.35513517037308
"PCMT1",2.42615572560453,-6.22123141252188,-1.89753784345868,6.67757080778876
"GART",1.4776754242431,-0.334953845944382,0.57136078914936,1.51516294117991
"PAICS",0.736200544735174,-1.8579786083699,-0.560889031817364,1.99851838901435
"SCP2",12.4870972580611,-5.59017751129971,3.44845987338072,13.681289505749
"UBA1",2.1211438353427,-3.63474475991087,-0.756800462284084,4.20839882139418
"GPX3",-14.7489043104456,5.93986813796731,-4.40451808623913,15.9000695550403
"NME2",-1.73114178031316,0.44935073093291,-0.640895524690125,1.78850997842778
"HNRNPA2B1",4.16402929439401,0.496725249900049,2.33037727214703,4.1935517092865
"UQCRC2",4.82717451345163,-8.17415540450199,-1.67349044552518,9.49307275650335
"FECH",-11.5757999590277,-8.66250771639539,-10.1191538377115,14.4581528774611
"AMPD1",-8.93438799211994,-7.81336747109901,-8.37387773160948,11.8689510923318
"FBLN1",-1.03954239076122,-4.91361705114901,-2.97657972095512,5.02237801320568
"SFPQ",8.4965253863024,4.8285157254937,6.66252055589805,9.77269193986084
"PPIB",15.5015560065093,9.21081975502281,12.356187880766,18.0315678514782
"S100A1",-13.2972175572207,-0.329074219160056,-6.81314588819036,13.3012888325069
"HRC",-2.64014644709219,7.72265440920877,2.54125398105829,8.16148052660577
"ME2",-8.99429840421775,-1.44664306481513,-5.22047073451644,9.10989461745259
"WARS1",-6.30596636622306,-2.5114755022113,-4.40872093421718,6.78768892997786
"RPS3",0.103212017824568,-4.75783571976403,-2.32731185096973,4.75895508036017
"GCSH",-21.4143838353596,-3.69997860852924,-12.5571812219444,21.7316745040893
"AHCY",1.80060906981038,-5.37748604592885,-1.78843848805924,5.67093900482477
"CFL1",3.32884643941092,0.983153562251687,2.1560000008313,3.47099546875921
"EIF4B",-2.17578945389592,-1.81022901115192,-1.99300923252392,2.8303690254984
"ATP2B4",-0.432672532585805,0.915317141715303,0.241322304564749,1.01242826430917
"CPT2",-10.3607684931831,0.819933845945027,-4.77041732361905,10.3931619481784
"LAMA2",6.38981039752348,-28.210601800329,-10.9103957014028,28.9252092620438
"GPT",-8.96869153505859,3.89157654485168,-2.53855749510345,9.77659428714679
"COX7A1",16.5402680814538,-6.8580164923022,4.84112579457582,17.9056655395729
"COX7B",26.3894503046956,-10.391378988467,7.99903565811429,28.3616615286543
"EEF1B2",-0.240113899736009,6.91912138902119,3.33950374464259,6.92328646531811
"ATP5PB",-3.10484056098354,-3.16801618220975,-3.13642837159664,4.43580448620895
"ACP1",-3.0894069931758,-0.287598901339308,-1.68850294725755,3.1027646861364
"ACAT1",2.55122436281021,-5.72495331755905,-1.58686447737442,6.26768188707968
"MYL9",14.7662787443188,56.871053847164,35.8186662957414,58.75678474561
"AZGP1",-1.70210088143445,7.04917685339586,2.6735379859807,7.25176128406278
"MPST",-3.02532738827562,8.24946288449064,2.61206774810751,8.78670835346429
"RPS12",-10.0461246117953,-8.74527688138851,-9.39570074659193,13.3193275899299
"DNAJB2",-13.3743971774408,-6.2625100736563,-9.81845362554853,14.7679901233235
"ATP5F1A",-2.66669145765007,-6.11647328533173,-4.3915823714909,6.67251742451682
"PSMA1",1.17789421518433,-8.65311239029211,-3.73760908755389,8.73291410819959
"PSMA2",1.4254584188406,0.649705738695594,1.0375820787681,1.5665405359382
"PSMA3",0.489597908653774,-9.87583616501045,-4.69311912817834,9.88796470818371
"PSMA4",1.65105793027994,-4.35981524943863,-1.35437865957935,4.66197182513772
"MSN",10.8516540721735,19.261057380584,15.0563557263787,22.1076169570641
"DDX6",5.76516263826567,-7.50996105361198,-0.872399207673152,9.46766155248608
"U2AF2",4.14058156453133,-3.74567979773373,0.197450883398798,5.58341587558076
"RPL13",15.8002843131121,4.00621194377232,9.90324812844222,16.3002674368736
"IVD",3.51509498782812,3.51434874502185,3.51472186642498,4.97056735947628
"S100A4",40.8660036176683,19.2206112638589,30.0433074407636,45.1604046597864
"HMGB2",11.5544611310407,6.4176243274287,8.98604272923471,13.2170902257923
"TARS1",-3.47926472536744,-3.00755779776407,-3.24341126156575,4.59898759903499
"VARS1",5.81814882386298,5.0178626396328,5.41800573174789,7.68308539630016
"EEF1G",3.06189020071994,1.30731836211108,2.18460428141551,3.32930216429473
"PLN",12.3027690958113,1.11968955185917,6.71122932383525,12.3536161554985
"FKBP2",29.3773309123891,11.5004446066634,20.4388877595262,31.5481821613694
"STOM",-6.3976286435887,31.9550036435678,12.7786874999896,32.5891379162091
"MAOB",6.71295013705835,5.40589027645096,6.05942020675466,8.61901091910544
"YWHAQ",-1.80270941041418,2.98547190381878,0.591381246702299,3.48752114070828
"MAPK3",9.81539332332477,0.163572294536749,4.98948280893076,9.81675618456059
"RPL10",-5.4808076858795,-7.69269384833493,-6.58675076710722,9.44546407191335
"RPA1",-2.0330509758441,1.30768656459859,-0.362682205622754,2.41730023406534
"APEX1",1.47977681730917,-1.64992159393774,-0.0850723883142841,2.21629887316393
"CALR",0.296387470714484,0.859767107588874,0.578077289151679,0.909420151573665
"MAP4",11.2379024809665,-3.93182597655133,3.6530382522076,11.9058686235653
"CANX",5.19988358452647,-0.426917642456957,2.38648297103475,5.2173794155753
"PSMA5",-4.9766796835836,-4.41628593393962,-4.69648280876161,6.65363976506894
"PSMB4",-7.81166838080399,-4.92591744778056,-6.36879291429227,9.2350866587164
"PSMB6",2.27270442109283,-5.37765693595384,-1.5524762574305,5.83818289422893
"PSMB5",-0.998037985054388,-8.34676621068682,-4.6724020978706,8.40622305173225
"GSTM2",-1.37589411942472,-2.45334862943238,-1.91462137442855,2.8128284919997
"TMOD1",5.60649213687176,-22.4802876293855,-8.43689774625688,23.1688602650348
"NDUFS1",16.9694959150307,-4.57886466229323,6.19531562636871,17.576398755315
"MAPK1",6.33964923212041,-4.85092339890183,0.74436291660929,7.98264431177654
"RBL1",-6.63142962363424,7.74242285725832,0.555496616812041,10.1941635534167
"LAP3",-1.76951931977381,1.04715188610911,-0.36118371683235,2.05614340347035
"CD38",6.28116563118049,10.0112371617212,8.14620139645087,11.8185409926332
"TPP2",0.0685082373841759,0.7537799864941,0.411144111939138,0.756886812296616
"IMPA1",2.43750539915951,0.7085353951793,1.5730203971694,2.53839614267624
"EPHA2",-4.97216939070691,56.2552632149601,25.6415469121266,56.4745704528536
"COL4A5",-53.4237040950865,8.83751512384065,-22.2930944856229,54.1497352976307
"TKT",-5.24679282723107,-24.6092717512208,-14.9280322892259,25.1623745123014
"EEF1D",-2.67555422030337,-2.18679192911201,-2.43117307470769,3.45552446482623
"MARCKS",-13.0437801410357,10.0230556392702,-1.51036225088273,16.4499800825285
"GNA11",-5.59141798865107,-12.1411716367083,-8.86629481267971,13.3668247477036
"ALDH4A1",-6.28042542178666,-7.0827666701223,-6.68159604595448,9.46622032186128
"ERP29",-6.73064519132192,-10.0175348489439,-8.37409002013289,12.0686614477857
"PRDX6",1.4882505999423,7.3221357468406,4.40519317339145,7.47185129291192
"BLVRB",5.40620393834365,16.1714570402757,10.7888304893097,17.0511895135925
"PRDX5",-4.42526094410414,-9.3547032971472,-6.88998212062566,10.3485945036546
"DDT",-14.3520064169356,-1.0521939243157,-7.70210017062565,14.3905246688968
"PRDX3",1.89982656342379,-8.45230320730276,-3.27623832193948,8.66318477693227
"ATP5F1D",1.22833919726432,-12.1634319349118,-5.46754636882376,12.2252972814067
"RPL12",34.2433444302708,4.00377152410847,19.1235579771896,34.4766127133658
"ECHS1",-2.97421150384114,-2.74670531767193,-2.86045841075653,4.04849653225839
"CMPK1",-40.7648058808092,-11.2601274274859,-26.0124666541475,42.2913687196723
"PEBP1",7.91235179643978,-2.24982375791991,2.83126401925993,8.22599646804718
"PDIA3",-0.388107285889436,3.81643849462895,1.71416560436976,3.83612174580606
"PPP2R1A",5.48537722828336,1.74516897778194,3.61527310303265,5.75629899306682
"PPIF",-12.1083800677699,-4.5516115838785,-8.32999582582419,12.9356111520123
"NMT1",-3.37706697877335,-8.75981035844303,-6.06843866860819,9.38822980625246
"ADSS2",3.86306939561431,6.72628589541234,5.29467764551332,7.75668918432051
"LRPAP1",4.26314290305293,4.67018996682823,4.46666643494058,6.32337423675948
"TSPO",-4.8212190002972,-6.33509090197497,-5.57815495113608,7.96100052663688
"ADSL",0.8143449240289,1.4090910619743,1.1117179930016,1.62748126755042
"CLIP1",-1.11657096369401,-25.5410593569214,-13.3288151603077,25.5654541088311
"SRI",13.0430246879768,2.04627725389091,7.54465097093387,13.202565796502
"SERPINB1",1.78735037742587,-2.18910311293703,-0.20087636775558,2.826091614006
"ALDH1B1",19.0197971167204,2.04566553727479,10.5327313269976,19.1294911027868
"SDHA",-5.01991676536142,-1.56761427849217,-3.2937655219268,5.25899028876164
"GDI1",-1.80022547227742,0.0906394429208621,-0.854793014678278,1.80250582790998
"MAT2A",-8.94658966582004,-1.62983873745871,-5.28821420163938,9.09383532722464
"CASQ1",4.70588022537196,-1.33263195645588,1.68662413445804,4.89093208160922
"DNAJA1",17.1979967205176,6.05821653704461,11.6281066287811,18.2338443233634
"AKT2",-0.617432940657515,0.302134858376192,-0.157649041140662,0.687392834451297
"UQCRC1",7.15990163682656,-11.77128850176,-2.30569343246673,13.7777873564916
"HIBADH",0.724888250041245,-2.99018388617218,-1.13264781806547,3.0767942160911
"ATIC",-0.162850278349715,-3.858918438038,-2.01088435819386,3.86235313307681
"HNRNPH3",2.92286839721354,-1.66746266067162,0.627702868270964,3.36505444118869
"HNRNPH1",-6.20478113552948,-2.96945882392527,-4.58711997972737,6.8787349597735
"YWHAB",8.21185202090854,-1.17161636998508,3.52011782546173,8.2950104600125
"STIP1",0.587485416044899,-2.8378029010581,-1.1251587425066,2.89797591765687
"S100A11",42.7983512117337,11.3690611960986,27.0837062039162,44.2826649934661
"PRDX2",2.77086489627789,11.3275795756196,7.04922223594875,11.6615501248942
"GBP2",13.5333307059439,-5.55437490354685,3.9894779011985,14.6288113175881
"ACSL1",0.379432716452236,-9.71977800645385,-4.67017264500081,9.72718117858705
"KIF5B",2.00968645427286,-0.66164849797833,0.674018978147263,2.11580206526149
"MCM5",-7.91664594805333,39.7694812211504,15.9264176365485,40.549783225885
"SHMT1",6.98673858652133,-2.26333324833814,2.3617026690916,7.34419454190989
"SHMT2",0.143293193951912,-9.81283758331463,-4.83477219468136,9.8138837559829
"HSPA4",-5.40841855374223,-1.56353143293395,-3.48597499333809,5.62988648146974
"MPI",1.38989850651816,-7.38864511101318,-2.99937330224751,7.51823745534287
"GPC1",10.4992239007236,2.46242524972591,6.48082457522476,10.7841198355737
"PFN2",1.90053368868519,-5.84753250948835,-1.97349941040158,6.14863112825534
"CTNNA1",33.7342348996383,-19.7066815686035,7.01377666551741,39.068553885578
"SERPINB6",1.95001983267717,-8.74691229542011,-3.39844623137147,8.96164337895711
"RDX",-0.741902342099515,-3.37123923424215,-2.05657078817083,3.45190861114635
"RPA3",8.89571770484267,-4.98186080642229,1.95692844921019,10.1957211897353
"RPL22",3.45761185602702,-5.09699182246245,-0.819689983217714,6.15909127917323
"SPR",-2.65212444144472,-3.77632637625683,-3.21422540885078,4.61458610851738
"THBS4",-10.9454670477355,-11.0701908000672,-11.0078289239014,15.5676707712797
"FBN1",-2.30809760202,7.76988231394285,2.73089235596143,8.10545407197971
"AGL",-5.29010697181815,-3.62297715508016,-4.45654206344916,6.41180124766136
"MYH9",2.0746108817411,-3.17867743237325,-0.552033275316074,3.79578720817139
"COPB2",13.6499633557693,-2.03737331531003,5.80629502022964,13.8011734877793
"ACTN2",69.9067032520398,-66.6634449796704,1.62162913618469,96.5969050028328
"ADD1",-22.2988433967744,-8.77800141190065,-15.5384224043375,23.9643845241475
"BSG",5.10543698001484,-2.8235018805981,1.14096754970837,5.83417943044642
"FUS",0.529433654786017,4.44215633276412,2.48579499377507,4.47359507326451
"DEK",-5.13321680310122,-7.13649781600346,-6.13485730955234,8.79087685191089
"MYH11",23.9616961669993,90.4368115687244,57.1992538678618,93.557360853738
"GLRX",3.5141652513336,-12.5371633775615,-4.51149906311397,13.0203618601539
"PPM1A",-2.1754070833924,0.593764203754573,-0.790821439818912,2.25498379331961
"KRT2",-5.20375940348534,38.7054645145063,16.7508525555105,39.0537078292582
"HMGCL",-1.34170648548962,-6.83208022062047,-4.08689335305505,6.96257828926888
"PSMC2",3.7053462362835,-0.76537390231494,1.46998616698428,3.78356814939087
"ARL3",6.75314367568103,-1.02794480100355,2.86259943733874,6.83093112381474
"MAP2K2",1.6375688288681,-5.8328215568303,-2.0976263639811,6.05833632139259
"ATP5F1C",-1.69489184344045,-4.34171458126071,-3.01830321235058,4.66080935740702
"ATP6V1E1",-25.0492062642449,8.70095373559016,-8.17412626432739,26.5173401829363
"RPL4",25.1336726169413,12.7729547873088,18.953313702125,28.1930820098516
"LONP1",-1.59203385596279,-0.803746425801403,-1.19789014088209,1.78341809891014
"PGM1",-7.53898022490444,0.752250115863383,-3.39336505452053,7.57641756163932
"PPP1CC",22.6630186081259,11.8615476893266,17.2622831487263,25.5794590642263
"SERPINF1",11.1782314704854,-3.26159630775727,3.95831758136405,11.6443492425522
"DLST",3.74987446184016,2.91944040507073,3.33465743345544,4.75233529523334
"GMPR",-6.94530687505146,10.3544129080996,1.70455301652408,12.4680052237741
"GPX4",2.07958570214602,-2.47124776226143,-0.195831030057706,3.22982076825515
"SRP14",-7.61240480350435,10.0761235612403,1.23185937886797,12.628419256336
"TAGLN2",-0.375576580916956,-0.523249155962212,-0.449412868439584,0.644086521632333
"TALDO1",-2.30871400071039,-1.25595223977579,-1.78233312024309,2.62822684821421
"SNCA",44.3726669183592,43.772184393684,44.0724256560216,62.3292683740338
"ETFB",-2.87750608658878,-6.99080384946028,-4.93415496802453,7.55985315598023
"ATP6V1A",-5.12738196180811,3.18644634831724,-0.970467806745435,6.03684405239852
"HSPA9",0.497506164625928,-7.32847634571004,-3.41548509054206,7.34534396291096
"RPS19",4.54154874124013,-11.4265728545606,-3.44251205666023,12.296025055669
"RPL3",1.44775547828645,20.9335169165713,11.1906361974289,20.9835203533936
"COL15A1",15.1069432282934,-14.4272835992876,0.339829814502885,20.8893811721926
"COL18A1",-12.1659133553047,21.5385753185841,4.68633098163968,24.7370102179528
"DDOST",-2.89636098035475,2.65744203752682,-0.119459471413965,3.93076393482694
"ANP32A",-3.42470183034165,4.689075564452,0.632186867055173,5.80654908494592
"CAPG",43.1596248387687,-8.87336662453015,17.1431291071193,44.0623405129208
"CAP2",7.61588904433489,-10.5117479474997,-1.4479294515824,12.9807014774774
"CCT6A",-1.03506198223169,6.360902469234,2.66292024350115,6.44456620186095
"RPL13A",-3.00847788944227,4.72293001919927,0.8572260648785,5.59973277733113
"ARL1",-22.2877205812397,-1.39485459278901,-11.8412875870143,22.3313257117091
"STAT3",-7.9799356103645,-15.5431317063617,-11.7615336583631,17.4719293607452
"MDH1",6.37226046211822,0.166607112842454,3.26943378748034,6.37443811854228
"MDH2",-3.64275307499637,-9.34013201852975,-6.49144254676306,10.025353664034
"HADHA",0.377344009414593,-9.85149482206612,-4.73707540632576,9.85871891934427
"EIF2S3",6.74279102463162,-7.20613475734192,-0.231671866355152,9.86882003801995
"NAA10",1.7711289677241,-2.89414471757993,-0.561507874927912,3.39307699096369
"PPP1R2",-8.70794554177541,-9.08165269457571,-8.89479911817556,12.5819208081843
"GARS1",-0.794105693652416,-1.63583299783784,-1.21496934574513,1.81839309542968
"IARS1",19.7165918677531,-2.37055986682395,8.67301600046455,19.8585887958269
"EIF1",-19.7568053604504,0.611684610355658,-9.57256037504736,19.7662721855505
"ECI1",-2.2675943907292,-3.31610803092526,-2.79185121082723,4.0172822646204
"TMPO",-17.7559747884982,22.8294566240318,2.53674091776678,28.9215962636631
"AKR1C3",21.6512510500395,3.08390603394719,12.3675785419933,21.8697770555178
"RPS27",7.08680230079216,-6.43129838792158,0.32775195643529,9.56997209008448
"LRPPRC",6.44244359134634,-9.65541945196231,-1.60648793030798,11.6074202224703
"ACAA2",0.633508975265549,-4.79527012457809,-2.08088057465627,4.83693592984373
"RPL35",-6.02660751867717,-0.886954212492363,-3.45678086558477,6.09152574969803
"SLC1A4",-6.37054739144461,0.177056022264594,-3.09674568459001,6.37300736714323
"PAFAH1B1",-0.980291455700453,2.76851935442385,0.894113949361698,2.93694922563172
"CRAT",-3.82182236537536,-10.9753390981091,-7.39858073174224,11.6217208067896
"GPD2",-0.905068886409275,9.90238060568649,4.49865585963861,9.94365583420012
"NAMPT",-9.40789733994352,12.928163268148,1.76013296410227,15.9889317293811
"PSMC4",4.87456813764179,0.845181978520049,2.85987505808092,4.94729694937828
"TSFM",5.54140954101732,-8.33289113426689,-1.39574079662478,10.0072121171094
"TNNT3",18.9892733267143,-26.7703423676509,-3.8905345204683,32.8213913775438
"ASPA",-6.61868844804792,-0.532114270134414,-3.57540135909117,6.64004385292775
"PPIC",10.9719577060457,7.93001370568332,9.4509857058645,13.5376871464656
"VDAC2",11.5416613362806,-5.70270921856704,2.9194760588568,12.8736490100097
"ACADSB",1.83682428539088,2.89252598539531,2.36467513539309,3.42646027725243
"USP5",0.228483268503666,-5.65167389328124,-2.71159531238879,5.65629051587548
"MAP2K4",-6.39371531718102,2.31448179175793,-2.03961676271154,6.79973687149247
"PHKA2",-14.1746774682541,-3.67435073484553,-8.9245141015498,14.643166824553
"PHKA1",-0.750032824895737,-5.77602217486658,-3.26302749988116,5.82451555092538
"CRKL",12.0024443037126,2.23795541723321,7.12019986047293,12.2093043910473
"MTIF2",5.85990236253034,5.42191303439833,5.64090769846434,7.98345768767939
"BAG6",17.1420101946125,6.12275545746802,11.6323828260402,18.202654968552
"NSF",2.95016200364473,8.05545940566635,5.50281070465554,8.57868766677559
"MAP2K3",-1.67788636676533,-7.87161240208608,-4.7747493844257,8.0484523026761
"RPL27A",17.7422279887715,7.84566648111813,12.7939472349448,19.3995138222195
"RPL5",-4.71918998317198,9.27042885249313,2.27561943466057,10.4024807236739
"RPL28",15.0475930700026,-0.783348462867945,7.13212230356733,15.0679690739883
"RPS9",9.81347553789848,-7.14982907027817,1.33182323381016,12.1418432648065
"RPS5",8.47350850534646,-8.60538338627558,-0.0659374404645607,12.0769602804251
"RPS10",-8.6562903250048,-11.2028380997532,-9.92956421237901,14.1575048536122
"GNPDA1",9.51618959898518,2.05639034909635,5.78628997404077,9.73584129655421
"UTRN",6.69035420730845,3.85233277985813,5.27134349358329,7.72018829213506
"IQGAP1",13.5560706363479,-4.94465453035362,4.30570805299712,14.4297144643336
"GYG1",-2.83634922702081,-6.52721917001875,-4.68178419851978,7.11684389537116
"STT3A",-6.1275202397042,1.78935347301116,-2.16908338334652,6.38343873937565
"CAPZA2",19.8360718731312,-2.92129270703098,8.45738958305009,20.0500298861667
"CAPZB",25.3263802022287,-14.8469012721956,5.23973946501655,29.3573842760926
"EIF1AX",4.45699057507641,-13.5023589120802,-4.52268416850191,14.2189472597992
"QARS1",-3.68664216438489,-2.53044799014652,-3.1085450772657,4.47152071213553
"RPL29",43.9380263409607,7.90175294092466,25.9198896409427,44.6428925841323
"UQCRFS1",0.14819991008831,-9.8471060730927,-4.8494530815022,9.8482212215247
"ATP5PO",-1.90982469153793,-3.31125201795053,-2.61053835474423,3.82254107614155
"LIMS1",1.82902619259582,0.896704414672536,1.36286530363418,2.03701144338827
"PREP",-0.368026971331787,-7.38670924209571,-3.87736810671375,7.39587163753468
"ME1",-1.12351851389612,-3.99932747017139,-2.56142299203376,4.15414420365192
"PIP4K2A",2.21553895686122,2.49180895138537,2.3536739541233,3.3343252270248
"ARCN1",-5.56160735489362,7.86798951601354,1.15319108055996,9.6351821671469
"LSS",0.693706502962641,-11.043099632974,-5.17469656500566,11.0648668413155
"GCLM",0.88071424430067,10.1709086108231,5.5258114275619,10.2089685840358
"CD151",9.13047327532044,-5.59951860724531,1.76547733403757,10.7107493138542
"PSMD8",9.89732748431828,-3.05672750666302,3.42029998882763,10.3586038818864
"GSS",-3.64653535318394,-3.76868041611473,-3.70760788464933,5.24406065571586
"CCT5",1.30560830015532,-1.83867315549443,-0.266532427669553,2.25506807129415
"NES",55.8601561375874,59.502912662122,57.6815343998547,81.6146657102249
"IDH2",-4.17931873673224,-7.91596922483532,-6.04764398078378,8.95149562205897
"TNNI2",38.3743272299445,-30.5828622677569,3.89573248109379,49.070362285594
"PXN",20.1022249023534,-3.5117875762133,8.29521866307007,20.4066679790025
"ALDH9A1",-3.93319874050826,-2.36943413017197,-3.15131643534011,4.5917611468324
"RPL34",33.7045971448273,-12.0231920887811,10.8407025280231,35.784871338302
"LMAN1",8.05657914739974,1.72856547504307,4.89257231122141,8.23992755792351
"FNTA",8.39599078180935,-7.14733290278504,0.624328939512157,11.0261973876519
"CCT3",2.78460207640518,1.1739073501122,1.97925471325869,3.02193103669946
"MRPL19",-3.56548285793103,1.72878940219078,-0.918346727870128,3.9624967895668
"TUFM",2.65050679802611,-9.1325662442224,-3.24102972309815,9.50941388790567
"ALDH7A1",0.992600934912133,-16.1684416103922,-7.58792033774005,16.1988814652324
"CDC34",-13.4948640749866,46.5294888717174,16.5173123983654,48.4469265389007
"PCYT1A",3.33503582602955,-3.0861544765498,0.124440674739875,4.54387647433653
"AARS1",-8.51013917850809,0.388143668241764,-4.06099775513317,8.51898611014096
"CARS1",-5.58677626263745,5.75237075428342,0.0827972458229826,8.01884270350182
"SARS1",-1.65364605582718,-17.5488629820722,-9.60125451894969,17.6266031112491
"PSMB3",-3.26995514102799,-3.95938098763981,-3.6146680643339,5.13510510404791
"PSMB2",6.4715298656897,0.173784954152369,3.32265740992104,6.47386283549501
"ACADVL",-6.09661032348646,-2.0447481888448,-4.07067925616563,6.43036955331696
"ACOT2",-12.3799748880026,-6.28980319325467,-9.33488904062866,13.8861586638441
"TMED10",-4.84439087818167,12.0740023729652,3.61480574739176,13.0095986211327
"HINT1",-6.85030592508143,15.5561685277338,4.35293130132616,16.9976783864874
"NDUFV1",16.2388385947827,-5.08806598897315,5.57538630290478,17.0172939804056
"GSK3A",-3.18472382493749,10.3787085503536,3.59699236270805,10.8563371822317
"GSK3B",3.34090193411753,-5.07120740638622,-0.865152736134347,6.0727893337392
"IDH3A",-10.8806118449157,-7.96751777877395,-9.42406481184485,13.4858834962638
"SULT1A1",26.5022113021557,14.6932521838868,20.5977317430213,30.3027864006498
"GDI2",1.60386612028545,-2.64376552383793,-0.519949701776242,3.09222940236224
"EMD",6.9021801455654,3.54874603797224,5.22546309176882,7.76103660626987
"CPT1A",-0.890420807947947,15.3605756650809,7.23507742856648,15.3863619474489
"SERPINH1",-26.8338848055577,67.4387176727749,20.3024164336086,72.5812511266248
"CSRP3",15.412822628155,-0.20034522304104,7.60623870255698,15.4141246775599
"ST13",-8.38259378973137,-2.33753581374732,-5.36006480173935,8.70241071911653
"DNM2",-10.5181100522814,0.7346180258149,-4.89174601323323,10.5437328643965
"METAP2",-3.08993948586338,-1.94753675063508,-2.51873811824923,3.65248209049297
"NUDT2",5.54594084684151,-18.0175674003673,-6.23581327676289,18.8517955352652
"LRBA",127.404182171616,-42.2060610383604,42.599060566628,134.21317827692
"BCAM",-4.64763573327104,2.03822432703865,-1.30470570311619,5.07492623754375
"RPL14",24.6941674944235,7.10357479315454,15.898871143789,25.6955771113353
"CCT8",5.57446937834925,1.38826003505547,3.48136470670236,5.74473452607565
"CCT4",1.76177134160375,0.998262290003334,1.38001681580354,2.02493601373944
"ATP1A2",1.55571272478049,5.88201711541887,3.71886492009968,6.08427213626449
"ANXA11",-3.02356748955965,3.47666863911461,0.226550574777479,4.60751399239602
"FXR1",2.5140145478165,-2.08877602452323,0.212619261646635,3.26852480903176
"RAB5C",-10.5079972061869,-1.82850213080214,-6.16824966849454,10.6659001180201
"RAB7A",1.81009442913307,-2.78985759065948,-0.489881580763204,3.32561982471522
"DUSP3",2.26995412372514,-4.08238964293025,-0.906217759602552,4.67103809880854
"IDH3G",0.691718695462129,-9.04540562253754,-4.1768434635377,9.07181556414622
"GALK1",12.0808197743768,8.55113798118678,10.3159788777818,14.8009515638106
"SSR4",35.7298112926333,2.27389143271138,19.0018513626723,35.8020948724365
"BCAP31",9.666080615598,-3.3761335016142,3.1449735569919,10.2387202270577
"MECP2",0.751926103705536,0.161501145490803,0.456713624598169,0.769074434257588
"ALDH3A2",6.81865781864036,4.57153941364337,5.69509861614186,8.20932805156427
"ALDH5A1",-0.772177279568123,-5.13702445399309,-2.95460086678061,5.19473560366688
"HSD17B4",-9.57974033187766,-2.86115278761917,-6.22044655974841,9.99788078046065
"PSMD7",-19.0198659383825,0.772277274980469,-9.12379433170101,19.0355381458863
"UBE2D1",-9.75612164561191,0.403002266325856,-4.67655968964303,9.76444163230243
"SUOX",1.45960271516259,5.55382467578634,3.50671369547447,5.74242184234868
"STAT5B",-4.01226723810297,-5.2810555871739,-4.64666141263843,6.63233265938727
"RPS6KA3",8.87917899543853,0.648706014312452,4.76394250487549,8.90284444017989
"HDGF",-5.99659598441031,-1.88102742050419,-3.93881170245725,6.28469788907426
"LUM",5.68191537266248,9.08849479483928,7.38520508375088,10.7184373832158
"PRELP",8.55285213754038,0.843720969913001,4.69828655372669,8.59436703671073
"NDUFA8",19.7157162235253,-4.40276363971347,7.65647629190591,20.2013314876461
"HNRNPA3",-6.26414159110336,3.34388657249412,-1.46012750930462,7.1007779350644
"MYOM1",37.8837187640148,-14.6588150840677,11.6124518399735,40.6208937255184
"PGD",13.3267803627535,2.86098351122268,8.09388193698811,13.6304182433468
"HNRNPM",-3.10951911238216,8.3403112377587,2.61539606268827,8.90111794399748
"KPNA1",2.8308516084238,5.86279698218577,4.34682429530479,6.51046152613178
"MAP2K6",6.94468563907177,-3.97428866233109,1.48519848837034,8.00147667603069
"ARHGDIA",1.53741146088833,2.21985766715373,1.87863456402103,2.70025962871943
"ARHGDIB",1.65024891531564,7.4871225440773,4.56868572969647,7.66683281887189
"RIDA",4.41128066155838,-0.754635759386263,1.82832245108606,4.47536280142553
"MRPL12",9.8392067722739,-0.994654065264378,4.42227635350476,9.88935420627189
"THOP1",-4.05616962179625,2.30188873644599,-0.877140442675127,4.66381858092268
"AKR1C2",31.7738248168732,8.48406554307098,20.1289451799721,32.8870082499529
"CAPZA1",10.2602979231231,-14.336618577227,-2.03816032705193,17.6298708361728
"CRIP2",3.28411875455967,6.16140716298477,4.72276295877222,6.98200359654237
"BLVRA",8.11727903840105,-1.13653363653533,3.49037270093286,8.19645824086485
"PPP5C",-6.09303570729708,1.38428710430959,-2.35437430149375,6.24830656398636
"NUBP1",-2.86502523366877,1.39480592860253,-0.735109652533124,3.18651112786753
"SUCLG1",0.595719745830394,-3.57390603858779,-1.4890931463787,3.62321492437676
"COPA",-1.83104774935833,3.12564336282918,0.647297806735423,3.62248289050871
"HCCS",-0.33474685728098,0.364444012163247,0.0148485774411338,0.494848357035908
"MAPK12",1.67009283285186,-3.17507089863953,-0.752489032893836,3.58751798347141
"TTC3",-0.707385633748032,-6.18406501342603,-3.44572532358703,6.2243919000263
"SMTN",3.8581235108483,-2.06901915993382,0.894552175457241,4.37789416376569
"SLC16A1",-14.7216279145264,-5.61701518956757,-10.169321552047,15.7568140210385
"IST1",-1.13076321879275,6.35971196721448,2.61447437421086,6.45945522183609
"SEC24C",12.0579674647558,4.20733587237181,8.13265166856381,12.7709143965519
"SUB1",1.91353655740963,2.74801299249252,2.33077477495107,3.34861128879582
"RARS1",-4.46244330198342,-2.05382634999274,-3.25813482598808,4.9123927875671
"CACNB3",-2.61869037895636,-9.05410829287889,-5.83639933591762,9.42520112676737
"CACNA2D1",0.982649868356892,-2.83594846154276,-0.926649296592934,3.00136709522653
"MYOM2",15.3875329923568,-18.312210295411,-1.46233865152712,23.9188882997147
"YARS1",-4.040603631915,-8.03850212629949,-6.03955287910725,8.99688802557674
"USP14",-1.39211901058408,-4.30344782045331,-2.8477834155187,4.52301431381705
"PRKAG1",-3.82150505490208,0.0717663855759181,-1.87486933466308,3.82217886796795
"PRKAA2",2.16598534802162,-2.27687518386081,-0.0554449179195924,3.14255519135712
"HSPA2",3.18893682443975,10.3662993940475,6.77761810924363,10.8457125721318
"RAD23A",-5.92852121164765,-3.79349130735208,-4.86100625949987,7.03831940564734
"RAD23B",-9.52308431160178,-3.8570765055754,-6.69008040858859,10.27454008585
"AK2",2.0308960342464,-12.3857698465975,-5.17743690617556,12.5511686067395
"NAPA",5.05688731998558,3.82806928336591,4.44247830167575,6.34241466677168
"EIF5",-5.57413343405474,-3.42831523721704,-4.50122433563589,6.54402849217372
"PSMD4",5.04010595560735,-0.836303436848722,2.10190125937932,5.10901864179743
"DRG2",-0.804098630856515,4.15144932651588,1.67367534782968,4.22860569440738
"RRAD",32.7377340029392,2.39045543586327,17.5640947194013,32.8248915434317
"CSE1L",-2.14996544176313,-8.89189496291574,-5.52093020233943,9.14812261790921
"VCP",4.57038112161498,-1.57198820553093,1.49919645804203,4.83316982063976
"HADHB",5.59607075693353,-8.83614955490967,-1.62003939898807,10.459137004234
"NAP1L1",3.39939542520419,5.10221542543537,4.25080542531978,6.13094540054385
"ADK",-3.6483917055082,-11.3317207138278,-7.49005620966801,11.9045645184112
"LAMB2",12.0071083692834,-37.0254296774701,-12.5091606540933,38.9236829474422
"CDH13",-16.3952193756496,9.67570279061906,-3.35975829251528,19.0373959056398
"TPD52",-1.58384882269065,-26.9701286764403,-14.2769887495655,27.0165952317623
"SEC13",6.97014434375642,-3.9781939266528,1.49597520855181,8.0255179951737
"SNU13",-1.81716180661541,5.43020897052133,1.80652358195296,5.72618952663567
"NPEPPS",-1.81777123337443,-2.46200611729422,-2.13988867533432,3.06035396293922
"HNRNPH2",11.0730702564761,-14.9393737464486,-1.93315174498627,18.5956385435116
"OXCT1",-4.79776818206233,0.329263307173164,-2.23425243744459,4.80905332204378
"SH3BGR",-1.38849102874001,-12.657453730256,-7.02297237949799,12.7333829860906
"EIF3B",7.10382263324776,-10.684430116913,-1.79030374183264,12.830484906185
"ATP5MF",-6.68048160441764,-8.06768151579423,-7.37408156010593,10.4745558143174
"NDUFV3",21.7710731147643,-1.3750689686569,10.1980020730537,21.8144548232811
"MARS1",14.6689895600626,-11.5641219225155,1.55243381877354,18.6790837717493
"ARPP19",0.162491289731378,-10.8925853710509,-5.36504704065975,10.8937972940968
"ATP5F1E",-1.58779028704346,13.1015790487874,5.75689438087195,13.1974410992152
"ATP5ME",5.39755447690222,-2.94628633738611,1.22563406975806,6.1493249640099
"EIF6",3.35363633786129,-2.06535055201109,0.644142892925098,3.9385974139681
"NDUFA6",11.0894254597106,-14.8993988911838,-1.90498671573661,18.5732992315606
"SYNJ2BP",-0.781743354640014,-8.71033254013943,-4.74603794738972,8.7453425108646
"EEFSEC",11.1271797418273,-0.624289002186195,5.25144536982057,11.1446788094222
"MTPN",-3.75417036857938,-9.13204444939247,-6.44310740898593,9.87360273567857
"DEFA3",3.10374497054971,25.5254112816991,14.3145781261244,25.7134177802583
"ARPC4",2.21479613306937,0.251934940062181,1.23336553656577,2.2290789858332
"CD81",-75.7826318128964,4.28807252520022,-35.7472796438481,75.9038526721167
"TPI1",4.16418507184276,5.52904021690157,4.84661264437216,6.9217572214484
"EIF3E",4.12671893308771,-8.5183434902328,-2.19581227857254,9.46530427246246
"SEC61B",-12.213439348033,24.3356269569113,6.06109380443919,27.2284931660573
"GABARAPL2",6.38397604044533,-7.95365898198929,-0.784841470771983,10.1988156805954
"ROMO1",49.0185319872502,-8.3211300723998,20.3487009574252,49.7197916715956
"MYL6",27.7637125380005,21.7680299331226,24.7658712355616,35.2798931554795
"ACTB",44.0311901883321,-25.8183287657047,9.10643071131366,51.0424510545398
"EIF4A1",0.184200013260448,1.26142798652093,0.72281399989069,1.27480594996392
"RPS20",11.5456040221981,-8.42840706100954,1.55859848059426,14.2947199281228
"PRPS1",0.95662638551326,-1.60259588338884,-0.322984748937792,1.86639963751471
"PSMA6",-3.90273373797242,-6.1069033326497,-5.00481853531106,7.24745465276162
"S100A10",6.16074382103406,-1.44470317887687,2.35802032107859,6.32786944424948
"CDC42",10.3239483932013,-1.60763571113061,4.35815634103533,10.4483684374732
"DSTN",-1.5459180681427,5.47326751907829,1.96367472546779,5.6874001097872
"RAB2A",11.8272270347823,0.571842747322069,6.19953489105217,11.8410431744821
"RAB5B",-1.56674627573547,1.73034050999404,0.0817971171292875,2.33426051953449
"RAB10",-23.0054439055757,-8.4049034056128,-15.7051736555942,24.4927101511913
"UBE2D3",-13.782334027471,1.48878204438736,-6.14677599154184,13.8625107112845
"UBE2M",-11.3193794454717,-1.08576545274193,-6.20257244910684,11.3713340311916
"UBE2K",4.57240797263285,1.41470519880171,2.99355658571728,4.78626216036199
"UBE2N",-7.31839062669104,-3.94692114107749,-5.63265588388426,8.31486787981166
"RAB14",11.8093372338182,1.65215455268996,6.73074589325409,11.9243473854136
"ACTR3",5.65708524060242,-1.29438048635805,2.18135237712218,5.80327788951263
"ACTR2",-0.775179423304422,0.82945653705751,0.0271385568765439,1.13529788389744
"ACTR1A",5.24928152911428,-3.96713363571643,0.641073946698928,6.57974968030951
"COPS2",2.57156069559689,-6.51838852515075,-1.97341391477693,7.00730428738155
"ABCE1",-9.991118429825,-5.01338866191485,-7.50225354586993,11.1783949364032
"RAP1B",-4.66722442443839,7.16595528743654,1.24936543149908,8.55183600226373
"RPS3A",9.76179115958502,-4.55117473292062,2.6053082133322,10.7705969237052
"RPL26",-0.106458739035787,7.58815775343612,3.74084950720017,7.58890450290092
"RPL15",-12.4389944404044,8.08484505770758,-2.17707469134842,14.8355418605304
"RPL27",41.2001398433011,16.0824443455925,28.6412920944468,44.2277801753225
"PCBD1",-9.88150276228788,1.27883004612407,-4.30133635808191,9.96391003210952
"RPL37A",19.9408349606589,-7.20791924582696,6.36645785741598,21.20356099297
"RHOA",0.1957387096591,1.58256093903157,0.889149824345333,1.59461994475407
"HSPE1",-9.96445794915684,-8.44850802518781,-9.20648298717233,13.063985229331
"SEC61A1",-6.81906143741107,-11.5888327304468,-9.20394708392895,13.4462129590998
"VBP1",-4.30909700792887,-7.83052058039056,-6.06980879415971,8.93786157778591
"B2M",8.95967925583362,1.05899343755489,5.00933634669426,9.02204630159919
"NPC2",48.4319047162472,0.0122120999055255,24.2220584080763,48.431906255887
"PKIA",-0.172860599570232,-3.58135923085021,-1.87710991521022,3.58552851435876
"SUMO2",-10.8083814056533,-4.41675883252498,-7.61257011908915,11.6759953406448
"UFM1",12.2852811094799,4.25053639049376,8.26790874998682,12.9998150581404
"NUTF2",-1.72423650396328,4.74303608962935,1.50939979283303,5.0467200109701
"HNRNPK",-5.55487554491312,3.78359478029139,-0.885640382310867,6.72102907157246
"YWHAG",4.06738623189268,-3.07808782139935,0.494649205246661,5.1008092883029
"RRAS2",-4.9745431029708,2.70500329192545,-1.13476990552267,5.66243074064856
"TIMM10",4.54019773125389,2.62730646768174,3.58375209946782,5.2455823998871
"RPS7",26.2265763857041,-3.08616521427554,11.5702055857143,26.4075315893966
"PPP1CA",-1.20075727713617,-1.58814455313515,-1.39445091513566,1.99098497238134
"PPP1CB",4.65707016410147,-5.44079753040415,-0.39186368315134,7.1617442205245
"PSMC1",1.44184691633245,-1.98157090516508,-0.269861994416315,2.45062150940005
"PSMC5",-4.8573790374005,-6.20161734267141,-5.52949819003595,7.87744811331059
"RPS8",-0.640798778727671,3.85481136446642,1.60700629286937,3.90770952482888
"RPS15A",2.2684052337151,-2.94512906648569,-0.338361916385296,3.71745175121412
"RPS16",10.6422827090181,-11.983186146503,-0.670451718742454,16.0266943403936
"UBE2G1",0.0702226217599602,0.719407649283081,0.394815135521521,0.722826799761776
"YWHAE",7.72751002385472,-5.20123005302353,1.2631399854156,9.31489158462139
"RPS14",0.76973900851819,-6.01937525369706,-2.62481812258944,6.06839159794876
"RPS23",2.52158095933925,-51.8055126117618,-24.6419658262113,51.8668440094624
"RPS18",7.6729801588902,-11.9590590734228,-2.14303945726629,14.2089309393894
"RPS13",9.68351766701573,-11.1314758284904,-0.723979080737327,14.7539916133795
"RPS11",0.548516362605486,-1.46557810626558,-0.458530871830048,1.56486081988494
"SNRPD2",2.73659609714479,-9.18765612180085,-3.22553001232803,9.58655220667852
"SNRPD3",-0.646694230209452,3.35786493673111,1.35558535326083,3.41957166333949
"TMSB4X",35.9634981366069,10.6606883051313,23.3120932208691,37.5103115604348
"PSMC6",2.72341275023764,-0.615559320567098,1.05392671483527,2.79211215485588
"RPL7A",15.3692676906043,18.3157822607065,16.8425249756554,23.9098780667544
"ETF1",9.35779030635713,-11.8386858325071,-1.24044776307497,15.090484473951
"CNBP",3.38489282464646,-3.33659734931118,0.0241477376676382,4.75293396816887
"RPS4X",7.09308119052562,-13.4078808542975,-3.15739983188593,15.1684893703501
"RPL23A",11.14268796804,-1.76012568181397,4.69128114311304,11.2808482645981
"RPS6",5.64266337708913,-11.6980686455904,-3.02770263425065,12.9878581769316
"H2BC4",-12.1211593473434,-8.29308489705019,-10.2071221221968,14.6866524788112
"RAB1A",-0.072720247037843,2.24472550020046,1.08600262658131,2.2459031158043
"RAN",1.97009068645694,-7.46367060827171,-2.74678996090739,7.71930283520756
"RPL23",9.61543649733013,-5.71051683122737,1.95245983305138,11.1833188952976
"RAP1A",-9.57551257977058,-8.31369033020803,-8.9446014549893,12.681005010327
"RPS15",10.0378087511962,-11.7907775297224,-0.87648438926311,15.4848325557946
"RPS24",-26.4422767569332,-0.763636017912738,-13.602956387423,26.4533011183501
"RPS25",14.0228694794882,-8.94335638699806,2.53975654624509,16.6320321038538
"RPS26",-12.3244736435872,-14.8792901008857,-13.6018818722365,19.3206088024625
"RPS28",-7.86552825639572,-2.72750930665841,-5.29651878152706,8.3250130192131
"GNB1",2.4277458630481,2.66422300833906,2.54598443569358,3.60444645038741
"GNB2",10.8851188965491,-6.85744739677725,2.01383574988594,12.8650844611133
"RPL30",18.9324201051975,4.34815538627211,11.6402877457348,19.4253181776478
"RPL31",5.55105165834566,2.06039584793001,3.80572375313783,5.92109834099969
"RPL10A",1.1810931864391,17.9358119690059,9.5584525777225,17.9746580524523
"RPL32",13.3333098165229,-26.4442656240497,-6.55547790376343,29.6154745877672
"RPL11",30.3474739862432,2.22494226798017,16.2862081271117,30.428926130272
"RPL8",4.13816702238547,4.72346210556253,4.430814563974,6.27977074166277
"PPIA",11.6385813958455,6.64879140191752,9.14368639888151,13.4038428823205
"FKBP1A",13.0854211375374,-0.945064141448537,6.07017849804443,13.1195042809613
"RPS27A",6.03264304465713,-3.26875099378799,1.38194602543457,6.86130564569456
"GRB2",6.18325913255765,1.10987130703737,3.64656521979751,6.282078304076
"RAC1",-0.0805436383629754,-3.10426799080178,-1.59240581458238,3.1053127115312
"AP2B1",13.6107560263805,0.815540936127334,7.21314848125391,13.6351672754005
"VAMP2",-44.5795977748912,-36.7458774025946,-40.6627375887429,57.7719658991936
"PPP3R1",-3.8521602149982,-4.59159450545666,-4.22187736022743,5.99348633305815
"YWHAZ",8.28605039203301,1.36620892611884,4.82612965907593,8.39792581112248
"UBE2B",13.2430325426851,-8.8913707471401,2.17583089777249,15.9509994887378
"PPP2R2A",-8.73215249970601,2.12252219995371,-3.30481514987615,8.98641128412329
"DYNLL1",-2.78154922016506,-19.9162905692438,-11.3489198947045,20.1095908984433
"DYNLT1",-6.2352662778902,3.81029821757861,-1.2124840301558,7.3073194854938
"RPL38",5.96161889038013,-4.82288548325087,0.56936670356463,7.66818910686801
"SKP1",-7.7149876491333,-2.11687408415236,-4.91593086664283,8.00013689348097
"RPS21",4.58974782608896,-8.48743026438303,-1.94884121914703,9.64895111397365
"EIF5A",2.22661358136394,5.35597960839431,3.79129659487912,5.80037288510402
"RACK1",3.70338124291119,-10.2519628576443,-3.27429080736655,10.9003566485168
"UBE2I",-4.81233088032366,-6.41402500620816,-5.61317794326591,8.01861866420771
"SELENOW",-26.4394589405637,-32.5186079495875,-29.4790334450756,41.910677065024
"TNNC1",30.332105400079,-34.7531509233011,-2.21052276161107,46.1282789306001
"PPP2CA",-6.47932788866071,-1.91561474873744,-4.19747131869907,6.75657233768401
"YBX1",3.37260515470692,-1.49007750624835,0.941263824229285,3.68711221746545
"CSNK2B",0.380486295059256,2.03546412835263,1.20797521170594,2.07072065680967
"TPM4",-6.60514237269004,-13.0865101639931,-9.84582626834157,14.6589445061983
"UBE2L3",-7.06808323782326,-3.98448584293054,-5.5262845403769,8.11381094734848
"EEF1A1",5.0025354249958,-13.4639478350473,-4.23070620502573,14.3632604927715
"ACTA1",28.1745079678634,-21.9021191242197,3.13619442182188,35.6862119222916
"TUBA1B",4.88919901460838,4.93924330271194,4.91422115866016,6.94984830106617
"TUBA4A",2.07822461788204,-2.28696887289367,-0.104372127505814,3.09018513813582
"TUBB4B",0.584869534919104,-6.74097860389188,-3.07805453448639,6.76630363721616
"CSNK2A1",4.28140708780072,-0.873369691900429,1.70401869795015,4.36957907242797
"PAFAH1B2",-66.1223374396529,-8.30575425829839,-37.2140458489757,66.6419467173834
"HBB",4.97909474275538,42.2640316829283,23.6215632128419,42.5563127932027
"HBA1",-3.37205170001016,48.64396760697,22.6359579534799,48.7607046423192
"EIF4G2",-1.73822622327626,1.72662092813105,-0.00580264757260807,2.45003065955212
"PIP4K2B",-9.56428858845636,-5.87052565481006,-7.71740712163321,11.2222407596282
"CCT2",5.21644296183107,6.8843376289967,6.05039029541388,8.63744069525556
"GSTO1",-4.49634117780186,7.83200337930186,1.66783110075,9.03091141140208
"PRKDC",3.834733969357,3.37678795725869,3.60576096330785,5.1095872165986
"DCD",-15.8334938917042,-13.9924345175298,-14.912964204617,21.1302568026513
"MRPS25",-0.794072469446704,-0.716501579934025,-0.755287024690364,1.06954457634132
"MRPS5",-16.0553536846676,-2.63028488299333,-9.34281928383047,16.2693816878661
"MRPS36",-3.39327354991342,-18.1041136185314,-10.7486935842224,18.4193711971184
"MRPS15",-20.4465243287335,-6.35935463751066,-13.4029394831221,21.412653934791
"MRPS21",15.3707966490174,-17.9728851015712,-1.3010442262769,23.6492280740773
"SARNP",-26.6714805574427,-16.3359705111461,-21.5037255342944,31.2766975185533
"LACTB",-1.49982844274572,-0.652274312809944,-1.07605137777783,1.63552656255431
"RPL24",12.3460431637993,-4.43549005669474,3.95527655355226,13.1186262179175
"ARF1",-1.99854862578846,-1.11348012362154,-1.556014374705,2.28780125783277
"ARF5",-3.09017781054798,2.05256738785007,-0.518805211348956,3.70974821011733
"ERH",11.493237795883,-9.52255574594136,0.985341024970799,14.9256015948193
"RPL19",17.9579639753771,-3.69840534622896,7.12977931457409,18.334848574394
"SRSF3",17.2493651280533,-12.070778843587,2.58929314223311,21.0533678828754
"MXRA7",13.0245936550032,-15.677910884318,-1.32665861465736,20.3822699809066
"H3-3A",15.2929516683582,-1.6504014000999,6.82127513412917,15.3817487793876
"HSPG2",-2.74269455027218,-8.05468555728349,-5.39869005377784,8.50883851197118
"RBM3",32.0468011789786,7.68061351639316,19.8637073476859,32.9543516063233
"CYCS",1.46079089295792,-4.1780698256096,-1.35863946632584,4.42607924698805
"MPP1",-6.83386786079642,-3.15142149095516,-4.99264467587579,7.5255037939317
"TFAM",-17.5789117977566,-0.762965124590476,-9.17093846117354,17.5954612265393
"PITPNA",-13.5871649105356,0.182417274461358,-6.70237381803711,13.588389395661
"SLC25A3",1.55889072647231,-7.42081838052694,-2.93096382702732,7.58278878341259
"HDLBP",-2.56809484409902,6.72115602783798,2.07653059186948,7.19507119345116
"PURA",14.9425708826525,-12.2455608582566,1.34850501219793,19.3192697925248
"CLTC",11.7419920459,-5.16293842253847,3.28952681168075,12.8269369048461
"FKBP3",1.37393682084338,4.63158073761519,3.00275877922929,4.83107053526621
"REEP5",9.38998296898759,-7.52207903571519,0.933951966636197,12.0313529238163
"SORD",-6.75088872988373,-1.0232069175301,-3.88704782370692,6.82799026356603
"HNRNPU",3.04294127205581,-15.1510401490189,-6.05404943848153,15.4535921125919
"MYBPC1",40.0774637260545,-31.9925942381223,4.04243474396609,51.2808851795515
"PLIN5",21.3689890737695,-6.06450352061867,7.65224277657541,22.2128768282381
"SPTBN1",-2.44807158017852,0.159551293397623,-1.14426014339045,2.45326539063808
"TIAL1",0.0720563372666234,-3.89527220571905,-1.91160793422621,3.89593861250246
"SET",4.02050327179992,-10.3475896596671,-3.16354319393361,11.101218776486
"AMPD3",-1.2955557764425,-3.5092173953797,-2.4023865859111,3.74073141215846
"FABP5",14.1254981977503,-4.58616871631581,4.76966474071726,14.851351548905
"ANK2",-0.0541432649668749,-6.87855619521838,-3.46634973009263,6.87876928119547
"CAP1",12.3761011268238,-5.39005833930155,3.49302139376113,13.4989113636042
"EWSR1",7.05559534289944,1.4374901546226,4.24654274876102,7.20054189539796
"TAGLN",16.0743220253788,63.6172534441485,39.8457877347636,65.6166043342125
"OGDH",4.12903388447563,-0.877757635631344,1.62563812442214,4.22130066283569
"COX6A2",4.99673326860164,-6.15238053139612,-0.577823631397237,7.92585197695822
"ALDH6A1",-3.36752021049815,10.3906923694267,3.51158607946429,10.9227597375469
"BDH1",23.7094120507807,4.82293521911949,14.2661736349501,24.1949772457328
"COL7A1",-30.3473017616785,2.40001339715279,-13.9736441822629,30.4420562465956
"RPL18A",9.00459022311195,7.14812652638064,8.07635837474629,11.4968847051412
"CACNB1",3.89919266573152,-7.36693805877147,-1.73387269651998,8.33519524703951
"MAP2K1",5.05052675471781,-9.61740039667733,-2.28343682097976,10.8628822551904
"FKBP4",0.0663764192160308,5.11191390891828,2.58914516406716,5.11234482808233
"RPL6",22.4739782198034,6.0971137765392,14.2855459981713,23.2863585265765
"AKAP12",-5.73539523869004,-0.716967715847851,-3.22618147726894,5.78003471006502
"SLC25A11",0.375128028529783,4.71482968514265,2.54497885683622,4.72972937890647
"CAV1",7.29527885768894,9.59385225547365,8.4445655565813,12.0525140411161
"ACY1",-6.49059527591762,-7.15982168858035,-6.82520848224899,9.66389536615695
"LMNB2",4.13116466248495,-2.19926080289046,0.965951929797242,4.6800928994727
"UBXN1",-1.4622954265867,-8.87649751446168,-5.16939647052419,8.9961389517315
"GBE1",10.6671387165276,-0.628051206417609,5.01954375505499,10.6856116678234
"EIF4G1",-1.70150172693257,-1.73853617747915,-1.72001895220586,2.43261508816301
"PRKCQ",11.5495774868021,4.9388022544511,8.24418987062661,12.5612303470726
"GLO1",-0.187022198236741,-2.30172205635008,-1.24437212729341,2.30930762942527
"AKR1C1",9.15744427756813,-0.715339446275301,4.22105241564642,9.1853413774428
"SSBP1",-3.60566027756613,-4.05472330037222,-3.83019178896917,5.42600839289801
"YWHAH",-1.41395394694648,2.81967983442104,0.702862943737281,3.15433988858623
"PLP2",-22.6321577366432,-23.2494281856057,-22.9407929611245,32.4461164821607
"UBE3A",0.609456389851445,-36.8029730535208,-18.0967583318347,36.8080189995238
"SRSF11",-3.4131442339906,3.13523173917904,-0.138956247405776,4.63456919469101
"EEF1A2",2.80223073717079,3.66152323516357,3.23187698616718,4.61077536928307
"CALD1",-10.2396892648533,43.5450904213959,16.6527005782713,44.7328306286143
"COL14A1",-7.38597105002643,72.1636934144201,32.3888611821968,72.5406866218003
"PTPN11",3.88185004362995,1.99365307491217,2.93775155927106,4.3638758397022
"PSME1",-0.182380818547561,6.86256772537784,3.34009345341514,6.86499079011557
"CACNG1",-3.8838361888231,-8.7395442353128,-6.31169021206795,9.56367173122338
"ZNF33A",30.1551533729909,3.13647670568136,16.6458150393361,30.317829095664
"PRDX1",1.82421287270787,1.46036774770899,1.64229031020843,2.33675556349006
"RPL18",10.5594733566854,4.89453198050555,7.72700266859549,11.6386820937227
"C1QBP",5.32121352565333,-9.4714017506201,-2.07509411248339,10.8638282620467
"CKAP4",-1.27874811086503,14.1597924549314,6.44052217203321,14.2174160485573
"DPT",14.7128003594989,-30.1887748399166,-7.73798724020883,33.5831597791758
"KLC1",2.6577133325781,4.0116163071313,3.3346648198547,4.81212069194084
"SRSF1",-0.988851347635272,3.10058569858102,1.05586717547287,3.25445212930921
"ARHGAP1",7.51963250298912,-11.5209684343741,-2.0006679656925,13.7578191093594
"ACTN3",29.3685866034671,11.4492685443796,20.4089275739233,31.5214154074125
"PPP3CA",0.00388727578831549,-6.88672358229859,-3.44141815325514,6.88672467940316
"DHX9",7.85111363494997,3.52583139535956,5.68847251515477,8.60647850966936
"CRYZ",2.87153312376512,3.40080665503745,3.13616988940128,4.45097611607019
"SLC20A2",21.6523371072607,-2.29158262727117,9.68037723999476,21.7732646413915
"PUDP",6.03090472837219,4.31954727592588,5.17522600214903,7.41824106589026
"CD47",0.32552037146451,13.9790751684246,7.15229776994457,13.9828647306875
"PPID",38.7922318934692,-14.1905216307612,12.300855131354,41.3062726402394
"AHNAK",19.141848300051,3.92978196805691,11.535815134054,19.5410732217714
"LMOD3",71.6363378680959,-11.5190124137827,30.0586627271566,72.5565472589543
"HSPA14",13.3014117464894,4.74420373598801,9.0228077412387,14.122146562694
"SCRN3",-26.1291112174201,13.5854859136361,-6.27181265189198,29.4498876147586
"NEXN",34.721929537153,-8.99411625346544,12.8639066418438,35.8679037297117
"AP1B1",1.71524272732113,3.89757768374904,2.80641020553509,4.25830593246734
"BST2",23.1209140121638,6.55502127594218,14.837967644053,24.0321652933299
"PMPCA",14.6456682856932,-25.4955199581328,-5.42492583621979,29.4026722845069
"ASPH",-4.47796386340581,-15.1958533617568,-9.8369086125813,15.8419102305872
"EFEMP1",26.1271009471089,-1.0092299635022,12.5589354918033,26.1465858004377
"STX4",-28.6829369574179,1.41693587494365,-13.6330005412371,28.7179139175691
"GRSF1",14.7796918830318,-4.09196886839548,5.34386150731816,15.3356937038164
"AIMP1",7.04960634264604,-1.59859945209842,2.72550344527381,7.22858698464123
"ILF3",38.5575182420046,2.32596702787423,20.4417426349394,38.6276110521641
"TRAP1",-10.579879950742,-3.18965492201795,-6.88476743637999,11.0502379292786
"ANK3",1.1310789922894,-7.3689912915766,-3.1189561496436,7.45529156654052
"HSPB3",0.478234780345602,16.0315446729907,8.25488972666813,16.0386761644229
"ECH1",-1.11384163598546,-6.46925849613369,-3.79155006605957,6.56444580142549
"STRN3",3.9280192592154,-1.20380452040376,1.36210736940582,4.10834280752125
"COASY",5.22817034071462,-0.673865746721226,2.2771522969967,5.27141917856398
"TRDN",13.4568492299412,-17.8083785796761,-2.17576467486747,22.3209573906326
"ACACA",13.764826427056,6.0015033151834,9.88316487111969,15.0162741253993
"GPS1",-11.2021296581961,-8.16942282062364,-9.68577623940987,13.8646016207161
"MTAP",6.99141085480481,0.160222016085857,3.57581643544533,6.99324651611261
"PRKAA1",-16.1930749516738,-5.73381963774424,-10.963447294709,17.1782526477144
"TARDBP",-6.44031838242331,0.955793199221024,-2.74226259160114,6.51085566624363
"PAK1",53.9160031339423,16.8060967760756,35.3610499550089,56.4745985624165
"AIMP2",-4.23146095808498,-1.58136764560881,-2.9064143018469,4.51729847036654
"PRDX4",9.18350445832174,-0.372158781972932,4.4056728381744,9.19104217676183
"PAK2",1.67099833590383,-5.48428553542113,-1.90664359975865,5.73320357850851
"CBX3",-3.91940815419062,2.82105459680847,-0.549176778691075,4.82908990569756
"PSMD2",2.92434031283171,-0.795079710335466,1.06463030124812,3.03049798070215
"MYBPH",12.0922771746157,23.3791291155762,17.735703145096,26.321224239585
"SELENBP1",1.78853006261244,-3.75623855119385,-0.983854244290702,4.16030862296817
"TRIM28",5.71191461746814,4.12529969433013,4.91860715589914,7.04585453761902
"G3BP1",21.8047790802212,-3.06493294892206,9.36992306564957,22.0191326967853
"PABPC4",2.9848557291383,-7.40652307907988,-2.21083367497079,7.9853583416596
"SGCG",-1.11940126762188,-1.50105797887813,-1.31022962325001,1.87249412653476
"EIF3I",-5.12124242360786,-9.10608802651712,-7.11366522506249,10.4473902534575
"CTBP1",8.01351644692564,-7.18078233080336,0.41636705806114,10.7601152748251
"UBE2V1",-3.8829318673678,-7.06813294378019,-5.475532405574,8.0644691826289
"DYNC1I2",3.74611173969513,-4.97823763291963,-0.616062946612251,6.23026509035522
"ILK",8.0856105584337,5.11510464955641,6.60035760399506,9.56772667244253
"NNT",-2.36206909272932,-8.73267927870529,-5.5473741857173,9.04649422613842
"SNTA1",0.0713031244430411,-3.40157659988769,-1.66513673772232,3.40232383826978
"SNTB2",-3.14709053117049,-5.46151702301081,-4.30430377709065,6.30335997734699
"SF3B2",-9.77055350685223,-6.47802858925379,-8.12429104805301,11.7229932284145
"PDAP1",-6.09659138616271,4.05926609764409,-1.01866264425931,7.32434760107111
"TMED1",-12.4233399771411,-6.70320334743462,-9.56327166228788,14.11638449833
"FKBP5",9.22760437269342,9.58640115790003,9.40700276529673,13.3059298667601
"PICALM",-11.6221340832756,-0.985995386070929,-6.30406473467326,11.6638838964982
"MTM1",4.05701773210019,-7.74891314293031,-1.84594770541506,8.74671639961268
"SQSTM1",2.85631629282954,9.52791095757938,6.19211362520446,9.94684020079968
"MTX1",-14.0342022488621,-3.83881078706774,-8.93650651796493,14.549752610298
"ART3",4.99221492813079,10.9523680998062,7.9722915139685,12.0364686217472
"ASAH1",-0.442195993587905,-2.99496683681951,-1.71858141520371,3.02743516039466
"PIN1",-1.76324759680165,6.55138685228681,2.39406962774258,6.78452001072613
"CAMK2B",-6.87182964083501,-16.3698728848539,-11.6208512628444,17.7537258309047
"CAMK2G",2.95637962821371,-1.36951649911503,0.793431564549341,3.25818292111804
"CAMK2D",2.40057322543771,-1.20412375542055,0.598224735008579,2.68564067385354
"DCTN2",0.276754139386419,-6.41636838696356,-3.06980712378857,6.42233416530881
"NAE1",-14.11139175316,-32.8406248614878,-23.4760083073239,35.7440627028339
"STIM1",2.08844335246964,-3.82124919850109,-0.866402923015723,4.35471480966548
"CUL1",-4.64457912980016,-5.06648714215365,-4.85553313597691,6.87323848375593
"CUL2",13.5120609597218,0.763460344056103,7.13776065188895,13.5336123439451
"CUL3",-3.42205098707115,-5.03357796891598,-4.22781447799357,6.08665262088046
"CUL4A",6.18013674936648,-6.16693796405899,0.00659939265374554,8.73070524605098
"FHL1",0.445965470723717,-6.90048268512484,-3.22725860720056,6.91487863152966
"FHL3",3.99750541498111,-5.60521391422067,-0.803854249619782,6.88465486186318
"ITGA7",-7.33553539497047,-9.88757147149753,-8.611553433234,12.3115453593299
"AAMP",-1.58058212792963,4.59485680450751,1.50713733828894,4.85910988937887
"CACNA1S",-4.09631145001653,-9.08959295999709,-6.59295220500681,9.96997831863064
"MOGS",25.5209735749382,9.63444827691367,17.5777109259259,27.2789788264373
"SPTAN1",6.74915207153458,8.62473016069399,7.68694111611428,10.9515763262411
"AUH",-4.64753839466597,-9.49557630549884,-7.07155735008241,10.5719242573642
"DDX39B",0.356607921996247,-14.2602334238439,-6.95181275092382,14.2646916024338
"BLMH",-24.6897110120335,9.90738543193017,-7.39116279005167,26.603347833582
"SNTB1",1.5023916734632,2.09031095645641,1.7963513149598,2.57421456665392
"TUBB2A",-1.64848469919918,-4.79759811025175,-3.22304140472547,5.07291330804943
"IDI1",0.639371909007419,-0.898876862110651,-0.129752476551616,1.10307572326912
"PRKG1",-1.66221646705343,-16.8354475209985,-9.24883199402599,16.9173064290873
"COX17",-18.7723002331705,-21.4500865482377,-20.1111933907041,28.5044815594176
"HNRNPD",10.6955173274914,3.83341670895967,7.26446701822554,11.3617417048268
"SCARB2",1.53125664688935,-3.90164149193721,-1.18519242252393,4.19136651347133
"NID2",34.9467500745916,-39.4225517450627,-2.23790083523554,52.6821879468584
"IL18",-20.3749129274581,9.14818041917452,-5.61336625414181,22.3344192175053
"DAG1",-13.4600886834052,3.4997924772876,-4.9801481030588,13.9076430335701
"EIF3A",6.70589155572137,-8.29995182165425,-0.797030132966443,10.6704349395363
"UBAP2L",19.2224691876453,-8.40811298026285,5.40717810369123,20.9809362412367
"MLEC",-1.76087261939164,6.19196958061968,2.21554848061402,6.4374808480525
"DPYSL3",-1.06680246445782,-1.20936841471014,-1.13808543958398,1.6126498258059
"DCTN1",-0.56075773133465,-9.60992723856437,-5.08534248494951,9.62627398133634
"DYNC1H1",5.14671868287004,0.798991856987003,2.97285526992852,5.20836838060971
"EIF2B1",-2.31664697918246,2.77303841905836,0.22819571993795,3.61339110804918
"EIF4A2",2.75610349350785,2.1875988930805,2.47185119329418,3.51876333161712
"CTTN",-12.6932433416223,-23.1614087124238,-17.927326027023,26.4115368745096
"ENDOG",-2.52070033334278,3.3588897155328,0.419094691095012,4.19953215151717
"FLOT2",15.6477575819812,-1.41464757876241,7.11655500160937,15.7115736040839
"TRIM25",3.33320117830615,4.95164696862115,4.14242407346365,5.96900643297664
"FLNC",3.83048508994789,-6.36428373000325,-1.26689932002768,7.4281036220759
"MYBPC2",5.15607483114853,-57.8114535272249,-26.3276893480382,58.0409275132203
"GAMT",-3.05495945107789,4.49571453380498,0.720377541363543,5.43546009250325
"CAPRIN1",7.79964158313374,-5.90640560908538,0.94661798702418,9.78366168897843
"PRPSAP1",-5.00538122524239,-4.69511579207401,-4.8502485086582,6.86279487606848
"ITIH4",1.51754679308909,45.2327042776437,23.3751255353664,45.2581537906484
"CLINT1",-6.52761251456222,-4.66362192863125,-5.59561722159673,8.02241202092485
"GANAB",5.96567507877296,-4.18420126841774,0.890736905177611,7.28675643891859
"SSPN",1.5170841346897,0.95629785967169,1.23669099718069,1.79333484551543
"MVP",29.188364317738,49.4138916099265,39.3011279638323,57.3907073974748
"LTBP3",-4.13623051836008,-13.0519840286201,-8.59410727349011,13.6917015007036
"LASP1",28.7994539620745,-9.57465644819037,9.61239875694208,30.34934257302
"PTGR1",5.41721672995048,7.58677358145913,6.5019951557048,9.32230499799173
"KPNB1",9.6556869107798,1.36999632739646,5.51284161908813,9.75239353472183
"NUMA1",8.41507393628097,8.03604442602894,8.22555918115495,11.6357844329545
"PSME4",10.532695027284,-2.19673962497312,4.16797770115546,10.759336853064
"SLMAP",10.3233174230342,3.29899892166425,6.81115817234921,10.8376324214223
"EMC2",-0.6077978273693,2.75169216255422,1.07194716759246,2.81801844501011
"PSMD6",2.78241525556234,-1.81457251496907,0.483921370296638,3.32182300348276
"ABRAXAS2",0.626465961951434,-5.6782147212483,-2.52587437964844,5.71266855524497
"SEPTIN2",-6.52445956880702,6.64285798186385,0.0591992065284117,9.31107592237383
"KARS1",-0.819305805504374,-1.51978023798133,-1.16954302174285,1.72655552319981
"EIF4H",-5.50794036618016,2.26432670428111,-1.62180683094952,5.95521473173868
"EEA1",2.82712335011109,10.271147436195,6.54913539315306,10.6531261183185
"PDIA6",3.7034494683369,7.9362999678736,5.81987471810525,8.75787617773826
"PAFAH1B3",-2.03918714590007,17.7745066070937,7.86765973059684,17.8910974884612
"PLCL1",-1.07074875429261,-0.438416656869599,-0.754582705581102,1.15702725112241
"PDK1",-0.163576884830874,-0.859755877905258,-0.511666381368066,0.875178591399272
"PDK2",10.9584443702618,-25.4860156797149,-7.26378565472659,27.7421069539211
"PGM5",27.0471083529327,-7.10880467400384,9.96915183946444,27.9657142613669
"PLEC",3.90694522839028,-8.27118393113831,-2.18211935137401,9.14749717903002
"PPP2R5A",5.90791399161028,0.102287382769422,3.00510068718985,5.90879940774252
"PPA1",-3.4601412506816,-1.08967578084684,-2.27490851576422,3.62766740234446
"PTGES3",-1.30986665976427,-4.35349322520369,-2.83167994248398,4.54627913004211
"STK38",20.2325170582032,-3.03551454249263,8.59850125785527,20.4589612406927
"NONO",-5.83428855458391,1.38987455908364,-2.22220699775013,5.99755568778955
"PTPA",-17.6273680578768,-3.05059502007831,-10.3389815389776,17.8893888834801
"RABEP1",12.9638601454373,-2.21382215769389,5.3750189938717,13.1515276077098
"RAB35",11.5222835579081,2.40756364339261,6.96492360065033,11.7711248861706
"TMED2",0.754509283298987,-1.70036743400414,-0.472929075352576,1.86025096941412
"PCBP1",5.1582220046389,-0.0888910209812348,2.53466549182883,5.15898787193303
"PCBP2",-2.73055157526797,4.71372838482081,0.991588404776421,5.44748998999207
"ELOC",-2.03331857719239,-8.13227332081406,-5.08279594900322,8.38261616685267
"ELOB",-2.7804986667313,-0.609890529067199,-1.69519459789925,2.84660135831142
"UBE3C",30.425596591213,6.52491781422837,18.4752572027207,31.1173822872951
"DHCR24",10.717084805202,-0.807768210246756,4.95465829747764,10.747483249737
"RSU1",1.85027377927255,3.71137015621064,2.7808219677416,4.14702079747311
"PPP1R7",-12.0613673507957,-8.45783309227478,-10.2596002215352,14.7313109731489
"SEC23A",0.729946156760082,1.29116380081208,1.01055497878608,1.48321453346989
"MAPRE2",-5.59873685109438,-2.71261136443325,-4.15567410776381,6.2212631146942
"TGFBI",14.114763705358,-1.02960323052906,6.54258023741449,14.1522661531787
"TSN",2.27431133897582,6.01935061960979,4.1468309792928,6.43467745488387
"SF1",11.4748518095261,4.71935408221011,8.09710294586812,12.4074383739698
"TRIP10",1.53382352279059,5.96843133115753,3.75112742697406,6.16236863176884
"MAPRE1",5.1208670915357,11.6131113863871,8.36698923896142,12.6920304065901
"ELAVL1",-1.00776237717753,5.54865638951099,2.27044700616673,5.63943017845914
"MYLK",10.5205342277132,3.72414305458805,7.12233864115065,11.1602366429894
"SPEG",-1.97849634302345,-10.6353638847937,-6.30693011390856,10.8178284669952
"TBCE",10.5938180627269,-6.93904941509942,1.82738432381375,12.664098386042
"UBE2V2",1.25893326278785,-5.80763531775097,-2.27435102748156,5.94251974705529
"NEDD8",-1.75703253860166,-8.79879989655131,-5.27791621757649,8.9725159772082
"ADIPOQ",-6.90843375532194,7.26117582507407,0.176371034876064,10.0225311830052
"RAB11B",2.49356166116231,5.07131800296195,3.78243983206213,5.65120483128904
"ZYX",7.95198286136942,1.85204192747646,4.90201239442294,8.16480806440933
"HSPB2",12.8005754025169,17.2625037761806,15.0315395893488,21.4906669803004
"ETFDH",-0.241671249389512,-9.01628426241824,-4.62897775590388,9.01952254243606
"SEPTIN7",9.51754015809502,2.8825681845502,6.2000541713226,9.94448440088938
"ADRM1",-15.7275927877078,-14.7389468856367,-15.2332698366723,21.554436438784
"DDB1",3.51425558251531,-3.18250822881586,0.165873676849722,4.74113392826238
"CDC37",2.08089010893534,-3.95859962453237,-0.938854757798512,4.47220467250916
"DPYSL2",0.0324379536659833,-4.29508405189709,-2.13132304911555,4.29520654144812
"SYPL1",10.2153044060235,-3.12249745838157,3.54640347382098,10.6818741092246
"RBBP7",-2.23486077051928,-13.4931393942485,-7.86400008238389,13.6769665268373
"SGCB",-6.48414479204063,7.39013108354316,0.452993145751265,9.83148875380013
"SGCA",-8.7541079034106,1.9021730272001,-3.42596743810525,8.95838531265336
"FXN",-7.89957031241722,-7.30594105036718,-7.6027556813922,10.7601108615229
"FSCN1",-1.38770101698137,-4.79514358117975,-3.09142229908056,4.99190505485236
"DECR1",-9.78796449588135,-4.88705703599456,-7.33751076593795,10.9401816916218
"NDUFA5",12.9161747767701,-4.76305340807581,4.07656068434716,13.7664174218369
"CLPP",-10.3497775740975,-9.85352348889513,-10.1016505314963,14.2902001728282
"TST",1.13107921160407,-3.5900449584261,-1.22948287341102,3.76400889829495
"KYAT1",3.20081918530806,-2.34714390150928,0.426837641899388,3.96917219977017
"GUK1",36.1795923083512,-1.89961678923485,17.1399877595582,36.2294278666452
"HAGH",-6.04109553829832,-6.50001399212924,-6.27055476521378,8.87383892127437
"NDUFA9",12.276205262629,-8.31060901296935,1.98279812482983,14.8246901423486
"PHKG1",-7.86634754402206,-1.95877602162368,-4.91256178282287,8.10655458170916
"PPP1R3A",-5.43476800497792,-2.61474792171291,-4.02475796334541,6.0310538019515
"HADH",-3.20174211860193,1.38469072716453,-0.908525695718704,3.48834072359984
"UGP2",-0.715576349233263,-2.90778050899103,-1.81167842911215,2.99453452143236
"TXNRD1",-3.47808079557032,3.70758771864901,0.114753461539343,5.08362594139184
"IMMT",4.25423830693167,-5.68906564164178,-0.717413667355058,7.1038026047374
"IAH1",4.25135506431056,-1.89338716012205,1.17898395209425,4.65391607369043
"KLHL40",18.7656291608678,6.18665549720023,12.476142329034,19.7591382414378
"TKFC",15.8752741963728,-18.049537883231,-1.08713184342909,24.0376818476369
"TIMM50",-1.97564287871577,-6.90227090382782,-4.43895689127179,7.17945042562789
"NADK2",18.2463035703244,-4.22202389042411,7.01213983995014,18.7284030208596
"FAM98B",-14.2900062320571,0.751042741827998,-6.76948174511458,14.3097289741031
"HIKESHI",2.40938154162335,7.36435394418715,4.88686774290525,7.74847265132814
"PDLIM3",5.88456160236561,-1.33526846098222,2.2746465706917,6.03415338841578
"HSD17B12",19.7580571750268,1.74575277921422,10.7519049771205,19.8350315376045
"AGK",-11.7627349207955,-13.2512498338189,-12.5069923773072,17.7188474505309
"LACTB2",0.37217374557336,0.120533877730637,0.246353811651998,0.39120546081936
"DCAF6",4.70221761835477,-4.10602554412014,0.298096037117316,6.2426193460224
"CAVIN4",5.74742881376982,8.26328940759466,7.00535911068224,10.065529782531
"FLG2",45.4740523645788,0.539114643083487,23.0065835038312,45.477247971429
"RABL3",1.50876909228738,6.36052756636727,3.93464832932733,6.53702494230821
"COQ5",0.87382497247183,-5.94706764282524,-2.5366213351767,6.01092202834593
"NOMO2",10.6951848341382,-2.52183541738993,4.08667470837413,10.9884772606937
"PITRM1",9.89557077704334,9.6224236736594,9.75899722535137,13.8026576556428
"WDR44",-20.7737933123676,-7.52288067505214,-14.1483369937099,22.0939861101623
"COA6",-3.59185578411562,1.43561503584009,-1.07812037413776,3.86812855332071
"TOR1AIP1",23.5009713858758,-8.93247456294966,7.28424841146308,25.1412958675065
"GNAS",3.88743411267594,2.27435434587516,3.08089422927555,4.50386852283654
"TTC38",3.64103994484226,-3.07151067881981,0.284764633011225,4.76354382052281
"C6orf136",25.1910234129294,17.7980909969893,21.4945572049593,30.8441194351187
"HP1BP3",15.0767999224481,0.9637495169871,8.0202747197176,15.1075712486496
"IBA57",-3.75651983955971,2.62360697077298,-0.566456434393363,4.58200336556994
"UBR4",15.8772606153391,-5.00027333447633,5.43849364043139,16.6460246926068
"DCAF8",4.48092024398843,-3.74581308079679,0.36755358159582,5.84035631355259
"DDI2",27.2393259914798,-42.3423076946221,-7.55149085157115,50.3473127522826
"MICOS10",-6.37237121112888,11.8474850026348,2.73755689575297,13.4525096446753
"LYRM7",3.35896594763942,8.98993558933638,6.1744507684879,9.59695754590057
"OBSCN",16.1997351204722,1.83527592062271,9.01750552054747,16.3033633241205
"MYOM3",58.7943502852936,-33.9929859044887,12.4006821904025,67.9139066478477
"PDE4DIP",-9.04726498992202,8.81852630654822,-0.114369341686899,12.6340575436853
"BROX",-2.56933805254452,-8.28954058626548,-5.429439319405,8.67859327077815
"SYPL2",0.461593499289833,1.70672977697314,1.08416163813149,1.76804838457363
"ECPAS",5.03140964158422,-2.21966411255468,1.40587276451477,5.49927192944573
"MICOS13",8.3577714638514,-3.53337218249858,2.41219964067641,9.07397723283587
"RNF123",3.35888877222724,-5.09930038204448,-0.870205804908617,6.10614429656827
"TMEM198",17.6177377491943,2.63975487445505,10.1287463118247,17.8144039809531
"CRYBG3",-10.9747669505943,-32.5089834935964,-21.7418752220954,34.3115070698852
"NXN",8.17777409506656,7.25166425593639,7.71471917550148,10.9298958655043
"PTRHD1",-17.1588725617416,-0.190886898639103,-8.67487973019036,17.1599343063475
"ABLIM2",35.2137884500463,7.6494115546906,21.4316000023684,36.0350439730223
"LAMTOR1",14.4643862193841,0.38466583622829,7.42452602780619,14.4695002162849
"DHRS7B",-7.32886753326366,13.0731570716362,2.87214476918629,14.9873191445234
"TWF2",9.31940442520044,-14.6442092771575,-2.66240242597854,17.3581152258427
"ETFRF1",-4.47566047272815,-4.01777931372127,-4.24671989322471,6.01448977727186
"RAB12",2.60642238319153,3.10352527900553,2.85497383109853,4.05281467587998
"DENND5A",16.2816881071311,4.05761301663765,10.1696505618844,16.7796779173702
"RCSD1",-11.6046894466288,-2.41214188889206,-7.00841566776042,11.8527315689188
"SLC25A24",4.48472303438317,0.434784022309032,2.4597535283461,4.50574942059389
"HIBCH",4.42683397191303,-13.0339473726888,-4.30355670038787,13.7651968067625
"CAVIN1",5.69014820940456,4.58557562292207,5.13786191616332,7.30789233900768
"MRPL54",-4.2756437269804,-9.02808746858619,-6.6518655977833,9.98936898009628
"LPCAT3",-8.98340372076018,-3.61015676610393,-6.29678024343205,9.68167208110323
"TATDN1",-4.30203425326557,-5.33137312848545,-4.81670369087551,6.85062319438217
"SFXN4",21.2529867048495,0.86000558420503,11.0564961445273,21.2703797211374
"FAHD1",-2.73080573684704,-8.0764911595687,-5.40364844820787,8.52566768194656
"LMOD2",163.83336165892,8.32039779801832,86.0768797284693,164.044504363846
"SLC27A1",14.7501753414664,-2.74033836669727,6.00491848738455,15.0025706786536
"CCDC137",61.2374697020736,-46.749307665543,7.24408101826532,77.0423614819794
"CORO6",37.6704158888484,16.6392320219396,27.154823955394,41.1816011772095
"TMEM205",-6.84254900387561,-22.9970387983924,-14.919793901134,23.9934213976499
"DHRS11",18.3061491931977,6.9882290207903,12.647189106994,19.5946534322664
"APOOL",-4.36152571329184,-5.5598192671823,-4.96067249023707,7.06643452042382
"NAPRT",12.7508548478141,-15.9402848669617,-1.59471500957381,20.4126671699195
"HSDL2",5.30605018272179,-1.85878283255645,1.72363367508267,5.6222097221794
"KYAT3",4.28710974147162,-0.388800164560386,1.94915478845562,4.30470388103328
"TRIM72",4.13500046602361,-1.78033312685107,1.17733366958627,4.50197899779406
"UBN2",122.440572501876,1.35407446842426,61.8973234851502,122.44805965083
"TOM1L2",5.58822750041731,3.28187074281032,4.43504912161382,6.48066062750818
"XIRP1",-0.172367396041132,-13.2146394931071,-6.69350344457411,13.2157635970081
"VPS13C",5.02930910705678,9.16732074834849,7.09831492770263,10.4562765742603
"UBE2R2",-7.41780738924455,-1.72272143204125,-4.5702644106429,7.61522393606027
"SND1",10.6856324463057,-9.85129489688061,0.417168774712533,14.533779684681
"TRMT10C",3.26340011581625,-4.21504511734292,-0.475822500763337,5.3307021729924
"BZW1",12.4830908736825,-7.13227364853748,2.6754086125725,14.3769567418921
"EIF3M",-2.04305814318446,6.65513241349824,2.30603713515689,6.96167178324483
"COPS6",-4.33477136235556,-0.705643228026453,-2.52020729519101,4.39183049868247
"CHMP1B",11.0453021461446,-23.544174946632,-6.24943640024366,26.006285267551
"MRPL21",2.56071018000387,-0.676351222321557,0.942179478841158,2.64852555243693
"DGLUCY",-0.65264595526331,-1.94125896101605,-1.29695245813968,2.04803151749349
"MYH14",-5.8696838805934,-12.9143481977843,-9.39201603918887,14.1856821560231
"SZRD1",10.6402297564616,-17.3855256465941,-3.37264794506625,20.3831055356801
"MAVS",6.51674249648474,3.70879066149792,5.11276657899133,7.49820384734267
"COMMD6",-29.2337977006786,3.41120464628131,-12.9112965271986,29.4321464583032
"HDDC2",4.83547051112275,-0.866710049458668,1.98438023083204,4.91253105575633
"HDGFL2",12.4436106925038,-2.07279062037833,5.18541003606273,12.6150667070184
"DCXR",-3.03006530970014,2.73979373707257,-0.145135786313785,4.08506615647168
"SPRED2",-10.0597354134097,83.3142240076693,36.6272442971298,83.9193553275281
"HUWE1",-2.32058030740366,8.05325120560582,2.86633544910108,8.38092763026273
"GLRX5",-1.97026532873623,-3.26651723114345,-2.61839127993984,3.81471890012582
"MYPN",26.722110963303,-6.72725235127174,9.99742930601565,27.5558911765301
"SRL",-4.52816239116409,11.2554601888114,3.36364889882368,12.1321737006471
"ACOT1",11.2843013965402,6.23944798785986,8.76187469220004,12.8944239577101
"ISCA2",-2.30113408054807,10.4340932959062,4.06647960767907,10.6848266698311
"MTDH",-8.06571365892744,1.75349808715387,-3.15610778588679,8.25411972105209
"KTN1",-4.44806633621963,15.4039433764993,5.47793852013983,16.0333017709331
"NLRX1",-2.15095623826491,4.08734633274158,0.968195047238334,4.61876745276343
"ALYREF",12.5919760901264,-21.0118682687777,-4.20994608932569,24.4960500897345
"MDP1",10.3695613239458,1.19961584041402,5.78458858217993,10.4387202384031
"NRAP",-0.475764007230147,8.61004531329679,4.06714065303332,8.6231799057888
"VPS36",7.94052534255605,8.34854826268231,8.14453680261918,11.5217273362162
"CAND1",-11.4403628717704,-0.27640963956207,-5.85838625566622,11.4437015395642
"COMMD7",3.26839919058767,-6.86968078854136,-1.80064079897684,7.6075585706249
"LDHD",8.57241846701239,1.24545756065815,4.90893801383527,8.66242015310823
"CARM1",-5.05205820806247,-55.7007265351817,-30.3763923716221,55.929368212816
"NIT1",0.0781581049498641,8.78900946137399,4.43358378316193,8.78935697315173
"NDUFA11",1.80128537109942,6.34051164253882,4.07089850681912,6.59141235831192
"ECHDC2",-7.1459470210177,-1.82546642839757,-4.48570672470763,7.37542449682717
"PHYKPL",18.4332328538146,12.5188776697559,15.4760552617853,22.282422928247
"MUSTN1",-8.74479735014552,-28.9968654830174,-18.8708314165814,30.2867906608692
"NAXD",4.70117936842885,2.43376594744594,3.5674726579374,5.29379864946605
"MFN1",-9.72651265818546,7.13124268619957,-1.29763498599295,12.0606662643204
"SLC44A2",-5.99641839029482,14.1906146251027,4.09709811740393,15.4055372171711
"HSCB",4.51061942260594,1.33807546566066,2.9243474441333,4.70490526231857
"ADHFE1",-16.0227419593914,4.58706490198546,-5.71783852870298,16.6664160608173
"UNC45B",3.3116845030547,-1.64266036581187,0.834512068621414,3.69669951783775
"KLHDC8B",-3.13792388398676,8.76368153451521,2.81287882526423,9.30852729168785
"SUPV3L1",92.7178529783453,1.75584878077736,47.2368508795613,92.734477223172
"PM20D2",11.1494826086024,-12.972109038467,-0.911313214932338,17.1051622425923
"MICU2",-26.5616865164111,-0.550465827122665,-13.5560761717669,26.5673898458792
"FAM185A",27.9659469591018,-5.44606089766132,11.2599430307203,28.4912928562453
"ADSS1",5.93452781178869,3.34501618063167,4.63977199621018,6.8123236562557
"NDUFAF2",7.57493110477292,-7.48184082994972,0.0465451374116004,10.6469490205767
"LRRC47",6.66926706100831,2.87827616349673,4.77377161225252,7.26385550547393
"GPD1L",3.12379755531784,-3.85503977501737,-0.365621109849767,4.96179834672628
"EHBP1L1",3.50309044918545,-3.94055176030137,-0.218730655557957,5.27253173255397
"CMYA5",-1.65119646598683,-2.10762568312269,-1.87941107455476,2.67741214411337
"TXLNB",0.4686867027681,2.45329027270569,1.4609884877369,2.49765898142721
"SYNPO",37.8948807922179,-13.4064220478426,12.2442293721876,40.1964443997387
"TOMM5",15.6280866212402,-1.07982400523682,7.27413130800169,15.6653474689607
"CHCHD4",2.63861278540918,4.87936538712603,3.7589890862676,5.54711492691546
"CBR4",3.37441372994313,-0.834933849543624,1.26973994019975,3.47617355060739
"MMGT1",10.5805902399651,9.7578666803996,10.1692284601824,14.393222432051
"SMIM20",6.38293495124389,5.74247879515946,6.06270687320168,8.58591412166852
"CISD2",4.56853288298259,2.14827532686472,3.35840410492365,5.0484234749978
"ATPAF2",3.71820032009075,4.82236243143885,4.2702813757648,6.08935078973742
"JAGN1",7.77795797438096,-0.573795305177129,3.60208133460191,7.79909426173832
"MRPL50",0.759732386316628,5.73752008917179,3.24862623774421,5.78760140925999
"EMC1",9.92289069019113,-5.64812792197133,2.1373813841099,11.4177540993154
"PTGR2",5.03800995498229,5.24028905263321,5.13914950380775,7.26926225016323
"SMYD1",15.1928024532068,-9.93751032226256,2.62764606547211,18.15421046995
"NHLRC2",6.59857768159574,5.69712024921294,6.14784896540434,8.71770649620905
"RDH13",7.23068780379183,-3.75911886450812,1.73578446964186,8.14946751348852
"TXNDC5",-4.85654466961209,1.18320286969073,-1.83667089996068,4.99859931968766
"ATAD1",9.30134858727107,-11.5741040606642,-1.13637773669655,14.8483995888113
"SCCPDH",3.36238590257824,-10.0474172508305,-3.34251567412615,10.5951041698581
"SERBP1",14.4095637814742,-20.8644281845177,-3.22743220152173,25.3566537981507
"FAM98A",-7.90621078440632,30.7171233790356,11.4054562973147,31.718288693597
"PDPR",-2.09757436875513,-6.95583406061743,-4.52670421468628,7.26522165603391
"NAXE",3.10796244863713,-4.90211127264511,-0.89707441200399,5.80431955629019
"NPEPL1",-3.16663967087489,-5.32631090851261,-4.24647528969375,6.1965469980707
"ADPRHL1",2.72202874147362,-0.127681943258576,1.29717339910752,2.72502167845372
"CHDH",-9.68564444625476,-10.5685311808767,-10.1270878135657,14.3354651009456
"ABCF1",-1.51446068422004,-13.704932644499,-7.60969666435954,13.7883563180788
"MCU",6.64629267860356,-2.93874090729026,1.85377588565665,7.26700794617981
"ABHD11",-14.0378286260636,-8.78084485343842,-11.409336739751,16.5578944577771
"ATL2",-23.8738658833169,7.82841413550777,-8.02272587390456,25.1246002971514
"PPTC7",-1.00724536708047,-6.37211248701122,-3.68967892704585,6.45122940040342
"COQ8A",0.690533221171556,-6.87272317535217,-3.09109497709031,6.90732654321224
"NPLOC4",4.70374792874233,-0.469488492533035,2.11712971810465,4.72712005578118
"SPATA20",41.9146575584966,-29.6397628853672,6.13744733656472,51.3356996849836
"NUBPL",11.163896154832,-18.282727885681,-3.55941586542449,21.4217346706034
"DEPTOR",-9.1428622918823,3.13975700039821,-3.00155264574204,9.66695427266897
"RDH11",-17.0572299091932,-2.35659294915963,-9.70691142917639,17.2192515082132
"LRRC20",2.61179257787715,-1.50335898587882,0.554216795999166,3.01356080248546
"NT5C",-3.92941738737467,-7.33405201312283,-5.63173470024875,8.32037498766693
"PNPT1",9.4391615605777,-4.4060356905149,2.5165629350314,10.4168575622775
"SPPL2A",-27.6504630828397,5.03671079270854,-11.3068761450656,28.105454351511
"PREX1",13.1033267936668,26.6484915638489,19.8759091787578,29.6957787520407
"NEK9",21.5971417223607,-12.7600740698912,4.41853382623473,25.0849759984905
"MYOZ3",51.7975212367789,-52.8529441464541,-0.527711454837586,74.0028169141064
"NEK7",1.55629583193217,-9.85345487725013,-4.14857952265898,9.97560172292849
"DTD1",6.53008583401628,-14.539519914698,-4.00471704034086,15.9386216577695
"UTP15",43.7790279611417,-33.8885057428487,4.94526110914652,55.3627502090125
"SETD7",-2.33346176755557,-2.51386464585162,-2.4236632067036,3.429950331755
"NUP133",-18.2714375881448,19.0624209661983,0.395491689026777,26.4049488662642
"PDCD6IP",-2.72992749371542,-3.9054936577501,-3.31771057573276,4.76501677139437
"THEM6",0.338891624584351,7.3772688272279,3.85808022590613,7.38504860392956
"SMIM4",-0.497536054645742,-7.98538475840385,-4.2414604065248,8.00086944434297
"NUDCD2",-3.95803845667291,-8.72014871594675,-6.33909358630983,9.5763804254389
"SCFD1",-21.148152703135,-0.761373706297508,-10.9547632047162,21.161853715489
"PCNP",-16.3138800704477,-8.300603225099,-12.3072416477734,18.3041715697126
"DNAJA4",-3.16108082419941,16.1016955022034,6.47030733900201,16.4090532945322
"SPRYD4",-8.49842037949582,2.92307766746984,-2.78767135601299,8.98707583125294
"RTN4IP1",-0.0768463320679977,-2.54332379658533,-1.31008506432667,2.54448448472958
"PALLD",9.04017997332758,-5.56425368900248,1.73796314216255,10.615355531763
"SYNE2",11.1319987637817,-5.11154120141373,3.010228781184,12.2494591689016
"THAP4",8.81003147006667,-2.38387748340963,3.21307699332852,9.12685741969669
"IFT81",-40.4555471081363,-15.2916808694265,-27.8736139887814,43.2491247961276
"TTN",32.3808844481102,-42.1595541264634,-4.8893348391766,53.1596621677007
"DDX1",-1.55452410666678,6.25291606222036,2.34919597777679,6.44325263196948
"HSD17B8",-6.27622459649519,-2.9523698207571,-4.61429720862614,6.9359557916821
"CPT1B",10.5612193397797,-2.46994093537502,4.04563920220235,10.8461957463056
"PSMF1",-8.9555934077513,6.17241343470007,-1.39158998652562,10.8766419861014
"UBXN4",-0.0701531223863796,-15.7279895533959,-7.89907133789116,15.7281460081064
"HSPH1",27.2549636862707,-46.5842918310444,-9.66466407238687,53.9715600195126
"MYO18A",12.1351289851999,17.3665503042787,14.7508396447393,21.1862791673876
"GCN1",1.21139162881717,-3.05775133768995,-0.923179854436389,3.28896836736278
"SGCD",-5.91144196964055,1.464952863136,-2.22324455325228,6.09025722376634
"AKAP1",-5.39700791209211,2.96927703919301,-1.21386543644955,6.15989452333915
"RABGGTA",1.303682659027,-2.4126085063571,-0.55446292366505,2.74231075562095
"TFG",-1.90752934565659,-3.88157091599307,-2.89455013082483,4.32495791660732
"ARPC1A",5.43964368188261,-0.573648367146989,2.43299765736781,5.46980765977889
"P3H4",12.4268048221926,12.2188144980666,12.3228096601296,17.4277051222194
"DDX17",1.45931223836465,-1.08428959783501,0.187511320264821,1.81804184248165
"CELF1",6.03710641325865,-10.4962042652709,-2.22954892600614,12.1085489561425
"UFD1",-3.36567415765267,-1.66702869792385,-2.51635142778826,3.75589499522986
"RPL3L",-0.707959820518163,4.68601106238012,1.98902562093098,4.73918840986692
"COPS5",-2.70504092043661,-6.52372871054974,-4.61438481549317,7.0623142573867
"KHSRP",10.0401947022602,13.4724046509608,11.7562996766105,16.8021188169387
"GCDH",-5.26954043424856,-3.45000674465077,-4.35977358944967,6.2984603615738
"TNPO1",-3.6153356131165,-2.81628911241651,-3.21581236276651,4.58280874139258
"USP13",-8.64779493040072,-10.9092620124703,-9.77852847143552,13.9210759216015
"USP9X",3.89665414044359,-6.46599325533927,-1.28466955744784,7.54936966033119
"CUL5",-6.88141289855617,0.135848450498031,-3.37278222402907,6.88275368453048
"LPP",5.13919785182078,9.89115379091868,7.51517582136973,11.1465814434635
"ATP2A3",4.84589651481067,-17.6845510898883,-6.41932728753879,18.336468042759
"PHKB",-1.03114117108043,-4.89333732064089,-2.96223924586066,5.00080016080167
"UBE2F",-18.1543480509224,8.38393644315176,-4.88520580388534,19.9967683248279
"RPL36AL",18.5555567246164,-7.25265276328006,5.65145198066816,19.9225916352559
"WBP2",-0.450947220161058,2.2715414256647,0.910297102751823,2.31586999718936
"ERGIC1",-11.7716006764049,-11.1851569463837,-11.4783788113943,16.2381747250106
"MTARC2",8.94335377758554,0.167555345898077,4.55545456174181,8.94492322968691
"FAM162A",4.6887014642862,-8.4567632655573,-1.88403090063555,9.66957942988624
"CCDC47",-8.02877816559276,7.57054754756853,-0.229115309012112,11.0351469859851
"TMEM230",33.5352495853644,7.98749889868235,20.7613742420234,34.4733680311213
"ISOC2",-3.79965984937716,-6.85566093617962,-5.32766039277839,7.83820782084962
"FERMT2",2.63985544540697,-11.1754798425838,-4.26781219858841,11.4830390787736
"FUBP1",17.330351321908,8.72169699541506,13.0260241586615,19.4012647891984
"SLC25A46",-8.97214993873845,1.58934637402056,-3.69140178235894,9.11183276952649
"TMEM143",25.5002441019418,-10.0719361750926,7.7141539634246,27.4172636777224
"PBXIP1",17.8158357246596,-6.7875910048124,5.51412235992359,19.065030663932
"ZBTB9",-2.74227171434163,12.8659399837094,5.0618341346839,13.1549407379772
"FAM136A",-5.61873177499024,-3.71557721645518,-4.66715449572271,6.73614584244773
"FGGY",23.8912929134207,-3.42490437622922,10.2331942685958,24.1355308013141
"GALM",7.33444101742082,-2.93321251520915,2.20061425110583,7.89922532261262
"DCPS",-6.2791849046225,6.76719105155411,0.244003073465805,9.23163245556674
"PPP1R14B",-18.8554336071601,-6.62073306648598,-12.738083336823,19.9840306958252
"ACSF2",-0.387189555657923,-0.479014188102056,-0.433101871879989,0.615930470437737
"ISOC1",14.801189950324,1.43317013410833,8.11718004221618,14.8704135981106
"CCDC124",-1.03645964289272,-1.81573052108016,-1.42609508198644,2.09072377815132
"OPTN",0.974390557431182,-0.67453945705676,0.149925550187211,1.18509089842825
"AP2M1",-6.15303805937803,-4.09569831547592,-5.12436818742698,7.39152366238158
"RMDN1",-5.10543284146934,-6.99394425864483,-6.04968855005709,8.65913972584949
"ECHDC3",-12.6082105900844,12.1192437734589,-0.244483408312734,17.4883688182872
"NUDT16",-1.67608509533356,-2.27424710867657,-1.97516610200507,2.82514798871193
"CMBL",-2.97173315479617,-4.1380226283432,-3.55487789156968,5.09454897081137
"MSI2",-7.71717033121986,-6.79758431320762,-7.25737732221374,10.2840590437933
"MRPL38",-2.046873626508,-0.272562373746023,-1.15971800012701,2.06494113486949
"MRRF",13.9808047012149,2.82756875091648,8.4041867260657,14.2638720246177
"MRPL53",-12.6722121808362,-10.3381786492,-11.5051954150181,16.3542929941624
"DAZAP1",64.9738156083991,-35.2169388630494,14.8784383726749,73.9041913398558
"DNAJA3",46.8178635739401,2.71134150443581,24.764602539188,46.8963081956538
"PTCD3",6.72883207058113,-11.3117347502416,-2.29145133983023,13.1617827095688
"MMAB",10.7337142003653,-1.96030476456327,4.38670471790103,10.9112517753507
"DYNLL2",8.76711245428629,-2.87649295221162,2.94530975103733,9.22694274883208
"S100A16",-6.43704987053984,33.3383853604334,13.4506677449468,33.9541389152571
"SCRN2",0.35857425531384,-14.7586556300286,-7.20004068735737,14.7630109226522
"OTUB1",0.287322504971193,1.06451423386377,0.675918369417484,1.10260816973279
"CHMP6",1.30263711533533,-5.04501679033926,-1.87118983750196,5.21047578144781
"PDXP",-1.93641455587019,-1.55694235382984,-1.74667845485001,2.48470739229696
"DCUN1D1",-3.23688107358873,-17.4734037966442,-10.3551424351165,17.7706848299422
"FAHD2A",4.91949063440983,-1.33228430739221,1.79360316350881,5.0967018333202
"SNF8",3.80953587843165,-8.04640700773954,-2.11843556465394,8.902652938493
"PDLIM5",13.0523757747188,-10.1432644740911,1.45455565031385,16.5302851625682
"CRELD1",-11.4387201260519,-12.8571020528865,-12.1479110894692,17.2089915834857
"ERO1A",4.31404763386202,-0.476037962978019,1.919004835442,4.34023261236385
"AHCYL2",-3.20404844064279,3.78564652370081,0.290799041529008,4.95954090742213
"PGAM5",5.39154354202891,-0.0768706305009914,2.65733645576396,5.39209151066887
"DDRGK1",3.90211898344175,-16.0138783768041,-6.05587969668116,16.4824401478667
"PYURF",-3.2940875579034,-3.78698925961082,-3.54053840875711,5.01919321121848
"SUCLG2",0.662404524781557,-8.95856839921944,-4.14808193721894,8.98302440817925
"ABHD14B",-0.952124641547815,-0.18747422946277,-0.569799435505293,0.970406059211924
"NGLY1",0.329795153685335,-2.42363090546598,-1.04691787589032,2.44596639578801
"BTF3L4",-6.62544856529699,-1.63974253646231,-4.13259555087965,6.82534426071533
"USP47",6.46320624120722,2.36225904142333,4.41273264131527,6.8813736052598
"CNDP2",6.75815033650995,-7.83532914168901,-0.538589402589533,10.3472208215284
"ALPK3",1.53571340189956,16.8443134453227,9.19001342361111,16.9141748571147
"STAC3",4.84231570132521,1.18517616625427,3.01374593378974,4.98524461750453
"COQ10A",8.24182610349738,-7.61208441548537,0.314870844006006,11.2192480438203
"JSRP1",-4.16897701606829,-9.00361742430069,-6.58629722018449,9.92197037304973
"MCEE",24.2721054401316,-4.87502315820287,9.69854114096437,24.7568364960041
"QKI",5.46115574657498,1.5102041667717,3.48567995667334,5.66612201718985
"PLIN4",14.8133481596325,5.0442641864274,9.92880617302994,15.6486384353707
"VPS35",-4.30676262262294,3.47743749773129,-0.414662562445822,5.53541108123414
"PURB",-11.960264345352,7.19622689347759,-2.3820187259372,13.9582808652466
"BBS4",4.62048460483157,5.24571565436276,4.93310012959717,6.99045139529002
"GFM1",-8.61719744589712,-1.31480939056749,-4.96600341823231,8.71692695593466
"MCCC1",11.4598764517328,0.597904535640829,6.0288904936868,11.475463307541
"METTL26",-3.8271301431447,10.9575894763276,3.56522966659144,11.6067089333838
"CLCC1",-2.18324271679291,-1.05498433232486,-1.61911352455889,2.42477642307084
"PEBP4",13.3600910754374,2.45149361227249,7.90579234385493,13.5831459712025
"PLEKHF1",10.7546165649163,-1.98558488577525,4.38451583957053,10.936376218702
"MYCBP",2.79697010281972,-5.54433704867675,-1.37368347292851,6.2098884905767
"TBCB",3.79766445066235,-5.1381246762815,-0.670230112809573,6.3892550793373
"PSMB7",5.74458714872574,-8.01119046526726,-1.13330165827076,9.85796399770734
"PCYT2",12.6309611471701,10.6326534033869,11.6318072752785,16.5104360299138
"PSMD1",-3.48754603230354,-0.324206967999281,-1.90587650015141,3.5025829733977
"PFDN5",6.61800468412349,2.80729773921901,4.71265121167125,7.18880425353929
"PAFAH2",-15.8158096935636,10.4177697372464,-2.69901997815857,18.9385786837689
"PARK7",4.66590387529146,-6.81686728787218,-1.07548170629036,8.26077106533777
"VAT1",2.43057060145699,5.09750004744329,3.76403532445014,5.64731619287882
"PLIN2",-18.3193185599292,4.95217050126938,-6.68357402932989,18.9768655255236
"S100A13",30.777056308771,76.5373319702199,53.6571941394955,82.4935778115661
"TSNAX",-20.022332820859,10.4865244215407,-4.76790419965911,22.6022345362758
"EIF3C",-9.79861979046043,0.0480923571958378,-4.8752637166323,9.79873781018879
"PHB2",-4.20724088908995,-7.84520032735671,-6.02622060822333,8.90213705102254
"COPS8",6.66719074385339,-6.58547836192853,0.040856190962427,9.37123031785865
"SDHC",-11.3042585753142,-0.185388607784972,-5.74482359154958,11.3057786495872
"CHP1",1.81657112698335,8.33696744197659,5.07676928447997,8.53258207039154
"HSD17B10",-5.36504513277146,-8.57959879733009,-6.97232196505077,10.1189537403737
"NAP1L4",2.26083562109558,-3.3144458651788,-0.526805122041614,4.01209784262741
"MGST2",-0.0777848319481649,-2.30958667446247,-1.19368575320532,2.31089616532976
"TXN2",-7.8589302812898,-3.2867641600086,-5.5728472206492,8.51854470022262
"DMAC2L",11.3577065048836,14.7382794893997,13.0479929971417,18.6068368982677
"ACO2",2.96179501359177,-7.06398320693113,-2.05109409666968,7.65977078314632
"COQ7",4.04348697479344,-2.8145994715837,0.614443751604874,4.92663750450177
"SLC29A1",-7.63561419869183,0.0559962556901432,-3.78980897150084,7.63581952195805
"TSG101",-1.41965483265582,-0.131697162900377,-0.775675997778096,1.42575032407467
"CPNE1",-12.4536154110667,-5.93531856915026,-9.19446699010847,13.7956711806297
"CCT7",-1.59080476238634,0.555711729348911,-0.517546516518715,1.68507427675074
"PRMT1",3.04774510046829,0.107062118111546,1.57740360928992,3.04962497605246
"NIPSNAP1",66.5266322324524,-23.474972959991,21.5258296362307,70.5469145438997
"ARPC5L",-13.8833512421119,-6.63034914838838,-10.2568501952501,15.3853492498996
"MICU1",-17.9585091178371,-4.77129304490769,-11.3649010813724,18.5815308049639
"MACROD1",-0.388399226247417,0.787327922752738,0.19946434825266,0.87791754561333
"WDR77",6.78343870493007,-28.3983895657791,-10.8074754304245,29.1973212914009
"APOL2",14.9806143429403,1.94412700686159,8.46237067490092,15.1062383110659
"FYCO1",-10.4847811324089,3.4377189514375,-3.52353109048569,11.033972402702
"JPH2",-6.15630365795146,-8.98994297961251,-7.57312331878198,10.8958317491411
"TXNDC17",-4.0624862676248,-4.66597868693572,-4.36423247728026,6.18669150528604
"PLCD4",-3.76507830039624,0.51189811860883,-1.62659009089371,3.79971765950444
"CPPED1",-24.2654347579739,-13.9749248413857,-19.1201797996798,28.0019615083634
"VPS25",-2.18413902078483,-1.17715919087468,-1.68064910582975,2.48116243377487
"MIEN1",-11.2635073869187,-9.33881441837361,-10.3011609026462,14.6314747512339
"PELO",8.9859472873585,-11.1091355218118,-1.06159411722665,14.2884618029082
"PRXL2A",-16.5265654818685,-3.09175616987164,-9.80916082587007,16.813278170554
"ERP44",-1.44470771211336,1.19673144308477,-0.123988134514292,1.87599214292266
"NIPSNAP3B",7.27901111132057,0.891421440207452,4.08521627576401,7.33339177616946
"NTPCR",-8.31021473247499,4.23354640119632,-2.03833416563933,9.32644541242411
"AGMAT",-8.25469982166208,21.1074027978,6.42635148806898,22.6641241175194
"TACO1",7.95465273551988,-3.09060035751454,2.43202618900267,8.53395047516582
"ESYT1",-35.7261210477177,7.06316093305088,-14.3314800573334,36.4176326452222
"UBAC1",-9.24132644335118,2.92407014781952,-3.15862814776583,9.69289949715517
"COPS4",5.09757310315956,-2.47770390417125,1.30993459949415,5.66782746551103
"DCTN5",-3.12642529052257,4.07440632185453,0.473990515665978,5.13569099272797
"AARSD1",-8.05840575767724,11.8297960869028,1.88569516461278,14.3136989912834
"TMEM43",8.84349471738964,2.09033823337925,5.46691647538444,9.08718398330448
"DHRS4",7.19563628285754,-7.24951189061045,-0.0269378038764554,10.214333270815
"TMEM70",-19.9342379770506,-11.0002697417237,-15.4672538593871,22.7679550710284
"TUBB6",30.934074186558,53.2929535656399,42.1135138760989,61.6202551563114
"CHCHD7",15.6475278697759,0.680383086715366,8.16395547824565,15.6623130341627
"APOO",0.550680118147426,2.57903946292491,1.56485979053617,2.63717522054316
"MRI1",10.3108308315258,-2.75500116104826,3.77791483523876,10.6725472045674
"ABHD6",-12.5344867301119,-2.03298381656591,-7.28373527333891,12.6982825919795
"ADI1",3.5570755085528,18.5740876314885,11.0655815700207,18.9116238730512
"MECR",-0.327000977912455,-5.59376732069503,-2.96038414930374,5.60331709593803
"NTMT1",-11.0187205861884,3.23442886937616,-3.89214585840612,11.4836289328568
"TMEM109",-3.31971593500163,-4.15448696052631,-3.73710144776397,5.31792025083932
"TMED9",2.25378132015494,10.9848059285023,6.61929362432863,11.2136297212784
"TIMM21",12.9346476374048,-16.738117110866,-1.9017347367306,21.1534790027761
"TPPP3",49.5836257024601,7.56050000265748,28.5720628525588,50.1567253525572
"NUDT9",6.67532925836889,-2.50585138330916,2.08473893752987,7.13016913283747
"FUNDC2",11.1916417398956,3.0131818218967,7.10241178089613,11.5901729722201
"SORBS1",-0.019368236237554,10.258436536453,5.11953415010773,10.2584548203425
"HINT2",-27.1940543323635,3.66158250008759,-11.7662359161379,27.4394565805609
"OSBPL11",1.88464052834779,0.824727435099078,1.35468398172343,2.05719354055377
"NT5C1A",-16.0770600392965,-14.105573903709,-15.0913169715028,21.3878253840857
"TMEM120A",12.4907257234198,22.0799050119249,17.2853153676723,25.3680987548008
"NAA15",-21.2571731940774,-11.566254725036,-16.4117139595567,24.2001169535897
"BCL2L13",-2.37331899542149,-3.00280362287059,-2.68806130914604,3.82746295234235
"AP1M1",-5.27825734563419,4.51343449237696,-0.382411426628618,6.94486079944871
"OSBPL1A",-1.07520660665861,1.53768157885622,0.231237486098806,1.87630857935364
"HDHD5",6.73208266823426,-2.13034800638761,2.30086733092332,7.06111320403941
"EIF2A",-2.43656484030096,-10.9329914334125,-6.68477813685675,11.2012119837124
"MRPL13",10.6657459324535,-2.24485671832549,4.21044460706401,10.899427415303
"MRPL9",12.2404941539353,9.56869777123244,10.9045959625839,15.5367201870187
"MRPL4",11.2128812274776,-5.72430631872897,2.74428745437433,12.589534870366
"MRPL1",-0.973885724848742,-11.3424017870605,-6.15814375595462,11.384135088103
"NLN",-3.21991654793927,-10.0617445257306,-6.64083053683492,10.5644008574439
"TRIM54",7.51181489918475,6.0164227528429,6.76411882601382,9.62417299410914
"BCO2",11.268304466426,-16.9101700519801,-2.82093279277708,20.3206431181437
"MRPL37",-1.3176103576216,-4.21506012835892,-2.76633524299026,4.41620073594859
"ASPSCR1",11.2818305224934,11.0862009195935,11.1840157210435,15.8171916207606
"UBL5",4.07934942155489,-3.48391764832126,0.297715886616819,5.3645851548302
"NIBAN1",-3.46932760343464,-13.1893471188189,-8.32933736112679,13.6380024725269
"UBXN6",-2.92796542280361,-18.1252330044077,-10.5265992136057,18.3602029667758
"LNPK",-11.4836020047497,4.38431560773484,-3.54964319850743,12.2920843778311
"PITHD1",27.4384881307023,1.00663965669633,14.2225638936993,27.4569472865635
"SLIRP",-3.91623094091704,-6.99829227180251,-5.45726160635978,8.01953611527292
"NIF3L1",-22.3855058008053,-5.07632533385424,-13.7309155673297,22.95386566252
"EGLN1",3.28527409317319,-10.7298396565968,-3.7222827817118,11.2215188331862
"ANKRD2",-0.028337750285651,3.19239035425702,1.58202630198569,3.19251612400698
"NAA50",-7.75814904552588,-4.71905270718871,-6.23860087635729,9.08065719349757
"TMEM126A",9.40038399015996,-3.27321003255137,3.0635869788043,9.95395012443054
"PAIP1",-5.76911393798585,1.48439271897528,-2.14236060950528,5.95702084716928
"CLPB",1.34691996782131,-13.237292072585,-5.94518605238185,13.3056414657332
"TOLLIP",0.491771260977625,0.118043066517796,0.304907163747711,0.505740188907752
"PCBD2",6.04786716668037,3.36457514904575,4.70622115786306,6.92077041949714
"NT5C3A",4.45945638938646,-0.811456319857871,1.8240000347643,4.53268272084833
"HDHD2",-1.01960694069682,0.508885508694846,-0.255360716000988,1.13954498571875
"RAB1B",-0.364453542184414,-2.66664192910824,-1.51554773564633,2.69143187959288
"C11orf54",-0.538597236183055,2.15465403466265,0.808028399239799,2.22095047038696
"NUCKS1",16.3252465192139,2.59376993851593,9.45950822886493,16.5300125954899
"TMX4",13.6129329087749,4.27805597873511,8.94549444375498,14.2693274311019
"MYLK2",-5.37496434626386,-2.64809590645375,-4.0115301263588,5.99188231304527
"EHD4",-8.17219893884573,-8.091107676337,-8.13165330759137,11.5000373445546
"SH3BGRL3",-14.1414345990226,5.19475154690337,-4.47334152605963,15.0653780620497
"SLK",8.53178611944326,4.21048456574121,6.37113534259223,9.51417651014892
"PPIL3",-6.04272146335963,0.201699199944983,-2.92051113170732,6.0460867717066
"LRMDA",3.58161644106858,-3.36388306157299,0.108866689747794,4.91362245017568
"TNMD",14.4637888791945,1.40908741305681,7.93643814612566,14.532264657635
"PPA2",-7.66570363517671,-1.65615102255509,-4.6609273288659,7.84256644421147
"MRPL46",-1.62136714120002,-1.91837376256366,-1.76987045188184,2.51177015259274
"TMEM245",-23.4497950012904,1.35395845639957,-11.0479182724454,23.4888503146535
"C11orf68",6.17245635637238,13.8180166971037,9.99523652673806,15.1339619040342
"GHITM",11.8344954285348,-0.393542789538234,5.72047631949829,11.8410370312405
"BOLA2",-0.488897047687139,-5.51623690434068,-3.00256697601391,5.53785968656188
"TMX1",21.4183419292377,5.11376682741558,13.2660543783267,22.0203538155707
"CHMP4B",1.51020968591761,-10.6150200712632,-4.55240519267279,10.7219114158232
"RBKS",-6.99890530262616,-8.57127775173102,-7.78509152717859,11.0657795808722
"FN3K",-3.93221613468334,-1.3124271886263,-2.62232166165482,4.14545399869658
"TOR1AIP2",-11.6939252914082,-1.91140244655214,-6.80266386898015,11.8491074783597
"RNPEP",-1.51286273824886,-5.3280429484914,-3.42045284337013,5.53866367689452
"GLIPR2",-12.247943862197,-12.6212375967753,-12.4345907294862,17.5871477882511
"EHD1",0.477054015839816,6.02061868349586,3.24883634966784,6.03948920572661
"TMEM38A",-2.44383501855016,-13.8336843378243,-8.13875967818725,14.0478878112141
"OPA3",22.757930883405,-4.38640334098593,9.18576377120955,23.176797715898
"DCTPP1",2.70650217634789,13.777785383706,8.24214378002694,14.0411012427814
"AAMDC",3.05956974726494,7.38417353784669,5.22187164255581,7.99293349624618
"PTGES2",-0.125110300870141,-6.78605136970177,-3.45558083528596,6.78720456297106
"UBE2Z",-12.6826694956766,3.02998116879144,-4.82634416344258,13.0395893884661
"ACAD9",4.71008553341348,-0.0751900842911084,2.31744772456119,4.71068564869772
"METTL7A",2.15942350835297,20.657951787615,11.408687647984,20.7705099106366
"COQ10B",6.80643772704194,11.649755800197,9.22809676361944,13.4923832118837
"MOB1A",-16.3524457602015,-14.3254383032059,-15.3389420317037,21.7398404989386
"GORASP2",7.6202489017649,-0.267879426078599,3.67618473784315,7.62495591539816
"JPT2",13.8258230607091,-19.5424743074384,-2.85832562336467,23.9387068439991
"SYNPO2L",69.4398700329072,-29.5825355655658,19.9286672336707,75.478619228726
"ARMT1",-14.6898982552698,4.54965063911869,-5.07012380807553,15.3783104302199
"SFXN1",5.72655617298255,-8.0003266144034,-1.13688522071043,9.83863158876558
"L2HGDH",4.12196351881778,-6.39106232781804,-1.13454940450013,7.60501551139244
"COPS7B",-37.4338199398534,19.2057412964359,-9.11403932170877,42.0731669123562
"FN3KRP",8.85210957746844,-15.777620229096,-3.4627553258138,18.0912449561961
"TBC1D17",-13.8165474868664,-7.84322388202116,-10.8298856844438,15.8875153916634
"GRPEL1",-4.71873172986656,8.2407054780703,1.76098687410187,9.49608634726682
"CACYBP",-1.2026050504209,2.40620030413391,0.601797626856506,2.68999234402479
"RDH14",10.4196467120682,-9.38842046687465,0.515613122596793,14.0253868562384
"PARVB",1.88412307629817,4.70158025697811,3.29285166663814,5.06505445967224
"TNS1",9.04580945638459,-2.35568969696601,3.34505987970929,9.34750997162392
"PLGRKT",-4.12332007541696,3.8241718463812,-0.149574114517876,5.62370507361394
"GLOD4",1.34954462921589,-0.418989543368165,0.465277542923864,1.41308985690837
"MCCC2",17.4139733973071,-8.89987192577723,4.25705073576493,19.5564360193098
"HHATL",-3.89065185433277,-30.77053353929,-17.3305926968114,31.0155268558216
"PREB",-12.1907953583117,-2.14528590584274,-7.16804063207724,12.3781154900915
"MRPL47",13.9344181492621,0.280608127952068,7.10751313860707,13.9372432740466
"JPH1",6.57445224819917,-12.0040418227634,-2.71479478728213,13.6865058523534
"APMAP",-10.9197723144735,0.861344645152801,-5.02921383466036,10.9536907934119
"TXNRD2",6.83180751240094,5.67766069351382,6.25473410295738,8.8830977050334
"RAB18",5.92247944191384,-3.26917456228818,1.32665243981283,6.76485513951364
"PALMD",22.8617720925524,-11.5075680022514,5.6771020451505,25.5946233521466
"SSU72",9.659278771875,3.21552898087241,6.43740387637371,10.180436779413
"VTA1",-3.2825496631691,-3.20467210440706,-3.24361088378808,4.58748902864479
"SARS2",3.53652975605516,-10.2196735473079,-3.34157189562638,10.8142854654854
"DYNLRB1",6.39811764959698,-6.32442437393224,0.0368466378323671,8.99634665404088
"MYOZ1",32.4209137782549,-36.118664644566,-1.84887543315556,48.5352818671497
"MYOZ2",108.065009924135,-8.06850535460781,49.9982522847636,108.365802486581
"OSGEP",10.183627968987,0.993154353566961,5.58839116127697,10.2319418577679
"ACOT13",3.29800093645344,-6.12188021480169,-1.41193963917413,6.95372041005591
"MRPL40",3.4907775897866,-12.3391763647798,-4.42419938749659,12.8234473345702
"TIGAR",11.3123891199001,-3.95594737831411,3.67822087079298,11.9841423247567
"RTN4",5.69024189625368,-6.84477796769256,-0.577268035719441,8.90111443948959
"HINT3",-10.7695411616891,2.42380737060792,-4.1728668955406,11.0389247213272
"PFDN4",-0.65303509572605,-7.89931053018067,-4.27617281295336,7.92625773543058
"NIT2",-0.955659632994255,-5.98974194007254,-3.4727007865334,6.06550029616673
"XPNPEP1",1.77880331098778,-5.16963880668406,-1.69541774784814,5.46711135891294
"GPHN",4.47352463859117,-0.504163281603539,1.98468067849381,4.50184443385147
"PDLIM7",14.4056543213126,-18.5402072320058,-2.06727645534663,23.4789727337222
"ACSS2",-1.59265225964551,-4.24082006345156,-2.91673616154854,4.53002163689394
"DIABLO",2.85274915460407,3.71543377386774,3.2840914642359,4.68429566392764
"SAR1A",4.5381723078738,-1.85807686367231,1.34004772210074,4.90382070708819
"SH3GLB2",2.60624327778878,-3.37701239876802,-0.385384560489623,4.26576098304302
"MBNL1",6.06395011228827,3.06616174586835,4.56505592907831,6.79505988319068
"SDR39U1",-2.92611223279378,-0.286476266429702,-1.60629424961174,2.94010228565826
"AASDHPPT",11.9169146939751,-5.48354601274895,3.21668434061307,13.1180079546177
"OSTC",-6.80485332243435,6.63558561569944,-0.0846338533674533,9.50457917022753
"CMC2",-0.587020477294736,-1.7627464811558,-1.17488347922527,1.85792039592403
"HEBP1",0.733200893729361,8.55952894894409,4.64636492133673,8.59087419174425
"PHPT1",0.50390960948716,-6.07199303280331,-2.78404171165808,6.09286667217866
"TOMM22",21.3508435984698,-13.6066386301502,3.87210248415977,25.3179607626249
"LANCL2",-3.19877245016718,-8.4039892626907,-5.80138085642894,8.9921733032326
"FARSB",7.90615399367404,19.9970898356252,13.9516219146496,21.5032758635923
"IARS2",-4.34180760112684,-4.51875104463428,-4.43027932288056,6.26661026780716
"SIRT3",-3.05364563973522,-0.194872336165272,-1.62425898795025,3.0598573366215
"MAN2C1",6.72853740311954,16.734026660943,11.7312820320313,18.0360989095295
"OLA1",-1.30728563394013,0.384929974376742,-0.461177829781692,1.36277907742962
"CUTC",10.183291991127,-6.6368519232686,1.7732200339292,12.155132217625
"ACSS1",7.74187341746411,6.88422906010279,7.31305123878345,10.3599813592497
"ABHD10",0.0709262345511092,2.27539449453218,1.17316036454164,2.27649964561714
"DDX19A",-3.7452223392336,-7.06879856802625,-5.40701045362993,7.99966271574148
"SEPTIN11",-6.89695124843474,5.37833974403031,-0.759305752202215,8.74611198907844
"PARVA",16.4750502952464,5.45470586146769,10.964878078357,17.3545699533589
"PANK4",4.30131507415507,4.6549020387617,4.47810855645839,6.33793533870625
"DNAJC11",-8.04489571219218,-3.08948545285761,-5.56719058252489,8.61772982771372
"TMLHE",7.84680709441206,-21.6317830333476,-6.89248796946777,23.0110064703554
"ATAD3A",11.1361170232699,-1.76069007486814,4.68771347420089,11.274445968459
"ARL8B",-8.14607899479661,-5.27602539324465,-6.71105219402063,9.70541328020754
"MRPS18A",4.18362486795963,-9.84262451810734,-2.82949982507385,10.6948573828854
"PNPO",8.18212965416694,1.51785170299449,4.84999067858072,8.32172575070107
"OXSM",-15.9346227031336,2.42174566996997,-6.75643851658179,16.1176007141645
"MRPL22",3.9625875525885,8.20017193710395,6.08137974484622,9.10741016480516
"CZIB",4.72848945179151,-6.72964721634458,-1.00057888227654,8.2247652946548
"BABAM1",-0.164800355040954,-16.2728364172352,-8.21881838613808,16.2736708894803
"NDUFB11",9.40257338616497,-3.1024499256719,3.15006173024654,9.90119092955586
"OCIAD1",5.48486137073236,-8.9171496085433,-1.71614411890547,10.4689665868841
"MARCHF5",-3.61071193095353,-3.25771726000104,-3.43421459547729,4.86312269991606
"CHCHD3",13.0083841802833,-4.18561774135427,4.41138321946453,13.6651913582864
"SIRT5",-11.4428762421085,-1.29421787078606,-6.36854705644728,11.5158332998213
"BABAM2",-11.6897557170057,3.36506929309017,-4.16234321195778,12.164459711412
"DPP3",-5.8937644718091,-2.08756513251833,-3.99066480216372,6.25255050612672
"TUBA8",-1.43033971710779,0.399629691024231,-0.515355013041781,1.48511804119542
"MAP3K20",-5.81350680208406,-11.1034853859561,-8.45849609402006,12.5333255385001
"UGGT1",-25.3903593664276,3.42935970363963,-10.980499831394,25.62090663371
"TECR",-1.37673377123018,-11.7706074657805,-6.57367061850536,11.8508479017467
"ERAP1",10.4174604305353,-13.5685091643414,-1.57552436690303,17.1063708238944
"CISD1",5.20317591443105,-5.58205199179494,-0.189438038681946,7.6310119928891
"CLIC5",0.519755773355762,-9.00714970388473,-4.24369696526449,9.02213344238088
"FAM120A",9.2615259211273,9.75554826423364,9.50853709268047,13.4516387226057
"GLTP",48.3881732413026,-9.36312213559042,19.5125255528561,49.2857318679179
"COQ3",2.13922526744938,-4.68158675490522,-1.27118074372792,5.14718751247688
"HSPBP1",-9.710440820453,-1.09147987147236,-5.40096034596268,9.77159092662752
"MAT2B",-5.43382234080142,2.64082122278128,-1.39650055901007,6.04155294291829
"MYOF",-29.9640522064047,2.2603748832595,-13.8518386615726,30.0491883291548
"EHD2",1.3432708922717,-0.334823153701974,0.504223869284862,1.38437106090793
"TMOD4",22.7694973093408,-29.9177230176546,-3.57411285415694,37.5968104801615
"LMCD1",6.94840547904906,0.296982576523487,3.62269402778628,6.95474926593602
"CHMP5",-8.16614971048798,-14.0913793220065,-11.1287645162472,16.2865887247998
"CNIH4",0.0814214462514116,-10.0357985618486,-4.9771885577986,10.0361288466177
"NDUFAF4",4.49105713910882,-4.78405656115032,-0.146499711020748,6.56176739964361
"EMC3",2.98332489489592,4.39885343112639,3.69108916301115,5.31508597644837
"NDUFA13",19.0613599507133,-6.72119425969995,6.17008284550669,20.2116277287922
"PDP1",-4.28448754315935,-10.7976020563904,-7.54104479977487,11.6165848542355
"MRPL36",-4.3439839868167,5.60046479694882,0.628240405066059,7.0876937588741
"VAPA",2.1391317887804,-1.10087306124793,0.519129363766234,2.40578600601804
"RNF181",-28.3156252525285,-3.32414657583983,-15.8198859141842,28.5100786371994
"LARS1",-0.158396761943141,7.55156164113835,3.6965824395976,7.55322267340942
"SUCLA2",-3.06202770074266,-6.60456304714263,-4.83329537394265,7.27985347955557
"GMPR2",-16.550589560514,-1.58817456269899,-9.0693820616065,16.6266146055714
"DPM3",5.77501420490929,9.44611710891816,7.61056565691372,11.0715815266971
"IMPACT",3.42928218672808,14.586221062487,9.00775162460753,14.9839187531149
"ATXN10",-3.25183938747034,0.782770379238645,-1.23453450411585,3.34472552962375
"EPS15L1",8.91654880287547,-4.2036469206181,2.35645094112868,9.8577629301623
"RNF7",1.88267543005614,2.23612889685157,2.05940216345386,2.92313859032918
"MYOT",40.8480459076884,-9.34957422841626,15.7492358396361,41.9043839321053
"GNG12",-21.9295993186109,-6.39681904412019,-14.1632091813655,22.8435246877105
"EIF3K",8.01882167610927,0.355721080054114,4.18727137808169,8.02670782824657
"GRHPR",3.92188216736429,1.16302396097863,2.54245306417146,4.0906948637732
"CTSZ",-2.3880141124401,10.3532261228781,3.98260600521898,10.625060119955
"UBA2",-14.5590125716868,10.7837479148578,-1.8876323284145,18.1177831467797
"COPS7A",-8.07207082275578,-0.820169758362528,-4.44612029055915,8.1136308641765
"HSPB7",-1.91752800102425,-4.44679956816834,-3.1821637845963,4.84261706458132
"CLIP2",3.65258973160658,-5.18348356965824,-0.765446919025834,6.34112873740589
"UQCR10",-4.96279506238735,-8.25305690846078,-6.60792598542407,9.63027949571291
"DNAJB4",2.32598040199686,-25.8576433050866,-11.7658314515449,25.9620473407542
"NIPSNAP3A",-3.32921903068879,-0.859125941665965,-2.09417248617738,3.43828398157334
"TES",-34.7484000809099,2.85387520853011,-15.9472624361899,34.8653970562339
"KDM5B",-11.5304470308658,9.09014476835658,-1.22015113125461,14.6827088999708
"MLX",38.5708295042175,-1.3329018832698,18.6189638104738,38.5938533457575
"SEPTIN9",1.19135865384552,6.03605538984251,3.61370702184401,6.15250356451253
"UBQLN2",-5.98643160884695,-9.92986930667558,-7.95815045776127,11.5948121095195
"PCYOX1",-4.68769600461095,-1.13856143131606,-2.9131287179635,4.82398341254672
"DPP7",9.22435660823613,2.37558809031284,5.79997234927449,9.52534375289132
"SMPX",9.51718270514105,10.1793087102965,9.84824570771876,13.9353899286153
"BCAP29",4.53382811025961,-8.56554252459151,-2.01585720716595,9.69144551003439
"CYB5R1",1.81691870261445,0.555508301312567,1.18621350196351,1.899942905652
"PFDN2",-6.81113423517832,-1.27287764510485,-4.04200594014159,6.9290523932949
"PUF60",-6.66849894723686,4.18976742943678,-1.23936575890004,7.87547010165541
"ENOPH1",5.2947632815642,1.12820760201124,3.21148544178772,5.41362822892711
"NDUFA12",7.61816284268197,-2.62657987556816,2.49579148355691,8.05824589723842
"EIF2B4",3.63894631185686,-0.840475616392389,1.39923534773224,3.73474624604227
"ATP6V1H",-1.64879131930306,-2.70116705482661,-2.17497918706484,3.16461945148066
"TRMT112",9.69211337123588,-0.271885337370392,4.71011401693274,9.69592611551709
"XPO7",11.3098882344889,0.616545215555814,5.96321672502238,11.3266808853899
"LCMT1",3.1187113005794,7.82390108751139,5.4713061940454,8.42257611443931
"ATP5IF1",-2.9144674979698,-6.70355900060332,-4.80901324928656,7.30970752296507
"AK3",4.75587037029727,-9.38796279248422,-2.31604621109347,10.5238846616703
"NAGK",1.33348709567039,2.94263517352951,2.13806113459995,3.23067943300051
"SLC25A13",4.85612671985667,-4.403495817171,0.226315451342834,6.5553598018071
"DBNL",-11.8416378184553,11.0871221668529,-0.377257825801177,16.2218576052865
"DCTN4",3.87073278250493,-7.65313014494635,-1.89119868122071,8.57630300823407
"HSPB8",1.40117163351434,12.6553047102822,7.02823817189829,12.7326359901105
"STOML2",6.43336589579804,-8.53703560585328,-1.05183485502762,10.6896760327348
"VPS28",8.19243670491056,2.54228497132484,5.3673608381177,8.57783376146856
"JPT1",8.97198382838467,10.9949656602552,9.98347474431992,14.1910451936066
"APPL1",2.31090080078044,-6.78445409153135,-2.23677664537546,7.16722260231564
"PACSIN3",8.32737781077316,2.45060818019446,5.38899299548381,8.68047819282977
"ACAD8",-5.59831151723681,4.00308817539154,-0.797611670922636,6.88228209128236
"AGO2",-4.88951447171408,-5.84059361254197,-5.36505404212803,7.61707854206372
"MYH2",32.2296873461018,1.06591237667655,16.6477998613892,32.2473086570372
"MYH13",-23.2481520425928,11.7678837600945,-5.74013414124915,26.0568544069811
"CDV3",-3.14345862293279,1.71215333290206,-0.715652645015368,3.57949733195293
"RAB21",2.70349752087471,6.27591625642994,4.48970688865233,6.83344888786748
"PSME2",8.88086789405305,4.02932208401113,6.45509498903209,9.75219211297245
"DNPEP",-3.38591019510961,-0.78598444067914,-2.08594731789437,3.47594007289206
"MCTS1",-2.85998641620009,1.64900974523331,-0.605488335483391,3.30132631539559
"TBC1D24",-16.4130796190158,-3.00488203076451,-9.70898082489015,16.6858772199415
"TMCO1",-1.00871346956438,-9.67872066369243,-5.34371706662841,9.73114261273914
"EPDR1",-9.73443438735155,-7.78225155310166,-8.7583429702266,12.462850880814
"MYO6",0.0660092255871447,-26.777514282522,-13.3557525284674,26.7775956420388
"NFU1",11.9170880425138,-4.5233375155213,3.69687526349626,12.7466689645706
"SYNPO2",19.4811788295441,-12.9309672249052,3.27510580231947,23.3821778703407
"UBQLN1",-12.9097020901063,-21.5989261304254,-17.2543141102659,25.1629493112963
"SNX12",2.37915375066404,-7.1160918870391,-2.36846906818753,7.50327503921338
"NDRG2",-10.7928434237533,-0.939623339151598,-5.86623338145244,10.8336679471513
"VPS4A",-7.28717151026914,6.57864765759712,-0.354261926336013,9.81740666484211
"G3BP2",-5.53449085470463,8.05481149453412,1.26016031991475,9.77295130619652
"STUB1",5.18998706449393,-7.27418844236338,-1.04210068893472,8.93587059130935
"PACSIN2",13.4629880761266,0.341854819085416,6.902421447606,13.467327598869
"SNX6",1.40704735698104,3.42193043830186,2.41448889764145,3.6999175922396
"PSMD13",0.344749657168025,2.42423907430021,1.38449436573412,2.44862970158442
"COPS3",-0.245958154229653,-1.16954217039319,-0.70775016231142,1.19512522438448
"NSFL1C",-1.91192275831479,-3.62845427901425,-2.77018851866452,4.10135698137321
"PPP6R1",-2.84439762698508,-1.10121719123288,-1.97280740910898,3.05012740105478
"LIMCH1",11.7355613997362,-6.55682599238925,2.58936770367349,13.4430416372728
"USP24",14.4017749304148,6.68312315330999,10.5424490418624,15.8768780378458
"MAPRE3",2.6328231636185,20.716090930595,11.6744570471068,20.8827244691771
"PA2G4",5.14508836406581,-4.4900642258092,0.327512069128303,6.8288074380478
"CAMK2A",-8.88371437314443,-8.57981105548221,-8.73176271431332,12.3504469073547
"CHMP2B",-1.95133743953988,-7.49472878986629,-4.72303311470309,7.7445902045622
"RTRAF",19.1023129799157,5.52276872301227,12.312540851464,19.8846507525412
"RUVBL2",5.40349839586747,-3.18973319853044,1.10688259866851,6.27472651132697
"APOBEC2",10.7192064455379,-10.2327071312481,0.243249657144901,14.8192335178293
"PIN4",-8.21758946043384,-6.77752763444166,-7.49755854743775,10.6519320959089
"EIF3L",14.2529289140143,-4.88667695537836,4.68312597931799,15.0673685258632
"PLAA",-1.68879892470279,-6.52906585395835,-4.10893238933057,6.7439411869768
"NUDC",1.6288236904877,-8.33426252745755,-3.35271941848492,8.49193726373888
"BCS1L",14.2400955911691,-4.46300886920326,4.88854336098294,14.923095208844
"VDAC3",10.8168217289758,-2.71632181532871,4.05024995682353,11.1526694795853
"CFL2",0.532896462979979,-1.69165851689342,-0.57938102695672,1.77360851882105
"FARSA",3.92373043387516,13.8848306530002,8.90428054343768,14.4285890779456
"CNPY2",-3.61044224592452,-6.21473160325841,-4.91258692459146,7.18736266732765
"FNDC3A",1.16435818192764,-44.6973229936266,-21.7664824058495,44.7124860947409
"PADI2",18.8289309884473,1.08524744564134,9.95708921704433,18.8601803858283
"GSTK1",-8.81136302842711,-9.73492936921907,-9.27314619882309,13.1304595594524
"MRPS35",9.24974190085935,-12.4468591517028,-1.59855862542174,15.5074829670982
"COA3",3.84913319401066,-2.14028789233816,0.854422650836248,4.40416378071071
"TMA7",-3.10233600482326,3.29317535786409,0.0954196765204127,4.52432233870068
"SUGT1",3.82831662709269,-9.17687991464865,-2.67428164377798,9.94339646022204
"COQ6",-8.51335169648462,-1.59099047570308,-5.05217108609385,8.66073944890478
"ACOT9",-7.68314953755617,-3.00571434589338,-5.34443194172478,8.2501579103408
"MEMO1",23.3240692644779,0.20782757902883,11.7659484217534,23.3249951630599
"TMX2",-3.88539582026213,0.436797492074565,-1.72429916409378,3.90987119086973
"SH3GLB1",-11.1039883993923,-8.6842532074083,-9.8941208034003,14.0966241399925
"CAB39",-4.50775432651195,-6.62999487934681,-5.56887460292938,8.01727392374441
"LUC7L2",3.78805366108165,-14.9533835947783,-5.58266496684832,15.425726286688
"DHRS7",0.506561538458168,2.25383821968065,1.38019987906941,2.31006305384471
"MOB4",4.1879647141941,1.59649986149451,2.8922322878443,4.48194826555225
"SBDS",-0.117566853627405,0.944795197032089,0.413614171702342,0.952081892174592
"MRPL11",-1.34261134935238,-6.44923957339285,-3.89592546137261,6.58751063076381
"PPIL1",-0.601655765265905,-0.0731359763496027,-0.337395870807754,0.606084590560024
"MSRB2",8.92477063525046,-11.792846329102,-1.43403784692577,14.7892783946224
"FIS1",-9.85417432853244,-9.86206615439613,-9.85812024146429,13.9414884618104
"PTRH2",15.2755276294045,6.84119649363893,11.0583620615217,16.7374942515682
"STRAP",-1.85225754730893,3.00377554992254,0.575759001306805,3.52895530941883
"RTCB",5.35373470009379,1.53170658177884,3.44272064093632,5.56853663826081
"RPL36",40.8797972038275,4.8987603459149,22.8892787748712,41.1722682439621
"SAMHD1",-47.4177172424173,-2.69833960945116,-25.0580284259343,47.4944306748673
"HBS1L",-0.925187754689603,7.0403695748379,3.05759091007415,7.10089967058617
"TLN1",-0.00863576675395272,1.94966201663165,0.970513124938851,1.9496811420239
"USP15",0.733592320246171,1.25711817297362,0.995355246609893,1.455508087626
"TLN2",5.91860839373709,1.26662017004116,3.59261428188913,6.05262356119809
"DTNA",-6.08867108005605,-4.40864974350606,-5.24866041178105,7.51718751143185
"HYOU1",-9.44526070305324,-14.6069334438532,-12.0260970734532,17.3946961566392
"AFG3L2",2.0424477084987,-7.12535191156109,-2.54145210153119,7.41230278021202
"ARIH1",4.1469126862784,0.0307849595529959,2.0888488229157,4.14702695208886
"RNF114",-4.83425947943449,0.383147804121297,-2.22555583765659,4.84941923886821
"SAMM50",4.72270316340191,-8.07049406442682,-1.67389545051245,9.3507646539497
"PPME1",-9.31555867553055,-5.26929992043795,-7.29242929798425,10.7025770302661
"TIMM9",-6.58186216425547,-1.93906370452781,-4.26046293439164,6.86155067018198
"TIMM8B",10.123833069907,-4.1414749631,2.99117905340352,10.9381813340851
"UCHL5",-9.88580756597444,-8.28125438787705,-9.08353097692574,12.8960600753955
"TIMM13",0.170537722909589,-5.78199606585669,-2.80572917147355,5.78451049100245
"SRPRB",17.3874486353746,-7.70279005658677,4.84232928939391,19.0172643853852
"GMPPB",2.97260578156719,8.65712415849149,5.81486497002934,9.15326083033493
"MPC1",-0.177842780819319,6.04161305376129,2.93188513647099,6.04423000439828
"SNX5",-22.7658375685459,1.771244508854,-10.4972965298459,22.8346374463787
"HEBP2",7.17267445620035,3.64397430212776,5.40832437916405,8.0452350847689
"HCFC2",6.04536420769386,6.08906313586258,6.06721367177822,8.58039149900438
"FHOD1",2.83767550606267,-5.53915785993653,-1.35074117693693,6.2237185086574
"MYH4",25.9305459386585,-3.17066648103807,11.3799397288102,26.1236739110497
"MRPS18B",2.13568196610904,-11.8174555499757,-4.84088679193335,12.0088880890787
"COPG1",17.3848151620885,6.29044627956139,11.8376307208249,18.4878747457903
"CLIC4",4.84381055111884,18.7767446386973,11.8102775949081,19.3914579101722
"SPCS1",-1.58456355075018,-7.29628389061064,-4.44042372068041,7.46636459455004
"SAR1B",-1.17821706113642,7.09777251001061,2.95977772443709,7.19489889067353
"MTCH2",3.81090961311859,-7.29833925292745,-1.74371481990443,8.23339467839246
"BZW2",2.19225867292365,4.41651493030633,3.30438680161499,4.93067969134355
"DYNC1LI1",3.98460814548799,6.28648134580779,5.13554474564789,7.44291272179639
"CHCHD2",-11.46869252249,-14.4173609344408,-12.9430267284654,18.4225732320259
"NDUFB9",23.2178064297261,-3.82786317915431,9.69497162528592,23.5312360900688
"COX11",-6.75392024471175,-7.95865389052604,-7.35628706761889,10.4381804171566
"SQOR",-14.8111995873962,2.54019283188657,-6.13550337775483,15.0274486470876
"SESN1",1.19955931824613,-2.6814270458912,-0.740933863822535,2.93751486131184
"SEC23IP",-3.07223113209008,-2.66167526212939,-2.86695319710973,4.0648639989568
