"gene","cv_pre","cv_post","delta_cv","age"
"MMP24OS",21.5624407899242,44.6290327756353,23.0665919857111,"Young"
"ESYT2",22.3895003494496,33.077174917143,10.6876745676934,"Young"
"ILVBL",25.0299089433081,30.8918626415786,5.86195369827045,"Young"
"FSD2",26.6153085103468,24.3882931274141,-2.22701538293262,"Young"
"TARS3",49.2330855582291,21.4449833476893,-27.7881022105398,"Young"
"VWA8",28.2685038767512,27.3369721780838,-0.931531698667396,"Young"
"CARNS1",43.2500181468753,44.713038195017,1.46302004814163,"Young"
"MAP1LC3B2",35.323770219821,3.72174474681728,-31.6020254730037,"Young"
"PGP",19.2463950744605,12.5778475995844,-6.66854747487611,"Young"
"DHRS7C",31.5400373881935,28.8727572753962,-2.66728011279723,"Young"
"SMTNL1",31.5067426244955,37.1602217517213,5.65347912722573,"Young"
"NUDT19",52.7137835052198,50.2628642810049,-2.45091922421492,"Young"
"NACA",13.7132005445741,18.2644773644157,4.55127681984159,"Young"
"SLC35A4",26.7226641219478,38.3082058942572,11.5855417723093,"Young"
"PDLIM1",34.9337021322795,50.1129384005627,15.1792362682831,"Young"
"MYO1C",24.1624524294226,46.3688503084936,22.206397879071,"Young"
"FXYD1",33.5172278219188,43.1681819096263,9.65095408770753,"Young"
"STXBP3",9.0984043591866,30.7443765605469,21.6459722013603,"Young"
"NDUFS8",25.3147036692173,42.6460562538887,17.3313525846714,"Young"
"PSMD11",10.4422929157787,18.0080990127602,7.5658060969815,"Young"
"PSMD12",19.4402916819832,21.1988640879992,1.75857240601598,"Young"
"PSMD9",20.9843038813884,20.7662947278178,-0.218009153570545,"Young"
"PGRMC1",57.3662764497872,40.677128406161,-16.6891480436261,"Young"
"CLIC1",24.1656402528935,32.779843481552,8.61420322865851,"Young"
"EIF3F",15.9415981567106,19.6017660201632,3.66016786345256,"Young"
"PDHX",12.3241362623439,18.286304948449,5.96216868610514,"Young"
"DCTN6",18.0885833052893,29.6724931884441,11.5839098831548,"Young"
"IPO5",12.3188436943686,12.4795833141767,0.160739619808121,"Young"
"EEF2K",20.0103902017251,35.6843343312955,15.6739441295704,"Young"
"EML1",15.100706055401,20.5534152940777,5.45270923867673,"Young"
"DNM1L",16.8641753879449,19.6477815394122,2.78360615146734,"Young"
"RTCA",21.2850118169513,23.2760709035646,1.99105908661329,"Young"
"NDUFA4",22.533876570037,23.2337216839359,0.699845113898874,"Young"
"PSMD14",15.9801740815816,13.6830274588741,-2.29714662270754,"Young"
"BIN1",8.34935522603282,13.1540885785216,4.80473335248882,"Young"
"KPNA3",35.9017371994126,25.1461451458748,-10.7555920535377,"Young"
"DDX3X",25.7238874276671,23.1948956036557,-2.52899182401145,"Young"
"KPNA4",13.5119527679684,16.3063636905365,2.79441092256809,"Young"
"CES2",27.1760336067792,43.1712286762818,15.9951950695026,"Young"
"FBP2",38.7876795949228,28.7165269604998,-10.071152634423,"Young"
"PDXK",20.8049839236177,13.0380149065753,-7.76696901704243,"Young"
"SDHD",25.2035238597366,27.1954422205732,1.99191836083658,"Young"
"COX7A2L",19.9025243137734,37.5140673993174,17.6115430855439,"Young"
"GAPDHS",75.2121349762137,73.7501518020199,-1.46198317419386,"Young"
"HSPB6",40.4466597407084,37.5320848304482,-2.91457491026018,"Young"
"NDUFAB1",50.0207932998173,38.4883005104234,-11.5324927893938,"Young"
"IMPA2",25.3481363937437,31.3737972341862,6.0256608404425,"Young"
"PDCD5",15.3552168266518,15.3459873494449,-0.00922947720690814,"Young"
"PRMT5",19.7666027289563,19.0244276956112,-0.742175033345138,"Young"
"PSMA7",8.29303277199073,13.6902404591107,5.39720768711999,"Young"
"OPLAH",15.2143713807171,27.93225244989,12.7178810691729,"Young"
"MGST3",20.6054792346685,29.2620312049625,8.65655197029391,"Young"
"RGS12",40.8548927412496,38.5733349660851,-2.28155777516449,"Young"
"HAT1",84.5887041270398,73.8979814776932,-10.6907226493465,"Young"
"UQCRQ",11.3335698975503,23.6975230019441,12.3639531043938,"Young"
"MYL12B",31.5210311679838,33.3989370643721,1.87790589638836,"Young"
"UQCR11",46.9259337158695,26.3445335638145,-20.581400152055,"Young"
"CASQ2",35.5965318417373,37.0892410045642,1.49270916282691,"Young"
"HGS",26.8585137105751,26.2689808394311,-0.589532871143977,"Young"
"HNRNPDL",42.2965349230738,45.9134322543085,3.61689733123472,"Young"
"XPO1",11.687148800199,17.8028920747045,6.11574327450547,"Young"
"ATP2A1",24.2508233839235,31.7325044260042,7.48168104208066,"Young"
"SYNJ2",68.2799672178042,48.7519692878179,-19.5279979299862,"Young"
"SYNM",46.8703362067426,68.2808905841062,21.4105543773637,"Young"
"ARPC1B",37.6164472457962,28.1372267934793,-9.47922045231695,"Young"
"PGRMC2",29.1459569042837,30.3116086912841,1.16565178700038,"Young"
"PFDN6",20.8341949225741,20.2474741540253,-0.58672076854883,"Young"
"NDUFA1",44.2842971903593,64.4639401536538,20.1796429632945,"Young"
"SURF4",28.9428364466421,28.9850050424928,0.0421685958507325,"Young"
"TCAP",54.7253074164086,86.9313919638016,32.206084547393,"Young"
"PMM2",39.0724095386724,34.7136287308968,-4.3587808077756,"Young"
"EIF3D",17.8120077285856,21.1747842609739,3.36277653238837,"Young"
"EIF3H",34.5949084562055,30.4034123899146,-4.19149606629087,"Young"
"BCAT2",29.1177756861217,19.5910380177024,-9.52673766841935,"Young"
"STX7",20.4823123832647,38.1679282684388,17.6856158851741,"Young"
"SLC16A3",39.9127083277783,46.0114617758734,6.09875344809502,"Young"
"YKT6",12.0292285921166,17.403335234578,5.37410664246136,"Young"
"ARPC5",27.414251487678,20.2837765061568,-7.13047498152127,"Young"
"TAPBP",46.1591508689761,10.2996506529911,-35.859500215985,"Young"
"DHX15",15.9349360433094,18.9898191712529,3.05488312794356,"Young"
"CYB5B",42.2780687431648,18.9435872811989,-23.3344814619659,"Young"
"NDUFS4",23.7026371340521,40.1580682899205,16.4554311558684,"Young"
"DYNC1LI2",27.8629509969829,21.4592244269587,-6.40372657002423,"Young"
"PSMD3",20.1735034915303,12.7318194884589,-7.44168400307138,"Young"
"RASA4",43.2553987878522,27.3863736817487,-15.8690251061035,"Young"
"HNRNPR",21.6434611271457,16.9340522017402,-4.70940892540544,"Young"
"TXNL1",16.4186518197414,11.9777197054968,-4.44093211424459,"Young"
"TPD52L2",14.7670672911275,14.1246314242065,-0.642435866921037,"Young"
"ERI3",29.4074792818797,25.8926803266926,-3.51479895518715,"Young"
"AKR7A2",20.715573352459,18.8512409931394,-1.86433235931962,"Young"
"LAT",34.4849076547106,28.4838911697812,-6.00101648492937,"Young"
"DENR",18.0671135097078,16.8863996624023,-1.18071384730551,"Young"
"DNPH1",27.2907744500112,25.5236177414757,-1.76715670853551,"Young"
"TIMM44",24.4545903482466,17.7098687902933,-6.74472155795334,"Young"
"TRAPPC3",20.2180064394598,21.1086552438461,0.890648804386235,"Young"
"CHMP2A",17.5122945119739,16.3288123510689,-1.18348216090499,"Young"
"NDUFB5",16.3418215645631,40.5845456442894,24.2427240797263,"Young"
"NDUFB3",26.1721965135815,40.0689950474784,13.8967985338968,"Young"
"NDUFA2",22.8260644639357,33.5121504232658,10.6860859593301,"Young"
"BUB3",10.3238153897602,36.3487011609623,26.0248857712021,"Young"
"ACTN4",66.5654786528635,99.0968324345559,32.5313537816924,"Young"
"GSTZ1",33.4748101616621,26.1579065721824,-7.31690358947968,"Young"
"PRKAB2",14.9643116441996,21.88274694533,6.91843530113037,"Young"
"AP1G1",10.485867711084,11.1769358014615,0.691068090377435,"Young"
"SYNGR2",22.0988431199955,19.9460327842018,-2.15281033579364,"Young"
"SGTA",14.3438620279906,23.4917160646147,9.1478540366241,"Young"
"ENSA",24.7265974243533,30.0686508455571,5.34205342120381,"Young"
"SLC25A20",29.3541179490675,27.9100176060405,-1.44410034302705,"Young"
"NARS1",37.7833850020909,20.9687199360772,-16.8146650660137,"Young"
"LANCL1",27.6210654979698,16.120679512777,-11.5003859851928,"Young"
"SLC37A4",37.7154258900906,29.0448406597778,-8.67058523031287,"Young"
"IDH3B",29.6087514194319,23.5563285059556,-6.05242291347627,"Young"
"CALU",25.8687173570587,28.5753842562491,2.70666689919032,"Young"
"AHCYL1",26.2171659319905,15.8500017772724,-10.3671641547181,"Young"
"NDUFS5",18.8841973852197,46.7502223611971,27.8660249759774,"Young"
"TIMM8A",59.4201001741043,46.7203357941901,-12.6997643799142,"Young"
"PPP1R12B",32.2747367478276,36.42770315115,4.15296640332239,"Young"
"PRPSAP2",31.9026996975351,36.6644117364676,4.7617120389325,"Young"
"SPAG9",19.597822363484,34.0336966660368,14.4358743025528,"Young"
"OPA1",15.6812446978192,17.5540609151602,1.87281621734105,"Young"
"TBC1D4",26.3495188144073,18.9743262642556,-7.37519255015166,"Young"
"SNX3",15.5615775950759,15.9298321576496,0.368254562573748,"Young"
"SYNCRIP",16.849182906542,15.4811769144853,-1.36800599205669,"Young"
"KLHL41",46.1696498435742,72.8307585908505,26.6611087472763,"Young"
"PLIN3",21.0999953002912,24.8666207755649,3.76662547527371,"Young"
"KPNA6",15.8962873876774,22.7360839988464,6.83979661116897,"Young"
"SNX2",17.0155153949528,20.3075039487394,3.29198855378652,"Young"
"USO1",16.3178016712174,21.2938887189822,4.9760870477648,"Young"
"TOM1",18.360909504554,20.6498251103378,2.28891560578374,"Young"
"PFKFB2",24.5465903892935,31.3683209338473,6.82173054455383,"Young"
"EDF1",18.9150557363539,17.0825109237652,-1.8325448125887,"Young"
"DNAJA2",14.4903772703117,13.7479952111582,-0.742382059153487,"Young"
"CUTA",43.8005548604941,25.536304992612,-18.2642498678821,"Young"
"PFDN1",15.9343716054424,16.9861868260345,1.05181522059214,"Young"
"NOL3",26.4757509732948,21.6647817518023,-4.81096922149256,"Young"
"WDR1",18.9353776372454,16.5577190640047,-2.37765857324071,"Young"
"LDB3",13.721486208875,20.6089892349498,6.88750302607483,"Young"
"CLASP2",15.0109929078951,34.5364724928269,19.5254795849318,"Young"
"COBL",39.4322535151557,45.5169053304811,6.08465181532534,"Young"
"CPNE3",16.1292094791348,19.0629875720735,2.93377809293876,"Young"
"CLUH",53.3608227438255,32.355797055555,-21.0050256882705,"Young"
"CAND2",26.7934654995835,20.7015601460565,-6.091905353527,"Young"
"COQ9",25.1907271333289,16.757580824224,-8.43314630910493,"Young"
"GGCT",24.1082240501432,22.2594857713614,-1.8487382787818,"Young"
"NDUFS7",23.509245348727,46.0640882418653,22.5548428931382,"Young"
"RTN2",15.0284131600391,17.1425834096359,2.11417024959683,"Young"
"NDUFS2",19.0712039974406,41.213337273934,22.1421332764934,"Young"
"NIPSNAP2",32.4968297124893,32.2883248900517,-0.208504822437604,"Young"
"TBCA",16.9244341639302,18.5827304798362,1.65829631590601,"Young"
"ATP6V1G1",16.0703426947517,14.9648495175673,-1.10549317718445,"Young"
"VPS4B",36.69125149561,40.8000485459185,4.10879705030852,"Young"
"MACROH2A1",45.5964885832305,40.5479435538903,-5.04854502934021,"Young"
"SH3BGRL",43.4180797453908,28.8733025681016,-14.5447771772893,"Young"
"FLNB",38.8717949246041,39.2501450075526,0.378350082948437,"Young"
"NDUFS6",18.0082981671808,40.482383121118,22.4740849539372,"Young"
"CS",21.3854938574017,15.9519051702922,-5.43358868710945,"Young"
"SEC22B",14.0234759485651,25.3563295702006,11.3328536216356,"Young"
"MTX2",17.2055834011795,16.9319361138189,-0.273647287360532,"Young"
"VPS26A",15.2991592435751,19.2086261619893,3.90946691841421,"Young"
"NDUFB1",36.5043212018323,36.9224607271277,0.418139525295338,"Young"
"PMPCB",22.7929895488282,20.8568207517416,-1.93616879708662,"Young"
"NDUFS3",20.0540263230759,33.4740118734112,13.4199855503354,"Young"
"ECI2",19.6763785170451,24.5098026907461,4.83342417370099,"Young"
"BANF1",40.3164325487107,32.2267071747906,-8.08972537392005,"Young"
"CSDE1",22.6489590505169,18.8052934084361,-3.84366564208083,"Young"
"PRKRA",24.9538910265876,41.4556018144402,16.5017107878526,"Young"
"LYPLA1",23.6995369513334,26.1566867075237,2.4571497561903,"Young"
"TIPRL",16.6191505804235,17.2135250971026,0.594374516679164,"Young"
"PPM1B",27.6860646709733,32.3196483964262,4.63358372545289,"Young"
"SLC25A12",21.0879911739134,21.7494940651504,0.661502891236928,"Young"
"TCEA3",23.4773757652183,10.0675457203849,-13.4098300448334,"Young"
"EIF3G",38.0611977008687,20.9375040750695,-17.1236936257992,"Young"
"EIF3J",14.8385355916787,16.4803300605555,1.64179446887673,"Young"
"PSMD10",17.4080930979748,19.5920180366313,2.18392493865655,"Young"
"IDH1",15.4090304989984,18.0697835584479,2.66075305944943,"Young"
"SCO1",36.2048941994194,16.5644537463261,-19.6404404530934,"Young"
"ALDH1L1",25.1413419858654,21.9957026091365,-3.1456393767289,"Young"
"ARL6IP5",9.83454750119699,19.7637476979383,9.92920019674133,"Young"
"DYSF",15.155041693547,17.6859399092328,2.53089821568583,"Young"
"PIAS2",24.2436001489072,21.4523382116784,-2.7912619372288,"Young"
"DCTN3",12.635939070209,23.5632512058039,10.9273121355948,"Young"
"ATP5PD",16.1754585697968,14.7920318302161,-1.3834267395807,"Young"
"FLOT1",21.0732418132812,14.7503731831542,-6.32286863012706,"Young"
"ATP5MG",16.8558941180683,11.4275388610458,-5.42835525702256,"Young"
"GLRX3",33.3281612778719,23.0631799900083,-10.2649812878636,"Young"
"DDAH1",13.1782569411683,20.1239881432297,6.94573120206141,"Young"
"BAIAP3",27.6179802100837,26.8332270216763,-0.784753188407411,"Young"
"TOMM70",26.8263968426969,24.1158907281202,-2.71050611457661,"Young"
"UFL1",25.9637416965464,18.3957651864286,-7.5679765101179,"Young"
"TMEM63A",33.5733056985659,27.9235615006792,-5.64974419788661,"Young"
"PLPBP",15.6528042900134,13.5944137403629,-2.05839054965048,"Young"
"ERLIN2",25.5940532666736,23.559902696275,-2.03415057039858,"Young"
"ENDOD1",19.0391461899918,17.7354977907434,-1.30364839924842,"Young"
"SEC31A",19.7311555038513,28.872760200702,9.14160469685066,"Young"
"NDUFB6",29.5028963718243,45.7741604929046,16.2712641210803,"Young"
"MFN2",18.1998354475953,17.0569400208007,-1.14289542679456,"Young"
"NDUFA3",25.8418179163632,49.0163916342497,23.1745737178865,"Young"
"NDUFB4",29.1325526338066,40.0167263967288,10.8841737629222,"Young"
"NDUFB8",14.8489670574271,34.3744061928402,19.5254391354131,"Young"
"NDUFA7",23.1666943282773,40.8741901641667,17.7074958358894,"Young"
"RTN3",33.0074268750512,39.4120761343972,6.40464925934608,"Young"
"LETM1",24.579880104033,24.2120000656319,-0.367880038401037,"Young"
"STBD1",18.1069027776584,18.0698900987848,-0.03701267887363,"Young"
"ZRANB2",79.9270720593438,51.346185238185,-28.5808868211588,"Young"
"EPM2A",66.8417199337707,31.3646458081626,-35.4770741256081,"Young"
"VAPB",15.6967684287276,23.9008226377345,8.20405420900686,"Young"
"NDUFC2",28.9778030797775,48.6978116165309,19.7200085367534,"Young"
"NDUFA10",19.357940910147,36.1893750688505,16.8314341587035,"Young"
"PGLS",22.2845571970215,36.4816197652697,14.1970625682482,"Young"
"TACC2",27.2991051902838,34.1450627490504,6.84595755876659,"Young"
"LYPLA2",37.5258021102102,55.133390972429,17.6075888622188,"Young"
"IPO7",21.6819311004717,30.710017960776,9.02808686030425,"Young"
"ARIH2",31.5844765302135,33.9087342623686,2.32425773215509,"Young"
"PGM3",27.2534801271156,26.1201643790989,-1.1333157480167,"Young"
"SVIL",43.3257713130452,58.5501776504066,15.2244063373614,"Young"
"AHSA1",17.0979588944065,26.4934110174409,9.39545212303437,"Young"
"H6PD",25.6388024714061,16.8723859518955,-8.76641651951058,"Young"
"MPC2",23.0423926163793,23.1442057079962,0.101813091616872,"Young"
"ETHE1",1.98489043598315,18.2445870067325,16.2596965707494,"Young"
"ACSL3",24.2114786329334,15.6324444119102,-8.57903422102322,"Young"
"ASMTL",15.9182699275278,22.9040493276706,6.98577940014279,"Young"
"CDS2",12.3541742906343,21.1648883416412,8.81071405100689,"Young"
"SNAP29",6.57296200680046,12.9962312815137,6.42326927471327,"Young"
"OXSR1",13.0457141302801,11.2773748527139,-1.76833927756612,"Young"
"LSM8",21.8195001814118,27.9265841357632,6.10708395435143,"Young"
"AP2A1",16.0179650174237,25.1863594548036,9.16839443737988,"Young"
"CAVIN2",18.6646198550263,26.1147129070197,7.4500930519934,"Young"
"BAG2",40.1897586501073,27.7601719426653,-12.429586707442,"Young"
"BAG3",30.9781430730478,30.3214292575827,-0.656713815465157,"Young"
"MLYCD",33.3777583808919,46.7445384494716,13.3667800685796,"Young"
"AIFM1",14.0537024768427,11.4939450453309,-2.55975743151181,"Young"
"EML2",38.9113758724256,36.0529355942996,-2.85844027812605,"Young"
"BPNT1",34.2673146595079,23.3810830235076,-10.8862316360003,"Young"
"DDAH2",29.9153328428071,24.5138096938369,-5.4015231489702,"Young"
"ABHD16A",42.2136613914204,20.2989476629603,-21.91471372846,"Young"
"TXNDC12",50.1282065106256,8.33549904824332,-41.7927074623822,"Young"
"NUDT3",20.7516301924923,18.9480658286553,-1.8035643638369,"Young"
"NDUFB10",37.2902411200793,36.0387326548628,-1.25150846521645,"Young"
"CLPTM1",47.933968944624,32.3723471093193,-15.5616218353047,"Young"
"MOCS2",18.3991465532188,31.0051952516351,12.6060486984163,"Young"
"TOMM40",22.4073821715651,33.8628961879556,11.4555140163905,"Young"
"PEX11B",29.9608120898573,33.7268524171074,3.76604032725012,"Young"
"CYB5A",30.5252378122913,30.1729052859705,-0.352332526320801,"Young"
"ADH1B",63.8641363669059,66.4380386798102,2.57390231290432,"Young"
"LDHA",21.931266354455,20.9219862505139,-1.00928010394115,"Young"
"ALDH1A1",18.2984521096795,34.5478482136287,16.2493961039493,"Young"
"GLUD1",22.4200879155113,18.3388945236376,-4.08119339187377,"Young"
"CYB5R3",17.0068822474618,22.3951489548398,5.38826670737801,"Young"
"GSR",13.3374129154228,13.9037983179498,0.566385402527057,"Young"
"MT-CO1",48.6461767740448,42.5121781318021,-6.13399864224274,"Young"
"MT-CO2",25.6449737112929,35.3625518367449,9.71757812545199,"Young"
"MT-CO3",21.58304277335,48.9939388581239,27.4108960847739,"Young"
"SOD1",15.2161985576898,17.3390450946873,2.12284653699756,"Young"
"CP",24.0146867365519,23.6026406282309,-0.412046108320965,"Young"
"F13A1",28.2424862548847,93.1442752720709,64.9017890171862,"Young"
"HPRT1",22.7237877180904,22.9473108217819,0.223523103691424,"Young"
"GOT2",16.3725049600111,14.4504351616809,-1.92206979833021,"Young"
"PGK1",12.7528607430093,13.3921982655059,0.639337522496641,"Young"
"AK1",23.5650943130462,15.4440911728517,-8.12100314019446,"Young"
"HP",65.2814750934275,60.9868286166406,-4.29464647678685,"Young"
"CFB",44.6890892972833,24.5893281836965,-20.0997611135868,"Young"
"MT-ATP6",35.4667770766245,35.2632093096066,-0.203567767017901,"Young"
"CA2",32.5782622455952,26.7842127035014,-5.79404954209382,"Young"
"ASS1",69.3273451131062,44.042267336748,-25.2850777763583,"Young"
"SERPINA1",35.6273966901688,33.5721086930816,-2.05528799708714,"Young"
"SERPINA3",41.3767726917214,24.6054388599368,-16.7713338317846,"Young"
"AGT",23.9472731126002,17.813036094881,-6.13423701771916,"Young"
"A2M",54.991650266469,52.1728619795536,-2.81878828691533,"Young"
"C3",45.2976255399878,43.7519485638436,-1.5456769761442,"Young"
"CST3",31.9483009888786,31.4280475475916,-0.520253441287,"Young"
"CSTA",44.3412066762827,148.749784860799,104.408578184517,"Young"
"JCHAIN",35.0228927257131,41.7782258020887,6.75533307637556,"Young"
"IGKV3-20",36.4534110627317,62.9546208956552,26.5012098329235,"Young"
"IGHV3-7",43.7616762818632,44.8725067843637,1.11083050250046,"Young"
"IGKC",51.4274115542835,44.9980067588954,-6.42940479538809,"Young"
"IGHG1",41.1678918275841,33.9905600889513,-7.17733173863276,"Young"
"IGHG2",47.2263741518082,56.760353767902,9.5339796160938,"Young"
"IGHG3",61.0898123596419,41.6297466882619,-19.46006567138,"Young"
"IGHM",60.826589721704,43.8853454446119,-16.9412442770921,"Young"
"IGHA1",59.2044581386192,46.4059444754841,-12.798513663135,"Young"
"HLA-B",22.4841005230518,59.2843623838372,36.8002618607853,"Young"
"HLA-DRB1",42.3753478379843,53.5110896576983,11.135741819714,"Young"
"MB",19.6750663416934,19.8867425163928,0.211676174699441,"Young"
"COL1A1",115.596095924562,143.881075991933,28.2849800673705,"Young"
"COL3A1",110.171361358445,146.488016403906,36.3166550454615,"Young"
"COL4A1",92.7578763446151,87.9527222496216,-4.80515409499351,"Young"
"CRYAB",29.4807214754392,32.4926603515635,3.01193887612428,"Young"
"KRT14",86.7676473859616,166.336297376119,79.5686499901576,"Young"
"LMNA",39.1572297726979,41.4676488915325,2.3104191188346,"Young"
"TNNC2",55.9120838068819,69.7485727996408,13.8364889927589,"Young"
"APOE",37.965812381143,58.8552639883583,20.8894516072153,"Young"
"APOC2",61.7594072005601,49.7715842763757,-11.9878229241844,"Young"
"LRG1",40.7531547795172,33.5290466065046,-7.22410817301265,"Young"
"FN1",28.2228141564614,61.7626359496333,33.5398217931719,"Young"
"RBP4",37.4736723617397,42.5368750955924,5.06320273385273,"Young"
"ORM1",50.4133947051041,52.2186270784306,1.80523237332653,"Young"
"TTR",43.538351585413,39.428435264333,-4.10991632108003,"Young"
"ALB",28.6870247344865,31.9967429105313,3.30971817604484,"Young"
"PPBP",39.0795318442418,44.938817141482,5.85928529724019,"Young"
"TFRC",64.6085005140768,73.7758102033367,9.16730968925991,"Young"
"TF",35.3642785498705,36.5134467816833,1.14916823181277,"Young"
"FTL",113.733097733798,172.849553891451,59.1164561576531,"Young"
"FTH1",69.6235524864589,89.5549400485519,19.931387562093,"Young"
"MT2A",28.3950196463779,50.0408205309427,21.6458008845648,"Young"
"MT-ND1",23.4914121513374,38.4333026291224,14.941890477785,"Young"
"MT-ND2",36.487177374204,52.1563887046913,15.6692113304873,"Young"
"MT-ND3",35.8924946574459,41.9501924605344,6.05769780308855,"Young"
"MT-ND4",34.2091344553071,47.3578564480723,13.1487219927652,"Young"
"MT-ND5",54.5562265202113,50.2552228475852,-4.30100367262613,"Young"
"MT-ATP8",31.5684053543936,30.5778924260959,-0.990512928297715,"Young"
"CAT",31.3074897537972,47.3582369121827,16.0507471583855,"Young"
"ALDOA",9.90188306920284,14.9762924655019,5.07440939629902,"Young"
"CSTB",20.2077579790759,51.6512769084198,31.4435189293439,"Young"
"ANXA1",23.1459081181859,183.462993834695,160.317085716509,"Young"
"SOD2",59.9991345459669,41.8655550345695,-18.1335795113974,"Young"
"KRT1",64.70336959807,65.1957190620874,0.492349464017423,"Young"
"VWF",25.8249831696641,38.5729615062253,12.7479783365612,"Young"
"GAPDH",15.8999281545963,16.3258668311195,0.425938676523209,"Young"
"HLA-A",34.5516437521892,32.145753094439,-2.40589065775024,"Young"
"CAPNS1",10.5842605131679,9.28100334403278,-1.30325716913514,"Young"
"HSPB1",28.8766656685408,28.0842254828166,-0.792440185724249,"Young"
"RPN1",12.0400277169733,12.317689489417,0.277661772443702,"Young"
"RPN2",34.4953738290962,27.8004156195861,-6.69495820951017,"Young"
"GNAI2",14.7841648420271,17.9648852976016,3.18072045557453,"Young"
"ATP1A1",19.160596942642,12.9090060837207,-6.25159085892132,"Young"
"ATP1B1",24.7984707780563,15.2246209564919,-9.57384982156432,"Young"
"APOD",43.0724325301599,129.190592759255,86.1181602290954,"Young"
"ALDH2",39.5799610518097,45.5462867456875,5.96632569387781,"Young"
"S100A8",59.1310012733878,294.925885124572,235.794883851184,"Young"
"SLC25A5",16.2346790794633,18.10183464826,1.86715556879671,"Young"
"SERPING1",33.5575066292404,39.8204860491355,6.26297941989513,"Young"
"PCCA",21.1050502051927,26.3773395292055,5.27228932401286,"Young"
"PCCB",30.5945836506599,25.7573212967082,-4.8372623539517,"Young"
"EIF2S1",11.4883271265624,14.0128893114874,2.52456218492493,"Young"
"RPLP1",27.5424227716384,60.1854719179066,32.6430491462681,"Young"
"RPLP2",25.2652280645597,35.4128758951754,10.1476478306158,"Young"
"RPLP0",27.6347654850709,32.7656218423679,5.13085635729701,"Young"
"FABP3",27.1237744742419,18.5497132581262,-8.57406121611563,"Young"
"CLEC3B",32.1662031148125,43.268711590244,11.1025084754315,"Young"
"SSB",20.2041259660584,30.863150182448,10.6590242163896,"Young"
"ITGB1",14.7263188155771,19.541036415557,4.8147175999799,"Young"
"KRT18",60.9781798478656,78.0130977754475,17.0349179275819,"Young"
"KRT8",63.0414389739213,100.136550115685,37.0951111417639,"Young"
"MYL1",37.5298871513476,88.5518493993176,51.02196224797,"Young"
"GSN",35.9706041066666,41.0555724123185,5.08496830565189,"Young"
"PTMA",38.3042010280572,35.1486977666818,-3.1555032613754,"Young"
"ATP5F1B",14.9891440112363,15.6494215453201,0.660277534083836,"Young"
"S100A9",46.924476276184,275.860409212797,228.935932936613,"Young"
"S100A6",49.5812195381585,67.1537528598575,17.572533321699,"Young"
"EIF4E",15.055306760921,13.657719025513,-1.39758773540793,"Young"
"CKM",18.083918059943,15.3896229949356,-2.69429506500736,"Young"
"ENO1",29.7787323489971,24.7927819732409,-4.98595037575621,"Young"
"PYGL",44.8902362434883,35.7493587550004,-9.14087748848792,"Young"
"GPI",13.4423661671907,11.3013721252707,-2.14099404191997,"Young"
"NPM1",29.4120967626021,25.2318118824411,-4.18028488016096,"Young"
"TPM3",56.759600762386,131.171400293678,74.4117995312918,"Young"
"EPHX1",30.134901301331,39.6806174881165,9.5457161867855,"Young"
"DBI",24.6947500280461,34.3320197291651,9.63726970111898,"Young"
"LDHB",40.0314511295213,47.2252241663359,7.19377303681467,"Young"
"GPX1",11.2809960952211,20.6099485747773,9.32895247955623,"Young"
"P4HB",11.0966620978484,15.3598523169634,4.26319021911504,"Young"
"H1-0",33.6584850974908,42.543038132529,8.88455303503816,"Young"
"CTSD",17.0590377197266,27.8716081729455,10.8125704532189,"Young"
"ANXA2",21.5731621462741,30.9156619388257,9.34249979255162,"Young"
"CAPN1",11.4840188555179,10.8428922316062,-0.641126623911687,"Young"
"TUBB",15.1957580358717,20.1186600753548,4.92290203948315,"Young"
"CA3",25.760112891298,30.8338384967124,5.07372560541438,"Young"
"DCN",33.217400573176,45.8719302023141,12.6545296291381,"Young"
"PSAP",27.6068304674451,31.2910617963778,3.68423132893261,"Young"
"PFN1",13.1419250006286,13.1415614519425,-0.000363548686129533,"Young"
"BPGM",26.9059306992172,29.470430836748,2.56450013753086,"Young"
"APRT",15.2526626603883,24.5071581770134,9.25449551662509,"Young"
"EPRS1",10.4299776960703,15.30017268419,4.87019498811973,"Young"
"CTSB",14.8696018935794,27.7552906100157,12.8856887164363,"Young"
"HSP90AA1",17.1424375695891,18.844914421487,1.70247685189789,"Young"
"UQCRH",14.5348436239756,25.730690652573,11.1958470285974,"Young"
"TPM2",50.1058342323499,87.3816661409058,37.2758319085558,"Young"
"FH",12.7077686175994,11.0200387847123,-1.68772983288703,"Young"
"COL1A2",121.844628336241,145.294535210249,23.4499068740089,"Young"
"ANXA6",13.9833446340213,14.5138957403916,0.530551106370275,"Young"
"PFKM",18.5372491547747,18.145528390015,-0.391720764759665,"Young"
"HSP90AB1",16.5290423010681,19.5628156673121,3.03377336624399,"Young"
"SOD3",35.1182476782867,49.0391692768463,13.9209215985596,"Young"
"PDHA1",11.3074699589659,7.38394258116075,-3.92352737780513,"Young"
"COL4A2",87.0268064181907,86.0651380142991,-0.961668403891593,"Young"
"CYC1",16.4534459409471,19.2424970505887,2.78905110964155,"Young"
"MYL3",50.2683436418996,139.142958698798,88.8746150568984,"Young"
"CFH",24.6294078260767,44.1670297915649,19.5376219654882,"Young"
"NFIC",20.0827773230309,45.4430523565839,25.360275033553,"Young"
"VIM",29.4578815132272,79.4548405119691,49.9969589987419,"Young"
"SERPINF2",36.5605687023226,33.1365232629245,-3.42404543939808,"Young"
"RPS17",17.2611760780049,19.4154185312545,2.15424245324966,"Young"
"KRT19",66.3292555725682,57.9197334918682,-8.40952208069999,"Young"
"ANXA5",22.144573756419,24.5730223864826,2.42844863006355,"Young"
"RPSA",11.3167476289464,15.1414729349605,3.82472530601414,"Young"
"SNRPA",32.5043533826537,23.9625587058212,-8.54179467683249,"Young"
"ENO2",18.427760763238,12.9043691050577,-5.52339165818034,"Young"
"ACAA1",22.7891906408164,16.7120214903317,-6.07716915048469,"Young"
"GSTP1",18.062093244118,18.9162402054364,0.854146961318371,"Young"
"LGALS1",34.3819967528664,34.7623592041626,0.380362451296214,"Young"
"QDPR",19.5792616501456,21.0434041126708,1.46414246252525,"Young"
"HMGB1",17.2325618926066,17.1438539379306,-0.0887079546759857,"Young"
"FBP1",51.2562839557336,34.7352487190105,-16.5210352367232,"Young"
"GSTM1",80.6848567727137,87.4154934587445,6.73063668603081,"Young"
"TPM1",48.9363836613437,92.4848620240721,43.5484783627284,"Young"
"CLTB",16.7087880278951,26.1405920934032,9.43180406550811,"Young"
"ANXA4",30.7881632030907,25.9033777656653,-4.88478543742535,"Young"
"HMOX1",52.5680574478722,43.1669811138396,-9.40107633403256,"Young"
"DLD",16.5470060591863,19.008511208768,2.4615051495817,"Young"
"HNRNPA1",37.1894141628836,43.8199884496014,6.63057428671784,"Young"
"COX6C",38.8114524321606,52.2521933071847,13.4407408750241,"Young"
"PARP1",22.2607281750981,18.3692277318649,-3.89150044323318,"Young"
"IFIT2",27.3901717623088,22.605700076505,-4.78447168580381,"Young"
"UCHL1",36.4490137840498,57.5967612060825,21.1477474220327,"Young"
"LTA4H",20.6774706571062,14.8998003153306,-5.77767034177561,"Young"
"ALDOC",78.3105267546345,62.4010570330823,-15.9094697215522,"Young"
"LIMS3",24.7136602407775,18.3989899451995,-6.31467029557799,"Young"
"HSPA1A",23.1574878033151,14.6655016422186,-8.49198616109653,"Young"
"IGLC2",60.6031389288831,46.0654518776414,-14.5376870512418,"Young"
"IGLC3",45.758436730107,49.2965909874636,3.53815425735659,"Young"
"CALM1",18.0910135120067,20.3780539489317,2.28704043692502,"Young"
"FDX1",40.8598698706422,11.6166847927732,-29.243185077869,"Young"
"COX8A",31.6357074178139,46.0776396452819,14.441932227468,"Young"
"GAA",38.8128338645985,44.994552582165,6.18171871756656,"Young"
"RRAS",21.8214050008208,27.0938038138962,5.27239881307542,"Young"
"ARAF",27.9270238791851,35.3690018547508,7.4419779755657,"Young"
"DLAT",12.2913328296868,8.55521433151228,-3.73611849817451,"Young"
"TXN",19.943749976121,21.2835112864002,1.33976131027918,"Young"
"COX5B",21.0958453625626,33.6386459280285,12.5428005654659,"Young"
"MAPT",20.2862477252843,33.0554362885568,12.7691885632725,"Young"
"PRKAR1A",12.709521860506,16.2439219486653,3.53440008815933,"Young"
"ESD",31.982099337226,28.3301833166711,-3.6519160205549,"Young"
"HSPD1",13.9066630408088,12.9634264217248,-0.943236619083965,"Young"
"THRB",41.0516199424467,123.290996556605,82.2393766141586,"Young"
"CLU",53.1242424612704,35.3356895537686,-17.7885529075018,"Young"
"MYL2",41.27516401883,82.1221643862366,40.8470003674066,"Young"
"HSPA5",12.9893023412651,18.6567031014002,5.6674007601351,"Young"
"LAMC1",72.4553603787309,86.7857334856998,14.3303731069689,"Young"
"MYH3",150.257470245074,142.129999118275,-8.12747112679943,"Young"
"HSPA8",12.6933771208696,12.684224833,-0.00915228786960753,"Young"
"EPB41",30.2050568480344,21.3917081483035,-8.81334869973091,"Young"
"PDHB",11.4342188238069,14.821455199997,3.38723637619004,"Young"
"DBT",33.9266671878585,40.9200673136405,6.99340012578202,"Young"
"PYGB",20.1969781370018,14.4264270472623,-5.77055108973951,"Young"
"PYGM",20.6998706422724,16.4374772180693,-4.26239342420308,"Young"
"RALA",14.9187639194165,25.8419706466591,10.9232067272427,"Young"
"SPTB",21.7050574596687,20.065518476303,-1.63953898336563,"Young"
"LAMP1",15.6245799234439,30.6631190695996,15.0385391461556,"Young"
"ACADM",27.2836449970565,31.9889202392404,4.7052752421839,"Young"
"UBL4A",26.9993029391708,26.2689798376164,-0.730323101554422,"Young"
"DMD",10.6806656921417,18.4017289891777,7.721063297036,"Young"
"MTHFD1",14.5646375062954,13.7040729011836,-0.860564605111877,"Young"
"ADH5",23.2602890877193,17.5944935503418,-5.66579553737747,"Young"
"PABPC1",19.8691825902772,13.9575597865537,-5.91162280372357,"Young"
"HARS1",19.0135238172494,16.6453981962208,-2.36812562102854,"Young"
"COL6A1",64.8001304157621,100.876779468103,36.0766490523411,"Young"
"COL6A2",65.4762273348627,84.4152212507242,18.9389939158615,"Young"
"COL6A3",65.0091239896473,87.9223260660639,22.9132020764166,"Young"
"SLC25A4",28.7530356025962,29.2651994850408,0.512163882444625,"Young"
"SLC25A6",48.6058012666291,34.7004916697728,-13.9053095968563,"Young"
"IMPDH2",13.5234451387852,18.5155728886749,4.99212774988966,"Young"
"CKB",15.9700255926627,17.9072046424219,1.93717904975921,"Young"
"ANXA3",48.9540829707414,31.6570672637588,-17.2970157069826,"Young"
"BCKDHA",17.4030100077508,44.5962847789517,27.1932747712009,"Young"
"ACTN1",74.5050186323086,99.8159477867713,25.3109291544627,"Young"
"MYH1",123.629670042199,120.369765085401,-3.2599049567972,"Young"
"MYH7",36.819881063419,96.0361873855293,59.2163063221104,"Young"
"PEPD",29.4099029198682,24.630027023763,-4.77987589610527,"Young"
"XRCC6",17.1109113685809,21.6546356001351,4.54372423155417,"Young"
"XRCC5",17.2725932345747,17.0158835763492,-0.256709658225503,"Young"
"COX4I1",19.0303279712619,33.1262571423623,14.0959291711005,"Young"
"IFITM1",28.899645195247,30.7870772642104,1.88743206896342,"Young"
"LAMP2",29.1449838161141,29.3219031842228,0.17691936810867,"Young"
"RNH1",18.4523951619146,12.1655999781948,-6.28679518371973,"Young"
"MYH8",46.909963072431,80.0166750497464,33.1067119773154,"Young"
"VCAN",11.1568500351449,15.0932335183709,3.93638348322602,"Young"
"EEF2",12.1620268468877,10.0255168830682,-2.13650996381947,"Young"
"KRT10",58.7499292466244,64.8642697189402,6.11434047231579,"Young"
"KRT5",64.5859301637476,127.960272766715,63.3743426029674,"Young"
"PDIA4",37.6419412605986,37.47051873882,-0.171422521778588,"Young"
"TPT1",25.5361906667208,30.8838966600725,5.34770599335176,"Young"
"ALAD",32.8710563094568,30.3359708148327,-2.53508549462412,"Young"
"LCP1",26.4075283461414,22.8624194488104,-3.54510889733102,"Young"
"PLS3",19.0530279792062,41.202452236115,22.1494242569087,"Young"
"APEH",14.3602573645903,12.7383019272851,-1.6219554373052,"Young"
"ETFA",23.9147169750562,22.869598962581,-1.04511801247522,"Young"
"TNNT1",55.1859925317912,114.559843557325,59.3738510255337,"Young"
"GYS1",20.0430193657787,27.2336447631247,7.19062539734601,"Young"
"PRKAR2A",15.1028026203658,12.3069851241634,-2.7958174962024,"Young"
"ENO3",19.184942398463,14.1007887578753,-5.08415364058772,"Young"
"CD59",16.9795199101101,13.7495618890845,-3.22995802102557,"Young"
"MIF",28.5401722227457,27.8534575717243,-0.686714651021386,"Young"
"CD99",23.7979422908635,30.0469283254941,6.24898603463054,"Young"
"PRKCSH",16.3868312008982,19.0371237290481,2.65029252814991,"Young"
"FDPS",9.43488485014895,13.0078342735631,3.57294942341418,"Young"
"COX7A2",28.205635442643,34.4102149789503,6.20457953630729,"Young"
"NID1",77.3465061374748,64.18502737168,-13.1614787657949,"Young"
"AKR1A1",21.4173785036151,32.5133763470215,11.0959978434064,"Young"
"PKM",14.4979763332561,10.9222900431095,-3.5756862901466,"Young"
"ACYP2",16.5756747010601,15.2589263617026,-1.3167483393575,"Young"
"HSP90B1",14.9280527396898,20.9745148015865,6.04646206189667,"Young"
"MYL6B",56.6374221990642,151.062975350016,94.4255531509522,"Young"
"IDE",18.3036545247826,28.4320656951441,10.1284111703615,"Young"
"COX6B1",20.6466722919263,33.7145594705084,13.0678871785821,"Young"
"HNRNPL",32.3692394760629,25.0209768692904,-7.34826260677253,"Young"
"DARS1",15.7756774644443,21.919395565092,6.1437181006477,"Young"
"JUP",32.1837579168849,82.7971062099563,50.6133482930714,"Young"
"UQCRB",14.3557889152895,18.8612973930507,4.50550847776122,"Young"
"CPA3",49.7799598173109,34.1351363272704,-15.6448234900405,"Young"
"FABP4",22.0948923737194,15.3863274782644,-6.708564895455,"Young"
"GLUL",48.1994694696938,38.1546466225917,-10.0448228471021,"Young"
"AKR1B1",17.8564968429808,12.8971317043168,-4.95936513866391,"Young"
"GSPT1",12.5441481998091,15.3896604044323,2.84551220462313,"Young"
"PGAM2",28.2321913409957,19.9519199590836,-8.28027138191216,"Young"
"EZR",48.9186780209473,61.3112139074323,12.392535886485,"Young"
"UCHL3",21.7153597932871,23.9196824516307,2.20432265834359,"Young"
"NME1",17.34741370525,15.7982705187965,-1.54914318645351,"Young"
"RPS2",30.977809164716,19.6637576541594,-11.3140515105567,"Young"
"RPA2",21.140051385889,21.025886485498,-0.114164900390929,"Young"
"COX7C",48.2947010938164,40.1426655896096,-8.15203550420683,"Young"
"NQO2",71.541473986552,76.3702690534888,4.82879506693678,"Young"
"PFKFB1",31.82837643614,21.7623615839243,-10.0660148522157,"Young"
"CBR1",27.3677342555952,19.9383223527915,-7.4294119028037,"Young"
"ANK1",28.7994340497955,31.800245521673,3.00081147187747,"Young"
"ACADS",33.2345009992126,35.4447782732625,2.2102772740499,"Young"
"PPP3CB",20.3577111606528,26.2418289730202,5.88411781236737,"Young"
"ATP2A2",21.6676235250189,23.5275952813844,1.8599717563655,"Young"
"CD36",31.6282032900589,30.2260301591255,-1.40217313093335,"Young"
"FAH",23.637296803486,23.2541360851822,-0.383160718303767,"Young"
"YBX3",37.7080541021971,35.06543033104,-2.64262377115706,"Young"
"TMEM11",19.0054723127058,18.8422356051091,-0.163236707596685,"Young"
"GOT1",19.6473135016851,17.922497490443,-1.7248160112421,"Young"
"CKMT2",24.0332013384335,25.2955666663299,1.26236532789631,"Young"
"NDUFB7",20.328625599271,51.1084260376406,30.7798004383696,"Young"
"PRKACA",11.2988585076424,8.19181839030896,-3.10704011733345,"Young"
"CAPN2",16.6099460492226,21.5159690782896,4.906023029067,"Young"
"DES",47.6360397159288,82.041806027823,34.4057663118942,"Young"
"PFKL",27.3785969959466,19.8800272833778,-7.49856971256876,"Young"
"LGALS3",16.8798556938727,45.1237449487792,28.2438892549065,"Young"
"FLT1",101.848384760028,153.126272296929,51.2778875369009,"Young"
"PSMC3",13.1545176493763,12.1796221655507,-0.974895483825565,"Young"
"TCP1",18.0151365894382,19.5606885219822,1.54555193254397,"Young"
"RPL35A",24.3438900560186,63.5687408530319,39.2248507970132,"Young"
"ARF4",35.6133011849573,31.8230216909191,-3.79027949403814,"Young"
"RPL7",32.4755123979687,42.778075283453,10.3025628854843,"Young"
"VCL",8.66669231516468,8.37756326301488,-0.289129052149805,"Young"
"RPL17",14.2826432269442,25.8727057486834,11.5900625217392,"Young"
"PGAM1",13.8577647207069,18.1503420369651,4.2925773162582,"Young"
"ATP5PF",23.7651502028428,19.5670969232989,-4.19805327954382,"Young"
"TSPAN8",33.6985883553979,27.8985673364049,-5.80002101899297,"Young"
"TNNI1",49.840874056809,121.69891204119,71.8580379843813,"Young"
"NCL",24.6955127247137,27.7183301875814,3.02281746286775,"Young"
"HK1",16.9855775982581,17.1607713778409,0.175193779582749,"Young"
"NDUFV2",22.3775120565932,37.4512622831515,15.0737502265583,"Young"
"SRM",76.134611448663,58.6597777249856,-17.4748337236775,"Young"
"TYMP",28.1819850291906,35.2346075224966,7.05262249330599,"Young"
"EIF2S2",18.3509111940146,21.9656794359071,3.61476824189247,"Young"
"ANXA7",12.5559539086602,16.2661136992608,3.71015979060056,"Young"
"TPSB2",47.5846486928785,27.3867226014992,-20.1979260913793,"Young"
"BTF3",31.1000344550238,23.0029593889975,-8.09707506602632,"Young"
"RAB6A",29.6065379237885,29.4686286882549,-0.13790923553363,"Young"
"PVALB",92.5937859080267,135.474755933383,42.8809700253564,"Young"
"PSMB1",10.3548609024827,10.0423026164989,-0.312558285983735,"Young"
"COX5A",16.3246293349643,43.1701114311055,26.8454820961411,"Young"
"CAPN3",36.0659033488782,20.3222903929138,-15.7436129559644,"Young"
"CAST",29.5308765212936,22.7616343122233,-6.7692422090703,"Young"
"NEB",44.8811338773203,79.9459619037872,35.0648280264669,"Young"
"PTMS",33.7959041601812,18.9920452277052,-14.803858932476,"Young"
"GSTM3",21.8323448750902,23.2877063979624,1.45536152287217,"Young"
"ATP6V1B2",30.3088823892361,25.8834187037206,-4.42546368551558,"Young"
"CSRP1",39.0705748665106,52.8819815260526,13.811406659542,"Young"
"FLNA",31.8324002226429,36.6292581902544,4.79685796761147,"Young"
"MAOA",28.3427342918745,41.3704150808069,13.0276807889324,"Young"
"ACO1",17.867603249877,16.3025124442506,-1.56509080562634,"Young"
"GPD1",17.5362921189176,16.7566757058726,-0.779616413044963,"Young"
"VDAC1",16.1986621066999,23.9329521655162,7.7342900588163,"Young"
"BGN",23.8163007032093,34.5358483839669,10.7195476807576,"Young"
"RYR1",17.4481226607578,13.3350606347012,-4.11306202605667,"Young"
"SDHB",24.1439478451291,21.454764894025,-2.68918295110409,"Young"
"COMT",26.4102245856547,16.4202264627733,-9.98999812288141,"Young"
"TGM2",41.6952028642578,34.638285305199,-7.05691755905882,"Young"
"MMUT",36.172079852795,26.4606308060208,-9.71144904677423,"Young"
"OSBP",13.8988565175987,13.5223821267357,-0.376474390862972,"Young"
"PCMT1",15.59947658569,18.0256323112945,2.42615572560453,"Young"
"GART",14.9512510083412,16.4289264325843,1.4776754242431,"Young"
"PAICS",14.2468567042582,14.9830572489934,0.736200544735174,"Young"
"SCP2",26.0033788696292,38.4904761276904,12.4870972580611,"Young"
"UBA1",12.9296821180827,15.0508259534254,2.1211438353427,"Young"
"GPX3",43.5126047309313,28.7637004204857,-14.7489043104456,"Young"
"NME2",19.026532884626,17.2953911043128,-1.73114178031316,"Young"
"HNRNPA2B1",27.1831356611436,31.3471649555376,4.16402929439401,"Young"
"UQCRC2",12.5601411117474,17.3873156251991,4.82717451345163,"Young"
"FECH",27.1603690796594,15.5845691206317,-11.5757999590277,"Young"
"AMPD1",50.0662149860944,41.1318269939745,-8.93438799211994,"Young"
"FBLN1",32.2939050745604,31.2543626837992,-1.03954239076122,"Young"
"SFPQ",15.4559521958689,23.9524775821713,8.4965253863024,"Young"
"PPIB",26.1213075963929,41.6228636029021,15.5015560065093,"Young"
"S100A1",49.4174890402642,36.1202714830436,-13.2972175572207,"Young"
"HRC",21.1235568456172,18.4834103985251,-2.64014644709219,"Young"
"ME2",31.6954994659271,22.7012010617093,-8.99429840421775,"Young"
"WARS1",26.1390920575558,19.8331256913327,-6.30596636622306,"Young"
"RPS3",23.4135603939276,23.5167724117521,0.103212017824568,"Young"
"GCSH",52.2828430524066,30.868459217047,-21.4143838353596,"Young"
"AHCY",13.8203445341101,15.6209536039204,1.80060906981038,"Young"
"CFL1",23.2539849218063,26.5828313612173,3.32884643941092,"Young"
"EIF4B",19.8566874246943,17.6808979707984,-2.17578945389592,"Young"
"ATP2B4",19.6375873486528,19.204914816067,-0.432672532585805,"Young"
"CPT2",29.3559226097176,18.9951541165345,-10.3607684931831,"Young"
"LAMA2",55.6669746929892,62.0567850905127,6.38981039752348,"Young"
"GPT",37.200308126954,28.2316165918954,-8.96869153505859,"Young"
"COX7A1",29.8361691270154,46.3764372084692,16.5402680814538,"Young"
"COX7B",28.4058904345095,54.7953407392051,26.3894503046956,"Young"
"EEF1B2",24.1478519884665,23.9077380887305,-0.240113899736009,"Young"
"ATP5PB",18.0077996167428,14.9029590557593,-3.10484056098354,"Young"
"ACP1",21.1367095477637,18.0473025545879,-3.0894069931758,"Young"
"ACAT1",15.3814006031654,17.9326249659756,2.55122436281021,"Young"
"MYL9",29.4022973076145,44.1685760519333,14.7662787443188,"Young"
"AZGP1",32.0213646417805,30.319263760346,-1.70210088143445,"Young"
"MPST",21.8209999784677,18.795672590192,-3.02532738827562,"Young"
"RPS12",30.2871136298687,20.2409890180733,-10.0461246117953,"Young"
"DNAJB2",38.2890099214671,24.9146127440264,-13.3743971774408,"Young"
"ATP5F1A",17.1325793326942,14.4658878750442,-2.66669145765007,"Young"
"PSMA1",8.60204339376456,9.77993760894889,1.17789421518433,"Young"
"PSMA2",20.9104220769479,22.3358804957885,1.4254584188406,"Young"
"PSMA3",12.1519926763958,12.6415905850496,0.489597908653774,"Young"
"PSMA4",17.4405459277509,19.0916038580308,1.65105793027994,"Young"
"MSN",13.0157921172247,23.8674461893982,10.8516540721735,"Young"
"DDX6",14.4565606826284,20.221723320894,5.76516263826567,"Young"
"U2AF2",26.2057039723306,30.3462855368619,4.14058156453133,"Young"
"RPL13",31.5481213817016,47.3484056948137,15.8002843131121,"Young"
"IVD",27.4099489451849,30.9250439330131,3.51509498782812,"Young"
"S100A4",33.4834124023678,74.3494160200361,40.8660036176683,"Young"
"HMGB2",24.2203086403754,35.7747697714162,11.5544611310407,"Young"
"TARS1",25.3404489880986,21.8611842627312,-3.47926472536744,"Young"
"VARS1",26.4356268489787,32.2537756728416,5.81814882386298,"Young"
"EEF1G",10.9598603743759,14.0217505750959,3.06189020071994,"Young"
"PLN",41.9472809849403,54.2500500807516,12.3027690958113,"Young"
"FKBP2",29.5789853214861,58.9563162338752,29.3773309123891,"Young"
"STOM",33.8510188536697,27.453390210081,-6.3976286435887,"Young"
"MAOB",23.0112528639463,29.7242030010047,6.71295013705835,"Young"
"YWHAQ",15.0429542695133,13.2402448590991,-1.80270941041418,"Young"
"MAPK3",23.1443545852539,32.9597479085786,9.81539332332477,"Young"
"RPL10",31.8156194905358,26.3348118046563,-5.4808076858795,"Young"
"RPA1",25.5427586256437,23.5097076497996,-2.0330509758441,"Young"
"APEX1",20.7673977167257,22.2471745340348,1.47977681730917,"Young"
"CALR",9.91261568159154,10.209003152306,0.296387470714484,"Young"
"MAP4",14.7394562864361,25.9773587674026,11.2379024809665,"Young"
"CANX",14.3879292464964,19.5878128310228,5.19988358452647,"Young"
"PSMA5",13.456207702577,8.47952801899343,-4.9766796835836,"Young"
"PSMB4",20.8935257055369,13.0818573247329,-7.81166838080399,"Young"
"PSMB6",19.0515747055441,21.3242791266369,2.27270442109283,"Young"
"PSMB5",22.5228509012617,21.5248129162073,-0.998037985054388,"Young"
"GSTM2",23.190048114148,21.8141539947233,-1.37589411942472,"Young"
"TMOD1",61.1726667829284,66.7791589198001,5.60649213687176,"Young"
"NDUFS1",16.4273056065592,33.3968015215898,16.9694959150307,"Young"
"MAPK1",9.8776757565097,16.2173249886301,6.33964923212041,"Young"
"RBL1",22.7546268781721,16.1231972545378,-6.63142962363424,"Young"
"LAP3",15.8030349264786,14.0335156067048,-1.76951931977381,"Young"
"CD38",30.2460124125585,36.527178043739,6.28116563118049,"Young"
"TPP2",21.740424127095,21.8089323644792,0.0685082373841759,"Young"
"IMPA1",12.1201057118327,14.5576111109922,2.43750539915951,"Young"
"EPHA2",50.7622960932894,45.7901267025825,-4.97216939070691,"Young"
"COL4A5",116.010991937618,62.5872878425315,-53.4237040950865,"Young"
"TKT",34.2019539573275,28.9551611300964,-5.24679282723107,"Young"
"EEF1D",16.6290222321865,13.9534680118831,-2.67555422030337,"Young"
"MARCKS",38.6929842353345,25.6492040942988,-13.0437801410357,"Young"
"GNA11",47.4502969684885,41.8588789798374,-5.59141798865107,"Young"
"ALDH4A1",30.6300409291502,24.3496155073636,-6.28042542178666,"Young"
"ERP29",24.4109615068352,17.6803163155132,-6.73064519132192,"Young"
"PRDX6",18.3097214467239,19.7979720466662,1.4882505999423,"Young"
"BLVRB",17.2547608626525,22.6609648009962,5.40620393834365,"Young"
"PRDX5",19.4527831880207,15.0275222439165,-4.42526094410414,"Young"
"DDT",42.1908020295266,27.838795612591,-14.3520064169356,"Young"
"PRDX3",11.4252983616055,13.3251249250293,1.89982656342379,"Young"
"ATP5F1D",26.1246707708051,27.3530099680694,1.22833919726432,"Young"
"RPL12",26.4293217271841,60.6726661574549,34.2433444302708,"Young"
"ECHS1",22.5437866210168,19.5695751171757,-2.97421150384114,"Young"
"CMPK1",77.3924062149986,36.6276003341894,-40.7648058808092,"Young"
"PEBP1",11.2042498663105,19.1166016627503,7.91235179643978,"Young"
"PDIA3",11.3337603553954,10.9456530695059,-0.388107285889436,"Young"
"PPP2R1A",7.55144305052792,13.0368202788113,5.48537722828336,"Young"
"PPIF",30.3623473855677,18.2539673177978,-12.1083800677699,"Young"
"NMT1",13.8218786951408,10.4448117163674,-3.37706697877335,"Young"
"ADSS2",31.0084330407914,34.8715024364057,3.86306939561431,"Young"
"LRPAP1",18.3088286539608,22.5719715570137,4.26314290305293,"Young"
"TSPO",29.5071593792763,24.6859403789791,-4.8212190002972,"Young"
"ADSL",15.7030853291968,16.5174302532257,0.8143449240289,"Young"
"CLIP1",20.0712963003062,18.9547253366122,-1.11657096369401,"Young"
"SRI",19.8285379464376,32.8715626344145,13.0430246879768,"Young"
"SERPINB1",26.8495590544586,28.6369094318845,1.78735037742587,"Young"
"ALDH1B1",56.113237276405,75.1330343931254,19.0197971167204,"Young"
"SDHA",20.6307383870828,15.6108216217214,-5.01991676536142,"Young"
"GDI1",13.6478827415522,11.8476572692748,-1.80022547227742,"Young"
"MAT2A",17.0473338987738,8.10074423295371,-8.94658966582004,"Young"
"CASQ1",28.0455500635247,32.7514302888966,4.70588022537196,"Young"
"DNAJA1",17.807847395509,35.0058441160265,17.1979967205176,"Young"
"AKT2",35.63849458801,35.0210616473524,-0.617432940657515,"Young"
"UQCRC1",12.9455778740954,20.105479510922,7.15990163682656,"Young"
"HIBADH",13.5117614213472,14.2366496713884,0.724888250041245,"Young"
"ATIC",17.6953887967118,17.5325385183621,-0.162850278349715,"Young"
"HNRNPH3",24.8066795291968,27.7295479264104,2.92286839721354,"Young"
"HNRNPH1",25.0531925888719,18.8484114533424,-6.20478113552948,"Young"
"YWHAB",8.89221305565943,17.104065076568,8.21185202090854,"Young"
"STIP1",13.0047971565548,13.5922825725997,0.587485416044899,"Young"
"S100A11",23.2072464946691,66.0055977064029,42.7983512117337,"Young"
"PRDX2",10.2691229170507,13.0399878133286,2.77086489627789,"Young"
"GBP2",16.5254234452128,30.0587541511566,13.5333307059439,"Young"
"ACSL1",14.4693995669742,14.8488322834264,0.379432716452236,"Young"
"KIF5B",20.9454807185851,22.955167172858,2.00968645427286,"Young"
"MCM5",90.7089697273305,82.7923237792771,-7.91664594805333,"Young"
"SHMT1",37.6706765030334,44.6574150895547,6.98673858652133,"Young"
"SHMT2",31.0779389667787,31.2212321607306,0.143293193951912,"Young"
"HSPA4",21.3219716883255,15.9135531345832,-5.40841855374223,"Young"
"MPI",16.8814167097219,18.27131521624,1.38989850651816,"Young"
"GPC1",17.739221978751,28.2384458794746,10.4992239007236,"Young"
"PFN2",17.8748932199604,19.7754269086455,1.90053368868519,"Young"
"CTNNA1",19.8284198442324,53.5626547438707,33.7342348996383,"Young"
"SERPINB6",17.3072402430878,19.257260075765,1.95001983267717,"Young"
"RDX",15.506532335717,14.7646299936175,-0.741902342099515,"Young"
"RPA3",27.9972896610857,36.8930073659284,8.89571770484267,"Young"
"RPL22",19.9608595048104,23.4184713608374,3.45761185602702,"Young"
"SPR",33.1225827398932,30.4704582984485,-2.65212444144472,"Young"
"THBS4",43.9622519838407,33.0167849361052,-10.9454670477355,"Young"
"FBN1",87.5492072953721,85.2411096933521,-2.30809760202,"Young"
"AGL",16.7726253487806,11.4825183769624,-5.29010697181815,"Young"
"MYH9",29.0481560698102,31.1227669515513,2.0746108817411,"Young"
"COPB2",11.453135251532,25.1030986073013,13.6499633557693,"Young"
"ACTN2",56.6524311974267,126.559134449466,69.9067032520398,"Young"
"ADD1",50.4309253911523,28.1320819943778,-22.2988433967744,"Young"
"BSG",17.7734169640827,22.8788539440975,5.10543698001484,"Young"
"FUS",15.6823570544589,16.211790709245,0.529433654786017,"Young"
"DEK",16.759093581055,11.6258767779537,-5.13321680310122,"Young"
"MYH11",31.7788451103787,55.7405412773779,23.9616961669993,"Young"
"GLRX",44.0356518017829,47.5498170531165,3.5141652513336,"Young"
"PPM1A",15.923187571347,13.7477804879546,-2.1754070833924,"Young"
"KRT2",67.9130663997963,62.709306996311,-5.20375940348534,"Young"
"HMGCL",24.204146760035,22.8624402745453,-1.34170648548962,"Young"
"PSMC2",9.5058299183603,13.2111761546438,3.7053462362835,"Young"
"ARL3",9.47903809833145,16.2321817740125,6.75314367568103,"Young"
"MAP2K2",16.8458387300964,18.4834075589645,1.6375688288681,"Young"
"ATP5F1C",17.8478579851505,16.15296614171,-1.69489184344045,"Young"
"ATP6V1E1",58.2468988126394,33.1976925483945,-25.0492062642449,"Young"
"RPL4",23.7672868528122,48.9009594697535,25.1336726169413,"Young"
"LONP1",23.0809500950557,21.488916239093,-1.59203385596279,"Young"
"PGM1",17.9149121649781,10.3759319400737,-7.53898022490444,"Young"
"PPP1CC",12.4180516300084,35.0810702381344,22.6630186081259,"Young"
"SERPINF1",23.283420138802,34.4616516092873,11.1782314704854,"Young"
"DLST",15.7265186466419,19.4763931084821,3.74987446184016,"Young"
"GMPR",37.1902567266102,30.2449498515587,-6.94530687505146,"Young"
"GPX4",18.8633038702114,20.9428895723575,2.07958570214602,"Young"
"SRP14",28.2482135583348,20.6358087548304,-7.61240480350435,"Young"
"TAGLN2",15.9746403697759,15.5990637888589,-0.375576580916956,"Young"
"TALDO1",17.3035812865611,14.9948672858507,-2.30871400071039,"Young"
"SNCA",31.8902355605832,76.2629024789424,44.3726669183592,"Young"
"ETFB",27.9799267040406,25.1024206174519,-2.87750608658878,"Young"
"ATP6V1A",21.4312772745147,16.3038953127066,-5.12738196180811,"Young"
"HSPA9",12.9052093705889,13.4027155352149,0.497506164625928,"Young"
"RPS19",20.6470904001789,25.1886391414191,4.54154874124013,"Young"
"RPL3",48.6191943553489,50.0669498336354,1.44775547828645,"Young"
"COL15A1",40.02604926442,55.1329924927134,15.1069432282934,"Young"
"COL18A1",35.7754415524812,23.6095281971764,-12.1659133553047,"Young"
"DDOST",15.6162116160295,12.7198506356748,-2.89636098035475,"Young"
"ANP32A",25.1539601781344,21.7292583477927,-3.42470183034165,"Young"
"CAPG",15.4572455158321,58.6168703546008,43.1596248387687,"Young"
"CAP2",25.6803467024183,33.2962357467532,7.61588904433489,"Young"
"CCT6A",22.2176114521829,21.1825494699512,-1.03506198223169,"Young"
"RPL13A",43.6964177870454,40.6879398976031,-3.00847788944227,"Young"
"ARL1",69.517567863407,47.2298472821673,-22.2877205812397,"Young"
"STAT3",25.2220449801781,17.2421093698136,-7.9799356103645,"Young"
"MDH1",14.2116586611608,20.5839191232791,6.37226046211822,"Young"
"MDH2",15.9088696963951,12.2661166213987,-3.64275307499637,"Young"
"HADHA",21.0750438712657,21.4523878806803,0.377344009414593,"Young"
"EIF2S3",20.4527443569373,27.1955353815689,6.74279102463162,"Young"
"NAA10",23.2664062632411,25.0375352309652,1.7711289677241,"Young"
"PPP1R2",23.6202936427028,14.9123481009274,-8.70794554177541,"Young"
"GARS1",25.3308809177428,24.5367752240903,-0.794105693652416,"Young"
"IARS1",13.8376243275597,33.5542161953128,19.7165918677531,"Young"
"EIF1",32.7601156507613,13.003310290311,-19.7568053604504,"Young"
"ECI1",18.6837937058182,16.416199315089,-2.2675943907292,"Young"
"TMPO",23.1875946726338,5.43161988413564,-17.7559747884982,"Young"
"AKR1C3",38.2368625955571,59.8881136455966,21.6512510500395,"Young"
"RPS27",14.9621573050327,22.0489596058249,7.08680230079216,"Young"
"LRPPRC",12.0502816268947,18.4927252182411,6.44244359134634,"Young"
"ACAA2",19.8991098281942,20.5326188034597,0.633508975265549,"Young"
"RPL35",27.9520618989553,21.9254543802782,-6.02660751867717,"Young"
"SLC1A4",32.0164943118445,25.6459469203999,-6.37054739144461,"Young"
"PAFAH1B1",27.2047190089273,26.2244275532268,-0.980291455700453,"Young"
"CRAT",19.2566012488397,15.4347788834643,-3.82182236537536,"Young"
"GPD2",25.2234041369059,24.3183352504966,-0.905068886409275,"Young"
"NAMPT",51.3304392676857,41.9225419277422,-9.40789733994352,"Young"
"PSMC4",13.9743441013078,18.8489122389496,4.87456813764179,"Young"
"TSFM",29.0992911803789,34.6407007213962,5.54140954101732,"Young"
"TNNT3",55.9942350086052,74.9835083353194,18.9892733267143,"Young"
"ASPA",25.3329556352528,18.7142671872049,-6.61868844804792,"Young"
"PPIC",16.5596815958718,27.5316393019175,10.9719577060457,"Young"
"VDAC2",13.5720589586313,25.1137202949119,11.5416613362806,"Young"
"ACADSB",32.7540461994784,34.5908704848693,1.83682428539088,"Young"
"USP5",16.2116110011195,16.4400942696232,0.228483268503666,"Young"
"MAP2K4",24.795168351369,18.4014530341879,-6.39371531718102,"Young"
"PHKA2",36.5999843965253,22.4253069282712,-14.1746774682541,"Young"
"PHKA1",23.1569873213358,22.4069544964401,-0.750032824895737,"Young"
"CRKL",17.225243405657,29.2276877093697,12.0024443037126,"Young"
"MTIF2",8.88139784838653,14.7413002109169,5.85990236253034,"Young"
"BAG6",13.3609656508035,30.5029758454159,17.1420101946125,"Young"
"NSF",23.4301071277043,26.3802691313491,2.95016200364473,"Young"
"MAP2K3",18.072132170635,16.3942458038697,-1.67788636676533,"Young"
"RPL27A",33.4357085952413,51.1779365840127,17.7422279887715,"Young"
"RPL5",40.014042502927,35.294852519755,-4.71918998317198,"Young"
"RPL28",25.0890750744395,40.1366681444421,15.0475930700026,"Young"
"RPS9",25.1641502601507,34.9776257980492,9.81347553789848,"Young"
"RPS5",16.529888156669,25.0033966620155,8.47350850534646,"Young"
"RPS10",58.5948800227063,49.9385896977015,-8.6562903250048,"Young"
"GNPDA1",15.3618703194305,24.8780599184157,9.51618959898518,"Young"
"UTRN",27.2852809043401,33.9756351116486,6.69035420730845,"Young"
"IQGAP1",18.9798929492697,32.5359635856176,13.5560706363479,"Young"
"GYG1",22.5446036520168,19.708254424996,-2.83634922702081,"Young"
"STT3A",23.2338667223126,17.1063464826084,-6.1275202397042,"Young"
"CAPZA2",25.6113363173728,45.447408190504,19.8360718731312,"Young"
"CAPZB",26.8487995316607,52.1751797338894,25.3263802022287,"Young"
"EIF1AX",22.6384371798278,27.0954277549042,4.45699057507641,"Young"
"QARS1",12.9126733914908,9.22603122710593,-3.68664216438489,"Young"
"RPL29",32.1072684885957,76.0452948295565,43.9380263409607,"Young"
"UQCRFS1",13.8781096242744,14.0263095343627,0.14819991008831,"Young"
"ATP5PO",16.3063122855354,14.3964875939975,-1.90982469153793,"Young"
"LIMS1",18.2739037261872,20.102929918783,1.82902619259582,"Young"
"PREP",17.6418286377239,17.2738016663922,-0.368026971331787,"Young"
"ME1",17.0423841344501,15.918865620554,-1.12351851389612,"Young"
"PIP4K2A",18.8169286591044,21.0324676159657,2.21553895686122,"Young"
"ARCN1",33.8662216449696,28.304614290076,-5.56160735489362,"Young"
"LSS",21.9068454970297,22.6005519999924,0.693706502962641,"Young"
"GCLM",37.4597514532176,38.3404656975183,0.88071424430067,"Young"
"CD151",25.8842882528099,35.0147615281304,9.13047327532044,"Young"
"PSMD8",17.7984054565085,27.6957329408268,9.89732748431828,"Young"
"GSS",27.4068502525106,23.7603148993267,-3.64653535318394,"Young"
"CCT5",13.0174940443474,14.3231023445028,1.30560830015532,"Young"
"NES",32.2477916195379,88.1079477571253,55.8601561375874,"Young"
"IDH2",18.8646526199152,14.6853338831829,-4.17931873673224,"Young"
"TNNI2",47.7831152665853,86.1574424965298,38.3743272299445,"Young"
"PXN",15.0882158954221,35.1904407977756,20.1022249023534,"Young"
"ALDH9A1",25.7651591602348,21.8319604197266,-3.93319874050826,"Young"
"RPL34",30.9725414638629,64.6771386086902,33.7045971448273,"Young"
"LMAN1",21.8896586575271,29.9462378049268,8.05657914739974,"Young"
"FNTA",10.9073877647618,19.3033785465711,8.39599078180935,"Young"
"CCT3",15.5101490577274,18.2947511341325,2.78460207640518,"Young"
"MRPL19",31.6063442144137,28.0408613564827,-3.56548285793103,"Young"
"TUFM",15.2567276647109,17.907234462737,2.65050679802611,"Young"
"ALDH7A1",38.5305122844545,39.5231132193666,0.992600934912133,"Young"
"CDC34",60.9455671836774,47.4507031086908,-13.4948640749866,"Young"
"PCYT1A",16.281247825041,19.6162836510706,3.33503582602955,"Young"
"AARS1",22.2938326548117,13.7836934763036,-8.51013917850809,"Young"
"CARS1",26.833247902271,21.2464716396335,-5.58677626263745,"Young"
"SARS1",21.0662903023839,19.4126442465567,-1.65364605582718,"Young"
"PSMB3",22.7640054542143,19.4940503131864,-3.26995514102799,"Young"
"PSMB2",11.1492689076836,17.6207987733733,6.4715298656897,"Young"
"ACADVL",19.5211525735238,13.4245422500373,-6.09661032348646,"Young"
"ACOT2",30.0444622383612,17.6644873503585,-12.3799748880026,"Young"
"TMED10",27.6229946114705,22.7786037332888,-4.84439087818167,"Young"
"HINT1",25.1206006722663,18.2702947471849,-6.85030592508143,"Young"
"NDUFV1",17.608499585723,33.8473381805058,16.2388385947827,"Young"
"GSK3A",27.7375227697133,24.5527989447758,-3.18472382493749,"Young"
"GSK3B",15.2099194298749,18.5508213639925,3.34090193411753,"Young"
"IDH3A",25.4573492254372,14.5767373805215,-10.8806118449157,"Young"
"SULT1A1",43.0767400487724,69.5789513509281,26.5022113021557,"Young"
"GDI2",10.1847378619557,11.7886039822412,1.60386612028545,"Young"
"EMD",24.7782653460285,31.6804454915939,6.9021801455654,"Young"
"CPT1A",34.3354559774999,33.445035169552,-0.890420807947947,"Young"
"SERPINH1",62.5055611848358,35.6716763792781,-26.8338848055577,"Young"
"CSRP3",32.9292683235087,48.3420909516636,15.412822628155,"Young"
"ST13",16.5388263220945,8.15623253236308,-8.38259378973137,"Young"
"DNM2",34.8246481850798,24.3065381327984,-10.5181100522814,"Young"
"METAP2",13.9587909534165,10.8688514675531,-3.08993948586338,"Young"
"NUDT2",52.9919777227119,58.5379185695534,5.54594084684151,"Young"
"LRBA",63.1347806417634,190.53896281338,127.404182171616,"Young"
"BCAM",25.6989984992975,21.0513627660265,-4.64763573327104,"Young"
"RPL14",34.8629018454917,59.5570693399151,24.6941674944235,"Young"
"CCT8",11.8797598123683,17.4542291907175,5.57446937834925,"Young"
"CCT4",16.4032035204491,18.1649748620528,1.76177134160375,"Young"
"ATP1A2",13.1073291780697,14.6630419028501,1.55571272478049,"Young"
"ANXA11",17.3332230179814,14.3096555284217,-3.02356748955965,"Young"
"FXR1",30.8702198333365,33.384234381153,2.5140145478165,"Young"
"RAB5C",34.1204669953351,23.6124697891482,-10.5079972061869,"Young"
"RAB7A",11.543990229014,13.3540846581471,1.81009442913307,"Young"
"DUSP3",19.2749971951917,21.5449513189168,2.26995412372514,"Young"
"IDH3G",30.6827422924563,31.3744609879185,0.691718695462129,"Young"
"GALK1",22.6979110290215,34.7787308033983,12.0808197743768,"Young"
"SSR4",14.1825336450605,49.9123449376938,35.7298112926333,"Young"
"BCAP31",9.53418505020041,19.2002656657984,9.666080615598,"Young"
"MECP2",24.6435292347971,25.3954553385027,0.751926103705536,"Young"
"ALDH3A2",22.8521311303536,29.6707889489939,6.81865781864036,"Young"
"ALDH5A1",22.8174527809936,22.0452755014254,-0.772177279568123,"Young"
"HSD17B4",36.3058215658728,26.7260812339952,-9.57974033187766,"Young"
"PSMD7",38.5474054729399,19.5275395345574,-19.0198659383825,"Young"
"UBE2D1",31.4400666597773,21.6839450141654,-9.75612164561191,"Young"
"SUOX",20.7271109450939,22.1867136602565,1.45960271516259,"Young"
"STAT5B",19.7954673062767,15.7832000681737,-4.01226723810297,"Young"
"RPS6KA3",17.6318178765731,26.5109968720116,8.87917899543853,"Young"
"HDGF",22.7863260197414,16.7897300353311,-5.99659598441031,"Young"
"LUM",24.4018664643129,30.0837818369754,5.68191537266248,"Young"
"PRELP",28.2422133253521,36.7950654628925,8.55285213754038,"Young"
"NDUFA8",18.4075589102656,38.1232751337909,19.7157162235253,"Young"
"HNRNPA3",29.658625258708,23.3944836676046,-6.26414159110336,"Young"
"MYOM1",27.0717207036405,64.9554394676553,37.8837187640148,"Young"
"PGD",20.4285412864064,33.7553216491599,13.3267803627535,"Young"
"HNRNPM",32.3374111609978,29.2278920486157,-3.10951911238216,"Young"
"KPNA1",23.1195006711972,25.950352279621,2.8308516084238,"Young"
"MAP2K6",24.4042673107714,31.3489529498432,6.94468563907177,"Young"
"ARHGDIA",11.5011782972268,13.0385897581151,1.53741146088833,"Young"
"ARHGDIB",30.3932414330336,32.0434903483493,1.65024891531564,"Young"
"RIDA",13.7135332856069,18.1248139471653,4.41128066155838,"Young"
"MRPL12",41.2892480886513,51.1284548609252,9.8392067722739,"Young"
"THOP1",18.7288210510735,14.6726514292773,-4.05616962179625,"Young"
"AKR1C2",26.7465592907464,58.5203841076196,31.7738248168732,"Young"
"CAPZA1",36.1422629488697,46.4025608719929,10.2602979231231,"Young"
"CRIP2",33.9856710898243,37.269789844384,3.28411875455967,"Young"
"BLVRA",18.6068422918802,26.7241213302813,8.11727903840105,"Young"
"PPP5C",19.1494695860417,13.0564338787447,-6.09303570729708,"Young"
"NUBP1",35.4503068819772,32.5852816483084,-2.86502523366877,"Young"
"SUCLG1",21.3008082756979,21.8965280215283,0.595719745830394,"Young"
"COPA",23.0034145750363,21.1723668256779,-1.83104774935833,"Young"
"HCCS",16.5798539178392,16.2451070605583,-0.33474685728098,"Young"
"MAPK12",28.2676193762306,29.9377122090825,1.67009283285186,"Young"
"TTC3",29.1353985575826,28.4280129238346,-0.707385633748032,"Young"
"SMTN",27.4394361131772,31.2975596240255,3.8581235108483,"Young"
"SLC16A1",40.9628825704759,26.2412546559495,-14.7216279145264,"Young"
"IST1",17.3594503792228,16.2286871604301,-1.13076321879275,"Young"
"SEC24C",16.085657505901,28.1436249706569,12.0579674647558,"Young"
"SUB1",16.8633803139437,18.7769168713533,1.91353655740963,"Young"
"RARS1",23.2471848889003,18.7847415869169,-4.46244330198342,"Young"
"CACNB3",22.3392806119119,19.7205902329555,-2.61869037895636,"Young"
"CACNA2D1",14.4870408654702,15.4696907338271,0.982649868356892,"Young"
"MYOM2",26.919290834747,42.3068238271038,15.3875329923568,"Young"
"YARS1",26.0237289888549,21.9831253569399,-4.040603631915,"Young"
"USP14",11.6499178993006,10.2577988887165,-1.39211901058408,"Young"
"PRKAG1",20.962624558974,17.1411195040719,-3.82150505490208,"Young"
"PRKAA2",16.9345648855717,19.1005502335933,2.16598534802162,"Young"
"HSPA2",45.2702435812999,48.4591804057397,3.18893682443975,"Young"
"RAD23A",13.4673212236953,7.53880001204766,-5.92852121164765,"Young"
"RAD23B",18.2257064216326,8.7026221100308,-9.52308431160178,"Young"
"AK2",22.5484405560738,24.5793365903202,2.0308960342464,"Young"
"NAPA",9.19251881623694,14.2494061362225,5.05688731998558,"Young"
"EIF5",36.9051257394097,31.330992305355,-5.57413343405474,"Young"
"PSMD4",11.167389953276,16.2074959088833,5.04010595560735,"Young"
"DRG2",23.2728823049568,22.4687836741003,-0.804098630856515,"Young"
"RRAD",37.9349090298134,70.6726430327527,32.7377340029392,"Young"
"CSE1L",17.5186948469119,15.3687294051488,-2.14996544176313,"Young"
"VCP",14.3810916380354,18.9514727596504,4.57038112161498,"Young"
"HADHB",13.6573156917064,19.2533864486399,5.59607075693353,"Young"
"NAP1L1",21.4420560532393,24.8414514784435,3.39939542520419,"Young"
"ADK",32.9878171824686,29.3394254769604,-3.6483917055082,"Young"
"LAMB2",85.6641952456563,97.6713036149397,12.0071083692834,"Young"
"CDH13",35.7338448658909,19.3386254902413,-16.3952193756496,"Young"
"TPD52",32.8386374711346,31.254788648444,-1.58384882269065,"Young"
"SEC13",18.844436971427,25.8145813151834,6.97014434375642,"Young"
"SNU13",22.8219296391543,21.0047678325388,-1.81716180661541,"Young"
"NPEPPS",12.558291115859,10.7405198824846,-1.81777123337443,"Young"
"HNRNPH2",15.8361136239438,26.9091838804199,11.0730702564761,"Young"
"OXCT1",41.5977192617238,36.7999510796615,-4.79776818206233,"Young"
"SH3BGR",27.5233092245893,26.1348181958493,-1.38849102874001,"Young"
"EIF3B",17.2750918860621,24.3789145193098,7.10382263324776,"Young"
"ATP5MF",36.5421200775272,29.8616384731096,-6.68048160441764,"Young"
"NDUFV3",25.9546487016261,47.7257218163903,21.7710731147643,"Young"
"MARS1",0.0807054299716142,14.7496949900342,14.6689895600626,"Young"
"ARPP19",33.00756857253,33.1700598622613,0.162491289731378,"Young"
"ATP5F1E",23.1804189281539,21.5926286411104,-1.58779028704346,"Young"
"ATP5ME",15.86740840088,21.2649628777823,5.39755447690222,"Young"
"EIF6",20.4722595547862,23.8258958926475,3.35363633786129,"Young"
"NDUFA6",28.4176743601733,39.507099819884,11.0894254597106,"Young"
"SYNJ2BP",26.030114328243,25.248370973603,-0.781743354640014,"Young"
"EEFSEC",20.4179199706836,31.545099712511,11.1271797418273,"Young"
"MTPN",13.9546083127279,10.2004379441485,-3.75417036857938,"Young"
"DEFA3",47.2783341340167,50.3820791045664,3.10374497054971,"Young"
"ARPC4",20.6454184304084,22.8602145634778,2.21479613306937,"Young"
"CD81",92.7104605888029,16.9278287759065,-75.7826318128964,"Young"
"TPI1",10.8653057153563,15.0294907871991,4.16418507184276,"Young"
"EIF3E",24.6063291217329,28.7330480548206,4.12671893308771,"Young"
"SEC61B",41.4304813725426,29.2170420245096,-12.213439348033,"Young"
"GABARAPL2",34.0287937687502,40.4127698091956,6.38397604044533,"Young"
"ROMO1",29.0879505591721,78.1064825464223,49.0185319872502,"Young"
"MYL6",32.9521130573439,60.7158255953444,27.7637125380005,"Young"
"ACTB",32.9288182912099,76.960008479542,44.0311901883321,"Young"
"EIF4A1",20.0459779936013,20.2301780068617,0.184200013260448,"Young"
"RPS20",18.982897743094,30.5285017652921,11.5456040221981,"Young"
"PRPS1",27.1484254287256,28.1050518142388,0.95662638551326,"Young"
"PSMA6",18.8176345285187,14.9149007905463,-3.90273373797242,"Young"
"S100A10",24.4542044755653,30.6149482965993,6.16074382103406,"Young"
"CDC42",19.3811091311531,29.7050575243543,10.3239483932013,"Young"
"DSTN",31.1482610813042,29.6023430131615,-1.5459180681427,"Young"
"RAB2A",16.4085729063087,28.235799941091,11.8272270347823,"Young"
"RAB5B",23.9175915406194,22.3508452648839,-1.56674627573547,"Young"
"RAB10",41.2851447482554,18.2797008426797,-23.0054439055757,"Young"
"UBE2D3",35.1774233422883,21.3950893148173,-13.782334027471,"Young"
"UBE2M",21.0118029804173,9.69242353494558,-11.3193794454717,"Young"
"UBE2K",18.1311205206309,22.7035284932638,4.57240797263285,"Young"
"UBE2N",24.4735161316772,17.1551255049862,-7.31839062669104,"Young"
"RAB14",20.1602374554707,31.9695746892889,11.8093372338182,"Young"
"ACTR3",16.143621745954,21.8007069865564,5.65708524060242,"Young"
"ACTR2",19.7792750887958,19.0040956654914,-0.775179423304422,"Young"
"ACTR1A",13.4788416740554,18.7281232031697,5.24928152911428,"Young"
"COPS2",13.1438461864568,15.7154068820537,2.57156069559689,"Young"
"ABCE1",35.3889538466025,25.3978354167775,-9.991118429825,"Young"
"RAP1B",22.8578828521168,18.1906584276784,-4.66722442443839,"Young"
"RPS3A",12.4808876129989,22.2426787725839,9.76179115958502,"Young"
"RPL26",34.2333447271676,34.1268859881319,-0.106458739035787,"Young"
"RPL15",41.9060244266601,29.4670299862557,-12.4389944404044,"Young"
"RPL27",20.3217604962054,61.5219003395065,41.2001398433011,"Young"
"PCBD1",24.9962373387613,15.1147345764734,-9.88150276228788,"Young"
"RPL37A",16.7850961707495,36.7259311314085,19.9408349606589,"Young"
"RHOA",17.9035230723567,18.0992617820158,0.1957387096591,"Young"
"HSPE1",27.0627509183776,17.0982929692208,-9.96445794915684,"Young"
"SEC61A1",22.2028634784854,15.3838020410743,-6.81906143741107,"Young"
"VBP1",22.1441079956857,17.8350109877568,-4.30909700792887,"Young"
"B2M",23.7965420608438,32.7562213166774,8.95967925583362,"Young"
"NPC2",3.69283279002175,52.1247375062689,48.4319047162472,"Young"
"PKIA",17.9255690087202,17.7527084091499,-0.172860599570232,"Young"
"SUMO2",29.5827593008453,18.774377895192,-10.8083814056533,"Young"
"UFM1",27.0446457448136,39.3299268542935,12.2852811094799,"Young"
"NUTF2",16.2130741761611,14.4888376721978,-1.72423650396328,"Young"
"HNRNPK",22.9385328792283,17.3836573343152,-5.55487554491312,"Young"
"YWHAG",12.2316851170148,16.2990713489075,4.06738623189268,"Young"
"RRAS2",25.7926851831711,20.8181420802003,-4.9745431029708,"Young"
"TIMM10",19.0872964033667,23.6274941346206,4.54019773125389,"Young"
"RPS7",53.2939767499034,79.5205531356075,26.2265763857041,"Young"
"PPP1CA",22.4588196367757,21.2580623596395,-1.20075727713617,"Young"
"PPP1CB",26.9874515635543,31.6445217276558,4.65707016410147,"Young"
"PSMC1",17.179823207361,18.6216701236935,1.44184691633245,"Young"
"PSMC5",18.8421706032793,13.9847915658788,-4.8573790374005,"Young"
"RPS8",20.4817053772134,19.8409065984857,-0.640798778727671,"Young"
"RPS15A",22.0394554354781,24.3078606691932,2.2684052337151,"Young"
"RPS16",20.4913341769502,31.1336168859683,10.6422827090181,"Young"
"UBE2G1",29.8850371833102,29.9552598050701,0.0702226217599602,"Young"
"YWHAE",10.927676754552,18.6551867784068,7.72751002385472,"Young"
"RPS14",20.4452005668898,21.214939575408,0.76973900851819,"Young"
"RPS23",37.1792519231669,39.7008328825061,2.52158095933925,"Young"
"RPS18",11.8546157289715,19.5275958878617,7.6729801588902,"Young"
"RPS13",45.778510188938,55.4620278559538,9.68351766701573,"Young"
"RPS11",21.2520486869058,21.8005650495113,0.548516362605486,"Young"
"SNRPD2",16.8034612456399,19.5400573427847,2.73659609714479,"Young"
"SNRPD3",25.4813571239949,24.8346628937855,-0.646694230209452,"Young"
"TMSB4X",52.4784757230565,88.4419738596634,35.9634981366069,"Young"
"PSMC6",15.1968685868511,17.9202813370887,2.72341275023764,"Young"
"RPL7A",30.8906591375428,46.2599268281471,15.3692676906043,"Young"
"ETF1",24.6553803210756,34.0131706274327,9.35779030635713,"Young"
"CNBP",20.3220290145369,23.7069218391833,3.38489282464646,"Young"
"RPS4X",14.9261177551667,22.0191989456924,7.09308119052562,"Young"
"RPL23A",15.0578725130513,26.2005604810913,11.14268796804,"Young"
"RPS6",14.5217673700363,20.1644307471255,5.64266337708913,"Young"
"H2BC4",56.3488018215649,44.2276424742216,-12.1211593473434,"Young"
"RAB1A",19.6085743849687,19.5358541379308,-0.072720247037843,"Young"
"RAN",15.7820154220724,17.7521061085293,1.97009068645694,"Young"
"RPL23",18.5442275493665,28.1596640466966,9.61543649733013,"Young"
"RAP1A",34.9132881883046,25.337775608534,-9.57551257977058,"Young"
"RPS15",16.8690484562781,26.9068572074742,10.0378087511962,"Young"
"RPS24",66.9814511636365,40.5391744067033,-26.4422767569332,"Young"
"RPS25",19.4868758354327,33.5097453149209,14.0228694794882,"Young"
"RPS26",48.8372480747543,36.5127744311671,-12.3244736435872,"Young"
"RPS28",30.5771732166984,22.7116449603027,-7.86552825639572,"Young"
"GNB1",19.5708313801358,21.9985772431839,2.4277458630481,"Young"
"GNB2",17.3695238768462,28.2546427733953,10.8851188965491,"Young"
"RPL30",35.9788263867313,54.9112464919289,18.9324201051975,"Young"
"RPL31",33.7168296854405,39.2678813437862,5.55105165834566,"Young"
"RPL10A",39.5250720650912,40.7061652515303,1.1810931864391,"Young"
"RPL32",42.913873185407,56.2471830019298,13.3333098165229,"Young"
"RPL11",24.9631866401774,55.3106606264206,30.3474739862432,"Young"
"RPL8",40.6770012189261,44.8151682413116,4.13816702238547,"Young"
"PPIA",13.1696042416548,24.8081856375003,11.6385813958455,"Young"
"FKBP1A",18.7236714768475,31.8090926143849,13.0854211375374,"Young"
"RPS27A",31.7681986059794,37.8008416506366,6.03264304465713,"Young"
"GRB2",22.3652701742276,28.5485293067853,6.18325913255765,"Young"
"RAC1",14.2531707554159,14.1726271170529,-0.0805436383629754,"Young"
"AP2B1",15.5124419196679,29.1231979460484,13.6107560263805,"Young"
"VAMP2",51.0590557263876,6.4794579514964,-44.5795977748912,"Young"
"PPP3R1",28.4763015556221,24.6241413406239,-3.8521602149982,"Young"
"YWHAZ",15.6754765209576,23.9615269129906,8.28605039203301,"Young"
"UBE2B",34.4693882153789,47.712420758064,13.2430325426851,"Young"
"PPP2R2A",18.5722310959848,9.84007859627875,-8.73215249970601,"Young"
"DYNLL1",21.5285045853017,18.7469553651366,-2.78154922016506,"Young"
"DYNLT1",19.4260777264151,13.1908114485249,-6.2352662778902,"Young"
"RPL38",25.2756492913477,31.2372681817279,5.96161889038013,"Young"
"SKP1",30.3464405500769,22.6314529009436,-7.7149876491333,"Young"
"RPS21",20.5003469373776,25.0900947634665,4.58974782608896,"Young"
"EIF5A",16.9972072607656,19.2238208421295,2.22661358136394,"Young"
"RACK1",14.7859950396073,18.4893762825185,3.70338124291119,"Young"
"UBE2I",29.70437995326,24.8920490729363,-4.81233088032366,"Young"
"SELENOW",60.0720541764118,33.6325952358481,-26.4394589405637,"Young"
"TNNC1",45.5945688287759,75.9266742288549,30.332105400079,"Young"
"PPP2CA",14.5162106043538,8.03688271569312,-6.47932788866071,"Young"
"YBX1",27.8378269545526,31.2104321092596,3.37260515470692,"Young"
"CSNK2B",19.2402232637783,19.6207095588376,0.380486295059256,"Young"
"TPM4",32.1567431023654,25.5516007296753,-6.60514237269004,"Young"
"UBE2L3",13.6536463591682,6.5855631213449,-7.06808323782326,"Young"
"EEF1A1",19.3956095876145,24.3981450126103,5.0025354249958,"Young"
"ACTA1",42.7690635409421,70.9435715088055,28.1745079678634,"Young"
"TUBA1B",16.8175062577903,21.7067052723987,4.88919901460838,"Young"
"TUBA4A",24.7623407747591,26.8405653926411,2.07822461788204,"Young"
"TUBB4B",16.0885934163266,16.6734629512457,0.584869534919104,"Young"
"CSNK2A1",25.0944408698399,29.3758479576407,4.28140708780072,"Young"
"PAFAH1B2",91.8850667557319,25.762729316079,-66.1223374396529,"Young"
"HBB",44.4767677883225,49.4558625310779,4.97909474275538,"Young"
"HBA1",48.669663111468,45.2976114114578,-3.37205170001016,"Young"
"EIF4G2",21.1872087297433,19.448982506467,-1.73822622327626,"Young"
"PIP4K2B",27.1527704114822,17.5884818230259,-9.56428858845636,"Young"
"CCT2",18.4620651190677,23.6785080808988,5.21644296183107,"Young"
"GSTO1",26.2098854790004,21.7135443011985,-4.49634117780186,"Young"
"PRKDC",23.1407627115757,26.9754966809327,3.834733969357,"Young"
"DCD",66.1527143809991,50.319220489295,-15.8334938917042,"Young"
"MRPS25",20.2958524474171,19.5017799779704,-0.794072469446704,"Young"
"MRPS5",38.9468633778847,22.8915096932171,-16.0553536846676,"Young"
"MRPS36",38.9725199548364,35.579246404923,-3.39327354991342,"Young"
"MRPS15",44.3559082722683,23.9093839435348,-20.4465243287335,"Young"
"MRPS21",25.9050892981497,41.2758859471671,15.3707966490174,"Young"
"SARNP",51.6070304756057,24.9355499181631,-26.6714805574427,"Young"
"LACTB",26.188174146463,24.6883457037173,-1.49982844274572,"Young"
"RPL24",20.7025385183258,33.048581682125,12.3460431637993,"Young"
"ARF1",17.094541804102,15.0959931783136,-1.99854862578846,"Young"
"ARF5",22.1563939262002,19.0662161156522,-3.09017781054798,"Young"
"ERH",49.1000844105963,60.5933222064793,11.493237795883,"Young"
"RPL19",21.9532655766164,39.9112295519936,17.9579639753771,"Young"
"SRSF3",27.8110274944385,45.0603926224917,17.2493651280533,"Young"
"MXRA7",11.9546588143553,24.9792524693586,13.0245936550032,"Young"
"H3-3A",49.5121136642642,64.8050653326225,15.2929516683582,"Young"
"HSPG2",57.3264251322544,54.5837305819822,-2.74269455027218,"Young"
"RBM3",46.0459999397146,78.0928011186932,32.0468011789786,"Young"
"CYCS",31.1774207663288,32.6382116592867,1.46079089295792,"Young"
"MPP1",31.115491172618,24.2816233118216,-6.83386786079642,"Young"
"TFAM",34.7726775317383,17.1937657339816,-17.5789117977566,"Young"
"PITPNA",24.9573783451678,11.3702134346322,-13.5871649105356,"Young"
"SLC25A3",18.2231839365124,19.7820746629848,1.55889072647231,"Young"
"HDLBP",30.2132669947923,27.6451721506933,-2.56809484409902,"Young"
"PURA",23.998146485947,38.9407173685995,14.9425708826525,"Young"
"CLTC",15.2569690153666,26.9989610612665,11.7419920459,"Young"
"FKBP3",13.605002559971,14.9789393808144,1.37393682084338,"Young"
"REEP5",16.8461922986474,26.236175267635,9.38998296898759,"Young"
"SORD",38.7689873921325,32.0180986622488,-6.75088872988373,"Young"
"HNRNPU",24.4151277823403,27.4580690543961,3.04294127205581,"Young"
"MYBPC1",40.488277481532,80.5657412075865,40.0774637260545,"Young"
"PLIN5",33.175168983667,54.5441580574365,21.3689890737695,"Young"
"SPTBN1",23.8783391577494,21.4302675775709,-2.44807158017852,"Young"
"TIAL1",28.951047401188,29.0231037384547,0.0720563372666234,"Young"
"SET",26.6634549217295,30.6839581935294,4.02050327179992,"Young"
"AMPD3",51.0604198265324,49.7648640500899,-1.2955557764425,"Young"
"FABP5",25.1990177243441,39.3245159220944,14.1254981977503,"Young"
"ANK2",32.3570919531585,32.3029486881917,-0.0541432649668749,"Young"
"CAP1",25.4422296401334,37.8183307669572,12.3761011268238,"Young"
"EWSR1",15.1646572323055,22.220252575205,7.05559534289944,"Young"
"TAGLN",43.3917999700302,59.466121995409,16.0743220253788,"Young"
"OGDH",14.3714003463608,18.5004342308365,4.12903388447563,"Young"
"COX6A2",38.0244466325995,43.0211799012012,4.99673326860164,"Young"
"ALDH6A1",39.4190976090931,36.051577398595,-3.36752021049815,"Young"
"BDH1",26.356786684454,50.0661987352347,23.7094120507807,"Young"
"COL7A1",56.3670504105033,26.0197486488248,-30.3473017616785,"Young"
"RPL18A",37.9202906121302,46.9248808352422,9.00459022311195,"Young"
"CACNB1",14.6551817953071,18.5543744610386,3.89919266573152,"Young"
"MAP2K1",13.8724364844137,18.9229632391315,5.05052675471781,"Young"
"FKBP4",24.7391089476077,24.8054853668238,0.0663764192160308,"Young"
"RPL6",30.3743047719337,52.8482829917372,22.4739782198034,"Young"
"AKAP12",39.2348119519767,33.4994167132867,-5.73539523869004,"Young"
"SLC25A11",26.2178427906236,26.5929708191533,0.375128028529783,"Young"
"CAV1",17.0934565547925,24.3887354124814,7.29527885768894,"Young"
"ACY1",27.2541078068334,20.7635125309158,-6.49059527591762,"Young"
"LMNB2",46.049421400354,50.180586062839,4.13116466248495,"Young"
"UBXN1",18.95646781724,17.4941723906533,-1.4622954265867,"Young"
"GBE1",25.9706291041722,36.6377678206998,10.6671387165276,"Young"
"EIF4G1",12.5308055920662,10.8293038651336,-1.70150172693257,"Young"
"PRKCQ",21.5145110245002,33.0640885113023,11.5495774868021,"Young"
"GLO1",15.9780603523726,15.7910381541359,-0.187022198236741,"Young"
"AKR1C1",25.7197554932948,34.8771997708629,9.15744427756813,"Young"
"SSBP1",24.1256508164872,20.5199905389211,-3.60566027756613,"Young"
"YWHAH",17.6337371198314,16.2197831728849,-1.41395394694648,"Young"
"PLP2",69.7736308014718,47.1414730648286,-22.6321577366432,"Young"
"UBE3A",19.5547509213175,20.164207311169,0.609456389851445,"Young"
"SRSF11",19.2331249487928,15.8199807148022,-3.4131442339906,"Young"
"EEF1A2",18.7680228095129,21.5702535466837,2.80223073717079,"Young"
"CALD1",23.8220960055147,13.5824067406614,-10.2396892648533,"Young"
"COL14A1",66.8768990267134,59.4909279766869,-7.38597105002643,"Young"
"PTPN11",17.5918580256141,21.473708069244,3.88185004362995,"Young"
"PSME1",20.7727635155718,20.5903826970243,-0.182380818547561,"Young"
"CACNG1",32.2534126650472,28.3695764762241,-3.8838361888231,"Young"
"ZNF33A",145.503390552428,175.658543925419,30.1551533729909,"Young"
"PRDX1",15.7417794408986,17.5659923136065,1.82421287270787,"Young"
"RPL18",34.538790045725,45.0982634024104,10.5594733566854,"Young"
"C1QBP",19.5260304313567,24.8472439570101,5.32121352565333,"Young"
"CKAP4",28.9892112385478,27.7104631276827,-1.27874811086503,"Young"
"DPT",47.3758227799069,62.0886231394058,14.7128003594989,"Young"
"KLC1",28.5843730334588,31.242086366037,2.6577133325781,"Young"
"SRSF1",23.5724170046742,22.5835656570389,-0.988851347635272,"Young"
"ARHGAP1",19.2444938892679,26.764126392257,7.51963250298912,"Young"
"ACTN3",122.316214406892,151.68480101036,29.3685866034671,"Young"
"PPP3CA",18.2580981519745,18.2619854277628,0.00388727578831549,"Young"
"DHX9",22.1583834019112,30.0094970368612,7.85111363494997,"Young"
"CRYZ",26.3008234083892,29.1723565321543,2.87153312376512,"Young"
"SLC20A2",123.638335743383,145.290672850644,21.6523371072607,"Young"
"PUDP",27.5495588602864,33.5804635886586,6.03090472837219,"Young"
"CD47",27.175836262054,27.5013566335185,0.32552037146451,"Young"
"PPID",13.5562440677299,52.3484759611991,38.7922318934692,"Young"
"AHNAK",39.1602608592366,58.3021091592876,19.141848300051,"Young"
"LMOD3",50.8676286507393,122.503966518835,71.6363378680959,"Young"
"HSPA14",21.2890352818797,34.5904470283691,13.3014117464894,"Young"
"SCRN3",50.2560419667839,24.1269307493638,-26.1291112174201,"Young"
"NEXN",36.1651923801883,70.8871219173413,34.721929537153,"Young"
"AP1B1",17.0472185279851,18.7624612553063,1.71524272732113,"Young"
"BST2",14.9362290704732,38.0571430826371,23.1209140121638,"Young"
"PMPCA",7.89503820658225,22.5407064922755,14.6456682856932,"Young"
"ASPH",33.4767738120347,28.9988099486288,-4.47796386340581,"Young"
"EFEMP1",21.5898274610598,47.7169284081687,26.1271009471089,"Young"
"STX4",43.0370521295262,14.3541151721083,-28.6829369574179,"Young"
"GRSF1",31.4073572889585,46.1870491719903,14.7796918830318,"Young"
"AIMP1",13.7508840589679,20.8004904016139,7.04960634264604,"Young"
"ILF3",35.1884590985432,73.7459773405477,38.5575182420046,"Young"
"TRAP1",31.1453209729133,20.5654410221712,-10.579879950742,"Young"
"ANK3",17.1181348943437,18.2492138866331,1.1310789922894,"Young"
"HSPB3",43.3543874916863,43.8326222720319,0.478234780345602,"Young"
"ECH1",26.2308727933096,25.1170311573242,-1.11384163598546,"Young"
"STRN3",18.9592820747781,22.8873013339935,3.9280192592154,"Young"
"COASY",13.4288992267898,18.6570695675044,5.22817034071462,"Young"
"TRDN",34.1926405084876,47.6494897384287,13.4568492299412,"Young"
"ACACA",25.5881629666921,39.352989393748,13.764826427056,"Young"
"GPS1",23.3188799831598,12.1167503249637,-11.2021296581961,"Young"
"MTAP",27.2429813757312,34.234392230536,6.99141085480481,"Young"
"PRKAA1",26.5525420257109,10.3594670740371,-16.1930749516738,"Young"
"TARDBP",20.9564116046348,14.5160932222115,-6.44031838242331,"Young"
"PAK1",2.30545707461297,56.2214602085553,53.9160031339423,"Young"
"AIMP2",18.0416542198666,13.8101932617817,-4.23146095808498,"Young"
"PRDX4",24.4913885583138,33.6748930166356,9.18350445832174,"Young"
"PAK2",18.2998939714224,19.9708923073263,1.67099833590383,"Young"
"CBX3",23.2569134484918,19.3375052943012,-3.91940815419062,"Young"
"PSMD2",13.7475898884068,16.6719302012386,2.92434031283171,"Young"
"MYBPH",76.2762858376522,88.3685630122679,12.0922771746157,"Young"
"SELENBP1",22.9774156610309,24.7659457236434,1.78853006261244,"Young"
"TRIM28",23.6779788143878,29.389893431856,5.71191461746814,"Young"
"G3BP1",18.5740724546466,40.3788515348678,21.8047790802212,"Young"
"PABPC4",48.7818086617013,51.7666643908396,2.9848557291383,"Young"
"SGCG",17.7147959035644,16.5953946359425,-1.11940126762188,"Young"
"EIF3I",21.9169337467033,16.7956913230955,-5.12124242360786,"Young"
"CTBP1",11.8663370687412,19.8798535156668,8.01351644692564,"Young"
"UBE2V1",29.2757396163795,25.3928077490117,-3.8829318673678,"Young"
"DYNC1I2",19.0391073027658,22.7852190424609,3.74611173969513,"Young"
"ILK",14.2713499955264,22.3569605539601,8.0856105584337,"Young"
"NNT",20.2620093082706,17.8999402155413,-2.36206909272932,"Young"
"SNTA1",26.4084872308393,26.4797903552823,0.0713031244430411,"Young"
"SNTB2",18.2138972126368,15.0668066814663,-3.14709053117049,"Young"
"SF3B2",27.4633274627638,17.6927739559115,-9.77055350685223,"Young"
"PDAP1",26.7715093562121,20.6749179700494,-6.09659138616271,"Young"
"TMED1",37.9375418337559,25.5142018566148,-12.4233399771411,"Young"
"FKBP5",16.7524083504415,25.9800127231349,9.22760437269342,"Young"
"PICALM",40.2592218164152,28.6370877331396,-11.6221340832756,"Young"
"MTM1",18.8350205735776,22.8920383056778,4.05701773210019,"Young"
"SQSTM1",26.3162755530809,29.1725918459105,2.85631629282954,"Young"
"MTX1",38.3769552980748,24.3427530492127,-14.0342022488621,"Young"
"ART3",42.6879746959917,47.6801896241225,4.99221492813079,"Young"
"ASAH1",22.2332130198096,21.7910170262217,-0.442195993587905,"Young"
"PIN1",21.6938818821502,19.9306342853485,-1.76324759680165,"Young"
"CAMK2B",23.6245036160617,16.7526739752267,-6.87182964083501,"Young"
"CAMK2G",15.0802742127328,18.0366538409465,2.95637962821371,"Young"
"CAMK2D",20.0657800128558,22.4663532382935,2.40057322543771,"Young"
"DCTN2",10.7618767327122,11.0386308720986,0.276754139386419,"Young"
"NAE1",33.4106403048464,19.2992485516865,-14.11139175316,"Young"
"STIM1",14.1650304633782,16.2534738158478,2.08844335246964,"Young"
"CUL1",22.1700445334249,17.5254654036248,-4.64457912980016,"Young"
"CUL2",27.8634497156018,41.3755106753236,13.5120609597218,"Young"
"CUL3",19.6612105247428,16.2391595376716,-3.42205098707115,"Young"
"CUL4A",12.6403397950529,18.8204765444194,6.18013674936648,"Young"
"FHL1",20.5018419828786,20.9478074536023,0.445965470723717,"Young"
"FHL3",25.2632938366061,29.2607992515873,3.99750541498111,"Young"
"ITGA7",28.9370127613612,21.6014773663908,-7.33553539497047,"Young"
"AAMP",30.8197712151406,29.2391890872109,-1.58058212792963,"Young"
"CACNA1S",26.488490187778,22.3921787377615,-4.09631145001653,"Young"
"MOGS",16.4963526710615,42.0173262459997,25.5209735749382,"Young"
"SPTAN1",21.8443325108544,28.593484582389,6.74915207153458,"Young"
"AUH",26.8439038025242,22.1963654078582,-4.64753839466597,"Young"
"DDX39B",30.2597942056857,30.6164021276819,0.356607921996247,"Young"
"BLMH",47.759739648471,23.0700286364375,-24.6897110120335,"Young"
"SNTB1",24.4724075818029,25.9747992552661,1.5023916734632,"Young"
"TUBB2A",20.7217187850427,19.0732340858435,-1.64848469919918,"Young"
"IDI1",28.7973403831711,29.4367122921786,0.639371909007419,"Young"
"PRKG1",34.9638343235579,33.3016178565045,-1.66221646705343,"Young"
"COX17",61.8947263993867,43.1224261662162,-18.7723002331705,"Young"
"HNRNPD",17.1836422634047,27.8791595908961,10.6955173274914,"Young"
"SCARB2",24.4419394549204,25.9731961018098,1.53125664688935,"Young"
"NID2",53.5127707773743,88.4595208519659,34.9467500745916,"Young"
"IL18",71.9808779606762,51.605965033218,-20.3749129274581,"Young"
"DAG1",28.7378896689034,15.2778009854982,-13.4600886834052,"Young"
"EIF3A",12.990080050573,19.6959716062943,6.70589155572137,"Young"
"UBAP2L",55.4376913411789,74.6601605288242,19.2224691876453,"Young"
"MLEC",20.4087183863044,18.6478457669128,-1.76087261939164,"Young"
"DPYSL3",33.2075880025487,32.1407855380909,-1.06680246445782,"Young"
"DCTN1",18.578020050399,18.0172623190644,-0.56075773133465,"Young"
"DYNC1H1",14.8831739250693,20.0298926079394,5.14671868287004,"Young"
"EIF2B1",22.6004831651456,20.2838361859631,-2.31664697918246,"Young"
"EIF4A2",24.6118747807887,27.3679782742966,2.75610349350785,"Young"
"CTTN",49.6504655939926,36.9572222523704,-12.6932433416223,"Young"
"ENDOG",32.9039206650556,30.3832203317128,-2.52070033334278,"Young"
"FLOT2",16.3046905291882,31.9524481111693,15.6477575819812,"Young"
"TRIM25",29.7270670985094,33.0602682768156,3.33320117830615,"Young"
"FLNC",35.7440254615111,39.574510551459,3.83048508994789,"Young"
"MYBPC2",74.0903244168162,79.2463992479647,5.15607483114853,"Young"
"GAMT",24.293433564646,21.2384741135681,-3.05495945107789,"Young"
"CAPRIN1",30.6634457473749,38.4630873305086,7.79964158313374,"Young"
"PRPSAP1",40.861590249556,35.8562090243136,-5.00538122524239,"Young"
"ITIH4",41.6231670293302,43.1407138224193,1.51754679308909,"Young"
"CLINT1",26.9389340710074,20.4113215564452,-6.52761251456222,"Young"
"GANAB",12.7728246715213,18.7384997502943,5.96567507877296,"Young"
"SSPN",28.695303363788,30.2123874984777,1.5170841346897,"Young"
"MVP",12.9157636951652,42.1041280129032,29.188364317738,"Young"
"LTBP3",42.7929542013121,38.656723682952,-4.13623051836008,"Young"
"LASP1",21.5658226684637,50.3652766305382,28.7994539620745,"Young"
"PTGR1",50.9076673172064,56.3248840471569,5.41721672995048,"Young"
"KPNB1",11.1783995978447,20.8340865086245,9.6556869107798,"Young"
"NUMA1",13.3672404905819,21.7823144268629,8.41507393628097,"Young"
"PSME4",27.435084397261,37.967779424545,10.532695027284,"Young"
"SLMAP",22.8690434855759,33.1923609086101,10.3233174230342,"Young"
"EMC2",27.7280661918609,27.1202683644916,-0.6077978273693,"Young"
"PSMD6",22.5767686988342,25.3591839543965,2.78241525556234,"Young"
"ABRAXAS2",15.2994931228065,15.925959084758,0.626465961951434,"Young"
"SEPTIN2",21.5096468838892,14.9851873150822,-6.52445956880702,"Young"
"KARS1",14.7036919525492,13.8843861470449,-0.819305805504374,"Young"
"EIF4H",20.7855406065362,15.277600240356,-5.50794036618016,"Young"
"EEA1",28.817772552993,31.6448959031041,2.82712335011109,"Young"
"PDIA6",18.4961290847301,22.199578553067,3.7034494683369,"Young"
"PAFAH1B3",28.5322916176954,26.4931044717953,-2.03918714590007,"Young"
"PLCL1",30.1804434489666,29.109694694674,-1.07074875429261,"Young"
"PDK1",29.3121433005907,29.1485664157599,-0.163576884830874,"Young"
"PDK2",25.128947732594,36.0873921028558,10.9584443702618,"Young"
"PGM5",17.7251116430903,44.7722199960231,27.0471083529327,"Young"
"PLEC",28.0327824385008,31.939727666891,3.90694522839028,"Young"
"PPP2R5A",34.8346965307863,40.7426105223965,5.90791399161028,"Young"
"PPA1",28.6747058756057,25.2145646249241,-3.4601412506816,"Young"
"PTGES3",23.6442980127505,22.3344313529863,-1.30986665976427,"Young"
"STK38",23.0821843135656,43.3147013717688,20.2325170582032,"Young"
"NONO",18.736445374484,12.9021568199001,-5.83428855458391,"Young"
"PTPA",33.6496332721027,16.0222652142259,-17.6273680578768,"Young"
"RABEP1",20.5852541467601,33.5491142921974,12.9638601454373,"Young"
"RAB35",23.0891524095293,34.6114359674373,11.5222835579081,"Young"
"TMED2",21.3892508941837,22.1437601774827,0.754509283298987,"Young"
"PCBP1",18.4622757109049,23.6204977155438,5.1582220046389,"Young"
"PCBP2",22.0131104037334,19.2825588284654,-2.73055157526797,"Young"
"ELOC",18.0736221895089,16.0403036123165,-2.03331857719239,"Young"
"ELOB",21.2052631084225,18.4247644416912,-2.7804986667313,"Young"
"UBE3C",2.02245310274542,32.4480496939585,30.425596591213,"Young"
"DHCR24",27.3758561290663,38.0929409342684,10.717084805202,"Young"
"RSU1",21.9314258008573,23.7816995801298,1.85027377927255,"Young"
"PPP1R7",36.2046810886217,24.143313737826,-12.0613673507957,"Young"
"SEC23A",19.3238198789251,20.0537660356852,0.729946156760082,"Young"
"MAPRE2",21.883046274257,16.2843094231626,-5.59873685109438,"Young"
"TGFBI",46.9930223352745,61.1077860406326,14.114763705358,"Young"
"TSN",22.4686793181403,24.7429906571161,2.27431133897582,"Young"
"SF1",35.4849500237263,46.9598018332524,11.4748518095261,"Young"
"TRIP10",17.6532266452081,19.1870501679987,1.53382352279059,"Young"
"MAPRE1",20.3138668616685,25.4347339532042,5.1208670915357,"Young"
"ELAVL1",4.68598343974904,3.67822106257151,-1.00776237717753,"Young"
"MYLK",36.9452833228269,47.4658175505401,10.5205342277132,"Young"
"SPEG",25.7244398565754,23.7459435135519,-1.97849634302345,"Young"
"TBCE",16.9894073710049,27.5832254337318,10.5938180627269,"Young"
"UBE2V2",9.21120667450442,10.4701399372923,1.25893326278785,"Young"
"NEDD8",26.4048871637617,24.64785462516,-1.75703253860166,"Young"
"ADIPOQ",26.4812853507134,19.5728515953915,-6.90843375532194,"Young"
"RAB11B",8.21437290828758,10.7079345694499,2.49356166116231,"Young"
"ZYX",18.0220831055067,25.9740659668761,7.95198286136942,"Young"
"HSPB2",19.3594629278982,32.1600383304151,12.8005754025169,"Young"
"ETFDH",27.5225861132717,27.2809148638822,-0.241671249389512,"Young"
"SEPTIN7",16.9367921254605,26.4543322835555,9.51754015809502,"Young"
"ADRM1",33.2594658583988,17.531873070691,-15.7275927877078,"Young"
"DDB1",9.80957972782046,13.3238353103358,3.51425558251531,"Young"
"CDC37",13.3960285463533,15.4769186552887,2.08089010893534,"Young"
"DPYSL2",17.446701927912,17.479139881578,0.0324379536659833,"Young"
"SYPL1",17.8062731718846,28.0215775779082,10.2153044060235,"Young"
"RBBP7",27.5421990745402,25.3073383040209,-2.23486077051928,"Young"
"SGCB",18.8351000560489,12.3509552640082,-6.48414479204063,"Young"
"SGCA",21.8706867886796,13.116578885269,-8.7541079034106,"Young"
"FXN",35.2166065173336,27.3170362049164,-7.89957031241722,"Young"
"FSCN1",32.7374040069161,31.3497029899347,-1.38770101698137,"Young"
"DECR1",25.391059509824,15.6030950139427,-9.78796449588135,"Young"
"NDUFA5",19.7381191794549,32.654293956225,12.9161747767701,"Young"
"CLPP",38.4965561735966,28.146778599499,-10.3497775740975,"Young"
"TST",24.143635739029,25.2747149506331,1.13107921160407,"Young"
"KYAT1",22.7950102389861,25.9958294242942,3.20081918530806,"Young"
"GUK1",5.74946411119139,41.9290564195426,36.1795923083512,"Young"
"HAGH",20.3635233259317,14.3224277876334,-6.04109553829832,"Young"
"NDUFA9",21.9506025142779,34.2268077769069,12.276205262629,"Young"
"PHKG1",18.8434801473776,10.9771326033555,-7.86634754402206,"Young"
"PPP1R3A",24.9748252213249,19.5400572163469,-5.43476800497792,"Young"
"HADH",24.5592869733431,21.3575448547412,-3.20174211860193,"Young"
"UGP2",19.0880795834576,18.3725032342243,-0.715576349233263,"Young"
"TXNRD1",16.3684353350073,12.8903545394369,-3.47808079557032,"Young"
"IMMT",13.0840072262017,17.3382455331334,4.25423830693167,"Young"
"IAH1",19.8553326243979,24.1066876887085,4.25135506431056,"Young"
"KLHL40",53.2554958584467,72.0211250193145,18.7656291608678,"Young"
"TKFC",35.8272167813618,51.7024909777346,15.8752741963728,"Young"
"TIMM50",19.7634382097781,17.7877953310623,-1.97564287871577,"Young"
"NADK2",23.1406108476467,41.3869144179711,18.2463035703244,"Young"
"FAM98B",33.2157933574689,18.9257871254118,-14.2900062320571,"Young"
"HIKESHI",19.040798106289,21.4501796479123,2.40938154162335,"Young"
"PDLIM3",23.7736556085003,29.6582172108659,5.88456160236561,"Young"
"HSD17B12",21.4266954689581,41.184752643985,19.7580571750268,"Young"
"AGK",23.6881748351924,11.9254399143969,-11.7627349207955,"Young"
"LACTB2",25.7049737135324,26.0771474591057,0.37217374557336,"Young"
"DCAF6",16.9513912264977,21.6536088448524,4.70221761835477,"Young"
"CAVIN4",17.7649958864684,23.5124247002383,5.74742881376982,"Young"
"FLG2",60.8782438882677,106.352296252847,45.4740523645788,"Young"
"RABL3",27.9093410723206,29.418110164608,1.50876909228738,"Young"
"COQ5",32.5024616018196,33.3762865742915,0.87382497247183,"Young"
"NOMO2",14.3159136328742,25.0110984670124,10.6951848341382,"Young"
"PITRM1",28.8166754807557,38.712246257799,9.89557077704334,"Young"
"WDR44",43.9422654634013,23.1684721510337,-20.7737933123676,"Young"
"COA6",39.164925526009,35.5730697418933,-3.59185578411562,"Young"
"TOR1AIP1",8.31527272434025,31.8162441102161,23.5009713858758,"Young"
"GNAS",20.0927404730654,23.9801745857413,3.88743411267594,"Young"
"TTC38",54.2021296374523,57.8431695822945,3.64103994484226,"Young"
"C6orf136",83.3814039148007,108.57242732773,25.1910234129294,"Young"
"HP1BP3",35.3043881314942,50.3811880539423,15.0767999224481,"Young"
"IBA57",38.0136113937627,34.257091554203,-3.75651983955971,"Young"
"UBR4",11.3618913435892,27.2391519589283,15.8772606153391,"Young"
"DCAF8",25.5853825778524,30.0663028218408,4.48092024398843,"Young"
"DDI2",55.7417437302444,82.9810697217242,27.2393259914798,"Young"
"MICOS10",35.147398458264,28.7750272471352,-6.37237121112888,"Young"
"LYRM7",28.7362979287958,32.0952638764352,3.35896594763942,"Young"
"OBSCN",29.482443110435,45.6821782309072,16.1997351204722,"Young"
"MYOM3",51.2058996535181,110.000249938812,58.7943502852936,"Young"
"PDE4DIP",52.8790132667604,43.8317482768384,-9.04726498992202,"Young"
"BROX",36.7790048316723,34.2096667791278,-2.56933805254452,"Young"
"SYPL2",23.651522676953,24.1131161762428,0.461593499289833,"Young"
"ECPAS",10.1850294008878,15.216439042472,5.03140964158422,"Young"
"MICOS13",26.8570339342032,35.2148053980546,8.3577714638514,"Young"
"RNF123",13.8330737428714,17.1919625150986,3.35888877222724,"Young"
"TMEM198",32.949559877967,50.5672976271613,17.6177377491943,"Young"
"CRYBG3",68.9176529483603,57.942885997766,-10.9747669505943,"Young"
"NXN",16.1265969253652,24.3043710204318,8.17777409506656,"Young"
"PTRHD1",33.2644159845131,16.1055434227715,-17.1588725617416,"Young"
"ABLIM2",46.842797977837,82.0565864278833,35.2137884500463,"Young"
"LAMTOR1",18.4412325992253,32.9056188186094,14.4643862193841,"Young"
"DHRS7B",39.8885889410826,32.5597214078189,-7.32886753326366,"Young"
"TWF2",24.1107495232248,33.4301539484252,9.31940442520044,"Young"
"ETFRF1",40.1716727422196,35.6960122694915,-4.47566047272815,"Young"
"RAB12",21.4126163622344,24.0190387454259,2.60642238319153,"Young"
"DENND5A",32.4500747661956,48.7317628733267,16.2816881071311,"Young"
"RCSD1",30.9522023537473,19.3475129071186,-11.6046894466288,"Young"
"SLC25A24",18.7748760447601,23.2595990791433,4.48472303438317,"Young"
"HIBCH",38.1486487787527,42.5754827506657,4.42683397191303,"Young"
"CAVIN1",16.1387726262186,21.8289208356231,5.69014820940456,"Young"
"MRPL54",23.2108798301974,18.935236103217,-4.2756437269804,"Young"
"LPCAT3",40.1442730981553,31.1608693773951,-8.98340372076018,"Young"
"TATDN1",33.1534778096466,28.851443556381,-4.30203425326557,"Young"
"SFXN4",22.5185252304361,43.7715119352856,21.2529867048495,"Young"
"FAHD1",27.0090943671272,24.2782886302801,-2.73080573684704,"Young"
"LMOD2",87.0153359581758,250.848697617096,163.83336165892,"Young"
"SLC27A1",16.7677910049493,31.5179663464157,14.7501753414664,"Young"
"CCDC137",95.4605235279502,156.697993230024,61.2374697020736,"Young"
"CORO6",35.1842015351655,72.854617424014,37.6704158888484,"Young"
"TMEM205",25.0453786442389,18.2028296403633,-6.84254900387561,"Young"
"DHRS11",18.1417982891624,36.4479474823601,18.3061491931977,"Young"
"APOOL",24.1546022137185,19.7930765004267,-4.36152571329184,"Young"
"NAPRT",37.57291710966,50.323771957474,12.7508548478141,"Young"
"HSDL2",18.0784978187146,23.3845480014364,5.30605018272179,"Young"
"KYAT3",39.9705435590795,44.2576533005511,4.28710974147162,"Young"
"TRIM72",10.8283063133717,14.9633067793953,4.13500046602361,"Young"
"UBN2",57.6961344070707,180.136706908947,122.440572501876,"Young"
"TOM1L2",12.0315701213772,17.6197976217946,5.58822750041731,"Young"
"XIRP1",59.5917183702677,59.4193509742266,-0.172367396041132,"Young"
"VPS13C",22.5344011101183,27.5637102171751,5.02930910705678,"Young"
"UBE2R2",34.2434305650711,26.8256231758266,-7.41780738924455,"Young"
"SND1",19.3244412530001,30.0100736993058,10.6856324463057,"Young"
"TRMT10C",20.4725819723666,23.7359820881829,3.26340011581625,"Young"
"BZW1",28.4251180807627,40.9082089544451,12.4830908736825,"Young"
"EIF3M",21.5120893601307,19.4690312169462,-2.04305814318446,"Young"
"COPS6",18.5350147619528,14.2002433995973,-4.33477136235556,"Young"
"CHMP1B",23.7013458191223,34.7466479652669,11.0453021461446,"Young"
"MRPL21",42.1290733057078,44.6897834857117,2.56071018000387,"Young"
"DGLUCY",30.8229052016573,30.170259246394,-0.65264595526331,"Young"
"MYH14",30.3123235345222,24.4426396539288,-5.8696838805934,"Young"
"SZRD1",22.602190024197,33.2424197806586,10.6402297564616,"Young"
"MAVS",17.7929567503138,24.3096992467985,6.51674249648474,"Young"
"COMMD6",52.2252779514203,22.9914802507418,-29.2337977006786,"Young"
"HDDC2",16.1696502218967,21.0051207330195,4.83547051112275,"Young"
"HDGFL2",21.0065457625806,33.4501564550844,12.4436106925038,"Young"
"DCXR",30.4284351451951,27.398369835495,-3.03006530970014,"Young"
"SPRED2",91.6978611674567,81.6381257540469,-10.0597354134097,"Young"
"HUWE1",31.7597998234056,29.4392195160019,-2.32058030740366,"Young"
"GLRX5",29.0653917671668,27.0951264384306,-1.97026532873623,"Young"
"MYPN",29.3387299967877,56.0608409600907,26.722110963303,"Young"
"SRL",17.0338068473537,12.5056444561896,-4.52816239116409,"Young"
"ACOT1",45.2140117034141,56.4983130999543,11.2843013965402,"Young"
"ISCA2",23.2758457200177,20.9747116394696,-2.30113408054807,"Young"
"MTDH",23.4884066674006,15.4226930084732,-8.06571365892744,"Young"
"KTN1",34.9620268823476,30.513960546128,-4.44806633621963,"Young"
"NLRX1",19.0693336678688,16.9183774296038,-2.15095623826491,"Young"
"ALYREF",18.6179800760938,31.2099561662202,12.5919760901264,"Young"
"MDP1",23.0868740499701,33.4564353739159,10.3695613239458,"Young"
"NRAP",61.7257970457221,61.250033038492,-0.475764007230147,"Young"
"VPS36",20.4794903584664,28.4200157010224,7.94052534255605,"Young"
"CAND1",36.5149098717971,25.0745470000268,-11.4403628717704,"Young"
"COMMD7",15.4689885010585,18.7373876916462,3.26839919058767,"Young"
"LDHD",35.9597309030096,44.532149370022,8.57241846701239,"Young"
"CARM1",26.7663040913127,21.7142458832502,-5.05205820806247,"Young"
"NIT1",33.1958214326104,33.2739795375603,0.0781581049498641,"Young"
"NDUFA11",41.6681006678072,43.4693860389066,1.80128537109942,"Young"
"ECHDC2",31.9394664165961,24.7935193955784,-7.1459470210177,"Young"
"PHYKPL",12.077110266273,30.5103431200876,18.4332328538146,"Young"
"MUSTN1",67.3512066735317,58.6064093233861,-8.74479735014552,"Young"
"NAXD",24.2804175673215,28.9815969357504,4.70117936842885,"Young"
"MFN1",34.5495707108524,24.823058052667,-9.72651265818546,"Young"
"SLC44A2",32.5370535353496,26.5406351450547,-5.99641839029482,"Young"
"HSCB",5.26902097626734,9.77964039887328,4.51061942260594,"Young"
"ADHFE1",50.9868833741743,34.9641414147829,-16.0227419593914,"Young"
"UNC45B",24.47842867043,27.7901131734847,3.3116845030547,"Young"
"KLHDC8B",47.3547233535845,44.2167994695977,-3.13792388398676,"Young"
"SUPV3L1",14.7623374624147,107.48019044076,92.7178529783453,"Young"
"PM20D2",37.0357182017881,48.1852008103905,11.1494826086024,"Young"
"MICU2",51.6153429303235,25.0536564139124,-26.5616865164111,"Young"
"FAM185A",23.0703724705721,51.036319429674,27.9659469591018,"Young"
"ADSS1",11.9272446525874,17.8617724643761,5.93452781178869,"Young"
"NDUFAF2",22.132218464942,29.707149569715,7.57493110477292,"Young"
"LRRC47",19.790902367573,26.4601694285813,6.66926706100831,"Young"
"GPD1L",8.41555581372423,11.5393533690421,3.12379755531784,"Young"
"EHBP1L1",18.5969499031291,22.1000403523145,3.50309044918545,"Young"
"CMYA5",19.7156144050439,18.0644179390571,-1.65119646598683,"Young"
"TXLNB",17.090483691203,17.5591703939711,0.4686867027681,"Young"
"SYNPO",33.6785525778362,71.5734333700541,37.8948807922179,"Young"
"TOMM5",23.14407778934,38.7721644105802,15.6280866212402,"Young"
"CHCHD4",23.1692556835499,25.807868468959,2.63861278540918,"Young"
"CBR4",27.435808665485,30.8102223954281,3.37441372994313,"Young"
"MMGT1",9.18630692702849,19.7668971669936,10.5805902399651,"Young"
"SMIM20",32.7408273146322,39.1237622658761,6.38293495124389,"Young"
"CISD2",13.7788005245976,18.3473334075802,4.56853288298259,"Young"
"ATPAF2",31.4040729361029,35.1222732561936,3.71820032009075,"Young"
"JAGN1",22.6050311349381,30.3829891093191,7.77795797438096,"Young"
"MRPL50",36.6299255304648,37.3896579167815,0.759732386316628,"Young"
"EMC1",26.5574727051948,36.480363395386,9.92289069019113,"Young"
"PTGR2",23.6996773774512,28.7376873324335,5.03800995498229,"Young"
"SMYD1",43.1546923213373,58.3474947745441,15.1928024532068,"Young"
"NHLRC2",21.9620679016911,28.5606455832869,6.59857768159574,"Young"
"RDH13",22.5149287070388,29.7456165108306,7.23068780379183,"Young"
"TXNDC5",22.6158596839707,17.7593150143586,-4.85654466961209,"Young"
"ATAD1",14.5645876540188,23.8659362412899,9.30134858727107,"Young"
"SCCPDH",14.1338467775135,17.4962326800917,3.36238590257824,"Young"
"SERBP1",15.4090202137801,29.8185839952543,14.4095637814742,"Young"
"FAM98A",30.4191682438981,22.5129574594918,-7.90621078440632,"Young"
"PDPR",34.4222005218459,32.3246261530907,-2.09757436875513,"Young"
"NAXE",14.5788546354354,17.6868170840725,3.10796244863713,"Young"
"NPEPL1",40.8001893062566,37.6335496353817,-3.16663967087489,"Young"
"ADPRHL1",18.9887593424983,21.7107880839719,2.72202874147362,"Young"
"CHDH",32.971719871828,23.2860754255732,-9.68564444625476,"Young"
"ABCF1",24.4962772489629,22.9818165647429,-1.51446068422004,"Young"
"MCU",30.6724757512305,37.3187684298341,6.64629267860356,"Young"
"ABHD11",45.8013808974577,31.7635522713941,-14.0378286260636,"Young"
"ATL2",55.2561354799764,31.3822695966595,-23.8738658833169,"Young"
"PPTC7",30.9162877799044,29.9090424128239,-1.00724536708047,"Young"
"COQ8A",18.2116834969659,18.9022167181374,0.690533221171556,"Young"
"NPLOC4",13.1599569248407,17.863704853583,4.70374792874233,"Young"
"SPATA20",47.0536257144121,88.9682832729087,41.9146575584966,"Young"
"NUBPL",21.6208208289728,32.7847169838048,11.163896154832,"Young"
"DEPTOR",33.5785137589064,24.4356514670241,-9.1428622918823,"Young"
"RDH11",32.5382337800677,15.4810038708746,-17.0572299091932,"Young"
"LRRC20",17.0761515100103,19.6879440878875,2.61179257787715,"Young"
"NT5C",35.9014563996546,31.9720390122799,-3.92941738737467,"Young"
"PNPT1",12.3799454189142,21.8191069794919,9.4391615605777,"Young"
"SPPL2A",57.3409736671996,29.6905105843599,-27.6504630828397,"Young"
"PREX1",30.8612416413545,43.9645684350213,13.1033267936668,"Young"
"NEK9",7.13054552697841,28.7276872493391,21.5971417223607,"Young"
"MYOZ3",33.2849445357996,85.0824657725785,51.7975212367789,"Young"
"NEK7",21.2257254723348,22.782021304267,1.55629583193217,"Young"
"DTD1",31.1069506526343,37.6370364866506,6.53008583401628,"Young"
"UTP15",39.0454953024749,82.8245232636166,43.7790279611417,"Young"
"SETD7",18.9376855753843,16.6042238078288,-2.33346176755557,"Young"
"NUP133",65.6052345291623,47.3337969410175,-18.2714375881448,"Young"
"PDCD6IP",15.6829058088312,12.9529783151157,-2.72992749371542,"Young"
"THEM6",10.8054198113329,11.1443114359173,0.338891624584351,"Young"
"SMIM4",27.4713057991057,26.9737697444599,-0.497536054645742,"Young"
"NUDCD2",30.0437731705257,26.0857347138528,-3.95803845667291,"Young"
"SCFD1",40.4008433486267,19.2526906454918,-21.148152703135,"Young"
"PCNP",27.1998382197494,10.8859581493017,-16.3138800704477,"Young"
"DNAJA4",35.0925350462565,31.9314542220571,-3.16108082419941,"Young"
"SPRYD4",37.7352206478941,29.2368002683983,-8.49842037949582,"Young"
"RTN4IP1",28.2445887654162,28.1677424333482,-0.0768463320679977,"Young"
"PALLD",33.4349538264945,42.475133799822,9.04017997332758,"Young"
"SYNE2",25.9941324358707,37.1261311996524,11.1319987637817,"Young"
"THAP4",24.7597282204799,33.5697596905465,8.81003147006667,"Young"
"IFT81",74.0098561599699,33.5543090518336,-40.4555471081363,"Young"
"TTN",44.1155358803129,76.4964203284231,32.3808844481102,"Young"
"DDX1",16.9590535045115,15.4045293978447,-1.55452410666678,"Young"
"HSD17B8",29.1091772193922,22.832952622897,-6.27622459649519,"Young"
"CPT1B",21.3306666325876,31.8918859723673,10.5612193397797,"Young"
"PSMF1",21.088132520001,12.1325391122497,-8.9555934077513,"Young"
"UBXN4",34.6700118940554,34.599858771669,-0.0701531223863796,"Young"
"HSPH1",58.2562106912539,85.5111743775246,27.2549636862707,"Young"
"MYO18A",29.6304655388043,41.7655945240042,12.1351289851999,"Young"
"GCN1",23.6346248031094,24.8460164319265,1.21139162881717,"Young"
"SGCD",22.644184565582,16.7327425959414,-5.91144196964055,"Young"
"AKAP1",34.6518334984077,29.2548255863155,-5.39700791209211,"Young"
"RABGGTA",23.3797146116642,24.6833972706912,1.303682659027,"Young"
"TFG",21.077121879471,19.1695925338144,-1.90752934565659,"Young"
"ARPC1A",22.5857664560972,28.0254101379798,5.43964368188261,"Young"
"P3H4",44.4839715292927,56.9107763514853,12.4268048221926,"Young"
"DDX17",13.2000634620648,14.6593757004295,1.45931223836465,"Young"
"CELF1",28.0870161907362,34.1241226039949,6.03710641325865,"Young"
"UFD1",31.9286932451835,28.5630190875308,-3.36567415765267,"Young"
"RPL3L",48.3169424963825,47.6089826758643,-0.707959820518163,"Young"
"COPS5",24.380246792121,21.6752058716843,-2.70504092043661,"Young"
"KHSRP",19.8127945475025,29.8529892497627,10.0401947022602,"Young"
"GCDH",27.0905543442204,21.8210139099718,-5.26954043424856,"Young"
"TNPO1",21.700429748798,18.0850941356815,-3.6153356131165,"Young"
"USP13",38.6076015773906,29.9598066469899,-8.64779493040072,"Young"
"USP9X",12.9253630524587,16.8220171929023,3.89665414044359,"Young"
"CUL5",17.8836991835214,11.0022862849652,-6.88141289855617,"Young"
"LPP",23.0109350607555,28.1501329125762,5.13919785182078,"Young"
"ATP2A3",30.3262881451708,35.1721846599815,4.84589651481067,"Young"
"PHKB",21.4426851175916,20.4115439465112,-1.03114117108043,"Young"
"UBE2F",41.8126872363393,23.6583391854168,-18.1543480509224,"Young"
"RPL36AL",24.4148736129234,42.9704303375398,18.5555567246164,"Young"
"WBP2",19.9187469349826,19.4677997148215,-0.450947220161058,"Young"
"ERGIC1",42.2590172004647,30.4874165240598,-11.7716006764049,"Young"
"MTARC2",21.6066462072503,30.5499999848358,8.94335377758554,"Young"
"FAM162A",22.6360196542037,27.3247211184899,4.6887014642862,"Young"
"CCDC47",19.397752538014,11.3689743724213,-8.02877816559276,"Young"
"TMEM230",9.3943527237332,42.9296023090976,33.5352495853644,"Young"
"ISOC2",19.4008263792157,15.6011665298386,-3.79965984937716,"Young"
"FERMT2",19.6452466646264,22.2851021100334,2.63985544540697,"Young"
"FUBP1",19.7628107466301,37.0931620685381,17.330351321908,"Young"
"SLC25A46",34.4242325131242,25.4520825743857,-8.97214993873845,"Young"
"TMEM143",18.5219302055432,44.022174307485,25.5002441019418,"Young"
"PBXIP1",12.960829763897,30.7766654885566,17.8158357246596,"Young"
"ZBTB9",38.2378926945758,35.4956209802342,-2.74227171434163,"Young"
"FAM136A",33.6888236607643,28.0700918857741,-5.61873177499024,"Young"
"FGGY",31.5388510246912,55.4301439381119,23.8912929134207,"Young"
"GALM",22.8871112899336,30.2215523073545,7.33444101742082,"Young"
"DCPS",26.9143049585993,20.6351200539768,-6.2791849046225,"Young"
"PPP1R14B",44.6279197602022,25.7724861530421,-18.8554336071601,"Young"
"ACSF2",23.7135235339959,23.3263339783379,-0.387189555657923,"Young"
"ISOC1",29.8870266528924,44.6882166032164,14.801189950324,"Young"
"CCDC124",20.0057348759095,18.9692752330168,-1.03645964289272,"Young"
"OPTN",27.3578618620747,28.3322524195059,0.974390557431182,"Young"
"AP2M1",29.5577192768868,23.4046812175088,-6.15303805937803,"Young"
"RMDN1",32.3148047049743,27.209371863505,-5.10543284146934,"Young"
"ECHDC3",38.6151936705453,26.0069830804609,-12.6082105900844,"Young"
"NUDT16",22.4581455618482,20.7820604665146,-1.67608509533356,"Young"
"CMBL",24.7132389416488,21.7415057868526,-2.97173315479617,"Young"
"MSI2",27.3520723846441,19.6349020534242,-7.71717033121986,"Young"
"MRPL38",37.1396450696784,35.0927714431704,-2.046873626508,"Young"
"MRRF",23.8106549538901,37.791459655105,13.9808047012149,"Young"
"MRPL53",30.8178242666353,18.145612085799,-12.6722121808362,"Young"
"DAZAP1",3.29627291960917,68.2700885280083,64.9738156083991,"Young"
"DNAJA3",28.2171360319182,75.0349996058583,46.8178635739401,"Young"
"PTCD3",17.6346692550126,24.3635013255937,6.72883207058113,"Young"
"MMAB",15.6305082561558,26.3642224565211,10.7337142003653,"Young"
"DYNLL2",24.2919602639863,33.0590727182726,8.76711245428629,"Young"
"S100A16",44.9319542401579,38.4949043696181,-6.43704987053984,"Young"
"SCRN2",39.2471481689264,39.6057224242402,0.35857425531384,"Young"
"OTUB1",13.967770318319,14.2550928232902,0.287322504971193,"Young"
"CHMP6",23.6399142582673,24.9425513736026,1.30263711533533,"Young"
"PDXP",33.8520019328133,31.9155873769431,-1.93641455587019,"Young"
"DCUN1D1",26.3419247647982,23.1050436912094,-3.23688107358873,"Young"
"FAHD2A",33.1643277807229,38.0838184151327,4.91949063440983,"Young"
"SNF8",20.328558322616,24.1380942010477,3.80953587843165,"Young"
"PDLIM5",21.7911232013055,34.8434989760243,13.0523757747188,"Young"
"CRELD1",36.4786548388822,25.0399347128302,-11.4387201260519,"Young"
"ERO1A",15.2570735874317,19.5711212212938,4.31404763386202,"Young"
"AHCYL2",21.098912833431,17.8948643927882,-3.20404844064279,"Young"
"PGAM5",21.0969238773803,26.4884674194093,5.39154354202891,"Young"
"DDRGK1",18.1138812098607,22.0160001933025,3.90211898344175,"Young"
"PYURF",43.781152610495,40.4870650525916,-3.2940875579034,"Young"
"SUCLG2",33.1702683864543,33.8326729112359,0.662404524781557,"Young"
"ABHD14B",25.6016166066888,24.649491965141,-0.952124641547815,"Young"
"NGLY1",30.855490363949,31.1852855176343,0.329795153685335,"Young"
"BTF3L4",18.5496546048016,11.9242060395046,-6.62544856529699,"Young"
"USP47",21.4984428517265,27.9616490929338,6.46320624120722,"Young"
"CNDP2",17.2950291967819,24.0531795332919,6.75815033650995,"Young"
"ALPK3",28.7789586271821,30.3146720290817,1.53571340189956,"Young"
"STAC3",16.136891273868,20.9792069751932,4.84231570132521,"Young"
"COQ10A",31.2831779068397,39.5250040103371,8.24182610349738,"Young"
"JSRP1",22.1391480914537,17.9701710753854,-4.16897701606829,"Young"
"MCEE",41.1530070993941,65.4251125395257,24.2721054401316,"Young"
"QKI",42.1210449842817,47.5822007308567,5.46115574657498,"Young"
"PLIN4",23.1786461569235,37.9919943165559,14.8133481596325,"Young"
"VPS35",20.1567105255097,15.8499479028868,-4.30676262262294,"Young"
"PURB",46.3366675051051,34.3764031597531,-11.960264345352,"Young"
"BBS4",34.6020051907042,39.2224897955358,4.62048460483157,"Young"
"GFM1",21.5491280263576,12.9319305804605,-8.61719744589712,"Young"
"MCCC1",20.6409432950184,32.1008197467511,11.4598764517328,"Young"
"METTL26",29.7743476693765,25.9472175262319,-3.8271301431447,"Young"
"CLCC1",14.2908919885082,12.1076492717153,-2.18324271679291,"Young"
"PEBP4",30.8218459536117,44.1819370290491,13.3600910754374,"Young"
"PLEKHF1",22.5955308597752,33.3501474246915,10.7546165649163,"Young"
"MYCBP",20.6490579797231,23.4460280825428,2.79697010281972,"Young"
"TBCB",19.8945051804832,23.6921696311456,3.79766445066235,"Young"
"PSMB7",18.1535047899468,23.8980919386726,5.74458714872574,"Young"
"PCYT2",17.1984571562471,29.8294183034172,12.6309611471701,"Young"
"PSMD1",19.6050670298101,16.1175209975066,-3.48754603230354,"Young"
"PFDN5",20.9061139707624,27.5241186548858,6.61800468412349,"Young"
"PAFAH2",36.1535069415004,20.3376972479368,-15.8158096935636,"Young"
"PARK7",11.341331910064,16.0072357853555,4.66590387529146,"Young"
"VAT1",23.2156923609421,25.6462629623991,2.43057060145699,"Young"
"PLIN2",59.7817576267387,41.4624390668096,-18.3193185599292,"Young"
"S100A13",34.5660661828452,65.3431224916162,30.777056308771,"Young"
"TSNAX",38.3083801024444,18.2860472815854,-20.022332820859,"Young"
"EIF3C",28.0967273390217,18.2981075485612,-9.79861979046043,"Young"
"PHB2",18.1270063597482,13.9197654706583,-4.20724088908995,"Young"
"COPS8",15.0985585503743,21.7657492942276,6.66719074385339,"Young"
"SDHC",42.0079532883894,30.7036947130752,-11.3042585753142,"Young"
"CHP1",22.543865159673,24.3604362866563,1.81657112698335,"Young"
"HSD17B10",26.4413566788549,21.0763115460835,-5.36504513277146,"Young"
"NAP1L4",16.967227963123,19.2280635842186,2.26083562109558,"Young"
"MGST2",35.386092085979,35.3083072540309,-0.0777848319481649,"Young"
"TXN2",26.2520165215245,18.3930862402347,-7.8589302812898,"Young"
"DMAC2L",25.7201203798728,37.0778268847564,11.3577065048836,"Young"
"ACO2",11.2899640251838,14.2517590387756,2.96179501359177,"Young"
"COQ7",14.4851385031394,18.5286254779329,4.04348697479344,"Young"
"SLC29A1",33.9783649045429,26.3427507058511,-7.63561419869183,"Young"
"TSG101",20.6801843805392,19.2605295478834,-1.41965483265582,"Young"
"CPNE1",33.4830426189592,21.0294272078925,-12.4536154110667,"Young"
"CCT7",18.8765123199568,17.2857075575705,-1.59080476238634,"Young"
"PRMT1",20.574968608831,23.6227137092993,3.04774510046829,"Young"
"NIPSNAP1",83.0650177402325,149.591649972685,66.5266322324524,"Young"
"ARPC5L",31.6496213094958,17.7662700673839,-13.8833512421119,"Young"
"MICU1",50.063326212502,32.1048170946649,-17.9585091178371,"Young"
"MACROD1",14.0965767128246,13.7081774865772,-0.388399226247417,"Young"
"WDR77",18.1508806010913,24.9343193060213,6.78343870493007,"Young"
"APOL2",24.0606804244543,39.0412947673945,14.9806143429403,"Young"
"FYCO1",37.995868077304,27.5110869448951,-10.4847811324089,"Young"
"JPH2",24.3112543802971,18.1549507223457,-6.15630365795146,"Young"
"TXNDC17",21.7426595201573,17.6801732525325,-4.0624862676248,"Young"
"PLCD4",20.1867434446164,16.4216651442202,-3.76507830039624,"Young"
"CPPED1",58.0971966833126,33.8317619253387,-24.2654347579739,"Young"
"VPS25",30.3237561894367,28.1396171686519,-2.18413902078483,"Young"
"MIEN1",27.3769931008413,16.1134857139226,-11.2635073869187,"Young"
"PELO",21.9497441244442,30.9356914118027,8.9859472873585,"Young"
"PRXL2A",56.9695388880694,40.4429734062009,-16.5265654818685,"Young"
"ERP44",47.8680486064341,46.4233408943207,-1.44470771211336,"Young"
"NIPSNAP3B",26.0750294626921,33.3540405740126,7.27901111132057,"Young"
"NTPCR",37.9748081472042,29.6645934147292,-8.31021473247499,"Young"
"AGMAT",49.5130697074175,41.2583698857554,-8.25469982166208,"Young"
"TACO1",19.7918707409225,27.7465234764424,7.95465273551988,"Young"
"ESYT1",63.5041754211339,27.7780543734162,-35.7261210477177,"Young"
"UBAC1",23.6431679725464,14.4018415291952,-9.24132644335118,"Young"
"COPS4",10.5549075708253,15.6524806739848,5.09757310315956,"Young"
"DCTN5",33.9226275218185,30.7962022312959,-3.12642529052257,"Young"
"AARSD1",65.5724212493437,57.5140154916665,-8.05840575767724,"Young"
"TMEM43",33.2951265508387,42.1386212682283,8.84349471738964,"Young"
"DHRS4",26.1290645105901,33.3247007934477,7.19563628285754,"Young"
"TMEM70",60.8328330269359,40.8985950498853,-19.9342379770506,"Young"
"TUBB6",15.1330619308242,46.0671361173822,30.934074186558,"Young"
"CHCHD7",31.9929225738272,47.6404504436031,15.6475278697759,"Young"
"APOO",23.4040789762347,23.9547590943822,0.550680118147426,"Young"
"MRI1",29.7213468860485,40.0321777175742,10.3108308315258,"Young"
"ABHD6",39.7695566025137,27.2350698724018,-12.5344867301119,"Young"
"ADI1",32.9166173720441,36.4736928805969,3.5570755085528,"Young"
"MECR",22.9506354041644,22.623634426252,-0.327000977912455,"Young"
"NTMT1",39.5398744079772,28.5211538217888,-11.0187205861884,"Young"
"TMEM109",29.8805519287564,26.5608359937548,-3.31971593500163,"Young"
"TMED9",30.1928694700385,32.4466507901934,2.25378132015494,"Young"
"TIMM21",16.4798752480858,29.4145228854906,12.9346476374048,"Young"
"TPPP3",23.2760281535037,72.8596538559638,49.5836257024601,"Young"
"NUDT9",20.7959743029009,27.4713035612698,6.67532925836889,"Young"
"FUNDC2",13.7415765326884,24.933218272584,11.1916417398956,"Young"
"SORBS1",29.7527224027082,29.7333541664706,-0.019368236237554,"Young"
"HINT2",74.7361624798986,47.5421081475351,-27.1940543323635,"Young"
"OSBPL11",14.8349212656292,16.719561793977,1.88464052834779,"Young"
"NT5C1A",44.543663881754,28.4666038424575,-16.0770600392965,"Young"
"TMEM120A",22.9596171272593,35.450342850679,12.4907257234198,"Young"
"NAA15",37.878536396299,16.6213632022216,-21.2571731940774,"Young"
"BCL2L13",19.8166735681906,17.4433545727692,-2.37331899542149,"Young"
"AP1M1",22.3782352607193,17.0999779150851,-5.27825734563419,"Young"
"OSBPL1A",21.2049480511338,20.1297414444752,-1.07520660665861,"Young"
"HDHD5",31.6796278059874,38.4117104742217,6.73208266823426,"Young"
"EIF2A",28.7770992398988,26.3405343995978,-2.43656484030096,"Young"
"MRPL13",10.7177979720323,21.3835439044858,10.6657459324535,"Young"
"MRPL9",25.5269714008315,37.7674655547669,12.2404941539353,"Young"
"MRPL4",28.7933644504994,40.006245677977,11.2128812274776,"Young"
"MRPL1",25.5925833736022,24.6186976487534,-0.973885724848742,"Young"
"NLN",32.3317329325679,29.1118163846286,-3.21991654793927,"Young"
"TRIM54",24.282378931328,31.7941938305127,7.51181489918475,"Young"
"BCO2",26.6050754095909,37.8733798760169,11.268304466426,"Young"
"MRPL37",38.0845098197949,36.7668994621733,-1.3176103576216,"Young"
"ASPSCR1",13.0201458892181,24.3019764117115,11.2818305224934,"Young"
"UBL5",23.9587443784035,28.0380937999584,4.07934942155489,"Young"
"NIBAN1",35.7405413500602,32.2712137466256,-3.46932760343464,"Young"
"UBXN6",24.6953242551538,21.7673588323502,-2.92796542280361,"Young"
"LNPK",30.0139553918447,18.530353387095,-11.4836020047497,"Young"
"PITHD1",16.3833636837232,43.8218518144255,27.4384881307023,"Young"
"SLIRP",25.2277169428393,21.3114860019223,-3.91623094091704,"Young"
"NIF3L1",35.3910802060613,13.0055744052561,-22.3855058008053,"Young"
"EGLN1",15.7118617131347,18.9971358063079,3.28527409317319,"Young"
"ANKRD2",41.6651327423021,41.6367949920164,-0.028337750285651,"Young"
"NAA50",21.7951534114596,14.0370043659337,-7.75814904552588,"Young"
"TMEM126A",16.6036585740385,26.0040425641984,9.40038399015996,"Young"
"PAIP1",31.3304978169183,25.5613838789325,-5.76911393798585,"Young"
"CLPB",25.6293681433749,26.9762881111962,1.34691996782131,"Young"
"TOLLIP",24.0454532708068,24.5372245317845,0.491771260977625,"Young"
"PCBD2",16.6929418820009,22.7408090486813,6.04786716668037,"Young"
"NT5C3A",13.8180251134835,18.27748150287,4.45945638938646,"Young"
"HDHD2",20.3217955464234,19.3021886057266,-1.01960694069682,"Young"
"RAB1B",23.0895002062554,22.725046664071,-0.364453542184414,"Young"
"C11orf54",23.5828943248048,23.0442970886217,-0.538597236183055,"Young"
"NUCKS1",11.776073326923,28.1013198461369,16.3252465192139,"Young"
"TMX4",13.8035246040258,27.4164575128007,13.6129329087749,"Young"
"MYLK2",45.1261858653196,39.7512215190557,-5.37496434626386,"Young"
"EHD4",25.9874397494375,17.8152408105917,-8.17219893884573,"Young"
"SH3BGRL3",37.8202186513295,23.6787840523069,-14.1414345990226,"Young"
"SLK",21.172780645415,29.7045667648582,8.53178611944326,"Young"
"PPIL3",38.7277007273717,32.684979264012,-6.04272146335963,"Young"
"LRMDA",26.3906259949742,29.9722424360428,3.58161644106858,"Young"
"TNMD",50.5661662446884,65.0299551238829,14.4637888791945,"Young"
"PPA2",23.5778279178792,15.9121242827025,-7.66570363517671,"Young"
"MRPL46",24.8539537018991,23.2325865606991,-1.62136714120002,"Young"
"TMEM245",30.8238503599941,7.3740553587037,-23.4497950012904,"Young"
"C11orf68",24.9921550751573,31.1646114315297,6.17245635637238,"Young"
"GHITM",22.4543533354102,34.288848763945,11.8344954285348,"Young"
"BOLA2",26.8523792037465,26.3634821560594,-0.488897047687139,"Young"
"TMX1",12.1392246223493,33.557566551587,21.4183419292377,"Young"
"CHMP4B",20.7117680802479,22.2219777661655,1.51020968591761,"Young"
"RBKS",30.4931907279369,23.4942854253107,-6.99890530262616,"Young"
"FN3K",19.4217009137685,15.4894847790852,-3.93221613468334,"Young"
"TOR1AIP2",39.5074862096699,27.8135609182618,-11.6939252914082,"Young"
"RNPEP",25.8649478338965,24.3520850956477,-1.51286273824886,"Young"
"GLIPR2",37.5066429685821,25.258699106385,-12.247943862197,"Young"
"EHD1",16.7838475014937,17.2609015173335,0.477054015839816,"Young"
"TMEM38A",36.8487865032133,34.4049514846631,-2.44383501855016,"Young"
"OPA3",20.0021136765812,42.7600445599862,22.757930883405,"Young"
"DCTPP1",26.3423690486779,29.0488712250258,2.70650217634789,"Young"
"AAMDC",23.0688141418092,26.1283838890742,3.05956974726494,"Young"
"PTGES2",18.9871225939406,18.8620122930705,-0.125110300870141,"Young"
"UBE2Z",26.4040591392013,13.7213896435247,-12.6826694956766,"Young"
"ACAD9",22.9031193134552,27.6132048468686,4.71008553341348,"Young"
"METTL7A",25.8367698198627,27.9961933282157,2.15942350835297,"Young"
"COQ10B",22.3103662768115,29.1168040038534,6.80643772704194,"Young"
"MOB1A",31.0031979438597,14.6507521836581,-16.3524457602015,"Young"
"GORASP2",14.585997300903,22.2062462026679,7.6202489017649,"Young"
"JPT2",28.7149921119169,42.540815172626,13.8258230607091,"Young"
"SYNPO2L",48.4878726232699,117.927742656177,69.4398700329072,"Young"
"ARMT1",47.2759245379566,32.5860262826868,-14.6898982552698,"Young"
"SFXN1",15.4901419199292,21.2166980929117,5.72655617298255,"Young"
"L2HGDH",24.0420109882735,28.1639745070913,4.12196351881778,"Young"
"COPS7B",59.9515138161228,22.5176938762694,-37.4338199398534,"Young"
"FN3KRP",22.4553952073065,31.3075047847749,8.85210957746844,"Young"
"TBC1D17",32.3431081374511,18.5265606505847,-13.8165474868664,"Young"
"GRPEL1",25.3784538168414,20.6597220869749,-4.71873172986656,"Young"
"CACYBP",30.6800304011018,29.4774253506809,-1.2026050504209,"Young"
"RDH14",17.4778930448981,27.8975397569663,10.4196467120682,"Young"
"PARVB",21.3760734303583,23.2601965066564,1.88412307629817,"Young"
"TNS1",28.6936657085089,37.7394751648935,9.04580945638459,"Young"
"PLGRKT",40.1686620541433,36.0453419787263,-4.12332007541696,"Young"
"GLOD4",19.2528018460738,20.6023464752897,1.34954462921589,"Young"
"MCCC2",18.3511429930345,35.7651163903416,17.4139733973071,"Young"
"HHATL",36.6176219717064,32.7269701173737,-3.89065185433277,"Young"
"PREB",29.5229251341444,17.3321297758326,-12.1907953583117,"Young"
"MRPL47",10.5668948815866,24.5013130308486,13.9344181492621,"Young"
"JPH1",14.4427561354153,21.0172083836144,6.57445224819917,"Young"
"APMAP",26.9143636838133,15.9945913693398,-10.9197723144735,"Young"
"TXNRD2",28.3053391508315,35.1371466632325,6.83180751240094,"Young"
"RAB18",22.9835438449354,28.9060232868493,5.92247944191384,"Young"
"PALMD",20.582109089344,43.4438811818964,22.8617720925524,"Young"
"SSU72",16.7346664935994,26.3939452654744,9.659278771875,"Young"
"VTA1",27.3728754753037,24.0903258121346,-3.2825496631691,"Young"
"SARS2",21.7875166343094,25.3240463903646,3.53652975605516,"Young"
"DYNLRB1",21.810285843452,28.208403493049,6.39811764959698,"Young"
"MYOZ1",71.1477601644342,103.568673942689,32.4209137782549,"Young"
"MYOZ2",69.7956159208001,177.860625844935,108.065009924135,"Young"
"OSGEP",19.8649469505887,30.0485749195757,10.183627968987,"Young"
"ACOT13",22.0303145386601,25.3283154751135,3.29800093645344,"Young"
"MRPL40",28.3323043101749,31.8230818999615,3.4907775897866,"Young"
"TIGAR",10.161571348661,21.4739604685611,11.3123891199001,"Young"
"RTN4",16.0995810801671,21.7898229764208,5.69024189625368,"Young"
"HINT3",53.1043256040863,42.3347844423972,-10.7695411616891,"Young"
"PFDN4",23.4110587854684,22.7580236897424,-0.65303509572605,"Young"
"NIT2",17.5172199820458,16.5615603490516,-0.955659632994255,"Young"
"XPNPEP1",21.7549851402965,23.5337884512842,1.77880331098778,"Young"
"GPHN",25.1373145809357,29.6108392195269,4.47352463859117,"Young"
"PDLIM7",75.2928566984478,89.6985110197604,14.4056543213126,"Young"
"ACSS2",17.4748059214365,15.882153661791,-1.59265225964551,"Young"
"DIABLO",24.8532280905414,27.7059772451455,2.85274915460407,"Young"
"SAR1A",13.9711403349644,18.5093126428382,4.5381723078738,"Young"
"SH3GLB2",21.5265201407148,24.1327634185036,2.60624327778878,"Young"
"MBNL1",15.3263184227372,21.3902685350255,6.06395011228827,"Young"
"SDR39U1",37.8787276413703,34.9526154085765,-2.92611223279378,"Young"
"AASDHPPT",9.91791551329237,21.8348302072675,11.9169146939751,"Young"
"OSTC",46.0992178908267,39.2943645683924,-6.80485332243435,"Young"
"CMC2",33.2959970347438,32.7089765574491,-0.587020477294736,"Young"
"HEBP1",24.3940146486512,25.1272155423805,0.733200893729361,"Young"
"PHPT1",19.0394283677823,19.5433379772695,0.50390960948716,"Young"
"TOMM22",55.0219256536535,76.3727692521233,21.3508435984698,"Young"
"LANCL2",27.5657551530275,24.3669827028604,-3.19877245016718,"Young"
"FARSB",30.0425289373334,37.9486829310074,7.90615399367404,"Young"
"IARS2",19.4005141174737,15.0587065163469,-4.34180760112684,"Young"
"SIRT3",33.4340729284711,30.3804272887359,-3.05364563973522,"Young"
"MAN2C1",32.18185679392,38.9103941970395,6.72853740311954,"Young"
"OLA1",13.2739924139855,11.9667067800454,-1.30728563394013,"Young"
"CUTC",19.3644130504969,29.5477050416239,10.183291991127,"Young"
"ACSS1",24.6610153067577,32.4028887242219,7.74187341746411,"Young"
"ABHD10",23.3968460926013,23.4677723271524,0.0709262345511092,"Young"
"DDX19A",15.0265712344776,11.281348895244,-3.7452223392336,"Young"
"SEPTIN11",26.3550129300279,19.4580616815931,-6.89695124843474,"Young"
"PARVA",18.4611726529118,34.9362229481582,16.4750502952464,"Young"
"PANK4",21.7266139989367,26.0279290730918,4.30131507415507,"Young"
"DNAJC11",35.0042609208231,26.9593652086309,-8.04489571219218,"Young"
"TMLHE",72.7877074906031,80.6345145850152,7.84680709441206,"Young"
"ATAD3A",23.5734373281841,34.7095543514541,11.1361170232699,"Young"
"ARL8B",24.6171170794441,16.4710380846475,-8.14607899479661,"Young"
"MRPS18A",31.3406209874882,35.5242458554478,4.18362486795963,"Young"
"PNPO",31.6683840681952,39.8505137223621,8.18212965416694,"Young"
"OXSM",38.6407366420245,22.706113938891,-15.9346227031336,"Young"
"MRPL22",29.7626826796854,33.7252702322739,3.9625875525885,"Young"
"CZIB",17.6942978632588,22.4227873150503,4.72848945179151,"Young"
"BABAM1",12.3042800099729,12.139479654932,-0.164800355040954,"Young"
"NDUFB11",24.2876525784992,33.6902259646642,9.40257338616497,"Young"
"OCIAD1",13.567257729969,19.0521191007014,5.48486137073236,"Young"
"MARCHF5",24.5312869615444,20.9205750305909,-3.61071193095353,"Young"
"CHCHD3",16.1121485948573,29.1205327751406,13.0083841802833,"Young"
"SIRT5",28.5041087865209,17.0612325444124,-11.4428762421085,"Young"
"BABAM2",23.6539175364474,11.9641618194417,-11.6897557170057,"Young"
"DPP3",21.8804370104714,15.9866725386623,-5.8937644718091,"Young"
"TUBA8",18.9564245939965,17.5260848768887,-1.43033971710779,"Young"
"MAP3K20",41.7734616602026,35.9599548581186,-5.81350680208406,"Young"
"UGGT1",45.2766243051144,19.8862649386868,-25.3903593664276,"Young"
"TECR",27.392682396089,26.0159486248588,-1.37673377123018,"Young"
"ERAP1",31.9019477534675,42.3194081840029,10.4174604305353,"Young"
"CISD1",18.0350791453617,23.2382550597927,5.20317591443105,"Young"
"CLIC5",26.0195417118001,26.5392974851558,0.519755773355762,"Young"
"FAM120A",14.505559569029,23.7670854901563,9.2615259211273,"Young"
"GLTP",14.4760327736078,62.8642060149104,48.3881732413026,"Young"
"COQ3",24.0641005819746,26.203325849424,2.13922526744938,"Young"
"HSPBP1",36.8691540337503,27.1587132132973,-9.710440820453,"Young"
"MAT2B",25.2198753068188,19.7860529660174,-5.43382234080142,"Young"
"MYOF",63.5531835860126,33.589131379608,-29.9640522064047,"Young"
"EHD2",19.6982449991109,21.0415158913826,1.3432708922717,"Young"
"TMOD4",54.944211326896,77.7137086362368,22.7694973093408,"Young"
"LMCD1",30.3513030410138,37.2997085200629,6.94840547904906,"Young"
"CHMP5",32.5193531462551,24.3532034357671,-8.16614971048798,"Young"
"CNIH4",39.0721074517764,39.1535288980278,0.0814214462514116,"Young"
"NDUFAF4",36.8641765386096,41.3552336777184,4.49105713910882,"Young"
"EMC3",29.5859469297156,32.5692718246115,2.98332489489592,"Young"
"NDUFA13",14.8903789571517,33.951738907865,19.0613599507133,"Young"
"PDP1",27.575783827836,23.2912962846766,-4.28448754315935,"Young"
"MRPL36",20.9253881505801,16.5814041637634,-4.3439839868167,"Young"
"VAPA",17.4493383606629,19.5884701494433,2.1391317887804,"Young"
"RNF181",44.9527739025623,16.6371486500338,-28.3156252525285,"Young"
"TMEM14C",42.0017692732951,44.4246851636626,2.42291589036748,"Young"
"LARS1",25.1937146975982,25.035317935655,-0.158396761943141,"Young"
"SUCLA2",20.4849244835657,17.4228967828231,-3.06202770074266,"Young"
"GMPR2",41.4759621637278,24.9253726032138,-16.550589560514,"Young"
"DPM3",16.2238120319152,21.9988262368245,5.77501420490929,"Young"
"IMPACT",26.5928791991647,30.0221613858928,3.42928218672808,"Young"
"ATXN10",24.0867222895557,20.8348829020854,-3.25183938747034,"Young"
"EPS15L1",13.0475558969437,21.9641046998192,8.91654880287547,"Young"
"RNF7",16.2035594252927,18.0862348553488,1.88267543005614,"Young"
"MYOT",28.1287973401442,68.9768432478326,40.8480459076884,"Young"
"GNG12",49.222979120856,27.2933798022452,-21.9295993186109,"Young"
"EIF3K",29.337647806345,37.3564694824543,8.01882167610927,"Young"
"GRHPR",13.0086870724166,16.9305692397809,3.92188216736429,"Young"
"CTSZ",23.4409301272617,21.0529160148216,-2.3880141124401,"Young"
"UBA2",28.7634007523285,14.2043881806416,-14.5590125716868,"Young"
"COPS7A",19.4145533654707,11.3424825427149,-8.07207082275578,"Young"
"HSPB7",31.6188319392684,29.7013039382442,-1.91752800102425,"Young"
"CLIP2",33.2193183572621,36.8719080888686,3.65258973160658,"Young"
"UQCR10",26.6539120716024,21.6911170092151,-4.96279506238735,"Young"
"DNAJB4",62.9884544569689,65.3144348589657,2.32598040199686,"Young"
"NIPSNAP3A",51.4349418281155,48.1057227974267,-3.32921903068879,"Young"
"TES",45.0654586380719,10.317058557162,-34.7484000809099,"Young"
"KDM5B",23.1204594403155,11.5900124094496,-11.5304470308658,"Young"
"MLX",24.7084627613512,63.2792922655686,38.5708295042175,"Young"
"SEPTIN9",26.2994035538999,27.4907622077455,1.19135865384552,"Young"
"UBQLN2",24.5010890959672,18.5146574871202,-5.98643160884695,"Young"
"PCYOX1",29.1777081079474,24.4900121033365,-4.68769600461095,"Young"
"DPP7",25.789543538973,35.0139001472091,9.22435660823613,"Young"
"SMPX",23.7296934579983,33.2468761631394,9.51718270514105,"Young"
"BCAP29",21.8747237472386,26.4085518574982,4.53382811025961,"Young"
"CYB5R1",21.2215915234276,23.038510226042,1.81691870261445,"Young"
"PFDN2",24.9559703808806,18.1448361457022,-6.81113423517832,"Young"
"PUF60",21.2187992594138,14.5503003121769,-6.66849894723686,"Young"
"ENOPH1",19.2547012726375,24.5494645542017,5.2947632815642,"Young"
"NDUFA12",34.8090610100323,42.4272238527143,7.61816284268197,"Young"
"EIF2B4",22.3724084147216,26.0113547265784,3.63894631185686,"Young"
"ATP6V1H",23.0526917865048,21.4039004672018,-1.64879131930306,"Young"
"TRMT112",8.03103115731969,17.7231445285556,9.69211337123588,"Young"
"XPO7",15.7515690802277,27.0614573147167,11.3098882344889,"Young"
"LCMT1",28.2170643850662,31.3357756856456,3.1187113005794,"Young"
"ATP5IF1",26.1653231002928,23.250855602323,-2.9144674979698,"Young"
"AK3",31.502118106641,36.2579884769383,4.75587037029727,"Young"
"NAGK",18.7664648244161,20.0999519200865,1.33348709567039,"Young"
"SLC25A13",23.7292782449424,28.585404964799,4.85612671985667,"Young"
"DBNL",40.1166534347906,28.2750156163354,-11.8416378184553,"Young"
"DCTN4",27.3381151711861,31.2088479536911,3.87073278250493,"Young"
"HSPB8",33.1139920217696,34.515163655284,1.40117163351434,"Young"
"STOML2",15.8449093330974,22.2782752288954,6.43336589579804,"Young"
"VPS28",15.4674248700475,23.659861574958,8.19243670491056,"Young"
"JPT1",30.8229192977175,39.7949031261022,8.97198382838467,"Young"
"APPL1",17.5163015161529,19.8272023169333,2.31090080078044,"Young"
"PACSIN3",22.6538061684672,30.9811839792404,8.32737781077316,"Young"
"ACAD8",26.7667106549094,21.1683991376726,-5.59831151723681,"Young"
"AGO2",28.8582927492065,23.9687782774924,-4.88951447171408,"Young"
"MYH2",38.1564492457584,70.3861365918602,32.2296873461018,"Young"
"MYH13",67.562465189406,44.3143131468131,-23.2481520425928,"Young"
"CDV3",25.8188067411414,22.6753481182086,-3.14345862293279,"Young"
"RAB21",18.9136874332468,21.6171849541216,2.70349752087471,"Young"
"PSME2",27.0662970678278,35.9471649618809,8.88086789405305,"Young"
"DNPEP",18.1116978727519,14.7257876776423,-3.38591019510961,"Young"
"MCTS1",20.5990235403892,17.7390371241892,-2.85998641620009,"Young"
"TBC1D24",45.5043148233921,29.0912352043763,-16.4130796190158,"Young"
"TMCO1",27.7075574588246,26.6988439892602,-1.00871346956438,"Young"
"EPDR1",38.4388752764263,28.7044408890747,-9.73443438735155,"Young"
"MYO6",17.9111881946821,17.9771974202692,0.0660092255871447,"Young"
"NFU1",9.92400104973433,21.8410890922481,11.9170880425138,"Young"
"SYNPO2",27.7209315465809,47.202110376125,19.4811788295441,"Young"
"UBQLN1",31.3086658623443,18.398963772238,-12.9097020901063,"Young"
"SNX12",18.6208772394586,21.0000309901227,2.37915375066404,"Young"
"NDRG2",27.0632068571174,16.2703634333641,-10.7928434237533,"Young"
"VPS4A",31.369497852416,24.0823263421468,-7.28717151026914,"Young"
"G3BP2",33.8455354840614,28.3110446293568,-5.53449085470463,"Young"
"STUB1",19.7848589830921,24.974846047586,5.18998706449393,"Young"
"PACSIN2",14.1739454236417,27.6369334997683,13.4629880761266,"Young"
"SNX6",16.4723118259579,17.8793591829389,1.40704735698104,"Young"
"PSMD13",15.5411433251797,15.8858929823478,0.344749657168025,"Young"
"COPS3",10.6935449728108,10.4475868185812,-0.245958154229653,"Young"
"NSFL1C",14.9220085772394,13.0100858189247,-1.91192275831479,"Young"
"PPP6R1",18.8866784723006,16.0422808453155,-2.84439762698508,"Young"
"LIMCH1",19.316406076534,31.0519674762703,11.7355613997362,"Young"
"USP24",14.3289347942253,28.7307097246401,14.4017749304148,"Young"
"MAPRE3",35.2505097534245,37.883332917043,2.6328231636185,"Young"
"PA2G4",13.8328407758914,18.9779291399572,5.14508836406581,"Young"
"CAMK2A",28.9543752565102,20.0706608833657,-8.88371437314443,"Young"
"CHMP2B",19.8092111997772,17.8578737602374,-1.95133743953988,"Young"
"RTRAF",41.7410848528418,60.8433978327575,19.1023129799157,"Young"
"RUVBL2",28.6016876367513,34.0051860326188,5.40349839586747,"Young"
"APOBEC2",25.5990723370464,36.3182787825843,10.7192064455379,"Young"
"PIN4",27.4371168917944,19.2195274313605,-8.21758946043384,"Young"
"EIF3L",20.2315457768138,34.4844746908281,14.2529289140143,"Young"
"PLAA",17.3820595212527,15.6932605965499,-1.68879892470279,"Young"
"NUDC",15.4582251530972,17.0870488435849,1.6288236904877,"Young"
"BCS1L",11.6314011659913,25.8714967571604,14.2400955911691,"Young"
"VDAC3",21.4136290437231,32.2304507726988,10.8168217289758,"Young"
"CFL2",13.1219138101179,13.6548102730979,0.532896462979979,"Young"
"FARSA",27.6409069226939,31.5646373565691,3.92373043387516,"Young"
"CNPY2",16.9181648142822,13.3077225683577,-3.61044224592452,"Young"
"FNDC3A",59.8720027308269,61.0363609127546,1.16435818192764,"Young"
"PADI2",17.3455904606696,36.1745214491169,18.8289309884473,"Young"
"GSTK1",22.7875365118094,13.9761734833822,-8.81136302842711,"Young"
"MRPS35",7.36162752843345,16.6113694292928,9.24974190085935,"Young"
"COA3",31.1442385045035,34.9933716985142,3.84913319401066,"Young"
"TMA7",23.074789271608,19.9724532667848,-3.10233600482326,"Young"
"SUGT1",16.4443325948753,20.272649221968,3.82831662709269,"Young"
"COQ6",27.554302567974,19.0409508714894,-8.51335169648462,"Young"
"ACOT9",23.7066656694485,16.0235161318923,-7.68314953755617,"Young"
"MEMO1",17.7724885221488,41.0965577866266,23.3240692644779,"Young"
"TMX2",36.3413525169051,32.4559566966429,-3.88539582026213,"Young"
"SH3GLB1",29.5795785560978,18.4755901567055,-11.1039883993923,"Young"
"CAB39",14.9877240859123,10.4799697594003,-4.50775432651195,"Young"
"LUC7L2",13.7046734008827,17.4927270619643,3.78805366108165,"Young"
"DHRS7",21.6765273964855,22.1830889349437,0.506561538458168,"Young"
"MOB4",22.9015151938534,27.0894799080475,4.1879647141941,"Young"
"SBDS",20.0684948340623,19.9509279804349,-0.117566853627405,"Young"
"MRPL11",23.8990331857495,22.5564218363972,-1.34261134935238,"Young"
"PPIL1",15.6629881333664,15.0613323681005,-0.601655765265905,"Young"
"MSRB2",27.4946489786062,36.4194196138566,8.92477063525046,"Young"
"FIS1",38.7991565357737,28.9449822072413,-9.85417432853244,"Young"
"PTRH2",25.931880100554,41.2074077299585,15.2755276294045,"Young"
"STRAP",15.6805992386985,13.8283416913895,-1.85225754730893,"Young"
"RTCB",12.0078588896391,17.3615935897329,5.35373470009379,"Young"
"RPL36",28.1661942531497,69.0459914569771,40.8797972038275,"Young"
"SAMHD1",57.3434864464057,9.92576920398839,-47.4177172424173,"Young"
"HBS1L",22.425291189195,21.5001034345054,-0.925187754689603,"Young"
"TLN1",14.176354061759,14.167718295005,-0.00863576675395272,"Young"
"USP15",21.5557195797984,22.2893119000446,0.733592320246171,"Young"
"TLN2",18.164975493905,24.0835838876421,5.91860839373709,"Young"
"DTNA",20.3870325729778,14.2983614929217,-6.08867108005605,"Young"
"HYOU1",31.269937715119,21.8246770120657,-9.44526070305324,"Young"
"AFG3L2",15.7935647293679,17.8360124378666,2.0424477084987,"Young"
"ARIH1",21.6594930114368,25.8064056977152,4.1469126862784,"Young"
"RNF114",24.9041394329355,20.069879953501,-4.83425947943449,"Young"
"SAMM50",11.4228517360565,16.1455548994584,4.72270316340191,"Young"
"PPME1",33.8522129626579,24.5366542871273,-9.31555867553055,"Young"
"TIMM9",22.2953774510908,15.7135152868353,-6.58186216425547,"Young"
"TIMM8B",23.0514743677213,33.1753074376283,10.123833069907,"Young"
"UCHL5",24.4659162572896,14.5801086913152,-9.88580756597444,"Young"
"TIMM13",21.2517709417244,21.422308664634,0.170537722909589,"Young"
"SRPRB",28.0607508544246,45.4481994897992,17.3874486353746,"Young"
"GMPPB",24.4823997491549,27.4550055307221,2.97260578156719,"Young"
"MPC1",22.1946414058819,22.0167986250626,-0.177842780819319,"Young"
"SNX5",53.8954927566498,31.1296551881039,-22.7658375685459,"Young"
"HEBP2",24.2866399882079,31.4593144444082,7.17267445620035,"Young"
"HCFC2",50.3678224620839,56.4131866697778,6.04536420769386,"Young"
"FHOD1",16.2023340911975,19.0400095972602,2.83767550606267,"Young"
"MYH4",69.8891966047672,95.8197425434257,25.9305459386585,"Young"
"MRPS18B",17.9272661709767,20.0629481370857,2.13568196610904,"Young"
"COPG1",4.98578543053587,22.3706005926244,17.3848151620885,"Young"
"CLIC4",26.0252702746484,30.8690808257672,4.84381055111884,"Young"
"SPCS1",18.45418190576,16.8696183550098,-1.58456355075018,"Young"
"SAR1B",20.1144200539029,18.9362029927665,-1.17821706113642,"Young"
"MTCH2",15.0381091459888,18.8490187591074,3.81090961311859,"Young"
"BZW2",11.4656094482715,13.6578681211951,2.19225867292365,"Young"
"DYNC1LI1",23.4139041904448,27.3985123359328,3.98460814548799,"Young"
"CHCHD2",52.0073892736095,40.5386967511195,-11.46869252249,"Young"
"NDUFB9",15.5240808300702,38.7418872597964,23.2178064297261,"Young"
"COX11",32.6480142634693,25.8940940187576,-6.75392024471175,"Young"
"SQOR",61.2538258122299,46.4426262248336,-14.8111995873962,"Young"
"SESN1",23.2172657081335,24.4168250263796,1.19955931824613,"Young"
"SEC23IP",20.9388151774112,17.8665840453211,-3.07223113209008,"Young"
"MMP24OS",45.9872516368686,43.5610260578135,-2.4262255790551,"Old"
"ESYT2",15.0355953787912,20.5960011073831,5.56040572859182,"Old"
"ILVBL",40.1872389703512,27.3706615314845,-12.8165774388668,"Old"
"FSD2",31.0496734155754,17.2066681375514,-13.843005278024,"Old"
"TARS3",26.4005205569952,22.3174314469192,-4.08308911007598,"Old"
"VWA8",32.3674054692242,27.8734689628002,-4.49393650642405,"Old"
"CARNS1",54.3156448676879,36.919272184144,-17.3963726835439,"Old"
"MAP1LC3B2",20.6999316041146,22.0969193736119,1.39698776949731,"Old"
"PGP",18.2508960750003,20.5286746870743,2.27777861207404,"Old"
"DHRS7C",20.3731865882148,27.4516870305796,7.07850044236476,"Old"
"SMTNL1",34.3151504762333,46.1042993384802,11.7891488622469,"Old"
"NUDT19",40.8602542574075,36.628192584515,-4.23206167289253,"Old"
"NACA",10.823714271727,12.7776882985519,1.95397402682486,"Old"
"SLC35A4",24.7269278831813,23.9778586948744,-0.749069188306933,"Old"
"PDLIM1",40.4296918488219,42.4854541712782,2.05576232245632,"Old"
"MYO1C",23.7414044716125,16.7387605787485,-7.00264389286395,"Old"
"FXYD1",35.7488623229067,39.5642570635284,3.81539474062166,"Old"
"STXBP3",21.9981175259614,21.0651549387692,-0.932962587192236,"Old"
"NDUFS8",32.5621694334572,25.8040997443679,-6.75806968908929,"Old"
"PSMD11",12.1653343841059,8.70108551122339,-3.46424887288255,"Old"
"PSMD12",17.3578103610472,18.2590135479953,0.901203186948155,"Old"
"PSMD9",18.2996283979304,16.859550502738,-1.44007789519241,"Old"
"PGRMC1",24.8485609824512,48.6990527222045,23.8504917397534,"Old"
"CLIC1",19.2927060976209,35.7425666148231,16.4498605172023,"Old"
"EIF3F",19.2557435703662,14.6056109311592,-4.65013263920697,"Old"
"PDHX",14.8486386744876,17.2850862343691,2.43644755988153,"Old"
"DCTN6",21.2024676604027,20.3253560148828,-0.877111645519815,"Old"
"IPO5",12.7998894400333,8.9434933879081,-3.8563960521252,"Old"
"EEF2K",36.8665602654825,26.8306541108409,-10.0359061546416,"Old"
"EML1",22.8925708889901,18.9567505010199,-3.93582038797021,"Old"
"DNM1L",17.2718457154345,14.3839434964099,-2.88790221902461,"Old"
"RTCA",18.9192314141607,13.6021063240729,-5.31712509008787,"Old"
"NDUFA4",28.2806676315364,21.0098172209729,-7.27085041056357,"Old"
"PSMD14",11.8976482802574,11.6482565105965,-0.249391769660919,"Old"
"BIN1",12.1556669636736,15.9336432101237,3.7779762464501,"Old"
"KPNA3",22.3083662748395,16.546101304434,-5.76226497040554,"Old"
"DDX3X",34.2807986804653,17.5740401237157,-16.7067585567496,"Old"
"KPNA4",11.9855809199333,15.9134694645209,3.92788854458766,"Old"
"CES2",42.8373659159791,42.7061189004213,-0.131247015557761,"Old"
"FBP2",40.1268628076509,36.1441668492141,-3.98269595843683,"Old"
"PDXK",17.8788092108565,16.2126723042726,-1.66613690658388,"Old"
"SDHD",31.0608650228766,36.1216600594198,5.0607950365432,"Old"
"COX7A2L",37.673335348372,30.6359436323249,-7.03739171604716,"Old"
"GAPDHS",46.994253910224,44.9670369926515,-2.02721691757255,"Old"
"HSPB6",36.8935196084354,35.8501821320703,-1.04333747636515,"Old"
"NDUFAB1",26.6604129997859,20.1058739418318,-6.55453905795409,"Old"
"IMPA2",26.0621584123801,27.8893625673081,1.82720415492809,"Old"
"PDCD5",14.5521370567298,18.169493472117,3.61735641538724,"Old"
"PRMT5",14.9097982197251,14.3957957796057,-0.514002440119418,"Old"
"PSMA7",14.453788984424,10.5587386717484,-3.89505031267554,"Old"
"OPLAH",17.6244516744147,15.4841431424355,-2.14030853197917,"Old"
"MGST3",23.7475517781119,26.0066276333204,2.25907585520852,"Old"
"RGS12",52.2935309151989,44.8028423055769,-7.49068860962194,"Old"
"HAT1",97.9934238120763,71.4827279948396,-26.5106958172368,"Old"
"UQCRQ",24.1824467150559,14.5436830866072,-9.63876362844869,"Old"
"MYL12B",33.4921565935178,28.7097579041556,-4.78239868936221,"Old"
"UQCR11",47.682563233212,29.1264006398985,-18.5561625933135,"Old"
"CASQ2",35.5102957672862,38.642779365952,3.13248359866576,"Old"
"HGS",13.511412194099,18.1281501735602,4.61673797946115,"Old"
"HNRNPDL",22.4497282773174,18.165215976201,-4.28451230111635,"Old"
"XPO1",14.0354098235512,16.7930485702231,2.75763874667192,"Old"
"ATP2A1",32.7384042519113,25.895504740681,-6.84289951123032,"Old"
"SYNJ2",34.7555620836486,65.8839870212009,31.1284249375523,"Old"
"SYNM",74.8893968838179,46.2723254586588,-28.6170714251592,"Old"
"ARPC1B",26.6644273525332,28.1958819405085,1.53145458797535,"Old"
"ARPC2",19.6067664733847,33.8907972609821,14.2840307875974,"Old"
"PGRMC2",30.2869540749721,25.2686193651997,-5.0183347097724,"Old"
"PFDN6",16.7605922452727,13.5169833154003,-3.24360892987246,"Old"
"NDUFA1",54.8640003191298,60.29082871774,5.42682839861027,"Old"
"SURF4",28.8834203234682,20.0130822213097,-8.87033810215852,"Old"
"MAPK13",27.1175371964251,32.5909797943814,5.47344259795637,"Old"
"TCAP",50.6908326303725,38.2751088364215,-12.415723793951,"Old"
"PMM2",36.0396249749504,31.2348175166669,-4.8048074582835,"Old"
"EIF3D",21.1213194907829,13.3671810247845,-7.75413846599849,"Old"
"EIF3H",54.1323703021377,23.5220457133826,-30.6103245887551,"Old"
"BCAT2",29.3120512678608,24.8729295109807,-4.43912175688006,"Old"
"STX7",21.7229993383056,15.6611561551908,-6.06184318311478,"Old"
"SLC16A3",34.0850010375237,50.1136814617591,16.0286804242354,"Old"
"YKT6",17.7953104784447,14.1072393072601,-3.68807117118458,"Old"
"ARPC5",21.67119331041,32.3151242770869,10.643930966677,"Old"
"TAPBP",26.7939177668461,37.0396798348285,10.2457620679824,"Old"
"DHX15",24.1194402254658,21.8205362268132,-2.2989039986526,"Old"
"CYB5B",32.8110732605693,36.5575409481931,3.74646768762373,"Old"
"NDUFS4",34.6726185500696,31.7717091448019,-2.9009094052677,"Old"
"DYNC1LI2",27.6160606114163,20.8510929541149,-6.76496765730141,"Old"
"PSMD3",18.3785187180638,16.4412274858378,-1.937291232226,"Old"
"RASA4",38.5051447520718,35.6253618563293,-2.87978289574246,"Old"
"HNRNPR",21.4254002238356,18.3582547608449,-3.06714546299071,"Old"
"TXNL1",10.6038848316312,10.7101826146533,0.106297783022107,"Old"
"TPD52L2",14.4903223911828,12.0181947693819,-2.47212762180094,"Old"
"ERI3",18.1546985218296,32.8572948314884,14.7025963096588,"Old"
"AKR7A2",19.2036366555482,11.8594140987748,-7.34422255677334,"Old"
"LAT",36.0449632631859,35.0400247388636,-1.00493852432226,"Old"
"DENR",16.5903807985397,7.51288486413419,-9.07749593440556,"Old"
"DNPH1",18.0954478280574,22.3138487956306,4.21840096757325,"Old"
"TIMM44",23.6672526962921,17.1980139642247,-6.46923873206735,"Old"
"TRAPPC3",15.1372773892855,19.2035614949573,4.06628410567184,"Old"
"CHMP2A",10.6973653866991,12.8758823919078,2.17851700520867,"Old"
"NDUFB5",29.6777393870108,19.7447230267055,-9.93301636030529,"Old"
"NDUFB3",31.5609768463104,22.5475593238659,-9.01341752244452,"Old"
"NDUFA2",23.3616698082935,21.178898005155,-2.18277180313857,"Old"
"BUB3",21.3756683268117,21.7633557675485,0.387687440736759,"Old"
"ACTN4",152.850677216358,93.2213003240293,-59.6293768923287,"Old"
"GSTZ1",47.4540209123537,38.9076410060768,-8.54637990627693,"Old"
"PRKAB2",16.9239814338129,14.8084814744344,-2.1154999593785,"Old"
"AP1G1",28.7438540331718,32.3895946249694,3.64574059179755,"Old"
"SYNGR2",31.6654216538597,36.899561772886,5.23414011902637,"Old"
"SGTA",10.7964952339641,11.6947323954471,0.898237161482992,"Old"
"ENSA",27.677139825544,26.0520182716261,-1.6251215539179,"Old"
"SLC25A20",33.6521872991166,20.8439857399066,-12.80820155921,"Old"
"NARS1",20.7991752945478,16.7248366336388,-4.07433866090894,"Old"
"LANCL1",11.3133007243166,19.6591181438242,8.34581741950752,"Old"
"SLC37A4",26.6848258910375,26.8224144679212,0.137588576883669,"Old"
"IDH3B",29.2673520391324,19.7394660233662,-9.52788601576622,"Old"
"CALU",25.9059727744907,16.3673383852482,-9.53863438924249,"Old"
"AHCYL1",23.3241208058808,14.6667374178639,-8.65738338801693,"Old"
"NDUFS5",32.6191167996528,25.3732114480123,-7.24590535164048,"Old"
"TIMM8A",39.2915633311774,28.5175438396089,-10.7740194915685,"Old"
"PPP1R12B",48.7106088730673,34.3796642882347,-14.3309445848326,"Old"
"PRPSAP2",36.5857882298378,16.9625114871014,-19.6232767427364,"Old"
"SPAG9",21.3616974297175,22.3675671695645,1.00586973984704,"Old"
"OPA1",27.9634316436746,19.7706224971874,-8.19280914648723,"Old"
"TBC1D4",21.1900375358791,14.6420825108418,-6.54795502503724,"Old"
"SNX3",12.1481801628049,10.5840874484943,-1.56409271431059,"Old"
"SYNCRIP",19.5278556363312,20.0266814022928,0.49882576596162,"Old"
"SELENOF",24.6594441803689,33.8649594347795,9.20551525441055,"Old"
"KLHL41",39.8007606573153,43.8147798017767,4.01401914446138,"Old"
"PLIN3",11.5684180502709,23.3693634917236,11.8009454414526,"Old"
"KPNA6",14.8147521910411,18.9558773899478,4.14112519890672,"Old"
"SNX2",15.4610416493711,16.9995336009302,1.53849195155906,"Old"
"USO1",24.9361266903934,19.1362270511552,-5.7998996392382,"Old"
"TOM1",24.1818079562438,22.3117095864088,-1.870098369835,"Old"
"PFKFB2",26.9219786239692,29.5216466223774,2.59966799840811,"Old"
"EDF1",23.1457901961562,24.755645571087,1.60985537493074,"Old"
"DNAJA2",17.8825456045889,14.7777668580398,-3.10477874654913,"Old"
"CUTA",28.1726033940395,24.7010885501282,-3.47151484391133,"Old"
"PFDN1",29.7236364606625,18.2471108634416,-11.4765255972209,"Old"
"NOL3",23.5283087273092,20.5045304428034,-3.02377828450579,"Old"
"WDR1",15.2203699314178,12.5950497395716,-2.62532019184619,"Old"
"LDB3",22.3072081650806,25.902826132138,3.59561796705739,"Old"
"CLASP2",30.8567059697484,22.8309254751018,-8.02578049464664,"Old"
"COBL",23.2581626080816,26.5101936690311,3.25203106094956,"Old"
"CPNE3",20.5084808817491,20.4568152311715,-0.0516656505776147,"Old"
"CLUH",30.9927018317359,30.256403498869,-0.736298332866987,"Old"
"CAND2",22.8856370009042,21.8892485350799,-0.996388465824317,"Old"
"COQ9",12.3919539399116,18.692470167464,6.30051622755241,"Old"
"GGCT",23.2811999088702,17.469555300476,-5.81164460839424,"Old"
"NDUFS7",36.0835808880534,24.2243811156829,-11.8591997723705,"Old"
"RTN2",23.6286397815794,17.1044119602398,-6.52422782133961,"Old"
"NDUFS2",32.3638970883381,22.421104257512,-9.94279283082608,"Old"
"NIPSNAP2",10.817299749896,13.8657474288428,3.0484476789468,"Old"
"CILP",36.273439596677,24.1163909925986,-12.1570486040784,"Old"
"TBCA",17.334202393533,13.372551071067,-3.96165132246602,"Old"
"ATP6V1G1",22.4823514288523,12.1914159817823,-10.2909354470701,"Old"
"VPS4B",15.5775217224505,18.562748024435,2.98522630198456,"Old"
"MACROH2A1",51.7139599555145,39.31605723905,-12.3979027164646,"Old"
"SH3BGRL",35.5019551984699,39.2303123361461,3.72835713767624,"Old"
"FLNB",38.4846178119044,33.4508512798629,-5.0337665320415,"Old"
"NDUFS6",31.9431648481199,22.5858272418334,-9.35733760628649,"Old"
"CS",21.4347208074255,15.6648577670675,-5.76986304035804,"Old"
"SEC22B",13.2461454110919,8.50075459665003,-4.74539081444189,"Old"
"MTX2",28.9599421691021,19.679973504366,-9.27996866473618,"Old"
"VPS26A",23.1911840063639,12.3528844307902,-10.8382995755737,"Old"
"NDUFB1",27.4253723374971,24.932998449752,-2.49237388774506,"Old"
"PMPCB",26.2633570971108,13.6047211381358,-12.658635958975,"Old"
"NDUFS3",27.5642291749895,21.4595872737876,-6.10464190120194,"Old"
"ECI2",21.9728819498462,22.5447111699881,0.571829220141812,"Old"
"BANF1",39.0576473691192,38.7505598650952,-0.307087504023947,"Old"
"CSDE1",13.5059936466421,23.2389180123698,9.73292436572774,"Old"
"PRKRA",36.4391612490799,44.9713986909935,8.53223744191354,"Old"
"LYPLA1",19.8159328777486,14.006837766082,-5.80909511166665,"Old"
"TIPRL",10.4028529728927,14.3778001181043,3.97494714521155,"Old"
"PPM1B",23.2544976116432,24.091364665922,0.836867054278745,"Old"
"SLC25A12",17.2860933085911,12.9039583212895,-4.38213498730167,"Old"
"TCEA3",31.0653862527524,21.7992652538855,-9.26612099886691,"Old"
"EIF3G",19.0827887456083,12.5749952649976,-6.50779348061069,"Old"
"EIF3J",10.2487535175568,12.2450243558085,1.99627083825175,"Old"
"PSMD10",13.7045990902622,21.4855080820479,7.78090899178565,"Old"
"IDH1",14.4794310382077,15.8193839939576,1.33995295574989,"Old"
"SCO1",35.9309688888239,33.221335588964,-2.70963329985994,"Old"
"ALDH1L1",30.4400318626271,37.5418254681272,7.10179360550013,"Old"
"ARL6IP5",18.09301271095,20.95591852752,2.86290581657005,"Old"
"DYSF",13.7455101420681,20.4251831117777,6.67967296970955,"Old"
"PIAS2",25.6758970873426,18.407266422209,-7.26863066513356,"Old"
"DCTN3",27.1074194309297,33.6066443017237,6.49922487079399,"Old"
"ATP5PD",23.7361330386591,21.3593431681404,-2.37678987051868,"Old"
"FLOT1",26.5618551647977,26.3490619483519,-0.212793216445775,"Old"
"ATP5MG",27.6513915817775,19.9353932807154,-7.71599830106206,"Old"
"GLRX3",20.113085651147,21.8101841735797,1.69709852243268,"Old"
"SNCG",33.5319727910803,47.5215706218482,13.9895978307679,"Old"
"DDAH1",42.7607598612243,24.751728603656,-18.0090312575683,"Old"
"TPPP",25.0922551638987,26.1057286479447,1.01347348404599,"Old"
"BAIAP3",42.214494450394,35.4309182735174,-6.78357617687653,"Old"
"TOMM70",23.6787775167027,17.1397999393502,-6.53897757735249,"Old"
"UFL1",18.009180191314,23.59478936885,5.58560917753595,"Old"
"TMEM63A",23.8335044139362,48.8433759984981,25.0098715845619,"Old"
"PLPBP",17.0942826294092,21.3729172033796,4.27863457397047,"Old"
"ERLIN2",29.5295921457121,25.8031274046275,-3.72646474108458,"Old"
"ENDOD1",21.3320247360269,10.1420553010634,-11.1899694349635,"Old"
"SEC31A",18.6673899398202,14.8130445362558,-3.85434540356434,"Old"
"NDUFB6",35.2214828144584,28.5479068771665,-6.67357593729192,"Old"
"MFN2",28.1132832713551,18.9219100291579,-9.19137324219727,"Old"
"NDUFA3",35.7771545103837,27.7497251817741,-8.02742932860956,"Old"
"NDUFB4",32.6919655455648,24.3730575297575,-8.31890801580726,"Old"
"NDUFB8",24.0536646074671,22.7454398473105,-1.30822476015655,"Old"
"NDUFA7",38.4647059552731,27.5371728892007,-10.9275330660725,"Old"
"RTN3",42.3700394999478,35.912639150464,-6.45740034948377,"Old"
"LETM1",29.3742851726875,22.7299771812693,-6.64430799141821,"Old"
"STBD1",17.3174954673374,13.6429368094161,-3.67455865792129,"Old"
"ZRANB2",36.2094972613136,84.0462989459917,47.8368016846781,"Old"
"EPM2A",20.8756911836821,26.2017960406383,5.32610485695617,"Old"
"VAPB",17.4993465827012,14.1130974731875,-3.38624910951371,"Old"
"NDUFC2",41.3390934374503,29.2670844452269,-12.0720089922234,"Old"
"NDUFA10",27.9180495967891,23.1961982386473,-4.72185135814182,"Old"
"PGLS",15.8000107237343,17.9886361171416,2.18862539340733,"Old"
"TACC2",29.0216721690608,21.0320781690743,-7.98959399998649,"Old"
"LYPLA2",33.5382993466439,22.8894966927072,-10.6488026539367,"Old"
"IPO7",27.4330369759716,21.3833111079013,-6.04972586807034,"Old"
"ARIH2",28.3280382459335,18.2730139085454,-10.0550243373881,"Old"
"PGM3",42.742984452487,22.2204773109975,-20.5225071414895,"Old"
"SVIL",44.2126507450934,33.6798171613211,-10.5328335837723,"Old"
"AHSA1",17.3842934940861,18.9312763954468,1.54698290136068,"Old"
"H6PD",28.479797578778,24.3481808654589,-4.13161671331917,"Old"
"MPC2",28.1393045093276,25.5057065643418,-2.63359794498575,"Old"
"ETHE1",30.7875557258666,18.0863518090866,-12.70120391678,"Old"
"ACSL3",22.8611586073635,14.0284362907539,-8.8327223166096,"Old"
"ASMTL",31.7956668011979,21.3109501384883,-10.4847166627096,"Old"
"CDS2",24.1110547587286,33.0388969466536,8.92784218792502,"Old"
"SNAP29",9.46418364212065,24.0055521095433,14.5413684674227,"Old"
"OXSR1",13.3432234975507,17.7256929566033,4.3824694590526,"Old"
"LSM8",27.366444067016,42.9064064290453,15.5399623620293,"Old"
"AP2A1",21.9700079717146,19.2454920458509,-2.72451592586372,"Old"
"CAVIN2",20.6453953436788,24.2452690218446,3.59987367816577,"Old"
"BAG2",28.7866885544385,25.4443688581622,-3.34231969627622,"Old"
"BAG3",22.1067635506023,27.8503426104406,5.74357905983832,"Old"
"MLYCD",45.2893330805177,28.326066639345,-16.9632664411727,"Old"
"AIFM1",18.9592961402088,16.4366995056879,-2.52259663452086,"Old"
"EML2",38.1621680586056,31.0239751040317,-7.13819295457396,"Old"
"BPNT1",17.6050031072943,14.818179188601,-2.78682391869332,"Old"
"DDAH2",19.7467455089555,26.1942388435496,6.44749333459411,"Old"
"ABHD16A",35.080212959871,32.2228116928901,-2.85740126698089,"Old"
"TXNDC12",30.6966131795453,65.0432014673967,34.3465882878514,"Old"
"NUDT3",17.6551339725579,24.3855645766785,6.7304306041206,"Old"
"NDUFB10",28.3826578338613,22.5361947712293,-5.84646306263203,"Old"
"CLPTM1",34.4806476529158,25.7178114167712,-8.76283623614465,"Old"
"MOCS2",41.304856469766,24.1259782705048,-17.1788781992612,"Old"
"TOMM40",16.9285109627729,14.7838831197327,-2.14462784304019,"Old"
"PEX11B",23.793479412244,40.9554446162613,17.1619652040173,"Old"
"CYB5A",24.1575423882393,34.9848914634151,10.8273490751758,"Old"
"ADH1B",51.7899982204775,44.4616628441409,-7.32833537633662,"Old"
"LDHA",46.7717663306334,48.2624626105592,1.49069627992574,"Old"
"ALDH1A1",34.031850495959,32.3362717525601,-1.69557874339885,"Old"
"GLUD1",21.5228528036246,17.9661317690981,-3.55672103452655,"Old"
"CYB5R3",20.684615211135,18.7080137432624,-1.97660146787257,"Old"
"GSR",15.2841181738374,14.2716658929121,-1.01245228092534,"Old"
"MT-CO1",40.0889701732219,35.3596889412422,-4.72928123197968,"Old"
"MT-CO2",28.6862232054103,22.7113579664632,-5.97486523894708,"Old"
"MT-CO3",16.1290217472305,35.2590024243028,19.1299806770723,"Old"
"SOD1",26.4600824308485,20.5565413397752,-5.90354109107328,"Old"
"CP",22.1646174230723,46.7156451447097,24.5510277216374,"Old"
"F13A1",39.4075614522754,41.4588722017507,2.05131074947526,"Old"
"HPRT1",34.5978409768948,35.7265534201963,1.12871244330151,"Old"
"GOT2",24.733310908342,15.0954358911708,-9.63787501717116,"Old"
"PGK1",21.7920876888084,23.8358474358093,2.04375974700093,"Old"
"AK1",30.8407266931438,20.6855852002329,-10.1551414929109,"Old"
"HP",49.8095397463135,91.5833148693632,41.7737751230497,"Old"
"CFB",28.14960045905,47.2946266039742,19.1450261449242,"Old"
"MT-ATP6",28.126001205742,29.6477281299176,1.52172692417555,"Old"
"CA2",23.9609408277242,40.7105346168009,16.7495937890768,"Old"
"ASS1",53.1916974325941,69.5197618830119,16.3280644504178,"Old"
"SERPINA1",20.4087490758637,38.0894632344599,17.6807141585961,"Old"
"SERPINA3",27.8765959836035,43.0276726998582,15.1510767162546,"Old"
"AGT",32.0007691497067,30.0051070653825,-1.99566208432424,"Old"
"A2M",40.6897693432409,47.3314675581045,6.64169821486355,"Old"
"C3",26.1952877103089,49.2481296961341,23.0528419858252,"Old"
"CST3",21.2158861885648,22.3334180602835,1.11753187171872,"Old"
"CSTA",46.7732363935174,72.6343306656982,25.8610942721808,"Old"
"JCHAIN",143.861419060774,75.645698402044,-68.2157206587299,"Old"
"IGKV3-20",94.5811138124967,70.6159460398187,-23.965167772678,"Old"
"IGHV3-7",52.3212673628606,66.4203262255867,14.0990588627261,"Old"
"IGKC",42.8060395200057,45.3280221503433,2.52198263033756,"Old"
"IGHG1",31.0580441812637,43.6534253569236,12.5953811756599,"Old"
"IGHG2",33.9559944029958,38.2055235052912,4.24952910229536,"Old"
"IGHG3",85.9554341032001,71.3778939427149,-14.5775401604852,"Old"
"IGHM",51.0424748456062,75.0399958716677,23.9975210260614,"Old"
"IGHA1",39.1174004061009,56.3700368542885,17.2526364481875,"Old"
"HLA-B",39.403504859,36.7655313975857,-2.6379734614144,"Old"
"HLA-DRB1",44.5548851251586,50.5195981694036,5.96471304424499,"Old"
"MB",15.3547806244815,13.1888092844024,-2.16597134007912,"Old"
"COL1A1",89.8976295261998,81.5437686339198,-8.35386089227991,"Old"
"COL3A1",102.729371040473,86.1821354392326,-16.54723560124,"Old"
"COL4A1",92.7754145934591,101.292058790312,8.51664419685333,"Old"
"CRYAB",33.3900734376951,22.7699157754258,-10.6201576622692,"Old"
"KRT14",188.39538455578,180.191085156917,-8.2042993988637,"Old"
"LMNA",40.7645735845969,36.391302054844,-4.37327152975286,"Old"
"TNNC2",83.2969571700936,55.1798073041128,-28.1171498659808,"Old"
"APOE",87.5359602888924,36.4593274573324,-51.07663283156,"Old"
"APOC2",36.199629095929,57.8843145589406,21.6846854630116,"Old"
"LRG1",28.4670949684777,47.8430141598254,19.3759191913476,"Old"
"FN1",121.655077468772,29.793264783664,-91.861812685108,"Old"
"RBP4",39.097834724975,70.7602231309075,31.6623884059325,"Old"
"ORM1",61.4457758327027,57.184315356473,-4.26146047622974,"Old"
"TTR",32.3169177271772,39.7829370660424,7.46601933886517,"Old"
"ALB",16.039182080784,31.8087911754034,15.7696090946194,"Old"
"PPBP",24.8888783400515,56.0340943858004,31.1452160457488,"Old"
"TFRC",43.4953800373551,59.9702381568136,16.4748581194585,"Old"
"TF",20.9436519450351,30.6444410509787,9.70078910594353,"Old"
"FTL",55.1826568380152,85.9227775545891,30.740120716574,"Old"
"FTH1",43.7425393773552,41.7179532947328,-2.02458608262241,"Old"
"MT2A",41.4065729302025,42.7040515349017,1.29747860469915,"Old"
"MT-ND1",35.8065758907762,25.9117579510797,-9.89481793969655,"Old"
"MT-ND2",38.2712038023666,36.7125292861557,-1.55867451621089,"Old"
"MT-ND3",33.2270975452513,32.9326599295195,-0.294437615731816,"Old"
"MT-ND4",25.8650583431362,38.731556655626,12.8664983124899,"Old"
"MT-ND5",54.1909456249805,33.8084257333839,-20.3825198915966,"Old"
"MT-ATP8",35.6707409044477,33.5584998096655,-2.11224109478222,"Old"
"CAT",28.3895283810843,61.0560261298542,32.6664977487699,"Old"
"ALDOA",17.1302047518204,22.9360812819714,5.80587653015109,"Old"
"CSTB",20.66107762768,21.1583252514479,0.497247623767841,"Old"
"ANXA1",17.3776479538719,38.8332383504254,21.4555903965534,"Old"
"SOD2",19.6897860514183,20.742745010113,1.05295895869476,"Old"
"KRT1",50.9490298295377,63.1408462213899,12.1918163918521,"Old"
"VWF",58.219012208796,42.4980083949939,-15.7210038138022,"Old"
"GAPDH",26.1142759211959,20.2353690614909,-5.87890685970504,"Old"
"HLA-A",40.3190580774942,31.2564645663905,-9.06259351110364,"Old"
"CAPNS1",10.9532009584445,12.2797911898286,1.32659023138409,"Old"
"HSPB1",42.4446737900602,26.3076625356377,-16.1370112544225,"Old"
"RPN1",14.3628608992433,15.880934696877,1.51807379763371,"Old"
"RPN2",21.8702643604909,15.90955329414,-5.96071106635084,"Old"
"GNAI2",11.1464035753539,16.1444978207959,4.99809424544202,"Old"
"ATP1A1",10.903827863725,17.4168589579237,6.51303109419869,"Old"
"ATP1B1",10.9269404753218,14.7564676510259,3.82952717570407,"Old"
"APOD",24.6717588914002,33.5648020733641,8.89304318196393,"Old"
"ALDH2",16.7806437505217,16.2727303767561,-0.507913373765565,"Old"
"S100A8",29.9272420046729,143.44328433156,113.516042326887,"Old"
"SLC25A5",25.5572682087197,16.9965442290827,-8.56072397963707,"Old"
"SERPING1",36.2158025888093,57.1990327702024,20.9832301813931,"Old"
"PCCA",24.0912542901584,21.5218286608422,-2.5694256293162,"Old"
"PCCB",25.0491800485147,20.7008495069011,-4.3483305416136,"Old"
"EIF2S1",7.47532045601157,6.05919444585028,-1.41612601016129,"Old"
"RPLP1",34.3618930591487,42.8069842961365,8.44509123698779,"Old"
"RPLP2",28.3489420281368,37.4005464192693,9.05160439113251,"Old"
"RPLP0",25.1264360990623,32.5267715969703,7.40033549790799,"Old"
"FABP3",31.4074519648758,32.1375081408351,0.730056175959302,"Old"
"CLEC3B",45.3954962606632,27.8002275195108,-17.5952687411525,"Old"
"SSB",39.5963038312715,29.6475603705837,-9.94874346068774,"Old"
"ITGB1",11.1234141224282,9.85643785448188,-1.26697626794635,"Old"
"KRT18",47.5911704444517,59.0386123374032,11.4474418929515,"Old"
"KRT8",67.1857159452762,82.307906177066,15.1221902317897,"Old"
"MYL1",68.2403078327271,72.9756324869478,4.73532465422073,"Old"
"GSN",27.1804218030664,54.0736025977959,26.8931807947295,"Old"
"PTMA",33.2067063773829,38.6994150521929,5.49270867481007,"Old"
"ATP5F1B",27.3389448000257,15.1415678243121,-12.1973769757136,"Old"
"S100A9",22.4571000546071,112.697491864206,90.2403918095993,"Old"
"S100A6",48.5178382542936,98.7083565003163,50.1905182460227,"Old"
"EIF4E",28.6489495511917,14.2266599719613,-14.4222895792305,"Old"
"CKM",12.0419381660502,13.8735308443003,1.8315926782501,"Old"
"ENO1",24.6170839596298,15.5780113790177,-9.03907258061212,"Old"
"PYGL",47.8496903150097,46.0958431388687,-1.75384717614108,"Old"
"GPI",16.069293061077,15.4201036741079,-0.649189386969057,"Old"
"NPM1",24.6643537212209,30.6349230204453,5.97056929922443,"Old"
"TPM3",99.7795537655357,62.7982991533943,-36.9812546121414,"Old"
"EPHX1",34.1975555235216,27.5906232831015,-6.60693224042006,"Old"
"DBI",27.0414793764656,25.0186932537589,-2.02278612270671,"Old"
"LDHB",37.9877240509862,38.3763532906062,0.388629239620002,"Old"
"GPX1",10.968766122906,13.5565856906105,2.5878195677045,"Old"
"P4HB",14.0656261049337,18.0918781526076,4.0262520476739,"Old"
"H1-0",36.6828711463903,40.7625104126712,4.07963926628091,"Old"
"CTSD",16.116051187399,21.7541196345394,5.63806844714044,"Old"
"ANXA2",14.9789098586638,24.8318548223549,9.85294496369116,"Old"
"CAPN1",11.9796676139291,9.44299351079196,-2.53667410313712,"Old"
"TUBB",14.3522546024104,16.1986833598309,1.84642875742045,"Old"
"CA3",15.7054459818929,24.8103671870252,9.10492120513238,"Old"
"DCN",52.3587596267481,52.1223812480443,-0.236378378703812,"Old"
"PSAP",24.406068550428,23.4332590941456,-0.972809456282363,"Old"
"PFN1",16.717350651236,17.193671705981,0.476321054745085,"Old"
"BPGM",28.58748407443,58.0887038494115,29.5012197749815,"Old"
"APRT",18.2356815455945,20.4576452612876,2.22196371569302,"Old"
"EPRS1",8.97340777208319,5.79498784167311,-3.17841993041008,"Old"
"CTSB",34.154757719345,26.7422584125933,-7.4124993067517,"Old"
"HSP90AA1",16.5260129662312,15.9821699386957,-0.543843027535472,"Old"
"UQCRH",20.4491093963646,15.4491601830577,-4.99994921330688,"Old"
"TPM2",95.236904055097,52.8076860436771,-42.4292180114199,"Old"
"FH",15.725362534781,9.76988747345576,-5.95547506132521,"Old"
"COL1A2",111.760049215219,113.048426354055,1.28837713883551,"Old"
"ANXA6",12.9053967732927,17.2177428959767,4.312346122684,"Old"
"PFKM",35.8479351152447,26.9383477717286,-8.90958734351611,"Old"
"HSP90AB1",15.5959354463462,17.4271823951647,1.83124694881845,"Old"
"SOD3",30.1093368783964,41.8992109398287,11.7898740614322,"Old"
"CTSG",31.9858842856231,36.6469157408547,4.66103145523154,"Old"
"PDHA1",17.7253651764177,16.4793992122377,-1.24596596418003,"Old"
"COL4A2",81.8581788226797,79.2695696578957,-2.58860916478403,"Old"
"CYC1",23.368842844307,18.0549989230298,-5.31384392127721,"Old"
"MYL3",71.0882130001996,64.7115216831856,-6.37669131701399,"Old"
"CFH",28.4853240216072,53.9561168257226,25.4707928041154,"Old"
"SNRNP70",28.741974223991,17.4192897140237,-11.3226845099673,"Old"
"NFIC",27.5037144329955,18.1473895991692,-9.35632483382627,"Old"
"VIM",47.1867872711842,43.4122591023287,-3.77452816885555,"Old"
"SERPINF2",26.2700162010951,39.1122302111659,12.8422140100709,"Old"
"RPS17",34.4557092010161,19.2036676088975,-15.2520415921186,"Old"
"KRT19",88.345226394827,71.4910078037405,-16.8542185910866,"Old"
"ANXA5",24.1528668822738,25.2180330067566,1.0651661244828,"Old"
"RPSA",25.5795610642466,17.7579730392805,-7.8215880249661,"Old"
"SNRPA",22.2391230569229,22.5192796705937,0.280156613670862,"Old"
"ENO2",35.0723475342757,30.4380089934461,-4.63433854082953,"Old"
"ACAA1",27.6091995688173,23.7157737625905,-3.8934258062268,"Old"
"GSTP1",20.5172972459158,17.6837386722036,-2.83355857371216,"Old"
"LGALS1",33.6258515347767,43.2466712187419,9.62081968396515,"Old"
"QDPR",26.8427542218079,21.8014501431601,-5.04130407864783,"Old"
"HMGB1",16.8272270894227,23.8423821832009,7.01515509377821,"Old"
"FBP1",47.6956653688475,52.6216592641062,4.92599389525874,"Old"
"GSTM1",134.652481300712,98.258656298972,-36.3938250017399,"Old"
"TPM1",90.6160021329334,62.9114589354292,-27.7045431975042,"Old"
"CLTB",18.7556150975661,14.0812372239261,-4.67437787364,"Old"
"ANXA4",23.1425987894541,19.4993963788421,-3.64320241061201,"Old"
"HMOX1",37.6500251855219,40.8959283595431,3.24590317402123,"Old"
"DLD",11.7164327815264,13.7539250478766,2.03749226635023,"Old"
"HNRNPA1",27.1906043054429,25.6008378904629,-1.58976641497998,"Old"
"COX6C",32.3122912752266,23.3003986977205,-9.01189257750606,"Old"
"PARP1",24.339619933462,16.7190446543864,-7.6205752790756,"Old"
"IFIT2",37.9184937996921,29.2037932110304,-8.71470058866174,"Old"
"UCHL1",49.6749142129696,78.8140064075685,29.1390921945989,"Old"
"LTA4H",19.8708959120395,15.2849317713739,-4.58596414066557,"Old"
"ALDOC",104.570573406596,88.2918536896752,-16.2787197169212,"Old"
"LIMS3",26.0862167339926,22.1266055754045,-3.95961115858814,"Old"
"HSPA1A",18.3341631633917,20.4898887337861,2.15572557039438,"Old"
"IGLC2",36.7650678296546,49.7310397091705,12.9659718795158,"Old"
"IGLC3",34.6095071174768,43.0653221959576,8.45581507848079,"Old"
"CALM1",22.6283092851014,17.660368779497,-4.96794050560437,"Old"
"FDX1",30.1694703419896,36.1167417793151,5.94727143732547,"Old"
"COX8A",37.6108527766539,28.5297098223467,-9.08114295430723,"Old"
"GAA",21.0099899843698,21.2484747361869,0.238484751817026,"Old"
"RRAS",14.4642199363877,18.1967044760281,3.73248453964033,"Old"
"ARAF",23.6168691180445,42.982709848317,19.3658407302725,"Old"
"DLAT",17.5926322720239,14.901602098322,-2.6910301737019,"Old"
"TXN",19.7970168155841,19.2669974986568,-0.530019316927273,"Old"
"COX5B",29.9813175974458,20.8600520442402,-9.12126555320557,"Old"
"MAPT",15.1337264206481,13.2456295524501,-1.88809686819797,"Old"
"PRKAR1A",18.1824169634447,13.4177910634226,-4.76462590002208,"Old"
"ESD",23.9242066560242,25.8018353399358,1.87762868391159,"Old"
"HSPD1",20.0921549351187,14.396784676923,-5.69537025819573,"Old"
"THRB",91.0716111495089,124.929892484551,33.8582813350422,"Old"
"CLU",34.9737621283101,64.1077825263483,29.1340203980383,"Old"
"MYL2",59.3778152812204,56.9269068444571,-2.45090843676332,"Old"
"HSPA5",9.38452439390968,19.4212207771566,10.0366963832469,"Old"
"LAMC1",76.8183189904451,51.5820600089347,-25.2362589815105,"Old"
"MYH3",120.509454218632,85.216591810435,-35.2928624081966,"Old"
"HSPA8",10.4824344341966,13.2523502305192,2.76991579632254,"Old"
"EPB41",38.2870285798513,66.285911079099,27.9988824992477,"Old"
"PDHB",15.0951426919886,12.8211486559103,-2.27399403607836,"Old"
"DBT",31.1920314884477,27.6154644084153,-3.57656708003237,"Old"
"PYGB",22.3405918771437,24.9948892911505,2.65429741400681,"Old"
"PYGM",18.0021162274882,22.0588595330669,4.05674330557862,"Old"
"RALA",13.3040154021058,18.5003356707781,5.19632026867224,"Old"
"SPTB",27.413102339969,49.8825213064853,22.4694189665163,"Old"
"LAMP1",16.7801922494697,23.254222378852,6.47403012938236,"Old"
"ACADM",25.5295271168532,23.4576295135884,-2.07189760326483,"Old"
"UBL4A",16.7596319113847,26.6811470177538,9.92151510636912,"Old"
"DMD",23.9981693931534,15.794421636496,-8.20374775665744,"Old"
"MTHFD1",11.873790791759,12.313122993531,0.439332201772004,"Old"
"ADH5",28.5222558495412,19.1158067820967,-9.4064490674445,"Old"
"PABPC1",12.7927560794468,8.89080253267966,-3.90195354676716,"Old"
"HARS1",14.5182564709372,11.6601905613167,-2.85806590962049,"Old"
"COL6A1",87.6905642051335,63.9170987787948,-23.7734654263387,"Old"
"COL6A2",84.3336919511249,60.689883145258,-23.6438088058669,"Old"
"COL6A3",99.4451020302116,62.5685415389431,-36.8765604912685,"Old"
"SLC25A4",26.1847310737906,15.7525400368044,-10.4321910369862,"Old"
"SLC25A6",23.5110196493792,22.8611722524274,-0.64984739695188,"Old"
"IMPDH2",22.8978705214883,14.2720916361486,-8.62577888533969,"Old"
"CKB",14.580613706434,13.7163626614098,-0.864251045024229,"Old"
"ANXA3",34.2787191891018,15.6054404434757,-18.6732787456261,"Old"
"BCKDHA",28.5794337433121,37.1002861764302,8.52085243311804,"Old"
"ACTN1",163.25516042903,116.409731464007,-46.845428965023,"Old"
"MYH1",91.5080839779743,50.0646810366844,-41.4434029412899,"Old"
"MYH7",69.6001889281902,72.0529667186641,2.4527777904739,"Old"
"PEPD",19.3090290518273,17.1990398112372,-2.10998924059015,"Old"
"XRCC6",15.3127227459234,16.0927581533423,0.780035407418959,"Old"
"XRCC5",15.2220940281903,15.9853059601314,0.763211931941081,"Old"
"COX4I1",30.4723590528308,20.3888559870671,-10.0835030657637,"Old"
"IFITM1",27.5142015500564,21.5852326631454,-5.92896888691102,"Old"
"LAMP2",18.934787089377,31.8120598365039,12.877272747127,"Old"
"RNH1",21.2134972262411,18.9953473718315,-2.21814985440956,"Old"
"MYH8",87.4654974381653,64.549325605682,-22.9161718324833,"Old"
"VCAN",15.4755548146331,24.0296368506083,8.55408203597525,"Old"
"EEF2",12.5310290866574,11.6691050019419,-0.861924084715552,"Old"
"KRT10",52.9284392276932,77.3827909350805,24.4543517073873,"Old"
"KRT5",82.0470301968496,125.30471609234,43.2576858954904,"Old"
"PDIA4",26.9398670241738,28.3207763152748,1.38090929110095,"Old"
"TPT1",16.8513818313568,17.8536301321497,1.00224830079283,"Old"
"ALAD",26.8769158050578,26.568877970816,-0.308037834241766,"Old"
"LCP1",23.4854827581535,22.3678913068045,-1.117591451349,"Old"
"PLS3",25.4776310141907,20.2138546821497,-5.26377633204092,"Old"
"APEH",13.9903890046918,10.6363002249521,-3.35408877973971,"Old"
"ETFA",25.495668385814,17.2395978025895,-8.25607058322456,"Old"
"TNNT1",97.8809933492535,60.8268935207837,-37.0540998284698,"Old"
"GYS1",19.4099336977871,21.7834563032277,2.3735226054406,"Old"
"PRKAR2A",16.3724624123412,14.0069328821324,-2.36552953020878,"Old"
"ENO3",22.1217090949308,18.3472005529733,-3.77450854195752,"Old"
"CD59",14.1394928589634,24.047541359655,9.90804850069167,"Old"
"MIF",27.7234429196576,27.4725963297547,-0.250846589902924,"Old"
"CD99",36.3904387385196,32.7648692638318,-3.62556947468781,"Old"
"PRKCSH",20.8248773145474,13.5726398647087,-7.25223744983876,"Old"
"FDPS",13.3755324808561,12.1182151266122,-1.2573173542439,"Old"
"COX7A2",35.9437590015714,24.8036873463377,-11.1400716552337,"Old"
"NID1",86.5779150175654,65.7018229414768,-20.8760920760886,"Old"
"AKR1A1",22.9240882645221,15.9483624163111,-6.97572584821093,"Old"
"PKM",20.7486003544783,24.7943003788787,4.04570002440047,"Old"
"ACYP2",30.8254767231885,22.3523363443897,-8.47314037879885,"Old"
"HSP90B1",14.8748024425337,17.9631956897864,3.08839324725271,"Old"
"MYL6B",87.6036873394939,114.728850705617,27.1251633661226,"Old"
"SLC2A4",28.2788470323986,23.7138853732056,-4.56496165919295,"Old"
"IDE",17.6401120502265,14.3490082616259,-3.29110378860057,"Old"
"COX6B1",27.8883081124731,22.691000566524,-5.19730754594909,"Old"
"HNRNPL",19.3396172946905,15.2807130888007,-4.05890420588984,"Old"
"DARS1",21.8675479340541,14.2729140794128,-7.59463385464132,"Old"
"JUP",37.0292124239904,36.842854779978,-0.186357644012489,"Old"
"UQCRB",18.7878742689028,18.2461377855889,-0.541736483313894,"Old"
"CPA3",49.3174515712971,56.7227946351195,7.40534306382243,"Old"
"FABP4",27.3999833574678,20.8703143810622,-6.52966897640554,"Old"
"GLUL",29.3935135947022,42.2679877663353,12.8744741716331,"Old"
"AKR1B1",19.6676184187292,15.5669924511391,-4.10062596759013,"Old"
"GSPT1",19.1870383233246,18.1174835305898,-1.06955479273484,"Old"
"PGAM2",20.6170519518039,23.627805395334,3.0107534435301,"Old"
"EZR",30.5778091917071,43.722732362446,13.1449231707389,"Old"
"UCHL3",20.5047728196121,19.2932116518157,-1.21156116779635,"Old"
"NME1",13.4687857643431,22.8735067494656,9.40472098512251,"Old"
"RPS2",25.8649206856144,18.908602697481,-6.95631798813346,"Old"
"RPA2",36.1168629932863,28.2745587156283,-7.84230427765794,"Old"
"COX7C",34.8264788808155,29.7929532477204,-5.03352563309507,"Old"
"NQO2",78.3134013259839,74.019732406717,-4.29366891926689,"Old"
"PFKFB1",37.5517351448064,33.3685402919484,-4.18319485285801,"Old"
"CBR1",16.3881128909226,31.587580336805,15.1994674458824,"Old"
"ANK1",33.2158155497603,75.1266339581622,41.9108184084019,"Old"
"ACADS",30.4568690369754,44.667760149785,14.2108911128096,"Old"
"PPP3CB",22.4244611973227,19.2916560015197,-3.13280519580299,"Old"
"ATP2A2",22.7503103146865,19.7517448055643,-2.99856550912216,"Old"
"CD36",29.1731876336082,30.6386318278285,1.4654441942203,"Old"
"FAH",19.1216858428313,15.9645161958561,-3.15716964697518,"Old"
"YBX3",14.9442516487092,13.5073486601952,-1.43690298851397,"Old"
"TMEM11",21.1249764291004,21.8051078526622,0.68013142356175,"Old"
"GOT1",15.894004290168,13.9172162049173,-1.97678808525073,"Old"
"CKMT2",43.312118537077,29.3893570518518,-13.9227614852251,"Old"
"NDUFB7",34.7635445784466,27.2061280020522,-7.55741657639435,"Old"
"PRKACA",18.9687426897297,14.5866124988087,-4.38213019092101,"Old"
"CAPN2",13.7601196048762,25.8139710258789,12.0538514210027,"Old"
"DES",110.340170365215,66.6970544311334,-43.6431159340815,"Old"
"PFKL",47.4255475895985,37.6168971045705,-9.808650485028,"Old"
"LGALS3",18.6101643668461,42.5932193236639,23.9830549568179,"Old"
"FLT1",113.701797493771,89.3422707529523,-24.3595267408182,"Old"
"PSMC3",9.82227408388812,7.36753408622883,-2.45473999765929,"Old"
"TCP1",12.8647251881559,12.1441253039205,-0.720599884235433,"Old"
"RPL35A",19.6813496137242,25.6476853962063,5.96633578248216,"Old"
"ARF4",35.972620701864,25.5210271234373,-10.4515935784267,"Old"
"RPL7",32.2652555372477,38.8080995989602,6.54284406171258,"Old"
"VCL",14.5876699106885,11.6476584124687,-2.94001149821975,"Old"
"RPL17",30.1709682744211,33.1237583850901,2.95279011066895,"Old"
"PGAM1",21.069516777409,17.7809206633325,-3.28859611407647,"Old"
"ATP5PF",29.3909273382543,20.3605162761546,-9.03041106209963,"Old"
"TSPAN8",48.6068929429993,35.6008299814526,-13.0060629615467,"Old"
"TNNI1",82.2697330145858,54.6714550802517,-27.5982779343342,"Old"
"NCL",23.7791956896001,23.1305185171793,-0.648677172420864,"Old"
"HK1",19.7160403472943,10.8307501889898,-8.88529015830445,"Old"
"NDUFV2",28.4130057532256,22.038157652243,-6.37484810098252,"Old"
"SRM",25.6651918952822,23.5024792064368,-2.16271268884544,"Old"
"TYMP",17.0774856628404,22.0297004372803,4.95221477443986,"Old"
"ATP2B1",20.8867404079062,24.3112882863772,3.424547878471,"Old"
"EIF2S2",18.6589348455906,16.6761929080573,-1.98274193753333,"Old"
"ANXA7",12.9351868084429,12.0229451786963,-0.912241629746642,"Old"
"TPSB2",49.5095495436405,46.0827241335725,-3.42682541006796,"Old"
"BTF3",16.7722128068807,29.8126325758925,13.0404197690118,"Old"
"RAB6A",20.6999952134824,17.5272904220719,-3.17270479141053,"Old"
"PVALB",78.5984798456535,32.9169752146337,-45.6815046310198,"Old"
"PSMB1",17.327709142786,8.53925866108344,-8.78845048170257,"Old"
"COX5A",29.0012537213592,18.7136105893306,-10.2876431320286,"Old"
"CAPN3",32.7448347878531,23.2034796420193,-9.54135514583384,"Old"
"CAST",23.1412651780701,23.2705528244782,0.129287646408091,"Old"
"NEB",100.785776308768,68.9023174548064,-31.8834588539612,"Old"
"PTMS",21.0454887900805,47.5360474632125,26.4905586731321,"Old"
"GSTM3",43.3387724625786,29.2888779612001,-14.0498945013785,"Old"
"ATP6V1B2",14.9509244229506,15.303143519605,0.352219096654387,"Old"
"CSRP1",25.8053063198305,55.6711321557282,29.8658258358977,"Old"
"FLNA",34.9713831068076,30.6505113262636,-4.32087178054405,"Old"
"MAOA",27.5330857852872,26.958438943069,-0.574646842218243,"Old"
"ACO1",22.9839173918937,21.8230045356231,-1.16091285627067,"Old"
"GPD1",28.0650593047394,27.6126524018865,-0.452406902852914,"Old"
"VDAC1",19.6707363661025,12.0952150964667,-7.57552126963575,"Old"
"BGN",55.6561216072792,32.4161179812456,-23.2400036260336,"Old"
"RYR1",24.8745184095713,11.4873632273701,-13.3871551822012,"Old"
"SDHB",18.5519612196379,12.7905811605045,-5.76138005913341,"Old"
"COMT",16.9680708990647,18.1900763132914,1.22200541422665,"Old"
"TGM2",36.1507448075341,35.1894232626,-0.961321544934101,"Old"
"MMUT",38.6685214920591,28.1010759650806,-10.5674455269785,"Old"
"OSBP",10.141589445517,13.4755359124686,3.33394646695155,"Old"
"PCMT1",21.5068772540566,15.2856458415347,-6.22123141252188,"Old"
"GART",15.0626211674974,14.727667321553,-0.334953845944382,"Old"
"PAICS",17.2801371552902,15.4221585469203,-1.8579786083699,"Old"
"SCP2",28.9350190111725,23.3448414998728,-5.59017751129971,"Old"
"UBA1",12.8567024405353,9.22195768062439,-3.63474475991087,"Old"
"GPX3",23.314518672962,29.2543868109294,5.93986813796731,"Old"
"NME2",19.5229554180022,19.9723061489351,0.44935073093291,"Old"
"FDXR",30.9903008467053,25.1701205136138,-5.82018033309153,"Old"
"HNRNPA2B1",25.8915588415774,26.3882840914775,0.496725249900049,"Old"
"UQCRC2",23.5551665064704,15.3810111019684,-8.17415540450199,"Old"
"FECH",22.0916601904387,13.4291524740434,-8.66250771639539,"Old"
"AMPD1",49.3330361857643,41.5196687146653,-7.81336747109901,"Old"
"FBLN1",39.5249803318087,34.6113632806597,-4.91361705114901,"Old"
"SFPQ",37.4609641610557,42.2894798865494,4.8285157254937,"Old"
"PPIB",23.1531958680815,32.3640156231044,9.21081975502281,"Old"
"S100A1",40.2279154449688,39.8988412258088,-0.329074219160056,"Old"
"HRC",11.8453235580134,19.5679779672222,7.72265440920877,"Old"
"ME2",28.8003572920416,27.3537142272265,-1.44664306481513,"Old"
"WARS1",18.0407633849761,15.5292878827648,-2.5114755022113,"Old"
"RPS3",20.4010644139842,15.6432286942202,-4.75783571976403,"Old"
"GCSH",27.2658041424685,23.5658255339393,-3.69997860852924,"Old"
"AHCY",18.3946724032554,13.0171863573265,-5.37748604592885,"Old"
"CFL1",15.3211370558421,16.3042906180938,0.983153562251687,"Old"
"EIF4B",19.605013473379,17.7947844622271,-1.81022901115192,"Old"
"ATP2B4",18.9089832176052,19.8243003593205,0.915317141715303,"Old"
"CPT2",22.2378536909328,23.0577875368778,0.819933845945027,"Old"
"LAMA2",65.7310079451213,37.5204061447923,-28.210601800329,"Old"
"GPT",23.7619399437877,27.6535164886394,3.89157654485168,"Old"
"COX7A1",28.9509151414453,22.0928986491431,-6.8580164923022,"Old"
"COX7B",41.6572317973842,31.2658528089172,-10.391378988467,"Old"
"EEF1B2",9.40583716292803,16.3249585519492,6.91912138902119,"Old"
"ATP5PB",22.2115707732659,19.0435545910562,-3.16801618220975,"Old"
"ACP1",20.8593988096423,20.571799908303,-0.287598901339308,"Old"
"ACAT1",22.863778500277,17.1388251827179,-5.72495331755905,"Old"
"MYL9",23.3843629636948,80.2554168108587,56.871053847164,"Old"
"AZGP1",17.5080967322367,24.5572735856326,7.04917685339586,"Old"
"MPST",18.2985654412893,26.54802832578,8.24946288449064,"Old"
"RPS12",23.9859625832673,15.2406857018788,-8.74527688138851,"Old"
"DNAJB2",22.7876536427411,16.5251435690848,-6.2625100736563,"Old"
"ATP5F1A",23.6038512348502,17.4873779495185,-6.11647328533173,"Old"
"PSMA1",17.702846291851,9.04973390155887,-8.65311239029211,"Old"
"PSMA2",17.0009582514431,17.6506639901387,0.649705738695594,"Old"
"PSMA3",19.2191053934549,9.34326922844448,-9.87583616501045,"Old"
"PSMA4",14.6677587274028,10.3079434779642,-4.35981524943863,"Old"
"MSN",10.5190837369063,29.7801411174903,19.261057380584,"Old"
"DDX6",24.8818960701559,17.371935016544,-7.50996105361198,"Old"
"U2AF2",24.5179192565572,20.7722394588235,-3.74567979773373,"Old"
"RPL13",34.1497385598413,38.1559505036136,4.00621194377232,"Old"
"IVD",24.6405008554658,28.1548496004876,3.51434874502185,"Old"
"S100A4",51.3123542683137,70.5329655321726,19.2206112638589,"Old"
"HMGB2",21.8733099480843,28.290934275513,6.4176243274287,"Old"
"TARS1",25.2658002698452,22.2582424720811,-3.00755779776407,"Old"
"VARS1",11.935127680546,16.9529903201788,5.0178626396328,"Old"
"EEF1G",12.4036568976055,13.7109752597166,1.30731836211108,"Old"
"PLN",27.9265328753481,29.0462224272073,1.11968955185917,"Old"
"FKBP2",28.2071697167116,39.7076143233749,11.5004446066634,"Old"
"STOM",23.1997052441877,55.1547088877555,31.9550036435678,"Old"
"MAOB",14.5101535086235,19.9160437850744,5.40589027645096,"Old"
"YWHAQ",13.5793046715663,16.5647765753851,2.98547190381878,"Old"
"MAPK3",19.7448431058138,19.9084154003506,0.163572294536749,"Old"
"RPL10",35.6188821760638,27.9261883277289,-7.69269384833493,"Old"
"RPA1",21.030767481696,22.3384540462946,1.30768656459859,"Old"
"APEX1",20.4889310436887,18.8390094497509,-1.64992159393774,"Old"
"CALR",10.6334524508601,11.4932195584489,0.859767107588874,"Old"
"MAP4",26.1996796685098,22.2678536919585,-3.93182597655133,"Old"
"CANX",13.3361940966774,12.9092764542205,-0.426917642456957,"Old"
"PSMA5",14.9286883385603,10.5124024046207,-4.41628593393962,"Old"
"PSMB4",19.8772079866666,14.951290538886,-4.92591744778056,"Old"
"PSMB6",17.6095013559907,12.2318444200369,-5.37765693595384,"Old"
"PSMB5",23.3539993121997,15.0072331015129,-8.34676621068682,"Old"
"GSTM2",35.8110335630077,33.3576849335753,-2.45334862943238,"Old"
"TMOD1",73.2448223990461,50.7645347696606,-22.4802876293855,"Old"
"NDUFS1",26.6321114358718,22.0532467735785,-4.57886466229323,"Old"
"MAPK1",19.6815487405503,14.8306253416485,-4.85092339890183,"Old"
"RBL1",17.8901254005472,25.6325482578055,7.74242285725832,"Old"
"LAP3",15.496603934105,16.5437558202141,1.04715188610911,"Old"
"CD38",31.3422688651977,41.353506026919,10.0112371617212,"Old"
"TPP2",14.7990898735253,15.5528698600194,0.7537799864941,"Old"
"IMPA1",13.9705983899926,14.6791337851719,0.7085353951793,"Old"
"EPHA2",36.4576914731665,92.7129546881266,56.2552632149601,"Old"
"COL4A5",59.9446162500888,68.7821313739295,8.83751512384065,"Old"
"TKT",49.6413646357032,25.0320928844824,-24.6092717512208,"Old"
"EEF1D",13.5906152740329,11.4038233449208,-2.18679192911201,"Old"
"MARCKS",25.9508800005395,35.9739356398097,10.0230556392702,"Old"
"GNA11",29.8296650298471,17.6884933931387,-12.1411716367083,"Old"
"ALDH4A1",18.9072609002398,11.8244942301175,-7.0827666701223,"Old"
"ERP29",24.5968475517131,14.5793127027692,-10.0175348489439,"Old"
"PRDX6",21.1914639257486,28.5135996725892,7.3221357468406,"Old"
"BLVRB",16.8726507581352,33.0441077984109,16.1714570402757,"Old"
"PRDX5",22.3769004485945,13.0221971514473,-9.3547032971472,"Old"
"DDT",48.4152922912897,47.363098366974,-1.0521939243157,"Old"
"PRDX3",18.1242446819309,9.67194147462811,-8.45230320730276,"Old"
"ATP5F1D",27.1439204092753,14.9804884743635,-12.1634319349118,"Old"
"RPL12",40.4659932329656,44.469764757074,4.00377152410847,"Old"
"ECHS1",18.3593317556683,15.6126264379964,-2.74670531767193,"Old"
"CMPK1",29.5495896384934,18.2894622110075,-11.2601274274859,"Old"
"PEBP1",20.0982933669207,17.8484696090008,-2.24982375791991,"Old"
"PDIA3",17.9631649694951,21.7796034641241,3.81643849462895,"Old"
"PPP2R1A",10.0921315441268,11.8373005219088,1.74516897778194,"Old"
"PPIF",31.9607461744931,27.4091345906146,-4.5516115838785,"Old"
"NMT1",23.8956481639545,15.1358378055115,-8.75981035844303,"Old"
"ADSS2",25.7000831965222,32.4263690919346,6.72628589541234,"Old"
"LRPAP1",30.5028483632463,35.1730383300745,4.67018996682823,"Old"
"TSPO",28.3002622965303,21.9651713945554,-6.33509090197497,"Old"
"ADSL",24.0226062167776,25.4316972787519,1.4090910619743,"Old"
"CLIP1",40.3349437744815,14.79388441756,-25.5410593569214,"Old"
"SRI",19.7609881141724,21.8072653680634,2.04627725389091,"Old"
"SERPINB1",38.4232337280159,36.2341306150789,-2.18910311293703,"Old"
"ALDH1B1",46.6362103688389,48.6818759061137,2.04566553727479,"Old"
"SDHA",18.9803221336188,17.4127078551267,-1.56761427849217,"Old"
"GDI1",13.9162657343843,14.0069051773051,0.0906394429208621,"Old"
"MAT2A",13.9423851830242,12.3125464455655,-1.62983873745871,"Old"
"CASQ1",27.1186639181224,25.7860319616665,-1.33263195645588,"Old"
"DNAJA1",14.8126450724613,20.8708616095059,6.05821653704461,"Old"
"AKT2",23.611107539251,23.9132423976272,0.302134858376192,"Old"
"UQCRC1",23.0202927801973,11.2490042784373,-11.77128850176,"Old"
"HIBADH",15.6640637905194,12.6738799043472,-2.99018388617218,"Old"
"ATIC",18.7680685292935,14.9091500912555,-3.858918438038,"Old"
"HNRNPH3",34.3625006783855,32.6950380177139,-1.66746266067162,"Old"
"HNRNPH1",19.9431488224242,16.9736899984989,-2.96945882392527,"Old"
"YWHAB",14.3366808583746,13.1650644883895,-1.17161636998508,"Old"
"STIP1",13.858939298306,11.0211363972479,-2.8378029010581,"Old"
"S100A11",21.4416072392056,32.8106684353041,11.3690611960986,"Old"
"PRDX2",13.0390161197965,24.3665956954161,11.3275795756196,"Old"
"GBP2",27.9578842814691,22.4035093779223,-5.55437490354685,"Old"
"ACSL1",26.9904588443786,17.2706808379247,-9.71977800645385,"Old"
"KIF5B",15.845046087193,15.1833975892146,-0.66164849797833,"Old"
"MCM5",42.8474575387472,82.6169387598976,39.7694812211504,"Old"
"SHMT1",42.2952641308892,40.031930882551,-2.26333324833814,"Old"
"SHMT2",36.9256564693848,27.1128188860702,-9.81283758331463,"Old"
"HSPA4",13.702227836044,12.13869640311,-1.56353143293395,"Old"
"MPI",21.21384036594,13.8251952549268,-7.38864511101318,"Old"
"GPC1",26.579173760302,29.0415990100279,2.46242524972591,"Old"
"PFN2",24.1781060015277,18.3305734920393,-5.84753250948835,"Old"
"CTNNA1",45.1024526646942,25.3957710960907,-19.7066815686035,"Old"
"SERPINB6",24.611081216778,15.8641689213579,-8.74691229542011,"Old"
"RDX",16.0427724843752,12.6715332501331,-3.37123923424215,"Old"
"RPA3",28.9159690562999,23.9341082498776,-4.98186080642229,"Old"
"RPL22",31.0929223398803,25.9959305174179,-5.09699182246245,"Old"
"SPR",31.5805630292091,27.8042366529523,-3.77632637625683,"Old"
"THBS4",54.9914457850091,43.9212549849419,-11.0701908000672,"Old"
"FBN1",37.1820582549231,44.951940568866,7.76988231394285,"Old"
"AGL",21.6086480838285,17.9856709287484,-3.62297715508016,"Old"
"MYH9",31.358258975122,28.1795815427488,-3.17867743237325,"Old"
"COPB2",22.4755651241132,20.4381918088032,-2.03737331531003,"Old"
"ACTN2",170.697480868826,104.034035889155,-66.6634449796704,"Old"
"ADD1",35.7688416290349,26.9908402171342,-8.77800141190065,"Old"
"BSG",16.5054174570677,13.6819155764696,-2.8235018805981,"Old"
"FUS",12.8359753425135,17.2781316752777,4.44215633276412,"Old"
"DEK",25.4052730647492,18.2687752487457,-7.13649781600346,"Old"
"MYH11",19.3787345297637,109.815546098488,90.4368115687244,"Old"
"GLRX",42.0302846381381,29.4931212605765,-12.5371633775615,"Old"
"PPM1A",13.7852170848843,14.3789812886389,0.593764203754573,"Old"
"KRT2",49.6165942466456,88.3220587611519,38.7054645145063,"Old"
"HMGCL",24.5723600019923,17.7402797813719,-6.83208022062047,"Old"
"PSMC2",9.4821233038368,8.71674940152186,-0.76537390231494,"Old"
"ARL3",23.9288485612875,22.9009037602839,-1.02794480100355,"Old"
"MAP2K2",22.4557593709282,16.6229378140979,-5.8328215568303,"Old"
"ATP5F1C",25.6521754203079,21.3104608390472,-4.34171458126071,"Old"
"ATP6V1E1",17.191848771967,25.8928025075571,8.70095373559016,"Old"
"RPL4",34.5199821368069,47.2929369241156,12.7729547873088,"Old"
"LONP1",17.2151784002338,16.4114319744324,-0.803746425801403,"Old"
"PGM1",21.6312880312434,22.3835381471068,0.752250115863383,"Old"
"PPP1CC",20.2828062043987,32.1443538937253,11.8615476893266,"Old"
"SERPINF1",33.2494650585259,29.9878687507686,-3.26159630775727,"Old"
"DLST",16.4062988573025,19.3257392623732,2.91944040507073,"Old"
"GMPR",25.6789766369612,36.0333895450608,10.3544129080996,"Old"
"GPX4",18.5720934280481,16.1008456657867,-2.47124776226143,"Old"
"SRP14",15.7211145620616,25.7972381233019,10.0761235612403,"Old"
"TAGLN2",21.2601834808232,20.736934324861,-0.523249155962212,"Old"
"TALDO1",15.849905092663,14.5939528528872,-1.25595223977579,"Old"
"SNCA",71.8589682530891,115.631152646773,43.772184393684,"Old"
"ETFB",28.9466612765154,21.9558574270551,-6.99080384946028,"Old"
"ATP6V1A",14.8997423860523,18.0861887343695,3.18644634831724,"Old"
"HSPA9",20.2241425484126,12.8956662027026,-7.32847634571004,"Old"
"RPS19",23.1514676881045,11.7248948335439,-11.4265728545606,"Old"
"RPL3",29.7070883254037,50.640605241975,20.9335169165713,"Old"
"COL15A1",55.7469162542205,41.3196326549328,-14.4272835992876,"Old"
"COL18A1",42.5910844897382,64.1296598083223,21.5385753185841,"Old"
"DDOST",17.5201855799879,20.1776276175147,2.65744203752682,"Old"
"ANP32A",14.391218494158,19.08029405861,4.689075564452,"Old"
"CAPG",41.6274799171404,32.7541132926102,-8.87336662453015,"Old"
"CAP2",24.2896334665948,13.7778855190951,-10.5117479474997,"Old"
"CCT6A",9.71295634570204,16.073858814936,6.360902469234,"Old"
"RPL13A",33.5927877335806,38.3157177527799,4.72293001919927,"Old"
"ARL1",40.1586843310038,38.7638297382148,-1.39485459278901,"Old"
"STAT3",34.1900585530748,18.646926846713,-15.5431317063617,"Old"
"MDH1",13.6886700701277,13.8552771829702,0.166607112842454,"Old"
"MDH2",25.3822456345303,16.0421136160006,-9.34013201852975,"Old"
"HADHA",20.8702383261935,11.0187435041274,-9.85149482206612,"Old"
"EIF2S3",27.5412745861527,20.3351398288108,-7.20613475734192,"Old"
"NAA10",22.8111530325699,19.91700831499,-2.89414471757993,"Old"
"PPP1R2",33.4713780480164,24.3897253534407,-9.08165269457571,"Old"
"GARS1",22.4738679105627,20.8380349127248,-1.63583299783784,"Old"
"IARS1",27.3535727874148,24.9830129205908,-2.37055986682395,"Old"
"EIF1",14.6772032308277,15.2888878411833,0.611684610355658,"Old"
"ECI1",16.0121460832141,12.6960380522889,-3.31610803092526,"Old"
"TMPO",20.6473730691298,43.4768296931616,22.8294566240318,"Old"
"AKR1C3",36.6000256556266,39.6839316895737,3.08390603394719,"Old"
"RPS27",22.8081615474873,16.3768631595657,-6.43129838792158,"Old"
"LRPPRC",28.5788671373576,18.9234476853953,-9.65541945196231,"Old"
"ACAA2",27.434594316658,22.6393241920799,-4.79527012457809,"Old"
"RPL35",41.2848141951494,40.397859982657,-0.886954212492363,"Old"
"SLC1A4",32.1493776435327,32.3264336657973,0.177056022264594,"Old"
"PAFAH1B1",19.5408530615656,22.3093724159895,2.76851935442385,"Old"
"CRAT",26.4401357314875,15.4647966333783,-10.9753390981091,"Old"
"GPD2",25.8732024746875,35.775583080374,9.90238060568649,"Old"
"NAMPT",32.3229068085565,45.2510700767046,12.928163268148,"Old"
"PSMC4",11.6404848761723,12.4856668546924,0.845181978520049,"Old"
"TSFM",30.1085411732091,21.7756500389422,-8.33289113426689,"Old"
"TNNT3",91.19099701205,64.4206546443991,-26.7703423676509,"Old"
"ASPA",30.3829664399628,29.8508521698283,-0.532114270134414,"Old"
"PPIC",31.6360211380788,39.5660348437621,7.93001370568332,"Old"
"VDAC2",19.3682738468623,13.6655646282953,-5.70270921856704,"Old"
"ACADSB",29.5197886918819,32.4123146772772,2.89252598539531,"Old"
"USP5",19.1955694566873,13.5438955634061,-5.65167389328124,"Old"
"MAP2K4",11.8587212970314,14.1732030887893,2.31448179175793,"Old"
"PHKA2",30.9949539476729,27.3206032128274,-3.67435073484553,"Old"
"PHKA1",22.4757627583848,16.6997405835182,-5.77602217486658,"Old"
"CRKL",12.0873419320762,14.3252973493094,2.23795541723321,"Old"
"MTIF2",11.5605213891806,16.9824344235789,5.42191303439833,"Old"
"BAG6",19.3612093362962,25.4839647937642,6.12275545746802,"Old"
"NSF",37.6830306707087,45.7384900763751,8.05545940566635,"Old"
"MAP2K3",19.0859504068174,11.2143380047314,-7.87161240208608,"Old"
"RPL27A",34.098359447374,41.9440259284921,7.84566648111813,"Old"
"RPL5",33.798266525922,43.0686953784152,9.27042885249313,"Old"
"RPL28",30.2948321170393,29.5114836541713,-0.783348462867945,"Old"
"RPS9",26.2855319812952,19.135702911017,-7.14982907027817,"Old"
"RPS5",25.4521886070511,16.8468052207755,-8.60538338627558,"Old"
"RPS10",28.578259786661,17.3754216869078,-11.2028380997532,"Old"
"GNPDA1",19.5382865949791,21.5946769440755,2.05639034909635,"Old"
"UTRN",22.9915912282865,26.8439240081447,3.85233277985813,"Old"
"IQGAP1",25.2387740639019,20.2941195335482,-4.94465453035362,"Old"
"GYG1",19.6887304974917,13.161511327473,-6.52721917001875,"Old"
"STT3A",20.3386472231953,22.1280006962065,1.78935347301116,"Old"
"CAPZA2",29.6302874450629,26.7089947380319,-2.92129270703098,"Old"
"CAPZB",43.5811348325585,28.7342335603629,-14.8469012721956,"Old"
"EIF1AX",27.8782496192411,14.3758907071609,-13.5023589120802,"Old"
"QARS1",14.0420156670776,11.5115676769311,-2.53044799014652,"Old"
"RPL29",35.4222832480964,43.3240361890211,7.90175294092466,"Old"
"UQCRFS1",22.974367690321,13.1272616172283,-9.8471060730927,"Old"
"ATP5PO",23.7844427482155,20.473190730265,-3.31125201795053,"Old"
"LIMS1",14.3306143271651,15.2273187418376,0.896704414672536,"Old"
"PREP",25.1904363720093,17.8037271299136,-7.38670924209571,"Old"
"ME1",23.2449016842255,19.2455742140541,-3.99932747017139,"Old"
"PIP4K2A",19.2503086814385,21.7421176328238,2.49180895138537,"Old"
"ARCN1",12.6157623115068,20.4837518275203,7.86798951601354,"Old"
"LSS",27.8644356807689,16.821336047795,-11.043099632974,"Old"
"GCLM",30.7019497616327,40.8728583724558,10.1709086108231,"Old"
"CD151",39.6748333787331,34.0753147714878,-5.59951860724531,"Old"
"PSMD8",19.0458402734513,15.9891127667883,-3.05672750666302,"Old"
"GSS",19.1103397261615,15.3416593100467,-3.76868041611473,"Old"
"CCT5",12.8339650272119,10.9952918717174,-1.83867315549443,"Old"
"NES",25.6996293836772,85.2025420457992,59.502912662122,"Old"
"IDH2",20.3609865367432,12.4450173119079,-7.91596922483532,"Old"
"TNNI2",92.5286898475049,61.945827579748,-30.5828622677569,"Old"
"PXN",21.0715415869625,17.5597540107492,-3.5117875762133,"Old"
"ALDH9A1",23.6140370602824,21.2446029301104,-2.36943413017197,"Old"
"RPL34",61.1903711278001,49.167179039019,-12.0231920887811,"Old"
"LMAN1",17.650062802341,19.378628277384,1.72856547504307,"Old"
"FNTA",23.4240900870431,16.2767571842581,-7.14733290278504,"Old"
"CCT3",8.75497171746268,9.92887906757488,1.1739073501122,"Old"
"MRPL19",31.4937371906865,33.2225265928773,1.72878940219078,"Old"
"TUFM",24.4475227901853,15.3149565459629,-9.1325662442224,"Old"
"ALDH7A1",46.122402149365,29.9539605389728,-16.1684416103922,"Old"
"CDC34",30.9241403093051,77.4536291810225,46.5294888717174,"Old"
"PCYT1A",19.3869289933917,16.3007745168419,-3.0861544765498,"Old"
"AARS1",12.2119610275393,12.6001046957811,0.388143668241764,"Old"
"CARS1",17.2531794578234,23.0055502121068,5.75237075428342,"Old"
"SARS1",39.8017476625178,22.2528846804456,-17.5488629820722,"Old"
"PSMB3",16.8388905081335,12.8795095204937,-3.95938098763981,"Old"
"PSMB2",13.3891994940408,13.5629844481932,0.173784954152369,"Old"
"ACADVL",22.3259391764843,20.2811909876395,-2.0447481888448,"Old"
"ACOT2",26.6390481645609,20.3492449713062,-6.28980319325467,"Old"
"TMED10",15.1837972193804,27.2577995923456,12.0740023729652,"Old"
"HINT1",21.2978239207675,36.8539924485013,15.5561685277338,"Old"
"NDUFV1",28.2335999479645,23.1455339589913,-5.08806598897315,"Old"
"GSK3A",17.1391309601087,27.5178395104623,10.3787085503536,"Old"
"GSK3B",17.9903292606307,12.9191218542445,-5.07120740638622,"Old"
"IDH3A",24.4340059026308,16.4664881238568,-7.96751777877395,"Old"
"SULT1A1",19.3294968975231,34.02274908141,14.6932521838868,"Old"
"GDI2",14.3051802894959,11.661414765658,-2.64376552383793,"Old"
"EMD",18.9469124170593,22.4956584550315,3.54874603797224,"Old"
"CPT1A",38.5347883917756,53.8953640568566,15.3605756650809,"Old"
"SERPINH1",2.27984072266062,69.7185583954355,67.4387176727749,"Old"
"CSRP3",47.6137810769727,47.4134358539316,-0.20034522304104,"Old"
"ST13",15.1238047531109,12.7862689393636,-2.33753581374732,"Old"
"DNM2",11.4545439975685,12.1891620233834,0.7346180258149,"Old"
"METAP2",12.4769801557749,10.5294434051398,-1.94753675063508,"Old"
"NUDT2",60.531265724897,42.5136983245297,-18.0175674003673,"Old"
"LRBA",140.645304129015,98.4392430906548,-42.2060610383604,"Old"
"BCAM",29.8419629398707,31.8801872669093,2.03822432703865,"Old"
"RPL14",33.0647883572146,40.1683631503691,7.10357479315454,"Old"
"CCT8",7.84618005187472,9.23444008693019,1.38826003505547,"Old"
"CCT4",11.464371459924,12.4626337499274,0.998262290003334,"Old"
"ATP1A2",11.0793623974882,16.961379512907,5.88201711541887,"Old"
"ANXA11",9.47187431983466,12.9485429589493,3.47666863911461,"Old"
"FXR1",31.6116306222992,29.5228545977759,-2.08877602452323,"Old"
"RAB5C",18.0341501245743,16.2056479937722,-1.82850213080214,"Old"
"RAB7A",13.6088000510561,10.8189424603967,-2.78985759065948,"Old"
"DUSP3",16.9271339197532,12.8447442768229,-4.08238964293025,"Old"
"IDH3G",32.0305186600992,22.9851130375617,-9.04540562253754,"Old"
"GALK1",27.0925277445114,35.6436657256982,8.55113798118678,"Old"
"SSR4",34.4163733549934,36.6902647877048,2.27389143271138,"Old"
"BCAP31",12.5643920269584,9.1882585253442,-3.3761335016142,"Old"
"MECP2",30.6942414949166,30.8557426404074,0.161501145490803,"Old"
"CAV2",33.6123509660854,43.8672019069358,10.2548509408504,"Old"
"ALDH3A2",12.9554922658086,17.527031679452,4.57153941364337,"Old"
"ALDH5A1",28.7465967591924,23.6095723051993,-5.13702445399309,"Old"
"HSD17B4",29.0986902792217,26.2375374916026,-2.86115278761917,"Old"
"PSMD7",13.70360688039,14.4758841553704,0.772277274980469,"Old"
"UBE2D1",19.9149544608623,20.3179567271882,0.403002266325856,"Old"
"SUOX",23.9320225446078,29.4858472203941,5.55382467578634,"Old"
"STAT5B",19.23073212293,13.9496765357561,-5.2810555871739,"Old"
"RPS6KA3",20.1844327469072,20.8331387612196,0.648706014312452,"Old"
"HDGF",15.8847100724885,14.0036826519843,-1.88102742050419,"Old"
"LUM",32.384157604681,41.4726523995202,9.08849479483928,"Old"
"PRELP",60.3745058651385,61.2182268350515,0.843720969913001,"Old"
"NDUFA8",29.6286945185683,25.2259308788549,-4.40276363971347,"Old"
"HNRNPA3",31.8586128227629,35.202499395257,3.34388657249412,"Old"
"MYOM1",40.1471112004058,25.4882961163381,-14.6588150840677,"Old"
"PGD",15.3003998954058,18.1613834066285,2.86098351122268,"Old"
"HNRNPM",20.2020810190886,28.5423922568473,8.3403112377587,"Old"
"KPNA1",14.4186466233312,20.2814436055169,5.86279698218577,"Old"
"MAP2K6",18.8593475996261,14.885058937295,-3.97428866233109,"Old"
"ARHGDIA",16.7890351824628,19.0088928496166,2.21985766715373,"Old"
"ARHGDIB",26.7637674927144,34.2508900367917,7.4871225440773,"Old"
"RIDA",13.6808434962542,12.9262077368679,-0.754635759386263,"Old"
"MRPL12",41.0081099382745,40.0134558730102,-0.994654065264378,"Old"
"THOP1",11.2442729359686,13.5461616724146,2.30188873644599,"Old"
"AKR1C2",30.2035592768041,38.6876248198751,8.48406554307098,"Old"
"CAPZA1",44.027679590535,29.691061013308,-14.336618577227,"Old"
"CRIP2",36.1405975495086,42.3020047124934,6.16140716298477,"Old"
"BLVRA",17.8661338359647,16.7296001994294,-1.13653363653533,"Old"
"PPP5C",11.1736843261147,12.5579714304242,1.38428710430959,"Old"
"NUBP1",22.5416318450436,23.9364377736461,1.39480592860253,"Old"
"SUCLG1",21.3057095425033,17.7318035039155,-3.57390603858779,"Old"
"COPA",14.6668586047893,17.7925019676185,3.12564336282918,"Old"
"HCCS",17.8414193156246,18.2058633277879,0.364444012163247,"Old"
"MAPK12",24.0618775887922,20.8868066901526,-3.17507089863953,"Old"
"TTC3",31.7377601001152,25.5536950866891,-6.18406501342603,"Old"
"SMTN",23.591696051574,21.5226768916402,-2.06901915993382,"Old"
"SLC16A1",34.2537749548757,28.6367597653081,-5.61701518956757,"Old"
"IST1",10.2769278636474,16.6366398308619,6.35971196721448,"Old"
"SEC24C",12.5199315225008,16.7272673948726,4.20733587237181,"Old"
"SUB1",14.233289090418,16.9813020829105,2.74801299249252,"Old"
"RARS1",17.5911287249823,15.5373023749896,-2.05382634999274,"Old"
"CACNB3",22.6158801401419,13.561771847263,-9.05410829287889,"Old"
"CACNA2D1",20.0551028552496,17.2191543937068,-2.83594846154276,"Old"
"MYOM2",38.3437152050689,20.0315049096578,-18.312210295411,"Old"
"YARS1",32.2834538078446,24.2449516815451,-8.03850212629949,"Old"
"USP14",11.7508507637813,7.44740294332798,-4.30344782045331,"Old"
"PRKAG1",14.7958657899147,14.8676321754906,0.0717663855759181,"Old"
"PRKAA2",13.3721754097708,11.09530022591,-2.27687518386081,"Old"
"HSPA2",28.2609908702701,38.6272902643176,10.3662993940475,"Old"
"RAD23A",21.4618060225994,17.6683147152474,-3.79349130735208,"Old"
"RAD23B",18.202599860618,14.3455233550426,-3.8570765055754,"Old"
"AK2",23.9205157598483,11.5347459132508,-12.3857698465975,"Old"
"NAPA",6.58280958591346,10.4108788692794,3.82806928336591,"Old"
"EIF5",18.0300414478493,14.6017262106323,-3.42831523721704,"Old"
"PSMD4",12.5410208880642,11.7047174512155,-0.836303436848722,"Old"
"DRG2",34.4112088531831,38.562658179699,4.15144932651588,"Old"
"RRAD",36.322110993729,38.7125664295922,2.39045543586327,"Old"
"CSE1L",19.1147165361067,10.222821573191,-8.89189496291574,"Old"
"VCP",11.5097874740632,9.93779926853226,-1.57198820553093,"Old"
"HADHB",21.8425175125841,13.0063679576745,-8.83614955490967,"Old"
"NAP1L1",17.0523488457686,22.1545642712039,5.10221542543537,"Old"
"ADK",32.4610731467133,21.1293524328855,-11.3317207138278,"Old"
"LAMB2",91.5753396820518,54.5499100045817,-37.0254296774701,"Old"
"CDH13",18.7128233380236,28.3885261286427,9.67570279061906,"Old"
"TPD52",53.4286998463089,26.4585711698686,-26.9701286764403,"Old"
"SEC13",22.9495245339024,18.9713306072496,-3.9781939266528,"Old"
"SNU13",22.8763112471463,28.3065202176676,5.43020897052133,"Old"
"NPEPPS",22.3879363219716,19.9259302046774,-2.46200611729422,"Old"
"HNRNPH2",33.6949954597262,18.7556217132776,-14.9393737464486,"Old"
"OXCT1",40.5611703135037,40.8904336206769,0.329263307173164,"Old"
"SH3BGR",28.2324215025522,15.5749677722962,-12.657453730256,"Old"
"EIF3B",23.6575516705283,12.9731215536153,-10.684430116913,"Old"
"ATP5MF",27.1880118623517,19.1203303465575,-8.06768151579423,"Old"
"NDUFV3",44.9793842782992,43.6043153096424,-1.3750689686569,"Old"
"MARS1",30.8976095679261,19.3334876454106,-11.5641219225155,"Old"
"ARPP19",34.27982797446,23.3872426034092,-10.8925853710509,"Old"
"ATP5F1E",21.3563969567974,34.4579760055848,13.1015790487874,"Old"
"ATP5ME",25.8584567076389,22.9121703702528,-2.94628633738611,"Old"
"EIF6",16.3486428006447,14.2832922486336,-2.06535055201109,"Old"
"NDUFA6",38.3788323984226,23.4794335072388,-14.8993988911838,"Old"
"SYNJ2BP",19.3978039085295,10.6874713683901,-8.71033254013943,"Old"
"EEFSEC",24.9078657196894,24.2835767175033,-0.624289002186195,"Old"
"MTPN",26.573999832139,17.4419553827465,-9.13204444939247,"Old"
"DEFA3",34.2276888331865,59.7531001148856,25.5254112816991,"Old"
"ARPC4",23.9511547422546,24.2030896823168,0.251934940062181,"Old"
"CD81",25.6211366016839,29.9092091268841,4.28807252520022,"Old"
"TPI1",15.3462349687154,20.8752751856169,5.52904021690157,"Old"
"EIF3E",24.1165283796448,15.598184889412,-8.5183434902328,"Old"
"SEC61B",12.7194061688839,37.0550331257953,24.3356269569113,"Old"
"GABARAPL2",31.3214762998379,23.3678173178486,-7.95365898198929,"Old"
"ROMO1",37.6951969730799,29.3740669006801,-8.3211300723998,"Old"
"MYL6",57.6351834595034,79.403213392626,21.7680299331226,"Old"
"ACTB",70.7226475371739,44.9043187714691,-25.8183287657047,"Old"
"EIF4A1",10.9323272201272,12.1937552066481,1.26142798652093,"Old"
"RPS20",22.4211761103516,13.9927690493421,-8.42840706100954,"Old"
"PRPS1",31.4123080870761,29.8097122036872,-1.60259588338884,"Old"
"PSMA6",15.9015515841736,9.79464825152395,-6.1069033326497,"Old"
"S100A10",19.7482757247721,18.3035725458952,-1.44470317887687,"Old"
"CDC42",8.9795431886672,7.3719074775366,-1.60763571113061,"Old"
"DSTN",17.1137321558902,22.5869996749685,5.47326751907829,"Old"
"RAB2A",16.463647473247,17.0354902205691,0.571842747322069,"Old"
"RAB5B",18.2696556228961,19.9999961328902,1.73034050999404,"Old"
"RAB10",17.802148395979,9.39724499036616,-8.4049034056128,"Old"
"UBE2D3",20.0659382069305,21.5547202513179,1.48878204438736,"Old"
"UBE2M",16.6030008598798,15.5172354071378,-1.08576545274193,"Old"
"UBE2K",14.0922642484971,15.5069694472988,1.41470519880171,"Old"
"UBE2N",21.7648798451213,17.8179587040438,-3.94692114107749,"Old"
"RAB14",17.1311424748742,18.7832970275642,1.65215455268996,"Old"
"ACTR3",13.0693312573914,11.7749507710333,-1.29438048635805,"Old"
"ACTR2",13.0294736794451,13.8589302165026,0.82945653705751,"Old"
"ACTR1A",14.8853668711198,10.9182332354033,-3.96713363571643,"Old"
"COPS2",18.3872473925088,11.8688588673581,-6.51838852515075,"Old"
"ABCE1",20.3457346517282,15.3323459898134,-5.01338866191485,"Old"
"RAP1B",10.9856008918487,18.1515561792853,7.16595528743654,"Old"
"RPS3A",25.6304738559847,21.0792991230641,-4.55117473292062,"Old"
"RPL26",31.853355229124,39.4415129825601,7.58815775343612,"Old"
"RPL15",26.733058963288,34.8179040209956,8.08484505770758,"Old"
"RPL27",10.7977190030823,26.8801633486748,16.0824443455925,"Old"
"PCBD1",12.853796748255,14.1326267943791,1.27883004612407,"Old"
"RPL37A",38.2962982893936,31.0883790435666,-7.20791924582696,"Old"
"RHOA",12.5069622680329,14.0895232070645,1.58256093903157,"Old"
"HSPE1",22.1476114093433,13.6991033841555,-8.44850802518781,"Old"
"SEC61A1",33.3403218874874,21.7514891570406,-11.5888327304468,"Old"
"VBP1",17.8749821297874,10.0444615493968,-7.83052058039056,"Old"
"B2M",16.257011064459,17.3160045020139,1.05899343755489,"Old"
"DAD1",30.9038274907199,34.2276359891319,3.32380849841203,"Old"
"NPC2",36.5193004768983,36.5315125768038,0.0122120999055255,"Old"
"PKIA",26.7955857107523,23.2142264799021,-3.58135923085021,"Old"
"SUMO2",30.2260023663527,25.8092435338277,-4.41675883252498,"Old"
"UFM1",14.3707491397394,18.6212855302332,4.25053639049376,"Old"
"NUTF2",18.1853878889589,22.9284239785883,4.74303608962935,"Old"
"HNRNPK",11.9563640095374,15.7399587898288,3.78359478029139,"Old"
"YWHAG",13.4752781284664,10.397190307067,-3.07808782139935,"Old"
"RRAS2",20.8788262645279,23.5838295564534,2.70500329192545,"Old"
"TIMM10",26.6567272963444,29.2840337640262,2.62730646768174,"Old"
"RPS7",27.5093700291292,24.4232048148537,-3.08616521427554,"Old"
"PPP1CA",11.605554018386,10.0174094652508,-1.58814455313515,"Old"
"PPP1CB",13.2545078782326,7.81371034782842,-5.44079753040415,"Old"
"PSMC1",12.1385369154446,10.1569660102795,-1.98157090516508,"Old"
"PSMC5",15.3059589616556,9.10434161898418,-6.20161734267141,"Old"
"RPS8",18.6877953067877,22.5426066712541,3.85481136446642,"Old"
"RPS15A",17.3753449708173,14.4302159043316,-2.94512906648569,"Old"
"RPS16",24.8293875497483,12.8462014032454,-11.983186146503,"Old"
"UBE2G1",25.0598236802289,25.779231329512,0.719407649283081,"Old"
"YWHAE",14.3877132493443,9.18648319632075,-5.20123005302353,"Old"
"RPS14",18.3010968973989,12.2817216437019,-6.01937525369706,"Old"
"RPS23",68.55258140919,16.7470687974283,-51.8055126117618,"Old"
"RPS18",26.369832954303,14.4107738808802,-11.9590590734228,"Old"
"RPS13",24.8501301739065,13.7186543454161,-11.1314758284904,"Old"
"RPS11",19.5221136582966,18.056535552031,-1.46557810626558,"Old"
"SNRPD2",26.4172247555641,17.2295686337633,-9.18765612180085,"Old"
"SNRPD3",16.550735600313,19.9086005370441,3.35786493673111,"Old"
"TMSB4X",45.8547632184614,56.5154515235927,10.6606883051313,"Old"
"PSMC6",10.670447490982,10.0548881704149,-0.615559320567098,"Old"
"RPL7A",19.4788380427422,37.7946203034487,18.3157822607065,"Old"
"ETF1",35.8994172000688,24.0607313675618,-11.8386858325071,"Old"
"CNBP",27.3472425522963,24.0106452029851,-3.33659734931118,"Old"
"RPS4X",23.8818995045202,10.4740186502227,-13.4078808542975,"Old"
"RPL23A",33.2648353572179,31.5047096754039,-1.76012568181397,"Old"
"RPS6",25.2471090066651,13.5490403610747,-11.6980686455904,"Old"
"H2BC4",77.1199748550304,68.8268899579802,-8.29308489705019,"Old"
"RAB1A",10.4626648262079,12.7073903264084,2.24472550020046,"Old"
"RAN",18.8174152904648,11.353744682193,-7.46367060827171,"Old"
"RPL23",25.9482911758534,20.237774344626,-5.71051683122737,"Old"
"RAP1A",34.7868588100648,26.4731684798568,-8.31369033020803,"Old"
"RPS15",29.185974271956,17.3951967422336,-11.7907775297224,"Old"
"RPS24",22.415217405802,21.6515813878892,-0.763636017912738,"Old"
"RPS25",23.744085139895,14.8007287528969,-8.94335638699806,"Old"
"RPS26",31.1515888635182,16.2722987626324,-14.8792901008857,"Old"
"RPS28",25.042997965657,22.3154886589986,-2.72750930665841,"Old"
"GNB1",10.8039276951043,13.4681507034434,2.66422300833906,"Old"
"GNB2",17.0360711830949,10.1786237863177,-6.85744739677725,"Old"
"RPL30",28.3918933767078,32.74004876298,4.34815538627211,"Old"
"RPL31",25.8605133568846,27.9209092048146,2.06039584793001,"Old"
"RPL10A",30.1713046214922,48.107116590498,17.9358119690059,"Old"
"RPL32",68.6761238514482,42.2318582273984,-26.4442656240497,"Old"
"RPL11",36.7767738201096,39.0017160880898,2.22494226798017,"Old"
"RPL8",35.67662344286,40.4000855484226,4.72346210556253,"Old"
"PPIA",22.1946086401407,28.8434000420582,6.64879140191752,"Old"
"FKBP1A",12.4481008908425,11.503036749394,-0.945064141448537,"Old"
"RPS27A",50.4464198560322,47.1776688622442,-3.26875099378799,"Old"
"GRB2",20.0894695568457,21.199340863883,1.10987130703737,"Old"
"RAC1",12.4779130733065,9.37364508250477,-3.10426799080178,"Old"
"AP2B1",19.6038913336757,20.4194322698031,0.815540936127334,"Old"
"VAMP2",58.2938932287839,21.5480158261893,-36.7458774025946,"Old"
"PPP3R1",30.6041725305503,26.0125780250937,-4.59159450545666,"Old"
"YWHAZ",13.2068671704948,14.5730760966137,1.36620892611884,"Old"
"UBE2B",28.6920281048513,19.8006573577112,-8.8913707471401,"Old"
"PPP2R2A",12.9280319130635,15.0505541130172,2.12252219995371,"Old"
"DYNLL1",36.6214599049272,16.7051693356834,-19.9162905692438,"Old"
"DYNLT1",18.5408078219308,22.3511060395094,3.81029821757861,"Old"
"RPL38",17.065255499097,12.2423700158461,-4.82288548325087,"Old"
"SKP1",15.681527987858,13.5646539037057,-2.11687408415236,"Old"
"RPS21",26.0027251477127,17.5152948833296,-8.48743026438303,"Old"
"EIF5A",12.737963660599,18.0939432689933,5.35597960839431,"Old"
"RACK1",25.2216644559193,14.969701598275,-10.2519628576443,"Old"
"UBE2I",34.1080795776493,27.6940545714411,-6.41402500620816,"Old"
"SELENOW",72.9859989754944,40.4673910259068,-32.5186079495875,"Old"
"TNNC1",85.9756360084484,51.2224850851473,-34.7531509233011,"Old"
"PPP2CA",11.3668989685832,9.45128421984577,-1.91561474873744,"Old"
"YBX1",20.2517182835267,18.7616407772784,-1.49007750624835,"Old"
"CSNK2B",15.9250483676311,17.9605124959837,2.03546412835263,"Old"
"TPM4",40.0426072436173,26.9560970796242,-13.0865101639931,"Old"
"UBE2L3",17.8371305277003,13.8526446847698,-3.98448584293054,"Old"
"EEF1A1",36.1457501930928,22.6818023580455,-13.4639478350473,"Old"
"ACTA1",70.5152052861197,48.6130861619,-21.9021191242197,"Old"
"TUBA1B",14.5596221906895,19.4988654934015,4.93924330271194,"Old"
"TUBA4A",20.5502556457421,18.2632867728484,-2.28696887289367,"Old"
"TUBB4B",22.8799932389984,16.1390146351066,-6.74097860389188,"Old"
"CSNK2A1",27.1106444542156,26.2372747623151,-0.873369691900429,"Old"
"PAFAH1B2",34.6509713340603,26.3452170757619,-8.30575425829839,"Old"
"HBB",33.3702817333718,75.6343134163001,42.2640316829283,"Old"
"HBA1",33.1323787912675,81.7763463982375,48.64396760697,"Old"
"EIF4G2",18.352717747254,20.0793386753851,1.72662092813105,"Old"
"PIP4K2B",17.9337216953427,12.0631960405326,-5.87052565481006,"Old"
"CCT2",8.34997242606353,15.2343100550602,6.8843376289967,"Old"
"GSTO1",16.5544039178393,24.3864072971412,7.83200337930186,"Old"
"PRKDC",13.1342002096845,16.5109881669432,3.37678795725869,"Old"
"DCD",51.5279150799698,37.53548056244,-13.9924345175298,"Old"
"MRPS25",25.5264643072022,24.8099627272681,-0.716501579934025,"Old"
"MRPS5",33.748206035009,31.1179211520157,-2.63028488299333,"Old"
"MRPS36",56.9268220374207,38.8227084188893,-18.1041136185314,"Old"
"MRPS15",46.1154123974445,39.7560577599338,-6.35935463751066,"Old"
"MRPS21",51.143608129219,33.1707230276478,-17.9728851015712,"Old"
"SARNP",34.9045299689036,18.5685594577575,-16.3359705111461,"Old"
"LACTB",17.5481677800135,16.8958934672036,-0.652274312809944,"Old"
"RPL24",26.4009488057941,21.9654587490994,-4.43549005669474,"Old"
"ARF1",16.4456404021465,15.332160278525,-1.11348012362154,"Old"
"ARF5",14.1267188516732,16.1792862395233,2.05256738785007,"Old"
"ERH",32.9728767492939,23.4503210033525,-9.52255574594136,"Old"
"RHOG",29.5722388963199,30.4591347584794,0.886895862159498,"Old"
"RPL19",35.4333622610025,31.7349569147735,-3.69840534622896,"Old"
"SRSF3",29.424370415473,17.353591571886,-12.070778843587,"Old"
"MXRA7",53.8692741268753,38.1913632425573,-15.677910884318,"Old"
"H3-3A",72.1187140482882,70.4683126481883,-1.6504014000999,"Old"
"FBLN2",36.6552796287595,32.4742821464914,-4.18099748226812,"Old"
"HSPG2",41.638628477264,33.5839429199805,-8.05468555728349,"Old"
"RBM3",33.3924047415091,41.0730182579022,7.68061351639316,"Old"
"CYCS",36.8765559819169,32.6984861563073,-4.1780698256096,"Old"
"MPP1",34.8194948023033,31.6680733113482,-3.15142149095516,"Old"
"TFAM",28.2943319642596,27.5313668396691,-0.762965124590476,"Old"
"PITPNA",20.0716913945606,20.254108669022,0.182417274461358,"Old"
"SLC25A3",27.7100060566422,20.2891876761153,-7.42081838052694,"Old"
"HDLBP",16.3054168161327,23.0265728439707,6.72115602783798,"Old"
"PURA",32.5427741499719,20.2972132917153,-12.2455608582566,"Old"
"CLTC",20.8207943067445,15.657855884206,-5.16293842253847,"Old"
"FKBP3",14.1223454157102,18.7539261533253,4.63158073761519,"Old"
"REEP5",26.0804028348433,18.5583237991281,-7.52207903571519,"Old"
"SORD",33.8303471708735,32.8071402533434,-1.0232069175301,"Old"
"HNRNPU",33.7345082703523,18.5834681213335,-15.1510401490189,"Old"
"MYBPC1",82.211855518488,50.2192612803657,-31.9925942381223,"Old"
"PLIN5",51.5476339557118,45.4831304350932,-6.06450352061867,"Old"
"SPTBN1",20.9657067216371,21.1252580150347,0.159551293397623,"Old"
"TIAL1",22.0943794917967,18.1991072860777,-3.89527220571905,"Old"
"SET",27.9597019497938,17.6121122901267,-10.3475896596671,"Old"
"AMPD3",51.3492245587791,47.8400071633994,-3.5092173953797,"Old"
"FABP5",25.1719306773088,20.585761960993,-4.58616871631581,"Old"
"ANK2",24.2031914745233,17.3246352793049,-6.87855619521838,"Old"
"CAP1",28.4931204435086,23.103062104207,-5.39005833930155,"Old"
"EWSR1",14.7616886104756,16.1991787650982,1.4374901546226,"Old"
"TAGLN",42.4113887711172,106.028642215266,63.6172534441485,"Old"
"OGDH",18.1714424920117,17.2936848563804,-0.877757635631344,"Old"
"COX6A2",43.3051241653564,37.1527436339603,-6.15238053139612,"Old"
"ALDH6A1",27.303704228552,37.6943965979787,10.3906923694267,"Old"
"BDH1",41.8686105868024,46.6915458059219,4.82293521911949,"Old"
"COL7A1",30.5776377205216,32.9776511176744,2.40001339715279,"Old"
"RPL18A",27.4094323060353,34.5575588324159,7.14812652638064,"Old"
"CACNB1",24.682883850449,17.3159457916775,-7.36693805877147,"Old"
"MAP2K1",21.2039818583611,11.5865814616838,-9.61740039667733,"Old"
"FKBP4",18.3024039486749,23.4143178575932,5.11191390891828,"Old"
"RPL6",35.2644816712147,41.3615954477539,6.0971137765392,"Old"
"AKAP12",22.6222491857584,21.9052814699106,-0.716967715847851,"Old"
"SLC25A11",35.3803486730191,40.0951783581617,4.71482968514265,"Old"
"CAV1",17.4043041781855,26.9981564336592,9.59385225547365,"Old"
"ACY1",30.395514014238,23.2356923256576,-7.15982168858035,"Old"
"LMNB2",40.3017818752151,38.1025210723247,-2.19926080289046,"Old"
"UBXN1",26.827126748523,17.9506292340614,-8.87649751446168,"Old"
"GBE1",23.9915005650921,23.3634493586745,-0.628051206417609,"Old"
"EIF4G1",13.1541861351929,11.4156499577137,-1.73853617747915,"Old"
"PRKCQ",18.9799884184892,23.9187906729403,4.9388022544511,"Old"
"GLO1",24.1383315916099,21.8366095352598,-2.30172205635008,"Old"
"AKR1C1",37.4307939900485,36.7154545437732,-0.715339446275301,"Old"
"SSBP1",21.4015256953908,17.3468023950186,-4.05472330037222,"Old"
"YWHAH",9.778219931943,12.597899766364,2.81967983442104,"Old"
"PLP2",63.1567177179219,39.9072895323162,-23.2494281856057,"Old"
"UBE3A",52.5741820507162,15.7712089971954,-36.8029730535208,"Old"
"SRSF11",18.3443994153719,21.4796311545509,3.13523173917904,"Old"
"EEF1A2",28.4495429485342,32.1110661836977,3.66152323516357,"Old"
"CALD1",26.1887853494619,69.7338757708578,43.5450904213959,"Old"
"COL14A1",33.9981016445864,106.161795059006,72.1636934144201,"Old"
"PTPN11",22.8742809146301,24.8679339895423,1.99365307491217,"Old"
"PSME1",12.0797163180662,18.942284043444,6.86256772537784,"Old"
"CACNG1",46.1532018690859,37.4136576337731,-8.7395442353128,"Old"
"ZNF33A",54.3333911515383,57.4698678572197,3.13647670568136,"Old"
"PRDX1",26.8582642213308,28.3186319690398,1.46036774770899,"Old"
"RPL18",34.9206760268965,39.8152080074021,4.89453198050555,"Old"
"C1QBP",23.5704762094199,14.0990744587998,-9.4714017506201,"Old"
"CKAP4",32.0121405181974,46.1719329731288,14.1597924549314,"Old"
"DPT",59.4318165204733,29.2430416805567,-30.1887748399166,"Old"
"KLC1",20.8208818263946,24.8324981335259,4.0116163071313,"Old"
"SRSF1",28.4461911982093,31.5467768967903,3.10058569858102,"Old"
"ARHGAP1",40.851105975094,29.3301375407199,-11.5209684343741,"Old"
"ACTN3",141.457788175703,152.907056720082,11.4492685443796,"Old"
"PPP3CA",26.4920702743536,19.605346692055,-6.88672358229859,"Old"
"DHX9",19.1569915483649,22.6828229437244,3.52583139535956,"Old"
"CRYZ",22.5801449863639,25.9809516414014,3.40080665503745,"Old"
"SLC20A2",92.6450470871628,90.3534644598917,-2.29158262727117,"Old"
"PUDP",22.4247146950846,26.7442619710105,4.31954727592588,"Old"
"CD47",15.3479630946544,29.3270382630791,13.9790751684246,"Old"
"PPID",49.0188930457224,34.8283714149612,-14.1905216307612,"Old"
"AHNAK",15.2099023756016,19.1396843436586,3.92978196805691,"Old"
"LMOD3",43.5054227989019,31.9864103851192,-11.5190124137827,"Old"
"HSPA14",20.4147304200789,25.1589341560669,4.74420373598801,"Old"
"SCRN3",20.2373273629918,33.8228132766279,13.5854859136361,"Old"
"NEXN",48.5043132640588,39.5101970105934,-8.99411625346544,"Old"
"AP1B1",21.649660990907,25.5472386746561,3.89757768374904,"Old"
"BST2",16.8062241583021,23.3612454342443,6.55502127594218,"Old"
"PMPCA",43.9206784049781,18.4251584468453,-25.4955199581328,"Old"
"ASPH",35.7969622701793,20.6011089084225,-15.1958533617568,"Old"
"EFEMP1",30.0173847239799,29.0081547604777,-1.0092299635022,"Old"
"STX4",22.2408924158999,23.6578282908436,1.41693587494365,"Old"
"GRSF1",27.0769055320816,22.9849366636861,-4.09196886839548,"Old"
"AIMP1",11.0759042307196,9.4773047786212,-1.59859945209842,"Old"
"ILF3",31.5514364371878,33.877403465062,2.32596702787423,"Old"
"TRAP1",29.646504577979,26.4568496559611,-3.18965492201795,"Old"
"ANK3",28.7487195998187,21.3797283082421,-7.3689912915766,"Old"
"HSPB3",26.3620243200371,42.3935689930278,16.0315446729907,"Old"
"ECH1",29.6623379020177,23.193079405884,-6.46925849613369,"Old"
"STRN3",16.1962161988145,14.9924116784107,-1.20380452040376,"Old"
"COASY",26.5197373032287,25.8458715565075,-0.673865746721226,"Old"
"TRDN",49.5816357168665,31.7732571371904,-17.8083785796761,"Old"
"ACACA",16.3671459203728,22.3686492355562,6.0015033151834,"Old"
"GPS1",16.1776163187586,8.00819349813494,-8.16942282062364,"Old"
"MTAP",23.2457968512113,23.4060188672971,0.160222016085857,"Old"
"PRKAA1",14.7401829176528,9.0063632799086,-5.73381963774424,"Old"
"TARDBP",13.7512658995477,14.7070590987687,0.955793199221024,"Old"
"PAK1",18.3808282359225,35.1869250119981,16.8060967760756,"Old"
"AIMP2",13.6858035910232,12.1044359454144,-1.58136764560881,"Old"
"PRDX4",22.7716138158235,22.3994550338506,-0.372158781972932,"Old"
"PAK2",22.7638394425055,17.2795539070843,-5.48428553542113,"Old"
"CBX3",24.641441307836,27.4624959046444,2.82105459680847,"Old"
"PSMD2",11.5857109335472,10.7906312232118,-0.795079710335466,"Old"
"MYBPH",86.504643825602,109.883772941178,23.3791291155762,"Old"
"SELENBP1",30.7235296202503,26.9672910690564,-3.75623855119385,"Old"
"TRIM28",15.4552353537066,19.5805350480367,4.12529969433013,"Old"
"G3BP1",40.0920106927216,37.0270777437996,-3.06493294892206,"Old"
"PABPC4",32.5030700468058,25.0965469677259,-7.40652307907988,"Old"
"SGCG",19.5793136813085,18.0782557024303,-1.50105797887813,"Old"
"EIF3I",19.9661591856412,10.8600711591241,-9.10608802651712,"Old"
"CTBP1",21.2062427790248,14.0254604482214,-7.18078233080336,"Old"
"UBE2V1",25.4675722974811,18.3994393537009,-7.06813294378019,"Old"
"DYNC1I2",17.5759331409793,12.5976955080597,-4.97823763291963,"Old"
"ILK",7.03807344425615,12.1531780938126,5.11510464955641,"Old"
"NNT",31.6395986265722,22.9069193478669,-8.73267927870529,"Old"
"SNTA1",26.3980061474039,22.9964295475162,-3.40157659988769,"Old"
"SNTB2",22.1286700511359,16.6671530281251,-5.46151702301081,"Old"
"SF3B2",27.0037190994925,20.5256905102387,-6.47802858925379,"Old"
"PDAP1",14.9564371112592,19.0157032089033,4.05926609764409,"Old"
"TMED1",28.8721481830972,22.1689448356626,-6.70320334743462,"Old"
"FKBP5",19.7351870078737,29.3215881657738,9.58640115790003,"Old"
"PICALM",20.3955294823094,19.4095340962385,-0.985995386070929,"Old"
"MTM1",29.5221151621689,21.7732020192385,-7.74891314293031,"Old"
"SQSTM1",19.5607976403061,29.0887085978854,9.52791095757938,"Old"
"MTX1",18.3564281759239,14.5176173888561,-3.83881078706774,"Old"
"ART3",34.3862707748785,45.3386388746848,10.9523680998062,"Old"
"ASAH1",32.0199330484613,29.0249662116417,-2.99496683681951,"Old"
"PIN1",19.1014427654259,25.6528296177127,6.55138685228681,"Old"
"CAMK2B",31.5103499669388,15.1404770820849,-16.3698728848539,"Old"
"CAMK2G",21.8139321699256,20.4444156708105,-1.36951649911503,"Old"
"CAMK2D",34.2451252074113,33.0410014519908,-1.20412375542055,"Old"
"DCTN2",14.3365835942193,7.92021520725576,-6.41636838696356,"Old"
"NAE1",47.5164401889172,14.6758153274294,-32.8406248614878,"Old"
"STIM1",26.3544008813671,22.533151682866,-3.82124919850109,"Old"
"CUL1",22.883112440764,17.8166252986104,-5.06648714215365,"Old"
"CUL2",20.7166927244992,21.4801530685553,0.763460344056103,"Old"
"CUL3",21.8564166367203,16.8228386678043,-5.03357796891598,"Old"
"CUL4A",16.046971060734,9.88003309667502,-6.16693796405899,"Old"
"FHL1",23.1188294793223,16.2183467941974,-6.90048268512484,"Old"
"FHL3",33.5037064489739,27.8984925347532,-5.60521391422067,"Old"
"ITGA7",22.4128294533095,12.525257981812,-9.88757147149753,"Old"
"AAMP",28.4921677658099,33.0870245703174,4.59485680450751,"Old"
"CACNA1S",27.2577940853583,18.1682011253613,-9.08959295999709,"Old"
"MOGS",38.9460924428103,48.580540719724,9.63444827691367,"Old"
"SPTAN1",15.250123706944,23.874853867638,8.62473016069399,"Old"
"AUH",37.9861508148209,28.4905745093221,-9.49557630549884,"Old"
"DDX39B",34.5255007700981,20.2652673462542,-14.2602334238439,"Old"
"BLMH",17.634223033772,27.5416084657022,9.90738543193017,"Old"
"SNTB1",31.4661553495567,33.5564663060131,2.09031095645641,"Old"
"TUBB2A",18.2269877814693,13.4293896712176,-4.79759811025175,"Old"
"IDI1",29.6280985128218,28.7292216507111,-0.898876862110651,"Old"
"PRKG1",38.2894862570794,21.4540387360808,-16.8354475209985,"Old"
"COX17",32.6037405678704,11.1536540196327,-21.4500865482377,"Old"
"HNRNPD",14.5443144483414,18.3777311573011,3.83341670895967,"Old"
"SCARB2",25.3365681691494,21.4349266772122,-3.90164149193721,"Old"
"NID2",69.8125018013208,30.3899500562581,-39.4225517450627,"Old"
"IL18",50.4175905749285,59.565770994103,9.14818041917452,"Old"
"DAG1",11.402390600155,14.9021830774426,3.4997924772876,"Old"
"EIF3A",19.4025387047018,11.1025868830475,-8.29995182165425,"Old"
"UBAP2L",33.2944924937206,24.8863795134578,-8.40811298026285,"Old"
"MLEC",14.7121944764784,20.9041640570981,6.19196958061968,"Old"
"DPYSL3",33.8463992992297,32.6370308845196,-1.20936841471014,"Old"
"DCTN1",19.3209340814908,9.7110068429264,-9.60992723856437,"Old"
"DYNC1H1",13.332205308247,14.131197165234,0.798991856987003,"Old"
"EIF2B1",16.7255838846855,19.4986223037438,2.77303841905836,"Old"
"EIF4A2",19.2064928900082,21.3940917830887,2.1875988930805,"Old"
"CTTN",50.4429954300243,27.2815867176005,-23.1614087124238,"Old"
"ENDOG",32.1687499041485,35.5276396196813,3.3588897155328,"Old"
"FLOT2",20.7547440714587,19.3400964926963,-1.41464757876241,"Old"
"TRIM25",24.7230899323121,29.6747369009333,4.95164696862115,"Old"
"FLNC",38.7630904980805,32.3988067680772,-6.36428373000325,"Old"
"MYBPC2",98.1903592051891,40.3789056779642,-57.8114535272249,"Old"
"GAMT",18.1874713097679,22.6831858435728,4.49571453380498,"Old"
"CAPRIN1",41.9960989866561,36.0896933775707,-5.90640560908538,"Old"
"PRPSAP1",48.4072124805842,43.7120966885102,-4.69511579207401,"Old"
"ITIH4",22.4035136261551,67.6362179037988,45.2327042776437,"Old"
"CLINT1",32.0817555659154,27.4181336372841,-4.66362192863125,"Old"
"GANAB",18.270480556608,14.0862792881903,-4.18420126841774,"Old"
"SSPN",14.6018451180994,15.5581429777711,0.95629785967169,"Old"
"MVP",23.0274263830817,72.4413179930082,49.4138916099265,"Old"
"LTBP3",42.7309936913261,29.6790096627059,-13.0519840286201,"Old"
"LASP1",45.7918995962205,36.2172431480301,-9.57465644819037,"Old"
"PTGR1",28.1316691261745,35.7184427076336,7.58677358145913,"Old"
"KPNB1",11.2071545134156,12.5771508408121,1.36999632739646,"Old"
"NUMA1",18.819877128812,26.8559215548409,8.03604442602894,"Old"
"PSME4",32.5075625681425,30.3108229431694,-2.19673962497312,"Old"
"SLMAP",19.4093680965316,22.7083670181959,3.29899892166425,"Old"
"EMC2",28.7089234839761,31.4606156465304,2.75169216255422,"Old"
"PSMD6",21.1775916490988,19.3630191341297,-1.81457251496907,"Old"
"ABRAXAS2",16.717286066927,11.0390713456787,-5.6782147212483,"Old"
"SEPTIN2",10.6711386980374,17.3139966799013,6.64285798186385,"Old"
"KARS1",11.1324586476466,9.61267840966527,-1.51978023798133,"Old"
"EIF4H",20.1098485872857,22.3741752915668,2.26432670428111,"Old"
"EEA1",11.7516695669666,22.0228170031616,10.271147436195,"Old"
"PDIA6",12.4750220325857,20.4113220004593,7.9362999678736,"Old"
"PAFAH1B3",31.1867490653723,48.9612556724661,17.7745066070937,"Old"
"PLCL1",48.5566279742904,48.1182113174208,-0.438416656869599,"Old"
"PDK1",30.353952447618,29.4941965697127,-0.859755877905258,"Old"
"PDK2",63.2416891048052,37.7556734250902,-25.4860156797149,"Old"
"PEA15",23.2388735288947,36.0131399842709,12.7742664553763,"Old"
"PGM5",32.7012443241166,25.5924396501128,-7.10880467400384,"Old"
"PLEC",37.875850612548,29.6046666814097,-8.27118393113831,"Old"
"PPP2R5A",22.1582337084257,22.2605210911951,0.102287382769422,"Old"
"PPA1",15.105108131366,14.0154323505192,-1.08967578084684,"Old"
"PTGES3",19.0556260708016,14.7021328455979,-4.35349322520369,"Old"
"STK38",38.3937473030586,35.358232760566,-3.03551454249263,"Old"
"NECTIN1",74.516383272836,65.4003714514159,-9.11601182142012,"Old"
"NONO",23.9613155088913,25.3511900679749,1.38987455908364,"Old"
"PTPA",31.4859547395065,28.4353597194282,-3.05059502007831,"Old"
"RABEP1",23.3037353681292,21.0899132104353,-2.21382215769389,"Old"
"RAB35",18.4953377461259,20.9029013895186,2.40756364339261,"Old"
"TMED2",22.3731067753422,20.6727393413381,-1.70036743400414,"Old"
"PCBP1",10.6313917427068,10.5425007217256,-0.0888910209812348,"Old"
"PCBP2",10.3683614928979,15.0820898777187,4.71372838482081,"Old"
"ELOC",19.3505078121631,11.218234491349,-8.13227332081406,"Old"
"ELOB",16.0976795107485,15.4877889816813,-0.609890529067199,"Old"
"UBE3C",19.9165186363938,26.4414364506222,6.52491781422837,"Old"
"DHCR24",30.2350843083279,29.4273160980812,-0.807768210246756,"Old"
"RSU1",13.952010098023,17.6633802542337,3.71137015621064,"Old"
"PPP1R7",18.9416775421678,10.483844449893,-8.45783309227478,"Old"
"SEC23A",11.7366144584009,13.027778259213,1.29116380081208,"Old"
"MAPRE2",19.1751246136129,16.4625132491796,-2.71261136443325,"Old"
"TGFBI",48.0982937982782,47.0686905677491,-1.02960323052906,"Old"
"TSN",25.8804810224981,31.8998316421079,6.01935061960979,"Old"
"SF1",34.0773754367532,38.7967295189633,4.71935408221011,"Old"
"TRIP10",8.6245824790328,14.5930138101903,5.96843133115753,"Old"
"MAPRE1",14.1442587757267,25.7573701621138,11.6131113863871,"Old"
"TSC22D1",32.2869342502661,59.7734104425699,27.4864761923038,"Old"
"ELAVL1",22.492041149289,28.0406975388,5.54865638951099,"Old"
"MYLK",48.9697669502866,52.6939100048746,3.72414305458805,"Old"
"SPEG",34.3812257408443,23.7458618560506,-10.6353638847937,"Old"
"TBCE",27.3224572988397,20.3834078837403,-6.93904941509942,"Old"
"UBE2V2",20.0138010207507,14.2061657029998,-5.80763531775097,"Old"
"NEDD8",21.115511707502,12.3167118109507,-8.79879989655131,"Old"
"ADIRF",79.6176599195049,42.5699691823729,-37.047690737132,"Old"
"ADIPOQ",17.8294015357867,25.0905773608608,7.26117582507407,"Old"
"RAB11B",9.85517868802787,14.9264966909898,5.07131800296195,"Old"
"ZYX",13.3502930477084,15.2023349751849,1.85204192747646,"Old"
"HSPB2",22.1808565826109,39.4433603587915,17.2625037761806,"Old"
"ETFDH",31.6947636750116,22.6784794125934,-9.01628426241824,"Old"
"SEPTIN7",17.7452223081334,20.6277904926836,2.8825681845502,"Old"
"ADRM1",27.935017861614,13.1960709759772,-14.7389468856367,"Old"
"DDB1",12.0694323405605,8.88692411174461,-3.18250822881586,"Old"
"CDC37",14.9554714815093,10.996871856977,-3.95859962453237,"Old"
"DPYSL2",18.584881518145,14.2897974662479,-4.29508405189709,"Old"
"SYPL1",28.541888005403,25.4193905470215,-3.12249745838157,"Old"
"RBBP7",30.8407355219104,17.3475961276619,-13.4931393942485,"Old"
"SGCB",13.8254200823395,21.2155511658827,7.39013108354316,"Old"
"SGCA",16.8051786929805,18.7073517201806,1.9021730272001,"Old"
"FXN",25.9422859044383,18.6363448540711,-7.30594105036718,"Old"
"FSCN1",41.6389118279672,36.8437682467875,-4.79514358117975,"Old"
"DECR1",29.6808241762883,24.7937671402938,-4.88705703599456,"Old"
"NDUFA5",27.0009725310495,22.2379191229737,-4.76305340807581,"Old"
"CLPP",42.5478698057495,32.6943463168544,-9.85352348889513,"Old"
"TST",30.3541615819281,26.764116623502,-3.5900449584261,"Old"
"KYAT1",29.2098896887443,26.8627457872351,-2.34714390150928,"Old"
"GUK1",23.3131028658873,21.4134860766524,-1.89961678923485,"Old"
"HAGH",21.8279459347107,15.3279319425815,-6.50001399212924,"Old"
"NDUFA9",31.8396199278923,23.5290109149229,-8.31060901296935,"Old"
"PHKG1",19.0109310746614,17.0521550530377,-1.95877602162368,"Old"
"PPP1R3A",24.5290377681197,21.9142898464067,-2.61474792171291,"Old"
"HADH",11.1736472577457,12.5583379849102,1.38469072716453,"Old"
"UGP2",18.7523586756461,15.8445781666551,-2.90778050899103,"Old"
"TXNRD1",15.0084712317037,18.7160589503527,3.70758771864901,"Old"
"IMMT",21.340742974456,15.6516773328142,-5.68906564164178,"Old"
"IAH1",19.6709418065754,17.7775546464533,-1.89338716012205,"Old"
"KLHL40",35.3022801514703,41.4889356486705,6.18665549720023,"Old"
"TKFC",40.9167587362919,22.8672208530609,-18.049537883231,"Old"
"TIMM50",27.4049085339386,20.5026376301108,-6.90227090382782,"Old"
"NADK2",24.5281838522022,20.306159961778,-4.22202389042411,"Old"
"FAM98B",17.790796236568,18.541838978396,0.751042741827998,"Old"
"HIKESHI",14.4619265759951,21.8262805201822,7.36435394418715,"Old"
"PDLIM3",32.4985766952479,31.1633082342656,-1.33526846098222,"Old"
"HSD17B12",20.1574099575472,21.9031627367614,1.74575277921422,"Old"
"AGK",33.2738160792542,20.0225662454353,-13.2512498338189,"Old"
"LACTB2",21.9171877828826,22.0377216606132,0.120533877730637,"Old"
"DCAF6",17.313992947348,13.2079674032278,-4.10602554412014,"Old"
"CAVIN4",24.2175282138902,32.4808176214849,8.26328940759466,"Old"
"FLG2",54.2330069955057,54.7721216385892,0.539114643083487,"Old"
"RABL3",19.7020075775471,26.0625351439144,6.36052756636727,"Old"
"COQ5",28.1406115883434,22.1935439455182,-5.94706764282524,"Old"
"NOMO2",17.797832288007,15.275996870617,-2.52183541738993,"Old"
"PITRM1",32.3263003350761,41.9487240087355,9.6224236736594,"Old"
"WDR44",33.382972596877,25.8600919218249,-7.52288067505214,"Old"
"COA6",21.6156902316555,23.0513052674956,1.43561503584009,"Old"
"TOR1AIP1",37.6960475730371,28.7635730100875,-8.93247456294966,"Old"
"GNAS",29.070991562348,31.3453459082231,2.27435434587516,"Old"
"TTC38",55.536665857322,52.4651551785022,-3.07151067881981,"Old"
"C6orf136",43.6794445194144,61.4775355164037,17.7980909969893,"Old"
"HP1BP3",31.1129884033426,32.0767379203297,0.9637495169871,"Old"
"IBA57",34.5651307999321,37.1887377707051,2.62360697077298,"Old"
"UBR4",20.1261856980104,15.1259123635341,-5.00027333447633,"Old"
"DCAF8",23.6194912458785,19.8736781650817,-3.74581308079679,"Old"
"DDI2",80.7457509822957,38.4034432876737,-42.3423076946221,"Old"
"MICOS10",42.3363327378927,54.1838177405275,11.8474850026348,"Old"
"LYRM7",23.9397992256551,32.9297348149915,8.98993558933638,"Old"
"OBSCN",28.3073045193949,30.1425804400176,1.83527592062271,"Old"
"MYOM3",82.7326598305104,48.7396739260217,-33.9929859044887,"Old"
"PDE4DIP",38.4517547667351,47.2702810732833,8.81852630654822,"Old"
"BROX",25.8589761499774,17.569435563712,-8.28954058626548,"Old"
"LYPLAL1",23.5459636433759,33.1897412899345,9.64377764655867,"Old"
"SYPL2",32.4248586975216,34.1315884744947,1.70672977697314,"Old"
"ECPAS",15.2935882614628,13.0739241489081,-2.21966411255468,"Old"
"MICOS13",35.8022101118586,32.26883792936,-3.53337218249858,"Old"
"RNF123",25.2203775191672,20.1210771371227,-5.09930038204448,"Old"
"TMEM198",35.3393909593149,37.97914583377,2.63975487445505,"Old"
"CRYBG3",135.14199309022,102.633009596624,-32.5089834935964,"Old"
"NXN",17.2345053018781,24.4861695578145,7.25166425593639,"Old"
"PTRHD1",24.011536068141,23.8206491695019,-0.190886898639103,"Old"
"ABLIM2",33.4992309458838,41.1486425005744,7.6494115546906,"Old"
"LAMTOR1",18.5781928512019,18.9628586874302,0.38466583622829,"Old"
"DHRS7B",21.0533739497954,34.1265310214317,13.0731570716362,"Old"
"TWF2",37.7802402017434,23.1360309245859,-14.6442092771575,"Old"
"ETFRF1",31.4265145625824,27.4087352488611,-4.01777931372127,"Old"
"RAB12",22.466036837672,25.5695621166775,3.10352527900553,"Old"
"DENND5A",26.4930678780786,30.5506808947163,4.05761301663765,"Old"
"RCSD1",24.1013162763163,21.6891743874243,-2.41214188889206,"Old"
"SLC25A24",18.7219590403317,19.1567430626408,0.434784022309032,"Old"
"HIBCH",41.6550878753223,28.6211405026335,-13.0339473726888,"Old"
"CAVIN1",15.4236233056863,20.0091989286084,4.58557562292207,"Old"
"MRPL54",37.6093389658408,28.5812514972547,-9.02808746858619,"Old"
"LPCAT3",36.8374503363865,33.2272935702825,-3.61015676610393,"Old"
"TATDN1",27.9662261763766,22.6348530478911,-5.33137312848545,"Old"
"SFXN4",27.8169495077154,28.6769550919204,0.86000558420503,"Old"
"FAHD1",25.1914683762107,17.114977216642,-8.0764911595687,"Old"
"LMOD2",53.0925590915058,61.4129568895242,8.32039779801832,"Old"
"SLC27A1",18.9339893560842,16.193650989387,-2.74033836669727,"Old"
"CCDC137",128.958217645206,82.208909979663,-46.749307665543,"Old"
"CORO6",25.7311439922562,42.3703760141957,16.6392320219396,"Old"
"TMEM205",35.3036410209906,12.3066022225982,-22.9970387983924,"Old"
"DHRS11",32.3768808957711,39.3651099165614,6.9882290207903,"Old"
"APOOL",22.4611007011931,16.9012814340108,-5.5598192671823,"Old"
"NAPRT",50.8925001618712,34.9522152949095,-15.9402848669617,"Old"
"HSDL2",21.5233520795056,19.6645692469491,-1.85878283255645,"Old"
"KYAT3",35.0058956789401,34.6170955143797,-0.388800164560386,"Old"
"TRIM72",12.9272882517653,11.1469551249142,-1.78033312685107,"Old"
"UBN2",90.1362441510125,91.4903186194368,1.35407446842426,"Old"
"TOM1L2",15.0495452603158,18.3314160031261,3.28187074281032,"Old"
"XIRP1",45.7621416620626,32.5475021689556,-13.2146394931071,"Old"
"VPS13C",14.2550576617613,23.4223784101098,9.16732074834849,"Old"
"UBE2R2",24.8547516120335,23.1320301799922,-1.72272143204125,"Old"
"SND1",27.7959259971016,17.944631100221,-9.85129489688061,"Old"
"TRMT10C",20.0481127541877,15.8330676368447,-4.21504511734292,"Old"
"BZW1",49.8889101094676,42.7566364609301,-7.13227364853748,"Old"
"EIF3M",13.4623316096952,20.1174640231934,6.65513241349824,"Old"
"COPS6",13.4650592564229,12.7594160283965,-0.705643228026453,"Old"
"CHMP1B",45.1503199549136,21.6061450082816,-23.544174946632,"Old"
"RRM2B",39.8202018527367,21.672992534289,-18.1472093184477,"Old"
"ERMP1",38.1067593515302,37.4420031783455,-0.664756173184706,"Old"
"MRPL21",42.2831559413759,41.6068047190543,-0.676351222321557,"Old"
"DGLUCY",32.7145182712414,30.7732593102254,-1.94125896101605,"Old"
"MYH14",28.6352286312862,15.7208804335019,-12.9143481977843,"Old"
"SZRD1",31.421139955856,14.0356143092619,-17.3855256465941,"Old"
"MAVS",13.7212164317435,17.4300070932414,3.70879066149792,"Old"
"COMMD6",22.7697363704558,26.1809410167371,3.41120464628131,"Old"
"HDDC2",22.0154255894865,21.1487155400278,-0.866710049458668,"Old"
"HDGFL2",27.6206093405779,25.5478187201996,-2.07279062037833,"Old"
"DCXR",27.1831372320063,29.9229309690789,2.73979373707257,"Old"
"SPRED2",36.4349353372949,119.749159344964,83.3142240076693,"Old"
"HUWE1",32.2861352729188,40.3393864785247,8.05325120560582,"Old"
"GLRX5",41.5066969498408,38.2401797186974,-3.26651723114345,"Old"
"MYPN",41.0244289220382,34.2971765707664,-6.72725235127174,"Old"
"SRL",11.3654919352933,22.6209521241047,11.2554601888114,"Old"
"PRUNE1",23.539588123365,15.2986149157939,-8.24097320757102,"Old"
"ACOT1",29.0497350454922,35.2891830333521,6.23944798785986,"Old"
"ISCA2",21.8228348041291,32.2569281000353,10.4340932959062,"Old"
"MTDH",20.5437311212919,22.2972292084458,1.75349808715387,"Old"
"KTN1",16.5866350363665,31.9905784128658,15.4039433764993,"Old"
"NLRX1",28.4155108898794,32.502857222621,4.08734633274158,"Old"
"ALYREF",36.6365882896098,15.624720020832,-21.0118682687777,"Old"
"MDP1",25.6090381508321,26.8086539912461,1.19961584041402,"Old"
"SLC25A42",37.1051465595492,41.9075442635033,4.80239770395411,"Old"
"NRAP",33.5473368891363,42.1573822024331,8.61004531329679,"Old"
"VPS36",17.1458481428063,25.4943964054886,8.34854826268231,"Old"
"CAND1",13.3440840039036,13.0676743643416,-0.27640963956207,"Old"
"COMMD7",26.6329874099674,19.7633066214261,-6.86968078854136,"Old"
"LDHD",46.589245296389,47.8347028570472,1.24545756065815,"Old"
"CARM1",67.2003973021137,11.4996707669319,-55.7007265351817,"Old"
"NIT1",16.8185827555512,25.6075922169252,8.78900946137399,"Old"
"NDUFA11",35.9248062227409,42.2653178652797,6.34051164253882,"Old"
"ECHDC2",28.0835878582303,26.2581214298327,-1.82546642839757,"Old"
"PHYKPL",23.0072997852866,35.5261774550425,12.5188776697559,"Old"
"MUSTN1",79.2842002045309,50.2873347215136,-28.9968654830174,"Old"
"NAXD",17.0785594431493,19.5123253905953,2.43376594744594,"Old"
"MFN1",31.0911233563101,38.2223660425097,7.13124268619957,"Old"
"SLC44A2",20.4286139747689,34.6192285998716,14.1906146251027,"Old"
"HSCB",24.0322196975156,25.3702951631763,1.33807546566066,"Old"
"ADHFE1",41.8862597572724,46.4733246592579,4.58706490198546,"Old"
"UNC45B",17.0703500693451,15.4276897035332,-1.64266036581187,"Old"
"MSRB3",27.6450348079998,27.7911201564218,0.14608534842203,"Old"
"KLHDC8B",33.7585918245162,42.5222733590314,8.76368153451521,"Old"
"SUPV3L1",21.5786152119394,23.3344639927168,1.75584878077736,"Old"
"THNSL1",29.9556068648955,29.6263135242831,-0.329293340612477,"Old"
"PM20D2",48.7817609231967,35.8096518847297,-12.972109038467,"Old"
"MICU2",26.0796361538522,25.5291703267296,-0.550465827122665,"Old"
"ELMOD2",29.3327526257678,25.2424220967635,-4.09033052900428,"Old"
"ALDH16A1",30.3904972329528,32.5488255850277,2.1583283520749,"Old"
"FAM185A",40.4320951222889,34.9860342246276,-5.44606089766132,"Old"
"ADSS1",16.1685044945163,19.513520675148,3.34501618063167,"Old"
"NDUFAF2",33.7649820948606,26.2831412649109,-7.48184082994972,"Old"
"LRRC47",11.454893064069,14.3331692275657,2.87827616349673,"Old"
"GPD1L",16.9399713934578,13.0849316184404,-3.85503977501737,"Old"
"EHBP1L1",21.9489990508422,18.0084472905409,-3.94055176030137,"Old"
"CMYA5",23.937623387849,21.8299977047263,-2.10762568312269,"Old"
"TXLNB",13.6847342008437,16.1380244735494,2.45329027270569,"Old"
"SYNPO",36.2824576206495,22.8760355728069,-13.4064220478426,"Old"
"TOMM5",24.7704895363683,23.6906655311315,-1.07982400523682,"Old"
"CHCHD4",22.644192652539,27.523558039665,4.87936538712603,"Old"
"CBR4",37.685062753951,36.8501289044073,-0.834933849543624,"Old"
"MMGT1",23.618394574857,33.3762612552566,9.7578666803996,"Old"
"SMIM20",28.6851463362034,34.4276251313628,5.74247879515946,"Old"
"CISD2",15.0437221972936,17.1919975241583,2.14827532686472,"Old"
"ATPAF2",21.8093808713852,26.631743302824,4.82236243143885,"Old"
"JAGN1",32.3328719999923,31.7590766948151,-0.573795305177129,"Old"
"MRPL50",29.3882118377493,35.1257319269211,5.73752008917179,"Old"
"EMC1",30.4870726241245,24.8389447021532,-5.64812792197133,"Old"
"PTGR2",22.3555803607053,27.5958694133385,5.24028905263321,"Old"
"SMYD1",40.4252092973527,30.4876989750902,-9.93751032226256,"Old"
"NHLRC2",15.1507311045762,20.8478513537892,5.69712024921294,"Old"
"RDH13",32.4715310278732,28.712412163365,-3.75911886450812,"Old"
"TXNDC5",17.0702079875663,18.2534108572571,1.18320286969073,"Old"
"ATAD1",29.9094815021144,18.3353774414502,-11.5741040606642,"Old"
"SCCPDH",19.2451256761857,9.19770842535516,-10.0474172508305,"Old"
"SERBP1",40.6659310322249,19.8015028477072,-20.8644281845177,"Old"
"FAM98A",17.49600537672,48.2131287557556,30.7171233790356,"Old"
"PDPR",38.6634996848665,31.707665624249,-6.95583406061743,"Old"
"NAXE",13.5764117296094,8.67430045696432,-4.90211127264511,"Old"
"NPEPL1",16.74044934498,11.4141384364674,-5.32631090851261,"Old"
"ADPRHL1",24.4520551682003,24.3243732249418,-0.127681943258576,"Old"
"CHDH",40.0925982034018,29.5240670225251,-10.5685311808767,"Old"
"ABCF1",36.505073869064,22.8001412245649,-13.704932644499,"Old"
"MCU",26.9299749788971,23.9912340716069,-2.93874090729026,"Old"
"ABHD11",43.815874530538,35.0350296770996,-8.78084485343842,"Old"
"ATL2",32.0330788773694,39.8614930128771,7.82841413550777,"Old"
"PPTC7",38.4403811093433,32.0682686223321,-6.37211248701122,"Old"
"COQ8A",22.1095371741218,15.2368139987697,-6.87272317535217,"Old"
"NPLOC4",14.6100746959347,14.1405862034017,-0.469488492533035,"Old"
"SPATA20",97.9478082802774,68.3080453949102,-29.6397628853672,"Old"
"NUBPL",36.5318076792972,18.2490797936162,-18.282727885681,"Old"
"DEPTOR",30.4456491618316,33.5854061622298,3.13975700039821,"Old"
"RDH11",34.9213194472951,32.5647264981354,-2.35659294915963,"Old"
"LRRC20",25.5075069682141,24.0041479823353,-1.50335898587882,"Old"
"NT5C",32.8909916384863,25.5569396253635,-7.33405201312283,"Old"
"PNPT1",22.1501758666105,17.7441401760956,-4.4060356905149,"Old"
"SPPL2A",34.1718442923485,39.208555085057,5.03671079270854,"Old"
"PREX1",15.5411145764223,42.1896061402712,26.6484915638489,"Old"
"NEK9",31.2077526341358,18.4476785642446,-12.7600740698912,"Old"
"GPT2",33.6455896811188,51.0038295614804,17.3582398803616,"Old"
"MYOZ3",61.396209829102,8.543265682648,-52.8529441464541,"Old"
"NEK7",28.4776895580907,18.6242346808405,-9.85345487725013,"Old"
"DTD1",36.1022087649719,21.5626888502739,-14.539519914698,"Old"
"UTP15",82.9438579567485,49.0553522138999,-33.8885057428487,"Old"
"SETD7",26.5829585214258,24.0690938755742,-2.51386464585162,"Old"
"NUP133",37.0078302340713,56.0702512002696,19.0624209661983,"Old"
"PDCD6IP",17.3356961616183,13.4302025038682,-3.9054936577501,"Old"
"THEM6",16.5858289464967,23.9630977737246,7.3772688272279,"Old"
"SMIM4",36.5201540708881,28.5347693124843,-7.98538475840385,"Old"
"NUDCD2",21.3707164637953,12.6505677478486,-8.72014871594675,"Old"
"SCFD1",22.2421781235616,21.480804417264,-0.761373706297508,"Old"
"PCNP",26.3609391322968,18.0603359071978,-8.300603225099,"Old"
"DNAJA4",24.9152505763744,41.0169460785779,16.1016955022034,"Old"
"SPRYD4",31.820729912152,34.7438075796218,2.92307766746984,"Old"
"RTN4IP1",34.9632675696181,32.4199437730328,-2.54332379658533,"Old"
"PALLD",32.8579329794907,27.2936792904882,-5.56425368900248,"Old"
"SYNE2",27.1687144358394,22.0571732344256,-5.11154120141373,"Old"
"THAP4",27.4158941778521,25.0320166944425,-2.38387748340963,"Old"
"IFT81",44.3264272038801,29.0347463344536,-15.2916808694265,"Old"
"TTN",107.922273615423,65.7627194889598,-42.1595541264634,"Old"
"DDX1",15.5434616639177,21.796377726138,6.25291606222036,"Old"
"HSD17B8",32.7523513568941,29.799981536137,-2.9523698207571,"Old"
"CPT1B",29.740698409337,27.270757473962,-2.46994093537502,"Old"
"PSMF1",20.1465368547382,26.3189502894383,6.17241343470007,"Old"
"UBXN4",33.9216319412019,18.193642387806,-15.7279895533959,"Old"
"HSPH1",132.119358808926,85.5350669778819,-46.5842918310444,"Old"
"MYO18A",28.3663296010366,45.7328799053153,17.3665503042787,"Old"
"GCN1",21.9881228445622,18.9303715068722,-3.05775133768995,"Old"
"SGCD",20.5596589971823,22.0246118603183,1.464952863136,"Old"
"AKAP1",36.284502321478,39.253779360671,2.96927703919301,"Old"
"RABGGTA",17.3481560618732,14.9355475555161,-2.4126085063571,"Old"
"TFG",22.7213498448898,18.8397789288967,-3.88157091599307,"Old"
"ARPC1A",14.2537005470765,13.6800521799296,-0.573648367146989,"Old"
"P3H4",30.4751046510653,42.6939191491319,12.2188144980666,"Old"
"DDX17",20.1383033180968,19.0540137202618,-1.08428959783501,"Old"
"CELF1",28.6240080110238,18.1278037457529,-10.4962042652709,"Old"
"UFD1",22.6290063289361,20.9619776310123,-1.66702869792385,"Old"
"RPL3L",40.7055352090349,45.391546271415,4.68601106238012,"Old"
"COPS5",17.9392853584317,11.4155566478819,-6.52372871054974,"Old"
"KHSRP",12.7615520612147,26.2339567121755,13.4724046509608,"Old"
"GCDH",31.0580014930557,27.6079947484049,-3.45000674465077,"Old"
"TNPO1",18.1235483932548,15.3072592808383,-2.81628911241651,"Old"
"USP13",30.7744486665074,19.865186654037,-10.9092620124703,"Old"
"USP9X",19.2777917957844,12.8117985404452,-6.46599325533927,"Old"
"CUL5",15.1866709676635,15.3225194181615,0.135848450498031,"Old"
"LPP",18.7114935265068,28.6026473174255,9.89115379091868,"Old"
"ATP2A3",48.5459538970376,30.8614028071494,-17.6845510898883,"Old"
"PHKB",28.5252277694942,23.6318904488534,-4.89333732064089,"Old"
"UBE2F",27.0418030256948,35.4257394688465,8.38393644315176,"Old"
"RPL36AL",37.1860551546016,29.9334023913215,-7.25265276328006,"Old"
"WBP2",17.8888504759114,20.1603919015761,2.2715414256647,"Old"
"ERGIC1",44.1825101980557,32.997353251672,-11.1851569463837,"Old"
"MTARC2",22.3084718110517,22.4760271569498,0.167555345898077,"Old"
"FAM162A",24.9296796593795,16.4729163938222,-8.4567632655573,"Old"
"CCDC47",12.6337787264046,20.2043262739732,7.57054754756853,"Old"
"TMEM230",14.0259464479798,22.0134453466622,7.98749889868235,"Old"
"ISOC2",21.7588604218702,14.9031994856906,-6.85566093617962,"Old"
"FERMT2",27.1031816710985,15.9277018285147,-11.1754798425838,"Old"
"FUBP1",9.11493998162553,17.8366369770406,8.72169699541506,"Old"
"SLC25A46",21.9666939669546,23.5560403409752,1.58934637402056,"Old"
"TMEM143",32.4372033778729,22.3652672027803,-10.0719361750926,"Old"
"PBXIP1",20.6011297980727,13.8135387932603,-6.7875910048124,"Old"
"PTER",37.362058270691,32.1058723700877,-5.25618590060335,"Old"
"ZBTB9",28.8467602204356,41.7127002041451,12.8659399837094,"Old"
"FAM136A",29.9766877938805,26.2611105774254,-3.71557721645518,"Old"
"FGGY",28.3178524317469,24.8929480555176,-3.42490437622922,"Old"
"GALM",21.0943761349982,18.1611636197891,-2.93321251520915,"Old"
"DCPS",27.9649668265495,34.7321578781036,6.76719105155411,"Old"
"PPP1R14B",27.2916151643921,20.6708820979061,-6.62073306648598,"Old"
"ACSF2",29.3184773615183,28.8394631734162,-0.479014188102056,"Old"
"ISOC1",18.9829773791775,20.4161475132858,1.43317013410833,"Old"
"CCDC124",24.2294073324332,22.413676811353,-1.81573052108016,"Old"
"OPTN",27.505378143383,26.8308386863263,-0.67453945705676,"Old"
"AP2M1",22.5318030851127,18.4361047696368,-4.09569831547592,"Old"
"KCTD12",20.7737348299438,38.4783651414193,17.7046303114755,"Old"
"RMDN1",23.8330474556916,16.8391031970468,-6.99394425864483,"Old"
"ECHDC3",27.6254122111981,39.7446559846571,12.1192437734589,"Old"
"NUDT16",21.4693467330728,19.1950996243962,-2.27424710867657,"Old"
"CMBL",39.2200354788013,35.0820128504581,-4.1380226283432,"Old"
"MSI2",27.2070378508189,20.4094535376113,-6.79758431320762,"Old"
"MRPL38",23.5253126856395,23.2527503118935,-0.272562373746023,"Old"
"MRRF",24.4133747321302,27.2409434830467,2.82756875091648,"Old"
"MRPL53",35.7900482513404,25.4518696021404,-10.3381786492,"Old"
"DAZAP1",68.2900506917209,33.0731118286716,-35.2169388630494,"Old"
"DNAJA3",29.0511950686224,31.7625365730582,2.71134150443581,"Old"
"PTCD3",38.6196648257761,27.3079300755346,-11.3117347502416,"Old"
"MMAB",26.1187127461649,24.1584079816016,-1.96030476456327,"Old"
"DYNLL2",46.1959730230429,43.3194800708312,-2.87649295221162,"Old"
"S100A16",46.8632575991849,80.2016429596183,33.3383853604334,"Old"
"SCRN2",47.5319508652312,32.7732952352026,-14.7586556300286,"Old"
"OTUB1",12.4163836568545,13.4808978907182,1.06451423386377,"Old"
"CHMP6",23.8766015829679,18.8315847926286,-5.04501679033926,"Old"
"PDXP",28.1675411971903,26.6105988433604,-1.55694235382984,"Old"
"DCUN1D1",38.4110404678345,20.9376366711903,-17.4734037966442,"Old"
"FAHD2A",36.5610776926793,35.2287933852871,-1.33228430739221,"Old"
"SNF8",24.5245331773427,16.4781261696031,-8.04640700773954,"Old"
"PDLIM5",37.6190736634732,27.4758091893822,-10.1432644740911,"Old"
"CRELD1",32.6147106995408,19.7576086466543,-12.8571020528865,"Old"
"ERO1A",18.7292322787438,18.2531943157658,-0.476037962978019,"Old"
"AHCYL2",11.5304044627269,15.3160509864277,3.78564652370081,"Old"
"PGAM5",33.0970705940853,33.0201999635843,-0.0768706305009914,"Old"
"DDRGK1",31.2848234743469,15.2709450975428,-16.0138783768041,"Old"
"PYURF",44.041104853892,40.2541155942812,-3.78698925961082,"Old"
"SUCLG2",50.2047290888653,41.2461606896459,-8.95856839921944,"Old"
"ABHD14B",15.6680969584203,15.4806227289575,-0.18747422946277,"Old"
"NGLY1",21.6369013833778,19.2132704779118,-2.42363090546598,"Old"
"TMX3",33.7326337718463,37.0204385401879,3.28780476834164,"Old"
"BTF3L4",15.0849368029348,13.4451942664725,-1.63974253646231,"Old"
"USP47",17.8987455769155,20.2610046183388,2.36225904142333,"Old"
"CNDP2",24.8708814477059,17.0355523060169,-7.83532914168901,"Old"
"ALPK3",24.2773619738604,41.121675419183,16.8443134453227,"Old"
"STAC3",30.0526435511173,31.2378197173716,1.18517616625427,"Old"
"COQ10A",34.3852653858845,26.7731809703991,-7.61208441548537,"Old"
"JSRP1",23.2249214054621,14.2213039811614,-9.00361742430069,"Old"
"MCEE",42.9538356354203,38.0788124772174,-4.87502315820287,"Old"
"QKI",19.1487392494697,20.6589434162414,1.5102041667717,"Old"
"PLIN4",15.7182177554121,20.7624819418395,5.0442641864274,"Old"
"ALKBH3",33.6321371416353,24.7040921916388,-8.92804494999656,"Old"
"VPS35",18.9081717834497,22.385609281181,3.47743749773129,"Old"
"PURB",29.686167736397,36.8823946298746,7.19622689347759,"Old"
"BBS4",31.2560794359754,36.5017950903382,5.24571565436276,"Old"
"VPS13A",26.1158768985826,20.4474234076618,-5.66845349092081,"Old"
"GFM1",22.9080184671599,21.5932090765924,-1.31480939056749,"Old"
"MCCC1",29.7883817008556,30.3862862364964,0.597904535640829,"Old"
"METTL26",19.3959244836033,30.3535139599309,10.9575894763276,"Old"
"CLCC1",15.4176998019253,14.3627154696004,-1.05498433232486,"Old"
"PEBP4",32.2571466927221,34.7086403049946,2.45149361227249,"Old"
"PLEKHF1",20.009706510998,18.0241216252227,-1.98558488577525,"Old"
"MYCBP",25.9973870128462,20.4530499641695,-5.54433704867675,"Old"
"TBCB",22.7479157245806,17.6097910482991,-5.1381246762815,"Old"
"PSMB7",18.0379625897662,10.0267721244989,-8.01119046526726,"Old"
"PCYT2",24.3482967504125,34.9809501537994,10.6326534033869,"Old"
"PSMD1",11.5720097511967,11.2478027831974,-0.324206967999281,"Old"
"PFDN5",13.7986008207626,16.6058985599816,2.80729773921901,"Old"
"PAFAH2",21.8033530363128,32.2211227735592,10.4177697372464,"Old"
"PARK7",19.3462060938358,12.5293388059636,-6.81686728787218,"Old"
"VAT1",19.6862568917437,24.783756939187,5.09750004744329,"Old"
"PLIN2",55.6563599853245,60.6085304865938,4.95217050126938,"Old"
"S100A13",45.5376895015285,122.075021471748,76.5373319702199,"Old"
"TSNAX",18.9042982420765,29.3908226636172,10.4865244215407,"Old"
"EIF3C",18.7345900760665,18.7826824332624,0.0480923571958378,"Old"
"PHB2",22.2436281106447,14.3984277832879,-7.84520032735671,"Old"
"COPS8",22.5911602329426,16.005681871014,-6.58547836192853,"Old"
"SDHC",53.6713016599714,53.4859130521865,-0.185388607784972,"Old"
"CHP1",16.534908788159,24.8718762301356,8.33696744197659,"Old"
"HSD17B10",25.6089767140485,17.0293779167184,-8.57959879733009,"Old"
"NAP1L4",17.5315519866009,14.2171061214221,-3.3144458651788,"Old"
"MGST2",37.6337983995676,35.3242117251051,-2.30958667446247,"Old"
"TXN2",22.2584671163275,18.9717029563189,-3.2867641600086,"Old"
"DMAC2L",21.0349605758337,35.7732400652335,14.7382794893997,"Old"
"ACO2",22.1220873530897,15.0581041461585,-7.06398320693113,"Old"
"COQ7",16.0696248748397,13.255025403256,-2.8145994715837,"Old"
"SLC29A1",19.2519637291203,19.3079599848104,0.0559962556901432,"Old"
"TSG101",20.5468077407823,20.415110577882,-0.131697162900377,"Old"
"CPNE1",30.0950873483865,24.1597687792362,-5.93531856915026,"Old"
"CCT7",10.2216602051453,10.7773719344942,0.555711729348911,"Old"
"PRMT1",16.1886388441321,16.2957009622436,0.107062118111546,"Old"
"NIPSNAP1",60.1353544545173,36.6603814945263,-23.474972959991,"Old"
"ARPC5L",34.432187963393,27.8018388150046,-6.63034914838838,"Old"
"MICU1",36.3248363263911,31.5535432814834,-4.77129304490769,"Old"
"MACROD1",18.4598835879339,19.2472115106866,0.787327922752738,"Old"
"WDR77",49.2864594346251,20.888069868846,-28.3983895657791,"Old"
"APOL2",36.6714614485456,38.6155884554072,1.94412700686159,"Old"
"FYCO1",29.6495756358854,33.0872945873229,3.4377189514375,"Old"
"JPH2",25.9153727863999,16.9254298067874,-8.98994297961251,"Old"
"CORO1B",20.208358818733,30.2536946459508,10.0453358272178,"Old"
"TXNDC17",15.0813469646456,10.4153682777099,-4.66597868693572,"Old"
"PLCD4",17.213115957244,17.7250140758529,0.51189811860883,"Old"
"CPPED1",74.3543224487105,60.3793976073248,-13.9749248413857,"Old"
"VPS25",24.509337949011,23.3321787581363,-1.17715919087468,"Old"
"MIEN1",31.2491320808815,21.9103176625078,-9.33881441837361,"Old"
"PELO",31.2497894459972,20.1406539241854,-11.1091355218118,"Old"
"PRXL2A",31.0657477698707,27.9739915999991,-3.09175616987164,"Old"
"ERP44",46.8148651386311,48.0115965817159,1.19673144308477,"Old"
"LXN",30.0766641522012,65.4829288170505,35.4062646648493,"Old"
"NIPSNAP3B",31.2681921779481,32.1596136181556,0.891421440207452,"Old"
"NTPCR",28.5785677672095,32.8121141684059,4.23354640119632,"Old"
"AGMAT",46.8862496504162,67.9936524482163,21.1074027978,"Old"
"TACO1",33.6440942134352,30.5534938559206,-3.09060035751454,"Old"
"ESYT1",19.8843203310984,26.9474812641493,7.06316093305088,"Old"
"UBAC1",13.1052196834128,16.0292898312323,2.92407014781952,"Old"
"COPS4",10.5053558944948,8.02765199032353,-2.47770390417125,"Old"
"DCTN5",20.6568430157469,24.7312493376014,4.07440632185453,"Old"
"AARSD1",17.6574035244014,29.4871996113042,11.8297960869028,"Old"
"TMEM43",24.9935136163876,27.0838518497668,2.09033823337925,"Old"
"DHRS4",27.5614979218837,20.3119860312733,-7.24951189061045,"Old"
"TMEM70",45.3395249941341,34.3392552524104,-11.0002697417237,"Old"
"TUBB6",18.533197475269,71.8261510409089,53.2929535656399,"Old"
"CHCHD7",26.090378283168,26.7707613698834,0.680383086715366,"Old"
"APOO",20.65361360703,23.2326530699549,2.57903946292491,"Old"
"MRI1",43.6302878933969,40.8752867323486,-2.75500116104826,"Old"
"ABHD6",38.5192667262741,36.4862829097082,-2.03298381656591,"Old"
"ADI1",35.3741860847233,53.9482737162118,18.5740876314885,"Old"
"MECR",26.1060635449663,20.5122962242713,-5.59376732069503,"Old"
"NTMT1",29.6925546746488,32.926983544025,3.23442886937616,"Old"
"TMEM109",24.5411502854167,20.3866633248903,-4.15448696052631,"Old"
"TMED9",20.415527651996,31.4003335804984,10.9848059285023,"Old"
"TIMM21",41.2699841918065,24.5318670809404,-16.738117110866,"Old"
"TPPP3",46.1291058275869,53.6896058302444,7.56050000265748,"Old"
"NUDT9",21.2461465987398,18.7402952154307,-2.50585138330916,"Old"
"FUNDC2",17.5350398875566,20.5482217094533,3.0131818218967,"Old"
"SORBS1",35.1944818791445,45.4529184155976,10.258436536453,"Old"
"HINT2",21.2079734637765,24.8695559638641,3.66158250008759,"Old"
"OSBPL11",31.0524906198439,31.877218054943,0.824727435099078,"Old"
"NT5C1A",65.4666201647951,51.3610462610861,-14.105573903709,"Old"
"TMEM120A",39.3945272314528,61.4744322433776,22.0799050119249,"Old"
"NAA15",39.5143029253914,27.9480482003554,-11.566254725036,"Old"
"BCL2L13",13.7497530726955,10.7469494498249,-3.00280362287059,"Old"
"AP1M1",26.4780237491055,30.9914582414824,4.51343449237696,"Old"
"OSBPL1A",16.7914354902629,18.3291170691191,1.53768157885622,"Old"
"HDHD5",28.7331271325947,26.6027791262071,-2.13034800638761,"Old"
"EIF2A",27.2990216608715,16.366030227459,-10.9329914334125,"Old"
"MRPL13",30.1896971186073,27.9448404002818,-2.24485671832549,"Old"
"MRPL9",44.8828123465838,54.4515101178163,9.56869777123244,"Old"
"MRPL4",28.8705841727223,23.1462778539933,-5.72430631872897,"Old"
"MRPL1",35.8150120888618,24.4726103018013,-11.3424017870605,"Old"
"NLN",31.0723361756192,21.0105916498886,-10.0617445257306,"Old"
"TRIM54",22.8646448456015,28.8810675984444,6.0164227528429,"Old"
"BCO2",65.1725173229819,48.2623472710017,-16.9101700519801,"Old"
"MRPL37",30.4419848960897,26.2269247677307,-4.21506012835892,"Old"
"ASPSCR1",7.34863168259697,18.4348326021905,11.0862009195935,"Old"
"UBL5",20.5822142037057,17.0982965553844,-3.48391764832126,"Old"
"NIBAN1",37.1739297744553,23.9845826556364,-13.1893471188189,"Old"
"UBXN6",30.8564786904569,12.7312456860492,-18.1252330044077,"Old"
"UBE2O",28.9150421919681,31.7978732402634,2.88283104829531,"Old"
"LNPK",16.4804466836767,20.8647622914115,4.38431560773484,"Old"
"PITHD1",27.4617519628664,28.4683916195627,1.00663965669633,"Old"
"SLIRP",35.8568688778129,28.8585766060103,-6.99829227180251,"Old"
"NIF3L1",19.105029251234,14.0287039173797,-5.07632533385424,"Old"
"EGLN1",38.4805233657145,27.7506837091177,-10.7298396565968,"Old"
"ANKRD2",47.6652901572165,50.8576805114736,3.19239035425702,"Old"
"NAA50",20.2671266758306,15.5480739686419,-4.71905270718871,"Old"
"TMEM126A",27.4953605791995,24.2221505466481,-3.27321003255137,"Old"
"PAIP1",17.5606416566191,19.0450343755944,1.48439271897528,"Old"
"CLPB",37.8184665922347,24.5811745196496,-13.237292072585,"Old"
"TOLLIP",19.2838331963109,19.4018762628287,0.118043066517796,"Old"
"PCBD2",12.2663919380791,15.6309670871249,3.36457514904575,"Old"
"NT5C3A",19.7247383530225,18.9132820331647,-0.811456319857871,"Old"
"HDHD2",18.9217512651352,19.4306367738301,0.508885508694846,"Old"
"RAB1B",24.9835290653138,22.3168871362056,-2.66664192910824,"Old"
"C11orf54",21.6204910526229,23.7751450872856,2.15465403466265,"Old"
"NUCKS1",13.2946002596374,15.8883701981533,2.59376993851593,"Old"
"TMX4",16.3227835664833,20.6008395452184,4.27805597873511,"Old"
"MYLK2",48.3706297702578,45.722533863804,-2.64809590645375,"Old"
"EHD4",30.6192696287911,22.5281619524541,-8.091107676337,"Old"
"SH3BGRL3",20.1482885986344,25.3430401455377,5.19475154690337,"Old"
"SLK",18.5028164990127,22.713301064754,4.21048456574121,"Old"
"PPIL3",35.9447372292415,36.1464364291865,0.201699199944983,"Old"
"LRMDA",30.6788531205069,27.3149700589339,-3.36388306157299,"Old"
"TNMD",18.9384187670843,20.3475061801411,1.40908741305681,"Old"
"PPA2",26.209317263408,24.5531662408529,-1.65615102255509,"Old"
"MRPL46",26.5299352061903,24.6115614436267,-1.91837376256366,"Old"
"TMEM245",15.607443051831,16.9614015082306,1.35395845639957,"Old"
"C11orf68",17.4612441597431,31.2792608568468,13.8180166971037,"Old"
"GHITM",22.7131370996607,22.3195943101224,-0.393542789538234,"Old"
"BOLA2",29.0886209376716,23.5723840333309,-5.51623690434068,"Old"
"TMX1",13.0607632263427,18.1745300537583,5.11376682741558,"Old"
"CHMP4B",23.363859678799,12.7488396075358,-10.6150200712632,"Old"
"RBKS",31.8832074330409,23.3119296813099,-8.57127775173102,"Old"
"FN3K",23.187738524371,21.8753113357447,-1.3124271886263,"Old"
"TOR1AIP2",27.4429143152181,25.531511868666,-1.91140244655214,"Old"
"RNPEP",23.7921237921196,18.4640808436282,-5.3280429484914,"Old"
"GLIPR2",35.7454278449619,23.1241902481866,-12.6212375967753,"Old"
"EHD1",14.3461012682308,20.3667199517267,6.02061868349586,"Old"
"TMEM38A",37.8460764823231,24.0123921444988,-13.8336843378243,"Old"
"OPA3",31.803355617064,27.4169522760781,-4.38640334098593,"Old"
"DCTPP1",24.6062132262325,38.3839986099385,13.777785383706,"Old"
"AAMDC",27.8391651269881,35.2233386648348,7.38417353784669,"Old"
"PTGES2",28.912499113367,22.1264477436652,-6.78605136970177,"Old"
"UBE2Z",17.4836279557356,20.513609124527,3.02998116879144,"Old"
"ACAD9",32.8006799211782,32.7254898368871,-0.0751900842911084,"Old"
"METTL7A",24.2220089825323,44.8799607701474,20.657951787615,"Old"
"COQ10B",26.149232652936,37.7989884531329,11.649755800197,"Old"
"MOB1A",31.8511722254851,17.5257339222792,-14.3254383032059,"Old"
"GORASP2",15.2024741972705,14.9345947711919,-0.267879426078599,"Old"
"JPT2",38.8176521712463,19.2751778638079,-19.5424743074384,"Old"
"SYNPO2L",82.6610140071666,53.0784784416008,-29.5825355655658,"Old"
"ARMT1",24.1942084220629,28.7438590611816,4.54965063911869,"Old"
"LRRC40",24.2433775968248,22.8570115944098,-1.38636600241493,"Old"
"SFXN1",27.1720034831399,19.1716768687365,-8.0003266144034,"Old"
"L2HGDH",25.9786779796659,19.5876156518478,-6.39106232781804,"Old"
"COPS7B",18.4520995016138,37.6578407980496,19.2057412964359,"Old"
"FN3KRP",64.3847381418945,48.6071179127984,-15.777620229096,"Old"
"TBC1D17",24.9880585712157,17.1448346891945,-7.84322388202116,"Old"
"CARS2",40.6497964566937,35.8259267057186,-4.8238697509751,"Old"
"GRPEL1",14.2593628458016,22.5000683238719,8.2407054780703,"Old"
"CACYBP",25.3381346633419,27.7443349674758,2.40620030413391,"Old"
"RDH14",31.5906143525109,22.2021938856363,-9.38842046687465,"Old"
"PARVB",16.0860073520934,20.7875876090715,4.70158025697811,"Old"
"TNS1",25.7965843635365,23.4408946665705,-2.35568969696601,"Old"
"PLGRKT",20.5254485147944,24.3496203611756,3.8241718463812,"Old"
"GLOD4",13.8369732846471,13.417983741279,-0.418989543368165,"Old"
"MCCC2",36.4463289418991,27.5464570161219,-8.89987192577723,"Old"
"HHATL",54.3534551312521,23.5829215919621,-30.77053353929,"Old"
"PREB",20.0730954347858,17.9278095289431,-2.14528590584274,"Old"
"MRPL47",18.8821707179136,19.1627788458657,0.280608127952068,"Old"
"JPH1",29.6563948017057,17.6523529789423,-12.0040418227634,"Old"
"APMAP",11.9056727732822,12.767017418435,0.861344645152801,"Old"
"TXNRD2",31.9256982836053,37.6033589771191,5.67766069351382,"Old"
"RAB18",16.6027924376196,13.3336178753314,-3.26917456228818,"Old"
"PALMD",28.3579377408565,16.8503697386051,-11.5075680022514,"Old"
"SSU72",20.0027314191757,23.2182604000481,3.21552898087241,"Old"
"VTA1",16.4999594753654,13.2952873709584,-3.20467210440706,"Old"
"SARS2",33.7475764236541,23.5279028763461,-10.2196735473079,"Old"
"DYNLRB1",24.8383097608511,18.5138853869189,-6.32442437393224,"Old"
"MYOZ1",172.915071864403,136.796407219837,-36.118664644566,"Old"
"MYOZ2",102.205035372374,94.1365300177661,-8.06850535460781,"Old"
"OSGEP",18.2743007951862,19.2674551487531,0.993154353566961,"Old"
"ACOT13",21.5933710447431,15.4714908299414,-6.12188021480169,"Old"
"MRPL40",31.6058337574243,19.2666573926445,-12.3391763647798,"Old"
"TIGAR",33.6209379130785,29.6649905347644,-3.95594737831411,"Old"
"RTN4",18.1324814198983,11.2877034522057,-6.84477796769256,"Old"
"HINT3",31.0597714911271,33.483578861735,2.42380737060792,"Old"
"PFDN4",29.4130484405254,21.5137379103448,-7.89931053018067,"Old"
"NIT2",16.839768100119,10.8500261600464,-5.98974194007254,"Old"
"XPNPEP1",20.9933524572952,15.8237136506111,-5.16963880668406,"Old"
"GPHN",24.1912918079525,23.687128526349,-0.504163281603539,"Old"
"PDLIM7",73.1341132211895,54.5939059891836,-18.5402072320058,"Old"
"ACSS2",20.9251527742706,16.684332710819,-4.24082006345156,"Old"
"DIABLO",14.54064634536,18.2560801192278,3.71543377386774,"Old"
"SAR1A",21.4799288280638,19.6218519643915,-1.85807686367231,"Old"
"SH3GLB2",21.2076076465985,17.8305952478305,-3.37701239876802,"Old"
"EIF2B3",26.4266279250181,16.8258842288068,-9.60074369621132,"Old"
"MBNL1",15.5393578693445,18.6055196152129,3.06616174586835,"Old"
"SDR39U1",32.4125727936953,32.1260965272656,-0.286476266429702,"Old"
"AASDHPPT",29.9438510281565,24.4603050154075,-5.48354601274895,"Old"
"OSTC",16.8945583434817,23.5301439591812,6.63558561569944,"Old"
"CMC2",29.7267422591894,27.9639957780336,-1.7627464811558,"Old"
"HEBP1",19.5624249490797,28.1219538980238,8.55952894894409,"Old"
"PHPT1",21.1828956851879,15.1109026523846,-6.07199303280331,"Old"
"TOMM22",33.7090072314067,20.1023686012564,-13.6066386301502,"Old"
"LANCL2",26.3351484688137,17.931159206123,-8.4039892626907,"Old"
"FARSB",10.8261013757925,30.8231912114177,19.9970898356252,"Old"
"IARS2",21.8636697446506,17.3449187000164,-4.51875104463428,"Old"
"SIRT3",28.6642474566677,28.4693751205024,-0.194872336165272,"Old"
"MAN2C1",20.0031950813633,36.7372217423063,16.734026660943,"Old"
"OLA1",14.4241777782736,14.8091077526504,0.384929974376742,"Old"
"CUTC",27.0290723146298,20.3922203913612,-6.6368519232686,"Old"
"ACSS1",20.663171515257,27.5474005753598,6.88422906010279,"Old"
"ABHD10",21.1882317369758,23.463626231508,2.27539449453218,"Old"
"DDX19A",23.1054038542939,16.0366052862677,-7.06879856802625,"Old"
"SEPTIN11",28.6219134641981,34.0002532082284,5.37833974403031,"Old"
"PARVA",20.4982886689769,25.9529945304446,5.45470586146769,"Old"
"PANK4",15.5135803380522,20.1684823768139,4.6549020387617,"Old"
"DNAJC11",31.8736696133322,28.7841841604746,-3.08948545285761,"Old"
"TMLHE",40.6046881574396,18.972905124092,-21.6317830333476,"Old"
"ATAD3A",36.0278967242134,34.2672066493453,-1.76069007486814,"Old"
"ARL8B",19.3417676602573,14.0657422670126,-5.27602539324465,"Old"
"MRPS18A",41.4978201315437,31.6551956134363,-9.84262451810734,"Old"
"PNPO",28.6807946371776,30.1986463401721,1.51785170299449,"Old"
"OXSM",25.5089969698519,27.9307426398219,2.42174566996997,"Old"
"MRPL22",21.3324576067688,29.5326295438728,8.20017193710395,"Old"
"CZIB",28.4433128029437,21.7136655865992,-6.72964721634458,"Old"
"BABAM1",33.2504255595428,16.9775891423076,-16.2728364172352,"Old"
"NDUFB11",29.7405929341619,26.63814300849,-3.1024499256719,"Old"
"OCIAD1",22.6075355421708,13.6903859336275,-8.9171496085433,"Old"
"MARCHF5",28.1067331603239,24.8490159003229,-3.25771726000104,"Old"
"CHCHD3",21.8864455424172,17.7008278010629,-4.18561774135427,"Old"
"SIRT5",26.3296816410511,25.035463770265,-1.29421787078606,"Old"
"BABAM2",12.8729401566176,16.2380094497078,3.36506929309017,"Old"
"DPP3",24.9224810708738,22.8349159383554,-2.08756513251833,"Old"
"TUBA8",15.2292951439416,15.6289248349658,0.399629691024231,"Old"
"MAP3K20",30.675496423985,19.5720110380289,-11.1034853859561,"Old"
"UGGT1",15.6397624556897,19.0691221593294,3.42935970363963,"Old"
"TECR",36.113966291542,24.3433588257614,-11.7706074657805,"Old"
"ERAP1",33.2316352603525,19.6631260960111,-13.5685091643414,"Old"
"CISD1",18.9319885833176,13.3499365915226,-5.58205199179494,"Old"
"CLIC5",24.9171116030989,15.9099618992142,-9.00714970388473,"Old"
"FAM120A",14.3938073198648,24.1493555840984,9.75554826423364,"Old"
"GLTP",28.5734766704187,19.2103545348283,-9.36312213559042,"Old"
"COQ3",19.0365619740881,14.3549752191829,-4.68158675490522,"Old"
"HSPBP1",20.143534204422,19.0520543329497,-1.09147987147236,"Old"
"MAT2B",12.9832142749151,15.6240354976963,2.64082122278128,"Old"
"MYOF",28.1249748432267,30.3853497264862,2.2603748832595,"Old"
"EHD2",14.6506389880672,14.3158158343652,-0.334823153701974,"Old"
"TMOD4",85.3008327589846,55.3831097413299,-29.9177230176546,"Old"
"LMCD1",20.2723526378089,20.5693352143324,0.296982576523487,"Old"
"CHMP5",35.4290246964293,21.3376453744228,-14.0913793220065,"Old"
"CNIH4",27.0800987998838,17.0443002380352,-10.0357985618486,"Old"
"NDUFAF4",41.1176252872225,36.3335687260722,-4.78405656115032,"Old"
"EMC3",25.5074509986405,29.9063044297669,4.39885343112639,"Old"
"NDUFA13",27.4487101879179,20.727515928218,-6.72119425969995,"Old"
"PDP1",38.3183009305747,27.5206988741843,-10.7976020563904,"Old"
"MRPL36",27.1115219954024,32.7119867923512,5.60046479694882,"Old"
"VAPA",16.9646917095781,15.8638186483302,-1.10087306124793,"Old"
"RNF181",33.8278572319271,30.5037106560873,-3.32414657583983,"Old"
"LARS1",15.1286061713136,22.680167812452,7.55156164113835,"Old"
"SUCLA2",20.4316573038697,13.8270942567271,-6.60456304714263,"Old"
"GMPR2",27.6342584033939,26.0460838406949,-1.58817456269899,"Old"
"DPM3",22.5075724910311,31.9536895999493,9.44611710891816,"Old"
"IMPACT",26.1577190536844,40.7439401161714,14.586221062487,"Old"
"ATXN10",18.7915071218797,19.5742775011183,0.782770379238645,"Old"
"EPS15L1",28.5363218112807,24.3326748906626,-4.2036469206181,"Old"
"SAE1",20.0594991046211,22.0699148006574,2.01041569603633,"Old"
"RNF7",18.898828622339,21.1349575191906,2.23612889685157,"Old"
"MYOT",50.4187928497142,41.069218621298,-9.34957422841626,"Old"
"GNG12",16.3838187689534,9.9869997248332,-6.39681904412019,"Old"
"VPS29",35.0094928297587,35.4889234145323,0.479430584773567,"Old"
"EIF3K",19.0229934550084,19.3787145350625,0.355721080054114,"Old"
"GRHPR",12.8812152771643,14.0442392381429,1.16302396097863,"Old"
"CTSZ",25.4815462525153,35.8347723753934,10.3532261228781,"Old"
"UBA2",16.8536074069201,27.637355321778,10.7837479148578,"Old"
"COPS7A",18.81957853835,17.9994087799874,-0.820169758362528,"Old"
"HSPB7",33.5815996489312,29.1348000807628,-4.44679956816834,"Old"
"CLIP2",26.9992859316685,21.8158023620103,-5.18348356965824,"Old"
"UQCR10",31.7727315264106,23.5196746179498,-8.25305690846078,"Old"
"DNAJB4",58.4328365130803,32.5751932079937,-25.8576433050866,"Old"
"NIPSNAP3A",52.4562820815249,51.5971561398589,-0.859125941665965,"Old"
"TES",27.7595572881772,30.6134324967073,2.85387520853011,"Old"
"KDM5B",31.0491168074468,40.1392615758034,9.09014476835658,"Old"
"WARS2",31.2327043549,37.7942906535513,6.56158629865131,"Old"
"MLX",26.9067600414298,25.57385815816,-1.3329018832698,"Old"
"SEPTIN9",14.6152659845335,20.651321374376,6.03605538984251,"Old"
"UBQLN2",28.5809022869833,18.6510329803077,-9.92986930667558,"Old"
"PCYOX1",21.6780780883376,20.5395166570215,-1.13856143131606,"Old"
"DPP7",25.9412907226176,28.3168788129305,2.37558809031284,"Old"
"SMPX",27.9321931045532,38.1115018148497,10.1793087102965,"Old"
"BCAP29",25.985145571164,17.4196030465725,-8.56554252459151,"Old"
"CYB5R1",16.2618781876759,16.8173864889884,0.555508301312567,"Old"
"PFDN2",16.9149025500446,15.6420249049398,-1.27287764510485,"Old"
"PUF60",13.4635961206644,17.6533635501012,4.18976742943678,"Old"
"ENOPH1",21.8833150822305,23.0115226842417,1.12820760201124,"Old"
"NDUFA12",32.2939315939216,29.6673517183534,-2.62657987556816,"Old"
"EIF2B4",27.3252081007264,26.484732484334,-0.840475616392389,"Old"
"ATP6V1H",23.6393711636633,20.9382041088367,-2.70116705482661,"Old"
"TRMT112",40.5395877335188,40.2677023961484,-0.271885337370392,"Old"
"XPO7",25.9797918525483,26.5963370681041,0.616545215555814,"Old"
"LCMT1",19.6515414815881,27.4754425690995,7.82390108751139,"Old"
"ATP5IF1",36.3221084571737,29.6185494565704,-6.70355900060332,"Old"
"AK3",49.8672251793581,40.4792623868739,-9.38796279248422,"Old"
"NAGK",13.506061375515,16.4486965490445,2.94263517352951,"Old"
"SLC25A13",17.0300406129195,12.6265447957485,-4.403495817171,"Old"
"DBNL",24.0237983290693,35.1109204959222,11.0871221668529,"Old"
"DCTN4",23.1190968323173,15.465966687371,-7.65313014494635,"Old"
"HSPB8",24.3833374488489,37.0386421591311,12.6553047102822,"Old"
"STOML2",20.7723419952085,12.2353063893552,-8.53703560585328,"Old"
"VPS28",11.1837315523037,13.7260165236285,2.54228497132484,"Old"
"JPT1",23.6632840160986,34.6582496763538,10.9949656602552,"Old"
"APPL1",17.4278751670602,10.6434210755288,-6.78445409153135,"Old"
"PACSIN3",21.4685016460972,23.9191098262917,2.45060818019446,"Old"
"ACAD8",22.4017908446967,26.4048790200883,4.00308817539154,"Old"
"AGO2",27.4173273633587,21.5767337508167,-5.84059361254197,"Old"
"MYH2",65.9842850263487,67.0501974030252,1.06591237667655,"Old"
"MYH13",70.3403147708627,82.1081985309572,11.7678837600945,"Old"
"CDV3",16.9270415467541,18.6391948796562,1.71215333290206,"Old"
"RAB21",11.8649900299627,18.1409062863927,6.27591625642994,"Old"
"PSME2",24.9176661163337,28.9469882003448,4.02932208401113,"Old"
"DNPEP",16.8718352165303,16.0858507758512,-0.78598444067914,"Old"
"MCTS1",13.4287125558706,15.0777223011039,1.64900974523331,"Old"
"TBC1D24",27.8838107837088,24.8789287529443,-3.00488203076451,"Old"
"TMCO1",29.2525171803565,19.5737965166641,-9.67872066369243,"Old"
"EPDR1",34.7088544360196,26.926602882918,-7.78225155310166,"Old"
"MYO6",44.4347847211517,17.6572704386297,-26.777514282522,"Old"
"NFU1",23.7270981884303,19.203760672909,-4.5233375155213,"Old"
"SYNPO2",39.6762007184439,26.7452334935387,-12.9309672249052,"Old"
"UBQLN1",57.0092041132427,35.4102779828173,-21.5989261304254,"Old"
"SNX12",24.7513943403597,17.6353024533206,-7.1160918870391,"Old"
"NDRG2",24.2404624253336,23.300839086182,-0.939623339151598,"Old"
"VPS4A",11.2059102784597,17.7845579360568,6.57864765759712,"Old"
"G3BP2",28.7624114236055,36.8172229181396,8.05481149453412,"Old"
"STUB1",22.7122217238416,15.4380332814782,-7.27418844236338,"Old"
"PACSIN2",23.4113148536206,23.753169672706,0.341854819085416,"Old"
"SNX6",9.99491683525442,13.4168472735563,3.42193043830186,"Old"
"PSMD13",8.50068884826627,10.9249279225665,2.42423907430021,"Old"
"COPS3",13.6502744815024,12.4807323111092,-1.16954217039319,"Old"
"NSFL1C",15.3341667493047,11.7057124702905,-3.62845427901425,"Old"
"PPP6R1",16.038785423326,14.9375682320931,-1.10121719123288,"Old"
"LIMCH1",24.4974033167462,17.940577324357,-6.55682599238925,"Old"
"USP24",19.7451338024345,26.4282569557445,6.68312315330999,"Old"
"MAPRE3",19.7880657622373,40.5041566928323,20.716090930595,"Old"
"PA2G4",22.8719232496009,18.3818590237917,-4.4900642258092,"Old"
"CAMK2A",42.8579569240431,34.2781458685609,-8.57981105548221,"Old"
"CHMP2B",24.4983903340485,17.0036615441822,-7.49472878986629,"Old"
"RTRAF",26.0951781608246,31.6179468838369,5.52276872301227,"Old"
"RUVBL2",20.6080848656769,17.4183516671465,-3.18973319853044,"Old"
"APOBEC2",49.1713780889698,38.9386709577217,-10.2327071312481,"Old"
"PIN4",29.2972306428603,22.5197030084187,-6.77752763444166,"Old"
"EIF3L",24.359125416619,19.4724484612406,-4.88667695537836,"Old"
"PLAA",22.0798555696636,15.5507897157053,-6.52906585395835,"Old"
"NUDC",15.401053909369,7.06679138191143,-8.33426252745755,"Old"
"BCS1L",36.0602039306474,31.5971950614442,-4.46300886920326,"Old"
"VDAC3",20.6555419553631,17.9392201400344,-2.71632181532871,"Old"
"CFL2",18.4525361455299,16.7608776286364,-1.69165851689342,"Old"
"FARSA",12.3381468219392,26.2229774749394,13.8848306530002,"Old"
"CNPY2",29.8327554471687,23.6180238439103,-6.21473160325841,"Old"
"FNDC3A",121.515911796014,76.8185888023873,-44.6973229936266,"Old"
"PADI2",17.9600559045241,19.0453033501655,1.08524744564134,"Old"
"GSTK1",27.5441961613809,17.8092667921618,-9.73492936921907,"Old"
"LAMTOR2",20.7096414327725,24.8039791125367,4.09433767976418,"Old"
"MRPS35",30.7656482473745,18.3187890956717,-12.4468591517028,"Old"
"COA3",32.5667395457473,30.4264516534091,-2.14028789233816,"Old"
"TMA7",25.7077630023061,29.0009383601702,3.29317535786409,"Old"
"SUGT1",22.3953790230996,13.2184991084509,-9.17687991464865,"Old"
"COQ6",22.9337843059517,21.3427938302486,-1.59099047570308,"Old"
"ACOT9",23.324779514079,20.3190651681856,-3.00571434589338,"Old"
"MEMO1",20.9765986590672,21.1844262380961,0.20782757902883,"Old"
"TMX2",29.8746736535727,30.3114711456473,0.436797492074565,"Old"
"SH3GLB1",23.7087024057136,15.0244491983053,-8.6842532074083,"Old"
"CAB39",21.3637631918939,14.7337683125471,-6.62999487934681,"Old"
"LUC7L2",28.4203660129977,13.4669824182194,-14.9533835947783,"Old"
"DHRS7",23.3347821221187,25.5886203417993,2.25383821968065,"Old"
"MOB4",19.4458247790346,21.0423246405291,1.59649986149451,"Old"
"SBDS",16.8146043465045,17.7593995435366,0.944795197032089,"Old"
"MRPL11",26.2621621193491,19.8129225459562,-6.44923957339285,"Old"
"PPIL1",11.0663232038402,10.9931872274905,-0.0731359763496027,"Old"
"MSRB2",38.0736679596021,26.2808216305001,-11.792846329102,"Old"
"FIS1",21.8436166350386,11.9815504806425,-9.86206615439613,"Old"
"PTRH2",26.3171900047963,33.1583864984352,6.84119649363893,"Old"
"STRAP",8.08112404190193,11.0848995918245,3.00377554992254,"Old"
"RTCB",14.6700475597119,16.2017541414907,1.53170658177884,"Old"
"RPL36",30.9445782252418,35.8433385711567,4.8987603459149,"Old"
"SAMHD1",31.3745177657086,28.6761781562574,-2.69833960945116,"Old"
"HBS1L",11.6124085552599,18.6527781300978,7.0403695748379,"Old"
"TLN1",9.99048651570245,11.9401485323341,1.94966201663165,"Old"
"USP15",16.9146032505136,18.1717214234872,1.25711817297362,"Old"
"TLN2",26.2268364566432,27.4934566266844,1.26662017004116,"Old"
"DTNA",19.1461960907101,14.737546347204,-4.40864974350606,"Old"
"HYOU1",30.4427281390145,15.8357946951612,-14.6069334438532,"Old"
"AFG3L2",23.5678328821486,16.4424809705875,-7.12535191156109,"Old"
"ARIH1",22.3691365822071,22.3999215417601,0.0307849595529959,"Old"
"RNF114",12.3950897509485,12.7782375550698,0.383147804121297,"Old"
"SAMM50",20.8810545590701,12.8105604946433,-8.07049406442682,"Old"
"PPME1",44.2138668712647,38.9445669508268,-5.26929992043795,"Old"
"TIMM9",26.1657899046471,24.2267262001193,-1.93906370452781,"Old"
"TIMM8B",27.2294791182398,23.0880041551398,-4.1414749631,"Old"
"UCHL5",23.3782336458662,15.0969792579892,-8.28125438787705,"Old"
"TIMM13",24.8931163010852,19.1111202352285,-5.78199606585669,"Old"
"SRPRB",21.2276319697692,13.5248419131825,-7.70279005658677,"Old"
"GMPPB",18.9538830422089,27.6110072007004,8.65712415849149,"Old"
"MPC1",29.1142057602279,35.1558188139892,6.04161305376129,"Old"
"SNX5",27.0492059366918,28.8204504455458,1.771244508854,"Old"
"HEBP2",16.7175217810122,20.36149608314,3.64397430212776,"Old"
"HCFC2",42.8341967041718,48.9232598400343,6.08906313586258,"Old"
"FHOD1",19.9508690572629,14.4117111973264,-5.53915785993653,"Old"
"MYH4",90.6110479540716,87.4403814730335,-3.17066648103807,"Old"
"MRPS18B",37.4533216428449,25.6358660928692,-11.8174555499757,"Old"
"COPG1",12.5048476025868,18.7952938821481,6.29044627956139,"Old"
"CLIC4",31.1789861831782,49.9557308218755,18.7767446386973,"Old"
"NFS1",33.6183227143933,35.7437237361163,2.12540102172296,"Old"
"SPCS1",18.367569366505,11.0712854758944,-7.29628389061064,"Old"
"SAR1B",15.858602843785,22.9563753537956,7.09777251001061,"Old"
"MTCH2",21.7823062313288,14.4839669784014,-7.29833925292745,"Old"
"BZW2",14.2802439296835,18.6967588599899,4.41651493030633,"Old"
"DYNC1LI1",25.769782081642,32.0562634274498,6.28648134580779,"Old"
"CHCHD2",49.2412406430587,34.8238797086179,-14.4173609344408,"Old"
"NDUFB9",29.1325136178623,25.304650438708,-3.82786317915431,"Old"
"COX11",33.7567417993888,25.7980879088627,-7.95865389052604,"Old"
"SQOR",36.3037321725482,38.8439250044348,2.54019283188657,"Old"
"SESN1",29.023274152405,26.3418471065138,-2.6814270458912,"Old"
"SEC23IP",16.7597360351321,14.0980607730027,-2.66167526212939,"Old"
