"gene","dcv_Young","dcv_Old","mean_dcv","dist_origin"
"MMP24OS",22.9367943996101,-2.43618460434077,10.2503048976347,23.0658087383992
"ESYT2",10.5849689883772,5.54791025679303,8.06643962258514,11.9507688749443
"ILVBL",5.94948202324818,-12.8038144685661,-3.42716622265894,14.1185693783193
"FSD2",-2.26903000936918,-13.8704386300856,-8.06973431972737,14.0548057608203
"TARS3",-27.7971037043969,-4.07995020038317,-15.93852695239,28.0949277982807
"VWA8",-1.06797558817746,-4.49101209433194,-2.7794938412547,4.61624972118913
"CARNS1",0.938732870941301,-17.3789054497862,-8.22008628942246,17.4042401165806
"MAP1LC3B2",-31.7698165680856,1.37272917650882,-15.1985436957884,31.7994595891478
"PGP",-6.93654409294401,2.22283257659163,-2.35685575817619,7.28399812032605
"DHRS7C",-1.30406985479537,7.06784495882957,2.8818875520171,7.18714342059754
"SMTNL1",6.23044773683844,11.8159980723911,9.02322290461479,13.3580046956208
"NUDT19",-5.78626964681897,-4.27660809369577,-5.03143887025737,7.19515762250992
"NACA",8.23783971649233,1.9901145608988,5.11397713869557,8.47481912256067
"SLC35A4",1.09883456996405,-0.726803590615908,0.186015489674073,1.31745241715983
"PDLIM1",8.42406613721853,2.03242680642629,5.22824647182241,8.66577457632681
"MYO1C",21.7844002864319,-6.98617208532317,7.39911410055438,22.8772091008769
"FXYD1",10.3728563777652,3.8252067592708,7.09903156851798,11.0556933832716
"STXBP3",20.8349223451871,-0.937004771274669,9.94895878695619,20.8559815657611
"NDUFS8",16.5461599336458,-6.7698230015096,4.8881684660681,17.8775253327063
"PSMD11",2.49768466458353,-3.45269813546285,-0.477506735439661,4.2614027148727
"PSMD12",-0.476827463236365,0.897339053565862,0.210255795164748,1.01616032531826
"PSMD9",-0.742596874081507,-1.41301593405791,-1.07780640406971,1.5962656881914
"PGRMC1",-18.1888682996155,23.8956505844461,2.85339114241525,30.0306018400347
"CLIC1",10.4138602818109,16.4440689513246,13.4289646165678,19.464220756172
"EIF3F",4.04919455342577,-4.59994503057194,-0.275375238573088,6.128251856425
"PDHX",0.886359415673553,2.45282130756553,1.66959036161954,2.60805777938309
"DCTN6",11.5031972029434,-0.842586149226026,5.33030552685868,11.534014795754
"IPO5",-0.928315012573087,-3.88336848960328,-2.40584175108819,3.99278343873197
"EEF2K",15.7130463379641,-10.0628589420529,2.8250936979556,18.6590716625094
"EML1",5.55821080209842,-3.99103861784566,0.783586092126376,6.84266735781442
"DNM1L",1.23616616383839,-2.83137046742064,-0.797602151791126,3.0894603911364
"RTCA",-3.05673509410505,-5.32606767654803,-4.19140138532654,6.14089784402112
"NDUFA4",-1.03902826188863,-7.24893754571002,-4.14398290379933,7.32302364263613
"PSMD14",-1.5048175589312,-0.238644733981719,-0.87173114645646,1.52362304876399
"BIN1",4.51475699532777,3.77448549293153,4.14462124412965,5.88470657409625
"KPNA3",-6.99082930578725,-5.83055845441827,-6.41069388010276,9.103137166551
"DDX3X",-6.78873478538386,-16.7211562223968,-11.7549455038904,18.0467167484859
"KPNA4",2.5532700905915,3.91851583881377,3.23589296470263,4.67695996717349
"CES2",17.9692242946943,-0.0797181406670688,8.9447530770136,17.9694011234371
"FBP2",-5.2070955469784,-4.00544097045939,-4.6062682587189,6.5694293057462
"PDXK",-7.25819905116367,-1.6924238222395,-4.47531143670159,7.4529022441192
"SDHD",1.72990735766281,5.05965606559429,3.39478171162855,5.3472141315082
"COX7A2L",17.3472279395909,-7.07402270077486,5.13660261940804,18.7341430110694
"GAPDHS",3.32983123835864,-2.15067966590448,0.589575786227076,3.9639877776406
"HSPB6",-3.28927626107251,-1.00680523741297,-2.14804074924274,3.43991207848941
"NDUFAB1",-25.9461587948437,-6.55641385955817,-16.2512863272009,26.7617211499009
"IMPA2",5.6510684385178,1.81986567551103,3.73546705701442,5.93687506805687
"PDCD5",2.98746629874285,3.62603127271951,3.30674878573118,4.69819727947477
"PRMT5",-4.12434425715027,-0.529819223662056,-2.32708174040616,4.1582356788968
"PSMA7",4.29000370967784,-3.88111823912108,0.204442735278382,5.78508518650226
"OPLAH",13.0294686850979,-2.09035482155378,5.46955693177204,13.196084172812
"MGST3",11.6080527437373,2.26320882404837,6.93563078389285,11.8266226236673
"RGS12",2.13457712688196,-7.4041282872481,-2.63477558018307,7.70568200775474
"HAT1",-10.5850133725486,-26.4701171003187,-18.5275652364337,28.508062147428
"UQCRQ",8.98340334578073,-9.65552747717542,-0.336062065697344,13.1882806512249
"MYL12B",1.70702140021973,-4.75040535378815,-1.52169197678421,5.0477988357409
"UQCR11",-22.3088038854497,-18.5292667722197,-20.4190353288347,29.0002837557763
"CASQ2",1.49711569891488,3.16689770494509,2.33200670192998,3.50294111990536
"HGS",-0.601013485740019,4.66015277621464,2.02956964523731,4.69874888749148
"HNRNPDL",5.84446644526668,-4.30978677079213,0.767339837237277,7.26168369178547
"XPO1",5.77105637228119,2.72726614633717,4.24916125930918,6.3830300238213
"ATP2A1",5.77475874319643,-6.92776898306149,-0.576505119932531,9.01897009778791
"SYNJ2",-18.2013487874519,31.1006366348545,6.44964392370128,36.0352424270426
"SYNM",2.85678393600567,-28.7597153544466,-12.9514657092205,28.9012532898802
"ARPC1B",-9.43731125532458,1.55106035609378,-3.9431254496154,9.56392346049057
"PGRMC2",-2.98464070012189,-4.97644605483651,-3.9805433774792,5.80285235427561
"PFDN6",-1.82780300281356,-3.28786200155859,-2.55783250218608,3.76176824889402
"NDUFA1",20.2571560542485,5.41224267935553,12.834699366802,20.9677071284968
"SURF4",-0.000121708432704537,-8.86082132126099,-4.43047151484685,8.86082132209686
"TCAP",26.2885574273902,-12.4172450523584,6.93565618751588,29.073634556132
"PMM2",-4.128428526906,-4.8236523492145,-4.47604043806025,6.34913727114588
"EIF3D",3.73672981886648,-7.72562755368745,-1.99444886741049,8.58186872641971
"EIF3H",-4.13582109771617,-30.5879750441937,-17.3618980709549,30.8663122749791
"BCAT2",-7.09707692109077,-4.39136478459993,-5.74422085284535,8.3458124526797
"STX7",17.8051617075412,-6.03478750617381,5.88518710068369,18.8000649912803
"SLC16A3",6.86506518429694,15.9682667308854,11.4166659575912,17.3814459229762
"YKT6",5.4313799234,-3.76017380183686,0.835603060781571,6.60596661301985
"ARPC5",-7.25723550025354,10.6210411968346,1.68190284829055,12.8636691193065
"TAPBP",-35.4892708999942,10.0807814598207,-12.7042447200868,36.893231138704
"DHX15",3.08028855358112,-2.29445391375912,0.392917319910998,3.84092389090014
"CYB5B",-23.2905859346239,3.74696443241073,-9.77181075110656,23.5900643414945
"NDUFS4",14.0470524000236,-2.92056899150805,5.56324170425776,14.3474528876441
"DYNC1LI2",-5.78501596836893,-6.75236907606627,-6.2686925222176,8.89161953154202
"PSMD3",-7.50302149217515,-1.89076454790365,-4.6968930200394,7.73759149139133
"RASA4",-26.9193710579569,-2.88147852494804,-14.9004247914525,27.0731501056989
"HNRNPR",-4.66266428739145,-3.06132050878035,-3.8619923980859,5.57782408421015
"TXNL1",-4.78325334714985,0.102031177777176,-2.34061108468634,4.78434143265913
"TPD52L2",-1.14981001024714,-2.56164268795911,-1.85572634910313,2.8078597401649
"ERI3",0.0752430048121049,14.6760589279469,7.3756509663795,14.676251809176
"AKR7A2",-4.46983815748604,-7.28603001339771,-5.87793408544188,8.5478468932387
"LAT",-1.95065821865865,-1.01240940410931,-1.48153381138398,2.19773526329936
"DENR",-0.526348270319151,-9.11831108892655,-4.82232967962285,9.13349000197126
"DNPH1",4.92115866519278,4.19432005389905,4.55773935954591,6.46607480025878
"TIMM44",-7.9488051289296,-6.43391470760478,-7.19135991826719,10.2263757726005
"TRAPPC3",1.00610007171495,4.0768331911839,2.54146663144943,4.19914351065113
"CHMP2A",-1.49044204079537,2.1613186270612,0.335438293132915,2.62539819544616
"NDUFB5",26.8739572400494,-9.93280445863851,8.47057639070543,28.650832137192
"NDUFB3",14.0885186352063,-9.02044633062503,2.53403615229066,16.7288615673106
"NDUFA2",11.4007801078613,-2.1961060358737,4.60233703599382,11.6103690203459
"BUB3",25.8013521190965,0.384382680356268,13.0928673997264,25.8042151831549
"ACTN4",32.697385684619,-59.5917433628078,-13.4471788390944,67.9727512141996
"GSTZ1",-4.88761434583453,-8.52221416582403,-6.70491425582928,9.82430192338261
"PRKAB2",4.45635962377589,-2.03442578194022,1.21096692091783,4.89877835369626
"AP1G1",0.771965335075992,3.67801710758959,2.22499122133279,3.75815650582579
"SYNGR2",-2.14496545866544,5.17791507100244,1.5164748061685,5.60461250233966
"SGTA",7.95485738494118,0.91379711536414,4.43432725015266,8.00717061032179
"ENSA",6.38022016609392,-1.60651571422044,2.38685222593674,6.57936943087016
"SLC25A20",-2.0735497905949,-12.7611872678257,-7.41736852921032,12.9285540265953
"NARS1",-16.7822712633085,-4.13653879778486,-10.4594050305467,17.2845474913534
"LANCL1",-11.596625642756,8.34521065072842,-1.62570749601378,14.2872064135455
"SLC37A4",-5.75783578079767,0.130039584241011,-2.81389809827833,5.75930405275702
"IDH3B",-4.07495590413762,-9.53726766941653,-6.80611178677708,10.3713422573341
"CALU",2.24433544827918,-9.53563476450657,-3.6456496581137,9.79619170731508
"AHCYL1",-11.253311837704,-8.66110688372512,-9.95720936071459,14.2004154787077
"NDUFS5",29.5921034936105,-7.24025006586128,11.1759267138746,30.4649603674903
"TIMM8A",-12.7270143279387,-10.7043070059253,-11.715660666932,16.6300656096318
"PPP1R12B",4.392276169609,-14.306652342871,-4.95718808663098,14.9657071737319
"PRPSAP2",4.74907007568629,-19.6054308640943,-7.428180394204,20.1724214201112
"SPAG9",14.5073123386128,1.0132457412552,7.76027903993399,14.5426537544644
"OPA1",2.60587285666519,-8.161659443901,-2.7778932936179,8.56757014697416
"TBC1D4",-7.30495339465818,-6.57783469227733,-6.94139404346776,9.83006883684216
"SNX3",0.186337507829732,-1.5700646818949,-0.691863587032586,1.58108341720415
"SYNCRIP",-1.32555654800216,0.480728883784963,-0.422413832108599,1.41003561006683
"KLHL41",24.4940596813747,3.9858456104461,14.2399526459104,24.8162431666249
"PLIN3",3.0089100442183,11.7607296233277,7.38481983377298,12.1395346256442
"KPNA6",6.88541343412005,4.09983577675187,5.49262460543596,8.01358668481819
"SNX2",3.26844696172171,1.58030458235558,2.42437577203865,3.63044186217077
"USO1",1.60170434826361,-5.79785468712828,-2.09807516943234,6.01502915972166
"TOM1",2.4602488055397,-1.83490341260875,0.312672696465473,3.06915211724065
"PFKFB2",6.78404033021245,2.64049192624451,4.71226612822848,7.27979400907137
"EDF1",12.5246331139261,1.65317292736517,7.08890302064562,12.6332662192414
"DNAJA2",-0.83000686827698,-3.07743271860777,-1.95371979344237,3.18739761230766
"CUTA",-7.11606466508213,-3.51268961726162,-5.31437714117188,7.93582791300618
"PFDN1",1.57492572772378,-11.5429223416169,-4.98399830694654,11.6498689791964
"NOL3",-6.09327352412,-3.00336104504726,-4.54831728458363,6.79324368815437
"WDR1",-2.19120273928235,-2.61679938826648,-2.40400106377441,3.41306438308308
"LDB3",4.96242716887825,3.59504068974242,4.27873392931034,6.12780555887054
"CLASP2",19.5876728232665,-8.0292820398728,5.77919539169684,21.1694661412884
"COBL",10.9419995784284,3.251909384574,7.09695448150119,11.4150019456769
"CPNE3",3.94541618821066,-0.1189254377685,1.91324537522108,3.94720814727867
"CLUH",-20.7843975647313,-0.673319019141193,-10.7288582919362,20.79530092666
"CAND2",-2.06680523919168,-1.00686084905836,-1.53683304412502,2.29901123662254
"COQ9",-5.72436948034685,6.3285193402549,0.302074929954022,8.53337934159186
"GGCT",-6.22656219051977,-5.80525418520115,-6.01590818786046,8.51299317908841
"NDUFS7",22.2772211178645,-11.8681832591857,5.20451892933938,25.241401597531
"RTN2",0.463092618779879,-6.54821754455322,-3.04256246288667,6.5645721707026
"NDUFS2",23.5772598682714,-9.94270598071234,6.81727694377953,25.5879773549004
"NIPSNAP2",-0.834524514782444,3.08153316637523,1.12350432579639,3.19253470165062
"TBCA",7.2274130131797,-3.97602373732881,1.62569463792545,8.2488946909802
"ATP6V1G1",-1.19470874221102,-10.2648219638689,-5.72976535303998,10.3341133595796
"VPS4B",6.62505700820145,2.92979323832026,4.77742512326086,7.24396775125527
"SH3BGRL",-14.6312262207674,3.72706379520609,-5.45208121278066,15.0984696329399
"FLNB",-0.201892527286589,-5.04845898649051,-2.62517575688855,5.05249430784944
"NDUFS6",21.2686613298243,-9.35283903509235,5.95791114736596,23.2342753874338
"CS",-9.58478945819132,-5.7328133213852,-7.65880138978826,11.168408012591
"SEC22B",10.5011652204966,-4.71805470304196,2.89155525872731,11.5123634050122
"MTX2",3.30401478714233,-9.26881145817243,-2.98239833551505,9.84009042442211
"VPS26A",0.445803385641511,-10.8499640044895,-5.20208030942398,10.8591187283944
"NDUFB1",-1.13590172144696,-2.49773676710037,-1.81681924427366,2.74389534758729
"PMPCB",-2.72533250658128,-12.6311332216302,-7.67823286410573,12.9218018764412
"NDUFS3",10.4779368543803,-6.11791496014656,2.18001094711686,12.1332618938176
"ECI2",10.1540506783862,0.571113110178377,5.36258189428227,10.1700990832859
"BANF1",-6.4647759042121,-0.317093956385648,-3.39093493029888,6.47254788076981
"CSDE1",-4.55067242387651,9.70171963807378,2.57552360709863,10.7159686190851
"PRKRA",16.5815051694061,8.50403792987682,12.5427715496415,18.6350469491178
"LYPLA1",1.86566140514438,-5.79913107419572,-1.96673483452567,6.09184813454404
"TIPRL",-1.1641807790435,3.93071757169871,1.3832683963276,4.09949478774584
"PPM1B",4.70845302876647,0.832239572879956,2.77034630082321,4.78143834329875
"SLC25A12",1.26035809586309,-4.41237038419698,-1.57600614416695,4.58884679817776
"TCEA3",-13.3064130146201,-9.27770000347182,-11.292056509046,16.2214778818106
"EIF3G",-12.2971575384032,-6.45315113715465,-9.37515433777893,13.8875211295345
"EIF3J",1.39444210026375,2.02411969719714,1.70928089873044,2.45795226145046
"PSMD10",2.17728185657178,7.78773723639029,4.98250954648104,8.08637171703209
"IDH1",2.52992724641664,1.3176289745821,1.92377811049937,2.85248628161812
"SCO1",-19.6244359245254,-2.7082238154664,-11.1663298699959,19.8104255782268
"ALDH1L1",-2.72307226105112,7.01687469672257,2.14690121783572,7.52672923974362
"ARL6IP5",11.3051303542899,2.84300284312481,7.07406659870736,11.6571281837982
"DYSF",4.07337768012929,6.62865748665923,5.35101758339426,7.78019959900895
"PIAS2",-2.63273119552914,-7.28342871230677,-4.95807995391795,7.74465024098357
"DCTN3",10.7100059301084,6.51597818923061,8.61299205966948,12.5364348514833
"ATP5PD",-0.270624796607343,-2.33979009027532,-1.30520744344133,2.35538859789406
"FLOT1",-6.27807035899064,-0.179943195466741,-3.22900677722869,6.28064861188967
"ATP5MG",-5.83969228887861,-7.69359630280123,-6.76664429583992,9.65885242144557
"GLRX3",-11.0257599662258,1.69303078750787,-4.66636458935895,11.1549870497583
"DDAH1",0.515891030425959,-18.0178931598763,-8.75100106472517,18.0252771816688
"BAIAP3",3.92109223138032,-6.78931863187304,-1.43411320024636,7.84026860331261
"TOMM70",-0.0515613295994086,-6.47576722312821,-3.26366427636381,6.47597249058794
"UFL1",-8.75898744317357,5.6050035975208,-1.57699192282639,10.3988425489519
"TMEM63A",-5.60649411204681,24.9989927286438,9.6962493082985,25.6199612348497
"PLPBP",-2.96144461149963,4.18316195073128,0.610858669615827,5.12532907168175
"ERLIN2",-3.22952329677915,-3.71234166993705,-3.4709324833581,4.92049808442095
"ENDOD1",-0.799482934808694,-11.1850269312657,-5.99225493303721,11.2135632345918
"SEC31A",9.14643780191799,-3.86196309221135,2.64223735485332,9.92834746521076
"NDUFB6",14.297089551722,-6.6651723544302,3.81595859864588,15.7743872199277
"MFN2",-1.15531648027479,-9.1616559062223,-5.15848619324854,9.23421329153775
"NDUFA3",22.4927821753413,-8.02310294494641,7.23483961519747,23.8808590895001
"NDUFB4",12.9202575453586,-8.32876278083243,2.29574738226307,15.3720962948381
"NDUFB8",19.9823618338885,-1.29745222210406,9.34245480589222,20.0244392363204
"NDUFA7",17.1538301508265,-10.9293975801191,3.11221628535369,20.3397546766847
"RTN3",6.49523648898407,-6.38658869882747,0.0543238950783014,9.10914991949418
"LETM1",-0.281473755099892,-6.6089558966871,-3.4452148258935,6.61494712897732
"STBD1",1.0065271801053,-3.61516079674906,-1.30431680832188,3.75266366074046
"ZRANB2",-31.2581141015931,47.8112585413799,8.27657221989339,57.1225536937809
"EPM2A",-33.0838935101313,5.33100351685236,-13.8764449966395,33.5106491773347
"VAPB",6.98177762480509,-3.37918218564312,1.80129771958098,7.75655149186781
"NDUFC2",19.8169599854894,-12.0677949839895,3.87458250074995,23.2022321952455
"NDUFA10",17.1831968988292,-4.72285969149229,6.23016860366848,17.8204281466372
"PGLS",14.3382468798739,2.15994398353322,8.24909543170356,14.5000235034366
"TACC2",6.84814496071999,-7.96837517063218,-0.560115104956093,10.5067641195081
"LYPLA2",18.6161564389544,-10.5121120762681,4.05202218134315,21.3790968205779
"IPO7",10.6063075530327,-6.03747242877242,2.28441756213015,12.2042956879005
"ARIH2",2.25754758467568,-10.157360201172,-3.94990630824817,10.4052144309201
"PGM3",-1.1069941371507,-20.4921189153317,-10.7995565262412,20.52199731166
"SVIL",11.150040577747,-10.5092467848625,0.320396896442233,15.3221301675239
"AHSA1",9.40326005617354,1.56652671000949,5.48489338309151,9.53285401216246
"H6PD",-8.073236988576,-4.14733453803226,-6.11028576330413,9.07620731605812
"MPC2",-1.74859049191827,-2.61537195327578,-2.18198122259703,3.14606725331938
"ETHE1",17.8374525808665,-12.7219191492046,2.55776671583093,21.9094030364489
"ACSL3",-8.06498381106421,-8.80457672937866,-8.43478027022143,11.9400391647701
"ASMTL",7.27765329552864,-10.4275175701939,-1.57493213733264,12.7160276881824
"CDS2",8.83382606946659,8.9690642803657,8.90144517491615,12.5889077004687
"SNAP29",6.61492530363563,14.5151548408594,10.5650400722475,15.9513935700553
"OXSR1",-1.44119111962359,4.36749749709493,1.46315318873567,4.59913755289102
"LSM8",6.06662575816198,15.5377806917028,10.8022032249324,16.6801252067557
"AP2A1",8.59548690618287,-2.69108751193462,2.95219969712413,9.00690552583136
"CAVIN2",7.16890904110837,3.59509604687538,5.38200254399188,8.01984865355602
"BAG2",-12.1535119865901,-3.1414452769744,-7.64747863178228,12.5529491370122
"BAG3",-5.34187635413378,5.75091249088204,0.204518068374126,7.84911698604605
"MLYCD",13.4003590868405,-17.0026862714291,-1.80116359229428,21.6485788009493
"AIFM1",-4.88906875628727,-2.53830334425022,-3.71368605026875,5.50871828750901
"EML2",-2.83460608555228,-7.10408668459198,-4.96934638507213,7.6487279519177
"BPNT1",-8.93283648031968,-2.83214525647536,-5.88249086839752,9.37105193336938
"DDAH2",-5.37302520860867,6.50054693106439,0.563760861227863,8.43365343699366
"ABHD16A",-21.8079554087052,-2.85506986321997,-12.3315126359626,21.9940524467852
"TXNDC12",-42.0731169516945,34.3244146009801,-3.8743511753572,54.2983665291226
"NUDT3",-2.44835810066107,6.69744949395819,2.12454569664856,7.1309387259458
"NDUFB10",-2.68337946043465,-5.86580903053022,-4.27459424548243,6.45044501653432
"CLPTM1",-15.6653943246053,-8.76045156120505,-12.2129229429052,17.9485400771649
"MOCS2",12.5934342069695,-17.2540971208803,-2.33033145695541,21.3611435223407
"TOMM40",12.4038900372068,-2.07948271402859,5.16220366158908,12.576992343683
"PEX11B",3.97692722395117,17.0609057597183,10.5189164918347,17.5182891712231
"CYB5A",-0.373690098684229,10.8394803824076,5.23289514186168,10.8459199356465
"ADH1B",2.47553201063126,-7.29401083511128,-2.40923941224001,7.70265232230956
"LDHA",-2.66737899709784,1.17684861441106,-0.745265191343393,2.91545594640014
"ALDH1A1",16.8259988960513,-1.66474365524046,7.58062762040544,16.908152184304
"GLUD1",-2.81544443971775,-3.52278112529771,-3.16911278250773,4.50962462405591
"CYB5R3",4.86614898979909,-2.00549783013332,1.43032557983288,5.2632145631346
"GSR",-0.484273828537333,-1.05524116032675,-0.76975749443204,1.16105772787314
"MT-CO1",-6.10467433868838,-4.7230466906884,-5.41386051468839,7.71843370275751
"MT-CO2",8.83282275728223,-5.94517532670827,1.44382371528698,10.6472469458947
"MT-CO3",27.4158125663672,19.1643235111855,23.2900680387764,33.449933846206
"SOD1",0.854358409391331,-5.92030756777433,-2.5329745791915,5.98163606287976
"CP",-0.57032117974963,24.533143498422,11.9814111593362,24.5397717218852
"F13A1",72.726939225264,2.04208182714387,37.384510526204,72.7556031331196
"HPRT1",-0.952761196679461,1.14577765657784,0.0965082299491904,1.49015446723187
"GOT2",-1.34815268619082,-9.60922231458981,-5.47868750039032,9.70333288908993
"PGK1",0.680878962405322,1.91640531411962,1.29864213826247,2.03376633107938
"AK1",-8.18572856193871,-10.2039924621972,-9.19486051206798,13.08157537372
"HP",-11.444796980878,41.7495537068179,15.15237836297,43.289821120582
"CFB",-19.7320424645716,19.1477721977612,-0.292135133405221,27.4952846859423
"MT-ATP6",2.40292574992052,1.52920531952492,1.96606553472272,2.84824877229753
"CA2",-7.5895540711919,16.6788209417389,4.54463343527351,18.3244208368541
"ASS1",-25.2566587255189,16.3775817402102,-4.43953849265437,30.1018935224115
"SERPINA1",-2.05090589714111,17.6942895452157,7.82169182403727,17.8127509809366
"SERPINA3",-19.517596127142,15.1165551329598,-2.20052049709109,24.6869762763697
"AGT",-6.20450068593532,-2.05515786468187,-4.12982927530859,6.53601580556041
"A2M",-1.91837751992346,6.63603009862559,2.35882628935106,6.90775417764793
"C3",-1.56313367926007,23.0286014291694,10.7327338749547,23.0815915976949
"CST3",-0.562891222936095,1.08633947478412,0.261724125924012,1.22351133355304
"CSTA",104.383198494308,25.8590861594746,65.1211423268912,107.538571986544
"JCHAIN",6.69378676383366,-68.3039163141548,-30.8050647751606,68.6311282516231
"IGKV3-20",26.4675683281116,-23.9982027813308,1.23468277339041,35.7273831946468
"IGHV3-7",3.19327974372717,14.1276148954834,8.6604473196053,14.4840097402889
"IGKC",-5.45642882686646,2.50330575459853,-1.47656153613397,6.00326205022448
"IGHG1",-5.2113926382517,12.5720418611918,3.68032461147006,13.6093662523125
"IGHG2",12.5720510425105,4.26302626781294,8.41753865516174,13.2751595235445
"IGHG3",-20.5780648990187,-14.563104205941,-17.5705845524798,25.2099337385349
"IGHM",-11.8710391316687,23.9314068168488,6.03018384259003,26.7139252506839
"IGHA1",-1.90013669081583,17.2278256686904,7.66384448893726,17.3322963485676
"HLA-B",36.8095257801023,-2.61353159922194,17.0979970904402,36.9021914738969
"HLA-DRB1",11.2071720478016,5.82957026138564,8.5183711545936,12.6326796342445
"MB",-1.33639912620995,-1.87861215904271,-1.60750564262633,2.30546009912074
"COL1A1",44.0155576489126,-8.51721799007552,17.7491698294185,44.8320456530283
"COL3A1",43.0423644807119,-16.6399743822478,13.201195049232,46.14687299842
"COL4A1",-1.90215585734978,8.43958309348869,3.26871361806946,8.65128659203648
"CRYAB",2.8563019321053,-10.6161299442808,-3.87991400608773,10.9936652541908
"KRT14",79.6397833375613,-8.2042618822731,35.7177607276441,80.0612578160413
"LMNA",1.51855672898795,-4.40185565680533,-1.44164946390869,4.65643079649034
"TNNC2",18.3956654993171,-28.2890316431915,-4.94668307193717,33.7441820240505
"APOE",17.1910330519933,-51.163799164662,-16.9863830563343,53.974678899986
"APOC2",-11.9488248947318,21.7000598038554,4.87561745456177,24.7723033215699
"LRG1",-7.29236470628039,19.3358999372798,6.02176761549971,20.6653238395603
"FN1",33.3432141580373,-91.936962610057,-29.2968742260099,97.7966002699059
"RBP4",4.94256625066325,31.6831473953395,18.3128568230014,32.0663498081245
"ORM1",4.86424912205771,-4.32874385447958,0.267752633789069,6.51144706491068
"TTR",-4.60857808418258,7.45001270260059,1.420717309209,8.76023294364471
"ALB",2.5762638866123,15.7276709609411,9.1519674237767,15.9372760994184
"TFRC",9.21104709701706,16.4487519990651,12.8298995480411,18.8521837183446
"TF",1.27609405993208,9.70646056762986,5.49127731378097,9.78998431054654
"FTL",45.2195595531629,30.7878830971696,38.0037213251663,54.7055967135633
"FTH1",19.3000535342313,-2.02491286041323,8.63757033690903,19.4059871822193
"MT2A",18.7965560559943,1.29556792403211,10.0460619900132,18.8411521890758
"MT-ND1",14.8647320291425,-9.89658053341723,2.48407574786263,17.8578432223107
"MT-ND2",15.6971600238561,-1.58264453445544,7.05725774470033,15.7767422662915
"MT-ND3",7.47692725799687,-0.244460319258131,3.61623346936937,7.48092254130922
"MT-ND4",13.1443147668087,12.8904900971379,13.0174024319733,18.4102619653648
"MT-ND5",-4.67738932216668,-20.3882765590721,-12.5328329406194,20.9179299147963
"MT-ATP8",0.0876456518603668,-2.11099149016813,-1.01167291915388,2.112810174117
"CAT",6.17778871304497,32.6436886166013,19.4107386648231,33.2231166491142
"ALDOA",2.76721407344306,5.61456447288586,4.19088927316446,6.25945748036149
"CSTB",33.3463636952782,0.487517725021192,16.9169407101497,33.3499272147628
"ANXA1",158.738519526568,21.3976495675927,90.0680845470802,160.174208249968
"SOD2",-16.1379965566547,1.03439911093338,-7.55179872286064,16.1711135789499
"KRT1",-0.347464441051159,12.2142549916252,5.93339527528704,12.2191962312681
"VWF",12.9631394718006,-15.6878136602141,-1.36233709420673,20.3506875167144
"GAPDH",1.82444436920709,-5.96125611158813,-2.06840587119052,6.23419374773341
"HLA-A",-3.6478489170629,-9.06659759187275,-6.35722325446782,9.77292144727817
"CAPNS1",-2.29157700245396,1.27226857479908,-0.50965421382744,2.62106705076332
"HSPB1",-1.25738724362214,-16.1110483291783,-8.68421778640023,16.1600402519778
"RPN1",0.700921353624862,1.53478459703368,1.11785297532927,1.68726242868712
"RPN2",-6.78315488982197,-5.99293179598784,-6.38804334290491,9.05132154829767
"GNAI2",2.26158240500906,4.93053565663423,3.59605903082164,5.42447571991875
"ATP1A1",-5.76290556058731,6.47984422777427,0.35846933359348,8.67176231895614
"ATP1B1",-3.85441304498419,3.83583210216052,-0.00929047141183759,5.43784036519182
"APOD",89.8573850218399,8.89585158814038,49.3766183049901,90.2966545251893
"ALDH2",7.47571209437753,-0.49254723660961,3.49158242888396,7.4919205880945
"S100A8",232.145897441671,113.515022781705,172.830460111688,258.413192573696
"SLC25A5",-2.00175067763278,-8.48392852297723,-5.242839600305,8.71688298409413
"SERPING1",6.15135111180121,21.0349361418416,13.5931436268214,21.9159224992244
"PCCA",5.39419077928877,-2.50538519799965,1.44440279064456,5.94762550550383
"PCCB",-4.85647274854382,-4.31120201519395,-4.58383738186889,6.49398108814317
"EIF2S1",3.08437837775456,-1.41366577836108,0.835356299696742,3.39291038933673
"RPLP1",18.965816107793,8.41780475593624,13.6918104318646,20.7499787359814
"RPLP2",9.54778146615594,9.03549452223742,9.29163799419668,13.1453524938228
"RPLP0",5.02801036877989,7.37607829037292,6.2020443295764,8.9267810107714
"FABP3",0.123595027510081,0.872869488894683,0.498232258202382,0.881576358274473
"CLEC3B",11.0927698860763,-17.5773240063971,-3.2422770601604,20.7848950676039
"SSB",10.8622730851244,-9.89512155469444,0.483575765214965,14.6936179056758
"ITGB1",4.64528269078808,-1.28212956784964,1.68157656146922,4.81897369842269
"KRT18",15.5043097362453,11.483039851043,13.4936747936441,19.2936213453585
"KRT8",37.2506902338522,15.1687194064587,26.2097048201554,40.2206908360645
"MYL1",29.392203053558,4.38665526490399,16.889429159231,29.717744610833
"GSN",15.3464877082633,26.9209230399624,21.1337053741128,30.987913487414
"PTMA",-3.10452043662735,5.42044791415213,1.15796373876239,6.24654326259517
"ATP5F1B",0.70959626439239,-12.1398820505141,-5.71514289306083,12.1606029068806
"S100A9",226.267035845311,90.2468488430052,158.256942344158,243.600626510515
"S100A6",18.3225924596913,50.1687343157813,34.2456633877363,53.4099175930032
"EIF4E",-1.41941897945321,-14.4053420135372,-7.91238049649522,14.4751037566648
"CKM",-2.62530035709775,1.87635528740291,-0.374472534847419,3.22690426408073
"ENO1",-4.46400069726124,-9.19716280531578,-6.83058175128851,10.2232629767914
"PYGL",-14.8416434592199,-1.66839660852921,-8.25502003387453,14.9351239637961
"GPI",-3.24187730771541,-0.7229673619618,-1.98242233483861,3.3215132522304
"NPM1",-3.49569902979907,5.95876553292412,1.23153325156253,6.90845846649617
"TPM3",10.5472107599119,-37.0764953296642,-13.2646422848762,38.5475052467033
"EPHX1",8.46308199804823,-6.60765031807233,0.927715839987949,10.7370759348907
"DBI",6.92417149653053,-2.02232728989002,2.45092210332026,7.21345677056429
"LDHB",7.73000500445762,0.379636086744185,4.0548205456009,7.73932173561084
"GPX1",8.72986752424322,2.59582303838797,5.66284528131559,9.10762780516761
"P4HB",3.85464568246912,4.03031372809529,3.94247970528221,5.57689179420322
"H1-0",-0.0997138968912665,4.11423539333545,2.00726074822209,4.11544356455138
"CTSD",11.5706598543766,5.64264918298503,8.60665451868081,12.8732147992614
"ANXA2",9.25620043949464,9.79708144382203,9.52664094165834,13.4781323406837
"CAPN1",-2.03000931787046,-2.52445719484122,-2.27723325635584,3.23941691654941
"TUBB",4.79193700169981,1.82163970881155,3.30678835525568,5.12650284862681
"CA3",2.21756153694965,9.17986850359532,5.69871502027248,9.44391682054961
"DCN",9.5743926658203,-0.298613483201251,4.63788959130953,9.57904822681582
"PSAP",2.54272359117307,-0.998920908060335,0.771901341556367,2.73190157979166
"PFN1",-0.0265540310273717,0.450505074585955,0.211975521779292,0.451286980525141
"BPGM",2.78054562350052,29.4478319448617,16.1141887841811,29.5788140434532
"APRT",6.90986741801169,2.1951389714143,4.55250319471299,7.25016571109388
"EPRS1",4.89083116094789,-3.18399208239593,0.85341953927598,5.83592623545387
"CTSB",12.7053821484156,-7.41193694888982,2.6467225997629,14.709301304671
"HSP90AA1",1.02890619221802,-0.543823378160523,0.24254140702875,1.16378340726207
"UQCRH",4.2398005199031,-4.99466682124953,-0.377433150673215,6.55153456099115
"TPM2",24.1757987224618,-42.6447529936356,-9.23447713558694,49.0208547636328
"FH",-2.38498383540662,-5.95894725509087,-4.17196554524875,6.41850452084486
"COL1A2",40.4143964772409,1.10492642560973,20.7596614514253,40.429497956636
"ANXA6",1.06063913613093,4.2774974209045,2.66906827851771,4.40703296594627
"PFKM",-3.1139454396883,-8.94818901015995,-6.03106722492412,9.47453126877013
"HSP90AB1",0.476718127681288,1.81906703665586,1.14789258216858,1.88049596040723
"SOD3",13.9288635729339,11.7805716235965,12.8547175982652,18.2426727266618
"PDHA1",-3.891324219609,-1.22706624661782,-2.55919523311341,4.08020780790689
"COL4A2",2.51629872548018,-2.67710620248209,-0.0804037385009551,3.6740518362186
"CYC1",3.5922544255733,-5.30530135839403,-0.856523466410362,6.40706753214203
"MYL3",10.1403366003879,-6.59286205637677,1.77373727200555,12.0951335860163
"CFH",19.4378697892079,25.5099026773695,22.4738862332887,32.0715748997623
"NFIC",10.9377042193276,-9.37536297625314,0.781170621537221,14.4059294919139
"VIM",1.74638918337564,-3.79773877922178,-1.02567479792307,4.1800352887286
"SERPINF2",-3.51113411239173,12.8910947804986,4.68998033405343,13.3607031025691
"RPS17",2.18720346782408,-15.2526728036756,-6.53273466792575,15.4086951642781
"KRT19",-8.95485991112335,-16.8063748416017,-12.8806173763625,19.0432074857222
"ANXA5",3.53335164984548,1.05025765701808,2.29180465343178,3.68613822686981
"RPSA",3.9699370806315,-7.84724063322905,-1.93865177629877,8.79429280726847
"SNRPA",-8.51600141669917,0.314560142630565,-4.1007206370343,8.52180897536162
"ENO2",-5.39756891521905,-4.69325812384848,-5.04541351953377,7.15265139732175
"ACAA1",-5.71265805198401,-3.87508068254833,-4.79386936726617,6.90294953734684
"GSTP1",2.04629698464398,-2.86246492149668,-0.408083968426354,3.51866974525346
"LGALS1",-1.65901166079114,9.59652101041613,3.96875467481249,9.73886724388413
"QDPR",0.898420803677517,-5.04811244945406,-2.07484582288827,5.12743593258986
"HMGB1",-0.482702510531293,6.99581721103173,3.25655735025022,7.01245036801267
"FBP1",-10.7566059822388,4.92272588556471,-2.91694004833704,11.829530945965
"GSTM1",6.42307739078662,-36.4241737091295,-15.0005481591714,36.9861643531858
"TPM1",25.8026506941262,-27.9299078588952,-1.06362858238447,38.024420256586
"CLTB",9.57063323026026,-4.64002754162352,2.46530284431837,10.6361118842924
"ANXA4",-6.51469232527148,-3.53374959456465,-5.02422095991807,7.41138329126466
"HMOX1",-9.50015287027086,3.26649730246071,-3.11682778390508,10.0460394776001
"DLD",1.04544883960107,2.07954336398014,1.5624961017906,2.32754460298768
"HNRNPA1",6.78289221172029,-1.59189775589518,2.59549722791255,6.96719206144339
"COX6C",2.83728247921719,-8.99803879609876,-3.08037815844078,9.43476942182327
"PARP1",-3.91846433260522,-7.63629393195501,-5.77737913228011,8.58296846907363
"IFIT2",-8.0244118751626,-8.75147654298366,-8.38794420907313,11.873480013233
"UCHL1",18.8160825886446,29.0633354476346,23.9397090181396,34.6225711252707
"LTA4H",-1.13923193502367,-4.62826498373141,-2.88374845937754,4.76641229452636
"ALDOC",-17.310455559097,-16.3339023196133,-16.8221789393552,23.8001730382395
"LIMS3",-6.37553662069936,-3.94086459248204,-5.1582006065907,7.49519052047092
"HSPA1A",-5.69260682464026,2.19322067880039,-1.74969307291994,6.10049091515253
"IGLC2",-12.8357845733904,12.9695060675338,0.0668607470716864,18.2473409912316
"IGLC3",8.11743295806548,8.41821993309825,8.26782644558186,11.6944065548749
"CALM1",1.91127755828805,-5.01851164069287,-1.55361704120241,5.37014347970196
"FDX1",-26.9653875694543,5.8780313135394,-10.5436781279574,27.5986119015763
"COX8A",18.534623550885,-9.05421104203035,4.74020625442732,20.6279181636598
"GAA",3.13304639885096,0.290883911777286,1.71196515531412,3.14652080677751
"RRAS",-0.902467044291164,3.72785863364904,1.41269579467894,3.8355412601748
"ARAF",7.27734562706653,19.3457282013042,13.3115369141854,20.6692273444007
"DLAT",-2.17180645968988,-2.70534682006873,-2.43857663987931,3.46924267170901
"TXN",1.6176152033461,-0.545084721316275,0.536265241014911,1.70698456334815
"COX5B",12.2168941366956,-9.07530306597312,1.57079553536124,15.2188576472247
"MAPT",12.8957261573045,-1.91264848399593,5.49153883665428,13.0367932156462
"PRKAR1A",-0.58985419169484,-4.79177847366914,-2.69081633268199,4.82794665548191
"ESD",-4.39671400615032,1.90191601595728,-1.24739899509652,4.79044659542648
"HSPD1",-0.504753087914562,-5.71536009822573,-3.11005659307015,5.73760548767081
"THRB",26.0215367034592,33.9099783035206,29.9657575034899,42.7435024413619
"CLU",-15.4584900371947,29.2190708428281,6.88029040281673,33.0563006875884
"MYL2",10.797210089805,-2.52990917616674,4.13365045681913,11.0896431936758
"HSPA5",5.66884744048613,9.9995223797619,7.83418491012401,11.4946195729509
"LAMC1",18.0856930019956,-25.4258880464343,-3.67009752221937,31.2020524054467
"MYH3",-11.6244097025746,-35.3062105037311,-23.4653101031529,37.17062551353
"HSPA8",-0.27378170889129,2.77065237502537,1.24843533306704,2.78414636960005
"EPB41",-8.79766320859235,28.0747414668483,9.638539129128,29.4209106990622
"PDHB",2.60130567241947,-2.26707308485868,0.167116293780396,3.45056684813559
"DBT",1.23764288754652,-3.53509152607134,-1.14872431926241,3.74548154644978
"PYGB",-1.36166118216681,2.59260120591362,0.615470011873407,2.92842998685724
"PYGM",-3.42052622837788,3.9762073255544,0.277840548588257,5.24501900614416
"RALA",13.1106703044838,5.1434094922876,9.12703989838572,14.0834774483516
"SPTB",-1.50808807990005,22.4415891683448,10.4667505442224,22.492204295211
"LAMP1",15.009286887843,6.47662322418935,10.7429550560162,16.3470285149835
"ACADM",2.45975657064767,-2.06949138680635,0.195132591920659,3.21452904589616
"UBL4A",-0.600844058685823,9.92568312707136,4.66241953419277,9.94385232804103
"DMD",6.79611734425573,-8.16370233312211,-0.683792494433191,10.622299503437
"MTHFD1",-0.627048723702808,0.390934509719891,-0.118057106991459,0.738931588705783
"ADH5",-3.21465111783039,-9.43359135876048,-6.32412123829544,9.96627451625976
"PABPC1",-3.7558311758016,-3.83111039663667,-3.79347078621913,5.36504190965371
"HARS1",0.478688895932194,-2.88611140052647,-1.20371125229714,2.92553962122164
"COL6A1",39.9359073230415,-23.948097975859,7.99390467359122,46.5659541980609
"COL6A2",16.6427035494287,-23.7686117215906,-3.56295408608096,29.0159694755475
"COL6A3",22.4565231633445,-37.0401323248879,-7.2918045807717,43.3158958724281
"SLC25A4",-4.09081045786888,-10.4504508146991,-7.27063063628397,11.2225956192252
"SLC25A6",-13.2810482135868,-0.626861871241584,-6.95395504241421,13.2958338383583
"IMPDH2",3.06252558375416,-8.6376580829445,-2.78756624959517,9.1645076304734
"CKB",1.69682043569356,-0.800869810392983,0.44797531265029,1.87632407760125
"ANXA3",-12.6773918898024,-18.7390963973704,-15.7082441435864,22.624544170382
"BCKDHA",27.5290171167097,8.54784498311755,18.0384310499136,28.825551812021
"ACTN1",33.8768924205296,-46.7185699847811,-6.42083878212576,57.7084796325031
"MYH1",-3.62106434560347,-41.6585043454713,-22.6397843455374,41.8155843113145
"MYH7",23.3375142044555,2.19364699131847,12.765580597887,23.4403851582196
"PEPD",-8.41499546818355,-2.15054900516135,-5.28277223667245,8.68544816075429
"XRCC6",5.4872111803379,0.721533443503038,3.10437231192047,5.53444640842412
"XRCC5",0.734123428388269,0.677338438497427,0.705730933442848,0.998861636251328
"COX4I1",11.8147173172259,-10.0484821786738,0.883117569276047,15.5099819271682
"IFITM1",1.96020701992506,-5.96092733814359,-2.00036015910927,6.27495548124376
"LAMP2",0.139429327738743,12.889021798584,6.51422556316137,12.8897759275252
"RNH1",-2.03501718770224,-2.22140257661953,-2.12820988216088,3.0126274847142
"MYH8",38.3924352801164,-23.1578174039575,7.61730893807948,44.8359631730262
"VCAN",0.609906428969451,8.49062133303151,4.55026388100048,8.51249883835693
"EEF2",-3.30282823877507,-0.894885831264066,-2.09885703501957,3.42191394191134
"KRT10",5.70376995588438,24.4861157000676,15.094942827976,25.1416557487121
"KRT5",61.5968362076536,43.3003961838008,52.4486161957272,75.2933897527971
"PDIA4",-0.203920365414696,1.32740531198311,0.561742473284207,1.34297743008281
"TPT1",5.85197190899888,0.959908114751553,3.40594001187521,5.93017696299848
"ALAD",-0.367075811229199,-0.308116743562817,-0.337596277396008,0.479250017061376
"LCP1",-4.88904972929636,-1.12732223710039,-3.00818598319838,5.01733621374867
"PLS3",22.0971279680797,-5.23334156863886,8.4318931997204,22.7083889435541
"APEH",-4.13791371464503,-3.37810103843633,-3.75800737654068,5.34171288405995
"ETFA",-4.3167790158545,-8.26028413099378,-6.28853157342414,9.32024007182591
"TNNT1",-4.23379719115795,-37.2182677862025,-20.7260324886802,37.458303427429
"GYS1",6.99221663079627,2.35036491984479,4.67129077532053,7.37667327922424
"PRKAR2A",-3.09655831425778,-2.33970673456765,-2.71813252441271,3.8810953347451
"ENO3",-6.59185938110462,-3.88541189866345,-5.23863563988404,7.65173416439257
"CD59",-4.82291307569672,9.92881406037118,2.55295049233723,11.0381990913894
"MIF",-0.794127844496188,-0.262198790120827,-0.528163317308508,0.836293751587914
"CD99",4.42587032557192,-3.663970085815,0.380950119878463,5.74569446877619
"PRKCSH",1.8474645031414,-7.198308474332,-2.6754219855953,7.43160615089412
"FDPS",2.47573950692044,-1.34540246196834,0.565168522476052,2.81769300861488
"COX7A2",5.88615202548066,-11.1559645923294,-2.63490628342439,12.6135772742065
"NID1",-12.624050013597,-20.911632184297,-16.767841098947,24.4266862131793
"AKR1A1",9.56268334472992,-7.0350134243547,1.26383496018761,11.8716606518391
"PKM",-5.89042261338258,3.89967833818428,-0.99537213759915,7.06431664816581
"ACYP2",-2.45492082324179,-8.51502916807604,-5.48497499565892,8.86184845173804
"HSP90B1",3.93271759882558,3.0660340463566,3.49937582259109,4.98666546757754
"MYL6B",-7.3601446174635,27.182207161321,9.91103127192873,28.1610389536847
"IDE",8.55533308388444,-3.34786123989569,2.60373592199437,9.18705061800595
"COX6B1",13.4791265253271,-5.21575552727926,4.13168549902391,14.4530604927164
"HNRNPL",-3.48623876900634,-4.11548670608099,-3.80086273754367,5.39361581709823
"DARS1",5.8907080188647,-7.56335122627333,-0.836321603704316,9.58669508931452
"JUP",50.6540478630324,-0.16035975737821,25.2468440528271,50.6543016945468
"UQCRB",5.08166469227342,-0.509653543534565,2.28600557436943,5.1071579943385
"CPA3",-13.8633316991742,7.34799730238044,-3.25766719839686,15.6902845785893
"FABP4",-7.31809449231917,-6.51209050932263,-6.9150925008209,9.79601091261754
"GLUL",-9.66772502117231,12.8187876605215,1.5755313196746,16.0557224742626
"AKR1B1",-5.43512579203545,-4.13399183024621,-4.78455881114083,6.82865146480558
"GSPT1",2.70885921126278,-1.07450787045564,0.81717567040357,2.91418691749763
"PGAM2",-11.1460533481242,2.83040485702617,-4.15782424554904,11.4998129069089
"EZR",7.38775061687278,13.139169334238,10.2634599755554,15.0737065770462
"UCHL3",-5.76485562386857,-1.2620525537849,-3.51345408882674,5.90138433018594
"NME1",-1.52118307496678,9.36088136694724,3.91984914599023,9.48367533784373
"RPS2",-12.1317528819085,-6.95864688460721,-9.54519988325784,13.9857854428111
"RPA2",0.0565559537116194,-7.79917275245426,-3.87130839937132,7.79937780842326
"COX7C",-9.52550415455495,-5.02458273212822,-7.27504344334159,10.7694782153289
"NQO2",3.18801104998245,-4.19668449442614,-0.504336722221844,5.27025380798373
"PFKFB1",-10.1054074467391,-4.1545686458621,-7.1299880463006,10.9261017887346
"CBR1",-5.42290400538058,15.1494350929744,4.86326554379693,16.0907821900558
"ANK1",0.171176842735289,41.9770080454144,21.0740924440749,41.9773570625435
"ACADS",2.27236752960444,14.22723869433,8.24980311196724,14.4075665903387
"PPP3CB",6.44716222003573,-3.125978827056,1.66059169648987,7.16502926153539
"ATP2A2",1.56199230339229,-2.97632792657879,-0.707167811593246,3.36130151613769
"CD36",-1.46061625980332,1.46675862282726,0.00307118151197017,2.06997118724874
"FAH",-0.385593647863828,-3.15779393330691,-1.77169379058537,3.18124896644428
"YBX3",-2.56984969357136,-1.42083345512814,-1.99534157434975,2.93647665660059
"TMEM11",0.0729228142179998,0.683447648677294,0.378185231447647,0.687327014830637
"GOT1",-3.29882954220305,-1.96106913256405,-2.62994933738355,3.83771657254767
"CKMT2",5.27378269909059,-13.8804257979728,-4.30332154944113,14.848535425767
"NDUFB7",33.9274839473993,-7.56232429257613,13.1825798274116,34.7600764629067
"PRKACA",-3.40053289447896,-4.37915531357251,-3.88984410402573,5.54442289393799
"CAPN2",4.5434522672292,11.9800643051011,8.26175828616517,12.8126850916952
"DES",13.1543452444209,-43.5833436440036,-15.2144991997914,45.5252088627908
"PFKL",-8.45649438164405,-9.81061014839423,-9.13355226501914,12.9522341204347
"LGALS3",28.2788146082897,23.9835540989148,26.1311843536023,37.0796739854275
"FLT1",51.169061239159,-24.4647251735988,13.3521680327801,56.7168017955572
"PSMC3",-1.9714640443425,-2.4556697647938,-2.21356690456815,3.14912439764734
"TCP1",0.398861833939858,-0.70419978623749,-0.152668976148816,0.809313351867368
"RPL35A",43.8168560239234,5.95097334465155,24.8839146842875,44.2191243193483
"ARF4",-5.15677216193646,-10.429247164648,-7.79300966329222,11.6344959302688
"RPL7",10.5452688650147,6.52761984026255,8.53644435263861,12.4021174085088
"VCL",-0.163918679290218,-2.95267686899492,-1.55829777414257,2.95722336425876
"RPL17",8.2290357451855,2.95367213870674,5.59135394194612,8.7430663041357
"PGAM1",4.82691447792074,-3.40784591213049,0.709534282895128,5.90868150588482
"ATP5PF",-7.44017408178397,-9.02255415334722,-8.2313641175656,11.6945574442701
"TSPAN8",-5.72223906676021,-13.0401471779195,-9.38119312233983,14.2404163688762
"TNNI1",3.91142129120955,-27.7110524010184,-11.8998155549044,27.9857399703727
"NCL",3.42988130191515,-0.647405966072462,1.39123766792134,3.49044699574902
"HK1",0.236788430348014,-8.92624122259716,-4.34472639612457,8.92938134053751
"NDUFV2",15.1025322683983,-6.378067769436,4.36223224948115,16.3940912950224
"SRM",-17.4914640731511,-2.1744089067488,-9.83293648994995,17.6260991009379
"TYMP",-2.65396278180574,4.88697038701143,1.11650380260285,5.56111481725892
"EIF2S2",3.19819600672924,-2.00409856298668,0.597048721871277,3.77423750546042
"ANXA7",2.94373716338418,-0.928943982348025,1.00739659051808,3.08683096547734
"TPSB2",-19.630702338766,-3.43275765055606,-11.531729994661,19.9285799644802
"BTF3",-8.1058156800925,12.9986602306101,2.44642227525878,15.3189234488092
"RAB6A",-2.14414995478251,-3.16673776387811,-2.65544385933031,3.82434400829287
"PVALB",45.5225596263191,-45.632282760767,-0.0548615672239379,64.4562538850216
"PSMB1",-0.377179130668257,-8.76592126607468,-4.57155019837147,8.77403212551858
"COX5A",17.3820234167828,-10.2609834050622,3.56052000586029,20.1847100177473
"CAPN3",-14.3569166245522,-9.54897834249568,-11.9529474835239,17.2425068464477
"CAST",-2.0098007063971,0.1243064564243,-0.942747124986401,2.01364122289524
"NEB",4.36944702929289,-31.8893835574423,-13.7599682640747,32.1873399182888
"PTMS",-14.8015375480267,26.5033539318423,5.85090819190781,30.3564372649714
"GSTM3",0.412818770256482,-14.028848697955,-6.80801496384924,14.0349212725682
"ATP6V1B2",-4.17349784794451,0.400966258370833,-1.88626579478684,4.19271489934021
"CSRP1",20.1298630699933,29.847754185585,24.9888086277892,36.0013863224708
"FLNA",4.76571464280563,-4.33333310535024,0.216190768727694,6.44125856169245
"MAOA",12.7056402886884,-0.5704321379148,6.06760407538678,12.7184388967163
"ACO1",-0.0492044218992547,-1.18618379305,-0.617694107474628,1.18720388561903
"GPD1",-2.12815963740811,-0.513917714997319,-1.32103867620271,2.18933205797592
"VDAC1",7.35055053645009,-7.55244431953537,-0.100946891542642,10.5389756802352
"BGN",16.8646594831373,-23.3708472846798,-3.25309390077125,28.8203615918676
"RYR1",-4.12320429524758,-13.3506261835721,-8.73691523940986,13.9728319661345
"SDHB",-7.125334762802,-5.76820914413506,-6.44677195346853,9.16747687275392
"COMT",-9.84748555282127,1.23937735567328,-4.30405409857399,9.92517143140506
"TGM2",-9.08360682232218,-0.90093270787974,-4.99226976510096,9.12817575677997
"MMUT",-10.6313856346919,-10.5884937075298,-10.6099396711109,15.0047512311245
"OSBP",-0.410642980539222,3.34666493427338,1.46801097686708,3.37176420287084
"PCMT1",-0.499587665353239,-6.18652484802892,-3.34305625669108,6.20666396147338
"GART",1.51578585773891,-0.356483398725944,0.579651229506483,1.55714070658001
"PAICS",3.16523492400845,-1.84306115511508,0.661086884446685,3.6627293847153
"SCP2",12.5036536606125,-5.59552508503893,3.45406428778681,13.6985859066493
"UBA1",0.595768115991,-3.65127798841929,-1.52775493621415,3.69956356841543
"GPX3",-12.7484279419645,5.93392657014378,-3.40725068591036,14.0617886320098
"NME2",0.736102293827312,0.414774789290121,0.575438541558716,0.84491698574978
"HNRNPA2B1",0.402890830684036,0.512289513299418,0.457590171991727,0.651737345013946
"UQCRC2",3.33888686840533,-8.14213068828439,-2.40162190993953,8.80013963895528
"FECH",-10.7858605385587,-8.60165318174235,-9.69375686015052,13.7957683735345
"AMPD1",-13.4708232540476,-7.76337051747374,-10.6170968857607,15.5477651427262
"FBLN1",-0.968048500917998,-4.9210523269986,-2.9445504139583,5.01536378592699
"SFPQ",7.60854165903581,4.82653925809152,6.21754045856367,9.01029341293512
"PPIB",17.3406907481568,9.21025028264943,13.2754705154031,19.6348737172475
"S100A1",-14.4968550861602,-0.39797416640139,-7.4474146262808,14.5023167399644
"HRC",-2.53584110744551,7.70198227460624,2.58307058358037,8.10870033239355
"ME2",-8.92330407190092,-1.43696553944459,-5.18013480567276,9.03826451931757
"WARS1",-7.24292490270141,-2.54986287471296,-4.89639388870719,7.67865625132495
"RPS3",-0.733833457182911,-4.74584968673698,-2.73984157195995,4.80224955536283
"GCSH",-21.2324733205085,-3.72823891224686,-12.4803561163777,21.5573117223112
"AHCY",1.83905275969799,-5.41354607869838,-1.78724665950019,5.71739417909447
"CFL1",2.87219660388408,0.93551117946337,1.90385389167372,3.02071092596828
"EIF4B",-1.46774734358002,-1.79293992832744,-1.63034363595373,2.31709211106875
"ATP2B4",-0.303369543708705,0.88848740514576,0.292558930718528,0.938851931431508
"CPT2",-10.3216653150572,0.866003816681513,-4.72783074918784,10.3579311393039
"LAMA2",7.11459627585312,-28.2997463061846,-10.5925750151657,29.1803550554614
"GPT",-7.96382689650758,3.8760504276537,-2.04388823442694,8.85699191346882
"COX7A1",13.9899579908135,-6.85459824503222,3.56767987289064,15.5789743463915
"COX7B",26.9059288583667,-10.3390857706973,8.28342154383472,28.8240472922406
"EEF1B2",-0.272047191768721,6.90584488726464,3.31689884774796,6.91120129076765
"ATP5PB",-3.23721895597164,-3.1502268694294,-3.19372291270052,4.5170251159117
"ACP1",-3.36629003020909,-0.276378417096211,-1.82133422365265,3.37761655563827
"ACAT1",3.8635836509441,-5.69186952534974,-0.914142937202819,6.87929192006326
"MYL9",14.7361985994799,56.8346352597847,35.7854169296323,58.7139788659913
"AZGP1",-1.34422431528508,6.9904586640187,2.82311717436681,7.11852873444771
"MPST",-5.6597871189979,8.2228838628339,1.281548371918,9.98243503630395
"RPS12",-11.0875493065777,-8.75354500313781,-9.92054715485778,14.1265105297717
"DNAJB2",-13.3540494083319,-6.2972030983381,-9.82562625333502,14.764328716941
"ATP5F1A",-2.60633705015694,-6.0432361937682,-4.32478662196257,6.58131419343361
"PSMA1",3.54997782213433,-8.63456366079124,-2.54229291932845,9.33584662202107
"PSMA2",-0.630907106953362,0.630447352618269,-0.000229877167546633,0.891912351090423
"PSMA3",0.514824128865607,-9.86173835534445,-4.67345711323942,9.87516720227734
"PSMA4",-2.06128638487078,-4.36597734527607,-3.21363186507343,4.82811140508559
"MSN",9.51767715713912,19.1957418417945,14.3567094994668,21.425748139198
"DDX6",9.55355523502945,-7.45928440309888,1.04713541596529,12.1206988839371
"U2AF2",4.6324369469257,-3.72337968579866,0.454528630563521,5.94331795816617
"RPL13",17.2896955295231,3.99670747976543,10.6432015046443,17.7456260014243
"IVD",3.20272015587201,3.51533914282272,3.35902964934736,4.75552580540684
"S100A4",37.3826502551301,19.1435202178057,28.2630852364679,41.9992488793182
"HMGB2",7.34835998878339,6.46408694427582,6.9062234665296,9.78686949682633
"TARS1",-3.37819421720002,-2.95634205257535,-3.16726813488768,4.48911511335464
"VARS1",6.13699462735169,4.97628312158077,5.55663887446623,7.90101871673983
"EEF1G",3.68989872515799,1.30393238827325,2.49691555671562,3.91351405709888
"PLN",2.57030816481591,1.12779208538942,1.84905012510267,2.80684859762445
"FKBP2",29.4056619904689,11.5589449382058,20.4823034643374,31.595920071778
"STOM",-5.35966902925977,32.0447661631128,13.3425485669265,32.489892128965
"MAOB",7.71596778899497,5.42823917187496,6.57210348043496,9.43408392096899
"YWHAQ",-0.891065158423833,2.9435132733572,1.02622405746669,3.07542964591729
"MAPK3",9.85472758262225,0.131153845711612,4.99294071416693,9.85560028912196
"RPL10",-2.99819032616108,-7.69111953202631,-5.34465492909369,8.25484493420697
"RPA1",-1.91200814956049,1.282285520672,-0.314861314444247,2.30217968901448
"APEX1",1.45399795069642,-1.59234039211512,-0.0691712207093502,2.15630655635759
"CALR",-0.76099840376606,0.796656974929958,0.0178292855819491,1.10171725330914
"MAP4",9.69637364134255,-3.9272300957247,2.88457177280893,10.461491194724
"CANX",7.44017691623442,-0.484712390224063,3.47773226300518,7.45594921160976
"PSMA5",-6.19945185522786,-4.39265697291332,-5.29605441407059,7.59793646900079
"PSMB4",-5.29718870667941,-4.92481994165876,-5.11100432416909,7.23284588885535
"PSMB6",2.71326675983798,-5.35092273292365,-1.31882798654284,5.99951586411444
"PSMB5",-0.499072357724895,-8.33643775627662,-4.41775505700076,8.35136322300254
"GSTM2",0.616509599900716,-2.45880784388791,-0.921149121993597,2.53492013679612
"TMOD1",7.38686178629062,-22.5862527519322,-7.59969548282077,23.7635127963844
"NDUFS1",16.9879218632262,-4.59474404970832,6.19658890675893,17.5983283897479
"MAPK1",2.99574526068784,-4.92714129603831,-0.965698017675239,5.76638630496256
"RBL1",-6.9289495407977,7.75075397993037,0.410902219566337,10.3963709531897
"LAP3",-2.29861425190564,1.00822899010376,-0.645192630900939,2.51001059271657
"CD38",6.32815856516994,10.0079472586703,8.16805291192013,11.8408023021356
"TPP2",-0.705114865885065,0.777700107845426,0.0362926209801806,1.04976398863502
"IMPA1",2.49626933855698,0.711383054558418,1.6038261965577,2.59565530472221
"EPHA2",-7.1196475592027,56.3039236887875,24.5921380647924,56.7522792856821
"TKT",-4.74303129381078,-24.5482560880354,-14.6456436909231,25.0022643538108
"EEF1D",-2.44590558981517,-2.21495641609246,-2.33043100295382,3.29977061013008
"MARCKS",-13.0659276337602,10.0818523072856,-1.49203766323733,16.5033999792945
"GNA11",-3.55702432093261,-12.14883397305,-7.85292914699131,12.6588541710709
"ALDH4A1",-4.39352930881573,-7.08244110261476,-5.73798520571524,8.3345108890342
"ERP29",-4.76900949002288,-9.9351996182583,-7.35210455414059,11.0205101048258
"PRDX6",0.096183688599563,7.26337211883034,3.67977790371495,7.26400893711968
"BLVRB",1.302442942571,16.1864909052273,8.74446692389915,16.2388067740108
"PRDX5",-6.19786128124745,-9.40521935523739,-7.80154031824242,11.2637309796407
"DDT",-0.581663101334158,-1.07216864702253,-0.826915874178344,1.21978587100843
"PRDX3",0.699004470104132,-8.46768285353714,-3.8843391917165,8.49648516489686
"ATP5F1D",0.967335413897313,-12.1519630195567,-5.59231380282968,12.1904037271804
"RPL12",38.619973607755,4.01364550971078,21.3168095587329,38.8279758903463
"ECHS1",-1.10255807550247,-2.75322858354239,-1.92789332952243,2.96578858705245
"CMPK1",-25.8246926356622,-11.2121334638365,-18.5184130497494,28.1536265254995
"PEBP1",4.29100439366133,-2.33317954301416,0.978912425323588,4.88430603938376
"PDIA3",-0.392546143876093,3.79042047623657,1.69893716618024,3.81069283224789
"PPP2R1A",6.09590658320708,1.71877359699446,3.90734009010077,6.33358190512388
"PPIF",-12.2171808097393,-4.5272767161302,-8.37222876293475,13.0290345537295
"NMT1",-3.27224493308325,-8.77466316294192,-6.02345404801259,9.36495064189763
"ADSS2",3.85700889974016,6.68413579709917,5.27057234841966,7.71713606247404
"LRPAP1",4.24738682684889,4.68901765981213,4.46820224333051,6.32670383935581
"TSPO",-4.78822636043507,-6.27968330637733,-5.5339548334062,7.89693194266985
"ADSL",3.16980388842681,1.43625340261878,2.30302864552279,3.48001157004107
"CLIP1",-1.69448334296372,-25.49635943706,-13.5954213900118,25.5526049228516
"SRI",12.4977753929951,2.10272170323358,7.30024854811433,12.6734300146015
"SERPINB1",5.0535178408668,-2.18898529824444,1.43226627131118,5.50724061612432
"ALDH1B1",15.239426545477,2.03460567075759,8.63701610811728,15.3746460665105
"SDHA",-2.18652907963936,-1.568482802506,-1.87750594107268,2.69091949301082
"GDI1",-2.34769382130059,0.0716497021813449,-1.13802205955962,2.34878691208795
"MAT2A",-8.83000738687872,-1.68627650509413,-5.25814194598643,8.98958057441866
"CASQ1",-0.140154966349382,-1.49131302466415,-0.815733995506765,1.49788449225076
"DNAJA1",17.3231390533175,6.03736964003378,11.6802543466757,18.3450532523342
"AKT2",-1.8788950063442,0.273172157860458,-0.802861424241872,1.89864938119057
"UQCRC1",9.96913040633391,-11.7336602507765,-0.882264922221275,15.3968290222092
"HIBADH",2.80545864956413,-3.01040618060696,-0.102473765521413,4.11499011015224
"ATIC",0.833093205884868,-3.89960309641494,-1.53325494526504,3.98759935290151
"HNRNPH3",1.49877073164803,-1.69010152287303,-0.0956653956124978,2.2589282555368
"HNRNPH1",-5.28396796484042,-2.91898356588496,-4.10147576536269,6.03662012316216
"YWHAB",6.77846605432337,-1.2054943909881,2.78648583166764,6.88482525386941
"STIP1",1.44227768976676,-2.79383654129773,-0.675779425765485,3.14415132490302
"S100A11",41.651605264539,11.3713243502378,26.5114648073884,43.1759567188879
"PRDX2",2.33881922744287,11.3131940320907,6.8260066297668,11.5524211568999
"GBP2",13.5764730163971,-5.63220854591546,3.9721322352408,14.6983806138513
"ACSL1",1.60550715631243,-9.7364397039144,-4.06546627380099,9.86792335483668
"KIF5B",2.97335255388082,-0.673120446782963,1.15011605354893,3.04859255157965
"MCM5",-37.1961852357875,39.8084193505509,1.30611705738168,54.4817992295072
"SHMT1",6.94898613596256,-2.26649092467974,2.34124760564141,7.30926736612196
"SHMT2",0.127919876265661,-9.84260095845471,-4.85734054109452,9.84343218202459
"HSPA4",-2.56932306115964,-1.52152772573104,-2.04542539344534,2.98604548069433
"MPI",2.0716433731271,-7.39250486513995,-2.66043074600643,7.67729343235878
"GPC1",10.8708538582632,2.44744887380499,6.65915136603411,11.1429560529334
"PFN2",4.3476784738281,-5.87226041560017,-0.762290970886033,7.30655531015902
"CTNNA1",33.7320593107574,-19.7685544066637,6.98175245204686,39.0979228178899
"SERPINB6",1.79021635065056,-8.74912176056462,-3.47945270495703,8.93039787262147
"RDX",3.84304291279288,-3.38937898818755,0.226831962302665,5.124145660999
"RPA3",10.5190557681618,-4.98830611444889,2.76537482685645,11.6418955563579
"RPL22",3.51236437310041,-5.12509639952784,-0.806366013213719,6.2131567334068
"SPR",-1.48739031739068,-3.72774051607974,-2.60756541673521,4.01352454975549
"THBS4",-10.9845250995416,-11.1017435184266,-11.0431343089841,15.617570259531
"FBN1",-2.54271147544171,7.71812576273113,2.58770714364471,8.12618280231727
"AGL",-5.66605794088496,-3.59274728518281,-4.62940261303389,6.70910170176709
"MYH9",2.79256611593222,-3.17710259150642,-0.192268237787097,4.22994165312118
"COPB2",13.4993455271927,-2.01449767052744,5.74242392833263,13.6488289067999
"ACTN2",40.797519234524,-66.6823496094323,-12.9424151874542,78.1727147099672
"ADD1",-19.8189664609797,-8.78148029694521,-14.3002233789625,21.6773113597392
"BSG",1.94727174511398,-2.85414319691785,-0.453435725901933,3.45514118927601
"FUS",0.532378782694956,4.47268782254139,2.50253330261817,4.50426059705406
"DEK",-5.08303441660072,-7.21923887016166,-6.15113664338119,8.82919298377832
"MYH11",21.8074038461469,90.3407421127678,56.0740729794573,92.9355289864676
"GLRX",2.25475277394362,-12.5924091253911,-5.16882817572375,12.7926806281107
"PPM1A",-2.70577429029732,0.60500679622584,-1.05038374703574,2.77258863402298
"KRT2",-4.44022100315026,38.7426611567435,17.1512200767966,38.9962736176555
"HMGCL",-1.29689662684367,-6.79914796547827,-4.04802229616097,6.92173055797362
"PSMC2",4.25305961940991,-0.762656666114999,1.74520147664745,4.32089820715841
"ARL3",6.74243285845622,-0.977945523908094,2.88224366727406,6.81298600457406
"MAP2K2",1.67619955287242,-5.7936272681087,-2.05871385761814,6.03123220103673
"ATP5F1C",-1.38672905613097,-4.31750776813765,-2.85211841213431,4.53474263911932
"ATP6V1E1",-24.2133487603346,8.67618647179422,-7.76858114427019,25.7208567097393
"RPL4",27.8503952730363,12.8041603896581,20.3272778313472,30.6527493081526
"LONP1",-0.862949183115209,-0.742850633662066,-0.802899908388637,1.13864320863532
"PGM1",-8.66028673049082,0.6951359727157,-3.98257537888756,8.68814020805827
"PPP1CC",22.5415771576387,11.875655655547,17.2086164065929,25.47849873919
"SERPINF1",10.9348976050028,-3.20716451623565,3.86386654438356,11.3955206053123
"DLST",3.9021861363122,2.92774348569966,3.41496481100593,4.87839508040133
"GMPR",-8.49368041836725,10.3405531868489,0.923436384240809,13.3816907474133
"GPX4",-0.209669823954655,-2.46375063188951,-1.33671022792208,2.47265618540328
"SRP14",-7.55107844898725,10.0784506224216,1.26368608671716,12.5934090972758
"TAGLN2",-1.44528600517602,-0.59887337774164,-1.02207969145883,1.56444909131788
"TALDO1",-1.08530860140955,-1.29712170624726,-1.19121515382841,1.69127747017199
"SNCA",41.2897295499219,44.0134800345906,42.6516047922563,60.3492186449916
"ETFB",-4.89853753013511,-6.98672577133741,-5.94263165073626,8.53287799854261
"ATP6V1A",-5.90120107906489,3.18366054175575,-1.35877026865457,6.70521204889817
"HSPA9",2.32794153275141,-7.33994103383297,-2.50599975054078,7.70026273318346
"RPS19",6.96701347641276,-11.4357977278429,-2.23439212571506,13.3909202989434
"RPL3",6.85545524208556,20.8665072101487,13.8609812261172,21.9637972520106
"COL15A1",17.1544798292419,-14.325963088809,1.41425837021641,22.3497068578938
"COL18A1",-12.306236132524,21.5498597411201,4.62181180429805,24.8161218285893
"DDOST",-2.29333503012664,2.66745265360073,0.187058811737044,3.5177676471887
"ANP32A",-2.16748299990318,4.63409024243595,1.23330362126639,5.1159334368138
"CAPG",43.1538418395203,-8.86876929100821,17.1425362742561,44.0557502971799
"CAP2",9.50343036982773,-10.492406562486,-0.494488096329112,14.1564749943855
"CCT6A",-3.24100898078287,6.34039899863711,1.54969500892712,7.12073020661742
"RPL13A",-3.56073274199716,4.71605425894803,0.577660758475432,5.90931344855496
"STAT3",-8.58794034443909,-15.5359043452425,-12.0619223448408,17.7515363612327
"MDH1",6.42497872573441,0.186893498993435,3.30593611236392,6.42769638409483
"MDH2",-6.41485141890846,-9.29978503720589,-7.85731822805717,11.2976245496525
"HADHA",-0.177652768533875,-9.7967652474896,-4.98720900801174,9.79837587667404
"EIF2S3",7.31295095683283,-7.15872103920005,0.0771149588163862,10.2335985173412
"NAA10",2.06157440295485,-2.88884877260615,-0.41363718482565,3.54901905459899
"PPP1R2",-9.28188292683126,-9.05173235944719,-9.16680764313923,12.9648451349974
"GARS1",-3.11876063171818,-1.74079986087273,-2.42978024629546,3.57170155998086
"IARS1",18.4911625516543,-2.3491118979757,8.07102532683928,18.6397805572091
"EIF1",-19.7725292706741,0.61188424920659,-9.58032251073373,19.7819947450728
"ECI1",-2.67171452074541,-3.33446998074946,-3.00309225074743,4.27279165568381
"TMPO",-17.8328951738626,22.8126910083261,2.48989791723173,28.9556733874959
"AKR1C3",19.7451220977872,3.0496440022157,11.3973830500014,19.9792436092254
"RPS27",9.35339218582291,-6.41560110309376,1.46889554136457,11.3422168422152
"LRPPRC",5.11450595019599,-9.66150770663648,-2.27350087822025,10.9317383009285
"ACAA2",-0.0244056061532874,-4.80492670516221,-2.41466615565775,4.80498868631266
"RPL35",-6.07377694666231,-0.873865991477771,-3.47382146907004,6.13631877992563
"SLC1A4",-6.35343865587089,0.165585211383572,-3.09392672224366,6.35559605514254
"PAFAH1B1",-2.69207796055444,2.75173627200568,0.0298291557256185,3.84958910227763
"CRAT",-3.59984237804095,-10.9493723593334,-7.27460736868717,11.5259541995478
"GPD2",-1.34770862661901,9.88016974767483,4.26623056052791,9.97166349137055
"NAMPT",-11.3138955529191,13.0016652635926,0.843884855336732,17.2350669336929
"PSMC4",5.14849647442822,0.890336156309614,3.01941631536892,5.22491286228125
"TSFM",5.469125399957,-8.33775579903045,-1.43431519953672,9.97143442061977
"TNNT3",20.8593195567176,-26.9029458230082,-3.0218131331453,34.0423222816097
"ASPA",-6.40942703950075,-0.522746555217047,-3.4660867973589,6.43070905388159
"PPIC",10.9810718607032,7.95305597185402,9.46706391627863,13.558578041276
"VDAC2",11.1447872252026,-5.72761471047108,2.70858625736577,12.5304370461147
"ACADSB",-0.981422966800192,2.90563248047992,0.962104756839862,3.06690253372727
"USP5",1.04864373113904,-5.68979499828627,-2.32057563357362,5.78562190238704
"MAP2K4",-6.4935384432006,2.27501026910217,-2.10926408704922,6.88053146478122
"PHKA2",-14.7125114767697,-3.65290544851665,-9.18270846264316,15.1592121223328
"PHKA1",-2.72053004894287,-5.75893015025735,-4.23973009960011,6.36918834881998
"CRKL",7.57058781031051,2.20933052402795,4.88995916716923,7.88637693481764
"MTIF2",5.77696810834616,5.43063378741424,5.6038009478802,7.92875424375442
"BAG6",17.2755317247506,6.14749246221741,11.711512093484,18.3367298051175
"NSF",2.36498845963733,7.86738312139674,5.11618579051704,8.21516205519137
"MAP2K3",-1.86917434874866,-7.90298523889943,-4.88607979382405,8.12102139095091
"RPL27A",20.9522428147922,7.86084214348365,14.4065424791379,22.3783225058265
"RPL5",-5.33811175631789,9.25654427469602,1.95921625918906,10.6854597014984
"RPL28",17.0516405872017,-0.796374896537092,8.12763284533229,17.0702272887896
"RPS9",12.0560781751825,-7.1283725499378,2.46385281262235,14.0058100864184
"RPS5",8.72054014276847,-8.59709069600119,0.0617247233836391,12.2457253283302
"RPS10",-22.7883023550895,-11.2366817959808,-17.0124920755351,25.4080645073784
"GNPDA1",7.47580712187469,2.01627601316513,4.74604156751991,7.74293620564818
"UTRN",3.84417892070181,3.88647778267742,3.86532835168962,5.46648160425089
"IQGAP1",13.5649833581551,-4.92804638582598,4.31846848616456,14.4324084853457
"GYG1",-2.71266392112046,-6.51063082570133,-4.61164737341089,7.05314534782327
"STT3A",-6.17719742266423,1.78226591743204,-2.1974657526161,6.42917100402606
"CAPZA2",5.99868274828336,-2.93290538186362,1.53288868320987,6.67728452992061
"CAPZB",15.3793084231554,-14.844106601051,0.267600911052174,21.374532237172
"EIF1AX",3.97059757873311,-13.4391852912807,-4.73429385627378,14.0134701778544
"QARS1",0.0359953100703816,-2.50697912230072,-1.23549190611517,2.50723752006043
"RPL29",46.6456693226042,7.9171741494048,27.2814217360045,47.3127901636095
"UQCRFS1",1.76475880019371,-9.84554674489827,-4.04039397235228,10.0024579143747
"ATP5PO",-3.12996075398686,-3.28353968444193,-3.2067502192144,4.53632970371456
"LIMS1",3.09526739850448,0.960091109416467,2.02767925396047,3.24074917366729
"PREP",-3.07901328979037,-7.41168465447133,-5.24534897213085,8.02579542824457
"ME1",-1.31218836745282,-4.02562345508629,-2.66890591126956,4.23408579433854
"PIP4K2A",2.23140413532721,2.53700016453861,2.38420214993291,3.37868824398232
"ARCN1",-5.54545298282462,7.89807427624673,1.17631064671105,9.65047284115285
"LSS",0.438978250063364,-10.9906704474724,-5.27584609870449,10.9994335667329
"GCLM",0.81293093914487,10.2020229344658,5.50747693680532,10.2343601982334
"CD151",9.29853006325025,-5.59994171084975,1.84929417620025,10.8545846766278
"PSMD8",10.6742991593927,-3.02851058499012,3.82289428720129,11.0956089921919
"GSS",-0.346707037302174,-3.75402234875022,-2.0503646930262,3.76999861599855
"CCT5",1.74221957200047,-1.87146470457974,-0.0646225662896365,2.55689444004817
"NES",35.4028507029734,59.4972930215769,47.4500718622752,69.2335880537215
"IDH2",-4.38792807750455,-7.83378054501004,-6.1108543112573,8.97897713777748
"TNNI2",20.4238770005798,-30.7219472513175,-5.14903512536884,36.8913647707366
"PXN",20.9418390796761,-3.46915414750398,8.73634246608609,21.2272385047654
"ALDH9A1",-4.54670099544546,-2.36029716339505,-3.45349907942025,5.12284029045562
"RPL34",37.985682214092,-11.9989071453805,12.9933875343557,39.8357355392548
"LMAN1",8.12631195500063,1.75491828548484,4.94061512024274,8.31364445828154
"FNTA",8.32312092408937,-7.11745680613976,0.602832058974803,10.9513712978914
"CCT3",0.836508638975356,1.14932472962959,0.992916684302475,1.42151118082783
"MRPL19",-3.59048328304257,1.73852743950644,-0.925977921768066,3.98924151484026
"TUFM",1.61077178692646,-9.13902621313867,-3.76412721310611,9.27989147964533
"ALDH7A1",1.15849220027963,-16.1276941044179,-7.48460095206912,16.1692492498503
"CDC34",-14.0192875992194,46.5435669380334,16.262139669407,48.6090942942246
"PCYT1A",3.24487946577244,-3.08349437101904,0.0806925473766977,4.47629090693375
"AARS1",-7.51283119400587,0.416230793203907,-3.54830020040098,7.52435250522188
"CARS1",-5.62902521829768,5.80508845302816,0.0880316173652389,8.08609775205026
"SARS1",-2.2597413753406,-17.4970006334924,-9.87837100441653,17.6423202060234
"PSMB3",-3.24588765330691,-4.00091584888662,-3.62340175109677,5.15200099842405
"PSMB2",4.88288049891155,0.202972014157718,2.54292625653463,4.88709725759391
"ACADVL",-7.10673142391566,-2.01689253187878,-4.56181197789722,7.38738702227104
"ACOT2",-8.02412108042032,-6.29717366946717,-7.16064737494375,10.2000448693462
"TMED10",-3.23014177821889,12.0138927392637,4.3918754805224,12.4405560429559
"HINT1",-7.37435450362758,15.5791594860766,4.10240249122454,17.2363370423586
"NDUFV1",17.1582843204254,-5.09587805559245,6.03120313241645,17.8990137710999
"GSK3A",-3.19069328832702,10.4236660649308,3.61648638830191,10.9010704930005
"GSK3B",3.34343080394265,-5.1234159698185,-0.889992582937922,6.11783627931835
"IDH3A",-11.1803742417691,-8.00025623421531,-9.59031523799221,13.7479041311436
"SULT1A1",26.5256733732668,14.6895024909134,20.6075879320901,30.3214912452502
"GDI2",1.96311621977594,-2.66600382445582,-0.351443802339944,3.31080076180377
"EMD",6.93608913005572,3.56240210473577,5.24924561739574,7.79743811619579
"CPT1A",-0.930199899686357,15.3913249285403,7.230562514427,15.4194083838935
"SERPINH1",-33.3712530927024,67.8215723878109,17.2251596475542,75.5870770312774
"CSRP3",13.4550881240023,-0.251752356324204,6.60166788383904,13.4574431328385
"ST13",-8.46146042851264,-2.30510146471812,-5.38328094661538,8.76982356412778
"DNM2",-9.89351126985702,0.786671150897076,-4.55342005947997,9.92473761599981
"METAP2",-3.13063640580617,-1.97643843980487,-2.55353742280552,3.70232267795465
"NUDT2",5.54914095284822,-18.0305522926755,-6.24070566991366,18.8651472640286
"LRBA",40.6460106589567,-42.5259656155234,-0.939977478283364,58.8264900705516
"BCAM",-4.70601405032773,2.09617353337352,-1.30492025847711,5.15174841426653
"RPL14",29.5412062968837,7.10366051496717,18.3224334059254,30.3832990668713
"CCT8",3.45731379166666,1.36902067083424,2.41316723125045,3.71849919338702
"CCT4",4.46121826096618,0.98746692653963,2.72434259375291,4.56919678969813
"ATP1A2",-2.86884793100193,5.88361970653417,1.50738588776612,6.54578255843649
"ANXA11",-3.72559321763861,3.47579288507465,-0.12490016628198,5.09521157590638
"FXR1",1.03499471488737,-2.08922239550198,-0.527113840307303,2.33153689177585
"RAB5C",-4.20581068250318,-1.83339900973194,-3.01960484611756,4.58804919611199
"RAB7A",2.5675417886481,-2.81731518788145,-0.124886699616676,3.81176280798292
"DUSP3",1.93675762837299,-4.10218417360713,-1.08271327261707,4.53640222040041
"IDH3G",-9.92474304861656,-9.03810811622902,-9.48142558242279,13.4234095110634
"GALK1",12.0266730823023,8.55907158324288,10.2928723327726,14.761387868207
"SSR4",36.0980590164559,2.28619981788313,19.1921294171695,36.1703825575956
"BCAP31",13.6465897073447,-3.37035624924074,5.13811672905195,14.0566251955226
"MECP2",0.74044789604018,0.149407556071445,0.444927726055813,0.755371236255109
"ALDH3A2",8.51847013137878,4.63475332508347,6.57661172823112,9.69769414673224
"ALDH5A1",-0.35373401028027,-5.15746670580112,-2.75560035804069,5.16958321061534
"HSD17B4",-8.68345147917286,-2.82289508044578,-5.75317327980932,9.13077577352299
"PSMD7",-18.3257941956801,0.794145507602105,-8.76582434403898,18.3429932123867
"UBE2D1",-11.1044747297775,0.384137428975716,-5.36016865040088,11.1111169820413
"SUOX",0.69685280933161,5.55943457021941,3.12814368977551,5.60293820940621
"STAT5B",-4.05724708715766,-5.27983092185532,-4.6685390045065,6.65866867246216
"RPS6KA3",6.93623387775218,0.652953912403433,3.79459389507781,6.96689954130243
"HDGF",-5.54683793695777,-1.9356427707438,-3.74124035385078,5.87487225689263
"LUM",6.30167379770008,9.03302199109733,7.6673478943987,11.0139265906518
"PRELP",9.0011976822781,0.643522283833263,4.82235998305568,9.02417201992729
"NDUFA8",15.597086415881,-4.41057026486913,5.59325807550595,16.2087086075914
"HNRNPA3",-5.11274549299922,3.30554863537299,-0.903598428813115,6.08825247973505
"MYOM1",16.8271536624093,-14.6431417450036,1.09200595870285,22.3063825068657
"PGD",12.1225039947273,2.81893643025984,7.47072021249357,12.4459433431149
"HNRNPM",-11.4038575826281,8.28613690308815,-1.55886033976998,14.0963836689267
"KPNA1",2.82129918139738,5.87312570200232,4.34721244169985,6.515622348055
"MAP2K6",3.40286275596337,-3.99589511545134,-0.296516179743987,5.24849051724498
"ARHGDIA",1.81211060472862,2.22233632865247,2.01722346669054,2.86749430712921
"ARHGDIB",1.82430149300889,7.52074006919153,4.67252078110021,7.7388375823335
"RIDA",5.0536905574652,-0.713640634258571,2.17002496160331,5.10382907290966
"MRPL12",9.70489299922249,-1.01252076940246,4.34618611491002,9.75756867435884
"THOP1",-3.99457624310076,2.26861350011775,-0.862981371491506,4.59382700750273
"AKR1C2",31.0098330171084,8.42643282447878,19.7181329207936,32.1343198760204
"CAPZA1",4.20343104389747,-14.3511094290592,-5.07383919258084,14.9540353880025
"CRIP2",3.28947567868243,6.17894310289262,4.73420939078752,6.99999915067334
"BLVRA",4.03688782439885,-1.18854859583458,1.42416961428213,4.2082194656933
"PPP5C",-8.80487411126241,1.28606249796148,-3.75940580665047,8.89830123472127
"NUBP1",-2.96008189074257,1.44113531463688,-0.759473288052845,3.29225694547003
"SUCLG1",-6.00099610955994,-3.59100903515491,-4.79600257235742,6.99337545091908
"COPA",-3.17709724488122,3.1001246809056,-0.0384862819878107,4.43899988067041
"HCCS",-0.338461502253892,0.401430084128673,0.0314842909373905,0.525073614792741
"MAPK12",3.40149266233687,-3.22538343713054,0.088054612603166,4.68756340207229
"SMTN",3.87389648243444,-2.01657202554412,0.928662228445159,4.36733748304674
"SLC16A1",-10.8436160695514,-5.64200333221761,-8.2428097008845,12.2235923960425
"IST1",-1.39985846052941,6.34657546103636,2.47335850025348,6.49912484817338
"SEC24C",12.0331226137811,4.21711984711894,8.12512123045001,12.7506917319514
"SUB1",3.86467362543796,2.75796974974472,3.31132168759134,4.74785207980016
"RARS1",-1.4114354150649,-2.08550120339316,-1.74846830922903,2.51822659827382
"CACNB3",-2.72660400100194,-9.04458833169775,-5.88559616634984,9.44663683371828
"CACNA2D1",0.19153224788063,-2.81790522693572,-1.31318648952755,2.82440692358057
"MYOM2",7.53541736659038,-18.3483815745678,-5.4064821039887,19.8354637277441
"YARS1",-4.08289632613205,-8.12635391874644,-6.10462512243924,9.09437575772346
"USP14",-1.80175626085064,-4.3492566211236,-3.07550644098712,4.7076914490971
"PRKAG1",-5.43694408129874,0.0990322964193489,-2.6689558924397,5.43784592820572
"PRKAA2",0.102691877706295,-2.24310905339194,-1.07020858784282,2.24545849375038
"HSPA2",2.80172960895609,10.3596232060825,6.58067640751932,10.73179769534
"RAD23A",-5.25600019810609,-3.75577476356361,-4.50588748083485,6.45998313907339
"RAD23B",-7.11112643750282,-3.84232420687703,-5.47672532218993,8.08279496961941
"AK2",0.403086189238433,-12.388525872406,-5.99271984158381,12.3950817571821
"NAPA",4.90937611651844,3.84941996106177,4.37939803879011,6.23859021655233
"EIF5",-6.36197625685152,-3.43270553382531,-4.89734089533842,7.22898396558586
"PSMD4",4.93189810464276,-0.850535937652912,2.04068108349493,5.00470081981111
"DRG2",-1.74493049824833,4.21638862259113,1.2357290621714,4.563191367939
"RRAD",27.3982754501183,2.43621475615011,14.9172451031342,27.5063745335266
"CSE1L",-2.26006770467649,-8.87703904680586,-5.56855337574118,9.16022533938099
"VCP",4.33139074791274,-1.60365978338106,1.36386548226584,4.61873040043883
"HADHB",5.65524409461196,-8.79943000638242,-1.57209295588523,10.4600073712625
"NAP1L1",0.914930203180042,5.07994353514324,2.99743686916164,5.16167837015585
"ADK",-3.14092300639606,-11.4510568472826,-7.29598992683935,11.8740094429728
"LAMB2",17.672834825418,-37.2126907036399,-9.76992793911093,41.1960367046549
"CDH13",-15.5024422662043,9.65235434167434,-2.92504396226497,18.2618087974394
"SEC13",7.01257755021806,-3.97654579971659,1.51801587525074,8.06158547650932
"SNU13",-1.74278224910636,5.43810629820276,1.8476620245482,5.71054201265981
"NPEPPS",-2.03400729809924,-2.46712545144682,-2.25056637477303,3.19748239743358
"HNRNPH2",11.2391167360837,-14.9796624359589,-1.87027284993759,18.727200316721
"OXCT1",-4.97781411062255,0.347417748960893,-2.31519818083083,4.98992308680265
"SH3BGR",0.434406282796019,-12.6220745250165,-6.09383412111024,12.6295476614803
"EIF3B",5.26697808627922,-10.6590860921456,-2.69605400293321,11.8893723333538
"ATP5MF",-13.4938872300073,-8.07840594894502,-10.7861465894762,15.7272259236047
"NDUFV3",22.7609040661241,-1.36997060603983,10.6954667300422,22.8020958108837
"MARS1",14.666960980671,-11.5838856754977,1.54153765258667,18.6897338598367
"ARPP19",0.199438895164839,-10.8575482846668,-5.32905469475098,10.8593798454044
"ATP5F1E",-5.62932845359365,13.1135044619692,3.74208800418775,14.2707161037043
"ATP5ME",3.7228267215455,-2.95685996020111,0.382983380672194,4.75420441534582
"EIF6",3.78186291865362,-2.08022281341846,0.850820052617582,4.3162268347428
"NDUFA6",11.1343916669653,-14.9027475775671,-1.8841779553009,18.60286438036
"SYNJ2BP",0.934016945119847,-8.64761035809598,-3.85679670648807,8.69790506726878
"EEFSEC",10.9361473643803,-0.585442586933372,5.17535238872348,10.9518063440712
"MTPN",-4.02056674015468,-9.23087173097791,-6.62571923556629,10.0684631312731
"DEFA3",45.1192910667673,25.517005420101,35.3181482434341,51.8350073982548
"ARPC4",6.4062318669041,0.245680371732028,3.32595611931807,6.41094108361573
"CD81",-50.2575008073142,4.30177934126792,-22.9778607330232,50.4412697391546
"TPI1",4.92244475838012,5.39951353196334,5.16097914517173,7.30651823929559
"EIF3E",0.0872766246819552,-8.51084704683266,-4.21178521107535,8.51129453513366
"SEC61B",-12.1311772671717,24.3197219290238,6.09427233092605,27.1774600835432
"GABARAPL2",5.06801561364339,-8.03108175586251,-1.48153307110956,9.49647600057415
"ROMO1",10.4661999603422,-8.2596804457389,1.10325975730165,13.3328040064942
"MYL6",16.301489616256,21.615478271871,18.9584839440635,27.0733718740506
"ACTB",26.3912108986366,-26.1123625051579,0.13942419673937,37.1261563900317
"EIF4A1",0.892583057706819,1.22098568633253,1.05678437201968,1.51245183762465
"RPS20",11.3973594302861,-8.40994758657893,1.4937059218536,14.1642867943337
"PRPS1",-0.699084578537462,-1.59517477319099,-1.14712967586423,1.7416376790176
"PSMA6",-2.76360256997002,-6.08461193693819,-4.42410725345411,6.68281389744437
"S100A10",6.20350715751988,-1.47670383633805,2.36340166059092,6.37684524460614
"CDC42",7.89753981999133,-1.62039993978631,3.13856994010251,8.06206122360828
"DSTN",-1.56553169735867,5.43865742366827,1.9365628631548,5.65949503643715
"RAB2A",14.8902722536648,0.531638953306786,7.7109556034858,14.8997599901788
"RAB5B",-1.57451670956971,1.72531470849991,0.0753989994651025,2.33576833442025
"RAB10",-22.1335232923394,-8.37294409288808,-15.2532336926137,23.6642989778941
"UBE2D3",-16.3053030371034,1.4815251482539,-7.41188894442476,16.3724715268246
"UBE2M",-11.8486012841615,-1.09069804182645,-6.469649662994,11.8986963407543
"UBE2K",5.04882489681569,1.41519952803183,3.23201221242376,5.24341706741391
"UBE2N",-5.15735267652027,-3.94770730413222,-4.55252999032625,6.49481944237942
"RAB14",11.1125140730607,1.59657332163769,6.35454369734921,11.2266208360013
"ACTR3",-0.249198214575706,-1.2649638674618,-0.757081041018751,1.28927628386301
"ACTR2",-0.621119300348415,0.887499890794734,0.13319029522316,1.08325677538891
"ACTR1A",3.80665143957063,-3.97504873332537,-0.0841986468773692,5.50378121064934
"COPS2",0.384371447854996,-6.51016433031482,-3.06289644122991,6.5215014389042
"ABCE1",-5.54933978188332,-4.97510820136323,-5.26222399162327,7.45297750097667
"RAP1B",-7.91084541543818,7.13417420692481,-0.388335604256688,10.6526014100646
"RPS3A",9.70744640893193,-4.57408078299489,2.56668281296852,10.7311104174567
"RPL26",-1.49021998678783,7.59504343398814,3.05241172360016,7.73986048796671
"RPL15",-13.3931865024429,8.09245466122679,-2.65036592060803,15.6481713670713
"PCBD1",-9.53906978036228,1.30135426196321,-4.11885775919954,9.62742827497306
"RPL37A",17.8650956968568,-7.17816613583296,5.34346478051193,19.2532520196322
"RHOA",1.86546639898735,1.57701019413294,1.72123829656014,2.44272921916246
"HSPE1",-8.91613765900841,-8.48232796501812,-8.69923281201326,12.3063966481061
"SEC61A1",-6.83316664213904,-11.6629882191524,-9.24807743064571,13.51730226633
"VBP1",-4.49249818365865,-7.81227787722439,-6.15238803044152,9.01189356135246
"B2M",8.97976614557422,1.02973759073521,5.00475186815472,9.0386149124174
"NPC2",48.1768064286842,-0.11565334203901,24.0305765433226,48.1769452473113
"PKIA",3.06271089990718,-3.61186142519993,-0.274575262646371,4.73558243632792
"SUMO2",-11.1385783104707,-4.42425116694056,-7.78141473870561,11.9850709287289
"UFM1",11.016798260086,4.28357696728172,7.65018761368388,11.8202739197559
"NUTF2",-1.58257116692777,4.74004821005043,1.57873852156133,4.99725810139855
"HNRNPK",-5.03050875986475,3.79884150771225,-0.615833626076247,6.3037461230441
"YWHAG",2.64461487937751,-3.08034449193747,-0.217864806279979,4.05986576739114
"RRAS2",-4.95266627345172,2.72147505436488,-1.11559560954342,5.65113525654062
"TIMM10",4.35016304776794,2.69258405992298,3.52137355384546,5.11604607699315
"RPS7",30.2319252570616,-3.08258422436151,13.5746705163501,30.3886760200053
"PPP1CA",1.14279138054666,-1.60506342998913,-0.231136024721237,1.97033011288469
"PPP1CB",3.33769431377847,-5.43348245810371,-1.04789407216262,6.37674956029715
"PSMC1",-0.64337913706257,-1.9840870907056,-1.31373311388408,2.08579440442053
"PSMC5",-4.75177383613602,-6.19288664757405,-5.47233024185504,7.80584394024681
"RPS8",2.04591403679679,3.8931060506643,2.96951004373055,4.39795849999533
"RPS15A",5.4121468145915,-2.93047093822745,1.24083793818202,6.15459121814671
"RPS16",10.719253180752,-11.9792790241146,-0.63001292168128,16.0749965689157
"UBE2G1",0.269492079711789,0.782951929930789,0.526222004821289,0.828033637969939
"YWHAE",4.97074912166538,-5.21301065578013,-0.121130767057373,7.20304289365365
"RPS14",0.763856810610019,-5.99599863173733,-2.61607091056365,6.0444583561235
"RPS23",8.99546054460596,-51.7169246148961,-21.3607320351451,52.4934148444584
"RPS18",5.2297028204324,-11.9600405038405,-3.36516884170405,13.0534424748242
"RPS13",17.1657180667292,-11.1253803235527,3.02016887158822,20.4557073720301
"RPS11",0.499732762854727,-1.46720433015228,-0.483735783648777,1.54997463872414
"SNRPD2",2.76267466205135,-9.21327329484627,-3.22529931639746,9.61856413888622
"SNRPD3",-4.05664950204654,3.31248749619869,-0.372081002923926,5.23726823782467
"TMSB4X",37.5243634653191,10.7567119529167,24.1405377091179,39.0356850268495
"PSMC6",0.557622421458332,-0.629128718994775,-0.0357531487682214,0.840681693613617
"RPL7A",15.6458350647571,18.3332256844876,16.9895303746223,24.1018530173914
"ETF1",8.66233756133413,-11.7645111056679,-1.55108677216686,14.6095795142051
"CNBP",2.07712145944425,-3.3676662748169,-0.645272407686326,3.95671703509651
"RPS4X",4.72390031328251,-13.4045785536932,-4.34033912020533,14.2125986495068
"RPL23A",10.730025832551,-1.75607502700255,4.48697540277423,10.8727758124443
"RPS6",5.84466593406992,-11.6552172007079,-2.90527563331897,13.0385661741065
"H2BC4",-6.42391571380195,-8.34020283331758,-7.38205927355976,10.5273774701447
"RAB1A",-0.0523768891212839,2.23765846298008,1.0926407869294,2.23827137216656
"RAN",2.31719597571782,-7.49176089917922,-2.5872824617307,7.84193079288217
"RPL23",9.6966517964206,-5.70054183967154,1.99805497837453,11.2481657761109
"RAP1A",-10.6765597336917,-8.30295776087239,-9.48975874728204,13.5250891060251
"RPS15",12.4725997319477,-11.7826838526583,0.344957939644685,17.1580122055288
"RPS24",-23.8520882263581,-0.730031714299258,-12.2910599703287,23.8632575115355
"RPS25",15.2257187061418,-8.92887337379229,3.14842266617477,17.650702247893
"RPS26",-28.0134166957795,-14.7870413547426,-21.4002290252611,31.6766176697931
"RPS28",-8.75813913841026,-2.68528605673787,-5.72171259757407,9.16055469795713
"GNB1",2.37942903732851,2.62058645491737,2.50000774612294,3.53965477290914
"GNB2",7.0631229729616,-6.93721029289954,0.0629563400310298,9.90013094757282
"RPL30",22.7406338890159,4.34343382556321,13.5420338572896,23.1517136962106
"RPL31",-6.25040824531565,2.05697310301358,-2.09671757115104,6.58017792917723
"RPL10A",0.997335836720445,17.9141661036365,9.45575097017848,17.9419069766813
"RPL32",14.3963733147592,-26.5336368635551,-6.06863177439794,30.1875711150288
"RPL11",29.5920111842277,2.22470745145772,15.9083593178427,29.6755193580841
"RPL8",5.93220423591821,4.71523751783362,5.32372087687591,7.57789627444396
"PPIA",9.02888547227744,6.65644622238715,7.84266584733229,11.2173548211258
"FKBP1A",12.2151453060586,-0.972171755324268,5.62148677536715,12.2537705531797
"RPS27A",0.137274631106813,-3.25851634858842,-1.5606208587408,3.26140661653274
"GRB2",6.62173505241214,1.12254957265986,3.872142312536,6.71621118246162
"RAC1",-0.543976772046092,-3.15910552644132,-1.85154114924371,3.20559798722762
"AP2B1",13.1524057712804,0.886307902274851,7.01935683677763,13.182234987666
"VAMP2",-42.5778831243297,-36.7026927864314,-39.6402879553805,56.2135552080122
"PPP3R1",-3.05893565763312,-4.61945861719616,-3.83919713741464,5.54044089161929
"YWHAZ",9.06482751791138,1.33681955166185,5.20082353478662,9.16286988029345
"UBE2B",13.224636336282,-8.92546919631165,2.14958356998519,15.9547800549308
"PPP2R2A",-5.87105512279452,2.05213242778659,-1.90946134750397,6.21936779392127
"DYNLL1",-2.09329646774198,-19.9147958827355,-11.0040461752387,20.0245096107965
"DYNLT1",-6.19217354731432,3.79583455777463,-1.19816949476984,7.26301405960743
"RPL38",3.17073410707802,-4.8524271197094,-0.840846506315691,5.79651651682967
"SKP1",-8.45209089137921,-2.14005125909705,-5.29607107523813,8.71881068883241
"RPS21",3.09307850081126,-8.49898721918425,-2.7029543591865,9.04433073057581
"EIF5A",1.21326505370032,5.35082435551592,3.28204470460812,5.48665046946794
"RACK1",3.39295132823904,-10.250987554108,-3.42901811293448,10.7979101936567
"UBE2I",-5.26718807426063,-6.41520394603685,-5.84119601014874,8.30048865301798
"SELENOW",-21.8085884358915,-32.4387373076331,-27.1236628717623,39.0881850138854
"TNNC1",3.71427761918102,-34.9142013210716,-15.5999618509453,35.1112134811753
"PPP2CA",-2.85057039815314,-1.98722794894153,-2.41889917354733,3.47488510829945
"YBX1",1.74248709338976,-1.50518447709907,0.118651308145346,2.3025728176824
"CSNK2B",2.07322269448128,2.05906249949659,2.06614259698894,2.92198403790051
"TPM4",-6.5807930270236,-13.074290465677,-9.82754174635029,14.6370730696207
"UBE2L3",-6.12104762898699,-3.99139158108135,-5.05621960503417,7.30742299513681
"EEF1A1",5.00960226851032,-13.5091841475854,-4.24979093953755,14.40812865094
"ACTA1",22.2383796117504,-22.2301717765186,0.00410391761592521,31.4440147718105
"TUBA1B",5.75882563423518,4.91750478222929,5.33816520823224,7.57270928854212
"TUBA4A",1.77138704544129,-2.30936463681909,-0.2689887956889,2.91049430347283
"TUBB4B",0.0825648716305274,-6.75710344952502,-3.33726928894725,6.7576078597097
"CSNK2A1",6.09055981669484,-0.917775601946257,2.58639210737429,6.15932065541855
"PAFAH1B2",-66.0385317079978,-8.37852856613672,-37.2085301370672,66.5679157784123
"HBB",-0.581869537665064,42.0998731368949,20.7590017996149,42.1038940040171
"HBA1",-5.6613805441553,48.4749414667849,21.4067804613148,48.8044176266244
"EIF4G2",-1.65425168620742,1.74117656340369,0.0434624385981355,2.4017169829658
"PIP4K2B",-9.76208036769513,-5.92719933423744,-7.84463985096628,11.4205912742346
"CCT2",5.22750132508876,6.87445811776934,6.05097972142905,8.63625755271168
"GSTO1",-5.03151511587718,7.85363585768977,1.41106037090629,9.3271507196191
"PRKDC",3.89800069320908,3.34992867477196,3.62396468399052,5.13969177386328
"DCD",-16.0107347369187,-13.9642595281279,-14.9874971325233,21.2448622256038
"MRPS25",-0.872893649822345,-0.700573316490999,-0.786733483156672,1.1192614956655
"MRPS5",-16.131680694386,-2.59607118115404,-9.36387593777004,16.3392382809985
"MRPS36",-3.35160719285486,-18.078521302493,-10.715064247674,18.3865767140023
"MRPS15",-20.4445151274587,-6.35386091791172,-13.3991880226852,21.4091043101073
"MRPS21",15.181994599628,-17.9495787996098,-1.38379209999089,23.5091543681719
"SARNP",-26.6372984349217,-16.2747378513415,-21.4560181431316,31.2155852106118
"LACTB",-0.911723195058801,-0.611828560447382,-0.761775877753092,1.09798605263789
"RPL24",13.2418761332497,-4.44978765476501,4.39604423924235,13.9695344840416
"ARF1",-3.12676697300241,-1.14608317704744,-2.13642507502493,3.33019193923861
"ARF5",-3.1546013654689,2.03846558599276,-0.558067889738069,3.75590890734786
"ERH",11.3250397701209,-9.52964755969818,0.897696105211335,14.8010374098196
"RPL19",22.7249290984933,-3.69985991706647,9.51253459071344,23.0241474529995
"SRSF3",5.96247394422387,-12.0827179555852,-3.06012200568069,13.4737956318838
"MXRA7",13.1703875036841,-15.6747466604168,-1.25217957836634,20.4733189753261
"H3-3A",-2.46844992765433,-1.62033713096859,-2.04439352931146,2.9527508298758
"HSPG2",-1.05403273464646,-8.09975507113175,-4.5768939028891,8.16804855629733
"RBM3",32.2519830435076,7.65113405994575,19.9515585517267,33.1471003655217
"CYCS",-0.812703131735439,-4.17511203585269,-2.49390758379407,4.25347468456727
"MPP1",-6.96815771964496,-3.17427324841609,-5.07121548403052,7.65710341196054
"TFAM",-17.5543336316534,-0.738022319106229,-9.1461779753798,17.5698408130209
"PITPNA",-13.7181586474528,0.2254567393259,-6.74635095406345,13.720011203275
"SLC25A3",-1.83574346051528,-7.40241758690528,-4.61908052371028,7.62664671947961
"HDLBP",-2.58608433654175,6.75571135173944,2.08481350759885,7.23377274067466
"PURA",1.85471823645175,-12.2739964204863,-5.2096390920173,12.4133383046922
"CLTC",11.7658945535265,-5.12318953503953,3.32135250924348,12.8329009057439
"FKBP3",2.62016411826685,4.63062773434588,3.62539592630637,5.32052377315865
"REEP5",11.397039852114,-7.50926811594008,1.94388586808695,13.6485026661443
"SORD",-7.42189777876218,-1.04812592066428,-4.23501184971323,7.49554098007365
"HNRNPU",2.31766296954737,-15.23320962362,-6.4577733270363,15.4085118385118
"MYBPC1",27.7745703839431,-32.1743269160628,-2.19987826605984,42.5042829902386
"PLIN5",16.788589781242,-6.03349228335541,5.3775487489433,17.8398367698848
"SPTBN1",-1.58287274529381,0.162950425625532,-0.709961159834137,1.59123818738914
"TIAL1",0.0420330318132471,-3.8584239507187,-1.90819545945273,3.8586528943717
"SET",5.30561340281126,-10.3813413056298,-2.53786395140928,11.6585496904232
"AMPD3",-3.1219008051095,-3.47074373891331,-3.2963222720114,4.66822522358864
"FABP5",15.0706345965409,-4.62476116726432,5.2229367146383,15.7642774333837
"ANK2",-8.06629610890272,-6.86904027509964,-7.46766819200118,10.5947556468962
"CAP1",10.9426645827387,-5.40370251355313,2.76948103459276,12.204175884725
"EWSR1",7.08719696477189,1.39392966454466,4.24056331465828,7.2229772758309
"TAGLN",19.4619317554409,63.5974607539431,41.529696254692,66.5086746372439
"OGDH",-0.524628933300338,-0.875761577653794,-0.700195255477066,1.0208789637124
"COX6A2",-1.06655686737981,-6.14977639070234,-3.60816662904107,6.24157778185892
"ALDH6A1",-1.98393241274054,10.4150689359294,4.21556826159441,10.6023416639195
"BDH1",25.0361372133521,4.87528096870893,14.9557090910305,25.5064017668046
"COL7A1",-30.3395881398594,2.35124947304678,-13.9941693334063,30.4305600109627
"RPL18A",8.39901748148034,7.1635455318518,7.78128150666607,11.0390162261465
"CACNB1",2.9652831387447,-7.35499726865953,-2.19485706495742,7.93025150388768
"MAP2K1",3.88315930093108,-9.67198872634915,-2.89441471270904,10.4223937787359
"FKBP4",0.179211172021244,5.08204783093273,2.63062950147699,5.08520666247354
"RPL6",26.2453369413714,6.11730256964796,16.1813197555097,26.9488237571649
"AKAP12",-5.77759353526201,-0.761881994079076,-3.26973776467054,5.82761110847346
"SLC25A11",0.468680918575881,4.69055860019117,2.57961975938352,4.71391575924565
"CAV1",7.7034395650654,9.59086039955987,8.64714998231263,12.3015277236797
"ACY1",-6.29932996532287,-7.15398320176288,-6.72665658354287,9.53210541607257
"LMNB2",5.76938336990438,-2.30905452886748,1.73016442051845,6.21429942038623
"UBXN1",-1.90042247204824,-8.90179777196127,-5.40111012200476,9.1023957915024
"GBE1",8.9949178396557,-0.670467512491399,4.16222516358215,9.01987104272909
"EIF4G1",-1.52661458471253,-1.74594973165845,-1.63628215818549,2.31924396209955
"PRKCQ",7.43979222813515,4.93133455454879,6.18556339134197,8.9257251182583
"GLO1",-0.415714320056283,-2.30319565172071,-1.3594549858885,2.34041205901975
"AKR1C1",9.5249783431566,-0.787070331363353,4.36895400589663,9.55744171544429
"SSBP1",-3.22196529097668,-4.09118240910396,-3.65657385004032,5.20757466012923
"YWHAH",0.423204019050882,2.75741783602253,1.59031092753671,2.78970513928551
"PLP2",34.2513463370946,-23.2710990122863,5.49012366240414,41.4089214438536
"UBE3A",0.525709422119093,-36.7571501025882,-18.1157203402345,36.7609093203732
"SRSF11",-3.3369545946956,3.06029146578279,-0.138331564456408,4.52776432940177
"EEF1A2",3.33137683566972,3.63733554354516,3.48435618960744,4.93237077657121
"CALD1",-10.4016721021938,43.4826136927629,16.5404707952846,44.7094226766082
"COL14A1",-17.4102079206693,72.1657276672961,27.3777598733134,74.2361609297738
"PTPN11",2.93879738101854,2.0075646695013,2.47318102525992,3.5590512709023
"PSME1",-0.295381041950261,6.82218271494354,3.26340083649664,6.82857429893078
"CACNG1",-3.97987609502662,-8.70608609604602,-6.34298109553632,9.57263541787371
"ZNF33A",15.2394687206661,3.20753680838158,9.22350276452385,15.5733650591413
"PRDX1",1.34540276788561,1.46329666737786,1.40434971763173,1.98779922139873
"RPL18",10.6232466917499,4.88865857018149,7.75595263096567,11.6941161653878
"C1QBP",5.43957160925647,-9.51484900117978,-2.03763869596165,10.9599858944928
"CKAP4",-1.92702259968631,14.1512589304167,6.11211816536521,14.2818607126453
"DPT",14.7339572312851,-30.2004256022888,-7.73323418550184,33.6029046698751
"KLC1",2.65171719087357,3.97708025503579,3.31439872295468,4.78003885082224
"SRSF1",-0.909482540124202,3.09876475857277,1.09464110922428,3.22947387661881
"ARHGAP1",7.71289042312354,-11.5138557032603,-1.90048264006838,13.8584830279007
"ACTN3",27.948288524054,11.2993488611497,19.6238186926019,30.1460132705758
"PPP3CA",0.153004057697224,-6.86439744403605,-3.35569669316941,6.86610242505604
"DHX9",5.6665221653524,3.51531591258732,4.59091903896986,6.66835207646685
"CRYZ",2.17550283978581,3.36876248978646,2.77213266478613,4.01015876475089
"SLC20A2",34.7783722511378,-2.39327982216706,16.1925462144854,34.8606219787586
"PUDP",6.07822560080297,4.24220359588037,5.16021459834167,7.41222758711286
"CD47",-5.02851508036386,14.0031792125508,4.48733206609348,14.8786757465933
"PPID",38.9590923112903,-14.2305836059062,12.3642543526921,41.4767450926941
"AHNAK",5.21171055071006,3.91225657697717,4.56198356384362,6.51672297926524
"LMOD3",-4.39179173791882,-11.6130397441661,-8.00241574104248,12.4157370610381
"HSPA14",13.5742735887057,4.69745570853126,9.13586464861846,14.3640869391217
"SCRN3",-25.6803988946207,13.5995975140272,-6.04040069029677,29.0591111345542
"NEXN",24.6032300002478,-9.09506416705235,7.75408291659773,26.2304997788432
"AP1B1",1.79920473663535,3.84603971649548,2.82262222656541,4.2460757394554
"BST2",23.0572021498191,6.5557672810504,14.8064847154347,23.9710795672809
"PMPCA",14.6466605289627,-25.4330663943004,-5.39320293266881,29.3490294706242
"ASPH",-4.46013327809452,-15.1622163046441,-9.81117479136932,15.8046066742321
"EFEMP1",26.1558620325817,-1.04644206536574,12.554709983608,26.1767866565706
"STX4",-29.1440726442555,1.4292501265932,-13.8574112588312,29.1790974195229
"GRSF1",14.7173712610929,-4.07787229780582,5.31974948164355,15.2718715065985
"AIMP1",10.0786890145508,-1.56721486241097,4.25573707606993,10.1998105216219
"ILF3",4.88730809671269,2.29502847692956,3.59116828682112,5.39934589946884
"TRAP1",-12.6707853023594,-3.16040744680662,-7.91559637458303,13.0589806420072
"ANK3",1.21537245472123,-7.40213033159264,-3.09337893843571,7.50124414011295
"HSPB3",3.81566930748917,16.0665051856538,9.94108724657148,16.5133861198954
"ECH1",0.0693483426045312,-6.46952495242984,-3.20008830491265,6.46989662226023
"STRN3",3.95086653929198,-1.19520963679564,1.37782845124817,4.12769578423436
"COASY",6.17854780903954,-0.713775125797426,2.73238634162106,6.21964050076806
"TRDN",8.9516949042664,-17.7828999458618,-4.4156025207977,19.9089018316833
"ACACA",19.9119340803011,5.97804193843306,12.9449880093671,20.7899520017705
"GPS1",-12.4780989609078,-8.1634104043054,-10.3207546826066,14.9112113226032
"MTAP",6.11209675953353,0.133800218152775,3.12294848884315,6.1135610977791
"PRKAA1",-7.5538665652112,-5.69439496180533,-6.62413076350826,9.45975866848882
"TARDBP",-8.794724184641,0.972611767171712,-3.91105620873464,8.84834149055913
"PAK1",53.7749913715237,16.8019774402212,35.2884844058725,56.338762348042
"AIMP2",-2.13857862063821,-1.5387134458075,-1.83864603322286,2.63460767192378
"PRDX4",9.21271937066703,-0.421448817804432,4.3956352764313,9.22235421726428
"PAK2",1.15140102112404,-5.52457561713979,-2.18658729800788,5.64328451001196
"CBX3",-3.8356219451859,2.80740675161031,-0.514107596787795,4.75326502263221
"PSMD2",-0.422409565613441,-0.834176334233986,-0.628292949923713,0.935029410081729
"MYBPH",-13.2833219306794,23.2925847129868,5.00463139115372,26.8140102208852
"SELENBP1",1.93175364482727,-3.7434654271807,-0.905855891176715,4.21250585148562
"TRIM28",5.75301876528221,4.12077740804234,4.93689808666228,7.07658331119767
"G3BP1",21.8363806889906,-3.12338336574845,9.35649866162107,22.0586274560308
"PABPC4",20.0973049017772,-7.38283585041013,6.35723452568354,21.4104630848821
"SGCG",-1.11779189588996,-1.50986480549784,-1.3138283506939,1.87860332518558
"EIF3I",-5.08153508328064,-9.08389852222612,-7.08271680275338,10.408612355387
"CTBP1",7.95713588963297,-7.24889610600112,0.354119891815924,10.7639447379519
"UBE2V1",-6.69754630517172,-7.05109898697202,-6.87432264607187,9.72497421251065
"DYNC1I2",2.23461459240551,-4.93374826504287,-1.34956683631868,5.4162140208272
"ILK",8.06314413371705,5.09315570280995,6.5781499182635,9.53700835347024
"NNT",-1.36556743352271,-8.71378772710017,-5.03967758031144,8.82014007646473
"SNTA1",-3.26025241100627,-3.38033158958147,-3.32029200029387,4.69636960204312
"SNTB2",-6.14552596262464,-5.49352608240462,-5.81952602251463,8.24295566986462
"SF3B2",-9.73065190893517,-6.48002203947031,-8.10533697420274,11.6908627656339
"PDAP1",-5.88442881497278,4.05090945194424,-0.91675968151427,7.1439743746974
"TMED1",-12.5881544939578,-6.67850034219059,-9.63332741807421,14.2500526449691
"FKBP5",9.17775673003787,9.62356564581842,9.40066118792815,13.2982793749843
"PICALM",-11.9189035069263,-1.00468722225861,-6.46179536459248,11.9611729032729
"MTM1",4.02277369986296,-7.72693283567149,-1.85207956790426,8.7113833165168
"SQSTM1",2.64004545858584,9.51610339483108,6.07807442670846,9.87552853494513
"MTX1",-15.8239053496592,-3.81948631434372,-9.82169583200146,16.2783431657043
"ART3",5.85698383317914,10.9043240314022,8.38065393229067,12.3777438252671
"ASAH1",2.27615238344081,-2.95873702763455,-0.341292322096869,3.73296055046648
"PIN1",-1.73252887879731,6.51754741752316,2.39250926936293,6.74389209993232
"CAMK2B",-6.40972863311081,-16.3556944658345,-11.3827115494726,17.5668256270121
"CAMK2G",3.22089546084136,-1.32732014447737,0.946787658181999,3.48366851689479
"CAMK2D",3.0862091615264,-1.21271521265727,0.936746974434564,3.31592599068493
"DCTN2",2.07121368922023,-6.42686857387192,-2.17782744232584,6.75237482758739
"NAE1",-13.5736632009529,-32.7933217644987,-23.1834924827258,35.4914959538598
"STIM1",1.41533725765959,-3.80381972953799,-1.1942412359392,4.05859878378509
"CUL1",-4.55164965338238,-5.07405695959023,-4.81285330648631,6.81641904494596
"CUL2",22.9397280398641,0.78609079078781,11.8629094153259,22.9531928339891
"CUL3",-4.35807424148532,-5.09866789393258,-4.72837106770895,6.7074007921785
"CUL4A",5.06652407427837,-6.13589850895755,-0.534687217339586,7.95731843697799
"FHL1",-1.09119709044776,-6.88608335312447,-3.98864022178612,6.97200509440288
"FHL3",3.04542723883123,-5.55070896008073,-1.25264086062475,6.33127135941398
"ITGA7",-7.3901142716912,-9.8786869510755,-8.63440061138335,12.337027390178
"AAMP",-1.63248422645837,4.59226839989864,1.47989208672014,4.87380075570832
"CACNA1S",-6.06078798994336,-9.11761257468087,-7.58920028231212,10.9482423302108
"MOGS",25.4369932792807,9.533156694269,17.4850749867749,27.1647143119095
"SPTAN1",5.9237167562437,8.61074097658007,7.26722886641188,10.4515683212596
"AUH",-4.3225684174917,-9.44646072965628,-6.88451457357399,10.3884656249532
"DDX39B",1.1171816601504,-14.3618775398713,-6.62234793986046,14.4052636675639
"BLMH",-25.5424029900343,9.88624569070399,-7.82807864966516,27.3889065930401
"SNTB1",1.45917669672813,2.06678784785086,1.7629822722895,2.52998194465858
"TUBB2A",-2.86369035543869,-4.82476368945862,-3.84422702244866,5.61062092026818
"IDI1",0.269535848963734,-0.929709938601331,-0.330087044818798,0.967992842850964
"PRKG1",-6.49609449062072,-16.8108593991322,-11.6534769448765,18.0223260809604
"COX17",-17.1230734095837,-21.3592311792038,-19.2411522943937,27.3754707641104
"HNRNPD",10.3061308440772,3.8149467690411,7.06053880655913,10.9895473894904
"SCARB2",0.762520613281868,-3.92118660904829,-1.57933299788321,3.99463917127184
"NID2",34.579069103635,-39.4745342597051,-2.44773257803504,52.4780990041998
"IL18",-16.9229816658332,9.17791174352105,-3.87253496115609,19.251529093399
"DAG1",-14.0658655093649,3.50406023806264,-5.28090263565114,14.4957583685543
"EIF3A",5.39819771876618,-8.25013582373544,-1.42596905248463,9.85927379277882
"UBAP2L",24.9655737722969,-8.42843528496978,8.26856924366356,26.349922108669
"MLEC",2.12996826782483,6.1958217022714,4.16289498504812,6.55171514859109
"DPYSL3",-1.10801431519871,-1.19426293819843,-1.15113862669857,1.62909781420258
"DCTN1",-0.530378235506067,-9.57326385953136,-5.05182104751871,9.58794461795164
"DYNC1H1",4.17215327530649,0.818670141818842,2.49541170856267,4.25171538955236
"EIF2B1",-2.12881387779332,2.82950683395785,0.350346478082269,3.54089783101682
"EIF4A2",0.126490196189394,2.18379540123205,1.15514279871072,2.18745562793267
"CTTN",-12.8501207001276,-23.2246770337624,-18.037398866945,26.5426303393319
"ENDOG",-4.01631025999126,3.40805822897935,-0.304126015505958,5.26741008434173
"FLOT2",15.7687433981949,-1.44239695345654,7.1631732223692,15.8345753757231
"TRIM25",3.21196637229802,4.99932381772159,4.1056450950098,5.94221899724435
"FLNC",6.83798109752563,-6.38128049192711,0.228350302799264,9.35300626572907
"MYBPC2",4.35304500345569,-57.8013416794251,-26.7241483379847,57.9650248058582
"GAMT",-2.5534696461018,4.49517510286471,0.970852728381455,5.16979752398274
"CAPRIN1",7.89524801348135,-5.90450999597899,0.995369008751178,9.85891370724975
"PRPSAP1",-5.05200542790368,-4.72106426537677,-4.88653484664022,6.91456481937842
"ITIH4",0.136715572730751,45.2484517615633,22.692583667147,45.2486583001789
"CLINT1",-6.56876920519591,-4.64934145680864,-5.60905533100227,8.04767698489008
"GANAB",6.09317294379975,-4.119278094567,0.986947424616373,7.35494449628499
"SSPN",-6.14416579534586,0.944110877543325,-2.60002745890127,6.21627852254012
"MVP",29.1165858915373,49.4005615452613,39.2585737183993,57.3427506749234
"LTBP3",-4.16999041197993,-13.0280002418096,-8.59899532689476,13.679093915044
"LASP1",34.3003821902095,-9.59973929118052,12.3503214495145,35.6184111500369
"PTGR1",3.30111703486273,7.62430863065202,5.46271283275738,8.30827634189522
"KPNB1",9.84633461791059,1.35077415345642,5.5985543856835,9.93855604308344
"NUMA1",10.2418298573316,8.06194694341184,9.15188840037171,13.0341884037678
"PSME4",10.7453490181003,-2.24660928407677,4.24936986701179,10.9776946029706
"SLMAP",9.7555594991157,3.28980672688527,6.52268311300049,10.2953275538492
"EMC2",-1.52685598630646,2.74022441833566,0.606684216014601,3.13689640660365
"PSMD6",7.041475414226,-1.82154260993931,2.60996640214334,7.273265668802
"ABRAXAS2",0.118332443516437,-5.70350892988272,-2.79258824318314,5.70473633750417
"SEPTIN2",-1.35677493298848,6.62675430951188,2.6349896882617,6.76422285982804
"KARS1",1.57875466846894,-1.46461633806347,0.0570691652027335,2.15350117737021
"EIF4H",-5.28590493274817,2.27669596148937,-1.5046044856294,5.75535710960783
"EEA1",2.32716502621097,10.2982523432467,6.31270868472881,10.5579211203913
"PDIA6",4.86511793062273,7.90959825655139,6.38735809358706,9.28607113148007
"PAFAH1B3",-2.63298177369673,17.7521551723452,7.55958669932422,17.9463535651017
"PLCL1",-1.07865883311885,-0.445269766954297,-0.761964300036572,1.16694903214701
"PDK1",-1.80376164511696,-0.831500317446814,-1.31763098128189,1.98618953030903
"PDK2",10.9700293077047,-25.4387995692666,-7.23438513078096,27.7033223014356
"PGM5",20.8755458799687,-7.04973395538183,6.91290596229341,22.0337732725999
"PLEC",-0.581319354398875,-8.26442071982788,-4.42287003711338,8.28484049491112
"PPP2R5A",5.78485686176532,0.0818788294908188,2.93336784562807,5.78543628897874
"PPA1",-4.34597625679194,-1.06631860058698,-2.70614742868946,4.47487932603295
"PTGES3",2.24823844610617,-4.30667776069518,-1.02921965729451,4.85819405180735
"STK38",20.1352624774397,-3.0911341173345,8.52206418005261,20.3711537514875
"NONO",-6.63011925874271,1.36647767390904,-2.63182079241684,6.7694713692018
"PTPA",-19.4060129303711,-3.03122760629517,-11.2186202683331,19.6413257865882
"RAB35",11.3262722798504,2.46138623848227,6.89382925916635,11.5906369959678
"TMED2",0.769083775568355,-1.68710357239046,-0.459009898411054,1.85413276704101
"PCBP1",8.14466698778308,-0.111100863128829,4.01678306232713,8.14542471229533
"PCBP2",-0.493556643551074,4.71183260566846,2.10913798105869,4.7376117046708
"ELOC",-3.2428462388248,-8.11539179139892,-5.67911901511186,8.73931551419018
"ELOB",-2.71281870232841,-0.651224614316083,-1.68202165832225,2.78988867340508
"UBE3C",30.1398497559425,6.50363060456492,18.3217401802537,30.8335491689073
"DHCR24",10.5837313229229,-0.806413082651357,4.88865912013576,10.6144086399427
"RSU1",4.91117835450967,3.65993689468329,4.28555762459648,6.12493354273075
"PPP1R7",-0.397135924764797,-8.43664991256572,-4.41689291866526,8.44599187129221
"SEC23A",1.62704658161378,1.28197677155398,1.45451167658388,2.07141135980883
"MAPRE2",-6.47119212249235,-2.73274588256754,-4.60196900252994,7.02454465035968
"TGFBI",8.61126016856894,-0.782973592556836,3.91414328800605,8.6467826003331
"TSN",2.1952765466115,5.96221423503857,4.07874539082504,6.35352167703858
"SF1",11.4216183207587,4.66140637719356,8.04151234897613,12.3362098911469
"TRIP10",1.42855893062716,5.93752618112629,3.68304255587672,6.10696305620353
"MAPRE1",7.92381371637848,11.6012166998795,9.76251520812897,14.0490231948499
"ELAVL1",-1.03780157618729,5.44719026184085,2.20469434282678,5.54517031841499
"MYLK",11.4653660499891,3.72359712228688,7.59448158613798,12.0548659963247
"SPEG",0.160345251877246,-10.6221460962487,-5.23090042218572,10.6233562629637
"TBCE",10.4870121028409,-6.93391755100975,1.77654727591559,12.5720577253421
"UBE2V2",1.25511981225056,-5.7946536677519,-2.26976692775067,5.92902495122886
"NEDD8",-1.36944062214917,-8.81196408747945,-5.09070235481431,8.91773955084022
"ADIPOQ",-6.88879361096762,7.26950726688892,0.190356827960651,10.0150493417586
"RAB11B",3.09067478878113,5.01033868454206,4.0505067366616,5.88691467441358
"ZYX",13.0670002200363,1.86302392774508,7.4650120738907,13.1991421276453
"HSPB2",10.920080671815,17.2449212171329,14.082500944474,20.4116503415101
"ETFDH",0.650698403747928,-9.03092975015723,-4.19011567320465,9.05434153127189
"SEPTIN7",6.06419601892734,2.86364378208098,4.46391990050416,6.70633499510912
"ADRM1",-15.7826957264603,-14.7013141524004,-15.2420049394304,21.5690083731635
"DDB1",3.17086917663428,-3.19384263356938,-0.0114867284675526,4.50056019883467
"CDC37",2.10097735246659,-3.95474959379194,-0.926886120662675,4.47818603735654
"DPYSL2",1.7527579657776,-4.3538203560248,-1.3005311951236,4.69339026495057
"SYPL1",11.4539458132851,-3.13594461653377,4.15900059837564,11.8754799200553
"RBBP7",-2.15497806272034,-13.4742541044081,-7.81461608356424,13.6454920805724
"SGCB",-6.2763578235331,7.33387547943616,0.52875882795153,9.65289578711488
"SGCA",-8.74942094277679,1.90171728874045,-3.42385182701817,8.95370847639096
"FXN",-7.82617728452346,-7.29945536018291,-7.56281632235319,10.701920362444
"FSCN1",-1.33828068930966,-4.81768320997029,-3.07798194963997,5.00010667036302
"DECR1",-8.90961665414142,-4.88326290555039,-6.89643977984591,10.1600947598179
"NDUFA5",15.4355956325744,-4.78216730501455,5.3267141637799,16.1594163466846
"CLPP",-11.0378764940889,-9.88443656080569,-10.4611565274473,14.8167744000964
"TST",1.88071356653831,-3.58424036868867,-0.85176340107518,4.04769842501868
"KYAT1",6.01656653224378,-2.35340510426319,1.8315807139903,6.46046348350395
"GUK1",35.9222631946367,-1.89157730408843,17.0153429452741,35.9720316040405
"HAGH",-4.61197653626433,-6.49845278211295,-5.55521465918864,7.96870228659625
"NDUFA9",12.0546955210124,-8.33205511881307,1.86132020109967,14.6539696535531
"PHKG1",-8.07365605151261,-1.94371331865757,-5.00868468508509,8.30433281505823
"PPP1R3A",-6.41349202800354,-2.57595287060884,-4.49472244930619,6.91146968342211
"HADH",-3.92741429238624,1.38178380272666,-1.27281524482979,4.16340119391795
"UGP2",-0.468797279569607,-2.92556785432696,-1.69718256694828,2.96289017002033
"TXNRD1",-5.88162367635899,3.61923980698487,-1.13119193468706,6.90596798796305
"IMMT",5.39862011514424,-5.70472446779132,-0.153052176323543,7.85423327900674
"IAH1",4.00470678062149,-1.83291989860735,1.08589344100707,4.40423338998588
"KLHL40",20.0271718165991,6.16086362835468,13.0940177224769,20.9533732754124
"TKFC",15.8975636455288,-18.0399228243645,-1.07117958941783,24.0451938102538
"TIMM50",-1.80579202189754,-6.83616166695422,-4.32097684442588,7.07064291016617
"NADK2",18.1879451124887,-4.22363281116312,6.98215615066277,18.6719153152116
"FAM98B",-14.2241012319889,0.728845211106968,-6.74762801044097,14.2427620635754
"HIKESHI",2.40962036871,7.32153959779406,4.86557998325203,7.70786691655795
"PDLIM3",5.86484433469871,-1.34349536764207,2.26067448352832,6.01675816973919
"HSD17B12",18.9250072369393,1.76108087499109,10.3430440559652,19.0067699719459
"AGK",-11.7843453915269,-13.2517752849303,-12.5180603382286,17.733593671591
"LACTB2",0.329444252162777,0.0994843809916048,0.214464316577191,0.344137555847039
"DCAF6",4.73331427061316,-4.1088009791854,0.312256645713877,6.2678951387962
"CAVIN4",4.87230969688476,8.23255526540151,6.55243248114313,9.56631423173248
"FLG2",45.5000727833323,0.530810042304729,23.0154414128185,45.5031689290927
"RABL3",-0.872174626782023,6.35345330417213,2.74063933869505,6.41303808408293
"COQ5",2.21280403505938,-5.89335477392298,-1.8402753694318,6.2950879413155
"NOMO2",10.6829413472927,-2.51557232537035,4.08368451096119,10.9751236874063
"PITRM1",16.975974722068,9.64731339543182,13.3116440587499,19.5257361836621
"WDR44",-20.6675506434706,-7.51454197330371,-14.0910463083872,21.9912707834033
"COA6",-13.1026899902807,1.50679068650091,-5.7979496518899,13.1890448158435
"TOR1AIP1",23.4317534144019,-8.93756769953301,7.24709285743446,25.0784206930395
"GNAS",4.27014751935959,2.34498396184993,3.30756574060476,4.87166394760828
"TTC38",3.77829760616031,-2.97972752568995,0.399285040235181,4.81189244768324
"C6orf136",-6.29137892256658,17.8227916684055,5.76570637291945,18.9006177571713
"HP1BP3",10.1282082263119,0.945992855477126,5.5371005408945,10.1722910083297
"IBA57",-3.72025908254564,2.63630173678597,-0.541978672879832,4.55965069809564
"UBR4",15.9337346405042,-4.96275609270136,5.48548927390143,16.6887041926462
"DCAF8",2.52123845210975,-3.78894361010907,-0.63385257899966,4.55112480744959
"DDI2",11.4399306361351,-42.3583554280542,-15.4592123959596,43.8759875960525
"MICOS10",-6.40071941963471,11.8638692107785,2.7315748955719,13.4803783974838
"LYRM7",4.35043005106076,9.04694480520909,6.69868742813492,10.0385981061935
"OBSCN",4.11357642087949,1.84479166561726,2.97918404324838,4.5082998192164
"MYOM3",6.44321717695065,-33.9155594940548,-13.7361711585521,34.5221700271597
"PDE4DIP",-14.5935883219435,8.80888267188109,-2.89235282503119,17.0460914592563
"BROX",-4.13322473752103,-8.3428582007444,-6.23804146913271,9.31057622752662
"SYPL2",-1.01913874153924,1.69695558199814,0.338908420229449,1.97947013662263
"ECPAS",3.85719094103569,-2.24498992262812,0.806100509203786,4.46294764794632
"MICOS13",8.38282511201604,-3.53161251552028,2.42560629824788,9.09637531209142
"RNF123",4.22995520636425,-5.06871503121314,-0.419379912424443,6.60184770465769
"TMEM198",16.7106803031515,2.60717446090379,9.65892738202766,16.9128411233514
"CRYBG3",-3.74310010909231,-32.4426074359122,-18.0928537725022,32.657825642063
"NXN",6.88192307972468,7.21682069605765,7.04937188789116,9.97212947340202
"PTRHD1",-17.7818295073043,-0.154668415653841,-8.96824896147908,17.7825021564919
"ABLIM2",-1.9912458166903,7.70808576562786,2.85841997446878,7.96113346658385
"LAMTOR1",14.4019345127531,0.378791181751261,7.39036284725216,14.4069150226202
"DHRS7B",-8.53172861675197,13.0348586522725,2.25156501776028,15.5787654605437
"TWF2",4.70633340542146,-14.6184520333887,-4.95605931398364,15.3573667656755
"ETFRF1",-2.13264258022243,-3.96676586029663,-3.04970422025953,4.50370911198677
"RAB12",2.64739886218456,3.10876448358403,2.87808167288429,4.0832753213431
"DENND5A",16.4117032303244,4.06093199818536,10.2363176142549,16.9066605695544
"RCSD1",-10.6690546581968,-2.38242840341327,-6.52574153080501,10.9318201776731
"SLC25A24",3.8453211314884,0.477718967135228,2.16152004931181,3.8748819357281
"HIBCH",2.05271488442543,-13.0481890810962,-5.49773709833537,13.208666726539
"CAVIN1",6.39901865210222,4.60767697885564,5.50334781547893,7.88531082782589
"MRPL54",-4.10511719311474,-9.02021361580644,-6.56266540446059,9.91041073033738
"LPCAT3",-9.01086908930647,-3.63550235814009,-6.32318572372328,9.71661665090586
"TATDN1",-4.25435166247586,-5.35024979778162,-4.80230073012874,6.83554540374602
"SFXN4",21.1665300381417,0.854885893729985,11.0107079659358,21.183786813194
"FAHD1",-3.59102101735427,-8.00945503601678,-5.80023802668553,8.77763076923691
"LMOD2",20.8690449828684,8.25956354418106,14.5643042635247,22.4440956252941
"SLC27A1",14.5295449330385,-2.71816455989078,5.90569018657386,14.7816133942081
"CCDC137",65.8699010432437,-46.8926836553623,9.48860869394069,80.8564632162983
"CORO6",30.1858691910221,16.5808812728761,23.3833752319491,34.4399814547382
"TMEM205",-4.26879441441216,-22.9899299792602,-13.6293621968362,23.3828887480525
"DHRS11",18.290361374273,7.02935338082476,12.6598573775489,19.5946198777627
"APOOL",-1.93993179746585,-5.54406051372446,-3.74199615559515,5.87366515547642
"NAPRT",14.4553038520423,-15.8925409218413,-0.718618534899527,21.4832182507014
"HSDL2",5.14905735308933,-1.85691593568357,1.64607070870288,5.47365768180646
"KYAT3",4.14752797558349,-0.3913956585424,1.87806615852055,4.16595473688488
"TRIM72",3.72197232227922,-1.81143445843465,0.955268931922283,4.13936864328571
"UBN2",34.9984020644112,1.34618792116365,18.1722949927874,35.0242825619779
"TOM1L2",5.48644603830346,3.2900542655366,4.38825015192003,6.39730780886705
"XIRP1",0.938642174991578,-13.2134793618727,-6.13741859344058,13.2467764372813
"VPS13C",5.03799597200472,9.18540869578126,7.11170233389299,10.4763131073135
"UBE2R2",-4.52918051674213,-1.72692704877766,-3.1280537827599,4.8472418121068
"SND1",10.6773235972286,-9.85082601239912,0.413248792414761,14.527353934096
"TRMT10C",3.24587073088082,-4.15741376536084,-0.455771517240008,5.27444461701899
"BZW1",14.0040661142441,-7.16931004693681,3.41737803365362,15.7325418887486
"EIF3M",-2.42311585887582,6.64830777909658,2.11259596011038,7.07612088584781
"COPS6",-4.7699667975064,-0.724568177117533,-2.74726748731197,4.82468468323111
"CHMP1B",13.1311000154059,-23.5588626898679,-5.21388133723101,26.971203140658
"MRPL21",2.5198685609554,-0.708211925337544,0.905828317808929,2.61749913002502
"DGLUCY",-1.79664440823834,-1.92473318688209,-1.86068879756021,2.63296961059929
"MYH14",-4.66750373353419,-12.8632876322261,-8.76539568288017,13.6839234071204
"SZRD1",10.4992504634805,-17.3697495718183,-3.43524955416888,20.2963656964142
"MAVS",4.869534554486,3.75863545607997,4.31408500528299,6.15139880588429
"COMMD6",-28.9651031934115,3.5127711645802,-12.7261660144156,29.1773330559817
"HDDC2",4.91181112088018,-0.885275573113592,2.01326777388329,4.99095194602731
"HDGFL2",12.568464529579,-2.10263254262804,5.23291599347548,12.7431300801885
"DCXR",-3.34664785275269,2.77693576114939,-0.284856045801652,4.34872671846421
"SPRED2",-11.5309863279231,83.2976406549067,35.8833271634918,84.0919769322182
"HUWE1",-3.0428504906312,8.02663634957953,2.49189292947417,8.5840450952174
"GLRX5",-0.834068704616662,-3.25808649803843,-2.04607760132755,3.36315301952219
"MYPN",19.5111539989611,-6.74255849082908,6.38429775406599,20.6433336787793
"SRL",-3.66203623862989,11.225143611403,3.78155368638658,11.8073857610252
"ACOT1",11.1110907351292,6.27669666053546,8.69389369783235,12.7613971920261
"ISCA2",-2.28193658182078,10.4187883454142,4.0684258817967,10.6657575985014
"MTDH",-7.98434944006377,1.75711410564171,-3.11361766721103,8.17540738809337
"KTN1",-4.42069877337434,15.4361416682455,5.5077214474356,16.0566823237884
"NLRX1",-2.11364300815321,4.12164104970926,1.00399902077803,4.63199867320398
"ALYREF",12.6514705212589,-21.0083261504522,-4.17842781459663,24.5236513185548
"MDP1",10.2055266694124,1.17619476094236,5.69086071517739,10.2730817535809
"NRAP",0.15725805734477,8.60367517803951,4.38046661769214,8.60511224016358
"VPS36",13.4430998166012,8.33164808420402,10.8873739504026,15.8156028174118
"CAND1",-10.5951015100289,-0.322769107430487,-5.45893530872968,10.6000167879361
"COMMD7",3.10868049545674,-6.82069677412149,-1.85600813933237,7.49571870519061
"LDHD",9.36327110596912,1.23431616123474,5.29879363360193,9.44427774844437
"CARM1",-3.85608736268198,-55.7407420468056,-29.7984147047438,55.8739629315583
"NIT1",-0.634232242766174,8.80664103703934,4.08620439713659,8.82944941052553
"NDUFA11",-0.92228773732419,6.36246469648757,2.72008847958169,6.42896350001065
"ECHDC2",-7.18026889251932,-1.81098698827789,-4.4956279403986,7.40512898203619
"PHYKPL",18.427772733257,12.5527776233795,15.4902751783183,22.2969736504887
"MUSTN1",-12.3518778919545,-29.0318425119085,-20.6918602019315,31.5502261021061
"NAXD",3.44174460067886,2.44341695863163,2.94258077965525,4.22088762347812
"MFN1",-9.68861434996042,7.13594615129694,-1.27633409933174,12.0329121785405
"SLC44A2",-8.62856787283042,14.2066951115586,2.7890636193641,16.6217438774885
"HSCB",4.43406123038098,1.24884412463804,2.84145267750951,4.60657254826304
"ADHFE1",-15.7302783225514,4.58431800582888,-5.57298015836126,16.3846766121122
"UNC45B",3.21313757375104,-1.64946675819985,0.781835407775599,3.61178538319445
"KLHDC8B",-1.84663071323517,8.7815646556633,3.46746697121407,8.97362372693765
"SUPV3L1",92.3419338011368,1.74708429066144,47.0445090458991,92.3584595023769
"PM20D2",11.1398723119537,-12.9432429362943,-0.901685312170319,17.0770106527626
"MICU2",-26.6628732685245,-0.542234671187742,-13.6025539698561,26.6683863286108
"FAM185A",27.9688201704806,-5.43063705600704,11.2690915572368,28.4911691680556
"ADSS1",7.99367758035315,3.34508853970819,5.66938306003067,8.66536200035103
"NDUFAF2",7.60681116571158,-7.47888066818404,0.0639652487637683,10.6675785518426
"LRRC47",9.47093115675346,2.88664120008486,6.17878617841916,9.90107238605954
"GPD1L",2.98448809106746,-3.89321667810716,-0.454364293519849,4.9055382241315
"EHBP1L1",3.52020448216651,-3.91255820685427,-0.196176862343885,5.26307432194225
"CMYA5",-1.58292266513893,-2.0992479473013,-1.84108530622011,2.62916072313186
"TXLNB",1.98709998112485,2.47565866905643,2.23137932509064,3.17450030408892
"SYNPO",17.4420092005606,-13.5062557358391,1.96787673236076,22.0599779907942
"TOMM5",15.612735725471,-1.0220210692601,7.29535732810546,15.6461510889871
"CHCHD4",2.71069758753901,4.89706839000825,3.80388298877363,5.59724577158336
"CBR4",3.57923278767857,-0.773958587540946,1.40263710006881,3.66195565833636
"MMGT1",10.6875908323411,9.75665045890877,10.2221206456249,14.4712413419467
"SMIM20",5.59743163072538,5.78676115869165,5.69209639470851,8.05095308447312
"CISD2",4.54123735644892,2.18023375081184,3.36073555363038,5.03748508045297
"ATPAF2",3.60208697590759,4.84816265894464,4.22512481742612,6.03984368585713
"JAGN1",7.75050846710599,-0.609371268218581,3.5705685994437,7.77442697831885
"MRPL50",0.759882047117948,5.7474617382926,3.25367189270528,5.79747679242182
"EMC1",9.24829685709235,-5.62406454205236,1.81211615752,10.8240979638063
"PTGR2",5.79611266726481,5.19666231824042,5.49638749275261,7.78461439645198
"SMYD1",3.10045402585668,-9.96594135362172,-3.43274366388252,10.4370878232522
"NHLRC2",8.56290797813302,5.62558703501582,7.09424750657442,10.2455171919485
"RDH13",7.20028320177131,-3.7406822306562,1.72980048555756,8.1139867966652
"TXNDC5",-4.86988205176324,1.17509129928391,-1.84739537623967,5.00964976417898
"ATAD1",8.77962928477965,-11.5162807539635,-1.36832573459193,14.4812503873896
"SCCPDH",6.16274217860566,-10.0526513023246,-1.94495456185945,11.7913183896498
"SERBP1",11.1980460149961,-20.7682636953493,-4.78510884017661,23.5948513763815
"FAM98A",-7.87447348710921,30.7685801235965,11.4470533182436,31.7602401678791
"PDPR",-3.16888409760878,-6.91837037483397,-5.04362723622137,7.60957785080474
"NAXE",6.95519477582657,-4.91922590435134,1.01798443573762,8.51900920692814
"NPEPL1",-3.46989917473709,-5.30978384396028,-4.38984150934868,6.34302804285325
"ADPRHL1",2.83261407666101,-0.140867926849264,1.34587307490587,2.83611464509334
"CHDH",-9.66508153804316,-10.5573698034766,-10.1112256707599,14.3133454616446
"ABCF1",-1.95267068811648,-13.6253445071296,-7.78900759762302,13.7645535980719
"MCU",8.25025621219621,-2.84379287473315,2.70323166873153,8.72661936154346
"ABHD11",-14.8062858557313,-8.75315120338446,-11.7797185295579,17.2001092098551
"ATL2",-21.0603730610953,7.83603828246996,-6.61216738931268,22.4709325448866
"PPTC7",-0.982495197492053,-6.38797278792644,-3.68523399270924,6.46308696772553
"COQ8A",-0.26485447641674,-6.86410733245653,-3.56448090443664,6.86921519281217
"NPLOC4",4.55840571286636,-0.482689654289308,2.03785802928852,4.58389048139793
"SPATA20",-8.37084054908643,-29.6169670242722,-18.9939037866793,30.7771945962438
"NUBPL",11.1951205167719,-18.2839961396221,-3.54443781142508,21.4391053502417
"DEPTOR",-8.36163423993856,3.14609638440738,-2.60776892776559,8.93391569371986
"RDH11",-17.127237657827,-2.29030460064584,-9.70877112923644,17.27969227016
"LRRC20",2.56337904422459,-1.46203311130282,0.550672966460887,2.95100880088751
"NT5C",-3.9525491888981,-7.3511591877929,-5.6518541883455,8.34638763148052
"PNPT1",8.92497029961008,-4.36725467044701,2.27885781458153,9.93619686829237
"SPPL2A",-27.8229175258887,5.0643456085469,-11.3792859586709,28.2800695914139
"PREX1",13.0698336698036,26.6871628912899,19.8784982805468,29.7157401950981
"NEK9",21.7659888697038,-12.7347482050886,4.51562033230759,25.2176938541786
"MYOZ3",6.51514920780039,-52.9904916983718,-23.2376712452857,53.3895062688831
"NEK7",0.833890516467893,-9.84487039951437,-4.50548994152324,9.88012381383398
"DTD1",6.53282558738767,-14.5204025919378,-3.99378850227504,15.9223082995896
"UTP15",32.9312198336971,-33.6930421160726,-0.380911141187749,47.1135471682056
"SETD7",-2.31107464463834,-2.58325858635298,-2.44716661549566,3.46616372046339
"NUP133",-18.3280945369661,19.1104550628285,0.391180262931211,26.4788319618588
"PDCD6IP",-3.49883492091721,-3.96054803706022,-3.72969147898872,5.28467468797194
"THEM6",2.65759334585365,7.34992625440185,5.00375980012775,7.81563934282227
"SMIM4",-0.512008788408174,-7.97896512350468,-4.24548695595643,7.99537600376063
"NUDCD2",-11.7713351680026,-8.69067944860229,-10.2310073083024,14.6318912282662
"SCFD1",-21.2810808305966,-0.754551926799209,-11.0178163786979,21.2944535015253
"PCNP",-16.3432828282268,-8.30969863993582,-12.3264907340813,18.3345025863797
"DNAJA4",-1.54039195215601,16.1919018263022,7.3257549370731,16.2650082114605
"SPRYD4",-8.66301684738296,2.93349922089832,-2.86475881324232,9.14621662640088
"RTN4IP1",-0.018664294241006,-2.58026300879369,-1.29946365151735,2.58033051185862
"PALLD",10.5966465322341,-5.56269796064702,2.51697428579356,11.9679792083082
"SYNE2",21.8901540101075,-5.05896343120843,8.41559528944952,22.4671305151443
"THAP4",8.85019365402561,-2.41189892510401,3.2191473644608,9.17295939916192
"IFT81",-11.1169567936291,-15.2505770802547,-13.1837669369419,18.8723827227037
"TTN",11.3495760082774,-42.343773062006,-15.4970985268643,43.8384305455194
"DDX1",-4.24960441810498,6.25405171347994,1.00222364768748,7.56123670739508
"HSD17B8",-8.96095892846549,-2.90756878084152,-5.9342638546535,9.42086732381736
"CPT1B",5.48923490567015,-2.45752284802899,1.51585602882058,6.01424296135532
"PSMF1",-9.09375591479295,6.16612803463649,-1.46381394007823,10.9871530242079
"UBXN4",-0.0265224392615551,-15.6950410176282,-7.8607817284449,15.6950634272314
"MYO18A",12.0641599576112,17.3493475644404,14.7067537610258,21.1315833858844
"GCN1",1.29816945338299,-3.03056654175864,-0.866198544187823,3.29690422877639
"SGCD",-6.95293922655996,1.44640898906919,-2.75326511874538,7.10179293220355
"AKAP1",-5.35076707007013,2.93347345882364,-1.20864680562324,6.10212870822712
"RABGGTA",3.71785583517473,-2.4088746159227,0.654490609626017,4.43002583811647
"TFG",-1.9235268609648,-3.91239462635328,-2.91796074365904,4.35967743040367
"ARPC1A",5.89026253766463,-0.528882802303624,2.6806898676805,5.91395889241613
"P3H4",12.4074181340947,12.2104340157282,12.3089260749115,17.4080074565332
"DDX17",2.09065858083625,-1.08194091407442,0.504358833380913,2.35402834374874
"CELF1",7.41256752290911,-10.472219715685,-1.52982609638793,12.83018094398
"UFD1",-7.92693896164262,-1.69696069893464,-4.81194983028863,8.10654284608035
"RPL3L",1.06110675316803,4.69969645823308,2.88040160570055,4.8179969220774
"COPS5",6.05436238203713,-6.48791831675306,-0.216777967357961,8.87402884477429
"KHSRP",10.1373771641782,13.44142791039,11.7894025372841,16.8356288875413
"GCDH",-5.27957733421301,-3.48143698957492,-4.38050716189396,6.32410786912401
"TNPO1",-3.09712723513839,-2.81030601523872,-2.95371662518856,4.18210676692058
"USP13",-8.92325894790529,-10.8861770214777,-9.9047179846915,14.0759866579335
"USP9X",3.86128462070061,-6.43603794889023,-1.28737666409481,7.50547156423993
"CUL5",-5.57295063395531,0.154041740885535,-2.70945444653489,5.5750791587598
"LPP",5.2741974330288,9.87100713410382,7.57260228356631,11.1916906856871
"ATP2A3",5.09345527962816,-17.7006649950898,-6.30360485773084,18.4189258089057
"PHKB",-1.51882198633654,-4.86779752230513,-3.19330975432083,5.09924238925149
"UBE2F",-18.3720876733534,8.3666104420501,-5.00273861565166,20.1874658084269
"RPL36AL",24.9554652142659,-7.26231446507127,8.84657537459732,25.9906994028637
"WBP2",-0.451173083084452,2.29472660951911,0.921776763217327,2.33865930894925
"ERGIC1",-12.9865644946702,-11.2052352450362,-12.0958998698532,17.1524970272794
"MTARC2",10.2286602922602,0.166147379516818,5.19740383588853,10.2300095956055
"FAM162A",-4.16381444178869,-8.47010694160704,-6.31696069169786,9.43822347202628
"CCDC47",-7.88603486526501,7.58759047917877,-0.149222193043121,10.943540340123
"TMEM230",15.637744369028,8.00858886876299,11.8231666188955,17.5691930554577
"ISOC2",-3.76584689541969,-6.819559966073,-5.29270343074635,7.79025037919885
"FERMT2",2.32802354068649,-11.1899813945289,-4.43097892692118,11.4295834226752
"FUBP1",16.0936787900567,8.69224183200741,12.392960311032,18.291024166613
"SLC25A46",-8.96806564496002,1.58881027703096,-3.68962768396453,9.10771757954272
"TMEM143",27.475262592575,-10.0511150193751,8.71207378659992,29.2560244678538
"PBXIP1",16.3595472444273,-6.75039911737038,4.80457406352848,17.6975330000101
"ZBTB9",-2.78830115008345,12.8136895456308,5.01269419777365,13.1135526488959
"FAM136A",-5.59919145810519,-3.69940000761587,-4.64929573286053,6.7109243328223
"FGGY",23.913520453901,-3.5043940027937,10.2045632255537,24.168931251215
"GALM",7.40019257040321,-2.97714828211493,2.21152214414414,7.97660717177113
"DCPS",-6.11532975962317,6.81109913904287,0.347884689709852,9.15359653637865
"PPP1R14B",-22.9042839316618,-6.59782263833987,-14.7510532850008,23.8356347930818
"ACSF2",2.00436439714898,-0.471262896407371,0.766550750370806,2.05902048413528
"ISOC1",7.78386145014988,1.4509343480457,4.61739789909779,7.91793594047515
"CCDC124",-0.972909018552986,-1.80057287620082,-1.3867409473769,2.04661052496361
"OPTN",0.923985722132549,-0.686563370508548,0.118711175812001,1.15113807878502
"AP2M1",-6.59932128555368,-4.10440293787461,-5.35186211171414,7.7715612914263
"RMDN1",-5.21078742465081,-6.94802939811253,-6.07940841138167,8.68489597530881
"ECHDC3",-12.6132338703366,12.1852860327312,-0.213973918802692,17.5378124168119
"NUDT16",-1.70112534823198,-2.29422744726305,-1.99767639774752,2.8560999685187
"CMBL",-3.2477377743124,-4.15130501559734,-3.69952139495487,5.27078115493513
"MSI2",-7.76003982896331,-6.80546424562712,-7.28275203729522,10.3214612214359
"MRPL38",-2.19572254270155,-0.255633929954904,-1.22567823632822,2.21055336752405
"MRRF",13.8879959742648,2.82745491039412,8.35772544232948,14.1728943216094
"MRPL53",-12.7232768327836,-10.329289224642,-11.5262830287128,16.3882881732643
"DNAJA3",3.19346252067411,2.69933746659,2.94639999363206,4.18146214014748
"PTCD3",5.33586735555439,-11.299076332726,-2.98160448858581,12.4956234902001
"MMAB",10.6654823269132,-2.00520778238234,4.33013727226542,10.852344056296
"DYNLL2",7.72369194472892,-2.8356678985784,2.44401202307526,8.22778400835234
"S100A16",-6.35226044689944,33.4195323664804,13.5336359597905,34.0178828909072
"SCRN2",2.03606711721259,-14.7807598452454,-6.37234636401639,14.920336152668
"OTUB1",2.23934116836061,0.997883315003419,1.61861224168202,2.45161578936767
"CHMP6",1.28122785319312,-5.06903402839395,-1.89390308760042,5.22844630772983
"PDXP",-1.80157004416456,-1.54976388884284,-1.6756669665037,2.37643067123625
"DCUN1D1",-3.24862820312899,-17.4791372140624,-10.3638827085957,17.7784651460745
"FAHD2A",3.46035236824854,-1.30050823190115,1.07992206817369,3.69666879415588
"SNF8",3.7677632408622,-8.067370493803,-2.1498036264704,8.90384784929952
"PDLIM5",6.88923463175534,-10.2277759615811,-1.6692706649129,12.3316241806047
"CRELD1",-11.5433611042926,-12.9279700641696,-12.2356655842311,17.3315202900427
"ERO1A",4.3175513514682,-0.564736761048174,1.87640729521001,4.35432856842982
"AHCYL2",-2.65955584993609,3.82372931035307,0.582086730208488,4.65769719472858
"PGAM5",5.42706601557694,-0.0322874034011278,2.6973893060879,5.42716205892624
"DDRGK1",10.686940877594,-15.9810479626416,-2.64705354252381,19.2251033626725
"PYURF",-3.26607367758836,-3.73300436753298,-3.49953902256067,4.9600966598904
"SUCLG2",-1.90949958396444,-8.9595899029442,-5.43454474345432,9.16081000185574
"ABHD14B",-0.673959039020357,-0.180094607924097,-0.427026823472227,0.697606518089228
"NGLY1",-0.900558593605513,-2.42291325454175,-1.66173592407363,2.58486255331901
"BTF3L4",-6.58533836993178,-1.67355112482585,-4.12944474737882,6.79466370131014
"USP47",1.31360182619448,2.35988786011727,1.83674484315588,2.7008555070774
"CNDP2",4.64266769469391,-7.83946801119236,-1.59840015824923,9.1110713981322
"ALPK3",1.55748110270897,16.8685978672697,9.21303948498933,16.9403465546886
"STAC3",4.78587348472994,1.23130110232954,3.00858729352974,4.94172919294846
"COQ10A",6.68457061711091,-7.5989379615954,-0.457183672242243,10.1206394303581
"JSRP1",-5.152983634236,-8.97208230167454,-7.06253296795527,10.346569535973
"MCEE",24.3014588173792,-4.79025342546799,9.75560269595563,24.769082109214
"QKI",14.13290610704,1.52195094806647,7.82742852755325,14.2146181699942
"PLIN4",15.1323674376874,5.07059690352286,10.1014821706051,15.9593075422212
"VPS35",-4.25709287666193,3.47399582387476,-0.391548526393586,5.49467803832263
"PURB",-11.973867076744,7.17610082558998,-2.39888312557703,13.9595815062834
"BBS4",3.89135590409451,5.22393435817197,4.55764513113324,6.51399577454736
"GFM1",-0.0299504594026025,-1.31634756793343,-0.673149013668015,1.31668825073465
"MCCC1",12.3674099481061,0.637431533493533,6.50242074079981,12.3838260559653
"METTL26",-3.71996975210114,10.9039220781518,3.59197616302535,11.5210108776511
"CLCC1",-2.32344090324992,-1.09752522958912,-1.71048306641952,2.56961850485232
"PEBP4",13.3923687679036,2.45461848288838,7.92349362539599,13.6154578737572
"PLEKHF1",10.6596607545024,-1.99805017606322,4.33080528921961,10.8453018356865
"MYCBP",-3.2752506315718,-5.57222164541466,-4.42373613849323,6.46350684731123
"TBCB",3.50181572531488,-5.17137334195022,-0.834778808317671,6.24546360295983
"PSMB7",6.83434818136563,-7.99256572120159,-0.579108769917976,10.5161505253521
"PCYT2",14.1878512509112,10.656969392379,12.4224103216451,17.7444672996426
"PSMD1",-4.0186630992881,-0.339998054428943,-2.17933057685852,4.03302018127796
"PFDN5",6.17266840783819,2.73500914511503,4.45383877647661,6.75145245832232
"PAFAH2",-15.80358051536,10.3602495526646,-2.72166548134772,18.8967703033866
"PARK7",5.61305252844659,-6.85465033342164,-0.620798902487523,8.85960438623407
"VAT1",2.46659306344233,5.04241140683488,3.7545022351386,5.61337635798637
"PLIN2",-16.991933022823,4.93884094153356,-6.02654604064473,17.6951388154451
"S100A13",30.315776332445,76.5620508292319,53.4389135808384,82.3455762127919
"TSNAX",-20.0041485535518,10.4868385030024,-4.75865502527469,22.5862732902226
"EIF3C",-9.59837594653936,0.0440348652693636,-4.777170540635,9.5984769562918
"PHB2",-5.88386606635089,-7.84032878223225,-6.86209742429157,9.8025830932594
"COPS8",7.18287914441888,-6.62947469040424,0.27670222700732,9.77464513289552
"SDHC",-11.7992456228547,-0.207129799149754,-6.00318771100221,11.8010635123344
"CHP1",1.8690399710872,8.34665490433156,5.10784743770938,8.5533594865131
"HSD17B10",-10.0330413859798,-8.5338883994784,-9.2834648927291,13.1715287900659
"NAP1L4",3.12854889138511,-3.29400156711921,-0.0827263378670526,4.54293566870265
"MGST2",-0.208208759300568,-2.28702857247296,-1.24761866588676,2.29648657273609
"TXN2",-7.5662099882446,-3.32063763864835,-5.44342381344648,8.26281840012356
"DMAC2L",10.8375495215008,14.7252938323582,12.7814216769295,18.2835105513211
"ACO2",2.95902649140047,-7.01917886600856,-2.03007618730405,7.61739520635703
"COQ7",3.04463776462579,-2.79429789173848,0.125169936443658,4.13254398954925
"SLC29A1",-7.64922824526914,0.0526938482170038,-3.79826719852607,7.64940974127174
"TSG101",-1.39365765500797,-0.166568679685763,-0.780113167346869,1.40357642628201
"CPNE1",-12.4202408391952,-5.94999761469214,-9.18511922694369,13.7718863674682
"CCT7",-1.77758772477029,0.562211708687942,-0.607688008041175,1.86437660483064
"PRMT1",3.52018133332847,0.0930898872044175,1.80663561026644,3.52141198194899
"NIPSNAP1",-41.2467475120218,-23.3298071727757,-32.2882773423988,47.3874886762252
"ARPC5L",-13.933005747836,-6.60572092669792,-10.269363337267,15.4196043441668
"MICU1",-18.7628125028174,-4.78051156034637,-11.7716620315819,19.3622422202204
"MACROD1",-2.5867101559417,0.799855831332984,-0.893427162304359,2.70755217526262
"WDR77",7.00817247934024,-28.3557994815522,-10.673813501106,29.2090028199899
"APOL2",15.0798590513914,2.01205066850571,8.54595485994858,15.2134971950064
"FYCO1",-11.6919712666378,3.46186525671346,-4.11505300496215,12.1937157239097
"JPH2",-3.72538405356274,-8.96283370827095,-6.34410888091684,9.70622864086033
"TXNDC17",0.00619226654220384,-4.72608606013661,-2.3599468967972,4.72609011678602
"PLCD4",-0.425979099156528,0.492560582769297,0.0332907418063844,0.651209736272606
"CPPED1",-24.2555026206632,-14.076719257262,-19.1661109389626,28.0443119442921
"VPS25",-2.12557621905225,-1.14442834713712,-1.63500228309469,2.41408171045047
"MIEN1",-11.2128974084544,-9.445938044802,-10.3294177266282,14.6613373823387
"PELO",8.96510420718878,-11.1574768691399,-1.09618633097554,14.3130144809242
"PRXL2A",-17.776801056607,-3.06486789105347,-10.4208344738302,18.0390706799379
"ERP44",1.34264894619252,1.22894193098612,1.28579543858932,1.82016605353682
"NIPSNAP3B",7.78415411762232,0.908334485853061,4.34624430173769,7.8369717917756
"NTPCR",-8.24582785194067,4.19316795059493,-2.02632995067287,9.2507477765712
"AGMAT",-5.83577725807594,21.0248853604532,7.59455405118862,21.8197639910718
"TACO1",14.6744336342078,-2.9982985726065,5.83806753080066,14.9776098498814
"ESYT1",-34.05175152115,6.99663839766314,-13.5275565617434,34.7631231411361
"UBAC1",-0.750166422351931,2.96918990337969,1.10951174051388,3.0624889132136
"COPS4",5.83526574766802,-2.42446210933425,1.70540181916688,6.31888778706389
"DCTN5",-3.05289370287119,4.08301681308524,0.515061555107026,5.09815518172675
"AARSD1",-11.1689070003323,11.8199689435824,0.325530971625028,16.2621077788005
"TMEM43",8.07806646011712,2.13623355255175,5.10715000633443,8.35575559271075
"DHRS4",7.27217788838785,-7.19394927890049,0.0391143047436842,10.2292461827717
"TMEM70",-11.5190065124939,-11.0028846470484,-11.2609455797711,15.9295631324632
"TUBB6",57.8311045044669,53.408728049233,55.6199162768499,78.7205746933004
"CHCHD7",12.4165615009874,0.678471698560347,6.54751659977387,12.4350843725947
"APOO",-8.2326245126961,2.59408286060442,-2.81927082604584,8.63164945156639
"MRI1",10.3940803065332,-2.68377972526419,3.8551502906345,10.7349699129714
"ABHD6",-20.2174755566955,-1.95514924326087,-11.0863123999782,20.3117927925874
"ADI1",3.52543961077717,18.5933826029806,11.0594111068789,18.9246559036104
"MECR",-3.43991392059549,-5.55240814748187,-4.49616103403868,6.53163410008014
"NTMT1",-9.84933948465467,3.17037294109172,-3.33948327178147,10.3470166168603
"TMEM109",-2.71583560060013,-4.1707710148895,-3.44330330774481,4.97705674752955
"TMED9",2.19267192069108,10.9561642014375,6.57441806106427,11.173421327447
"TIMM21",13.8785767973506,-16.7195979721699,-1.42051058740968,21.7292395235302
"TPPP3",49.5293061976666,7.55371886472872,28.5415125311977,50.1020043621967
"NUDT9",6.65895770174457,-2.50455692447941,2.07720038863258,7.11438845309848
"FUNDC2",7.35707570902007,2.99801894239176,5.17754732570591,7.9444748452741
"SORBS1",-0.0107406813360633,10.2136335939537,5.10144645630884,10.2136392414152
"HINT2",-27.4294862766345,3.67634553111604,-11.8765703727592,27.674758063337
"OSBPL11",1.59499555188184,0.829836359975076,1.21241595592846,1.79795416928784
"NT5C1A",-20.247586845237,-14.0365804705651,-17.142083657901,24.6371744394941
"TMEM120A",12.2152496768011,22.0111793817602,17.1132145292806,25.1734849085822
"NAA15",-21.176385598664,-11.5735997236684,-16.3749926611662,24.1327063875356
"BCL2L13",-4.96243681923253,-2.98555939949133,-3.97399810936193,5.79131626772064
"AP1M1",-4.80722118293259,4.50813480084421,-0.149543191044188,6.59034558154718
"OSBPL1A",-1.68921109410887,1.51594852785495,-0.0866312831269624,2.26969911212171
"HDHD5",-4.93676519471324,-2.06863774935291,-3.50270147203307,5.35265473627619
"EIF2A",-3.14485318072909,-10.9415569943592,-7.04320508754416,11.3845408773983
"MRPL13",10.9986375889001,-2.1843813012477,4.4071281438262,11.213453994252
"MRPL9",12.1621804796286,9.60627953424272,10.8842300069356,15.4983625105709
"MRPL4",11.2168986559375,-5.7281036349596,2.74439751048896,12.5948396857765
"MRPL1",-0.998413473678383,-11.3545316827927,-6.17647257823553,11.3983428269185
"NLN",-3.71066088206773,-10.0746213385688,-6.89264111031826,10.7362469838046
"TRIM54",7.49949817513097,6.01207235548823,6.7557852653096,9.61184097280112
"BCO2",11.2083795176096,-16.998655604244,-2.89513804331719,20.3612883620479
"MRPL37",-2.13557641892775,-4.20521418424083,-3.17039530158429,4.71640890682949
"ASPSCR1",8.64029106692944,11.0750755593523,9.85768331314088,14.0467764404017
"UBL5",4.08505569998651,-3.48831587948156,0.298369910252472,5.37178068679609
"NIBAN1",-3.45854219598455,-13.2395295217422,-8.34903585886338,13.6838099986257
"UBXN6",-2.86092642267443,-18.1382572933113,-10.4995918579929,18.3624964978708
"LNPK",-11.5092418196445,4.39447687149656,-3.55738247407395,12.3196620991475
"PITHD1",27.4149143326639,1.06172345971986,14.2383188961919,27.4354658165707
"SLIRP",-2.85409813480765,-6.97160597923271,-4.91285205702018,7.53320423809058
"NIF3L1",-21.5494345191042,-5.07612771410129,-13.3127811166027,22.1392231269082
"EGLN1",3.28854653969179,-10.8108355026801,-3.76114448149415,11.2999425932049
"ANKRD2",-0.143741395964213,3.13280436741154,1.49453148572366,3.13610025244515
"NAA50",-8.24959232536514,-4.72580474846067,-6.4876985369129,9.5073131880304
"TMEM126A",10.13055146001,-3.19110065729559,3.46972540135722,10.6212615205965
"PAIP1",-6.43812182377324,1.47320683542921,-2.48245749417202,6.60452503952409
"CLPB",1.2996462861676,-13.2301729866899,-5.96526335026114,13.2938541336547
"TOLLIP",0.495744613851073,0.126927473672747,0.31133604376191,0.511735581853847
"PCBD2",4.20092736974318,3.3719775731717,3.78645247145744,5.38683798900898
"NT5C3A",5.39726306945648,-0.847306582242464,2.27497824360701,5.46336682689623
"HDHD2",-1.60853081531403,0.431289516677843,-0.588620649318093,1.66534742051352
"RAB1B",-0.382727793996839,-2.71301312382121,-1.54787045890902,2.73987605090518
"C11orf54",-3.48422294224629,2.18964126802635,-0.647290837109969,4.11513528257813
"NUCKS1",14.7501140936535,2.54347702351796,8.64679555858575,14.9678034843113
"TMX4",13.3647398827659,4.29343454766295,8.82908721521445,14.0374446516829
"MYLK2",-2.64938108097377,-2.64566341052002,-2.6475222457469,3.74416278946124
"EHD4",-8.23717378228971,-8.15948747479101,-8.19833062854036,11.5943204962996
"SH3BGRL3",-14.1258599778669,5.22282261461386,-4.45151868162651,15.0604713132765
"SLK",8.05786028474154,4.22285745822651,6.14035887148403,9.09734233064329
"PPIL3",-6.04494041795708,0.187538261441148,-2.92870107825797,6.0478488122766
"LRMDA",4.48136723940622,-3.36466849185522,0.558349373775497,5.6038956445054
"TNMD",8.44642679385889,1.39634738533509,4.92138708959699,8.56106953625244
"PPA2",-7.94846895763812,-1.66366426138118,-4.80606660950965,8.12071040889489
"MRPL46",-1.71384935488157,-1.92617458087447,-1.82001196787802,2.57826067868145
"TMEM245",-23.5529919711004,1.37061900351495,-11.0911864837927,23.5928384736453
"C11orf68",6.19022469384294,13.809508287447,9.99986649064498,15.1334530395852
"GHITM",12.614420779142,-0.325546894975666,6.14443694208319,12.618620858639
"BOLA2",-1.51422571936455,-5.51885680007489,-3.51654125971972,5.72281922734923
"TMX1",21.6573661304287,5.08928101899711,13.3733235747129,22.2472984651568
"CHMP4B",-3.7127180608766,-10.5802241124628,-7.14647108666971,11.2127346204884
"RBKS",-5.96859002410813,-8.57676619745852,-7.27267811078332,10.4491619415985
"FN3K",-3.53135814015821,-1.30555192499776,-2.41845503257799,3.76496429504013
"TOR1AIP2",-11.7289679698903,-1.91388990981866,-6.82142893985448,11.8840929071435
"RNPEP",-2.17149305980075,-5.32640073290604,-3.7489468963534,5.7520367589459
"GLIPR2",-12.1005706589928,-12.7123633998498,-12.4064670294213,17.5507262950317
"EHD1",-0.741518071402687,5.9957237187107,2.627102823654,6.04140314507539
"TMEM38A",-1.79893941771365,-13.8050148246127,-7.80197712116315,13.9217318368219
"OPA3",7.21521721495026,-4.38868999477378,1.41326361008824,8.44511452433548
"DCTPP1",2.5573532395587,13.7909818332004,8.17416753637953,14.0260912415235
"AAMDC",3.95337642620334,7.40884662619984,5.68111152620159,8.39763023107192
"PTGES2",0.0870472478627562,-6.77147292613605,-3.34221283913664,6.77203239897403
"UBE2Z",-12.6224138257672,3.04019688022093,-4.79110847277314,12.9833789076428
"ACAD9",3.52235481999489,-0.0730680689676504,1.72464337551362,3.52311260402558
"METTL7A",0.691203025762153,20.595600891467,10.6434019586146,20.6071962601276
"COQ10B",7.84097680603123,11.6698544609926,9.7554156335119,14.0593890483715
"MOB1A",-16.3632212446095,-14.3105117558077,-15.3368665002086,21.7381175866989
"GORASP2",7.78133836006012,-0.298945250692368,3.74119655468388,7.78707871647992
"JPT2",13.9317859041211,-19.5675065744173,-2.81786033514808,24.0204490386448
"SYNPO2L",2.71503450898508,-29.5035122501697,-13.3942388705923,29.6281732052601
"ARMT1",-14.6697809541075,4.52499619917177,-5.07239237746785,15.3518097905105
"SFXN1",2.10031864529327,-7.94435864804072,-2.92202000137373,8.21730933703155
"L2HGDH",2.15415554178889,-6.40954753031755,-2.12769599426433,6.7618551922989
"COPS7B",-37.2417933964324,19.198448214803,-9.02167259081469,41.8990643002803
"FN3KRP",8.84930260740219,-15.6970320063992,-3.42386469949848,18.0196273670488
"TBC1D17",-13.4840710544681,-7.83425795671921,-10.6591645055936,15.5947353274867
"CACYBP",-2.4156850414724,2.39952692574159,-0.00807905786540886,3.40488820476567
"RDH14",10.4418804261052,-9.40771819741667,0.517081114344254,14.0548222512803
"PARVB",2.74086830456391,4.68349510127841,3.71218170292116,5.42655373387769
"TNS1",7.19967699354849,-2.33517405617555,2.43225146868647,7.56890921362297
"PLGRKT",-4.08653819383527,3.85961222763899,-0.11346298309814,5.62106759943472
"GLOD4",0.517182116015057,-0.445739559789748,0.0357212781126544,0.682759911160117
"MCCC2",17.4438095791895,-8.88751979024149,4.27814489447398,19.5773976987994
"HHATL",-3.929759670385,-30.7690597127784,-17.3494096915817,31.0189949333551
"PREB",-12.2398389435458,-2.09829369606419,-7.169066319805,12.4183933662484
"MRPL47",13.9660950821279,0.24552363766875,7.10580935989832,13.9682530654227
"JPH1",10.4277065676355,-11.9992246214708,-0.785759026917638,15.8971209902051
"APMAP",-11.0028287142871,0.820422127368703,-5.09120329345921,11.0333735631047
"TXNRD2",6.81375111696502,5.66144189466809,6.23759650581655,8.85884465439174
"RAB18",6.29281094236411,-3.23520757424423,1.52880168405994,7.07573583486443
"PALMD",23.0375270984058,-11.5131644281375,5.76218133513415,25.7542347966138
"SSU72",9.8892350804952,3.12896411531169,6.50909959790345,10.3724339917015
"VTA1",-2.89552709042007,-3.2226947063629,-3.05911089839149,4.33241714309414
"SARS2",3.52917586948647,-10.1732207086524,-3.32202241958298,10.7679850438566
"DYNLRB1",5.90224041516752,-6.33137829905123,-0.214568941941856,8.65579534671041
"MYOZ1",37.3869359582414,-36.0092376449523,0.688849156644572,51.908074286341
"MYOZ2",-9.14410257824619,-8.28926306528581,-8.716682821766,12.3420619884604
"OSGEP",10.1906291781905,1.0426051427584,5.61661716047445,10.2438248975221
"ACOT13",0.192554764106333,-6.13164672329187,-2.96954597959277,6.13466941867579
"MRPL40",3.49494948021189,-12.3201143166384,-4.41258241821323,12.8062441271542
"TIGAR",11.3298302009427,-3.92217187916122,3.70382916089073,11.989515612896
"RTN4",5.64765692608383,-6.8438038545592,-0.598073464237686,8.87320009660676
"HINT3",-14.480157335843,2.42701519405918,-6.02657107089191,14.6821442311047
"PFDN4",1.71837508942143,-7.89134692202549,-3.08648591630203,8.07627198599114
"NIT2",-1.0074257632448,-6.01191229720133,-3.50966903022307,6.09573589796096
"XPNPEP1",1.68693969680958,-5.19260294472926,-1.75283162395984,5.4597519066605
"GPHN",4.47799783975667,-0.505816447737327,1.98609069600967,4.50647477876744
"PDLIM7",17.9281936342142,-18.5397457733449,-0.305776069565333,25.790352853851
"ACSS2",2.3231598492855,-4.22450386917333,-0.950672009943919,4.82115179453963
"DIABLO",2.87410928465861,3.78596053210161,3.33003490838011,4.75331477295497
"SAR1A",4.49765214063908,-1.85750348765084,1.32007432649412,4.8661272059853
"SH3GLB2",2.48772541674608,-3.37320446676492,-0.44273952500942,4.19133464706974
"MBNL1",6.10180586382821,3.01260622054706,4.55720604218763,6.8049857486939
"SDR39U1",-4.4060571140889,-0.240576789450593,-2.32331695176974,4.41262013822125
"AASDHPPT",13.9168769157678,-5.47210965016801,4.22238363279988,14.9540445068246
"OSTC",-4.3570850340617,6.65951506699946,1.15121501646888,7.95822410601997
"CMC2",-1.89483384456323,-1.7247379828458,-1.80978591370452,2.56224831114654
"HEBP1",-3.41416007316395,8.59179293324188,2.58881643003896,9.2452904125772
"PHPT1",-0.128514555603761,-6.0505443661764,-3.08952946089008,6.0519090474057
"TOMM22",18.5018594116172,-13.5441279852061,2.47886571320557,22.9295051095067
"LANCL2",-3.26372076487366,-8.39257180925755,-5.8281462870656,9.00483952131364
"FARSB",9.63229431779537,20.0009139356313,14.8166041267134,22.1994966628788
"IARS2",-2.82201588152597,-4.4740748876363,-3.64804538458113,5.2897183040085
"SIRT3",-3.11343198111558,-0.179027695371509,-1.64622983824354,3.1185749336425
"MAN2C1",5.47109678597879,16.7246898261113,11.097893306045,17.5968221512061
"OLA1",-0.591023659793658,0.345261863151384,-0.122880898321137,0.684481351522928
"CUTC",2.01532102703207,-6.65480147187882,-2.31974022242338,6.95326552578845
"ACSS1",7.71771941987862,6.85244127693556,7.28508034840709,10.3208112325447
"ABHD10",0.0533909226745344,2.27723592043716,1.16531342155585,2.27786172274643
"DDX19A",-0.935595216291743,-7.02232346867432,-3.97895934248303,7.08437472946217
"SEPTIN11",-6.86601125542876,5.38311625700634,-0.741447499211214,8.72468057845789
"PARVA",16.4120103836691,5.45140538620666,10.9317078849379,17.2936955425503
"PANK4",6.89736700034396,4.64519427356224,5.7712806369531,8.31573817388266
"DNAJC11",-8.07118138079492,-3.01844690962139,-5.54481414520816,8.61713355054299
"TMLHE",-29.7359076067996,-21.6289854538249,-25.6824465303123,36.7700586477897
"ATAD3A",13.4637317981171,-1.76744231400669,5.8481447420552,13.5792461596721
"ARL8B",-9.01885650715164,-5.30492175040761,-7.16188912877963,10.4633631053567
"MRPS18A",4.41480421476222,-9.82418159166869,-2.70468868845324,10.7705635971737
"PNPO",8.39706014190616,1.47386108887977,4.93546061539296,8.52542582725947
"OXSM",-16.0264876563848,2.40570474480949,-6.81039145578765,16.2060396741293
"MRPL22",3.75899214757125,8.25762405331003,6.00830810044064,9.07294753491426
"CZIB",4.0350671420108,-6.74158840411188,-1.35326063105054,7.85689385514345
"BABAM1",-0.190667603813431,-16.2702351655395,-8.23045138467648,16.2713523247794
"NDUFB11",9.77463215882101,-3.09251239326229,3.34105988277936,10.2521737569522
"OCIAD1",3.6864308025583,-8.84048451407498,-2.57702685575834,9.57830561767843
"MARCHF5",-3.61396215854191,-3.26662418747884,-3.44029317301038,4.87150449713379
"CHCHD3",5.77339975647081,-4.19367103255889,0.789864361955962,7.13575654554868
"SIRT5",-13.6042169778904,-1.24198476229164,-7.42310087009103,13.6607922805116
"BABAM2",5.04247505779621,3.32657296890249,4.18452401334935,6.04091403894557
"DPP3",-3.72897918173788,-2.09650314592432,-2.9127411638311,4.27792136191224
"TUBA8",1.21949224959851,0.39985943085118,0.809675840224845,1.2833740340491
"MAP3K20",-12.2365748408638,-11.0889860734606,-11.6627804571622,16.5136118391303
"UGGT1",-25.4361970116047,3.41421968560905,-11.0109886629978,25.6643140269669
"TECR",0.157841254496681,-11.7380645681982,-5.79011165685078,11.7391257625435
"ERAP1",8.28961667556348,-13.5947959862662,-2.65258965535138,15.9228208096424
"CISD1",5.42481408271226,-5.55505228484597,-0.0651191010668555,7.7644841244841
"CLIC5",0.221321668312314,-9.0046937217914,-4.39168602673954,9.00741318604482
"FAM120A",9.34577442927546,9.66326250640782,9.50451846784164,13.4432935678221
"GLTP",48.1755218566373,-9.36914671959782,19.4031875685197,49.0781195280818
"COQ3",1.08155291914007,-4.65735187851898,-1.78789947968946,4.78128468481482
"HSPBP1",-9.73425857016509,-1.14769985482412,-5.4409792124946,9.80168377716787
"MAT2B",-5.6934375223984,2.61963756107125,-1.53689998066358,6.26719488869058
"MYOF",-31.3190235324851,2.25811854658177,-14.5304524929517,31.4003237944893
"EHD2",0.904181621309721,-0.367411407597562,0.26838510685608,0.975979275777461
"TMOD4",20.9304109075243,-29.9565788975046,-4.51308399499013,36.5442022761509
"LMCD1",7.21396834482802,0.257418661644376,3.7356935032362,7.21855966571888
"CHMP5",-8.09752776386281,-14.0396874468766,-11.0686076053697,16.2074914620528
"CNIH4",-7.88201393084572,-10.0519543782929,-8.96698415456929,12.7737203049592
"NDUFAF4",6.35211811777089,-4.78537625666232,0.783370930554284,7.95293848209206
"EMC3",5.53235851872531,4.4430979604916,4.98772823960845,7.09564022948156
"NDUFA13",18.8849166882629,-6.72978211080083,6.07756728873104,20.0481930752246
"PDP1",-0.851246369417076,-10.7854860187609,-5.81836619408898,10.8190262520401
"MRPL36",-3.5594016615452,5.61142117692725,1.02600975769103,6.64510254345848
"VAPA",1.98494414900618,-1.12292646976885,0.431008839618664,2.28056289787881
"RNF181",-28.6417014700201,-3.29408025282278,-15.9678908614214,28.830505160503
"LARS1",-0.957680106488624,7.58305262052518,3.31268625701828,7.64328713525914
"SUCLA2",-7.13862933578866,-6.63139654565212,-6.88501294072039,9.7434823825709
"GMPR2",-16.978074328117,-1.6328258431914,-9.30545008565422,17.0564101769763
"DPM3",5.81206563443715,9.46699837838644,7.63953200641179,11.1087427387341
"IMPACT",3.4380812566377,14.5078798729565,8.97298056479709,14.9096941999284
"ATXN10",-2.64527740801177,0.789182632224136,-0.928047387893816,2.76048941174236
"EPS15L1",8.80051158645022,-4.14822474377203,2.3261434213391,9.7291712241119
"RNF7",2.98916025555336,2.20401649639908,2.59658837597622,3.71386156847278
"MYOT",19.3220283318354,-9.35536536558308,4.98333148312616,21.467734859081
"GNG12",-26.8567084508995,-6.40202640172531,-16.6293674263124,27.6092146006547
"EIF3K",9.1266635995937,0.377377060568378,4.75202033008104,9.13446232166907
"GRHPR",3.79876194421475,1.13732668666284,2.46804431543879,3.96536307303754
"CTSZ",-2.40413547727985,10.3455323859691,3.97069845434461,10.6212008615905
"UBA2",-14.7397874430491,10.8268586456407,-1.95646439870417,18.2888545841163
"COPS7A",-8.11808982104213,-0.76763971841596,-4.44286476972905,8.1543027341274
"HSPB7",-0.469986333363682,-4.48147407235571,-2.4757302028597,4.50605115536265
"CLIP2",4.19029245651549,-5.15640920132252,-0.483058372403516,6.64432891439114
"UQCR10",-3.82344614371303,-8.25012974831883,-6.03678794601593,9.09304026593798
"DNAJB4",3.72456221617612,-25.8804294299524,-11.0779336068881,26.1470646761909
"NIPSNAP3A",-1.34235523797296,-0.855363123591324,-1.09885918078214,1.59171720418966
"TES",-34.6761630628504,2.80388917191772,-15.9361369454663,34.7893385859775
"KDM5B",-11.5415408011516,9.1537561312523,-1.19389233494963,14.7308660768838
"MLX",38.5905453091633,-1.37679953594141,18.6068728866109,38.6150976202412
"SEPTIN9",1.31443324757027,6.0236921011504,3.66906267436034,6.16543601797796
"UBQLN2",-5.88923646799964,-9.89603095514707,-7.89263371157335,11.5158384341413
"PCYOX1",-5.47195149370308,-1.13911558506728,-3.30553353938518,5.58926090512713
"DPP7",9.00884848360239,2.45271471228203,5.73078159794221,9.33676391799374
"SMPX",4.99748948204645,10.1567798365547,7.57713465930059,11.319676575389
"BCAP29",4.62525357342447,-8.58335884878559,-1.97905263768056,9.75023177906565
"CYB5R1",1.33889342334968,0.593670580379037,0.966282001864357,1.4646092847912
"PFDN2",-6.79435923233609,-1.34208606379049,-4.06822264806329,6.92564165840619
"PUF60",-6.78050592092359,4.15529680411056,-1.31260455840651,7.95246830071842
"ENOPH1",3.47007384245558,1.10613892365076,2.28810638305317,3.64210870108371
"NDUFA12",6.59145414206833,-2.64432644693004,1.97356384756914,7.10209335794197
"EIF2B4",3.64671952836093,-0.917617021914435,1.36455125322325,3.76039682978221
"ATP6V1H",-1.68992884145437,-2.7000581655215,-2.19499350348793,3.18530588584183
"TRMT112",9.49179316527213,-0.250413469411946,4.62068984793009,9.49509580772988
"XPO7",11.4497234512868,0.62508863391853,6.03740604260265,11.4667738667509
"LCMT1",2.62982195992805,7.80825358612695,5.2190377730275,8.2392225122389
"ATP5IF1",-2.74571857011987,-6.68188524630201,-4.71380190821094,7.2240266410811
"AK3",6.6794767403759,-9.41125494987975,-1.36588910475192,11.5406728251371
"NAGK",0.942624239275169,2.96723455092698,1.95492939510107,3.11336174202162
"SLC25A13",7.17823637620424,-4.43940304838413,1.36941666391006,8.44010526585208
"DBNL",-11.8787574427126,11.0729629223585,-0.402897260177065,16.2393160651157
"DCTN4",4.79988023679454,-7.63618909916977,-1.41815443118762,9.01943647052575
"HSPB8",-0.956773041112747,12.6460378194035,5.84463238914537,12.6821799065454
"STOML2",5.74725638308603,-8.47958770481059,-1.36616566086228,10.2437475357653
"VPS28",8.20908168226106,2.54812811327682,5.37860489776894,8.59546269538213
"JPT1",8.96861661041749,11.021186450175,9.99490153029623,14.2092446904885
"APPL1",2.9377911470949,-6.8168688218838,-1.93953883739445,7.42295880082333
"PACSIN3",10.0657900333453,2.44924539722026,6.25751771528279,10.3594851228813
"ACAD8",0.402606948535027,4.04261260216252,2.22260977534877,4.06261110693257
"AGO2",-4.77593865149328,-5.82637836414141,-5.30115850781735,7.53367605123572
"MYH2",33.1607634670425,0.794753200822385,16.9777583339324,33.1702858951707
"MYH13",-13.5384109233222,11.8079537931778,-0.865228565072204,17.9643074765089
"CDV3",-2.23435190081909,1.69681493843851,-0.268768481190286,2.80562102786566
"RAB21",5.33368199396646,6.3070419475524,5.82036197075943,8.25996015371428
"PSME2",8.88208086856825,4.05515562289149,6.46861824572987,9.76399752568868
"DNPEP",-3.94294136792741,-0.755021236270274,-2.34898130209884,4.01457889424687
"MCTS1",-5.15649730251417,1.5870756646233,-1.78471081894544,5.39520839227507
"TBC1D24",-16.4790316665568,-3.01641621582908,-9.74772394119292,16.7528281628654
"TMCO1",0.630295250159758,-9.69710685528383,-4.53340580256204,9.71756931877343
"EPDR1",-10.335808807404,-7.79117108059076,-9.06348994399737,12.9433879069679
"MYO6",4.23700671025043,-26.7755685944236,-11.2692809420866,27.1087310550935
"NFU1",11.7920888418533,-4.54308196659174,3.62450343763076,12.6369677141841
"SYNPO2",15.543657645415,-12.9206948434205,1.31148140099727,20.2126111186719
"UBQLN1",-11.8469204447092,-21.6133685071375,-16.7301444759233,24.6472558766406
"SNX12",2.3887926065571,-7.24121409785601,-2.42621074564946,7.62505814588522
"NDRG2",-11.1125539105426,-0.942012629191101,-6.02728326986686,11.1524097041075
"VPS4A",-0.963478062792827,6.57188000825,2.80420097272858,6.64213044288645
"G3BP2",-5.44068509564304,8.05231624635703,1.30581557535699,9.71806828754036
"STUB1",3.345717210043,-7.30887376837265,-1.98157827916483,8.03824977290353
"PACSIN2",13.5618921947245,0.294640554229634,6.92826637447706,13.5650924419086
"SNX6",1.3670990714038,3.40022910815794,2.38366408978087,3.6647670947821
"PSMD13",2.8959592772461,2.42631002245948,2.66113464985279,3.77803658803816
"COPS3",-1.29335849497388,-1.18344614127315,-1.23840231812352,1.75308897829386
"NSFL1C",-3.11176039135747,-3.61358592103753,-3.3626731561975,4.76875832287
"PPP6R1",-2.96631203817516,-1.10524509830103,-2.0357785682381,3.16552899767817
"LIMCH1",11.7695820323972,-6.56930382580503,2.60013910329607,13.4788283605461
"USP24",14.2970007186224,6.65993309371392,10.4784669061681,15.7720936581366
"MAPRE3",2.68785900789875,20.7528638801226,11.7203614440107,20.9262023614712
"PA2G4",5.1118635183862,-4.49516315771489,0.308350180335657,6.80717565845667
"CAMK2A",-3.37110272973117,-8.58952260272641,-5.98031266622879,9.22736322885086
"CHMP2B",-2.41517361380466,-7.48610870454373,-4.95064115917419,7.86605918621667
"RTRAF",12.0641155879728,5.47852192001211,8.77131875399248,13.2497957474077
"RUVBL2",5.37195619789374,-3.13517310928167,1.11839154430604,6.21990545082897
"APOBEC2",6.95843376804989,-10.1918485566226,-1.61670739428637,12.3407284025485
"PIN4",-8.2052858636506,-6.78487754957616,-7.49508170661338,10.647125408624
"EIF3L",11.0110903627216,-4.85541243044423,3.07783896613869,12.0340824679629
"PLAA",-1.20333871224304,-6.51221382157427,-3.85777626690866,6.62245822291736
"NUDC",4.08514654911301,-8.28576673491593,-2.10031009290146,9.23809248238885
"BCS1L",14.0610335953331,-4.44100060884311,4.810016493245,14.7456824927445
"VDAC3",9.16833003395891,-2.69579802728206,3.23626600333842,9.55644298970547
"CFL2",2.89631567040848,-1.68303064862274,0.60664251089287,3.34981143153719
"FARSA",3.88455071346268,13.9407889136785,8.9126698135706,14.4718806580626
"CNPY2",-4.40648536546753,-6.17179540168493,-5.28914038357623,7.58341425456495
"FNDC3A",-28.3644244639988,-44.8460245763498,-36.6052245201743,53.0632311066379
"PADI2",18.846395599976,1.05525906117521,9.9508273305756,18.875915839953
"GSTK1",-7.69796550022627,-9.71505841530999,-8.70651195776813,12.3952020094696
"MRPS35",9.54447309702826,-12.4658632427462,-1.46069507285897,15.7001500975866
"COA3",4.19612764980837,-2.13932157949133,1.02840303515852,4.71000892504076
"TMA7",-2.72578091065019,3.29066030237678,0.282439695863298,4.27297633956747
"SUGT1",3.4724177162072,-9.21335458756807,-2.87046843568044,9.84599347715055
"COQ6",-7.65247205611806,-1.58370438455374,-4.6180882203359,7.81463039096044
"ACOT9",-7.59938649913187,-2.94906484329467,-5.27422567121327,8.15154332707275
"MEMO1",23.1433090671314,0.219606163508981,11.6814576153202,23.1443509618182
"TMX2",-3.73782317342071,0.46456841041007,-1.63662738150532,3.76658278598942
"SH3GLB1",-11.1748120779146,-8.72463613115625,-9.9497241045354,14.1772952497217
"CAB39",-4.34408424647926,-6.65842521953768,-5.50125473300847,7.95020089964302
"LUC7L2",3.83248802212691,-14.9209197088188,-5.54421584334597,15.405252656051
"DHRS7",-1.11790687630039,2.22283161867142,0.552462371185513,2.4881109679926
"MOB4",2.42994692094201,1.60096801609523,2.01545746851862,2.90993825143343
"SBDS",-0.378403105792316,0.913733783005227,0.267665338606456,0.988988542238137
"MRPL11",-0.483958928741401,-6.42522516930585,-3.45459204902363,6.44342569763863
"PPIL1",-3.66483958011195,-0.0831279811511649,-1.87398378063156,3.66578223701373
"MSRB2",8.82332713296311,-11.7842653799877,-1.48046912351232,14.7214133914261
"FIS1",-9.87223240513177,-9.87914524867489,-9.87568882690333,13.9663339321867
"STRAP",-0.899985557051028,2.98330782467631,1.04166113381264,3.1161032684549
"RTCB",5.70744221687217,1.56838663810385,3.63791442748801,5.91901455527163
"RPL36",40.4319455089749,4.90605239291924,22.668998950947,40.7285105021382
"SAMHD1",-47.4364807807018,-2.77382615945191,-25.1051534700768,47.5175106715488
"HBS1L",-0.889378059753838,7.04841369989045,3.07951782006831,7.10430355615347
"TLN1",0.805178462385619,1.94749739603557,1.3763379292106,2.10738189796131
"USP15",1.5460657580455,1.25893206062532,1.40249890933541,1.99379769823097
"TLN2",5.9302303411113,1.26020509158273,3.59521771634702,6.06265195863065
"DTNA",-1.3996319100477,-4.37427286981816,-2.88695238993293,4.59273694252686
"HYOU1",-9.47130567129205,-14.5838447508082,-12.0275752110501,17.3894841451587
"AFG3L2",-0.829185199952002,-7.09572889377932,-3.96245704686566,7.14401264205448
"ARIH1",4.2900952790112,0.0669098693991259,2.17850257420517,4.29061702248257
"RNF114",-4.85160979288243,0.399169267035269,-2.22622026292358,4.86800304910937
"SAMM50",6.06145964604925,-8.08321690578589,-1.01087862986832,10.1034493410254
"PPME1",-9.47860485565354,-5.25964213401971,-7.36912349483662,10.8401008015412
"TIMM9",-6.60138528692286,-1.87626716304585,-4.23882622498435,6.8628467980515
"TIMM8B",10.0053347246862,-4.17310649218446,2.91611411625085,10.8407352494249
"UCHL5",-9.90445461720906,-8.28026895988894,-9.092361788549,12.9097279333243
"TIMM13",1.12142038058991,-5.77453139947539,-2.32655550944274,5.88241417731951
"SRPRB",18.0188363968761,-7.68895752159331,5.16493943764138,19.5907767295289
"GMPPB",3.01645697573566,8.65709083117002,5.83677390345284,9.16756425369315
"MPC1",-2.21439021294485,6.06294871647414,1.92427925176465,6.45467823781955
"SNX5",-26.3240362457156,1.71715312971678,-12.3034415579994,26.3799829252531
"HEBP2",9.48184801769079,3.61480613282824,6.54832707525951,10.1475250779941
"HCFC2",8.4310558313658,6.1045148203381,7.26778532585195,10.4090251043666
"FHOD1",2.25645167057858,-5.46989958333611,-1.60672395637876,5.91704111811279
"MYH4",36.6506821703152,-2.98508601583065,16.8327980772423,36.7720443009546
"MRPS18B",1.19326734999545,-11.7893915847838,-5.29806211739418,11.8496261927512
"COPG1",17.3255636141295,6.25035745795911,11.7879605360443,18.4185266212994
"CLIC4",4.12251259019652,18.9297812363278,11.5261469132621,19.3734800103532
"SPCS1",-1.49945156775397,-7.29183340214934,-4.39564248495166,7.444406582713
"SAR1B",3.02327539300338,7.11663391467764,5.06995465384051,7.73218419190074
"MTCH2",5.25508238124855,-7.32375017453255,-1.034333896642,9.01405610436692
"BZW2",2.08282037432338,4.4663042506472,3.27456231248529,4.92808424958886
"DYNC1LI1",2.99924669332041,6.29795986943165,4.64860328137603,6.97565618736797
"CHCHD2",-10.7663048648602,-14.4009092403655,-12.5836070526129,17.980531343438
"NDUFB9",24.0925237274271,-3.82809987527092,10.1322119260781,24.3947545224724
"COX11",-6.81942642295943,-7.92036607787976,-7.3698962504196,10.4516398496019
"SQOR",-14.6873501605878,2.52950980679528,-6.07892017689629,14.9035792547426
"SESN1",1.16248810459913,-2.69852693204896,-0.768019413724916,2.93826925184334
"SEC23IP",-3.08499184927379,-2.64938402012378,-2.86718793469878,4.06649854250225
