gene,pre_mean,post_mean,pre_sd,pct_miss,shift,effect_d,imputation_reliable
MMP24OS,16.321770897340123,16.221142019902707,0.6548129619042481,40.32258064516129,-0.10062887743741555,-0.1536757567302559,TRUE
ESYT2,17.098650595362855,17.10958646333739,0.34207426486311454,29.03225806451613,0.01093586797453483,0.03196928005943668,TRUE
ILVBL,17.002504397661998,16.883663553871543,0.4968928548579559,27.419354838709676,-0.1188408437904549,-0.2391679466279049,TRUE
FSD2,17.97814975810267,18.03842810585582,0.47555090713774606,9.67741935483871,0.060278347753150996,0.12675477398614451,TRUE
TARS3,15.48939782587272,15.429879069044837,0.3870801938698974,35.483870967741936,-0.05951875682788277,-0.15376337454219574,TRUE
VWA8,21.47818511719537,21.158384475198762,0.47272679910504806,54.83870967741935,-0.31980064199660774,-0.6765020358525147,FALSE
CARNS1,20.23353769295833,20.1214455731727,0.724361731256117,14.516129032258066,-0.11209211978562905,-0.15474605428319618,TRUE
MAP1LC3B2,20.717490739315913,20.901735649561605,0.373388829045711,50,0.18424491024569178,0.4934398029972561,FALSE
NUDT19,17.111583042032816,17.032751386672658,0.603901388337521,30.64516129032258,-0.07883165536015824,-0.13053729778163575,TRUE
SLC35A4,18.62197126387633,18.663713853821076,0.3757391373745277,17.741935483870968,0.041742589944746555,0.11109460205934989,TRUE
MYO1C,18.5207959037453,18.447662054791106,0.3988313984942234,19.35483870967742,-0.07313384895419262,-0.18337033952268397,TRUE
FXYD1,19.844452967574366,19.858950327864477,0.6648390676326636,9.67741935483871,0.014497360290111061,0.021805818875435177,TRUE
STXBP3,18.29387534037128,18.251199323762844,0.3269845431114382,14.516129032258066,-0.042676016608435674,-0.13051386528044978,TRUE
PGRMC1,18.945299243914537,18.73608440700471,0.6426818850751811,48.38709677419355,-0.20921483690982612,-0.3255340499994832,TRUE
CLIC1,19.374852083696865,19.372071541090907,0.3891982837010255,1.6129032258064515,-0.0027805426059579474,-0.0071442828049414165,TRUE
DCTN6,15.850289511233024,16.006218477112853,0.3911631115430633,53.2258064516129,0.15592896587982885,0.39862901505389664,FALSE
EEF2K,16.354049658869478,16.417183871101823,0.4736945724320039,19.35483870967742,0.06313421223234528,0.13328042140784255,TRUE
KPNA3,21.023140149856378,21.010797286529403,0.3718257617285731,1.6129032258064515,-0.012342863326974651,-0.033195288216701736,TRUE
CES2,20.520099562750566,20.470088718417486,0.6519191949157375,17.741935483870968,-0.05001084433308023,-0.07671325637151133,TRUE
COX7A2L,16.51417325676416,16.46646707480171,0.4666877999720986,46.774193548387096,-0.047706181962450245,-0.10222290354558745,TRUE
GAPDHS,19.65657842077361,19.612175421927336,0.8263659503316129,38.70967741935484,-0.04440299884627308,-0.05373285144245667,TRUE
PRMT5,20.04597993688854,20.03653410891103,0.25023242761441333,1.6129032258064515,-0.009445827977508259,-0.037748216997932293,TRUE
OPLAH,18.9451083577061,18.923556511476743,0.3570559315230655,8.064516129032258,-0.021551846229357352,-0.06035986053340532,TRUE
RGS12,20.555208734623204,20.542107731029724,0.6068196324100038,4.838709677419355,-0.013101003593479987,-0.02158961723345853,TRUE
HAT1,18.910061328294688,18.789830490080277,1.4126568331757914,29.03225806451613,-0.12023083821441105,-0.08510972756498852,TRUE
UQCR11,21.527125100455184,21.532347451657515,0.5621495732253485,1.6129032258064515,0.005222351202331055,0.009289967387803343,TRUE
HGS,16.349315748130763,16.389862204354255,0.31822874765411446,25.806451612903224,0.040546456223491845,0.12741292709218757,TRUE
XPO1,18.79397998408404,18.79266351743456,0.2260328671200296,1.6129032258064515,-0.0013164666494809296,-0.005824226654532723,TRUE
ARPC1B,17.155336255502114,17.131261724923167,0.47045001276789455,20.967741935483872,-0.024074530578946707,-0.05117340828051871,TRUE
ARPC2,16.832559662518516,16.688409938875775,0.41983803029602207,62.903225806451616,-0.14414972364274092,-0.3433460364252922,FALSE
NDUFA1,20.913622378562724,20.78161743946539,0.8094110066080146,24.193548387096776,-0.13200493909733524,-0.16308765017975993,TRUE
SURF4,24.39673575555504,24.3879616632083,0.43104718468604164,3.225806451612903,-0.008774092346737206,-0.020355294405014896,TRUE
MAPK13,19.485997867759963,19.490127579722706,0.4547373868743014,64.51612903225806,0.0041297119627436985,0.009081531631102138,FALSE
PMM2,17.939662507025375,17.91253209788005,0.5717329250595927,6.451612903225806,-0.027130409145325274,-0.04745294167289285,TRUE
EIF3D,18.86763768161993,18.851328934930347,0.3076488155773542,6.451612903225806,-0.01630874668958171,-0.0530109198014484,TRUE
EIF3H,15.828943928671224,15.884335700321245,0.5138390112811498,22.58064516129032,0.055391771650020516,0.10779985644124751,TRUE
BCAT2,20.954590434315563,20.946673339642356,0.395214778876477,1.6129032258064515,-0.007917094673207004,-0.02003238516462833,TRUE
STX7,17.039613990439868,17.04446280899063,0.32603002850501317,11.29032258064516,0.004848818550762246,0.01487230661849201,TRUE
SLC16A3,20.293807482779993,20.30276200128496,0.7070810744845168,4.838709677419355,0.008954518504967979,0.012664061913262336,TRUE
YKT6,19.021722925454366,19.011049769167922,0.22479576478096822,6.451612903225806,-0.010673156286443941,-0.04747934773968463,TRUE
ARPC5,17.792340120630172,17.97027957404746,0.4645475888895009,38.70967741935484,0.177939453417288,0.38303815943303365,TRUE
TAPBP,15.366010895466669,15.263545214462964,0.44199656483774613,54.83870967741935,-0.10246568100370546,-0.23182460940917018,FALSE
DHX15,16.62317283978454,16.61888537534602,0.2913174251979224,30.64516129032258,-0.0042874644385193506,-0.014717500800394714,TRUE
CYB5B,21.284902960456865,21.225591036875027,0.5553969108758977,6.451612903225806,-0.05931192358183779,-0.10679195800404967,TRUE
DYNC1LI2,16.669732358600413,16.703198568265652,0.35276996731965254,14.516129032258066,0.03346620966523872,0.09486694663810273,TRUE
RASA4,19.744009704530473,19.676668270551694,0.5621876572590898,29.03225806451613,-0.06734143397877901,-0.11978461837297867,TRUE
HNRNPR,19.251803387793245,19.25276612220103,0.3225665099390659,1.6129032258064515,9.627344077856037e-4,0.0029846074472128807,TRUE
TPD52L2,19.98749402315243,19.9873446624688,0.2002053794130466,1.6129032258064515,-1.4936068362914057e-4,-7.460373146167685e-4,TRUE
ERI3,18.918959888197787,18.89182014068179,0.4583231222118231,12.903225806451612,-0.027139747515995793,-0.059215313827113925,TRUE
DNPH1,21.723303545509342,21.730877286808592,0.3449163614752718,1.6129032258064515,0.007573741299250258,0.021958196667899284,TRUE
TRAPPC3,16.108324941399367,16.171559428286873,0.2982574277058607,69.35483870967742,0.06323448688750588,0.21201311690338612,FALSE
CHMP2A,19.420413682910834,19.417347189971565,0.22110764154857934,1.6129032258064515,-0.003066492939268528,-0.013868778653653144,TRUE
BUB3,16.0520710312294,15.984119375158857,0.3646841491531782,45.16129032258064,-0.06795165607054265,-0.18633016057410529,TRUE
GSTZ1,19.946673206288807,19.906708473696185,0.543358804288903,19.35483870967742,-0.039964732592622454,-0.0735512745485454,TRUE
AP1G1,16.55654909712602,16.45668428437536,0.4465647959576074,48.38709677419355,-0.09986481275065984,-0.22362894176759077,TRUE
SYNGR2,20.204464998002695,20.18027153776482,0.5281566349038874,17.741935483870968,-0.02419346023787483,-0.045807358346028344,TRUE
ENSA,21.59603273188457,21.582365214669288,0.3921060880085734,4.838709677419355,-0.013667517215282032,-0.03485668198802155,TRUE
NARS1,20.29787220421072,20.291290971769826,0.39092506675203015,8.064516129032258,-0.006581232440893814,-0.016835022874264523,TRUE
SLC37A4,18.56179341710113,18.527683426197353,0.5248727137896964,3.225806451612903,-0.034109990903775866,-0.06498716737910461,TRUE
TIMM8A,19.694832366711356,19.52341902194896,0.7289239099986791,22.58064516129032,-0.17141334476239578,-0.23515944862160773,TRUE
PPP1R12B,15.585999479324407,15.55657714170275,0.5724834844361556,46.774193548387096,-0.029422337621657135,-0.05139421209790091,TRUE
PRPSAP2,22.9581706367914,22.938926132494608,0.4782865696845919,6.451612903225806,-0.019244504296793252,-0.04023634681919696,TRUE
SPAG9,15.833734336869869,15.855592106766426,0.45605388248467443,14.516129032258066,0.021857769896557855,0.04792804257574187,TRUE
TBC1D4,17.52292327253825,17.60457836381483,0.26773254280131914,27.419354838709676,0.08165509127658055,0.304987546236304,TRUE
SYNCRIP,18.608920300695296,18.573301961622345,0.26915514301837884,17.741935483870968,-0.03561833907295053,-0.13233386021725912,TRUE
SELENOF,13.632429676724438,13.895287901123163,0.488214482129183,67.74193548387096,0.26285822439872497,0.5384072657008399,FALSE
KPNA6,19.994000827565827,19.989222110508983,0.2598576261677141,27.419354838709676,-0.004778717056844073,-0.018389751062221484,TRUE
SNX2,19.084794657088597,19.079090429768407,0.27152931030820865,6.451612903225806,-0.0057042273201908245,-0.02100777744294362,TRUE
PFKFB2,20.00053943686073,19.961919510274402,0.40821134060008524,11.29032258064516,-0.03861992658632829,-0.09460767682141222,TRUE
PFDN1,19.51127205905644,19.51509887673309,0.2904663383205405,6.451612903225806,0.0038268176766500517,0.013174737213187902,TRUE
CLASP2,17.039157856226137,16.98241611006901,0.42090711189563973,32.25806451612903,-0.056741746157126016,-0.13480823809694772,TRUE
COBL,17.822993331423174,17.7294220389332,0.48691804579587916,51.61290322580645,-0.09357129248997254,-0.1921705167797345,FALSE
CPNE3,19.02537075243746,19.01750511201382,0.26606675761205584,1.6129032258064515,-0.007865640423641906,-0.02956265748579748,TRUE
CLUH,17.21690434260342,17.301979663465385,0.49198098360770176,54.83870967741935,0.08507532086196434,0.17292400254600515,FALSE
CILP,17.966301205212403,17.936320289822948,0.47019794744961835,58.06451612903226,-0.02998091538945502,-0.06376232723276078,FALSE
ATP6V1G1,16.8831008177337,16.938107965223466,0.2415177835791768,14.516129032258066,0.05500714748976776,0.22775609594700824,TRUE
VPS4B,18.866901373471535,18.800545680696715,0.4207022263548525,40.32258064516129,-0.06635569277482034,-0.15772603190088866,TRUE
SH3BGRL,17.089184252074066,17.052261058398262,0.6113897028908558,11.29032258064516,-0.0369231936758041,-0.0603922400086538,TRUE
VPS26A,18.690602449948866,18.68320442857494,0.2553715224642651,8.064516129032258,-0.007398021373926866,-0.028969641182141185,TRUE
NDUFB1,23.13539043091336,23.08779291436698,0.4414714947606893,6.451612903225806,-0.047597516546382224,-0.10781560556289971,TRUE
PMPCB,20.031275569169892,19.98100313410937,0.36193512402308914,16.129032258064516,-0.050272435060524145,-0.13889902284619685,TRUE
PRKRA,18.339649251389503,18.25576202597143,0.5969205736715928,19.35483870967742,-0.08388722541807425,-0.14053331233348712,TRUE
TIPRL,19.90543169821267,19.892333681181086,0.22585046524888588,6.451612903225806,-0.013098017031584419,-0.057994199910770525,TRUE
PPM1B,17.82046553890236,17.769287066856123,0.411703362120148,8.064516129032258,-0.05117847204623871,-0.12430909425340865,TRUE
TCEA3,17.482383008635157,17.277284366560288,0.42691957041173295,41.935483870967744,-0.20509864207486928,-0.48041517955493707,TRUE
PSMD10,20.66905928538577,20.638885130390445,0.25191882893589346,9.67741935483871,-0.03017415499532561,-0.11977729145050971,TRUE
SCO1,22.878369218960504,22.86351574593483,0.4916102249230348,32.25806451612903,-0.014853473025674191,-0.0302139220721042,TRUE
DCTN3,17.20430054076372,17.24847766464681,0.45559645543206934,45.16129032258064,0.04417712388308814,0.09696546879670594,TRUE
FLOT1,18.98897766915705,18.954102533689486,0.32644951573235703,8.064516129032258,-0.0348751354675656,-0.10683163486803372,TRUE
SNCG,16.026780191182763,16.320171819259595,0.51475626611044,64.51612903225806,0.29339162807683294,0.5699622275484575,FALSE
TPPP,16.034725313088174,16.294234270250275,0.4252618440835538,64.51612903225806,0.259508957162101,0.6102333439327176,FALSE
BAIAP3,23.087398337045,23.073133120016916,0.4960828222795834,3.225806451612903,-0.014265217028082589,-0.02875571656065722,TRUE
TOMM70,19.773126245505416,19.763978180133606,0.37731875311888236,1.6129032258064515,-0.009148065371810787,-0.024244926328717338,TRUE
UFL1,16.165026006389212,16.158096375156305,0.3176688668047553,4.838709677419355,-0.006929631232907241,-0.02181400809782946,TRUE
TMEM63A,19.784807140486215,19.767676577212406,0.4633903203390112,8.064516129032258,-0.017130563273809685,-0.03696789190865522,TRUE
SEC31A,18.251561055670724,18.219460415638917,0.3020072010624757,25.806451612903224,-0.032100640031806904,-0.10629097557566616,TRUE
MFN2,17.734574176191412,17.706361574272364,0.29059285669845664,16.129032258064516,-0.02821260191904784,-0.09708635731649656,TRUE
RTN3,19.138771953329208,19.133228605960635,0.5290147682163114,19.35483870967742,-0.005543347368572427,-0.010478624986714511,TRUE
ZRANB2,20.153489819521607,20.07090233195611,0.8631842648191325,25.806451612903224,-0.0825874875654975,-0.09567770281679369,TRUE
EPM2A,20.46641413896287,20.484018890218955,0.5211724338427596,9.67741935483871,0.017604751256083517,0.033779129733087464,TRUE
PGLS,17.6325022820699,17.595004215332462,0.42144772916783113,11.29032258064516,-0.03749806673743805,-0.08897441875290156,TRUE
TACC2,18.06874472829234,18.04738249660918,0.38903613116445546,9.67741935483871,-0.02136223168315965,-0.05491066246011297,TRUE
LYPLA2,19.96259511969339,19.81149391969755,0.45714841098144626,35.483870967741936,-0.15110119999583915,-0.33052985937639345,TRUE
ARIH2,19.245680338111146,19.274883060890918,0.38866738011178803,32.25806451612903,0.02920272277977176,0.07513551245636439,TRUE
PGM3,17.317797236950216,17.32453647697103,0.3734523803369498,6.451612903225806,0.006739240020813497,0.018045781405203458,TRUE
SVIL,17.599734674431804,17.53090097070696,0.7568108392969345,19.35483870967742,-0.06883370372484521,-0.09095232276111512,TRUE
AHSA1,19.123945728145994,19.106503825418475,0.30248402553009585,6.451612903225806,-0.01744190272751922,-0.057662227606739606,TRUE
H6PD,18.82309204311244,18.79284058290112,0.3665398510925235,4.838709677419355,-0.03025146021131775,-0.08253252714854611,TRUE
ETHE1,17.40966324063875,17.372044869188546,0.31656873050380446,40.32258064516129,-0.03761837145020408,-0.11883160851147928,TRUE
ASMTL,17.63841570681922,17.755267475473293,0.3599775553125757,53.2258064516129,0.11685176865407243,0.32460848441677903,FALSE
CDS2,18.454862139814882,18.44121078575068,0.34810973185935157,16.129032258064516,-0.013651354064201371,-0.039215663380870354,TRUE
SNAP29,16.511016987346594,16.483992901448822,0.2810627542587138,53.2258064516129,-0.0270240858977715,-0.09614965159309674,FALSE
LSM8,18.947402868913084,18.98641817724821,0.4635350996264689,25.806451612903224,0.03901530833512723,0.08416904861480175,TRUE
AP2A1,19.231090359652004,19.138287910175222,0.348399248506233,17.741935483870968,-0.09280244947678185,-0.2663681103638247,TRUE
BAG2,14.609477243484777,14.78265468011248,0.44301623781975186,22.58064516129032,0.1731774366277019,0.39090539317468964,TRUE
MLYCD,16.67501998445484,16.450755119364267,0.6773899384311436,30.64516129032258,-0.22426486509057142,-0.3310720345359364,TRUE
EML2,20.50605304203996,20.487273928816695,0.5259622232869184,12.903225806451612,-0.018779113223263977,-0.03570430040755941,TRUE
BPNT1,18.374940748486353,18.373443765888343,0.4040387236428929,1.6129032258064515,-0.0014969825980095663,-0.0037050473393056877,TRUE
DDAH2,16.209262605298257,16.235420366100296,0.3826444298785879,9.67741935483871,0.026157760802039576,0.06836049020846682,TRUE
ABHD16A,14.874566938888593,14.823921417236823,0.537202093338105,46.774193548387096,-0.050645521651770053,-0.09427647859126026,TRUE
TXNDC12,19.117013086023107,18.780239500481763,0.7791164279966232,64.51612903225806,-0.3367735855413443,-0.43225065399699664,FALSE
NUDT3,18.227119100606533,18.232705221525084,0.3340024728952584,4.838709677419355,0.005586120918550819,0.016724789101494466,TRUE
CLPTM1,15.920794996345395,15.644399771859026,0.4794317578774941,58.06451612903226,-0.2763952244863681,-0.576505873766071,FALSE
MOCS2,18.456469694584104,18.48608210119423,0.4365763321641583,25.806451612903224,0.029612406610127096,0.06782870354729273,TRUE
TOMM40,18.82353668425267,18.827726583577707,0.35941674874602036,1.6129032258064515,0.004189899325037771,0.011657496039502984,TRUE
PEX11B,15.095758409886187,14.957934979419273,0.510241443026559,38.70967741935484,-0.1378234304669146,-0.27011414370694425,TRUE
CYB5A,17.11047433753259,17.03597447735895,0.4420239309466376,22.58064516129032,-0.07449986017364196,-0.1685425945470717,TRUE
ADH1B,21.34651629897381,21.337948544981224,0.9699224259888863,1.6129032258064515,-0.008567753992586802,-0.008833442513561362,TRUE
MT-CO1,21.6284648683944,21.626706509367754,0.6836775527529331,9.67741935483871,-0.0017583590266454507,-0.002571912767305504,TRUE
MT-CO3,22.674288228054724,22.66642362690357,0.5193462970641417,8.064516129032258,-0.00786460115115517,-0.01514326990606011,TRUE
CP,20.96072915531492,20.85386567849634,0.5120931176541974,12.903225806451612,-0.10686347681857811,-0.20867977548321615,TRUE
F13A1,18.070589435275597,18.039901203548915,0.6111629653333404,27.419354838709676,-0.03068823172668189,-0.050212845783192905,TRUE
HPRT1,18.18683746022571,18.15991349402307,0.49452536695537774,9.67741935483871,-0.02692396620264148,-0.0544440548487999,TRUE
CFB,19.36618014661223,19.315170671643482,0.5626477345364156,8.064516129032258,-0.051009474968747526,-0.09065970026659034,TRUE
ASS1,19.662925355842763,19.655952156874,0.7927760009694431,37.096774193548384,-0.006973198968761807,-0.008795925911272108,TRUE
SERPINA3,21.833520734096382,21.815118752834927,0.4746078070941739,1.6129032258064515,-0.01840198126145509,-0.038773026879019894,TRUE
AGT,19.21001331677567,19.190055802678323,0.384483265105649,16.129032258064516,-0.019957514097345808,-0.05190736739052049,TRUE
CST3,20.129280288721038,20.13494772732265,0.38573088265515093,1.6129032258064515,0.005667438601612673,0.014692727122602332,TRUE
CSTA,18.219921560338573,17.95248078409397,0.9000727135455,29.03225806451613,-0.2674407762446016,-0.29713241188161194,TRUE
JCHAIN,16.48116117715116,16.554782522403663,0.9044139563710462,37.096774193548384,0.07362134525250141,0.08140226578093342,TRUE
IGKV3-20,20.102212576331457,19.914143975403558,0.8933405269509863,20.967741935483872,-0.1880686009278989,-0.21052285803016904,TRUE
IGHV3-7,19.23306360005472,19.207759402774712,0.7426083319350911,3.225806451612903,-0.025304197280007656,-0.03407475541524009,TRUE
HLA-B,15.557648498984133,15.385194458602031,0.6825345453481473,30.64516129032258,-0.17245404038210133,-0.252667123675236,TRUE
HLA-DRB1,19.778379273222384,19.71610997924007,0.6477624982549222,17.741935483870968,-0.06226929398231462,-0.09612982250449609,TRUE
COL1A1,20.050835454023808,19.841311365364994,1.2547722658063936,9.67741935483871,-0.20952408865881367,-0.1669817658299617,TRUE
COL3A1,21.1815233695313,21.14961180490272,1.3317942972258228,4.838709677419355,-0.03191156462857947,-0.023961331487191716,TRUE
COL4A1,21.38352833649298,21.294581022261372,1.2433567962064558,8.064516129032258,-0.08894731423160707,-0.07153804483394453,TRUE
KRT14,21.74029349209695,21.717453296240212,1.3509655289750488,1.6129032258064515,-0.022840195856737466,-0.016906571904958874,TRUE
APOE,16.799924073128153,16.654138540107333,0.6774302652270416,25.806451612903224,-0.14578553302082042,-0.21520374938069856,TRUE
APOC2,19.366782256124793,19.32022311405768,0.7601654576032719,17.741935483870968,-0.04655914206711387,-0.061248694743260675,TRUE
LRG1,18.372696055510232,18.264951337480376,0.6786850124968633,27.419354838709676,-0.1077447180298563,-0.15875511621137245,TRUE
FN1,17.067815065719163,17.28513347229791,0.7205637614489235,59.67741935483871,0.21731840657874812,0.3015949707792133,FALSE
RBP4,20.396937914885168,20.10575663436557,0.7404426804307055,45.16129032258064,-0.2911812805195986,-0.3932529663879213,TRUE
TFRC,16.772374579168282,16.714928355102685,0.9048716978263105,29.03225806451613,-0.05744622406559685,-0.06348549104098912,TRUE
FTL,21.410260110640913,21.24308077208034,1.5808971886917345,11.29032258064516,-0.16717933856057243,-0.10574965896354149,TRUE
MT-ND2,20.038426866097605,20.022563184888412,0.6271038409383338,20.967741935483872,-0.01586368120919346,-0.025296737435791614,TRUE
VWF,17.11755916167257,17.40369466450967,0.5598523770874706,59.67741935483871,0.286135502837098,0.5110909849586877,FALSE
RPN2,20.136517043314605,20.11837948911497,0.43107067712253766,1.6129032258064515,-0.018137554199633144,-0.042075592616746926,TRUE
SERPING1,19.626847270868765,19.52340060323346,0.5523602797880616,14.516129032258066,-0.10344666763530697,-0.18728114859200057,TRUE
PCCA,19.181243627458077,19.171421613858357,0.3661445030872212,4.838709677419355,-0.009822013599720236,-0.02682551155869868,TRUE
PCCB,18.300005301929293,18.24411375800107,0.4312264305382817,9.67741935483871,-0.055891543928222376,-0.1296106638418599,TRUE
CLEC3B,18.67845819284368,18.586353032248397,0.5345809423825637,24.193548387096776,-0.09210516059528473,-0.17229413413950556,TRUE
SSB,16.550245323114638,16.5629088877416,0.43859481059161404,22.58064516129032,0.012663564626961943,0.028873037986656178,TRUE
PTMA,15.019556674755652,14.902368514456846,0.4981772068585163,25.806451612903224,-0.11718816029880585,-0.23523388602579648,TRUE
S100A9,21.648967903917253,21.636577744696076,0.9595542368999949,1.6129032258064515,-0.012390159221176589,-0.012912411560189792,TRUE
S100A6,24.837776915883232,24.793947820659746,1.1961327518924003,3.225806451612903,-0.04382909522348655,-0.036642333515359886,TRUE
EIF4E,20.492350253636182,20.5131626324897,0.26977207064002023,6.451612903225806,0.020812378853516833,0.07714801166829667,TRUE
PYGL,24.346049975223163,24.29408322806833,0.6133820552801799,3.225806451612903,-0.051966747154832404,-0.0847216619845442,TRUE
CTSB,20.18777487172092,20.179219402912583,0.449892265160535,1.6129032258064515,-0.008555468808335576,-0.019016705711272296,TRUE
COL1A2,19.553106942004057,19.482650746558665,1.4972230020153032,3.225806451612903,-0.0704561954453915,-0.0470579167903215,TRUE
SOD3,18.481648033869078,18.48250157452717,0.6486394863404196,37.096774193548384,8.535406580918448e-4,0.0013158937685207293,TRUE
CTSG,17.977723674882004,17.585654863585564,1.2944463691556145,61.29032258064516,-0.3920688112964399,-0.3028853266066109,FALSE
COL4A2,21.34073674832796,21.33181981090273,1.0382575948428674,1.6129032258064515,-0.008916937425230032,-0.008588367154279805,TRUE
CFH,18.661133101616212,18.62631152305448,0.5656927405146734,8.064516129032258,-0.034821578561732736,-0.06155563978079634,TRUE
SNRNP70,14.615589337399955,15.178513448255146,0.3458811894949082,70.96774193548387,0.5629241108551906,1.627507155498196,FALSE
NFIC,18.417661773956095,18.348969675378445,0.47920175364874595,17.741935483870968,-0.06869209857764957,-0.14334692653900588,TRUE
SERPINF2,18.27610322907145,18.255563945529275,0.47315550665995615,16.129032258064516,-0.020539283542174047,-0.04340916094829488,TRUE
RPS17,20.814901531835844,20.790293938450716,0.3871005203257456,8.064516129032258,-0.024607593385127302,-0.06356900105538474,TRUE
SNRPA,18.32034574457473,18.397034374410005,0.391564929895662,17.741935483870968,0.07668862983527447,0.19585163016440016,TRUE
GSTM1,22.384632977048998,22.333227084400175,1.575682890091134,33.87096774193548,-0.051405892648823226,-0.03262451662837439,TRUE
CLTB,18.98452692748479,18.985098783243398,0.29503070175805046,3.225806451612903,5.718557586078532e-4,0.001938292371608234,TRUE
ANXA4,19.89579449090401,19.890066147034126,0.3874625806975667,1.6129032258064515,-0.00572834386988319,-0.014784250545098288,TRUE
HMOX1,16.9018338682641,17.21281284878668,0.7540458428097997,48.38709677419355,0.3109789805225809,0.41241389165913367,TRUE
HNRNPA1,18.47117602791336,18.402448331877608,0.4778181803185493,16.129032258064516,-0.0687276960357508,-0.14383650280935686,TRUE
PARP1,19.466364755490197,19.43993234677555,0.3204690417105095,4.838709677419355,-0.026432408714647693,-0.08248038117368285,TRUE
ALDOC,26.381349156622363,26.34255662680247,1.3282692702081842,17.741935483870968,-0.03879252981989367,-0.029205320555081113,TRUE
LIMS3,17.084450047582205,17.253577398828273,0.35259635933275907,41.935483870967744,0.16912735124606826,0.47966278371710613,TRUE
FDX1,17.433241260458356,17.400195556702812,0.5276752103884804,56.451612903225815,-0.033045703755544054,-0.06262508282550441,FALSE
COX8A,21.436347975436927,21.375317672692947,0.6197538113024827,27.419354838709676,-0.0610303027439798,-0.09847507450695256,TRUE
GAA,18.143569442339007,18.152219310420083,0.547698923225939,1.6129032258064515,0.008649868081075596,0.015793107698894117,TRUE
ARAF,15.267298708358927,15.465951376440497,0.49741837141137923,50,0.19865266808156967,0.3993673726161558,FALSE
THRB,22.81020296010304,22.79086231620333,1.3238197739870572,1.6129032258064515,-0.01934064389971013,-0.014609725794818972,TRUE
CLU,19.614431189217882,19.601512778924775,0.6338090364135431,1.6129032258064515,-0.01291841029310703,-0.02038218067417726,TRUE
LAMC1,20.041210618749062,20.00828832557637,0.8472753607838373,4.838709677419355,-0.03292229317269246,-0.03885666301240622,TRUE
MYH3,25.535483342900818,25.51962213374093,1.6736944702880934,1.6129032258064515,-0.01586120915988687,-0.009476764989942684,TRUE
EPB41,18.35266173527191,18.19463503856299,0.5603335733038187,38.70967741935484,-0.15802669670891945,-0.28202253842683045,TRUE
DBT,20.293303611371865,20.27875738957004,0.52389842714794,3.225806451612903,-0.014546221801825965,-0.027765347342259456,TRUE
LAMP1,18.793833519033306,18.812333765037803,0.3082553192904347,12.903225806451612,0.01850024600449629,0.0600159830074678,TRUE
UBL4A,16.304996345583472,16.315972192482135,0.4211101712339648,30.64516129032258,0.010975846898663377,0.026064074554412273,TRUE
COL6A1,20.43265674828657,20.415780775101396,0.9873033726553506,1.6129032258064515,-0.0168759731851722,-0.017092996593118383,TRUE
COL6A2,19.310132781387573,19.13305691637915,1.0123653182777776,12.903225806451612,-0.17707586500842254,-0.17491300996922893,TRUE
ANXA3,19.025074750703876,18.923377792624155,0.5320377002004676,29.03225806451613,-0.1016969580797209,-0.19114615005929522,TRUE
BCKDHA,18.05416322224007,18.046385697564308,0.4790430044576212,17.741935483870968,-0.007777524675763203,-0.016235545876656772,TRUE
XRCC6,19.65893854709788,19.64639704978269,0.3138389021493576,3.225806451612903,-0.012541497315190497,-0.03996157655822391,TRUE
IFITM1,15.932788153682734,15.870399301299043,0.45118368860231556,19.35483870967742,-0.062388852383691074,-0.13827816465830206,TRUE
LAMP2,22.646766337585085,22.58528228247617,0.5076880243260284,11.29032258064516,-0.06148405510891308,-0.12110597879580687,TRUE
MYH8,19.869256398507936,19.622972217058006,0.8436119974966703,40.32258064516129,-0.24628418144992992,-0.2919401124933646,TRUE
VCAN,21.651425063747407,21.65856972652859,0.2959019887138479,41.935483870967744,0.0071446627811830865,0.024145369256346347,TRUE
KRT5,20.987890067604692,20.97438933577189,0.9830594013290339,1.6129032258064515,-0.01350073183280287,-0.013733383572295569,TRUE
PDIA4,21.367079247403808,21.24336615879634,0.5281272143396267,19.35483870967742,-0.12371308860746666,-0.23424865306772386,TRUE
LCP1,18.550244804320133,18.535079111207676,0.3529635896190974,11.29032258064516,-0.015165693112457745,-0.04296673526247817,TRUE
PLS3,19.48769206810689,19.409018813316404,0.41542951231016545,24.193548387096776,-0.07867325479048759,-0.18937810737853655,TRUE
NID1,18.356310206054847,18.31873674844922,0.8387984031265472,8.064516129032258,-0.037573457605628136,-0.04479438380614029,TRUE
SLC2A4,17.57146768374731,17.489010363460793,0.4636488729976845,62.903225806451616,-0.08245732028651886,-0.17784432377328493,FALSE
IDE,18.37898575649739,18.35301805570003,0.2787773048663476,12.903225806451612,-0.025967700797359328,-0.09314854668606849,TRUE
HNRNPL,17.40380334344965,17.399782777002812,0.38709924038181664,1.6129032258064515,-0.004020566446836682,-0.010386397149400197,TRUE
JUP,19.60057785134049,19.761923480701284,0.6004927697634517,40.32258064516129,0.16134562936079533,0.2686887128122345,TRUE
CPA3,19.871288601386887,19.76702899784241,0.707290532402547,24.193548387096776,-0.10425960354447739,-0.14740703963663282,TRUE
GLUL,15.51910551919702,15.315412818644182,0.5744008935622665,41.935483870967744,-0.20369270055283728,-0.3546176596098148,TRUE
GSPT1,18.371157575165537,18.360574187777544,0.24944438761610108,9.67741935483871,-0.01058338738799236,-0.04242784329259139,TRUE
EZR,20.70349200448106,20.68089012187516,0.7889463820477767,3.225806451612903,-0.022601882605901125,-0.028648185884617455,TRUE
NME1,21.70061040141637,21.689655320853195,0.2688860242337217,4.838709677419355,-0.010955080563174846,-0.040742469209379385,TRUE
RPA2,18.021726329353665,17.87687125822806,0.6732017058143672,51.61290322580645,-0.1448550711256047,-0.215173357218955,FALSE
NQO2,22.397324491071974,22.394528958267703,1.2055399356040712,1.6129032258064515,-0.002795532804270806,-0.0023189051824069372,TRUE
PFKFB1,22.552008891920686,22.39655996356929,0.523093789476789,37.096774193548384,-0.15544892835139734,-0.2971721925945271,TRUE
ANK1,19.31953661921153,19.22462059660536,0.5789054894414962,32.25806451612903,-0.09491602260617071,-0.16395771734301867,TRUE
LGALS3,20.27098235116175,20.22857898280908,0.4564123263344511,11.29032258064516,-0.042403368352669446,-0.09290583515397213,TRUE
FLT1,20.983084137472794,20.88678623926206,1.490977873254459,8.064516129032258,-0.09629789821073231,-0.06458707398556918,TRUE
RPL35A,20.07582353922691,19.971580702591062,0.6856118900706106,30.64516129032258,-0.10424283663584788,-0.1520435076251551,TRUE
ARF4,17.16974462037478,17.175324555674965,0.5290818284136736,1.6129032258064515,0.005579935300186634,0.010546450474242797,TRUE
TSPAN8,18.04444013587922,18.01737018505009,0.534067263956018,14.516129032258066,-0.027069950829130107,-0.05068640723008141,TRUE
SRM,20.36751440412498,20.099893330612538,0.9619421885245745,46.774193548387096,-0.2676210735124407,-0.2782091031093225,TRUE
TYMP,16.12919322887325,16.23903440296727,0.389149857558016,24.193548387096776,0.10984117409402216,0.2822593197985344,TRUE
ATP2B1,15.801548594638522,15.88415691234893,0.3785163066500425,54.83870967741935,0.08260831771040777,0.2182424277609349,FALSE
EIF2S2,18.761570003900587,18.757295091665014,0.27608276298369244,6.451612903225806,-0.00427491223557297,-0.015484169273637263,TRUE
TPSB2,21.24130059325324,21.158682075086677,0.795091462152676,6.451612903225806,-0.08261851816656218,-0.10391070977278022,TRUE
BTF3,20.132408113248346,20.097198828279122,0.4075203350777373,16.129032258064516,-0.035209284969223376,-0.08639884182100253,TRUE
RAB6A,19.167030851322455,19.123613693019415,0.4108494857912191,6.451612903225806,-0.04341715830303983,-0.10567655505136271,TRUE
PVALB,22.50929210732782,22.095891079934834,1.3056679175252524,54.83870967741935,-0.413401027392986,-0.31662034568218655,FALSE
CAPN3,21.829313728619674,21.817984827662976,0.4676025115484189,1.6129032258064515,-0.011328900956698362,-0.024227630683983797,TRUE
PTMS,20.627480690456853,20.615850731482322,0.43870767724846294,22.58064516129032,-0.011629958974531007,-0.026509586172444293,TRUE
BGN,19.521662974176355,19.490654574924967,0.5942000674123715,8.064516129032258,-0.03100839925138743,-0.052185115673956624,TRUE
TGM2,18.098744996270803,17.906590864344953,0.7036902477316154,20.967741935483872,-0.19215413192585018,-0.2730663563198008,TRUE
MMUT,17.921497885475546,17.885954590588163,0.49160903129763656,8.064516129032258,-0.035543294887382615,-0.0722999225493551,TRUE
OSBP,18.664722961904754,18.65443803636973,0.1940088522161271,4.838709677419355,-0.010284925535025025,-0.05301266111078041,TRUE
GART,19.513941759181346,19.513336505480552,0.23094951622140197,4.838709677419355,-6.052537007938952e-4,-0.002620718634516051,TRUE
SCP2,17.91712500562356,17.9154792264371,0.4195943324826355,12.903225806451612,-0.0016457791864610272,-0.003922310334182447,TRUE
FDXR,18.016132863057727,18.05536749934098,0.4143921220777998,62.903225806451616,0.039234636283254076,0.09467997626626694,FALSE
AMPD1,24.62135833249273,24.617070485490327,0.6795498431498083,3.225806451612903,-0.004287847002402145,-0.006309834437643862,TRUE
FBLN1,17.873044529938106,17.80094774374233,0.4891418079547523,22.58064516129032,-0.07209678619577531,-0.14739444681131114,TRUE
SFPQ,17.07609564289758,17.056106398975654,0.4707178798408372,9.67741935483871,-0.019989243921926914,-0.04246544433087146,TRUE
PPIB,19.673283513510526,19.66314022367784,0.453185080370694,1.6129032258064515,-0.010143289832686975,-0.02238222366983048,TRUE
ME2,20.350323188999322,20.33618782759573,0.4500233208265712,1.6129032258064515,-0.014135361403592839,-0.031410286421668106,TRUE
GCSH,20.609601869854178,20.60052886813972,0.42670973906142695,22.58064516129032,-0.009073001714458684,-0.021262701278895773,TRUE
EIF4B,19.878185573797367,19.88597742401747,0.26866505731074886,1.6129032258064515,0.007791850220101537,0.02900209762332125,TRUE
ATP2B4,18.34841760394919,18.3220677994147,0.29383587899771374,9.67741935483871,-0.026349804534490318,-0.08967524532528356,TRUE
LAMA2,18.947061552359923,18.872699180144462,0.6413593964590231,11.29032258064516,-0.07436237221546094,-0.1159449329440237,TRUE
MYL9,18.400354815966928,18.318789880621765,0.7291264080012511,66.12903225806451,-0.08156493534516329,-0.11186665912808817,FALSE
MPST,22.11098041293526,22.111059162787104,0.3330641250383586,1.6129032258064515,7.87498518448615e-5,2.364405107748905e-4,TRUE
DNAJB2,17.700959698958783,17.738416190219,0.3732295169648966,12.903225806451612,0.03745649126021533,0.10035779475538702,TRUE
DDX6,17.44699439811336,17.44948601939521,0.30754594533910484,17.741935483870968,0.002491621281848211,0.008101622926944822,TRUE
U2AF2,17.56527291816586,17.592156881895036,0.3773601263352483,8.064516129032258,0.02688396372917623,0.0712421950624757,TRUE
HMGB2,20.73752864405284,20.72016078968444,0.5103208476866359,4.838709677419355,-0.017367854368401936,-0.034033205672731444,TRUE
TARS1,16.625780315034504,16.627268856527948,0.3844998886050404,17.741935483870968,0.0014885414934440178,0.003871370415332038,TRUE
FKBP2,19.592012253723045,19.620419730653044,0.5761858855214463,4.838709677419355,0.02840747692999912,0.04930262549609393,TRUE
STOM,19.42849171061978,19.428379956533337,0.515843001561185,4.838709677419355,-1.1175408644348295e-4,-2.1664360300568624e-4,TRUE
MAPK3,17.41474536091348,17.464248063272027,0.37618029283509075,17.741935483870968,0.04950270235854859,0.1315930241466676,TRUE
RPA1,17.43103935482623,17.423136071216025,0.3655148318988514,16.129032258064516,-0.007903283610204426,-0.02162233354292855,TRUE
APEX1,20.439601785401283,20.42120273845767,0.3124592775487359,4.838709677419355,-0.01839904694361394,-0.05888462358344966,TRUE
TMOD1,21.117872602041317,21.008268003308817,0.7914167948185471,14.516129032258066,-0.10960459873249917,-0.1384916259676153,TRUE
RBL1,21.38858928908368,21.41903479876676,0.3645711213350717,41.935483870967744,0.03044550968308002,0.08351048094974593,TRUE
CD38,19.851369027846598,19.838144918825396,0.5256597146805432,3.225806451612903,-0.013224109021201969,-0.025157166607752312,TRUE
EPHA2,24.67215203263714,24.624463487808132,0.7965595384536021,3.225806451612903,-0.04768854482900764,-0.05986814861521541,TRUE
TKT,16.905776419587948,16.86087012946549,0.46337317900991226,17.741935483870968,-0.044906290122458614,-0.09691171642348768,TRUE
MARCKS,19.638675194765195,19.639344330720032,0.43614289058757966,6.451612903225806,6.691359548369746e-4,0.001534212684140059,TRUE
GNA11,18.006522580695698,17.988574332462125,0.5029837963605741,37.096774193548384,-0.017948248233572883,-0.035683551564564354,TRUE
DDT,22.592934740935373,22.57831418359185,0.6259461438981967,3.225806451612903,-0.014620557343523188,-0.02335753241080923,TRUE
CMPK1,18.99024946287743,19.00308536337853,0.5861457090306224,1.6129032258064515,0.01283590050110206,0.021898821919775355,TRUE
NMT1,18.95037356123087,18.94230884702008,0.28312921742292535,46.774193548387096,-0.008064714210789248,-0.02848421750391995,TRUE
ADSS2,22.055207893648866,22.013333499703386,0.4459418162079453,6.451612903225806,-0.04187439394548065,-0.09390102570231801,TRUE
LRPAP1,18.00355990144583,17.845116788166234,0.5049467472794709,27.419354838709676,-0.1584431132795956,-0.313781827753616,TRUE
TSPO,20.31424083285156,20.28890594310371,0.3869145217011821,3.225806451612903,-0.025334889747849587,-0.06547929407368165,TRUE
SRI,18.628121338766388,18.605537574105487,0.3921959810395881,4.838709677419355,-0.02258376466090084,-0.05758285590035469,TRUE
ALDH1B1,22.308333319790158,22.296793934113175,1.0355350191811967,3.225806451612903,-0.01153938567698276,-0.011143404581437543,TRUE
DNAJA1,16.19286331360485,16.155687479679663,0.3185123351071483,59.67741935483871,-0.0371758339251862,-0.11671709327263623,FALSE
AKT2,17.45259809157206,17.39905863847386,0.3975552472884815,37.096774193548384,-0.05353945309819963,-0.13467173044089975,TRUE
HNRNPH3,16.524005405490307,16.49691547814793,0.5028369084442368,8.064516129032258,-0.02708992734237725,-0.05387418243858177,TRUE
S100A11,18.42268801506974,18.410749891025365,0.516577498876478,1.6129032258064515,-0.011938124044373666,-0.023110034932489896,TRUE
GBP2,17.74654517186429,17.764642251628967,0.3783322104793414,43.54838709677419,0.018097079764675783,0.04783383297379582,TRUE
MCM5,24.424757264824095,24.24930418319502,0.8483236071485498,12.903225806451612,-0.17545308162907602,-0.20682329260978877,TRUE
SHMT1,19.40151616982576,19.374595466244067,0.6644922797503877,3.225806451612903,-0.026920703581694738,-0.0405131924057979,TRUE
SHMT2,22.287328207272235,22.253705829406734,0.45663396283950053,22.58064516129032,-0.03362237786550182,-0.07363091798171732,TRUE
GPC1,17.850948212222182,17.84273895637363,0.3918506450125063,8.064516129032258,-0.008209255848552033,-0.020949961300408285,TRUE
CTNNA1,15.421599689282917,15.480344651000339,0.5636891063933321,33.87096774193548,0.05874496171742116,0.10421518005428684,TRUE
RPA3,18.0417546941962,18.009963682469145,0.44216912963315574,19.35483870967742,-0.03179101172705501,-0.07189785445544405,TRUE
SPR,20.98934186569334,20.93776813042384,0.42012866210255545,4.838709677419355,-0.05157373526949982,-0.12275700260819249,TRUE
THBS4,17.97027772060152,17.963580385505363,0.5725120732674939,33.87096774193548,-0.0066973350961561096,-0.011698155216068123,TRUE
FBN1,20.950733898188304,20.897417293339597,0.9079946828291519,4.838709677419355,-0.05331660484870682,-0.05871907166084018,TRUE
COPB2,16.005427306581428,15.966403369584022,0.30799777166937164,41.935483870967744,-0.03902393699740614,-0.12670201081616075,TRUE
ADD1,17.11334055704695,17.070139238590205,0.5627924217793967,32.25806451612903,-0.04320131845674524,-0.07676243812977156,TRUE
FUS,19.676647249990342,19.671145708863225,0.22425483439546226,1.6129032258064515,-0.005501541127117093,-0.02453254192690178,TRUE
DEK,19.718698071420086,19.720809664156246,0.3087836087427908,41.935483870967744,0.0021115927361599063,0.00683842236560818,TRUE
MYH11,19.517237042932212,19.476263917060997,0.800462275544867,24.193548387096776,-0.04097312587121493,-0.051186829314754295,TRUE
GLRX,22.212678966833796,22.20157237160658,0.5774458121013321,1.6129032258064515,-0.01110659522721491,-0.019234004290026592,TRUE
PPM1A,19.643887552909494,19.64268099635064,0.22079922749610775,1.6129032258064515,-0.0012065565588521565,-0.005464496287123222,TRUE
HMGCL,21.41627080255819,21.389842496192728,0.4576461831322517,4.838709677419355,-0.026428306365463783,-0.05774833777609911,TRUE
ARL3,17.330325246944902,17.262819155605957,0.3120396582451563,40.32258064516129,-0.06750609133894514,-0.21633817867441862,TRUE
MAP2K2,18.221210882659783,18.216022402309715,0.26024348206266373,6.451612903225806,-0.005188480350067692,-0.019937023240483555,TRUE
ATP6V1E1,19.408695708310972,19.40327865468189,0.4777505902405033,14.516129032258066,-0.005417053629081181,-0.01133866444069529,TRUE
RPL4,20.296581374887054,20.29815844367114,0.5849576111181588,3.225806451612903,0.0015770687840870323,0.002696039429374091,TRUE
PPP1CC,15.685023859978331,15.466340112284687,0.4995984761746489,51.61290322580645,-0.2186837476936443,-0.4377190046056048,FALSE
SERPINF1,19.376808027722557,19.360613430797997,0.4527728492597265,3.225806451612903,-0.016194596924560045,-0.03576759726436302,TRUE
SRP14,19.03595766419534,19.004766170868336,0.3514340889758524,6.451612903225806,-0.031191493327003883,-0.08875488834308018,TRUE
SNCA,18.87692482553195,18.59240268577546,0.9211255663862383,54.83870967741935,-0.2845221397564899,-0.30888529223298805,FALSE
ATP6V1A,20.344880743032142,20.332493736835406,0.28068744861433376,1.6129032258064515,-0.012387006196735939,-0.04413095867979391,TRUE
RPL3,18.10447344679466,17.97786644065056,0.8322100442598378,24.193548387096776,-0.12660700614410203,-0.152133475217432,TRUE
COL15A1,17.017909723727314,16.943380246911783,0.6498188568815406,20.967741935483872,-0.07452947681553113,-0.11469269632031862,TRUE
COL18A1,15.924684310387029,15.804544367246601,0.6570285823105544,37.096774193548384,-0.12013994314042797,-0.182853450177061,TRUE
DDOST,21.464719110072764,21.44840391659908,0.30960151196265706,4.838709677419355,-0.01631519347368382,-0.052697395985752474,TRUE
ANP32A,21.611038155651972,21.60685203256155,0.2859894763243463,1.6129032258064515,-0.004186123090420324,-0.01463733261874559,TRUE
CAPG,15.449494561384007,15.390604078611064,0.5654638541894651,56.451612903225815,-0.05889048277294329,-0.10414544154613879,FALSE
RPL13A,23.616994338186007,23.60084757753965,0.6451832665926585,1.6129032258064515,-0.01614676064635745,-0.025026626514403752,TRUE
STAT3,17.92470255756197,17.94173067856646,0.33344131666013366,6.451612903225806,0.017028121004489805,0.05106781959431272,TRUE
NAA10,16.716711695584717,16.691558112210107,0.36271275043311885,29.03225806451613,-0.025153583374610378,-0.06934849504070159,TRUE
GARS1,19.56480661361213,19.540520326209975,0.37041969125655094,3.225806451612903,-0.024286287402155438,-0.06556424503181951,TRUE
IARS1,17.223143717056157,17.212369109278672,0.4142139650562899,12.903225806451612,-0.010774607777484846,-0.026012178937570643,TRUE
EIF1,20.8011623969352,20.753397670748615,0.39144922771279866,3.225806451612903,-0.04776472618658545,-0.12202023354515294,TRUE
TMPO,15.596086045772275,15.428723347119329,0.5270868774649761,51.61290322580645,-0.16736269865294595,-0.31752393354559827,FALSE
RPL35,20.803924444237555,20.798508126721785,0.5852459957909467,1.6129032258064515,-0.00541631751577043,-0.009254770736962325,TRUE
SLC1A4,18.333855338039633,18.322347440425656,0.45735953456584233,38.70967741935484,-0.011507897613977747,-0.0251615998885906,TRUE
TSFM,17.70264275881623,17.677884510672822,0.44457450924995395,3.225806451612903,-0.024758248143406547,-0.055689760947330136,TRUE
ASPA,18.81299029723129,18.780167648032986,0.3768318981587152,25.806451612903224,-0.03282264919830524,-0.08710156799008799,TRUE
PPIC,16.58987413657177,16.577401612730316,0.4592817689277484,37.096774193548384,-0.012472523841452698,-0.02715658379075527,TRUE
ACADSB,22.17626573738606,22.164259502618346,0.5348931665165607,3.225806451612903,-0.012006234767714119,-0.022446042535752598,TRUE
MAP2K4,17.989526855251444,18.02459610176582,0.27435127483202576,12.903225806451612,0.03506924651437515,0.12782607456752895,TRUE
MTIF2,20.615316096652656,20.589598241256247,0.2145817381091295,54.83870967741935,-0.02571785539640814,-0.1198510908851379,FALSE
BAG6,16.08271222073509,16.16982958319344,0.3139655148353088,43.54838709677419,0.08711736245835056,0.27747430320189187,TRUE
NSF,20.368110226972085,20.373505527899354,0.4354472167777208,1.6129032258064515,0.00539530092726892,0.012390252410369671,TRUE
RPL27A,21.327391945242294,21.313963864473212,0.6868032727316427,3.225806451612903,-0.013428080769081419,-0.01955156782476228,TRUE
GNPDA1,22.1125820331683,22.109368363533516,0.28667380333467257,1.6129032258064515,-0.003213669634785532,-0.011210196388380094,TRUE
UTRN,20.534200823542257,20.543869172228554,0.39048027669600416,1.6129032258064515,0.009668348686297179,0.024760146064494212,TRUE
IQGAP1,17.37481487458418,17.24699460491122,0.381097447777216,27.419354838709676,-0.1278202696729629,-0.33540048724672844,TRUE
STT3A,16.26223783841109,16.28867243829134,0.30928881666538505,9.67741935483871,0.02643459988025043,0.08546898062870999,TRUE
LIMS1,19.21640809189974,19.177447874594925,0.25930348015896104,16.129032258064516,-0.03896021730481536,-0.1502494963852068,TRUE
PIP4K2A,17.52950860615113,17.641438484377808,0.27873517778135154,30.64516129032258,0.11192987822667888,0.4015635167315699,TRUE
ARCN1,16.67772687930068,16.72546263934117,0.3868390769394347,11.29032258064516,0.04773576004049218,0.12339952938096249,TRUE
LSS,19.61371631105666,19.58661847957139,0.36833588854464766,9.67741935483871,-0.02709783148527123,-0.07356826290356601,TRUE
GCLM,17.2170605185952,17.211369591273346,0.6221053786484343,8.064516129032258,-0.005690927321854389,-0.009147851018774843,TRUE
CD151,17.02091466064858,17.09536086147723,0.6269659898940473,12.903225806451612,0.07444620082864972,0.11874041340142005,TRUE
PSMD8,22.214887217539676,22.20994669785375,0.33137061006440127,1.6129032258064515,-0.004940519685927569,-0.01490934782951146,TRUE
NES,20.098938322211083,19.685298172180474,0.9197500273540399,58.06451612903226,-0.4136401500306093,-0.4497310548830096,FALSE
PXN,14.495263095644546,14.540421917607825,0.34332070718580165,35.483870967741936,0.045158821963278584,0.13153538664604664,TRUE
RPL34,17.29082755570615,17.226245938738174,1.0133420181143893,16.129032258064516,-0.0645816169679776,-0.0637313126402772,TRUE
LMAN1,18.706206346772294,18.697316399730774,0.3581363293854006,3.225806451612903,-0.008889947041520685,-0.024822801576083513,TRUE
FNTA,17.251284706634642,17.246010953817976,0.2846235164675846,9.67741935483871,-0.005273752816666644,-0.01852887239297131,TRUE
MRPL19,18.07120984100344,17.93277374811175,0.44047487353954096,37.096774193548384,-0.13843609289169123,-0.31428828568416395,TRUE
ALDH7A1,17.952828245106783,17.930338377960855,0.5410375079616052,3.225806451612903,-0.0224898671459286,-0.04156803699370247,TRUE
CDC34,24.048576337011685,24.04274367362267,0.780534888019079,1.6129032258064515,-0.0058326633890146695,-0.007472649177562578,TRUE
PCYT1A,17.147203539396003,17.156020748906563,0.2856054266300232,12.903225806451612,0.00881720951056053,0.03087199572710659,TRUE
CARS1,18.00987042068906,17.97422534118469,0.30091522180177743,29.03225806451613,-0.0356450795043699,-0.11845555466067605,TRUE
SARS1,17.734149082192626,17.704712297244768,0.38366302221114523,9.67741935483871,-0.029436784947858285,-0.07672562442480588,TRUE
TMED10,20.465449481581715,20.497094781987723,0.35300058612561175,20.967741935483872,0.03164530040600866,0.08964659450947199,TRUE
GSK3A,16.134862294995,16.087893273803797,0.3924694734921078,16.129032258064516,-0.04696902119120239,-0.1196756037438588,TRUE
GSK3B,17.32866917944927,17.34256577472433,0.24987268541852303,9.67741935483871,0.013896595275060264,0.05561470335096543,TRUE
SULT1A1,16.93338119369891,16.831896663612905,0.6269829957774082,11.29032258064516,-0.10148453008600455,-0.16186169444702714,TRUE
EMD,17.949069816793052,17.92682069792361,0.4804335386534025,8.064516129032258,-0.022249118869442697,-0.04631050307562687,TRUE
CPT1A,18.805597915443748,18.80323052150064,0.5625756188972573,16.129032258064516,-0.0023673939431070323,-0.004208134628634497,TRUE
SERPINH1,20.260625180925764,20.106679614559837,0.7319888889418676,62.903225806451616,-0.15394556636592682,-0.2103113430976583,FALSE
METAP2,18.84916248616611,18.87646181047442,0.2062230383520708,9.67741935483871,0.02729932430830928,0.13237766510695556,TRUE
NUDT2,19.718562167414916,19.71804867011022,0.7193807344346113,48.38709677419355,-5.134973046949654e-4,-7.138046379550913e-4,TRUE
LRBA,20.920055733565135,20.602329809949726,1.5888448495457688,19.35483870967742,-0.3177259236154093,-0.1999729071760803,TRUE
BCAM,16.171807183661873,16.17892395412065,0.3897819395741954,4.838709677419355,0.00711677045877579,0.018258338153251213,TRUE
RPL14,20.604540235794918,20.50704722036052,0.656347323177165,16.129032258064516,-0.0974930154343987,-0.14853875683146928,TRUE
FXR1,20.265907366294023,20.2372094432777,0.5278234449871636,4.838709677419355,-0.028697923016324012,-0.05437030751262277,TRUE
GALK1,20.169573355093824,20.140989495652253,0.46110414582304227,12.903225806451612,-0.02858385944157149,-0.06199002915176804,TRUE
SSR4,13.063858135561562,13.160601387076959,0.5151671260364198,48.38709677419355,0.09674325151539698,0.18779003283792162,TRUE
MECP2,16.233102096290335,16.312862685124315,0.4335094621505548,30.64516129032258,0.07976058883398096,0.1839881151343374,TRUE
CAV2,15.975893884469768,15.73520744480855,0.5709530934699202,62.903225806451616,-0.24068643966121783,-0.42155203713577577,FALSE
STAT5B,19.013379766924018,19.00888495945739,0.25872219291434817,3.225806451612903,-0.004494807466628004,-0.017373103621288653,TRUE
PRELP,19.494389659912706,19.47773531775077,0.6110084473370676,6.451612903225806,-0.016654342161935176,-0.027257138971677225,TRUE
HNRNPA3,17.438947238993904,17.356035089037317,0.45462357369852935,20.967741935483872,-0.08291214995658791,-0.18237538648087953,TRUE
HNRNPM,18.30385224952442,18.2639079266744,0.37031337303884654,27.419354838709676,-0.03994432285002247,-0.10786627153708608,TRUE
KPNA1,21.272337070738004,21.257544535491878,0.324710732598955,3.225806451612903,-0.014792535246126448,-0.04555604038008953,TRUE
ARHGDIB,17.962266523254364,17.93231373994645,0.5470791789005188,8.064516129032258,-0.02995278330791251,-0.05475036240295144,TRUE
MRPL12,17.65774102074359,17.479152921670526,0.6529953322126935,27.419354838709676,-0.17858809907306394,-0.2734906212390723,TRUE
THOP1,17.55660664125276,17.51741988376208,0.22802354447708387,9.67741935483871,-0.039186757490679014,-0.17185399683416133,TRUE
AKR1C2,20.932261257858222,20.915442096393573,0.525491307467067,32.25806451612903,-0.016819161464649568,-0.032006545542532384,TRUE
CRIP2,17.671446867720334,17.635436857176746,0.617590158084985,12.903225806451612,-0.03601001054358832,-0.058307293392186925,TRUE
PPP5C,20.564248711212564,20.53539457076491,0.23138320688920117,6.451612903225806,-0.028854140447652554,-0.12470282885079678,TRUE
NUBP1,15.865541349152693,15.947306219792905,0.3732722192768954,38.70967741935484,0.0817648706402121,0.21904890430530127,TRUE
COPA,17.810541368244373,17.806173610080222,0.3151734604989822,8.064516129032258,-0.004367758164150359,-0.013858267625818908,TRUE
HCCS,18.684647006383624,18.633102760419693,0.2659052787080718,9.67741935483871,-0.0515442459639317,-0.19384438779991406,TRUE
MAPK12,21.27366241600207,21.25696387409325,0.4255215571535828,3.225806451612903,-0.016698541908823472,-0.03924252867592439,TRUE
SMTN,19.424930070057968,19.4029492940718,0.45593622974598425,6.451612903225806,-0.021980775986168766,-0.04821019816392945,TRUE
SEC24C,21.876171224970776,21.856328166106277,0.3098790767599975,4.838709677419355,-0.019843058864498886,-0.06403484569520455,TRUE
SUB1,18.986768765669623,18.982261207104866,0.2524938667964522,3.225806451612903,-0.004507558564757375,-0.01785215071537219,TRUE
YARS1,19.274958100136583,19.267530974397836,0.4133343935098304,8.064516129032258,-0.0074271257387472644,-0.017968806504776436,TRUE
DRG2,16.939601076354606,16.92937265615988,0.41772864824406253,58.06451612903226,-0.010228420194724919,-0.024485800142557742,FALSE
RRAD,18.90235289241527,18.75577970258878,0.6779384820607931,46.774193548387096,-0.1465731898264906,-0.21620426293096437,TRUE
NAP1L1,21.436665857416838,21.427334255010752,0.3165651586846654,3.225806451612903,-0.009331602406085437,-0.029477667235580925,TRUE
ADK,19.86673584833579,19.85977857820171,0.4245978707529232,6.451612903225806,-0.006957270134080318,-0.016385551161015612,TRUE
LAMB2,19.762946909076533,19.627940790179924,0.8849414230276643,12.903225806451612,-0.13500611889660874,-0.15255938459147966,TRUE
SEC13,17.830707524542046,17.844398272157463,0.32447437897689513,12.903225806451612,0.01369074761541711,0.04219361682295411,TRUE
SNU13,17.593449516917858,17.56449894821398,0.40010715309929024,8.064516129032258,-0.02895056870387691,-0.07235703855735007,TRUE
HNRNPH2,19.072771345625807,19.2110909285548,0.3494128590727107,59.67741935483871,0.13831958292899316,0.3958628863747962,FALSE
OXCT1,18.083075629947874,18.218814290949318,0.6577873525780156,38.70967741935484,0.13573866100144372,0.20635644706371076,TRUE
MARS1,17.57456664564167,17.785691771381074,0.3193583672472292,51.61290322580645,0.21112512573940379,0.6610915742062353,FALSE
ARPP19,20.173969273369444,20.167129307529066,0.4578517501902459,9.67741935483871,-0.006839965840377715,-0.014939258914125769,TRUE
EIF6,20.6841967264041,20.682444747467468,0.266698648009027,3.225806451612903,-0.001751978936631815,-0.006569133176005135,TRUE
EEFSEC,16.11510656445548,16.338699181548716,0.4795997010834684,43.54838709677419,0.2235926170932352,0.46620674822798036,TRUE
ARPC4,19.025929774436577,19.008095803137955,0.36286821151576065,9.67741935483871,-0.01783397129862152,-0.04914724060320982,TRUE
CD81,17.494838969417327,17.41158646160498,0.6362688019510515,32.25806451612903,-0.08325250781234672,-0.13084486864209222,TRUE
EIF3E,19.32909569153551,19.31737590310418,0.3780846585682635,1.6129032258064515,-0.011719788431332034,-0.030997788896573324,TRUE
SEC61B,16.18900733153025,15.804185589413724,0.8336727775376485,51.61290322580645,-0.3848217421165252,-0.4615980663937977,FALSE
GABARAPL2,18.806662399420816,18.779529194394744,0.4992198201587417,25.806451612903224,-0.02713320502607175,-0.054351217500627165,TRUE
CDC42,22.275204745170797,22.257242353633693,0.35611215175834443,1.6129032258064515,-0.017962391537103883,-0.05044026565342554,TRUE
DSTN,21.668895549496007,21.60590670299541,0.564617765067849,3.225806451612903,-0.06298884650059833,-0.11156015697279571,TRUE
RAB5B,20.242951494701963,20.230987814198397,0.3210854663638635,3.225806451612903,-0.01196368050356611,-0.037260112203298903,TRUE
UBE2K,18.95160009343711,18.932585482285603,0.3094779057735207,4.838709677419355,-0.019014611151508376,-0.061440932605455446,TRUE
RAB14,19.67180919491462,19.669920488880358,0.34034513414478323,3.225806451612903,-0.0018887060342613893,-0.005549384565192377,TRUE
RPL15,21.879366526677224,21.838911380252732,0.5108724962617387,6.451612903225806,-0.04045514642449177,-0.0791883429241513,TRUE
RPL37A,18.40613780861936,18.288103735207137,0.5533035787914594,17.741935483870968,-0.11803407341222183,-0.2133260617436002,TRUE
SEC61A1,16.932141296324048,16.835287762561165,0.3788333570780707,58.06451612903226,-0.0968535337628822,-0.2556626335914829,FALSE
B2M,21.217907236995902,21.1672935050822,0.3224667142864373,11.29032258064516,-0.05061373191370322,-0.15695800425697454,TRUE
DAD1,16.142201313685703,16.086642036015352,0.4475901571558799,59.67741935483871,-0.05555927767035129,-0.1241298021908957,FALSE
NPC2,14.562200033909681,14.153732300501504,0.6514474959648812,48.38709677419355,-0.40846773340817677,-0.6270155859654987,TRUE
SUMO2,18.636975336769382,18.621902912029935,0.41093451665388037,4.838709677419355,-0.015072424739447143,-0.03667841013253764,TRUE
UFM1,18.815820851639085,18.80823587875164,0.357027392643447,32.25806451612903,-0.007584972887446639,-0.021244792538990233,TRUE
RRAS2,19.706515275876672,19.71110668496189,0.3253142481634181,3.225806451612903,0.004591409085218601,0.014113765723879871,TRUE
RPS7,20.444988432605868,20.447645121185424,0.8042265338686051,1.6129032258064515,0.0026566885795560324,0.0033034082657985063,TRUE
RPS15A,22.25252940641878,22.239754134290866,0.3127888632030352,1.6129032258064515,-0.012775272127914405,-0.04084311697383489,TRUE
UBE2G1,14.95808084340887,15.038192609356765,0.4167399574153203,51.61290322580645,0.08011176594789404,0.19223442466318436,FALSE
RPS23,18.75828892622045,18.769702371048403,0.5475879827256732,1.6129032258064515,0.01141344482795148,0.020843125101358016,TRUE
RPS11,22.82946808054299,22.82269495571682,0.3652615085501611,1.6129032258064515,-0.006773124826171539,-0.018543220864022113,TRUE
SNRPD2,17.943120015435404,17.894993769832425,0.34710688541316936,20.967741935483872,-0.04812624560297962,-0.13864964258975687,TRUE
SNRPD3,20.18083136734138,20.190662864560135,0.335823494382577,1.6129032258064515,0.009831497218755203,0.02927578738000671,TRUE
TMSB4X,19.759545330336174,19.778402476074397,0.7935477633206878,1.6129032258064515,0.018857145738223835,0.023763088511917718,TRUE
RPL7A,19.954062562449973,19.897331582242515,0.5640194499243675,6.451612903225806,-0.05673098020745826,-0.10058337565320777,TRUE
ETF1,18.177142852011254,18.159276800063378,0.4233715985663879,4.838709677419355,-0.017866051947876826,-0.042199457895556715,TRUE
RPS6,20.229588243393987,20.22855742826962,0.34748443445232374,3.225806451612903,-0.0010308151243663133,-0.0029665073372020217,TRUE
RAB1A,18.29819432004612,18.275503238913064,0.2404810235988387,4.838709677419355,-0.022691081133057622,-0.09435705484566642,TRUE
RPL23,21.22581067899524,21.212015749586595,0.36096849143467963,1.6129032258064515,-0.013794929408646794,-0.038216436436926814,TRUE
RAP1A,14.615610934527995,14.603971266511403,0.42853764727482796,54.83870967741935,-0.011639668016591997,-0.02716136631311483,FALSE
RPS24,20.577991216126364,20.56409855513373,0.5784138454821974,8.064516129032258,-0.013892660992635086,-0.02401854848590874,TRUE
RPL32,18.188796210446437,18.038057676381133,0.7697648354111746,27.419354838709676,-0.15073853406530446,-0.19582413632182427,TRUE
RPL11,19.042367481019276,18.959172416640794,0.582817589377779,11.29032258064516,-0.0831950643784829,-0.14274631702056667,TRUE
RPL8,21.21259888109483,21.170787822917116,0.67079750301761365,3.225806451612903,-0.041811058177714244,-0.062330372414365384,TRUE
AP2B1,19.43082398633342,19.402775780036354,0.3662838948332285,8.064516129032258,-0.028048206297064837,-0.07657504654916748,TRUE
VAMP2,17.623992106954528,17.43103629054752,0.5642171621155601,61.29032258064516,-0.19295581640700732,-0.3419885628496481,FALSE
PPP3R1,21.595829169784473,21.588406287274797,0.39678045809324775,1.6129032258064515,-0.007422882509676043,-0.018707782498531177,TRUE
UBE2B,18.70779728679334,18.71763234764973,0.4934050531497549,27.419354838709676,0.009835060856389077,0.019933036343273945,TRUE
DYNLL1,22.409428506271155,22.401183699473652,0.34497451699049925,1.6129032258064515,-0.008244806797502946,-0.023899756044096474,TRUE
DYNLT1,21.64076509381884,21.610874982225067,0.39576020464035133,8.064516129032258,-0.029890111593772417,-0.07552581397347713,TRUE
RPL38,20.732365122568886,20.67122433704317,0.35522956064223166,19.35483870967742,-0.06114078552571556,-0.17211626593005672,TRUE
UBE2I,20.415479656686074,20.398817925845908,0.5439079396240515,1.6129032258064515,-0.0166617308401662,-0.03063336573406663,TRUE
SELENOW,18.93976321736104,18.95129879552642,0.6548196174975698,11.29032258064516,0.011535578165378979,0.017616421159559702,TRUE
CSNK2B,19.089717816350056,19.086768565056598,0.3156803937293514,1.6129032258064515,-0.0029492512934581327,-0.009342522855526699,TRUE
TPM4,18.165930033253453,18.147936570649712,0.5194374504998795,9.67741935483871,-0.017993462603740795,-0.03464028746180089,TRUE
PAFAH1B2,19.438364830902206,19.431034960462632,0.5776469126710956,35.483870967741936,-0.007329870439573227,-0.01268918828922532,TRUE
EIF4G2,18.23378426742704,18.23364448288488,0.2967514099252148,12.903225806451612,-1.3978454216001523e-4,-4.71049294071569e-4,TRUE
PIP4K2B,16.417359159871804,16.486840108534683,0.2830491302218635,9.67741935483871,0.06948094866287846,0.24547310429259026,TRUE
PRKDC,18.591067284469084,18.548733945518993,0.3107449765164601,14.516129032258066,-0.04233333895009039,-0.13623177251217125,TRUE
MRPS25,18.08452570058148,18.07503754077285,0.31640774863065746,12.903225806451612,-0.009488159808629604,-0.02998712847486275,TRUE
MRPS5,17.220952055868164,17.12341204134843,0.45467617165806534,29.03225806451613,-0.09754001451973338,-0.21452633896347523,TRUE
MRPS36,22.22579061584111,22.179162694622075,0.5808069928328227,6.451612903225806,-0.04662792121903436,-0.08028126691727965,TRUE
MRPS15,17.170074592062413,17.094911551617063,0.6293838389069227,38.70967741935484,-0.07516304044535005,-0.11942321330634871,TRUE
MRPS21,15.300083245428375,15.24961038858975,0.5882806634262079,25.806451612903224,-0.0504728568386259,-0.08579723927124636,TRUE
SARNP,15.868060148960067,15.99847366782268,0.43186020697131666,33.87096774193548,0.13041351886261232,0.30198086500540705,TRUE
RPL24,19.675728478540247,19.668362764268245,0.47670284539478136,3.225806451612903,-0.007365714272001611,-0.015451374673255193,TRUE
ARF1,22.185754093625224,22.18007417530075,0.22128093360401052,1.6129032258064515,-0.005679918324474897,-0.025668358461643594,TRUE
ARF5,18.604921275321153,18.651116730840712,0.26646933493443087,11.29032258064516,0.04619545551955895,0.17336124447837908,TRUE
ERH,16.573608931202497,16.363652571048178,0.530236680862313,35.483870967741936,-0.20995636015431884,-0.3959672495929009,TRUE
RHOG,14.350033922775793,14.264078831876962,0.45057814164286536,46.774193548387096,-0.0859550908988318,-0.19076622444539493,TRUE
SRSF3,20.055772698642585,19.99335815789704,0.4690773208718266,45.16129032258064,-0.06241454074554653,-0.13305810783932792,TRUE
MXRA7,15.808584786313247,16.02601734162543,0.526136459380769,53.2258064516129,0.21743255531218253,0.41326266491413194,FALSE
FBLN2,17.570965817440975,17.508723745674224,0.5607361979667159,43.54838709677419,-0.06224207176675023,-0.11100063094276069,TRUE
RBM3,19.14516933091157,19.127851112304857,0.7742619260559844,6.451612903225806,-0.017318218606714453,-0.022367390186589425,TRUE
MPP1,15.432614153645629,15.46960947325066,0.434195756489457,48.38709677419355,0.03699531960503144,0.085204240373385,TRUE
TFAM,21.132612453401176,21.085899970255213,0.4456111603485699,3.225806451612903,-0.046712483145963546,-0.10482790222180184,TRUE
PITPNA,16.80500724810321,16.93749370054183,0.29077377677967114,37.096774193548384,0.13248645243862,0.4556341149670087,TRUE
HDLBP,15.898039216486241,15.929409958953192,0.3045006347575863,50,0.03137074246695093,0.10302357002285152,FALSE
PURA,18.333899341920553,18.334754925252653,0.3892892249707258,1.6129032258064515,8.555833321004513e-4,0.002197808922568536,TRUE
SORD,17.726815967791868,17.810372171646566,0.5186872019799038,25.806451612903224,0.0835562038546982,0.16109170138717926,TRUE
PLIN5,17.48358135414669,17.38415413518285,0.7580108380243175,20.967741935483872,-0.09942721896383944,-0.1311685980941736,TRUE
TIAL1,20.42610296385967,20.297925681653364,0.3905153742541862,25.806451612903224,-0.12817728220630542,-0.32822595640722435,TRUE
SET,19.986281137745486,20.04772344835191,0.4781349553074579,12.903225806451612,0.06144231060642369,0.12850411776924797,TRUE
AMPD3,24.45515910131134,24.436373831023054,0.8132666794359443,1.6129032258064515,-0.018785270288287137,-0.023098536757113913,TRUE
ANK2,22.63863578665248,22.625765125368268,0.341873281510387,19.35483870967742,-0.012870661284210883,-0.03764746173596441,TRUE
CAP1,21.28007764257365,21.270306434037874,0.5810378664400873,1.6129032258064515,-0.009771208535777731,-0.01681681883427691,TRUE
EWSR1,17.12540015847405,17.241632349051997,0.28176117604758755,33.87096774193548,0.11623219057794643,0.4125202492706646,TRUE
TAGLN,21.785930980349924,21.775123641803965,0.8791178865721995,3.225806451612903,-0.010807338545959055,-0.012293389443022645,TRUE
COX6A2,23.165274319497843,23.206505014572024,0.6333982746544311,22.58064516129032,0.04123069507418009,0.06509442277321437,TRUE
ALDH6A1,19.820526042858905,19.8056092554677,0.6591254991768155,1.6129032258064515,-0.014916787391204167,-0.022631179357851885,TRUE
BDH1,20.032205100421354,20.011076732990936,0.6245203581768892,3.225806451612903,-0.021128367430417683,-0.03383135097804655,TRUE
COL7A1,20.126146681673447,20.225836452095482,0.5133581161695792,11.29032258064516,0.0996897704220352,0.19419147624638775,TRUE
RPL18A,19.191887784823006,19.112248243605293,0.5236253215028881,30.64516129032258,-0.07963954121771266,-0.15209260886989667,TRUE
AKAP12,16.151212565717472,16.02294905411661,0.4299310933049923,17.741935483870968,-0.12826351160086347,-0.29833504391335935,TRUE
LMNB2,19.957988432066077,19.900798292781424,0.6609023320684363,6.451612903225806,-0.05719013928465344,-0.08653342030987328,TRUE
UBXN1,16.31074847986116,16.310533023134777,0.29217793569729716,1.6129032258064515,-2.154567263836782e-4,-7.374161429044257e-4,TRUE
PRKCQ,18.223882242634467,18.2814757147236,0.40449706935059687,30.64516129032258,0.05759347208913468,0.14238291560826039,TRUE
AKR1C1,22.80515822365101,22.780991593849315,0.5445892778710716,3.225806451612903,-0.024166629801694484,-0.044375882492889984,TRUE
PLP2,15.891722244055714,15.877032144535246,0.842281118596285,46.774193548387096,-0.01469009952046818,-0.017440851036706326,TRUE
UBE3A,16.81285847270041,16.811075550803597,0.35904758113385343,9.67741935483871,-0.0017829218968117289,-0.004965698114944418,TRUE
SRSF11,16.67140890969618,16.942681253283766,0.27905449391553133,50,0.27127234358758656,0.972112435034641,FALSE
CALD1,16.893281032643138,16.83032059214997,0.566471384157973,45.16129032258064,-0.06296044049316762,-0.11114496204738511,TRUE
COL14A1,24.21296846313174,24.174486875150908,1.3188876681639357,9.67741935483871,-0.0384815879808329,-0.029177305171413353,TRUE
PTPN11,17.875459420412714,17.821017098862626,0.35339447422507236,11.29032258064516,-0.05444232155008777,-0.15405538433918511,TRUE
CACNG1,17.024110607978585,16.99415114657241,0.5684249774951711,4.838709677419355,-0.029959461406175336,-0.05270609595340988,TRUE
RPL18,20.986403288678815,20.86425095909367,0.5795745324313535,14.516129032258066,-0.12215232958514477,-0.2107620724339071,TRUE
CKAP4,17.944195450995068,17.768980996832724,0.45749131316237307,45.16129032258064,-0.1752144541623437,-0.382989685533453,TRUE
DPT,18.012311282291705,17.74088296586364,0.6450104678211036,41.935483870967744,-0.2714283164280644,-0.420812265799299,TRUE
KLC1,16.909404993264694,16.877983227374088,0.3553375982904482,27.419354838709676,-0.03142176589060597,-0.08842792330948958,TRUE
SRSF1,18.1433311499372,18.112585651887795,0.47947439177995743,37.096774193548384,-0.03074549804940574,-0.06412333708849169,TRUE
ARHGAP1,17.037430748592328,17.037221331688688,0.5315778118751424,8.064516129032258,-2.0941690364040255e-4,-3.939534325213533e-4,TRUE
ACTN3,23.793426994202385,23.54996686634212,2.001957319927033,11.29032258064516,-0.2434601278602635,-0.12161104806626802,TRUE
DHX9,18.825221930982867,18.799313617189455,0.31774019382667695,9.67741935483871,-0.025908313793411963,-0.08153930253956036,TRUE
SLC20A2,21.157801716786892,20.997943767539077,1.3338689704792854,12.903225806451612,-0.15985794924781516,-0.1198453167333033,TRUE
PUDP,21.171496413475644,21.162381758099297,0.38119140411601454,8.064516129032258,-0.009114655376347258,-0.023910967765614247,TRUE
CD47,18.928714104560395,18.9304335017315,0.3779736554614957,1.6129032258064515,0.0017193971711044753,0.004548986804398147,TRUE
PPID,19.06432582605868,19.036632144508896,0.5998000422597557,48.38709677419355,-0.0276936815497848,-0.04617152317203653,TRUE
LMOD3,16.227908755571672,16.162836437209126,0.6417897976211315,38.70967741935484,-0.0650723183625459,-0.10139194889626481,TRUE
HSPA14,15.564041164822063,15.63452568217584,0.3310139170756643,46.774193548387096,0.07048451735377625,0.21293520821260412,TRUE
SCRN3,18.355484398631308,18.40328417436231,0.5388115487656938,32.25806451612903,0.04779977573100069,0.08871334669885997,TRUE
NEXN,20.691646469987212,20.654770001988968,0.7026412621281745,4.838709677419355,-0.03687646799824407,-0.052482639414815825,TRUE
AP1B1,15.777841860396567,15.908782410316022,0.3427018203961731,35.483870967741936,0.1309405499194547,0.38208302998823784,TRUE
BST2,18.702583428702265,18.74074161489544,0.3669641952661858,14.516129032258066,0.03815818619317568,0.10398340406343125,TRUE
PMPCA,17.638592165355988,17.670160647656,0.44035907920880346,40.32258064516129,0.0315684823000133,0.07168804684743331,TRUE
ASPH,18.932071723358543,18.887682038944284,0.5889008657689584,11.29032258064516,-0.04438968441425928,-0.07537717635428735,TRUE
EFEMP1,17.57407117233296,17.425478728358094,0.46291633535603693,58.06451612903226,-0.14859244397486648,-0.3209920078983203,FALSE
STX4,14.952023784082842,15.270757754429159,0.3349394965560581,51.61290322580645,0.318733970346317,0.9516165564934239,FALSE
GRSF1,19.6967067161376,19.661800734278994,0.4648912121554924,20.967741935483872,-0.03490598185860705,-0.07508419377678412,TRUE
ILF3,19.892182103745903,19.8825461330142,0.5140639757154206,19.35483870967742,-0.009635970731704191,-0.018744691686076332,TRUE
ANK3,16.789713232582155,16.775909367717063,0.30750666172888164,8.064516129032258,-0.013803864865092663,-0.04488964495105173,TRUE
STRN3,19.31533864902291,19.268972825445477,0.27854981679009444,9.67741935483871,-0.0463658235774318,-0.16645433162273982,TRUE
COASY,18.804815610508705,18.791320775561545,0.3363799093424844,20.967741935483872,-0.013494834947159973,-0.040117838706651886,TRUE
TRDN,22.520117838801465,22.517236173836494,0.610437205187768,1.6129032258064515,-0.002881664964970554,-0.004720657490206819,TRUE
MTAP,18.235898978095303,18.217867832446405,0.4859416938722573,11.29032258064516,-0.01803114564889796,-0.03710557434414741,TRUE
TARDBP,20.164715436802002,20.14977722409566,0.2583288577839618,8.064516129032258,-0.014938212706340437,-0.05782634133284921,TRUE
PAK1,16.011528282761756,16.047294440699083,0.47638342000569456,66.12903225806451,0.03576615793732785,0.07507851120616311,FALSE
PRDX4,19.924067411958582,19.827862058087568,0.4425748420519057,8.064516129032258,-0.0962053538710137,-0.21737646321010407,TRUE
CBX3,15.865870971015378,15.725622974872824,0.39533247497245494,41.935483870967744,-0.1402479961425538,-0.3547596137967812,TRUE
MYBPH,20.6080126953356,20.330878450591076,1.7091654100981186,14.516129032258066,-0.27713424474452353,-0.16214594743560484,TRUE
TRIM28,17.542603898059138,17.50896287695043,0.31527410890119745,14.516129032258066,-0.03364102110870704,-0.1067040399414773,TRUE
G3BP1,16.299643297833963,16.293948821357265,0.5387848320077863,24.193548387096776,-0.005694476476698185,-0.010569110595555688,TRUE
PABPC4,20.316882757260938,20.234830733165193,0.5578059796582565,27.419354838709676,-0.08205202409574497,-0.14709778505066345,TRUE
EIF3I,19.095789288593785,19.06657578438678,0.3007249165520115,6.451612903225806,-0.029213504207003638,-0.09714361065239852,TRUE
CTBP1,19.86189518982177,19.847184810693822,0.26783078354955414,9.67741935483871,-0.014710379127947704,-0.05492415372494321,TRUE
SF3B2,21.748669574073595,21.68071883928854,0.40649671009334476,12.903225806451612,-0.06795073478505387,-0.16716183205873963,TRUE
TMED1,16.368334318459727,16.39513820853372,0.421774879079546,22.58064516129032,0.02680389007399242,0.06355022881516198,TRUE
FKBP5,19.247341793204193,19.262867163204085,0.37200650797426743,8.064516129032258,0.015525369999892291,0.04173413547100154,TRUE
PICALM,15.553747380914565,15.75263304098456,0.3149826759142567,51.61290322580645,0.19888566006999397,0.6314177739861916,FALSE
MTM1,20.371443207632865,20.334988180311218,0.3600827269791815,16.129032258064516,-0.03645502732164729,-0.10124069995658241,TRUE
SQSTM1,16.297865364506343,16.29909687214783,0.4770536577610198,3.225806451612903,0.001231507641488605,0.0025814866345821607,TRUE
MTX1,17.707273351684684,17.71390289588582,0.3163093782791907,1.6129032258064515,0.0066295442011359285,0.020959050399335162,TRUE
ART3,20.9034099414072,20.87241407826547,0.6894778256164151,4.838709677419355,-0.03099586314172953,-0.04495556200667983,TRUE
ASAH1,19.8066495442786,19.78706005225522,0.4580499847933284,6.451612903225806,-0.01958949202337834,-0.04276714916215333,TRUE
PIN1,20.79293051447637,20.76075437798747,0.3177015035792241,17.741935483870968,-0.03217613648889994,-0.10127788545664308,TRUE
CAMK2G,21.465290743671176,21.45282617942792,0.296220690664695,1.6129032258064515,-0.012464564243256149,-0.042078641486138886,TRUE
NAE1,17.54598788784514,17.54438621150233,0.42562322305698913,1.6129032258064515,-0.0016016763428083891,-0.00376313193463584,TRUE
STIM1,19.87899096895185,19.874699693406747,0.29719081904365985,1.6129032258064515,-0.004291275545103446,-0.014439462022792235,TRUE
CUL1,18.68525398617857,18.654275458697008,0.31728880390584047,6.451612903225806,-0.030978527481561713,-0.09763511066326497,TRUE
CUL2,18.619894436997328,18.630686565437863,0.42033486003307574,8.064516129032258,0.01079212844053501,0.025675073534671352,TRUE
AAMP,16.862316115588,16.95558732839268,0.48590949250059723,37.096774193548384,0.0932712128046802,0.19195182280693057,TRUE
MOGS,15.67211503370339,16.01557985649285,0.5615498724123796,40.32258064516129,0.3434648227894588,0.6116372555013814,TRUE
SPTAN1,19.35125967665908,19.325823808375986,0.3562066879098472,6.451612903225806,-0.0254358682830933,-0.07140761009386465,TRUE
DDX39B,20.567990312677768,20.562279450950758,0.4116299469849684,3.225806451612903,-0.005710861727010297,-0.013873776115756811,TRUE
BLMH,20.262093426512024,20.260690957448976,0.43466053104792163,12.903225806451612,-0.0014024690630485281,-0.0032265848009418296,TRUE
SNTB1,19.205128395179322,19.20416836565408,0.3962759016282204,1.6129032258064515,-9.600295252418789e-4,-0.0024226290856882915,TRUE
IDI1,20.183206381097108,20.14932409547718,0.5828684375331075,4.838709677419355,-0.0338822856199279,-0.05813024593221923,TRUE
PRKG1,18.942346356763377,18.938638140850372,0.48421201430902483,3.225806451612903,-0.003708215913004409,-0.00765824846022474,TRUE
SCARB2,18.305238020587645,18.289696116806542,0.35819368332943874,12.903225806451612,-0.015541903781102206,-0.04338966459888119,TRUE
NID2,18.17730003610807,17.891099488928145,0.7538100103369226,41.935483870967744,-0.2862005471799236,-0.37967199062798795,TRUE
IL18,17.33720120240303,17.21658669654729,0.9017257930957944,17.741935483870968,-0.12061450585574107,-0.13375962712749823,TRUE
UBAP2L,16.79753245874201,16.682997943659252,0.6716154145992508,41.935483870967744,-0.11453451508275592,-0.1705358641166657,TRUE
EIF2B1,17.81281653237044,17.939978226377878,0.37872167203194324,29.03225806451613,0.12716169400743738,0.3357655592434962,TRUE
CTTN,15.159072888615526,15.163249609646508,0.5580564790053266,56.451612903225815,0.004176721030981767,0.007484405589961622,FALSE
FLOT2,18.06193326388222,18.019691415987047,0.3180476644742161,22.58064516129032,-0.04224184789517338,-0.13281609209426498,TRUE
TRIM25,18.158053702501125,18.310261083227868,0.41619407812864684,32.25806451612903,0.15220738072674322,0.36571250944059674,TRUE
CAPRIN1,15.609582031375387,15.546183609570164,0.6627544389705241,35.483870967741936,-0.06339842180522304,-0.09565899234670033,TRUE
PRPSAP1,15.250253771595956,15.181500989675467,0.6936667414190105,16.129032258064516,-0.06875278192048917,-0.09911500410102399,TRUE
ITIH4,20.245967506873555,20.145180206493812,0.549459355763648,12.903225806451612,-0.10078730037974282,-0.18342994676952384,TRUE
CLINT1,16.278851646021927,16.2403970133912,0.4192916870751954,24.193548387096776,-0.038454632630728014,-0.09171331990617691,TRUE
MVP,17.68514850578547,17.716054541704153,0.6055727343760284,56.451612903225815,0.030906035918683017,0.05103604268202078,FALSE
LTBP3,18.945542789252027,18.94942504493018,0.5973328085199847,11.29032258064516,0.003882255678153257,0.00649931767145412,TRUE
LASP1,17.94971819738758,17.915020055573773,0.5476593298962187,48.38709677419355,-0.034698141813805705,-0.06335716369587092,TRUE
PTGR1,18.95348580992661,18.903357437713506,0.7421974546943905,6.451612903225806,-0.05012837221310562,-0.06754047982251116,TRUE
NUMA1,20.895078126364734,20.88303726282969,0.32077605930999425,9.67741935483871,-0.012040863535045077,-0.03753666517677657,TRUE
PSME4,14.892690394246719,14.932727145942902,0.5123517734560622,35.483870967741936,0.04003675169618326,0.07814309185682304,TRUE
EMC2,16.331541162599258,16.390331491608812,0.591140196145289,8.064516129032258,0.05879032900955394,0.09945243005451891,TRUE
ABRAXAS2,16.922919270004318,16.913747793088234,0.22607818701696658,9.67741935483871,-0.009171476916083776,-0.04056772144672002,TRUE
SEPTIN2,18.190063770933772,18.18099898896665,0.2831664486716634,1.6129032258064515,-0.00906478196712257,-0.03201220345717352,TRUE
EEA1,17.548633126405345,17.4973752852471,0.3758358453685418,16.129032258064516,-0.05125784115824672,-0.13638358818058896,TRUE
PAFAH1B3,18.932589053418535,18.91813666681368,0.5089405380665155,16.129032258064516,-0.01445238660485515,-0.028397004215384998,TRUE
PLCL1,15.628459494321108,15.609926751955602,0.6733209886899377,38.70967741935484,-0.018532742365506394,-0.02752437942201244,TRUE
PDK1,18.49091293900064,18.441536317882846,0.43165819950104706,12.903225806451612,-0.04937662111779417,-0.11438823859912431,TRUE
PDK2,18.990196240055703,18.87639712165055,0.5896856434699211,32.25806451612903,-0.11379911840515078,-0.1929826843596125,TRUE
PEA15,18.670202298211667,18.781763449781344,0.4309012748121093,59.67741935483871,0.11156115156967772,0.25890188331033126,FALSE
PPP2R5A,16.79141778578315,16.807630456400176,0.42897463452902646,40.32258064516129,0.016212670617026248,0.03779400764529172,TRUE
STK38,16.627776451390947,16.66049417606671,0.5165040440676582,38.70967741935484,0.03271772467576284,0.06334456632342855,TRUE
NONO,18.25500547109228,18.259241664837603,0.29994785761462117,3.225806451612903,0.004236193745324357,0.01412310052491557,TRUE
PTPA,19.944142652095586,19.856858589188946,0.41428141140729835,32.25806451612903,-0.08728406290664026,-0.21068785734348927,TRUE
RAB35,15.899238238115665,15.985968980170473,0.35028380264258036,46.774193548387096,0.08673074205480802,0.24760134896475816,TRUE
TMED2,19.92148759993619,19.895490208185294,0.3347278451611043,8.064516129032258,-0.025997391750895105,-0.07766725154993477,TRUE
UBE3C,16.69698167790131,17.07968152130971,0.39335270394474975,61.29032258064516,0.3826998434083997,0.9729177899897026,FALSE
DHCR24,16.582366820442214,16.700458696730433,0.48196508136505484,58.06451612903226,0.1180918762882186,0.24502164338078314,FALSE
RSU1,20.640957822475222,20.635966850281253,0.3399734710598558,1.6129032258064515,-0.0049909721939691565,-0.014680475445363337,TRUE
SEC23A,18.565866799002094,18.566227605178263,0.2614822609607691,1.6129032258064515,3.6080617616818245e-4,0.0013798495348880098,TRUE
TGFBI,15.321397375191054,15.170210125266523,0.7335792307414356,41.935483870967744,-0.15118724992453103,-0.20609532493405602,TRUE
TSN,21.486674222259147,21.48457131325511,0.39365042277343115,1.6129032258064515,-0.002102909004037201,-0.005342072261021165,TRUE
SF1,14.757145443923688,14.936637288567939,0.6456495047935435,29.03225806451613,0.17949184464425016,0.2780019860801186,TRUE
TRIP10,19.5220581703113,19.5134470426926,0.24089330742145504,1.6129032258064515,-0.008611127618699754,-0.035746645313122584,TRUE
MAPRE1,18.329059943722854,18.312029036238208,0.3959080719990993,19.35483870967742,-0.017030907484645752,-0.04301732823645106,TRUE
TSC22D1,15.005191541253623,15.006554666343897,0.5461395043508422,69.35483870967742,0.001363125090273698,0.002495928383525285,FALSE
ELAVL1,16.79382485621694,17.07306301913733,0.3030350806047722,61.29032258064516,0.2792381629203895,0.9214714097229575,FALSE
MYLK,22.986692350984587,22.985438989647875,0.8004329092456081,4.838709677419355,-0.0012533613367118335,-0.0015658543298689472,TRUE
SPEG,18.733869843445365,18.738095451790077,0.6016182735744943,3.225806451612903,0.004225608344711418,0.00702373669537182,TRUE
TBCE,15.022163664978288,15.056311887255607,0.3647693590693239,32.25806451612903,0.034148222277318396,0.09361592860881875,TRUE
ADIRF,19.3057950753216,19.125421887770084,0.7600526416276319,67.74193548387096,-0.18037318755151688,-0.23731670370259178,FALSE
ADIPOQ,21.648095299955077,21.617574558690176,0.3560672273593575,8.064516129032258,-0.03052074126490112,-0.08571623255318117,TRUE
SEPTIN7,17.886949987150345,17.89067740721286,0.2904366756917434,1.6129032258064515,0.003727420062514142,0.012833847700661124,TRUE
ADRM1,18.05738015245588,18.050347718088236,0.35980661147646337,3.225806451612903,-0.007032434367644669,-0.019545039316501533,TRUE
CDC37,21.215255789516387,21.212881923373647,0.2560587419528556,1.6129032258064515,-0.0023738661427401553,-0.009270787338232025,TRUE
RBBP7,17.56521073415672,17.63062200418032,0.43442286824769055,41.935483870967744,0.06541127002359914,0.1505705035451869,TRUE
FXN,20.352963571238764,20.339883308046282,0.4903469159872347,3.225806451612903,-0.013080263192481567,-0.026675528622723283,TRUE
FSCN1,17.586233480393023,17.49132516684486,0.58745125295596,16.129032258064516,-0.09490831354816365,-0.16155947079966262,TRUE
CLPP,17.771785323882956,17.676122659556324,0.47808093346164915,32.25806451612903,-0.09566266432663184,-0.20009721708407294,TRUE
KYAT1,17.809801669287946,17.758155924139892,0.4683447954188634,16.129032258064516,-0.05164574514805409,-0.1102729135739937,TRUE
GUK1,15.096820996330418,15.19546304599323,0.41939298348088216,48.38709677419355,0.09864204966281243,0.23520195508303962,TRUE
IAH1,18.97860980860551,18.97975809268439,0.29042115598014984,3.225806451612903,0.001148284078880124,0.0039538582339318585,TRUE
TKFC,16.683481813755478,16.505783571045868,0.46796383438722466,33.87096774193548,-0.1776982427096101,-0.37972644390842103,TRUE
TIMM50,19.46052764221791,19.451803251608517,0.34976401778160415,1.6129032258064515,-0.008724390609394561,-0.024943648190941557,TRUE
NADK2,17.08425085748805,17.113399888560366,0.4024382281046117,19.35483870967742,0.029149031072314813,0.07243106901051576,TRUE
FAM98B,18.291445307195968,18.292844525571798,0.3302302251661267,8.064516129032258,0.0013992183758304577,0.0042370996632018236,TRUE
HIKESHI,20.552064109592774,20.528321186044813,0.2830764628287664,6.451612903225806,-0.02374292354796026,-0.08387459455547319,TRUE
HSD17B12,19.824503936174874,19.779755917849624,0.41720644660254286,9.67741935483871,-0.04474801832525088,-0.10725629646821029,TRUE
AGK,17.37381197053159,17.36926597887192,0.3462568941054975,45.16129032258064,-0.004545991659671955,-0.01312895638198292,TRUE
LACTB2,17.670104383732845,17.652397349851363,0.3430643507884187,19.35483870967742,-0.017707033881482204,-0.05161432203838291,TRUE
FLG2,17.34717173373112,17.29690779874216,1.062767607390342,22.58064516129032,-0.050263934988958425,-0.04729532085794658,TRUE
RABL3,15.88428036921489,15.914067008711346,0.380396872135603,20.967741935483872,0.029786639496455436,0.07830411256861534,TRUE
COQ5,21.42585008737148,21.405143974656024,0.5036327579309859,1.6129032258064515,-0.020706112715455305,-0.04111351453888692,TRUE
NOMO2,20.774301628164178,20.730579582776596,0.3359448529849847,20.967741935483872,-0.0437220453875824,-0.13014649576886533,TRUE
PITRM1,21.937538945696,21.88204138593437,0.6310202153781856,25.806451612903224,-0.055497559761629844,-0.0879489411101811,TRUE
WDR44,16.15358641658827,15.886961806309,0.46931916582837985,41.935483870967744,-0.2666246102792691,-0.5681093586038805,TRUE
TOR1AIP1,19.076988837000545,19.06166345014176,0.47525217931310926,41.935483870967744,-0.01532538685878393,-0.032246852357276916,TRUE
TTC38,16.384073147007452,16.548564656491095,0.6639867093392111,53.2258064516129,0.16449150948364277,0.24773313557336424,FALSE
C6orf136,18.745798251676522,18.65687204327101,0.9272183359196153,29.03225806451613,-0.08892620840551047,-0.09590643860306476,TRUE
HP1BP3,22.873977310190014,22.776048706372883,0.45554188666448525,30.64516129032258,-0.09792860381713098,-0.21497167809127757,TRUE
IBA57,21.145062773913683,21.03104283595221,0.6310781613054591,17.741935483870968,-0.1140199379614728,-0.18067482754530628,TRUE
UBR4,16.460465641135226,16.443869792234405,0.28174726098450736,24.193548387096776,-0.016595848900820442,-0.05890331938926288,TRUE
DCAF8,16.60461201821196,16.578593717168282,0.37743281772466486,6.451612903225806,-0.02601830104367764,-0.0689349198634281,TRUE
MICOS10,18.772804899346433,18.75717336222934,0.7714022999731477,37.096774193548384,-0.0156315371170912,-0.020263793765763115,TRUE
LYRM7,19.70345147658951,19.7227314535946,0.45103777082257146,4.838709677419355,0.019279977005091098,0.04274581476830557,TRUE
PDE4DIP,25.422098028541477,25.383301588852618,0.8170006102354447,1.6129032258064515,-0.03879643968885915,-0.04748642681879849,TRUE
BROX,17.76494484013185,17.74310247537685,0.4509589829669559,30.64516129032258,-0.02184236475499901,-0.048435369024680264,TRUE
LYPLAL1,17.896348319465556,17.923562509846313,0.3605642943914316,62.903225806451616,0.02721419038075723,0.07547666478371061,FALSE
MICOS13,22.19450479112675,22.187580700630082,0.5180541479663372,3.225806451612903,-0.006924090496667645,-0.01336557293064579,TRUE
RNF123,19.59837065567668,19.592525668031826,0.32226341641844514,3.225806451612903,-0.0058449876448527505,-0.018137298083078988,TRUE
CRYBG3,23.23483324279946,22.998997462711774,1.3774109716307499,24.193548387096776,-0.23583578008768669,-0.1712167137804014,TRUE
NXN,17.453619111719647,17.418573236340112,0.40938710825245456,6.451612903225806,-0.03504587537953441,-0.08560571320658894,TRUE
PTRHD1,20.732375497033157,20.72951779190569,0.38328622013302777,1.6129032258064515,-0.00285770512746808,-0.007455799288782809,TRUE
ABLIM2,14.393826792045711,14.274590199064825,0.6156177894043556,37.096774193548384,-0.11923659298088651,-0.19368607443305777,TRUE
LAMTOR1,15.758732688842464,15.736033656286224,0.3689115191175976,29.03225806451613,-0.02269903255623973,-0.06152974732405679,TRUE
TWF2,19.762505853651678,19.755801249067417,0.47465796501841456,1.6129032258064515,-0.00670460458426092,-0.014125128152017448,TRUE
ETFRF1,18.17201653494352,18.13985102252363,0.5278394417568547,33.87096774193548,-0.03216551241989052,-0.06093806160606566,TRUE
RAB12,17.85772147057639,17.83640237737615,0.34808147039986354,9.67741935483871,-0.021319093200240502,-0.06124742341426532,TRUE
DENND5A,22.32460569253214,22.25400065160946,0.4936867451983382,20.967741935483872,-0.07060504092267905,-0.14301587314100064,TRUE
SLC25A24,19.050425364101862,19.060813136167152,0.28789333299743075,3.225806451612903,0.010387772065289624,0.03608201675647115,TRUE
MRPL54,16.93773666586976,16.90291649486931,0.39016760032201486,66.12903225806451,-0.034820171000450983,-0.08924413757501404,FALSE
LPCAT3,19.290119775565767,19.291583510018977,0.5671167795918803,29.03225806451613,0.0014637344532104635,0.0025810106593280925,TRUE
TATDN1,18.794457377930907,18.76107683556112,0.4246050330653945,16.129032258064516,-0.03338054236978749,-0.07861551270082677,TRUE
SFXN4,18.48375450434634,18.562126279336674,0.45344657047597065,32.25806451612903,0.07837177499033388,0.172835743157279,TRUE
FAHD1,20.004090918107586,19.973167809099813,0.331228293298082,12.903225806451612,-0.030923109007773064,-0.09335889968778861,TRUE
LMOD2,20.51154149541243,20.1869873915555,1.442363978801765,19.35483870967742,-0.3245541038569293,-0.22501539738017487,TRUE
SLC27A1,15.847789222767911,15.70239776755337,0.33932423829871455,51.61290322580645,-0.14539145521454166,-0.4284735329945702,FALSE
CCDC137,21.18553108217763,21.189413135130383,1.4707007980969247,3.225806451612903,0.0038820529527541225,0.002639593966208129,TRUE
CORO6,19.857304665485454,19.766571114365302,0.7456333344313257,9.67741935483871,-0.09073355112015236,-0.12168655414172486,TRUE
DHRS11,18.278649950923736,18.1358335683149,0.5969121856871356,33.87096774193548,-0.1428163826088351,-0.23925861463932424,TRUE
NAPRT,19.09686578778803,19.047821041694988,0.7100468437315802,20.967741935483872,-0.04904474609304188,-0.06907254996767835,TRUE
KYAT3,17.23956125766034,17.379024875795135,0.5374522346505958,35.483870967741936,0.13946361813479413,0.2594902563303344,TRUE
TOM1L2,17.23627978866232,17.248089974013904,0.24115810582290384,9.67741935483871,0.01181018535158529,0.04897279032477632,TRUE
VPS13C,17.958967518249132,17.94089849994987,0.37594439492834875,30.64516129032258,-0.01806901829926133,-0.048063007569789956,TRUE
UBE2R2,18.011681862338882,18.023395034586308,0.42573409618159586,17.741935483870968,0.011713172247425518,0.027512882694810736,TRUE
SND1,22.793875658934024,22.69506511358972,0.3844430699687345,9.67741935483871,-0.09881054534430334,-0.257022568653245,TRUE
TRMT10C,19.27151055431148,19.250296226027277,0.3222669889568396,16.129032258064516,-0.02121432828420211,-0.06582842491212555,TRUE
BZW1,20.38692414145827,20.343393080749028,0.7777031388851472,4.838709677419355,-0.04353106070924184,-0.05597387811966977,TRUE
EIF3M,19.157237644193778,19.134025568080244,0.3026380566055067,20.967741935483872,-0.023212076113534152,-0.07669913154310083,TRUE
CHMP1B,18.742276744991806,18.754913386176273,0.46620895268189216,3.225806451612903,0.012636641184467834,0.027105101932888405,TRUE
RRM2B,16.295927555737734,16.637760096795805,0.5152616524397674,62.903225806451616,0.34183254105807137,0.6634154500718071,FALSE
ERMP1,14.45105182214822,13.9436915067023,0.6611447128045406,53.2258064516129,-0.5073603154459185,-0.7673967674848721,FALSE
MRPL21,17.07361596018,17.048298553209932,0.5950740793284064,53.2258064516129,-0.02531740697006768,-0.042544966836130065,FALSE
DGLUCY,22.316348937737605,22.30515319584791,0.47590276199331544,3.225806451612903,-0.011195741889693522,-0.02352527193328367,TRUE
MYH14,21.597362361608678,21.542093057891766,0.4162089243639987,6.451612903225806,-0.05526930371691208,-0.1327922119915331,TRUE
SZRD1,17.219007795197026,17.191762665234382,0.4013743366436368,9.67741935483871,-0.027245129962643944,-0.0678796013478902,TRUE
COMMD6,15.046337030024397,15.160519886335477,0.4502523022520538,58.06451612903226,0.11418285631108027,0.25359749575952206,FALSE
HDDC2,18.09225865859025,18.10361162980387,0.3155109445438691,22.58064516129032,0.011352971213618446,0.03598281267241401,TRUE
HDGFL2,16.203467554709537,16.21763328323569,0.4480546526227679,40.32258064516129,0.01416572852615161,0.031616072823326326,TRUE
GLRX5,21.40666685721899,21.337534602005594,0.4873002648147783,29.03225806451613,-0.06913225521339683,-0.14186787942681264,TRUE
MYPN,20.213386034558347,20.200097028104977,0.699273515441178,3.225806451612903,-0.013289006453369723,-0.019004017969972118,TRUE
PRUNE1,17.111777133882537,17.06533816091471,0.34578426828082737,53.2258064516129,-0.0464389729678274,-0.1343004214700484,FALSE
ACOT1,16.916905714608994,16.928411587961662,0.6276251700270425,22.58064516129032,0.011505873352668061,0.01833239631255118,TRUE
ISCA2,20.269768289251548,20.25993642859058,0.388814443202625,16.129032258064516,-0.00983186066096664,-0.02528676810455549,TRUE
MTDH,19.298612106535153,19.284705055418982,0.3481651385843986,11.29032258064516,-0.013907051116170521,-0.03994383576918433,TRUE
KTN1,17.02478281982851,16.98342850525439,0.44846913892303597,17.741935483870968,-0.04135431457411798,-0.09221217467366244,TRUE
NLRX1,18.4519570198991,18.431252022607158,0.39007724969386587,8.064516129032258,-0.020704997291943528,-0.05307922291851906,TRUE
ALYREF,17.558626104504608,17.57115059001368,0.4259346318535889,30.64516129032258,0.012524485509072036,0.029404712771459292,TRUE
MDP1,17.066625728636964,17.029469350329816,0.47577020131405506,27.419354838709676,-0.037156378307148685,-0.07809732136339036,TRUE
SLC25A42,17.011424227500978,17.42936583249738,0.6995745207892361,70.96774193548387,0.41794160499640043,0.5974225655401129,FALSE
VPS36,16.672267400589813,16.652728322763416,0.41302445364457085,30.64516129032258,-0.019539077826397744,-0.04730731474609526,TRUE
COMMD7,15.648495681804786,15.613185103258685,0.3291430818104517,45.16129032258064,-0.03531057854610076,-0.10728033034106292,TRUE
LDHD,19.074063457198605,19.01338962593791,0.6586311671656154,29.03225806451613,-0.06067383126069359,-0.09212110553741365,TRUE
CARM1,17.885506292869817,17.701520205320854,0.6314949910780098,22.58064516129032,-0.18398608754896273,-0.2913500346770519,TRUE
NIT1,19.1715029601276,19.15675079328106,0.43410938944128735,3.225806451612903,-0.01475216684654157,-0.033982602554457716,TRUE
ECHDC2,18.290186902544246,18.2680579858603,0.43609841609718747,8.064516129032258,-0.022128916683946898,-0.05074294211381708,TRUE
PHYKPL,16.450287320165863,16.3708735209718,0.4322570634115785,35.483870967741936,-0.07941379919406444,-0.18371891616366645,TRUE
MFN1,21.137882401115363,21.00190679431754,0.46608140142704524,45.16129032258064,-0.13597560679782106,-0.29174218576731825,TRUE
SLC44A2,19.856366235705213,19.830134072145963,0.40101202673010333,11.29032258064516,-0.026232163559249955,-0.06541490481756852,TRUE
HSCB,14.955032108163639,15.020785690064146,0.32062744607447036,58.06451612903226,0.06575358190050729,0.20507783318473324,FALSE
ADHFE1,21.127446755645387,21.09885359145963,0.6469178817540121,4.838709677419355,-0.028593164185757303,-0.044199062960250245,TRUE
MSRB3,16.973048117921934,17.036537944481218,0.5157194746437647,56.451612903225815,0.06348982655928381,0.12310922833220457,FALSE
KLHDC8B,21.5310261142941,21.426065288997556,0.5952599121792915,24.193548387096776,-0.10496082529654416,-0.17632772365314278,TRUE
SUPV3L1,16.222651536200384,16.356327930354794,0.5391310429765092,41.935483870967744,0.1336763941544099,0.24794787073730867,TRUE
THNSL1,15.105816443632152,15.241265906793172,0.4053704298368363,51.61290322580645,0.13544946316102013,0.334137502865069,FALSE
PM20D2,19.002045155080417,19.021683599599857,0.6774646034112927,14.516129032258066,0.019638444519440412,0.028988148488575425,TRUE
MICU2,17.33565791433185,17.322199945795987,0.4296103709201822,29.03225806451613,-0.013457968535863785,-0.031325986165180716,TRUE
ELMOD2,14.253924414441913,14.93999624180951,0.3980029720793218,59.67741935483871,0.6860718273675968,1.723785688793457,FALSE
ALDH16A1,17.829616387885668,17.623755413443423,0.4523951554824004,58.06451612903226,-0.2058609744422455,-0.4550468145989113,FALSE
FAM185A,15.173529781863818,15.062468154456493,0.6168084787015755,48.38709677419355,-0.1110616274073255,-0.18005852909337094,TRUE
NDUFAF2,16.99711213834042,16.90758104262047,0.463693158841473,25.806451612903224,-0.08953109571994844,-0.1930826323675766,TRUE
EHBP1L1,19.869565598999653,19.85162647539706,0.3711998004951615,6.451612903225806,-0.017939123602591422,-0.04832740636891925,TRUE
SYNPO,19.26807647861181,19.249751171199065,0.5136909031703014,8.064516129032258,-0.018325307412744962,-0.035673801696016534,TRUE
TOMM5,18.861924892004584,18.812736023805314,0.38655145957639414,37.096774193548384,-0.04918886819926982,-0.12725050437831453,TRUE
CHCHD4,17.256414806956204,17.134860551373468,0.41381894728603014,33.87096774193548,-0.12155425558273691,-0.2937377719892537,TRUE
CBR4,20.597714408679746,20.589887272673117,0.5764385229263753,1.6129032258064515,-0.007827136006628876,-0.013578440189759117,TRUE
MMGT1,15.62519644095833,15.646258710237435,0.40602214378018225,29.03225806451613,0.021062269279104484,0.05187468122553301,TRUE
SMIM20,19.47960030110587,19.496243291978057,0.506293815310104,6.451612903225806,0.01664299087218879,0.03287219865009607,TRUE
CISD2,17.924936518414665,18.054049636482887,0.23506038347847022,50,0.12911311806822212,0.5492763865930131,FALSE
ATPAF2,17.628751022133468,17.525773715898744,0.4598294685006892,32.25806451612903,-0.1029773062347239,-0.22394673088371142,TRUE
JAGN1,22.146107955486872,22.13385983614323,0.4399794204804069,32.25806451612903,-0.012248119343642117,-0.027837936897749854,TRUE
MRPL50,17.07808620244392,16.923471179694534,0.462094381130874,51.61290322580645,-0.1546150227493861,-0.33459619736340435,FALSE
EMC1,17.106136174642653,17.065399474514088,0.4058298216645117,38.70967741935484,-0.04073670012856567,-0.10037877443674303,TRUE
NHLRC2,20.089702223467977,20.044122748345597,0.36332300595693595,6.451612903225806,-0.045579475122380586,-0.1254516625016117,TRUE
RDH13,17.303340000047896,17.320616700237732,0.44022755745736064,46.774193548387096,0.017276700189835736,0.03924493116610292,TRUE
TXNDC5,17.27809024148912,17.253184776451132,0.30825664970198224,9.67741935483871,-0.02490546503798896,-0.08079457511157401,TRUE
FAM98A,18.09766198872959,18.01748319318774,0.49036183807802525,30.64516129032258,-0.08017879554185114,-0.16350945223656102,TRUE
PDPR,16.27173786664115,16.19217835225196,0.5025438653822653,17.741935483870968,-0.07955951438918873,-0.15831357194793524,TRUE
CHDH,16.11755199456508,15.90106335540004,0.5345191281268119,30.64516129032258,-0.21648863916503913,-0.4050157006049713,TRUE
ABCF1,19.010088975382352,19.00402564040484,0.3863316029521107,1.6129032258064515,-0.0060633349775116585,-0.01569463883145812,TRUE
MCU,20.887518931638223,20.884380955292954,0.4834872702269302,1.6129032258064515,-0.0031379763452683562,-0.006490297756537647,TRUE
ABHD11,17.929592473980822,17.89699554427532,0.6565897266616708,8.064516129032258,-0.032596929705501765,-0.049645811351992704,TRUE
ATL2,17.931571751161503,17.921092788621884,0.6015067594292288,4.838709677419355,-0.010478962539618664,-0.017421188333049117,TRUE
PPTC7,18.43066284982089,18.26591196645458,0.58776276543863,27.419354838709676,-0.1647508833663096,-0.2803016677032287,TRUE
NPLOC4,19.534657400880402,19.553689991094274,0.26011113921878515,6.451612903225806,0.019032590213871714,0.07317099248818786,TRUE
SPATA20,17.34944829066971,17.282975205307768,0.9857223370539188,33.87096774193548,-0.06647308536194174,-0.06743591259239738,TRUE
NUBPL,18.989957413163275,18.950897714655532,0.41406539440295215,53.2258064516129,-0.03905969850774227,-0.09433219736718908,FALSE
DEPTOR,21.501841638794993,21.506155585637558,0.45857173127862433,1.6129032258064515,0.004313946842565031,0.009407354505993115,TRUE
RDH11,16.556902317525278,16.743827677093922,0.4864413819850431,54.83870967741935,0.18692535956864376,0.3842710889559788,FALSE
NT5C,18.040980906206748,18.039523555737606,0.48293493661330256,3.225806451612903,-0.0014573504691419714,-0.003017695260073732,TRUE
PNPT1,18.24540726396832,18.264205002314476,0.2831216615466367,19.35483870967742,0.018797738346155057,0.06639456071099185,TRUE
SPPL2A,18.624485743240083,18.64154230643457,0.4713402091849264,22.58064516129032,0.017056563194486785,0.036187371376573525,TRUE
PREX1,14.923483373070297,14.89409038663037,0.5445521214138163,46.774193548387096,-0.029392986439926716,-0.053976442812515256,TRUE
NEK9,16.77631157113974,16.71896590504334,0.41886354601086606,35.483870967741936,-0.05734566609639913,-0.1369077510863442,TRUE
GPT2,15.29882288778772,15.18079507208672,0.7247898492685767,58.06451612903226,-0.11802781570099974,-0.16284418969182277,FALSE
MYOZ3,19.32023082799192,18.983905049948795,0.5890142333311988,51.61290322580645,-0.33632577804312547,-0.5709977094119076,FALSE
DTD1,16.188479522587922,16.139336695302855,0.49114002447701577,11.29032258064516,-0.049142827285066915,-0.10005868965249988,TRUE
UTP15,26.850519090627046,26.866569154247767,0.8818949690251077,19.35483870967742,0.016050063620721033,0.018199518292369446,TRUE
NUP133,18.961569169721553,19.021478949055247,0.7441085174412637,22.58064516129032,0.05990977933369379,0.08051215371072913,TRUE
THEM6,16.543649618569802,16.533862295915597,0.25646167534973335,56.451612903225815,-0.0097873226542049,-0.03816290539652,FALSE
SMIM4,17.343065918386145,17.351349620471577,0.4485095260757554,24.193548387096776,0.008283702085432054,0.01846940054520246,TRUE
NUDCD2,18.74227639534063,18.697586309527125,0.3134865510537619,6.451612903225806,-0.04469008581350664,-0.14255822351320724,TRUE
SCFD1,16.30247679399283,16.280725304577476,0.42467654884239914,17.741935483870968,-0.02175148941535454,-0.05121895587275928,TRUE
PCNP,16.45512073859581,16.4217581981679,0.35021742494483743,54.83870967741935,-0.03336254042790898,-0.09526236575225776,FALSE
DNAJA4,19.687700574017068,19.656691982697453,0.5781866896870951,4.838709677419355,-0.03100859131961542,-0.053630759532698254,TRUE
SPRYD4,19.92146412665273,19.879436054520806,0.4658080456582331,9.67741935483871,-0.04202807213192372,-0.09022616187862079,TRUE
RTN4IP1,18.325518517162983,18.229966720573014,0.4616736488799947,30.64516129032258,-0.09555179658996948,-0.20696827038271526,TRUE
PALLD,19.632545643782116,19.594660707812686,0.639155745697147,3.225806451612903,-0.03788493596942999,-0.05927340280436299,TRUE
SYNE2,17.94030110729954,17.95110160503381,0.4615744653583421,11.29032258064516,0.010800497734269499,0.023399253088847886,TRUE
THAP4,21.939091838761463,21.91248257953306,0.4085185710093495,8.064516129032258,-0.026609259228404625,-0.06513598430215706,TRUE
IFT81,22.324231709831075,22.090976679404488,0.9202750451211911,59.67741935483871,-0.23325503042658724,-0.2534623009318588,FALSE
HSD17B8,20.49007815652394,20.47325358343402,0.4514029738431645,3.225806451612903,-0.016824573089920136,-0.03727173737177387,TRUE
PSMF1,20.86266958075494,20.848238127358734,0.2786108842075979,14.516129032258066,-0.014431453396205995,-0.05179788089489305,TRUE
UBXN4,16.05542388477965,15.926597537634919,0.43131588577181323,14.516129032258066,-0.12882634714473085,-0.29868212925708504,TRUE
MYO18A,19.703361298770854,19.64958928633744,0.5625952420678042,6.451612903225806,-0.0537720124334129,-0.09557850549139957,TRUE
GCN1,17.059924175541525,17.054548771804406,0.3659573170277805,37.096774193548384,-0.0053754037371192,-0.014688608444222316,TRUE
AKAP1,16.4353592731249,16.33011464616539,0.5602593371529532,16.129032258064516,-0.10524462695950731,-0.1878498402085088,TRUE
RABGGTA,18.045591608331353,18.034914068516066,0.3317503462093188,12.903225806451612,-0.010677539815286963,-0.03218546698531533,TRUE
TFG,21.15402097196827,21.138414655890898,0.3466299802301306,3.225806451612903,-0.015606316077370508,-0.04502298406793706,TRUE
ARPC1A,18.203576819131168,18.222673123274504,0.2813137879030581,17.741935483870968,0.01909630414333563,0.0678825744222544,TRUE
P3H4,22.453481362514243,22.379697159551476,0.7248466288704923,14.516129032258066,-0.07378420296276644,-0.10179284834054102,TRUE
DDX17,19.93664536930799,19.92841597456069,0.2583767020802031,14.516129032258066,-0.008229394747299779,-0.031850374592773,TRUE
CELF1,16.35412363122756,16.405425939123496,0.463438026316638,20.967741935483872,0.051302307895937815,0.11069939233015415,TRUE
UFD1,20.27951714331193,20.238149126738023,0.40099739647245985,12.903225806451612,-0.04136801657390876,-0.10316280588806735,TRUE
RPL3L,17.77895021786362,17.753290942294345,0.7300119776219174,3.225806451612903,-0.025659275569275053,-0.035149115844458546,TRUE
KHSRP,17.57904956143437,17.549758101521913,0.36978298084477446,11.29032258064516,-0.029291459912457185,-0.07921256907373192,TRUE
GCDH,19.400565088118302,19.374851598434624,0.42069197588266155,11.29032258064516,-0.025713489683678148,-0.061121892400557924,TRUE
TNPO1,16.6679787731874,16.68252470562667,0.3028216553087735,8.064516129032258,0.014545932439268938,0.048034650706988286,TRUE
USP13,16.82799411859236,16.965706313101844,0.39138821067006424,53.2258064516129,0.1377121945094828,0.3518557553732056,FALSE
USP9X,17.733230102391722,17.71477550233316,0.2562153250087702,22.58064516129032,-0.018454600058561255,-0.07202769802286244,TRUE
LPP,16.933340280815685,16.91563254949285,0.3949815936648343,8.064516129032258,-0.017707731322833098,-0.0448317886373692,TRUE
UBE2F,17.2528978529792,17.3737366035828,0.4561404604386238,56.451612903225815,0.12083875060359972,0.26491565884640317,FALSE
WBP2,19.54466073022047,19.564329818708632,0.29722351747579506,9.67741935483871,0.01966908848816118,0.06617608409725845,TRUE
ERGIC1,17.5684340005441,17.525024742940847,0.504634422969037,19.35483870967742,-0.04340925760325476,-0.08602119797507002,TRUE
MTARC2,17.82078575529518,17.809180323325204,0.35107190355812273,6.451612903225806,-0.011605431969975655,-0.03305713687809906,TRUE
CCDC47,16.289626044446056,16.352036163364534,0.2723475999426155,37.096774193548384,0.062410118918478474,0.22915611862057345,TRUE
TMEM230,18.43224143331642,18.408586240669724,0.282425206127262,32.25806451612903,-0.023655192646696577,-0.08375737056570455,TRUE
FERMT2,19.32370665795326,19.319918041066966,0.3665981941559594,1.6129032258064515,-0.0037886168862932834,-0.010334521409785007,TRUE
FUBP1,18.109066343329474,18.110058789355136,0.3069273229724116,3.225806451612903,9.924460256627299e-4,0.0032334886840684972,TRUE
SLC25A46,17.032640934701718,16.913329842709107,0.43643550399730385,46.774193548387096,-0.11931109199261059,-0.27337622833120295,TRUE
TMEM143,21.250562492725575,21.22076460615914,0.5334410645301874,3.225806451612903,-0.029797886566434784,-0.05585975386555289,TRUE
PTER,15.96043497225805,15.864620278807662,0.502279478352411,62.903225806451616,-0.09581469345038762,-0.19075972158902696,FALSE
ZBTB9,18.714122105448723,18.924453595634727,0.5166881160379788,30.64516129032258,0.21033149018600383,0.40707630707446646,TRUE
FAM136A,18.93872368463059,18.925523758676025,0.4402547827062579,38.70967741935484,-0.013199925954566538,-0.02998247031736087,TRUE
FGGY,20.99515076713824,20.79548323107727,0.5692664317454748,56.451612903225815,-0.19966753606097143,-0.35074531875830856,FALSE
DCPS,15.975925909507307,15.972533476747277,0.45680102154538743,35.483870967741936,-0.0033924327600303172,-0.00742649994203931,TRUE
PPP1R14B,17.889930159184384,17.89932149120615,0.47715530867218703,1.6129032258064515,0.009391332021763787,0.019681918761205223,TRUE
ISOC1,20.689045580358673,20.578266445903843,0.4166734534034227,32.25806451612903,-0.11077913445483034,-0.2658655922281042,TRUE
CCDC124,18.11492252851393,18.10462397130555,0.3711657415403748,12.903225806451612,-0.010298557208379577,-0.02774651875369623,TRUE
OPTN,17.554671204835145,17.560109241686554,0.4103856063154478,12.903225806451612,0.005438036851408867,0.01325104186823954,TRUE
AP2M1,17.517312552635776,17.52491060175252,0.39493188149890346,4.838709677419355,0.007598049116744221,0.019238885166492484,TRUE
KCTD12,17.100296987032817,17.103303638136737,0.4016153887827313,59.67741935483871,0.003006651103920177,0.007486394166899656,FALSE
ECHDC3,20.003439200423315,19.958804024046483,0.643009695311744,11.29032258064516,-0.044635176376832675,-0.069416023898664,TRUE
NUDT16,16.982833627980703,16.94305425328417,0.3476606181420913,24.193548387096776,-0.0397793746965327,-0.11442013452405067,TRUE
MSI2,19.692841498197236,19.5760908478814,0.3483679502109413,24.193548387096776,-0.11675065031583642,-0.3351360257025435,TRUE
MRPL38,16.735267689629215,16.73872171417554,0.4116103828227707,17.741935483870968,0.003454024546325485,0.008391490327912119,TRUE
MRRF,17.589920354869893,17.60542107007798,0.45312003441775384,27.419354838709676,0.015500715208087712,0.03420884982056837,TRUE
MRPL53,18.890873766687374,18.79271146835535,0.48584445452899333,38.70967741935484,-0.09816229833202428,-0.20204470261410862,TRUE
DAZAP1,16.756035724178375,17.256143559041362,0.8618041590607777,66.12903225806451,0.5001078348629875,0.5803033434046331,FALSE
DNAJA3,17.300849697269744,17.30614139972179,0.4371463120159125,27.419354838709676,0.005291702452044689,0.012105106017346582,TRUE
PTCD3,17.197936610838855,17.18309190812933,0.423838152765575,4.838709677419355,-0.014844702709524427,-0.035024460664198474,TRUE
MMAB,16.571264979618725,16.59515485471153,0.38261707233511444,35.483870967741936,0.023889875092805823,0.06243807927075957,TRUE
DYNLL2,19.027874111527144,18.99085412665376,0.5531002114717689,14.516129032258066,-0.037019984873385425,-0.06693178578774596,TRUE
S100A16,17.465874425249723,17.421364593287752,0.8771787232228995,45.16129032258064,-0.044509831961971,-0.05074203327508279,TRUE
SCRN2,20.06992463142436,20.07253363560203,0.6181435534312232,1.6129032258064515,0.0026090041776711814,0.004220709191560741,TRUE
OTUB1,21.265891471494772,21.259229630021153,0.31793605677847414,1.6129032258064515,-0.0066618414736190346,-0.02095340031929991,TRUE
CHMP6,15.826502845134803,15.779549941519262,0.3463281336294425,14.516129032258066,-0.04695290361554072,-0.1355734607046925,TRUE
PDXP,16.719725569004517,16.64211570235796,0.40790979707706304,38.70967741935484,-0.07760986664655789,-0.1902623256481768,TRUE
DCUN1D1,17.24278593929689,17.258241543848737,0.42543208421744094,8.064516129032258,0.015455604551846136,0.03632919360154953,TRUE
FAHD2A,18.723482663362734,18.636152724960464,0.5507438695519964,22.58064516129032,-0.0873299384022701,-0.15856724555701146,TRUE
SNF8,17.172127065240982,17.19794644370643,0.3072279397372145,32.25806451612903,0.02581937846544946,0.08403981254938565,TRUE
CRELD1,22.391404782433977,22.25741940999918,0.5453786070256286,50,-0.1339853724347968,-0.24567405231665151,FALSE
ERO1A,16.541603215596087,16.5396922806771,0.2842066835441742,9.67741935483871,-0.0019109349189854186,-0.006723750811048052,TRUE
AHCYL2,18.93220401888941,18.910766766993753,0.2503366785987092,8.064516129032258,-0.021437251895658704,-0.085633683468425,TRUE
PGAM5,19.447840606219604,19.361158767971748,0.4483182208632527,22.58064516129032,-0.08668183824785558,-0.19334890757049003,TRUE
DDRGK1,17.428684981838096,17.433625989020506,0.359922441667602,1.6129032258064515,0.004941007182409862,0.01372797750403409,TRUE
PYURF,19.27764990287439,19.398053557673684,0.6865471685185619,33.87096774193548,0.12040365479929349,0.17537564834634983,TRUE
NGLY1,17.287471980228254,17.299553265639425,0.41011366380754977,12.903225806451612,0.012081285411170484,0.029458383071186228,TRUE
TMX3,18.248153446311274,18.473659829243367,0.7792527653568454,59.67741935483871,0.22550638293209246,0.2893879790453175,FALSE
BTF3L4,20.16394387858599,20.150412485264997,0.253740625823177,9.67741935483871,-0.01353139332099218,-0.05332765802517463,TRUE
USP47,18.2226718771716,18.26741813677809,0.2936563130381305,25.806451612903224,0.044746259606490923,0.15237629030873495,TRUE
ALPK3,18.21544746005925,18.307026121844235,0.47474747409636275,14.516129032258066,0.09157866178498608,0.19289973466272248,TRUE
STAC3,24.671529172550162,24.602858217814017,0.38362819123750547,20.967741935483872,-0.06867095473614526,-0.17900393220484376,TRUE
MCEE,20.052129608480357,19.754696688770657,0.6589011061846021,41.935483870967744,-0.2974329197096992,-0.45140752825867686,TRUE
QKI,17.54745404100085,17.49603545510545,0.505027254336516,51.61290322580645,-0.05141858589540149,-0.1018134872007118,FALSE
ALKBH3,13.883978847917806,14.366598121200862,0.4087580985082104,66.12903225806451,0.4826192732830563,1.180696541657296,FALSE
VPS35,17.905952848429525,17.889524520081967,0.2961514413848033,8.064516129032258,-0.016428328347558363,-0.05547272797572602,TRUE
PURB,16.765732213546055,16.67581608450831,0.5371896132479616,17.741935483870968,-0.08991612903774637,-0.1673824787752215,TRUE
VPS13A,17.219850157683254,17.47733592967495,0.3441104289520786,70.96774193548387,0.2574857719916963,0.7482649473188568,FALSE
GFM1,19.460993635018998,19.466427041191746,0.35178695547903865,24.193548387096776,0.005433406172748789,0.015445161021817765,TRUE
MCCC1,18.764647584650174,18.692870926587062,0.5287102487017412,14.516129032258066,-0.0717766580631114,-0.13575802292344522,TRUE
METTL26,19.378174789081385,19.366488314126958,0.3851394605874755,8.064516129032258,-0.011686474954426984,-0.03034348891853597,TRUE
CLCC1,16.907940453659425,17.076871785183567,0.23816754689848302,53.2258064516129,0.16893133152414208,0.7092961812977302,FALSE
PEBP4,17.95126451209112,17.93864295417707,0.5920437638550451,27.419354838709676,-0.012621557914052062,-0.021318623190738146,TRUE
PLEKHF1,17.257149031204527,17.257502158062255,0.439453257686976,35.483870967741936,3.531268577283697e-4,8.035595402956442e-4,TRUE
MYCBP,15.872016072071318,15.855076012499424,0.3331706463668186,17.741935483870968,-0.01694005957189404,-0.0508449941692737,TRUE
PCYT2,16.549220645843313,16.544831245352313,0.44378196342869325,22.58064516129032,-0.004389400491000117,-0.009890894296575902,TRUE
PFDN5,20.107436434449603,20.112195788421168,0.2891248462219747,6.451612903225806,0.004759353971564906,0.016461241687651177,TRUE
PAFAH2,20.958168287244796,20.916339096040005,0.40183259703880153,8.064516129032258,-0.04182919120479056,-0.10409606267146981,TRUE
PLIN2,22.55794523740452,22.373030226706323,0.8291853486140727,20.967741935483872,-0.18491501069819805,-0.2230080536363444,TRUE
TSNAX,17.393147572647262,17.39281123376029,0.40813540627825284,43.54838709677419,-3.363388869708217e-4,-8.240865207894198e-4,TRUE
COPS8,22.535734882140986,22.51732240045225,0.2799342111156278,4.838709677419355,-0.018412481688734772,-0.06577431752751876,TRUE
SDHC,23.30024680633225,23.23848597787026,0.7553507916142561,6.451612903225806,-0.061760828461991935,-0.08176443203296736,TRUE
CHP1,18.57716827247884,18.595714931920366,0.3420737338141583,17.741935483870968,0.018546659441526003,0.054218309119290715,TRUE
MGST2,19.730002331263556,19.68522041108871,0.5840519792996016,12.903225806451612,-0.04478192017484517,-0.0766745456946279,TRUE
TXN2,19.595403370533358,19.592450488636334,0.3218385528737332,6.451612903225806,-0.002952881897023474,-0.009175040934831622,TRUE
DMAC2L,18.81476628723077,18.77341678984918,0.44668817404968453,17.741935483870968,-0.041349497381592215,-0.0925690443217173,TRUE
SLC29A1,16.794335353665694,16.76244450069917,0.3524986830110827,33.87096774193548,-0.03189085296652294,-0.09047084288119249,TRUE
TSG101,17.732179417465296,17.747515707311713,0.35243372462834166,20.967741935483872,0.015336289846416662,0.04351538679389868,TRUE
CPNE1,18.18624054242802,18.16410170949342,0.41231174297106793,8.064516129032258,-0.022138832934601282,-0.05369440311127586,TRUE
ARPC5L,18.92913697590113,18.790264060111003,0.43605056427934474,53.2258064516129,-0.1388729157901274,-0.3184789269098663,FALSE
MICU1,18.550539721221117,18.413291916503475,0.6552288578008113,17.741935483870968,-0.1372478047176422,-0.20946544567389208,TRUE
WDR77,18.835695444083385,18.844811829573093,0.37118133642721984,4.838709677419355,0.009116385489708279,0.02456046302720232,TRUE
APOL2,17.324524369976665,17.350780723697362,0.534464916442555,16.129032258064516,0.026256353720697234,0.04912643077764919,TRUE
FYCO1,19.399956007988287,19.371622844272604,0.48314731323083987,6.451612903225806,-0.02833316371568273,-0.05864290857009404,TRUE
CORO1B,14.463312604803706,14.959847193001556,0.360919252897623,64.51612903225806,0.49653458819785,1.3757497950343347,FALSE
PLCD4,20.987405176159175,20.979437978456104,0.2841659541350279,1.6129032258064515,-0.007967197703070639,-0.02803712966714107,TRUE
CPPED1,18.833146871589374,18.778654508858523,0.8608875814449405,4.838709677419355,-0.05449236273085134,-0.06329788453840822,TRUE
VPS25,19.523763371615225,19.521226910994542,0.3833150171725311,12.903225806451612,-0.002536460620682135,-0.006617169969994855,TRUE
MIEN1,20.837574575728777,20.854909020021147,0.376390524292698,40.32258064516129,0.017334444292369966,0.04605441203639317,TRUE
PELO,16.526400879908973,16.47418104567714,0.4728772524397782,12.903225806451612,-0.05221983423183474,-0.1104299984032009,TRUE
ERP44,18.997056223533,18.95375900654551,0.7612527128315371,17.741935483870968,-0.04329721698749012,-0.056876272829876486,TRUE
LXN,15.063974016951828,15.07627452041918,0.5526604970333838,64.51612903225806,0.01230050346735112,0.0222568892355773,FALSE
NIPSNAP3B,23.14055339215666,23.142881399777767,0.4677402055188536,6.451612903225806,0.0023280076211058542,0.004977138149848479,TRUE
NTPCR,17.713740580661558,17.70044758281693,0.5061806106969661,8.064516129032258,-0.013292997844626342,-0.026261373042960015,TRUE
AGMAT,20.86815341712357,20.809118083670153,0.8100127493726462,22.58064516129032,-0.05903533345341572,-0.07288198056035353,TRUE
TACO1,19.290096913435075,19.271515691380735,0.5691205804728398,4.838709677419355,-0.01858122205434043,-0.03264900741931118,TRUE
DCTN5,15.26448839427332,15.208057591339518,0.4547386609220093,24.193548387096776,-0.05643080293380187,-0.12409501936647548,TRUE
AARSD1,17.153233915133573,17.14104723078273,0.5468466817601413,6.451612903225806,-0.012186684350844246,-0.022285376792666702,TRUE
DHRS4,18.80368672656046,18.725003039647596,0.4110860406252911,43.54838709677419,-0.0786836869128642,-0.19140442422511045,TRUE
TMEM70,20.505909935291015,20.473206723800462,0.7227566067417037,6.451612903225806,-0.032703211490552775,-0.04524789007185117,TRUE
TUBB6,18.709204537966794,18.710511720972953,0.5700594416814004,1.6129032258064515,0.0013071830061583967,0.002293064390448191,TRUE
CHCHD7,18.3890072243718,18.357132529754207,0.49725828823293977,4.838709677419355,-0.03187469461759207,-0.06410088151745481,TRUE
MRI1,15.52729556979997,15.478597406976732,0.6256364527239331,48.38709677419355,-0.04869816282323747,-0.07783779639311698,TRUE
ABHD6,20.00017291720735,20.063292218240456,0.6185194218103749,9.67741935483871,0.06311930103310459,0.10204902030134738,TRUE
ADI1,19.265100770263388,19.217959852211173,0.5513948750615767,50,-0.04714091805221443,-0.0854939358058959,FALSE
NTMT1,16.92576718174384,16.788569596800205,0.5615796356273484,20.967741935483872,-0.13719758494363532,-0.24430655287271946,TRUE
TMED9,20.77759279178724,20.73415114662894,0.42608486200381496,9.67741935483871,-0.043441645158299735,-0.10195538267658705,TRUE
TIMM21,18.183806100550587,18.16640606236326,0.4202106295371456,11.29032258064516,-0.017400038187325606,-0.041407896336395474,TRUE
TPPP3,21.012802461535223,20.90539960730981,0.6118810408729547,29.03225806451613,-0.10740285422541263,-0.17552897875734763,TRUE
NUDT9,16.129494254331934,16.18652829074106,0.31601808449806534,19.35483870967742,0.05703403640912441,0.1804771283887507,TRUE
SORBS1,18.14808800708165,18.129275845352268,0.6121647925147959,54.83870967741935,-0.018812161729382382,-0.030730551575992006,FALSE
OSBPL11,14.363633766027448,14.61806902135223,0.4411216272446585,43.54838709677419,0.2544352553247826,0.5767916139456605,TRUE
TMEM120A,15.199310293535515,15.36194502092488,0.6228772596398755,50,0.16263472738936535,0.2611023678780547,FALSE
NAA15,18.38303053848584,18.529290388352603,0.48402423468278255,48.38709677419355,0.14625984986676244,0.3021746420664608,TRUE
AP1M1,19.576232256998956,19.567161029938614,0.43700963990634417,24.193548387096776,-0.00907122706034258,-0.020757498764298745,TRUE
OSBPL1A,17.436800997813684,17.431922582312193,0.2883896527722748,9.67741935483871,-0.004878415501490707,-0.01691605594928511,TRUE
HDHD5,20.228698803939764,20.209434432500288,0.4324968592232651,3.225806451612903,-0.019264371439476236,-0.04454222274370671,TRUE
EIF2A,16.774165588787792,16.753878076764163,0.414032575840705,11.29032258064516,-0.02028751202362855,-0.048999796652314555,TRUE
MRPL13,19.119578655044613,19.1124195696507,0.3663774934594298,32.25806451612903,-0.007159085393912079,-0.019540188799028475,TRUE
MRPL9,17.028314089513263,16.970468998746757,0.756231262342248,33.87096774193548,-0.05784509076650579,-0.07649127144961484,TRUE
MRPL4,20.27444693211477,20.33778834501517,0.5042241856323496,51.61290322580645,0.06334141290039952,0.1256215284892826,FALSE
MRPL1,17.99874542799987,17.952394207224398,0.420394566395569,17.741935483870968,-0.046351220775473934,-0.1102564697086496,TRUE
NLN,17.204184190174683,17.112173752712884,0.41212959330698423,40.32258064516129,-0.09201043746179849,-0.22325608001962235,TRUE
TRIM54,20.87827060219831,20.87730600130416,0.47372393771292803,1.6129032258064515,-9.646008941501805e-4,-0.0020362088916324067,TRUE
BCO2,17.18326551228405,17.327042108728126,0.6319444914409039,50,0.14377659644407714,0.22751459723345396,FALSE
MRPL37,20.88708924166543,20.86649715623176,0.4837704889226419,33.87096774193548,-0.020592085433669638,-0.04256581561956841,TRUE
ASPSCR1,17.567222057657958,17.710693528665235,0.28438236970018654,56.451612903225815,0.14347147100727753,0.5045019884971562,FALSE
UBL5,21.78671002909165,21.77351656619441,0.35199619725532605,1.6129032258064515,-0.013193462897241659,-0.037481833611036346,TRUE
NIBAN1,19.970654952915066,19.958758449689462,0.5028293060511718,3.225806451612903,-0.011896503225603539,-0.023659128619668915,TRUE
UBXN6,17.72691405929707,17.754555915255242,0.3226506046171341,24.193548387096776,0.027641855958172812,0.08567117359340884,TRUE
UBE2O,14.377957878762713,14.535782912711745,0.4437651147061926,59.67741935483871,0.1578250339490328,0.3556499344332764,FALSE
LNPK,18.713715665334124,18.716134393775985,0.30155095897655354,1.6129032258064515,0.002418728441860196,0.008020960868667838,TRUE
PITHD1,18.470408244531654,18.411871017151533,0.43516602292767076,38.70967741935484,-0.05853722738012124,-0.13451699879117343,TRUE
SLIRP,18.38171525803279,18.373222953254743,0.40281474728371103,4.838709677419355,-0.00849230477804852,-0.02108240781975941,TRUE
EGLN1,15.447233021232815,15.35037675289162,0.489141417950363,38.70967741935484,-0.09685626834119532,-0.19801281344575095,TRUE
NAA50,19.5487316715063,19.544852073197866,0.2798959361244694,3.225806451612903,-0.0038795983084334296,-0.01386085972576671,TRUE
TMEM126A,19.951857639695717,19.94340783003158,0.3399706291633125,1.6129032258064515,-0.008449809664138996,-0.02485452841892392,TRUE
PAIP1,16.809253945424153,16.7951432135511,0.35909421000017017,4.838709677419355,-0.01411073187305334,-0.03929534779479361,TRUE
CLPB,16.321223058910856,16.186637395911617,0.4197560286289129,38.70967741935484,-0.13458566299923902,-0.32062830268060316,TRUE
HDHD2,19.734742815938016,19.73458503549399,0.2765939803713693,1.6129032258064515,-1.5778044402736668e-4,-5.704406285904073e-4,TRUE
TMX4,18.784826952186947,18.78423917238233,0.2901188903455763,3.225806451612903,-5.87779804618549e-4,-0.002025996321433646,TRUE
EHD4,16.53926095608795,16.375821681239554,0.4004458689242461,41.935483870967744,-0.16343927484839682,-0.4081432411513159,TRUE
SH3BGRL3,19.972605978199987,19.95047633616162,0.4186313581861384,16.129032258064516,-0.022129642038365205,-0.0528618833864939,TRUE
SLK,17.122081876654995,17.127139808707508,0.3344670548364377,32.25806451612903,0.0050579320525123705,0.015122362514854623,TRUE
PPIL3,19.490064889384154,19.480346874404788,0.5882618352403267,8.064516129032258,-0.00971801497936653,-0.01651988008944412,TRUE
TNMD,24.287434066824904,24.28593097182551,0.48706952658706865,1.6129032258064515,-0.0015030949993928289,-0.003085996797880426,TRUE
MRPL46,16.86543988446896,16.888893383295063,0.37204686544173166,22.58064516129032,0.023453498826103925,0.06303909804012879,TRUE
TMEM245,21.413478299754587,21.422175356274128,0.3133638852194363,38.70967741935484,0.00869705651954078,0.02775385719209658,TRUE
C11orf68,18.744174388538816,18.761180338335365,0.38244435795339027,19.35483870967742,0.017005949796548236,0.044466467978645945,TRUE
BOLA2,18.9843248212057,18.98018542444352,0.40775592119688703,8.064516129032258,-0.00413939676218078,-0.010151653347008176,TRUE
TMX1,18.386577778467565,18.37725368288893,0.34425714757132586,3.225806451612903,-0.009324095578634228,-0.02708468261128083,TRUE
RBKS,17.87126546273795,17.84619842201036,0.4408209295413561,8.064516129032258,-0.025067040727588363,-0.056864452315521626,TRUE
TOR1AIP2,15.88768746955402,15.93716756212507,0.4242087407708157,50,0.04948009257105035,0.1166409076841314,FALSE
GLIPR2,15.94578915748622,15.739446107866904,0.5181378895732145,40.32258064516129,-0.20634304961931527,-0.3982396458002293,TRUE
OPA3,18.884012187950532,18.79333213922851,0.3873277970228235,29.03225806451613,-0.09068004872202096,-0.23411706936354373,TRUE
DCTPP1,17.881449048506912,17.81099630203346,0.49548691720394333,30.64516129032258,-0.07045274647345323,-0.14218891362666342,TRUE
UBE2Z,16.84168090935653,16.850953100544945,0.28688732171770465,37.096774193548384,0.00927219118841549,0.032319975427632416,TRUE
ACAD9,17.909042915447433,17.899486658347932,0.4294969674691447,16.129032258064516,-0.009556257099500698,-0.022249882591283313,TRUE
COQ10B,21.665714334503786,21.58839597546259,0.4820331452408547,19.35483870967742,-0.07731835904119677,-0.16040050316988794,TRUE
MOB1A,17.571088027078954,17.547203056443802,0.3301750283565272,43.54838709677419,-0.023884970635151603,-0.07234033038186131,TRUE
GORASP2,16.332563994562683,16.333927638872606,0.2604137247031047,6.451612903225806,0.0013636443099223072,0.0052364533070481814,TRUE
JPT2,15.586112021924821,15.283678668316796,0.6408226400242543,45.16129032258064,-0.30243335360802526,-0.4719454880629351,TRUE
SYNPO2L,17.700811672497426,17.68268648190248,1.1146747873200349,6.451612903225806,-0.018125190594947327,-0.016260519033111848,TRUE
ARMT1,19.13128364363888,19.139710030382517,0.4678434024260544,11.29032258064516,0.008426386743636272,0.018011126586247234,TRUE
LRRC40,14.234276357668584,14.546654688734463,0.365415879803271,62.903225806451616,0.3123783310658794,0.8548570227272405,FALSE
SFXN1,19.103767319567375,19.09542606151502,0.3323016594355967,3.225806451612903,-0.008341258052354306,-0.025101463731844298,TRUE
COPS7B,15.05375562913516,15.1706154686438,0.5402755925697362,61.29032258064516,0.1168598395086402,0.21629672173938985,FALSE
FN3KRP,19.397221568143006,19.382937044287896,0.7114051378806117,41.935483870967744,-0.014284523855110365,-0.020079309375901078,TRUE
TBC1D17,17.99183333030332,17.99752271054981,0.3514196033658835,4.838709677419355,0.005689380246490572,0.01618970652746149,TRUE
CARS2,15.88638580855801,15.845564028680311,0.4860793384537458,66.12903225806451,-0.04082177987769953,-0.08398172201179466,FALSE
CACYBP,20.003774070427383,19.951522993235344,0.425977723534582,6.451612903225806,-0.052251077192039475,-0.12266152501704139,TRUE
RDH14,16.996797644510142,16.97469111331567,0.3640880702196398,9.67741935483871,-0.02210653119447059,-0.06071753787794971,TRUE
PARVB,18.849880783655387,18.837558244131365,0.32389030063116386,19.35483870967742,-0.012322539524021181,-0.038045410745577414,TRUE
TNS1,20.440244079398386,20.44417266095945,0.4823531423856827,3.225806451612903,0.003928581561062572,0.00814461691206592,TRUE
PLGRKT,21.005343428128977,20.901331683260597,0.5812468533600292,4.838709677419355,-0.10401174486838016,-0.17894590614489642,TRUE
MCCC2,17.393283275919476,17.270150353107603,0.5235460572346374,22.58064516129032,-0.12313292281187316,-0.23519023992322555,TRUE
PREB,18.468122348714672,18.466324990275243,0.2931323197892319,20.967741935483872,-0.0017973584394290754,-0.006131560111561267,TRUE
MRPL47,17.50216529274075,17.52865073402154,0.2875197980723817,41.935483870967744,0.026485441280790667,0.09211693058480476,TRUE
APMAP,17.465327946776554,17.44551299992725,0.2871764228658935,41.935483870967744,-0.01981494684930496,-0.06899921188362389,TRUE
TXNRD2,20.35513732854027,20.331413711688075,0.48430742128948184,8.064516129032258,-0.023723616852194596,-0.048984623834649924,TRUE
RAB18,19.562180399070517,19.559481386687402,0.28602577196159523,1.6129032258064515,-0.0026990123831147628,-0.00943625591709673,TRUE
PALMD,17.184675794931227,17.186900062924042,0.3643615519521456,22.58064516129032,0.0022242679928154985,0.006104562846706803,TRUE
SSU72,14.748514100716154,14.683211734774973,0.4304615615331702,35.483870967741936,-0.06530236594118044,-0.15170312933074376,TRUE
VTA1,19.19425276425949,19.19192679761502,0.28867233387138824,1.6129032258064515,-0.002325966644466604,-0.008057462983282937,TRUE
SARS2,17.749651530213345,17.728406331011158,0.38693817035020606,8.064516129032258,-0.021245199202187592,-0.05490592769113268,TRUE
DYNLRB1,17.918224060709914,17.904118789197558,0.35427005611744233,17.741935483870968,-0.01410527151235641,-0.039815026048039576,TRUE
MYOZ2,20.412960612289165,20.05713082885875,1.1790071486734892,35.483870967741936,-0.3558297834304156,-0.301804602144069,TRUE
OSGEP,16.796144196109978,16.801930115288148,0.3392658422368186,20.967741935483872,0.005785919178169507,0.017054234343258014,TRUE
MRPL40,16.66000669678419,16.58120599030316,0.4402636310741323,22.58064516129032,-0.07880070648102944,-0.1789852736388322,TRUE
TIGAR,15.449396751809813,15.451885194864289,0.49162007144564013,61.29032258064516,0.0024884430544762637,0.005061719809687262,FALSE
HINT3,19.00645439032044,18.961971722960637,0.6064782332342445,9.67741935483871,-0.04448266735980155,-0.07334585962398536,TRUE
PFDN4,17.95878999744258,17.959090208435345,0.3456600554633369,1.6129032258064515,3.002109927656704e-4,8.685151437682185e-4,TRUE
GPHN,15.909780598341756,15.970787527242017,0.40685480978784355,17.741935483870968,0.061006928900260604,0.14994766543886495,TRUE
ACSS2,17.581289003874293,17.569325772324156,0.3674850062502333,8.064516129032258,-0.01196323155013701,-0.0325543392156545,TRUE
DIABLO,20.19242767379955,20.152828819153335,0.40132470432665773,4.838709677419355,-0.03959885464621493,-0.09867036397037621,TRUE
SH3GLB2,17.379746665702992,17.51616462030962,0.3539174448547586,40.32258064516129,0.1364179546066282,0.3854513434979496,TRUE
EIF2B3,17.60279150701698,17.59136253907408,0.3553451950246298,62.903225806451616,-0.01142896794290138,-0.03216300122507415,FALSE
MBNL1,20.244250798917175,20.256471386827698,0.24592698737221935,11.29032258064516,0.01222058791052305,0.04969193515970962,TRUE
SDR39U1,21.50255325484309,21.43341157796809,0.5741663404777251,17.741935483870968,-0.06914167687499884,-0.12042098604643162,TRUE
AASDHPPT,16.770582679200118,16.78798929202913,0.35441178432658893,54.83870967741935,0.017406612829013568,0.04911409157031147,FALSE
OSTC,18.091705804762363,18.07518274376761,0.42811488913382684,35.483870967741936,-0.016523060994753536,-0.03859492256432245,TRUE
CMC2,18.118316747344235,18.083882523837467,0.4435496973415308,11.29032258064516,-0.034434223506767836,-0.07763329275874507,TRUE
HEBP1,19.978743443208977,19.977114717102523,0.3404566261093079,3.225806451612903,-0.001628726106453371,-0.004783945975927188,TRUE
LANCL2,18.295637255564685,18.328072528918817,0.3511340650662007,9.67741935483871,0.032435273354131766,0.09237290420118201,TRUE
SIRT3,18.84468070349019,18.802320514986683,0.45625772670348275,11.29032258064516,-0.04236018850350831,-0.09284267646175726,TRUE
MAN2C1,23.074374903015368,23.07268098669496,0.4766254670058233,3.225806451612903,-0.0016939163204092722,-0.003553977782703282,TRUE
ACSS1,17.748358171400277,17.86102746153356,0.350962324435789,41.935483870967744,0.11266929013328308,0.32102958719119357,TRUE
ABHD10,18.37649254421998,18.372040998642017,0.3621858400615614,20.967741935483872,-0.004451545577961014,-0.012290777511358191,TRUE
SEPTIN11,17.748745407073223,17.712311910728893,0.41305852201515975,19.35483870967742,-0.0364334963443298,-0.08820419965331848,TRUE
PARVA,17.216832243443815,17.321723503373203,0.36963828023023493,32.25806451612903,0.10489125992938853,0.28376730858085203,TRUE
DNAJC11,18.645254243906393,18.642896957763963,0.45702127884540616,22.58064516129032,-0.0023572861424305813,-0.005157935202461254,TRUE
TMLHE,20.23873365357897,20.16369157011956,0.6015040340583414,30.64516129032258,-0.0750420834594081,-0.1247574067842903,TRUE
ATAD3A,17.598015753844585,17.556017028099532,0.5709929912664728,11.29032258064516,-0.04199872574505292,-0.0735538375907189,TRUE
MRPS18A,16.036276491082024,15.88092107228497,0.5713790340064924,30.64516129032258,-0.15535541879705406,-0.2718955536532494,TRUE
PNPO,21.52050577750865,21.521452579924038,0.6039290357644812,4.838709677419355,9.468024153882482e-4,0.0015677378620978905,TRUE
OXSM,17.40194713815669,17.33378607987618,0.4243285925881739,37.096774193548384,-0.06816105828050922,-0.16063272537154236,TRUE
MRPL22,16.37201477468941,16.53133817953668,0.4789172589924204,25.806451612903224,0.15932340484726737,0.3326741767094865,TRUE
BABAM1,17.128831317289468,17.1954015257963,0.29217143421778663,17.741935483870968,0.06657020850683182,0.22784639670560647,TRUE
OCIAD1,20.030678662873644,20.02592229344324,0.2848489120366551,1.6129032258064515,-0.00475636943040314,-0.0166978676393578,TRUE
MARCHF5,16.726170255762245,16.768583153574355,0.5283957321713713,12.903225806451612,0.04241289781210966,0.0802672982194984,TRUE
BABAM2,21.327722784623354,21.232878496203536,0.4718057952880955,16.129032258064516,-0.09484428841981796,-0.2010240004828763,TRUE
MAP3K20,21.9177364778751,21.901318168794425,0.6513576850649206,1.6129032258064515,-0.016418309080673765,-0.025206287508586556,TRUE
UGGT1,17.91271520380356,17.92947596076821,0.33274718240078566,22.58064516129032,0.016760756964650625,0.050370845648401955,TRUE
TECR,20.111706113884413,20.102414378691748,0.5232983412183702,1.6129032258064515,-0.00929173519266513,-0.017756095253487012,TRUE
ERAP1,20.386132397857608,20.349105820016014,0.5043136428365085,9.67741935483871,-0.03702657784159413,-0.07341974258982646,TRUE
FAM120A,15.707886026027174,15.71903636738392,0.3074531954082491,43.54838709677419,0.011150341356746196,0.036266792875384854,TRUE
GLTP,14.123248100509322,14.235048499614892,0.45947942530959685,40.32258064516129,0.11180039910557049,0.24331970692755062,TRUE
HSPBP1,17.385012416504626,17.39012643329268,0.4009315276229481,17.741935483870968,0.005114016788052567,0.01275533709801438,TRUE
MAT2B,23.400018723225678,23.362663863518843,0.29797691510665786,11.29032258064516,-0.037354859706834276,-0.12536158948240497,TRUE
TMOD4,21.489286159934373,21.41639729921841,0.9932882391581637,4.838709677419355,-0.07288886071596323,-0.07338137898193413,TRUE
CHMP5,16.937663510532115,17.067603726745162,0.4061597562064054,38.70967741935484,0.12994021621304697,0.31992390734795734,TRUE
CNIH4,20.195951296944585,20.132292377898743,0.4850452856533206,27.419354838709676,-0.06365891904584231,-0.1312432486795504,TRUE
NDUFAF4,18.46370605513603,18.43916846683785,0.57586192922641,17.741935483870968,-0.024537588298180424,-0.04261019361210984,TRUE
EMC3,17.174004620929065,17.164248996865986,0.5855342394782558,14.516129032258066,-0.009755624063078727,-0.016661065067299124,TRUE
PDP1,20.791188557422206,20.72824188234157,0.5505496372419862,8.064516129032258,-0.06294667508063512,-0.11433424131558878,TRUE
MRPL36,23.38035147144463,23.37262847847307,0.3909624360112415,1.6129032258064515,-0.00772299297155854,-0.01975379796164478,TRUE
RNF181,16.57469580541531,16.637257587461526,0.46026665004000583,48.38709677419355,0.06256178204621676,0.1359250817776586,TRUE
LARS1,17.737677213058724,17.70500182876979,0.36490452417054187,8.064516129032258,-0.03267538428893246,-0.0895450237653433,TRUE
DPM3,18.981443791996206,19.020977030285422,0.4122035966927349,46.774193548387096,0.0395332382892164,0.09590706778496476,TRUE
IMPACT,18.73898009152341,18.76340219054964,0.5721116574179365,32.25806451612903,0.024422099026232047,0.04268764446516307,TRUE
ATXN10,16.873119879273787,16.827637056987264,0.32791416427430103,19.35483870967742,-0.04548282228652312,-0.13870343901484114,TRUE
EPS15L1,15.855594759102178,15.88576078009713,0.34202957528020245,32.25806451612903,0.030166020994951026,0.08819711269190092,TRUE
SAE1,16.687633542550902,16.8594857098232,0.34101589203038013,69.35483870967742,0.17185216727229857,0.5039418141163602,FALSE
VPS29,16.0634106741281,16.42016465683785,0.4485011996462835,70.96774193548387,0.3567539827097512,0.795435960909603,FALSE
CTSZ,17.32893888210795,17.222089908338106,0.6354524794717895,19.35483870967742,-0.10684897376984281,-0.1681462850828113,TRUE
UBA2,16.28648113383381,16.241592009746647,0.3327239000784175,40.32258064516129,-0.04488912408716317,-0.13491403556096676,TRUE
COPS7A,20.239120759393348,20.223409734238395,0.2656042826051904,3.225806451612903,-0.015711025154953262,-0.059152002373045465,TRUE
CLIP2,19.529126815646656,19.51310678188597,0.4585350170099238,40.32258064516129,-0.016020033760685948,-0.03493742716783446,TRUE
DNAJB4,17.994295451148467,17.878028382332797,0.8217874177350335,9.67741935483871,-0.11626706881567017,-0.14148071180758554,TRUE
NIPSNAP3A,21.350913556231355,21.295419147066415,0.8347774172249952,20.967741935483872,-0.05549440916493964,-0.06647809106937351,TRUE
TES,16.13816378502695,16.56581183064828,0.5403784503931224,64.51612903225806,0.4276480456213285,0.7913861948236776,FALSE
KDM5B,19.84331566293459,19.835797035324976,0.3729692543260216,6.451612903225806,-0.007518627609613304,-0.02015884023255463,TRUE
WARS2,15.14877151155979,14.831013741880462,0.5540135536578352,64.51612903225806,-0.31775776967932856,-0.5735559492748064,FALSE
MLX,19.942651742389245,19.903318242132062,0.49865207936205685,35.483870967741936,-0.03933350025718241,-0.07887964752398734,TRUE
SEPTIN9,17.595053421560184,17.553692191089862,0.3200419216947466,33.87096774193548,-0.04136123047032214,-0.1292369144995078,TRUE
UBQLN2,16.124439050379223,16.197328052157292,0.32914343782267064,12.903225806451612,0.07288900177806923,0.2214505695761096,TRUE
DPP7,14.174013415834363,14.067180630459056,0.5140524345666846,50,-0.10683278537530683,-0.2078246851711936,FALSE
BCAP29,19.370057940530675,19.38247737348323,0.3384303286183279,17.741935483870968,0.012419432952555098,0.03669716305645107,TRUE
PFDN2,20.820145070227976,20.81578019764824,0.28886175904973754,1.6129032258064515,-0.0043648725797353904,-0.01511059336512531,TRUE
PUF60,16.52260503634229,16.65554588694927,0.24164619829167125,48.38709677419355,0.13294085060697824,0.5501466670976395,TRUE
ENOPH1,19.74207735169848,19.751913070699256,0.3278564808343324,1.6129032258064515,0.009835719000776066,0.030000074958854046,TRUE
EIF2B4,15.024177824660898,15.053741042512256,0.3624876870263586,43.54838709677419,0.029563217851357848,0.0815564746319456,TRUE
ATP6V1H,17.062290032928452,17.20585371563244,0.3576439665718261,35.483870967741936,0.1435636827039879,0.4014150834980067,TRUE
TRMT112,17.30043807494962,17.26680428860509,0.5405449715459681,51.61290322580645,-0.03363378634453085,-0.062221994681289194,FALSE
XPO7,16.421797382269126,16.392450316694333,0.3767630054254829,37.096774193548384,-0.029347065574793163,-0.07789264113564222,TRUE
LCMT1,18.692326708454793,18.658245987670657,0.3828970864061973,8.064516129032258,-0.03408072078413582,-0.08900752184878526,TRUE
NAGK,17.56553748681204,17.5603480420622,0.2711667702093931,3.225806451612903,-0.005189444749841954,-0.019137465648297172,TRUE
DBNL,16.595939804496965,16.68507595336111,0.459624293125325,43.54838709677419,0.08913614886414578,0.19393263192866347,TRUE
DCTN4,18.281579544911022,18.201423654094885,0.3917914820406009,9.67741935483871,-0.08015589081613683,-0.20458814060646263,TRUE
HSPB8,20.47060049119904,20.438933456813988,0.5554753341668393,3.225806451612903,-0.03166703438505181,-0.05700889389184018,TRUE
VPS28,17.004469030563573,17.01117231587773,0.2504727689431805,9.67741935483871,0.006703285314156204,0.026762531282100523,TRUE
JPT1,17.874906344354915,17.847649287718323,0.49347260592681375,11.29032258064516,-0.027257056636592836,-0.055235197069146515,TRUE
APPL1,20.10576389893246,20.084270316527697,0.285029558958102,8.064516129032258,-0.02149358240476218,-0.0754082575973169,TRUE
ACAD8,20.764552801447504,20.686794083667596,0.49476854910375784,14.516129032258066,-0.07775871777990773,-0.1571618040814493,TRUE
AGO2,17.566965663085014,17.55068702336577,0.39511322934520815,8.064516129032258,-0.016278639719242705,-0.04119993589235189,TRUE
MYH13,22.497398395433912,22.60041271686256,1.0858873756448026,30.64516129032258,0.10301432142864897,0.09486648775843702,TRUE
CDV3,19.490165478765952,19.470808351366262,0.31414176522006787,4.838709677419355,-0.0193571273996902,-0.06161908266520951,TRUE
RAB21,19.622666135646224,19.609997633298917,0.30500510810756526,4.838709677419355,-0.012668502347306543,-0.04153537763976982,TRUE
PSME2,20.072483301556836,20.0403217596331,0.554382654391158,11.29032258064516,-0.03216154192373821,-0.05801325432712017,TRUE
TBC1D24,15.721319819838142,15.903178648180964,0.4429613940566556,33.87096774193548,0.18185882834282197,0.4105523207730421,TRUE
EPDR1,21.24973622133798,21.224124299457092,0.5900477069130875,4.838709677419355,-0.025611921880887678,-0.043406527270277565,TRUE
NFU1,16.55361076452007,16.461998767542934,0.35332663807397896,54.83870967741935,-0.09161199697713585,-0.2592841498634877,FALSE
UBQLN1,16.862827010154138,16.834039196488355,0.5446075050896348,41.935483870967744,-0.02878781366578309,-0.05285974467253259,TRUE
SNX12,19.952066373707837,19.94039911631902,0.33431787356534653,27.419354838709676,-0.011667257388815244,-0.03489869465963427,TRUE
VPS4A,20.677879832901883,20.674251797975966,0.3289828787157818,6.451612903225806,-0.003628034925917234,-0.01102803568404422,TRUE
G3BP2,18.749899011505352,18.705958622289568,0.573926276932673,32.25806451612903,-0.04394038921578414,-0.07656103402447761,TRUE
PACSIN2,17.06082451556191,16.99373747193519,0.33199322597177755,33.87096774193548,-0.0670870436267208,-0.20207353156182714,TRUE
SNX6,17.49803953339159,17.51745730403398,0.21182157850853947,11.29032258064516,0.01941777064238792,0.09167040855379663,TRUE
PPP6R1,17.5274046058673,17.64537224473785,0.25345346163857574,41.935483870967744,0.11796763887054951,0.46544102458845554,TRUE
LIMCH1,19.142598405297253,19.175741234305885,0.3359376299043811,25.806451612903224,0.03314282900863219,0.09865768541043089,TRUE
USP24,16.778138919066155,16.67425574715887,0.3796647230875809,33.87096774193548,-0.10388317190728458,-0.27361818359753387,TRUE
MAPRE3,18.871234349283455,18.762443674887976,0.5259536437445862,27.419354838709676,-0.10879067439547896,-0.20684460634388138,TRUE
CAMK2A,21.53197133038586,21.49006403461792,0.5676784351676064,4.838709677419355,-0.04190729576794183,-0.07382224367139956,TRUE
CHMP2B,17.479543804091815,17.486222002037806,0.296752672421615,19.35483870967742,0.006678197945991116,0.02250425545116232,TRUE
RTRAF,17.15272149061648,16.955150083529016,0.6005309684827972,50,-0.19757140708746235,-0.32899453559674663,FALSE
RUVBL2,18.689402410158515,18.632127591424418,0.4169993980421498,8.064516129032258,-0.05727481873409701,-0.13734988348426283,TRUE
PIN4,18.706212781093846,18.70566270136817,0.34763677542091465,11.29032258064516,-5.500797256772216e-4,-0.0015823404328014243,TRUE
EIF3L,19.27456307517643,19.265974917860472,0.4013482969401179,1.6129032258064515,-0.008588157315958966,-0.021398265250993052,TRUE
BCS1L,16.84909595039192,16.907452076414103,0.41567910772508065,54.83870967741935,0.058356126022182764,0.14038744054651403,FALSE
FARSA,19.179107995576402,19.181727606630883,0.4202089199404932,1.6129032258064515,0.0026196110544809414,0.00623406817459256,TRUE
CNPY2,16.641188165113746,16.65988997601903,0.3174642433835156,32.25806451612903,0.018701810905284333,0.05890997583211738,TRUE
FNDC3A,21.185320730535047,20.619757757665212,1.098867981774394,51.61290322580645,-0.5655629728698344,-0.5146778159434522,FALSE
LAMTOR2,16.33794494461245,16.375529652864564,0.338651007059728,59.67741935483871,0.03758470825211546,0.11098360101875213,FALSE
MRPS35,15.308673969494023,15.481843961709655,0.31902396868961874,53.2258064516129,0.173169992215632,0.5428118549428198,FALSE
COA3,21.563966784409207,21.531804530971133,0.613106002806441,6.451612903225806,-0.03216225343807366,-0.052457900087185025,TRUE
SUGT1,20.091885932886687,19.999768193675624,0.2940671485331662,24.193548387096776,-0.09211773921106214,-0.31325409747587873,TRUE
TMX2,16.58534305606003,16.68207162719886,0.5756231416743578,16.129032258064516,0.09672857113882927,0.16804149127407852,TRUE
SH3GLB1,20.160430315119356,20.12774776509895,0.38014150075723574,3.225806451612903,-0.03268255002040732,-0.0859746961468406,TRUE
LUC7L2,17.156498312302446,17.145993620544584,0.3018850335940819,11.29032258064516,-0.010504691757862616,-0.034796994182849574,TRUE
MOB4,17.62897199844622,17.663622103271845,0.39791581438797274,25.806451612903224,0.03465010482562292,0.08707898397784876,TRUE
MRPL11,19.017499424459714,19.0164502255755,0.3335248087998311,45.16129032258064,-0.0010491988842140643,-0.0031457896280325985,TRUE
PPIL1,19.963986034426373,19.946350178960564,0.1866208155565702,4.838709677419355,-0.017635855465808703,-0.09450100951071431,TRUE
MSRB2,17.510265166895305,17.298897003883788,0.5698848913035126,32.25806451612903,-0.2113681630115174,-0.3708962392879893,TRUE
SAMHD1,15.666927973414552,15.706001121344336,0.4167287808699903,59.67741935483871,0.03907314792978411,0.09376157760981242,FALSE
HBS1L,17.513933435836154,17.5139524628103,0.2979254882472895,6.451612903225806,1.9026974143798725e-5,6.386487526037253e-5,TRUE
USP15,17.75565977665569,17.757982067763646,0.29201477421214966,3.225806451612903,0.00232229110795501,0.007952649362418417,TRUE
TLN2,18.03540788880913,18.032276721632186,0.36417972157778383,1.6129032258064515,-0.0031311671769422844,-0.008597862515179912,TRUE
HYOU1,16.810895517279288,16.816664044494356,0.3772931342747674,4.838709677419355,0.00576852721506782,0.015289245128078143,TRUE
ARIH1,17.20631814888946,17.256886879319953,0.35041824469470584,46.774193548387096,0.050568730430494924,0.14430963911297431,TRUE
RNF114,17.60782781671928,17.591663655463737,0.350642776791727,3.225806451612903,-0.016164161255542098,-0.046098657452576595,TRUE
PPME1,16.93785080840132,16.991994189848498,0.49269179560235116,53.2258064516129,0.05414338144717945,0.10989300396404059,FALSE
TIMM9,19.72742104347076,19.67121923797536,0.36875190112379086,12.903225806451612,-0.056201805495398105,-0.15241089015167147,TRUE
TIMM8B,16.369918723818326,16.38879736664514,0.4071038603161268,12.903225806451612,0.018878642826813063,0.046373038104215725,TRUE
UCHL5,18.071941328986334,18.08091446044981,0.2783782100156849,6.451612903225806,0.008973131463477557,0.032233598538376894,TRUE
SRPRB,18.205820974795643,18.19131832468589,0.38192302950787504,6.451612903225806,-0.014502650109751158,-0.03797270389386698,TRUE
GMPPB,17.392860716954434,17.357644211395897,0.35464176951429366,6.451612903225806,-0.03521650555853739,-0.09930162937876388,TRUE
MPC1,22.184775640405125,22.166313945633693,0.3840419555407808,3.225806451612903,-0.01846169477143178,-0.0480720778161733,TRUE
SNX5,18.595146435959645,18.618106396323913,0.5768122783723941,51.61290322580645,0.022959960364268284,0.039804909196896755,FALSE
MYH4,23.395414118139687,23.289937901197764,1.2116834014443265,4.838709677419355,-0.10547621694192344,-0.0870493206527347,TRUE
MRPS18B,18.638024686075745,18.61894412538813,0.37030385940101457,4.838709677419355,-0.0190805606876161,-0.05152676701366246,TRUE
COPG1,17.976818552784593,17.953819419624715,0.26150230025296467,14.516129032258066,-0.022999133159878227,-0.08795002238079733,TRUE
CLIC4,19.75289107298608,19.75507080439132,0.5587978086013055,1.6129032258064515,0.0021797314052385275,0.003900751527094366,TRUE
NFS1,17.331804698446923,17.221966836499075,0.5348411966464733,56.451612903225815,-0.10983786194784884,-0.20536537319216824,FALSE
SPCS1,17.695321441003664,17.747349446199056,0.2310420076658376,37.096774193548384,0.052028005195392524,0.22518850888208197,TRUE
DYNC1LI1,16.888916103351214,16.839368509588517,0.4593528797166768,11.29032258064516,-0.04954759376269635,-0.10786390148083255,TRUE
COX11,18.54282696894469,18.55392317991626,0.42970526713763696,16.129032258064516,0.01109621097156932,0.025822841422176803,TRUE
SQOR,17.703591191649114,17.665139010160562,0.5745020515525604,37.096774193548384,-0.03845218148855167,-0.06693132145418237,TRUE
SESN1,19.209847181079684,19.260308383879682,0.3673923581382805,24.193548387096776,0.05046120279999755,0.13734962549494506,TRUE
SEC23IP,17.026861811198074,16.99259097004271,0.29421802738076613,17.741935483870968,-0.03427084115536516,-0.11648110573120356,TRUE
