set_name,cluster_id,representative_term,cluster_label,n_member_terms,n_genes,member_terms_list
SP_001_TOLL_LIKE_RECEPTOR_SIGNALING_PATHWAY,1,KEGG_TOLL_LIKE_RECEPTOR_SIGNALING_PATHWAY,TOLL LIKE RECEPTOR SIGNALING PATHWAY,35,269,BIOCARTA_41BB_PATHWAY; BIOCARTA_CD40_PATHWAY; BIOCARTA_IL1R_PATHWAY; BIOCARTA_NFKB_PATHWAY; BIOCARTA_NTHI_PATHWAY; BIOCARTA_RELA_PATHWAY; BIOCARTA_RNA_PATHWAY; BIOCARTA_STRESS_PATHWAY; BIOCARTA_TNFR2_PATHWAY; BIOCARTA_TOLL_PATHWAY
SP_002_CROSSLINKING_OF_COLLAGEN_FIBRILS,2,REACTOME_CROSSLINKING_OF_COLLAGEN_FIBRILS,CROSSLINKING OF COLLAGEN FIBRILS,6,46,BIOCARTA_ACE2_PATHWAY; BIOCARTA_NPP1_PATHWAY; BIOCARTA_PLATELETAPP_PATHWAY; BIOCARTA_VITCB_PATHWAY; REACTOME_ANCHORING_FIBRIL_FORMATION; REACTOME_CROSSLINKING_OF_COLLAGEN_FIBRILS
SP_003_AKT_PATHWAY,3,BIOCARTA_AKT_PATHWAY,AKT PATHWAY,4,46,BIOCARTA_ACH_PATHWAY; BIOCARTA_AKT_PATHWAY; BIOCARTA_GCR_PATHWAY; BIOCARTA_LONGEVITY_PATHWAY
SP_004_ACTINY_PATHWAY,4,BIOCARTA_ACTINY_PATHWAY,ACTINY PATHWAY,1,12,BIOCARTA_ACTINY_PATHWAY
SP_005_NO1_PATHWAY,5,BIOCARTA_NO1_PATHWAY,NO1 PATHWAY,20,167,BIOCARTA_AGPCR_PATHWAY; BIOCARTA_AKAP13_PATHWAY; BIOCARTA_AKAP95_PATHWAY; BIOCARTA_AKAPCENTROSOME_PATHWAY; BIOCARTA_BAD_PATHWAY; BIOCARTA_CARM1_PATHWAY; BIOCARTA_CFTR_PATHWAY; BIOCARTA_CK1_PATHWAY; BIOCARTA_CREB_PATHWAY; BIOCARTA_DREAM_PATHWAY
SP_006_AGR_PATHWAY,6,BIOCARTA_AGR_PATHWAY,AGR PATHWAY,1,33,BIOCARTA_AGR_PATHWAY
SP_007_METABOLISM_OF_PORPHYRINS,7,REACTOME_METABOLISM_OF_PORPHYRINS,METABOLISM OF PORPHYRINS,4,32,BIOCARTA_AHSP_PATHWAY; REACTOME_HEME_BIOSYNTHESIS; REACTOME_HEME_DEGRADATION; REACTOME_METABOLISM_OF_PORPHYRINS
SP_008_BMP_PATHWAY,8,PID_BMP_PATHWAY,BMP PATHWAY,8,95,BIOCARTA_ALK_PATHWAY; KEGG_MEDICUS_REFERENCE_BMP_HAMP_SIGNALING_PATHWAY; KEGG_MEDICUS_REFERENCE_BMP_SIGNALING_PATHWAY; PID_ALK1_PATHWAY; PID_ALK2_PATHWAY; PID_BMP_PATHWAY; REACTOME_SIGNALING_BY_BMP; WP_BONE_MORPHOGENIC_PROTEIN_SIGNALING_AND_REGULATION
SP_009_GLYCOSPHINGOLIPID_BIOSYNTHESIS_LACTO_AND_NEOLACTO_SERIES,9,KEGG_GLYCOSPHINGOLIPID_BIOSYNTHESIS_LACTO_AND_NEOLACTO_SERIES,GLYCOSPHINGOLIPID BIOSYNTHESIS LACTO AND NEOLACTO SERIES,4,41,BIOCARTA_AMAN_PATHWAY; KEGG_GLYCOSPHINGOLIPID_BIOSYNTHESIS_LACTO_AND_NEOLACTO_SERIES; REACTOME_BLOOD_GROUP_SYSTEMS_BIOSYNTHESIS; WP_NEOLACTO_SERIES_SPHINGOLIPID_METABOLISM
SP_010_FORMATION_OF_FIBRIN_CLOT_CLOTTING_CASCADE,10,REACTOME_FORMATION_OF_FIBRIN_CLOT_CLOTTING_CASCADE,FORMATION OF FIBRIN CLOT CLOTTING CASCADE,12,66,BIOCARTA_AMI_PATHWAY; BIOCARTA_EXTRINSIC_PATHWAY; BIOCARTA_FIBRINOLYSIS_PATHWAY; BIOCARTA_INTRINSIC_PATHWAY; REACTOME_COMMON_PATHWAY_OF_FIBRIN_CLOT_FORMATION; REACTOME_DEFECTS_OF_CONTACT_ACTIVATION_SYSTEM_CAS_AND_KALLIKREIN_KININ_SYSTEM_KKS; REACTOME_FORMATION_OF_FIBRIN_CLOT_CLOTTING_CASCADE; REACTOME_GAMMA_CARBOXYLATION_TRANSPORT_AND_AMINO_TERMINAL_CLEAVAGE_OF_PROTEINS; REACTOME_INTRINSIC_PATHWAY_OF_FIBRIN_CLOT_FORMATION; REACTOME_REMOVAL_OF_AMINOTERMINAL_PROPEPTIDES_FROM_GAMMA_CARBOXYLATED_PROTEINS
SP_011_ARF_3PATHWAY,11,PID_ARF_3PATHWAY,ARF 3PATHWAY,2,29,BIOCARTA_ARAP_PATHWAY; PID_ARF_3PATHWAY
SP_012_ARENRF2_PATHWAY,12,BIOCARTA_ARENRF2_PATHWAY,ARENRF2 PATHWAY,2,30,BIOCARTA_ARENRF2_PATHWAY; WP_QUERCETIN_AND_NFKB_AP1_INDUCED_APOPTOSIS
SP_013_CTCF_PATHWAY,13,BIOCARTA_CTCF_PATHWAY,CTCF PATHWAY,2,34,BIOCARTA_ARF_PATHWAY; BIOCARTA_CTCF_PATHWAY
SP_014_ALLOGRAFT_REJECTION,14,WP_ALLOGRAFT_REJECTION,ALLOGRAFT REJECTION,14,161,BIOCARTA_ASBCELL_PATHWAY; BIOCARTA_BBCELL_PATHWAY; BIOCARTA_BLYMPHOCYTE_PATHWAY; BIOCARTA_EOSINOPHILS_PATHWAY; BIOCARTA_IL5_PATHWAY; BIOCARTA_MHC_PATHWAY; BIOCARTA_TH1TH2_PATHWAY; KEGG_ALLOGRAFT_REJECTION; KEGG_ASTHMA; KEGG_INTESTINAL_IMMUNE_NETWORK_FOR_IGA_PRODUCTION
SP_015_GASTRIN_SIGNALING,15,WP_GASTRIN_SIGNALING,GASTRIN SIGNALING,45,479,BIOCARTA_AT1R_PATHWAY; BIOCARTA_BCR_PATHWAY; BIOCARTA_BIOPEPTIDES_PATHWAY; BIOCARTA_EGF_PATHWAY; BIOCARTA_EPO_PATHWAY; BIOCARTA_FCER1_PATHWAY; BIOCARTA_FMLP_PATHWAY; BIOCARTA_GH_PATHWAY; BIOCARTA_GLEEVEC_PATHWAY; BIOCARTA_GPCR_PATHWAY
SP_016_DNA_IRDAMAGE_AND_CELLULAR_RESPONSE_VIA_ATR,16,WP_DNA_IRDAMAGE_AND_CELLULAR_RESPONSE_VIA_ATR,DNA IRDAMAGE AND CELLULAR RESPONSE VIA ATR,5,130,BIOCARTA_ATM_PATHWAY; PID_ATM_PATHWAY; WP_ATM_SIGNALING; WP_DNA_IRDAMAGE_AND_CELLULAR_RESPONSE_VIA_ATR; WP_DNA_IRDOUBLE_STRAND_BREAKS_AND_CELLULAR_RESPONSE_VIA_ATM
SP_017_FANCONI_PATHWAY,17,PID_FANCONI_PATHWAY,FANCONI PATHWAY,6,97,BIOCARTA_ATRBRCA_PATHWAY; KEGG_MEDICUS_REFERENCE_FANCONI_ANEMIA_PATHWAY; PID_BARD1_PATHWAY; PID_FANCONI_PATHWAY; REACTOME_FANCONI_ANEMIA_PATHWAY; WP_FANCONI_ANEMIA
SP_018_BARRESTIN_SRC_PATHWAY,18,BIOCARTA_BARRESTIN_SRC_PATHWAY,BARRESTIN SRC PATHWAY,3,20,BIOCARTA_BARR_MAPK_PATHWAY; BIOCARTA_BARRESTIN_PATHWAY; BIOCARTA_BARRESTIN_SRC_PATHWAY
SP_019_BCELLSURVIVAL_PATHWAY,19,BIOCARTA_BCELLSURVIVAL_PATHWAY,BCELLSURVIVAL PATHWAY,1,15,BIOCARTA_BCELLSURVIVAL_PATHWAY
SP_020_BTG2_PATHWAY,20,BIOCARTA_BTG2_PATHWAY,BTG2 PATHWAY,1,11,BIOCARTA_BTG2_PATHWAY
SP_021_HDAC_PATHWAY,21,BIOCARTA_HDAC_PATHWAY,HDAC PATHWAY,13,90,BIOCARTA_CALCINEURIN_PATHWAY; BIOCARTA_HDAC_PATHWAY; BIOCARTA_MEF2D_PATHWAY; BIOCARTA_NDKDYNAMIN_PATHWAY; BIOCARTA_PGC1A_PATHWAY; KEGG_MEDICUS_PATHOGEN_HCMV_US28_TO_GNAQ_PLCB_G_CALCINEURIN_SIGNALING_PATHWAY; KEGG_MEDICUS_REFERENCE_BCR_PLCG_CALCINEURIN_SIGNALING_PATHWAY; KEGG_MEDICUS_REFERENCE_CA2_CAM_CN_SIGNALING_PATHWAY; KEGG_MEDICUS_REFERENCE_CXCR4_GNAQ_PLCB_G_CALCINEURIN_SIGNALING_PATHWAY; KEGG_MEDICUS_REFERENCE_EGF_EGFR_PLCG_CALCINEURIN_SIGNALING_PATHWAY
SP_022_CARDIACEGF_PATHWAY,22,BIOCARTA_CARDIACEGF_PATHWAY,CARDIACEGF PATHWAY,2,30,BIOCARTA_CARDIACEGF_PATHWAY; BIOCARTA_CCR5_PATHWAY
SP_023_CARM_ER_PATHWAY,23,BIOCARTA_CARM_ER_PATHWAY,CARM ER PATHWAY,1,26,BIOCARTA_CARM_ER_PATHWAY
SP_024_APOPTOSIS_MODULATION_AND_SIGNALING,24,WP_APOPTOSIS_MODULATION_AND_SIGNALING,APOPTOSIS MODULATION AND SIGNALING,11,205,BIOCARTA_CASPASE_PATHWAY; BIOCARTA_D4GDI_PATHWAY; BIOCARTA_DEATH_PATHWAY; BIOCARTA_FAS_PATHWAY; BIOCARTA_TNFR1_PATHWAY; KEGG_APOPTOSIS; PID_CASPASE_PATHWAY; SA_CASPASE_CASCADE; WP_APOPTOSIS; WP_APOPTOSIS_MODULATION_AND_SIGNALING
SP_025_CBL_PATHWAY,25,BIOCARTA_CBL_PATHWAY,CBL PATHWAY,1,12,BIOCARTA_CBL_PATHWAY
SP_026_SEROTONIN_HTR1_GROUP_AND_FOS_PATHWAY,26,WP_SEROTONIN_HTR1_GROUP_AND_FOS_PATHWAY,SEROTONIN HTR1 GROUP AND FOS PATHWAY,68,258,BIOCARTA_CCR3_PATHWAY; BIOCARTA_CDK5_PATHWAY; BIOCARTA_CDMAC_PATHWAY; BIOCARTA_CXCR4_PATHWAY; BIOCARTA_ERK_PATHWAY; BIOCARTA_MAL_PATHWAY; BIOCARTA_SPPA_PATHWAY; BIOCARTA_SPRY_PATHWAY; KEGG_DORSO_VENTRAL_AXIS_FORMATION; KEGG_MEDICUS_ENV_FACTOR_E2_TO_RAS_ERK_SIGNALING_PATHWAY
SP_027_CELL2CELL_PATHWAY,27,BIOCARTA_CELL2CELL_PATHWAY,CELL2CELL PATHWAY,1,12,BIOCARTA_CELL2CELL_PATHWAY
SP_028_CYCLIN_D_ASSOCIATED_EVENTS_IN_G1,28,REACTOME_CYCLIN_D_ASSOCIATED_EVENTS_IN_G1,CYCLIN D ASSOCIATED EVENTS IN G1,18,83,BIOCARTA_CELLCYCLE_PATHWAY; BIOCARTA_G1_PATHWAY; BIOCARTA_P27_PATHWAY; BIOCARTA_SKP2E2F_PATHWAY; KEGG_MEDICUS_PATHOGEN_EBV_EBNA3C_TO_P27_CELL_CYCLE_G1_S_N00264; KEGG_MEDICUS_REFERENCE_MDM2_P21_CELL_CYCLE_G1_S_N00066; KEGG_MEDICUS_REFERENCE_MDM2_P21_CELL_CYCLE_G1_S_N00536; KEGG_MEDICUS_REFERENCE_P15_CELL_CYCLE_G1_S; KEGG_MEDICUS_REFERENCE_P16_CELL_CYCLE_G1_S; KEGG_MEDICUS_REFERENCE_P27_CELL_CYCLE_G1_S
SP_029_KERATINOCYTE_PATHWAY,29,BIOCARTA_KERATINOCYTE_PATHWAY,KERATINOCYTE PATHWAY,9,101,BIOCARTA_CERAMIDE_PATHWAY; BIOCARTA_KERATINOCYTE_PATHWAY; BIOCARTA_SODD_PATHWAY; KEGG_MEDICUS_REFERENCE_EXTRINSIC_APOPTOTIC_PATHWAY; KEGG_MEDICUS_REFERENCE_TNF_JNK_SIGNALING_PATHWAY; KEGG_MEDICUS_REFERENCE_TNF_P38_SIGNALING_PATHWAY; PID_CERAMIDE_PATHWAY; WP_NANOPARTICLE_TRIGGERED_REGULATED_NECROSIS; WP_PROSURVIVAL_SIGNALING_OF_NEUROPROTECTIN_D1
SP_030_HOSTPATHOGEN_INTERACTION_OF_HUMAN_CORONAVIRUSES_APOPTOSIS,30,WP_HOSTPATHOGEN_INTERACTION_OF_HUMAN_CORONAVIRUSES_APOPTOSIS,HOSTPATHOGEN INTERACTION OF HUMAN CORONAVIRUSES APOPTOSIS,13,79,BIOCARTA_CHEMICAL_PATHWAY; BIOCARTA_HSP27_PATHWAY; BIOCARTA_MITOCHONDRIA_PATHWAY; KEGG_MEDICUS_REFERENCE_CROSSTALK_BETWEEN_EXTRINSIC_AND_INTRINSIC_APOPTOTIC_PATHWAYS; KEGG_MEDICUS_REFERENCE_INTRINSIC_APOPTOTIC_PATHWAY; KEGG_MEDICUS_VARIANT_MUTATION_CAUSED_ABERRANT_ABETA_TO_CROSSTALK_BETWEEN_EXTRINSIC_AND_INTRINSIC_APOPTOTIC_PATHWAYS; REACTOME_APOPTOTIC_FACTOR_MEDIATED_RESPONSE; REACTOME_CYTOCHROME_C_MEDIATED_APOPTOTIC_RESPONSE; REACTOME_FORMATION_OF_APOPTOSOME; SA_PROGRAMMED_CELL_DEATH
SP_031_1Q211_COPY_NUMBER_VARIATION_SYNDROME,31,WP_1Q211_COPY_NUMBER_VARIATION_SYNDROME,1Q211 COPY NUMBER VARIATION SYNDROME,9,97,BIOCARTA_CHREBP_PATHWAY; BIOCARTA_LEPTIN_PATHWAY; REACTOME_ACTIVATION_OF_PPARGC1A_PGC_1ALPHA_BY_PHOSPHORYLATION; WP_1Q211_COPY_NUMBER_VARIATION_SYNDROME; WP_AGERELATED_MACULAR_DEGENERATION; WP_AMPK_REGULATION_OF_MAMMARY_MILK_PROTEIN_SYNTHESIS; WP_BEMPEDOIC_ACID_THERAPY_IN_ATHEROSCLEROSIS_AND_METABOLIC_SYNDROME; WP_LEPTIN_AND_ADIPONECTIN; WP_LIPID_METABOLISM_PATHWAY
SP_032_COMPLEMENT_SYSTEM_IN_NEURONAL_DEVELOPMENT_AND_PLASTICITY,32,WP_COMPLEMENT_SYSTEM_IN_NEURONAL_DEVELOPMENT_AND_PLASTICITY,COMPLEMENT SYSTEM IN NEURONAL DEVELOPMENT AND PLASTICITY,10,198,BIOCARTA_CLASSIC_PATHWAY; BIOCARTA_COMP_PATHWAY; BIOCARTA_LECTIN_PATHWAY; KEGG_COMPLEMENT_AND_COAGULATION_CASCADES; WP_COMPLEMENT_ACTIVATION; WP_COMPLEMENT_AND_COAGULATION_CASCADES; WP_COMPLEMENT_SYSTEM; WP_COMPLEMENT_SYSTEM_IN_NEURONAL_DEVELOPMENT_AND_PLASTICITY; WP_COMPLEMENTMEDIATED_INFLAMMATION_OF_PULMONARY_ALVEOLUS_IN_COVID19_HYPOTHETICAL_PATHWAY; WP_DENGUE2_INTERACTIONS_WITH_COMPLEMENT_AND_COAGULATION_CASCADES
SP_033_TRANSPORT_OF_MATURE_TRANSCRIPT_TO_CYTOPLASM,33,REACTOME_TRANSPORT_OF_MATURE_TRANSCRIPT_TO_CYTOPLASM,TRANSPORT OF MATURE TRANSCRIPT TO CYTOPLASM,5,104,BIOCARTA_CPSF_PATHWAY; REACTOME_PROCESSING_OF_CAPPED_INTRONLESS_PRE_MRNA; REACTOME_PROCESSING_OF_INTRONLESS_PRE_MRNAS; REACTOME_RNA_POLYMERASE_II_TRANSCRIPTION_TERMINATION; REACTOME_TRANSPORT_OF_MATURE_TRANSCRIPT_TO_CYTOPLASM
SP_034_GENERATION_OF_SECOND_MESSENGER_MOLECULES,34,REACTOME_GENERATION_OF_SECOND_MESSENGER_MOLECULES,GENERATION OF SECOND MESSENGER MOLECULES,12,106,BIOCARTA_CSK_PATHWAY; BIOCARTA_CTL_PATHWAY; BIOCARTA_CTLA4_PATHWAY; BIOCARTA_IL17_PATHWAY; BIOCARTA_TCRA_PATHWAY; BIOCARTA_TCYTOTOXIC_PATHWAY; BIOCARTA_THELPER_PATHWAY; KEGG_MEDICUS_REFERENCE_TCR_PLCG_ITPR_SIGNALING_PATHWAY; REACTOME_CO_INHIBITION_BY_PD_1; REACTOME_GENERATION_OF_SECOND_MESSENGER_MOLECULES
SP_035_INFLAM_PATHWAY,35,BIOCARTA_INFLAM_PATHWAY,INFLAM PATHWAY,6,52,BIOCARTA_CYTOKINE_PATHWAY; BIOCARTA_DC_PATHWAY; BIOCARTA_ERYTH_PATHWAY; BIOCARTA_INFLAM_PATHWAY; BIOCARTA_STEM_PATHWAY; WP_CYTOKINES_AND_INFLAMMATORY_RESPONSE
SP_036_APOPTOSIS_INDUCED_DNA_FRAGMENTATION,36,REACTOME_APOPTOSIS_INDUCED_DNA_FRAGMENTATION,APOPTOSIS INDUCED DNA FRAGMENTATION,3,24,BIOCARTA_DNAFRAGMENT_PATHWAY; BIOCARTA_SET_PATHWAY; REACTOME_APOPTOSIS_INDUCED_DNA_FRAGMENTATION
SP_037_SIG_BCR_SIGNALING_PATHWAY,37,SIG_BCR_SIGNALING_PATHWAY,SIG BCR SIGNALING PATHWAY,13,153,BIOCARTA_ECM_PATHWAY; BIOCARTA_ERK5_PATHWAY; BIOCARTA_HER2_PATHWAY; BIOCARTA_PTEN_PATHWAY; BIOCARTA_TFF_PATHWAY; BIOCARTA_TRKA_PATHWAY; PID_LYMPH_ANGIOGENESIS_PATHWAY; REACTOME_SIGNAL_ATTENUATION; SA_PTEN_PATHWAY; SA_TRKA_RECEPTOR
SP_038_S1P_RECEPTOR_SIGNAL_TRANSDUCTION,38,WP_S1P_RECEPTOR_SIGNAL_TRANSDUCTION,S1P RECEPTOR SIGNAL TRANSDUCTION,2,39,BIOCARTA_EDG1_PATHWAY; WP_S1P_RECEPTOR_SIGNAL_TRANSDUCTION
SP_039_EFP_PATHWAY,39,BIOCARTA_EFP_PATHWAY,EFP PATHWAY,1,16,BIOCARTA_EFP_PATHWAY
SP_040_EGFR_SMRTE_PATHWAY,40,BIOCARTA_EGFR_SMRTE_PATHWAY,EGFR SMRTE PATHWAY,1,11,BIOCARTA_EGFR_SMRTE_PATHWAY
SP_041_PROSTAGLANDIN_SYNTHESIS_AND_REGULATION,41,WP_PROSTAGLANDIN_SYNTHESIS_AND_REGULATION,PROSTAGLANDIN SYNTHESIS AND REGULATION,4,70,BIOCARTA_EICOSANOID_PATHWAY; REACTOME_EICOSANOID_LIGAND_BINDING_RECEPTORS; WP_PROSTAGLANDIN_SYNTHESIS_AND_REGULATION; WP_SMALL_LIGAND_GPCRS
SP_042_TRANSLATION_FACTORS,42,WP_TRANSLATION_FACTORS,TRANSLATION FACTORS,3,51,BIOCARTA_EIF_PATHWAY; WP_NSP1_FROM_SARSCOV2_INHIBITS_TRANSLATION_INITIATION_IN_THE_HOST_CELL; WP_TRANSLATION_FACTORS
SP_043_RESPONSE_OF_EIF2AK1_HRI_TO_HEME_DEFICIENCY,43,REACTOME_RESPONSE_OF_EIF2AK1_HRI_TO_HEME_DEFICIENCY,RESPONSE OF EIF2AK1 HRI TO HEME DEFICIENCY,2,21,BIOCARTA_EIF2_PATHWAY; REACTOME_RESPONSE_OF_EIF2AK1_HRI_TO_HEME_DEFICIENCY
SP_044_MTOR_SIGNALING_PATHWAY,44,KEGG_MTOR_SIGNALING_PATHWAY,MTOR SIGNALING PATHWAY,5,95,BIOCARTA_EIF4_PATHWAY; BIOCARTA_IGF1MTOR_PATHWAY; BIOCARTA_MTOR_PATHWAY; KEGG_MTOR_SIGNALING_PATHWAY; WP_TRANSLATION_INHIBITORS_IN_CHRONICALLY_ACTIVATED_PDGFRA_CELLS
SP_045_EPONFKB_PATHWAY,45,BIOCARTA_EPONFKB_PATHWAY,EPONFKB PATHWAY,1,11,BIOCARTA_EPONFKB_PATHWAY
SP_046_ERAD_PATHWAY,46,BIOCARTA_ERAD_PATHWAY,ERAD PATHWAY,1,19,BIOCARTA_ERAD_PATHWAY
SP_047_ETC_PATHWAY,47,BIOCARTA_ETC_PATHWAY,ETC PATHWAY,1,10,BIOCARTA_ETC_PATHWAY
SP_048_ETS_PATHWAY,48,BIOCARTA_ETS_PATHWAY,ETS PATHWAY,1,17,BIOCARTA_ETS_PATHWAY
SP_049_FREE_PATHWAY,49,BIOCARTA_FREE_PATHWAY,FREE PATHWAY,1,10,BIOCARTA_FREE_PATHWAY
SP_050_CYCLIN_A_B1_B2_ASSOCIATED_EVENTS_DURING_G2_M_TRANSITION,50,REACTOME_CYCLIN_A_B1_B2_ASSOCIATED_EVENTS_DURING_G2_M_TRANSITION,CYCLIN A B1 B2 ASSOCIATED EVENTS DURING G2 M TRANSITION,7,67,BIOCARTA_G2_PATHWAY; BIOCARTA_PTC1_PATHWAY; BIOCARTA_RB_PATHWAY; BIOCARTA_SRCRPTP_PATHWAY; KEGG_MEDICUS_REFERENCE_CDC25_CELL_CYCLE_G2_M; REACTOME_CYCLIN_A_B1_B2_ASSOCIATED_EVENTS_DURING_G2_M_TRANSITION; REACTOME_POLO_LIKE_KINASE_MEDIATED_EVENTS
SP_051_MBDNF_AND_PROBDNF_REGULATION_OF_GABA_NEUROTRANSMISSION,51,WP_MBDNF_AND_PROBDNF_REGULATION_OF_GABA_NEUROTRANSMISSION,MBDNF AND PROBDNF REGULATION OF GABA NEUROTRANSMISSION,3,53,BIOCARTA_GABA_PATHWAY; WP_GABA_RECEPTOR_SIGNALING; WP_MBDNF_AND_PROBDNF_REGULATION_OF_GABA_NEUROTRANSMISSION
SP_052_GHRELIN_PATHWAY,52,BIOCARTA_GHRELIN_PATHWAY,GHRELIN PATHWAY,1,13,BIOCARTA_GHRELIN_PATHWAY
SP_053_LAIR_PATHWAY,53,BIOCARTA_LAIR_PATHWAY,LAIR PATHWAY,5,28,BIOCARTA_GRANULOCYTES_PATHWAY; BIOCARTA_LAIR_PATHWAY; BIOCARTA_LYM_PATHWAY; BIOCARTA_MONOCYTE_PATHWAY; WP_CELLS_AND_MOLECULES_INVOLVED_IN_LOCAL_ACUTE_INFLAMMATORY_RESPONSE
SP_054_PS1_PATHWAY,54,PID_PS1_PATHWAY,PS1 PATHWAY,7,80,BIOCARTA_GSK3_PATHWAY; BIOCARTA_HES_PATHWAY; BIOCARTA_PITX2_PATHWAY; BIOCARTA_PS1_PATHWAY; BIOCARTA_WNT_PATHWAY; PID_PS1_PATHWAY; WP_REGULATION_OF_WNT_BCATENIN_SIGNALING_BY_SMALL_MOLECULE_COMPOUNDS
SP_055_THYROID_STIMULATING_HORMONE_TSH_SIGNALING,55,WP_THYROID_STIMULATING_HORMONE_TSH_SIGNALING,THYROID STIMULATING HORMONE TSH SIGNALING,8,137,BIOCARTA_HCMV_PATHWAY; BIOCARTA_RACCYCD_PATHWAY; BIOCARTA_RAS_PATHWAY; PID_AR_NONGENOMIC_PATHWAY; PID_CXCR3_PATHWAY; WP_4HYDROXYTAMOXIFEN_DEXAMETHASONE_AND_RETINOIC_ACIDS_REGULATION_OF_P27_EXPRESSION; WP_GNAQ_PATHWAYS_IN_PORTWINE_STAIN; WP_THYROID_STIMULATING_HORMONE_TSH_SIGNALING
SP_056_HIF_PATHWAY,56,BIOCARTA_HIF_PATHWAY,HIF PATHWAY,2,21,BIOCARTA_HIF_PATHWAY; REACTOME_REGULATION_OF_GENE_EXPRESSION_BY_HYPOXIA_INDUCIBLE_FACTOR
SP_057_THERMOGENESIS,57,WP_THERMOGENESIS,THERMOGENESIS,13,199,BIOCARTA_HSWI_SNF_PATHWAY; BIOCARTA_VDR_PATHWAY; KEGG_MEDICUS_REFERENCE_ADRB3_UCP1_SIGNALING_PATHWAY; REACTOME_ATP_DEPENDENT_CHROMATIN_REMODELERS; REACTOME_FORMATION_OF_NEURONAL_PROGENITOR_AND_NEURONAL_BAF_NPBAF_AND_NBAF; REACTOME_FORMATION_OF_THE_CANONICAL_BAF_CBAF_COMPLEX; REACTOME_FORMATION_OF_THE_EMBRYONIC_STEM_CELL_BAF_ESBAF_COMPLEX; REACTOME_FORMATION_OF_THE_NON_CANONICAL_BAF_NCBAF_COMPLEX; REACTOME_FORMATION_OF_THE_POLYBROMO_BAF_PBAF_COMPLEX; REACTOME_REGULATION_OF_MITF_M_DEPENDENT_GENES_INVOLVED_IN_PIGMENTATION
SP_058_INTERLEUKIN_20_FAMILY_SIGNALING,58,REACTOME_INTERLEUKIN_20_FAMILY_SIGNALING,INTERLEUKIN 20 FAMILY SIGNALING,5,35,BIOCARTA_IL10_PATHWAY; KEGG_MEDICUS_REFERENCE_IL10_FAMILY_TO_JAK_STAT_SIGNALING_PATHWAY; REACTOME_INTERLEUKIN_20_FAMILY_SIGNALING; WP_IL10_ANTIINFLAMMATORY_SIGNALING; WP_TYPE_III_INTERFERON_SIGNALING
SP_059_TH17_CELL_DIFFERENTIATION_PATHWAY,59,WP_TH17_CELL_DIFFERENTIATION_PATHWAY,TH17 CELL DIFFERENTIATION PATHWAY,5,120,BIOCARTA_IL12_PATHWAY; BIOCARTA_NO2IL12_PATHWAY; PID_IL12_2PATHWAY; PID_IL12_STAT4_PATHWAY; WP_TH17_CELL_DIFFERENTIATION_PATHWAY
SP_060_IL2_PI3K_PATHWAY,60,PID_IL2_PI3K_PATHWAY,IL2 PI3K PATHWAY,11,93,BIOCARTA_IL2_PATHWAY; BIOCARTA_IL7_PATHWAY; KEGG_MEDICUS_REFERENCE_IL2_FAMILY_TO_JAK_STAT_SIGNALING_PATHWAY; PID_IL2_PI3K_PATHWAY; PID_IL2_STAT5_PATHWAY; REACTOME_INTERLEUKIN_15_SIGNALING; REACTOME_INTERLEUKIN_2_SIGNALING; REACTOME_INTERLEUKIN_21_SIGNALING; WP_FOXP3_IN_COVID19; WP_IL7_SIGNALING
SP_061_IL4_2PATHWAY,61,PID_IL4_2PATHWAY,IL4 2PATHWAY,4,105,BIOCARTA_IL4_PATHWAY; PID_IL4_2PATHWAY; WP_IL19_SIGNALING; WP_IL4_SIGNALING
SP_062_LIS1_PATHWAY,62,PID_LIS1_PATHWAY,LIS1 PATHWAY,3,38,BIOCARTA_LIS1_PATHWAY; PID_LIS1_PATHWAY; WP_PAFAH1B1_COPY_NUMBER_VARIATION
SP_063_MAPK_PATHWAY,63,BIOCARTA_MAPK_PATHWAY,MAPK PATHWAY,3,90,BIOCARTA_MAPK_PATHWAY; BIOCARTA_P38MAPK_PATHWAY; WP_P38_MAPK_SIGNALING
SP_064_MCALPAIN_PATHWAY,64,BIOCARTA_MCALPAIN_PATHWAY,MCALPAIN PATHWAY,2,26,BIOCARTA_MCALPAIN_PATHWAY; BIOCARTA_UCALPAIN_PATHWAY
SP_065_DNA_REPLICATION,65,WP_DNA_REPLICATION,DNA REPLICATION,9,81,BIOCARTA_MCM_PATHWAY; KEGG_MEDICUS_REFERENCE_DNA_REPLICATION_LICENSING; KEGG_MEDICUS_REFERENCE_DNA_REPLICATION_TERMINATION; KEGG_MEDICUS_REFERENCE_PRE_IC_FORMATION; KEGG_MEDICUS_REFERENCE_TRAIP_DEPENDENT_REPLISOME_DISASSEMBLY; REACTOME_ACTIVATION_OF_ATR_IN_RESPONSE_TO_REPLICATION_STRESS; REACTOME_ACTIVATION_OF_THE_PRE_REPLICATIVE_COMPLEX; REACTOME_UNWINDING_OF_DNA; WP_DNA_REPLICATION
SP_066_MTA3_PATHWAY,66,BIOCARTA_MTA3_PATHWAY,MTA3 PATHWAY,1,18,BIOCARTA_MTA3_PATHWAY
SP_067_PAR1_PATHWAY,67,BIOCARTA_PAR1_PATHWAY,PAR1 PATHWAY,4,35,BIOCARTA_MYOSIN_PATHWAY; BIOCARTA_PAR1_PATHWAY; KEGG_MEDICUS_PATHOGEN_HCMV_US28_TO_GNA12_13_RHO_SIGNALING_PATHWAY; KEGG_MEDICUS_REFERENCE_LPA_GNA12_13_RHOA_SIGNALING_PATHWAY
SP_068_MICRORNAS_IN_CARDIOMYOCYTE_HYPERTROPHY,68,WP_MICRORNAS_IN_CARDIOMYOCYTE_HYPERTROPHY,MICRORNAS IN CARDIOMYOCYTE HYPERTROPHY,4,148,BIOCARTA_NFAT_PATHWAY; WP_CARDIAC_HYPERTROPHIC_RESPONSE; WP_MICRORNAS_IN_CARDIOMYOCYTE_HYPERTROPHY; WP_PHYSIOLOGICAL_AND_PATHOLOGICAL_HYPERTROPHY_OF_THE_HEART
SP_069_NKCELLS_PATHWAY,69,BIOCARTA_NKCELLS_PATHWAY,NKCELLS PATHWAY,1,20,BIOCARTA_NKCELLS_PATHWAY
SP_070_INFLAMMATORY_RESPONSE_PATHWAY,70,WP_INFLAMMATORY_RESPONSE_PATHWAY,INFLAMMATORY RESPONSE PATHWAY,4,56,BIOCARTA_NKT_PATHWAY; WP_CONTROL_OF_IMMUNE_TOLERANCE_BY_VASOACTIVE_INTESTINAL_PEPTIDE; WP_INFLAMMATORY_RESPONSE_PATHWAY; WP_SELECTIVE_EXPRESSION_OF_CHEMOKINE_RECEPTORS_DURING_TCELL_POLARIZATION
SP_071_NPC_PATHWAY,71,BIOCARTA_NPC_PATHWAY,NPC PATHWAY,2,16,BIOCARTA_NPC_PATHWAY; BIOCARTA_RANMS_PATHWAY
SP_072_NUCLEAR_RECEPTOR_TRANSCRIPTION_PATHWAY,72,REACTOME_NUCLEAR_RECEPTOR_TRANSCRIPTION_PATHWAY,NUCLEAR RECEPTOR TRANSCRIPTION PATHWAY,6,96,BIOCARTA_NUCLEARRS_PATHWAY; PID_RXR_VDR_PATHWAY; REACTOME_NUCLEAR_RECEPTOR_TRANSCRIPTION_PATHWAY; REACTOME_SUMOYLATION_OF_INTRACELLULAR_RECEPTORS; WP_NUCLEAR_RECEPTORS; WP_NUCLEAR_RECEPTORS_IN_LIPID_METABOLISM_AND_TOXICITY
SP_073_P53HYPOXIA_PATHWAY,73,BIOCARTA_P53HYPOXIA_PATHWAY,P53HYPOXIA PATHWAY,5,49,BIOCARTA_P53_PATHWAY; BIOCARTA_P53HYPOXIA_PATHWAY; KEGG_MEDICUS_PATHOGEN_EBV_EBNA1_TO_P53_MEDIATED_TRANSCRIPTION; KEGG_MEDICUS_PATHOGEN_EBV_EBNA3C_TO_P53_MEDIATED_TRANSCRIPTION; WP_TP53_NETWORK
SP_074_PCAF_PATHWAY,74,BIOCARTA_PCAF_PATHWAY,PCAF PATHWAY,1,13,BIOCARTA_PCAF_PATHWAY
SP_075_PDZS_PATHWAY,75,BIOCARTA_PDZS_PATHWAY,PDZS PATHWAY,1,18,BIOCARTA_PDZS_PATHWAY
SP_076_TID_PATHWAY,76,BIOCARTA_TID_PATHWAY,TID PATHWAY,2,31,BIOCARTA_PML_PATHWAY; BIOCARTA_TID_PATHWAY
SP_077_PPARA_PATHWAY,77,BIOCARTA_PPARA_PATHWAY,PPARA PATHWAY,1,52,BIOCARTA_PPARA_PATHWAY
SP_078_TRANSCRIPTIONAL_REGULATION_BY_E2F6,78,REACTOME_TRANSCRIPTIONAL_REGULATION_BY_E2F6,TRANSCRIPTIONAL REGULATION BY E2F6,5,61,BIOCARTA_PRC2_PATHWAY; KEGG_MEDICUS_REFERENCE_ACTIVATION_OF_PRC2.2_BY_UBIQUITINATION_OF_H2AK119; KEGG_MEDICUS_REFERENCE_ACTIVATION_OF_PRC2.2_BY_UBIQUITINATION_OF_H2AK119_IN_GERMLINE_GENES; REACTOME_TRANSCRIPTIONAL_REGULATION_BY_E2F6; WP_INTERACTOME_OF_POLYCOMB_REPRESSIVE_COMPLEX_2_PRC2
SP_079_PRION_PATHWAY,79,BIOCARTA_PRION_PATHWAY,PRION PATHWAY,1,12,BIOCARTA_PRION_PATHWAY
SP_080_CELLULAR_RESPONSE_TO_CHEMICAL_STRESS,80,REACTOME_CELLULAR_RESPONSE_TO_CHEMICAL_STRESS,CELLULAR RESPONSE TO CHEMICAL STRESS,83,1357,BIOCARTA_PROTEASOME_PATHWAY; KEGG_MEDICUS_REFERENCE_26S_PROTEASOME_MEDIATED_PROTEIN_DEGRADATION; KEGG_MEDICUS_VARIANT_MUTATION_CAUSED_ABERRANT_ABETA_TO_26S_PROTEASOME_MEDIATED_PROTEIN_DEGRADATION; KEGG_MEDICUS_VARIANT_MUTATION_CAUSED_ABERRANT_HTT_TO_26S_PROTEASOME_MEDIATED_PROTEIN_DEGRADATION; KEGG_MEDICUS_VARIANT_MUTATION_CAUSED_ABERRANT_SNCA_TO_26S_PROTEASOME_MEDIATED_PROTEIN_DEGRADATION; KEGG_MEDICUS_VARIANT_MUTATION_CAUSED_ABERRANT_SOD1_TO_26S_PROTEASOME_MEDIATED_PROTEIN_DEGRADATION; KEGG_MEDICUS_VARIANT_MUTATION_INACTIVATED_UBQLN2_TO_26S_PROTEASOME_MEDIATED_PROTEIN_DEGRADATION; KEGG_MEDICUS_VARIANT_MUTATION_INACTIVATED_VCP_TO_26S_PROTEASOME_MEDIATED_PROTEIN_DEGRADATION; KEGG_MEDICUS_VARIANT_SCRAPIE_CONFORMATION_PRPSC_TO_26S_PROTEASOME_MEDIATED_PROTEIN_DEGRADATION; KEGG_PROTEASOME
SP_081_PTDINS_PATHWAY,81,BIOCARTA_PTDINS_PATHWAY,PTDINS PATHWAY,1,23,BIOCARTA_PTDINS_PATHWAY
SP_082_RAB_PATHWAY,82,BIOCARTA_RAB_PATHWAY,RAB PATHWAY,1,13,BIOCARTA_RAB_PATHWAY
SP_083_RAC1_PATHWAY,83,BIOCARTA_RAC1_PATHWAY,RAC1 PATHWAY,1,21,BIOCARTA_RAC1_PATHWAY
SP_084_RACC_PATHWAY,84,BIOCARTA_RACC_PATHWAY,RACC PATHWAY,1,15,BIOCARTA_RACC_PATHWAY
SP_085_HDAC_CLASSI_PATHWAY,85,PID_HDAC_CLASSI_PATHWAY,HDAC CLASSI PATHWAY,4,86,BIOCARTA_RANBP2_PATHWAY; PID_HDAC_CLASSI_PATHWAY; PID_HDAC_CLASSII_PATHWAY; PID_RANBP2_PATHWAY
SP_086_HOSTPATHOGEN_INTERACTION_OF_HUMAN_CORONAVIRUSES_INTERFERON_I,86,WP_HOSTPATHOGEN_INTERACTION_OF_HUMAN_CORONAVIRUSES_INTERFERON_INDUCTION,HOSTPATHOGEN INTERACTION OF HUMAN CORONAVIRUSES INTERFERON INDUCTION,2,39,BIOCARTA_RANKL_PATHWAY; WP_HOSTPATHOGEN_INTERACTION_OF_HUMAN_CORONAVIRUSES_INTERFERON_INDUCTION
SP_087_RHOA_PATHWAY,87,PID_RHOA_PATHWAY,RHOA PATHWAY,2,57,BIOCARTA_RHO_PATHWAY; PID_RHOA_PATHWAY
SP_088_THE_PHOTOTRANSDUCTION_CASCADE,88,REACTOME_THE_PHOTOTRANSDUCTION_CASCADE,THE PHOTOTRANSDUCTION CASCADE,5,51,BIOCARTA_RHODOPSIN_PATHWAY; PID_CONE_PATHWAY; PID_RHODOPSIN_PATHWAY; REACTOME_ACTIVATION_OF_THE_PHOTOTRANSDUCTION_CASCADE; REACTOME_THE_PHOTOTRANSDUCTION_CASCADE
SP_089_HEDGEHOG_SIGNALING_WP4249,89,WP_HEDGEHOG_SIGNALING_WP4249,HEDGEHOG SIGNALING WP4249,6,65,BIOCARTA_SHH_PATHWAY; KEGG_MEDICUS_REFERENCE_HEDGEHOG_SIGNALING_PATHWAY; PID_HEDGEHOG_2PATHWAY; REACTOME_ACTIVATION_OF_SMO; WP_HEDGEHOG_SIGNALING_WP4249; WP_HEDGEHOG_SIGNALING_WP47
SP_090_SM_PATHWAY,90,BIOCARTA_SM_PATHWAY,SM PATHWAY,2,20,BIOCARTA_SM_PATHWAY; REACTOME_SLBP_DEPENDENT_PROCESSING_OF_REPLICATION_DEPENDENT_HISTONE_PRE_MRNAS
SP_091_TNF_RECEPTOR_SUPERFAMILY_TNFSF_MEMBERS_MEDIATING_NON_CANONIC,91,REACTOME_TNF_RECEPTOR_SUPERFAMILY_TNFSF_MEMBERS_MEDIATING_NON_CANONICAL_NF_KB_PATHWAY,TNF RECEPTOR SUPERFAMILY TNFSF MEMBERS MEDIATING NON CANONICAL NF KB PATHWAY,2,26,BIOCARTA_TALL1_PATHWAY; REACTOME_TNF_RECEPTOR_SUPERFAMILY_TNFSF_MEMBERS_MEDIATING_NON_CANONICAL_NF_KB_PATHWAY
SP_092_TEL_PATHWAY,92,BIOCARTA_TEL_PATHWAY,TEL PATHWAY,1,17,BIOCARTA_TEL_PATHWAY
SP_093_EXTRACELLULAR_VESICLEMEDIATED_SIGNALING_IN_RECIPIENT_CELLS,93,WP_EXTRACELLULAR_VESICLEMEDIATED_SIGNALING_IN_RECIPIENT_CELLS,EXTRACELLULAR VESICLEMEDIATED SIGNALING IN RECIPIENT CELLS,5,67,BIOCARTA_TGFB_PATHWAY; BIOCARTA_TOB1_PATHWAY; WP_CANONICAL_AND_NONCANONICAL_TGFB_SIGNALING; WP_EXTRACELLULAR_VESICLEMEDIATED_SIGNALING_IN_RECIPIENT_CELLS; WP_TGFB_SMAD_SIGNALING
SP_094_VEGF_PATHWAY,94,BIOCARTA_VEGF_PATHWAY,VEGF PATHWAY,2,43,BIOCARTA_VEGF_PATHWAY; WP_ANGIOGENESIS
SP_095_ABC_FAMILY_PROTEINS_MEDIATED_TRANSPORT,95,REACTOME_ABC_FAMILY_PROTEINS_MEDIATED_TRANSPORT,ABC FAMILY PROTEINS MEDIATED TRANSPORT,3,99,KEGG_ABC_TRANSPORTERS; REACTOME_ABC_FAMILY_PROTEINS_MEDIATED_TRANSPORT; REACTOME_ABC_TRANSPORTERS_IN_LIPID_HOMEOSTASIS
SP_096_ADHERENS_JUNCTION,96,KEGG_ADHERENS_JUNCTION,ADHERENS JUNCTION,1,73,KEGG_ADHERENS_JUNCTION
SP_097_ADIPOCYTOKINE_SIGNALING_PATHWAY,97,KEGG_ADIPOCYTOKINE_SIGNALING_PATHWAY,ADIPOCYTOKINE SIGNALING PATHWAY,2,111,KEGG_ADIPOCYTOKINE_SIGNALING_PATHWAY; WP_AMPACTIVATED_PROTEIN_KINASE_SIGNALING
SP_098_ALANINE_ASPARTATE_AND_GLUTAMATE_METABOLISM,98,KEGG_ALANINE_ASPARTATE_AND_GLUTAMATE_METABOLISM,ALANINE ASPARTATE AND GLUTAMATE METABOLISM,3,39,KEGG_ALANINE_ASPARTATE_AND_GLUTAMATE_METABOLISM; WP_ALANINE_AND_ASPARTATE_METABOLISM; WP_GABA_METABOLISM_AKA_GHB
SP_099_ALDOSTERONE_REGULATED_SODIUM_REABSORPTION,99,KEGG_ALDOSTERONE_REGULATED_SODIUM_REABSORPTION,ALDOSTERONE REGULATED SODIUM REABSORPTION,2,56,KEGG_ALDOSTERONE_REGULATED_SODIUM_REABSORPTION; KEGG_PROXIMAL_TUBULE_BICARBONATE_RECLAMATION
SP_100_PHOSPHOLIPID_METABOLISM,100,REACTOME_PHOSPHOLIPID_METABOLISM,PHOSPHOLIPID METABOLISM,13,260,KEGG_ALPHA_LINOLENIC_ACID_METABOLISM; KEGG_ETHER_LIPID_METABOLISM; KEGG_GLYCEROPHOSPHOLIPID_METABOLISM; KEGG_LINOLEIC_ACID_METABOLISM; REACTOME_ACYL_CHAIN_REMODELLING_OF_PC; REACTOME_ACYL_CHAIN_REMODELLING_OF_PE; REACTOME_ACYL_CHAIN_REMODELLING_OF_PG; REACTOME_ACYL_CHAIN_REMODELLING_OF_PI; REACTOME_ACYL_CHAIN_REMODELLING_OF_PS; REACTOME_GLYCEROPHOSPHOLIPID_BIOSYNTHESIS
SP_101_AMINO_SUGAR_AND_NUCLEOTIDE_SUGAR_METABOLISM,101,KEGG_AMINO_SUGAR_AND_NUCLEOTIDE_SUGAR_METABOLISM,AMINO SUGAR AND NUCLEOTIDE SUGAR METABOLISM,3,59,KEGG_AMINO_SUGAR_AND_NUCLEOTIDE_SUGAR_METABOLISM; KEGG_GALACTOSE_METABOLISM; WP_UDPDERIVED_SUGARS_SYNTHESIS_IN_FIBROBLASTS
SP_102_TRNA_AMINOACYLATION,102,REACTOME_TRNA_AMINOACYLATION,TRNA AMINOACYLATION,4,46,KEGG_AMINOACYL_TRNA_BIOSYNTHESIS; REACTOME_CYTOSOLIC_TRNA_AMINOACYLATION; REACTOME_MITOCHONDRIAL_TRNA_AMINOACYLATION; REACTOME_TRNA_AMINOACYLATION
SP_103_AMYOTROPHIC_LATERAL_SCLEROSIS_ALS,103,KEGG_AMYOTROPHIC_LATERAL_SCLEROSIS_ALS,AMYOTROPHIC LATERAL SCLEROSIS ALS,2,56,KEGG_AMYOTROPHIC_LATERAL_SCLEROSIS_ALS; WP_AMYOTROPHIC_LATERAL_SCLEROSIS_ALS
SP_104_ANTIGEN_PROCESSING_AND_PRESENTATION,104,KEGG_ANTIGEN_PROCESSING_AND_PRESENTATION,ANTIGEN PROCESSING AND PRESENTATION,1,88,KEGG_ANTIGEN_PROCESSING_AND_PRESENTATION
SP_105_FATTY_ACID_METABOLISM,105,REACTOME_FATTY_ACID_METABOLISM,FATTY ACID METABOLISM,10,238,KEGG_ARACHIDONIC_ACID_METABOLISM; REACTOME_ARACHIDONATE_METABOLISM; REACTOME_BIOSYNTHESIS_OF_SPECIALIZED_PRORESOLVING_MEDIATORS_SPMS; REACTOME_FATTY_ACID_METABOLISM; REACTOME_SYNTHESIS_OF_PROSTAGLANDINS_PG_AND_THROMBOXANES_TX; WP_EICOSANOID_SYNTHESIS; WP_OCTADECANOID_FORMATION_FROM_LINOLEIC_ACID; WP_OMEGA3FATTY_ACIDS_IN_SENESCENCE; WP_OMEGA6FATTY_ACIDS_IN_SENESCENCE; WP_PROSTAGLANDIN_AND_LEUKOTRIENE_METABOLISM_IN_SENESCENCE
SP_106_ARGININE_AND_PROLINE_METABOLISM,106,KEGG_ARGININE_AND_PROLINE_METABOLISM,ARGININE AND PROLINE METABOLISM,5,67,KEGG_ARGININE_AND_PROLINE_METABOLISM; REACTOME_UREA_CYCLE; WP_BIOMARKERS_FOR_UREA_CYCLE_DISORDERS; WP_UREA_CYCLE_AND_ASSOCIATED_PATHWAYS; WP_UREA_CYCLE_AND_METABOLISM_OF_AMINO_GROUPS
SP_107_DILATED_CARDIOMYOPATHY,107,KEGG_DILATED_CARDIOMYOPATHY,DILATED CARDIOMYOPATHY,12,182,KEGG_ARRHYTHMOGENIC_RIGHT_VENTRICULAR_CARDIOMYOPATHY_ARVC; KEGG_DILATED_CARDIOMYOPATHY; KEGG_HYPERTROPHIC_CARDIOMYOPATHY_HCM; KEGG_MEDICUS_REFERENCE_ITGA_B_FAK_CDC42_SIGNALING_PATHWAY; KEGG_MEDICUS_REFERENCE_ITGA_B_FAK_RAC_SIGNALING_PATHWAY; KEGG_MEDICUS_REFERENCE_ITGA_B_RHOG_RAC_SIGNALING_PATHWAY; KEGG_MEDICUS_REFERENCE_ITGA_B_RHOGAP_RHOA_SIGNALING_PATHWAY; KEGG_MEDICUS_REFERENCE_ITGA_B_RHOGEF_RHOA_SIGNALING_PATHWAY; KEGG_MEDICUS_REFERENCE_ITGA_B_TALIN_VINCULIN_SIGNALING_PATHWAY; PID_ARF6_TRAFFICKING_PATHWAY
SP_108_BIOLOGICAL_OXIDATIONS,108,REACTOME_BIOLOGICAL_OXIDATIONS,BIOLOGICAL OXIDATIONS,16,458,KEGG_ASCORBATE_AND_ALDARATE_METABOLISM; KEGG_DRUG_METABOLISM_CYTOCHROME_P450; KEGG_DRUG_METABOLISM_OTHER_ENZYMES; KEGG_METABOLISM_OF_XENOBIOTICS_BY_CYTOCHROME_P450; KEGG_PENTOSE_AND_GLUCURONATE_INTERCONVERSIONS; KEGG_PORPHYRIN_AND_CHLOROPHYLL_METABOLISM; KEGG_RETINOL_METABOLISM; KEGG_STARCH_AND_SUCROSE_METABOLISM; KEGG_STEROID_HORMONE_BIOSYNTHESIS; REACTOME_ASPIRIN_ADME
SP_109_AXON_GUIDANCE,109,KEGG_AXON_GUIDANCE,AXON GUIDANCE,2,154,KEGG_AXON_GUIDANCE; WP_AXON_GUIDANCE
SP_110_T_CELL_RECEPTOR_SIGNALING_PATHWAY,110,KEGG_T_CELL_RECEPTOR_SIGNALING_PATHWAY,T CELL RECEPTOR SIGNALING PATHWAY,10,298,KEGG_B_CELL_RECEPTOR_SIGNALING_PATHWAY; KEGG_T_CELL_RECEPTOR_SIGNALING_PATHWAY; PID_BCR_5PATHWAY; PID_CD8_TCR_PATHWAY; PID_FCER1_PATHWAY; PID_TCR_PATHWAY; WP_B_CELL_RECEPTOR_SIGNALING; WP_MODULATORS_OF_TCR_SIGNALING_AND_T_CELL_ACTIVATION; WP_TCELL_ACTIVATION_SARSCOV2; WP_TCELL_RECEPTOR_SIGNALING
SP_111_BASAL_TRANSCRIPTION_FACTORS,111,KEGG_BASAL_TRANSCRIPTION_FACTORS,BASAL TRANSCRIPTION FACTORS,1,35,KEGG_BASAL_TRANSCRIPTION_FACTORS
SP_112_DNA_REPAIR,112,REACTOME_DNA_REPAIR,DNA REPAIR,39,371,KEGG_BASE_EXCISION_REPAIR; KEGG_DNA_REPLICATION; KEGG_MEDICUS_REFERENCE_CORE_NER_REACTION; KEGG_MEDICUS_REFERENCE_GLOBAL_GENOME_NER; KEGG_MEDICUS_REFERENCE_LONG_PATCH_BER; KEGG_MEDICUS_REFERENCE_MISMATCH_REPAIR; KEGG_MEDICUS_REFERENCE_OKAZAKI_FRAGMENT_MATURATION; KEGG_MEDICUS_REFERENCE_ORIGIN_UNWINDING_AND_ELONGATION; KEGG_MISMATCH_REPAIR; KEGG_NUCLEOTIDE_EXCISION_REPAIR
SP_113_PYRUVATE_METABOLISM,113,KEGG_PYRUVATE_METABOLISM,PYRUVATE METABOLISM,5,87,KEGG_BETA_ALANINE_METABOLISM; KEGG_BUTANOATE_METABOLISM; KEGG_LIMONENE_AND_PINENE_DEGRADATION; KEGG_PROPANOATE_METABOLISM; KEGG_PYRUVATE_METABOLISM
SP_114_BIOSYNTHESIS_OF_UNSATURATED_FATTY_ACIDS,114,KEGG_BIOSYNTHESIS_OF_UNSATURATED_FATTY_ACIDS,BIOSYNTHESIS OF UNSATURATED FATTY ACIDS,4,36,KEGG_BIOSYNTHESIS_OF_UNSATURATED_FATTY_ACIDS; REACTOME_ALPHA_LINOLENIC_OMEGA3_AND_LINOLEIC_OMEGA6_ACID_METABOLISM; WP_OMEGA3_OMEGA6_FATTY_ACID_SYNTHESIS; WP_OMEGA9_FATTY_ACID_SYNTHESIS
SP_115_CALCIUM_SIGNALING_PATHWAY,115,KEGG_CALCIUM_SIGNALING_PATHWAY,CALCIUM SIGNALING PATHWAY,2,179,KEGG_CALCIUM_SIGNALING_PATHWAY; KEGG_MEDICUS_REFERENCE_GPCR_PLCB_ITPR_SIGNALING_PATHWAY
SP_116_CARDIAC_MUSCLE_CONTRACTION,116,KEGG_CARDIAC_MUSCLE_CONTRACTION,CARDIAC MUSCLE CONTRACTION,7,153,KEGG_CARDIAC_MUSCLE_CONTRACTION; KEGG_MEDICUS_ENV_FACTOR_ARSENIC_TO_ELECTRON_TRANSFER_IN_COMPLEX_IV; KEGG_MEDICUS_REFERENCE_ELECTRON_TRANSFER_IN_COMPLEX_IV; KEGG_MEDICUS_VARIANT_MUTATION_CAUSED_ABERRANT_ABETA_TO_ELECTRON_TRANSFER_IN_COMPLEX_IV; REACTOME_COMPLEX_IV_ASSEMBLY; REACTOME_CYTOPROTECTION_BY_HMOX1; WP_MITOCHONDRIAL_COMPLEX_IV_ASSEMBLY
SP_117_CELL_ADHESION_MOLECULES_CAMS,117,KEGG_CELL_ADHESION_MOLECULES_CAMS,CELL ADHESION MOLECULES CAMS,1,133,KEGG_CELL_ADHESION_MOLECULES_CAMS
SP_118_CELL_CYCLE,118,KEGG_CELL_CYCLE,CELL CYCLE,6,232,KEGG_CELL_CYCLE; KEGG_P53_SIGNALING_PATHWAY; WP_CELL_CYCLE; WP_DNA_DAMAGE_RESPONSE; WP_G1_TO_S_CELL_CYCLE_CONTROL; WP_MIRNA_REGULATION_OF_DNA_DAMAGE_RESPONSE
SP_119_CYTOKINE_CYTOKINE_RECEPTOR_INTERACTION,119,KEGG_CYTOKINE_CYTOKINE_RECEPTOR_INTERACTION,CYTOKINE CYTOKINE RECEPTOR INTERACTION,6,442,KEGG_CHEMOKINE_SIGNALING_PATHWAY; KEGG_CYTOKINE_CYTOKINE_RECEPTOR_INTERACTION; REACTOME_CHEMOKINE_RECEPTORS_BIND_CHEMOKINES; WP_CHEMOKINE_SIGNALING; WP_CYTOKINECYTOKINE_RECEPTOR_INTERACTION; WP_OVERVIEW_OF_PROINFLAMMATORY_AND_PROFIBROTIC_MEDIATORS
SP_120_MELATONIN_METABOLISM_AND_EFFECTS,120,WP_MELATONIN_METABOLISM_AND_EFFECTS,MELATONIN METABOLISM AND EFFECTS,7,66,KEGG_CIRCADIAN_RHYTHM_MAMMAL; PID_CIRCADIAN_PATHWAY; REACTOME_PHOSPHORYLATED_BMAL1_CLOCK_ARNTL_CLOCK_ACTIVATES_EXPRESSION_OF_CORE_CLOCK_GENES; REACTOME_PHOSPHORYLATION_AND_NUCLEAR_TRANSLOCATION_OF_THE_CRY_PER_KINASE_COMPLEX; REACTOME_PHOSPHORYLATION_OF_CLOCK_ACETYLATION_OF_BMAL1_ARNTL_AT_TARGET_GENE_PROMOTERS; REACTOME_THE_CRY_PER_KINASE_COMPLEX_REPRESSES_TRANSACTIVATION_BY_THE_BMAL_CLOCK_ARNTL_CLOCK_COMPLEX; WP_MELATONIN_METABOLISM_AND_EFFECTS
SP_121_CITRIC_ACID_CYCLE_TCA_CYCLE,121,REACTOME_CITRIC_ACID_CYCLE_TCA_CYCLE,CITRIC ACID CYCLE TCA CYCLE,6,48,KEGG_CITRATE_CYCLE_TCA_CYCLE; KEGG_MEDICUS_REFERENCE_CITRATE_CYCLE_SECOND_CARBON_OXIDATION_2; REACTOME_CITRIC_ACID_CYCLE_TCA_CYCLE; REACTOME_MATURATION_OF_TCA_ENZYMES_AND_REGULATION_OF_TCA_CYCLE; WP_TCA_CYCLE_AKA_KREBS_OR_CITRIC_ACID_CYCLE; WP_TCA_CYCLE_AND_DEFICIENCY_OF_PYRUVATE_DEHYDROGENASE_COMPLEX_PDHC
SP_122_CYSTEINE_AND_METHIONINE_METABOLISM,122,KEGG_CYSTEINE_AND_METHIONINE_METABOLISM,CYSTEINE AND METHIONINE METABOLISM,5,54,KEGG_CYSTEINE_AND_METHIONINE_METABOLISM; KEGG_MEDICUS_REFERENCE_METHIONINE_DEGRADATION; REACTOME_METHYLATION; WP_METHIONINE_DE_NOVO_AND_SALVAGE_PATHWAY; WP_SPINA_BIFIDA
SP_123_CYTOSOLIC_DNASENSING_PATHWAY,123,WP_CYTOSOLIC_DNASENSING_PATHWAY,CYTOSOLIC DNASENSING PATHWAY,9,139,KEGG_CYTOSOLIC_DNA_SENSING_PATHWAY; KEGG_RNA_POLYMERASE; REACTOME_CYTOSOLIC_SENSORS_OF_PATHOGEN_ASSOCIATED_DNA; REACTOME_RNA_POLYMERASE_III_CHAIN_ELONGATION; REACTOME_RNA_POLYMERASE_III_TRANSCRIPTION; REACTOME_RNA_POLYMERASE_III_TRANSCRIPTION_INITIATION_FROM_TYPE_1_PROMOTER; REACTOME_RNA_POLYMERASE_III_TRANSCRIPTION_INITIATION_FROM_TYPE_3_PROMOTER; REACTOME_RNA_POLYMERASE_III_TRANSCRIPTION_TERMINATION; WP_CYTOSOLIC_DNASENSING_PATHWAY
SP_124_INTEGRIN_CELL_SURFACE_INTERACTIONS,124,REACTOME_INTEGRIN_CELL_SURFACE_INTERACTIONS,INTEGRIN CELL SURFACE INTERACTIONS,7,196,KEGG_ECM_RECEPTOR_INTERACTION; PID_INTEGRIN1_PATHWAY; PID_INTEGRIN3_PATHWAY; REACTOME_ECM_PROTEOGLYCANS; REACTOME_INTEGRIN_CELL_SURFACE_INTERACTIONS; REACTOME_SYNDECAN_INTERACTIONS; WP_MIRNA_TARGETS_IN_ECM_AND_MEMBRANE_RECEPTORS
SP_125_ENDOCYTOSIS,125,KEGG_ENDOCYTOSIS,ENDOCYTOSIS,1,181,KEGG_ENDOCYTOSIS
SP_126_EGFEGFR_SIGNALING,126,WP_EGFEGFR_SIGNALING,EGFEGFR SIGNALING,13,603,KEGG_ERBB_SIGNALING_PATHWAY; KEGG_INSULIN_SIGNALING_PATHWAY; KEGG_NEUROTROPHIN_SIGNALING_PATHWAY; PID_ERBB1_DOWNSTREAM_PATHWAY; PID_ERBB2_ERBB3_PATHWAY; PID_PDGFRB_PATHWAY; WP_ANGIOPOIETINLIKE_PROTEIN_8_REGULATORY_PATHWAY; WP_BRAINDERIVED_NEUROTROPHIC_FACTOR_BDNF_SIGNALING; WP_EGFEGFR_SIGNALING; WP_EGFR_TYROSINE_KINASE_INHIBITOR_RESISTANCE
SP_127_FATTY_ACID_METABOLISM,127,KEGG_FATTY_ACID_METABOLISM,FATTY ACID METABOLISM,8,87,KEGG_FATTY_ACID_METABOLISM; KEGG_MEDICUS_REFERENCE_BETA_OXIDATION; KEGG_MEDICUS_REFERENCE_ISOLEUCINE_DEGRADATION; REACTOME_MITOCHONDRIAL_FATTY_ACID_BETA_OXIDATION; REACTOME_MITOCHONDRIAL_FATTY_ACID_BETA_OXIDATION_OF_SATURATED_FATTY_ACIDS; WP_FATTY_ACID_BETAOXIDATION; WP_MITOCHONDRIAL_FATTY_ACID_OXIDATION_DISORDERS; WP_MITOCHONDRIAL_LONG_CHAIN_FATTY_ACID_BETAOXIDATION
SP_128_FC_GAMMA_R_MEDIATED_PHAGOCYTOSIS,128,KEGG_FC_GAMMA_R_MEDIATED_PHAGOCYTOSIS,FC GAMMA R MEDIATED PHAGOCYTOSIS,3,166,KEGG_FC_EPSILON_RI_SIGNALING_PATHWAY; KEGG_FC_GAMMA_R_MEDIATED_PHAGOCYTOSIS; KEGG_VEGF_SIGNALING_PATHWAY
SP_129_PLEURAL_MESOTHELIOMA,129,WP_PLEURAL_MESOTHELIOMA,PLEURAL MESOTHELIOMA,8,860,KEGG_FOCAL_ADHESION; KEGG_REGULATION_OF_ACTIN_CYTOSKELETON; WP_FOCAL_ADHESION; WP_FOCAL_ADHESION_PI3KAKTMTORSIGNALING; WP_INTEGRINMEDIATED_CELL_ADHESION; WP_PI3KAKT_SIGNALING; WP_PLEURAL_MESOTHELIOMA; WP_REGULATION_OF_ACTIN_CYTOSKELETON
SP_130_FOLATE_BIOSYNTHESIS,130,KEGG_FOLATE_BIOSYNTHESIS,FOLATE BIOSYNTHESIS,1,11,KEGG_FOLATE_BIOSYNTHESIS
SP_131_FRUCTOSE_AND_MANNOSE_METABOLISM,131,KEGG_FRUCTOSE_AND_MANNOSE_METABOLISM,FRUCTOSE AND MANNOSE METABOLISM,2,41,KEGG_FRUCTOSE_AND_MANNOSE_METABOLISM; WP_DISORDERS_OF_FRUCTOSE_METABOLISM
SP_132_VASCULAR_SMOOTH_MUSCLE_CONTRACTION,132,KEGG_VASCULAR_SMOOTH_MUSCLE_CONTRACTION,VASCULAR SMOOTH MUSCLE CONTRACTION,6,252,KEGG_GAP_JUNCTION; KEGG_GNRH_SIGNALING_PATHWAY; KEGG_LONG_TERM_DEPRESSION; KEGG_LONG_TERM_POTENTIATION; KEGG_VASCULAR_SMOOTH_MUSCLE_CONTRACTION; WP_COMMON_PATHWAYS_UNDERLYING_DRUG_ADDICTION
SP_133_GLUTATHIONE_METABOLISM,133,KEGG_GLUTATHIONE_METABOLISM,GLUTATHIONE METABOLISM,5,66,KEGG_GLUTATHIONE_METABOLISM; KEGG_MEDICUS_ENV_FACTOR_DCE_TO_DNA_ADDUCTS; KEGG_MEDICUS_ENV_FACTOR_TCDD_TO_AHR_SIGNALING_PATHWAY; KEGG_MEDICUS_REFERENCE_KEAP1_NRF2_SIGNALING_PATHWAY; REACTOME_GLUTATHIONE_CONJUGATION
SP_134_GLYCEROLIPID_METABOLISM,134,KEGG_GLYCEROLIPID_METABOLISM,GLYCEROLIPID METABOLISM,3,63,KEGG_GLYCEROLIPID_METABOLISM; REACTOME_TRIGLYCERIDE_BIOSYNTHESIS; WP_TRIACYLGLYCERIDE_SYNTHESIS
SP_135_TRANSSULFURATION_ONECARBON_METABOLISM_AND_RELATED_PATHWAYS,135,WP_TRANSSULFURATION_ONECARBON_METABOLISM_AND_RELATED_PATHWAYS,TRANSSULFURATION ONECARBON METABOLISM AND RELATED PATHWAYS,2,86,KEGG_GLYCINE_SERINE_AND_THREONINE_METABOLISM; WP_TRANSSULFURATION_ONECARBON_METABOLISM_AND_RELATED_PATHWAYS
SP_136_METABOLIC_EPILEPTIC_DISORDERS,136,WP_METABOLIC_EPILEPTIC_DISORDERS,METABOLIC EPILEPTIC DISORDERS,9,179,KEGG_GLYCOLYSIS_GLUCONEOGENESIS; KEGG_MEDICUS_REFERENCE_GLYCOLYSIS; REACTOME_GLUCONEOGENESIS; REACTOME_GLUCOSE_METABOLISM; WP_AEROBIC_GLYCOLYSIS_AUGMENTED; WP_CORI_CYCLE; WP_GLYCOLYSIS_AND_GLUCONEOGENESIS; WP_GLYCOLYSIS_IN_SENESCENCE; WP_METABOLIC_EPILEPTIC_DISORDERS
SP_137_GLYCOSAMINOGLYCAN_SYNTHESIS_IN_FIBROBLASTS,137,WP_GLYCOSAMINOGLYCAN_SYNTHESIS_IN_FIBROBLASTS,GLYCOSAMINOGLYCAN SYNTHESIS IN FIBROBLASTS,6,56,KEGG_GLYCOSAMINOGLYCAN_BIOSYNTHESIS_CHONDROITIN_SULFATE; KEGG_GLYCOSAMINOGLYCAN_BIOSYNTHESIS_HEPARAN_SULFATE; KEGG_MEDICUS_REFERENCE_HEPARAN_SULFATE_BIOSYNTHESIS; REACTOME_CHONDROITIN_SULFATE_BIOSYNTHESIS; WP_GLYCOSAMINOGLYCAN_SYNTHESIS_IN_FIBROBLASTS; WP_PROTEOGLYCAN_BIOSYNTHESIS
SP_138_KERATAN_SULFATE_KERATIN_METABOLISM,138,REACTOME_KERATAN_SULFATE_KERATIN_METABOLISM,KERATAN SULFATE KERATIN METABOLISM,4,38,KEGG_GLYCOSAMINOGLYCAN_BIOSYNTHESIS_KERATAN_SULFATE; REACTOME_KERATAN_SULFATE_BIOSYNTHESIS; REACTOME_KERATAN_SULFATE_DEGRADATION; REACTOME_KERATAN_SULFATE_KERATIN_METABOLISM
SP_139_GLYCOSAMINOGLYCAN_DEGRADATION,139,KEGG_GLYCOSAMINOGLYCAN_DEGRADATION,GLYCOSAMINOGLYCAN DEGRADATION,5,32,KEGG_GLYCOSAMINOGLYCAN_DEGRADATION; REACTOME_HYALURONAN_METABOLISM; REACTOME_HYALURONAN_UPTAKE_AND_DEGRADATION; REACTOME_MUCOPOLYSACCHARIDOSES; WP_GLYCOSAMINOGLYCAN_DEGRADATION
SP_140_GLYCOSPHINGOLIPID_METABOLISM,140,WP_GLYCOSPHINGOLIPID_METABOLISM,GLYCOSPHINGOLIPID METABOLISM,6,46,KEGG_GLYCOSPHINGOLIPID_BIOSYNTHESIS_GANGLIO_SERIES; KEGG_GLYCOSPHINGOLIPID_BIOSYNTHESIS_GLOBO_SERIES; REACTOME_GLYCOSPHINGOLIPID_BIOSYNTHESIS; WP_GANGLIO_SERIES_SPHINGOLIPID_METABOLISM; WP_GANGLIO_SPHINGOLIPID_METABOLISM; WP_GLYCOSPHINGOLIPID_METABOLISM
SP_141_POST_TRANSLATIONAL_MODIFICATION_SYNTHESIS_OF_GPI_ANCHORED_PR,141,REACTOME_POST_TRANSLATIONAL_MODIFICATION_SYNTHESIS_OF_GPI_ANCHORED_PROTEINS,POST TRANSLATIONAL MODIFICATION SYNTHESIS OF GPI ANCHORED PROTEINS,5,96,KEGG_GLYCOSYLPHOSPHATIDYLINOSITOL_GPI_ANCHOR_BIOSYNTHESIS; KEGG_MEDICUS_REFERENCE_GPI_ANCHOR_BIOSYNTHESIS; REACTOME_POST_TRANSLATIONAL_MODIFICATION_SYNTHESIS_OF_GPI_ANCHORED_PROTEINS; REACTOME_SYNTHESIS_OF_GLYCOSYLPHOSPHATIDYLINOSITOL_GPI; WP_GLYCOSYLPHOSPHATIDYL_INOSITOL_ANCHOR_PATHWAY
SP_142_GLYOXYLATE_AND_DICARBOXYLATE_METABOLISM,142,KEGG_GLYOXYLATE_AND_DICARBOXYLATE_METABOLISM,GLYOXYLATE AND DICARBOXYLATE METABOLISM,1,16,KEGG_GLYOXYLATE_AND_DICARBOXYLATE_METABOLISM
SP_143_WNT_SIGNALING_PATHWAY,143,KEGG_WNT_SIGNALING_PATHWAY,WNT SIGNALING PATHWAY,16,418,KEGG_HEDGEHOG_SIGNALING_PATHWAY; KEGG_MEDICUS_REFERENCE_WNT_SIGNALING_MODULATION_WNT_ACYLATION; KEGG_MEDICUS_REFERENCE_WNT_SIGNALING_MODULATION_WNT_INHIBITOR; KEGG_MEDICUS_REFERENCE_WNT_SIGNALING_PATHWAY; KEGG_MEDICUS_VARIANT_FZD7_OVEREXPRESSION_TO_WNT_SIGNALING_PATHWAY; KEGG_MEDICUS_VARIANT_LRP6_OVEREXPRESSION_TO_WNT_SIGNALING_PATHWAY; KEGG_MEDICUS_VARIANT_MUTATION_ACTIVATED_SMO_TO_HEDGEHOG_SIGNALING_PATHWAY; KEGG_MEDICUS_VARIANT_MUTATION_INACTIVATED_PTCH1_TO_HEDGEHOG_SIGNALING_PATHWAY; KEGG_MELANOGENESIS; KEGG_WNT_SIGNALING_PATHWAY
SP_144_HEMATOPOIETIC_CELL_LINEAGE,144,KEGG_HEMATOPOIETIC_CELL_LINEAGE,HEMATOPOIETIC CELL LINEAGE,1,87,KEGG_HEMATOPOIETIC_CELL_LINEAGE
SP_145_TYROSINE_METABOLISM,145,KEGG_TYROSINE_METABOLISM,TYROSINE METABOLISM,3,59,KEGG_HISTIDINE_METABOLISM; KEGG_PHENYLALANINE_METABOLISM; KEGG_TYROSINE_METABOLISM
SP_146_HDR_THROUGH_HOMOLOGOUS_RECOMBINATION_HRR,146,REACTOME_HDR_THROUGH_HOMOLOGOUS_RECOMBINATION_HRR,HDR THROUGH HOMOLOGOUS RECOMBINATION HRR,11,91,KEGG_HOMOLOGOUS_RECOMBINATION; KEGG_MEDICUS_REFERENCE_DNA_END_RESECTION_AND_RPA_LOADING; KEGG_MEDICUS_REFERENCE_HOMOLOGOUS_RECOMBINATION; KEGG_MEDICUS_REFERENCE_HOMOLOGOUS_RECOMBINATION_IN_ICLR; KEGG_MEDICUS_REFERENCE_RAD51_DSDNA_DESTABILIZATION; REACTOME_HDR_THROUGH_HOMOLOGOUS_RECOMBINATION_HRR; REACTOME_HDR_THROUGH_SINGLE_STRAND_ANNEALING_SSA; REACTOME_HOMOLOGOUS_DNA_PAIRING_AND_STRAND_EXCHANGE; REACTOME_RESOLUTION_OF_D_LOOP_STRUCTURES; REACTOME_RESOLUTION_OF_D_LOOP_STRUCTURES_THROUGH_SYNTHESIS_DEPENDENT_STRAND_ANNEALING_SDSA
SP_147_PI_METABOLISM,147,REACTOME_PI_METABOLISM,PI METABOLISM,9,153,KEGG_INOSITOL_PHOSPHATE_METABOLISM; KEGG_PHOSPHATIDYLINOSITOL_SIGNALING_SYSTEM; REACTOME_INOSITOL_PHOSPHATE_METABOLISM; REACTOME_PI_METABOLISM; REACTOME_SYNTHESIS_OF_IP3_AND_IP4_IN_THE_CYTOSOL; REACTOME_SYNTHESIS_OF_PIPS_AT_THE_PLASMA_MEMBRANE; WP_GPR40_ROLE_IN_INSULIN_SECRETION; WP_PHOSPHATIDYL_INOSITOL_PHOSPHATE_PATHWAY; WP_PHOSPHOINOSITIDES_METABOLISM
SP_148_JAK_STAT_SIGNALING_PATHWAY,148,KEGG_JAK_STAT_SIGNALING_PATHWAY,JAK STAT SIGNALING PATHWAY,3,193,KEGG_JAK_STAT_SIGNALING_PATHWAY; KEGG_MEDICUS_REFERENCE_CYTOKINE_JAK_STAT_SIGNALING_PATHWAY; WP_REGULATORY_CIRCUITS_OF_STAT3_SIGNALING
SP_149_TIGHT_JUNCTION,149,KEGG_TIGHT_JUNCTION,TIGHT JUNCTION,4,210,KEGG_LEUKOCYTE_TRANSENDOTHELIAL_MIGRATION; KEGG_MEDICUS_REFERENCE_TIGHT_JUNCTION_ACTIN_SIGNALING_PATHWAY; KEGG_TIGHT_JUNCTION; REACTOME_TIGHT_JUNCTION_INTERACTIONS
SP_150_LYSINE_DEGRADATION,150,KEGG_LYSINE_DEGRADATION,LYSINE DEGRADATION,1,44,KEGG_LYSINE_DEGRADATION
SP_151_LYSOSOME,151,KEGG_LYSOSOME,LYSOSOME,1,121,KEGG_LYSOSOME
SP_152_MAPK_SIGNALING_PATHWAY,152,KEGG_MAPK_SIGNALING_PATHWAY,MAPK SIGNALING PATHWAY,3,380,KEGG_MAPK_SIGNALING_PATHWAY; WP_MAPK_SIGNALING; WP_RAS_SIGNALING
SP_153_HNF3B_PATHWAY,153,PID_HNF3B_PATHWAY,HNF3B PATHWAY,4,79,KEGG_MATURITY_ONSET_DIABETES_OF_THE_YOUNG; PID_HNF3B_PATHWAY; REACTOME_REGULATION_OF_BETA_CELL_DEVELOPMENT; REACTOME_REGULATION_OF_GENE_EXPRESSION_IN_BETA_CELLS
SP_154_ENV_FACTOR_BENZO_A_PYRENRE_TO_CYP_MEDIATED_METABOLISM,154,KEGG_MEDICUS_ENV_FACTOR_BENZO_A_PYRENRE_TO_CYP_MEDIATED_METABOLISM,ENV FACTOR BENZO A PYRENRE TO CYP MEDIATED METABOLISM,1,11,KEGG_MEDICUS_ENV_FACTOR_BENZO_A_PYRENRE_TO_CYP_MEDIATED_METABOLISM
SP_155_L1CAM_INTERACTIONS,155,REACTOME_L1CAM_INTERACTIONS,L1CAM INTERACTIONS,40,519,KEGG_MEDICUS_ENV_FACTOR_IRON_TO_ANTEROGRADE_AXONAL_TRANSPORT; KEGG_MEDICUS_ENV_FACTOR_ZN_TO_ANTEROGRADE_AXONAL_TRANSPORT; KEGG_MEDICUS_PATHOGEN_ESCHERICHIA_ESPG_TO_MICROTUBULE_RHOA_SIGNALING_PATHWAY; KEGG_MEDICUS_PATHOGEN_SALMONELLA_SIFA_TO_MICROTUBULE_PLUS_END_DIRECTED_TRANSPORT; KEGG_MEDICUS_REFERENCE_ANTEROGRADE_AXONAL_TRANSPORT; KEGG_MEDICUS_REFERENCE_ARL8_REGULATED_MICROTUBULE_PLUS_END_DIRECTED_TRANSPORT; KEGG_MEDICUS_REFERENCE_BRANCHING_MICROTUBULE_NUCLEATION; KEGG_MEDICUS_REFERENCE_DYNEIN_RECRUITMENT_TO_THE_KINETOCHORE; KEGG_MEDICUS_REFERENCE_KINETOCHORE_FIBER_ORGANIZATION; KEGG_MEDICUS_REFERENCE_KINETOCHORE_MICROTUBULE_ATTACHMENT
SP_156_AKT_SIGNALING_AND_ARTD_FAMILY_MEMBERS,156,WP_AKT_SIGNALING_AND_ARTD_FAMILY_MEMBERS,AKT SIGNALING AND ARTD FAMILY MEMBERS,26,125,KEGG_MEDICUS_ENV_FACTOR_NICOTINE_NNK_TO_PI3K_SIGNALING_PATHWAY; KEGG_MEDICUS_ENV_FACTOR_NNK_NNN_TO_PI3K_SIGNALING_PATHWAY_N01339; KEGG_MEDICUS_ENV_FACTOR_NNK_NNN_TO_PI3K_SIGNALING_PATHWAY_N01350; KEGG_MEDICUS_REFERENCE_AREG_EGFR_PI3K_SIGNALING_PATHWAY; KEGG_MEDICUS_REFERENCE_BCR_BCAP_CD19_PI3K_SIGNALING_PATHWAY; KEGG_MEDICUS_REFERENCE_CD80_CD86_CD28_PI3K_SIGNALING_PATHWAY; KEGG_MEDICUS_REFERENCE_CXCR4_GNAI_PI3K_BAD_SIGNALING_PATHWAY; KEGG_MEDICUS_REFERENCE_EGF_EGFR_PI3K_NFKB_SIGNALING_PATHWAY; KEGG_MEDICUS_REFERENCE_EREG_EGFR_PI3K_SIGNALING_PATHWAY; KEGG_MEDICUS_REFERENCE_HGF_MET_PI3K_SIGNALING_PATHWAY
SP_157_ENV_FACTOR_NNK_NNN_TO_CHRNA7_E2F_SIGNALING_PATHWAY,157,KEGG_MEDICUS_ENV_FACTOR_NNK_NNN_TO_CHRNA7_E2F_SIGNALING_PATHWAY,ENV FACTOR NNK NNN TO CHRNA7 E2F SIGNALING PATHWAY,1,10,KEGG_MEDICUS_ENV_FACTOR_NNK_NNN_TO_CHRNA7_E2F_SIGNALING_PATHWAY
SP_158_RHO_GTPASES_ACTIVATE_WASPS_AND_WAVES,158,REACTOME_RHO_GTPASES_ACTIVATE_WASPS_AND_WAVES,RHO GTPASES ACTIVATE WASPS AND WAVES,11,54,KEGG_MEDICUS_PATHOGEN_ESCHERICHIA_EAE_TIR_TCCP_TO_ACTIN_SIGNALING_PATHWAY; KEGG_MEDICUS_PATHOGEN_ESCHERICHIA_EAE_TIR_TO_ACTIN_SIGNALING_PATHWAY; KEGG_MEDICUS_PATHOGEN_ESCHERICHIA_ESPT_TO_RAC_SIGNALING_PATHWAY; KEGG_MEDICUS_PATHOGEN_ESCHERICHIA_MAP_TO_CDC42_SIGNALING_PATHWAY; KEGG_MEDICUS_PATHOGEN_SALMONELLA_SOPB_TO_ARNO_ARF_ACTB_G_SIGNALING_PATHWAY; KEGG_MEDICUS_PATHOGEN_SALMONELLA_SOPE_TO_RAC_SIGNALING_PATHWAY; KEGG_MEDICUS_PATHOGEN_SHIGELLA_IPAC_TO_ACTIN_SIGNALING_PATHWAY; KEGG_MEDICUS_PATHOGEN_SHIGELLA_IPGD_TO_ARNO_ARF_ACTB_G_SIGNALING_PATHWAY; KEGG_MEDICUS_REFERENCE_ARNO_ARF_ACTB_G_SIGNALING_PATHWAY; KEGG_MEDICUS_REFERENCE_EGF_EGFR_ACTIN_SIGNALING_PATHWAY
SP_159_VASOPRESSIN_REGULATED_WATER_REABSORPTION,159,KEGG_VASOPRESSIN_REGULATED_WATER_REABSORPTION,VASOPRESSIN REGULATED WATER REABSORPTION,31,148,KEGG_MEDICUS_PATHOGEN_HBV_HBX_TO_CREB_MEDIATED_TRANSCRIPTION; KEGG_MEDICUS_PATHOGEN_HCMV_UL33_TO_GNAI_AC_PKA_SIGNALING_PATHWAY; KEGG_MEDICUS_REFERENCE_ACTH_CORTISOL_SIGNALING_PATHWAY; KEGG_MEDICUS_REFERENCE_AVP_V2R_PKA_SIGNALING_PATHWAY; KEGG_MEDICUS_REFERENCE_CRHR_PKA_ACTH_SIGNALING_PATHWAY; KEGG_MEDICUS_REFERENCE_CX3CR1_GNAI_AC_PKA_SIGNALING_PATHWAY; KEGG_MEDICUS_REFERENCE_DRD1_GNAS_AC_PKA_SIGNALING_PATHWAY; KEGG_MEDICUS_REFERENCE_EP_NE_ADRB_CAMP_SIGNALING_PATHWAY; KEGG_MEDICUS_REFERENCE_FSHR_GNAS_PKA_SIGNALING_PATHWAY; KEGG_MEDICUS_REFERENCE_GHRHR_PKA_GH_SIGNALING_PATHWAY
SP_160_INTEGRATION_OF_ENERGY_METABOLISM,160,REACTOME_INTEGRATION_OF_ENERGY_METABOLISM,INTEGRATION OF ENERGY METABOLISM,44,410,KEGG_MEDICUS_PATHOGEN_HCMV_UL33_TO_GNB_G_RHO_SIGNALING_PATHWAY; KEGG_MEDICUS_PATHOGEN_HCMV_US28_TO_GNB_G_PI3K_NFKB_SIGNALING_PATHWAY; KEGG_MEDICUS_PATHOGEN_KSHV_VGPCR_TO_GNB_G_ERK_SIGNALING_PATHWAY; KEGG_MEDICUS_PATHOGEN_KSHV_VGPCR_TO_GNB_G_PI3K_AKT_SIGNALING_PATHWAY; KEGG_MEDICUS_PATHOGEN_KSHV_VGPCR_TO_GNB_G_PI3K_JNK_SIGNALING_PATHWAY; KEGG_MEDICUS_REFERENCE_CCR_CXCR_GNB_G_PI3K_RAC_SIGNALING_PATHWAY; KEGG_MEDICUS_REFERENCE_CCR2_GNB_G_PI3K_NFKB_SIGNALING_PATHWAY; KEGG_MEDICUS_REFERENCE_CCR5_GNB_G_PLCB_G_PKC_SIGNALING_PATHWAY; KEGG_MEDICUS_REFERENCE_CXCR_GNB_G_ERK_SIGNALING_PATHWAY; KEGG_MEDICUS_REFERENCE_CXCR_GNB_G_PI3K_AKT_SIGNALING_PATHWAY
SP_161_SIGNALING_BY_NOTCH1,161,REACTOME_SIGNALING_BY_NOTCH1,SIGNALING BY NOTCH1,19,162,KEGG_MEDICUS_PATHOGEN_HPV_E6_TO_NOTCH_SIGNALING_PATHWAY_N00380; KEGG_MEDICUS_PATHOGEN_HPV_E6_TO_NOTCH_SIGNALING_PATHWAY_N00381; KEGG_MEDICUS_PATHOGEN_HPV_E6_TO_NOTCH_SIGNALING_PATHWAY_N00382; KEGG_MEDICUS_REFERENCE_NOTCH_SIGNALING_PATHWAY; KEGG_MEDICUS_VARIANT_NOTCH_OVEREXPRESSION_TO_NOTCH_SIGNALING_PATHWAY; KEGG_NOTCH_SIGNALING_PATHWAY; PID_NOTCH_PATHWAY; REACTOME_NOTCH_HLH_TRANSCRIPTION_PATHWAY; REACTOME_NOTCH1_INTRACELLULAR_DOMAIN_REGULATES_TRANSCRIPTION; REACTOME_NOTCH2_INTRACELLULAR_DOMAIN_REGULATES_TRANSCRIPTION
SP_162_TRANSCRIPTIONAL_REGULATION_BY_VENTX,162,REACTOME_TRANSCRIPTIONAL_REGULATION_BY_VENTX,TRANSCRIPTIONAL REGULATION BY VENTX,10,63,KEGG_MEDICUS_PATHOGEN_HTLV_1_TAX_TO_SPINDLE_ASSEMBLY_CHECKPOINT_SIGNALING; KEGG_MEDICUS_REFERENCE_COHESIN_DISSOCIATION_IN_ANAPHASE; KEGG_MEDICUS_REFERENCE_DISASSEMBLY_OF_MCC; KEGG_MEDICUS_REFERENCE_SPINDLE_ASSEMBLY_CHECKPOINT_SIGNALING; REACTOME_APC_C_CDC20_MEDIATED_DEGRADATION_OF_CYCLIN_B; REACTOME_APC_CDC20_MEDIATED_DEGRADATION_OF_NEK2A; REACTOME_CONVERSION_FROM_APC_C_CDC20_TO_APC_C_CDH1_IN_LATE_ANAPHASE; REACTOME_INHIBITION_OF_THE_PROTEOLYTIC_ACTIVITY_OF_APC_C_REQUIRED_FOR_THE_ONSET_OF_ANAPHASE_BY_MITOTIC_SPINDLE_CHECKPOINT_COMPONENTS; REACTOME_PHOSPHORYLATION_OF_THE_APC_C; REACTOME_TRANSCRIPTIONAL_REGULATION_BY_VENTX
SP_163_SMOOTH_MUSCLE_CONTRACTION,163,REACTOME_SMOOTH_MUSCLE_CONTRACTION,SMOOTH MUSCLE CONTRACTION,3,47,KEGG_MEDICUS_PATHOGEN_SALMONELLA_SOPB_TO_RHOA_SIGNALING_PATHWAY; KEGG_MEDICUS_PATHOGEN_SHIGELLA_IPAA_TO_ITGA_B_RHOGEF_RHOA_SIGNALING_PATHWAY; REACTOME_SMOOTH_MUSCLE_CONTRACTION
SP_164_INTERLEUKIN_10_SIGNALING,164,REACTOME_INTERLEUKIN_10_SIGNALING,INTERLEUKIN 10 SIGNALING,5,88,KEGG_MEDICUS_PATHOGEN_SARS_COV_2_S_TO_ANGII_AT1R_NOX2_SIGNALING_PATHWAY; REACTOME_INTERLEUKIN_10_SIGNALING; WP_COVID19_ADVERSE_OUTCOME_PATHWAY; WP_POSTCOVID_NEUROINFLAMMATION; WP_PROSTAGLANDIN_SIGNALING
SP_165_RENINANGIOTENSINALDOSTERONE_SYSTEM_RAAS,165,WP_RENINANGIOTENSINALDOSTERONE_SYSTEM_RAAS,RENINANGIOTENSINALDOSTERONE SYSTEM RAAS,12,69,KEGG_MEDICUS_REFERENCE_ANGIOTENSIN_ALDOSTERONE_SIGNALING_PATHWAY; KEGG_MEDICUS_REFERENCE_CA2_CAM_CAMK_SIGNALING_PATHWAY; KEGG_MEDICUS_REFERENCE_EGF_EGFR_PLCG_CAMK_SIGNALING_PATHWAY; KEGG_MEDICUS_REFERENCE_PDGF_PDGFR_PLCG_CAMK_SIGNALING_PATHWAY; KEGG_MEDICUS_VARIANT_AMPLIFIED_EGFR_TO_PLCG_CAMK_SIGNALING_PATHWAY; KEGG_MEDICUS_VARIANT_AMPLIFIED_PDGFR_TO_PLCG_CAMK_SIGNALING_PATHWAY; KEGG_MEDICUS_VARIANT_MUTATION_ACTIVATED_CACNA1D_H_TO_ANGIOTENSIN_ALDOSTERONE_SIGNALING_PATHWAY; KEGG_MEDICUS_VARIANT_MUTATION_ACTIVATED_KCNJ5_TO_ANGIOTENSIN_ALDOSTERONE_SIGNALING_PATHWAY; KEGG_MEDICUS_VARIANT_MUTATION_INACTIVATED_ATP1A1_TO_ANGIOTENSIN_ALDOSTERONE_SIGNALING_PATHWAY; KEGG_MEDICUS_VARIANT_MUTATION_INACTIVATED_ATP2B3_TO_ANGIOTENSIN_ALDOSTERONE_SIGNALING_PATHWAY
SP_166_ANTIGEN_PRESENTATION_FOLDING_ASSEMBLY_AND_PEPTIDE_LOADING_OF,166,REACTOME_ANTIGEN_PRESENTATION_FOLDING_ASSEMBLY_AND_PEPTIDE_LOADING_OF_CLASS_I_MHC,ANTIGEN PRESENTATION FOLDING ASSEMBLY AND PEPTIDE LOADING OF CLASS I MHC,3,33,KEGG_MEDICUS_REFERENCE_ANTIGEN_PROCESSING_AND_PRESENTATION_BY_MHC_CLASS_I_MOLECULES; REACTOME_ANTIGEN_PRESENTATION_FOLDING_ASSEMBLY_AND_PEPTIDE_LOADING_OF_CLASS_I_MHC; REACTOME_ENDOSOMAL_VACUOLAR_PATHWAY
SP_167_PROTEIN_FOLDING,167,REACTOME_PROTEIN_FOLDING,PROTEIN FOLDING,4,107,KEGG_MEDICUS_REFERENCE_ASSEMBLY_AND_TRAFFICKING_OF_TELOMERASE; REACTOME_ASSOCIATION_OF_TRIC_CCT_WITH_TARGET_PROTEINS_DURING_BIOSYNTHESIS; REACTOME_FOLDING_OF_ACTIN_BY_CCT_TRIC; REACTOME_PROTEIN_FOLDING
SP_168_ATR_PATHWAY,168,PID_ATR_PATHWAY,ATR PATHWAY,3,42,KEGG_MEDICUS_REFERENCE_ATR_SIGNALING; PID_ATR_PATHWAY; WP_ATR_SIGNALING
SP_169_REFERENCE_AUTOPHAGOSOME_AND_LYSOSOME_FUSION_TETHERING_FACTOR,169,KEGG_MEDICUS_REFERENCE_AUTOPHAGOSOME_AND_LYSOSOME_FUSION_TETHERING_FACTOR,REFERENCE AUTOPHAGOSOME AND LYSOSOME FUSION TETHERING FACTOR,3,21,KEGG_MEDICUS_REFERENCE_AUTOPHAGOSOME_AND_LYSOSOME_FUSION_TETHERING_FACTOR; KEGG_MEDICUS_REFERENCE_TETHERING_OF_LATE_ENDOSOMES_AND_LYSOSOMES; REACTOME_SARS_COV_2_MODULATES_AUTOPHAGY
SP_170_NEURODEGENERATION_WITH_BRAIN_IRON_ACCUMULATION_NBIA_SUBTYPES,170,WP_NEURODEGENERATION_WITH_BRAIN_IRON_ACCUMULATION_NBIA_SUBTYPES_PATHWAY,NEURODEGENERATION WITH BRAIN IRON ACCUMULATION NBIA SUBTYPES PATHWAY,7,98,KEGG_MEDICUS_REFERENCE_AUTOPHAGY_VESICLE_NUCLEATION_ELONGATION_MATURATION_LC3_II_FORMATION; KEGG_MEDICUS_REFERENCE_AUTOPHAGY_VESICLE_NUCLEATION_ELONGATION_MATURATION_MTORC1_PI3KC3_C1; WP_AUTOPHAGY; WP_HOSTPATHOGEN_INTERACTION_OF_HUMAN_CORONAVIRUSES_AUTOPHAGY; WP_NANOPARTICLE_TRIGGERED_AUTOPHAGIC_CELL_DEATH; WP_NEURODEGENERATION_WITH_BRAIN_IRON_ACCUMULATION_NBIA_SUBTYPES_PATHWAY; WP_PERTURBATIONS_TO_HOSTCELL_AUTOPHAGY_INDUCED_BY_SARSCOV2_PROTEINS
SP_171_REFERENCE_AUTOPHAGY_VESICLE_NUCLEATION_ELONGATION_MATURATION,171,KEGG_MEDICUS_REFERENCE_AUTOPHAGY_VESICLE_NUCLEATION_ELONGATION_MATURATION_PI3P_SYNTHESIS_BY_PI3KC3_C1,REFERENCE AUTOPHAGY VESICLE NUCLEATION ELONGATION MATURATION PI3P SYNTHESIS BY PI3KC3 C1,1,10,KEGG_MEDICUS_REFERENCE_AUTOPHAGY_VESICLE_NUCLEATION_ELONGATION_MATURATION_PI3P_SYNTHESIS_BY_PI3KC3_C1
SP_172_REFERENCE_PINK_PARKIN_MEDIATED_AUTOPHAGOSOME_FORMATION,172,KEGG_MEDICUS_REFERENCE_PINK_PARKIN_MEDIATED_AUTOPHAGOSOME_FORMATION,REFERENCE PINK PARKIN MEDIATED AUTOPHAGOSOME FORMATION,4,23,KEGG_MEDICUS_REFERENCE_AUTOPHAGY_VESICLE_NUCLEATION_ELONGATION_MATURATION_SEQUESTOSOME_1_LIKE_RECEPTOR; KEGG_MEDICUS_REFERENCE_PINK_PARKIN_MEDIATED_AUTOPHAGOSOME_FORMATION; KEGG_MEDICUS_REFERENCE_TBK1_MEDIATED_AUTOPHAGOSOME_FORMATION; KEGG_MEDICUS_VARIANT_MUTATION_INACTIVATED_P62_TO_PINK_PARKIN_MEDIATED_AUTOPHAGOSOME_FORMATION
SP_173_FATTY_ACYL_COA_BIOSYNTHESIS,173,REACTOME_FATTY_ACYL_COA_BIOSYNTHESIS,FATTY ACYL COA BIOSYNTHESIS,5,65,KEGG_MEDICUS_REFERENCE_BETA_OXIDATION_ACYL_COA_SYNTHESIS; REACTOME_FATTY_ACYL_COA_BIOSYNTHESIS; REACTOME_SYNTHESIS_OF_VERY_LONG_CHAIN_FATTY_ACYL_COAS; WP_FATTY_ACID_BIOSYNTHESIS; WP_FATTY_ACID_TRANSPORTERS
SP_174_OXYSTEROLS_DERIVED_FROM_CHOLESTEROL,174,WP_OXYSTEROLS_DERIVED_FROM_CHOLESTEROL,OXYSTEROLS DERIVED FROM CHOLESTEROL,9,80,KEGG_MEDICUS_REFERENCE_BILE_ACID_BIOSYNTHESIS; KEGG_PRIMARY_BILE_ACID_BIOSYNTHESIS; REACTOME_BILE_ACID_AND_BILE_SALT_METABOLISM; REACTOME_SYNTHESIS_OF_BILE_ACIDS_AND_BILE_SALTS; REACTOME_SYNTHESIS_OF_BILE_ACIDS_AND_BILE_SALTS_VIA_24_HYDROXYCHOLESTEROL; REACTOME_SYNTHESIS_OF_BILE_ACIDS_AND_BILE_SALTS_VIA_27_HYDROXYCHOLESTEROL; REACTOME_SYNTHESIS_OF_BILE_ACIDS_AND_BILE_SALTS_VIA_7ALPHA_HYDROXYCHOLESTEROL; WP_7OXOC_AND_7BETAHC_PATHWAYS; WP_OXYSTEROLS_DERIVED_FROM_CHOLESTEROL
SP_175_REFERENCE_TRANSCRIPTIONAL_ACTIVATION_BY_ACETYLATION_OF_H3K27,175,KEGG_MEDICUS_REFERENCE_TRANSCRIPTIONAL_ACTIVATION_BY_ACETYLATION_OF_H3K27,REFERENCE TRANSCRIPTIONAL ACTIVATION BY ACETYLATION OF H3K27,2,18,KEGG_MEDICUS_REFERENCE_BLOCKING_UBIQUITINATION_OF_H2AK119_BY_CK2; KEGG_MEDICUS_REFERENCE_TRANSCRIPTIONAL_ACTIVATION_BY_ACETYLATION_OF_H3K27
SP_176_REFERENCE_BMP_SIGNALING_PATHWAY_BMP_ANTAGONIST,176,KEGG_MEDICUS_REFERENCE_BMP_SIGNALING_PATHWAY_BMP_ANTAGONIST,REFERENCE BMP SIGNALING PATHWAY BMP ANTAGONIST,1,15,KEGG_MEDICUS_REFERENCE_BMP_SIGNALING_PATHWAY_BMP_ANTAGONIST
SP_177_REFERENCE_CA2_CAM_VGCC_RYR_SIGNALING_PATHWAY,177,KEGG_MEDICUS_REFERENCE_CA2_CAM_VGCC_RYR_SIGNALING_PATHWAY,REFERENCE CA2 CAM VGCC RYR SIGNALING PATHWAY,1,11,KEGG_MEDICUS_REFERENCE_CA2_CAM_VGCC_RYR_SIGNALING_PATHWAY
SP_178_PLATELET_CALCIUM_HOMEOSTASIS,178,REACTOME_PLATELET_CALCIUM_HOMEOSTASIS,PLATELET CALCIUM HOMEOSTASIS,3,33,KEGG_MEDICUS_REFERENCE_CA2_ENTRY_LIGAND_GATED_CA2_CHANNEL; REACTOME_ELEVATION_OF_CYTOSOLIC_CA2_LEVELS; REACTOME_PLATELET_CALCIUM_HOMEOSTASIS
SP_179_REFERENCE_CA2_ENTRY_VOLTAGE_GATED_CA2_CHANNEL,179,KEGG_MEDICUS_REFERENCE_CA2_ENTRY_VOLTAGE_GATED_CA2_CHANNEL,REFERENCE CA2 ENTRY VOLTAGE GATED CA2 CHANNEL,5,39,KEGG_MEDICUS_REFERENCE_CA2_ENTRY_VOLTAGE_GATED_CA2_CHANNEL; KEGG_MEDICUS_REFERENCE_CARDIAC_TYPE_VGCC_RYR_SIGNALING; KEGG_MEDICUS_REFERENCE_SKELETAL_TYPE_VGCC_RYR_SIGNALING; REACTOME_PHASE_2_PLATEAU_PHASE; REACTOME_PRESYNAPTIC_DEPOLARIZATION_AND_CALCIUM_CHANNEL_OPENING
SP_180_COHESIN_COMPLEX_CORNELIA_DE_LANGE_SYNDROME,180,WP_COHESIN_COMPLEX_CORNELIA_DE_LANGE_SYNDROME,COHESIN COMPLEX CORNELIA DE LANGE SYNDROME,10,93,KEGG_MEDICUS_REFERENCE_CD80_CD86_CTLA4_PP2A_SIGNALING_PATHWAY; KEGG_MEDICUS_REFERENCE_COHESIN_DISSOCIATION_IN_PROPHASE; KEGG_MEDICUS_REFERENCE_CONDENSIN_LOADING; KEGG_MEDICUS_REFERENCE_PP2A_AKT_SIGNALING_PATHWAY; REACTOME_BETA_CATENIN_PHOSPHORYLATION_CASCADE; REACTOME_CO_INHIBITION_BY_CTLA4; REACTOME_DISASSEMBLY_OF_THE_DESTRUCTION_COMPLEX_AND_RECRUITMENT_OF_AXIN_TO_THE_MEMBRANE; REACTOME_PLATELET_SENSITIZATION_BY_LDL; REACTOME_SIGNALING_BY_CTNNB1_PHOSPHO_SITE_MUTANTS; WP_COHESIN_COMPLEX_CORNELIA_DE_LANGE_SYNDROME
SP_181_REFERENCE_ORGANIZATION_OF_THE_OUTER_KINETOCHORE,181,KEGG_MEDICUS_REFERENCE_ORGANIZATION_OF_THE_OUTER_KINETOCHORE,REFERENCE ORGANIZATION OF THE OUTER KINETOCHORE,3,30,KEGG_MEDICUS_REFERENCE_CENPE_INTERACTION_WITH_NDC80_COMPLEX; KEGG_MEDICUS_REFERENCE_DEPHOSPHORYLATION_OF_KINETOCHORE; KEGG_MEDICUS_REFERENCE_ORGANIZATION_OF_THE_OUTER_KINETOCHORE
SP_182_INTERFERONMEDIATED_SIGNALING,182,WP_INTERFERONMEDIATED_SIGNALING,INTERFERONMEDIATED SIGNALING,17,118,KEGG_MEDICUS_REFERENCE_CGAS_STING_SIGNALING_PATHWAY; KEGG_MEDICUS_REFERENCE_IFN_RIPK1_3_SIGNALING_PATHWAY; KEGG_MEDICUS_REFERENCE_MDA5_IRF7_3_SIGNALING_PATHWAY; KEGG_MEDICUS_REFERENCE_RIG_I_IRF7_3_SIGNALING_PATHWAY; KEGG_MEDICUS_REFERENCE_RIG_I_NFKB_SIGNALING_PATHWAY; KEGG_MEDICUS_REFERENCE_TLR3_IRF7_SIGNALING_PATHWAY; KEGG_MEDICUS_REFERENCE_TLR7_8_9_IRF5_SIGNALING_PATHWAY; KEGG_MEDICUS_REFERENCE_TLR7_9_IRF7_SIGNALING_PATHWAY; KEGG_MEDICUS_REFERENCE_TYPE_I_IFN_SIGNALING_PATHWAY; KEGG_MEDICUS_REFERENCE_TYPE_I_INTERFERON_TO_JAK_STAT_SIGNALING_PATHWAY
SP_183_CHOLESTEROL_METABOLISM,183,WP_CHOLESTEROL_METABOLISM,CHOLESTEROL METABOLISM,11,105,KEGG_MEDICUS_REFERENCE_CHOLESTEROL_BIOSYNTHESIS; KEGG_MEDICUS_REFERENCE_MEVALONATE_PATHWAY; KEGG_STEROID_BIOSYNTHESIS; KEGG_TERPENOID_BACKBONE_BIOSYNTHESIS; REACTOME_CHOLESTEROL_BIOSYNTHESIS; WP_CHOLESTEROL_BIOSYNTHESIS_PATHWAY; WP_CHOLESTEROL_METABOLISM; WP_CHOLESTEROL_METABOLISM_WITH_BLOCH_AND_KANDUTSCHRUSSELL_PATHWAYS; WP_CHOLESTEROL_SYNTHESIS_DISORDERS; WP_ENTEROCYTE_CHOLESTEROL_METABOLISM
SP_184_REFERENCE_COPI_VESICLE_FORMATION,184,KEGG_MEDICUS_REFERENCE_COPI_VESICLE_FORMATION,REFERENCE COPI VESICLE FORMATION,1,23,KEGG_MEDICUS_REFERENCE_COPI_VESICLE_FORMATION
SP_185_REFERENCE_COPII_VESICLE_FORMATION,185,KEGG_MEDICUS_REFERENCE_COPII_VESICLE_FORMATION,REFERENCE COPII VESICLE FORMATION,1,12,KEGG_MEDICUS_REFERENCE_COPII_VESICLE_FORMATION
SP_186_REFERENCE_GENE_SILENCING_BY_METHYLATION_OF_H3K27_AND_UBIQUIT,186,KEGG_MEDICUS_REFERENCE_GENE_SILENCING_BY_METHYLATION_OF_H3K27_AND_UBIQUITINATION_OF_H2AK119,REFERENCE GENE SILENCING BY METHYLATION OF H3K27 AND UBIQUITINATION OF H2AK119,3,56,KEGG_MEDICUS_REFERENCE_DEUBIQUITINATION_OF_H2AK119; KEGG_MEDICUS_REFERENCE_GENE_SILENCING_BY_METHYLATION_OF_H3K27_AND_UBIQUITINATION_OF_H2AK119; REACTOME_SUMOYLATION_OF_DNA_METHYLATION_PROTEINS
SP_187_REFERENCE_DOUBLE_STRAND_BREAK_SIGNALING,187,KEGG_MEDICUS_REFERENCE_DOUBLE_STRAND_BREAK_SIGNALING,REFERENCE DOUBLE STRAND BREAK SIGNALING,2,19,KEGG_MEDICUS_REFERENCE_DOUBLE_STRAND_BREAK_SIGNALING; WP_SMC1SMC3_ROLE_IN_DNA_DAMAGE_CORNELIA_DE_LANGE_SYNDROME
SP_188_SIGNALING_BY_PDGF,188,REACTOME_SIGNALING_BY_PDGF,SIGNALING BY PDGF,24,197,KEGG_MEDICUS_REFERENCE_EGF_EGFR_RAS_JNK_SIGNALING_PATHWAY; KEGG_MEDICUS_REFERENCE_EGF_EGFR_RAS_PI3K_SIGNALING_PATHWAY; KEGG_MEDICUS_REFERENCE_EGF_EGFR_RAS_RALGDS_SIGNALING_PATHWAY; KEGG_MEDICUS_REFERENCE_EGF_EGFR_RAS_RASSF1_SIGNALING_PATHWAY; KEGG_MEDICUS_REFERENCE_FLT3LG_FLT3_RAS_PI3K_SIGNALING_PATHWAY; KEGG_MEDICUS_VARIANT_DUPLICATION_OR_MUTATION_ACTIVATED_FLT3_TO_RAS_PI3K_SIGNALING_PATHWAY; PID_EPO_PATHWAY; PID_ERBB1_INTERNALIZATION_PATHWAY; PID_ERBB1_RECEPTOR_PROXIMAL_PATHWAY; PID_TCPTP_PATHWAY
SP_189_AEROBIC_RESPIRATION_AND_RESPIRATORY_ELECTRON_TRANSPORT,189,REACTOME_AEROBIC_RESPIRATION_AND_RESPIRATORY_ELECTRON_TRANSPORT,AEROBIC RESPIRATION AND RESPIRATORY ELECTRON TRANSPORT,13,316,KEGG_MEDICUS_REFERENCE_ELECTRON_TRANSFER_IN_COMPLEX_I; KEGG_MEDICUS_REFERENCE_MITOCHONDRIAL_COMPLEX_UCP1_IN_THERMOGENESIS; KEGG_MEDICUS_VARIANT_MUTATION_CAUSED_ABERRANT_ABETA_TO_ELECTRON_TRANSFER_IN_COMPLEX_I; KEGG_MEDICUS_VARIANT_MUTATION_CAUSED_ABERRANT_SNCA_TO_ELECTRON_TRANSFER_IN_COMPLEX_I; KEGG_MEDICUS_VARIANT_MUTATION_CAUSED_ABERRANT_TDP43_TO_ELECTRON_TRANSFER_IN_COMPLEX_I; KEGG_MEDICUS_VARIANT_MUTATION_INACTIVATED_PINK1_TO_ELECTRON_TRANSFER_IN_COMPLEX_I; KEGG_OXIDATIVE_PHOSPHORYLATION; REACTOME_AEROBIC_RESPIRATION_AND_RESPIRATORY_ELECTRON_TRANSPORT; REACTOME_COMPLEX_I_BIOGENESIS; REACTOME_RESPIRATORY_ELECTRON_TRANSPORT
SP_190_16P122_COPY_NUMBER_VARIATION_SYNDROME_520KB,190,WP_16P122_COPY_NUMBER_VARIATION_SYNDROME_520KB,16P122 COPY NUMBER VARIATION SYNDROME 520KB,5,71,KEGG_MEDICUS_REFERENCE_ELECTRON_TRANSFER_IN_COMPLEX_III; KEGG_MEDICUS_VARIANT_MUTATION_CAUSED_ABERRANT_HTT_TO_ELECTRON_TRANSFER_IN_COMPLEX_III; REACTOME_COMPLEX_III_ASSEMBLY; WP_16P122_COPY_NUMBER_VARIATION_SYNDROME_520KB; WP_MITOCHONDRIAL_COMPLEX_III_ASSEMBLY
SP_191_SIGNALING_BY_FGFR,191,REACTOME_SIGNALING_BY_FGFR,SIGNALING BY FGFR,42,176,KEGG_MEDICUS_REFERENCE_FGF_FGFR_PI3K_SIGNALING_PATHWAY; KEGG_MEDICUS_REFERENCE_FGF_FGFR_RAS_ERK_SIGNALING_PATHWAY; PID_FGF_PATHWAY; REACTOME_DOWNSTREAM_SIGNALING_OF_ACTIVATED_FGFR1; REACTOME_DOWNSTREAM_SIGNALING_OF_ACTIVATED_FGFR2; REACTOME_DOWNSTREAM_SIGNALING_OF_ACTIVATED_FGFR3; REACTOME_DOWNSTREAM_SIGNALING_OF_ACTIVATED_FGFR4; REACTOME_FGFR1_LIGAND_BINDING_AND_ACTIVATION; REACTOME_FGFR1C_LIGAND_BINDING_AND_ACTIVATION; REACTOME_FGFR2_LIGAND_BINDING_AND_ACTIVATION
SP_192_TP53_REGULATES_METABOLIC_GENES,192,REACTOME_TP53_REGULATES_METABOLIC_GENES,TP53 REGULATES METABOLIC GENES,9,157,KEGG_MEDICUS_REFERENCE_FLCN_MTORC1_SIGNALING_PATHWAY; KEGG_MEDICUS_REFERENCE_GATOR1_MTORC1_SIGNALING_PATHWAY; KEGG_MEDICUS_REFERENCE_TSC1_2_MTORC1_SIGNALING_PATHWAY; PID_MTOR_4PATHWAY; REACTOME_ENERGY_DEPENDENT_REGULATION_OF_MTOR_BY_LKB1_AMPK; REACTOME_MTOR_SIGNALLING; REACTOME_MTORC1_MEDIATED_SIGNALLING; REACTOME_TP53_REGULATES_METABOLIC_GENES; WP_TARGET_OF_RAPAMYCIN_SIGNALING
SP_193_MAPK_FAMILY_SIGNALING_CASCADES,193,REACTOME_MAPK_FAMILY_SIGNALING_CASCADES,MAPK FAMILY SIGNALING CASCADES,9,521,KEGG_MEDICUS_REFERENCE_GF_RTK_PI3K_SIGNALING_PATHWAY; KEGG_MEDICUS_REFERENCE_GF_RTK_RAS_ERK_SIGNALING_PATHWAY; KEGG_MEDICUS_REFERENCE_GF_RTK_RAS_PI3K_SIGNALING_PATHWAY; KEGG_MEDICUS_REFERENCE_REGULATION_OF_GF_RTK_RAS_ERK_SIGNALING_UBIQUITINATION_OF_RTK_BY_CBL; KEGG_MEDICUS_REFERENCE_RTK_PLCG_ITPR_SIGNALING_PATHWAY; REACTOME_INTRACELLULAR_SIGNALING_BY_SECOND_MESSENGERS; REACTOME_MAPK_FAMILY_SIGNALING_CASCADES; REACTOME_MAPK1_MAPK3_SIGNALING; REACTOME_NEGATIVE_REGULATION_OF_THE_PI3K_AKT_NETWORK
SP_194_GLUTATHIONE_METABOLISM,194,WP_GLUTATHIONE_METABOLISM,GLUTATHIONE METABOLISM,2,23,KEGG_MEDICUS_REFERENCE_GLUTATHIONE_BIOSYNTHESIS; WP_GLUTATHIONE_METABOLISM
SP_195_GPR143_IN_MELANOCYTES_AND_RETINAL_PIGMENT_EPITHELIUM_CELLS,195,WP_GPR143_IN_MELANOCYTES_AND_RETINAL_PIGMENT_EPITHELIUM_CELLS,GPR143 IN MELANOCYTES AND RETINAL PIGMENT EPITHELIUM CELLS,12,77,KEGG_MEDICUS_REFERENCE_GNRH_GNRHR_PLCB_PKC_SIGNALING_PATHWAY; KEGG_MEDICUS_REFERENCE_KISS1_KISS1R_PLCB_PKC_SIGNALING_PATHWAY; KEGG_MEDICUS_REFERENCE_MGLUR1_TRPC3_SIGNALING_PATHWAY; KEGG_MEDICUS_REFERENCE_TAC3_TACR3_PLC_PKC_SIGNALING_PATHWAY; KEGG_MEDICUS_REFERENCE_TRH_TRHR_PLCB_PKC_SIGNALING_PATHWAY; KEGG_MEDICUS_REFERENCE_TSH_DUOX2_TG_SIGNALING_PATHWAY; KEGG_MEDICUS_VARIANT_MUTATION_ACTIVATED_PRKCG_TO_MGLUR1_TRPC3_SIGNALING_PATHWAY; KEGG_MEDICUS_VARIANT_MUTATION_CAUSED_ABERRANT_SPTBN2_TO_MGLUR1_TRPC3_SIGNALING_PATHWAY; REACTOME_ACETYLCHOLINE_REGULATES_INSULIN_SECRETION; REACTOME_FREE_FATTY_ACIDS_REGULATE_INSULIN_SECRETION
SP_196_JAKSTAT_SIGNALING_IN_THE_REGULATION_OF_BETA_CELLS,196,WP_JAKSTAT_SIGNALING_IN_THE_REGULATION_OF_BETA_CELLS,JAKSTAT SIGNALING IN THE REGULATION OF BETA CELLS,6,63,KEGG_MEDICUS_REFERENCE_HORMONE_LIKE_CYTOKINE_TO_JAK_STAT_SIGNALING_PATHWAY; REACTOME_GROWTH_HORMONE_RECEPTOR_SIGNALING; REACTOME_PROLACTIN_RECEPTOR_SIGNALING; REACTOME_SIGNALING_BY_LEPTIN; WP_JAKSTAT_SIGNALING_IN_THE_REGULATION_OF_BETA_CELLS; WP_LEPTININSULIN_SIGNALING_OVERLAP
SP_197_RALA_DOWNSTREAM_REGULATED_GENES,197,WP_RALA_DOWNSTREAM_REGULATED_GENES,RALA DOWNSTREAM REGULATED GENES,2,19,KEGG_MEDICUS_REFERENCE_IGG_FCGR_RAC_SIGNALING_PATHWAY; WP_RALA_DOWNSTREAM_REGULATED_GENES
SP_198_IL23_PATHWAY,198,PID_IL23_PATHWAY,IL23 PATHWAY,3,45,KEGG_MEDICUS_REFERENCE_IL12_23_TO_JAK_STAT_SIGNALING_PATHWAY; PID_IL23_PATHWAY; WP_PSORIASIS_MECHANISMS_AND_THERAPIES
SP_199_REFERENCE_IL6_FAMILY_TO_JAK_STAT_SIGNALING_PATHWAY,199,KEGG_MEDICUS_REFERENCE_IL6_FAMILY_TO_JAK_STAT_SIGNALING_PATHWAY,REFERENCE IL6 FAMILY TO JAK STAT SIGNALING PATHWAY,8,52,KEGG_MEDICUS_REFERENCE_IL6_FAMILY_TO_JAK_STAT_SIGNALING_PATHWAY; PID_IL27_PATHWAY; REACTOME_IL_6_TYPE_CYTOKINE_RECEPTOR_LIGAND_INTERACTIONS; REACTOME_INTERLEUKIN_27_SIGNALING; REACTOME_INTERLEUKIN_35_SIGNALLING; REACTOME_INTERLEUKIN_6_FAMILY_SIGNALING; REACTOME_INTERLEUKIN_6_SIGNALING; REACTOME_MAPK3_ERK1_ACTIVATION
SP_200_REFERENCE_LECTIN_PATHWAY_OF_COMPLEMENT_CASCADE_C4_C2_TO_C3_C,200,KEGG_MEDICUS_REFERENCE_LECTIN_PATHWAY_OF_COMPLEMENT_CASCADE_C4_C2_TO_C3_CONVERTASE_FORMATION,REFERENCE LECTIN PATHWAY OF COMPLEMENT CASCADE C4 C2 TO C3 CONVERTASE FORMATION,2,14,KEGG_MEDICUS_REFERENCE_LECTIN_PATHWAY_OF_COAGULATION_CASCADE_FIBRINOGEN_TO_FIBRIN; KEGG_MEDICUS_REFERENCE_LECTIN_PATHWAY_OF_COMPLEMENT_CASCADE_C4_C2_TO_C3_CONVERTASE_FORMATION
SP_201_REFERENCE_LESION_BYPASS_BY_TLS_AND_DSB_FORMATION,201,KEGG_MEDICUS_REFERENCE_LESION_BYPASS_BY_TLS_AND_DSB_FORMATION,REFERENCE LESION BYPASS BY TLS AND DSB FORMATION,1,15,KEGG_MEDICUS_REFERENCE_LESION_BYPASS_BY_TLS_AND_DSB_FORMATION
SP_202_REFERENCE_LOADING_OF_THE_SMC5_SMC6_COMPLEX,202,KEGG_MEDICUS_REFERENCE_LOADING_OF_THE_SMC5_SMC6_COMPLEX,REFERENCE LOADING OF THE SMC5 SMC6 COMPLEX,1,11,KEGG_MEDICUS_REFERENCE_LOADING_OF_THE_SMC5_SMC6_COMPLEX
SP_203_REFERENCE_VGCC_CA2_APOPTOTIC_PATHWAY,203,KEGG_MEDICUS_REFERENCE_VGCC_CA2_APOPTOTIC_PATHWAY,REFERENCE VGCC CA2 APOPTOTIC PATHWAY,17,55,KEGG_MEDICUS_REFERENCE_MACHR_CA2_APOPTOTIC_PATHWAY; KEGG_MEDICUS_REFERENCE_MGLUR5_CA2_APOPTOTIC_PATHWAY; KEGG_MEDICUS_REFERENCE_VGCC_CA2_APOPTOTIC_PATHWAY; KEGG_MEDICUS_VARIANT_MUTATION_CAUSED_ABBERANT_ATXN2_3_TO_MGLUR5_CA2_APOPTOTIC_PATHWAY; KEGG_MEDICUS_VARIANT_MUTATION_CAUSED_ABERRANT_ABETA_TO_MACHR_CA2_APOPTOTIC_PATHWAY; KEGG_MEDICUS_VARIANT_MUTATION_CAUSED_ABERRANT_ABETA_TO_MGLUR5_CA2_APOPTOTIC_PATHWAY; KEGG_MEDICUS_VARIANT_MUTATION_CAUSED_ABERRANT_ABETA_TO_TRANSPORT_OF_CALCIUM; KEGG_MEDICUS_VARIANT_MUTATION_CAUSED_ABERRANT_ABETA_TO_VGCC_CA2_APOPTOTIC_PATHWAY_N01004; KEGG_MEDICUS_VARIANT_MUTATION_CAUSED_ABERRANT_ABETA_TO_VGCC_CA2_APOPTOTIC_PATHWAY_N01006; KEGG_MEDICUS_VARIANT_MUTATION_CAUSED_ABERRANT_HTT_TO_MGLUR5_CA2_APOPTOTIC_PATHWAY
SP_204_HOSTPATHOGEN_INTERACTION_OF_HUMAN_CORONAVIRUSES_MAPK_SIGNALI,204,WP_HOSTPATHOGEN_INTERACTION_OF_HUMAN_CORONAVIRUSES_MAPK_SIGNALING,HOSTPATHOGEN INTERACTION OF HUMAN CORONAVIRUSES MAPK SIGNALING,6,78,KEGG_MEDICUS_REFERENCE_MLK_JNK_SIGNALING_PATHWAY; KEGG_MEDICUS_REFERENCE_TLR2_4_MAPK_SIGNALING_PATHWAY; REACTOME_ACTIVATION_OF_THE_AP_1_FAMILY_OF_TRANSCRIPTION_FACTORS; WP_CANNABINOID_RECEPTOR_SIGNALING; WP_HOSTPATHOGEN_INTERACTION_OF_HUMAN_CORONAVIRUSES_MAPK_SIGNALING; WP_MAPK_SIGNALING_AND_ARTD_FAMILY_MEMBERS
SP_205_TRANSLATION_OF_SARS_COV_2_STRUCTURAL_PROTEINS,205,REACTOME_TRANSLATION_OF_SARS_COV_2_STRUCTURAL_PROTEINS,TRANSLATION OF SARS COV 2 STRUCTURAL PROTEINS,6,99,KEGG_MEDICUS_REFERENCE_N_GLYCAN_BIOSYNTHESIS; KEGG_N_GLYCAN_BIOSYNTHESIS; REACTOME_MATURATION_OF_SARS_COV_2_SPIKE_PROTEIN; REACTOME_TRANSLATION_OF_SARS_COV_2_STRUCTURAL_PROTEINS; WP_GLYCOSYLATION_AND_RELATED_CONGENITAL_DEFECTS; WP_NGLYCAN_BIOSYNTHESIS
SP_206_REFERENCE_N_GLYCAN_PRECURSOR_BIOSYNTHESIS_ALG6_TO_OST,206,KEGG_MEDICUS_REFERENCE_N_GLYCAN_PRECURSOR_BIOSYNTHESIS_ALG6_TO_OST,REFERENCE N GLYCAN PRECURSOR BIOSYNTHESIS ALG6 TO OST,1,11,KEGG_MEDICUS_REFERENCE_N_GLYCAN_PRECURSOR_BIOSYNTHESIS_ALG6_TO_OST
SP_207_TRYPTOPHAN_METABOLISM,207,KEGG_TRYPTOPHAN_METABOLISM,TRYPTOPHAN METABOLISM,7,71,KEGG_MEDICUS_REFERENCE_NAD_BIOSYNTHESIS; KEGG_TRYPTOPHAN_METABOLISM; REACTOME_TRYPTOPHAN_CATABOLISM; WP_IDO_METABOLIC_PATHWAY; WP_KYNURENINE_PATHWAY_AND_LINKS_TO_CELL_SENESCENCE; WP_TRYPTOPHAN_CATABOLISM_LEADING_TO_NAD_PRODUCTION; WP_TRYPTOPHAN_METABOLISM
SP_208_DNA_PK_PATHWAY,208,PID_DNA_PK_PATHWAY,DNA PK PATHWAY,5,25,KEGG_MEDICUS_REFERENCE_NON_HOMOLOGOUS_END_JOINING; KEGG_MEDICUS_REFERENCE_V_D_J_RECOMBINATION; KEGG_NON_HOMOLOGOUS_END_JOINING; PID_DNA_PK_PATHWAY; WP_NONHOMOLOGOUS_END_JOINING
SP_209_SIGNALING_BY_NOTCH2,209,REACTOME_SIGNALING_BY_NOTCH2,SIGNALING BY NOTCH2,11,85,KEGG_MEDICUS_REFERENCE_NOTCH_PROTEOLYTIC_ACTIVATION; PID_SYNDECAN_3_PATHWAY; REACTOME_ACTIVATED_NOTCH1_TRANSMITS_SIGNAL_TO_THE_NUCLEUS; REACTOME_NOTCH2_ACTIVATION_AND_TRANSMISSION_OF_SIGNAL_TO_THE_NUCLEUS; REACTOME_NOTCH3_ACTIVATION_AND_TRANSMISSION_OF_SIGNAL_TO_THE_NUCLEUS; REACTOME_NOTCH4_ACTIVATION_AND_TRANSMISSION_OF_SIGNAL_TO_THE_NUCLEUS; REACTOME_NRIF_SIGNALS_CELL_DEATH_FROM_THE_NUCLEUS; REACTOME_REGULATED_PROTEOLYSIS_OF_P75NTR; REACTOME_SIGNALING_BY_NOTCH2; REACTOME_TGFBR3_PTM_REGULATION
SP_210_SARS_COV_2_HOST_INTERACTIONS,210,REACTOME_SARS_COV_2_HOST_INTERACTIONS,SARS COV 2 HOST INTERACTIONS,26,680,KEGG_MEDICUS_REFERENCE_NUCLEAR_EXPORT_OF_MRNA; REACTOME_DISORDERS_OF_TRANSMEMBRANE_TRANSPORTERS; REACTOME_INTERACTIONS_OF_REV_WITH_HOST_CELLULAR_PROTEINS; REACTOME_INTERACTIONS_OF_VPR_WITH_HOST_CELLULAR_PROTEINS; REACTOME_NS1_MEDIATED_EFFECTS_ON_HOST_PATHWAYS; REACTOME_NUCLEAR_ENVELOPE_BREAKDOWN; REACTOME_NUCLEAR_ENVELOPE_NE_REASSEMBLY; REACTOME_NUCLEAR_IMPORT_OF_REV_PROTEIN; REACTOME_NUCLEAR_PORE_COMPLEX_NPC_DISASSEMBLY; REACTOME_POSTMITOTIC_NUCLEAR_PORE_COMPLEX_NPC_REFORMATION
SP_211_ERB_GENOMIC_PATHWAY,211,PID_ERB_GENOMIC_PATHWAY,ERB GENOMIC PATHWAY,2,22,KEGG_MEDICUS_REFERENCE_NUCLEAR_INITIATED_ESTROGEN_SIGNALING_PATHWAY; PID_ERB_GENOMIC_PATHWAY
SP_212_REFERENCE_ORGANIZATION_OF_THE_INNER_KINETOCHORE,212,KEGG_MEDICUS_REFERENCE_ORGANIZATION_OF_THE_INNER_KINETOCHORE,REFERENCE ORGANIZATION OF THE INNER KINETOCHORE,1,17,KEGG_MEDICUS_REFERENCE_ORGANIZATION_OF_THE_INNER_KINETOCHORE
SP_213_NUCLEOTIDE_CATABOLISM,213,REACTOME_NUCLEOTIDE_CATABOLISM,NUCLEOTIDE CATABOLISM,5,56,KEGG_MEDICUS_REFERENCE_PURINE_SALVAGE_PATHWAY_ADENINE_TO_AMP; KEGG_MEDICUS_REFERENCE_PURINE_SALVAGE_PATHWAY_HYPOXANTHINE_GUANINE_TO_IMP_GMP; KEGG_NICOTINATE_AND_NICOTINAMIDE_METABOLISM; REACTOME_NUCLEOTIDE_CATABOLISM; REACTOME_PURINE_CATABOLISM
SP_214_REGULATION_OF_SISTER_CHROMATID_SEPARATION_AT_THE_METAPHASEAN,214,WP_REGULATION_OF_SISTER_CHROMATID_SEPARATION_AT_THE_METAPHASEANAPHASE_TRANSITION,REGULATION OF SISTER CHROMATID SEPARATION AT THE METAPHASEANAPHASE TRANSITION,2,18,KEGG_MEDICUS_REFERENCE_RECRUITMENT_AND_FORMATION_OF_THE_MCC; WP_REGULATION_OF_SISTER_CHROMATID_SEPARATION_AT_THE_METAPHASEANAPHASE_TRANSITION
SP_215_REFERENCE_REGULATION_OF_GF_RTK_RAS_ERK_SIGNALING_PATHWAY_ADA,215,KEGG_MEDICUS_REFERENCE_REGULATION_OF_GF_RTK_RAS_ERK_SIGNALING_PATHWAY_ADAPTOR_PROTEINS,REFERENCE REGULATION OF GF RTK RAS ERK SIGNALING PATHWAY ADAPTOR PROTEINS,1,10,KEGG_MEDICUS_REFERENCE_REGULATION_OF_GF_RTK_RAS_ERK_SIGNALING_PATHWAY_ADAPTOR_PROTEINS
SP_216_MAPK_TARGETS_NUCLEAR_EVENTS_MEDIATED_BY_MAP_KINASES,216,REACTOME_MAPK_TARGETS_NUCLEAR_EVENTS_MEDIATED_BY_MAP_KINASES,MAPK TARGETS NUCLEAR EVENTS MEDIATED BY MAP KINASES,5,52,KEGG_MEDICUS_REFERENCE_REGULATION_OF_GF_RTK_RAS_ERK_SIGNALING_PTP; REACTOME_ERK_MAPK_TARGETS; REACTOME_ERKS_ARE_INACTIVATED; REACTOME_MAPK_TARGETS_NUCLEAR_EVENTS_MEDIATED_BY_MAP_KINASES; REACTOME_RAF_INDEPENDENT_MAPK1_3_ACTIVATION
SP_217_EXTENSION_OF_TELOMERES,217,REACTOME_EXTENSION_OF_TELOMERES,EXTENSION OF TELOMERES,7,52,KEGG_MEDICUS_REFERENCE_TELOMERE_ELONGATION; REACTOME_EXTENSION_OF_TELOMERES; REACTOME_POLYMERASE_SWITCHING_ON_THE_C_STRAND_OF_THE_TELOMERE; REACTOME_PROCESSIVE_SYNTHESIS_ON_THE_C_STRAND_OF_THE_TELOMERE; REACTOME_TELOMERE_C_STRAND_LAGGING_STRAND_SYNTHESIS; REACTOME_TELOMERE_C_STRAND_SYNTHESIS_INITIATION; REACTOME_TELOMERE_EXTENSION_BY_TELOMERASE
SP_218_CLASSICAL_PATHWAY_OF_STEROIDOGENESIS_WITH_GLUCOCORTICOID_AND,218,WP_CLASSICAL_PATHWAY_OF_STEROIDOGENESIS_WITH_GLUCOCORTICOID_AND_MINERALOCORTICOID_METABOLISM,CLASSICAL PATHWAY OF STEROIDOGENESIS WITH GLUCOCORTICOID AND MINERALOCORTICOID METABOLISM,7,37,KEGG_MEDICUS_REFERENCE_TESTOSTERONE_BIOSYNTHESIS; REACTOME_ANDROGEN_BIOSYNTHESIS; REACTOME_GLUCOCORTICOID_BIOSYNTHESIS; WP_ALTERNATIVE_PATHWAY_OF_FETAL_ANDROGEN_SYNTHESIS; WP_CLASSICAL_PATHWAY_OF_STEROIDOGENESIS_WITH_GLUCOCORTICOID_AND_MINERALOCORTICOID_METABOLISM; WP_MALE_STEROID_HORMONES_IN_CARDIOMYOCYTE_ENERGY_METABOLISM; WP_STEROID_BIOSYNTHESIS
SP_219_RNA_POLYMERASE_II_PRE_TRANSCRIPTION_EVENTS,219,REACTOME_RNA_POLYMERASE_II_PRE_TRANSCRIPTION_EVENTS,RNA POLYMERASE II PRE TRANSCRIPTION EVENTS,16,286,KEGG_MEDICUS_REFERENCE_TRANSCRIPTION_COUPLED_NER; REACTOME_FGFR2_ALTERNATIVE_SPLICING; REACTOME_FGFR2_MUTANT_RECEPTOR_ACTIVATION; REACTOME_FORMATION_OF_RNA_POL_II_ELONGATION_COMPLEX; REACTOME_FORMATION_OF_THE_EARLY_ELONGATION_COMPLEX; REACTOME_MICRORNA_MIRNA_BIOGENESIS; REACTOME_MRNA_CAPPING; REACTOME_MRNA_SPLICING_MINOR_PATHWAY; REACTOME_PIWI_INTERACTING_RNA_PIRNA_BIOGENESIS; REACTOME_RNA_POLYMERASE_I_TRANSCRIPTION_INITIATION
SP_220_METABOLISM_OF_AMINO_ACIDS_AND_DERIVATIVES,220,REACTOME_METABOLISM_OF_AMINO_ACIDS_AND_DERIVATIVES,METABOLISM OF AMINO ACIDS AND DERIVATIVES,17,718,KEGG_MEDICUS_REFERENCE_TRANSLATION_INITIATION; KEGG_RIBOSOME; REACTOME_ACTIVATION_OF_THE_MRNA_UPON_BINDING_OF_THE_CAP_BINDING_COMPLEX_AND_EIFS_AND_SUBSEQUENT_BINDING_TO_43S; REACTOME_CELLULAR_RESPONSE_TO_STARVATION; REACTOME_EUKARYOTIC_TRANSLATION_ELONGATION; REACTOME_EUKARYOTIC_TRANSLATION_INITIATION; REACTOME_METABOLISM_OF_AMINO_ACIDS_AND_DERIVATIVES; REACTOME_NONSENSE_MEDIATED_DECAY_NMD; REACTOME_REGULATION_OF_EXPRESSION_OF_SLITS_AND_ROBOS; REACTOME_RESPONSE_OF_EIF2AK4_GCN2_TO_AMINO_ACID_DEFICIENCY
SP_221_WNT_SIGNALING_PATHWAY,221,PID_WNT_SIGNALING_PATHWAY,WNT SIGNALING PATHWAY,5,48,KEGG_MEDICUS_REFERENCE_WNT_SIGNALING_MODULATION_LGR_RSPO; KEGG_MEDICUS_REFERENCE_WNT_SIGNALING_MODULATION_SOST_LRP4; KEGG_MEDICUS_REFERENCE_WNT5A_ROR_SIGNALING_PATHWAY; PID_WNT_SIGNALING_PATHWAY; REACTOME_REGULATION_OF_FZD_BY_UBIQUITINATION
SP_222_VARIANT_DELETED_DMD_TO_DYSTROPHIN_ASSOCIATED_PROTEIN_COMPLEX,222,KEGG_MEDICUS_VARIANT_DELETED_DMD_TO_DYSTROPHIN_ASSOCIATED_PROTEIN_COMPLEX,VARIANT DELETED DMD TO DYSTROPHIN ASSOCIATED PROTEIN COMPLEX,1,10,KEGG_MEDICUS_VARIANT_DELETED_DMD_TO_DYSTROPHIN_ASSOCIATED_PROTEIN_COMPLEX
SP_223_EFFECT_OF_PROGERIN_ON_GENES_INVOLVED_IN_PROGERIA,223,WP_EFFECT_OF_PROGERIN_ON_GENES_INVOLVED_IN_PROGERIA,EFFECT OF PROGERIN ON GENES INVOLVED IN PROGERIA,3,64,KEGG_MEDICUS_VARIANT_IGH_MMSET_FUSION_TO_TRANSCRIPTIONAL_ACTIVATION; REACTOME_INTERLEUKIN_7_SIGNALING; WP_EFFECT_OF_PROGERIN_ON_GENES_INVOLVED_IN_PROGERIA
SP_224_HIF2PATHWAY,224,PID_HIF2PATHWAY,HIF2PATHWAY,3,50,KEGG_MEDICUS_VARIANT_LOSS_OF_VHL_TO_HIF_1_SIGNALING_PATHWAY; PID_HIF1A_PATHWAY; PID_HIF2PATHWAY
SP_225_VARIANT_MLL_AF4_FUSION_TO_TRANSCRIPTIONAL_ACTIVATION,225,KEGG_MEDICUS_VARIANT_MLL_AF4_FUSION_TO_TRANSCRIPTIONAL_ACTIVATION,VARIANT MLL AF4 FUSION TO TRANSCRIPTIONAL ACTIVATION,1,26,KEGG_MEDICUS_VARIANT_MLL_AF4_FUSION_TO_TRANSCRIPTIONAL_ACTIVATION
SP_226_VARIANT_MLL_ENL_FUSION_TO_TRANSCRIPTIONAL_ACTIVATION,226,KEGG_MEDICUS_VARIANT_MLL_ENL_FUSION_TO_TRANSCRIPTIONAL_ACTIVATION,VARIANT MLL ENL FUSION TO TRANSCRIPTIONAL ACTIVATION,1,13,KEGG_MEDICUS_VARIANT_MLL_ENL_FUSION_TO_TRANSCRIPTIONAL_ACTIVATION
SP_227_REGULATION_OF_MITF_M_DEPENDENT_GENES_INVOLVED_IN_CELL_CYCLE_,227,REACTOME_REGULATION_OF_MITF_M_DEPENDENT_GENES_INVOLVED_IN_CELL_CYCLE_AND_PROLIFERATION,REGULATION OF MITF M DEPENDENT GENES INVOLVED IN CELL CYCLE AND PROLIFERATION,5,44,KEGG_MEDICUS_VARIANT_MUTATION_INACTIVATED_APC_TO_WNT_SIGNALING_PATHWAY; KEGG_MEDICUS_VARIANT_MUTATION_INACTIVATED_AXIN_TO_WNT_SIGNALING_PATHWAY; REACTOME_REGULATION_OF_MITF_M_DEPENDENT_GENES_INVOLVED_IN_CELL_CYCLE_AND_PROLIFERATION; REACTOME_REPRESSION_OF_WNT_TARGET_GENES; WP_AMPLIFICATION_AND_EXPANSION_OF_ONCOGENIC_PATHWAYS_AS_METASTATIC_TRAITS
SP_228_VARIANT_OLIGOMERIC_CONFORMATION_PRPC_TO_ANTEROGRADE_AXONAL_T,228,KEGG_MEDICUS_VARIANT_OLIGOMERIC_CONFORMATION_PRPC_TO_ANTEROGRADE_AXONAL_TRANSPORT,VARIANT OLIGOMERIC CONFORMATION PRPC TO ANTEROGRADE AXONAL TRANSPORT,2,18,KEGG_MEDICUS_VARIANT_OLIGOMERIC_CONFORMATION_PRPC_TO_ANTEROGRADE_AXONAL_TRANSPORT; REACTOME_RHO_GTPASES_ACTIVATE_KTN1
SP_229_VARIANT_TEL_AML1_FUSION_TO_TRANSCRIPTIONAL_REPRESSION,229,KEGG_MEDICUS_VARIANT_TEL_AML1_FUSION_TO_TRANSCRIPTIONAL_REPRESSION,VARIANT TEL AML1 FUSION TO TRANSCRIPTIONAL REPRESSION,1,11,KEGG_MEDICUS_VARIANT_TEL_AML1_FUSION_TO_TRANSCRIPTIONAL_REPRESSION
SP_230_NATURAL_KILLER_CELL_MEDIATED_CYTOTOXICITY,230,KEGG_NATURAL_KILLER_CELL_MEDIATED_CYTOTOXICITY,NATURAL KILLER CELL MEDIATED CYTOTOXICITY,2,164,KEGG_NATURAL_KILLER_CELL_MEDIATED_CYTOTOXICITY; PID_CD8_TCR_DOWNSTREAM_PATHWAY
SP_231_GPCR_LIGAND_BINDING,231,REACTOME_GPCR_LIGAND_BINDING,GPCR LIGAND BINDING,8,781,KEGG_NEUROACTIVE_LIGAND_RECEPTOR_INTERACTION; REACTOME_CLASS_A_1_RHODOPSIN_LIKE_RECEPTORS; REACTOME_G_ALPHA_I_SIGNALLING_EVENTS; REACTOME_G_ALPHA_Q_SIGNALLING_EVENTS; REACTOME_GPCR_LIGAND_BINDING; REACTOME_PEPTIDE_LIGAND_BINDING_RECEPTORS; WP_GPCRS_CLASS_A_RHODOPSINLIKE; WP_PEPTIDE_GPCRS
SP_232_NITROGEN_METABOLISM,232,KEGG_NITROGEN_METABOLISM,NITROGEN METABOLISM,2,23,KEGG_NITROGEN_METABOLISM; REACTOME_REVERSIBLE_HYDRATION_OF_CARBON_DIOXIDE
SP_233_NOD_LIKE_RECEPTOR_SIGNALING_PATHWAY,233,KEGG_NOD_LIKE_RECEPTOR_SIGNALING_PATHWAY,NOD LIKE RECEPTOR SIGNALING PATHWAY,2,77,KEGG_NOD_LIKE_RECEPTOR_SIGNALING_PATHWAY; WP_NUCLEOTIDEBINDING_OLIGOMERIZATION_DOMAIN_NOD_PATHWAY
SP_234_O_LINKED_GLYCOSYLATION,234,REACTOME_O_LINKED_GLYCOSYLATION,O LINKED GLYCOSYLATION,7,128,KEGG_O_GLYCAN_BIOSYNTHESIS; REACTOME_DECTIN_2_FAMILY; REACTOME_DEFECTIVE_C1GALT1C1_CAUSES_TNPS; REACTOME_DEFECTIVE_GALNT3_CAUSES_HFTC; REACTOME_O_LINKED_GLYCOSYLATION; REACTOME_O_LINKED_GLYCOSYLATION_OF_MUCINS; REACTOME_TERMINATION_OF_O_GLYCAN_BIOSYNTHESIS
SP_235_OLFACTORY_SIGNALING_PATHWAY,235,REACTOME_OLFACTORY_SIGNALING_PATHWAY,OLFACTORY SIGNALING PATHWAY,2,447,KEGG_OLFACTORY_TRANSDUCTION; REACTOME_OLFACTORY_SIGNALING_PATHWAY
SP_236_ONECARBON_METABOLISM,236,WP_ONECARBON_METABOLISM,ONECARBON METABOLISM,4,39,KEGG_ONE_CARBON_POOL_BY_FOLATE; REACTOME_METABOLISM_OF_FOLATE_AND_PTERINES; WP_DISORDERS_OF_FOLATE_METABOLISM_AND_TRANSPORT; WP_ONECARBON_METABOLISM
SP_237_OOCYTE_MEIOSIS,237,KEGG_OOCYTE_MEIOSIS,OOCYTE MEIOSIS,2,147,KEGG_OOCYTE_MEIOSIS; KEGG_PROGESTERONE_MEDIATED_OOCYTE_MATURATION
SP_238_OTHER_GLYCAN_DEGRADATION,238,KEGG_OTHER_GLYCAN_DEGRADATION,OTHER GLYCAN DEGRADATION,1,16,KEGG_OTHER_GLYCAN_DEGRADATION
SP_239_VITAMIN_B5_PANTOTHENATE_METABOLISM,239,REACTOME_VITAMIN_B5_PANTOTHENATE_METABOLISM,VITAMIN B5 PANTOTHENATE METABOLISM,2,25,KEGG_PANTOTHENATE_AND_COA_BIOSYNTHESIS; REACTOME_VITAMIN_B5_PANTOTHENATE_METABOLISM
SP_240_PENTOSE_PHOSPHATE_PATHWAY,240,KEGG_PENTOSE_PHOSPHATE_PATHWAY,PENTOSE PHOSPHATE PATHWAY,2,28,KEGG_PENTOSE_PHOSPHATE_PATHWAY; REACTOME_PENTOSE_PHOSPHATE_PATHWAY
SP_241_PEROXISOME,241,KEGG_PEROXISOME,PEROXISOME,4,97,KEGG_PEROXISOME; REACTOME_BETA_OXIDATION_OF_VERY_LONG_CHAIN_FATTY_ACIDS; REACTOME_PEROXISOMAL_LIPID_METABOLISM; REACTOME_PEROXISOMAL_PROTEIN_IMPORT
SP_242_PPAR_SIGNALING_PATHWAY,242,KEGG_PPAR_SIGNALING_PATHWAY,PPAR SIGNALING PATHWAY,3,75,KEGG_PPAR_SIGNALING_PATHWAY; WP_PPAR_SIGNALING; WP_PPARALPHA_PATHWAY
SP_243_PRIMARY_IMMUNODEFICIENCY,243,KEGG_PRIMARY_IMMUNODEFICIENCY,PRIMARY IMMUNODEFICIENCY,1,35,KEGG_PRIMARY_IMMUNODEFICIENCY
SP_244_PROTEIN_EXPORT,244,KEGG_PROTEIN_EXPORT,PROTEIN EXPORT,1,24,KEGG_PROTEIN_EXPORT
SP_245_PURINE_METABOLISM,245,KEGG_PURINE_METABOLISM,PURINE METABOLISM,5,206,KEGG_PURINE_METABOLISM; KEGG_PYRIMIDINE_METABOLISM; REACTOME_INTERCONVERSION_OF_NUCLEOTIDE_DI_AND_TRIPHOSPHATES; REACTOME_METABOLISM_OF_NUCLEOTIDES; WP_PYRIMIDINE_METABOLISM
SP_246_RAS_AND_BRADYKININ_PATHWAYS_IN_COVID19,246,WP_RAS_AND_BRADYKININ_PATHWAYS_IN_COVID19,RAS AND BRADYKININ PATHWAYS IN COVID19,4,50,KEGG_RENIN_ANGIOTENSIN_SYSTEM; REACTOME_METABOLISM_OF_ANGIOTENSINOGEN_TO_ANGIOTENSINS; WP_ACE_INHIBITOR_PATHWAY; WP_RAS_AND_BRADYKININ_PATHWAYS_IN_COVID19
SP_247_RIBOFLAVIN_METABOLISM,247,KEGG_RIBOFLAVIN_METABOLISM,RIBOFLAVIN METABOLISM,1,16,KEGG_RIBOFLAVIN_METABOLISM
SP_248_DDX58_IFIH1_MEDIATED_INDUCTION_OF_INTERFERON_ALPHA_BETA,248,REACTOME_DDX58_IFIH1_MEDIATED_INDUCTION_OF_INTERFERON_ALPHA_BETA,DDX58 IFIH1 MEDIATED INDUCTION OF INTERFERON ALPHA BETA,7,108,KEGG_RIG_I_LIKE_RECEPTOR_SIGNALING_PATHWAY; REACTOME_DDX58_IFIH1_MEDIATED_INDUCTION_OF_INTERFERON_ALPHA_BETA; REACTOME_NEGATIVE_REGULATORS_OF_DDX58_IFIH1_SIGNALING; REACTOME_NF_KB_ACTIVATION_THROUGH_FADD_RIP_1_PATHWAY_MEDIATED_BY_CASPASE_8_AND_10; REACTOME_TRAF3_DEPENDENT_IRF_ACTIVATION_PATHWAY; REACTOME_TRAF6_MEDIATED_NF_KB_ACTIVATION; WP_NOVEL_INTRACELLULAR_COMPONENTS_OF_RIGILIKE_RECEPTOR_PATHWAY
SP_249_RNA_DEGRADATION,249,KEGG_RNA_DEGRADATION,RNA DEGRADATION,3,75,KEGG_RNA_DEGRADATION; REACTOME_DEADENYLATION_DEPENDENT_MRNA_DECAY; REACTOME_MRNA_DECAY_BY_5_TO_3_EXORIBONUCLEASE
SP_250_SELENOAMINO_ACID_METABOLISM,250,KEGG_SELENOAMINO_ACID_METABOLISM,SELENOAMINO ACID METABOLISM,1,26,KEGG_SELENOAMINO_ACID_METABOLISM
SP_251_SNARE_INTERACTIONS_IN_VESICULAR_TRANSPORT,251,KEGG_SNARE_INTERACTIONS_IN_VESICULAR_TRANSPORT,SNARE INTERACTIONS IN VESICULAR TRANSPORT,1,38,KEGG_SNARE_INTERACTIONS_IN_VESICULAR_TRANSPORT
SP_252_SPHINGOLIPID_METABOLISM,252,KEGG_SPHINGOLIPID_METABOLISM,SPHINGOLIPID METABOLISM,8,100,KEGG_SPHINGOLIPID_METABOLISM; REACTOME_SPHINGOLIPID_DE_NOVO_BIOSYNTHESIS; WP_METABOLISM_OF_SPHINGOLIPIDS_IN_ER_AND_GOLGI_APPARATUS; WP_SPHINGOLIPID_METABOLISM_IN_SENESCENCE; WP_SPHINGOLIPID_METABOLISM_INTEGRATED_PATHWAY; WP_SPHINGOLIPID_METABOLISM_OVERVIEW; WP_SPHINGOLIPID_PATHWAY; WP_SYNTHESIS_OF_CERAMIDES_AND_1DEOXYCERAMIDES
SP_253_PROCESSING_OF_CAPPED_INTRON_CONTAINING_PRE_MRNA,253,REACTOME_PROCESSING_OF_CAPPED_INTRON_CONTAINING_PRE_MRNA,PROCESSING OF CAPPED INTRON CONTAINING PRE MRNA,4,327,KEGG_SPLICEOSOME; REACTOME_MRNA_SPLICING; REACTOME_PROCESSING_OF_CAPPED_INTRON_CONTAINING_PRE_MRNA; WP_MRNA_PROCESSING
SP_254_CYTOSOLIC_SULFONATION_OF_SMALL_MOLECULES,254,REACTOME_CYTOSOLIC_SULFONATION_OF_SMALL_MOLECULES,CYTOSOLIC SULFONATION OF SMALL MOLECULES,3,32,KEGG_SULFUR_METABOLISM; REACTOME_CYTOSOLIC_SULFONATION_OF_SMALL_MOLECULES; WP_SULFATION_BIOTRANSFORMATION_REACTION
SP_255_EPIGENETIC_REGULATION_OF_GENE_EXPRESSION,255,REACTOME_EPIGENETIC_REGULATION_OF_GENE_EXPRESSION,EPIGENETIC REGULATION OF GENE EXPRESSION,74,1822,KEGG_SYSTEMIC_LUPUS_ERYTHEMATOSUS; REACTOME_ACTIVATED_PKN1_STIMULATES_TRANSCRIPTION_OF_AR_ANDROGEN_RECEPTOR_REGULATED_GENES_KLK2_AND_KLK3; REACTOME_ACTIVATION_OF_ANTERIOR_HOX_GENES_IN_HINDBRAIN_DEVELOPMENT_DURING_EARLY_EMBRYOGENESIS; REACTOME_AMYLOID_FIBER_FORMATION; REACTOME_ASSEMBLY_OF_THE_ORC_COMPLEX_AT_THE_ORIGIN_OF_REPLICATION; REACTOME_B_WICH_COMPLEX_POSITIVELY_REGULATES_RRNA_EXPRESSION; REACTOME_BASE_EXCISION_REPAIR; REACTOME_BASE_EXCISION_REPAIR_AP_SITE_FORMATION; REACTOME_CELLULAR_SENESCENCE; REACTOME_CHROMATIN_MODIFICATIONS_DURING_THE_MATERNAL_TO_ZYGOTIC_TRANSITION_MZT
SP_256_TASTE_TRANSDUCTION,256,KEGG_TASTE_TRANSDUCTION,TASTE TRANSDUCTION,3,76,KEGG_TASTE_TRANSDUCTION; REACTOME_CLASS_C_3_METABOTROPIC_GLUTAMATE_PHEROMONE_RECEPTORS; REACTOME_SENSORY_PERCEPTION_OF_TASTE
SP_257_AFLATOXIN_ACTIVATION_AND_DETOXIFICATION,257,REACTOME_AFLATOXIN_ACTIVATION_AND_DETOXIFICATION,AFLATOXIN ACTIVATION AND DETOXIFICATION,3,32,KEGG_TAURINE_AND_HYPOTAURINE_METABOLISM; REACTOME_AFLATOXIN_ACTIVATION_AND_DETOXIFICATION; REACTOME_GLUTATHIONE_SYNTHESIS_AND_RECYCLING
SP_258_TGF_BETA_SIGNALING_PATHWAY,258,KEGG_TGF_BETA_SIGNALING_PATHWAY,TGF BETA SIGNALING PATHWAY,3,120,KEGG_TGF_BETA_SIGNALING_PATHWAY; WP_TGFBETA_RECEPTOR_SIGNALING; WP_TGFBETA_RECEPTOR_SIGNALING_IN_SKELETAL_DYSPLASIAS
SP_259_TYPE_II_DIABETES_MELLITUS,259,KEGG_TYPE_II_DIABETES_MELLITUS,TYPE II DIABETES MELLITUS,3,63,KEGG_TYPE_II_DIABETES_MELLITUS; WP_ROLES_OF_CERAMIDES_IN_DEVELOPMENT_OF_INSULIN_RESISTANCE; WP_TYPE_II_DIABETES_MELLITUS
SP_260_CLASS_I_MHC_MEDIATED_ANTIGEN_PROCESSING_PRESENTATION,260,REACTOME_CLASS_I_MHC_MEDIATED_ANTIGEN_PROCESSING_PRESENTATION,CLASS I MHC MEDIATED ANTIGEN PROCESSING PRESENTATION,4,490,KEGG_UBIQUITIN_MEDIATED_PROTEOLYSIS; REACTOME_ANTIGEN_PROCESSING_UBIQUITINATION_PROTEASOME_DEGRADATION; REACTOME_CLASS_I_MHC_MEDIATED_ANTIGEN_PROCESSING_PRESENTATION; REACTOME_NEDDYLATION
SP_261_VALINE_LEUCINE_AND_ISOLEUCINE_BIOSYNTHESIS,261,KEGG_VALINE_LEUCINE_AND_ISOLEUCINE_BIOSYNTHESIS,VALINE LEUCINE AND ISOLEUCINE BIOSYNTHESIS,1,11,KEGG_VALINE_LEUCINE_AND_ISOLEUCINE_BIOSYNTHESIS
SP_262_VALINE_LEUCINE_AND_ISOLEUCINE_DEGRADATION,262,KEGG_VALINE_LEUCINE_AND_ISOLEUCINE_DEGRADATION,VALINE LEUCINE AND ISOLEUCINE DEGRADATION,3,50,KEGG_VALINE_LEUCINE_AND_ISOLEUCINE_DEGRADATION; REACTOME_BRANCHED_CHAIN_AMINO_ACID_CATABOLISM; WP_LEUCINE_ISOLEUCINE_AND_VALINE_METABOLISM
SP_263_NON_INTEGRIN_MEMBRANE_ECM_INTERACTIONS,263,REACTOME_NON_INTEGRIN_MEMBRANE_ECM_INTERACTIONS,NON INTEGRIN MEMBRANE ECM INTERACTIONS,9,176,PID_A6B1_A6B4_INTEGRIN_PATHWAY; PID_INTEGRIN4_PATHWAY; REACTOME_FORMATION_OF_THE_DYSTROPHIN_GLYCOPROTEIN_COMPLEX_DGC; REACTOME_LAMININ_INTERACTIONS; REACTOME_MET_ACTIVATES_PTK2_SIGNALING; REACTOME_MET_PROMOTES_CELL_MOTILITY; REACTOME_NON_INTEGRIN_MEMBRANE_ECM_INTERACTIONS; REACTOME_SIGNALING_BY_MET; WP_ALPHA_6_BETA_4_SIGNALING
SP_264_AJDISS_2PATHWAY,264,PID_AJDISS_2PATHWAY,AJDISS 2PATHWAY,1,48,PID_AJDISS_2PATHWAY
SP_265_ALPHA_SYNUCLEIN_PATHWAY,265,PID_ALPHA_SYNUCLEIN_PATHWAY,ALPHA SYNUCLEIN PATHWAY,2,51,PID_ALPHA_SYNUCLEIN_PATHWAY; PID_GLYPICAN_1PATHWAY
SP_266_AMB2_NEUTROPHILS_PATHWAY,266,PID_AMB2_NEUTROPHILS_PATHWAY,AMB2 NEUTROPHILS PATHWAY,1,41,PID_AMB2_NEUTROPHILS_PATHWAY
SP_267_RAC1PAK1P38MMP2_PATHWAY,267,WP_RAC1PAK1P38MMP2_PATHWAY,RAC1PAK1P38MMP2 PATHWAY,2,86,PID_ANGIOPOIETIN_RECEPTOR_PATHWAY; WP_RAC1PAK1P38MMP2_PATHWAY
SP_268_ANTHRAX_PATHWAY,268,PID_ANTHRAX_PATHWAY,ANTHRAX PATHWAY,2,21,PID_ANTHRAX_PATHWAY; REACTOME_UPTAKE_AND_FUNCTION_OF_ANTHRAX_TOXINS
SP_269_AP1_PATHWAY,269,PID_AP1_PATHWAY,AP1 PATHWAY,2,86,PID_AP1_PATHWAY; PID_FRA_PATHWAY
SP_270_ANDROGEN_RECEPTOR_SIGNALING,270,WP_ANDROGEN_RECEPTOR_SIGNALING,ANDROGEN RECEPTOR SIGNALING,2,129,PID_AR_PATHWAY; WP_ANDROGEN_RECEPTOR_SIGNALING
SP_271_AR_TF_PATHWAY,271,PID_AR_TF_PATHWAY,AR TF PATHWAY,2,72,PID_AR_TF_PATHWAY; PID_RETINOIC_ACID_PATHWAY
SP_272_ARF6_DOWNSTREAM_PATHWAY,272,PID_ARF6_DOWNSTREAM_PATHWAY,ARF6 DOWNSTREAM PATHWAY,1,15,PID_ARF6_DOWNSTREAM_PATHWAY
SP_273_ARF6_PATHWAY,273,PID_ARF6_PATHWAY,ARF6 PATHWAY,1,35,PID_ARF6_PATHWAY
SP_274_ATF2_PATHWAY,274,PID_ATF2_PATHWAY,ATF2 PATHWAY,1,59,PID_ATF2_PATHWAY
SP_275_AURORA_A_PATHWAY,275,PID_AURORA_A_PATHWAY,AURORA A PATHWAY,1,31,PID_AURORA_A_PATHWAY
SP_276_AURORA_B_PATHWAY,276,PID_AURORA_B_PATHWAY,AURORA B PATHWAY,1,39,PID_AURORA_B_PATHWAY
SP_277_EXTRACELLULAR_MATRIX_ORGANIZATION,277,REACTOME_EXTRACELLULAR_MATRIX_ORGANIZATION,EXTRACELLULAR MATRIX ORGANIZATION,11,401,PID_AVB3_INTEGRIN_PATHWAY; PID_SYNDECAN_1_PATHWAY; REACTOME_ASSEMBLY_OF_COLLAGEN_FIBRILS_AND_OTHER_MULTIMERIC_STRUCTURES; REACTOME_COLLAGEN_BIOSYNTHESIS_AND_MODIFYING_ENZYMES; REACTOME_COLLAGEN_CHAIN_TRIMERIZATION; REACTOME_COLLAGEN_DEGRADATION; REACTOME_COLLAGEN_FORMATION; REACTOME_DEGRADATION_OF_THE_EXTRACELLULAR_MATRIX; REACTOME_EXTRACELLULAR_MATRIX_ORGANIZATION; REACTOME_NCAM_SIGNALING_FOR_NEURITE_OUT_GROWTH
SP_278_AVB3_OPN_PATHWAY,278,PID_AVB3_OPN_PATHWAY,AVB3 OPN PATHWAY,2,33,PID_AVB3_OPN_PATHWAY; WP_OSTEOPONTIN_SIGNALING
SP_279_WNT_CANONICAL_PATHWAY,279,PID_WNT_CANONICAL_PATHWAY,WNT CANONICAL PATHWAY,3,34,PID_BETA_CATENIN_DEG_PATHWAY; PID_WNT_CANONICAL_PATHWAY; WP_WNTBETACATENIN_SIGNALING_AND_ARTD_FAMILY_MEMBERS
SP_280_BETA_CATENIN_NUC_PATHWAY,280,PID_BETA_CATENIN_NUC_PATHWAY,BETA CATENIN NUC PATHWAY,2,105,PID_BETA_CATENIN_NUC_PATHWAY; REACTOME_DEACTIVATION_OF_THE_BETA_CATENIN_TRANSACTIVATING_COMPLEX
SP_281_RANKLRANK_SIGNALING,281,WP_RANKLRANK_SIGNALING,RANKLRANK SIGNALING,4,106,PID_CD40_PATHWAY; SIG_CD40PATHWAYMAP; WP_RANKLRANK_SIGNALING; WP_TNFRELATED_WEAK_INDUCER_OF_APOPTOSIS_TWEAK_SIGNALING
SP_282_CDC42_PATHWAY,282,PID_CDC42_PATHWAY,CDC42 PATHWAY,2,93,PID_CDC42_PATHWAY; PID_RAC1_PATHWAY
SP_283_RAC1_REG_PATHWAY,283,PID_RAC1_REG_PATHWAY,RAC1 REG PATHWAY,2,54,PID_CDC42_REG_PATHWAY; PID_RAC1_REG_PATHWAY
SP_284_CMYB_PATHWAY,284,PID_CMYB_PATHWAY,CMYB PATHWAY,1,84,PID_CMYB_PATHWAY
SP_285_CXCR4_PATHWAY,285,PID_CXCR4_PATHWAY,CXCR4 PATHWAY,5,157,PID_CXCR4_PATHWAY; REACTOME_CD28_DEPENDENT_PI3K_AKT_SIGNALING; REACTOME_CO_STIMULATION_BY_CD28; REACTOME_REGULATION_OF_T_CELL_ACTIVATION_BY_CD28_FAMILY; REACTOME_VEGFR2_MEDIATED_VASCULAR_PERMEABILITY
SP_286_DELTA_NP63_PATHWAY,286,PID_DELTA_NP63_PATHWAY,DELTA NP63 PATHWAY,1,47,PID_DELTA_NP63_PATHWAY
SP_287_E2F_PATHWAY,287,PID_E2F_PATHWAY,E2F PATHWAY,5,85,PID_E2F_PATHWAY; REACTOME_G0_AND_EARLY_G1; REACTOME_G1_S_SPECIFIC_TRANSCRIPTION; REACTOME_TRANSCRIPTION_OF_E2F_TARGETS_UNDER_NEGATIVE_CONTROL_BY_DREAM_COMPLEX; REACTOME_TRANSCRIPTION_OF_E2F_TARGETS_UNDER_NEGATIVE_CONTROL_BY_P107_RBL1_AND_P130_RBL2_IN_COMPLEX_WITH_HDAC1
SP_288_ECADHERIN_NASCENT_AJ_PATHWAY,288,PID_ECADHERIN_NASCENT_AJ_PATHWAY,ECADHERIN NASCENT AJ PATHWAY,4,84,PID_ECADHERIN_KERATINOCYTE_PATHWAY; PID_ECADHERIN_NASCENT_AJ_PATHWAY; PID_NCADHERIN_PATHWAY; PID_NECTIN_PATHWAY
SP_289_ECADHERIN_STABILIZATION_PATHWAY,289,PID_ECADHERIN_STABILIZATION_PATHWAY,ECADHERIN STABILIZATION PATHWAY,1,41,PID_ECADHERIN_STABILIZATION_PATHWAY
SP_290_LYSOPHOSPHOLIPID_PATHWAY,290,PID_LYSOPHOSPHOLIPID_PATHWAY,LYSOPHOSPHOLIPID PATHWAY,10,152,PID_ENDOTHELIN_PATHWAY; PID_ER_NONGENOMIC_PATHWAY; PID_LYSOPHOSPHOLIPID_PATHWAY; PID_S1P_META_PATHWAY; PID_S1P_S1P1_PATHWAY; PID_S1P_S1P2_PATHWAY; PID_S1P_S1P3_PATHWAY; PID_S1P_S1P4_PATHWAY; PID_THROMBIN_PAR1_PATHWAY; PID_THROMBIN_PAR4_PATHWAY
SP_291_EPH_EPHRIN_SIGNALING,291,REACTOME_EPH_EPHRIN_SIGNALING,EPH EPHRIN SIGNALING,5,105,PID_EPHA_FWDPATHWAY; REACTOME_EPH_EPHRIN_MEDIATED_REPULSION_OF_CELLS; REACTOME_EPH_EPHRIN_SIGNALING; REACTOME_EPHA_MEDIATED_GROWTH_CONE_COLLAPSE; REACTOME_EPHB_MEDIATED_FORWARD_SIGNALING
SP_292_EPHA2_FWD_PATHWAY,292,PID_EPHA2_FWD_PATHWAY,EPHA2 FWD PATHWAY,1,19,PID_EPHA2_FWD_PATHWAY
SP_293_EPHRINB_REV_PATHWAY,293,PID_EPHRINB_REV_PATHWAY,EPHRINB REV PATHWAY,4,62,PID_EPHRINB_REV_PATHWAY; PID_P38_ALPHA_BETA_PATHWAY; REACTOME_CD28_DEPENDENT_VAV1_PATHWAY; REACTOME_EPHRIN_SIGNALING
SP_294_ERA_GENOMIC_PATHWAY,294,PID_ERA_GENOMIC_PATHWAY,ERA GENOMIC PATHWAY,2,92,PID_ERA_GENOMIC_PATHWAY; PID_HNF3A_PATHWAY
SP_295_SIGNALING_BY_ERBB4,295,REACTOME_SIGNALING_BY_ERBB4,SIGNALING BY ERBB4,16,105,PID_ERBB_NETWORK_PATHWAY; PID_ERBB4_PATHWAY; REACTOME_DOWNREGULATION_OF_ERBB2_ERBB3_SIGNALING; REACTOME_DOWNREGULATION_OF_ERBB2_SIGNALING; REACTOME_ERBB2_ACTIVATES_PTK6_SIGNALING; REACTOME_ERBB2_REGULATES_CELL_MOTILITY; REACTOME_GAB1_SIGNALOSOME; REACTOME_GRB2_EVENTS_IN_ERBB2_SIGNALING; REACTOME_NUCLEAR_SIGNALING_BY_ERBB4; REACTOME_PI3K_EVENTS_IN_ERBB2_SIGNALING
SP_296_REGULATED_NECROSIS,296,REACTOME_REGULATED_NECROSIS,REGULATED NECROSIS,7,108,PID_FAS_PATHWAY; PID_TRAIL_PATHWAY; REACTOME_CASPASE_ACTIVATION_VIA_DEATH_RECEPTORS_IN_THE_PRESENCE_OF_LIGAND; REACTOME_CASPASE_ACTIVATION_VIA_EXTRINSIC_APOPTOTIC_SIGNALLING_PATHWAY; REACTOME_REGULATED_NECROSIS; REACTOME_REGULATION_BY_C_FLIP; REACTOME_RIPK1_MEDIATED_REGULATED_NECROSIS
SP_297_FOXM1_PATHWAY,297,PID_FOXM1_PATHWAY,FOXM1 PATHWAY,1,40,PID_FOXM1_PATHWAY
SP_298_P53_REGULATION_PATHWAY,298,PID_P53_REGULATION_PATHWAY,P53 REGULATION PATHWAY,2,93,PID_FOXO_PATHWAY; PID_P53_REGULATION_PATHWAY
SP_299_GMCSF_PATHWAY,299,PID_GMCSF_PATHWAY,GMCSF PATHWAY,8,78,PID_GMCSF_PATHWAY; PID_IL3_PATHWAY; PID_IL5_PATHWAY; REACTOME_FGFR1_MUTANT_RECEPTOR_ACTIVATION; REACTOME_SIGNALING_BY_CYTOSOLIC_FGFR1_FUSION_MUTANTS; REACTOME_SIGNALING_BY_FLT3_FUSION_PROTEINS; REACTOME_SIGNALING_BY_FLT3_ITD_AND_TKD_MUTANTS; REACTOME_STAT5_ACTIVATION_DOWNSTREAM_OF_FLT3_ITD_MUTANTS
SP_300_HDAC_CLASSIII_PATHWAY,300,PID_HDAC_CLASSIII_PATHWAY,HDAC CLASSIII PATHWAY,3,39,PID_HDAC_CLASSIII_PATHWAY; REACTOME_FOXO_MEDIATED_TRANSCRIPTION_OF_CELL_DEATH_GENES; REACTOME_REGULATION_OF_FOXO_TRANSCRIPTIONAL_ACTIVITY_BY_ACETYLATION
SP_301_HEDGEHOG_GLI_PATHWAY,301,PID_HEDGEHOG_GLI_PATHWAY,HEDGEHOG GLI PATHWAY,1,48,PID_HEDGEHOG_GLI_PATHWAY
SP_302_HES_HEY_PATHWAY,302,PID_HES_HEY_PATHWAY,HES HEY PATHWAY,1,48,PID_HES_HEY_PATHWAY
SP_303_HIF1_TFPATHWAY,303,PID_HIF1_TFPATHWAY,HIF1 TFPATHWAY,2,87,PID_HIF1_TFPATHWAY; WP_PHOTODYNAMIC_THERAPYINDUCED_HIF1_SURVIVAL_SIGNALING
SP_304_IFNG_PATHWAY,304,PID_IFNG_PATHWAY,IFNG PATHWAY,4,79,PID_IFNG_PATHWAY; REACTOME_REGULATION_OF_IFNG_SIGNALING; WP_IMMUNE_RESPONSE_TO_TUBERCULOSIS; WP_TYPE_II_INTERFERON_SIGNALING
SP_305_SIG_PIP3_SIGNALING_IN_CARDIAC_MYOCTES,305,SIG_PIP3_SIGNALING_IN_CARDIAC_MYOCTES,SIG PIP3 SIGNALING IN CARDIAC MYOCTES,5,131,PID_IGF1_PATHWAY; PID_INSULIN_PATHWAY; PID_PI3K_PLC_TRK_PATHWAY; SIG_INSULIN_RECEPTOR_PATHWAY_IN_CARDIAC_MYOCYTES; SIG_PIP3_SIGNALING_IN_CARDIAC_MYOCTES
SP_306_TXA2PATHWAY,306,PID_TXA2PATHWAY,TXA2PATHWAY,3,74,PID_IL8_CXCR1_PATHWAY; PID_IL8_CXCR2_PATHWAY; PID_TXA2PATHWAY
SP_307_ILK_PATHWAY,307,PID_ILK_PATHWAY,ILK PATHWAY,1,45,PID_ILK_PATHWAY
SP_308_INSULIN_GLUCOSE_PATHWAY,308,PID_INSULIN_GLUCOSE_PATHWAY,INSULIN GLUCOSE PATHWAY,7,77,PID_INSULIN_GLUCOSE_PATHWAY; PID_P38_MK2_PATHWAY; REACTOME_ACTIVATION_OF_BAD_AND_TRANSLOCATION_TO_MITOCHONDRIA; REACTOME_CHK1_CHK2_CDS1_MEDIATED_INACTIVATION_OF_CYCLIN_B_CDK1_COMPLEX; REACTOME_SARS_COV_1_TARGETS_HOST_INTRACELLULAR_SIGNALLING_AND_REGULATORY_PATHWAYS; REACTOME_SARS_COV_2_TARGETS_HOST_INTRACELLULAR_SIGNALLING_AND_REGULATORY_PATHWAYS; WP_17P133_YWHAE_COPY_NUMBER_VARIATION
SP_309_INTEGRIN_A4B1_PATHWAY,309,PID_INTEGRIN_A4B1_PATHWAY,INTEGRIN A4B1 PATHWAY,2,50,PID_INTEGRIN_A4B1_PATHWAY; PID_INTEGRIN_A9B1_PATHWAY
SP_310_INTEGRIN2_PATHWAY,310,PID_INTEGRIN2_PATHWAY,INTEGRIN2 PATHWAY,1,29,PID_INTEGRIN2_PATHWAY
SP_311_INTEGRIN5_PATHWAY,311,PID_INTEGRIN5_PATHWAY,INTEGRIN5 PATHWAY,1,17,PID_INTEGRIN5_PATHWAY
SP_312_LKB1_PATHWAY,312,PID_LKB1_PATHWAY,LKB1 PATHWAY,1,47,PID_LKB1_PATHWAY
SP_313_MYC_ACTIV_PATHWAY,313,PID_MYC_ACTIV_PATHWAY,MYC ACTIV PATHWAY,1,79,PID_MYC_ACTIV_PATHWAY
SP_314_MYC_PATHWAY,314,PID_MYC_PATHWAY,MYC PATHWAY,1,25,PID_MYC_PATHWAY
SP_315_MYC_REPRESS_PATHWAY,315,PID_MYC_REPRESS_PATHWAY,MYC REPRESS PATHWAY,1,63,PID_MYC_REPRESS_PATHWAY
SP_316_NEPHRIN_NEPH1_PATHWAY,316,PID_NEPHRIN_NEPH1_PATHWAY,NEPHRIN NEPH1 PATHWAY,2,42,PID_NEPHRIN_NEPH1_PATHWAY; REACTOME_NEPHRIN_FAMILY_INTERACTIONS
SP_317_NETRIN_1_SIGNALING,317,REACTOME_NETRIN_1_SIGNALING,NETRIN 1 SIGNALING,3,58,PID_NETRIN_PATHWAY; REACTOME_DCC_MEDIATED_ATTRACTIVE_SIGNALING; REACTOME_NETRIN_1_SIGNALING
SP_318_NFAT_3PATHWAY,318,PID_NFAT_3PATHWAY,NFAT 3PATHWAY,2,65,PID_NFAT_3PATHWAY; WP_GNAQ_PR183Q_DRIVES_CAPILLARY_MALFORMATION
SP_319_NFAT_TFPATHWAY,319,PID_NFAT_TFPATHWAY,NFAT TFPATHWAY,2,55,PID_NFAT_TFPATHWAY; PID_TCR_CALCIUM_PATHWAY
SP_320_NFKAPPAB_ATYPICAL_PATHWAY,320,PID_NFKAPPAB_ATYPICAL_PATHWAY,NFKAPPAB ATYPICAL PATHWAY,2,24,PID_NFKAPPAB_ATYPICAL_PATHWAY; REACTOME_RECEPTOR_MEDIATED_MITOPHAGY
SP_321_P38_ALPHA_BETA_DOWNSTREAM_PATHWAY,321,PID_P38_ALPHA_BETA_DOWNSTREAM_PATHWAY,P38 ALPHA BETA DOWNSTREAM PATHWAY,1,38,PID_P38_ALPHA_BETA_DOWNSTREAM_PATHWAY
SP_322_P38_GAMMA_DELTA_PATHWAY,322,PID_P38_GAMMA_DELTA_PATHWAY,P38 GAMMA DELTA PATHWAY,1,11,PID_P38_GAMMA_DELTA_PATHWAY
SP_323_P38_MKK3_6PATHWAY,323,PID_P38_MKK3_6PATHWAY,P38 MKK3 6PATHWAY,1,26,PID_P38_MKK3_6PATHWAY
SP_324_P53_DOWNSTREAM_PATHWAY,324,PID_P53_DOWNSTREAM_PATHWAY,P53 DOWNSTREAM PATHWAY,2,199,PID_P53_DOWNSTREAM_PATHWAY; WP_P53_TRANSCRIPTIONAL_GENE_NETWORK
SP_325_P73PATHWAY,325,PID_P73PATHWAY,P73PATHWAY,2,114,PID_P73PATHWAY; PID_TAP63_PATHWAY
SP_326_P75_NTR_PATHWAY,326,PID_P75_NTR_PATHWAY,P75 NTR PATHWAY,1,68,PID_P75_NTR_PATHWAY
SP_327_PI3KCI_AKT_PATHWAY,327,PID_PI3KCI_AKT_PATHWAY,PI3KCI AKT PATHWAY,4,43,PID_PI3KCI_AKT_PATHWAY; REACTOME_AKT_PHOSPHORYLATES_TARGETS_IN_THE_CYTOSOL; REACTOME_AKT_PHOSPHORYLATES_TARGETS_IN_THE_NUCLEUS; REACTOME_REGULATION_OF_LOCALIZATION_OF_FOXO_TRANSCRIPTION_FACTORS
SP_328_PI3KCI_PATHWAY,328,PID_PI3KCI_PATHWAY,PI3KCI PATHWAY,5,110,PID_PI3KCI_PATHWAY; REACTOME_DAP12_INTERACTIONS; REACTOME_DAP12_SIGNALING; REACTOME_GPVI_MEDIATED_ACTIVATION_CASCADE; WP_MICROGLIA_PATHOGEN_PHAGOCYTOSIS_PATHWAY
SP_329_PLK1_PATHWAY,329,PID_PLK1_PATHWAY,PLK1 PATHWAY,1,46,PID_PLK1_PATHWAY
SP_330_PRL_SIGNALING_EVENTS_PATHWAY,330,PID_PRL_SIGNALING_EVENTS_PATHWAY,PRL SIGNALING EVENTS PATHWAY,1,23,PID_PRL_SIGNALING_EVENTS_PATHWAY
SP_331_PTP1B_PATHWAY,331,PID_PTP1B_PATHWAY,PTP1B PATHWAY,1,52,PID_PTP1B_PATHWAY
SP_332_RAS_PATHWAY,332,PID_RAS_PATHWAY,RAS PATHWAY,2,42,PID_RAS_PATHWAY; REACTOME_VEGFR2_MEDIATED_CELL_PROLIFERATION
SP_333_RB_1PATHWAY,333,PID_RB_1PATHWAY,RB 1PATHWAY,1,65,PID_RB_1PATHWAY
SP_334_REELIN_PATHWAY,334,PID_REELIN_PATHWAY,REELIN PATHWAY,1,28,PID_REELIN_PATHWAY
SP_335_REG_GR_PATHWAY,335,PID_REG_GR_PATHWAY,REG GR PATHWAY,1,82,PID_REG_GR_PATHWAY
SP_336_RET_SIGNALING,336,REACTOME_RET_SIGNALING,RET SIGNALING,2,57,PID_RET_PATHWAY; REACTOME_RET_SIGNALING
SP_337_RHO_GTPASE_CYCLE,337,REACTOME_RHO_GTPASE_CYCLE,RHO GTPASE CYCLE,12,451,PID_RHOA_REG_PATHWAY; REACTOME_CDC42_GTPASE_CYCLE; REACTOME_RAC1_GTPASE_CYCLE; REACTOME_RAC2_GTPASE_CYCLE; REACTOME_RAC3_GTPASE_CYCLE; REACTOME_RHO_GTPASE_CYCLE; REACTOME_RHOA_GTPASE_CYCLE; REACTOME_RHOB_GTPASE_CYCLE; REACTOME_RHOC_GTPASE_CYCLE; REACTOME_RHOG_GTPASE_CYCLE
SP_338_TRKR_PATHWAY,338,PID_TRKR_PATHWAY,TRKR PATHWAY,2,96,PID_SHP2_PATHWAY; PID_TRKR_PATHWAY
SP_339_SMAD2_3NUCLEAR_PATHWAY,339,PID_SMAD2_3NUCLEAR_PATHWAY,SMAD2 3NUCLEAR PATHWAY,1,82,PID_SMAD2_3NUCLEAR_PATHWAY
SP_340_TGFBETA_SIGNALING_IN_THYROID_CELLS_FOR_EPITHELIALMESENCHYMAL,340,WP_TGFBETA_SIGNALING_IN_THYROID_CELLS_FOR_EPITHELIALMESENCHYMAL_TRANSITION,TGFBETA SIGNALING IN THYROID CELLS FOR EPITHELIALMESENCHYMAL TRANSITION,2,30,PID_SMAD2_3PATHWAY; WP_TGFBETA_SIGNALING_IN_THYROID_CELLS_FOR_EPITHELIALMESENCHYMAL_TRANSITION
SP_341_SYNDECAN_2_PATHWAY,341,PID_SYNDECAN_2_PATHWAY,SYNDECAN 2 PATHWAY,2,56,PID_SYNDECAN_2_PATHWAY; PID_SYNDECAN_4_PATHWAY
SP_342_TCR_JNK_PATHWAY,342,PID_TCR_JNK_PATHWAY,TCR JNK PATHWAY,1,14,PID_TCR_JNK_PATHWAY
SP_343_TELOMERASE_PATHWAY,343,PID_TELOMERASE_PATHWAY,TELOMERASE PATHWAY,1,67,PID_TELOMERASE_PATHWAY
SP_344_SIGNALING_BY_TGFB_FAMILY_MEMBERS,344,REACTOME_SIGNALING_BY_TGFB_FAMILY_MEMBERS,SIGNALING BY TGFB FAMILY MEMBERS,8,190,PID_TGFBR_PATHWAY; REACTOME_DOWNREGULATION_OF_SMAD2_3_SMAD4_TRANSCRIPTIONAL_ACTIVITY; REACTOME_DOWNREGULATION_OF_TGF_BETA_RECEPTOR_SIGNALING; REACTOME_SIGNALING_BY_TGF_BETA_RECEPTOR_COMPLEX; REACTOME_SIGNALING_BY_TGFB_FAMILY_MEMBERS; REACTOME_SMAD2_SMAD3_SMAD4_HETEROTRIMER_REGULATES_TRANSCRIPTION; REACTOME_TGF_BETA_RECEPTOR_SIGNALING_ACTIVATES_SMADS; REACTOME_TRANSCRIPTIONAL_ACTIVITY_OF_SMAD2_SMAD3_SMAD4_HETEROTRIMER
SP_345_TNFALPHA_SIGNALING,345,WP_TNFALPHA_SIGNALING,TNFALPHA SIGNALING,5,136,PID_TNF_PATHWAY; REACTOME_TNF_SIGNALING; REACTOME_TNFR1_INDUCED_NF_KAPPA_B_SIGNALING_PATHWAY; REACTOME_TNFR1_INDUCED_PROAPOPTOTIC_SIGNALING; WP_TNFALPHA_SIGNALING
SP_346_TOLL_ENDOGENOUS_PATHWAY,346,PID_TOLL_ENDOGENOUS_PATHWAY,TOLL ENDOGENOUS PATHWAY,3,37,PID_TOLL_ENDOGENOUS_PATHWAY; REACTOME_IRAK4_DEFICIENCY_TLR2_4; REACTOME_REGULATION_OF_TLR_BY_ENDOGENOUS_LIGAND
SP_347_UPA_UPAR_PATHWAY,347,PID_UPA_UPAR_PATHWAY,UPA UPAR PATHWAY,1,42,PID_UPA_UPAR_PATHWAY
SP_348_VEGF_VEGFR_PATHWAY,348,PID_VEGF_VEGFR_PATHWAY,VEGF VEGFR PATHWAY,1,10,PID_VEGF_VEGFR_PATHWAY
SP_349_SIGNALING_BY_VEGF,349,REACTOME_SIGNALING_BY_VEGF,SIGNALING BY VEGF,3,141,PID_VEGFR1_2_PATHWAY; PID_VEGFR1_PATHWAY; REACTOME_SIGNALING_BY_VEGF
SP_350_WNT_SIGNALING_NETPATH,350,WP_WNT_SIGNALING_NETPATH,WNT SIGNALING NETPATH,2,69,PID_WNT_NONCANONICAL_PATHWAY; WP_WNT_SIGNALING_NETPATH
SP_351_METABOLISM_OF_CARBOHYDRATES_AND_CARBOHYDRATE_DERIVATIVES,351,REACTOME_METABOLISM_OF_CARBOHYDRATES_AND_CARBOHYDRATE_DERIVATIVES,METABOLISM OF CARBOHYDRATES AND CARBOHYDRATE DERIVATIVES,11,305,REACTOME_A_TETRASACCHARIDE_LINKER_SEQUENCE_IS_REQUIRED_FOR_GAG_SYNTHESIS; REACTOME_ATTACHMENT_AND_ENTRY; REACTOME_CHONDROITIN_SULFATE_DERMATAN_SULFATE_METABOLISM; REACTOME_DEFECTIVE_B4GALT7_CAUSES_EDS_PROGEROID_TYPE; REACTOME_DEFECTIVE_EXT2_CAUSES_EXOSTOSES_2; REACTOME_GLYCOSAMINOGLYCAN_METABOLISM; REACTOME_HEPARAN_SULFATE_HEPARIN_HS_GAG_METABOLISM; REACTOME_HS_GAG_BIOSYNTHESIS; REACTOME_HS_GAG_DEGRADATION; REACTOME_METABOLISM_OF_CARBOHYDRATES_AND_CARBOHYDRATE_DERIVATIVES
SP_352_NICOTINE_EFFECT_ON_DOPAMINERGIC_NEURONS,352,WP_NICOTINE_EFFECT_ON_DOPAMINERGIC_NEURONS,NICOTINE EFFECT ON DOPAMINERGIC NEURONS,4,30,REACTOME_ACETYLCHOLINE_BINDING_AND_DOWNSTREAM_EVENTS; REACTOME_HIGHLY_CALCIUM_PERMEABLE_POSTSYNAPTIC_NICOTINIC_ACETYLCHOLINE_RECEPTORS; REACTOME_PRESYNAPTIC_NICOTINIC_ACETYLCHOLINE_RECEPTORS; WP_NICOTINE_EFFECT_ON_DOPAMINERGIC_NEURONS
SP_353_NEUROTRANSMITTER_RELEASE_CYCLE,353,REACTOME_NEUROTRANSMITTER_RELEASE_CYCLE,NEUROTRANSMITTER RELEASE CYCLE,8,85,REACTOME_ACETYLCHOLINE_NEUROTRANSMITTER_RELEASE_CYCLE; REACTOME_DOPAMINE_NEUROTRANSMITTER_RELEASE_CYCLE; REACTOME_GABA_SYNTHESIS_RELEASE_REUPTAKE_AND_DEGRADATION; REACTOME_GLUTAMATE_NEUROTRANSMITTER_RELEASE_CYCLE; REACTOME_NEUROTRANSMITTER_RELEASE_CYCLE; REACTOME_NOREPINEPHRINE_NEUROTRANSMITTER_RELEASE_CYCLE; REACTOME_SEROTONIN_NEUROTRANSMITTER_RELEASE_CYCLE; WP_SYNAPTIC_VESICLE_PATHWAY
SP_354_NUCLEOTIDE_BINDING_DOMAIN_LEUCINE_RICH_REPEAT_CONTAINING_REC,354,REACTOME_NUCLEOTIDE_BINDING_DOMAIN_LEUCINE_RICH_REPEAT_CONTAINING_RECEPTOR_NLR_SIGNALING_PATHWAYS,NUCLEOTIDE BINDING DOMAIN LEUCINE RICH REPEAT CONTAINING RECEPTOR NLR SIGNALING PATHWAYS,23,124,REACTOME_ACTIVATED_TAK1_MEDIATES_P38_MAPK_ACTIVATION; REACTOME_ACTIVATION_OF_IRF3_IRF7_MEDIATED_BY_TBK1_IKK_IKBKE; REACTOME_ALPHA_PROTEIN_KINASE_1_SIGNALING_PATHWAY; REACTOME_IKK_COMPLEX_RECRUITMENT_MEDIATED_BY_RIP1; REACTOME_IRAK1_RECRUITS_IKK_COMPLEX; REACTOME_IRAK2_MEDIATED_ACTIVATION_OF_TAK1_COMPLEX; REACTOME_JNK_C_JUN_KINASES_PHOSPHORYLATION_AND_ACTIVATION_MEDIATED_BY_ACTIVATED_HUMAN_TAK1; REACTOME_JOSEPHIN_DOMAIN_DUBS; REACTOME_MAP3K8_TPL2_DEPENDENT_MAPK1_3_ACTIVATION; REACTOME_NF_KB_IS_ACTIVATED_AND_SIGNALS_SURVIVAL
SP_355_PROGRAMMED_CELL_DEATH,355,REACTOME_PROGRAMMED_CELL_DEATH,PROGRAMMED CELL DEATH,4,198,REACTOME_ACTIVATION_OF_BH3_ONLY_PROTEINS; REACTOME_APOPTOSIS; REACTOME_INTRINSIC_PATHWAY_FOR_APOPTOSIS; REACTOME_PROGRAMMED_CELL_DEATH
SP_356_METABOLISM_OF_STEROIDS,356,REACTOME_METABOLISM_OF_STEROIDS,METABOLISM OF STEROIDS,5,234,REACTOME_ACTIVATION_OF_GENE_EXPRESSION_BY_SREBF_SREBP; REACTOME_METABOLISM_OF_STEROIDS; REACTOME_REGULATION_OF_CHOLESTEROL_BIOSYNTHESIS_BY_SREBP_SREBF; WP_CHOLESTEROL_BIOSYNTHESIS_PATHWAY_IN_HEPATOCYTES; WP_STEROL_REGULATORY_ELEMENTBINDING_PROTEINS_SREBP_SIGNALING
SP_357_CHRONIC_HYPERGLYCEMIA_IMPAIRMENT_OF_NEURON_FUNCTION,357,WP_CHRONIC_HYPERGLYCEMIA_IMPAIRMENT_OF_NEURON_FUNCTION,CHRONIC HYPERGLYCEMIA IMPAIRMENT OF NEURON FUNCTION,3,70,REACTOME_ACTIVATION_OF_MATRIX_METALLOPROTEINASES; WP_CHRONIC_HYPERGLYCEMIA_IMPAIRMENT_OF_NEURON_FUNCTION; WP_MATRIX_METALLOPROTEINASES
SP_358_ACTIVATION_OF_NMDA_RECEPTORS_AND_POSTSYNAPTIC_EVENTS,358,REACTOME_ACTIVATION_OF_NMDA_RECEPTORS_AND_POSTSYNAPTIC_EVENTS,ACTIVATION OF NMDA RECEPTORS AND POSTSYNAPTIC EVENTS,10,143,REACTOME_ACTIVATION_OF_NMDA_RECEPTORS_AND_POSTSYNAPTIC_EVENTS; REACTOME_ASSEMBLY_AND_CELL_SURFACE_PRESENTATION_OF_NMDA_RECEPTORS; REACTOME_CREB1_PHOSPHORYLATION_THROUGH_NMDA_RECEPTOR_MEDIATED_ACTIVATION_OF_RAS_SIGNALING; REACTOME_LONG_TERM_POTENTIATION; REACTOME_NEGATIVE_REGULATION_OF_NMDA_RECEPTOR_MEDIATED_NEURONAL_TRANSMISSION; REACTOME_RAS_ACTIVATION_UPON_CA2_INFLUX_THROUGH_NMDA_RECEPTOR; REACTOME_SYNAPTIC_ADHESION_LIKE_MOLECULES; REACTOME_UNBLOCKING_OF_NMDA_RECEPTORS_GLUTAMATE_BINDING_AND_ACTIVATION; WP_NOCGMPPKG_MEDIATED_NEUROPROTECTION; WP_NRXN1_DELETION_SYNDROME
SP_359_NEURAL_CREST_CELL_MIGRATION_DURING_DEVELOPMENT,359,WP_NEURAL_CREST_CELL_MIGRATION_DURING_DEVELOPMENT,NEURAL CREST CELL MIGRATION DURING DEVELOPMENT,2,46,REACTOME_ACTIVATION_OF_RAC1; WP_NEURAL_CREST_CELL_MIGRATION_DURING_DEVELOPMENT
SP_360_TRANSCRIPTIONAL_REGULATION_BY_THE_AP_2_TFAP2_FAMILY_OF_TRANS,360,REACTOME_TRANSCRIPTIONAL_REGULATION_BY_THE_AP_2_TFAP2_FAMILY_OF_TRANSCRIPTION_FACTORS,TRANSCRIPTIONAL REGULATION BY THE AP 2 TFAP2 FAMILY OF TRANSCRIPTION FACTORS,4,38,REACTOME_ACTIVATION_OF_THE_TFAP2_AP_2_FAMILY_OF_TRANSCRIPTION_FACTORS; REACTOME_NEGATIVE_REGULATION_OF_ACTIVITY_OF_TFAP2_AP_2_FAMILY_TRANSCRIPTION_FACTORS; REACTOME_TFAP2_AP_2_FAMILY_REGULATES_TRANSCRIPTION_OF_GROWTH_FACTORS_AND_THEIR_RECEPTORS; REACTOME_TRANSCRIPTIONAL_REGULATION_BY_THE_AP_2_TFAP2_FAMILY_OF_TRANSCRIPTION_FACTORS
SP_361_CELL_CELL_COMMUNICATION,361,REACTOME_CELL_CELL_COMMUNICATION,CELL CELL COMMUNICATION,6,155,REACTOME_ADHERENS_JUNCTIONS_INTERACTIONS; REACTOME_CELL_CELL_COMMUNICATION; REACTOME_CELL_CELL_JUNCTION_ORGANIZATION; REACTOME_CELL_JUNCTION_ORGANIZATION; REACTOME_REGULATION_OF_CDH11_FUNCTION; REACTOME_REGULATION_OF_HOMOTYPIC_CELL_CELL_ADHESION
SP_362_REGULATION_OF_LIPID_METABOLISM_BY_PPARALPHA,362,REACTOME_REGULATION_OF_LIPID_METABOLISM_BY_PPARALPHA,REGULATION OF LIPID METABOLISM BY PPARALPHA,4,233,REACTOME_ADIPOGENESIS; REACTOME_REGULATION_OF_LIPID_METABOLISM_BY_PPARALPHA; REACTOME_RSV_HOST_INTERACTIONS; REACTOME_TRANSCRIPTIONAL_REGULATION_OF_WHITE_ADIPOCYTE_DIFFERENTIATION
SP_363_ADVANCED_GLYCOSYLATION_ENDPRODUCT_RECEPTOR_SIGNALING,363,REACTOME_ADVANCED_GLYCOSYLATION_ENDPRODUCT_RECEPTOR_SIGNALING,ADVANCED GLYCOSYLATION ENDPRODUCT RECEPTOR SIGNALING,1,13,REACTOME_ADVANCED_GLYCOSYLATION_ENDPRODUCT_RECEPTOR_SIGNALING
SP_364_AUTOPHAGY,364,REACTOME_AUTOPHAGY,AUTOPHAGY,5,159,REACTOME_AGGREPHAGY; REACTOME_AUTOPHAGY; REACTOME_MITOPHAGY; REACTOME_PINK1_PRKN_MEDIATED_MITOPHAGY; REACTOME_SELECTIVE_AUTOPHAGY
SP_365_ALK_MUTANTS_BIND_TKIS,365,REACTOME_ALK_MUTANTS_BIND_TKIS,ALK MUTANTS BIND TKIS,1,12,REACTOME_ALK_MUTANTS_BIND_TKIS
SP_366_ALPHA_DEFENSINS,366,REACTOME_ALPHA_DEFENSINS,ALPHA DEFENSINS,1,10,REACTOME_ALPHA_DEFENSINS
SP_367_AMINE_LIGAND_BINDING_RECEPTORS,367,REACTOME_AMINE_LIGAND_BINDING_RECEPTORS,AMINE LIGAND BINDING RECEPTORS,3,42,REACTOME_AMINE_LIGAND_BINDING_RECEPTORS; REACTOME_SEROTONIN_RECEPTORS; WP_MONOAMINE_GPCRS
SP_368_SLC_MEDIATED_TRANSMEMBRANE_TRANSPORT,368,REACTOME_SLC_MEDIATED_TRANSMEMBRANE_TRANSPORT,SLC MEDIATED TRANSMEMBRANE TRANSPORT,3,248,REACTOME_AMINO_ACID_TRANSPORT_ACROSS_THE_PLASMA_MEMBRANE; REACTOME_SLC_MEDIATED_TRANSMEMBRANE_TRANSPORT; REACTOME_TRANSPORT_OF_INORGANIC_CATIONS_ANIONS_AND_AMINO_ACIDS_OLIGOPEPTIDES
SP_369_IRON_UPTAKE_AND_TRANSPORT,369,REACTOME_IRON_UPTAKE_AND_TRANSPORT,IRON UPTAKE AND TRANSPORT,7,158,REACTOME_AMINO_ACIDS_REGULATE_MTORC1; REACTOME_INSULIN_RECEPTOR_RECYCLING; REACTOME_IRON_UPTAKE_AND_TRANSPORT; REACTOME_REGULATION_OF_MITF_M_DEPENDENT_GENES_INVOLVED_IN_LYSOSOME_BIOGENESIS_AND_AUTOPHAGY; REACTOME_ROS_AND_RNS_PRODUCTION_IN_PHAGOCYTES; REACTOME_TRANSFERRIN_ENDOCYTOSIS_AND_RECYCLING; WP_PROXIMAL_TUBULE_TRANSPORT
SP_370_ORGANELLE_BIOGENESIS_AND_MAINTENANCE,370,REACTOME_ORGANELLE_BIOGENESIS_AND_MAINTENANCE,ORGANELLE BIOGENESIS AND MAINTENANCE,8,407,REACTOME_ANCHORING_OF_THE_BASAL_BODY_TO_THE_PLASMA_MEMBRANE; REACTOME_AURKA_ACTIVATION_BY_TPX2; REACTOME_CILIUM_ASSEMBLY; REACTOME_MITOTIC_G2_G2_M_PHASES; REACTOME_ORGANELLE_BIOGENESIS_AND_MAINTENANCE; REACTOME_RECRUITMENT_OF_MITOTIC_CENTROSOME_PROTEINS_AND_COMPLEXES; REACTOME_RECRUITMENT_OF_NUMA_TO_MITOTIC_CENTROSOMES; REACTOME_REGULATION_OF_PLK1_ACTIVITY_AT_G2_M_TRANSITION
SP_371_CELL_SURFACE_INTERACTIONS_AT_THE_VASCULAR_WALL,371,REACTOME_CELL_SURFACE_INTERACTIONS_AT_THE_VASCULAR_WALL,CELL SURFACE INTERACTIONS AT THE VASCULAR WALL,20,689,REACTOME_ANTIGEN_ACTIVATES_B_CELL_RECEPTOR_BCR_LEADING_TO_GENERATION_OF_SECOND_MESSENGERS; REACTOME_BINDING_AND_UPTAKE_OF_LIGANDS_BY_SCAVENGER_RECEPTORS; REACTOME_CD22_MEDIATED_BCR_REGULATION; REACTOME_CELL_SURFACE_INTERACTIONS_AT_THE_VASCULAR_WALL; REACTOME_COMPLEMENT_CASCADE; REACTOME_CREATION_OF_C4_AND_C2_ACTIVATORS; REACTOME_FC_EPSILON_RECEPTOR_FCERI_SIGNALING; REACTOME_FCERI_MEDIATED_CA_2_MOBILIZATION; REACTOME_FCERI_MEDIATED_MAPK_ACTIVATION; REACTOME_FCERI_MEDIATED_NF_KB_ACTIVATION
SP_372_ANTIMICROBIAL_PEPTIDES,372,REACTOME_ANTIMICROBIAL_PEPTIDES,ANTIMICROBIAL PEPTIDES,3,98,REACTOME_ANTIMICROBIAL_PEPTIDES; REACTOME_BETA_DEFENSINS; REACTOME_DEFENSINS
SP_373_APOPTOTIC_EXECUTION_PHASE,373,REACTOME_APOPTOTIC_EXECUTION_PHASE,APOPTOTIC EXECUTION PHASE,4,52,REACTOME_APOPTOTIC_CLEAVAGE_OF_CELL_ADHESION_PROTEINS; REACTOME_APOPTOTIC_CLEAVAGE_OF_CELLULAR_PROTEINS; REACTOME_APOPTOTIC_EXECUTION_PHASE; REACTOME_CASPASE_MEDIATED_CLEAVAGE_OF_CYTOSKELETAL_PROTEINS
SP_374_ASPARAGINE_N_LINKED_GLYCOSYLATION,374,REACTOME_ASPARAGINE_N_LINKED_GLYCOSYLATION,ASPARAGINE N LINKED GLYCOSYLATION,6,312,REACTOME_ASPARAGINE_N_LINKED_GLYCOSYLATION; REACTOME_CARGO_CONCENTRATION_IN_THE_ER; REACTOME_COPI_MEDIATED_ANTEROGRADE_TRANSPORT; REACTOME_COPII_MEDIATED_VESICLE_TRANSPORT; REACTOME_ER_TO_GOLGI_ANTEROGRADE_TRANSPORT; REACTOME_TRANSPORT_TO_THE_GOLGI_AND_SUBSEQUENT_MODIFICATION
SP_375_ASPARTATE_AND_ASPARAGINE_METABOLISM,375,REACTOME_ASPARTATE_AND_ASPARAGINE_METABOLISM,ASPARTATE AND ASPARAGINE METABOLISM,1,11,REACTOME_ASPARTATE_AND_ASPARAGINE_METABOLISM
SP_376_PLASMA_LIPOPROTEIN_REMODELING,376,REACTOME_PLASMA_LIPOPROTEIN_REMODELING,PLASMA LIPOPROTEIN REMODELING,13,70,REACTOME_ASSEMBLY_OF_ACTIVE_LPL_AND_LIPC_LIPASE_COMPLEXES; REACTOME_CHYLOMICRON_ASSEMBLY; REACTOME_CHYLOMICRON_REMODELING; REACTOME_HDL_REMODELING; REACTOME_PLASMA_LIPOPROTEIN_ASSEMBLY; REACTOME_PLASMA_LIPOPROTEIN_REMODELING; WP_FAMILIAL_HYPERLIPIDEMIA_TYPE_1; WP_FAMILIAL_HYPERLIPIDEMIA_TYPE_2; WP_FAMILIAL_HYPERLIPIDEMIA_TYPE_3; WP_FAMILIAL_HYPERLIPIDEMIA_TYPE_4
SP_377_NUCLEAR_RNA_DECAY,377,REACTOME_NUCLEAR_RNA_DECAY,NUCLEAR RNA DECAY,7,74,REACTOME_ATF4_ACTIVATES_GENES_IN_RESPONSE_TO_ENDOPLASMIC_RETICULUM_STRESS; REACTOME_BUTYRATE_RESPONSE_FACTOR_1_BRF1_BINDS_AND_DESTABILIZES_MRNA; REACTOME_KSRP_KHSRP_BINDS_AND_DESTABILIZES_MRNA; REACTOME_MRNA_DECAY_BY_3_TO_5_EXORIBONUCLEASE; REACTOME_NUCLEAR_RNA_DECAY; REACTOME_PERK_REGULATES_GENE_EXPRESSION; REACTOME_TRISTETRAPROLIN_TTP_ZFP36_BINDS_AND_DESTABILIZES_MRNA
SP_378_PHOTODYNAMIC_THERAPYINDUCED_UNFOLDED_PROTEIN_RESPONSE,378,WP_PHOTODYNAMIC_THERAPYINDUCED_UNFOLDED_PROTEIN_RESPONSE,PHOTODYNAMIC THERAPYINDUCED UNFOLDED PROTEIN RESPONSE,4,43,REACTOME_ATF6_ATF6_ALPHA_ACTIVATES_CHAPERONE_GENES; REACTOME_ATF6_ATF6_ALPHA_ACTIVATES_CHAPERONES; WP_PHOTODYNAMIC_THERAPYINDUCED_UNFOLDED_PROTEIN_RESPONSE; WP_UNFOLDED_PROTEIN_RESPONSE
SP_379_CELLULAR_RESPONSE_TO_HEAT_STRESS,379,REACTOME_CELLULAR_RESPONSE_TO_HEAT_STRESS,CELLULAR RESPONSE TO HEAT STRESS,5,101,REACTOME_ATTENUATION_PHASE; REACTOME_CELLULAR_RESPONSE_TO_HEAT_STRESS; REACTOME_HSF1_ACTIVATION; REACTOME_HSF1_DEPENDENT_TRANSACTIVATION; REACTOME_REGULATION_OF_HSF1_MEDIATED_HEAT_SHOCK_RESPONSE
SP_380_AZATHIOPRINE_ADME,380,REACTOME_AZATHIOPRINE_ADME,AZATHIOPRINE ADME,2,29,REACTOME_AZATHIOPRINE_ADME; REACTOME_RIBAVIRIN_ADME
SP_381_BASIGIN_INTERACTIONS,381,REACTOME_BASIGIN_INTERACTIONS,BASIGIN INTERACTIONS,1,25,REACTOME_BASIGIN_INTERACTIONS
SP_382_CARGO_TRAFFICKING_TO_THE_PERICILIARY_MEMBRANE,382,REACTOME_CARGO_TRAFFICKING_TO_THE_PERICILIARY_MEMBRANE,CARGO TRAFFICKING TO THE PERICILIARY MEMBRANE,3,51,REACTOME_BBSOME_MEDIATED_CARGO_TARGETING_TO_CILIUM; REACTOME_CARGO_TRAFFICKING_TO_THE_PERICILIARY_MEMBRANE; REACTOME_VXPX_CARGO_TARGETING_TO_CILIUM
SP_383_BICARBONATE_TRANSPORTERS,383,REACTOME_BICARBONATE_TRANSPORTERS,BICARBONATE TRANSPORTERS,1,10,REACTOME_BICARBONATE_TRANSPORTERS
SP_384_BIOSYNTHESIS_OF_THE_N_GLYCAN_PRECURSOR_DOLICHOL_LIPID_LINKED,384,REACTOME_BIOSYNTHESIS_OF_THE_N_GLYCAN_PRECURSOR_DOLICHOL_LIPID_LINKED_OLIGOSACCHARIDE_LLO_AND_TRANSFER_TO_A_NASCENT_PROTEIN,BIOSYNTHESIS OF THE N GLYCAN PRECURSOR DOLICHOL LIPID LINKED OLIGOSACCHARIDE LLO AND TRANSFER TO A NASCENT PROTEIN,3,80,REACTOME_BIOSYNTHESIS_OF_THE_N_GLYCAN_PRECURSOR_DOLICHOL_LIPID_LINKED_OLIGOSACCHARIDE_LLO_AND_TRANSFER_TO_A_NASCENT_PROTEIN; REACTOME_SIALIC_ACID_METABOLISM; REACTOME_SYNTHESIS_OF_SUBSTRATES_IN_N_GLYCAN_BIOSYTHESIS
SP_385_BIOTIN_TRANSPORT_AND_METABOLISM,385,REACTOME_BIOTIN_TRANSPORT_AND_METABOLISM,BIOTIN TRANSPORT AND METABOLISM,1,11,REACTOME_BIOTIN_TRANSPORT_AND_METABOLISM
SP_386_MITOCHONDRIAL_BIOGENESIS,386,REACTOME_MITOCHONDRIAL_BIOGENESIS,MITOCHONDRIAL BIOGENESIS,6,133,REACTOME_BMAL1_CLOCK_NPAS2_ACTIVATES_CIRCADIAN_EXPRESSION; REACTOME_EXPRESSION_OF_BMAL_ARNTL_CLOCK_AND_NPAS2; REACTOME_HEME_SIGNALING; REACTOME_MITOCHONDRIAL_BIOGENESIS; REACTOME_RORA_B_C_AND_NR1D1_REV_ERBA_REGULATE_GENE_EXPRESSION; REACTOME_TRANSCRIPTIONAL_ACTIVATION_OF_MITOCHONDRIAL_BIOGENESIS
SP_387_BUTYROPHILIN_BTN_FAMILY_INTERACTIONS,387,REACTOME_BUTYROPHILIN_BTN_FAMILY_INTERACTIONS,BUTYROPHILIN BTN FAMILY INTERACTIONS,1,12,REACTOME_BUTYROPHILIN_BTN_FAMILY_INTERACTIONS
SP_388_MYOMETRIAL_RELAXATION_AND_CONTRACTION_PATHWAYS,388,WP_MYOMETRIAL_RELAXATION_AND_CONTRACTION_PATHWAYS,MYOMETRIAL RELAXATION AND CONTRACTION PATHWAYS,7,282,REACTOME_CA_DEPENDENT_EVENTS; REACTOME_DAG_AND_IP3_SIGNALING; REACTOME_G_PROTEIN_MEDIATED_EVENTS; REACTOME_OPIOID_SIGNALLING; WP_CALCIUM_REGULATION_IN_CARDIAC_CELLS; WP_G_PROTEIN_SIGNALING; WP_MYOMETRIAL_RELAXATION_AND_CONTRACTION_PATHWAYS
SP_389_CALCITONIN_LIKE_LIGAND_RECEPTORS,389,REACTOME_CALCITONIN_LIKE_LIGAND_RECEPTORS,CALCITONIN LIKE LIGAND RECEPTORS,1,10,REACTOME_CALCITONIN_LIKE_LIGAND_RECEPTORS
SP_390_N_GLYCAN_TRIMMING_IN_THE_ER_AND_CALNEXIN_CALRETICULIN_CYCLE,390,REACTOME_N_GLYCAN_TRIMMING_IN_THE_ER_AND_CALNEXIN_CALRETICULIN_CYCLE,N GLYCAN TRIMMING IN THE ER AND CALNEXIN CALRETICULIN CYCLE,3,35,REACTOME_CALNEXIN_CALRETICULIN_CYCLE; REACTOME_ER_QUALITY_CONTROL_COMPARTMENT_ERQC; REACTOME_N_GLYCAN_TRIMMING_IN_THE_ER_AND_CALNEXIN_CALRETICULIN_CYCLE
SP_391_MUSCLE_CONTRACTION,391,REACTOME_MUSCLE_CONTRACTION,MUSCLE CONTRACTION,4,230,REACTOME_CARDIAC_CONDUCTION; REACTOME_ION_HOMEOSTASIS; REACTOME_ION_TRANSPORT_BY_P_TYPE_ATPASES; REACTOME_MUSCLE_CONTRACTION
SP_392_HEART_DEVELOPMENT,392,WP_HEART_DEVELOPMENT,HEART DEVELOPMENT,2,57,REACTOME_CARDIOGENESIS; WP_HEART_DEVELOPMENT
SP_393_CLATHRIN_MEDIATED_ENDOCYTOSIS,393,REACTOME_CLATHRIN_MEDIATED_ENDOCYTOSIS,CLATHRIN MEDIATED ENDOCYTOSIS,2,145,REACTOME_CARGO_RECOGNITION_FOR_CLATHRIN_MEDIATED_ENDOCYTOSIS; REACTOME_CLATHRIN_MEDIATED_ENDOCYTOSIS
SP_394_CARNITINE_SHUTTLE,394,REACTOME_CARNITINE_SHUTTLE,CARNITINE SHUTTLE,1,14,REACTOME_CARNITINE_SHUTTLE
SP_395_CASPASE_ACTIVATION_VIA_DEPENDENCE_RECEPTORS_IN_THE_ABSENCE_O,395,REACTOME_CASPASE_ACTIVATION_VIA_DEPENDENCE_RECEPTORS_IN_THE_ABSENCE_OF_LIGAND,CASPASE ACTIVATION VIA DEPENDENCE RECEPTORS IN THE ABSENCE OF LIGAND,1,10,REACTOME_CASPASE_ACTIVATION_VIA_DEPENDENCE_RECEPTORS_IN_THE_ABSENCE_OF_LIGAND
SP_396_CD209_DC_SIGN_SIGNALING,396,REACTOME_CD209_DC_SIGN_SIGNALING,CD209 DC SIGN SIGNALING,1,21,REACTOME_CD209_DC_SIGN_SIGNALING
SP_397_M_PHASE,397,REACTOME_M_PHASE,M PHASE,9,634,REACTOME_CELL_CYCLE_CHECKPOINTS; REACTOME_M_PHASE; REACTOME_MITOTIC_METAPHASE_AND_ANAPHASE; REACTOME_MITOTIC_PROMETAPHASE; REACTOME_MITOTIC_SPINDLE_CHECKPOINT; REACTOME_RESOLUTION_OF_SISTER_CHROMATID_COHESION; REACTOME_RHO_GTPASE_EFFECTORS; REACTOME_RHO_GTPASES_ACTIVATE_FORMINS; REACTOME_SEPARATION_OF_SISTER_CHROMATIDS
SP_398_DEATH_RECEPTOR_SIGNALING,398,REACTOME_DEATH_RECEPTOR_SIGNALING,DEATH RECEPTOR SIGNALING,5,182,REACTOME_CELL_DEATH_SIGNALLING_VIA_NRAGE_NRIF_AND_NADE; REACTOME_DEATH_RECEPTOR_SIGNALING; REACTOME_G_ALPHA_12_13_SIGNALLING_EVENTS; REACTOME_NRAGE_SIGNALS_DEATH_THROUGH_JNK; REACTOME_P75_NTR_RECEPTOR_MEDIATED_SIGNALLING
SP_399_CELL_EXTRACELLULAR_MATRIX_INTERACTIONS,399,REACTOME_CELL_EXTRACELLULAR_MATRIX_INTERACTIONS,CELL EXTRACELLULAR MATRIX INTERACTIONS,1,18,REACTOME_CELL_EXTRACELLULAR_MATRIX_INTERACTIONS
SP_400_CELLULAR_HEXOSE_TRANSPORT,400,REACTOME_CELLULAR_HEXOSE_TRANSPORT,CELLULAR HEXOSE TRANSPORT,1,21,REACTOME_CELLULAR_HEXOSE_TRANSPORT
SP_401_PLATELET_HOMEOSTASIS,401,REACTOME_PLATELET_HOMEOSTASIS,PLATELET HOMEOSTASIS,3,86,REACTOME_CGMP_EFFECTS; REACTOME_NITRIC_OXIDE_STIMULATES_GUANYLATE_CYCLASE; REACTOME_PLATELET_HOMEOSTASIS
SP_402_LATE_ENDOSOMAL_MICROAUTOPHAGY,402,REACTOME_LATE_ENDOSOMAL_MICROAUTOPHAGY,LATE ENDOSOMAL MICROAUTOPHAGY,3,49,REACTOME_CHAPERONE_MEDIATED_AUTOPHAGY; REACTOME_ENDOSOMAL_SORTING_COMPLEX_REQUIRED_FOR_TRANSPORT_ESCRT; REACTOME_LATE_ENDOSOMAL_MICROAUTOPHAGY
SP_403_G_ALPHA_S_SIGNALLING_EVENTS,403,REACTOME_G_ALPHA_S_SIGNALLING_EVENTS,G ALPHA S SIGNALLING EVENTS,2,200,REACTOME_CLASS_B_2_SECRETIN_FAMILY_RECEPTORS; REACTOME_G_ALPHA_S_SIGNALLING_EVENTS
SP_404_CLASS_I_PEROXISOMAL_MEMBRANE_PROTEIN_IMPORT,404,REACTOME_CLASS_I_PEROXISOMAL_MEMBRANE_PROTEIN_IMPORT,CLASS I PEROXISOMAL MEMBRANE PROTEIN IMPORT,1,20,REACTOME_CLASS_I_PEROXISOMAL_MEMBRANE_PROTEIN_IMPORT
SP_405_PATHWAYS_INTO_METHIONINE_AND_FOLATE_CYCLES,405,WP_PATHWAYS_INTO_METHIONINE_AND_FOLATE_CYCLES,PATHWAYS INTO METHIONINE AND FOLATE CYCLES,6,59,REACTOME_COBALAMIN_CBL_VITAMIN_B12_TRANSPORT_AND_METABOLISM; REACTOME_DEFECTS_IN_COBALAMIN_B12_METABOLISM; REACTOME_DEFECTS_IN_VITAMIN_AND_COFACTOR_METABOLISM; REACTOME_UPTAKE_OF_DIETARY_COBALAMINS_INTO_ENTEROCYTES; WP_PATHWAYS_INTO_METHIONINE_AND_FOLATE_CYCLES; WP_VITAMIN_B12_DISORDERS
SP_406_MITOTIC_TELOPHASE_CYTOKINESIS,406,REACTOME_MITOTIC_TELOPHASE_CYTOKINESIS,MITOTIC TELOPHASE CYTOKINESIS,3,16,REACTOME_COHESIN_LOADING_ONTO_CHROMATIN; REACTOME_ESTABLISHMENT_OF_SISTER_CHROMATID_COHESION; REACTOME_MITOTIC_TELOPHASE_CYTOKINESIS
SP_407_CONDENSATION_OF_PROMETAPHASE_CHROMOSOMES,407,REACTOME_CONDENSATION_OF_PROMETAPHASE_CHROMOSOMES,CONDENSATION OF PROMETAPHASE CHROMOSOMES,1,11,REACTOME_CONDENSATION_OF_PROMETAPHASE_CHROMOSOMES
SP_408_INTRA_GOLGI_AND_RETROGRADE_GOLGI_TO_ER_TRAFFIC,408,REACTOME_INTRA_GOLGI_AND_RETROGRADE_GOLGI_TO_ER_TRAFFIC,INTRA GOLGI AND RETROGRADE GOLGI TO ER TRAFFIC,6,371,REACTOME_COPI_DEPENDENT_GOLGI_TO_ER_RETROGRADE_TRAFFIC; REACTOME_FACTORS_INVOLVED_IN_MEGAKARYOCYTE_DEVELOPMENT_AND_PLATELET_PRODUCTION; REACTOME_GOLGI_TO_ER_RETROGRADE_TRANSPORT; REACTOME_INTRA_GOLGI_AND_RETROGRADE_GOLGI_TO_ER_TRAFFIC; REACTOME_KINESINS; REACTOME_MHC_CLASS_II_ANTIGEN_PRESENTATION
SP_409_CREATINE_METABOLISM,409,REACTOME_CREATINE_METABOLISM,CREATINE METABOLISM,1,11,REACTOME_CREATINE_METABOLISM
SP_410_CRISTAE_FORMATION,410,REACTOME_CRISTAE_FORMATION,CRISTAE FORMATION,2,33,REACTOME_CRISTAE_FORMATION; REACTOME_FORMATION_OF_ATP_BY_CHEMIOSMOTIC_COUPLING
SP_411_SEMAPHORIN_INTERACTIONS,411,REACTOME_SEMAPHORIN_INTERACTIONS,SEMAPHORIN INTERACTIONS,5,64,REACTOME_CRMPS_IN_SEMA3A_SIGNALING; REACTOME_OTHER_SEMAPHORIN_INTERACTIONS; REACTOME_SEMA3A_PAK_DEPENDENT_AXON_REPULSION; REACTOME_SEMA3A_PLEXIN_REPULSION_SIGNALING_BY_INHIBITING_INTEGRIN_ADHESION; REACTOME_SEMAPHORIN_INTERACTIONS
SP_412_CS_DS_DEGRADATION,412,REACTOME_CS_DS_DEGRADATION,CS DS DEGRADATION,2,18,REACTOME_CS_DS_DEGRADATION; REACTOME_DERMATAN_SULFATE_BIOSYNTHESIS
SP_413_ESTROGEN_METABOLISM_WP5276,413,WP_ESTROGEN_METABOLISM_WP5276,ESTROGEN METABOLISM WP5276,4,46,REACTOME_CYP2E1_REACTIONS; REACTOME_XENOBIOTICS; WP_ESTROGEN_METABOLISM_WP5276; WP_TAMOXIFEN_METABOLISM
SP_414_PHASE_I_FUNCTIONALIZATION_OF_COMPOUNDS,414,REACTOME_PHASE_I_FUNCTIONALIZATION_OF_COMPOUNDS,PHASE I FUNCTIONALIZATION OF COMPOUNDS,5,126,REACTOME_CYTOCHROME_P450_ARRANGED_BY_SUBSTRATE_TYPE; REACTOME_ENDOGENOUS_STEROLS; REACTOME_METABOLIC_DISORDERS_OF_BIOLOGICAL_OXIDATION_ENZYMES; REACTOME_PHASE_I_FUNCTIONALIZATION_OF_COMPOUNDS; WP_OXIDATION_BY_CYTOCHROME_P450
SP_415_CYTOSOLIC_IRON_SULFUR_CLUSTER_ASSEMBLY,415,REACTOME_CYTOSOLIC_IRON_SULFUR_CLUSTER_ASSEMBLY,CYTOSOLIC IRON SULFUR CLUSTER ASSEMBLY,1,13,REACTOME_CYTOSOLIC_IRON_SULFUR_CLUSTER_ASSEMBLY
SP_416_M_DECAY_DEGRADATION_OF_MATERNAL_MRNAS_BY_MATERNALLY_STORED_F,416,REACTOME_M_DECAY_DEGRADATION_OF_MATERNAL_MRNAS_BY_MATERNALLY_STORED_FACTORS,M DECAY DEGRADATION OF MATERNAL MRNAS BY MATERNALLY STORED FACTORS,3,40,REACTOME_DEADENYLATION_OF_MRNA; REACTOME_M_DECAY_DEGRADATION_OF_MATERNAL_MRNAS_BY_MATERNALLY_STORED_FACTORS; REACTOME_Z_DECAY_DEGRADATION_OF_MATERNAL_MRNAS_BY_ZYGOTICALLY_EXPRESSED_FACTORS
SP_417_DEFECTIVE_INTRINSIC_PATHWAY_FOR_APOPTOSIS,417,REACTOME_DEFECTIVE_INTRINSIC_PATHWAY_FOR_APOPTOSIS,DEFECTIVE INTRINSIC PATHWAY FOR APOPTOSIS,1,25,REACTOME_DEFECTIVE_INTRINSIC_PATHWAY_FOR_APOPTOSIS
SP_418_SULFUR_AMINO_ACID_METABOLISM,418,REACTOME_SULFUR_AMINO_ACID_METABOLISM,SULFUR AMINO ACID METABOLISM,5,35,REACTOME_DEGRADATION_OF_CYSTEINE_AND_HOMOCYSTEINE; REACTOME_SULFUR_AMINO_ACID_METABOLISM; WP_CYSTEINE_AND_METHIONINE_CATABOLISM; WP_METHIONINE_METABOLISM_LEADING_TO_SULFUR_AMINO_ACIDS_AND_RELATED_DISORDERS; WP_TRANSSULFURATION_PATHWAY
SP_419_INITIATION_OF_NUCLEAR_ENVELOPE_NE_REFORMATION,419,REACTOME_INITIATION_OF_NUCLEAR_ENVELOPE_NE_REFORMATION,INITIATION OF NUCLEAR ENVELOPE NE REFORMATION,2,26,REACTOME_DEPOLYMERIZATION_OF_THE_NUCLEAR_LAMINA; REACTOME_INITIATION_OF_NUCLEAR_ENVELOPE_NE_REFORMATION
SP_420_DETOXIFICATION_OF_REACTIVE_OXYGEN_SPECIES,420,REACTOME_DETOXIFICATION_OF_REACTIVE_OXYGEN_SPECIES,DETOXIFICATION OF REACTIVE OXYGEN SPECIES,2,57,REACTOME_DETOXIFICATION_OF_REACTIVE_OXYGEN_SPECIES; WP_OXIDATIVE_STRESS_RESPONSE
SP_421_DEUBIQUITINATION,421,REACTOME_DEUBIQUITINATION,DEUBIQUITINATION,2,285,REACTOME_DEUBIQUITINATION; REACTOME_UB_SPECIFIC_PROCESSING_PROTEASES
SP_422_DEVELOPMENTAL_CELL_LINEAGES,422,REACTOME_DEVELOPMENTAL_CELL_LINEAGES,DEVELOPMENTAL CELL LINEAGES,5,121,REACTOME_DEVELOPMENTAL_CELL_LINEAGES; REACTOME_DEVELOPMENTAL_CELL_LINEAGES_OF_THE_EXOCRINE_PANCREAS; REACTOME_DEVELOPMENTAL_LINEAGE_OF_MULTIPOTENT_PANCREATIC_PROGENITOR_CELLS; REACTOME_DEVELOPMENTAL_LINEAGE_OF_PANCREATIC_ACINAR_CELLS; REACTOME_DEVELOPMENTAL_LINEAGE_OF_PANCREATIC_DUCTAL_CELLS
SP_423_DIFFERENTIATION_OF_KERATINOCYTES_IN_INTERFOLLICULAR_EPIDERMI,423,REACTOME_DIFFERENTIATION_OF_KERATINOCYTES_IN_INTERFOLLICULAR_EPIDERMIS_IN_MAMMALIAN_SKIN,DIFFERENTIATION OF KERATINOCYTES IN INTERFOLLICULAR EPIDERMIS IN MAMMALIAN SKIN,1,40,REACTOME_DIFFERENTIATION_OF_KERATINOCYTES_IN_INTERFOLLICULAR_EPIDERMIS_IN_MAMMALIAN_SKIN
SP_424_DIGESTION_AND_ABSORPTION,424,REACTOME_DIGESTION_AND_ABSORPTION,DIGESTION AND ABSORPTION,3,28,REACTOME_DIGESTION; REACTOME_DIGESTION_AND_ABSORPTION; REACTOME_DIGESTION_OF_DIETARY_CARBOHYDRATE
SP_425_DISSOLUTION_OF_FIBRIN_CLOT,425,REACTOME_DISSOLUTION_OF_FIBRIN_CLOT,DISSOLUTION OF FIBRIN CLOT,1,13,REACTOME_DISSOLUTION_OF_FIBRIN_CLOT
SP_426_E2F_MEDIATED_REGULATION_OF_DNA_REPLICATION,426,REACTOME_E2F_MEDIATED_REGULATION_OF_DNA_REPLICATION,E2F MEDIATED REGULATION OF DNA REPLICATION,3,26,REACTOME_E2F_MEDIATED_REGULATION_OF_DNA_REPLICATION; REACTOME_INHIBITION_OF_REPLICATION_INITIATION_OF_DAMAGED_DNA_BY_RB1_E2F1; REACTOME_MASTL_FACILITATES_MITOTIC_PROGRESSION
SP_427_PROTEIN_UBIQUITINATION,427,REACTOME_PROTEIN_UBIQUITINATION,PROTEIN UBIQUITINATION,3,79,REACTOME_E3_UBIQUITIN_LIGASES_UBIQUITINATE_TARGET_PROTEINS; REACTOME_PROTEIN_UBIQUITINATION; REACTOME_SYNTHESIS_OF_ACTIVE_UBIQUITIN_ROLES_OF_E1_AND_E2_ENZYMES
SP_428_EFFECTS_OF_PIP2_HYDROLYSIS,428,REACTOME_EFFECTS_OF_PIP2_HYDROLYSIS,EFFECTS OF PIP2 HYDROLYSIS,1,27,REACTOME_EFFECTS_OF_PIP2_HYDROLYSIS
SP_429_SIGNALING_BY_EGFR,429,REACTOME_SIGNALING_BY_EGFR,SIGNALING BY EGFR,5,63,REACTOME_EGFR_DOWNREGULATION; REACTOME_INLB_MEDIATED_ENTRY_OF_LISTERIA_MONOCYTOGENES_INTO_HOST_CELL; REACTOME_LISTERIA_MONOCYTOGENES_ENTRY_INTO_HOST_CELLS; REACTOME_NEGATIVE_REGULATION_OF_MET_ACTIVITY; REACTOME_SIGNALING_BY_EGFR
SP_430_EGR2_AND_SOX10_MEDIATED_INITIATION_OF_SCHWANN_CELL_MYELINATI,430,REACTOME_EGR2_AND_SOX10_MEDIATED_INITIATION_OF_SCHWANN_CELL_MYELINATION,EGR2 AND SOX10 MEDIATED INITIATION OF SCHWANN CELL MYELINATION,1,29,REACTOME_EGR2_AND_SOX10_MEDIATED_INITIATION_OF_SCHWANN_CELL_MYELINATION
SP_431_SYNTHESIS_OF_LEUKOTRIENES_LT_AND_EOXINS_EX,431,REACTOME_SYNTHESIS_OF_LEUKOTRIENES_LT_AND_EOXINS_EX,SYNTHESIS OF LEUKOTRIENES LT AND EOXINS EX,5,36,REACTOME_EICOSANOIDS; REACTOME_FATTY_ACIDS; REACTOME_MISCELLANEOUS_SUBSTRATES; REACTOME_SYNTHESIS_OF_LEUKOTRIENES_LT_AND_EOXINS_EX; WP_LEUKOTRIENE_METABOLIC_PATHWAY
SP_432_ELASTIC_FIBRE_FORMATION,432,REACTOME_ELASTIC_FIBRE_FORMATION,ELASTIC FIBRE FORMATION,2,44,REACTOME_ELASTIC_FIBRE_FORMATION; REACTOME_MOLECULES_ASSOCIATED_WITH_ELASTIC_FIBRES
SP_433_METABOLISM_OF_NITRIC_OXIDE_NOS3_ACTIVATION_AND_REGULATION,433,REACTOME_METABOLISM_OF_NITRIC_OXIDE_NOS3_ACTIVATION_AND_REGULATION,METABOLISM OF NITRIC OXIDE NOS3 ACTIVATION AND REGULATION,3,22,REACTOME_ENOS_ACTIVATION; REACTOME_METABOLISM_OF_NITRIC_OXIDE_NOS3_ACTIVATION_AND_REGULATION; REACTOME_TETRAHYDROBIOPTERIN_BH4_SYNTHESIS_RECYCLING_SALVAGE_AND_REGULATION
SP_434_ERYTHROCYTES_TAKE_UP_CARBON_DIOXIDE_AND_RELEASE_OXYGEN,434,REACTOME_ERYTHROCYTES_TAKE_UP_CARBON_DIOXIDE_AND_RELEASE_OXYGEN,ERYTHROCYTES TAKE UP CARBON DIOXIDE AND RELEASE OXYGEN,1,13,REACTOME_ERYTHROCYTES_TAKE_UP_CARBON_DIOXIDE_AND_RELEASE_OXYGEN
SP_435_EXTRA_NUCLEAR_ESTROGEN_SIGNALING,435,REACTOME_EXTRA_NUCLEAR_ESTROGEN_SIGNALING,EXTRA NUCLEAR ESTROGEN SIGNALING,2,75,REACTOME_ESTROGEN_DEPENDENT_NUCLEAR_EVENTS_DOWNSTREAM_OF_ESR_MEMBRANE_SIGNALING; REACTOME_EXTRA_NUCLEAR_ESTROGEN_SIGNALING
SP_436_ETHANOL_EFFECTS_ON_HISTONE_MODIFICATIONS,436,WP_ETHANOL_EFFECTS_ON_HISTONE_MODIFICATIONS,ETHANOL EFFECTS ON HISTONE MODIFICATIONS,3,43,REACTOME_ETHANOL_OXIDATION; WP_ETHANOL_EFFECTS_ON_HISTONE_MODIFICATIONS; WP_FATTY_ACID_OMEGAOXIDATION
SP_437_FERTILIZATION,437,REACTOME_FERTILIZATION,FERTILIZATION,2,26,REACTOME_FERTILIZATION; REACTOME_INTERACTION_WITH_CUMULUS_CELLS_AND_THE_ZONA_PELLUCIDA
SP_438_FGFR2B_LIGAND_BINDING_AND_ACTIVATION,438,REACTOME_FGFR2B_LIGAND_BINDING_AND_ACTIVATION,FGFR2B LIGAND BINDING AND ACTIVATION,1,10,REACTOME_FGFR2B_LIGAND_BINDING_AND_ACTIVATION
SP_439_FLT3_SIGNALING,439,REACTOME_FLT3_SIGNALING,FLT3 SIGNALING,2,38,REACTOME_FLT3_SIGNALING; REACTOME_NEGATIVE_REGULATION_OF_FLT3
SP_440_FORMATION_OF_DEFINITIVE_ENDODERM,440,REACTOME_FORMATION_OF_DEFINITIVE_ENDODERM,FORMATION OF DEFINITIVE ENDODERM,3,32,REACTOME_FORMATION_OF_AXIAL_MESODERM; REACTOME_FORMATION_OF_DEFINITIVE_ENDODERM; REACTOME_GERM_LAYER_FORMATION_AT_GASTRULATION
SP_441_FORMATION_OF_SENESCENCE_ASSOCIATED_HETEROCHROMATIN_FOCI_SAHF,441,REACTOME_FORMATION_OF_SENESCENCE_ASSOCIATED_HETEROCHROMATIN_FOCI_SAHF,FORMATION OF SENESCENCE ASSOCIATED HETEROCHROMATIN FOCI SAHF,1,17,REACTOME_FORMATION_OF_SENESCENCE_ASSOCIATED_HETEROCHROMATIN_FOCI_SAHF
SP_442_FORMATION_OF_THE_ANTERIOR_NEURAL_PLATE,442,REACTOME_FORMATION_OF_THE_ANTERIOR_NEURAL_PLATE,FORMATION OF THE ANTERIOR NEURAL PLATE,2,14,REACTOME_FORMATION_OF_THE_ANTERIOR_NEURAL_PLATE; REACTOME_FORMATION_OF_THE_POSTERIOR_NEURAL_PLATE
SP_443_KERATINIZATION,443,REACTOME_KERATINIZATION,KERATINIZATION,2,217,REACTOME_FORMATION_OF_THE_CORNIFIED_ENVELOPE; REACTOME_KERATINIZATION
SP_444_DEVELOPMENT_OF_URETERIC_DERIVED_COLLECTING_SYSTEM,444,WP_DEVELOPMENT_OF_URETERIC_DERIVED_COLLECTING_SYSTEM,DEVELOPMENT OF URETERIC DERIVED COLLECTING SYSTEM,6,113,REACTOME_FORMATION_OF_THE_NEPHRIC_DUCT; REACTOME_FORMATION_OF_THE_URETERIC_BUD; REACTOME_KIDNEY_DEVELOPMENT; WP_DEVELOPMENT_OF_URETERIC_DERIVED_COLLECTING_SYSTEM; WP_GDNFRET_SIGNALING_AXIS; WP_GENES_CONTROLLING_NEPHROGENESIS
SP_445_FORMATION_OF_WDR5_CONTAINING_HISTONE_MODIFYING_COMPLEXES,445,REACTOME_FORMATION_OF_WDR5_CONTAINING_HISTONE_MODIFYING_COMPLEXES,FORMATION OF WDR5 CONTAINING HISTONE MODIFYING COMPLEXES,1,42,REACTOME_FORMATION_OF_WDR5_CONTAINING_HISTONE_MODIFYING_COMPLEXES
SP_446_FOXO_MEDIATED_TRANSCRIPTION,446,REACTOME_FOXO_MEDIATED_TRANSCRIPTION,FOXO MEDIATED TRANSCRIPTION,3,66,REACTOME_FOXO_MEDIATED_TRANSCRIPTION; REACTOME_FOXO_MEDIATED_TRANSCRIPTION_OF_CELL_CYCLE_GENES; REACTOME_FOXO_MEDIATED_TRANSCRIPTION_OF_OXIDATIVE_STRESS_METABOLIC_AND_NEURONAL_GENES
SP_447_GAMMA_CARBOXYLATION_HYPUSINYLATION_HYDROXYLATION_AND_ARYLSUL,447,REACTOME_GAMMA_CARBOXYLATION_HYPUSINYLATION_HYDROXYLATION_AND_ARYLSULFATASE_ACTIVATION,GAMMA CARBOXYLATION HYPUSINYLATION HYDROXYLATION AND ARYLSULFATASE ACTIVATION,2,61,REACTOME_GAMMA_CARBOXYLATION_HYPUSINYLATION_HYDROXYLATION_AND_ARYLSULFATASE_ACTIVATION; REACTOME_PROTEIN_HYDROXYLATION
SP_448_GAP_JUNCTION_DEGRADATION,448,REACTOME_GAP_JUNCTION_DEGRADATION,GAP JUNCTION DEGRADATION,1,12,REACTOME_GAP_JUNCTION_DEGRADATION
SP_449_INTERLEUKIN_12_FAMILY_SIGNALING,449,REACTOME_INTERLEUKIN_12_FAMILY_SIGNALING,INTERLEUKIN 12 FAMILY SIGNALING,3,57,REACTOME_GENE_AND_PROTEIN_EXPRESSION_BY_JAK_STAT_SIGNALING_AFTER_INTERLEUKIN_12_STIMULATION; REACTOME_INTERLEUKIN_12_FAMILY_SIGNALING; REACTOME_INTERLEUKIN_12_SIGNALING
SP_450_GLUTAMATE_AND_GLUTAMINE_METABOLISM,450,REACTOME_GLUTAMATE_AND_GLUTAMINE_METABOLISM,GLUTAMATE AND GLUTAMINE METABOLISM,1,14,REACTOME_GLUTAMATE_AND_GLUTAMINE_METABOLISM
SP_451_GLYCOGEN_SYNTHESIS_AND_DEGRADATION,451,WP_GLYCOGEN_SYNTHESIS_AND_DEGRADATION,GLYCOGEN SYNTHESIS AND DEGRADATION,5,55,REACTOME_GLYCOGEN_BREAKDOWN_GLYCOGENOLYSIS; REACTOME_GLYCOGEN_METABOLISM; REACTOME_GLYCOGEN_SYNTHESIS; WP_DISORDERS_OF_GALACTOSE_METABOLISM; WP_GLYCOGEN_SYNTHESIS_AND_DEGRADATION
SP_452_SPHINGOLIPID_METABOLISM,452,REACTOME_SPHINGOLIPID_METABOLISM,SPHINGOLIPID METABOLISM,4,107,REACTOME_GLYCOSPHINGOLIPID_CATABOLISM; REACTOME_GLYCOSPHINGOLIPID_METABOLISM; REACTOME_SPHINGOLIPID_METABOLISM; REACTOME_THE_ACTIVATION_OF_ARYLSULFATASES
SP_453_GLYOXYLATE_METABOLISM_AND_GLYCINE_DEGRADATION,453,REACTOME_GLYOXYLATE_METABOLISM_AND_GLYCINE_DEGRADATION,GLYOXYLATE METABOLISM AND GLYCINE DEGRADATION,2,21,REACTOME_GLYOXYLATE_METABOLISM_AND_GLYCINE_DEGRADATION; WP_GLYOXYLATE_METABOLISM
SP_454_TRANS_GOLGI_NETWORK_VESICLE_BUDDING,454,REACTOME_TRANS_GOLGI_NETWORK_VESICLE_BUDDING,TRANS GOLGI NETWORK VESICLE BUDDING,3,72,REACTOME_GOLGI_ASSOCIATED_VESICLE_BIOGENESIS; REACTOME_LYSOSOME_VESICLE_BIOGENESIS; REACTOME_TRANS_GOLGI_NETWORK_VESICLE_BUDDING
SP_455_GOLGI_CISTERNAE_PERICENTRIOLAR_STACK_REORGANIZATION,455,REACTOME_GOLGI_CISTERNAE_PERICENTRIOLAR_STACK_REORGANIZATION,GOLGI CISTERNAE PERICENTRIOLAR STACK REORGANIZATION,1,14,REACTOME_GOLGI_CISTERNAE_PERICENTRIOLAR_STACK_REORGANIZATION
SP_456_PLATELET_ADHESION_TO_EXPOSED_COLLAGEN,456,REACTOME_PLATELET_ADHESION_TO_EXPOSED_COLLAGEN,PLATELET ADHESION TO EXPOSED COLLAGEN,2,21,REACTOME_GP1B_IX_V_ACTIVATION_SIGNALLING; REACTOME_PLATELET_ADHESION_TO_EXPOSED_COLLAGEN
SP_457_PLATELET_AGGREGATION_PLUG_FORMATION,457,REACTOME_PLATELET_AGGREGATION_PLUG_FORMATION,PLATELET AGGREGATION PLUG FORMATION,4,39,REACTOME_GRB2_SOS_PROVIDES_LINKAGE_TO_MAPK_SIGNALING_FOR_INTEGRINS; REACTOME_INTEGRIN_SIGNALING; REACTOME_P130CAS_LINKAGE_TO_MAPK_SIGNALING_FOR_INTEGRINS; REACTOME_PLATELET_AGGREGATION_PLUG_FORMATION
SP_458_HDR_THROUGH_MMEJ_ALT_NHEJ,458,REACTOME_HDR_THROUGH_MMEJ_ALT_NHEJ,HDR THROUGH MMEJ ALT NHEJ,1,12,REACTOME_HDR_THROUGH_MMEJ_ALT_NHEJ
SP_459_PEPTIDE_HORMONE_BIOSYNTHESIS,459,REACTOME_PEPTIDE_HORMONE_BIOSYNTHESIS,PEPTIDE HORMONE BIOSYNTHESIS,2,22,REACTOME_HORMONE_LIGAND_BINDING_RECEPTORS; REACTOME_PEPTIDE_HORMONE_BIOSYNTHESIS
SP_460_INTERLEUKIN_3_INTERLEUKIN_5_AND_GM_CSF_SIGNALING,460,REACTOME_INTERLEUKIN_3_INTERLEUKIN_5_AND_GM_CSF_SIGNALING,INTERLEUKIN 3 INTERLEUKIN 5 AND GM CSF SIGNALING,7,83,REACTOME_INACTIVATION_OF_CSF3_G_CSF_SIGNALING; REACTOME_INTERLEUKIN_2_FAMILY_SIGNALING; REACTOME_INTERLEUKIN_3_INTERLEUKIN_5_AND_GM_CSF_SIGNALING; REACTOME_INTERLEUKIN_RECEPTOR_SHC_SIGNALING; REACTOME_REGULATION_OF_SIGNALING_BY_CBL; REACTOME_SIGNALING_BY_CSF1_M_CSF_IN_MYELOID_CELLS; REACTOME_SIGNALING_BY_CSF3_G_CSF
SP_461_INCRETIN_SYNTHESIS_SECRETION_AND_INACTIVATION,461,REACTOME_INCRETIN_SYNTHESIS_SECRETION_AND_INACTIVATION,INCRETIN SYNTHESIS SECRETION AND INACTIVATION,5,47,REACTOME_INCRETIN_SYNTHESIS_SECRETION_AND_INACTIVATION; REACTOME_RESPIRATORY_SYNCYTIAL_VIRUS_RSV_GENOME_REPLICATION_TRANSCRIPTION_AND_TRANSLATION; REACTOME_SYNTHESIS_SECRETION_AND_DEACYLATION_OF_GHRELIN; REACTOME_SYNTHESIS_SECRETION_AND_INACTIVATION_OF_GLUCAGON_LIKE_PEPTIDE_1_GLP_1; REACTOME_SYNTHESIS_SECRETION_AND_INACTIVATION_OF_GLUCOSE_DEPENDENT_INSULINOTROPIC_POLYPEPTIDE_GIP
SP_462_INDUCTION_OF_CELL_CELL_FUSION,462,REACTOME_INDUCTION_OF_CELL_CELL_FUSION,INDUCTION OF CELL CELL FUSION,2,20,REACTOME_INDUCTION_OF_CELL_CELL_FUSION; WP_SARSCOV2_AND_COVID19_PATHWAY
SP_463_INFLAMMASOMES,463,REACTOME_INFLAMMASOMES,INFLAMMASOMES,2,21,REACTOME_INFLAMMASOMES; REACTOME_THE_NLRP3_INFLAMMASOME
SP_464_INSERTION_OF_TAIL_ANCHORED_PROTEINS_INTO_THE_ENDOPLASMIC_RET,464,REACTOME_INSERTION_OF_TAIL_ANCHORED_PROTEINS_INTO_THE_ENDOPLASMIC_RETICULUM_MEMBRANE,INSERTION OF TAIL ANCHORED PROTEINS INTO THE ENDOPLASMIC RETICULUM MEMBRANE,1,22,REACTOME_INSERTION_OF_TAIL_ANCHORED_PROTEINS_INTO_THE_ENDOPLASMIC_RETICULUM_MEMBRANE
SP_465_PEPTIDE_HORMONE_METABOLISM,465,REACTOME_PEPTIDE_HORMONE_METABOLISM,PEPTIDE HORMONE METABOLISM,2,88,REACTOME_INSULIN_PROCESSING; REACTOME_PEPTIDE_HORMONE_METABOLISM
SP_466_PHASE_0_RAPID_DEPOLARISATION,466,REACTOME_PHASE_0_RAPID_DEPOLARISATION,PHASE 0 RAPID DEPOLARISATION,3,67,REACTOME_INTERACTION_BETWEEN_L1_AND_ANKYRINS; REACTOME_PHASE_0_RAPID_DEPOLARISATION; WP_DRAVET_SYNDROME
SP_467_INTERFERON_SIGNALING,467,REACTOME_INTERFERON_SIGNALING,INTERFERON SIGNALING,3,280,REACTOME_INTERFERON_ALPHA_BETA_SIGNALING; REACTOME_INTERFERON_GAMMA_SIGNALING; REACTOME_INTERFERON_SIGNALING
SP_468_TOLL_LIKE_RECEPTOR_CASCADES,468,REACTOME_TOLL_LIKE_RECEPTOR_CASCADES,TOLL LIKE RECEPTOR CASCADES,7,178,REACTOME_INTERLEUKIN_17_SIGNALING; REACTOME_MYD88_INDEPENDENT_TLR4_CASCADE; REACTOME_REGULATION_OF_NF_KAPPA_B_SIGNALING; REACTOME_TAK1_DEPENDENT_IKK_AND_NF_KAPPA_B_ACTIVATION; REACTOME_TOLL_LIKE_RECEPTOR_9_TLR9_CASCADE; REACTOME_TOLL_LIKE_RECEPTOR_CASCADES; REACTOME_TOLL_LIKE_RECEPTOR_TLR1_TLR2_CASCADE
SP_469_INTERLEUKIN_37_SIGNALING,469,REACTOME_INTERLEUKIN_37_SIGNALING,INTERLEUKIN 37 SIGNALING,1,21,REACTOME_INTERLEUKIN_37_SIGNALING
SP_470_SIGNALING_BY_INTERLEUKINS,470,REACTOME_SIGNALING_BY_INTERLEUKINS,SIGNALING BY INTERLEUKINS,2,461,REACTOME_INTERLEUKIN_4_AND_INTERLEUKIN_13_SIGNALING; REACTOME_SIGNALING_BY_INTERLEUKINS
SP_471_RETROGRADE_TRANSPORT_AT_THE_TRANS_GOLGI_NETWORK,471,REACTOME_RETROGRADE_TRANSPORT_AT_THE_TRANS_GOLGI_NETWORK,RETROGRADE TRANSPORT AT THE TRANS GOLGI NETWORK,2,76,REACTOME_INTRA_GOLGI_TRAFFIC; REACTOME_RETROGRADE_TRANSPORT_AT_THE_TRANS_GOLGI_NETWORK
SP_472_INTRAFLAGELLAR_TRANSPORT,472,REACTOME_INTRAFLAGELLAR_TRANSPORT,INTRAFLAGELLAR TRANSPORT,2,61,REACTOME_INTRAFLAGELLAR_TRANSPORT; WP_INTRAFLAGELLAR_TRANSPORT_PROTEINS_BINDING_TO_DYNEIN
SP_473_ION_CHANNEL_TRANSPORT,473,REACTOME_ION_CHANNEL_TRANSPORT,ION CHANNEL TRANSPORT,3,183,REACTOME_ION_CHANNEL_TRANSPORT; REACTOME_STIMULI_SENSING_CHANNELS; REACTOME_TRP_CHANNELS
SP_474_IONOTROPIC_ACTIVITY_OF_KAINATE_RECEPTORS,474,REACTOME_IONOTROPIC_ACTIVITY_OF_KAINATE_RECEPTORS,IONOTROPIC ACTIVITY OF KAINATE RECEPTORS,1,10,REACTOME_IONOTROPIC_ACTIVITY_OF_KAINATE_RECEPTORS
SP_475_UNFOLDED_PROTEIN_RESPONSE_UPR,475,REACTOME_UNFOLDED_PROTEIN_RESPONSE_UPR,UNFOLDED PROTEIN RESPONSE UPR,2,93,REACTOME_IRE1ALPHA_ACTIVATES_CHAPERONES; REACTOME_UNFOLDED_PROTEIN_RESPONSE_UPR
SP_476_STING_MEDIATED_INDUCTION_OF_HOST_IMMUNE_RESPONSES,476,REACTOME_STING_MEDIATED_INDUCTION_OF_HOST_IMMUNE_RESPONSES,STING MEDIATED INDUCTION OF HOST IMMUNE RESPONSES,3,23,REACTOME_IRF3_MEDIATED_INDUCTION_OF_TYPE_I_IFN; REACTOME_REGULATION_OF_INNATE_IMMUNE_RESPONSES_TO_CYTOSOLIC_DNA; REACTOME_STING_MEDIATED_INDUCTION_OF_HOST_IMMUNE_RESPONSES
SP_477_KETONE_BODY_METABOLISM,477,REACTOME_KETONE_BODY_METABOLISM,KETONE BODY METABOLISM,1,10,REACTOME_KETONE_BODY_METABOLISM
SP_478_RHO_GTPASES_ACTIVATE_NADPH_OXIDASES,478,REACTOME_RHO_GTPASES_ACTIVATE_NADPH_OXIDASES,RHO GTPASES ACTIVATE NADPH OXIDASES,2,31,REACTOME_KILLING_MECHANISMS; REACTOME_RHO_GTPASES_ACTIVATE_NADPH_OXIDASES
SP_479_PLASMA_LIPOPROTEIN_ASSEMBLY_REMODELING_AND_CLEARANCE,479,REACTOME_PLASMA_LIPOPROTEIN_ASSEMBLY_REMODELING_AND_CLEARANCE,PLASMA LIPOPROTEIN ASSEMBLY REMODELING AND CLEARANCE,7,94,REACTOME_LDL_CLEARANCE; REACTOME_PLASMA_LIPOPROTEIN_ASSEMBLY_REMODELING_AND_CLEARANCE; REACTOME_PLASMA_LIPOPROTEIN_CLEARANCE; REACTOME_RETROGRADE_NEUROTROPHIN_SIGNALLING; REACTOME_VLDLR_INTERNALISATION_AND_DEGRADATION; REACTOME_WNT5A_DEPENDENT_INTERNALIZATION_OF_FZD2_FZD5_AND_ROR2; REACTOME_WNT5A_DEPENDENT_INTERNALIZATION_OF_FZD4
SP_480_LGI_ADAM_INTERACTIONS,480,REACTOME_LGI_ADAM_INTERACTIONS,LGI ADAM INTERACTIONS,1,14,REACTOME_LGI_ADAM_INTERACTIONS
SP_481_TRANSCRIPTIONAL_REGULATION_BY_MECP2,481,REACTOME_TRANSCRIPTIONAL_REGULATION_BY_MECP2,TRANSCRIPTIONAL REGULATION BY MECP2,5,96,REACTOME_LOSS_OF_FUNCTION_OF_MECP2_IN_RETT_SYNDROME; REACTOME_NR1H2_AND_NR1H3_MEDIATED_SIGNALING; REACTOME_NR1H3_NR1H2_REGULATE_GENE_EXPRESSION_LINKED_TO_CHOLESTEROL_TRANSPORT_AND_EFFLUX; REACTOME_REGULATION_OF_MECP2_EXPRESSION_AND_ACTIVITY; REACTOME_TRANSCRIPTIONAL_REGULATION_BY_MECP2
SP_482_LYSINE_CATABOLISM,482,REACTOME_LYSINE_CATABOLISM,LYSINE CATABOLISM,1,12,REACTOME_LYSINE_CATABOLISM
SP_483_LYSOSPHINGOLIPID_AND_LPA_RECEPTORS,483,REACTOME_LYSOSPHINGOLIPID_AND_LPA_RECEPTORS,LYSOSPHINGOLIPID AND LPA RECEPTORS,1,14,REACTOME_LYSOSPHINGOLIPID_AND_LPA_RECEPTORS
SP_484_ONCOGENIC_MAPK_SIGNALING,484,REACTOME_ONCOGENIC_MAPK_SIGNALING,ONCOGENIC MAPK SIGNALING,6,108,REACTOME_MAP2K_AND_MAPK_ACTIVATION; REACTOME_NEGATIVE_REGULATION_OF_MAPK_PATHWAY; REACTOME_ONCOGENIC_MAPK_SIGNALING; REACTOME_RAF_ACTIVATION; REACTOME_SIGNALING_BY_BRAF_AND_RAF1_FUSIONS; REACTOME_SIGNALING_BY_MODERATE_KINASE_ACTIVITY_BRAF_MUTANTS
SP_485_NICOTINATE_METABOLISM,485,REACTOME_NICOTINATE_METABOLISM,NICOTINATE METABOLISM,5,55,REACTOME_MATURATION_OF_SARS_COV_1_NUCLEOPROTEIN; REACTOME_MATURATION_OF_SARS_COV_2_NUCLEOPROTEIN; REACTOME_NICOTINAMIDE_SALVAGE; REACTOME_NICOTINATE_METABOLISM; REACTOME_TRANSLATION_OF_SARS_COV_1_STRUCTURAL_PROTEINS
SP_486_MECHANICAL_LOAD_ACTIVATES_SIGNALING_BY_PIEZO1_AND_INTEGRINS_,486,REACTOME_MECHANICAL_LOAD_ACTIVATES_SIGNALING_BY_PIEZO1_AND_INTEGRINS_IN_OSTEOCYTES,MECHANICAL LOAD ACTIVATES SIGNALING BY PIEZO1 AND INTEGRINS IN OSTEOCYTES,1,17,REACTOME_MECHANICAL_LOAD_ACTIVATES_SIGNALING_BY_PIEZO1_AND_INTEGRINS_IN_OSTEOCYTES
SP_487_MECP2_REGULATES_NEURONAL_RECEPTORS_AND_CHANNELS,487,REACTOME_MECP2_REGULATES_NEURONAL_RECEPTORS_AND_CHANNELS,MECP2 REGULATES NEURONAL RECEPTORS AND CHANNELS,1,18,REACTOME_MECP2_REGULATES_NEURONAL_RECEPTORS_AND_CHANNELS
SP_488_MET_ACTIVATES_RAP1_AND_RAC1,488,REACTOME_MET_ACTIVATES_RAP1_AND_RAC1,MET ACTIVATES RAP1 AND RAC1,2,15,REACTOME_MET_ACTIVATES_RAP1_AND_RAC1; REACTOME_MET_RECEPTOR_RECYCLING
SP_489_METABOLISM_OF_AMINE_DERIVED_HORMONES,489,REACTOME_METABOLISM_OF_AMINE_DERIVED_HORMONES,METABOLISM OF AMINE DERIVED HORMONES,2,18,REACTOME_METABOLISM_OF_AMINE_DERIVED_HORMONES; REACTOME_THYROXINE_BIOSYNTHESIS
SP_490_METABOLISM_OF_COFACTORS,490,REACTOME_METABOLISM_OF_COFACTORS,METABOLISM OF COFACTORS,3,32,REACTOME_METABOLISM_OF_COFACTORS; REACTOME_UBIQUINOL_BIOSYNTHESIS; WP_RIBOFLAVIN_AND_COQ_DISORDERS
SP_491_VISUAL_PHOTOTRANSDUCTION,491,REACTOME_VISUAL_PHOTOTRANSDUCTION,VISUAL PHOTOTRANSDUCTION,2,103,REACTOME_METABOLISM_OF_FAT_SOLUBLE_VITAMINS; REACTOME_VISUAL_PHOTOTRANSDUCTION
SP_492_METABOLISM_OF_STEROID_HORMONES,492,REACTOME_METABOLISM_OF_STEROID_HORMONES,METABOLISM OF STEROID HORMONES,2,36,REACTOME_METABOLISM_OF_STEROID_HORMONES; REACTOME_PREGNENOLONE_BIOSYNTHESIS
SP_493_METABOLISM_OF_VITAMINS_AND_COFACTORS,493,REACTOME_METABOLISM_OF_VITAMINS_AND_COFACTORS,METABOLISM OF VITAMINS AND COFACTORS,2,196,REACTOME_METABOLISM_OF_VITAMINS_AND_COFACTORS; REACTOME_METABOLISM_OF_WATER_SOLUBLE_VITAMINS_AND_COFACTORS
SP_494_ZINC_HOMEOSTASIS,494,WP_ZINC_HOMEOSTASIS,ZINC HOMEOSTASIS,4,45,REACTOME_METAL_ION_SLC_TRANSPORTERS; REACTOME_ZINC_INFLUX_INTO_CELLS_BY_THE_SLC39_GENE_FAMILY; REACTOME_ZINC_TRANSPORTERS; WP_ZINC_HOMEOSTASIS
SP_495_METALLOPROTEASE_DUBS,495,REACTOME_METALLOPROTEASE_DUBS,METALLOPROTEASE DUBS,1,37,REACTOME_METALLOPROTEASE_DUBS
SP_496_COPPER_HOMEOSTASIS,496,WP_COPPER_HOMEOSTASIS,COPPER HOMEOSTASIS,3,56,REACTOME_METALLOTHIONEINS_BIND_METALS; REACTOME_RESPONSE_TO_METAL_IONS; WP_COPPER_HOMEOSTASIS
SP_497_MISCELLANEOUS_TRANSPORT_AND_BINDING_EVENTS,497,REACTOME_MISCELLANEOUS_TRANSPORT_AND_BINDING_EVENTS,MISCELLANEOUS TRANSPORT AND BINDING EVENTS,1,26,REACTOME_MISCELLANEOUS_TRANSPORT_AND_BINDING_EVENTS
SP_498_MITF_M_REGULATED_MELANOCYTE_DEVELOPMENT,498,REACTOME_MITF_M_REGULATED_MELANOCYTE_DEVELOPMENT,MITF M REGULATED MELANOCYTE DEVELOPMENT,3,161,REACTOME_MITF_M_DEPENDENT_GENE_EXPRESSION; REACTOME_MITF_M_REGULATED_MELANOCYTE_DEVELOPMENT; REACTOME_TRANSCRIPTIONAL_AND_POST_TRANSLATIONAL_REGULATION_OF_MITF_M_EXPRESSION_AND_ACTIVITY
SP_499_MITOCHONDRIAL_CALCIUM_ION_TRANSPORT,499,REACTOME_MITOCHONDRIAL_CALCIUM_ION_TRANSPORT,MITOCHONDRIAL CALCIUM ION TRANSPORT,2,23,REACTOME_MITOCHONDRIAL_CALCIUM_ION_TRANSPORT; REACTOME_PROCESSING_OF_SMDT1
SP_500_IRONSULFUR_CLUSTER_BIOGENESIS,500,WP_IRONSULFUR_CLUSTER_BIOGENESIS,IRONSULFUR CLUSTER BIOGENESIS,2,20,REACTOME_MITOCHONDRIAL_IRON_SULFUR_CLUSTER_BIOGENESIS; WP_IRONSULFUR_CLUSTER_BIOGENESIS
SP_501_MITOCHONDRIAL_PROTEIN_DEGRADATION,501,REACTOME_MITOCHONDRIAL_PROTEIN_DEGRADATION,MITOCHONDRIAL PROTEIN DEGRADATION,1,98,REACTOME_MITOCHONDRIAL_PROTEIN_DEGRADATION
SP_502_PROTEIN_LOCALIZATION,502,REACTOME_PROTEIN_LOCALIZATION,PROTEIN LOCALIZATION,2,164,REACTOME_MITOCHONDRIAL_PROTEIN_IMPORT; REACTOME_PROTEIN_LOCALIZATION
SP_503_MITOCHONDRIAL_RNA_DEGRADATION,503,REACTOME_MITOCHONDRIAL_RNA_DEGRADATION,MITOCHONDRIAL RNA DEGRADATION,1,12,REACTOME_MITOCHONDRIAL_RNA_DEGRADATION
SP_504_TRANSLATION,504,REACTOME_TRANSLATION,TRANSLATION,2,295,REACTOME_MITOCHONDRIAL_TRANSLATION; REACTOME_TRANSLATION
SP_505_MITOCHONDRIAL_UNFOLDED_PROTEIN_RESPONSE_UPRMT,505,REACTOME_MITOCHONDRIAL_UNFOLDED_PROTEIN_RESPONSE_UPRMT,MITOCHONDRIAL UNFOLDED PROTEIN RESPONSE UPRMT,1,18,REACTOME_MITOCHONDRIAL_UNFOLDED_PROTEIN_RESPONSE_UPRMT
SP_506_MODULATION_OF_HOST_RESPONSES_BY_IFN_STIMULATED_GENES,506,REACTOME_MODULATION_OF_HOST_RESPONSES_BY_IFN_STIMULATED_GENES,MODULATION OF HOST RESPONSES BY IFN STIMULATED GENES,1,19,REACTOME_MODULATION_OF_HOST_RESPONSES_BY_IFN_STIMULATED_GENES
SP_507_MRNA_EDITING,507,REACTOME_MRNA_EDITING,MRNA EDITING,1,10,REACTOME_MRNA_EDITING
SP_508_MYOGENESIS,508,REACTOME_MYOGENESIS,MYOGENESIS,1,29,REACTOME_MYOGENESIS
SP_509_N_GLYCAN_ANTENNAE_ELONGATION_IN_THE_MEDIAL_TRANS_GOLGI,509,REACTOME_N_GLYCAN_ANTENNAE_ELONGATION_IN_THE_MEDIAL_TRANS_GOLGI,N GLYCAN ANTENNAE ELONGATION IN THE MEDIAL TRANS GOLGI,3,26,REACTOME_N_GLYCAN_ANTENNAE_ELONGATION; REACTOME_N_GLYCAN_ANTENNAE_ELONGATION_IN_THE_MEDIAL_TRANS_GOLGI; REACTOME_REACTIONS_SPECIFIC_TO_THE_COMPLEX_N_GLYCAN_SYNTHESIS_PATHWAY
SP_510_TRANSPORT_OF_BILE_SALTS_AND_ORGANIC_ACIDS_METAL_IONS_AND_AMI,510,REACTOME_TRANSPORT_OF_BILE_SALTS_AND_ORGANIC_ACIDS_METAL_IONS_AND_AMINE_COMPOUNDS,TRANSPORT OF BILE SALTS AND ORGANIC ACIDS METAL IONS AND AMINE COMPOUNDS,2,84,REACTOME_NA_CL_DEPENDENT_NEUROTRANSMITTER_TRANSPORTERS; REACTOME_TRANSPORT_OF_BILE_SALTS_AND_ORGANIC_ACIDS_METAL_IONS_AND_AMINE_COMPOUNDS
SP_511_NEF_MEDIATES_DOWN_MODULATION_OF_CELL_SURFACE_RECEPTORS_BY_RE,511,REACTOME_NEF_MEDIATES_DOWN_MODULATION_OF_CELL_SURFACE_RECEPTORS_BY_RECRUITING_THEM_TO_CLATHRIN_ADAPTERS,NEF MEDIATES DOWN MODULATION OF CELL SURFACE RECEPTORS BY RECRUITING THEM TO CLATHRIN ADAPTERS,2,21,REACTOME_NEF_MEDIATED_DOWNREGULATION_OF_MHC_CLASS_I_COMPLEX_CELL_SURFACE_EXPRESSION; REACTOME_NEF_MEDIATES_DOWN_MODULATION_OF_CELL_SURFACE_RECEPTORS_BY_RECRUITING_THEM_TO_CLATHRIN_ADAPTERS
SP_512_NEGATIVE_REGULATION_OF_TCF_DEPENDENT_SIGNALING_BY_WNT_LIGAND,512,REACTOME_NEGATIVE_REGULATION_OF_TCF_DEPENDENT_SIGNALING_BY_WNT_LIGAND_ANTAGONISTS,NEGATIVE REGULATION OF TCF DEPENDENT SIGNALING BY WNT LIGAND ANTAGONISTS,1,15,REACTOME_NEGATIVE_REGULATION_OF_TCF_DEPENDENT_SIGNALING_BY_WNT_LIGAND_ANTAGONISTS
SP_513_NEPHRON_DEVELOPMENT,513,REACTOME_NEPHRON_DEVELOPMENT,NEPHRON DEVELOPMENT,1,13,REACTOME_NEPHRON_DEVELOPMENT
SP_514_PROTEIN_PROTEIN_INTERACTIONS_AT_SYNAPSES,514,REACTOME_PROTEIN_PROTEIN_INTERACTIONS_AT_SYNAPSES,PROTEIN PROTEIN INTERACTIONS AT SYNAPSES,3,101,REACTOME_NEUREXINS_AND_NEUROLIGINS; REACTOME_PROTEIN_PROTEIN_INTERACTIONS_AT_SYNAPSES; WP_DISRUPTION_OF_POSTSYNAPTIC_SIGNALING_BY_CNV
SP_515_NEURONAL_SYSTEM,515,REACTOME_NEURONAL_SYSTEM,NEURONAL SYSTEM,3,411,REACTOME_NEURONAL_SYSTEM; REACTOME_NEUROTRANSMITTER_RECEPTORS_AND_POSTSYNAPTIC_SIGNAL_TRANSMISSION; REACTOME_TRANSMISSION_ACROSS_CHEMICAL_SYNAPSES
SP_516_NEUROTOXICITY_OF_CLOSTRIDIUM_TOXINS,516,REACTOME_NEUROTOXICITY_OF_CLOSTRIDIUM_TOXINS,NEUROTOXICITY OF CLOSTRIDIUM TOXINS,1,10,REACTOME_NEUROTOXICITY_OF_CLOSTRIDIUM_TOXINS
SP_517_NEUROTRANSMITTER_CLEARANCE,517,REACTOME_NEUROTRANSMITTER_CLEARANCE,NEUROTRANSMITTER CLEARANCE,1,11,REACTOME_NEUROTRANSMITTER_CLEARANCE
SP_518_NEUTROPHIL_DEGRANULATION,518,REACTOME_NEUTROPHIL_DEGRANULATION,NEUTROPHIL DEGRANULATION,1,478,REACTOME_NEUTROPHIL_DEGRANULATION
SP_519_NRF2ARE_REGULATION,519,WP_NRF2ARE_REGULATION,NRF2ARE REGULATION,4,51,REACTOME_NFE2L2_REGULATING_ANTI_OXIDANT_DETOXIFICATION_ENZYMES; WP_NRF2ARE_REGULATION; WP_PHOTODYNAMIC_THERAPYINDUCED_NFE2L2_NRF2_SURVIVAL_SIGNALING; WP_TRANSCRIPTIONAL_ACTIVATION_BY_NRF2_IN_RESPONSE_TO_PHYTOCHEMICALS
SP_520_SIGNALING_BY_NTRKS,520,REACTOME_SIGNALING_BY_NTRKS,SIGNALING BY NTRKS,3,134,REACTOME_NGF_STIMULATED_TRANSCRIPTION; REACTOME_NUCLEAR_EVENTS_KINASE_AND_TRANSCRIPTION_FACTOR_ACTIVATION; REACTOME_SIGNALING_BY_NTRKS
SP_521_TRANSCRIPTIONAL_REGULATION_BY_NPAS4,521,REACTOME_TRANSCRIPTIONAL_REGULATION_BY_NPAS4,TRANSCRIPTIONAL REGULATION BY NPAS4,2,34,REACTOME_NPAS4_REGULATES_EXPRESSION_OF_TARGET_GENES; REACTOME_TRANSCRIPTIONAL_REGULATION_BY_NPAS4
SP_522_PURINE_METABOLISM_AND_RELATED_DISORDERS,522,WP_PURINE_METABOLISM_AND_RELATED_DISORDERS,PURINE METABOLISM AND RELATED DISORDERS,4,29,REACTOME_NUCLEOTIDE_BIOSYNTHESIS; REACTOME_PURINE_RIBONUCLEOSIDE_MONOPHOSPHATE_BIOSYNTHESIS; WP_PURINE_METABOLISM; WP_PURINE_METABOLISM_AND_RELATED_DISORDERS
SP_523_PURINERGIC_SIGNALING,523,WP_PURINERGIC_SIGNALING,PURINERGIC SIGNALING,4,36,REACTOME_NUCLEOTIDE_LIKE_PURINERGIC_RECEPTORS; REACTOME_P2Y_RECEPTORS; WP_NUCLEOTIDE_GPCRS; WP_PURINERGIC_SIGNALING
SP_524_NUCLEOTIDE_SALVAGE,524,REACTOME_NUCLEOTIDE_SALVAGE,NUCLEOTIDE SALVAGE,3,23,REACTOME_NUCLEOTIDE_SALVAGE; REACTOME_PURINE_SALVAGE; REACTOME_PYRIMIDINE_SALVAGE
SP_525_O_GLYCOSYLATION_OF_TSR_DOMAIN_CONTAINING_PROTEINS,525,REACTOME_O_GLYCOSYLATION_OF_TSR_DOMAIN_CONTAINING_PROTEINS,O GLYCOSYLATION OF TSR DOMAIN CONTAINING PROTEINS,1,39,REACTOME_O_GLYCOSYLATION_OF_TSR_DOMAIN_CONTAINING_PROTEINS
SP_526_SIGNALING_BY_TGFBR3,526,REACTOME_SIGNALING_BY_TGFBR3,SIGNALING BY TGFBR3,7,102,REACTOME_ONCOGENE_INDUCED_SENESCENCE; REACTOME_REGULATION_OF_CDH11_MRNA_TRANSLATION_BY_MICRORNAS; REACTOME_REGULATION_OF_MITF_M_DEPENDENT_GENES_INVOLVED_IN_APOPTOSIS; REACTOME_REGULATION_OF_NPAS4_GENE_EXPRESSION; REACTOME_REGULATION_OF_RUNX1_EXPRESSION_AND_ACTIVITY; REACTOME_SIGNALING_BY_TGFBR3; REACTOME_TGFBR3_EXPRESSION
SP_527_ORGANIC_ANION_TRANSPORTERS,527,REACTOME_ORGANIC_ANION_TRANSPORTERS,ORGANIC ANION TRANSPORTERS,1,12,REACTOME_ORGANIC_ANION_TRANSPORTERS
SP_528_ORGANIC_CATION_ANION_ZWITTERION_TRANSPORT,528,REACTOME_ORGANIC_CATION_ANION_ZWITTERION_TRANSPORT,ORGANIC CATION ANION ZWITTERION TRANSPORT,2,15,REACTOME_ORGANIC_CATION_ANION_ZWITTERION_TRANSPORT; REACTOME_ORGANIC_CATION_TRANSPORT
SP_529_OTHER_INTERLEUKIN_SIGNALING,529,REACTOME_OTHER_INTERLEUKIN_SIGNALING,OTHER INTERLEUKIN SIGNALING,1,24,REACTOME_OTHER_INTERLEUKIN_SIGNALING
SP_530_P75NTR_REGULATES_AXONOGENESIS,530,REACTOME_P75NTR_REGULATES_AXONOGENESIS,P75NTR REGULATES AXONOGENESIS,1,10,REACTOME_P75NTR_REGULATES_AXONOGENESIS
SP_531_PARACETAMOL_ADME,531,REACTOME_PARACETAMOL_ADME,PARACETAMOL ADME,1,29,REACTOME_PARACETAMOL_ADME
SP_532_PASSIVE_TRANSPORT_BY_AQUAPORINS,532,REACTOME_PASSIVE_TRANSPORT_BY_AQUAPORINS,PASSIVE TRANSPORT BY AQUAPORINS,1,13,REACTOME_PASSIVE_TRANSPORT_BY_AQUAPORINS
SP_533_SIGNALING_BY_SCF_KIT,533,REACTOME_SIGNALING_BY_SCF_KIT,SIGNALING BY SCF KIT,3,48,REACTOME_PECAM1_INTERACTIONS; REACTOME_REGULATION_OF_KIT_SIGNALING; REACTOME_SIGNALING_BY_SCF_KIT
SP_534_PHASE_4_RESTING_MEMBRANE_POTENTIAL,534,REACTOME_PHASE_4_RESTING_MEMBRANE_POTENTIAL,PHASE 4 RESTING MEMBRANE POTENTIAL,2,19,REACTOME_PHASE_4_RESTING_MEMBRANE_POTENTIAL; REACTOME_TANDEM_PORE_DOMAIN_POTASSIUM_CHANNELS
SP_535_PHENYLALANINE_AND_TYROSINE_METABOLISM,535,REACTOME_PHENYLALANINE_AND_TYROSINE_METABOLISM,PHENYLALANINE AND TYROSINE METABOLISM,1,11,REACTOME_PHENYLALANINE_AND_TYROSINE_METABOLISM
SP_536_YAP1_AND_WWTR1_TAZ_STIMULATED_GENE_EXPRESSION,536,REACTOME_YAP1_AND_WWTR1_TAZ_STIMULATED_GENE_EXPRESSION,YAP1 AND WWTR1 TAZ STIMULATED GENE EXPRESSION,2,21,REACTOME_PHYSIOLOGICAL_FACTORS; REACTOME_YAP1_AND_WWTR1_TAZ_STIMULATED_GENE_EXPRESSION
SP_537_PLATELET_ACTIVATION_SIGNALING_AND_AGGREGATION,537,REACTOME_PLATELET_ACTIVATION_SIGNALING_AND_AGGREGATION,PLATELET ACTIVATION SIGNALING AND AGGREGATION,2,261,REACTOME_PLATELET_ACTIVATION_SIGNALING_AND_AGGREGATION; REACTOME_RESPONSE_TO_ELEVATED_PLATELET_CYTOSOLIC_CA2
SP_538_POTASSIUM_CHANNELS,538,REACTOME_POTASSIUM_CHANNELS,POTASSIUM CHANNELS,2,103,REACTOME_POTASSIUM_CHANNELS; REACTOME_VOLTAGE_GATED_POTASSIUM_CHANNELS
SP_539_TRANSCRIPTIONAL_REGULATION_OF_PLURIPOTENT_STEM_CELLS,539,REACTOME_TRANSCRIPTIONAL_REGULATION_OF_PLURIPOTENT_STEM_CELLS,TRANSCRIPTIONAL REGULATION OF PLURIPOTENT STEM CELLS,3,31,REACTOME_POU5F1_OCT4_SOX2_NANOG_ACTIVATE_GENES_RELATED_TO_PROLIFERATION; REACTOME_POU5F1_OCT4_SOX2_NANOG_REPRESS_GENES_RELATED_TO_DIFFERENTIATION; REACTOME_TRANSCRIPTIONAL_REGULATION_OF_PLURIPOTENT_STEM_CELLS
SP_540_PRE_NOTCH_PROCESSING_IN_GOLGI,540,REACTOME_PRE_NOTCH_PROCESSING_IN_GOLGI,PRE NOTCH PROCESSING IN GOLGI,1,18,REACTOME_PRE_NOTCH_PROCESSING_IN_GOLGI
SP_541_GLUCOCORTICOID_BIOSYNTHESIS,541,WP_GLUCOCORTICOID_BIOSYNTHESIS,GLUCOCORTICOID BIOSYNTHESIS,3,21,REACTOME_PREDNISONE_ADME; WP_GLUCOCORTICOID_BIOSYNTHESIS; WP_MINERALOCORTICOID_BIOSYNTHESIS
SP_542_SUMOYLATION_OF_TRANSCRIPTION_FACTORS,542,REACTOME_SUMOYLATION_OF_TRANSCRIPTION_FACTORS,SUMOYLATION OF TRANSCRIPTION FACTORS,3,33,REACTOME_PROCESSING_AND_ACTIVATION_OF_SUMO; REACTOME_SUMOYLATION_OF_IMMUNE_RESPONSE_PROTEINS; REACTOME_SUMOYLATION_OF_TRANSCRIPTION_FACTORS
SP_543_GLYCINE_METABOLISM_INCLUDING_IMDS,543,WP_GLYCINE_METABOLISM_INCLUDING_IMDS,GLYCINE METABOLISM INCLUDING IMDS,2,20,REACTOME_PROTEIN_LIPOYLATION; WP_GLYCINE_METABOLISM_INCLUDING_IMDS
SP_544_PROTEIN_METHYLATION,544,REACTOME_PROTEIN_METHYLATION,PROTEIN METHYLATION,1,17,REACTOME_PROTEIN_METHYLATION
SP_545_PTEN_REGULATION,545,REACTOME_PTEN_REGULATION,PTEN REGULATION,2,126,REACTOME_PTEN_REGULATION; REACTOME_REGULATION_OF_PTEN_GENE_TRANSCRIPTION
SP_546_SIGNALING_BY_PTK6,546,REACTOME_SIGNALING_BY_PTK6,SIGNALING BY PTK6,2,54,REACTOME_PTK6_REGULATES_RHO_GTPASES_RAS_GTPASE_AND_MAP_KINASES; REACTOME_SIGNALING_BY_PTK6
SP_547_FLUOROPYRIMIDINE_ACTIVITY,547,WP_FLUOROPYRIMIDINE_ACTIVITY,FLUOROPYRIMIDINE ACTIVITY,3,45,REACTOME_PYRIMIDINE_CATABOLISM; WP_BIOMARKERS_FOR_PYRIMIDINE_METABOLISM_DISORDERS; WP_FLUOROPYRIMIDINE_ACTIVITY
SP_548_PYROPTOSIS,548,REACTOME_PYROPTOSIS,PYROPTOSIS,2,33,REACTOME_PYROPTOSIS; REACTOME_TRANSLATION_OF_REPLICASE_AND_ASSEMBLY_OF_THE_REPLICATION_TRANSCRIPTION_COMPLEX
SP_549_PYRUVATE_METABOLISM,549,REACTOME_PYRUVATE_METABOLISM,PYRUVATE METABOLISM,3,49,REACTOME_PYRUVATE_METABOLISM; REACTOME_REGULATION_OF_PYRUVATE_DEHYDROGENASE_PDH_COMPLEX; REACTOME_REGULATION_OF_PYRUVATE_METABOLISM
SP_550_VITAMIN_A_AND_CAROTENOID_METABOLISM,550,WP_VITAMIN_A_AND_CAROTENOID_METABOLISM,VITAMIN A AND CAROTENOID METABOLISM,4,71,REACTOME_RA_BIOSYNTHESIS_PATHWAY; REACTOME_SIGNALING_BY_RETINOIC_ACID; WP_RETINOL_METABOLISM; WP_VITAMIN_A_AND_CAROTENOID_METABOLISM
SP_551_RAB_REGULATION_OF_TRAFFICKING,551,REACTOME_RAB_REGULATION_OF_TRAFFICKING,RAB REGULATION OF TRAFFICKING,4,152,REACTOME_RAB_GEFS_EXCHANGE_GTP_FOR_GDP_ON_RABS; REACTOME_RAB_GERANYLGERANYLATION; REACTOME_RAB_REGULATION_OF_TRAFFICKING; REACTOME_TBC_RABGAPS
SP_552_RAP1_SIGNALLING,552,REACTOME_RAP1_SIGNALLING,RAP1 SIGNALLING,1,16,REACTOME_RAP1_SIGNALLING
SP_553_RAS_PROCESSING,553,REACTOME_RAS_PROCESSING,RAS PROCESSING,1,24,REACTOME_RAS_PROCESSING
SP_554_RECEPTOR_TYPE_TYROSINE_PROTEIN_PHOSPHATASES,554,REACTOME_RECEPTOR_TYPE_TYROSINE_PROTEIN_PHOSPHATASES,RECEPTOR TYPE TYROSINE PROTEIN PHOSPHATASES,1,20,REACTOME_RECEPTOR_TYPE_TYROSINE_PROTEIN_PHOSPHATASES
SP_555_DISORDERS_OF_BILE_ACID_SYNTHESIS_AND_BILIARY_TRANSPORT,555,WP_DISORDERS_OF_BILE_ACID_SYNTHESIS_AND_BILIARY_TRANSPORT,DISORDERS OF BILE ACID SYNTHESIS AND BILIARY TRANSPORT,6,57,REACTOME_RECYCLING_OF_BILE_ACIDS_AND_SALTS; WP_CHOLESTASIS; WP_DISORDERS_OF_BILE_ACID_SYNTHESIS_AND_BILIARY_TRANSPORT; WP_DRUG_INDUCTION_OF_BILE_ACID_PATHWAY; WP_ENTEROHEPATIC_CIRCULATION_OF_BILE_ACIDS; WP_FARNESOID_X_RECEPTOR_PATHWAY
SP_556_REDUCTION_OF_CYTOSOLIC_CA_LEVELS,556,REACTOME_REDUCTION_OF_CYTOSOLIC_CA_LEVELS,REDUCTION OF CYTOSOLIC CA LEVELS,2,18,REACTOME_REDUCTION_OF_CYTOSOLIC_CA_LEVELS; REACTOME_SODIUM_CALCIUM_EXCHANGERS
SP_557_REGULATION_OF_CDH11_GENE_TRANSCRIPTION,557,REACTOME_REGULATION_OF_CDH11_GENE_TRANSCRIPTION,REGULATION OF CDH11 GENE TRANSCRIPTION,1,10,REACTOME_REGULATION_OF_CDH11_GENE_TRANSCRIPTION
SP_558_REGULATION_OF_COMMISSURAL_AXON_PATHFINDING_BY_SLIT_AND_ROBO,558,REACTOME_REGULATION_OF_COMMISSURAL_AXON_PATHFINDING_BY_SLIT_AND_ROBO,REGULATION OF COMMISSURAL AXON PATHFINDING BY SLIT AND ROBO,1,10,REACTOME_REGULATION_OF_COMMISSURAL_AXON_PATHFINDING_BY_SLIT_AND_ROBO
SP_559_DOPAMINE_METABOLISM,559,WP_DOPAMINE_METABOLISM,DOPAMINE METABOLISM,2,20,REACTOME_REGULATION_OF_GLYCOLYSIS_BY_FRUCTOSE_2_6_BISPHOSPHATE_METABOLISM; WP_DOPAMINE_METABOLISM
SP_560_REGULATION_OF_INSULIN_LIKE_GROWTH_FACTOR_IGF_TRANSPORT_AND_U,560,REACTOME_REGULATION_OF_INSULIN_LIKE_GROWTH_FACTOR_IGF_TRANSPORT_AND_UPTAKE_BY_INSULIN_LIKE_GROWTH_FACTOR_BINDING_PROTEINS_IGFBPS,REGULATION OF INSULIN LIKE GROWTH FACTOR IGF TRANSPORT AND UPTAKE BY INSULIN LIKE GROWTH FACTOR BINDING PROTEINS IGFBPS,1,124,REACTOME_REGULATION_OF_INSULIN_LIKE_GROWTH_FACTOR_IGF_TRANSPORT_AND_UPTAKE_BY_INSULIN_LIKE_GROWTH_FACTOR_BINDING_PROTEINS_IGFBPS
SP_561_REGULATION_OF_MITF_M_DEPENDENT_GENES_INVOLVED_IN_EXTRACELLUL,561,REACTOME_REGULATION_OF_MITF_M_DEPENDENT_GENES_INVOLVED_IN_EXTRACELLULAR_MATRIX_FOCAL_ADHESION_AND_EPITHELIAL_TO_MESENCHYMAL_TRANSITION,REGULATION OF MITF M DEPENDENT GENES INVOLVED IN EXTRACELLULAR MATRIX FOCAL ADHESION AND EPITHELIAL TO MESENCHYMAL TRANSITION,1,12,REACTOME_REGULATION_OF_MITF_M_DEPENDENT_GENES_INVOLVED_IN_EXTRACELLULAR_MATRIX_FOCAL_ADHESION_AND_EPITHELIAL_TO_MESENCHYMAL_TRANSITION
SP_562_SIGNALING_BY_NODAL,562,REACTOME_SIGNALING_BY_NODAL,SIGNALING BY NODAL,3,29,REACTOME_REGULATION_OF_SIGNALING_BY_NODAL; REACTOME_SIGNALING_BY_ACTIVIN; REACTOME_SIGNALING_BY_NODAL
SP_563_TRANSCRIPTIONAL_REGULATION_BY_TP53,563,REACTOME_TRANSCRIPTIONAL_REGULATION_BY_TP53,TRANSCRIPTIONAL REGULATION BY TP53,3,360,REACTOME_REGULATION_OF_TP53_ACTIVITY; REACTOME_REGULATION_OF_TP53_ACTIVITY_THROUGH_PHOSPHORYLATION; REACTOME_TRANSCRIPTIONAL_REGULATION_BY_TP53
SP_564_TRANSCRIPTIONAL_REGULATION_OF_BROWN_AND_BEIGE_ADIPOCYTE_DIFF,564,REACTOME_TRANSCRIPTIONAL_REGULATION_OF_BROWN_AND_BEIGE_ADIPOCYTE_DIFFERENTIATION,TRANSCRIPTIONAL REGULATION OF BROWN AND BEIGE ADIPOCYTE DIFFERENTIATION,2,51,REACTOME_REGULATION_OF_TP53_ACTIVITY_THROUGH_ACETYLATION; REACTOME_TRANSCRIPTIONAL_REGULATION_OF_BROWN_AND_BEIGE_ADIPOCYTE_DIFFERENTIATION
SP_565_TP53_REGULATES_TRANSCRIPTION_OF_CELL_DEATH_GENES,565,REACTOME_TP53_REGULATES_TRANSCRIPTION_OF_CELL_DEATH_GENES,TP53 REGULATES TRANSCRIPTION OF CELL DEATH GENES,6,53,REACTOME_REGULATION_OF_TP53_ACTIVITY_THROUGH_ASSOCIATION_WITH_CO_FACTORS; REACTOME_TP53_REGULATES_TRANSCRIPTION_OF_CASPASE_ACTIVATORS_AND_CASPASES; REACTOME_TP53_REGULATES_TRANSCRIPTION_OF_CELL_DEATH_GENES; REACTOME_TP53_REGULATES_TRANSCRIPTION_OF_DEATH_RECEPTORS_AND_LIGANDS; REACTOME_TP53_REGULATES_TRANSCRIPTION_OF_GENES_INVOLVED_IN_CYTOCHROME_C_RELEASE; REACTOME_TP53_REGULATES_TRANSCRIPTION_OF_SEVERAL_ADDITIONAL_CELL_DEATH_GENES_WHOSE_SPECIFIC_ROLES_IN_P53_DEPENDENT_APOPTOSIS_REMAIN_UNCERTAIN
SP_566_REGULATION_OF_TP53_EXPRESSION_AND_DEGRADATION,566,REACTOME_REGULATION_OF_TP53_EXPRESSION_AND_DEGRADATION,REGULATION OF TP53 EXPRESSION AND DEGRADATION,2,47,REACTOME_REGULATION_OF_TP53_ACTIVITY_THROUGH_METHYLATION; REACTOME_REGULATION_OF_TP53_EXPRESSION_AND_DEGRADATION
SP_567_RESPONSE_OF_MTB_TO_PHAGOCYTOSIS,567,REACTOME_RESPONSE_OF_MTB_TO_PHAGOCYTOSIS,RESPONSE OF MTB TO PHAGOCYTOSIS,2,23,REACTOME_RESPONSE_OF_MTB_TO_PHAGOCYTOSIS; REACTOME_SUPPRESSION_OF_PHAGOSOMAL_MATURATION
SP_568_SEMA4D_IN_SEMAPHORIN_SIGNALING,568,REACTOME_SEMA4D_IN_SEMAPHORIN_SIGNALING,SEMA4D IN SEMAPHORIN SIGNALING,5,42,REACTOME_RHO_GTPASES_ACTIVATE_CIT; REACTOME_RHO_GTPASES_ACTIVATE_PAKS; REACTOME_RHO_GTPASES_ACTIVATE_ROCKS; REACTOME_SEMA4D_IN_SEMAPHORIN_SIGNALING; REACTOME_SEMA4D_INDUCED_CELL_MIGRATION_AND_GROWTH_CONE_COLLAPSE
SP_569_RHOBTB_GTPASE_CYCLE,569,REACTOME_RHOBTB_GTPASE_CYCLE,RHOBTB GTPASE CYCLE,3,35,REACTOME_RHOBTB_GTPASE_CYCLE; REACTOME_RHOBTB1_GTPASE_CYCLE; REACTOME_RHOBTB2_GTPASE_CYCLE
SP_570_RHOBTB3_ATPASE_CYCLE,570,REACTOME_RHOBTB3_ATPASE_CYCLE,RHOBTB3 ATPASE CYCLE,1,10,REACTOME_RHOBTB3_ATPASE_CYCLE
SP_571_RHOD_GTPASE_CYCLE,571,REACTOME_RHOD_GTPASE_CYCLE,RHOD GTPASE CYCLE,2,68,REACTOME_RHOD_GTPASE_CYCLE; REACTOME_RHOF_GTPASE_CYCLE
SP_572_RHOH_GTPASE_CYCLE,572,REACTOME_RHOH_GTPASE_CYCLE,RHOH GTPASE CYCLE,1,37,REACTOME_RHOH_GTPASE_CYCLE
SP_573_RHOU_GTPASE_CYCLE,573,REACTOME_RHOU_GTPASE_CYCLE,RHOU GTPASE CYCLE,2,53,REACTOME_RHOU_GTPASE_CYCLE; REACTOME_RHOV_GTPASE_CYCLE
SP_574_RND2_GTPASE_CYCLE,574,REACTOME_RND2_GTPASE_CYCLE,RND2 GTPASE CYCLE,3,66,REACTOME_RND1_GTPASE_CYCLE; REACTOME_RND2_GTPASE_CYCLE; REACTOME_RND3_GTPASE_CYCLE
SP_575_ROLE_OF_SECOND_MESSENGERS_IN_NETRIN_1_SIGNALING,575,REACTOME_ROLE_OF_SECOND_MESSENGERS_IN_NETRIN_1_SIGNALING,ROLE OF SECOND MESSENGERS IN NETRIN 1 SIGNALING,1,10,REACTOME_ROLE_OF_SECOND_MESSENGERS_IN_NETRIN_1_SIGNALING
SP_576_RRNA_MODIFICATION_IN_THE_NUCLEUS_AND_CYTOSOL,576,REACTOME_RRNA_MODIFICATION_IN_THE_NUCLEUS_AND_CYTOSOL,RRNA MODIFICATION IN THE NUCLEUS AND CYTOSOL,1,60,REACTOME_RRNA_MODIFICATION_IN_THE_NUCLEUS_AND_CYTOSOL
SP_577_RRNA_PROCESSING_IN_THE_MITOCHONDRION,577,REACTOME_RRNA_PROCESSING_IN_THE_MITOCHONDRION,RRNA PROCESSING IN THE MITOCHONDRION,1,12,REACTOME_RRNA_PROCESSING_IN_THE_MITOCHONDRION
SP_578_RUNX1_AND_FOXP3_CONTROL_THE_DEVELOPMENT_OF_REGULATORY_T_LYMP,578,REACTOME_RUNX1_AND_FOXP3_CONTROL_THE_DEVELOPMENT_OF_REGULATORY_T_LYMPHOCYTES_TREGS,RUNX1 AND FOXP3 CONTROL THE DEVELOPMENT OF REGULATORY T LYMPHOCYTES TREGS,1,10,REACTOME_RUNX1_AND_FOXP3_CONTROL_THE_DEVELOPMENT_OF_REGULATORY_T_LYMPHOCYTES_TREGS
SP_579_RUNX2_REGULATES_BONE_DEVELOPMENT,579,REACTOME_RUNX2_REGULATES_BONE_DEVELOPMENT,RUNX2 REGULATES BONE DEVELOPMENT,2,31,REACTOME_RUNX2_REGULATES_BONE_DEVELOPMENT; REACTOME_RUNX2_REGULATES_OSTEOBLAST_DIFFERENTIATION
SP_580_RUNX3_REGULATES_P14_ARF,580,REACTOME_RUNX3_REGULATES_P14_ARF,RUNX3 REGULATES P14 ARF,1,10,REACTOME_RUNX3_REGULATES_P14_ARF
SP_581_SARS_COV_1_HOST_INTERACTIONS,581,REACTOME_SARS_COV_1_HOST_INTERACTIONS,SARS COV 1 HOST INTERACTIONS,2,98,REACTOME_SARS_COV_1_ACTIVATES_MODULATES_INNATE_IMMUNE_RESPONSES; REACTOME_SARS_COV_1_HOST_INTERACTIONS
SP_582_SCAVENGING_BY_CLASS_A_RECEPTORS,582,REACTOME_SCAVENGING_BY_CLASS_A_RECEPTORS,SCAVENGING BY CLASS A RECEPTORS,1,19,REACTOME_SCAVENGING_BY_CLASS_A_RECEPTORS
SP_583_SENSORY_PROCESSING_OF_SOUND,583,REACTOME_SENSORY_PROCESSING_OF_SOUND,SENSORY PROCESSING OF SOUND,2,77,REACTOME_SENSORY_PROCESSING_OF_SOUND; REACTOME_SENSORY_PROCESSING_OF_SOUND_BY_OUTER_HAIR_CELLS_OF_THE_COCHLEA
SP_584_SERINE_METABOLISM,584,REACTOME_SERINE_METABOLISM,SERINE METABOLISM,1,11,REACTOME_SERINE_METABOLISM
SP_585_SIGNAL_REGULATORY_PROTEIN_FAMILY_INTERACTIONS,585,REACTOME_SIGNAL_REGULATORY_PROTEIN_FAMILY_INTERACTIONS,SIGNAL REGULATORY PROTEIN FAMILY INTERACTIONS,1,16,REACTOME_SIGNAL_REGULATORY_PROTEIN_FAMILY_INTERACTIONS
SP_586_SIGNAL_TRANSDUCTION_BY_L1,586,REACTOME_SIGNAL_TRANSDUCTION_BY_L1,SIGNAL TRANSDUCTION BY L1,1,21,REACTOME_SIGNAL_TRANSDUCTION_BY_L1
SP_587_SIGNALING_BY_ALK,587,REACTOME_SIGNALING_BY_ALK,SIGNALING BY ALK,2,30,REACTOME_SIGNALING_BY_ALK; REACTOME_STAT3_NUCLEAR_EVENTS_DOWNSTREAM_OF_ALK_SIGNALING
SP_588_SIGNALING_BY_HIPPO,588,REACTOME_SIGNALING_BY_HIPPO,SIGNALING BY HIPPO,1,20,REACTOME_SIGNALING_BY_HIPPO
SP_589_SPECIFICATION_OF_PRIMORDIAL_GERM_CELLS,589,REACTOME_SPECIFICATION_OF_PRIMORDIAL_GERM_CELLS,SPECIFICATION OF PRIMORDIAL GERM CELLS,1,12,REACTOME_SPECIFICATION_OF_PRIMORDIAL_GERM_CELLS
SP_590_SPECIFICATION_OF_THE_NEURAL_PLATE_BORDER,590,REACTOME_SPECIFICATION_OF_THE_NEURAL_PLATE_BORDER,SPECIFICATION OF THE NEURAL PLATE BORDER,1,17,REACTOME_SPECIFICATION_OF_THE_NEURAL_PLATE_BORDER
SP_591_SPHINGOLIPID_CATABOLISM,591,REACTOME_SPHINGOLIPID_CATABOLISM,SPHINGOLIPID CATABOLISM,1,12,REACTOME_SPHINGOLIPID_CATABOLISM
SP_592_STRAND_ASYNCHRONOUS_MITOCHONDRIAL_DNA_REPLICATION,592,REACTOME_STRAND_ASYNCHRONOUS_MITOCHONDRIAL_DNA_REPLICATION,STRAND ASYNCHRONOUS MITOCHONDRIAL DNA REPLICATION,1,10,REACTOME_STRAND_ASYNCHRONOUS_MITOCHONDRIAL_DNA_REPLICATION
SP_593_STRIATED_MUSCLE_CONTRACTION_PATHWAY,593,WP_STRIATED_MUSCLE_CONTRACTION_PATHWAY,STRIATED MUSCLE CONTRACTION PATHWAY,2,41,REACTOME_STRIATED_MUSCLE_CONTRACTION; WP_STRIATED_MUSCLE_CONTRACTION_PATHWAY
SP_594_SUMOYLATION,594,REACTOME_SUMOYLATION,SUMOYLATION,2,189,REACTOME_SUMOYLATION; REACTOME_SUMOYLATION_OF_TRANSCRIPTION_COFACTORS
SP_595_SURFACTANT_METABOLISM,595,REACTOME_SURFACTANT_METABOLISM,SURFACTANT METABOLISM,1,30,REACTOME_SURFACTANT_METABOLISM
SP_596_SYNTHESIS_OF_IP2_IP_AND_INS_IN_THE_CYTOSOL,596,REACTOME_SYNTHESIS_OF_IP2_IP_AND_INS_IN_THE_CYTOSOL,SYNTHESIS OF IP2 IP AND INS IN THE CYTOSOL,1,14,REACTOME_SYNTHESIS_OF_IP2_IP_AND_INS_IN_THE_CYTOSOL
SP_597_GLYCEROPHOSPHOLIPID_BIOSYNTHETIC_PATHWAY,597,WP_GLYCEROPHOSPHOLIPID_BIOSYNTHETIC_PATHWAY,GLYCEROPHOSPHOLIPID BIOSYNTHETIC PATHWAY,5,68,REACTOME_SYNTHESIS_OF_PC; REACTOME_SYNTHESIS_OF_PE; WP_GLYCEROLIPIDS_AND_GLYCEROPHOSPHOLIPIDS; WP_GLYCEROPHOSPHOLIPID_BIOSYNTHETIC_PATHWAY; WP_KENNEDY_PATHWAY_FROM_SPHINGOLIPIDS
SP_598_SYNTHESIS_OF_PIPS_AT_THE_GOLGI_MEMBRANE,598,REACTOME_SYNTHESIS_OF_PIPS_AT_THE_GOLGI_MEMBRANE,SYNTHESIS OF PIPS AT THE GOLGI MEMBRANE,3,28,REACTOME_SYNTHESIS_OF_PIPS_AT_THE_EARLY_ENDOSOME_MEMBRANE; REACTOME_SYNTHESIS_OF_PIPS_AT_THE_GOLGI_MEMBRANE; REACTOME_SYNTHESIS_OF_PIPS_AT_THE_LATE_ENDOSOME_MEMBRANE
SP_599_SYNTHESIS_OF_PYROPHOSPHATES_IN_THE_CYTOSOL,599,REACTOME_SYNTHESIS_OF_PYROPHOSPHATES_IN_THE_CYTOSOL,SYNTHESIS OF PYROPHOSPHATES IN THE CYTOSOL,1,10,REACTOME_SYNTHESIS_OF_PYROPHOSPHATES_IN_THE_CYTOSOL
SP_600_TGF_BETA_RECEPTOR_SIGNALING_IN_EMT_EPITHELIAL_TO_MESENCHYMAL,600,REACTOME_TGF_BETA_RECEPTOR_SIGNALING_IN_EMT_EPITHELIAL_TO_MESENCHYMAL_TRANSITION,TGF BETA RECEPTOR SIGNALING IN EMT EPITHELIAL TO MESENCHYMAL TRANSITION,1,16,REACTOME_TGF_BETA_RECEPTOR_SIGNALING_IN_EMT_EPITHELIAL_TO_MESENCHYMAL_TRANSITION
SP_601_THE_CANONICAL_RETINOID_CYCLE_IN_RODS_TWILIGHT_VISION,601,REACTOME_THE_CANONICAL_RETINOID_CYCLE_IN_RODS_TWILIGHT_VISION,THE CANONICAL RETINOID CYCLE IN RODS TWILIGHT VISION,2,25,REACTOME_THE_CANONICAL_RETINOID_CYCLE_IN_RODS_TWILIGHT_VISION; WP_VISUAL_CYCLE
SP_602_TNFS_BIND_THEIR_PHYSIOLOGICAL_RECEPTORS,602,REACTOME_TNFS_BIND_THEIR_PHYSIOLOGICAL_RECEPTORS,TNFS BIND THEIR PHYSIOLOGICAL RECEPTORS,1,29,REACTOME_TNFS_BIND_THEIR_PHYSIOLOGICAL_RECEPTORS
SP_603_TP53_REGULATES_TRANSCRIPTION_OF_CELL_CYCLE_GENES,603,REACTOME_TP53_REGULATES_TRANSCRIPTION_OF_CELL_CYCLE_GENES,TP53 REGULATES TRANSCRIPTION OF CELL CYCLE GENES,3,49,REACTOME_TP53_REGULATES_TRANSCRIPTION_OF_ADDITIONAL_CELL_CYCLE_GENES_WHOSE_EXACT_ROLE_IN_THE_P53_PATHWAY_REMAIN_UNCERTAIN; REACTOME_TP53_REGULATES_TRANSCRIPTION_OF_CELL_CYCLE_GENES; REACTOME_TP53_REGULATES_TRANSCRIPTION_OF_GENES_INVOLVED_IN_G2_CELL_CYCLE_ARREST
SP_604_TRAFFICKING_AND_PROCESSING_OF_ENDOSOMAL_TLR,604,REACTOME_TRAFFICKING_AND_PROCESSING_OF_ENDOSOMAL_TLR,TRAFFICKING AND PROCESSING OF ENDOSOMAL TLR,1,13,REACTOME_TRAFFICKING_AND_PROCESSING_OF_ENDOSOMAL_TLR
SP_605_TRAFFICKING_OF_AMPA_RECEPTORS,605,REACTOME_TRAFFICKING_OF_AMPA_RECEPTORS,TRAFFICKING OF AMPA RECEPTORS,2,31,REACTOME_TRAFFICKING_OF_AMPA_RECEPTORS; REACTOME_TRAFFICKING_OF_GLUR2_CONTAINING_AMPA_RECEPTORS
SP_606_MAMMALIAN_DISORDER_OF_SEXUAL_DEVELOPMENT,606,WP_MAMMALIAN_DISORDER_OF_SEXUAL_DEVELOPMENT,MAMMALIAN DISORDER OF SEXUAL DEVELOPMENT,4,35,REACTOME_TRANSCRIPTIONAL_REGULATION_OF_TESTIS_DIFFERENTIATION; WP_MAMMALIAN_DISORDER_OF_SEXUAL_DEVELOPMENT; WP_MAP3K1_ROLE_IN_PROMOTING_AND_BLOCKING_GONADAL_DETERMINATION; WP_SOMATIC_SEX_DETERMINATION
SP_607_TRANSPORT_OF_VITAMINS_NUCLEOSIDES_AND_RELATED_MOLECULES,607,REACTOME_TRANSPORT_OF_VITAMINS_NUCLEOSIDES_AND_RELATED_MOLECULES,TRANSPORT OF VITAMINS NUCLEOSIDES AND RELATED MOLECULES,2,43,REACTOME_TRANSPORT_OF_NUCLEOSIDES_AND_FREE_PURINE_AND_PYRIMIDINE_BASES_ACROSS_THE_PLASMA_MEMBRANE; REACTOME_TRANSPORT_OF_VITAMINS_NUCLEOSIDES_AND_RELATED_MOLECULES
SP_608_SULFATASE_AND_AROMATASE_PATHWAY,608,WP_SULFATASE_AND_AROMATASE_PATHWAY,SULFATASE AND AROMATASE PATHWAY,2,19,REACTOME_TRANSPORT_OF_ORGANIC_ANIONS; WP_SULFATASE_AND_AROMATASE_PATHWAY
SP_609_TRIGLYCERIDE_METABOLISM,609,REACTOME_TRIGLYCERIDE_METABOLISM,TRIGLYCERIDE METABOLISM,2,38,REACTOME_TRIGLYCERIDE_CATABOLISM; REACTOME_TRIGLYCERIDE_METABOLISM
SP_610_TRNA_MODIFICATION_IN_THE_NUCLEUS_AND_CYTOSOL,610,REACTOME_TRNA_MODIFICATION_IN_THE_NUCLEUS_AND_CYTOSOL,TRNA MODIFICATION IN THE NUCLEUS AND CYTOSOL,1,44,REACTOME_TRNA_MODIFICATION_IN_THE_NUCLEUS_AND_CYTOSOL
SP_611_TURBULENT_OSCILLATORY_DISTURBED_FLOW_SHEAR_STRESS_ACTIVATES_,611,REACTOME_TURBULENT_OSCILLATORY_DISTURBED_FLOW_SHEAR_STRESS_ACTIVATES_SIGNALING_BY_PIEZO1_AND_INTEGRINS_IN_ENDOTHELIAL_CELLS,TURBULENT OSCILLATORY DISTURBED FLOW SHEAR STRESS ACTIVATES SIGNALING BY PIEZO1 AND INTEGRINS IN ENDOTHELIAL CELLS,1,31,REACTOME_TURBULENT_OSCILLATORY_DISTURBED_FLOW_SHEAR_STRESS_ACTIVATES_SIGNALING_BY_PIEZO1_AND_INTEGRINS_IN_ENDOTHELIAL_CELLS
SP_612_TYPE_I_HEMIDESMOSOME_ASSEMBLY,612,REACTOME_TYPE_I_HEMIDESMOSOME_ASSEMBLY,TYPE I HEMIDESMOSOME ASSEMBLY,1,11,REACTOME_TYPE_I_HEMIDESMOSOME_ASSEMBLY
SP_613_VITAMIN_D_CALCIFEROL_METABOLISM,613,REACTOME_VITAMIN_D_CALCIFEROL_METABOLISM,VITAMIN D CALCIFEROL METABOLISM,2,17,REACTOME_VITAMIN_D_CALCIFEROL_METABOLISM; WP_VITAMIN_D_METABOLISM
SP_614_ZYGOTIC_GENOME_ACTIVATION_ZGA,614,REACTOME_ZYGOTIC_GENOME_ACTIVATION_ZGA,ZYGOTIC GENOME ACTIVATION ZGA,1,17,REACTOME_ZYGOTIC_GENOME_ACTIVATION_ZGA
SP_615_SA_MMP_CYTOKINE_CONNECTION,615,SA_MMP_CYTOKINE_CONNECTION,SA MMP CYTOKINE CONNECTION,1,15,SA_MMP_CYTOKINE_CONNECTION
SP_616_SIG_CHEMOTAXIS,616,SIG_CHEMOTAXIS,SIG CHEMOTAXIS,2,56,SIG_CHEMOTAXIS; SIG_REGULATION_OF_THE_ACTIN_CYTOSKELETON_BY_RHO_GTPASES
SP_617_SIG_PIP3_SIGNALING_IN_B_LYMPHOCYTES,617,SIG_PIP3_SIGNALING_IN_B_LYMPHOCYTES,SIG PIP3 SIGNALING IN B LYMPHOCYTES,1,36,SIG_PIP3_SIGNALING_IN_B_LYMPHOCYTES
SP_618_10Q1121Q1123_COPY_NUMBER_VARIATION_SYNDROME,618,WP_10Q1121Q1123_COPY_NUMBER_VARIATION_SYNDROME,10Q1121Q1123 COPY NUMBER VARIATION SYNDROME,1,61,WP_10Q1121Q1123_COPY_NUMBER_VARIATION_SYNDROME
SP_619_10Q22Q23_COPY_NUMBER_VARIATION,619,WP_10Q22Q23_COPY_NUMBER_VARIATION,10Q22Q23 COPY NUMBER VARIATION,1,64,WP_10Q22Q23_COPY_NUMBER_VARIATION
SP_620_11P112_COPY_NUMBER_VARIATION_SYNDROME,620,WP_11P112_COPY_NUMBER_VARIATION_SYNDROME,11P112 COPY NUMBER VARIATION SYNDROME,1,56,WP_11P112_COPY_NUMBER_VARIATION_SYNDROME
SP_621_13Q1212_COPY_NUMBER_VARIATION,621,WP_13Q1212_COPY_NUMBER_VARIATION,13Q1212 COPY NUMBER VARIATION,1,34,WP_13Q1212_COPY_NUMBER_VARIATION
SP_622_15Q11Q13_COPY_NUMBER_VARIATION,622,WP_15Q11Q13_COPY_NUMBER_VARIATION,15Q11Q13 COPY NUMBER VARIATION,2,66,WP_15Q11Q13_COPY_NUMBER_VARIATION; WP_15Q133_COPY_NUMBER_VARIATION_SYNDROME
SP_623_15Q25_COPY_NUMBER_VARIATION,623,WP_15Q25_COPY_NUMBER_VARIATION,15Q25 COPY NUMBER VARIATION,1,46,WP_15Q25_COPY_NUMBER_VARIATION
SP_624_16P112_DISTAL_DELETION_SYNDROME,624,WP_16P112_DISTAL_DELETION_SYNDROME,16P112 DISTAL DELETION SYNDROME,1,33,WP_16P112_DISTAL_DELETION_SYNDROME
SP_625_16P112_PROXIMAL_DELETION_SYNDROME,625,WP_16P112_PROXIMAL_DELETION_SYNDROME,16P112 PROXIMAL DELETION SYNDROME,1,76,WP_16P112_PROXIMAL_DELETION_SYNDROME
SP_626_16P1311_COPY_NUMBER_VARIATION_SYNDROME,626,WP_16P1311_COPY_NUMBER_VARIATION_SYNDROME,16P1311 COPY NUMBER VARIATION SYNDROME,1,29,WP_16P1311_COPY_NUMBER_VARIATION_SYNDROME
SP_627_17Q12_COPY_NUMBER_VARIATION_SYNDROME,627,WP_17Q12_COPY_NUMBER_VARIATION_SYNDROME,17Q12 COPY NUMBER VARIATION SYNDROME,1,99,WP_17Q12_COPY_NUMBER_VARIATION_SYNDROME
SP_628_1P36_COPY_NUMBER_VARIATION_SYNDROME,628,WP_1P36_COPY_NUMBER_VARIATION_SYNDROME,1P36 COPY NUMBER VARIATION SYNDROME,1,112,WP_1P36_COPY_NUMBER_VARIATION_SYNDROME
SP_629_22Q112_COPY_NUMBER_VARIATION_SYNDROME,629,WP_22Q112_COPY_NUMBER_VARIATION_SYNDROME,22Q112 COPY NUMBER VARIATION SYNDROME,1,130,WP_22Q112_COPY_NUMBER_VARIATION_SYNDROME
SP_630_2Q112_COPY_NUMBER_VARIATION_SYNDROME,630,WP_2Q112_COPY_NUMBER_VARIATION_SYNDROME,2Q112 COPY NUMBER VARIATION SYNDROME,1,35,WP_2Q112_COPY_NUMBER_VARIATION_SYNDROME
SP_631_2Q13_COPY_NUMBER_VARIATION_SYNDROME,631,WP_2Q13_COPY_NUMBER_VARIATION_SYNDROME,2Q13 COPY NUMBER VARIATION SYNDROME,1,63,WP_2Q13_COPY_NUMBER_VARIATION_SYNDROME
SP_632_2Q211_COPY_NUMBER_VARIATION_SYNDROME,632,WP_2Q211_COPY_NUMBER_VARIATION_SYNDROME,2Q211 COPY NUMBER VARIATION SYNDROME,1,18,WP_2Q211_COPY_NUMBER_VARIATION_SYNDROME
SP_633_2Q37_COPY_NUMBER_VARIATION_SYNDROME,633,WP_2Q37_COPY_NUMBER_VARIATION_SYNDROME,2Q37 COPY NUMBER VARIATION SYNDROME,1,145,WP_2Q37_COPY_NUMBER_VARIATION_SYNDROME
SP_634_3Q29_COPY_NUMBER_VARIATION_SYNDROME,634,WP_3Q29_COPY_NUMBER_VARIATION_SYNDROME,3Q29 COPY NUMBER VARIATION SYNDROME,1,71,WP_3Q29_COPY_NUMBER_VARIATION_SYNDROME
SP_635_4P163_COPY_NUMBER_VARIATION,635,WP_4P163_COPY_NUMBER_VARIATION,4P163 COPY NUMBER VARIATION,1,32,WP_4P163_COPY_NUMBER_VARIATION
SP_636_5Q35_COPY_NUMBER_VARIATION,636,WP_5Q35_COPY_NUMBER_VARIATION,5Q35 COPY NUMBER VARIATION,1,111,WP_5Q35_COPY_NUMBER_VARIATION
SP_637_6Q16_COPY_NUMBER_VARIATION,637,WP_6Q16_COPY_NUMBER_VARIATION,6Q16 COPY NUMBER VARIATION,1,14,WP_6Q16_COPY_NUMBER_VARIATION
SP_638_7Q1123_COPY_NUMBER_VARIATION_SYNDROME,638,WP_7Q1123_COPY_NUMBER_VARIATION_SYNDROME,7Q1123 COPY NUMBER VARIATION SYNDROME,1,106,WP_7Q1123_COPY_NUMBER_VARIATION_SYNDROME
SP_639_7Q1123_DISTAL_COPY_NUMBER_VARIATION,639,WP_7Q1123_DISTAL_COPY_NUMBER_VARIATION,7Q1123 DISTAL COPY NUMBER VARIATION,1,22,WP_7Q1123_DISTAL_COPY_NUMBER_VARIATION
SP_640_8P231_COPY_NUMBER_VARIATION_SYNDROME,640,WP_8P231_COPY_NUMBER_VARIATION_SYNDROME,8P231 COPY NUMBER VARIATION SYNDROME,1,54,WP_8P231_COPY_NUMBER_VARIATION_SYNDROME
SP_641_8Q1123_RB1CC1_COPY_NUMBER_VARIATION,641,WP_8Q1123_RB1CC1_COPY_NUMBER_VARIATION,8Q1123 RB1CC1 COPY NUMBER VARIATION,1,16,WP_8Q1123_RB1CC1_COPY_NUMBER_VARIATION
SP_642_FAMILIAL_PARTIAL_LIPODYSTROPHY,642,WP_FAMILIAL_PARTIAL_LIPODYSTROPHY,FAMILIAL PARTIAL LIPODYSTROPHY,3,48,WP_ACQUIRED_PARTIAL_LIPODYSTROPHY_BARRAQUERSIMONS_SYNDROME; WP_FAMILIAL_PARTIAL_LIPODYSTROPHY; WP_PROGERIAASSOCIATED_LIPODYSTROPHY
SP_643_ADHD_AND_AUTISM_ASD_PATHWAYS,643,WP_ADHD_AND_AUTISM_ASD_PATHWAYS,ADHD AND AUTISM ASD PATHWAYS,1,367,WP_ADHD_AND_AUTISM_ASD_PATHWAYS
SP_644_ADIPOGENESIS,644,WP_ADIPOGENESIS,ADIPOGENESIS,1,131,WP_ADIPOGENESIS
SP_645_AFFECTED_PATHWAYS_IN_DUCHENNE_MUSCULAR_DYSTROPHY,645,WP_AFFECTED_PATHWAYS_IN_DUCHENNE_MUSCULAR_DYSTROPHY,AFFECTED PATHWAYS IN DUCHENNE MUSCULAR DYSTROPHY,1,75,WP_AFFECTED_PATHWAYS_IN_DUCHENNE_MUSCULAR_DYSTROPHY
SP_646_UROTENSINIIMEDIATED_SIGNALING,646,WP_UROTENSINIIMEDIATED_SIGNALING,UROTENSINIIMEDIATED SIGNALING,3,139,WP_AGERAGE_PATHWAY; WP_IL26_SIGNALING; WP_UROTENSINIIMEDIATED_SIGNALING
SP_647_AIRWAY_SMOOTH_MUSCLE_CELL_CONTRACTION,647,WP_AIRWAY_SMOOTH_MUSCLE_CELL_CONTRACTION,AIRWAY SMOOTH MUSCLE CELL CONTRACTION,2,25,WP_AIRWAY_SMOOTH_MUSCLE_CELL_CONTRACTION; WP_CELLTYPE_DEPENDENT_SELECTIVITY_OF_CCK2R_SIGNALING
SP_648_ALSTROM_SYNDROME,648,WP_ALSTROM_SYNDROME,ALSTROM SYNDROME,1,34,WP_ALSTROM_SYNDROME
SP_649_AMINO_ACID_METABOLISM,649,WP_AMINO_ACID_METABOLISM,AMINO ACID METABOLISM,1,91,WP_AMINO_ACID_METABOLISM
SP_650_ANGIOTENSIN_II_RECEPTOR_TYPE_1_PATHWAY,650,WP_ANGIOTENSIN_II_RECEPTOR_TYPE_1_PATHWAY,ANGIOTENSIN II RECEPTOR TYPE 1 PATHWAY,1,28,WP_ANGIOTENSIN_II_RECEPTOR_TYPE_1_PATHWAY
SP_651_APOPTOSIS_REGULATION_BY_PARATHYROID_HORMONERELATED_PROTEIN,651,WP_APOPTOSIS_REGULATION_BY_PARATHYROID_HORMONERELATED_PROTEIN,APOPTOSIS REGULATION BY PARATHYROID HORMONERELATED PROTEIN,1,25,WP_APOPTOSIS_REGULATION_BY_PARATHYROID_HORMONERELATED_PROTEIN
SP_652_ARSENIC_METABOLISM_AND_REACTIVE_OXYGEN_SPECIES_GENERATION,652,WP_ARSENIC_METABOLISM_AND_REACTIVE_OXYGEN_SPECIES_GENERATION,ARSENIC METABOLISM AND REACTIVE OXYGEN SPECIES GENERATION,1,11,WP_ARSENIC_METABOLISM_AND_REACTIVE_OXYGEN_SPECIES_GENERATION
SP_653_ARYL_HYDROCARBON_RECEPTOR_PATHWAY_WP2586,653,WP_ARYL_HYDROCARBON_RECEPTOR_PATHWAY_WP2586,ARYL HYDROCARBON RECEPTOR PATHWAY WP2586,2,75,WP_ARYL_HYDROCARBON_RECEPTOR_PATHWAY_WP2586; WP_ARYL_HYDROCARBON_RECEPTOR_PATHWAY_WP2873
SP_654_ASPIRIN_AND_MIRNAS,654,WP_ASPIRIN_AND_MIRNAS,ASPIRIN AND MIRNAS,1,19,WP_ASPIRIN_AND_MIRNAS
SP_655_ATOPIC_DERMATITIS_MECHANISM_AND_THERAPIES,655,WP_ATOPIC_DERMATITIS_MECHANISM_AND_THERAPIES,ATOPIC DERMATITIS MECHANISM AND THERAPIES,2,33,WP_ATOPIC_DERMATITIS_MECHANISM_AND_THERAPIES; WP_ULCERATIVE_COLITIS_SIGNALING
SP_656_AUTOSOMAL_RECESSIVE_OSTEOPETROSIS_PATHWAYS,656,WP_AUTOSOMAL_RECESSIVE_OSTEOPETROSIS_PATHWAYS,AUTOSOMAL RECESSIVE OSTEOPETROSIS PATHWAYS,1,11,WP_AUTOSOMAL_RECESSIVE_OSTEOPETROSIS_PATHWAYS
SP_657_CILIOPATHIES,657,WP_CILIOPATHIES,CILIOPATHIES,4,257,WP_BARDETBIEDL_SYNDROME; WP_CILIOPATHIES; WP_GENES_RELATED_TO_PRIMARY_CILIUM_DEVELOPMENT_BASED_ON_CRISPR; WP_JOUBERT_SYNDROME
SP_658_SYNAPTIC_SIGNALING_ASSOCIATED_WITH_AUTISM_SPECTRUM_DISORDER,658,WP_SYNAPTIC_SIGNALING_ASSOCIATED_WITH_AUTISM_SPECTRUM_DISORDER,SYNAPTIC SIGNALING ASSOCIATED WITH AUTISM SPECTRUM DISORDER,3,78,WP_BDNFTRKB_SIGNALING; WP_SYNAPTIC_SIGNALING_ASSOCIATED_WITH_AUTISM_SPECTRUM_DISORDER; WP_TYROSINE_KINASE_INHIBITORS_IN_GLIOBLASTOMA
SP_659_BILE_ACID_SYNTHESIS_AND_ENTEROHEPATIC_CIRCULATION,659,WP_BILE_ACID_SYNTHESIS_AND_ENTEROHEPATIC_CIRCULATION,BILE ACID SYNTHESIS AND ENTEROHEPATIC CIRCULATION,1,12,WP_BILE_ACID_SYNTHESIS_AND_ENTEROHEPATIC_CIRCULATION
SP_660_BIOGENIC_AMINE_SYNTHESIS,660,WP_BIOGENIC_AMINE_SYNTHESIS,BIOGENIC AMINE SYNTHESIS,3,25,WP_BIOGENIC_AMINE_SYNTHESIS; WP_BIOSYNTHESIS_AND_REGENERATION_OF_TETRAHYDROBIOPTERIN_AND_CATABOLISM_OF_PHENYLALANINE; WP_NEUROTRANSMITTER_DISORDERS
SP_661_BMP_SIGNALING_IN_EYELID_DEVELOPMENT,661,WP_BMP_SIGNALING_IN_EYELID_DEVELOPMENT,BMP SIGNALING IN EYELID DEVELOPMENT,1,20,WP_BMP_SIGNALING_IN_EYELID_DEVELOPMENT
SP_662_BMP2WNT4FOXO1_PATHWAY_IN_PRIMARY_ENDOMETRIAL_STROMAL_CELL_DI,662,WP_BMP2WNT4FOXO1_PATHWAY_IN_PRIMARY_ENDOMETRIAL_STROMAL_CELL_DIFFERENTIATION,BMP2WNT4FOXO1 PATHWAY IN PRIMARY ENDOMETRIAL STROMAL CELL DIFFERENTIATION,1,13,WP_BMP2WNT4FOXO1_PATHWAY_IN_PRIMARY_ENDOMETRIAL_STROMAL_CELL_DIFFERENTIATION
SP_663_BURN_WOUND_HEALING,663,WP_BURN_WOUND_HEALING,BURN WOUND HEALING,1,113,WP_BURN_WOUND_HEALING
SP_664_CAMKK2_PATHWAY,664,WP_CAMKK2_PATHWAY,CAMKK2 PATHWAY,1,110,WP_CAMKK2_PATHWAY
SP_665_CARDIAC_PROGENITOR_DIFFERENTIATION,665,WP_CARDIAC_PROGENITOR_DIFFERENTIATION,CARDIAC PROGENITOR DIFFERENTIATION,1,53,WP_CARDIAC_PROGENITOR_DIFFERENTIATION
SP_666_CARDIOMYOCYTE_SIGNALING_CONVERGING_ON_TITIN,666,WP_CARDIOMYOCYTE_SIGNALING_CONVERGING_ON_TITIN,CARDIOMYOCYTE SIGNALING CONVERGING ON TITIN,1,33,WP_CARDIOMYOCYTE_SIGNALING_CONVERGING_ON_TITIN
SP_667_CATABOLISM_OF_SKELETAL_MUSCLE_IN_CACHEXIA,667,WP_CATABOLISM_OF_SKELETAL_MUSCLE_IN_CACHEXIA,CATABOLISM OF SKELETAL MUSCLE IN CACHEXIA,2,60,WP_CATABOLISM_OF_SKELETAL_MUSCLE_IN_CACHEXIA; WP_FACTORS_AND_PATHWAYS_AFFECTING_INSULINLIKE_GROWTH_FACTOR_IGF1AKT_SIGNALING
SP_668_CCL18_SIGNALING,668,WP_CCL18_SIGNALING,CCL18 SIGNALING,1,52,WP_CCL18_SIGNALING
SP_669_CELL_DIFFERENTIATION_EXPANDED_INDEX,669,WP_CELL_DIFFERENTIATION_EXPANDED_INDEX,CELL DIFFERENTIATION EXPANDED INDEX,3,65,WP_CELL_DIFFERENTIATION_EXPANDED_INDEX; WP_CELL_DIFFERENTIATION_INDEX; WP_SRF_AND_MIRS_IN_SMOOTH_MUSCLE_DIFFERENTIATION_AND_PROLIFERATION
SP_670_CELL_LINEAGE_MAP_FOR_NEURONAL_DIFFERENTIATION,670,WP_CELL_LINEAGE_MAP_FOR_NEURONAL_DIFFERENTIATION,CELL LINEAGE MAP FOR NEURONAL DIFFERENTIATION,1,132,WP_CELL_LINEAGE_MAP_FOR_NEURONAL_DIFFERENTIATION
SP_671_CILIARY_LANDSCAPE,671,WP_CILIARY_LANDSCAPE,CILIARY LANDSCAPE,1,215,WP_CILIARY_LANDSCAPE
SP_672_CIRCADIAN_RHYTHM_GENES,672,WP_CIRCADIAN_RHYTHM_GENES,CIRCADIAN RHYTHM GENES,1,201,WP_CIRCADIAN_RHYTHM_GENES
SP_673_CLOCKCONTROLLED_AUTOPHAGY_IN_BONE_METABOLISM,673,WP_CLOCKCONTROLLED_AUTOPHAGY_IN_BONE_METABOLISM,CLOCKCONTROLLED AUTOPHAGY IN BONE METABOLISM,1,80,WP_CLOCKCONTROLLED_AUTOPHAGY_IN_BONE_METABOLISM
SP_674_PREGNANE_X_RECEPTOR_PATHWAY,674,WP_PREGNANE_X_RECEPTOR_PATHWAY,PREGNANE X RECEPTOR PATHWAY,4,52,WP_CODEINE_AND_MORPHINE_METABOLISM; WP_CONSTITUTIVE_ANDROSTANE_RECEPTOR_PATHWAY; WP_IRINOTECAN_PATHWAY; WP_PREGNANE_X_RECEPTOR_PATHWAY
SP_675_CONGENITAL_GENERALIZED_LIPODYSTROPHY,675,WP_CONGENITAL_GENERALIZED_LIPODYSTROPHY,CONGENITAL GENERALIZED LIPODYSTROPHY,1,18,WP_CONGENITAL_GENERALIZED_LIPODYSTROPHY
SP_676_CORTICOTROPINRELEASING_HORMONE_SIGNALING,676,WP_CORTICOTROPINRELEASING_HORMONE_SIGNALING,CORTICOTROPINRELEASING HORMONE SIGNALING,1,92,WP_CORTICOTROPINRELEASING_HORMONE_SIGNALING
SP_677_COVID19_STRUCTURAL_COVERAGE_MAP,677,WP_COVID19_STRUCTURAL_COVERAGE_MAP,COVID19 STRUCTURAL COVERAGE MAP,1,26,WP_COVID19_STRUCTURAL_COVERAGE_MAP
SP_678_DEVELOPMENT_AND_HETEROGENEITY_OF_THE_ILC_FAMILY,678,WP_DEVELOPMENT_AND_HETEROGENEITY_OF_THE_ILC_FAMILY,DEVELOPMENT AND HETEROGENEITY OF THE ILC FAMILY,1,33,WP_DEVELOPMENT_AND_HETEROGENEITY_OF_THE_ILC_FAMILY
SP_679_DEVELOPMENT_OF_PULMONARY_DENDRITIC_CELLS_AND_MACROPHAGE_SUBS,679,WP_DEVELOPMENT_OF_PULMONARY_DENDRITIC_CELLS_AND_MACROPHAGE_SUBSETS,DEVELOPMENT OF PULMONARY DENDRITIC CELLS AND MACROPHAGE SUBSETS,1,13,WP_DEVELOPMENT_OF_PULMONARY_DENDRITIC_CELLS_AND_MACROPHAGE_SUBSETS
SP_680_DIFFERENTIATION_OF_WHITE_AND_BROWN_ADIPOCYTE,680,WP_DIFFERENTIATION_OF_WHITE_AND_BROWN_ADIPOCYTE,DIFFERENTIATION OF WHITE AND BROWN ADIPOCYTE,1,25,WP_DIFFERENTIATION_OF_WHITE_AND_BROWN_ADIPOCYTE
SP_681_DISORDERS_OF_MITOCHONDRIAL_HOMEOSTATIS_DYNAMICS_PROTEIN_IMPO,681,WP_DISORDERS_OF_MITOCHONDRIAL_HOMEOSTATIS_DYNAMICS_PROTEIN_IMPORT_AND_QUALITY_CONTROL,DISORDERS OF MITOCHONDRIAL HOMEOSTATIS DYNAMICS PROTEIN IMPORT AND QUALITY CONTROL,1,62,WP_DISORDERS_OF_MITOCHONDRIAL_HOMEOSTATIS_DYNAMICS_PROTEIN_IMPORT_AND_QUALITY_CONTROL
SP_682_DOPAMINERGIC_NEUROGENESIS,682,WP_DOPAMINERGIC_NEUROGENESIS,DOPAMINERGIC NEUROGENESIS,1,30,WP_DOPAMINERGIC_NEUROGENESIS
SP_683_DYRK1A_INVOLVEMENT_REGARDING_CELL_PROLIFERATION_IN_BRAIN_DEV,683,WP_DYRK1A_INVOLVEMENT_REGARDING_CELL_PROLIFERATION_IN_BRAIN_DEVELOPMENT,DYRK1A INVOLVEMENT REGARDING CELL PROLIFERATION IN BRAIN DEVELOPMENT,1,62,WP_DYRK1A_INVOLVEMENT_REGARDING_CELL_PROLIFERATION_IN_BRAIN_DEVELOPMENT
SP_684_ECTODERM_DIFFERENTIATION,684,WP_ECTODERM_DIFFERENTIATION,ECTODERM DIFFERENTIATION,1,142,WP_ECTODERM_DIFFERENTIATION
SP_685_EDA_SIGNALING_IN_HAIR_FOLLICLE_DEVELOPMENT,685,WP_EDA_SIGNALING_IN_HAIR_FOLLICLE_DEVELOPMENT,EDA SIGNALING IN HAIR FOLLICLE DEVELOPMENT,1,13,WP_EDA_SIGNALING_IN_HAIR_FOLLICLE_DEVELOPMENT
SP_686_EFFECTS_OF_MFN2_MUTATION,686,WP_EFFECTS_OF_MFN2_MUTATION,EFFECTS OF MFN2 MUTATION,1,24,WP_EFFECTS_OF_MFN2_MUTATION
SP_687_EICOSANOID_METABOLISM_VIA_CYCLOOXYGENASES_COX,687,WP_EICOSANOID_METABOLISM_VIA_CYCLOOXYGENASES_COX,EICOSANOID METABOLISM VIA CYCLOOXYGENASES COX,2,47,WP_EICOSANOID_METABOLISM_VIA_CYCLOOXYGENASES_COX; WP_EICOSANOID_METABOLISM_VIA_LIPOOXYGENASES_LOX
SP_688_ENDOCHONDRAL_OSSIFICATION,688,WP_ENDOCHONDRAL_OSSIFICATION,ENDOCHONDRAL OSSIFICATION,2,63,WP_ENDOCHONDRAL_OSSIFICATION; WP_ENDOCHONDRAL_OSSIFICATION_WITH_SKELETAL_DYSPLASIAS
SP_689_MESODERMAL_COMMITMENT_PATHWAY,689,WP_MESODERMAL_COMMITMENT_PATHWAY,MESODERMAL COMMITMENT PATHWAY,2,217,WP_ENDODERM_DIFFERENTIATION; WP_MESODERMAL_COMMITMENT_PATHWAY
SP_690_ENDOTHELIN_PATHWAYS,690,WP_ENDOTHELIN_PATHWAYS,ENDOTHELIN PATHWAYS,1,33,WP_ENDOTHELIN_PATHWAYS
SP_691_ENERGY_METABOLISM,691,WP_ENERGY_METABOLISM,ENERGY METABOLISM,2,55,WP_ENERGY_METABOLISM; WP_MITOCHONDRIAL_GENE_EXPRESSION
SP_692_ENVELOPE_PROTEINS_AND_THEIR_POTENTIAL_ROLES_IN_EDMD_PHYSIOPA,692,WP_ENVELOPE_PROTEINS_AND_THEIR_POTENTIAL_ROLES_IN_EDMD_PHYSIOPATHOLOGY,ENVELOPE PROTEINS AND THEIR POTENTIAL ROLES IN EDMD PHYSIOPATHOLOGY,1,46,WP_ENVELOPE_PROTEINS_AND_THEIR_POTENTIAL_ROLES_IN_EDMD_PHYSIOPATHOLOGY
SP_693_ESTROGEN_METABOLISM_WP697,693,WP_ESTROGEN_METABOLISM_WP697,ESTROGEN METABOLISM WP697,1,18,WP_ESTROGEN_METABOLISM_WP697
SP_694_ESTROGEN_RECEPTOR_PATHWAY,694,WP_ESTROGEN_RECEPTOR_PATHWAY,ESTROGEN RECEPTOR PATHWAY,1,13,WP_ESTROGEN_RECEPTOR_PATHWAY
SP_695_ESTROGEN_SIGNALING,695,WP_ESTROGEN_SIGNALING,ESTROGEN SIGNALING,1,23,WP_ESTROGEN_SIGNALING
SP_696_ETHER_LIPID_BIOSYNTHESIS,696,WP_ETHER_LIPID_BIOSYNTHESIS,ETHER LIPID BIOSYNTHESIS,1,20,WP_ETHER_LIPID_BIOSYNTHESIS
SP_697_EV_RELEASE_FROM_CARDIAC_CELLS_AND_THEIR_FUNCTIONAL_EFFECTS,697,WP_EV_RELEASE_FROM_CARDIAC_CELLS_AND_THEIR_FUNCTIONAL_EFFECTS,EV RELEASE FROM CARDIAC CELLS AND THEIR FUNCTIONAL EFFECTS,1,11,WP_EV_RELEASE_FROM_CARDIAC_CELLS_AND_THEIR_FUNCTIONAL_EFFECTS
SP_698_EXERCISE_AND_HYPERTROPHY_IN_SKELETAL_MUSCLE,698,WP_EXERCISE_AND_HYPERTROPHY_IN_SKELETAL_MUSCLE,EXERCISE AND HYPERTROPHY IN SKELETAL MUSCLE,1,20,WP_EXERCISE_AND_HYPERTROPHY_IN_SKELETAL_MUSCLE
SP_699_EXERCISEINDUCED_CIRCADIAN_REGULATION,699,WP_EXERCISEINDUCED_CIRCADIAN_REGULATION,EXERCISEINDUCED CIRCADIAN REGULATION,1,48,WP_EXERCISEINDUCED_CIRCADIAN_REGULATION
SP_700_EXTRACELLULAR_VESICLES_IN_THE_CROSSTALK_OF_CARDIAC_CELLS,700,WP_EXTRACELLULAR_VESICLES_IN_THE_CROSSTALK_OF_CARDIAC_CELLS,EXTRACELLULAR VESICLES IN THE CROSSTALK OF CARDIAC CELLS,1,21,WP_EXTRACELLULAR_VESICLES_IN_THE_CROSSTALK_OF_CARDIAC_CELLS
SP_701_EXTRAFOLLICULAR_AND_FOLLICULAR_B_CELL_ACTIVATION_BY_SARSCOV2,701,WP_EXTRAFOLLICULAR_AND_FOLLICULAR_B_CELL_ACTIVATION_BY_SARSCOV2,EXTRAFOLLICULAR AND FOLLICULAR B CELL ACTIVATION BY SARSCOV2,1,74,WP_EXTRAFOLLICULAR_AND_FOLLICULAR_B_CELL_ACTIVATION_BY_SARSCOV2
SP_702_FATTY_ACID_AND_LIPOPROTEIN_TRANSPORT_IN_HEPATOCYTES,702,WP_FATTY_ACID_AND_LIPOPROTEIN_TRANSPORT_IN_HEPATOCYTES,FATTY ACID AND LIPOPROTEIN TRANSPORT IN HEPATOCYTES,1,381,WP_FATTY_ACID_AND_LIPOPROTEIN_TRANSPORT_IN_HEPATOCYTES
SP_703_FEMALE_STEROID_HORMONES_IN_CARDIOMYOCYTE_ENERGY_METABOLISM,703,WP_FEMALE_STEROID_HORMONES_IN_CARDIOMYOCYTE_ENERGY_METABOLISM,FEMALE STEROID HORMONES IN CARDIOMYOCYTE ENERGY METABOLISM,1,14,WP_FEMALE_STEROID_HORMONES_IN_CARDIOMYOCYTE_ENERGY_METABOLISM
SP_704_FERROPTOSIS,704,WP_FERROPTOSIS,FERROPTOSIS,1,64,WP_FERROPTOSIS
SP_705_FGF23_SIGNALING_IN_HYPOPHOSPHATEMIC_RICKETS_AND_RELATED_DISO,705,WP_FGF23_SIGNALING_IN_HYPOPHOSPHATEMIC_RICKETS_AND_RELATED_DISORDERS,FGF23 SIGNALING IN HYPOPHOSPHATEMIC RICKETS AND RELATED DISORDERS,1,23,WP_FGF23_SIGNALING_IN_HYPOPHOSPHATEMIC_RICKETS_AND_RELATED_DISORDERS
SP_706_FGFR3_SIGNALING_IN_CHONDROCYTE_PROLIFERATION_AND_TERMINAL_DI,706,WP_FGFR3_SIGNALING_IN_CHONDROCYTE_PROLIFERATION_AND_TERMINAL_DIFFERENTIATION,FGFR3 SIGNALING IN CHONDROCYTE PROLIFERATION AND TERMINAL DIFFERENTIATION,1,27,WP_FGFR3_SIGNALING_IN_CHONDROCYTE_PROLIFERATION_AND_TERMINAL_DIFFERENTIATION
SP_707_FIBROTIC_RESPONSE_OF_HUMAN_TRABECULAR_MESHWORK_CELLS_TO_TRAN,707,WP_FIBROTIC_RESPONSE_OF_HUMAN_TRABECULAR_MESHWORK_CELLS_TO_TRANSFORMING_GROWTH_FACTORBETA_3_TGFB3_AND_AUTOTAXIN_ENPP2_OR_ATX_IN_AQUEOUS_HUMOR,FIBROTIC RESPONSE OF HUMAN TRABECULAR MESHWORK CELLS TO TRANSFORMING GROWTH FACTORBETA 3 TGFB3 AND AUTOTAXIN ENPP2 OR ATX IN AQUEOUS HUMOR,1,15,WP_FIBROTIC_RESPONSE_OF_HUMAN_TRABECULAR_MESHWORK_CELLS_TO_TRANSFORMING_GROWTH_FACTORBETA_3_TGFB3_AND_AUTOTAXIN_ENPP2_OR_ATX_IN_AQUEOUS_HUMOR
SP_708_SELENIUM_MICRONUTRIENT_NETWORK,708,WP_SELENIUM_MICRONUTRIENT_NETWORK,SELENIUM MICRONUTRIENT NETWORK,3,116,WP_FOLATE_METABOLISM; WP_SELENIUM_MICRONUTRIENT_NETWORK; WP_VITAMIN_B12_METABOLISM
SP_709_FOLLICLE_STIMULATING_HORMONE_FSH_SIGNALING,709,WP_FOLLICLE_STIMULATING_HORMONE_FSH_SIGNALING,FOLLICLE STIMULATING HORMONE FSH SIGNALING,1,27,WP_FOLLICLE_STIMULATING_HORMONE_FSH_SIGNALING
SP_710_FOXA2_PATHWAY,710,WP_FOXA2_PATHWAY,FOXA2 PATHWAY,1,21,WP_FOXA2_PATHWAY
SP_711_FRAGILE_X_SYNDROME,711,WP_FRAGILE_X_SYNDROME,FRAGILE X SYNDROME,1,121,WP_FRAGILE_X_SYNDROME
SP_712_G13_SIGNALING,712,WP_G13_SIGNALING,G13 SIGNALING,1,38,WP_G13_SIGNALING
SP_713_TRANSCRIPTION_FACTOR_REGULATION_IN_ADIPOGENESIS,713,WP_TRANSCRIPTION_FACTOR_REGULATION_IN_ADIPOGENESIS,TRANSCRIPTION FACTOR REGULATION IN ADIPOGENESIS,2,37,WP_GALANIN_RECEPTOR_PATHWAY; WP_TRANSCRIPTION_FACTOR_REGULATION_IN_ADIPOGENESIS
SP_714_GASTRIC_ACID_PRODUCTION,714,WP_GASTRIC_ACID_PRODUCTION,GASTRIC ACID PRODUCTION,1,11,WP_GASTRIC_ACID_PRODUCTION
SP_715_GENE_REGULATORY_NETWORK_MODELING_SOMITOGENESIS,715,WP_GENE_REGULATORY_NETWORK_MODELING_SOMITOGENESIS,GENE REGULATORY NETWORK MODELING SOMITOGENESIS,1,11,WP_GENE_REGULATORY_NETWORK_MODELING_SOMITOGENESIS
SP_716_GENES_ASSOCIATED_WITH_THE_DEVELOPMENT_OF_RHEUMATOID_ARTHRITI,716,WP_GENES_ASSOCIATED_WITH_THE_DEVELOPMENT_OF_RHEUMATOID_ARTHRITIS,GENES ASSOCIATED WITH THE DEVELOPMENT OF RHEUMATOID ARTHRITIS,1,18,WP_GENES_ASSOCIATED_WITH_THE_DEVELOPMENT_OF_RHEUMATOID_ARTHRITIS
SP_717_GENES_TARGETED_BY_MIRNAS_IN_ADIPOCYTES,717,WP_GENES_TARGETED_BY_MIRNAS_IN_ADIPOCYTES,GENES TARGETED BY MIRNAS IN ADIPOCYTES,1,18,WP_GENES_TARGETED_BY_MIRNAS_IN_ADIPOCYTES
SP_718_GLUCOCORTICOID_RECEPTOR_PATHWAY,718,WP_GLUCOCORTICOID_RECEPTOR_PATHWAY,GLUCOCORTICOID RECEPTOR PATHWAY,1,70,WP_GLUCOCORTICOID_RECEPTOR_PATHWAY
SP_719_GPCRS_CLASS_B_SECRETINLIKE,719,WP_GPCRS_CLASS_B_SECRETINLIKE,GPCRS CLASS B SECRETINLIKE,1,24,WP_GPCRS_CLASS_B_SECRETINLIKE
SP_720_GPCRS_CLASS_C_METABOTROPIC_GLUTAMATE_PHEROMONE,720,WP_GPCRS_CLASS_C_METABOTROPIC_GLUTAMATE_PHEROMONE,GPCRS CLASS C METABOTROPIC GLUTAMATE PHEROMONE,1,15,WP_GPCRS_CLASS_C_METABOTROPIC_GLUTAMATE_PHEROMONE
SP_721_GPCRS_OTHER,721,WP_GPCRS_OTHER,GPCRS OTHER,1,93,WP_GPCRS_OTHER
SP_722_GROWTH_FACTORS_AND_HORMONES_IN_BETA_CELL_PROLIFERATION,722,WP_GROWTH_FACTORS_AND_HORMONES_IN_BETA_CELL_PROLIFERATION,GROWTH FACTORS AND HORMONES IN BETA CELL PROLIFERATION,1,26,WP_GROWTH_FACTORS_AND_HORMONES_IN_BETA_CELL_PROLIFERATION
SP_723_HAIR_FOLLICLE_DEVELOPMENT_CYTODIFFERENTIATION_STAGE_3_OF_3,723,WP_HAIR_FOLLICLE_DEVELOPMENT_CYTODIFFERENTIATION_STAGE_3_OF_3,HAIR FOLLICLE DEVELOPMENT CYTODIFFERENTIATION STAGE 3 OF 3,1,87,WP_HAIR_FOLLICLE_DEVELOPMENT_CYTODIFFERENTIATION_STAGE_3_OF_3
SP_724_HAIR_FOLLICLE_DEVELOPMENT_ORGANOGENESIS_STAGE_2_OF_3,724,WP_HAIR_FOLLICLE_DEVELOPMENT_ORGANOGENESIS_STAGE_2_OF_3,HAIR FOLLICLE DEVELOPMENT ORGANOGENESIS STAGE 2 OF 3,1,32,WP_HAIR_FOLLICLE_DEVELOPMENT_ORGANOGENESIS_STAGE_2_OF_3
SP_725_HDAC6_INTERACTIONS_IN_THE_CENTRAL_NERVOUS_SYSTEM,725,WP_HDAC6_INTERACTIONS_IN_THE_CENTRAL_NERVOUS_SYSTEM,HDAC6 INTERACTIONS IN THE CENTRAL NERVOUS SYSTEM,1,113,WP_HDAC6_INTERACTIONS_IN_THE_CENTRAL_NERVOUS_SYSTEM
SP_726_HEMATOPOIETIC_STEM_CELL_DIFFERENTIATION,726,WP_HEMATOPOIETIC_STEM_CELL_DIFFERENTIATION,HEMATOPOIETIC STEM CELL DIFFERENTIATION,1,63,WP_HEMATOPOIETIC_STEM_CELL_DIFFERENTIATION
SP_727_HEMATOPOIETIC_STEM_CELL_GENE_REGULATION_BY_GABP_ALPHABETA_CO,727,WP_HEMATOPOIETIC_STEM_CELL_GENE_REGULATION_BY_GABP_ALPHABETA_COMPLEX,HEMATOPOIETIC STEM CELL GENE REGULATION BY GABP ALPHABETA COMPLEX,1,21,WP_HEMATOPOIETIC_STEM_CELL_GENE_REGULATION_BY_GABP_ALPHABETA_COMPLEX
SP_728_HIPPOMERLIN_SIGNALING_DYSREGULATION,728,WP_HIPPOMERLIN_SIGNALING_DYSREGULATION,HIPPOMERLIN SIGNALING DYSREGULATION,2,157,WP_HIPPO_SIGNALING_REGULATION; WP_HIPPOMERLIN_SIGNALING_DYSREGULATION
SP_729_HIPPOCAMPAL_SYNAPTOGENESIS_AND_NEUROGENESIS,729,WP_HIPPOCAMPAL_SYNAPTOGENESIS_AND_NEUROGENESIS,HIPPOCAMPAL SYNAPTOGENESIS AND NEUROGENESIS,1,27,WP_HIPPOCAMPAL_SYNAPTOGENESIS_AND_NEUROGENESIS
SP_730_MECHANOREGULATION_AND_PATHOLOGY_OF_YAPTAZ_VIA_HIPPO_AND_NONH,730,WP_MECHANOREGULATION_AND_PATHOLOGY_OF_YAPTAZ_VIA_HIPPO_AND_NONHIPPO_MECHANISMS,MECHANOREGULATION AND PATHOLOGY OF YAPTAZ VIA HIPPO AND NONHIPPO MECHANISMS,4,86,WP_HIPPOYAP_SIGNALING; WP_LEUKOCYTEINTRINSIC_HIPPO_PATHWAY_FUNCTIONS; WP_MECHANOREGULATION_AND_PATHOLOGY_OF_YAPTAZ_VIA_HIPPO_AND_NONHIPPO_MECHANISMS; WP_TRANSCRIPTION_COFACTORS_SKI_AND_SKIL_PROTEIN_PARTNERS
SP_731_HSPB3,731,WP_HSPB3,HSPB3,1,17,WP_HSPB3
SP_732_ID_SIGNALING,732,WP_ID_SIGNALING,ID SIGNALING,1,16,WP_ID_SIGNALING
SP_733_IL1_AND_MEGAKARYOCYTES_IN_OBESITY,733,WP_IL1_AND_MEGAKARYOCYTES_IN_OBESITY,IL1 AND MEGAKARYOCYTES IN OBESITY,1,24,WP_IL1_AND_MEGAKARYOCYTES_IN_OBESITY
SP_734_IL17_SIGNALING,734,WP_IL17_SIGNALING,IL17 SIGNALING,1,32,WP_IL17_SIGNALING
SP_735_IL18_SIGNALING,735,WP_IL18_SIGNALING,IL18 SIGNALING,1,273,WP_IL18_SIGNALING
SP_736_LTF_DANGER_SIGNAL_RESPONSE_PATHWAY,736,WP_LTF_DANGER_SIGNAL_RESPONSE_PATHWAY,LTF DANGER SIGNAL RESPONSE PATHWAY,4,37,WP_INDUCTION_OF_AUTOPHAGY_AND_TOLLLIKE_RECEPTOR_SIGNALING_BY_GRAPHENE_OXIDE; WP_INTERLEUKIN1_INDUCED_ACTIVATION_OF_NFKB; WP_LTF_DANGER_SIGNAL_RESPONSE_PATHWAY; WP_MYD88_DISTINCT_INPUTOUTPUT_PATHWAY
SP_737_OVERLAP_BETWEEN_SIGNAL_TRANSDUCTION_PATHWAYS_CONTRIBUTING_TO,737,WP_OVERLAP_BETWEEN_SIGNAL_TRANSDUCTION_PATHWAYS_CONTRIBUTING_TO_LMNA_LAMINOPATHIES,OVERLAP BETWEEN SIGNAL TRANSDUCTION PATHWAYS CONTRIBUTING TO LMNA LAMINOPATHIES,2,62,WP_INFLUENCE_OF_LAMINOPATHIES_ON_WNT_SIGNALING; WP_OVERLAP_BETWEEN_SIGNAL_TRANSDUCTION_PATHWAYS_CONTRIBUTING_TO_LMNA_LAMINOPATHIES
SP_738_INTERACTIONS_BETWEEN_LOXL4_AND_OXIDATIVE_STRESS_PATHWAY,738,WP_INTERACTIONS_BETWEEN_LOXL4_AND_OXIDATIVE_STRESS_PATHWAY,INTERACTIONS BETWEEN LOXL4 AND OXIDATIVE STRESS PATHWAY,1,18,WP_INTERACTIONS_BETWEEN_LOXL4_AND_OXIDATIVE_STRESS_PATHWAY
SP_739_INTERFERON_TYPE_I_SIGNALING,739,WP_INTERFERON_TYPE_I_SIGNALING,INTERFERON TYPE I SIGNALING,1,54,WP_INTERFERON_TYPE_I_SIGNALING
SP_740_INTRACELLULAR_TRAFFICKING_PROTEINS_INVOLVED_IN_CMT_NEUROPATH,740,WP_INTRACELLULAR_TRAFFICKING_PROTEINS_INVOLVED_IN_CMT_NEUROPATHY,INTRACELLULAR TRAFFICKING PROTEINS INVOLVED IN CMT NEUROPATHY,1,27,WP_INTRACELLULAR_TRAFFICKING_PROTEINS_INVOLVED_IN_CMT_NEUROPATHY
SP_741_IRON_METABOLISM_DISORDERS,741,WP_IRON_METABOLISM_DISORDERS,IRON METABOLISM DISORDERS,2,21,WP_IRON_METABOLISM_DISORDERS; WP_IRON_METABOLISM_IN_PLACENTA
SP_742_NFKB_SIGNALING_AND_ARTD_FAMILY_MEMBERS,742,WP_NFKB_SIGNALING_AND_ARTD_FAMILY_MEMBERS,NFKB SIGNALING AND ARTD FAMILY MEMBERS,2,36,WP_JAKSTAT_SIGNALING_AND_ARTD_FAMILY_MEMBERS; WP_NFKB_SIGNALING_AND_ARTD_FAMILY_MEMBERS
SP_743_KALLMANN_SYNDROME,743,WP_KALLMANN_SYNDROME,KALLMANN SYNDROME,1,24,WP_KALLMANN_SYNDROME
SP_744_KCNQ2RELATED_EPILEPSIES,744,WP_KCNQ2RELATED_EPILEPSIES,KCNQ2RELATED EPILEPSIES,1,19,WP_KCNQ2RELATED_EPILEPSIES
SP_745_NONGENOMIC_ACTIONS_OF_125DIHYDROXYVITAMIN_D3,745,WP_NONGENOMIC_ACTIONS_OF_125DIHYDROXYVITAMIN_D3,NONGENOMIC ACTIONS OF 125DIHYDROXYVITAMIN D3,3,109,WP_KISSPEPTINKISSPEPTIN_RECEPTOR_SYSTEM_IN_THE_OVARY; WP_NONGENOMIC_ACTIONS_OF_125DIHYDROXYVITAMIN_D3; WP_RESISTIN_AS_A_REGULATOR_OF_INFLAMMATION
SP_746_KREBS_CYCLE_DISORDERS,746,WP_KREBS_CYCLE_DISORDERS,KREBS CYCLE DISORDERS,1,13,WP_KREBS_CYCLE_DISORDERS
SP_747_LACTATE_SHUTTLE_IN_GLIAL_CELLS,747,WP_LACTATE_SHUTTLE_IN_GLIAL_CELLS,LACTATE SHUTTLE IN GLIAL CELLS,1,13,WP_LACTATE_SHUTTLE_IN_GLIAL_CELLS
SP_748_LDL_INFLUENCE_ON_CD14_AND_TLR4,748,WP_LDL_INFLUENCE_ON_CD14_AND_TLR4,LDL INFLUENCE ON CD14 AND TLR4,1,23,WP_LDL_INFLUENCE_ON_CD14_AND_TLR4
SP_749_OSX_AND_MIRNAS_IN_TOOTH_DEVELOPMENT,749,WP_OSX_AND_MIRNAS_IN_TOOTH_DEVELOPMENT,OSX AND MIRNAS IN TOOTH DEVELOPMENT,2,39,WP_LET7_INHIBITION_OF_ES_CELL_REPROGRAMMING; WP_OSX_AND_MIRNAS_IN_TOOTH_DEVELOPMENT
SP_750_SREBF_AND_MIR33_IN_CHOLESTEROL_AND_LIPID_HOMEOSTASIS,750,WP_SREBF_AND_MIR33_IN_CHOLESTEROL_AND_LIPID_HOMEOSTASIS,SREBF AND MIR33 IN CHOLESTEROL AND LIPID HOMEOSTASIS,2,24,WP_LIVER_X_RECEPTOR_PATHWAY; WP_SREBF_AND_MIR33_IN_CHOLESTEROL_AND_LIPID_HOMEOSTASIS
SP_751_LNCRNAMEDIATED_MECHANISMS_OF_THERAPEUTIC_RESISTANCE,751,WP_LNCRNAMEDIATED_MECHANISMS_OF_THERAPEUTIC_RESISTANCE,LNCRNAMEDIATED MECHANISMS OF THERAPEUTIC RESISTANCE,1,11,WP_LNCRNAMEDIATED_MECHANISMS_OF_THERAPEUTIC_RESISTANCE
SP_752_LUNG_FIBROSIS,752,WP_LUNG_FIBROSIS,LUNG FIBROSIS,1,63,WP_LUNG_FIBROSIS
SP_753_LUNG_PATHOLOGY_OF_COVID19,753,WP_LUNG_PATHOLOGY_OF_COVID19,LUNG PATHOLOGY OF COVID19,3,33,WP_LUNG_PATHOLOGY_OF_COVID19; WP_MRNA_VACCINE_ACTIVATION_OF_DENDRITIC_CELL_AND_INDUCTION_OF_IFN1; WP_PATHWAYS_OF_NUCLEIC_ACID_METABOLISM_AND_INNATE_IMMUNE_SENSING
SP_754_MACROPHAGESTIMULATING_PROTEIN_MSP_SIGNALING,754,WP_MACROPHAGESTIMULATING_PROTEIN_MSP_SIGNALING,MACROPHAGESTIMULATING PROTEIN MSP SIGNALING,1,108,WP_MACROPHAGESTIMULATING_PROTEIN_MSP_SIGNALING
SP_755_MALE_INFERTILITY,755,WP_MALE_INFERTILITY,MALE INFERTILITY,1,145,WP_MALE_INFERTILITY
SP_756_MAMMARY_GLAND_DEVELOPMENT_EMBRYONIC_DEVELOPMENT_STAGE_1_OF_4,756,WP_MAMMARY_GLAND_DEVELOPMENT_EMBRYONIC_DEVELOPMENT_STAGE_1_OF_4,MAMMARY GLAND DEVELOPMENT EMBRYONIC DEVELOPMENT STAGE 1 OF 4,1,18,WP_MAMMARY_GLAND_DEVELOPMENT_EMBRYONIC_DEVELOPMENT_STAGE_1_OF_4
SP_757_MAMMARY_GLAND_DEVELOPMENT_INVOLUTION_STAGE_4_OF_4,757,WP_MAMMARY_GLAND_DEVELOPMENT_INVOLUTION_STAGE_4_OF_4,MAMMARY GLAND DEVELOPMENT INVOLUTION STAGE 4 OF 4,1,10,WP_MAMMARY_GLAND_DEVELOPMENT_INVOLUTION_STAGE_4_OF_4
SP_758_MAMMARY_GLAND_DEVELOPMENT_PREGNANCY_AND_LACTATION_STAGE_3_OF,758,WP_MAMMARY_GLAND_DEVELOPMENT_PREGNANCY_AND_LACTATION_STAGE_3_OF_4,MAMMARY GLAND DEVELOPMENT PREGNANCY AND LACTATION STAGE 3 OF 4,1,46,WP_MAMMARY_GLAND_DEVELOPMENT_PREGNANCY_AND_LACTATION_STAGE_3_OF_4
SP_759_MAMMARY_GLAND_DEVELOPMENT_PUBERTY_STAGE_2_OF_4,759,WP_MAMMARY_GLAND_DEVELOPMENT_PUBERTY_STAGE_2_OF_4,MAMMARY GLAND DEVELOPMENT PUBERTY STAGE 2 OF 4,1,13,WP_MAMMARY_GLAND_DEVELOPMENT_PUBERTY_STAGE_2_OF_4
SP_760_MARKERS_OF_KIDNEY_CELL_LINEAGE,760,WP_MARKERS_OF_KIDNEY_CELL_LINEAGE,MARKERS OF KIDNEY CELL LINEAGE,2,63,WP_MARKERS_OF_KIDNEY_CELL_LINEAGE; WP_NEPHROGENESIS
SP_761_MECP2_AND_ASSOCIATED_RETT_SYNDROME,761,WP_MECP2_AND_ASSOCIATED_RETT_SYNDROME,MECP2 AND ASSOCIATED RETT SYNDROME,1,73,WP_MECP2_AND_ASSOCIATED_RETT_SYNDROME
SP_762_METABOLIC_PATHWAYS_OF_FIBROBLASTS,762,WP_METABOLIC_PATHWAYS_OF_FIBROBLASTS,METABOLIC PATHWAYS OF FIBROBLASTS,1,32,WP_METABOLIC_PATHWAYS_OF_FIBROBLASTS
SP_763_MFAP5_EFFECT_ON_PERMEABILITY_AND_MOTILITY_OF_ENDOTHELIAL_CEL,763,WP_MFAP5_EFFECT_ON_PERMEABILITY_AND_MOTILITY_OF_ENDOTHELIAL_CELLS_VIA_CYTOSKELETON_REARRANGEMENT,MFAP5 EFFECT ON PERMEABILITY AND MOTILITY OF ENDOTHELIAL CELLS VIA CYTOSKELETON REARRANGEMENT,1,18,WP_MFAP5_EFFECT_ON_PERMEABILITY_AND_MOTILITY_OF_ENDOTHELIAL_CELLS_VIA_CYTOSKELETON_REARRANGEMENT
SP_764_MICROTUBULE_CYTOSKELETON_REGULATION,764,WP_MICROTUBULE_CYTOSKELETON_REGULATION,MICROTUBULE CYTOSKELETON REGULATION,1,48,WP_MICROTUBULE_CYTOSKELETON_REGULATION
SP_765_MIR5093P_ALTERATION_OF_YAP1ECM_AXIS,765,WP_MIR5093P_ALTERATION_OF_YAP1ECM_AXIS,MIR5093P ALTERATION OF YAP1ECM AXIS,1,18,WP_MIR5093P_ALTERATION_OF_YAP1ECM_AXIS
SP_766_MIRNAS_INVOLVED_IN_DNA_DAMAGE_RESPONSE,766,WP_MIRNAS_INVOLVED_IN_DNA_DAMAGE_RESPONSE,MIRNAS INVOLVED IN DNA DAMAGE RESPONSE,1,68,WP_MIRNAS_INVOLVED_IN_DNA_DAMAGE_RESPONSE
SP_767_MIRTARGETED_GENES_IN_ADIPOCYTES,767,WP_MIRTARGETED_GENES_IN_ADIPOCYTES,MIRTARGETED GENES IN ADIPOCYTES,1,33,WP_MIRTARGETED_GENES_IN_ADIPOCYTES
SP_768_MIRTARGETED_GENES_IN_LYMPHOCYTES,768,WP_MIRTARGETED_GENES_IN_LYMPHOCYTES,MIRTARGETED GENES IN LYMPHOCYTES,4,532,WP_MIRTARGETED_GENES_IN_LEUKOCYTES; WP_MIRTARGETED_GENES_IN_LYMPHOCYTES; WP_MIRTARGETED_GENES_IN_MUSCLE_CELL; WP_MIRTARGETED_GENES_IN_SQUAMOUS_CELL
SP_769_MITOCHONDRIAL_FISSION_AND_FUSION,769,WP_MITOCHONDRIAL_FISSION_AND_FUSION,MITOCHONDRIAL FISSION AND FUSION,1,13,WP_MITOCHONDRIAL_FISSION_AND_FUSION
SP_770_MITOCHONDRIAL_IMMUNE_RESPONSE_TO_SARSCOV2,770,WP_MITOCHONDRIAL_IMMUNE_RESPONSE_TO_SARSCOV2,MITOCHONDRIAL IMMUNE RESPONSE TO SARSCOV2,2,44,WP_MITOCHONDRIAL_IMMUNE_RESPONSE_TO_SARSCOV2; WP_SARSCOV2_MITOCHONDRIAL_CHRONIC_OXIDATIVE_STRESS_AND_ENDOTHELIAL_DYSFUNCTION
SP_771_MODULATION_OF_PI3KAKTMTOR_SIGNALING_BY_BIOACTIVE_SPHINGOLIPI,771,WP_MODULATION_OF_PI3KAKTMTOR_SIGNALING_BY_BIOACTIVE_SPHINGOLIPIDS,MODULATION OF PI3KAKTMTOR SIGNALING BY BIOACTIVE SPHINGOLIPIDS,1,14,WP_MODULATION_OF_PI3KAKTMTOR_SIGNALING_BY_BIOACTIVE_SPHINGOLIPIDS
SP_772_PHOTODYNAMIC_THERAPYINDUCED_AP1_SURVIVAL_SIGNALING,772,WP_PHOTODYNAMIC_THERAPYINDUCED_AP1_SURVIVAL_SIGNALING,PHOTODYNAMIC THERAPYINDUCED AP1 SURVIVAL SIGNALING,2,84,WP_MOLECULAR_PATHWAY_FOR_OXIDATIVE_STRESS; WP_PHOTODYNAMIC_THERAPYINDUCED_AP1_SURVIVAL_SIGNALING
SP_773_MONOAMINE_TRANSPORT,773,WP_MONOAMINE_TRANSPORT,MONOAMINE TRANSPORT,2,33,WP_MONOAMINE_TRANSPORT; WP_SEROTONIN_TRANSPORTER_ACTIVITY
SP_774_MTHFR_DEFICIENCY,774,WP_MTHFR_DEFICIENCY,MTHFR DEFICIENCY,1,24,WP_MTHFR_DEFICIENCY
SP_775_NAD_METABOLISM_IN_ONCOGENEINDUCED_SENESCENCE_AND_MITOCHONDRI,775,WP_NAD_METABOLISM_IN_ONCOGENEINDUCED_SENESCENCE_AND_MITOCHONDRIAL_DYSFUNCTIONASSOCIATED_SENESCENCE,NAD METABOLISM IN ONCOGENEINDUCED SENESCENCE AND MITOCHONDRIAL DYSFUNCTIONASSOCIATED SENESCENCE,3,43,WP_NAD_BIOSYNTHETIC_PATHWAYS; WP_NAD_METABOLISM; WP_NAD_METABOLISM_IN_ONCOGENEINDUCED_SENESCENCE_AND_MITOCHONDRIAL_DYSFUNCTIONASSOCIATED_SENESCENCE
SP_776_NAD_METABOLISM_SIRTUINS_AND_AGING,776,WP_NAD_METABOLISM_SIRTUINS_AND_AGING,NAD METABOLISM SIRTUINS AND AGING,1,11,WP_NAD_METABOLISM_SIRTUINS_AND_AGING
SP_777_NEOVASCULARIZATION_PROCESSES,777,WP_NEOVASCULARIZATION_PROCESSES,NEOVASCULARIZATION PROCESSES,1,37,WP_NEOVASCULARIZATION_PROCESSES
SP_778_PRIMARY_FOCAL_SEGMENTAL_GLOMERULOSCLEROSIS_FSGS,778,WP_PRIMARY_FOCAL_SEGMENTAL_GLOMERULOSCLEROSIS_FSGS,PRIMARY FOCAL SEGMENTAL GLOMERULOSCLEROSIS FSGS,2,93,WP_NEPHROTIC_SYNDROME; WP_PRIMARY_FOCAL_SEGMENTAL_GLOMERULOSCLEROSIS_FSGS
SP_779_NETRINUNC5B_SIGNALING,779,WP_NETRINUNC5B_SIGNALING,NETRINUNC5B SIGNALING,1,52,WP_NETRINUNC5B_SIGNALING
SP_780_NETWORK_MAP_OF_SARSCOV2_SIGNALING,780,WP_NETWORK_MAP_OF_SARSCOV2_SIGNALING,NETWORK MAP OF SARSCOV2 SIGNALING,1,254,WP_NETWORK_MAP_OF_SARSCOV2_SIGNALING
SP_781_NEURAL_CREST_DIFFERENTIATION,781,WP_NEURAL_CREST_DIFFERENTIATION,NEURAL CREST DIFFERENTIATION,1,101,WP_NEURAL_CREST_DIFFERENTIATION
SP_782_NEUROGENESIS_REGULATION_IN_THE_OLFACTORY_EPITHELIUM,782,WP_NEUROGENESIS_REGULATION_IN_THE_OLFACTORY_EPITHELIUM,NEUROGENESIS REGULATION IN THE OLFACTORY EPITHELIUM,1,57,WP_NEUROGENESIS_REGULATION_IN_THE_OLFACTORY_EPITHELIUM
SP_783_NEUROINFLAMMATION,783,WP_NEUROINFLAMMATION,NEUROINFLAMMATION,1,13,WP_NEUROINFLAMMATION
SP_784_NEUROINFLAMMATION_AND_GLUTAMATERGIC_SIGNALING,784,WP_NEUROINFLAMMATION_AND_GLUTAMATERGIC_SIGNALING,NEUROINFLAMMATION AND GLUTAMATERGIC SIGNALING,1,140,WP_NEUROINFLAMMATION_AND_GLUTAMATERGIC_SIGNALING
SP_785_NITRIC_OXIDE_METABOLISM_IN_CYSTIC_FIBROSIS,785,WP_NITRIC_OXIDE_METABOLISM_IN_CYSTIC_FIBROSIS,NITRIC OXIDE METABOLISM IN CYSTIC FIBROSIS,1,13,WP_NITRIC_OXIDE_METABOLISM_IN_CYSTIC_FIBROSIS
SP_786_NOTCH1_REGULATION_OF_ENDOTHELIAL_CELL_CALCIFICATION,786,WP_NOTCH1_REGULATION_OF_ENDOTHELIAL_CELL_CALCIFICATION,NOTCH1 REGULATION OF ENDOTHELIAL CELL CALCIFICATION,1,17,WP_NOTCH1_REGULATION_OF_ENDOTHELIAL_CELL_CALCIFICATION
SP_787_NPHP1_DELETION_SYNDROME,787,WP_NPHP1_DELETION_SYNDROME,NPHP1 DELETION SYNDROME,1,11,WP_NPHP1_DELETION_SYNDROME
SP_788_NUCLEAR_RECEPTORS_METAPATHWAY,788,WP_NUCLEAR_RECEPTORS_METAPATHWAY,NUCLEAR RECEPTORS METAPATHWAY,2,314,WP_NRF2_PATHWAY; WP_NUCLEAR_RECEPTORS_METAPATHWAY
SP_789_OLIGODENDROCYTE_SPECIFICATION_AND_DIFFERENTIATION_LEADING_TO,789,WP_OLIGODENDROCYTE_SPECIFICATION_AND_DIFFERENTIATION_LEADING_TO_MYELIN_COMPONENTS_FOR_CNS,OLIGODENDROCYTE SPECIFICATION AND DIFFERENTIATION LEADING TO MYELIN COMPONENTS FOR CNS,1,30,WP_OLIGODENDROCYTE_SPECIFICATION_AND_DIFFERENTIATION_LEADING_TO_MYELIN_COMPONENTS_FOR_CNS
SP_790_OPIOID_RECEPTOR_PATHWAYS,790,WP_OPIOID_RECEPTOR_PATHWAYS,OPIOID RECEPTOR PATHWAYS,1,41,WP_OPIOID_RECEPTOR_PATHWAYS
SP_791_OREXIN_RECEPTOR_PATHWAY,791,WP_OREXIN_RECEPTOR_PATHWAY,OREXIN RECEPTOR PATHWAY,1,200,WP_OREXIN_RECEPTOR_PATHWAY
SP_792_OSTEOARTHRITIC_CHONDROCYTE_HYPERTROPHY,792,WP_OSTEOARTHRITIC_CHONDROCYTE_HYPERTROPHY,OSTEOARTHRITIC CHONDROCYTE HYPERTROPHY,1,50,WP_OSTEOARTHRITIC_CHONDROCYTE_HYPERTROPHY
SP_793_OSTEOCLAST_SIGNALING,793,WP_OSTEOCLAST_SIGNALING,OSTEOCLAST SIGNALING,2,26,WP_OSTEOBLAST_SIGNALING; WP_OSTEOCLAST_SIGNALING
SP_794_OVARIAN_INFERTILITY,794,WP_OVARIAN_INFERTILITY,OVARIAN INFERTILITY,1,39,WP_OVARIAN_INFERTILITY
SP_795_OVERVIEW_OF_NANOPARTICLE_EFFECTS,795,WP_OVERVIEW_OF_NANOPARTICLE_EFFECTS,OVERVIEW OF NANOPARTICLE EFFECTS,1,19,WP_OVERVIEW_OF_NANOPARTICLE_EFFECTS
SP_796_OXIDATIVE_DAMAGE_RESPONSE,796,WP_OXIDATIVE_DAMAGE_RESPONSE,OXIDATIVE DAMAGE RESPONSE,1,40,WP_OXIDATIVE_DAMAGE_RESPONSE
SP_797_PATHOPHYSIOLOGICAL_ROLES_OF_DUX4_IN_FSHD1,797,WP_PATHOPHYSIOLOGICAL_ROLES_OF_DUX4_IN_FSHD1,PATHOPHYSIOLOGICAL ROLES OF DUX4 IN FSHD1,1,18,WP_PATHOPHYSIOLOGICAL_ROLES_OF_DUX4_IN_FSHD1
SP_798_PGK1_PKM2_KHKCKHKA_ACTING_AS_PROTEIN_KINASES,798,WP_PGK1_PKM2_KHKCKHKA_ACTING_AS_PROTEIN_KINASES,PGK1 PKM2 KHKCKHKA ACTING AS PROTEIN KINASES,1,15,WP_PGK1_PKM2_KHKCKHKA_ACTING_AS_PROTEIN_KINASES
SP_799_PHOSPHODIESTERASES_IN_NEURONAL_FUNCTION,799,WP_PHOSPHODIESTERASES_IN_NEURONAL_FUNCTION,PHOSPHODIESTERASES IN NEURONAL FUNCTION,2,67,WP_PHOSPHODIESTERASES_IN_NEURONAL_FUNCTION; WP_SILDENAFIL_TREATMENT
SP_800_PHOTODYNAMIC_THERAPYINDUCED_NFKB_SURVIVAL_SIGNALING,800,WP_PHOTODYNAMIC_THERAPYINDUCED_NFKB_SURVIVAL_SIGNALING,PHOTODYNAMIC THERAPYINDUCED NFKB SURVIVAL SIGNALING,1,35,WP_PHOTODYNAMIC_THERAPYINDUCED_NFKB_SURVIVAL_SIGNALING
SP_801_PHYSICOCHEMICAL_FEATURES_AND_TOXICITYASSOCIATED_PATHWAYS,801,WP_PHYSICOCHEMICAL_FEATURES_AND_TOXICITYASSOCIATED_PATHWAYS,PHYSICOCHEMICAL FEATURES AND TOXICITYASSOCIATED PATHWAYS,1,66,WP_PHYSICOCHEMICAL_FEATURES_AND_TOXICITYASSOCIATED_PATHWAYS
SP_802_PI3KAKTMTOR_VITAMIN_D3_SIGNALING,802,WP_PI3KAKTMTOR_VITAMIN_D3_SIGNALING,PI3KAKTMTOR VITAMIN D3 SIGNALING,1,22,WP_PI3KAKTMTOR_VITAMIN_D3_SIGNALING
SP_803_PLATELETMEDIATED_INTERACTIONS_WITH_VASCULAR_AND_CIRCULATING_,803,WP_PLATELETMEDIATED_INTERACTIONS_WITH_VASCULAR_AND_CIRCULATING_CELLS,PLATELETMEDIATED INTERACTIONS WITH VASCULAR AND CIRCULATING CELLS,1,17,WP_PLATELETMEDIATED_INTERACTIONS_WITH_VASCULAR_AND_CIRCULATING_CELLS
SP_804_PLURIPOTENT_STEM_CELL_DIFFERENTIATION_PATHWAY,804,WP_PLURIPOTENT_STEM_CELL_DIFFERENTIATION_PATHWAY,PLURIPOTENT STEM CELL DIFFERENTIATION PATHWAY,1,48,WP_PLURIPOTENT_STEM_CELL_DIFFERENTIATION_PATHWAY
SP_805_PREIMPLANTATION_EMBRYO,805,WP_PREIMPLANTATION_EMBRYO,PREIMPLANTATION EMBRYO,1,59,WP_PREIMPLANTATION_EMBRYO
SP_806_PRIMARY_OVARIAN_INSUFFICIENCY,806,WP_PRIMARY_OVARIAN_INSUFFICIENCY,PRIMARY OVARIAN INSUFFICIENCY,1,136,WP_PRIMARY_OVARIAN_INSUFFICIENCY
SP_807_PTDINS45P2_IN_CYTOKINESIS_PATHWAY,807,WP_PTDINS45P2_IN_CYTOKINESIS_PATHWAY,PTDINS45P2 IN CYTOKINESIS PATHWAY,1,12,WP_PTDINS45P2_IN_CYTOKINESIS_PATHWAY
SP_808_PTF1A_RELATED_REGULATORY_PATHWAY,808,WP_PTF1A_RELATED_REGULATORY_PATHWAY,PTF1A RELATED REGULATORY PATHWAY,1,11,WP_PTF1A_RELATED_REGULATORY_PATHWAY
SP_809_REGUCALCIN_IN_PROXIMAL_TUBULE_EPITHELIAL_KIDNEY_CELLS,809,WP_REGUCALCIN_IN_PROXIMAL_TUBULE_EPITHELIAL_KIDNEY_CELLS,REGUCALCIN IN PROXIMAL TUBULE EPITHELIAL KIDNEY CELLS,1,32,WP_REGUCALCIN_IN_PROXIMAL_TUBULE_EPITHELIAL_KIDNEY_CELLS
SP_810_RETT_SYNDROME,810,WP_RETT_SYNDROME,RETT SYNDROME,1,48,WP_RETT_SYNDROME
SP_811_RUBINSTEINTAYBI_SYNDROME_1,811,WP_RUBINSTEINTAYBI_SYNDROME_1,RUBINSTEINTAYBI SYNDROME 1,1,15,WP_RUBINSTEINTAYBI_SYNDROME_1
SP_812_SARSCOV2_INNATE_IMMUNITY_EVASION_AND_CELLSPECIFIC_IMMUNE_RES,812,WP_SARSCOV2_INNATE_IMMUNITY_EVASION_AND_CELLSPECIFIC_IMMUNE_RESPONSE,SARSCOV2 INNATE IMMUNITY EVASION AND CELLSPECIFIC IMMUNE RESPONSE,1,66,WP_SARSCOV2_INNATE_IMMUNITY_EVASION_AND_CELLSPECIFIC_IMMUNE_RESPONSE
SP_813_SELENIUM_METABOLISM_AND_SELENOPROTEINS,813,WP_SELENIUM_METABOLISM_AND_SELENOPROTEINS,SELENIUM METABOLISM AND SELENOPROTEINS,1,47,WP_SELENIUM_METABOLISM_AND_SELENOPROTEINS
SP_814_SEROTONIN_AND_ANXIETY,814,WP_SEROTONIN_AND_ANXIETY,SEROTONIN AND ANXIETY,2,22,WP_SEROTONIN_AND_ANXIETY; WP_SEROTONIN_AND_ANXIETYRELATED_EVENTS
SP_815_SLC25A46_PATHWAY,815,WP_SLC25A46_PATHWAY,SLC25A46 PATHWAY,1,21,WP_SLC25A46_PATHWAY
SP_816_SLEEP_REGULATION,816,WP_SLEEP_REGULATION,SLEEP REGULATION,1,38,WP_SLEEP_REGULATION
SP_817_SMITHMAGENIS_AND_POTOCKILUPSKI_SYNDROME_COPY_NUMBER_VARIATIO,817,WP_SMITHMAGENIS_AND_POTOCKILUPSKI_SYNDROME_COPY_NUMBER_VARIATION,SMITHMAGENIS AND POTOCKILUPSKI SYNDROME COPY NUMBER VARIATION,1,159,WP_SMITHMAGENIS_AND_POTOCKILUPSKI_SYNDROME_COPY_NUMBER_VARIATION
SP_818_SPINAL_CORD_INJURY,818,WP_SPINAL_CORD_INJURY,SPINAL CORD INJURY,1,117,WP_SPINAL_CORD_INJURY
SP_819_SPLICING_FACTOR_NOVA_REGULATED_SYNAPTIC_PROTEINS,819,WP_SPLICING_FACTOR_NOVA_REGULATED_SYNAPTIC_PROTEINS,SPLICING FACTOR NOVA REGULATED SYNAPTIC PROTEINS,1,42,WP_SPLICING_FACTOR_NOVA_REGULATED_SYNAPTIC_PROTEINS
SP_820_SUDDEN_INFANT_DEATH_SYNDROME_SIDS_SUSCEPTIBILITY_PATHWAYS,820,WP_SUDDEN_INFANT_DEATH_SYNDROME_SIDS_SUSCEPTIBILITY_PATHWAYS,SUDDEN INFANT DEATH SYNDROME SIDS SUSCEPTIBILITY PATHWAYS,1,159,WP_SUDDEN_INFANT_DEATH_SYNDROME_SIDS_SUSCEPTIBILITY_PATHWAYS
SP_821_T_CELL_RECEPTOR_AND_COSTIMULATORY_SIGNALING,821,WP_T_CELL_RECEPTOR_AND_COSTIMULATORY_SIGNALING,T CELL RECEPTOR AND COSTIMULATORY SIGNALING,1,28,WP_T_CELL_RECEPTOR_AND_COSTIMULATORY_SIGNALING
SP_822_TAR_SYNDROME,822,WP_TAR_SYNDROME,TAR SYNDROME,1,63,WP_TAR_SYNDROME
SP_823_TCA_CYCLE_IN_SENESCENCE,823,WP_TCA_CYCLE_IN_SENESCENCE,TCA CYCLE IN SENESCENCE,1,10,WP_TCA_CYCLE_IN_SENESCENCE
SP_824_THYROID_HORMONES_PRODUCTION_AND_PERIPHERAL_DOWNSTREAM_SIGNAL,824,WP_THYROID_HORMONES_PRODUCTION_AND_PERIPHERAL_DOWNSTREAM_SIGNALING_EFFECTS,THYROID HORMONES PRODUCTION AND PERIPHERAL DOWNSTREAM SIGNALING EFFECTS,1,93,WP_THYROID_HORMONES_PRODUCTION_AND_PERIPHERAL_DOWNSTREAM_SIGNALING_EFFECTS
SP_825_THYROXINE_THYROID_HORMONE_PRODUCTION,825,WP_THYROXINE_THYROID_HORMONE_PRODUCTION,THYROXINE THYROID HORMONE PRODUCTION,1,25,WP_THYROXINE_THYROID_HORMONE_PRODUCTION
SP_826_TRANSCRIPTION_FACTORS_REGULATE_MIRNAS_RELATED_TO_CARDIAC_HYP,826,WP_TRANSCRIPTION_FACTORS_REGULATE_MIRNAS_RELATED_TO_CARDIAC_HYPERTROPHY,TRANSCRIPTION FACTORS REGULATE MIRNAS RELATED TO CARDIAC HYPERTROPHY,1,15,WP_TRANSCRIPTION_FACTORS_REGULATE_MIRNAS_RELATED_TO_CARDIAC_HYPERTROPHY
SP_827_WHITE_FAT_CELL_DIFFERENTIATION,827,WP_WHITE_FAT_CELL_DIFFERENTIATION,WHITE FAT CELL DIFFERENTIATION,2,33,WP_TRANSCRIPTIONAL_CASCADE_REGULATING_ADIPOGENESIS; WP_WHITE_FAT_CELL_DIFFERENTIATION
SP_828_TRANSCRIPTIONAL_REGULATION_OF_MEMORY_B_CELL_DIFFERENTIATION,828,WP_TRANSCRIPTIONAL_REGULATION_OF_MEMORY_B_CELL_DIFFERENTIATION,TRANSCRIPTIONAL REGULATION OF MEMORY B CELL DIFFERENTIATION,1,47,WP_TRANSCRIPTIONAL_REGULATION_OF_MEMORY_B_CELL_DIFFERENTIATION
SP_829_TROP2_REGULATORY_SIGNALING,829,WP_TROP2_REGULATORY_SIGNALING,TROP2 REGULATORY SIGNALING,1,49,WP_TROP2_REGULATORY_SIGNALING
SP_830_TYPE_I_COLLAGEN_SYNTHESIS_IN_THE_CONTEXT_OF_OSTEOGENESIS_IMP,830,WP_TYPE_I_COLLAGEN_SYNTHESIS_IN_THE_CONTEXT_OF_OSTEOGENESIS_IMPERFECTA,TYPE I COLLAGEN SYNTHESIS IN THE CONTEXT OF OSTEOGENESIS IMPERFECTA,1,33,WP_TYPE_I_COLLAGEN_SYNTHESIS_IN_THE_CONTEXT_OF_OSTEOGENESIS_IMPERFECTA
SP_831_TYROBP_CAUSAL_NETWORK_IN_MICROGLIA,831,WP_TYROBP_CAUSAL_NETWORK_IN_MICROGLIA,TYROBP CAUSAL NETWORK IN MICROGLIA,1,60,WP_TYROBP_CAUSAL_NETWORK_IN_MICROGLIA
SP_832_VALPROIC_ACID_PATHWAY,832,WP_VALPROIC_ACID_PATHWAY,VALPROIC ACID PATHWAY,1,12,WP_VALPROIC_ACID_PATHWAY
SP_833_VEGFAVEGFR2_SIGNALING,833,WP_VEGFAVEGFR2_SIGNALING,VEGFAVEGFR2 SIGNALING,1,431,WP_VEGFAVEGFR2_SIGNALING
SP_834_VITAMIN_D_RECEPTOR_PATHWAY,834,WP_VITAMIN_D_RECEPTOR_PATHWAY,VITAMIN D RECEPTOR PATHWAY,1,185,WP_VITAMIN_D_RECEPTOR_PATHWAY
SP_835_VITAMIN_DSENSITIVE_CALCIUM_SIGNALING_IN_DEPRESSION,835,WP_VITAMIN_DSENSITIVE_CALCIUM_SIGNALING_IN_DEPRESSION,VITAMIN DSENSITIVE CALCIUM SIGNALING IN DEPRESSION,1,36,WP_VITAMIN_DSENSITIVE_CALCIUM_SIGNALING_IN_DEPRESSION
SP_836_WARBURG_EFFECT_MODULATED_BY_DEUBIQUITINATING_ENZYMES_AND_THE,836,WP_WARBURG_EFFECT_MODULATED_BY_DEUBIQUITINATING_ENZYMES_AND_THEIR_SUBSTRATES,WARBURG EFFECT MODULATED BY DEUBIQUITINATING ENZYMES AND THEIR SUBSTRATES,1,26,WP_WARBURG_EFFECT_MODULATED_BY_DEUBIQUITINATING_ENZYMES_AND_THEIR_SUBSTRATES
SP_837_WNT_SIGNALING_IN_ADULT_HIPPOCAMPAL_NEUROGENESIS,837,WP_WNT_SIGNALING_IN_ADULT_HIPPOCAMPAL_NEUROGENESIS,WNT SIGNALING IN ADULT HIPPOCAMPAL NEUROGENESIS,1,11,WP_WNT_SIGNALING_IN_ADULT_HIPPOCAMPAL_NEUROGENESIS
