gene,logFC_A,logFC_TO,pi_A,pi_TO,pi_int,sig_cat,reversed,quadrant
MMP24OS,0.425523780719779,-0.218027611049674,0.4603310709073318,0.7697151906421514,0.99421373122305,NS,TRUE,Q2
ESYT2,-0.235506392094074,0.102540595579853,0.6311867120626293,0.8944541985683451,0.995149024614308,NS,TRUE,Q4
ILVBL,-0.256153676816922,-0.125783947489904,0.6849563733754097,0.9075770604007198,0.7798108455228242,NS,FALSE,Q3
FSD2,-0.618192073375447,0.130964047157995,0.0037757084071437,0.8461672168894895,0.9342749516175622,Sig Young only,TRUE,Q4
TARS3,0.0618477197098244,-0.0371183152361443,0.9847618292062448,0.9910852335292772,0.9960062064290636,NS,TRUE,Q2
VWA8,0.664118898192683,-0.290348576474081,0.08504415268866876,0.4635146385038192,0.6986372884021401,NS,TRUE,Q2
CARNS1,-0.380568342580787,0.453286878754561,0.4838204780117916,0.22111563289402647,0.6242505842540985,NS,TRUE,Q4
MAP1LC3B2,-0.484816850216248,0.0329575746668134,0.15822375068125383,0.992046480436026,0.34114511212977555,NS,TRUE,Q4
PGP,0.115105951969291,-0.00769294695505707,0.8311436768019899,0.999361622694684,0.941762639193464,NS,TRUE,Q2
DHRS7C,-0.274391878983199,-0.131660275139286,0.48772594477052167,0.8583940077175571,0.9910894472980366,NS,FALSE,Q3
SMTNL1,-0.189592673265537,-0.149094543388589,0.835051601002122,0.8813889858919395,0.874940398610168,NS,FALSE,Q3
NUDT19,-0.442342548451975,0.0787906772121651,0.3414737494112327,0.9717342561629876,0.7273764165780955,NS,TRUE,Q4
NACA,-0.264442452428877,0.0767862426160768,0.2030048829154121,0.909346443680094,0.5873016622095323,NS,TRUE,Q4
SLC35A4,-0.188403105996866,0.125755803316594,0.7390493307156764,0.8635244423637033,0.6533337248608795,NS,TRUE,Q4
PDLIM1,1.01929504614024,-0.129854902449171,2.568153191466495e-6,0.902092181291052,0.9997498054978462,Sig Young only,TRUE,Q2
MYO1C,0.281616866739441,-0.137534083356918,0.46615595624191153,0.8346580639810297,0.37013237354107,NS,TRUE,Q2
FXYD1,-0.560860439336484,0.0584303385781979,0.08207957306453868,0.9832972042228116,0.9885797993868384,NS,TRUE,Q4
STXBP3,-0.0935765745442687,0.141561867078227,0.9298650455410002,0.7790909940436481,0.17720911816324225,NS,TRUE,Q4
NDUFS8,-0.0120117351621936,-0.00477755456470774,0.9992489154911252,0.9998641952226432,0.3281799705414071,NS,FALSE,Q3
PSMD11,-0.0925046741055766,0.0638433995976122,0.8443411754624931,0.9174635354004758,0.8607727508045391,NS,TRUE,Q4
PSMD12,-0.177785999865623,-0.0482628984854188,0.6840555221888419,0.9771313981902876,0.845314268655713,NS,FALSE,Q3
PSMD9,-0.0523062566826056,0.0687506530171831,0.9742841090181904,0.9442240972084736,0.9145367810516076,NS,TRUE,Q4
PGRMC1,0.0769177371824163,-0.107871536931853,0.9848060053044964,0.9604458021056784,0.9101551965388684,NS,TRUE,Q2
CLIC1,-0.0472489035715071,0.219955793188713,0.9847288313687816,0.5345760967355307,0.9479272877030436,NS,TRUE,Q4
EIF3F,0.101781180038056,-0.0128150165024188,0.8851034971365429,0.9983545452692234,0.868041118320844,NS,TRUE,Q2
PDHX,-0.0300621087210757,-0.0976624150725272,0.990203885822764,0.8460050028683184,0.9733291739132892,NS,FALSE,Q3
DCTN6,-0.31898639715012,0.108653006846678,0.4988510968908419,0.9119413113960898,0.8093590132987876,NS,TRUE,Q4
IPO5,-0.107423438170461,-0.00792245836404959,0.7895983878819196,0.9990798363420004,0.8900939124608434,NS,FALSE,Q3
EEF2K,-0.00261393613182292,-0.107708586622397,0.9999707014298582,0.9193423991242086,0.8569895347580413,NS,FALSE,Q3
EML1,-0.0872717465730517,-0.0734980163811798,0.927668133565801,0.940379643592814,0.999663775399136,NS,FALSE,Q3
DNM1L,0.120329170222288,-0.0487329467924766,0.8172999418056687,0.9697699955484788,0.9531617892395956,NS,TRUE,Q2
RTCA,0.236017233118147,-0.219949524933543,0.3941921972547255,0.375871308753914,0.769203433903791,NS,TRUE,Q2
NDUFA4,0.0487312471368142,0.00517224527952465,0.9810138242883816,0.9997820259580678,0.999797439754829,NS,FALSE,Q1
PSMD14,-0.343674608044331,0.0497141500929494,0.03496813720425071,0.9632671652272669,0.9807657038077012,Sig Young only,TRUE,Q4
BIN1,-0.0341531813914386,-0.0110850279468444,0.9846901702385104,0.9983106008931396,0.3932915342706692,NS,FALSE,Q3
KPNA3,-0.131791012170382,3.66376409033364e-6,0.8603095396410765,0.9999999999071538,0.931500357326328,NS,TRUE,Q4
DDX3X,-0.314518401952938,0.0616049888501067,0.34478137989317426,0.9713057768282256,0.999854777266605,NS,TRUE,Q4
KPNA4,-0.00195221212346652,0.0851646616079051,0.9999612099082364,0.8771064111912522,0.9397361321091,NS,TRUE,Q4
CES2,0.365367436782165,0.0784618989262142,0.4951955769680872,0.9707791575677392,0.9708761483700776,NS,FALSE,Q1
FBP2,-0.1339831515882,-0.0491217043701973,0.906584590411496,0.986849714393074,0.910516123953695,NS,FALSE,Q3
PDXK,-0.0280371403260489,-0.0667755466883335,0.9916205217757686,0.9343182121478278,0.9851274448911108,NS,FALSE,Q3
SDHD,0.164335397942128,-0.0753276174131834,0.8133704465596183,0.9582388144324664,0.8250086760478899,NS,TRUE,Q2
COX7A2L,-0.11562466181422,0.0190100944446741,0.9563592650924904,0.998234358698558,0.8460840145113255,NS,TRUE,Q4
GAPDHS,0.415799674359626,0.0482270396439723,0.5884552251926953,0.9928648832257372,0.9996528847503972,NS,FALSE,Q1
HSPB6,0.398345565023163,0.279712986938303,0.2785758287098478,0.5143806353371104,0.53539734137464,NS,FALSE,Q1
NDUFAB1,-0.250288801609724,-0.0872196722326422,0.5725334379984447,0.9431915823234762,0.6054522650270358,NS,FALSE,Q3
IMPA2,-0.2017590470358,-0.161118582406171,0.6822629183068467,0.759773679263138,0.9561916283979038,NS,FALSE,Q3
PDCD5,0.0245454764293243,0.0277598873245104,0.99442429825849,0.9914760847717634,0.9667388321064648,NS,FALSE,Q1
PRMT5,0.0776247158176488,-0.130574828860652,0.9277870059657176,0.7298645667845649,0.21426994389139525,NS,TRUE,Q2
PSMA7,-0.0823227754831883,0.0436122508338315,0.8798273390617142,0.9648247214334976,0.9258717210717384,NS,TRUE,Q4
OPLAH,0.366468645611434,-0.092095785294827,0.10656899686764894,0.9005267695432383,0.9576997755600136,NS,TRUE,Q2
MGST3,-0.164306666876985,-0.151049339391825,0.7925743006649066,0.79165754155001,0.4414415438890837,NS,FALSE,Q3
RGS12,-0.107256471068979,-0.221269607865636,0.9477786030834612,0.7154137893075354,0.9526242432606004,NS,FALSE,Q3
HAT1,-1.64748613392742,0.799189976965636,1.8651545534063951e-4,0.14424252107390656,0.11477191321061316,Sig Young only,TRUE,Q4
UQCRQ,0.0315646603463868,0.064655802890826,0.9910934502818916,0.9504096184060992,0.567651593681362,NS,FALSE,Q1
MYL12B,0.191858634268456,0.332451852181123,0.7678402530669018,0.2868423665397923,0.3834330414197984,NS,FALSE,Q1
UQCR11,-0.0943946863642005,0.0381679244367561,0.9566889737811504,0.9923918523548654,0.27279397952647433,NS,TRUE,Q4
CASQ2,0.22182610529712599,-0.0327125805921078,0.7289131937806785,0.994305482608004,0.8453354493940409,NS,TRUE,Q2
HGS,-0.156313419025874,-0.0824733543250744,0.8239321154579443,0.9372948673049408,0.9997345554690318,NS,FALSE,Q3
HNRNPDL,-0.247003297305906,-0.052113365894531,0.5553993542427066,0.9798698988069202,0.7590716830143318,NS,FALSE,Q3
XPO1,0.153034136117952,-0.0671590079023332,0.6973295337365129,0.9376939879057974,0.8488583816831959,NS,TRUE,Q2
ATP2A1,-0.175480875883803,0.0379130599178055,0.7677629521009182,0.9895444233101072,0.9882148746962685,NS,TRUE,Q4
SYNJ2,0.015688868155447,0.0703995796673311,0.9992850117633304,0.9818562585983416,0.9625860099293836,NS,FALSE,Q1
SYNM,-1.03203727190436,-0.16634532700737,1.4258126003276043e-4,0.8788109906591105,0.874686851958924,Sig Young only,FALSE,Q3
ARPC1B,0.0104178482942174,0.467621492905298,0.9995201976099258,0.05048622298280567,0.9566366465790516,NS,FALSE,Q1
PGRMC2,0.235900561093629,-0.138069865263503,0.6162171248274675,0.8464778577056465,0.6134851793056288,NS,TRUE,Q2
PFDN6,0.157038662826526,-0.0491396005489122,0.7164437383114355,0.9726241315316292,0.9997511691939538,NS,TRUE,Q2
NDUFA1,-0.77413544115139,0.261882829359234,0.05016283801642451,0.7500515668346015,0.1511362842496158,NS,TRUE,Q4
SURF4,-0.00880390237889017,-0.0852770125837559,0.9996071010730102,0.9487184541618512,0.5285970060457384,NS,FALSE,Q3
MAPK13,0.696519687218711,-0.249246579561028,0.04505856156773084,0.6204430109171364,NA,Sig Young only,TRUE,Q2
TCAP,-0.630836060907729,-0.0516968727589138,0.11561690631818558,0.9907827133190578,0.9755255594313754,NS,FALSE,Q3
PMM2,-0.114663212158653,0.123125677137566,0.9405307281698628,0.912521593148879,0.8936652573807977,NS,TRUE,Q4
EIF3D,-0.255950766387993,0.0134213699896968,0.3789631739277452,0.9983053107895158,0.9887299677519452,NS,TRUE,Q4
EIF3H,-0.22180772981352,-0.122345919879869,0.7683083809759567,0.9022365054857988,0.8048341679300748,NS,FALSE,Q3
BCAT2,0.245355810841076,-0.0448668496722142,0.5419561455962936,0.9844288830400296,0.9996080348838736,NS,TRUE,Q2
STX7,0.0837905478787313,0.0951113507776924,0.945529604972676,0.9064570344763492,0.9287191459957936,NS,FALSE,Q1
SLC16A3,-0.238973370428656,0.136128044583359,0.755643068314767,0.9066191243642324,0.07755560058602737,NS,TRUE,Q4
YKT6,0.0667917896993693,-0.00761547675791263,0.9488905235293308,0.9993645585868708,0.7976855760520734,NS,TRUE,Q2
ARPC5,0.224185775150101,0.129503845098053,0.7874110815082875,0.9033013485654624,0.9564447299467774,NS,FALSE,Q1
TAPBP,-0.0578985982315334,-0.126801869051446,0.9914744628549148,0.8961678589064417,0.6288990928969881,NS,FALSE,Q3
DHX15,0.210700081636652,-0.0968574424340929,0.6523220282654505,0.9024134600175112,0.4720463830087305,NS,TRUE,Q2
CYB5B,-0.095848148859293,-0.20510955114197,0.9575421594737856,0.7377589786641133,0.7285681502022956,NS,FALSE,Q3
NDUFS4,-0.216285007812861,-0.0459253918177289,0.7053435082902716,0.9868759202260547,0.5109340451145673,NS,FALSE,Q3
DYNC1LI2,-0.0416997704123823,-0.0481915067902072,0.9890930462170502,0.98009505225614,0.4315586844658486,NS,FALSE,Q3
PSMD3,-0.325245259533343,-0.0383010910894583,0.11865502199525745,0.9836092025559046,0.6394296467597357,NS,FALSE,Q3
RASA4,0.480460202816662,-0.136084646010833,0.1771583658246518,0.8764047546558087,0.9473699621210896,NS,TRUE,Q2
HNRNPR,-0.366553576058045,0.102846544560027,0.0832393977059028,0.8716866411665912,0.9764903813877684,NS,TRUE,Q4
TXNL1,-0.181604773637488,0.0515172032829732,0.4379984181277612,0.9524901482077796,0.9724656897867044,NS,TRUE,Q4
TPD52L2,-0.0385751285734024,-0.0447823625397206,0.980829724324836,0.967683998292076,0.9570376980319654,NS,FALSE,Q3
ERI3,0.0184826903269055,-0.273312728571813,0.9983643223680678,0.45015078912357176,0.9932526985080392,NS,TRUE,Q2
AKR7A2,0.458301486916596,-0.00539110209425431,0.00460754236584066,0.9997073315214876,0.9612216370235106,Sig Young only,TRUE,Q2
LAT,-0.0631859382614124,0.06497745054223,0.9822156456352038,0.9777103935584774,0.934455805337563,NS,TRUE,Q4
DENR,-0.0946111876902869,-0.00588547194834632,0.8881968713844363,0.9996248357971664,0.9979241667400846,NS,FALSE,Q3
DNPH1,-0.0267392033058798,0.0383932592135956,0.995243144044636,0.987851249729683,0.9764055072569308,NS,TRUE,Q4
TIMM44,0.283913513044407,0.0303847951349212,0.30940710561102697,0.9916719880513464,0.9999739265801127,NS,FALSE,Q1
TRAPPC3,0.552588562208964,0.00343965361264509,0.14217902939475832,0.999931903299157,0.5442276108841907,NS,FALSE,Q1
CHMP2A,0.187037036377422,-0.00941777953454803,0.5158534343330419,0.9989548722298244,0.9473208278536372,NS,TRUE,Q2
NDUFB5,-0.026041922542543,0.0990539361043545,0.9960744019964776,0.9211539963034632,0.1071987494404546,NS,TRUE,Q4
NDUFB3,-0.124252480693364,0.00255580402583888,0.9019491376294416,0.9999616659271354,0.2986281794878247,NS,TRUE,Q4
NDUFA2,-0.156894641180894,-0.0757739802629516,0.8116089392866397,0.9530216565794046,0.679813520881358,NS,FALSE,Q3
BUB3,0.495964824713544,-0.0911381786855792,0.24448623978413983,0.9250633373116433,0.8223135623763983,NS,TRUE,Q2
ACTN4,-1.75304021116585,0.366859783748204,1.1841855083041994e-6,0.6930826057578984,0.02718328013171464,Interaction,TRUE,Q4
GSTZ1,-0.279764660558762,-0.265491202468045,0.6283254246818625,0.6170815221615695,0.9581015656408648,NS,FALSE,Q3
PRKAB2,0.0619924530718023,0.0807452016822161,0.959223260260412,0.9123659624620426,0.9908679737848868,NS,FALSE,Q1
AP1G1,0.189908376317511,0.169361590313144,0.8757743390022577,0.7937024503164699,0.903126613747849,NS,FALSE,Q1
SYNGR2,-0.272963737770702,-0.47950664136043,0.5665660502036703,0.03640965044402564,0.7912742412063123,Sig Old only,FALSE,Q3
SGTA,0.259424507969399,-0.0667306620217616,0.2520893431070431,0.9386446097890816,0.9867627439437874,NS,TRUE,Q2
ENSA,0.0972988008533093,0.00464575369733566,0.935290624003752,0.999857887231766,0.9286845996630224,NS,FALSE,Q1
SLC25A20,0.308396522477889,0.0642501172073047,0.4147182382417064,0.971872322930668,0.8119542282707186,NS,FALSE,Q1
NARS1,-0.439891301159861,0.0159188160530626,0.03717043280965448,0.9978725149110748,0.997148919409844,Sig Young only,TRUE,Q4
LANCL1,-0.169460441842496,-0.0755776618137283,0.7193660025305095,0.940708529212217,0.8483115669159108,NS,FALSE,Q3
SLC37A4,-0.304229525759482,-0.0854630442306537,0.4577191124925961,0.9505870038539266,0.8613853210581403,NS,FALSE,Q3
IDH3B,0.159407612902292,0.293634166323276,0.7911073263099954,0.27180631977256936,0.9955997692268336,NS,FALSE,Q1
CALU,-0.255095749982988,0.30689324218579,0.4423592985850131,0.19559034451195392,0.9513943007770268,NS,TRUE,Q4
AHCYL1,0.03989003387737,0.151318499240446,0.987570670314978,0.7369785547124773,0.8369483675895134,NS,FALSE,Q1
NDUFS5,0.217676079997013,0.0301214141839061,0.713735319864327,0.9947698966745322,0.20753738050402384,NS,FALSE,Q1
TIMM8A,0.498318257315205,0.0849221658780159,0.26553868671033337,0.9661330089145456,0.3529093740142881,NS,FALSE,Q1
PPP1R12B,-0.00482875912990188,-0.0252477512371883,0.9999350610360668,0.9975208046636964,0.18294507221831144,NS,FALSE,Q3
PRPSAP2,-0.426504196752209,-0.0402287862369732,0.17423971671184962,0.9899223591323952,0.8114673106488322,NS,FALSE,Q3
SPAG9,-0.613592669850204,0.15765848058281,0.01031868812442106,0.7972809099064756,0.5470853311123806,Sig Young only,TRUE,Q4
OPA1,0.220219963632786,0.0988443739912981,0.5202108580145237,0.8891325842842733,0.9993539084827509,NS,FALSE,Q1
TBC1D4,-0.140618087108574,0.0571736715823441,0.8323307442648273,0.9644833952413252,0.7048945480096197,NS,TRUE,Q4
SNX3,-0.0162801563837398,-0.0941604697360461,0.9970367038712212,0.8419576345331566,0.998334636288112,NS,FALSE,Q3
SYNCRIP,-0.102798973068293,-0.0630571174385004,0.8999840764476992,0.955147530483524,0.8024814484193903,NS,FALSE,Q3
SELENOF,0.448117915620823,0.131060968063531,0.6401233224750602,0.9102666500691088,0.7894391705881971,NS,FALSE,Q1
KLHL41,-0.421740068865535,0.166551056670826,0.385107413358771,0.8761932932997124,0.6591137115686568,NS,TRUE,Q4
PLIN3,0.338003832189553,0.0536017477603714,0.1069464973379375,0.9673656550491562,0.5952690007727377,NS,FALSE,Q1
KPNA6,-0.195748660904474,0.148467266979114,0.6443380889029365,0.7170577319383615,0.8810519664368087,NS,TRUE,Q4
SNX2,-0.099088452018858,-0.0583783315945219,0.9043630150133471,0.9624151699344592,0.9998699006787166,NS,FALSE,Q3
USO1,0.112958312937483,-0.115439733801061,0.865648981601845,0.8302428172372698,0.9873502891616146,NS,TRUE,Q2
TOM1,0.120011361629274,-0.117040101785019,0.8581905286596822,0.83823643508944,0.9882256946706572,NS,TRUE,Q2
PFKFB2,-0.0142280025640851,0.114081357462656,0.9989154451053543,0.8924026767624055,0.9831312338345862,NS,TRUE,Q4
EDF1,-0.0888997755402912,-0.0629783760214977,0.93771637424371,0.9647399320212549,0.997470656202632,NS,FALSE,Q3
DNAJA2,-0.153468406779147,0.124917969142526,0.6907738772520259,0.7575984214583699,0.9047390455864,NS,TRUE,Q4
CUTA,0.152386696632423,-0.29119608949717,0.8635397420334402,0.4300946875785112,0.9034817866167744,NS,TRUE,Q2
PFDN1,-0.0805879868504142,-0.0455351133273432,0.9377249695577714,0.9776675760492304,0.7857784139400389,NS,FALSE,Q3
NOL3,0.140183957816031,-0.119836101926669,0.840808743314963,0.8634868256509223,0.9999591638319258,NS,TRUE,Q2
WDR1,-0.179734167776029,0.0844369368971023,0.5662712438209679,0.8931469264003619,0.9807117865108868,NS,TRUE,Q4
LDB3,-0.0195754745395043,0.0283473989534535,0.9971314387236894,0.9927123396263396,0.8546404981461043,NS,TRUE,Q4
CLASP2,0.223044708049422,-0.138522572453468,0.7361369107358753,0.8533440636647732,0.9938527768085268,NS,TRUE,Q2
COBL,-0.147998233817347,0.133384808717878,0.9301530618777232,0.9057500655669936,0.9431489464155932,NS,TRUE,Q4
CPNE3,0.091594692486531,-0.0930897855702142,0.9083812716099012,0.8855449816392741,0.9089674070851488,NS,TRUE,Q2
CLUH,0.325030428277856,0.0195627218318286,0.6890036958309104,0.9982964498680156,0.574703957972468,NS,FALSE,Q1
CAND2,0.0340727890552159,-0.0491485443077941,0.9924427362940562,0.9806595930261844,0.5252583685054389,NS,TRUE,Q2
COQ9,0.167989358483609,-0.13853917005568,0.6992530839353013,0.757751126353575,0.9520291156848586,NS,TRUE,Q2
GGCT,-0.124910956316061,-0.180639537189393,0.8348748151934126,0.5794036566685316,0.9184614755844048,NS,FALSE,Q3
NDUFS7,-0.0301089442780729,0.0464629074736536,0.995986464907434,0.9884053854359036,0.05865100398270324,NS,TRUE,Q4
RTN2,-0.0748282627251058,-0.126835077447158,0.9393470914531454,0.7687259811838075,0.5513368340194357,NS,FALSE,Q3
NDUFS2,-0.157754112599484,0.119436036680053,0.8387902720233447,0.8935019900653614,0.11384219740703946,NS,TRUE,Q4
NIPSNAP2,0.18208560447842,-0.0178971313495886,0.6624580156210129,0.9971233279410614,0.8106657346629487,NS,TRUE,Q2
CILP,-0.324003922995878,0.243344216206243,0.6629257731676214,0.6245305691848826,0.03415373934028216,Interaction,TRUE,Q4
TBCA,0.196492855387465,-0.03340231954774,0.5208730215430717,0.986906714031046,0.9389329065686326,NS,TRUE,Q2
ATP6V1G1,0.137424790594743,-0.22270286778895,0.7813485836987714,0.29744199027374235,0.3565302598973475,NS,TRUE,Q2
VPS4B,0.226626027530319,0.109821832367004,0.7373219083697894,0.9109067587247772,0.8925778683513582,NS,FALSE,Q1
SH3BGRL,-0.197443156523374,0.455394302006773,0.8301904700194938,0.15127432835207438,0.6878139134559175,NS,TRUE,Q4
FLNB,-0.820457180719842,0.258899340451261,5.316265558890033e-4,0.5933530231254914,0.8752433723789226,Sig Young only,TRUE,Q4
NDUFS6,0.0191902773152819,0.0375081260491363,0.9979743184739828,0.990482402808852,0.15727781682841463,NS,FALSE,Q1
CS,0.221626932645087,-0.0146180839991708,0.4413720657130754,0.9978126360803404,0.9954827366484068,NS,TRUE,Q2
SEC22B,0.152811176002668,-0.0466019321609714,0.6764157831056674,0.9706076453035836,0.46054665857487953,NS,TRUE,Q2
MTX2,0.0389710938193311,-0.00677258115804236,0.9882456090979954,0.9996256955736664,0.5227556886779449,NS,TRUE,Q2
VPS26A,0.024209647062893,-0.0702001878903644,0.9949775707231108,0.9392991628392792,0.9711017783118407,NS,TRUE,Q2
NDUFB1,-0.128042299695586,-0.0402209600890195,0.8974753978520262,0.989677967707478,0.6774629126197185,NS,FALSE,Q3
PMPCB,0.274454720158982,0.139758088241411,0.37867846906733105,0.7674513298859378,0.6598885143995328,NS,FALSE,Q1
NDUFS3,0.0521434780895653,-0.0452238953535442,0.9807558606316013,0.9831528680890972,0.32011164831600375,NS,TRUE,Q2
ECI2,0.359172547184908,-0.0144969987226133,0.21892547803961063,0.9985795603730424,0.9996800928775824,NS,TRUE,Q2
BANF1,-0.573069167975405,0.203811096804493,0.03437083573235972,0.7226699198767816,0.2705902290456979,Sig Young only,TRUE,Q4
CSDE1,-0.131797904449073,-0.00607959576352357,0.8100624008798971,0.9996573235171796,0.9986358980384258,NS,FALSE,Q3
PRKRA,-0.0512337445624311,0.00471040960069047,0.9909386639209272,0.9999084690911504,0.9477130728752342,NS,TRUE,Q4
LYPLA1,0.0210209808357895,0.0220150476873577,0.9962977905529388,0.9952074180025824,0.9183461380252768,NS,FALSE,Q1
TIPRL,-0.0726804287490701,0.0579956269954067,0.9367566443803828,0.9508241940096676,0.8852977337189797,NS,TRUE,Q4
PPM1B,0.175720991181411,0.00394608096700466,0.7651767896005919,0.9998913589855398,0.7814523048859479,NS,FALSE,Q1
SLC25A12,0.0719783249918216,0.060805104900318,0.9474447254782083,0.9564478611790564,0.812540220603197,NS,FALSE,Q1
TCEA3,0.200808981447992,0.0961444800308939,0.8067006515098913,0.9215108043682194,0.281500768263651,NS,FALSE,Q1
EIF3G,-0.366089014160089,0.0765994909945675,0.11095218923226752,0.9400299762818756,0.6807229145284109,NS,TRUE,Q4
EIF3J,-0.123292358668596,0.0225480065010082,0.7509315999982188,0.9926961850695588,0.8225156180476609,NS,TRUE,Q4
PSMD10,0.00722593863837417,-0.0453464290817358,0.999581630299854,0.975686875858305,0.8628660829079371,NS,TRUE,Q2
IDH1,0.0526128861503885,-0.0980865099846504,0.9679726638179216,0.8477365760053485,0.9768065095697662,NS,TRUE,Q2
SCO1,-0.618396073069476,0.270720962798425,0.02583077733034801,0.5168445136811389,0.29514497121192995,Sig Young only,TRUE,Q4
ALDH1L1,0.0574707989920853,-0.179233826801287,0.9785672191919216,0.7085225547657381,0.4597107859188296,NS,TRUE,Q2
ARL6IP5,0.109749823056983,-0.0593150196946262,0.8655436556400896,0.9580933643020658,0.8915026217320807,NS,TRUE,Q2
DYSF,-0.18966217864627,0.0708809837813078,0.5480804798792455,0.9321242200461178,0.6485258393302632,NS,TRUE,Q4
PIAS2,-0.0781556770311163,0.119008673949587,0.9552931949331228,0.8666716696949321,0.9529569701768528,NS,TRUE,Q4
DCTN3,-0.652850225035863,0.287409737647636,0.04463467828197408,0.4400282716737203,0.27499099131880755,Sig Young only,TRUE,Q4
ATP5PD,0.140436451414658,-0.0352519514929455,0.7723990359891968,0.9864544377740962,0.8406748281439304,NS,TRUE,Q2
FLOT1,0.00399783367980433,0.0232462937441902,0.99989998462665,0.9955600070802626,0.9709923921696396,NS,FALSE,Q1
ATP5MG,0.0362486978788326,-0.0677264947777019,0.98843871232672,0.9469482786502968,0.8291634108854812,NS,TRUE,Q2
GLRX3,-0.309613303474176,0.216505388964851,0.290063095052326,0.5308844181590734,0.30182111605056844,NS,TRUE,Q4
SNCG,0.157866981158342,0.381165651090409,0.9592133097364784,0.3411029278566993,0.9855450222012484,NS,FALSE,Q1
DDAH1,-0.142303100221909,0.0660382889512583,0.8151069879298339,0.9580932328830398,0.8394441470348625,NS,TRUE,Q4
TPPP,0.131973209317486,-0.411308089641913,0.9471923081784428,0.14571603187474355,NA,NS,TRUE,Q2
BAIAP3,-0.160320313272901,-0.0328225012743353,0.8544770060493877,0.9939942020744716,0.9986143040510436,NS,FALSE,Q3
TOMM70,0.141107441527339,-0.0344277911855251,0.8320224643210795,0.990184644115786,0.24948329935509855,NS,TRUE,Q2
UFL1,0.106569126413426,-0.114838173680596,0.9028233763703348,0.8572139028130641,0.9995445578560403,NS,TRUE,Q2
TMEM63A,0.054588042364113,0.0892589649366577,0.9850490010711588,0.9476842871097412,0.7744529056139148,NS,FALSE,Q1
PLPBP,0.13003295693332,-0.124136149660369,0.7800031074799907,0.7598516096847898,0.9939182668006842,NS,TRUE,Q2
ERLIN2,-0.249741466670145,-0.0866184728585715,0.539030665772867,0.9387991627788522,0.8870728314318745,NS,FALSE,Q3
ENDOD1,-0.12564036359684,0.043454944260592,0.8020621408202296,0.9767273057912278,0.9988939821755836,NS,TRUE,Q4
SEC31A,0.0454003264084442,0.120911388660737,0.9877403308009818,0.8348573322668827,0.9958979663450638,NS,FALSE,Q1
NDUFB6,-0.18849484429386,0.016871725986519,0.8079668177997529,0.9985538629809202,0.0911603419970681,NS,TRUE,Q4
MFN2,0.14559608515215,-0.145750471953399,0.8092827699095457,0.7433296096300641,0.6167944873034323,NS,TRUE,Q2
NDUFA3,-0.023260305022383,-0.0926478377830122,0.9975070529592523,0.94687238075922,0.0866049888211238,NS,FALSE,Q3
NDUFB4,0.0468167497140612,-0.00596908230657789,0.988636821536674,0.999802971102688,0.2952413948453713,NS,TRUE,Q2
NDUFB8,-0.0158144946064311,0.0454094263445626,0.9984478228151502,0.9836348884283898,0.28939602756418,NS,TRUE,Q4
NDUFA7,-0.0866520827165722,0.0810693162256406,0.9586763063743968,0.9573703676993708,0.22263460808321217,NS,TRUE,Q4
RTN3,0.132674645479433,0.0620241625805029,0.9180047634641176,0.9802319134026536,0.9874359036884642,NS,FALSE,Q1
LETM1,0.304463407863739,0.0638040167566061,0.331790378672389,0.9661222284103256,0.9999874002389288,NS,FALSE,Q1
STBD1,-0.429100785130206,-0.0317188017424002,0.01468735365562883,0.989229167433432,0.6569511469864447,Sig Young only,FALSE,Q3
ZRANB2,0.358185529853618,0.0261996424970512,0.6488576651932577,0.9979317434063592,0.986664635170184,NS,FALSE,Q1
EPM2A,-0.155093746529477,-0.0231390227313533,0.8745025408709625,0.997235646440304,0.3616513518023683,NS,FALSE,Q3
VAPB,-0.40975387522176,-0.0970008641108038,0.01619652845448854,0.8673422771736582,0.9929102010076928,Sig Young only,FALSE,Q3
NDUFC2,-0.0367745460669973,0.104527632689027,0.9942566367148604,0.9388850347163552,0.1214552847364875,NS,TRUE,Q4
NDUFA10,-0.148373526730783,0.10633553169917,0.8454536794169306,0.9095008031985328,0.20772601179581163,NS,TRUE,Q4
PGLS,0.324402700146365,-0.0607372481893016,0.3597726307792363,0.9716275563543164,0.9872697087288016,NS,TRUE,Q2
TACC2,0.340242821145893,-0.200734304827982,0.25747812069795034,0.6254407489514181,0.34222124382429364,NS,TRUE,Q2
LYPLA2,-0.032620658214217,-0.0234478984146449,0.9957356482211236,0.9969676699111446,0.9704112193678138,NS,FALSE,Q3
IPO7,-0.168461516311542,-0.0765302624423505,0.7759818716705763,0.9508371103904824,0.6182198774818466,NS,FALSE,Q3
ARIH2,-0.261608492061534,0.0799265074014954,0.6237738976402455,0.9482150977667634,0.12817596701936887,NS,TRUE,Q4
PGM3,0.150349898613811,-0.127425676870907,0.8334238747672661,0.8507778086356289,0.8505137288362985,NS,TRUE,Q2
SVIL,-0.642389666143689,-0.230421735249493,0.07032386005611528,0.750970608075618,0.6597950564065422,NS,FALSE,Q3
AHSA1,0.271734046309735,0.0100475124144097,0.32374728443807965,0.999063677903893,0.802038807123993,NS,FALSE,Q1
H6PD,0.213787011490375,-0.197013652573006,0.5980842407470552,0.585634243502728,0.9570306887844584,NS,TRUE,Q2
MPC2,-0.0457912275670864,-0.0647418261607591,0.9852598920120196,0.96326946471091,0.9018988257474873,NS,FALSE,Q3
ETHE1,-0.276159300639478,-0.0728877274900483,0.633370632110254,0.9530171102165736,0.7918297300383157,NS,FALSE,Q3
ACSL3,-0.0475826110530448,-0.0265635393927717,0.9792323236856132,0.9928731947121778,0.428038265230626,NS,FALSE,Q3
ASMTL,0.0617949069402961,-0.0910001087900021,0.9884146360302266,0.9376875914567984,0.9879143255867968,NS,TRUE,Q2
CDS2,0.354663086931044,-0.0764687570772544,0.1997807358468056,0.9448729714656318,0.5435920740433741,NS,TRUE,Q2
SNAP29,0.441761829932144,-0.114186581483423,0.2859924141313225,0.8778906210265754,0.08172293776998749,NS,TRUE,Q2
OXSR1,0.0448870845856,-0.0859057456058707,0.9742479546207784,0.8696442139226663,0.9959681841805154,NS,TRUE,Q2
LSM8,-0.389638559294596,0.0303213477184912,0.314607335839037,0.994556713356382,0.13048504104689834,NS,TRUE,Q4
AP2A1,0.0265331138775551,0.205130078796522,0.9961044021260932,0.5738218409520548,0.97732111185666,NS,FALSE,Q1
CAVIN2,0.0282454458086931,-0.202321248288541,0.9936377877365378,0.5110649385985422,0.9896809555898068,NS,TRUE,Q2
BAG2,-0.082375560441756,-0.0318691203426322,0.9660887556981445,0.9938187345531952,0.7687948001471967,NS,FALSE,Q3
BAG3,-0.305171295083348,0.161450039243931,0.3736972489985589,0.7722007648577935,0.9794020678381784,NS,TRUE,Q4
MLYCD,0.71829497440006,-0.027758701808434,0.05647952531808142,0.9963463166173724,0.9194027679879644,NS,TRUE,Q2
AIFM1,-0.00196410521120427,-0.0440679312473087,0.9999620455310368,0.9726207140438696,0.9965036879066256,NS,FALSE,Q3
EML2,0.0822879716225593,0.0519143605883698,0.9683284227518266,0.9842576097440378,0.9768737073359084,NS,FALSE,Q1
BPNT1,0.322926518179344,-0.013874625802206,0.27984988168243824,0.9986162267966135,0.93036872815679,NS,TRUE,Q2
DDAH2,0.474750886196098,0.00524344189226511,0.03166758341300094,0.9997899062123906,0.3163675687554078,Sig Young only,FALSE,Q1
ABHD16A,0.581720646791084,-0.464915264025649,0.18985088874352488,0.1444114174873292,0.24691960957287343,NS,TRUE,Q2
TXNDC12,0.437380767097903,-0.589857205576592,0.6583021496233485,0.22926406082246611,0.15707082045470236,NS,TRUE,Q2
NUDT3,0.267236909457484,-0.111718206979901,0.35700137796069725,0.8610777392310178,0.9917001593420228,NS,TRUE,Q2
NDUFB10,-0.0749571670583684,-0.0196912916024701,0.965579968601382,0.9975294401429464,0.24167793969429657,NS,FALSE,Q3
CLPTM1,0.266174313358068,-0.210293936540076,0.8123943427163355,0.7412060552207581,0.21683664122631857,NS,TRUE,Q2
MOCS2,-0.463424675220864,-0.0251354534631432,0.11689947480660874,0.995696098101831,0.7596686552724443,NS,FALSE,Q3
TOMM40,0.026961715489314,0.0271183269532642,0.99492316175896,0.9938581194451378,0.3072623742538519,NS,FALSE,Q1
PEX11B,0.0922821921997237,-0.252605872570561,0.9708210180120692,0.634423681110072,0.9751160667571104,NS,TRUE,Q2
CYB5A,0.391396609487284,-0.136466366959606,0.2469000836215875,0.8541012580076369,0.433151691384503,NS,TRUE,Q2
ADH1B,0.534402745777399,-0.693862945007663,0.2456139319712262,0.03406599350333743,0.932194625306398,Sig Old only,TRUE,Q2
LDHA,-0.515828721363057,0.111434689383035,0.05209323620117151,0.9138166171515972,0.9999557722447058,NS,TRUE,Q4
ALDH1A1,0.087274427324946,-0.248801751029376,0.952471124983878,0.5065117920713389,0.9870407268833202,NS,TRUE,Q2
GLUD1,0.169658102936218,0.160524199453395,0.7270862135104001,0.7084935337673353,0.8144163581107026,NS,FALSE,Q1
CYB5R3,0.24379224666113,-0.0366201157399892,0.3927735208490384,0.9861092819778576,0.4839324542353749,NS,TRUE,Q2
GSR,-0.0587566772864854,0.0491598346435289,0.9555761122528128,0.9639897438767154,0.8833884336858481,NS,TRUE,Q4
MT-CO1,-0.751278984352641,0.284796510806366,0.01391644473168341,0.5861914792253278,0.04992425542016105,Interaction,TRUE,Q4
MT-CO2,-0.0707109386052238,-0.0130102653349269,0.9673834455096542,0.9988720462344246,0.38064066113724165,NS,FALSE,Q3
MT-CO3,-0.175902437648894,-0.073274600152061,0.8347116231453744,0.9676980678944634,0.2521496518028946,NS,FALSE,Q3
SOD1,0.0145612824982031,-0.162051858885306,0.9983310460302064,0.6667459362426423,0.9364013380667152,NS,TRUE,Q2
CP,0.635080754759311,-0.029154303198311,0.00919513082137328,0.994650432510926,0.88878551789924,Sig Young only,TRUE,Q2
F13A1,0.686288722368726,0.125410763366681,0.07787450281996042,0.913754759895,0.2603267634718702,NS,FALSE,Q1
HPRT1,-0.13232289869692,0.557168818158644,0.8981583965081852,0.00534877960116596,0.9996656729093496,Sig Old only,TRUE,Q4
GOT2,0.188576594330982,0.0450240359674474,0.5860897766071047,0.976929247059836,0.8772316159512689,NS,FALSE,Q1
PGK1,-0.287585175712827,0.0558556278686027,0.20166721036113172,0.9620622420431124,0.9999868521838616,NS,TRUE,Q4
AK1,-0.145667785805085,-0.0356757286273819,0.8048967667692001,0.98877874708103,0.7931205996490325,NS,FALSE,Q3
HP,0.933353088334144,-0.0603502163983762,0.00933486693776658,0.9890909623623332,0.6949592893702284,Sig Young only,TRUE,Q2
CFB,0.50896360945184,0.0354645150783206,0.10063501086567972,0.9931502051879122,0.9089634396990254,NS,FALSE,Q1
MT-ATP6,-0.328558953683526,-0.177177617811793,0.4408893257047503,0.7948551339586823,0.8072141567643835,NS,FALSE,Q3
CA2,0.419308198148968,-0.0900418386691193,0.13320030580622247,0.9391742512907996,0.9418537508097572,NS,TRUE,Q2
ASS1,0.434513306231505,-0.646283542739724,0.53227922061603306,0.03708538825682576,0.6535652069454219,Sig Old only,TRUE,Q2
SERPINA1,0.432526951509445,-0.0910250659511078,0.16190540930909764,0.9458586465653608,0.8340675230459059,NS,TRUE,Q2
SERPINA3,0.400262192794301,-0.0648741601956999,0.20126381899527504,0.9723954230576314,0.8406688459677819,NS,TRUE,Q2
AGT,0.268728754738166,-0.150340026024953,0.5037761830688642,0.7977683926111895,0.7757791991680512,NS,TRUE,Q2
A2M,-0.0536777567329452,0.0677026297445629,0.9898534284907006,0.9806144720398738,0.6233038262545575,NS,TRUE,Q4
C3,0.618698981847171,-0.0291093115631753,0.04194023201966013,0.9961802694194212,0.7498783279437987,Sig Young only,TRUE,Q2
CST3,0.0428562556024374,0.153277328900888,0.9881195049335402,0.7819381817307228,0.9900742179176732,NS,FALSE,Q1
CSTA,-0.179246075735982,0.563149076360421,0.9223117285428404,0.2595678952971541,0.86947704553933,NS,TRUE,Q4
JCHAIN,0.372707202496997,-0.277193388657949,0.7405702611778345,0.7573675518542173,0.971519747766742,NS,TRUE,Q2
IGKV3-20,0.386041243616909,0.118900386043826,0.6309749180639527,0.9509902771709068,0.9954120784045342,NS,FALSE,Q1
IGHV3-7,0.263174651394792,0.36371087784196,0.7270095673052731,0.4290016153235342,0.981961967802551,NS,FALSE,Q1
IGKC,0.483383302810168,0.367459339385142,0.22272695104842427,0.3867976559361776,0.998095182247585,NS,FALSE,Q1
IGHG1,0.418396498365215,0.252939512512373,0.2616314479844323,0.6157918211418677,0.919546666471894,NS,FALSE,Q1
IGHG2,0.664299138606275,0.17774074467377,0.02681691591607982,0.8342430572413371,0.7416514187590634,Sig Young only,FALSE,Q1
IGHG3,0.298575000746482,0.0521013444656795,0.7312604507072512,0.9915355861354318,0.7015332494450487,NS,FALSE,Q1
IGHM,0.246387765404307,0.186885977816548,0.795171849065052,0.8624202229295305,0.9283958389996496,NS,FALSE,Q1
IGHA1,0.659364057552825,0.0828544352831493,0.05169684682840622,0.9713498150758874,0.7428742602846405,NS,FALSE,Q1
HLA-B,0.23215426778925,0.103375425514376,0.8048084601398869,0.9453581243211668,0.08558325864899746,NS,FALSE,Q1
HLA-DRB1,0.0802798988985174,-0.185031100871885,0.9767597607797046,0.8147203824065833,0.9258747817639594,NS,TRUE,Q2
MB,0.280398574231697,-0.111907625781761,0.2015019396913756,0.8155197620147908,0.999624299549018,NS,TRUE,Q2
COL1A1,-0.834824749354215,0.0277522387629467,0.090389083420992,0.998348668572908,0.01077268069497407,Interaction,TRUE,Q4
COL3A1,-0.954503355632923,0.3476617654077,0.042802966879484,0.707856303193066,5.29949022212369e-4,Interaction,TRUE,Q4
COL4A1,-0.684782972937686,-0.079490400622209,0.2158163097994524,0.984086341576543,0.00150795111681362,Interaction,FALSE,Q3
CRYAB,-0.18626813025125,0.361388616164568,0.779038571343161,0.20927774434943291,0.9996532863251149,NS,TRUE,Q4
KRT14,0.0622179539853285,0.0171962894401858,0.993599975153615,0.9994490189880226,0.9799533987048222,NS,FALSE,Q1
LMNA,-0.420764924331731,0.0851826282696528,0.24651847963088117,0.9595480910035712,0.1393372561017649,NS,TRUE,Q4
TNNC2,-0.713884552832486,0.258188569732127,0.06556279776536877,0.7496781954079756,0.31638115495892166,NS,TRUE,Q4
APOE,0.363438418279802,-0.108007628121761,0.618153034783519,0.9477195410733348,0.9950982903725452,NS,TRUE,Q2
APOC2,0.584994535216534,-0.134072769717061,0.2023737335720102,0.9225523318104288,0.943195104222638,NS,TRUE,Q2
LRG1,1.0802078910003,-0.415372431567146,5.581875644484353e-5,0.21409239399555716,0.15798962199541006,Sig Young only,TRUE,Q2
FN1,-0.261166583432715,-0.136744638504574,0.8812532965683861,0.9437929454444548,0.9895085224618646,NS,FALSE,Q3
RBP4,0.316883423267974,-0.267196962094705,0.829479407455103,0.6998028658185476,0.9844208658027856,NS,TRUE,Q2
ORM1,0.333454938035597,-0.00142293011651873,0.6018810241140372,0.9999930123624544,0.8297322702856997,NS,TRUE,Q2
TTR,0.307645184526404,0.0147392014839696,0.49284497553009465,0.9988729610521428,0.763410694691959,NS,FALSE,Q1
ALB,0.38943878911482,-0.0223481173015223,0.17156634991585254,0.9966757223085452,0.6877364104233449,NS,TRUE,Q2
TFRC,0.100922067707579,-0.533904744745637,0.97533114997193,0.26096778121441644,0.3158026339436499,NS,TRUE,Q2
TF,0.314594162016963,0.0233822008309303,0.44326863609378575,0.9969210775995035,0.8862663128647985,NS,FALSE,Q1
FTL,0.434360931002459,0.410452585187688,0.6789673746489537,0.6509545758792884,0.2288130271665689,NS,FALSE,Q1
FTH1,0.642474588562489,0.120948351106104,0.1063812041601138,0.9456919769256366,0.07245395554500138,NS,FALSE,Q1
MT2A,0.704105735395693,-0.534807706711916,0.0121179247347412,0.06328755646695713,0.5904997352263266,Sig Young only,TRUE,Q2
MT-ND1,-0.174197167172728,0.0180230743719392,0.805215759846283,0.9980635372330126,0.180144345188085,NS,TRUE,Q4
MT-ND2,-0.803253697726777,0.143118778633745,0.00346022230198018,0.8890901965211032,0.13589234898905733,Sig Young only,TRUE,Q4
MT-ND3,-0.288504828451916,-0.144824604970573,0.5622672557149946,0.8698738526249391,0.5530527680020539,NS,FALSE,Q3
MT-ND4,-0.816540974525264,-0.217864516383397,3.995859056454346e-4,0.6971987817244275,0.614208420143426,Sig Young only,FALSE,Q3
MT-ND5,-0.452721460402376,0.236067277216254,0.33231322339406916,0.751168029992869,0.39318585467243106,NS,TRUE,Q4
MT-ATP8,-0.0584232149131232,0.0820754658926397,0.9811815682926506,0.953883517268453,0.914253542196864,NS,TRUE,Q4
CAT,0.128070687226238,-0.0585236784506407,0.9140467907455104,0.9807482378246354,0.9989704858717569,NS,TRUE,Q2
ALDOA,0.0175737515892322,-0.0139316276382466,0.9968749031814446,0.9977326966061982,0.9951676544958308,NS,TRUE,Q2
CSTB,0.301678495583005,0.0351784619756685,0.3622008615970764,0.9908808257423304,0.938787239083378,NS,FALSE,Q1
ANXA1,0.152043656770125,0.238353792653626,0.9007856011598464,0.7005325827383028,0.562778860215464,NS,FALSE,Q1
SOD2,0.824577681522737,-0.0623829307927366,1.0758570549744824e-4,0.9763787297523864,0.998440800243896,Sig Young only,TRUE,Q2
KRT1,-0.231231638114888,0.0318195618176702,0.8492053543355307,0.9970956390627544,0.7880809211060656,NS,TRUE,Q4
VWF,-0.131180545212878,0.166013330574614,0.9544194447717274,0.8786341223126617,0.9266901481443354,NS,TRUE,Q4
GAPDH,-0.198257091572845,0.186472443637154,0.5888214435271533,0.5670171622320295,0.9991285690598156,NS,TRUE,Q4
HLA-A,0.412795528925514,0.126770221631102,0.19964905956192383,0.8898913108256106,0.9933288909216542,NS,FALSE,Q1
CAPNS1,-0.0341984545814746,0.106603165535613,0.9810805621346708,0.7167463470611516,0.9913336708323452,NS,TRUE,Q4
HSPB1,-0.214480479921598,0.389604803888894,0.7303080333505274,0.1852614517188206,0.9098076852181932,NS,TRUE,Q4
RPN1,-0.119860031310601,0.0056545404612045,0.7769604698668736,0.9996006038586204,0.9995013316677428,NS,TRUE,Q4
RPN2,-0.156557977449424,0.00252147429364058,0.8270887096801103,0.9999597216662026,0.8898284832663803,NS,TRUE,Q4
GNAI2,0.134908131231072,-0.0362081310865427,0.750701647709022,0.9830881495414842,0.9836853089707974,NS,TRUE,Q2
ATP1A1,-0.0298073658190319,0.110490778728106,0.9903130132699852,0.796931555784991,0.9275709279948632,NS,TRUE,Q4
ATP1B1,0.0160738467899328,0.0787604396973514,0.9975389959907957,0.9119306250377884,0.9739066028706674,NS,FALSE,Q1
APOD,0.138018727851986,-0.289924680596076,0.9252419657685276,0.5962630997864593,0.9984496280462216,NS,TRUE,Q2
ALDH2,0.549591691215497,-0.105935204475283,0.06216157021552329,0.93490801464389,0.7887526686574096,NS,TRUE,Q2
S100A8,-0.016002473803276,0.291311876448503,0.9994683253382648,0.758846184471734,0.9958015962212564,NS,TRUE,Q4
SLC25A5,0.023859463203447,0.0264917620613225,0.9949333870727566,0.992561150053751,0.994428094857542,NS,FALSE,Q1
SERPING1,0.257210385528268,0.0337186063894173,0.6956638201031842,0.9941533638374564,0.8626723420069877,NS,FALSE,Q1
PCCA,0.381132253279478,-0.0249179143631757,0.12412121913795886,0.9949574097287333,0.7773827218333098,NS,TRUE,Q2
PCCB,0.499660738707608,0.0240763165459406,0.03231754817541639,0.9957949241392088,0.7081747566300343,Sig Young only,FALSE,Q1
EIF2S1,-0.07245785246106,0.0552554277123853,0.905529146756339,0.9376882753886244,0.967629558260538,NS,TRUE,Q4
RPLP1,-0.392388339139252,0.00741548035007611,0.2898038941693432,0.9997274315200873,0.997545019295729,NS,TRUE,Q4
RPLP2,-0.278037612453168,0.23276089879861,0.5482272254022632,0.6167617342593412,0.8729199435349984,NS,TRUE,Q4
RPLP0,-0.284407556059492,0.152113457249012,0.4897193019067903,0.8218258594221558,0.9637022074389762,NS,TRUE,Q4
FABP3,0.313630921317873,-0.138141877479462,0.36779856874224326,0.8429850125122766,0.8048583898952976,NS,TRUE,Q2
CLEC3B,0.689101241667309,-0.0723166263302097,0.0234617037167624,0.9692053239364308,0.31990694659808633,Sig Young only,TRUE,Q2
SSB,-0.0580278743228106,0.0126370032377068,0.9833923278797004,0.9991457592072394,0.9181012101259504,NS,TRUE,Q4
ITGB1,0.151004605900582,-0.115137311874463,0.6458200530145715,0.7565708894752858,0.9307146941553244,NS,TRUE,Q2
KRT18,-0.312403357211863,0.274985458511853,0.695369765626944,0.7195071495897605,0.28944153945291545,NS,TRUE,Q4
KRT8,-0.282260921259716,-0.00361581556792245,0.8112401833142691,0.999969259990872,0.8206248279202331,NS,FALSE,Q3
MYL1,-0.876951512259872,0.406239779423018,0.01178573303334613,0.4412345249360227,0.07801585393089436,Sig Young only,TRUE,Q4
GSN,-0.14098684784965,0.473493404400251,0.9028304314435964,0.10121420553953414,0.9902612690926472,NS,TRUE,Q4
PTMA,0.31349135514588,0.041834856052466,0.5551832121336001,0.9895154246872674,0.9409280215483768,NS,FALSE,Q1
ATP5F1B,0.065186174118665,0.0878672734214057,0.9566879301921218,0.8996782826231339,0.9994600476623308,NS,FALSE,Q1
S100A9,-0.0211861639230086,0.343179755421524,0.998961972101787,0.6311733180451753,0.9230442900437944,NS,TRUE,Q4
S100A6,-0.457011346346331,0.531965706785055,0.5131410109503348,0.2901972008027164,0.20057959738908857,NS,TRUE,Q4
EIF4E,-0.210491706161896,-0.0676842055845555,0.48095768517573334,0.9393105980435652,0.9999925457410752,NS,FALSE,Q3
CKM,0.148382597586249,-0.0604518979395294,0.6785151939649358,0.9449589380548044,0.9820293876842952,NS,TRUE,Q2
ENO1,-0.0291877919870238,0.14353638720452,0.9947961792670748,0.8150706825852816,0.9791758646215812,NS,TRUE,Q4
PYGL,0.526349458185418,-0.056142586363503,0.11041537742157773,0.9845633717346748,0.6862756751557807,NS,TRUE,Q2
GPI,-0.0212864067476275,0.083712851372141,0.9945861770328732,0.8719022428089969,0.9992248915160478,NS,TRUE,Q4
NPM1,0.0127797151832247,-0.00783521200336068,0.99899766046997,0.9995670346026888,0.9989814666482094,NS,TRUE,Q2
TPM3,-0.752052816028929,0.178715198449826,0.0903523882547482,0.9034451355420912,0.0380517883178861,Interaction,TRUE,Q4
EPHX1,-0.0800934953613002,-0.0190810989872254,0.9635638255503626,0.9978562424518308,0.629576278213475,NS,FALSE,Q3
DBI,0.0747062940016043,-0.235857514966135,0.9611918305709194,0.49496291079908233,0.9993825529434534,NS,TRUE,Q2
LDHB,0.37761338382462,-0.0791496457339811,0.3905156821111539,0.9687324740136668,0.8666860020957371,NS,TRUE,Q2
GPX1,0.0742204368897319,-0.142649178812199,0.9264641402622572,0.6376174379549444,0.9797956025302508,NS,TRUE,Q2
P4HB,0.015729390061086,0.00696968934706632,0.9973248651708164,0.9994117238888108,0.8822301412209901,NS,FALSE,Q1
H1-0,0.0437326185847091,-0.236482002023433,0.9906720833854156,0.6158201924920681,0.17592590378924447,NS,TRUE,Q2
CTSD,0.469860632476237,-0.157154345692245,0.01010383980522674,0.6943134959171755,0.9719869913605352,Sig Young only,TRUE,Q2
ANXA2,-0.0859904293632603,0.143198071832561,0.9383241511494412,0.7768203923398588,0.8779227039684776,NS,TRUE,Q4
CAPN1,0.181286320795099,-0.0528442439185532,0.375907422017634,0.941962016358542,0.8187501838809341,NS,TRUE,Q2
TUBB,-0.0861136284051227,0.21193508101388,0.9148835428418314,0.37667258195235326,0.9430904912288396,NS,TRUE,Q4
CA3,0.614097053413893,-0.07304388975394,2.630459255759152e-4,0.9455743151077872,0.4148430504998379,Sig Young only,TRUE,Q2
DCN,-0.142034939007353,-0.0566655430234739,0.910106336814424,0.9847705118625728,0.6457415098961382,NS,FALSE,Q3
PSAP,0.68043752555803,-0.147287780642483,2.4640386477993204e-4,0.7965811747929531,0.9999997956253804,Sig Young only,TRUE,Q2
PFN1,0.0223491230044814,-5.3637755824809e-4,0.9947931875562016,0.99999683974587394,0.8128701052908558,NS,TRUE,Q2
BPGM,-0.0464959028401424,-0.0653217327340307,0.9893921640963174,0.974355967539622,0.8815633869348789,NS,FALSE,Q3
APRT,-0.0530489119048347,0.0917967110574338,0.9724800128794984,0.8902530919657581,0.9975188215159956,NS,TRUE,Q4
EPRS1,-0.00327368845591991,6.2236131119419e-4,0.9998586113166564,0.999994162162034,0.40468358182138914,NS,TRUE,Q4
CTSB,0.483212805097679,0.156751989601215,0.02202695410617107,0.7464581701820848,0.9364395652357876,Sig Young only,FALSE,Q1
HSP90AA1,0.0226992519203009,0.0377977555124609,0.9949425973352316,0.9823418106149224,0.9471231682794616,NS,FALSE,Q1
UQCRH,-2.42874158047357e-5,0.0566862136663566,0.9999999951438352,0.9612380309445132,0.7368380494058496,NS,TRUE,Q4
TPM2,-1.04803330993243,0.259779320432184,0.0027154727551819,0.7811546772756751,0.19915066107724155,Sig Young only,TRUE,Q4
FH,0.217829535177501,0.123294114681709,0.3003073251714376,0.6975664689961486,0.9860994827215958,NS,FALSE,Q1
COL1A2,-0.74146488203662,-0.0831668059391681,0.24935995571702452,0.986704364247447,0.01944001827240913,Interaction,FALSE,Q3
ANXA6,0.0158089569108029,0.0743143757465177,0.9972365610949394,0.9075214334916248,0.9958248918372764,NS,FALSE,Q1
PFKM,-0.222394228935901,-0.0174930083265217,0.5797923631786679,0.9976468030801596,0.7701113498124678,NS,FALSE,Q3
HSP90AB1,-0.0256649014099359,0.0681554031573341,0.9932165111635236,0.9331630279552714,0.8437972250448026,NS,TRUE,Q4
SOD3,0.323438013557432,-0.432137351211086,0.6447405503578091,0.2505504329075049,0.9784222935236572,NS,TRUE,Q2
CTSG,-0.0506469452613807,0.100214819589691,0.9980283968479704,0.9775543820443092,0.00118397586209133,Interaction,TRUE,Q4
PDHA1,-0.099856904295077,3.1481829488555e-4,0.8495305347923804,0.9999987987432036,0.9999334962433484,NS,TRUE,Q4
COL4A2,-0.226780660114262,-0.0443363744771013,0.8614199459543989,0.9944197986785742,0.01446232648600031,Interaction,FALSE,Q3
CYC1,0.111129148781625,0.0646615970749984,0.8767820297645246,0.9547203361439172,0.5823284077511728,NS,FALSE,Q1
MYL3,-0.353063924381711,0.046430568793081,0.6583142001465321,0.9938335657025456,0.03246920539344172,Interaction,TRUE,Q4
CFH,0.511070594048892,0.101712665662632,0.10269172501811916,0.935767694521703,0.938139669388352,NS,FALSE,Q1
NFIC,0.123038378163095,-0.128811118015729,0.9068999212061668,0.8601462139755733,0.1763973854335444,NS,TRUE,Q2
VIM,-0.74394450900818,0.183508460477331,0.00273259184864206,0.7935006310830485,0.9114371666500248,Sig Young only,TRUE,Q4
SERPINF2,-0.124031643112822,0.0710483858687176,0.9304091345634856,0.9687332903861564,0.982616323058708,NS,TRUE,Q4
RPS17,-0.30504761254786,0.26504413970725,0.3620418859682807,0.38051376329845854,0.7480259018145282,NS,TRUE,Q4
KRT19,-0.405073868214412,0.180913900344756,0.5650503829849619,0.8958176387567219,0.5859526827419682,NS,TRUE,Q4
ANXA5,-0.098926371873965,-0.048067870142944,0.9186593917841372,0.9796123425436156,0.7740430894823258,NS,FALSE,Q3
RPSA,-0.123665748717841,0.210263379407952,0.8448320381940211,0.46805376272436366,0.6295639344490865,NS,TRUE,Q4
SNRPA,0.112327640342311,0.0692005777206752,0.909118927478769,0.957118349644501,0.25796931431704845,NS,FALSE,Q1
ENO2,-0.502224497234891,0.190923032992451,0.02485656373220178,0.6642971523284863,0.7405633609818639,Sig Young only,TRUE,Q4
ACAA1,0.22862386897479,-0.0837437366148777,0.5587116764686659,0.9352112280976922,0.8130545543415109,NS,TRUE,Q2
GSTP1,0.161208781642074,-0.199603332451918,0.7052402633055838,0.4779985173630519,0.686872502215684,NS,TRUE,Q2
LGALS1,0.336041337183381,0.00108439714173514,0.40006759864406866,0.999993927717193,0.9910181013331948,NS,FALSE,Q1
QDPR,-0.058302875360237,-0.149443129957859,0.970760073150588,0.7310085371068453,0.9538842298847814,NS,FALSE,Q3
HMGB1,0.412558457493596,-0.119476770319334,0.02314911438580186,0.8088393063022705,0.7844503708740409,Sig Young only,TRUE,Q2
FBP1,0.144383057200219,-0.234481561739006,0.9315995015273512,0.7766758871895295,0.9131734264904724,NS,TRUE,Q2
GSTM1,-1.03064640029594,0.59929598335578,0.11599823777324698,0.4646620797518779,0.2526820046585457,NS,TRUE,Q4
TPM1,-1.25913416461821,0.301163569116294,9.130350411715108e-5,0.7097569782357959,0.17526729153383389,Sig Young only,TRUE,Q4
CLTB,0.0196377037749116,-0.0160309575488569,0.9967368908332436,0.9973992422076704,0.2448481929880279,NS,TRUE,Q2
ANXA4,0.369000597504755,0.0845702681907525,0.14803755267241556,0.9331799550914932,0.8385543374516726,NS,FALSE,Q1
HMOX1,-0.94681339375289,-0.179880718367933,0.00232129225232195,0.8696319308377886,0.3943816128726651,Sig Young only,FALSE,Q3
DLD,0.0850969537635322,-0.0454864162072255,0.9062008781964292,0.971635700908979,0.9822727008946482,NS,TRUE,Q2
HNRNPA1,-0.185309161255748,-0.0539645785609899,0.8096769962985462,0.9817225153615547,0.974980177763674,NS,FALSE,Q3
COX6C,-0.0518912198390531,0.0982245560751629,0.9856157714888708,0.9334328853044528,0.1331059761797546,NS,TRUE,Q4
PARP1,0.0331271960700334,0.119195203701416,0.9912511692063094,0.8276914588020233,0.3721956921970475,NS,FALSE,Q1
IFIT2,0.0535079243255936,-0.124226867890918,0.98237154063682,0.8714828605962488,0.9493511414950616,NS,TRUE,Q2
UCHL1,-0.778581670049366,0.123638747187652,0.01469484116894633,0.9364302156581364,0.04120883578862604,Interaction,TRUE,Q4
LTA4H,-0.0151968121641275,-0.0429783733277205,0.9979102312002788,0.9779586418951168,0.9774466898033812,NS,FALSE,Q3
ALDOC,-0.320965730919347,0.215958928031942,0.8181625977106854,0.902509529409954,0.9603263487272508,NS,TRUE,Q4
LIMS3,-0.482865245999342,0.17241453981546,0.14360614409651842,0.7271616182348558,0.5887620706892133,NS,TRUE,Q4
HSPA1A,-0.115319488610545,-0.109490070749853,0.8588399166641685,0.8479738509525414,0.9251070252282316,NS,FALSE,Q3
IGLC2,0.574824260036014,0.326010878960449,0.20270733470829705,0.6066197116690786,0.9831599619723737,NS,FALSE,Q1
IGLC3,0.176217606957113,0.270418658674732,0.8676207566694515,0.626397498412438,0.9655702143635356,NS,FALSE,Q1
CALM1,-0.20294598433706,0.158531382573258,0.5678730418875613,0.6815967558958455,0.9964649216113146,NS,TRUE,Q4
FDX1,0.163761064678308,-0.224564957749884,0.9157968374268036,0.7587693431641043,0.95357946239195,NS,TRUE,Q2
COX8A,0.29719264802795903,0.107320805498546,0.6423527758840457,0.9435792247991638,0.9017249715408342,NS,FALSE,Q1
GAA,0.526253850370711,-0.0621012762562252,0.0472218927117084,0.9753534297999052,0.989089443902192,Sig Young only,TRUE,Q2
RRAS,0.0941746380214639,-0.0288209590902433,0.910200225180454,0.9916835142304437,0.9971783472636776,NS,TRUE,Q2
ARAF,0.194356462469877,-0.0961382020601427,0.8873626550913633,0.9562261248257756,0.9293184745795758,NS,TRUE,Q2
DLAT,-0.0224536928229462,-0.0287941439545207,0.9944531499565,0.9888891809258636,0.9798459486620328,NS,FALSE,Q3
TXN,-0.0635089490801803,-0.0766314954698295,0.963373804195214,0.9338967286944784,0.994601857713997,NS,FALSE,Q3
COX5B,-0.241057656840884,0.129821857724618,0.5713113753713157,0.8544060196959598,0.14291434881409115,NS,TRUE,Q4
MAPT,-0.328210362568822,0.070637181800258,0.1799392644052639,0.9485785353782252,0.4535132181590893,NS,TRUE,Q4
PRKAR1A,0.0812620831771227,-0.0018254226552088,0.9027603920603288,0.9999586457078375,0.8394231395845434,NS,TRUE,Q2
ESD,-0.225602514848546,-0.0508102858773931,0.6454380167156297,0.982026039547408,0.9803686102995968,NS,FALSE,Q3
HSPD1,0.172686534956295,0.035797437262616,0.5932640859945091,0.9835944625439308,0.9882722475224296,NS,FALSE,Q1
THRB,-1.63283183500868,0.268865354694857,7.129796751562645e-7,0.8088670377183084,0.09761140785387123,Sig Young only,TRUE,Q4
CLU,0.637756043639353,-0.0913173821342461,0.03586700223474635,0.9584485928937454,0.6149349675054311,Sig Young only,TRUE,Q2
MYL2,-0.0452409525291522,0.217752391450713,0.994805642089806,0.8387159486247936,0.00176591867691124,Interaction,TRUE,Q4
HSPA5,-0.0582855152311197,0.075064079596487,0.9584189334159408,0.9124009597877656,0.92722601529907,NS,TRUE,Q4
LAMC1,-0.375351668837109,0.0146007670413937,0.5485474019624653,0.9992861379811782,0.02720742700968863,Interaction,TRUE,Q4
MYH3,-1.43672243823565,-0.408137025160585,0.00128878421868316,0.6702639262290228,0.3583742776864972,Sig Young only,FALSE,Q3
HSPA8,-0.129986469681874,0.0162164733244623,0.7057121953433634,0.9961667314250676,0.730058288029623,NS,TRUE,Q4
EPB41,0.0960526418765966,0.265067357127183,0.9704160323862764,0.6522351391243838,0.9638338741763894,NS,FALSE,Q1
PDHB,0.00140513767277994,-0.0214995270684994,0.999978944166869,0.9935643548885268,0.9730386694816586,NS,TRUE,Q2
DBT,0.427957729162685,-0.0440558218000469,0.16538407863233037,0.9878900808415708,0.9967635800884368,NS,TRUE,Q2
PYGB,0.0600624231767704,-0.126675884454901,0.9682191275463884,0.8062328201532261,0.9187729436106636,NS,TRUE,Q2
PYGM,-0.0855053781237451,-0.118571809112719,0.929653686809215,0.8271544032714289,0.6299033679134595,NS,FALSE,Q3
RALA,0.11562758983067,-0.00694038752275716,0.8718093746635632,0.999591266543478,0.5666906652512873,NS,TRUE,Q2
SPTB,-0.216824731006241,-0.0857301756277309,0.6844027938001401,0.947034409478453,0.9716612761522008,NS,FALSE,Q3
LAMP1,0.128699847712021,0.0604320931192852,0.8504647257874519,0.9620986043789806,0.9959926884614084,NS,FALSE,Q1
ACADM,0.61192767732561,0.0958893733227129,0.00114835133772051,0.9152559233502654,0.9996601741112564,Sig Young only,FALSE,Q1
UBL4A,-0.206742249466949,-0.125251853848159,0.7683151549562373,0.8732813594380019,0.4289049557137302,NS,FALSE,Q3
DMD,-0.088824664285049,-0.14385798015525,0.9116796709703304,0.6995349800822528,0.9578829408782852,NS,FALSE,Q3
MTHFD1,0.0442453786182426,-0.0444681930653559,0.9728481284582082,0.9670963925670802,0.8614110194935214,NS,TRUE,Q2
ADH5,0.025338672304148,-0.0980707793746021,0.994990592322094,0.8912022044921334,0.9969302461156004,NS,TRUE,Q2
PABPC1,-0.0420609374813026,-0.0446388311671022,0.9797901787389972,0.9725545561096446,0.9944917337217272,NS,FALSE,Q3
HARS1,0.19910513232194,-6.5710546956054e-4,0.5111512677513476,0.9999956564040638,0.7978540372657071,NS,TRUE,Q2
COL6A1,-0.180863962395605,0.119372003510637,0.909915430482718,0.9553770625504944,0.05154830463859342,NS,TRUE,Q4
COL6A2,-0.26011991460615,0.255478256069079,0.8264759380487624,0.802157658880909,0.16958924321859023,NS,TRUE,Q4
COL6A3,-0.178423524749295,0.256056853345868,0.9095813636479112,0.7739229736041825,0.1371956290546069,NS,TRUE,Q4
SLC25A4,0.0678133201922293,0.0466639129729742,0.9664613425174032,0.982097459116298,0.9940576075443068,NS,FALSE,Q1
SLC25A6,0.0442807099078024,0.00845857988122489,0.9922968852745964,0.999691862375764,0.9695014325166847,NS,FALSE,Q1
IMPDH2,-0.157508783148963,0.116384044133135,0.6990577659389019,0.8083006188837354,0.7495884716316975,NS,TRUE,Q4
CKB,0.326849498307375,-0.0670487299297768,0.08728612457435057,0.9389050461564776,0.9985298697262212,NS,TRUE,Q2
ANXA3,0.199627222940848,-0.573610715397638,0.7896350637959709,0.0141726966225513,0.9725505375982068,Sig Old only,TRUE,Q2
BCKDHA,-0.0202697233727598,-0.127423328126838,0.9981851351555692,0.8867226547056077,0.9987304608480316,NS,FALSE,Q3
ACTN1,-2.03791540212113,0.383382494768878,4.5442661688673177e-7,0.7316531196746897,0.02440845849369297,Interaction,TRUE,Q4
MYH1,-0.973138116560232,-0.114652891278805,0.02320525950952703,0.9670884671084944,0.5220714168924038,Sig Young only,FALSE,Q3
MYH7,-0.523271452751178,0.25466300110435097,0.34768348302753005,0.788156441556868,0.02969832025928682,Interaction,TRUE,Q4
PEPD,-0.0413053392459197,-0.142690127305666,0.985385364782296,0.7439042012469775,0.8589004596243641,NS,FALSE,Q3
XRCC6,0.276993623512297,0.024948126110381,0.2526382038981707,0.9934297525756648,0.7978751282788638,NS,FALSE,Q1
XRCC5,-0.0573501806867718,-0.0720697894502251,0.9648483371357768,0.930324157603824,0.9990962089374296,NS,FALSE,Q3
COX4I1,0.0516097259854966,-0.00736315293697132,0.9817652651173702,0.9996152829077158,0.5202295030279772,NS,TRUE,Q2
IFITM1,0.236061141088879,-0.11532312140535,0.6623701110200633,0.8908925932561538,0.7549631919917706,NS,TRUE,Q2
LAMP2,0.445980227135792,-0.135193644014702,0.1668153259092914,0.8711961912560319,0.999740286996422,NS,TRUE,Q2
RNH1,0.00740825943422152,-0.0846890775720937,0.9995207297207196,0.902754166813879,0.9694272288392868,NS,TRUE,Q2
MYH8,-0.539996521621145,0.0124014520625941,0.3649636989417421,0.9996071510908804,0.974997659703342,NS,TRUE,Q4
VCAN,-0.0998163805087664,-0.313168295188415,0.9108761748789608,0.1585393658666533,0.333395017544955,NS,FALSE,Q3
EEF2,-0.182878137217752,0.0827128346204127,0.3845942857273156,0.8472722430330876,0.9216082619297764,NS,TRUE,Q4
KRT10,-0.222856100641096,0.136749657919186,0.8563684999207345,0.9386584422921856,0.636576067171448,NS,TRUE,Q4
KRT5,-0.139842555037433,0.0619281687247053,0.952473109507698,0.9897039511414558,0.9190560909367268,NS,TRUE,Q4
PDIA4,0.412909971846791,0.300810852468921,0.2816164964459722,0.4140965961226075,0.999946607233112,NS,FALSE,Q1
TPT1,-0.0123883284194015,-0.0531362331714433,0.9990845407545246,0.97786649940204,0.9312718868129368,NS,FALSE,Q3
ALAD,0.296354755691723,0.0862554017126591,0.4454545439887168,0.9464480206791396,0.9918103866631168,NS,FALSE,Q1
LCP1,-0.140343296042484,0.324724060840843,0.8398642797316354,0.15372080482101388,0.39826787825250987,NS,TRUE,Q4
PLS3,0.175359453121924,0.179756433486052,0.8214557433658608,0.7207012282040033,0.7066887441689707,NS,FALSE,Q1
APEH,0.0437654276869495,0.0234573225120478,0.9748297380844152,0.9921789160554632,0.748463849338206,NS,FALSE,Q1
ETFA,0.479025946135955,-0.10048887132065,0.01619927723547221,0.8961974955627143,0.9365145457982036,Sig Young only,TRUE,Q2
TNNT1,-0.561140054435839,0.0870354122696355,0.3012495047265987,0.9781830380182156,0.08251622688885728,NS,TRUE,Q4
GYS1,-0.245196917443998,0.103558134082324,0.451192849023324,0.8842528562583241,0.8618265726739972,NS,TRUE,Q4
PRKAR2A,0.0314493698030951,-0.024796219757512,0.9882979417931856,0.9916435309543752,0.8638138676779542,NS,TRUE,Q2
ENO3,-0.269607405470044,0.144600036264322,0.2440284512034348,0.6902614015058993,0.8232780189743872,NS,TRUE,Q4
CD59,0.0097299888328557,-0.0492315909106722,0.9991868825514983,0.9714004319325232,0.9016253722010464,NS,TRUE,Q2
MIF,-0.00267025670286714,0.0699682250774565,0.9999581387179972,0.9594711193903166,0.9576440618193236,NS,TRUE,Q4
CD99,-0.181739830112111,0.300893770189244,0.8169925677761898,0.43553494075941185,0.9996928771389232,NS,TRUE,Q4
PRKCSH,-0.00722765500649203,-0.0140064572014431,0.9995401859612184,0.9979196063952172,0.7738237113460221,NS,FALSE,Q3
FDPS,0.0297628674835408,-0.035361424613555,0.9876574780245122,0.9786206113833776,0.9988247169976066,NS,TRUE,Q2
COX7A2,-0.141905653735918,0.139685310103182,0.8687593823564699,0.847946955348131,0.24736331196892297,NS,TRUE,Q4
NID1,-0.414907015300496,0.115665568839113,0.4813362408503925,0.9496347787232688,0.02685211985968301,Interaction,TRUE,Q4
AKR1A1,0.156365145895311,-0.00599662367011433,0.7444072130662239,0.9996838529620936,0.905597566123534,NS,TRUE,Q2
PKM,-0.0536500043796977,0.142514377357784,0.9699683497715912,0.6981231328929887,0.9418696101080358,NS,TRUE,Q4
ACYP2,-0.0954102517863653,0.0613228027865773,0.9016692182246644,0.9552244006016612,0.9672715623142354,NS,TRUE,Q4
HSP90B1,-0.0832567877407797,0.117694969329541,0.9164592182132204,0.7849397282924162,0.8992643347265407,NS,TRUE,Q4
MYL6B,0.37768984032347,0.192241314329859,0.6950609216361343,0.9077435079487824,0.9540562175568088,NS,FALSE,Q1
SLC2A4,0.141833285861484,0.404406921465949,0.9269613415641196,0.2217695043852963,0.8909458762232023,NS,FALSE,Q1
IDE,-0.136240939646875,0.0892651822885995,0.8204897144320802,0.90504919518876,0.796687607081078,NS,TRUE,Q4
COX6B1,0.151294098303133,0.100441922275312,0.8366892547771919,0.9189157532317276,0.1511545285488032,NS,FALSE,Q1
HNRNPL,-0.00904709982004448,0.143849725202852,0.9994756524264208,0.7867492823424805,0.19731600298429225,NS,TRUE,Q4
DARS1,0.0365627869030867,0.0546548136505081,0.9896583881294672,0.9710741807247436,0.4056420402322856,NS,FALSE,Q1
JUP,-0.382611547618659,0.251084515220459,0.5443800284641999,0.6663933090713063,0.9941537631099324,NS,TRUE,Q4
UQCRB,-0.0600874719992355,0.0700112556476107,0.9642792186077044,0.940192777316418,0.7720055331411324,NS,TRUE,Q4
CPA3,0.254939483071123,-0.308658245229012,0.7591615840953908,0.5011862892572213,0.8429806814232822,NS,TRUE,Q2
FABP4,0.334330825708207,-0.133298562723134,0.18259010820163313,0.8037563386589992,0.8974025553804243,NS,TRUE,Q2
GLUL,0.561635364568879,-0.258700812688563,0.2196205013678086,0.6073217968577419,0.9501395464549758,NS,TRUE,Q2
AKR1B1,0.107503282331699,-0.0984607813071783,0.8653252797529908,0.8658817966857603,0.7824951971777605,NS,TRUE,Q2
GSPT1,-0.105977746828078,0.0107538781261667,0.8709964149438333,0.998784889140231,0.9717438881570716,NS,TRUE,Q4
PGAM2,0.0707419203440658,-0.0281237221197266,0.9543421020363704,0.9924681723955,0.8701291943526799,NS,TRUE,Q2
EZR,-0.566574048399481,0.19700264423513,0.08130167445952194,0.7883522897321132,0.1955042329760354,NS,TRUE,Q4
UCHL3,-0.363566062432099,0.104993555995627,0.05539922474099371,0.8485213664315779,0.9364841306274398,NS,TRUE,Q4
NME1,0.146310022024519,0.136621888416524,0.7425303302324587,0.726666368450542,0.9853713541260094,NS,FALSE,Q1
RPS2,-0.308546420221891,0.270116116228127,0.31367496077506263,0.3532520784217102,0.9997130195464776,NS,TRUE,Q4
RPA2,0.50048330837679,0.0235179733657418,0.25096993200319306,0.9971679094455592,0.00437986176782464,Interaction,FALSE,Q1
COX7C,-0.119160502111768,0.0322409378152209,0.9212963610851322,0.9941228152150744,0.4105106622355565,NS,TRUE,Q4
NQO2,-0.133246338078731,-0.258764567134204,0.9596756877525824,0.8077437690545508,0.8165484386585621,NS,FALSE,Q3
PFKFB1,-0.104135932815883,0.357693912816263,0.9575328672438176,0.2815467554911778,0.31734106929193556,NS,TRUE,Q4
CBR1,-0.279097105920723,0.235342839357365,0.35130279375997575,0.4254991680593557,0.7282491972541714,NS,TRUE,Q4
ANK1,0.239025410899259,0.247293360718597,0.8083230718157676,0.696855636028682,0.991464895931108,NS,FALSE,Q1
ACADS,0.49962268987974,-0.339932721352849,0.09753724396714578,0.33025728955265626,0.8553234235562233,NS,TRUE,Q2
PPP3CB,0.0346756640705514,-0.177654789952005,0.9909210385022572,0.6438062079517435,0.998335608971384,NS,TRUE,Q2
ATP2A2,0.218893926210406,-0.2200672476745,0.5202234002351743,0.4367099712348616,0.6212761469909563,NS,TRUE,Q2
CD36,0.218228049164598,0.093590531569614,0.7484468851273935,0.949903626822927,0.999774771032494,NS,FALSE,Q1
FAH,0.370096693083219,-0.0131663737830863,0.09110085761145516,0.9984902974559332,0.940909693141149,NS,TRUE,Q2
YBX3,-0.398444742152378,-0.074016544931844,0.0673825695616012,0.9448699236790868,0.9835497494657256,NS,FALSE,Q3
TMEM11,0.22602094129422,0.0753618951406168,0.4689329540839512,0.9345516384175266,0.1995088957408064,NS,FALSE,Q1
GOT1,0.122630961680809,-0.0978622280949466,0.8043867084362799,0.8553067810922187,0.9904973180154534,NS,TRUE,Q2
CKMT2,0.317881423607876,0.0757231004791734,0.3811287283176249,0.9594682679965862,0.9707797596044406,NS,FALSE,Q1
NDUFB7,0.126446456384777,-0.055873325065761,0.9111028349227152,0.981504017501598,0.1785611103133049,NS,TRUE,Q2
PRKACA,0.0760824057956242,0.042129091171919,0.913507482767612,0.9718743342251416,0.9825565535044796,NS,FALSE,Q1
CAPN2,0.0463538643407269,0.202750328100834,0.9805459371226564,0.4764648166222837,0.819388731825353,NS,FALSE,Q1
DES,-1.50023370495587,0.209560048050989,2.1102666833884286e-8,0.8384266162926821,0.4898528627842303,Sig Young only,TRUE,Q4
PFKL,-0.280638086784954,0.0224401924869078,0.5203545708986749,0.9970430755128284,0.9269918982199824,NS,TRUE,Q4
LGALS3,0.150702739557822,0.334018949915343,0.857406606427347,0.2462838256356601,0.9185647558793428,NS,FALSE,Q1
FLT1,-1.02208812184713,0.042338227563917,0.04473652904746778,0.9965545204456407,2.813008716972345e-4,Interaction,TRUE,Q4
PSMC3,-0.163882459517286,0.0689800316583771,0.4867688535048096,0.8986924594469798,0.9996766349126692,NS,TRUE,Q4
TCP1,-0.0480256370676031,0.097871087764652,0.973243407660816,0.8454104263954668,0.828867927181207,NS,TRUE,Q4
RPL35A,-0.708434346665346,-0.0163204006963795,0.04633685503572239,0.999090051302857,0.9871939517671668,Sig Young only,FALSE,Q3
ARF4,-0.054386934597833,-0.01880227438944,0.9869836446529736,0.9982669691705816,0.9779378318026,NS,FALSE,Q3
RPL7,-0.157703179343983,0.214295452978551,0.8829270116979163,0.7358866326494103,0.9989981651023911,NS,TRUE,Q4
VCL,0.0204024530768301,0.0616869628652026,0.994254533393488,0.9230985921546108,0.8917636818086845,NS,FALSE,Q1
RPL17,-0.46691664969557,0.141188316478011,0.05372928011139342,0.8264627846062155,0.9655597372409774,NS,TRUE,Q4
PGAM1,0.068869251201253,0.0457276588154016,0.9504201216615336,0.9757004445205154,0.8809694762494704,NS,FALSE,Q1
ATP5PF,-0.0493097858223379,0.0902428798645936,0.9804964991885784,0.9136104436884692,0.9884500071446368,NS,TRUE,Q4
TSPAN8,0.0123687580045448,-0.44638449233193,0.9993298299226392,0.1059426127002428,0.9567386752643168,NS,TRUE,Q2
TNNI1,-0.325674686566174,0.0606248073274749,0.6965127218362043,0.9889413030813164,0.1091692144342553,NS,TRUE,Q4
NCL,0.481966441850076,0.0186555545296869,0.0285512530324349,0.9974446340157632,0.801202200761001,Sig Young only,FALSE,Q1
HK1,0.0359238350362396,0.146618975896452,0.986362726169392,0.6550557137404346,0.9997025652340176,NS,FALSE,Q1
NDUFV2,-0.0981328690602297,0.0308460266405852,0.933865591754214,0.9933053878394732,0.08526700882448619,NS,TRUE,Q4
SRM,0.767801480917093,0.140354674461825,0.16434008746380507,0.9392750393768908,0.7137313253673211,NS,FALSE,Q1
TYMP,-0.475135418648804,0.131738280287419,0.0398839694120053,0.8254280747445804,0.9457888932805866,Sig Young only,TRUE,Q4
ATP2B1,0.254873974741367,-0.11521591577373,0.8472467290795764,0.906442406277034,0.8873458393850618,NS,TRUE,Q2
EIF2S2,-0.104963904018131,0.0702147159189721,0.8892199643267419,0.9413051149781286,0.9984041866923478,NS,TRUE,Q4
ANXA7,0.131194867870182,-0.104355068445276,0.7068232436821531,0.7820207122450558,0.9464902572761504,NS,TRUE,Q2
TPSB2,0.817878952324651,0.109753226157626,0.00261252843622644,0.9395259312593476,0.6554277316791993,Sig Young only,FALSE,Q1
BTF3,-0.275453879360168,-0.00100453134644951,0.48861188523046817,0.9999938492296848,0.987958739264725,NS,FALSE,Q3
RAB6A,0.408798969965112,0.0818708881636887,0.11929567358934608,0.943619386523945,0.3124832160176724,NS,FALSE,Q1
PVALB,-1.3113526146963,-0.653367461720496,0.02034377630421476,0.4303206858252654,0.927463207915392,Sig Young only,FALSE,Q3
PSMB1,-0.119551780495044,0.00385021408882835,0.7335413620820014,0.9997871048541312,0.9964923990395432,NS,TRUE,Q4
COX5A,0.0124281701289988,0.0488993994964879,0.9990870277873524,0.9816505220480304,0.27298569620514024,NS,FALSE,Q1
CAPN3,-0.509727716890076,0.116063599725365,0.03255971399557807,0.8939121515576183,0.9415705420389,Sig Young only,TRUE,Q4
CAST,-0.459036137462316,0.190397279845723,0.03314950934870976,0.6273431426965588,0.9993260578727527,Sig Young only,TRUE,Q4
NEB,-1.47460700838755,-0.0424574050404409,2.3310907491796745e-8,0.9940974814625476,0.9996850744755972,Sig Young only,FALSE,Q3
PTMS,0.170249591419044,-0.0324915155507313,0.8444370173526402,0.9938904754427624,0.9245395635712942,NS,TRUE,Q2
GSTM3,-0.277625946088005,0.0548713963771839,0.5373366335540982,0.9812659105581027,0.9707225450673168,NS,TRUE,Q4
ATP6V1B2,0.0777225911117227,-0.0782747844761182,0.9378041595286626,0.924048956490463,0.9558614139285164,NS,TRUE,Q2
CSRP1,-0.569743088031807,0.425019318603837,0.10213331103799798,0.25391071846675645,0.6599519387618115,NS,TRUE,Q4
FLNA,-0.593057760129934,0.267509480169746,0.02459791266757384,0.5326297195605365,0.7964751674832237,Sig Young only,TRUE,Q4
MAOA,0.775727037516685,-0.19409511276482,9.7976276370327e-5,0.6991624830340322,0.48893061729010934,Sig Young only,TRUE,Q2
ACO1,0.118373125225798,-0.100489738553783,0.8484663517418928,0.8721217900293513,0.984684013945304,NS,TRUE,Q2
GPD1,-0.155674267148274,-0.0416130000407335,0.760754319022864,0.9834703288988595,0.998709397903398,NS,FALSE,Q3
VDAC1,0.265548133342833,-0.134084989912065,0.3000262653296256,0.7591545780016364,0.7291158361865224,NS,TRUE,Q2
BGN,0.290946847070526,-0.0247055207440248,0.5774815067104165,0.9969825362715876,0.4784685239881558,NS,TRUE,Q2
RYR1,-0.142812639922688,-0.0591987419092064,0.7520629482050272,0.9562777038474536,0.9572077105831804,NS,FALSE,Q3
SDHB,0.210580260980752,-0.0673678495306937,0.5011312988581983,0.9451613014301042,0.9511563207480412,NS,TRUE,Q2
COMT,-0.122198129171526,0.0691465799503881,0.8539420697463184,0.9493698309412336,0.9876378911124788,NS,TRUE,Q4
TGM2,0.618836034717919,0.383619298789654,0.04868114011792715,0.25309052924147646,0.12515409544538694,Sig Young only,FALSE,Q1
MMUT,0.275449883994689,0.052379368981839,0.5776050192381148,0.9834423560507198,0.9993020505777358,NS,FALSE,Q1
OSBP,0.0414244929267262,0.0195532535953298,0.979334013172425,0.9948761892035792,0.7704660728884962,NS,FALSE,Q1
PCMT1,0.0830131305205697,-0.0459454504332939,0.9192437531262964,0.9735293020556284,0.9991846322583936,NS,TRUE,Q2
GART,0.0134139679254268,0.0443248718843066,0.9982688911116372,0.9735662321144388,0.6536567905672246,NS,FALSE,Q1
PAICS,-0.115022752659197,0.00688458292739469,0.8225079856853467,0.9994687452912008,0.8874358770835399,NS,TRUE,Q4
SCP2,-0.0765346940002232,0.227488814662227,0.9633336412768272,0.5799197031502397,0.9464562958935784,NS,TRUE,Q4
UBA1,0.0992890293170241,-0.0421670065022788,0.832628086823971,0.9698357713467688,0.7045617513027429,NS,TRUE,Q2
GPX3,0.36907118496848,-0.411396401870583,0.28073665741401976,0.12270447346917582,0.97569628589465,NS,TRUE,Q2
NME2,0.0181034972241498,0.19728584284184,0.9971586891278889,0.47556330368216776,0.9240517835757224,NS,FALSE,Q1
FDXR,0.311514103708774,0.00872361103186492,0.7690143168761995,0.9995582351250912,0.8290376090619775,NS,FALSE,Q1
HNRNPA2B1,0.0532788467444121,0.00472617100226813,0.9809216489176892,0.9998460236237005,0.5213869958951274,NS,FALSE,Q1
UQCRC2,0.0494435874453316,0.0639530362469287,0.9750610970387598,0.947679088426014,0.5757898715744584,NS,FALSE,Q1
FECH,0.257014423051782,0.032498909730716,0.3645703360022221,0.9896670821838484,0.9994348620855872,NS,FALSE,Q1
AMPD1,-0.0227561279278135,0.0294238561630422,0.9981269696748064,0.9962333443534884,0.9899953964505668,NS,TRUE,Q4
FBLN1,0.0242020885822924,-0.139226381778084,0.9976382302634073,0.8688225198420844,0.806538148924922,NS,TRUE,Q2
SFPQ,-0.0571328638650925,0.127889624571011,0.9837613938469254,0.8883362965582701,0.7374548888154459,NS,TRUE,Q4
PPIB,0.224409868742114,0.300218289186873,0.6538673776392855,0.3311756189033532,0.8534846264682753,NS,FALSE,Q1
S100A1,-0.109309083447922,-0.041926217841258,0.9466392523262112,0.9916080912086525,0.845074067014454,NS,FALSE,Q3
HRC,-0.304051131136642,0.0357432950452221,0.1524838974696639,0.9853683329923124,0.3615111426649951,NS,TRUE,Q4
ME2,-0.147359293208723,0.179270992703579,0.8505211632414891,0.7302565439415962,0.7609193144174387,NS,TRUE,Q4
WARS1,0.0899033407956793,-0.107327093869728,0.9117503940938144,0.8430856140329502,0.7636023326074949,NS,TRUE,Q2
RPS3,-0.296544144804155,0.156288651060827,0.3209743707057173,0.7468031324126246,0.9998006290018826,NS,TRUE,Q4
GCSH,0.140105414001276,-0.115624846768057,0.8961156522384145,0.9035231069154966,0.9678026829714712,NS,TRUE,Q2
AHCY,0.034362310489584,-0.0815797318116616,0.9869461571283236,0.8962495027653287,0.4896997916084373,NS,TRUE,Q2
CFL1,0.186880907510783,0.05698141901863,0.6842454251284684,0.9703952728663504,0.9905559293255416,NS,FALSE,Q1
EIF4B,0.0865091806024765,-0.135932075415568,0.9236822228330775,0.7507268355003258,0.863290822533686,NS,TRUE,Q2
ATP2B4,-0.108276576531694,-0.054007742177248,0.8876765204559877,0.9678623468958274,0.9256932693266424,NS,FALSE,Q3
CPT2,0.430913852390706,-0.15267270549613,0.04885792683127379,0.7534429243878188,0.9995307133799316,Sig Young only,TRUE,Q2
LAMA2,-0.411636404761861,0.082135020418928,0.35872928638988955,0.968762682157807,0.3499793938000482,NS,TRUE,Q4
GPT,0.31582500177619,-0.223228359545111,0.3802886331660854,0.5994391616316223,0.9494353539280356,NS,TRUE,Q2
COX7A1,0.076944655989152,0.020159429312308,0.9659359614593428,0.9975599492151502,0.31568579857537293,NS,FALSE,Q1
COX7B,0.0561292226959544,-0.0303663691478064,0.9872309160898342,0.995799157615444,0.13744631056456297,NS,TRUE,Q2
EEF1B2,-0.0793642617589185,0.0778975341469348,0.941534487285944,0.932645535330215,0.8265442287578105,NS,TRUE,Q4
ATP5PB,0.0547243613707131,-0.0806927949707372,0.9694917391736414,0.9142177046809818,0.5987310063255945,NS,TRUE,Q2
ACP1,-0.197439513019187,0.0365211692831018,0.5820011347175102,0.9864018012425226,0.09363789960438015,NS,TRUE,Q4
ACAT1,0.433803776101033,-0.112857986434637,0.01366337223497685,0.830511366289026,0.9961769426470286,Sig Young only,TRUE,Q2
MYL9,-0.445235924027681,0.42342524038369,0.70343695199921,0.4996944104674744,0.4760009325881307,NS,TRUE,Q4
AZGP1,0.303386322213409,-0.157494353293806,0.3722734735199297,0.7804367811601158,0.9125561579950924,NS,TRUE,Q2
MPST,0.421809095766093,-0.265757336447994,0.02800043345159452,0.2494082962280746,0.27664428403982866,Sig Young only,TRUE,Q2
RPS12,-0.245467109466045,0.28557285907209,0.48372943265988,0.26431815834358763,0.2979430154314867,NS,TRUE,Q4
DNAJB2,0.0760580843247638,-0.210293469101721,0.9630267234415376,0.5902064959726686,0.99918208591078,NS,TRUE,Q2
ATP5F1A,0.117909885744044,0.0112478079939287,0.837747220300081,0.9987145586883176,0.9083535190808512,NS,FALSE,Q1
PSMA1,-0.151525900721133,0.00481344133135408,0.5794723390000881,0.9996704180024072,0.8711799433722138,NS,TRUE,Q4
PSMA2,-0.201246770183108,0.0115149211385912,0.5448031055083279,0.9987138212865324,0.9515198227213968,NS,TRUE,Q4
PSMA3,-0.161963990832721,0.00963986902243263,0.585282127175727,0.9988023824296488,0.7528751611594207,NS,TRUE,Q4
PSMA4,-0.0842464016092208,0.0740384145772524,0.9052070269121376,0.9140122891074446,0.9981979952654984,NS,TRUE,Q4
MSN,-0.290553426528017,0.248108817087171,0.23043984177286556,0.29021779038819395,0.4772118132703861,NS,TRUE,Q4
DDX6,-0.0327807526161052,-0.093943993344908,0.9927912484631553,0.913049155509887,0.9972266317680832,NS,FALSE,Q3
U2AF2,-0.124520039441368,0.176635179747336,0.8909157109218441,0.7098246811393126,0.5111653934894803,NS,TRUE,Q4
RPL13,-0.259894526559616,0.151534469834793,0.6736382693594624,0.8714786989787647,0.9666746542272436,NS,TRUE,Q4
IVD,0.400863832459507,-0.0344080848283568,0.1118450803997294,0.990968200340556,0.9976388546141928,NS,TRUE,Q2
S100A4,0.0838280393921842,0.438169070656723,0.976109580472576,0.2828771863382219,0.13425159037148474,NS,FALSE,Q1
HMGB2,0.761747053386543,-0.204836764548311,1.1927158684875356e-5,0.5790365887430257,0.9387657063178292,Sig Young only,TRUE,Q2
TARS1,-0.0617293545468307,0.154010092072635,0.9759463446639404,0.7601780631334385,0.5355211112914842,NS,TRUE,Q4
VARS1,0.179936200675172,0.153952587191856,0.6879227389039487,0.7282484064516463,0.19653001492551633,NS,FALSE,Q1
EEF1G,-0.322629140535625,0.164936871928351,0.04296200499776718,0.4874778365597573,0.9207903108879122,Sig Young only,TRUE,Q4
PLN,0.540932325932811,-0.142547350838928,0.08330495436313724,0.8836607211759292,0.6708881818770579,NS,TRUE,Q2
FKBP2,-0.0965486775927182,-0.102604789749304,0.95979621895797,0.942463813334366,0.7950736209955966,NS,FALSE,Q3
STOM,0.244096591118666,-0.0120540456392355,0.6584288872683632,0.9992211991836104,0.9217240543867062,NS,TRUE,Q2
MAOB,0.551027489584353,-0.182824012056194,0.00363366799291921,0.6464569407679609,0.5871881325007797,Sig Young only,TRUE,Q2
YWHAQ,0.256777031477942,0.0295101635701727,0.196213976239139,0.9879946157219364,0.9904600395261428,NS,FALSE,Q1
MAPK3,-0.138634068633458,-0.155556091897026,0.867061105596455,0.7760095274952136,0.9994488919433092,NS,FALSE,Q3
RPL10,-0.525215497052137,0.353655277940067,0.05772098855163823,0.26769221351385886,0.6843340279281875,NS,TRUE,Q4
RPA1,0.229727115248036,-0.111690736118046,0.5860474431361711,0.8700269893718241,0.9969601508473032,NS,TRUE,Q2
APEX1,0.216807848868125,0.0755034193351278,0.5149082305537763,0.933144648690008,0.8969171378609337,NS,FALSE,Q1
CALR,0.14965968014922,-0.0506344917003645,0.545013064910237,0.946903109846393,0.6698672437091909,NS,TRUE,Q2
MAP4,-0.23642864389161,0.0348449901170156,0.5511021878832931,0.990575403734106,0.6829073696559858,NS,TRUE,Q4
CANX,0.081655745387291,0.0439846542238378,0.9182017101546568,0.9747688616657204,0.8083631394623096,NS,FALSE,Q1
PSMA5,-0.0147749869931886,0.0313013137314719,0.9973182896375684,0.9844477479087338,0.9204925309951746,NS,TRUE,Q4
PSMB4,-0.037566182774377,0.0442620906310545,0.9861788644524494,0.9766217142400636,0.9739056620367734,NS,TRUE,Q4
PSMB6,-0.00136866497431498,-0.0623026871875538,0.9999848992478924,0.9538222276510636,0.853998189367957,NS,FALSE,Q3
PSMB5,0.0762445776954124,-0.103869033039359,0.9504573433982512,0.883239693369959,0.617909549929688,NS,TRUE,Q2
GSTM2,-0.0970515749346674,0.0663945651905742,0.9342120078615984,0.9653965656629696,0.9982822356309952,NS,TRUE,Q4
TMOD1,-0.515832504602248,0.10850239819964,0.2794898431634475,0.9557752293697668,0.9453303338854884,NS,TRUE,Q4
NDUFS1,0.00359477380087014,0.00907874685172061,0.9999218511950244,0.9994093048740031,0.25066603975887136,NS,FALSE,Q1
MAPK1,-0.160568550939939,0.20264338834273601,0.621939079929618,0.34304105869634427,0.7832841043790252,NS,TRUE,Q4
RBL1,-0.45874540952726,0.0306915013760154,0.14670629332526244,0.9932680374651108,0.9706252278642122,NS,TRUE,Q4
LAP3,0.0942481465550102,0.0696228744262619,0.8752998432768884,0.9229787375337102,0.8280775450597144,NS,FALSE,Q1
CD38,-0.163652694421952,-0.0613423059096263,0.85752823519511,0.9786749397460616,0.9520235881829794,NS,FALSE,Q3
TPP2,0.15264671780275,0.0111278917225768,0.7203835340834105,0.9987450516200987,0.9584170774972468,NS,FALSE,Q1
IMPA1,-0.0798514761746105,-0.069057141495179,0.9065647720745608,0.9182267562867756,0.9998971711193354,NS,FALSE,Q3
EPHA2,0.140825966621279,-0.0360858748781467,0.9345322314569336,0.995409766378856,0.9611036762268076,NS,TRUE,Q2
TKT,0.195041576649398,0.141122345824101,0.800961864458617,0.8556418370900598,0.9784134080592108,NS,FALSE,Q1
EEF1D,-0.107832729039334,0.0408536622691855,0.827393747615596,0.9755806578369296,0.45708199608242706,NS,TRUE,Q4
MARCKS,0.322168280746912,0.134985555513129,0.3652539984761875,0.8485969761204769,0.544481340381325,NS,FALSE,Q1
GNA11,-0.262436534029121,-0.210767355706423,0.6852841655900068,0.7137224045924964,0.9365330348818284,NS,FALSE,Q3
ALDH4A1,0.422819295993428,-0.0532143833254644,0.03355979208420921,0.9714376364325652,0.8639744652339052,Sig Young only,TRUE,Q2
ERP29,0.0841357421646265,0.0957922030666154,0.9375380602306972,0.9003855046707692,0.9803559084143506,NS,FALSE,Q1
PRDX6,0.362590747409477,-0.177594964151556,0.070381035609143,0.5780882700855201,0.9868349880188028,NS,TRUE,Q2
BLVRB,0.162658670344673,-0.0427362054298506,0.7275687907598521,0.9818349829064938,0.9991212427034408,NS,TRUE,Q2
PRDX5,0.0523949553719021,0.0815575401809916,0.9715710342231844,0.9099343439389588,0.9487528724624612,NS,FALSE,Q1
DDT,-0.403551672115203,0.0677047104280177,0.3101008396109419,0.9765279494460966,0.9736819814747852,NS,TRUE,Q4
PRDX3,0.0644562244597147,0.135914198771765,0.9418422919490996,0.6455146284115494,0.994778714881706,NS,FALSE,Q1
ATP5F1D,0.180879172820344,-0.0553225129085071,0.725368937338902,0.9741831368124092,0.8539541931994419,NS,TRUE,Q2
RPL12,-0.294831769898526,0.321457162267617,0.6657154132239316,0.54096062184264615,0.9028194378087192,NS,TRUE,Q4
ECHS1,0.458526861123353,0.00943661608175006,0.00996937900432886,0.9991782714266448,0.9821409614508416,Sig Young only,FALSE,Q1
CMPK1,-0.281108251288188,-0.0679556399098722,0.5914683232311497,0.9743939123593712,0.9972959219030524,NS,FALSE,Q3
PEBP1,0.177052485021598,-0.180650172287091,0.5666785158841325,0.4730984949507675,0.8014806846448987,NS,TRUE,Q2
PDIA3,-0.117209904908211,0.134510732975361,0.8151501411152517,0.7022222332931151,0.9037062115326454,NS,TRUE,Q4
PPP2R1A,0.140334120567253,0.00802245403529867,0.5946521220618484,0.998965656670928,0.6777730082178719,NS,FALSE,Q1
PPIF,0.390366722746563,0.0270756037868196,0.18080782528549633,0.9951795063299896,0.9800451335671232,NS,FALSE,Q1
NMT1,-0.0612952483435265,-0.129569641379199,0.9799333802278464,0.8279482200891791,0.9521092873524364,NS,FALSE,Q3
ADSS2,-0.202283556242968,0.105777506593192,0.7385438621644448,0.9176072817331096,0.7723507002159204,NS,TRUE,Q4
LRPAP1,0.624268567797376,-0.00311740285939877,0.00816983534619359,0.9999369713700184,0.931386787886726,Sig Young only,TRUE,Q2
TSPO,0.0998051982503441,0.00629369153552872,0.9266892728359468,0.9997216916637846,0.745583054296568,NS,FALSE,Q1
ADSL,-0.292348101825542,-0.10629844680081,0.25395322680313714,0.8668266728132172,0.9830269995175464,NS,FALSE,Q3
CLIP1,-0.126383996062277,-0.119621686130365,0.8424774372198806,0.8315430201757926,0.5979543821255967,NS,FALSE,Q3
SRI,0.216062665774455,0.09191915822597,0.6436579495686533,0.9296164194673072,0.9687668059808248,NS,FALSE,Q1
SERPINB1,0.183915446634856,0.0596501460682823,0.7684833870420464,0.975146596043156,0.9360192556123124,NS,FALSE,Q1
ALDH1B1,-0.493369035232419,0.406396119049365,0.3115117790318054,0.39775490965896126,0.0322768470829759,Interaction,TRUE,Q4
SDHA,0.250994821006483,-0.0164903149755595,0.33313014275870223,0.9972285538721444,0.9237488832658864,NS,TRUE,Q2
GDI1,0.18161625237126,-0.134576253901255,0.46957298534710623,0.63996976594003,0.9891929586015208,NS,TRUE,Q2
MAT2A,-0.0278185846876262,-0.09966533609904,0.9904751246778934,0.8120233107355815,0.9886914586474828,NS,FALSE,Q3
CASQ1,-0.270312338758998,0.243153559326128,0.5128020312922931,0.5271987030707359,0.8191213938325889,NS,TRUE,Q4
DNAJA1,0.292880167346087,0.074888356221134,0.6091831366988544,0.9590339938887557,0.4820727749794025,NS,FALSE,Q1
AKT2,-0.26543524455554,0.257128196440714,0.6541731266726136,0.49261552062859065,0.7716327229162286,NS,TRUE,Q4
UQCRC1,0.107107345269771,0.0669945764688968,0.8764612557683095,0.946922895459069,0.7068692170532062,NS,FALSE,Q1
HIBADH,0.191568437995244,0.012577687157421,0.47513997357944554,0.998057857385919,0.9826535958611778,NS,FALSE,Q1
ATIC,-0.265297736687838,0.0799489577967236,0.22497888574567904,0.9067401362679504,0.8463570419084396,NS,TRUE,Q4
HNRNPH3,0.0329109109679884,-0.127495578035422,0.99485768738478,0.8935348898459882,0.8814373075350297,NS,TRUE,Q2
HNRNPH1,0.015982579756944,0.181092355295181,0.998028715002425,0.5974713350162884,0.07702838091837393,NS,FALSE,Q1
YWHAB,0.0710250744684302,0.0380475792902004,0.9232473241309288,0.9767789167803916,0.978512344664384,NS,FALSE,Q1
STIP1,0.0637195195534161,-0.00340134908908141,0.9385701682560412,0.9998452437456752,0.825913015544985,NS,TRUE,Q2
S100A11,0.242951259751202,0.19300958027295,0.6598906993687732,0.7397496020707274,0.45388486702250624,NS,FALSE,Q1
PRDX2,0.110930368098046,0.0580799879181733,0.8210660267991989,0.9482929278893292,0.9737428237592544,NS,FALSE,Q1
GBP2,-0.0205418377891853,-0.053033363210762,0.998323749345589,0.983411850108212,0.9471551834062708,NS,FALSE,Q3
ACSL1,0.20727305894383,-0.0545567533906315,0.5243145931943074,0.966234403692352,0.9693920331593012,NS,TRUE,Q2
KIF5B,0.141561340062136,0.213242354423265,0.7880315140000275,0.4453234423403451,0.9954569686723485,NS,FALSE,Q1
MCM5,0.418514452341377,0.0528117924611493,0.5177878092947372,0.9907074741453316,0.9997366050550696,NS,FALSE,Q1
SHMT1,0.244779195624872,-0.245898684652335,0.7349664250078111,0.6774694517621209,0.9945973389491224,NS,TRUE,Q2
SHMT2,0.0158418558159852,0.295434703910072,0.998961117253678,0.4099611411235563,0.7768679851032705,NS,FALSE,Q1
HSPA4,0.0293379318781817,0.027707371057037,0.9904297289458504,0.9899629356068064,0.6184613709455854,NS,FALSE,Q1
MPI,-0.103092960395688,-0.0903805325069271,0.8741187302614898,0.8862002571070398,0.9878654290696944,NS,FALSE,Q3
GPC1,0.0160617277900847,-0.283670587812566,0.9985962802562428,0.35776701656917004,0.920371465337318,NS,TRUE,Q2
PFN2,-0.0646499878407845,0.0214574313112088,0.963527763536935,0.9958378109101196,0.8536013830266378,NS,TRUE,Q4
CTNNA1,-0.188521675661629,0.0187584409059713,0.8752716411870921,0.9983911851609856,0.9892802474620408,NS,TRUE,Q4
SERPINB6,-0.20941603671243,0.0989239240975692,0.5497922278308243,0.8854812105789028,0.8719506238209762,NS,TRUE,Q4
RDX,0.268239939284967,-0.101282913052476,0.25560122149436953,0.8572757877853099,0.998007841309099,NS,TRUE,Q2
RPA3,-0.354021616321283,0.0148456796220344,0.30836249048807224,0.9986646946014298,0.6325048944364032,NS,TRUE,Q4
RPL22,-0.569992768536085,0.384118638600516,0.01222658021600253,0.13142685778681645,0.2298778967866704,Sig Young only,TRUE,Q4
SPR,0.24300499726418,-0.105126775849595,0.6022773595014679,0.914900613513698,0.9554578011310298,NS,TRUE,Q2
THBS4,-0.218374116345004,0.476768972242901,0.8307061851544133,0.14357303912191394,0.23798256003707657,NS,TRUE,Q4
FBN1,0.584295066889666,-0.380896433620137,0.1582941657266539,0.4414000657036856,0.49550314232823806,NS,TRUE,Q2
AGL,-0.194956494473313,0.03973895357759,0.5077145597778637,0.980099153181772,0.9998358017584004,NS,TRUE,Q4
MYH9,-0.102805561497885,0.329390568192792,0.9420783609918892,0.32478793490669966,0.7761483992091271,NS,TRUE,Q4
COPB2,-0.183573739594861,0.146020670915597,0.781689487112718,0.7792722937795764,0.9984882898923264,NS,TRUE,Q4
ACTN2,-1.93506299796195,0.493257794093587,1.0808308107424564e-6,0.5540655045274366,0.01227217913955563,Interaction,TRUE,Q4
ADD1,0.516692113189137,0.0703451598247433,0.3475863232901558,0.973862308656119,0.6033653450120903,NS,FALSE,Q1
BSG,0.0187104869849577,0.131877959643706,0.9966696934563316,0.7334065643556851,0.712918907346692,NS,FALSE,Q1
FUS,-0.0700301739152458,0.00914363132776685,0.9410061707815388,0.99906106864624,0.7873012376770803,NS,TRUE,Q4
DEK,-0.206758278805427,-0.00749513392794654,0.7029516850655099,0.9995780227701574,0.9509408445935608,NS,FALSE,Q3
MYH11,0.0324877999920865,0.454280348342873,0.9976683813630822,0.3685682761850707,0.7308934322398394,NS,FALSE,Q1
GLRX,-0.249326832256667,-0.172604342527194,0.6805931461560526,0.8233132477164349,0.9800831162160056,NS,FALSE,Q3
PPM1A,0.207242867931207,0.0237109175786152,0.3964456428762059,0.9924562736648048,0.8698174449970001,NS,FALSE,Q1
KRT2,-0.512749690895262,0.119200198041202,0.3514743949572901,0.9551097878869174,0.554739655576483,NS,TRUE,Q4
HMGCL,0.663880877753272,0.0062106264788504,2.524147206760315e-4,0.9997114371735714,0.9662962825153422,Sig Young only,FALSE,Q1
PSMC2,-0.217156160645914,0.0516259198300872,0.2220405422433952,0.9462554783503476,0.8768613396500914,NS,TRUE,Q4
ARL3,0.259515349029272,0.0881983072265555,0.5736758739842693,0.9227785308170926,0.8078737887673355,NS,FALSE,Q1
MAP2K2,0.133429233073468,-0.0893594683558661,0.809226281283413,0.8999113948128827,0.9852913450027854,NS,TRUE,Q2
ATP5F1C,0.211122152289576,0.0327252963736768,0.5233119227189614,0.989123749668302,0.8793748441013914,NS,FALSE,Q1
ATP6V1E1,-0.356555492640723,-0.0216470648119582,0.3616186441336407,0.9972908715107378,0.9558969397231571,NS,FALSE,Q3
RPL4,-0.258000283146636,0.189255015671982,0.6996050861169839,0.8021875868182284,0.9756439299114312,NS,TRUE,Q4
LONP1,0.470576789990034,-0.00393553570576799,0.01456641101092116,0.999873715719177,0.991952563695221,Sig Young only,TRUE,Q2
PGM1,0.0551994722383569,-0.0527505020997765,0.9691955844147234,0.9666510158817384,0.9902211410308576,NS,TRUE,Q2
PPP1CC,-0.109683127291733,-0.22265479711521,0.9696731837551592,0.6812883276980788,0.5085409559827131,NS,FALSE,Q3
SERPINF1,-0.0761464168328274,0.0179847574576151,0.9693682815561554,0.9981532249555172,0.9026090979037918,NS,TRUE,Q4
DLST,0.0818662483620152,0.0115102831530578,0.925116978674283,0.9986236390611996,0.9901420868589534,NS,FALSE,Q1
GMPR,0.0695304129683727,-0.018114492349298,0.9699592276465164,0.9978715218774749,0.9683781386514266,NS,TRUE,Q2
GPX4,-0.00612773831784708,-0.0544851770217818,0.999684173612288,0.9645945225688608,0.9867063140038328,NS,FALSE,Q3
SRP14,0.0423325851161707,-0.0801116541340612,0.9880625973770434,0.9423036713356902,0.9609813175717252,NS,TRUE,Q2
TAGLN2,0.22796770738363,0.232148280411366,0.410338188950634,0.30965702814902185,0.7656779997141611,NS,FALSE,Q1
TALDO1,0.230037492144454,-0.153874294743794,0.33479944715116083,0.6071743562921047,0.9879028234542946,NS,TRUE,Q2
SNCA,0.0350830241546944,0.152182961981886,0.9982873109863638,0.9447437078233194,0.9946328746503345,NS,FALSE,Q1
ETFB,0.551416852441392,-0.0436150855502113,0.00752480497203239,0.9852118482946,0.9966320276063868,Sig Young only,TRUE,Q2
ATP6V1A,0.0890424717038876,0.134356340909985,0.9173283369181664,0.7570563340155514,0.9871241599065916,NS,FALSE,Q1
HSPA9,0.0382883563741743,0.151910285424702,0.9831554018211002,0.6011591788728625,0.8869372866701388,NS,FALSE,Q1
RPS19,-0.358747470860742,0.220403894323553,0.11751106554327942,0.4564524540656844,0.843131234193097,NS,TRUE,Q4
RPL3,-0.371689070139098,-0.181380391052322,0.554787091779548,0.8728186666532106,0.07595308946965404,NS,FALSE,Q3
COL15A1,-0.608654861380842,0.314036249620035,0.07261370385608103,0.5203588000896209,0.14185141585524852,NS,TRUE,Q4
COL18A1,0.182408865776985,-0.0632241132045994,0.8956132425598253,0.9817012374659528,0.8950986411611457,NS,TRUE,Q2
DDOST,-0.328951679422367,-0.158650384634488,0.11829729562727204,0.6460361979309414,0.9999491671730028,NS,FALSE,Q3
ANP32A,-0.129604836337357,0.0486552503489932,0.8147746008089389,0.973786755345384,0.9954547717345108,NS,TRUE,Q4
CAPG,-0.250640766750934,0.445548735033849,0.8413056852763329,0.25985178269908554,0.9724630760673144,NS,TRUE,Q4
CAP2,0.107072417080101,0.0484027821203163,0.907531455140148,0.9801419954905723,0.2115732889996904,NS,FALSE,Q1
CCT6A,0.0863612386374051,0.165787457747516,0.9176291713404056,0.6050144432165094,0.46969421910731846,NS,FALSE,Q1
RPL13A,-0.321314368665071,0.193398573790422,0.5646710147349275,0.8057287035558681,0.935278748402629,NS,TRUE,Q4
STAT3,0.0921260754468065,0.0312817306143138,0.931352840211742,0.991269526651405,0.7610212459566381,NS,FALSE,Q1
MDH1,0.219844548051466,-0.126950633437012,0.37786261658424336,0.7339059730387912,0.9987500452796634,NS,TRUE,Q2
MDH2,0.172774929941145,0.0515197576101407,0.6576947974343224,0.9697737214456252,0.9999065102966056,NS,FALSE,Q1
HADHA,0.476023737433177,-0.0763799010505046,0.00278898623426981,0.9232166283543148,0.9378045133855304,Sig Young only,TRUE,Q2
EIF2S3,-0.358845322954092,-0.0604498504748427,0.1878749862625577,0.9698152141631358,0.2560140473625176,NS,FALSE,Q3
NAA10,-0.17835014517113,0.173323635062673,0.8119689626109362,0.688837846488199,0.9575688073012883,NS,TRUE,Q4
PPP1R2,0.175726122376595,-0.110462349673913,0.7049267519872515,0.8672255110349172,0.9709719752164264,NS,TRUE,Q2
GARS1,0.368493549371372,-0.170818361357959,0.16154983018496985,0.7029501645168058,0.4450534181327784,NS,TRUE,Q2
IARS1,-0.45234964810702,0.059250442660062,0.09848212657238298,0.97404299748654255,0.9175439262741392,NS,TRUE,Q4
EIF1,0.0761461552279883,-0.156097867638419,0.9609299146175488,0.7809453289662402,0.6038779855153696,NS,TRUE,Q2
ECI1,0.345079343854227,-0.0851645539378296,0.06364248288480293,0.8976465537199539,0.749498504850179,NS,TRUE,Q2
TMPO,0.572349038262118,-0.411482612414709,0.10555858814562864,0.15676502048192806,0.8878111130160149,NS,TRUE,Q2
AKR1C3,0.192020763165118,0.067852328220912,0.829763924842306,0.9776853194274536,0.10536275491703805,NS,FALSE,Q1
RPS27,-0.324527968155031,0.0348388004503235,0.16379376380422062,0.9880873682707012,0.7111610088224337,NS,TRUE,Q4
LRPPRC,-0.00174706978857486,0.113464610987275,0.9999755662983348,0.8293969589751375,0.993689416504831,NS,TRUE,Q4
ACAA2,0.382300291784365,-0.143680297071899,0.0785469519282177,0.7585748893961771,0.9163129220607684,NS,TRUE,Q2
RPL35,-0.578407557126713,0.243385656625414,0.04364279607938583,0.6342892023635743,0.5956605365618778,Sig Young only,TRUE,Q4
SLC1A4,-0.172992429981857,0.0368049318898613,0.8606498815906796,0.9926499127731756,0.917427743651965,NS,TRUE,Q4
PAFAH1B1,-0.0804530849680134,-0.0533974895429026,0.9535782606519542,0.9771015908111552,0.6331829469443806,NS,FALSE,Q3
CRAT,0.448992059194076,-0.0444710413545089,0.01304514614589056,0.9792042673056636,0.9125108909772016,Sig Young only,TRUE,Q2
GPD2,0.110368350612283,-0.163285915294367,0.908385495138707,0.7465241281387982,0.9975035189856406,NS,TRUE,Q2
NAMPT,-0.37621562908183,0.394157287617109,0.36817907209942474,0.2463820886919088,0.9320265083859466,NS,TRUE,Q4
PSMC4,-0.250577788961621,0.0648493705981359,0.24183840527585895,0.9366539004834036,0.9142819087789164,NS,TRUE,Q4
TSFM,0.0760285954991389,0.13947012603829,0.9674289117236125,0.854207404875162,0.9511919766079372,NS,FALSE,Q1
TNNT3,-1.11024166285429,0.291769078316118,9.828284177421783e-4,0.7219978644494385,0.32900761557264735,Sig Young only,TRUE,Q4
ASPA,0.0899603331160819,0.0741076820838948,0.9532943303151582,0.9571589450088704,0.9707542480302472,NS,FALSE,Q1
PPIC,-0.0338300159208416,-0.0855725304256758,0.9956696925670476,0.9619873865914984,0.9999669899049412,NS,FALSE,Q3
VDAC2,0.106942042967297,0.0440203658397031,0.8802069014627226,0.9792819089412302,0.4271820096904351,NS,FALSE,Q1
ACADSB,0.446082323835093,-0.104787908029738,0.1283032242232759,0.9226826091240604,0.983289172043494,NS,TRUE,Q2
USP5,-0.0696007664794855,0.0651241458417005,0.9394332638611136,0.9370369076046114,0.596753565496247,NS,TRUE,Q4
MAP2K4,-0.330182101503777,0.0759126370278018,0.13839505958636855,0.92451854122864,0.7862303594670337,NS,TRUE,Q4
PHKA2,-0.440381732407094,0.358657498624044,0.06022450490702228,0.12263177373429628,0.4092982984201121,NS,TRUE,Q4
PHKA1,-0.228299361072168,0.227239477225346,0.47446174529601737,0.3972008093549918,0.990102421210684,NS,TRUE,Q4
CRKL,-0.0308238424442067,-0.122279701382414,0.990068475003884,0.7604517911813372,0.914378537864462,NS,FALSE,Q3
MTIF2,0.13128339417025,0.143665045882493,0.8808123616524626,0.7124608241791474,0.9500428566918676,NS,FALSE,Q1
BAG6,-0.0583372722641364,-0.0850214826927456,0.983026131551715,0.9284999436249592,0.8140388029962466,NS,FALSE,Q3
NSF,-0.0365914555659934,0.164733638953216,0.992303558868842,0.7697558953981574,0.9373678712375418,NS,TRUE,Q4
MAP2K3,0.0165832778072925,0.0467242255752431,0.997476023783652,0.9733210311431104,0.989397274640121,NS,FALSE,Q1
RPL27A,-0.69163477022056,-0.0128332183429123,0.01221435048078173,0.999258020147936,0.9613320262521706,Sig Young only,FALSE,Q3
RPL5,-0.410927133479394,0.139229358143538,0.28602903368242555,0.8889806480719581,0.8925996727573192,NS,TRUE,Q4
RPL28,-0.428486754835745,0.132311221864239,0.19306651970547947,0.8861278870721004,0.9906703940382464,NS,TRUE,Q4
RPS9,-0.113020318343079,0.134192337480759,0.9147254635713662,0.8520969287301702,0.9552286825388816,NS,TRUE,Q4
RPS5,-0.341169074608381,0.139821348315348,0.1876106102575666,0.7942156809175716,0.45411180394533635,NS,TRUE,Q4
RPS10,-0.740111533463281,0.260710582792861,4.312646954260197e-4,0.4984898789911425,0.43502699917746246,Sig Young only,TRUE,Q4
GNPDA1,0.0539869325033422,-0.110757213300587,0.9738468479759784,0.8467085877932153,0.994722035614078,NS,TRUE,Q2
UTRN,-0.266125985979041,-0.0358880883914665,0.4751254311125733,0.9903264013761376,0.8561722228726341,NS,FALSE,Q3
IQGAP1,0.121961075249335,0.400316626809531,0.9124686732516388,0.05398251321501342,0.9725206961476744,NS,FALSE,Q1
GYG1,-0.205016829624505,-0.0119574797133986,0.5212769286997772,0.9985865636097228,0.6981660410123048,NS,FALSE,Q3
STT3A,-0.153209100613854,-0.0929101460963295,0.7837212310187898,0.9033563495080938,0.933726351801108,NS,FALSE,Q3
CAPZA2,-0.469811194512491,0.0302204110493776,0.05757168621259096,0.9937635275855846,0.8203430478926329,NS,TRUE,Q4
CAPZB,-0.472350093368583,0.101265876535901,0.14091582035545414,0.9393167603746096,0.8534120781466954,NS,TRUE,Q4
EIF1AX,0.0497970897209932,0.0375392657135478,0.9803886563574284,0.9872628838856322,0.9212795516017064,NS,FALSE,Q1
QARS1,-0.0690278900313075,0.0766750437146726,0.9318816981934798,0.8959602004402522,0.8983761155808523,NS,TRUE,Q4
RPL29,-0.422185814276197,0.185784558079515,0.37002478495128094,0.8393060758509455,0.9968875635195056,NS,TRUE,Q4
UQCRFS1,-0.012760369731069,0.128553047559908,0.9985857469628469,0.76638720535153,0.5805097981068629,NS,TRUE,Q4
ATP5PO,0.139733420457841,0.0117121349867908,0.7792547652529253,0.9986674620303172,0.90677126471558,NS,FALSE,Q1
LIMS1,0.0521562441884704,0.0419993909370682,0.9749063383341569,0.979474322090118,0.6548421317502399,NS,FALSE,Q1
PREP,-0.16614470567292,-0.0558462319874735,0.6752821880735028,0.9630336842396244,0.9796528473754716,NS,FALSE,Q3
ME1,-0.1594464863174,-0.176913780381096,0.7233440499242312,0.5951139015886949,0.903907579032065,NS,FALSE,Q3
PIP4K2A,0.0739971515004214,-7.4224062187866e-4,0.9671414369954552,0.999995435709767,0.999986989390902,NS,TRUE,Q2
ARCN1,0.17589402037041801,-0.00588419744083168,0.7955752176568832,0.9997746686295244,0.5801216146982262,NS,TRUE,Q2
LSS,0.339307718582514,-0.0337929297129342,0.20966865177750107,0.9901778060522765,0.9748469850985232,NS,TRUE,Q2
GCLM,-0.71182073376778,0.135635997104213,0.00847420775252305,0.8922219984977869,0.7531759957299949,Sig Young only,TRUE,Q4
CD151,-0.644225658962334,-0.0854409435287913,0.02000862837150375,0.9588731307128252,0.955644343038988,Sig Young only,FALSE,Q3
PSMD8,-0.231287379407018,0.00270315393154519,0.4903926420530979,0.9999390510003756,0.8717601392288191,NS,TRUE,Q4
GSS,0.135561747149481,-0.0859060097288236,0.8195215713543447,0.9194340127341551,0.9622847788192256,NS,TRUE,Q2
CCT5,-0.0547108778429255,0.161370176658078,0.9564325868163052,0.4782847153770643,0.8433257932481153,NS,TRUE,Q4
NES,-0.379005156639124,-0.276023995252562,0.7622832132154039,0.8619350843324376,0.17887268678963855,NS,FALSE,Q3
IDH2,0.402773237119941,0.0154875018886571,0.01752229904571727,0.9973938447386308,0.999720979508504,Sig Young only,FALSE,Q1
TNNI2,-1.17194160210983,0.267432874637446,1.5106242768587428e-4,0.7481568173836997,0.3144242336520178,Sig Young only,TRUE,Q4
PXN,0.372524738567428,2.8974194435349e-4,0.3463919705807514,0.9999993902730576,0.7335858736586419,NS,FALSE,Q1
ALDH9A1,0.212449545905795,-0.16603027118185,0.5622061345916236,0.6765745485409519,0.9983944959421092,NS,TRUE,Q2
RPL34,-0.993386983476785,-0.167307046036775,0.00366725725282424,0.9003056440276562,0.6707406174884183,Sig Young only,FALSE,Q3
LMAN1,-0.13704472657038,0.0356317333995975,0.8340782805375081,0.9891257428243596,0.8958623072064371,NS,TRUE,Q4
FNTA,-0.150852809383448,0.148358327322992,0.7783288680480515,0.7124955800362414,0.9569775049503516,NS,TRUE,Q4
CCT3,-0.0241110194935423,0.133962735330201,0.9927998903077484,0.6409711565988915,0.966402690381525,NS,TRUE,Q4
MRPL19,0.179780880283403,0.0216342298493792,0.8655886108500779,0.997486819875532,0.9534569382548428,NS,FALSE,Q1
TUFM,0.0320959243384955,0.245139763737143,0.9904563825376737,0.26815395258148117,0.9707967259199344,NS,FALSE,Q1
ALDH7A1,0.254470200393772,-0.059793891373225,0.6274198131703489,0.9784902792115948,0.9982651785206116,NS,TRUE,Q2
CDC34,0.0256756179982958,-0.0564441408894076,0.9980581875801996,0.9883600748211214,0.9828950289708634,NS,TRUE,Q2
PCYT1A,0.0811601317234825,-0.129144156435157,0.9403391669121256,0.7839951517119539,0.956133954728454,NS,TRUE,Q2
AARS1,0.144383984296947,-0.0203100316922509,0.724558859754015,0.99523556993171,0.8166142770635082,NS,TRUE,Q2
CARS1,-0.0289774940264884,0.0186761679486231,0.9944551864236636,0.9973379312526478,0.9602862765199944,NS,TRUE,Q4
SARS1,-0.107006134058256,0.102984532139846,0.913696168265132,0.9011371786402592,0.7999153646955295,NS,TRUE,Q4
PSMB3,-0.00791694847394098,0.00205286995233323,0.9994878375585846,0.9999608617362288,0.906968613739904,NS,TRUE,Q4
PSMB2,0.0237966845389366,-0.00368133062277209,0.9932304879009974,0.999829177534533,0.976412462053522,NS,TRUE,Q2
ACADVL,0.250779284680885,-0.0884532539649356,0.3206237346863415,0.8950063270476306,0.9999059365522311,NS,TRUE,Q2
ACOT2,0.17855007760848501,-0.0477029972467058,0.70721667943561894,0.9794812871244948,0.9724674022826058,NS,TRUE,Q2
TMED10,-0.127032379124675,-0.131694786739544,0.8821161001057739,0.8265206137628422,0.8960639811684838,NS,FALSE,Q3
HINT1,-0.0621023602240527,-0.0215696885066627,0.9729371114193792,0.9965398441724624,0.8180372810864643,NS,FALSE,Q3
NDUFV1,-0.0354793350866913,-0.0127262105029402,0.9921500617925064,0.9988880729751096,0.3072871713058411,NS,FALSE,Q3
GSK3A,0.343606780095097,-0.191148284794803,0.3250773499592207,0.6637985735337277,0.8954871610266567,NS,TRUE,Q2
GSK3B,-0.01395292422011,0.104563607275971,0.9983029143817026,0.8364712614400025,0.8992556853629154,NS,TRUE,Q4
IDH3A,0.0906153395749456,0.225070206195014,0.9189462367448912,0.39384650369348206,0.9912367086601438,NS,FALSE,Q1
SULT1A1,0.351862710782569,-0.164371838730208,0.5103181022630501,0.8548891856863634,0.999931308132842,NS,TRUE,Q2
GDI2,0.0835159280389561,-0.0597036755917308,0.8842438785625117,0.9337710006978904,0.7809519800034423,NS,TRUE,Q2
EMD,0.400474348265231,0.0462108071482277,0.08573498555310663,0.9804725887640752,0.05819015007148577,NS,FALSE,Q1
CPT1A,-0.328201830570826,-0.219412932230856,0.5122935620250146,0.7002781744289618,0.9678137725847944,NS,FALSE,Q3
SERPINH1,0.0471524313821803,0.820661509642314,0.9963470907177892,0.09633861563728324,0.9572507142891956,NS,FALSE,Q1
CSRP3,-0.392530041954483,0.508444816154956,0.34647131808203807,0.07882523637165952,0.9995515947339664,NS,TRUE,Q4
ST13,0.0262863690298971,-0.0753869645333118,0.9912553728623156,0.8945634332228287,0.959270815868692,NS,TRUE,Q2
DNM2,0.101958362510299,-0.0632851676089956,0.90317134558427,0.95899648037657,0.8630786551188485,NS,TRUE,Q2
METAP2,0.236142341951709,-0.131173996551741,0.23075511657607792,0.6276585655587961,0.9556501784797454,NS,TRUE,Q2
NUDT2,-0.344813710563614,0.466503279047512,0.6522631190315435,0.31419945019579587,0.27587392685941337,NS,TRUE,Q4
LRBA,-1.65933943278748,-0.202696273850314,1.2213463283438584e-4,0.9243951329470368,0.6257724400643409,Sig Young only,FALSE,Q3
BCAM,-0.0731639279950045,-0.0827158868472324,0.9655119282854367,0.9443718530453744,0.8186795584382657,NS,FALSE,Q3
RPL14,-0.306570007389389,0.104471736160235,0.6232729899387695,0.9504954665690089,0.890056411623439,NS,TRUE,Q4
CCT8,0.0136408537117489,0.109800644009606,0.9975362523529412,0.7264684737368021,0.7477348826823577,NS,FALSE,Q1
CCT4,-0.0363615361124943,0.172007555645074,0.9855109460877376,0.5170730029099936,0.9671574295751324,NS,TRUE,Q4
ATP1A2,0.0535990812411136,0.0309562964072043,0.9606879345425376,0.9858028756294952,0.7746603023759661,NS,FALSE,Q1
ANXA11,-0.0471732617932474,0.0267961920309787,0.9695834987612336,0.9893529128526732,0.9154983279437344,NS,TRUE,Q4
FXR1,-0.280079315664494,0.154871915538308,0.5920038868328258,0.8471467877702273,0.9892877467380315,NS,TRUE,Q4
RAB5C,0.261291643096655,0.107762604126052,0.552196770249892,0.9133182282842772,0.9463069660709033,NS,FALSE,Q1
RAB7A,0.0310395965490216,-0.0166294447555408,0.9871068286039384,0.9959427420971642,0.9995875597316763,NS,TRUE,Q2
DUSP3,-0.19575766676919,0.0328285754941291,0.5343730863994444,0.9876753874899344,0.9510150681002144,NS,TRUE,Q4
IDH3G,0.186835015858183,0.23770685855774,0.727765400788413,0.4925015806971092,0.9989620683013684,NS,FALSE,Q1
GALK1,0.516411414596959,-0.187200951887267,0.05107211908313928,0.6992498862821045,0.6893195252670125,NS,TRUE,Q2
SSR4,-0.608046276963831,0.230118065498599,0.2017528778261292,0.6903744975152526,0.5130393863190681,NS,TRUE,Q4
BCAP31,-0.0801040442006418,0.0667699270681403,0.9105200532778246,0.9278834949034448,0.7342523423506538,NS,TRUE,Q4
MECP2,0.0831516276844226,-0.411057307185725,0.965640935938162,0.08895024442552793,0.6503358434102405,NS,TRUE,Q2
CAV2,-0.323173099102323,0.358856741961773,0.7060142325504892,0.40307859190570056,0.0068816779890576,Interaction,TRUE,Q4
ALDH3A2,0.0390838563310929,-0.0290733899853528,0.9885392365055844,0.9927420632282368,0.9778697835111269,NS,TRUE,Q2
ALDH5A1,0.539906404195158,-0.0750132710920219,0.00432597585848078,0.9463462872677229,0.9379011600095112,Sig Young only,TRUE,Q2
HSD17B4,0.119521165367608,0.0114919437829499,0.9421786439214744,0.999461685637632,0.9287491156219702,NS,FALSE,Q1
PSMD7,-0.613695704172713,0.178418889305295,5.011305619610654e-5,0.5773653361513851,0.668238685784687,Sig Young only,TRUE,Q4
UBE2D1,0.0311033973086836,-0.306912350187279,0.9927682118025044,0.17622853123913756,0.7109123612851819,NS,TRUE,Q2
SUOX,0.527357899299833,-0.18400858377677,0.00863748100859963,0.6566639597833118,0.929915294736571,Sig Young only,TRUE,Q2
STAT5B,0.185597911737009,-0.167365814246772,0.5843960953123073,0.5885897793458568,0.8844161505536985,NS,TRUE,Q2
RPS6KA3,-0.0580938626530276,0.0842509756216039,0.9709316137950624,0.9218222723896644,0.910968446520044,NS,TRUE,Q4
HDGF,0.338444685903998,-0.0791782972622066,0.10750832900616994,0.9235344409289412,0.9533313148872556,NS,TRUE,Q2
LUM,0.123450480793011,0.12524659532145,0.9028462908868252,0.8799660804413383,0.6575155337671651,NS,FALSE,Q1
PRELP,-0.161111861800013,-0.0460195630229165,0.8786701597040996,0.9902105141671226,0.7365281914308065,NS,FALSE,Q3
NDUFA8,-0.164095092658513,-0.0135006257807042,0.8049432945495193,0.998802072626195,0.24849304402539105,NS,FALSE,Q3
HNRNPA3,0.0854018616978216,0.131189318478274,0.9661876873982952,0.8792616921053737,0.9057205465255704,NS,FALSE,Q1
MYOM1,-0.682922039124676,-0.0976333988795162,0.00276265738497762,0.9364723107920472,0.5754137217855043,Sig Young only,FALSE,Q3
PGD,0.116257869707063,0.00368369024140947,0.8649535374630702,0.999882536590492,0.953298051167916,NS,FALSE,Q1
HNRNPM,-0.0196712328867186,0.208468725141124,0.998170880676998,0.5829216048859125,0.3368412006826187,NS,TRUE,Q4
KPNA1,0.0536511515088876,0.153956340908287,0.9764093853566008,0.7193154517579321,0.8929324546385146,NS,FALSE,Q1
MAP2K6,0.287276776475789,-0.0234030826216234,0.2986715074150688,0.995180748093382,0.8907861898332026,NS,TRUE,Q2
ARHGDIA,0.192968694478878,-0.102711006363958,0.4874438599457211,0.827420876866644,0.8878904028414897,NS,TRUE,Q2
ARHGDIB,0.736989410560462,-0.149223115841185,6.971995957080419e-4,0.832775990527048,0.2977094433836356,Sig Young only,TRUE,Q2
RIDA,0.197733098370819,-0.162511507109329,0.4414239237350147,0.5347063138725285,0.9794986628866698,NS,TRUE,Q2
MRPL12,0.383263798072015,0.0480126962101011,0.5320552887438393,0.9902759263159768,0.86428382598864,NS,FALSE,Q1
THOP1,0.2321032058742,-0.055476867025714,0.33613340777249756,0.953583225714642,0.9141978041525312,NS,TRUE,Q2
AKR1C2,-0.112872812539894,0.199804044149911,0.9517563528812188,0.8110322723199753,0.999600793832305,NS,TRUE,Q4
CAPZA1,-0.622414799412237,0.106723940477952,0.0185020496981577,0.9315500271000224,0.6223563565819927,Sig Young only,TRUE,Q4
CRIP2,0.309121084409934,0.281958467405385,0.5640689992030142,0.5230793625127804,0.722324539773185,NS,FALSE,Q1
BLVRA,-0.0247063826463325,0.0556713756801557,0.994945575280773,0.9662728580107238,0.7265935595351689,NS,TRUE,Q4
PPP5C,0.300046492827654,-0.021030002131802,0.1196815040048682,0.9944750307087804,0.5939261953918396,NS,TRUE,Q2
NUBP1,-0.0591472128711192,0.102055814906812,0.9845320428592208,0.9176354132184512,0.9632256748037374,NS,TRUE,Q4
SUCLG1,0.188324743425664,-3.99746757899777e-5,0.6068146378578524,0.999999985586108,0.9978456133325496,NS,TRUE,Q2
COPA,-0.212910941756267,0.0455520141468959,0.5723739214693095,0.9795660589875124,0.9820672409305332,NS,TRUE,Q4
HCCS,0.232871573382099,0.00843410627007302,0.4514527840756101,0.9993118056399426,0.9833413600379846,NS,FALSE,Q1
MAPK12,0.132983214729347,-0.162009498636447,0.8751259287236549,0.768405638204738,0.7963544133905576,NS,TRUE,Q2
SMTN,-0.456406646039891,0.0897408867013816,0.0766201649025142,0.934339952207001,0.995978612365363,NS,TRUE,Q4
SLC16A1,0.431353710135866,0.171094053573761,0.22835314063547665,0.8219479283263045,0.8338607670347752,NS,FALSE,Q1
IST1,-0.0283843243013955,0.066811347888251,0.9913317615268872,0.933659753137627,0.6004509665978797,NS,TRUE,Q4
SEC24C,0.358810682090169,-0.0097132520710268,0.0852932380505132,0.9990979468780672,0.9270991779936232,NS,TRUE,Q2
SUB1,-0.0213657239550962,0.0498941607186296,0.9958513799646947,0.97016318294241,0.9707448322557788,NS,TRUE,Q4
RARS1,-0.199846733050006,0.0295160834715169,0.5840696128700366,0.9915831213293904,0.9438996366628004,NS,TRUE,Q4
CACNB3,-0.150161517720967,-0.0353819844906802,0.7438932222712493,0.9866253846463684,0.8078244392968829,NS,FALSE,Q3
CACNA2D1,0.00313693844621454,-0.0646426850279518,0.9999111855241456,0.9430489482291844,0.9874871076097708,NS,TRUE,Q2
MYOM2,-0.679150805093581,-0.179573489316265,9.63796866482768e-4,0.7325072492182462,0.8432132494262111,Sig Young only,FALSE,Q3
YARS1,-0.269146385671998,0.103603454023958,0.494007624122886,0.911757971835196,0.8413738998349992,NS,TRUE,Q4
USP14,-0.0566636199109318,0.0334916593692434,0.94377100702224,0.9789118298057106,0.9975418396519824,NS,TRUE,Q4
PRKAG1,0.0524435424869267,0.134993162061416,0.972252726754786,0.7383016994374277,0.6626346877033646,NS,FALSE,Q1
PRKAA2,0.084321859222257,0.0224205172165313,0.9126882855881716,0.9940642850049024,0.492880579861494,NS,FALSE,Q1
HSPA2,0.282492571545497,-0.064540414596518,0.6667503714781455,0.9818624795921276,0.6080790501167042,NS,TRUE,Q2
RAD23A,0.221410007530395,-0.187491035451185,0.33941291590621286,0.409982457768353,0.6512397144850829,NS,TRUE,Q2
RAD23B,0.27032707584755,-0.0345211187692485,0.17290163518130006,0.9838696914639808,0.8398602815618068,NS,TRUE,Q2
AK2,0.136748319161704,-0.00794550720113207,0.8072074010769537,0.9994405565369942,0.9943035167867916,NS,TRUE,Q2
NAPA,0.111610740862972,-0.0488583905111781,0.7562217045819354,0.95283279474192,0.997575349250032,NS,TRUE,Q2
EIF5,-0.271484111460857,0.0235901135644454,0.3494628507489128,0.995088504775017,0.8949178173753464,NS,TRUE,Q4
PSMD4,-0.129167026673663,0.0132225959523069,0.7326535316774698,0.9976726458844756,0.6851921865171965,NS,TRUE,Q4
DRG2,-0.413909367462693,0.461556488550787,0.39960809965649013,0.2820049663068679,0.33149023150810053,NS,TRUE,Q4
RRAD,-0.308330129161281,0.502885283559571,0.7282453321689505,0.22469378397869333,0.9991203594939694,NS,TRUE,Q4
CSE1L,0.24846967192331,-0.109712832123787,0.2711042164764033,0.8077253774981025,0.20117915632496852,NS,TRUE,Q2
VCP,-0.214396597729252,0.00465551198461611,0.3487590309867594,0.9997342328857995,0.9002636934505028,NS,TRUE,Q4
HADHB,0.411042523926849,-0.109490553270465,0.01065752073836943,0.8139621398574214,0.999681863445966,Sig Young only,TRUE,Q2
NAP1L1,-0.0610534680193524,0.0625364698554662,0.969669634484576,0.9604666952746952,0.9819456589127176,NS,TRUE,Q4
ADK,-0.0931879620086242,0.299579946482442,0.9449770736213084,0.3113738269086956,0.6903878511223882,NS,TRUE,Q4
LAMB2,-0.208789037027351,-0.0889337566644599,0.8732290099554675,0.9739933155471384,0.2938501455057261,NS,FALSE,Q3
CDH13,0.150118148409323,-0.165325596196858,0.809945979164002,0.7215610961628034,0.8949124688342778,NS,TRUE,Q2
SEC13,-0.0140685237838838,0.0671541711495749,0.9987553650934592,0.9579170968176716,0.7177855943358697,NS,TRUE,Q4
SNU13,-0.00770816681061604,-0.185132713229265,0.999641622934066,0.6586604040851245,0.3859103116749604,NS,FALSE,Q3
NPEPPS,-0.00213381451562711,-0.109400775123902,0.9999582362922488,0.8134466193423349,0.9802333261966464,NS,FALSE,Q3
HNRNPH2,-0.0250366706329146,-0.100389879235077,0.9977674574044076,0.9269934259061068,0.8290258471113038,NS,FALSE,Q3
OXCT1,0.133634373811585,-0.340209325624357,0.9503281647741852,0.46443149625045854,0.9827698203928796,NS,TRUE,Q2
SH3BGR,0.374671878965341,-0.0250870628821964,0.1622844227409252,0.9953786373363366,0.9992572038203084,NS,TRUE,Q2
EIF3B,-0.153274595630894,0.0342927426719015,0.7489734403510597,0.9881994716365904,0.9952546648614766,NS,TRUE,Q4
ATP5MF,-0.0512829160421369,-0.203429625047576,0.9819376716511172,0.5987549944431381,0.9556215279874964,NS,FALSE,Q3
NDUFV3,-0.0837285347729981,0.132849674829071,0.9689663090488732,0.9013087369079348,0.2143447645927955,NS,TRUE,Q4
MARS1,-0.0554864500003838,0.209885384273594,0.989104909571966,0.607003170209929,0.9250061769274304,NS,TRUE,Q4
ARPP19,-0.194476638358612,-0.00494664805020406,0.7694228829976348,0.9998637794184946,0.9917791071836248,NS,FALSE,Q3
ATP5F1E,-0.0242392920952099,-0.0405849784437997,0.9960256241953892,0.986220505201459,0.9745079836077384,NS,FALSE,Q3
ATP5ME,-0.0615864130697972,-0.0208346952228631,0.968697513691658,0.9962540443267648,0.9472530383305612,NS,FALSE,Q3
EIF6,-0.0199895505505303,0.0246769371896676,0.9966043806896624,0.9935862452450774,0.8886539335288434,NS,TRUE,Q4
NDUFA6,-0.317665074872522,0.130950561678326,0.43187523159061025,0.881856084674204,0.0208986637600745,Interaction,TRUE,Q4
SYNJ2BP,-0.0644606662199365,-0.00284033202838074,0.9667280162761882,0.9999370301356592,0.5777784281780179,NS,FALSE,Q3
EEFSEC,-0.580199924803718,0.366488656899286,0.09875904355766436,0.24967454411845072,0.6165222562303764,NS,TRUE,Q4
MTPN,0.0793079072309766,-0.0630436467298559,0.9278045620960144,0.9476333793986926,0.9999968708247478,NS,TRUE,Q2
DEFA3,0.474505099782018,0.00799216674409564,0.3110594648017207,0.999779883106804,0.9894687683390672,NS,FALSE,Q1
ARPC4,-0.031207451847294,0.0715438816937422,0.993826782771204,0.9547222025212314,0.7672997011654208,NS,TRUE,Q4
CD81,-0.38321672476,-0.156065471498518,0.45466508482372825,0.8776601755566478,0.2723562930309595,NS,FALSE,Q3
TPI1,-0.128477777902823,0.011334471333857,0.7795186384426049,0.9985517342580345,0.9622527268428286,NS,TRUE,Q4
EIF3E,-0.086876820186216,0.143886346218078,0.945776240551189,0.8034160677758821,0.876888166127571,NS,TRUE,Q4
SEC61B,0.358262408197,-0.487969477432797,0.7911644353757802,0.376991403642948,0.4970965324432981,NS,TRUE,Q2
GABARAPL2,0.0178504036816562,-0.126324401573015,0.9986225680899012,0.9051732275988053,0.710872702174497,NS,TRUE,Q2
ROMO1,0.0293997833143003,-0.182819176374338,0.9960514600121247,0.7789256494654736,0.90756629817047,NS,TRUE,Q2
MYL6,-0.356117088181932,0.260032431508055,0.5532854612914501,0.7081714367532989,0.37608181471636987,NS,TRUE,Q4
ACTB,-0.614001490966341,0.262399058711242,0.12192532134883312,0.717279388717783,0.1225852309670714,NS,TRUE,Q4
EIF4A1,-0.229423924648017,0.00567119903767122,0.4200903338213005,0.9996899427705038,0.7205627640514355,NS,TRUE,Q4
RPS20,-0.325418469173773,0.193664385257808,0.23512701446942888,0.6093279322200182,0.8850322779993022,NS,TRUE,Q4
PRPS1,-0.222635435296556,-0.0465949000128774,0.6278159713934806,0.9838889666983096,0.9815984040815856,NS,FALSE,Q3
PSMA6,-0.154346806111914,0.02406600841352,0.6816311923818794,0.9931377592014992,0.9519290302838516,NS,TRUE,Q4
S100A10,0.0957037710877344,0.103199278509255,0.9278257776794144,0.8979669826161061,0.9840098685746868,NS,FALSE,Q1
CDC42,0.415446028011722,-0.0848562039196601,0.03292460692352608,0.9175373811806726,0.9726661727771796,Sig Young only,TRUE,Q2
DSTN,0.142197847757295,0.196910106646506,0.9021431604546776,0.7645686359348239,0.9845136106557068,NS,FALSE,Q1
RAB2A,0.027316741610889,-0.189016403192586,0.995250443141744,0.6571803666383059,0.963167872924103,NS,TRUE,Q2
RAB5B,0.229056839669468,-0.154015185739222,0.474188908783034,0.6996981107547827,0.985957772091528,NS,TRUE,Q2
RAB10,-0.175708153955288,-0.0712071706313466,0.683063473867274,0.945292216161345,0.9942178410817044,NS,FALSE,Q3
UBE2D3,-0.0927389088588342,-0.136855972183128,0.928734229057298,0.8012369092039373,0.9934755201821134,NS,FALSE,Q3
UBE2M,-0.0561644880626204,-0.109569597103356,0.9616806404785478,0.7985062224207066,0.9985781350100504,NS,FALSE,Q3
UBE2K,0.346224680597928,-0.182550535066586,0.09410525442518076,0.5389461243787267,0.9363604168654802,NS,TRUE,Q2
UBE2N,-0.114960773857099,-0.125129637770932,0.8525148126644944,0.7866146274843935,0.9684061066341813,NS,FALSE,Q3
RAB14,-0.109133918909798,-0.0782161554623215,0.9016651698089309,0.9418596951656688,0.9938529834944057,NS,FALSE,Q3
ACTR3,0.229858469893493,0.0992135543219881,0.30614340482211344,0.8322289166610931,0.9882490283138228,NS,FALSE,Q1
ACTR2,0.261428387312272,0.179168474147961,0.2905278069996769,0.5494117350379799,0.925179133397832,NS,FALSE,Q1
ACTR1A,-0.0755161686839969,0.128649266943942,0.9307814832760908,0.7332388754354305,0.961889017478146,NS,TRUE,Q4
COPS2,0.0330075134528158,-0.0261827119982421,0.9870146746069692,0.9906102756786276,0.9152431778596518,NS,TRUE,Q2
ABCE1,-0.00443010067311178,0.193762727056079,0.9998959695910244,0.6859955484763808,0.7763012640788306,NS,TRUE,Q4
RAP1B,-0.0926436878789545,0.0165082691624541,0.9082781914860796,0.997270502990192,0.5869519398805726,NS,TRUE,Q4
RPS3A,-0.424146317932021,0.268246166764648,0.04817450609227306,0.30409851380782865,0.5251963143207806,Sig Young only,TRUE,Q4
RPL26,-0.40652555178286,0.0599047192764566,0.3085688756355168,0.9820833584190972,0.9836058774790996,NS,TRUE,Q4
RPL15,0.137501204030791,0.056377094562059,0.9011017275759382,0.9821126020898696,0.7446217269510761,NS,FALSE,Q1
PCBD1,0.0873945709888808,-0.0773595438395525,0.9165848640681964,0.923212506009208,0.992480917722044,NS,TRUE,Q2
RPL37A,-0.542309371863762,0.440285244670868,0.0775662606352083,0.1439797336194417,0.6813093587489311,NS,TRUE,Q4
RHOA,0.0553413419124666,-0.10695193755933,0.9685463567417006,0.8394979603013749,0.9956538202666948,NS,TRUE,Q2
HSPE1,-0.0320523224273579,0.214796252612718,0.9914312823038072,0.44244463247874055,0.9690223973540688,NS,TRUE,Q4
SEC61A1,-0.333644257549935,-0.144279857278853,0.504616414767995,0.8992612425220298,0.5683904385632764,NS,FALSE,Q3
VBP1,0.150395496929285,-0.0970403284288857,0.7260137595995036,0.8709216585268712,0.794199079627519,NS,TRUE,Q2
B2M,0.133290942222253,0.0302527141242201,0.8528276120273474,0.99210549943619,0.9981894850510126,NS,FALSE,Q1
DAD1,0.538895561945372,-0.172956147408925,0.4840443217623489,0.8134435183794637,0.7096432560544993,NS,TRUE,Q2
NPC2,0.888335904250329,-0.0483432016015044,0.05278091690247782,0.98864817095167,0.982910357125754,NS,TRUE,Q2
PKIA,-0.0292865008333081,-0.134962105082657,0.9937047593575428,0.8002301025849696,0.6965131322299128,NS,FALSE,Q3
SUMO2,-0.180604849224729,0.115466269175005,0.7797090989423084,0.8960636812990349,0.9921833658781234,NS,TRUE,Q4
UFM1,0.102768342360285,-0.110277771476941,0.9357030870978144,0.9010342248488632,0.42063591659255384,NS,TRUE,Q2
NUTF2,0.0536586579131004,-0.108749116494039,0.9704583711502248,0.8328123341671814,0.9425323088663136,NS,TRUE,Q2
HNRNPK,0.0824811202541156,-0.0814048845718283,0.9184257321865528,0.9044109963681216,0.8989642722091811,NS,TRUE,Q2
YWHAG,0.162946270266207,-0.046893938524228,0.558060980463953,0.963706319681826,0.7348179375953776,NS,TRUE,Q2
RRAS2,-0.0995241106641025,-0.140970463747188,0.91260407995806,0.7729268651804251,0.9791253204177004,NS,FALSE,Q3
TIMM10,0.422877274151045,-0.15283269219405,0.07985034537354875,0.7767561373958559,0.9265421966380932,NS,TRUE,Q2
RPS7,-1.20077216183579,0.279524940220156,3.187149351621385e-9,0.5328156695042485,0.8804416365201285,Sig Young only,TRUE,Q4
PPP1CA,-0.2657503620587,0.122580892500533,0.3241670871157149,0.8117699366204942,0.9925724729375228,NS,TRUE,Q4
PPP1CB,-0.0571467023718242,0.192113216505788,0.980510960900998,0.6926458873477499,0.916468989107216,NS,TRUE,Q4
PSMC1,-0.0886539780531379,0.0542672912492002,0.8951958708252808,0.9573594882418752,0.8407271256339828,NS,TRUE,Q4
PSMC5,-0.185787892193908,-0.013521420177355,0.4958424409712778,0.9977151010318654,0.9961262580292496,NS,FALSE,Q3
RPS8,-0.144173630128869,0.137565555106207,0.8097443196014725,0.7930703377459474,0.9956853396579324,NS,TRUE,Q4
RPS15A,-0.086957698651826107,0.158152068109757,0.932756231435616,0.707991719120195,0.9991007336032104,NS,TRUE,Q4
RPS16,-0.194969341903168,0.251975192785313,0.6963702552570777,0.43017264927397897,0.8605010029200802,NS,TRUE,Q4
UBE2G1,0.377010952047128,-0.0274770369849389,0.4249734052381831,0.9954983869735332,0.9608656594263384,NS,TRUE,Q2
YWHAE,0.10723035368374,-0.0505423752868559,0.8112392933844942,0.9569764419757488,0.8694283899407375,NS,TRUE,Q2
RPS14,-0.218287092129316,0.18163305890743,0.4667344757115346,0.5476151865473945,0.9839937509031844,NS,TRUE,Q4
RPS23,-0.620887349967241,0.0822353273245824,0.00935639020267758,0.954919968083632,0.8348983901357921,Sig Young only,TRUE,Q4
RPS18,-0.223743425799409,0.214613504514578,0.5393663980074822,0.4991874590249495,0.6627295330272651,NS,TRUE,Q4
RPS13,-0.305495145822913,0.307364130945484,0.4701274856221532,0.38496278454280847,0.8783803423280833,NS,TRUE,Q4
RPS11,-0.030838640387735,0.19164599092645,0.9927671871403824,0.5804832688018353,0.36461035978380574,NS,TRUE,Q4
SNRPD2,0.167610016577225,0.0336819035074427,0.7990506166568562,0.9909336853381608,0.9704694208187484,NS,FALSE,Q1
SNRPD3,-0.38566018276315,0.173245391742071,0.06104188226343653,0.6207535380265959,0.6022972675252443,NS,TRUE,Q4
TMSB4X,-0.44062645278327,0.290795592837966,0.3527754808679553,0.6177035805715085,0.9984500150216116,NS,TRUE,Q4
PSMC6,-0.285075765431994,0.0628826087282555,0.09457584042819572,0.9316141580383472,0.949300781813196,NS,TRUE,Q4
RPL7A,-0.373881241933475,0.0388071565530197,0.36247616920446496,0.992550731756396,0.9985389054857818,NS,TRUE,Q4
ETF1,0.0173003252218251,0.15126267012559,0.9984145775348756,0.8075316850972177,0.94287413537865,NS,FALSE,Q1
CNBP,0.134308965347547,-0.0819923797222266,0.8526105796780589,0.9393544837965327,0.9827296300592232,NS,TRUE,Q2
RPS4X,-0.132426039363825,0.185194661503111,0.8261920368992859,0.5878923454468444,0.9421880799504984,NS,TRUE,Q4
RPL23A,-0.591456057516531,0.254075807216289,0.00818924084351947,0.49006205471746866,0.6125014067650602,Sig Young only,TRUE,Q4
RPS6,-0.0910234493212698,0.300297600511975,0.9296067953683244,0.19501642287031923,0.9996415300079384,NS,TRUE,Q4
H2BC4,-0.289658705712856,0.109824803121626,0.7592914967870051,0.9619317621303924,0.15711521448112492,NS,TRUE,Q4
RAB1A,0.0745136477929584,-0.0332840127448968,0.9389837106138472,0.9868408858596583,0.99999521028647,NS,TRUE,Q2
RAN,0.0802899171289795,-0.0235077316602812,0.9267786639692808,0.9938287570048958,0.7758056549445406,NS,TRUE,Q2
RPL23,-0.391734277595997,0.206476481012544,0.10310117389669451,0.5657473097448912,0.355189705953516,NS,TRUE,Q4
RAP1A,0.385732992230691,-0.0527840162952486,0.5143475241445933,0.9849547602709092,0.5270825316688323,NS,TRUE,Q2
RPS15,-0.342231257411456,0.373808950106227,0.24354038944727385,0.1081786766842488,0.13493490443779776,NS,TRUE,Q4
RPS24,-0.536587688670608,0.0364826375076106,0.0515561657174402,0.9925077524259248,0.9525233905365548,NS,TRUE,Q4
RPS25,-0.34620125064631,0.211175268079035,0.19146172675125608,0.5491817034549088,0.8064039620599418,NS,TRUE,Q4
RPS26,-0.224784722322799,0.0851445011608227,0.6505978078136166,0.946069966243323,0.9000691733373279,NS,TRUE,Q4
RPS28,-0.0131214978511593,0.163685414016619,0.9991275140095808,0.7942018750937908,0.9988219699090056,NS,TRUE,Q4
GNB1,0.151175740551128,-0.152196958185925,0.7249100638517748,0.6662988621908509,0.7303710905747696,NS,TRUE,Q2
GNB2,-0.0384120627285789,-0.156304013954315,0.9875060006853068,0.6920503397991876,0.9996320465698388,NS,FALSE,Q3
RPL30,-0.541420736592688,0.120253600735687,0.10778201536464652,0.9257960369829528,0.9939852863384452,NS,TRUE,Q4
RPL31,-0.416054003177191,0.116705168067433,0.11895398933840984,0.8868851201599331,0.2252075799781961,NS,TRUE,Q4
RPL10A,-0.244388352077586,0.0986710367454187,0.7167767533467412,0.949720831746102,0.9946737198671836,NS,TRUE,Q4
RPL32,-0.643360184598023,0.51061977851343,0.12095462718901658,0.2192029867210272,0.22587819928149352,NS,TRUE,Q4
RPL11,-0.308629955687284,0.278764634349855,0.5447049684942283,0.5800072506587376,0.9676986903352144,NS,TRUE,Q4
RPL8,-0.151086104403674,0.233359344384368,0.914374392830778,0.7393282521082458,0.8960773402158816,NS,TRUE,Q4
PPIA,0.473546267940993,0.0434845880429577,0.01411366350257908,0.9823377206040242,0.8625557917621025,Sig Young only,FALSE,Q1
FKBP1A,0.0753201591078501,-0.0870929623948591,0.9604620713663417,0.9353505289750336,0.9774442798170204,NS,TRUE,Q2
RPS27A,-0.896550154927276,-0.208030678841435,4.2609852647848806e-4,0.7706738790830089,0.5621552031861351,Sig Young only,FALSE,Q3
GRB2,0.173533410548089,0.0934694469895767,0.7175603905824335,0.9095679889730393,0.3020157607295466,NS,FALSE,Q1
RAC1,0.0263761511407452,-0.056657225731815,0.99096096043084,0.9426938744425458,0.9363481567532548,NS,TRUE,Q2
AP2B1,0.0585703023538073,0.173580195311974,0.9783936713861284,0.7056162473309315,0.9995823576304652,NS,FALSE,Q1
VAMP2,0.00579364632785229,-0.246130665878237,0.9999236456028102,0.7448644556500639,0.9998000719032528,NS,TRUE,Q2
PPP3R1,-0.060846099202994,-0.12974121335294,0.9761594969278896,0.8543688122418058,0.9958502743654654,NS,FALSE,Q3
YWHAZ,0.385062426658244,-0.0364377578417354,0.02337687084777077,0.9836980355615234,0.6716556518218855,Sig Young only,TRUE,Q2
UBE2B,-0.223735416439347,0.0347332132981677,0.7713122300909012,0.9932361304562306,0.05224527028000381,NS,TRUE,Q4
PPP2R2A,0.18433977985665,-0.00607594329109062,0.5124872154080566,0.9995657408512904,0.9129560157858548,NS,TRUE,Q2
DYNLL1,0.399103941101785,-0.137823633060506,0.06406522207813639,0.7803945185068811,0.7371793684087281,NS,TRUE,Q2
DYNLT1,-0.372881205448429,0.253528642598738,0.07459550354111297,0.26510463654627753,0.7206435207248302,NS,TRUE,Q4
RPL38,-0.483435579560343,0.12406288495923,0.0299398082855971,0.8511144442035105,0.08597524314856801,Sig Young only,TRUE,Q4
SKP1,-0.0350886824029075,5.7370454481287e-5,0.9904675158035368,0.9999999735624896,0.9897132925750496,NS,TRUE,Q4
RPS21,-0.297572857291595,0.290864247501709,0.32635524158490004,0.26515478351556687,0.3062474386305325,NS,TRUE,Q4
EIF5A,0.0647476701950502,0.00853254230567657,0.953279000995852,0.9992263665356552,0.9521357134559544,NS,FALSE,Q1
RACK1,-0.182783711466325,0.185054680717798,0.6633276538449318,0.5909428562458019,0.6515742112175036,NS,TRUE,Q4
UBE2I,0.325443658234679,-0.224514780233228,0.40831561166865754,0.6385074541423231,0.6751290831588145,NS,TRUE,Q2
SELENOW,-0.159066536462834,-0.216946267080122,0.89381185526826,0.7493284588008801,0.7559326675390285,NS,FALSE,Q3
TNNC1,-0.356619247927526,0.091122547602712,0.620302529200312,0.9727133602173914,0.06253664228231218,NS,TRUE,Q4
PPP2CA,0.122408517494158,0.0128332099337953,0.7462658742423768,0.9976947770670545,0.9991861571998124,NS,FALSE,Q1
YBX1,-0.151157063650494,0.0829183413826549,0.7963522206503642,0.9332470342047732,0.4553902148777416,NS,TRUE,Q4
CSNK2B,-0.244540995652159,0.118634960900287,0.4298203774981699,0.8325936237528231,0.9731661621950936,NS,TRUE,Q4
TPM4,0.673763828838943,0.201555833085489,0.0028719997302621,0.6709267931488091,0.6566009386472188,Sig Young only,FALSE,Q1
UBE2L3,-0.0118971149477041,-0.109647909287304,0.9984898627500224,0.7865002197382236,0.8169370794859354,NS,FALSE,Q3
EEF1A1,-0.263717822867882,0.0542469605797322,0.46198207984663114,0.9760706734084966,0.7335329711765288,NS,TRUE,Q4
ACTA1,-0.60095598789287,0.342563451347953,0.16600655029182107,0.5675636029885774,0.04588519591498793,Interaction,TRUE,Q4
TUBA1B,-0.0611996211348256,0.154930744620728,0.965516608460912,0.6919642705262408,0.8155130073476193,NS,TRUE,Q4
TUBA4A,-0.370769256341156,0.164914721317682,0.11391269904319176,0.6986717578047077,0.9576492161089486,NS,TRUE,Q4
TUBB4B,-0.158406611175128,0.013286486801146,0.7000874265441858,0.9982021291421967,0.7647902396452021,NS,TRUE,Q4
CSNK2A1,-0.127995060395126,0.0826268512752222,0.8903066687859051,0.948982664642118,0.9757470669110144,NS,TRUE,Q4
PAFAH1B2,-0.195951753768885,0.187556784044443,0.8441244511589414,0.8085633403674257,0.6635281304014765,NS,TRUE,Q4
HBB,0.353427087393936,0.120635161956272,0.5244324840472474,0.9356100148202564,0.9817891212018616,NS,FALSE,Q1
HBA1,0.333799391147366,0.103684233987877,0.5735725113737824,0.9538019428636326,0.9961046856388835,NS,FALSE,Q1
EIF4G2,-5.8007147269023e-4,-0.120350882758853,0.9999977702164974,0.842885007764088,0.8351568838469692,NS,FALSE,Q3
PIP4K2B,-0.194109895385012,-0.0801630903747821,0.5935252455961127,0.9197476841785368,0.8909407965329369,NS,FALSE,Q3
CCT2,0.0437935721712535,0.120097941782365,0.9804404145548706,0.7869541511062654,0.845505927305492,NS,FALSE,Q1
GSTO1,0.367409256597117,-0.264424357492292,0.12949975838108502,0.32743588932696505,0.6717886803534024,NS,TRUE,Q2
PRKDC,0.398681548770892,0.0521769395082394,0.05329936049032501,0.9680220941245576,0.6364381158931333,NS,FALSE,Q1
DCD,-0.534261994519607,0.0340037840250567,0.18357122898445916,0.9956032910017746,0.6891500214763224,NS,TRUE,Q4
MRPS25,-0.0550360568461592,0.0927654784053296,0.978744427464081,0.9124483313906652,0.9998875961595408,NS,TRUE,Q4
MRPS5,-0.0805014348746482,0.183699537915896,0.9760956093458578,0.7686286856440557,0.8384658889924942,NS,TRUE,Q4
MRPS36,0.538627929021239,-0.218616902105339,0.08429937356262171,0.7040830377562297,0.3089733823874257,NS,TRUE,Q2
MRPS15,0.258334946339804,0.00637054360155531,0.774762953998101,0.9998601775560356,0.3534671502061568,NS,FALSE,Q1
MRPS21,-0.449198244112436,0.142566478768673,0.29562091251753736,0.8885151958345698,0.9948799328372944,NS,TRUE,Q4
SARNP,-0.238025626476139,5.5642633118147e-4,0.7408347818379766,0.9999983009303118,0.8289684519954671,NS,TRUE,Q4
LACTB,0.0270622609875382,-0.0427049226395368,0.9943963905100238,0.982663924447274,0.9489568627927129,NS,TRUE,Q2
RPL24,-0.661055051284588,0.375683870092114,0.00157096714011456,0.1520572910703337,0.02352336773751914,Interaction,TRUE,Q4
ARF1,0.0137141453053751,0.036546066624396203,0.9980646806020158,0.9819874877355044,0.9983563258656653,NS,FALSE,Q1
ARF5,0.058962570025578,0.0573327345704051,0.9689125858794514,0.9608888655547876,0.8710321477567783,NS,FALSE,Q1
ERH,0.288396065465005,0.10715624006723,0.6236595317787998,0.933184367558032,0.9926063643625292,NS,FALSE,Q1
RHOG,-0.170497132295747,0.0748429423425936,0.943280739893202,0.9641303884440284,0.9544956156645196,NS,TRUE,Q4
RPL19,-0.45281261371867,0.216264900832073,0.14859194253918928,0.6812499873642474,0.7887633979634339,NS,TRUE,Q4
SRSF3,0.161987987019518,0.22801343873099,0.8890314385981881,0.6761228529002272,0.9835963721696068,NS,FALSE,Q1
MXRA7,0.154300484417291,-0.105577628992004,0.9315809222780874,0.9507279436427694,0.9095486016926786,NS,TRUE,Q2
H3-3A,-0.52369365048726,-0.0447518731898846,0.3195101068563579,0.9939831700399532,0.1240252268387062,NS,FALSE,Q3
FBLN2,0.0391845061686062,0.153646306412433,0.9974670889617068,0.8494281772039277,0.23532434398640248,NS,FALSE,Q1
HSPG2,-0.123534431948279,-0.0611553883316844,0.931786209522102,0.98177213763731,0.3320297530793597,NS,FALSE,Q3
RBM3,-0.680611013275847,0.0331177363398432,0.0472676361455453,0.9958168155329554,0.12612708537680992,Sig Young only,TRUE,Q4
CYCS,-0.245445011181484,0.00134600929778728,0.6667646291314681,0.9999909809912146,0.7639408340722648,NS,TRUE,Q4
MPP1,-0.275625266883798,0.0907784786193613,0.6643716393386367,0.9538992501122456,0.3793315847729023,NS,TRUE,Q4
TFAM,0.459096763837866,-0.137941431747812,0.08028203567414767,0.8477690473006638,0.6974314997057263,NS,TRUE,Q2
PITPNA,-0.123525070082039,-0.00710874209918799,0.8929876895701362,0.9995900538619868,0.9995136784157044,NS,FALSE,Q3
SLC25A3,-0.030294193423746,0.0876130871375658,0.9924206448219388,0.9110069464485836,0.7263969020142772,NS,TRUE,Q4
HDLBP,-0.203658030729343,0.035017774960231,0.7986415572585682,0.9906229077430656,0.7987457953036744,NS,TRUE,Q4
PURA,-0.230146089486233,-0.12247401263566,0.5833013199370486,0.8605621869117656,0.9209341515011624,NS,FALSE,Q3
CLTC,-0.149755740705437,0.0799214598440159,0.7727552493131801,0.9298745375263332,0.6791484876170006,NS,TRUE,Q4
FKBP3,0.140668784039715,0.0138455101211967,0.7154917270139932,0.9976843667943732,0.9856190569135704,NS,FALSE,Q1
REEP5,-0.175736590288789,-0.015487031032503,0.7096918568238275,0.9980142598590268,0.19699137668994765,NS,FALSE,Q3
SORD,-0.411723928178041,-0.217937593443235,0.29259582303350234,0.6690810359459398,0.9971459157930108,NS,FALSE,Q3
HNRNPU,-0.0734305229970289,-0.22465344016754701,0.9596163331648496,0.5031457136520341,0.5776892959544605,NS,FALSE,Q3
MYBPC1,-0.43873393097924,0.158545043243116,0.4749900532765411,0.915823061047812,0.12768683143886284,NS,TRUE,Q4
PLIN5,0.601069151136276,-0.390556600007642,0.12806206433357062,0.3610189242060601,0.7645155694068642,NS,TRUE,Q2
SPTBN1,-0.0775252221663898,0.157534612834496,0.948775949890528,0.7168121434841612,0.9931488277384792,NS,TRUE,Q4
TIAL1,0.417854100147729,0.1149702344023,0.11725602883309429,0.8697105591784142,0.9574685445903388,NS,FALSE,Q1
SET,-0.29452908538541,0.30006643692704,0.5236509830145657,0.40524692152737773,0.09233325339413272,NS,TRUE,Q4
AMPD3,-0.0250599937979992,0.00614267265252977,0.9981503842516072,0.9998721844119156,0.8995159656058435,NS,TRUE,Q4
FABP5,0.239897840379985,-0.15874869380465,0.5971446548830831,0.7896925271242343,0.9539066884420344,NS,TRUE,Q2
ANK2,-0.0818134586572832,-0.0290899552863095,0.9575060027841356,0.9935195025935826,0.9166365765876512,NS,FALSE,Q3
CAP1,0.612144955172891,0.285389961535191,0.0080624653686772,0.40741271799782974,0.7728873836196986,Sig Young only,FALSE,Q1
EWSR1,0.38860364381263,-0.16806058141934,0.12652910533570613,0.6314473485406061,0.5692357572092537,NS,TRUE,Q2
TAGLN,-0.101040956489147,0.587896974570235,0.971328353994868,0.138669570757656,0.37308560904506866,NS,TRUE,Q4
OGDH,0.0254583580282635,-0.00266688376087032,0.9931989386596122,0.9999214280553332,0.9824422158773672,NS,TRUE,Q2
COX6A2,-0.665966664435988,0.17381268632445,0.05161204106537595,0.8540396741559527,0.4030842852530432,NS,TRUE,Q4
ALDH6A1,0.77686006251318,-0.521686052607595,7.979498234991985e-4,0.03564800063097454,0.6081543902056413,Sig Both,TRUE,Q2
BDH1,0.152183712967648,-0.320238104925366,0.8949424395660271,0.44502349587743806,0.9989552477309376,NS,TRUE,Q2
COL7A1,0.135527425346165,-0.145339620866633,0.9104315355355396,0.8682345384747345,0.5786735663580513,NS,TRUE,Q2
RPL18A,-0.345436228706632,0.0820670900072926,0.5014414908423969,0.9654044567545802,0.8064784993227033,NS,TRUE,Q4
CACNB1,-0.0154647701073216,-0.0352738283369618,0.997923588489666,0.9862437117973044,0.9999731909002776,NS,FALSE,Q3
MAP2K1,-0.159925698252653,0.0468123462397934,0.6369755173311384,0.9695584443556744,0.974554200952344,NS,TRUE,Q4
FKBP4,0.376960758100111,-0.088059290195627,0.11221338671451926,0.923605136554414,0.7002459703276908,NS,TRUE,Q2
RPL6,-0.428029180791469,0.268562211980569,0.302033968737764,0.6207490267273181,0.9969132026052162,NS,TRUE,Q4
AKAP12,0.096094106593064,0.273605715083043,0.9517789873992396,0.431140131924434,0.9927086454458992,NS,FALSE,Q1
SLC25A11,-0.633816990943842,0.044674663867827,0.00273539364847322,0.98621402434203,0.9862167716131324,Sig Young only,TRUE,Q4
CAV1,-0.0136478578105894,-0.0399059524597583,0.9986784807951676,0.9855203401639347,0.47944669579659965,NS,FALSE,Q3
ACY1,0.0596483148137139,0.110907629311704,0.974870492769679,0.885082422674723,0.8965834343482398,NS,FALSE,Q1
LMNB2,-0.291004948331,-8.68701794587423e-5,0.6321215752854448,0.9999999689990142,0.19975929867760148,NS,FALSE,Q3
UBXN1,0.0391809567471206,-0.0449727856867135,0.9871445751036132,0.9791805432675444,0.999434677114818,NS,TRUE,Q2
GBE1,-0.055687289898799,0.246457322735981,0.9799321052857256,0.471041242553949,0.7604001131817468,NS,TRUE,Q4
EIF4G1,-0.0329308076258599,-0.104780374827222,0.9847574221533398,0.76358349957915,0.8459207180775481,NS,FALSE,Q3
PRKCQ,-0.280342469689042,-0.165374207904904,0.5126824604507919,0.737782558015057,0.6561158996185715,NS,FALSE,Q3
GLO1,0.00749224922777358,-0.171311936150953,0.9995378547622116,0.5981013923316304,0.9903374044567188,NS,TRUE,Q2
AKR1C1,-0.234432853337683,0.0888691194547633,0.6764559825985806,0.949002982362885,0.5381848535404803,NS,TRUE,Q4
SSBP1,0.0718381036288633,0.103494892217153,0.9539919857709224,0.8772849124088608,0.8409037703718623,NS,FALSE,Q1
YWHAH,0.240889980665006,0.0832219208107539,0.2943416759358758,0.8940534027067898,0.803531244682213,NS,FALSE,Q1
PLP2,0.0731236536159141,0.0809762466741422,0.9895010481491708,0.980875233690906,0.9970442923240476,NS,FALSE,Q1
UBE3A,0.119933474696037,-0.031901298261797,0.8977328923757429,0.992019683011352,0.9598020977242944,NS,TRUE,Q2
SRSF11,-0.32137213463874,0.00426241773024572,0.5742153310980684,0.9998653227979386,0.6532934845269357,NS,TRUE,Q4
EEF1A2,-0.381131531256241,0.0664751056434021,0.18064726756160648,0.9664450825212696,0.9409745095798432,NS,TRUE,Q4
CALD1,-0.171476769279337,0.225590392518342,0.9097649660620816,0.742312391697036,0.7387693541945863,NS,TRUE,Q4
COL14A1,0.135068958906231,0.0743956325918411,0.9689280338143172,0.9891535109030736,0.955736531701127,NS,FALSE,Q1
PTPN11,0.317112400909132,0.0337085681987652,0.266476708263225,0.9899850284558198,0.9995872387202837,NS,FALSE,Q1
PSME1,0.134138060710065,0.115827321701904,0.7947667643434635,0.8194732633934102,0.34451477117710905,NS,FALSE,Q1
CACNG1,0.202407412214871,-0.417074012082296,0.793889081829802,0.17895342623086824,0.9332593499145722,NS,TRUE,Q2
ZNF33A,-0.786922044614194,-0.238626976553782,0.12716135552843785,0.8565935052236396,0.9995576599631696,NS,FALSE,Q3
PRDX1,0.0999618657998269,-0.0749785023067666,0.9091783031369972,0.9418340365181518,0.8622508493852308,NS,TRUE,Q2
RPL18,-0.0144537545340668,0.453533851439609,0.9992218574316276,0.1615358733098288,0.5782002618434033,NS,TRUE,Q4
C1QBP,-0.18253511141123,0.100700393514785,0.7017619827507589,0.8987517749818486,0.6990287912145212,NS,TRUE,Q4
CKAP4,-0.166728381531012,0.285654181602979,0.915589593127624,0.5555743500582119,0.9986704413400128,NS,TRUE,Q4
DPT,-0.258017002657994,0.035127023341026103,0.7812907788705619,0.9953926747274048,0.9917076420422464,NS,TRUE,Q4
KLC1,0.0320449951045347,0.139899223072891,0.9954118926070996,0.8145431600702361,0.9974495725428304,NS,FALSE,Q1
SRSF1,0.167820689824957,0.0253773119478637,0.8801135661890415,0.9961400234513876,0.7470157801538374,NS,FALSE,Q1
ARHGAP1,-0.60044399055937,0.472791470820841,0.00607449207621257,0.03076097697264795,0.94300312557489,Sig Both,TRUE,Q4
ACTN3,-2.12537225051161,-0.0166483326796119,1.944314673738682e-6,0.9996205534729397,0.27849412827547176,Sig Young only,FALSE,Q3
PPP3CA,-0.0857838337998729,-0.00440934680692706,0.9276877635065792,0.9998257460574708,0.908116409681176,NS,FALSE,Q3
DHX9,0.0236633487779727,0.0074463395805644,0.996289911947028,0.9995613823479348,0.9690474768720944,NS,FALSE,Q1
CRYZ,-0.0102709975580808,0.0544201823177559,0.9993075501955236,0.9738909553199704,0.999944300504275,NS,TRUE,Q4
SLC20A2,-0.542213239717533,-0.0392377057107076,0.4916061661125602,0.9968759230783238,0.05205157335830451,NS,FALSE,Q3
PUDP,0.0208516695495824,-0.0371163211135475,0.9976287701148624,0.9902761515942,0.9009098848033246,NS,TRUE,Q2
CD47,0.00452577476812976,-0.188657714256042,0.9998832828730648,0.6709768334431577,0.7420608346824848,NS,TRUE,Q2
PPID,0.0999256750163724,-0.209290673662284,0.9731534314655114,0.8109451120868084,0.9887182932043288,NS,TRUE,Q2
AHNAK,-0.234364364378596,0.0124126601090921,0.5798095156084992,0.9989382112079151,0.9338362917066338,NS,TRUE,Q4
LMOD3,-0.567411533932516,0.163915774471429,0.17458103056994642,0.8789126800363043,0.9999189145092352,NS,TRUE,Q4
HSPA14,-0.184935467155178,0.195423230211899,0.816607755439968,0.670155654648543,0.6560387506021289,NS,TRUE,Q4
SCRN3,-0.600151048100177,-0.168540067271472,0.04095062109408694,0.806145974983697,0.9849551793900404,Sig Young only,FALSE,Q3
NEXN,-0.603830093857784,0.279020166166141,0.07502840120816294,0.6111900059882162,0.3167143249290524,NS,TRUE,Q4
AP1B1,-0.203131952361549,0.249599397955738,0.7070453271298163,0.4109409580398213,0.9999471781611832,NS,TRUE,Q4
BST2,0.131342109309006,-0.130117728064228,0.8585092089779456,0.8218907709334391,0.5986749906717388,NS,TRUE,Q2
PMPCA,-0.315171102291334,0.312340159654916,0.6086688414602011,0.3627881873557137,0.4533234173985805,NS,TRUE,Q4
ASPH,-0.0934310120122497,0.0955442603605192,0.9649893783871152,0.9547106706229987,0.9917702183351728,NS,TRUE,Q4
EFEMP1,-0.150061672348283,0.124866472799944,0.9291406515669588,0.912047991029193,0.20306279178774272,NS,TRUE,Q4
STX4,-0.143822953219134,-0.0821086658300239,0.9150080821700116,0.9465071062676844,0.9715421829201611,NS,FALSE,Q3
GRSF1,0.0423759561328119,0.128533299671165,0.991956128266741,0.8934027111440078,0.9957112084563504,NS,FALSE,Q1
AIMP1,0.198582564276993,0.0336782580059669,0.5354804115267973,0.9873671169439036,0.8711766923061882,NS,FALSE,Q1
ILF3,0.100273673834575,0.0357588280813843,0.954999962077903,0.9933691858770024,0.9629251629562052,NS,FALSE,Q1
TRAP1,0.220089468787414,-0.0467502453873436,0.6030863854202184,0.9822869570522758,0.9880168972949298,NS,TRUE,Q2
ANK3,0.0265650347942668,-0.00414806894930209,0.9953907717745352,0.999868269608922,0.9948383816221712,NS,TRUE,Q2
HSPB3,-0.184347099387118,0.130629580966016,0.7948199916902049,0.881571487930516,0.8487054143165288,NS,TRUE,Q4
ECH1,0.453018856807724,-0.0251265707938941,0.05048352115318371,0.9953230749403668,0.9058262627096092,NS,TRUE,Q2
STRN3,-0.0746005683107747,-0.0380509497987838,0.9482725150953638,0.9844016979788044,0.953021938542452,NS,FALSE,Q3
COASY,-0.16987304940734,-0.0562732298497437,0.7878547666164005,0.9720572108353872,0.9535777504085604,NS,FALSE,Q3
TRDN,-0.460036533248022,0.117072212443549,0.20931457890918137,0.9255493093699886,0.96399163088304,NS,TRUE,Q4
ACACA,-0.0838131810538592,0.00248197301467101,0.9576167392926676,0.9999636406995916,0.4530595827931954,NS,TRUE,Q4
GPS1,0.00565836852443624,-0.0886235929111194,0.9996674306351944,0.8654376623379851,0.7710137961292485,NS,TRUE,Q2
MTAP,0.165811183172472,-0.165349664539491,0.8421166221534212,0.8006989047828715,0.9204847867794584,NS,TRUE,Q2
PRKAA1,-0.00130917507376793,0.0107838793497379,0.9999833935354496,0.998621174432211,0.8390913156634099,NS,TRUE,Q4
TARDBP,0.25936326203232,0.0241582311749795,0.27654077513469394,0.9932734900882174,0.9143253286578614,NS,FALSE,Q1
PAK1,0.53145801577974106,0.0060228045354016,0.40378664482174137,0.9998608679547428,0.4261741749960811,NS,FALSE,Q1
AIMP2,-0.00778892677044851,-0.0309933285329791,0.9993441410507964,0.9862455349494746,0.5769078912355905,NS,FALSE,Q3
PRDX4,-0.230888642155968,0.154786592921447,0.6599206222860228,0.8045130712277799,0.9691589251388444,NS,TRUE,Q4
PAK2,0.0433176746558779,0.0605311207607393,0.9846771523478436,0.9625649069917792,0.8752093534285834,NS,FALSE,Q1
CBX3,0.323138238752529,0.057284480086226,0.5011937976146593,0.9760550876097452,0.9997391452604956,NS,FALSE,Q1
PSMD2,-0.160434393789981,0.0656097023522406,0.5948866686023307,0.928191870790978,0.980978855635136,NS,TRUE,Q4
MYBPH,-2.23417759319499,1.72067151117998,2.635575697572842e-9,4.9832364568785715e-6,0.39687549865858807,Sig Both,TRUE,Q4
SELENBP1,0.598370303995143,-0.252178282521481,0.00145792412029381,0.4002928036485388,0.9519228898623509,Sig Young only,TRUE,Q2
TRIM28,0.120083637900876,0.0435549543112828,0.8823468509890304,0.9812765247964678,0.997835620146673,NS,FALSE,Q1
G3BP1,-0.284917199395316,0.266252275265632,0.6477451668434531,0.5864454746417843,0.4802532548409153,NS,TRUE,Q4
PABPC4,0.0369606225153696,0.0320198986376674,0.9951735731196584,0.9952811217087364,0.9949901878360412,NS,FALSE,Q1
SGCG,-0.108292284520047,-0.173569369283342,0.8611774942079241,0.5591966175307854,0.9888795216983782,NS,FALSE,Q3
EIF3I,-0.183815676004897,0.12144673989738,0.6562326841393045,0.8181201690564396,0.9985857027163954,NS,TRUE,Q4
CTBP1,0.0414098093071296,0.0463775211252369,0.9849448748404216,0.9758183203909704,0.7835039456908511,NS,FALSE,Q1
UBE2V1,-0.096316461190213,-0.09595914014794,0.9155680598672326,0.899304990491652,0.9932255724135736,NS,FALSE,Q3
DYNC1I2,-0.135588228551558,0.0892306843101949,0.7813422990283658,0.8936796616707849,0.2909617698519601,NS,TRUE,Q4
ILK,0.1054149962692,0.0031695282517461,0.8428944079170995,0.9998834055481672,0.9995399824769928,NS,FALSE,Q1
NNT,0.219737341209395,0.0691431038396964,0.5447933881683131,0.952107656694572,0.989854364282188,NS,FALSE,Q1
SNTA1,-0.529144375133512,0.0655142247552796,0.01072739213795302,0.963872058135012,0.8072977259220264,Sig Young only,TRUE,Q4
SNTB2,-0.0563851314666834,-0.0695083599092321,0.9661173583871046,0.9356722097580668,0.995321679252102,NS,FALSE,Q3
SF3B2,0.422511603690253,0.0385869703978159,0.10074606686144344,0.9885340222198482,0.9993317414102222,NS,FALSE,Q1
PDAP1,0.0858324384345117,-0.0612818700232616,0.9358678289146736,0.963127404178349,0.8872843500351495,NS,TRUE,Q2
TMED1,-0.425124752154879,0.0665034696316624,0.1581624446468518,0.9648986708372608,0.9797888269014,NS,TRUE,Q4
FKBP5,0.273389624072532,-0.174692477439784,0.40847790407691215,0.6713883533962156,0.9993517447590656,NS,TRUE,Q2
PICALM,0.264183546996637,-0.00276209253636317,0.7304905056605884,0.9999488764509888,0.5622976956485046,NS,TRUE,Q2
MTM1,-0.0796523611297992,0.0460168675882286,0.9598605497978624,0.9830996350611576,0.7992448991825274,NS,TRUE,Q4
SQSTM1,-0.69575578253124,0.117982941098468,1.2249132418388898e-4,0.8680925186112419,0.8207781168519064,Sig Young only,TRUE,Q4
MTX1,-0.156700545196212,0.0341120887819493,0.7567746750438802,0.9889607957356308,0.941287234766922,NS,TRUE,Q4
ART3,0.139109857936937,-0.431401053362311,0.915212692536434,0.19217786527277872,0.5925449230288852,NS,TRUE,Q2
ASAH1,0.4549353611459,-0.0831180372622491,0.06223170905742453,0.9419035006534016,0.984806278818152,NS,TRUE,Q2
PIN1,-0.166755366035673,0.0448769298967022,0.7540068673187243,0.9822378796706668,0.9924903398342502,NS,TRUE,Q4
CAMK2B,-0.144623904290825,0.217553029388853,0.8239881901384856,0.5268201068004517,0.8433943300372257,NS,TRUE,Q4
CAMK2G,-0.192923865836654,-0.0214990056226227,0.590824170159721,0.9954503387867162,0.9970053042187929,NS,FALSE,Q3
CAMK2D,-0.52218549526993,0.542777573122137,0.04936727547211354,0.01518867997075267,0.939485308368407,Sig Both,TRUE,Q4
DCTN2,0.0189497878958385,0.106790552157033,0.9953390364459336,0.7563041846082985,0.7541113880978109,NS,FALSE,Q1
NAE1,0.377034909949014,-0.324470098311604,0.13501096216930525,0.17191997502989448,0.986472515820446,NS,TRUE,Q2
STIM1,-0.117122975986064,0.0191198362178007,0.8607390385023523,0.9965333963865144,0.9581830978922656,NS,TRUE,Q4
CUL1,0.295513647678352,-0.0628597579189041,0.2632051991364681,0.9580302018623552,0.8453263107387684,NS,TRUE,Q2
CUL2,-0.23613800266503,0.00675301339391865,0.5883142968531343,0.9996785680895848,0.9120346004041892,NS,TRUE,Q4
CUL3,0.143906241262389,-0.0477947755771133,0.7759665241534162,0.9755425052059192,0.7245021065995476,NS,TRUE,Q2
CUL4A,0.157787084435903,-0.0765991611492325,0.6382232774097872,0.9072450105300496,0.9656684742032076,NS,TRUE,Q2
FHL1,-0.0548567936513074,0.134844317272869,0.9719703430132528,0.7617099331690972,0.9873749442562376,NS,TRUE,Q4
FHL3,-0.47844373195127,-0.204147816777578,0.06220410417173313,0.66047861835089,0.9843777165469952,NS,FALSE,Q3
ITGA7,0.137222718764551,-0.184330565282398,0.8193671934070929,0.6052806946120343,0.9707799691169666,NS,TRUE,Q2
AAMP,-0.125839593500572,0.240863091913589,0.9342977109576768,0.6425812640228755,0.9979984592444644,NS,TRUE,Q4
CACNA1S,-0.26668087681664,-0.172097612546843,0.40286491942208713,0.6811691886522029,0.9465295183031612,NS,FALSE,Q3
MOGS,-0.224655997068634,-0.104398710261908,0.8470778116329407,0.9423827062954412,0.9153345790033076,NS,FALSE,Q3
SPTAN1,-0.122165259621603,0.102207012581573,0.8832987294587258,0.8963662865687695,0.8718233425019822,NS,TRUE,Q4
AUH,0.135437028762958,0.022595870836259,0.8824024014558198,0.9968402815664764,0.9940553654893642,NS,FALSE,Q1
DDX39B,-0.286612788208419,-0.0413581097014095,0.4331710907510634,0.9875907000918486,0.9022427262801918,NS,FALSE,Q3
BLMH,-0.303046672101082,-0.100945328637252,0.42401823768612434,0.9210788308825504,0.6013384283819583,NS,FALSE,Q3
SNTB1,-0.117856377868506,-0.0227450040052268,0.8977863316772959,0.9963148465396268,0.8914719446408491,NS,FALSE,Q3
TUBB2A,0.0876276190219443,0.121551241603566,0.919632819924048,0.8022516443771696,0.6924601776441751,NS,FALSE,Q1
IDI1,0.873524220351449,-0.341695573849893,5.524334186488259e-6,0.22586971912377163,0.6813790264924644,Sig Young only,TRUE,Q2
PRKG1,-0.213217483164303,-0.284937867287727,0.6882466787426536,0.3896334914994321,0.6982668226422772,NS,FALSE,Q3
COX17,-0.085229844390426,-0.052484583609715,0.9603259987727524,0.9832083252729934,0.9993634977424076,NS,FALSE,Q3
HNRNPD,0.209845372603603,-0.0512675621518746,0.507852431178467,0.9700939169552256,0.9712054026598704,NS,TRUE,Q2
SCARB2,0.219638060145368,-0.180119540282181,0.6345199510803778,0.6715765902263295,0.08578096694752498,NS,TRUE,Q2
NID2,0.00130513916644404,-0.0311810918943074,0.9999958957414352,0.997128053485107,0.5370383441991239,NS,TRUE,Q2
IL18,-0.18747754818645,0.0735981591711266,0.9080442925984792,0.9818897766257504,0.60404133994956,NS,TRUE,Q4
DAG1,-0.0541290534447292,-0.120165829573367,0.9707684403224353,0.7989686464856643,0.9999741655575568,NS,FALSE,Q3
EIF3A,-0.181086498735233,0.0618401831642537,0.567294581228827,0.9473959972375652,0.6259118447722147,NS,TRUE,Q4
UBAP2L,-0.496845715999253,0.447769919043182,0.34306595869655426,0.35250496655603464,0.3683195377634208,NS,TRUE,Q4
MLEC,-0.328858670476496,-0.00829116121483509,0.1594567337994511,0.999398825781404,0.9516896659082812,NS,FALSE,Q3
DPYSL3,0.446569958059435,-0.162671364267222,0.13387989554365706,0.8092650761944749,0.9675867469995972,NS,TRUE,Q2
DCTN1,0.0993314085699666,0.0830959052680775,0.8884526757029688,0.90917059001810685,0.5888382593919718,NS,FALSE,Q1
DYNC1H1,-0.208617087867989,0.119374311552196,0.456450534140509,0.7818735814487763,0.15986373730996617,NS,TRUE,Q4
EIF2B1,-0.375288404785938,0.077326518881101,0.16155271485325892,0.9333282781719188,0.7140702007061248,NS,TRUE,Q4
EIF4A2,0.0302647424425508,0.143112373361255,0.9929859700208808,0.763592525729872,0.7593274987767944,NS,FALSE,Q1
CTTN,0.126068862313195,0.401443240833437,0.96097206342469,0.35296522749419473,0.9979915585721092,NS,FALSE,Q1
ENDOG,-0.133960950965523,0.0121931445958623,0.916315780426915,0.999320808172382,0.9728861198742486,NS,TRUE,Q4
FLOT2,0.0570010101869194,0.191975847236542,0.9782958766374787,0.5774600905613007,0.6458005003780249,NS,FALSE,Q1
TRIM25,-0.0579113834029314,-0.0738244555769967,0.9839730159045772,0.9622972400177012,0.9620814446129796,NS,FALSE,Q3
FLNC,-0.770637282216132,0.212225012814237,0.00205936146516024,0.7308986271882549,0.5994454449029349,Sig Young only,TRUE,Q4
MYBPC2,-0.947307700927652,0.111046037531171,0.01657272885409757,0.965582887047515,0.617926362104346,Sig Young only,TRUE,Q4
GAMT,0.292359564338053,-0.101429654152287,0.2806780037286373,0.8870099628565636,0.996744301478286,NS,TRUE,Q2
CAPRIN1,-0.90194322026424,0.279513531004667,0.00607373192789748,0.6417370588083323,0.03010438547917662,Interaction,TRUE,Q4
PRPSAP1,-0.441007226207871,-0.174410581037337,0.31325188495060946,0.8503561465387789,0.8375405886223649,NS,FALSE,Q3
ITIH4,0.21209772261259,0.0965066123709057,0.8019788984245809,0.9486965269288806,0.8978344834921593,NS,FALSE,Q1
CLINT1,-0.312602044818036,-0.00907444827374349,0.4807067783937529,0.999529409306176,0.980118652025928,NS,FALSE,Q3
GANAB,0.21319005370232,-0.0410323274018296,0.40703232370583514,0.977693363812684,0.3401404424183215,NS,TRUE,Q2
SSPN,-0.161656276027657,-0.314229188912599,0.7108167453129144,0.10406112273886634,0.6231199950369233,NS,FALSE,Q3
MVP,-0.23437596066697,0.433856829423419,0.8677355051607409,0.31141729419149816,0.8812821829388708,NS,TRUE,Q4
LTBP3,0.394446849346423,-0.0780447535274504,0.36247054051766153,0.967866048409324,0.957127321815015,NS,TRUE,Q2
LASP1,0.00352466190110334,0.143445303420311,0.9999639776576368,0.901134061827908,0.535028645429038,NS,FALSE,Q1
PTGR1,-0.284164757827703,0.273417489333465,0.6985760673208362,0.6510392625377386,0.9835073020577944,NS,TRUE,Q4
KPNB1,-0.269184778393434,0.0103656973712702,0.15282284307850522,0.9986398473058766,0.3541903022260432,NS,TRUE,Q4
NUMA1,-0.0430071395022296,-0.00141064952827819,0.9868456384774524,0.9999854669595512,0.9616733174092912,NS,FALSE,Q3
PSME4,-0.184499827230761,0.0832294451330924,0.8513422826017365,0.9623406174698024,0.5757200932288354,NS,TRUE,Q4
SLMAP,0.108094388218685,0.044126183163673,0.908076745870786,0.9840980459880334,0.5939917893732954,NS,FALSE,Q1
EMC2,-0.729474847641935,0.145007341163652,0.00170252018483261,0.8521346060294336,0.9559718383971068,Sig Young only,TRUE,Q4
PSMD6,-0.286164700240668,-0.0632374600932302,0.4241401078765637,0.9691949480942488,0.8688294045698015,NS,FALSE,Q3
ABRAXAS2,0.146772489356309,-0.0158389602218172,0.7312502932724699,0.9970871224829756,0.9729985517063464,NS,TRUE,Q2
SEPTIN2,0.2299075169805,-0.0402713712397009,0.4181288522576474,0.981612342729009,0.8816581143718566,NS,TRUE,Q2
KARS1,0.0594311626224453,-0.104212783700422,0.9535843472667664,0.8060199835327216,0.9104937693431576,NS,TRUE,Q2
EIF4H,0.054118307475008,-0.191975536569672,0.9728097159426188,0.5229536237462828,0.9609120657483669,NS,TRUE,Q2
EEA1,-0.181354419865404,0.0354328422907706,0.7417802380201141,0.9892723121129172,0.5976829939261183,NS,TRUE,Q4
PDIA6,0.110465713211664,0.0476975957615835,0.8724378366820172,0.9755439997838538,0.8275575880315038,NS,FALSE,Q1
PAFAH1B3,0.128884420964351,-0.0221200508323243,0.9210514889820844,0.9974300910313056,0.99042606890875,NS,TRUE,Q2
PLCL1,-0.0542479073620861,0.100921302815239,0.9918025563808784,0.9594907361872332,0.9636530531265312,NS,TRUE,Q4
PDK1,0.0269687977782667,-0.0624364602646672,0.996471439909432,0.9764911768763408,0.9753855051902072,NS,TRUE,Q2
PDK2,-0.122370315110992,-0.07733972847711,0.9500409509871084,0.9735852153994884,0.916647781210625,NS,FALSE,Q3
PEA15,-0.511711897646361,-0.157865614419247,0.4934883355726958,0.846193761491623,0.8935070119315115,NS,FALSE,Q3
PGM5,0.50445212310699,-0.0733131110428182,0.04353899051602919,0.9618253405498975,0.7710418453929708,Sig Young only,TRUE,Q2
PLEC,-0.955839555262628,-0.15877899083301,4.269708629501378e-7,0.8100292037686799,0.31388490803370905,Sig Young only,FALSE,Q3
PPP2R5A,-0.29843874604687,0.00448944269131957,0.5736858555665365,0.999897655992926,0.6814703365221835,NS,TRUE,Q4
PPA1,0.237867132552473,-0.0428844950307727,0.4295084572076394,0.9810867793865256,0.9011609007652877,NS,TRUE,Q2
PTGES3,0.166235266876395,-0.0678641459639202,0.7450119438549151,0.9557243358224544,0.9763054067155704,NS,TRUE,Q2
STK38,0.00470075498588685,-0.110379884677833,0.9999259590709144,0.9311875957297966,0.9002952271935004,NS,TRUE,Q2
NONO,0.0153514383194953,0.0321192332504836,0.9981818767835466,0.9900656012957404,0.8127715239332118,NS,FALSE,Q1
PTPA,0.128144637889807,-0.0296030663667359,0.9158933400562824,0.9944023050185606,0.8942964016648808,NS,TRUE,Q2
RAB35,-0.163550629201293,0.250876669393664,0.8627250216700802,0.5104304618898864,0.8274694098295754,NS,TRUE,Q4
TMED2,-0.123529673636035,0.0160623941963038,0.8795547453869558,0.9979518817370822,0.9907248460327704,NS,TRUE,Q4
PCBP1,-0.0917972306819337,0.0408522469187886,0.8882564284210444,0.9773922238605136,0.9163163210785548,NS,TRUE,Q4
PCBP2,-0.00478240479322523,0.072870149999801,0.9997815410157114,0.9210918361673291,0.9128649541486492,NS,TRUE,Q4
ELOC,-0.0999487729789905,0.0482231391460992,0.863177575657491,0.967035773442436,0.9235994768156603,NS,TRUE,Q4
ELOB,-0.277218640939154,0.0579658698791334,0.23118490153478471,0.9587128205837816,0.9016832978639432,NS,TRUE,Q4
UBE3C,0.472340993309704,-0.0657417247660277,0.35155806323999933,0.9731756702247876,0.07955003682767874,NS,TRUE,Q2
DHCR24,-0.595326238298302,0.222168171451841,0.1216261731238188,0.6898712511572646,0.07145830802490867,NS,TRUE,Q4
RSU1,0.297713780921317,-0.080389650093835,0.26941968615369605,0.9316333754124888,0.9911694671262412,NS,TRUE,Q2
PPP1R7,0.156070796281671,-0.203339147370823,0.7787607112520197,0.5550639131263012,0.7861534591015501,NS,TRUE,Q2
SEC23A,0.0537643180106393,0.0770055269739736,0.9728193180771558,0.9287092463627808,0.8232015559192759,NS,FALSE,Q1
MAPRE2,-0.125504069093157,-0.0850770050324385,0.8222866336079946,0.9083203187577664,0.984890636443408,NS,FALSE,Q3
TGFBI,0.277694814157595,-0.450098962526644,0.7530735834140767,0.30929984578979286,0.8237742139248252,NS,TRUE,Q2
TSN,0.24172126559888,-0.272082721471367,0.5140762688907,0.3187048431268841,0.9999909424608407,NS,TRUE,Q2
SF1,-0.0124113863224835,0.051072778961645,0.9995547974425972,0.9892855668432776,0.6361369304957399,NS,TRUE,Q4
TRIP10,0.237037031184489,-0.0624181475047401,0.30995637897021444,0.9430872441501568,0.6444972625233425,NS,TRUE,Q2
MAPRE1,-0.308654075572449,0.14196187321345,0.4323422902946627,0.8237080458403856,0.9879460433798184,NS,TRUE,Q4
TSC22D1,0.302425283535598,-0.271244819806412,0.8555032401284415,0.7707223216094005,0.8680641804338964,NS,TRUE,Q2
ELAVL1,-0.093279090665856,0.00388876978957242,0.9639331571026264,0.9999077118885156,0.8684106730104597,NS,TRUE,Q4
MYLK,-0.307364595375198,-0.739389088270382,0.6442434985797453,0.00659051361043653,0.9997141322277476,Sig Old only,FALSE,Q3
SPEG,-0.782287452043288,-0.0995387202487414,9.570818532438697e-5,0.9250354568098798,0.8642890068459018,Sig Young only,FALSE,Q3
TBCE,0.116015786217792,-0.0717108262671111,0.9326887759267736,0.9581484227671704,0.7678319452904997,NS,TRUE,Q2
UBE2V2,0.0170932958685626,-0.163606095947845,0.9965783386447424,0.49002345347088255,0.9917594397608018,NS,TRUE,Q2
NEDD8,0.0501262697006162,0.0523844097474679,0.9822063908626214,0.9768082441439992,0.9736468542089708,NS,FALSE,Q1
ADIPOQ,0.336235015485165,-0.130161719901221,0.21594773805408032,0.818885262020842,0.47614481276234893,NS,TRUE,Q2
RAB11B,0.0420924175605784,0.0292631768895149,0.9728510998280988,0.9853213027774498,0.9970763040999294,NS,FALSE,Q1
ZYX,-0.130455891809532,0.0935394943685708,0.8065801803362361,0.8868111285443427,0.999832995895698,NS,TRUE,Q4
HSPB2,-0.259003231840573,0.262094954964969,0.51290955036178,0.4242014883670958,0.9797334051732864,NS,TRUE,Q4
ETFDH,0.100780388357208,-0.0206955107428932,0.91839416980226,0.9966489555639788,0.9734970811296944,NS,TRUE,Q2
SEPTIN7,0.0624396166775014,0.106154157185635,0.9644044170211972,0.8611212017681398,0.8928269759513185,NS,FALSE,Q1
ADRM1,-0.130143316185354,-0.11343806650525,0.8644915642915232,0.8790142697079228,0.9519135785925338,NS,FALSE,Q3
DDB1,-0.0102531193449202,0.0254763042328179,0.998605595953652,0.98886225793233,0.7410045048330075,NS,TRUE,Q4
CDC37,0.303177818526088,-0.0114698094813441,0.08021446544721594,0.9983323147513702,0.9942682503884084,NS,TRUE,Q2
DPYSL2,0.376664893966044,0.036371442688754,0.03456943929630651,0.9844061712932376,0.9971194865900502,Sig Young only,FALSE,Q1
SYPL1,-0.224176304903054,-0.0636699363145787,0.5984625761791724,0.9664639000357228,0.3965656860173538,NS,FALSE,Q3
RBBP7,-0.351861440323326,0.105100546089364,0.6083462334588932,0.931501042169732,0.6882684766181153,NS,TRUE,Q4
SGCB,-0.0209921136207676,-0.149842032018153,0.9956100253129198,0.6399308155584765,0.9859019056944536,NS,FALSE,Q3
SGCA,0.109722826611321,-0.125377406571751,0.8586911119553177,0.7728079477834102,0.9988593632672316,NS,TRUE,Q2
FXN,0.621254325371122,-0.145854006316632,0.00176985918910889,0.8032003998400585,0.9990817423810624,Sig Young only,TRUE,Q2
FSCN1,0.139884518242063,0.648474334959865,0.9072513680918632,0.00319999979578303,0.9862987745645708,Sig Old only,FALSE,Q1
DECR1,0.15871762098357,0.0722160057558661,0.7795677015974534,0.9517485718266308,0.9989203440939474,NS,FALSE,Q1
NDUFA5,0.0265257355377244,-0.0349474344641436,0.9956203947764378,0.9908461243673966,0.394900947483125,NS,TRUE,Q2
CLPP,0.0142901971177665,-0.0323478276864684,0.9993030456525978,0.9950343571917232,0.9020769688885932,NS,TRUE,Q2
TST,0.470469453161066,-0.173120626822801,0.03861436100786059,0.7155512747021174,0.9215116383691118,Sig Young only,TRUE,Q2
KYAT1,-0.161222131907035,-0.32660192970615,0.8410009608678165,0.29267868445206546,0.9291893465465476,NS,FALSE,Q3
GUK1,0.102591554219673,-0.00325945426157226,0.9699097051044544,0.999938016092586,0.8526525365044068,NS,TRUE,Q2
HAGH,0.212150384465851,-0.182843086447786,0.47496448957815,0.5260124743173809,0.9927164185150912,NS,TRUE,Q2
NDUFA9,0.00458142769263503,-0.0386272414431232,0.9998837601965817,0.9893831672048884,0.3867185162374692,NS,TRUE,Q2
PHKG1,-0.204795589306393,0.160684997421171,0.4525338504752827,0.5823794273683424,0.997030432633048,NS,TRUE,Q4
PPP1R3A,-0.495125210356917,0.180739578346987,0.01014754924968027,0.6357229239264809,0.904991882212456,Sig Young only,TRUE,Q4
HADH,0.350399530563966,-0.113329998640229,0.05966541007650477,0.8109474882180588,0.9740828297345898,NS,TRUE,Q2
UGP2,-0.168831699100387,0.0416168585635894,0.6503676788585295,0.9796444213970942,0.9081078271737488,NS,TRUE,Q4
TXNRD1,0.0787100440744659,-0.148313917199857,0.921405702552844,0.6314103605029234,0.9197871099888408,NS,TRUE,Q2
IMMT,0.0915246170739685,-0.0466802961393604,0.9011174532297204,0.9729167771935824,0.882601818872341,NS,TRUE,Q2
IAH1,-0.00307491128415904,-0.0239595677381494,0.9999294387715733,0.9946745764060562,0.9579889366311456,NS,FALSE,Q3
KLHL40,-1.02904874521439,0.336158789928561,3.587987147803351e-4,0.5452788381761582,0.9880472560548498,Sig Young only,TRUE,Q4
TKFC,0.209968815281204,-0.0874200746677225,0.8305661822525261,0.9485174749266864,0.9928790516663938,NS,TRUE,Q2
TIMM50,0.267282542211184,0.00573980663092044,0.4232199422906333,0.9997527895751508,0.9726689422559276,NS,FALSE,Q1
NADK2,0.393494780938475,-0.100305449097629,0.24720782793533105,0.9214364072313018,0.5921872212626964,NS,TRUE,Q2
FAM98B,-0.203695251324582,-0.00299550055455811,0.6106092484888995,0.9999265503506568,0.6999638738120407,NS,FALSE,Q3
HIKESHI,-0.202268370560663,0.0972254437326967,0.5531163420038845,0.8774655477726583,0.956986114812084,NS,TRUE,Q4
PDLIM3,-0.127760389012796,0.0449357099463725,0.8943641309418547,0.9865550856179912,0.8862429600735049,NS,TRUE,Q4
HSD17B12,0.174748141844098,0.09552624536758,0.8008901410456918,0.9289810452623616,0.9948466527034964,NS,FALSE,Q1
AGK,-0.155632111894906,0.311083832379456,0.8786458247647714,0.36259982883978886,0.7709681594532851,NS,TRUE,Q4
LACTB2,0.273670704060329,-0.0051941416918595,0.4320613809879582,0.99977924694385,0.9665879577939772,NS,TRUE,Q2
DCAF6,0.233651809789642,-0.127630608609802,0.3951354730320847,0.7714941073902308,0.9323724654242898,NS,TRUE,Q2
CAVIN4,-0.049074975937355,0.012936799127548,0.9827551224367084,0.9987317892124964,0.9942950559003756,NS,TRUE,Q4
FLG2,-0.361395755841961,0.224324618338134,0.7329501741862485,0.8711938544466153,0.7323190682623809,NS,TRUE,Q4
RABL3,-0.0386465256137818,-0.0949706194751005,0.9912524269964318,0.924754188398008,0.7909078100693482,NS,FALSE,Q3
COQ5,0.605864555515662,-0.0720198802284564,0.00558063902647507,0.9621867323937902,0.9609388203225796,Sig Young only,TRUE,Q2
NOMO2,-0.300934033568296,0.0937885703059536,0.36075991222483894,0.9136726050170714,0.27286567705912634,NS,TRUE,Q4
PITRM1,0.450743297918507,0.031268229873028,0.27295950202264047,0.9955681979804692,0.928214028133434,NS,FALSE,Q1
WDR44,-0.00225271338543465,0.0778789194923881,0.999985110041782,0.9647232273972852,0.9267954657215284,NS,TRUE,Q4
COA6,-0.0755920587972057,0.0111973109061587,0.9605296131245395,0.99913314469531,0.539679307850005,NS,TRUE,Q4
TOR1AIP1,-0.237869005624059,-0.210011611444596,0.7549455731263713,0.6929304838642977,0.4277559850494345,NS,FALSE,Q3
GNAS,-0.164175289663635,-0.309224691133139,0.7607446858839342,0.1954026633510395,0.7601508052430328,NS,FALSE,Q3
TTC38,0.149549365125726,0.0971687755107347,0.9494839019708252,0.9607983209185402,0.9617850317583184,NS,FALSE,Q1
C6orf136,-0.279997390821876,-0.552602026763374,0.80742476749692,0.2815417002618393,0.7188521780598308,NS,FALSE,Q3
HP1BP3,-0.0578679177105137,0.123964940679024,0.985151999962497,0.88826921265898,0.9428261443172606,NS,TRUE,Q4
IBA57,0.659858802424019,-0.10420872291354,0.0248979535648293,0.9365472388115732,0.9750111064975664,Sig Young only,TRUE,Q2
UBR4,-4.655072974522e-4,-0.0470040021982641,0.9999988388971734,0.9767173047532828,0.8475362569735041,NS,FALSE,Q3
DCAF8,-0.114389967348757,0.099124882374646,0.906602325427441,0.9127624892283888,0.9992536830550698,NS,TRUE,Q4
DDI2,-1.14961205002167,0.142218629535972,1.1935287893029515e-4,0.928085670991695,0.4132912435805334,Sig Young only,TRUE,Q4
MICOS10,-1.32388267205993,0.161606067266259,3.2491786983047905e-8,0.8688626373839189,0.33701814814243264,Sig Young only,TRUE,Q4
LYRM7,0.13508834484508,-0.210915383996337,0.8814058104277548,0.6373140421523414,0.9998617796304198,NS,TRUE,Q2
OBSCN,-1.03561866529287,0.0451533108784368,6.063410535664594e-8,0.987801121885319,0.6204867221962013,Sig Young only,TRUE,Q4
MYOM3,-1.30519173124125,-0.0327257847879494,1.9650658027415764e-6,0.996497573432668,0.8368582784225213,Sig Young only,FALSE,Q3
PDE4DIP,-0.291451554812419,0.242101061335511,0.6985005788121598,0.7526573761404699,0.9989633235541197,NS,TRUE,Q4
BROX,0.127451599677766,0.00111081272016023,0.9223635395875928,0.9999925139644406,0.6125969601013106,NS,FALSE,Q1
LYPLAL1,-0.328244591961273,-0.0372436149607012,0.7212204665645275,0.9917766814861037,0.6250312749071476,NS,FALSE,Q3
SYPL2,-0.322266295460835,-0.293047246824216,0.3036921596095191,0.3082481416399716,0.9888931368085252,NS,FALSE,Q3
ECPAS,-0.0291986940006446,-0.0833173659797453,0.9894159980610656,0.8730523029280344,0.2320321316681475,NS,FALSE,Q3
MICOS13,-0.432530172320725,0.0909696846347998,0.17704360270230457,0.9470505120127448,0.973226491590141,NS,TRUE,Q4
RNF123,-0.139938167312508,-0.259084262722233,0.7971559621052982,0.26730001355916,0.5597855845643682,NS,FALSE,Q3
TMEM198,-0.149207271829077,-0.142725220117569,0.8938387228983069,0.8847078228872823,0.6741086741364507,NS,FALSE,Q3
CRYBG3,-1.20908737358034,-0.236661086179261,0.00704751319779221,0.8754700308339188,0.9113480497491144,Sig Young only,FALSE,Q3
NXN,0.587158272603258,-0.0543330465729355,8.312758277813242e-4,0.9709199954262848,0.9264098696034108,Sig Young only,TRUE,Q2
PTRHD1,-0.294967535178721,0.0551852801999324,0.3425232856704066,0.9742087200537852,0.9974184439259752,NS,TRUE,Q4
ABLIM2,-0.606224808471914,-0.0882207153632333,0.08486748353293258,0.962486452824038,0.5004781312127909,NS,FALSE,Q3
LAMTOR1,0.556436452695079,1.2990842289539e-4,0.01257489976159865,0.9999998672641968,0.2261412969230005,Sig Young only,FALSE,Q1
DHRS7B,-0.786352721389765,-0.126757331746408,7.024118390035895e-5,0.876715282160032,0.767940542327301,Sig Young only,FALSE,Q3
TWF2,-0.118742677646686,0.263961464571917,0.9149048225063596,0.4824901891265316,0.200997334574564,NS,TRUE,Q4
ETFRF1,-0.159255712650733,-0.201564936601351,0.8911413769837884,0.776837215684231,0.97206970670218,NS,FALSE,Q3
RAB12,0.172550599602282,-0.129294730070143,0.7623174719748269,0.8353570055374654,0.9508278606639016,NS,TRUE,Q2
DENND5A,0.235644373868528,-0.17597279838002,0.6850761542099187,0.7518278302439351,0.8942660249369804,NS,TRUE,Q2
RCSD1,0.14631547900871,-0.100720073613726,0.8086112087058471,0.8971895501089401,0.9598541872659488,NS,TRUE,Q2
SLC25A24,-0.114459422198784,0.229670169454565,0.8629033760457766,0.3592946417770468,0.902700531906604,NS,TRUE,Q4
HIBCH,0.268133381370951,0.178398084638875,0.6190056926566968,0.799046978108428,0.9976725951180248,NS,FALSE,Q1
CAVIN1,0.102422487982416,-0.0291271583034245,0.8806143621310399,0.9906835385784112,0.65881420057618,NS,TRUE,Q2
MRPL54,0.0468256204136601,0.0630932752948254,0.993319114132302,0.9797633583058868,0.734196885398317,NS,FALSE,Q1
LPCAT3,-0.46918263968259,-0.110633990430493,0.26128104038761063,0.9291845063153028,0.9474564771337078,NS,FALSE,Q3
TATDN1,0.2905048712589,-0.109431152885847,0.4826378506507986,0.9082706870050224,0.877411044637748,NS,TRUE,Q2
SFXN4,-0.44668043775841,0.169219218879597,0.30119236076261513,0.8010040475319561,0.16540526578091008,NS,TRUE,Q4
FAHD1,0.159182484626033,-0.0525707743330592,0.7839407060751235,0.9754715244222596,0.956237465102592,NS,TRUE,Q2
LMOD2,-2.26365521350751,0.156542519718908,1.3478844454499364e-12,0.9468090549552608,0.36413056630712726,Sig Young only,TRUE,Q4
SLC27A1,0.415324903194461,-0.352279242391511,0.2079517836567848,0.15785663786301582,0.41222017846264736,NS,TRUE,Q2
CCDC137,-0.941026970102879,-0.216380249465857,0.06420669479482884,0.8976803396573899,0.00184310954309169,Interaction,FALSE,Q3
CORO6,-0.61210428584133,0.17138735198477,0.09378092884312608,0.8722105166222409,0.9225909959589864,NS,TRUE,Q4
TMEM205,-0.371350915562111,-0.0993017852437532,0.11404333561862544,0.8981837775604856,0.9969153010030282,NS,FALSE,Q3
DHRS11,0.101913589653844,0.179509659119272,0.9666105053420144,0.7883847381638001,0.03462570905620475,Interaction,FALSE,Q1
APOOL,0.0831519594181529,-0.0862526086045179,0.9375314957444322,0.918743511505806,0.9997304280971492,NS,TRUE,Q2
NAPRT,-0.00703757043486064,0.0105576023236509,0.9998559465915384,0.999606168836658,0.5489175926578022,NS,TRUE,Q4
HSDL2,0.300343163831105,-0.0916946079192371,0.24717857813818067,0.9073984768366272,0.9341839645756111,NS,TRUE,Q2
KYAT3,-0.169893014548823,-0.129049224951977,0.8786484149003511,0.9042172676530532,0.9913073593622722,NS,FALSE,Q3
TRIM72,-0.00501715673139103,0.0700392115469768,0.9997049386721468,0.906953288532175,0.994906120060548,NS,TRUE,Q4
UBN2,-0.227847849469466,0.234694208481706,0.8893148954114234,0.8608033726736787,0.00749539020521791,Interaction,TRUE,Q4
TOM1L2,0.203988186200657,-0.156807361952254,0.505982718788806,0.6196291553314944,0.6878251543073757,NS,TRUE,Q2
XIRP1,-0.732651476669243,0.433615827414272,0.03897664810987698,0.33431771688509015,2.323398530468897e-5,Interaction,TRUE,Q4
VPS13C,-0.211280387971566,0.0138226529852297,0.7302811735369686,0.9987013417536964,0.905349036097672,NS,TRUE,Q4
UBE2R2,0.0871804216698315,0.00143333270047208,0.9627370858290458,0.9999889025387576,0.96092845216651,NS,FALSE,Q1
SND1,-0.203025914929679,0.276442264082366,0.7141522034510015,0.36142440830187417,0.2551461626140472,NS,TRUE,Q4
TRMT10C,0.308248565553487,0.0196123406346516,0.2810837188418319,0.9965239153489922,0.9896238823985768,NS,FALSE,Q1
BZW1,-1.0035138129552,0.0381842066063101,6.56183274756235e-5,0.9938278664367408,0.9979175388676148,Sig Young only,TRUE,Q4
EIF3M,-0.33850273118491,0.0547677390631947,0.19289296444443244,0.9713387636304291,0.9099517924924928,NS,TRUE,Q4
COPS6,-0.0140403307771138,-0.0352075760445416,0.9980217402100076,0.9838593284733153,0.9513566297250864,NS,FALSE,Q3
CHMP1B,-0.162986479682342,-0.0824774722776276,0.8382383189978816,0.9534578087178364,0.981903672776116,NS,FALSE,Q3
ERMP1,-0.210103590656898,-0.0691482111864854,0.9406436829345972,0.9807526339873448,0.8380597455653755,NS,FALSE,Q3
MRPL21,0.0448065545363967,-0.297115768211192,0.9947491138926076,0.630405405852499,0.59107006686126,NS,TRUE,Q2
DGLUCY,0.101640873165312,-0.0327576964080869,0.9347499785887868,0.9928839841304978,0.7386764997511015,NS,TRUE,Q2
MYH14,0.214883272203021,-0.00288317138338101,0.676192144810113,0.9999474108963832,0.7787148213361322,NS,TRUE,Q2
SZRD1,0.0817165747749904,-0.0478774786220342,0.9597683601386656,0.9834214172004112,0.8562161737284083,NS,TRUE,Q2
MAVS,0.378420028680566,-0.162729792297178,0.03547134566362839,0.609523923184446,0.16475407239115294,Sig Young only,TRUE,Q2
COMMD6,0.0929858596694171,-0.00452971853388107,0.9729968422733698,0.9998986600400508,0.14531886677798245,NS,TRUE,Q2
HDDC2,0.349424709418212,-0.108769230150841,0.22908522855693367,0.8697908680301077,0.38764023567563033,NS,TRUE,Q2
HDGFL2,0.520788258648878,-0.0852821710370826,0.13332362534896464,0.9424643279049982,0.9962062033882538,NS,TRUE,Q2
DCXR,0.709954611669335,-0.138341720472496,3.253828651941602e-4,0.8410569692506455,0.995775989323745,Sig Young only,TRUE,Q2
SPRED2,0.745889568576374,0.0212598072354169,0.08010494282666429,0.9987528932479628,0.9954782587140706,NS,FALSE,Q1
HUWE1,0.33214308340467,0.215284034927077,0.3657948380031743,0.6495406357340706,0.9292167445362998,NS,FALSE,Q1
GLRX5,0.063551562652993,-0.151457471612417,0.9831398507514392,0.850595160542207,0.9442297783682588,NS,TRUE,Q2
MYPN,-0.399569177538854,0.0732987192011478,0.4186350267921501,0.9767201270483612,0.9737927101277186,NS,TRUE,Q4
SRL,-0.078585200906641,-0.0443419154399649,0.926735749161155,0.9749451069995057,0.9922497844669034,NS,FALSE,Q3
PRUNE1,0.682509183678118,-0.355441306697163,0.1257697669471218,0.12904119640996525,0.0875278135557154,NS,TRUE,Q2
ACOT1,-0.1398702277158,0.0919653745004965,0.9248591071772304,0.9583417118599362,0.08031906119239539,NS,TRUE,Q4
ISCA2,0.290709686789729,-0.00840923342352795,0.4431771575903703,0.99952882709454,0.9190719529059254,NS,TRUE,Q2
MTDH,-0.143438431356042,0.068949504305369,0.829834780572172,0.953237378947469,0.6657389343050242,NS,TRUE,Q4
KTN1,-0.140135368816733,-0.0551066745665025,0.8871501497726687,0.9790695306918596,0.4629710989047907,NS,FALSE,Q3
NLRX1,0.293552646619311,-0.163992174120427,0.3988144258855405,0.7491009383003091,0.9330420394261548,NS,TRUE,Q2
ALYREF,-0.285139341662319,-0.0104345689997203,0.5785823902185355,0.9994191510105102,0.9958967637159426,NS,FALSE,Q3
MDP1,0.607221538106359,-0.110744412606419,0.01652339612831455,0.8924643899041921,0.9480801931736198,Sig Young only,TRUE,Q2
SLC25A42,-0.28312657567891,-0.756504581517451,0.8926779243259081,0.03104242554161333,0.823049613063167,Sig Old only,FALSE,Q3
NRAP,-0.905288665971486,0.33310673180663,0.00209138493023692,0.5297291524709289,0.9999919242808256,Sig Young only,TRUE,Q4
VPS36,-0.00418724444672591,-0.298198173049212,0.999929561170322,0.31866952559097395,0.9969070048951916,NS,FALSE,Q3
CAND1,-0.0290301139671421,1.20057755026437e-5,0.9941576412793512,0.9999999989365288,0.93454093689711,NS,TRUE,Q4
COMMD7,0.0203256470766604,0.218904176309431,0.9987017791607647,0.5712513915821856,0.9783915680797304,NS,FALSE,Q1
LDHD,0.242474968882409,-0.11145457070721,0.8001020922798441,0.944130443589672,0.9574022433404432,NS,TRUE,Q2
CARM1,-0.85710305463753,0.408661984256469,0.0014778243765769,0.3343417766268872,0.5563402975196594,Sig Young only,TRUE,Q4
NIT1,0.255550020800012,-0.0824927393514159,0.5534353998978722,0.9483862924748582,0.9782882126611449,NS,TRUE,Q2
NDUFA11,-0.764983058837085,-0.222059864989482,0.00782827434293311,0.7506384272583223,0.9340213048064918,Sig Young only,FALSE,Q3
ECHDC2,0.222620498661634,-0.235543787103666,0.6573703464747124,0.5356425043247824,0.955737285801762,NS,TRUE,Q2
PHYKPL,0.147371317561817,-0.169670772180893,0.8982765248529943,0.7997203893640835,0.10172133419440972,NS,TRUE,Q2
MUSTN1,-1.36251338817758,0.772157209199868,2.3765496701926283e-5,0.04231729840968363,0.1205086589255582,Sig Both,TRUE,Q4
NAXD,0.652962503087782,-0.153999347737081,4.166293233634768e-4,0.7696162563411129,0.9958408242418904,Sig Young only,TRUE,Q2
MFN1,0.0420289528449054,-0.100806974049519,0.9931039920520446,0.9381403466743812,0.6523464467665786,NS,TRUE,Q2
SLC44A2,-0.00416789150443364,-0.0311163091385112,0.9999104545809058,0.9933908126216244,0.9820126087811756,NS,FALSE,Q3
HSCB,0.129846553052767,0.110305075793512,0.9278657174697033,0.9045554218789126,0.9156112846232096,NS,FALSE,Q1
ADHFE1,0.319615898951557,-0.0689881841230537,0.5436555538139999,0.9767442723577884,0.9993281477394078,NS,TRUE,Q2
UNC45B,-0.104573735078141,0.208396647090531,0.8942995820571853,0.48456261600726414,0.9874276591354316,NS,TRUE,Q4
MSRB3,-0.436901229241023,-0.0131389668097697,0.6371133035097705,0.9991541698438028,0.00725190267241872,Interaction,FALSE,Q3
KLHDC8B,-0.0471602276774128,0.0332100858868714,0.992046207969721,0.995017194443876,0.8170789100816899,NS,TRUE,Q4
SUPV3L1,0.110028098869098,0.00768480674168615,0.9686351810063296,0.999731709413853,0.8672127581955161,NS,FALSE,Q1
THNSL1,0.356206214433035,-0.0144851060416915,0.7256542747710018,0.9988016404738044,0.8442631420798827,NS,TRUE,Q2
PM20D2,0.213231098541339,0.0445490963861843,0.8372953790718599,0.9918926856809516,0.99144120538926,NS,FALSE,Q1
MICU2,0.0353703399445386,-0.0824284495825225,0.993933828724482,0.944850313460608,0.19541441510356528,NS,TRUE,Q2
ELMOD2,-0.422580469603316,-0.10304705863491,0.6238365809036599,0.9340368006487512,0.8432465929209367,NS,FALSE,Q3
ALDH16A1,-9.4615741895509e-4,0.054385008581999,0.99999837440774,0.9832767680525304,0.7924515787404774,NS,TRUE,Q4
FAM185A,-0.055076191006366,-0.323045039862901,0.9929706969843703,0.4858246779394596,0.3853694659475653,NS,FALSE,Q3
ADSS1,0.205956248923918,0.0207941125586721,0.49116711908130817,0.9953055538384168,0.8809254275981641,NS,FALSE,Q1
NDUFAF2,0.141908068922206,-0.00312895572068683,0.9019379064290098,0.9999435574460166,0.7525182917160014,NS,TRUE,Q2
LRRC47,0.201568949999412,-0.0442064288944337,0.5187187486470611,0.9771074668267244,0.998704717578594,NS,TRUE,Q2
GPD1L,0.345684268532697,-0.144604503074071,0.01547729025160551,0.5636920966308189,0.9348964422466592,Sig Young only,TRUE,Q2
EHBP1L1,-0.23866775742313,0.1051066343115,0.47909749058841505,0.8737911403264254,0.5654422809914643,NS,TRUE,Q4
CMYA5,-0.0829612365007861,-0.134914421930823,0.9382500214691656,0.7866615015610724,0.9498743983791568,NS,FALSE,Q3
TXLNB,-0.0482379665237325,-0.0989727604504758,0.9753577229753688,0.8565284447444746,0.7045066276227532,NS,FALSE,Q3
SYNPO,-0.352427455251828,-0.151277280404518,0.3677901696660573,0.843717115048613,0.8752238225195822,NS,FALSE,Q3
TOMM5,0.0131240259476648,0.0173753654052682,0.9992383148821448,0.9981907220108772,0.8849940157910788,NS,FALSE,Q1
CHCHD4,0.4358246608247,0.124683131393454,0.20217112859357284,0.873395273198547,0.9679461660898188,NS,FALSE,Q1
CBR4,0.544945102076895,-0.0254368703944117,0.05599303853353253,0.9966137628117304,0.994746794779907,NS,TRUE,Q2
MMGT1,0.0208703368591863,-0.0669530392956013,0.997997286873216,0.96896126978417,0.5844571030437187,NS,TRUE,Q2
SMIM20,-0.0220787371276892,-0.0138574752196092,0.9977530842956616,0.9989504815168636,0.9061550455595992,NS,FALSE,Q3
CISD2,0.111346026000589,0.0559086761535745,0.9306323265073214,0.9701896906523176,0.9901347355653758,NS,FALSE,Q1
ATPAF2,0.256745363313318,-0.323807641887626,0.6703485592287172,0.30665699342302727,0.9982672159782736,NS,TRUE,Q2
JAGN1,-0.265122312985355,-0.152486648910408,0.6101953977747909,0.8452166336305458,0.998947941016921,NS,FALSE,Q3
MRPL50,0.0355569410133931,0.00905584293832007,0.9960940221464276,0.9996666053259412,0.9996258674423502,NS,FALSE,Q1
EMC1,-0.256868112069331,0.11993778747151,0.638769076297872,0.9034168499410326,0.8177928271736258,NS,TRUE,Q4
PTGR2,-0.0622908678103471,-0.144385043812377,0.9730743080991155,0.8024012115045408,0.7671456553087711,NS,FALSE,Q3
SMYD1,0.0874356322195204,0.0412804751891223,0.9610811681471032,0.9905533875999882,0.7826621442256799,NS,FALSE,Q1
NHLRC2,0.353845899231018,-0.0223288173906546,0.21469938486430565,0.9961431772052052,0.4366444643115555,NS,TRUE,Q2
RDH13,0.0354662514128634,0.223071727535061,0.9951336287906466,0.6859157812146434,0.9360184067109594,NS,FALSE,Q1
TXNDC5,0.153806961431677,0.257052694611353,0.7642279124733646,0.2658746355296582,0.980835556319588,NS,FALSE,Q1
ATAD1,-0.211644239768532,0.110133980851113,0.5911200482519257,0.8731427887559815,0.871793393774948,NS,TRUE,Q4
SCCPDH,0.0131224749946561,0.104233036649106,0.9983577396658472,0.8339483345836165,0.9393166945214216,NS,FALSE,Q1
SERBP1,-0.154816915218923,0.0273851788626409,0.8148420646523546,0.9945331614379448,0.674631037965281,NS,TRUE,Q4
FAM98A,-0.107278603427996,0.0574637141071008,0.9518110825303868,0.98387965186597,0.686832425975572,NS,TRUE,Q4
PDPR,-0.00287543090211173,0.0920023989468497,0.9999669463165562,0.9454000831001336,0.4302786470074009,NS,TRUE,Q4
NAXE,0.168915877777664,-0.069478859794323,0.5658240846687433,0.920893088862464,0.9516326994355868,NS,TRUE,Q2
NPEPL1,0.369550744149567,0.154654876634442,0.3313174733606853,0.8447152759751798,0.99587594781493,NS,FALSE,Q1
ADPRHL1,-0.141146753953826,-0.0434158099293001,0.829219840855139,0.9839847799655332,0.7644270006494321,NS,FALSE,Q3
CHDH,-0.233385936579694,0.392725414193023,0.7948379545027484,0.19963285605473197,0.01199484072767195,Interaction,TRUE,Q4
ABCF1,0.06847725514735,0.02142023125365,0.9672318145000935,0.9965924275258564,0.999861357975216,NS,FALSE,Q1
MCU,0.262980858498555,-0.0867222384556605,0.5681126398526027,0.9486162827839036,0.7345187205130702,NS,TRUE,Q2
ABHD11,0.679644462112659,0.0801722227278319,0.0255142033244429,0.9687589042906732,0.9910504101606024,Sig Young only,FALSE,Q1
ATL2,-0.327929832084749,-0.461202532961014,0.4869320609355092,0.1110295914053054,0.79926138123954,NS,FALSE,Q3
PPTC7,0.478627383681228,0.0695066932020119,0.2196986261661004,0.9726458245443026,0.8918991063487518,NS,FALSE,Q1
COQ8A,0.286651206110513,-0.0797268133376825,0.2297453060768515,0.9219271153654364,0.9809849778347378,NS,TRUE,Q2
NPLOC4,-0.247282858185908,-0.00399860734739121,0.30683767549413504,0.9998218038876356,0.9504052219158008,NS,FALSE,Q3
SPATA20,-0.628518729795505,0.227080999089921,0.26995165858603887,0.8441683550680562,0.27489292982930896,NS,TRUE,Q4
NUBPL,-0.316343638964927,0.198238398650759,0.5719193653569401,0.7291427483027534,0.34785113379242527,NS,TRUE,Q4
DEPTOR,-0.235886827399487,0.0443512071981722,0.6521216778827715,0.9878417768466408,0.9385012478348927,NS,TRUE,Q4
RDH11,-0.372803977291721,0.123350282961894,0.5258196797927508,0.9121836108395308,0.9272396385204044,NS,TRUE,Q4
LRRC20,0.0524840975303711,-0.146506057908134,0.9759195636281124,0.7330445565321456,0.7253136653416841,NS,TRUE,Q2
NT5C,-0.343621086425788,-0.0668656161970276,0.33577164276404703,0.9700971506267668,0.8534607794885876,NS,FALSE,Q3
PNPT1,0.163406701624353,-0.101399196710176,0.7713960402023279,0.8843725042433993,0.7137819394704789,NS,TRUE,Q2
SPPL2A,-0.0753797791901789,-0.0744961280576213,0.9744833834289796,0.970545929401848,0.9985519722480712,NS,FALSE,Q3
PREX1,-0.845121018913817,0.444847131028828,0.00229176359308471,0.15302353808561017,3.9104301916139886e-4,Interaction,TRUE,Q4
NEK9,-0.0463574307166574,-0.0124453214510076,0.9907797255680428,0.9989510490048976,0.15988466613972235,NS,FALSE,Q3
GPT2,1.68304294949946,-0.591984920739108,6.672392838733847e-4,0.06090711869051284,6.683937355735262e-7,Interaction,TRUE,Q2
MYOZ3,-0.689703189202362,0.368574789693497,0.0940464021816885,0.6858449246660299,0.5897908262334284,NS,TRUE,Q4
NEK7,0.0606964236795946,0.0077085936305572,0.9706415646901826,0.9995257617116828,0.9307092059797468,NS,FALSE,Q1
DTD1,0.297159300215569,-2.0101982536147e-4,0.5192011298859776,0.9999997760621244,0.970029750122554,NS,TRUE,Q2
UTP15,-0.947335852130436,0.113055347277484,0.00365214629313123,0.958372336309144,0.0630381178676267,Sig Young only,TRUE,Q4
SETD7,-0.111730879009734,0.0347642573501155,0.8763682287379024,0.9882131212714492,0.9240629432082204,NS,TRUE,Q4
NUP133,-0.0718221245080741,-0.0141151465361098,0.9860959505892236,0.9992913069244588,0.9932790349423428,NS,FALSE,Q3
PDCD6IP,0.114011651952275,0.00516957619976921,0.7985891623930337,0.9996656930586028,0.9661749573805216,NS,FALSE,Q1
THEM6,-0.16198161762685,-0.118872233766396,0.8286955685212566,0.8647054733449041,0.9934931673313192,NS,FALSE,Q3
SMIM4,-0.357996972686141,0.0260679154580217,0.32451106450058614,0.9957676230109826,0.9822372832230516,NS,TRUE,Q4
NUDCD2,-0.049243744440485,-0.0410350470486165,0.9803765121216274,0.9836364411130654,0.8943088159136777,NS,FALSE,Q3
SCFD1,0.457346258528574,-0.027655801427219,0.09329753801317088,0.9947687889181336,0.8950872277851821,NS,TRUE,Q2
PCNP,0.152796060739519,0.0306600089386713,0.9016201082519494,0.99384898713074,0.9151517778499032,NS,FALSE,Q1
DNAJA4,-0.199671137732054,0.305223423172816,0.7918552083346471,0.4269765969815076,0.95744328574306,NS,TRUE,Q4
SPRYD4,0.174905427730817,-0.0129750289671158,0.8241415387973786,0.999056005455797,0.7634708625505586,NS,TRUE,Q2
RTN4IP1,0.21137520447547,-0.0267279902168021,0.7939468608294891,0.9961608845513136,0.7021851716720665,NS,TRUE,Q2
PALLD,-0.128006224126928,0.0232261601488837,0.9338127897127416,0.9976996369559228,0.9980430670048804,NS,TRUE,Q4
SYNE2,0.260085288991718,-0.429955615164307,0.5461363620834379,0.05191555717638269,0.9725367748825914,NS,TRUE,Q2
THAP4,0.254408216439657,0.0950387561505721,0.5315250184950652,0.9217534720720756,0.9854630376635528,NS,FALSE,Q1
IFT81,-0.75438712872392,-0.0872742349153555,0.1944716574192423,0.9849617936434902,0.01496439809066445,Interaction,FALSE,Q3
TTN,-1.69859962955885,0.0184665370426202,5.059981063442919e-11,0.9989599458205186,0.9230445330034824,Sig Young only,TRUE,Q4
DDX1,0.0327687499357268,0.0736642981024609,0.9898698378712746,0.9301780609781632,0.5651806498292976,NS,FALSE,Q1
HSD17B8,0.260465374887083,-0.0213361348070897,0.5551300439438731,0.9971754838820456,0.9699974589933008,NS,TRUE,Q2
CPT1B,0.289451777168679,-0.237638921713142,0.3810884799378514,0.47830203066818505,0.9965002964770182,NS,TRUE,Q2
PSMF1,0.0792849656646304,0.00370169475995752,0.9443016280677072,0.9998820252318658,0.7936553996104304,NS,FALSE,Q1
UBXN4,0.154186090035049,0.106625073091063,0.8579606839271786,0.9107250072894748,0.9937891807595076,NS,FALSE,Q1
MYO18A,-0.221869428557568,0.0676496704136227,0.7643633654671521,0.9772023673503611,0.9209564750801053,NS,TRUE,Q4
GCN1,-0.196018291602556,0.119874891571602,0.7785255977823902,0.8513719760593581,0.8446339267042852,NS,TRUE,Q4
SGCD,-0.0693007382814983,-0.207832982100371,0.9517709984350684,0.4366118574865851,0.9882453875796412,NS,FALSE,Q3
AKAP1,0.269779440802928,-0.116357715411457,0.6762451639330614,0.9231616854247924,0.986018151429925,NS,TRUE,Q2
RABGGTA,0.0649566418682355,0.159357803302001,0.9684265600703048,0.7146271836292697,0.6173157715846657,NS,FALSE,Q1
TFG,-0.189703894136578,0.0775107134776754,0.6623581774163103,0.9388500121932852,0.9002576955811014,NS,TRUE,Q4
ARPC1A,-0.0807864932915905,-0.153080215472087,0.9442163637206826,0.6836101427135689,0.6841456215649531,NS,FALSE,Q3
P3H4,-0.325239383971521,0.186630101106726,0.6220516739163954,0.8436840630442408,0.17093754747752885,NS,TRUE,Q4
DDX17,0.11907270688026,-0.0646813250461236,0.8504519418715072,0.9468711343832196,0.9822330220564334,NS,TRUE,Q2
CELF1,-0.618053962427755,0.0687312886822298,0.01482505429669599,0.9685805177745384,0.3968544672249991,Sig Young only,TRUE,Q4
UFD1,0.104885623878431,0.174204335035817,0.9299192287675012,0.737490910017252,0.9932626760463202,NS,FALSE,Q1
RPL3L,-0.260805074600501,0.158772622148089,0.7599044231872153,0.8940640671392933,0.9870332650876874,NS,TRUE,Q4
COPS5,0.0317592387252859,-0.0758407116824138,0.992416197598674,0.9419151001118492,0.9257783651637674,NS,TRUE,Q2
KHSRP,0.210909629964075,-0.10836314417574,0.6413944657563566,0.8835642162033063,0.9961904834577976,NS,TRUE,Q2
GCDH,0.356593907182333,-0.0665499842804032,0.2611948622309144,0.9644229160404438,0.9596712377337973,NS,TRUE,Q2
TNPO1,-0.209673270211002,0.13172536108975,0.548042639556887,0.7670843460815705,0.9782546856060104,NS,TRUE,Q4
USP13,-0.131208363497251,-0.0786231678835705,0.9287920164563868,0.9612882354958148,0.998835686942146,NS,FALSE,Q3
USP9X,0.0656211060521805,0.119807644306032,0.9584735956819956,0.7646881699588118,0.29068369303630753,NS,FALSE,Q1
CUL5,0.112854231506006,-0.076835741786919,0.8253153724142664,0.9094071660572448,0.9994424908790148,NS,TRUE,Q2
LPP,0.326536953140923,-0.0850490220625417,0.3085488018415326,0.9385169593601904,0.992533696088859,NS,TRUE,Q2
ATP2A3,-0.434299730225533,0.0585589740359964,0.2144255445692021,0.9815250762663528,0.999951846930432,NS,TRUE,Q4
PHKB,-0.397106604957443,0.226250239676034,0.06405136538465661,0.43620599750355393,0.9339917966833928,NS,TRUE,Q4
UBE2F,0.376145818106927,-0.25795967980843,0.5141676139120225,0.6112264937316177,0.3846907567509316,NS,TRUE,Q2
RPL36AL,-0.46843795519074,0.250118517756082,0.13859051214788304,0.5942434238776466,0.9574790111469902,NS,TRUE,Q4
WBP2,-0.0571092429985711,-0.0342164828427549,0.9708666601576296,0.9874659002375858,0.18459244009209305,NS,FALSE,Q3
ERGIC1,-0.209319407556631,0.408506316123415,0.7964991657026597,0.21749012565236348,0.6846925200991659,NS,TRUE,Q4
MTARC2,0.0506835216571204,0.0458482529584181,0.981642960608082,0.9817380469695366,0.9686572216809408,NS,FALSE,Q1
FAM162A,0.0436076481971988,0.00800314960694948,0.9846076698808738,0.9994594408832558,0.9905935660313616,NS,FALSE,Q1
CCDC47,-0.388141967167357,0.107693817753805,0.10376811713507886,0.8553498847408234,0.38904241050627264,NS,TRUE,Q4
TMEM230,-0.0632867249087141,0.0117659456937105,0.973343647114201,0.9988884965448576,0.9999937958327216,NS,TRUE,Q4
ISOC2,0.147378924824217,-0.047579601457933,0.749326551818239,0.9742794577789444,0.7430090414806445,NS,TRUE,Q2
FERMT2,0.0173436711268735,-0.0550407743567938,0.9982358837956452,0.9765298823336848,0.97543543106525,NS,TRUE,Q2
FUBP1,0.119248486517233,-0.105421778691472,0.859063093449257,0.8650239605978711,0.9970651932117564,NS,TRUE,Q2
SLC25A46,0.943341432015327,-0.0505299969872794,2.573059180104648e-4,0.98039098518807,7.868447232404291e-4,Interaction,TRUE,Q2
TMEM143,0.168932480737336,0.053594625035533,0.8304423303296709,0.9825780926602072,0.07253119312762014,NS,FALSE,Q1
PBXIP1,0.24500534568331,-0.0258424501871062,0.36077719120304746,0.9929900897182588,0.9388454438062676,NS,TRUE,Q2
PTER,0.512363021610192,0.0409777188780627,0.5622863687760961,0.9925376970390314,0.4567894307649571,NS,FALSE,Q1
ZBTB9,-0.0584503488352119,-0.052952384270327,0.9870752526521418,0.984344927800593,0.9566099764537452,NS,FALSE,Q3
FAM136A,-0.396308074014197,0.132000977612087,0.3609154289694847,0.8980574043208394,0.888352962279255,NS,TRUE,Q4
FGGY,0.66285299743484,0.0440202537403991,0.09453915996378978,0.9895197007450168,0.6231874928350833,NS,FALSE,Q1
GALM,-0.209622560348311,0.0199947213692653,0.5947620643923518,0.9966696747286912,0.9128551981409482,NS,TRUE,Q4
DCPS,0.0883708971301775,-0.140855690644205,0.9695998333182888,0.8550806686141906,0.9929003222939892,NS,TRUE,Q2
PPP1R14B,0.127712723838812,0.287449382655581,0.8967220828928215,0.3973508921787872,0.9357504116499984,NS,FALSE,Q1
ACSF2,0.362637686567137,-0.181184035708498,0.21904902183050853,0.7111970634985941,0.9366369653747852,NS,TRUE,Q2
ISOC1,0.00189330993095282,-0.0373576858622187,0.9999836529621338,0.9894584273911322,0.19645327356201367,NS,TRUE,Q2
CCDC124,-0.0954223161340337,0.112168494816864,0.9363890300038727,0.8869861577198148,0.9102193138219736,NS,TRUE,Q4
OPTN,0.373087713450165,-0.130627021553135,0.2358421478873601,0.8466554309050425,0.8570997375183028,NS,TRUE,Q2
AP2M1,-0.228460227317239,0.0813794293525874,0.5643507852141639,0.9375898169347164,0.6617249955945353,NS,TRUE,Q4
KCTD12,-0.382098350730459,0.18281652686612,0.672953468867998,0.7685193010363941,0.09235824547529022,NS,TRUE,Q4
RMDN1,0.12104032141292,0.0863432842744842,0.8786647979259737,0.93011084043823,0.9444466802016364,NS,FALSE,Q1
ECHDC3,0.445492660409954,-0.350189816662766,0.288108168669836,0.3973843736039264,0.95615013928842,NS,TRUE,Q2
NUDT16,0.0822407496224002,-0.134615954107566,0.9575877580339344,0.8186796295951224,0.6947486941812798,NS,TRUE,Q2
CMBL,0.00525382934469221,-0.20650546244773,0.9998509831103368,0.637714681899657,0.9905135415850606,NS,TRUE,Q2
MSI2,0.0498506286697697,0.0416238879850468,0.985364546631525,0.9869461613952566,0.9925482932255292,NS,FALSE,Q1
MRPL38,-0.139733841285103,0.123158406456977,0.8894385977361727,0.891926623813852,0.508428987856896,NS,TRUE,Q4
MRRF,0.0416509853323284,-0.00183207206652725,0.991570152449204,0.9999797879596304,0.21308898487328037,NS,TRUE,Q2
MRPL53,-0.111247490310713,0.114518473623988,0.9534283547708436,0.9237130484110396,0.350294711813893,NS,TRUE,Q4
DAZAP1,-0.537591636678442,0.357633303875648,0.5606308195611418,0.7139224697010434,0.3413987658674215,NS,TRUE,Q4
DNAJA3,-0.123700156670377,-0.115450404990707,0.9238505990568336,0.91577266925183,0.8501679304062794,NS,FALSE,Q3
PTCD3,0.138839395438197,0.239306012866155,0.8650140768253438,0.5049523636258826,0.9880454659301628,NS,FALSE,Q1
MMAB,-0.0391888541839194,-0.284226205844654,0.9921446059196308,0.31617776849128076,0.707145323636481,NS,FALSE,Q3
DYNLL2,-0.130433744249327,-0.0286572143659072,0.9227362820726478,0.996373577244968,0.8903393225963258,NS,FALSE,Q3
S100A16,-0.750382903295144,0.444655476341662,0.2043739689721728,0.44112754449607594,0.9832471334269182,NS,TRUE,Q4
SCRN2,-0.0769145091358574,0.00887419334522832,0.9746864340725196,0.9996434059675936,0.9518974513401892,NS,TRUE,Q4
OTUB1,0.516930985402496,-0.122434158771537,1.1626707060659172e-4,0.7328881407669742,0.9367047552966964,Sig Young only,TRUE,Q2
CHMP6,0.151477465452942,0.0297363033754987,0.8281269929712999,0.9931411169469028,0.9880290372016086,NS,FALSE,Q1
PDXP,0.319910396382852,-0.117612045485046,0.5743027804853041,0.8919378636416586,0.6992243980556394,NS,TRUE,Q2
DCUN1D1,-0.302334745221902,0.116412874254614,0.4272312502128196,0.8907737784366889,0.9922088667210776,NS,TRUE,Q4
FAHD2A,0.4664325862461,-0.0516139861158535,0.22961153278790347,0.986330484782301,0.988281124942585,NS,TRUE,Q2
SNF8,0.125919939755413,0.0684879127100189,0.8978636832283469,0.9561904079190728,0.9965367178702772,NS,FALSE,Q1
PDLIM5,-0.550917227817891,-0.252099488365069,0.01349472741219811,0.4729491620992082,0.871573047194691,Sig Young only,FALSE,Q3
CRELD1,-0.203972418744218,0.412704049107443,0.848604953456507,0.32148538989594005,0.19290644294191903,NS,TRUE,Q4
ERO1A,-0.17768287719489,0.174994884434636,0.6520373453858004,0.5752855548209075,0.9999855605209724,NS,TRUE,Q4
AHCYL2,0.0370469770265345,0.0537751446398005,0.986509338615246,0.9626796225367767,0.845181317663936,NS,FALSE,Q1
PGAM5,0.266959154841192,-0.177013450860844,0.6295963080293481,0.762820920816256,0.5035061887518795,NS,TRUE,Q2
DDRGK1,-0.195280809694907,0.110242752231336,0.66698161627122,0.877546984776977,0.9998179651092184,NS,TRUE,Q4
PYURF,-0.858026932896749,0.13955673638468,0.00730546055362479,0.910311770776567,0.379451484505166,Sig Young only,TRUE,Q4
SUCLG2,0.0194721909851765,-0.0964581865702527,0.9983583262687176,0.9455270432102872,0.9800188624052838,NS,TRUE,Q2
ABHD14B,0.059982065163684,-0.0815069355051605,0.9677795832810762,0.924659637373606,0.9917706828839644,NS,TRUE,Q2
NGLY1,-0.413454204554416,0.280587653578991,0.11427208938092372,0.29212969731371907,0.9298976393602096,NS,TRUE,Q4
TMX3,-1.35723061513997,0.154966161742902,0.01160641064968425,0.9088834208075292,0.7901683416603491,Sig Young only,TRUE,Q4
BTF3L4,-0.196097343196445,-0.0218555800455178,0.4899923463679748,0.9941694081605368,0.7702207108877503,NS,FALSE,Q3
USP47,-0.022003690015282,-0.172621937036528,0.9970283190973838,0.6617380631051603,0.8019470231049731,NS,FALSE,Q3
CNDP2,0.0141798769094841,-0.0370737160174173,0.998419783873678,0.986194643986812,0.7009584414930242,NS,TRUE,Q2
ALPK3,-0.477175256988712,0.172277532782854,0.1019792662096874,0.7578992682167232,0.9334280911962104,NS,TRUE,Q4
STAC3,-0.293753245554321,0.162429689470276,0.4577184813606121,0.7728928487922062,0.6688676184531418,NS,TRUE,Q4
COQ10A,0.0940366772723387,0.120561386431028,0.9521808124508514,0.9027323740837272,0.2870624421845062,NS,FALSE,Q1
JSRP1,-0.0948109794304486,0.0215910024584467,0.911734504685652,0.9955896408752978,0.9651901510814676,NS,TRUE,Q4
MCEE,0.833881505561298,-0.131560999534873,0.02434795571404554,0.913997199910641,0.7924798555432704,Sig Young only,TRUE,Q2
QKI,-0.105359547621401,0.243938016298571,0.9604429377107274,0.7101674635660798,0.861744806744246,NS,TRUE,Q4
PLIN4,0.612259636776205,-0.287603808633712,0.00138395059759674,0.29735595336287585,0.9942702401641892,Sig Young only,TRUE,Q2
VPS35,0.156244560358431,0.0310337021843701,0.7717815212705578,0.9912620987622536,0.9897217847572284,NS,FALSE,Q1
PURB,0.0541010975772274,-0.0597350330919504,0.9883594437187684,0.9814359298418877,0.8317649365171433,NS,TRUE,Q2
BBS4,-0.107926264239229,-0.156558558201755,0.939524587523232,0.8401314688394319,0.9784959889804888,NS,FALSE,Q3
VPS13A,-0.536325147187014,-0.120951088352694,0.3920487818426559,0.9086131157824856,0.9158743613917748,NS,FALSE,Q3
GFM1,-0.0530475614097199,-0.228188128637122,0.9821111206027864,0.4917827530976958,0.9573507625471946,NS,FALSE,Q3
MCCC1,0.628153356978572,-0.137434077056064,0.00949647902278952,0.8573423649251765,0.9999853395822372,Sig Young only,TRUE,Q2
METTL26,0.0335838297735513,0.00584683503488748,0.9934969505893868,0.9997742239485998,0.9449760113203785,NS,FALSE,Q1
CLCC1,-0.212318133638064,-0.0795881154238849,0.619398090739335,0.9259843874833996,0.99291052561492,NS,FALSE,Q3
PEBP4,-9.798619044794e-4,-0.440342486974746,0.999996785967242,0.16907207043546618,0.9043598170521112,NS,FALSE,Q3
PLEKHF1,-0.0164275724070855,0.0467534369295457,0.9985922921838806,0.9819014227466708,5.687548628171771e-4,Interaction,TRUE,Q4
MYCBP,-0.25821602417898,0.0908358952076203,0.5005369745950484,0.9157897825273358,0.445513723287336,NS,TRUE,Q4
TBCB,0.174122391131672,0.0214275203589267,0.6989276413109116,0.9959164949977964,0.5411964010290355,NS,FALSE,Q1
PSMB7,0.083975876597286,0.0285298443498938,0.9298749942112492,0.9918342990401332,0.9420138174855276,NS,FALSE,Q1
PCYT2,0.222666271102206,-0.479899882359703,0.6895859516520264,0.02703894943089138,0.3395026471823173,Sig Old only,TRUE,Q2
PSMD1,-0.108367953764059,0.0180606071655021,0.8498587698387219,0.9962556320313284,0.807665114823842,NS,TRUE,Q4
PFDN5,-0.0727048775966495,-0.154346374630595,0.9483150439056024,0.672943738453204,0.929105189328922,NS,FALSE,Q3
PAFAH2,-0.00858613215733328,-0.114157563403108,0.9996064893667764,0.8953636828096835,0.9512478826906994,NS,FALSE,Q3
PARK7,0.0530560814920946,-0.0967181683289091,0.9653683097694008,0.8426408026483646,0.9173857068658384,NS,TRUE,Q2
VAT1,0.00857554399941662,0.0763585057157208,0.9995100693982778,0.9443189806813032,0.8134071857732043,NS,FALSE,Q1
PLIN2,1.1196332793795,-0.425437886270057,8.474388783963952e-5,0.2860276303407615,0.2453006092026453,Sig Young only,TRUE,Q2
S100A13,-0.306725945411682,0.661422389481181,0.6870344978624573,0.04821490631822599,0.31305317530566606,Sig Old only,TRUE,Q4
TSNAX,-0.147956985624411,-0.233163610348115,0.8755392270959159,0.6291206228970668,0.9136312043270894,NS,FALSE,Q3
EIF3C,-0.491081697123626,0.163242216949218,0.01129470894572261,0.703056475838142,0.9999939777546576,Sig Young only,TRUE,Q4
PHB2,0.187148685934865,0.0510599654707562,0.5616129682059503,0.9672472992327066,0.8871618143633312,NS,FALSE,Q1
COPS8,0.180768979927592,-0.028913194037397,0.6390126797969636,0.9910567729987696,0.9999468472275252,NS,TRUE,Q2
SDHC,-0.345836696480891,-0.153474163162823,0.5568330733093941,0.8948337800092202,0.7805095003939972,NS,FALSE,Q3
CHP1,-0.362634269201685,-0.0500598321942292,0.1592257537970089,0.977170687924283,0.9273109963921456,NS,FALSE,Q3
HSD17B10,0.0899289868793609,-0.0119080885744509,0.9238904635703548,0.9987451560378244,0.9789713027926498,NS,TRUE,Q2
NAP1L4,-0.223708406876554,-0.0238708468515618,0.3617132167492987,0.9930026079174676,0.9930064030028158,NS,FALSE,Q3
MGST2,-0.649707352516284,0.0961518786657187,0.01873359504395703,0.9503509848902308,0.9988201358362352,Sig Young only,TRUE,Q4
TXN2,-0.150912179539617,0.112398650033587,0.8040190237491218,0.8700447299750519,0.7579400169658014,NS,TRUE,Q4
DMAC2L,0.338704819649731,-0.29764018152143,0.3819935593062611,0.3359354683771983,0.5994179983610648,NS,TRUE,Q2
ACO2,0.290883836541298,-0.0219933687292659,0.14964957702921605,0.9942933566571984,0.9742138616171464,NS,TRUE,Q2
COQ7,0.370035288175956,-0.124649539928427,0.02330807256565279,0.738581123808284,0.9977194913956304,Sig Young only,TRUE,Q2
SLC29A1,0.0630151959557068,-0.182892648566607,0.977845886566226,0.6868962231478808,0.8246536394324937,NS,TRUE,Q2
TSG101,-0.16176904542408,-0.196814533109947,0.7550659726116699,0.5211122527211837,0.11919820432964032,NS,FALSE,Q3
CPNE1,-0.224385835147693,-0.262367610303826,0.6200941858272273,0.4178266153885465,0.9990564427954182,NS,FALSE,Q3
CCT7,-0.120750082370122,0.0921853782886259,0.776363196559631,0.8495504565397068,0.7624853837922021,NS,TRUE,Q4
PRMT1,-0.0237081973294515,-0.0969211494280913,0.995608838755764,0.893171241606588,0.6040710436104978,NS,FALSE,Q3
NIPSNAP1,-0.0280733063260037,-0.225256218499364,0.9976395772288884,0.7877106365337886,0.9396625183853398,NS,FALSE,Q3
ARPC5L,0.160658039764979,0.214068754256203,0.9276451809845292,0.6844429617874006,0.7122553604930795,NS,FALSE,Q1
MICU1,0.71665923465708,-0.0824207914364408,0.01530496384996159,0.9637368087723804,0.979974132023895,Sig Young only,TRUE,Q2
MACROD1,-0.250103847333619,-0.0993364243235355,0.3648896633898036,0.8766219630397301,0.9023111142932996,NS,FALSE,Q3
WDR77,0.079866087948691,-0.175957593556692,0.9560629132948046,0.6983158987386973,0.6976078100890182,NS,TRUE,Q2
APOL2,-0.288266535278858,0.239025647585876,0.574260942909981,0.6073851194825891,0.9541298676523858,NS,TRUE,Q4
FYCO1,-0.0150785483213909,-0.00642909240643874,0.9989220110437634,0.9997690829160116,0.7271548023607431,NS,FALSE,Q3
JPH2,-0.274065036124192,-0.0918384203941507,0.33307628970954856,0.9077277476903316,0.5327265376062558,NS,FALSE,Q3
CORO1B,-0.0740614424731163,0.32559743743802,0.9873396041100057,0.28617118887795034,0.5855390046172894,NS,TRUE,Q4
TXNDC17,-0.183103297174934,0.14491075189034,0.5959147753186792,0.6962801591512142,0.951132434912888,NS,TRUE,Q4
PLCD4,0.118195868044431,0.0190801256265338,0.8537528827657767,0.9965150352237776,0.999996656579289,NS,FALSE,Q1
CPPED1,-0.410072038706097,0.056715277008184,0.4551047474270003,0.988200504120762,0.8564676403718291,NS,TRUE,Q4
VPS25,-0.00260718105610636,-0.0917897089303672,0.9999644454795462,0.9289272312731188,0.9195351868289088,NS,FALSE,Q3
MIEN1,-0.502313054843196,0.317111272872026,0.105444459993471,0.2599916581721284,0.2818138762076352,NS,TRUE,Q4
PELO,-0.22450884420498,0.143038785485267,0.727836575049234,0.8529147135685373,0.9606414014957734,NS,TRUE,Q4
PRXL2A,0.115770559507176,-0.186753043381426,0.9355290742418848,0.7881185473313315,0.998708271611916,NS,TRUE,Q2
ERP44,0.0715459726381518,-0.359970573814245,0.9857723963650415,0.5165781498633348,0.5242875325019322,NS,TRUE,Q2
NIPSNAP3B,0.29285878070786,-0.093959390333513,0.4729142240841863,0.9380500100986936,0.9686881564380426,NS,TRUE,Q2
NTPCR,0.143878740269777,-0.0593148635033671,0.8902089969846281,0.978624332174982,0.5496732261257026,NS,TRUE,Q2
AGMAT,0.237299810026375,0.0333380689323803,0.8415647355425723,0.9961118939245508,0.9695304878672718,NS,FALSE,Q1
TACO1,0.443004577171298,-0.0473618652115597,0.16358058727300157,0.986702643044958,0.6612329976225504,NS,TRUE,Q2
ESYT1,-0.174159590515028,-0.132924266742993,0.8202543892848749,0.8787771727330349,0.9237041092703784,NS,FALSE,Q3
UBAC1,0.208322797228334,0.095650698068745,0.597906718988804,0.9054002721278466,0.9723241548093668,NS,FALSE,Q1
COPS4,0.159910776696513,-0.034086298946189,0.5706569601958705,0.9818532201677448,0.9895577256450078,NS,TRUE,Q2
DCTN5,0.4370540523405,-0.13709606764291,0.18345267053085595,0.8484705731679303,0.01364439905883888,Interaction,TRUE,Q2
AARSD1,-0.207459763730959,-0.0409691505555685,0.7620194204509427,0.9907146977372886,0.998884323372021,NS,FALSE,Q3
TMEM43,-0.214169629094926,0.200830475212829,0.6854725972358534,0.6708805093442779,0.8873063780345539,NS,TRUE,Q4
DHRS4,0.141620737711506,0.34954875338747,0.9125687729945128,0.21315255935543137,0.7757687325511069,NS,FALSE,Q1
TMEM70,-0.119927239079892,0.229649248819864,0.9489342685778612,0.7672771582108726,0.9569073885778466,NS,TRUE,Q4
TUBB6,0.0575798224073374,0.237477855605551,0.984835127891215,0.6403146089401137,0.4333143918653542,NS,FALSE,Q1
CHCHD7,0.29529701286059,-0.0176915117758973,0.48264992605086376,0.9981735994573188,0.7763388054566956,NS,TRUE,Q2
APOO,0.0594934517442134,-0.00793507805790128,0.9685271251222588,0.9994445172659676,0.86018292497337,NS,TRUE,Q2
MRI1,0.00478846842120184,0.0847655618720857,0.9999422925584376,0.9738162037066416,0.8767137460819181,NS,FALSE,Q1
ABHD6,-0.698865062345639,-0.0360895317537846,0.00337192671531122,0.9926305529852812,0.9780592663079138,Sig Young only,FALSE,Q3
ADI1,-0.238267854731344,0.0646798191633486,0.8087264223227055,0.9825756831637174,0.993082285161422,NS,TRUE,Q4
MECR,0.240948373344484,-0.0610944410554062,0.4948803389829659,0.9657302726535713,0.9980707378218452,NS,TRUE,Q2
NTMT1,0.404992551019735,0.228825531705702,0.2899244823258234,0.646706452917003,0.6093899213280175,NS,FALSE,Q1
TMEM109,-0.174090444036256,-0.184855713924527,0.7555577351460306,0.6706675892666647,0.9949151015288472,NS,FALSE,Q3
TMED9,0.119499576224754,0.0396599537342688,0.9082453129319672,0.9894357069364852,0.7501493110563727,NS,FALSE,Q1
TIMM21,0.129235650280918,0.0863409078543711,0.8975588657343194,0.9425181161663932,0.840035394151416,NS,FALSE,Q1
TPPP3,0.286051976763659,0.0704539429995918,0.7096694273880124,0.9785274677138202,0.8496067103257218,NS,FALSE,Q1
NUDT9,0.0353383915576089,-0.0643814131423817,0.9918818329826296,0.960465930523313,0.999993690684364,NS,TRUE,Q2
FUNDC2,-0.0471721329283561,-0.201893801399361,0.9796662107834148,0.4771009213038259,0.7532942112957803,NS,FALSE,Q3
SORBS1,-0.0377484942941315,-0.299578436060731,0.9964274158033892,0.5819841934426769,0.4532330207100284,NS,FALSE,Q3
HINT2,-0.0941079152470152,-0.169635492803533,0.9556103097303208,0.8139647860998475,0.9916102371077288,NS,FALSE,Q3
OSBPL11,-0.361128750115947,0.17872656336777001,0.4913466735487423,0.7744847881695718,0.994014293122083,NS,TRUE,Q4
NT5C1A,-0.577475202605982,0.261328734406373,0.0666803456137768,0.6221351378777406,0.9718713055674516,NS,TRUE,Q4
TMEM120A,-0.00107731251939924,-0.164468017589561,0.9999980181330922,0.8763648402268731,0.9444892580310622,NS,FALSE,Q3
NAA15,0.0331001044229637,0.011185915372792,0.9964659046661396,0.9994298054118044,0.9417178862409232,NS,FALSE,Q1
BCL2L13,0.0989417794469922,-0.0213006504652995,0.8681695080412559,0.9943815952987186,0.9999090700841206,NS,TRUE,Q2
AP1M1,-0.167901572621492,0.0139738720032447,0.8073732636986004,0.9986444628182736,0.1803167599292251,NS,TRUE,Q4
OSBPL1A,-0.326914385992815,0.107575661410067,0.154387743028438,0.8424189769710743,0.8205413349326754,NS,TRUE,Q4
HDHD5,0.112220479895001,0.111582263689943,0.9254514947904592,0.908640478362282,0.8424321971809394,NS,FALSE,Q1
EIF2A,-0.318435236564717,0.0129748101792906,0.3658119409260963,0.9988438440297012,0.997645286928178,NS,TRUE,Q4
MRPL13,-0.312145616074577,0.153754982631639,0.4533343162150553,0.7944233347123353,0.5446049457651239,NS,TRUE,Q4
MRPL9,-0.897000931557731,0.313832265305276,0.00876682806948294,0.6524508316332784,0.4452509500292939,Sig Young only,TRUE,Q4
MRPL4,-0.123886072760133,0.181782055728206,0.9668932485410368,0.819899318599609,0.9946264849183812,NS,TRUE,Q4
MRPL1,-0.325550457400546,0.12793700740762,0.4050203080730138,0.873560642689691,0.9699396787962928,NS,TRUE,Q4
NLN,0.0649240323537299,0.19670701419491,0.9819526337777146,0.7162859741316292,0.9659968607682198,NS,FALSE,Q1
TRIM54,-0.573540415318558,0.0862163963748586,0.00978893301475686,0.9431675839416078,0.5488982111958391,Sig Young only,TRUE,Q4
BCO2,0.16913311735361,-0.383696156992176,0.930664913391928,0.4310583024529464,0.3261316802879094,NS,TRUE,Q2
MRPL37,-0.152546114243975,0.0426278937776985,0.9009540945583834,0.9904146485171588,0.4193620121647151,NS,TRUE,Q4
ASPSCR1,-0.295262519720776,-0.205231018149078,0.4736245277333599,0.5786943057658684,0.9999782954571156,NS,FALSE,Q3
UBL5,-0.0401693269553967,-0.0157588864901825,0.9878940958535708,0.9979705498626502,0.5963281063201321,NS,FALSE,Q3
NIBAN1,-0.00732296327185011,-0.112256422966286,0.9997348340390202,0.9075086717656924,0.4642698655708475,NS,FALSE,Q3
UBXN6,-0.0478293116968196,0.107910603770421,0.984953321775886,0.8822698403497057,0.94190844271202,NS,TRUE,Q4
LNPK,0.0529121925120037,-0.0315038524933549,0.9768592073049364,0.9907486950368852,0.897441723446694,NS,TRUE,Q2
PITHD1,0.339645309215935,-0.099569325114448,0.4512479794508986,0.926425787755236,0.9980704880460596,NS,TRUE,Q2
SLIRP,0.0531374753248564,0.0846187876991742,0.9833549081610986,0.9433411076716236,0.9977138368864444,NS,FALSE,Q1
NIF3L1,-0.133585507758266,-0.113866900705677,0.8179229943587706,0.844561599243534,0.8232940117958483,NS,FALSE,Q3
EGLN1,0.394515896736063,0.035210189052664403,0.4650130686156725,0.9927513555038544,0.9986798857138808,NS,FALSE,Q1
ANKRD2,-0.223021877287451,0.327900746457278,0.7940806840279345,0.4950631811764361,0.8505509172398812,NS,TRUE,Q4
NAA50,0.179809239385804,0.0055319580665163,0.6551379170547873,0.9997232430684964,0.6673621508334392,NS,FALSE,Q1
TMEM126A,0.0568131789681239,-0.113233644040488,0.9757551170532794,0.8706420518781018,0.999886452545617,NS,TRUE,Q2
PAIP1,0.237777113707104,0.0371815760909264,0.5147033527388485,0.9877194476403642,0.88611029181304,NS,FALSE,Q1
CLPB,0.182304770940227,0.0645918561703134,0.853906299220459,0.9754007350560944,0.9932237054793712,NS,FALSE,Q1
TOLLIP,-0.232701604191735,-0.0665148988076076,0.4746891257502452,0.953707411085008,0.9960645650141576,NS,FALSE,Q3
PCBD2,0.28256101655948,-0.16781180213308,0.20015535555188765,0.5814972203900305,0.9940551941749036,NS,TRUE,Q2
NT5C3A,0.0872393108018272,-0.104205895203339,0.9085444149359216,0.8368067709099458,0.9504381300526584,NS,TRUE,Q2
HDHD2,0.0133871279879365,-0.0467468866296272,0.9985457762605642,0.9763926063929508,0.9216443808628042,NS,TRUE,Q2
RAB1B,-0.00932079457588486,-0.095192149708609,0.9995132725284362,0.926831077369718,0.6146926519511179,NS,FALSE,Q3
C11orf54,0.168629618945864,-0.266090561999999,0.704709100880079,0.25631054425030986,0.9789592908040256,NS,TRUE,Q2
NUCKS1,0.190546205192344,-0.117843260320093,0.578011280312061,0.8101080654215029,0.998863250031272,NS,TRUE,Q2
TMX4,-0.0812525174392,-0.115781910886298,0.9410102103991604,0.8404222800446561,0.9955343747479338,NS,FALSE,Q3
MYLK2,-0.227081774232783,-0.551359868116908,0.7735330581943594,0.06285535460143621,0.9398398457155148,NS,FALSE,Q3
EHD4,0.178339193380825,0.12617281554137,0.8734801683106387,0.8688190764298839,0.6289638950210112,NS,FALSE,Q1
SH3BGRL3,0.225154979910386,0.234783558511122,0.6570692128486749,0.504738603834069,0.6386501774702704,NS,FALSE,Q1
SLK,-0.0990502919387524,0.195318128645855,0.9363827787727418,0.6051286965387088,0.99509495012759,NS,TRUE,Q4
PPIL3,0.167063808180615,-0.0269497676541874,0.8615222310095196,0.9964122029439998,0.8838071841219466,NS,TRUE,Q2
LRMDA,-0.601699880754019,0.00684133538869602,0.00693143083018819,0.9997160643578156,0.9618182363191998,Sig Young only,TRUE,Q4
TNMD,0.160585767829467,-0.169061271314799,0.8385714120924815,0.7848331043914619,0.9255176440412882,NS,TRUE,Q2
PPA2,0.0646302247306174,-0.025977581458573,0.9664022984944612,0.9942490179182688,0.9996326652967334,NS,TRUE,Q2
MRPL46,-0.0255583828586587,0.0720528523433757,0.9968060534467968,0.9610704609943596,0.7056866336495515,NS,TRUE,Q4
TMEM245,0.249232454687206,-0.0744656057909943,0.5672380095712147,0.94491925922156,0.8932609281334404,NS,TRUE,Q2
C11orf68,-0.168237693690191,0.0215414867248107,0.8120741731162181,0.996836763341762,0.9998345740727924,NS,TRUE,Q4
GHITM,-0.218097921702814,0.0828071575481601,0.6224539482039221,0.941364867797274,0.8706960608811021,NS,TRUE,Q4
BOLA2,-0.0210013200114965,0.157711115426025,0.9974966095839154,0.7691974816765033,0.6672008340058933,NS,TRUE,Q4
TMX1,0.214053817199581,-0.00592722278746649,0.621898697623416,0.9997402627232496,0.9424594446788412,NS,TRUE,Q2
CHMP4B,0.0234958541201422,0.0728324177176418,0.9951600157509212,0.934909027602742,0.9656373228088936,NS,FALSE,Q1
RBKS,-0.113169380537183,-0.281355962575958,0.9218653745614432,0.4282267109910941,0.990296548515468,NS,FALSE,Q3
FN3K,0.278492304664454,-0.00995105509918659,0.2854821908791111,0.9991038656725066,0.8498304153869837,NS,TRUE,Q2
TOR1AIP2,0.0976187681493066,0.100466078531758,0.9760869872748806,0.9373717318864284,0.9943614253713676,NS,FALSE,Q1
RNPEP,0.335806827094601,-0.223033618375194,0.2038532256033392,0.4904089971670038,0.9930639852602866,NS,TRUE,Q2
GLIPR2,-0.164596090386995,0.607388532265103,0.907053468711468,0.01568688820537793,0.9194783122200686,Sig Old only,TRUE,Q4
EHD1,0.0984871524634521,-0.0481590566832146,0.8827451107374598,0.970750209038978,0.9974790484596918,NS,TRUE,Q2
TMEM38A,-0.549029267459996,-0.125991495808162,0.04197031611735258,0.8951866228206821,0.9999863594613956,Sig Young only,FALSE,Q3
OPA3,0.0526385370374669,-0.0860015375224812,0.9857123951394392,0.9496814560424992,0.9873258432111364,NS,TRUE,Q2
DCTPP1,0.367519748523119,-0.0647601638947357,0.4260117032586076,0.9739862855106158,0.9676219606104162,NS,TRUE,Q2
AAMDC,0.315106742978177,-0.275460965845184,0.3505045783804628,0.3916808301103869,0.9708335640257504,NS,TRUE,Q2
PTGES2,-0.0387085058779739,0.0626448753720865,0.9889392316833232,0.9632568122776684,0.9824207467996856,NS,TRUE,Q4
UBE2Z,0.211648505889087,-0.0630744970876833,0.6321518212229386,0.9616391506809466,0.7501350368833306,NS,TRUE,Q2
ACAD9,0.0564276721427817,0.0041552943655141,0.9829766869451728,0.9999007724383958,0.871193401017566,NS,FALSE,Q1
METTL7A,0.138417058168539,-0.347071091870742,0.8723479346530323,0.21051128691039905,0.9257801274874028,NS,TRUE,Q2
COQ10B,-0.229994534518745,-0.139967000334313,0.7159460604847465,0.8772501180812207,0.9972495137629576,NS,FALSE,Q3
MOB1A,0.104524463649231,-0.0253207501802173,0.9397091361365156,0.9958108311966196,0.9990786457245272,NS,TRUE,Q2
GORASP2,-0.00913046651263372,-0.0607946991350978,0.9993625354356556,0.9578288605023244,0.9990526812400348,NS,FALSE,Q3
JPT2,0.734815862657774,0.414117110663422,0.03352118483920965,0.22030808265456048,0.385650504773137,Sig Young only,FALSE,Q1
SYNPO2L,-1.8304287542026,0.0886707941369203,3.467409334877838e-13,0.972495908180354,0.2424461008247098,Sig Young only,TRUE,Q4
ARMT1,-0.138363500978283,-0.261189325790294,0.8816223670006381,0.4825577103335604,0.9143054374677924,NS,FALSE,Q3
LRRC40,0.30008838465495,-0.0193688171090081,0.7700067766928207,0.9975564258342824,0.7505612250545176,NS,TRUE,Q2
SFXN1,0.322053928524909,0.0659836376431358,0.18680689316774168,0.9530016173387028,0.999987860717917,NS,FALSE,Q1
L2HGDH,0.266190753737916,-0.0342519085096278,0.4735717750596508,0.9913479037866538,0.9111472809907504,NS,TRUE,Q2
COPS7B,1.01339887334584,-0.455490221325272,0.01206926862432053,0.21885779051530188,5.427799618069422e-4,Interaction,TRUE,Q2
FN3KRP,0.262738435980239,0.0463078600247435,0.8128401085457854,0.9923578168075432,0.9644549463262532,NS,FALSE,Q1
TBC1D17,0.079447692882642,-0.026650501770149,0.9558962327111686,0.9946471941275576,0.9864745247038698,NS,TRUE,Q2
CACYBP,0.184589039499631,0.060381038939795,0.7811242349906409,0.9745880097674404,0.8650762628038172,NS,FALSE,Q1
RDH14,0.011121357208264,0.137622901860297,0.9992855189459322,0.8124586097167572,0.7444805458788926,NS,FALSE,Q1
PARVB,0.0356845939035217,-0.0700396601411697,0.9917711100262492,0.9518222583095636,0.8561002359173415,NS,TRUE,Q2
TNS1,0.305051385652607,-0.0655024180199923,0.3989515058260299,0.9684851067114408,0.6841111067806828,NS,TRUE,Q2
PLGRKT,0.200456058181771,-0.0324136882179609,0.8079153546311095,0.9949927719895296,0.7891539871223786,NS,TRUE,Q2
GLOD4,0.16619658610875,-0.0759274358833864,0.6083807192944493,0.91115944290367,0.9789586492568886,NS,TRUE,Q2
MCCC2,0.0764160052528844,-0.0109477113832384,0.9757937362945548,0.9993698513446184,0.6890340313351031,NS,TRUE,Q2
HHATL,-0.328255167518236,-0.163687071895836,0.4032496371635984,0.8104606092774594,0.878292565873025,NS,FALSE,Q3
PREB,0.187362879862537,-0.00976018224344699,0.7085479468783298,0.9991196022965464,0.515440406228654,NS,TRUE,Q2
MRPL47,-0.0179088870169828,-0.159333803595128,0.9981150399267652,0.7277634426242223,0.8120720267647487,NS,FALSE,Q3
JPH1,-0.239180298499701,-0.0173950545671353,0.48479025936864334,0.9974916423557189,0.9611417662550452,NS,FALSE,Q3
APMAP,-0.0815457797259072,0.149550649500767,0.954715850443364,0.7506105571608451,0.773765207899849,NS,TRUE,Q4
TXNRD2,0.135603206343326,-0.0884679857115884,0.8931470012979424,0.9458190278451468,0.999802489113317,NS,TRUE,Q2
RAB18,0.0951420664780613,-0.075727492108534,0.908967947471758,0.9324393839388252,0.5569713972454283,NS,TRUE,Q2
PALMD,0.190965781132363,-0.00295225490236461,0.7426173926220639,0.9999429615698936,0.9411238059094156,NS,TRUE,Q2
SSU72,-0.299454717210979,0.0163923054053754,0.4450086705265687,0.997886747706958,1.75761315729867e-5,Interaction,TRUE,Q4
VTA1,-0.0588177852008478,-0.0526661804502879,0.9703288393994004,0.9716593055724496,0.9516029590536662,NS,FALSE,Q3
SARS2,0.214828252721016,0.00873252448671735,0.6691042671007498,0.999477814329536,0.9213891078574048,NS,FALSE,Q1
DYNLRB1,-0.250824305541119,0.237105793836609,0.5718696585277814,0.5065712676665158,0.8536295000826432,NS,TRUE,Q4
MYOZ1,-1.74946388734659,0.0791388812087526,2.3339358739979303e-5,0.988822221608621,0.3498975591797336,Sig Young only,TRUE,Q4
MYOZ2,-0.621436443870515,-0.415535846318704,0.39067698703519865,0.6605711200108573,0.8707991154092102,NS,FALSE,Q3
OSGEP,-0.337063903160818,0.0861176742307137,0.29468833568209574,0.9236383346251152,0.9086699306348296,NS,TRUE,Q4
ACOT13,0.0772961050527208,0.0779708806243669,0.9478756649514292,0.9363347526682414,0.9872667508758742,NS,FALSE,Q1
MRPL40,0.305113862882056,0.0429676392367639,0.5126198525420753,0.988333605573544,0.998487823288905,NS,FALSE,Q1
TIGAR,0.391524833789436,-0.249612763581865,0.5979808888836367,0.7137869960311949,0.4839823613959224,NS,TRUE,Q2
RTN4,0.0530635189682265,-0.179963727289909,0.9705860839168337,0.5253048765565109,0.7218128645988269,NS,TRUE,Q2
HINT3,-0.437976874757545,-0.048413182431748,0.23452634920313004,0.9889745225491632,0.7802838539761412,NS,FALSE,Q3
PFDN4,0.20966602295535,-0.0556680334839044,0.6222346086066465,0.9726404808177056,0.9774876349198648,NS,TRUE,Q2
NIT2,-0.0790603316191145,-0.0731731534152438,0.9136450449194968,0.9121337930953682,0.8720545926783512,NS,FALSE,Q3
XPNPEP1,-0.250354774596882,-0.0424790777430069,0.36115139008466823,0.9806281197177298,0.9325227278296264,NS,FALSE,Q3
GPHN,0.192839111818706,-0.19136391718331,0.7674361841922506,0.6847564593830452,0.9410629713817542,NS,TRUE,Q2
PDLIM7,-0.635835858312344,0.0736040751373537,0.14040962893165718,0.9823244365014788,0.4105456244097842,NS,TRUE,Q4
ACSS2,0.269498582554039,-0.165785572950377,0.34848117764979164,0.6544971218508358,0.7566572551735115,NS,TRUE,Q2
DIABLO,0.21997257424848,-0.0309465081447371,0.6051175998322523,0.9923603404578504,0.5858441073845165,NS,TRUE,Q2
SAR1A,0.239951591644346,-0.184592208436232,0.4266045059871276,0.5748458273656094,0.7880783407841897,NS,TRUE,Q2
SH3GLB2,-0.358886170907692,0.021714101795709,0.3237046942010591,0.9963716063738728,0.9946633722120264,NS,TRUE,Q4
EIF2B3,-0.280270552707471,0.194463168331492,0.8020361488596986,0.7120170358131069,0.7842266554492985,NS,TRUE,Q4
MBNL1,-0.0950546042669984,0.0792211744320568,0.905795480771848,0.920736279475708,0.9997012911629404,NS,TRUE,Q4
SDR39U1,0.421782148749966,-0.163590969859811,0.26140583568830156,0.8274700850844503,0.9989627078022904,NS,TRUE,Q2
AASDHPPT,0.104724360016931,-0.142947181985342,0.9496266957512504,0.8443875889752852,0.9999911561503224,NS,TRUE,Q2
OSTC,-0.376923898112299,0.0192838558586068,0.38819024748397063,0.9976673288042126,0.6227515532151946,NS,TRUE,Q4
CMC2,0.10733067936496,-0.029418742346806,0.9370888975567754,0.9946188372003472,0.9997777277257992,NS,TRUE,Q2
HEBP1,0.0704748551789365,0.187058252089969,0.95825386428877,0.5951156064166085,0.4320287606427113,NS,FALSE,Q1
PHPT1,0.437899294934791,-0.165218127059546,0.01119068301738213,0.6195938272056799,0.6776450754752306,Sig Young only,TRUE,Q2
TOMM22,-0.372335148637394,0.165015740150626,0.4180597138624023,0.8553198194733295,0.00104522214982472,Interaction,TRUE,Q4
LANCL2,-0.258944405038392,-0.173856447456938,0.4434403882178,0.6563761393665289,0.8908544664119631,NS,FALSE,Q3
FARSB,0.0406122883296369,0.123160560786697,0.9906311126001666,0.8809345592651334,0.08790069512861136,NS,FALSE,Q1
IARS2,0.176348682532286,0.0914581718977878,0.6535484307881749,0.8965810250342503,0.934815917815204,NS,FALSE,Q1
SIRT3,0.164904768973841,0.0387681058652376,0.8382159490857471,0.9906421769049436,0.5102555576661014,NS,FALSE,Q1
MAN2C1,-0.084747222480992,-0.118271432926068,0.959883655430643,0.9020007940926908,0.2898267901654177,NS,FALSE,Q3
OLA1,0.0261508150604222,-0.0624655801542993,0.991709803741146,0.9339862904765814,0.9899399712332726,NS,TRUE,Q2
CUTC,0.226156704618006,0.00799466885186462,0.512678182945707,0.9994669129380186,0.9916536385837535,NS,FALSE,Q1
ACSS1,0.173819067049735,-0.0525653862522759,0.8420725766309851,0.97917407073077245,0.9972176748954232,NS,TRUE,Q2
ABHD10,0.16818731767605,-0.162488049953257,0.8017668623512909,0.7558311683002634,0.9927902814978776,NS,TRUE,Q2
DDX19A,0.16817526719769,-0.114486778576886,0.6035033389800132,0.7834022627009336,0.9921030107734916,NS,TRUE,Q2
SEPTIN11,0.183072682117462,-0.090551625021174,0.7912338690482071,0.9358706151816512,0.5272244651282467,NS,TRUE,Q2
PARVA,0.0411450357128871,-0.172473292509512,0.9909996732267136,0.730339660211814,0.9711802809272688,NS,TRUE,Q2
PANK4,0.170358916500224,-0.131374573449765,0.7519075846202439,0.8278044392734939,0.9132293233627684,NS,TRUE,Q2
DNAJC11,0.238553365999607,-5.4701028536996e-4,0.6771255340646886,0.9999983174909248,0.9091710087596244,NS,TRUE,Q2
TMLHE,-0.314210481169816,0.276349185048097,0.5827076157815362,0.6060774767641081,0.05764628266082777,NS,TRUE,Q4
ATAD3A,0.478174869903704,0.0107858745358129,0.12482803486816092,0.9993890687098692,0.5323213344802327,NS,FALSE,Q1
ARL8B,-0.0643476641529404,-0.0532209037058351,0.9617119630628398,0.9697163799186048,0.8227916534725408,NS,FALSE,Q3
MRPS18A,-0.211135757850819,0.315104979365358,0.8282094530273125,0.4989843820518269,0.9968466275484456,NS,TRUE,Q4
PNPO,0.663459565979146,-0.200887585282512,0.00556978423600621,0.7243578275205045,0.9567688111364032,Sig Young only,TRUE,Q2
OXSM,-0.0154671690067261,-0.0893341708250688,0.999139008744496,0.9439461459231656,0.9926257421780238,NS,FALSE,Q3
MRPL22,-0.490396576437817,-0.0204198855441149,0.13307461114847824,0.9975292530816576,0.9999121900381072,NS,FALSE,Q3
CZIB,0.0337354922398596,-0.140294535176814,0.9913113619632355,0.7766528023211392,0.8630224054662501,NS,TRUE,Q2
BABAM1,-0.192813981637428,0.0545055874537788,0.6574171713115404,0.9670239166692332,0.980120314299916,NS,TRUE,Q4
NDUFB11,0.24426326169732,0.0382485103718864,0.5786446675965312,0.9898967565813114,0.382169945028718,NS,FALSE,Q1
OCIAD1,0.149384616799495,-0.0346377342397659,0.7369628632269344,0.9865355293576092,0.6622036652221064,NS,TRUE,Q2
MARCHF5,-0.60291790110314,0.0949368859351658,0.01917211337663774,0.9349719796252796,0.9973813639334828,Sig Young only,TRUE,Q4
CHCHD3,0.0245029459683259,-0.0561380137051941,0.9948428517364764,0.964212371100408,0.8784653596562412,NS,TRUE,Q2
SIRT5,0.247745724013964,0.0105846071190605,0.4548073237178118,0.99909606928142,0.9365764526444172,NS,FALSE,Q1
BABAM2,0.0535781477658723,-0.0603600180683976,0.9870707448320404,0.976765765369472,0.9035006329352764,NS,TRUE,Q2
DPP3,-0.0418723667334859,0.0308122994791837,0.9860964382293482,0.9914053411352196,0.4850727328423073,NS,TRUE,Q4
TUBA8,-0.216487217496301,0.0868329144751385,0.4700560341970605,0.90246103129284,0.455031905852645,NS,TRUE,Q4
MAP3K20,0.31944010191285,-0.130857833166669,0.5428484065786159,0.9104273180288154,0.4050360033634716,NS,TRUE,Q2
UGGT1,-0.154037721423936,-0.0360482269317437,0.8247442997354864,0.9900722778474076,0.999834268755518,NS,FALSE,Q3
TECR,-0.0941587558549557,0.0814821524996354,0.955634865623848,0.9606123251268271,0.8675611216146826,NS,TRUE,Q4
ERAP1,-0.180346839379318,0.140013777680636,0.8007116220951617,0.86022561178135,0.8771370120708138,NS,TRUE,Q4
CISD1,0.330357257889304,0.0749255575863259,0.13239776976352183,0.9342237915464758,0.9991237800150354,NS,FALSE,Q1
CLIC5,-0.204285760994701,-0.17079699353949,0.5984775681117248,0.6628829512423339,0.990579556519276,NS,FALSE,Q3
FAM120A,-0.233424759651838,0.169543870067358,0.6190709807589468,0.6961687256471064,0.9906837782080096,NS,TRUE,Q4
GLTP,-0.0142608198669549,-0.0623333703604008,0.9993835360641498,0.976972346196162,0.8317313292431611,NS,FALSE,Q3
COQ3,0.243213836327978,-0.0699910771242536,0.44669454440868867,0.9495720491203886,0.9428556651708428,NS,TRUE,Q2
HSPBP1,0.048657534407468,-0.194516133333522,0.9877073150616036,0.6805904761902728,0.7228435130362277,NS,TRUE,Q2
MAT2B,0.343540075503043,-0.0356992656711128,0.13292451002727135,0.9859223830214552,0.8658271621904952,NS,TRUE,Q2
MYOF,-0.886257916853435,0.0605196167451254,1.387607891367629e-5,0.97750679213405,0.9974747669004896,Sig Young only,TRUE,Q4
EHD2,0.014455444648366,-0.0461503728454069,0.9979829370984084,0.9722502482935128,0.7012416544111533,NS,TRUE,Q2
TMOD4,-0.989996032385616,0.243374557653901,0.00640974434846923,0.8128987276222505,0.29549987063578453,Sig Young only,TRUE,Q4
LMCD1,0.0124008939632141,0.0639155649363623,0.9991217713615084,0.9686806387313308,0.737344528968456,NS,FALSE,Q1
CHMP5,-0.215633469984173,-0.0537201170252573,0.8135673220604066,0.9817273928907714,0.9372287673622998,NS,FALSE,Q3
CNIH4,-0.173402290679469,-0.151113133050718,0.8345582036703102,0.8495134931619249,0.1726911939458699,NS,FALSE,Q3
NDUFAF4,-0.180364158274607,0.185852034774992,0.85639442473707,0.7897028002723042,0.35082585636568375,NS,TRUE,Q4
EMC3,-0.675403027507343,-0.0308616976317388,0.00607531773729686,0.9946555273999572,0.9906162938600622,Sig Young only,FALSE,Q3
NDUFA13,-0.140695442430914,0.0198625132818258,0.8506183431341227,0.997217152060055,0.639411869759495,NS,TRUE,Q4
PDP1,0.530131912580465,0.138312442928829,0.05257079927999023,0.8624921087948342,0.705667428203533,NS,FALSE,Q1
MRPL36,-0.198276379437658,-0.0136570669673439,0.6880072031073408,0.998661579685337,0.8136054143974416,NS,FALSE,Q3
VAPA,-0.0913070696579261,0.046731203820201,0.90622797765751,0.9740625724720624,0.9675315249759856,NS,TRUE,Q4
RNF181,-0.045503182975775,-0.175998351543132,0.9928421893612536,0.8114927071911043,0.9945411482593076,NS,FALSE,Q3
LARS1,-0.214314195256481,0.058377584592634,0.6273580823035694,0.969539979371342,0.9402128276872336,NS,TRUE,Q4
SUCLA2,0.204373050710931,0.00810926790347821,0.4991702981226784,0.99932817575522,0.996671203431465,NS,FALSE,Q1
GMPR2,0.0504324072742861,-0.0023473957772211,0.9847500231009788,0.9999657875572264,0.8706665529294877,NS,TRUE,Q2
DPM3,-0.152382824900066,-0.0751581790900069,0.929546272399801,0.9618478673412336,0.8729177898205028,NS,FALSE,Q3
IMPACT,0.0296075678845575,-0.0896963137591769,0.997117806324577,0.9600963546085174,0.5165337460272776,NS,TRUE,Q2
ATXN10,0.0562301939974681,0.21998483329072,0.9776304065725312,0.49133482706314263,0.6880879702064403,NS,FALSE,Q1
EPS15L1,-0.21206021055046,-0.0207600819391107,0.6951323537614292,0.9969298418066296,0.9865060446628582,NS,FALSE,Q3
SAE1,0.363213230934779,-0.32765962032741,0.6484430091655494,0.29529104475194745,0.5687929483398283,NS,TRUE,Q2
RNF7,-0.102525709630441,-0.159522145085454,0.8920794175774412,0.6682803457651909,0.8807266911977183,NS,FALSE,Q3
MYOT,-0.388144017712431,0.243276029632923,0.4639890140716437,0.7328501958407904,0.6486753590790079,NS,TRUE,Q4
GNG12,-0.444806915748597,0.0565214215161021,0.0783681068068181,0.976213384904095,0.9830297180119748,NS,TRUE,Q4
VPS29,0.131452705224921,0.364106104836237,0.9673109321852056,0.36671668453982464,0.96486730244597,NS,FALSE,Q1
EIF3K,-0.21214822710575,0.100125196335338,0.6238756375334792,0.9065020944346478,0.7987506545896464,NS,TRUE,Q4
GRHPR,-0.203029396243576,0.0189387001655632,0.39908802218899814,0.9952315459386446,0.9946909754583018,NS,TRUE,Q4
CTSZ,1.04534704859414,-0.00790232330704299,5.799196903786075e-8,0.9996182110077116,0.6200570341214267,Sig Young only,TRUE,Q2
UBA2,0.26713346739578,0.0696168884611374,0.5156504116075176,0.9590100988931972,0.974619474004368,NS,FALSE,Q1
COPS7A,0.155995784259609,-0.0136361069134487,0.7136244656523917,0.9981275493631366,0.48391619197439223,NS,TRUE,Q2
HSPB7,-0.301338134710015,0.201900656307007,0.43692850624934854,0.6794653604212607,0.6104596623553756,NS,TRUE,Q4
CLIP2,-0.133536512667014,0.0102880662374609,0.928320101065642,0.9995037983924596,0.9323888626038392,NS,TRUE,Q4
UQCR10,-0.383736841987567,-0.0351374790427599,0.1453764997960754,0.9906717297397706,0.9302139714787456,NS,FALSE,Q3
DNAJB4,-0.241569576343366,0.0410340123781978,0.8181902720622215,0.9943680038300032,0.9999043881149816,NS,TRUE,Q4
NIPSNAP3A,0.468388456860197,-0.0203463221959304,0.39789749071479014,0.9986978264528666,0.4159871475596196,NS,TRUE,Q2
TES,-0.7267243228001,0.364614633486925,0.13673111628391812,0.4852936171703997,0.03986221903329874,Interaction,TRUE,Q4
KDM5B,-0.185726514287126,0.0353097996652494,0.7350984556634448,0.9905345552385142,0.9338438667693912,NS,TRUE,Q4
WARS2,-0.00657213121771782,-0.170352703893233,0.99993939555036,0.8593209875591654,0.1903828481957272,NS,FALSE,Q3
MLX,-0.191887192838955,-0.0231442577862886,0.8239725399651853,0.9973227937496604,0.7262009982214265,NS,FALSE,Q3
SEPTIN9,0.321798676576432,-0.125353578304335,0.4540573743255682,0.8376378084813211,0.4784843016967752,NS,TRUE,Q2
UBQLN2,0.294669060246052,-0.153931994213625,0.35910458770638,0.7427592925444391,0.644289672254803,NS,TRUE,Q2
PCYOX1,-0.136271053357003,-0.122948677518277,0.8472420956000268,0.8528678870698632,0.9995285554966384,NS,FALSE,Q3
DPP7,0.324235334585641,-0.0123299890428541,0.6553475794109747,0.9992196211652156,0.5769858627972381,NS,TRUE,Q2
SMPX,-0.265362803310232,0.292704333290068,0.5354928978961775,0.3707922006373442,0.9996022078127392,NS,TRUE,Q4
BCAP29,-0.21524604593591,0.0582523734353089,0.6269670301635503,0.9679909842093414,0.9999801985395084,NS,TRUE,Q4
CYB5R1,0.311897866577084,-0.117808135721319,0.16592850785774663,0.8185347080948989,0.9136006692573208,NS,TRUE,Q2
PFDN2,0.23039010330173,-0.127509665357596,0.45223174848711056,0.7936765646237411,0.751257782763627,NS,TRUE,Q2
PUF60,-0.216896919469981,-0.10206421482544,0.6899746926151196,0.8737492794955328,0.8267170712526959,NS,FALSE,Q3
ENOPH1,-0.196246773811424,-0.132138909087704,0.6233131062506714,0.7952393314808869,0.9688688059838626,NS,FALSE,Q3
NDUFA12,-0.140605320250032,0.0201086492785336,0.8795041154749786,0.9976329946108656,0.25483320929894504,NS,TRUE,Q4
EIF2B4,0.160375374365765,-0.0788285622961826,0.8689999058041593,0.958882015934112,0.7845760784638098,NS,TRUE,Q2
ATP6V1H,-0.428532158762529,-0.102617452911616,0.12382163866748049,0.9069001754864856,0.958284965173735,NS,FALSE,Q3
TRMT112,-0.673238254616837,0.141351151711973,0.14938121423602435,0.9057008207563916,0.06387213406258102,NS,TRUE,Q4
XPO7,0.189688315646514,-0.0788128322701773,0.8184423636169947,0.9516390454128574,0.8862931641486559,NS,TRUE,Q2
LCMT1,0.0618581511691758,0.0929920435261771,0.9753278706745008,0.9265823744731928,0.9711434508453118,NS,FALSE,Q1
ATP5IF1,0.293585724122988,0.0775969541291346,0.4148297408311633,0.9535388551179872,0.9997049809567128,NS,FALSE,Q1
AK3,0.133167369723225,-0.00171290876826902,0.9201920434226748,0.999987284194624,0.999174876101024,NS,TRUE,Q2
NAGK,0.228457973958925,0.13518062104346,0.3955879666125379,0.7197436434815133,0.9929931239714592,NS,FALSE,Q1
SLC25A13,0.0927400447689131,0.0879813445276412,0.92570274016847,0.9204985604082724,0.627606426684949,NS,FALSE,Q1
DBNL,0.0327910484422276,0.0184424258680238,0.9969516320018068,0.9981586574648692,0.45049970516213417,NS,FALSE,Q1
DCTN4,0.251843855290826,0.0833073822149437,0.5787927464962586,0.9441439510523548,0.9266930470229432,NS,FALSE,Q1
HSPB8,-0.507639022861675,0.034658569336699,0.08895480255974501,0.9935567206926424,0.9790936028933572,NS,TRUE,Q4
STOML2,0.110558074007503,0.0895819114732994,0.8521900641344767,0.8874973513771629,0.994004293020902,NS,FALSE,Q1
VPS28,0.0566305700820742,-0.112990010122168,0.9696207679430447,0.8193202850899627,0.8839633500517021,NS,TRUE,Q2
JPT1,-0.378609907020579,0.152715629033032,0.31144734033312665,0.8429519913988642,0.969707447526986,NS,TRUE,Q4
APPL1,0.365749377837872,0.0350326647275061,0.05078893041756094,0.9854872550537096,0.7417038990278075,NS,FALSE,Q1
PACSIN3,0.224215070182193,0.191694534214829,0.6074776427733566,0.6559049451900466,0.4407268475876326,NS,FALSE,Q1
ACAD8,0.44893204408778,0.0750804057855774,0.09391423481254751,0.9542446644962888,0.3630936494335567,NS,FALSE,Q1
AGO2,0.196119521666468,0.0296056883103262,0.6975840663780917,0.9934419588026768,0.7749939372354324,NS,FALSE,Q1
MYH2,-1.01871238668543,0.481701502639236,0.00402637510497243,0.34555325952120847,0.13805044654770354,Sig Young only,TRUE,Q4
MYH13,-0.914518889983295,0.264863245228593,0.04856953079551482,0.7917275618581872,0.9999693092987666,Sig Young only,TRUE,Q4
CDV3,-0.131581067960539,0.0573371127641558,0.8408038767484238,0.96674620538019,0.9870751936510812,NS,TRUE,Q4
RAB21,-0.0582582478334785,-0.175984192888382,0.9718919995119436,0.6339754601332767,0.9873551477176143,NS,FALSE,Q3
PSME2,-0.268856903319005,0.28532412182048,0.5885114576878816,0.417822994777785,0.5051516166382123,NS,TRUE,Q4
DNPEP,-0.124416763501305,0.025990964759405,0.7858138778334033,0.9915306693446754,0.9741182031874106,NS,TRUE,Q4
MCTS1,0.0362905100587163,-0.00551578329477209,0.9867951673855424,0.9996849539695362,0.7677328954471357,NS,TRUE,Q2
TBC1D24,0.22087318870658,-0.473872465288535,0.8080272273202431,0.02904592076670933,0.20565652091040693,Sig Old only,TRUE,Q2
TMCO1,-0.391569209216581,-0.179061167511694,0.09506520899652264,0.6604639603997271,0.5871612085266499,NS,FALSE,Q3
EPDR1,0.728986944102214,-0.0908775348150535,4.118123945734676e-4,0.9380526358195044,0.9305178818500236,Sig Young only,TRUE,Q2
MYO6,-0.346624407623338,0.264325279669123,0.3666633101058374,0.5271244663126682,0.9292343335419482,NS,TRUE,Q4
NFU1,0.199266824008586,-0.34873428910646,0.7986773355730917,0.14775301016584347,0.9578110131196264,NS,TRUE,Q2
SYNPO2,-0.758099174181474,0.03804156313997,8.098274930165093e-4,0.9918742199570724,0.9457890124186772,Sig Young only,TRUE,Q4
UBQLN1,0.122722118011371,-0.299555301569761,0.949358698580084,0.5262538329811347,0.9062401833942738,NS,TRUE,Q2
SNX12,-0.089137446622825,-0.0442048502748023,0.943386459375338,0.9842967395725236,0.9413563481756472,NS,FALSE,Q3
NDRG2,-0.338077123643647,-0.0596382826048263,0.18631436311888533,0.9669662978676132,0.9745835686193288,NS,FALSE,Q3
VPS4A,0.175226583506173,-0.0748387730621474,0.7251124883009444,0.9437221624739744,0.9145953638668644,NS,TRUE,Q2
G3BP2,-0.256245886060256,-0.0979898544931963,0.753905179292124,0.952232281988375,0.28893517663698154,NS,FALSE,Q3
STUB1,-0.209279432441583,-0.0748817307562639,0.5370610853764155,0.9357712086562724,0.3294772041976812,NS,FALSE,Q3
PACSIN2,0.159491137853351,0.0648097595455539,0.8442283473034838,0.9632012797640286,0.9688419689264856,NS,FALSE,Q1
SNX6,0.0057015753684091,-0.0656580489216232,0.9996961582532892,0.9317428766096488,0.9618131015395448,NS,TRUE,Q2
PSMD13,-0.218250950534216,-0.0105165908477396,0.32814601902002205,0.998586826368364,0.8256781438437456,NS,FALSE,Q3
COPS3,-0.0645431234376126,0.0245389971333161,0.9309113995856532,0.9900778050251512,0.9495664932343166,NS,TRUE,Q4
NSFL1C,0.0448942444076401,-0.0384503024233283,0.9728821981157216,0.9768813551105864,0.9476788445208936,NS,TRUE,Q2
PPP6R1,-0.121018387529787,0.0191036471793495,0.8994334464271108,0.9965523823654676,0.35108517116421994,NS,TRUE,Q4
LIMCH1,0.21124621118652,-0.0419898475938822,0.6888591295983382,0.9845025222924636,0.99181817070073,NS,TRUE,Q2
USP24,0.158277196660812,-0.24996547029637,0.8641155571178174,0.4617723829239151,0.17591992080068206,NS,TRUE,Q2
MAPRE3,-0.333993625944093,0.146013824756654,0.49792528664505,0.8854584437901444,0.992052825115714,NS,TRUE,Q4
PA2G4,-0.125210357953723,0.146410179093341,0.8327842576080475,0.7201618035443819,0.9035679575108564,NS,TRUE,Q4
CAMK2A,-0.294055123244569,0.226475949125994,0.5706037175447563,0.6797986198119286,0.7328964481721019,NS,TRUE,Q4
CHMP2B,-0.119262015166367,-0.0285714575390266,0.882948782156294,0.9932001394976692,0.8722483316925025,NS,FALSE,Q3
RTRAF,0.168228152964389,0.130679319516553,0.9212727637219766,0.9270628016439304,0.9741974572211286,NS,FALSE,Q1
RUVBL2,0.246944896090056,0.0795437484771959,0.5942521163201806,0.9508569108727584,0.8293006347871776,NS,FALSE,Q1
APOBEC2,-0.418461225946977,0.209087945091355,0.3018967086902787,0.7576057131235063,0.10174335860365688,NS,TRUE,Q4
PIN4,0.0317335588187149,-0.129764589380098,0.993746414486258,0.8430364627002657,0.9449171777085992,NS,TRUE,Q2
EIF3L,-0.206322966079185,0.118843016788411,0.667071790892028,0.8716705812512782,0.9983936810959828,NS,TRUE,Q4
PLAA,0.0438478919739609,-0.114264700363115,0.9798741880304256,0.8031151295124511,0.4641226637336752,NS,TRUE,Q2
NUDC,-0.0235664111317497,-0.0848827421077409,0.9938419136885585,0.8803446485600963,0.6365183729630085,NS,FALSE,Q3
BCS1L,-0.0477441150869957,-0.0417684559640747,0.9934334552025044,0.9914083945366262,0.9997615052621948,NS,FALSE,Q3
VDAC3,0.0253921888436821,-0.192838755899189,0.9959412474037652,0.6457862862055763,0.7454811401051817,NS,TRUE,Q2
CFL2,0.186857702178514,0.0447043833200063,0.5151098423718792,0.9725167543662964,0.9971732522231244,NS,FALSE,Q1
FARSA,0.176787717726203,0.0452388058938666,0.7772094183105804,0.9853686888045182,0.2441800451090194,NS,FALSE,Q1
CNPY2,-0.0401668847017334,-0.039910390453592,0.9907442267430796,0.986452747948862,0.9923857836560636,NS,FALSE,Q3
FNDC3A,-1.46863294974352,-0.0158968451418673,4.595716900450322e-4,0.9996067116936832,0.9921573590070796,Sig Young only,FALSE,Q3
PADI2,0.239845939691055,0.108049461023079,0.4499202615226211,0.8666559280534836,0.6640504912390753,NS,FALSE,Q1
GSTK1,0.125622216995726,0.0878500078395419,0.8631661760066363,0.9244613313639432,0.994459751777342,NS,FALSE,Q1
LAMTOR2,0.545281038057066,0.0145689430466618,0.32315044393507947,0.9986198840010992,0.7667674593295928,NS,FALSE,Q1
MRPS35,0.343767752077692,-0.0849880134472425,0.48426156321576697,0.9443019769037388,0.4342116093398799,NS,TRUE,Q2
COA3,0.505971687041914,-0.125221309961628,0.14938230386526458,0.9151700128401048,0.948775358060052,NS,TRUE,Q2
TMA7,0.157715924214095,-0.0982745393507471,0.7890321606464374,0.9083821374420734,0.9988882301001726,NS,TRUE,Q2
SUGT1,0.309639323259226,0.0291509147138207,0.27688001950183083,0.9918714101626392,0.8219280369176535,NS,FALSE,Q1
COQ6,0.113956168916712,-0.0395289711760789,0.8847062730450407,0.9860346853890596,0.9838817686223366,NS,TRUE,Q2
ACOT9,0.311086613814773,0.0818456316634517,0.2252118010068319,0.929244038600186,0.999999102154218,NS,FALSE,Q1
MEMO1,-0.0532598005891955,0.0626334683629288,0.9793927099677244,0.965292966656117,0.8678338296476091,NS,TRUE,Q4
TMX2,-0.763808197599921,-0.0921798862300705,9.138192230785544e-4,0.9453706104748364,0.3402163099944907,Sig Young only,FALSE,Q3
SH3GLB1,0.373965089177783,-0.135765349872454,0.13693317971080293,0.8120310141421802,0.5474247607872924,NS,TRUE,Q2
CAB39,0.0784789278485825,0.0283037477651931,0.9186353689429038,0.9894718336067494,0.9361790783925616,NS,FALSE,Q1
LUC7L2,0.31729551471166,-0.046247227307866,0.16767034725442084,0.975310525938302,0.998720891604053,NS,TRUE,Q2
DHRS7,-0.131051941907455,0.0839698525119488,0.8314460270402954,0.923055019724869,0.8484198354630437,NS,TRUE,Q4
MOB4,-0.144297007835185,-0.0674428541001397,0.8611581829015255,0.9586480472489356,0.10801935261359664,NS,FALSE,Q3
SBDS,-0.0977568996036844,0.0729528195412357,0.8882369887757878,0.92931622430129,0.9949140043074318,NS,TRUE,Q4
MRPL11,-0.0434815292405659,-0.128444985930741,0.9920858880972298,0.862655012228502,0.9916015352303672,NS,FALSE,Q3
PPIL1,0.0334104346283084,-0.050351516967968,0.9864210412523656,0.9588534178656124,0.9996563621899428,NS,TRUE,Q2
MSRB2,0.380110242713606,0.101473740828446,0.499689414233563,0.9387919584773194,0.6674080610277753,NS,FALSE,Q1
FIS1,0.0238027603045836,-0.108337569484416,0.9959129329243628,0.8757831127137172,0.9996058808504328,NS,TRUE,Q2
STRAP,0.062073802629449,0.0165056690632994,0.9408721616120402,0.9959780757356936,0.9887521156471016,NS,FALSE,Q1
RTCB,-0.142688784300223,0.136797427934951,0.7218685156555167,0.694078808142517,0.8890516202220157,NS,TRUE,Q4
RPL36,-0.40162025253921,0.139638194484768,0.31553725902672214,0.8904944823986995,0.998268142643153,NS,TRUE,Q4
SAMHD1,0.23955589464137,0.368601593910038,0.8263485474980243,0.2763150405419721,0.8090894258492196,NS,FALSE,Q1
HBS1L,-0.192966066608577,0.166398640553385,0.6249227101282093,0.6534137935929425,0.952917831488329,NS,TRUE,Q4
TLN1,0.118977017375865,0.0969615685257672,0.7555105754183381,0.8097321440194043,0.9995262156252128,NS,FALSE,Q1
USP15,-0.11324262200846,0.04042481806448,0.8691338153855898,0.9830349206687004,0.9528273793119276,NS,TRUE,Q4
TLN2,0.22363025412448,-0.362498534094865,0.5501737713865048,0.07495194596845357,0.4690192533108193,NS,TRUE,Q2
DTNA,-0.0820035004537658,-0.211990051043852,0.9247306766901084,0.38346130613225554,0.7579916357137416,NS,FALSE,Q3
HYOU1,9.9370210794447e-4,0.183648996695513,0.9999939118098722,0.6539255152299974,0.8651028125799802,NS,FALSE,Q1
AFG3L2,0.154873090396254,0.0510444396613714,0.7191977567975221,0.9697113984527892,0.977970656281164,NS,FALSE,Q1
ARIH1,-0.0534214372685824,-0.284740418705752,0.9845418400768124,0.38942849724387657,0.3523240356702695,NS,FALSE,Q3
RNF114,0.486397627524585,-0.204666526219516,0.01017795773055657,0.5249806136831665,0.6795045637146372,Sig Young only,TRUE,Q2
SAMM50,0.0946007656619976,-0.00727974258241559,0.889711770418538,0.999428301380783,0.8769604797156454,NS,TRUE,Q2
PPME1,-0.374084223538837,0.16156894577737901,0.5573345528139897,0.8682836053303584,0.9821681525843736,NS,TRUE,Q4
TIMM9,0.185649449011347,0.171285062856168,0.73018658558453,0.7023247551344978,0.6770323982594981,NS,FALSE,Q1
TIMM8B,-0.0205176655174668,0.155430581483945,0.9980114612303636,0.8071368596318571,0.8724681958454661,NS,TRUE,Q4
UCHL5,-0.147041655121015,0.0773792679235861,0.7733577257327977,0.9279321576921962,0.9919470744582708,NS,TRUE,Q4
TIMM13,0.114043721403537,0.104585148422352,0.8820646239578521,0.8824756435513543,0.9586963772174788,NS,FALSE,Q1
SRPRB,-0.102326422304262,0.0329184386596602,0.9235786493246574,0.9916601364954136,0.9400376960580188,NS,TRUE,Q4
GMPPB,0.0678324709038094,0.0251267489869313,0.966739388240214,0.9949058113461532,0.912201230809818,NS,FALSE,Q1
MPC1,0.140567052172312,-0.224581967895858,0.8531325796511421,0.5491376622270615,0.7391730918766662,NS,TRUE,Q2
SNX5,0.134289785400789,-0.18428327130378,0.9647846575967416,0.8453879311867946,0.8702773165528387,NS,TRUE,Q2
HEBP2,0.114320897242617,-0.108139305135676,0.8799421921304126,0.8719703635009322,0.9649654384808884,NS,TRUE,Q2
HCFC2,0.391620466587472,-0.193155465562775,0.4845875354703872,0.8439161222660496,0.9146323608083508,NS,TRUE,Q2
FHOD1,-0.00649558759910818,0.00169975640895004,0.9996280680185512,0.9999709840480504,0.9652669372527688,NS,TRUE,Q4
MYH4,-0.778588609681634,0.0705478764691421,0.13945004901019434,0.9887389803578288,0.5520072683143593,NS,TRUE,Q4
MRPS18B,-0.137720777226964,0.171577296600844,0.8489404107268762,0.7019448287738196,0.9689542093650194,NS,TRUE,Q4
COPG1,-0.177114593386861,0.0766923415268614,0.6895611972849757,0.9253191175323,0.7517056350093729,NS,TRUE,Q4
CLIC4,-0.63759122160408,0.251886591412411,0.00408029734804463,0.5080835057210528,0.999615325956394,Sig Young only,TRUE,Q4
SPCS1,0.0523495802191611,-0.054938365708356,0.9784934165151812,0.9710811046262134,0.8195554665707232,NS,TRUE,Q2
SAR1B,-0.128742004936655,-0.0521662410185364,0.840158691140064,0.9731493956815608,0.9949402239686056,NS,FALSE,Q3
MTCH2,0.11154802000144701,0.0104628729612521,0.8545244139750647,0.9988812734477588,0.9573336750685482,NS,FALSE,Q1
BZW2,-0.0241198925004902,-0.054164818138922,0.993594302847327,0.9563734785064189,0.9408710995034654,NS,FALSE,Q3
DYNC1LI1,0.182949424677314,0.103956329616427,0.7874948477148729,0.9149131058643016,0.05538408819225481,NS,FALSE,Q1
CHCHD2,0.500023966025868,0.237380321440753,0.15533314687752392,0.6882943860320362,0.3736517893304051,NS,FALSE,Q1
NDUFB9,-0.0660483155384668,0.0487358763318539,0.9729468043991925,0.9831983167823244,0.13584813628668177,NS,TRUE,Q4
COX11,0.324764150012999,-0.0595120519421748,0.40729209258932336,0.9759118576204884,0.7915667381800585,NS,TRUE,Q2
SQOR,-0.223016721132897,0.100996338342213,0.8321539873141798,0.94609130949537,0.686609341730902,NS,TRUE,Q4
SESN1,0.0823932726171144,-0.0729029151785134,0.956124604792726,0.9569242283493266,0.9848291072500592,NS,TRUE,Q2
SEC23IP,-0.156981867825099,0.04996203115331,0.7421155526923215,0.9713298778925608,0.6463187458568223,NS,TRUE,Q4
