row,col_1,col_2,col_3,col_4,col_5,col_6,col_7,col_8,col_9,col_10,col_11,col_12,col_13,col_14,col_15,col_16,col_17,col_18,col_19,col_20,col_21,col_22,col_23,col_24,col_25,col_26,col_27,col_28,col_29,col_30,col_31,col_32,col_33,col_34,col_35,col_36,col_37,col_38,col_39,col_40,col_41,col_42,col_43,col_44,col_45,col_46,col_47,col_48,col_49,col_50,col_51,col_52,col_53,col_54,col_55,col_56,col_57,col_58,col_59,col_60,col_61,col_62,col_63,col_64,col_65,col_66,col_67,col_68,col_69,col_70,col_71,col_72,col_73,col_74,col_75,col_76,col_77,col_78,col_79,col_80,col_81,col_82,col_83,col_84,col_85,col_86,col_87,col_88,col_89,col_90,col_91,col_92,col_93,col_94,col_95,col_96,col_97,col_98,col_99,col_100,col_101,col_102,col_103,col_104,col_105,col_106,col_107,col_108,col_109,col_110,col_111,col_112,col_113,col_114,col_115,col_116,col_117,col_118,col_119,col_120,col_121,col_122,col_123,col_124,col_125,col_126,col_127,col_128,col_129,col_130,col_131,col_132,col_133,col_134,col_135,col_136,col_137,col_138,col_139,col_140,col_141,col_142,col_143,col_144,col_145,col_146,col_147,col_148,col_149,col_150,col_151,col_152,col_153,col_154,col_155,col_156,col_157,col_158,col_159,col_160,col_161,col_162,col_163,col_164,col_165,col_166,col_167,col_168,col_169,col_170,col_171,col_172,col_173,col_174,col_175,col_176,col_177,col_178,col_179,col_180,col_181,col_182,col_183,col_184,col_185,col_186,col_187,col_188,col_189,col_190,col_191,col_192,col_193,col_194,col_195,col_196,col_197,col_198,col_199,col_200,col_201,col_202,col_203,col_204,col_205,col_206,col_207,col_208,col_209,col_210,col_211,col_212,col_213
1,0,0,0,0,0,0,0,0,0,0,0,0,0,0.9070090803913182,0.8750612633917001,0.8453034287539105,0.8174545000152302,0.7912842656549278,0.7666018011778977,0.7432470087993539,0.721084318626591,0.6999979207493872,0.679888102361971,0.6606683961549368,0.6422633334722113,0.6246066545660416,0.6076398687087992,0.5913110851726744,0.5755740561419991,0.5603873870611731,0.5457138804532377,0.5315199870202415,0.5177753436422079,0.5044523822713599,0.4915259970545822,0.4789732595812558,0.46677317414142283,0.454906466432034,0.44335540037146137,0.4321036186512133,0.4211360034268968,0.4104385541710116,0.39999828021141176,0.38980310588634937,0.3798417865792412,0.3701038341691188,0.3605794506574325,0.35125946891818316,0.3421352996732482,0.3331988839241121,0.3244426501798342,0.3158594759123668,0.30744265274755483,0.29918585496561084,0.2910831109405108,0.2831287771952943,0.2753175147909192,0.2676442678012318,0.2601042436567491,0.25269289516582394,0.24540590404434032,0.23823916580452575,0.23118877587050027,0.22425101680294565,0.21742234652826287,0.210699387478888,0.2040789165614397,0.1975578558780883,0.19113326413429477,0.18480232867288152,0.1785623580804214,0.17241077531731375,0.16634511132765098,0.16036299908921955,0.15446216806775268,0.1486404390429116,0.14289571927650785,0.13722599799612223,0.13162934216978017,0.1261038925494034,0.1206478599628423,0.11525952183592329,0.10993721892763918,0.10467935226296894,0.09948438024916775,0.09435081596249265,0.08927722459342514,0.08426222103941729,0.07930446763503245,0.0744026720102051,0.06955558506801691,0.06476199907408163,0.060020745850230955,0.05533069506573725,0.050690752619823067,0.04609985910966603,0.0415569883785346,0.03706114613907509,0.032611368667131956,0.02820672156180461,0.023846298567760885,0.01952922045607836,0.015254633960169774,0.011021710763563466,0.006829646536543852,0.002677660018837781,-0,-0,-0,-0,-0,-0,-0,-0,-0,-0,-0,-0,-0,-0,-0,-0,-0,-0,-0,-0,-0,-0,-0,-0,-0,-0,-0,-0,-0,-0,-0,-0,-0,-0,-0,-0,-0,-0,-0,-0,-0,-0,-0,-0,-0,-0,-0,-0,-0,-0,-0,-0,-0,-0,-0,-0,-0,-0,-0,-0,-0,-0,-0,-0,-0,-0,-0,-0,-0,-0,-0,-0,-0,-0,-0,-0,-0,-0,-0,-0,-0,-0,-0,-0,-0,-0,-0,-0,-0,-0,-0,-0,-0,-0,-0,-0,-0,-0,-0,-0,-0,-0,-0,-0,-0,-0,-0
2,0,0,0,0,0.41084906328133236,1.262981036523135,1.118379117276525,0.9978385407691265,0.8949496438160478,0.8055647014215682,0.7268446439982075,0.6567604452920714,1.3666261235592074,2.1805913189508344,2.0633336118316765,1.95506035875829,1.8546112549225529,1.7610379224688186,1.6735552424931583,1.5915059022546898,1.5143340722396281,1.4415655292834326,1.3727924195610013,1.3076614194628042,1.2458644237318293,1.1871311398727382,1.131223138884108,1.0779290315957741,1.7290144049472076,1.6638890996706401,1.6014046959489971,1.541390098699426,1.4836905757743197,1.4281657362630515,1.374687811597701,1.3231401866115653,1.2734161381577083,1.2254177470528713,1.1790549555238163,1.1342447474081632,1.0909104324056402,1.0489810189182747,1.0083906626336234,1.5994510532929125,1.5498002614730189,1.5015484477804606,1.4546360786157984,1.4090074913919686,1.3646105673453814,1.3213964381784185,1.2793192224179235,1.2383357879465786,1.8670608874186425,1.8179686168130673,2.5658391386333155,2.5088378168734207,2.453032387195074,2.398381984377251,2.344847908787958,2.292393478061597,2.2409838913039177,2.1905861045768122,2.141168716557778,2.0927018633932337,2.04515712187344,2.8588886176881965,2.8040424255241727,2.750131475650132,2.6971291485808453,2.6450100164492554,2.5937497745677383,2.543325177876983,2.4937139818709237,2.4448948876260244,2.396847490598849,2.3495522328875493,2.302990358681216,2.2571438726465085,2.2119955010236043,2.16752865522406,2.1237273977414004,2.080576410201884,2.038060963397739,1.996166889158614,1.9548805539291518,1.9141888339316095,1.8740790918023837,1.8345391546003667,1.7955572930932766,1.7571222022355528,1.719222982758229,1.6818491237973934,1.6449904864934717,1.6086372884987812,1.5727800893354817,1.5374097765503938,1.5025175526171177,2.282293232637113,2.2408071520674278,2.199800581897129,2.159264695293301,2.119190948894053,2.079571072173686,2.0403970573503907,2.0016611498059476,1.9633558389889925,3.005789967427504,2.9607634160098963,2.916157294075213,2.8719638227250517,2.828175436976261,2.7847847779886585,2.741784685642592,2.6991681914475776,2.656928511764466,2.6150590413246553,2.57355334703085,2.532405162024823,2.491608380008494,2.45115704980546,2.4110453701508563,2.3712676846981413,2.3318184772320625,2.29269236707766,2.253884104695768,2.2153885674559732,2.177200755578547,2.1393157882372824,2.101728899815662,2.0644354363091586,2.027430851866888,1.9907107054661783,1.9542706577139772,1.9181064677693358,1.8822139903815032,1.8465891730384685,1.8112280532210439,1.776126755757822,1.741281490276621,1.7066885487481804,1.6723443031181877,1.6382452030237864,1.604387773591035,1.5707686133098495,1.5373843919832095,1.504231848747532,1.4713077901612475,1.4386090883588176,1.4061326792674815,1.3738755608842201,1.3418347916105033,1.3100074886425077,1.2783908264146133,1.24698203509406,1.2157783991247748,1.1847772558184482,1.1539759939910326,1.1233720526429143,1.092962919681093,1.0627461306817845,1.0327192676918928,1.0028799580679393,0.9732258733510089,0.9437547281764076,0.9144642792167516,0.8853523241572521,0.8564167007020421,0.8276552856104097,0.7990659937618785,0.7706467772490895,0.7423956244975113,0.7143105594110228,0.6863896405424726,0.6586309602883272,0.6310326441065893,0.6035928497571759,0.5763097665639876,0.5491816146979321,0.5222066444801892,0.4953831357050362,0.4687093969815828,0.4421837650937762,0.4158046043780777,0.38957030611823473,0.3634792879565668,0.3375299933212534,0.3117208908690864,0.2860504739431973,0.26051726004527564,0.2351197903218144,0.20985662906394517,0.18472636322042588,0.15972760192337074,0.13485897602632702,0.11011913765431251,0.08550675976544243,0.06102053572379012,0.03665917888314825,0.012421422181334303,-0,-0,-0,-0,-0,-0,-0,-0,-0,-0,-0,-0,-0,-0
3,0,0,0,0,0.9133395224564175,1.5871579887151666,1.3772913797021895,2.0429531262769545,1.837643349536418,1.6600759927620716,1.5043601599884744,1.3663024599857185,1.960597295715261,2.5978409161246265,2.4300481640903193,2.275952426322535,2.133774927476905,2.002063719967029,1.8796181626041695,1.7654340252817877,1.6586628078244845,1.5585810725928175,2.098026822736832,2.6858918567541012,2.5623308368343705,3.1832844319142484,3.0527055950769486,2.9281469913066767,3.570952817447534,3.4397933479801015,3.3140274427067355,3.1933041664485073,3.077306457384088,2.9657469082541845,2.8583641844295475,3.4823308967287767,3.36820380937,3.2579482830294353,3.151361595232026,3.0482570503242012,2.948462338731187,2.851818100894746,2.758176665983096,3.3650830702101215,3.264823272883883,3.167413795010045,3.0727333685094167,2.980668686870056,2.8911137282487793,2.803969149019079,2.719141739140354,2.636543931930205,3.228943821764286,3.1399454425346867,3.7860091003229908,3.690805034015298,3.5977480852406623,4.294964504879898,4.195862451822751,4.098825965971226,4.003788818024799,3.9106881580595005,3.819464294629046,3.7300604917382425,3.642422781983118,4.360011010956736,4.266411163545048,4.174521332416501,4.084293783437178,3.9956829525267663,3.9086453208090566,3.823139298733261,3.739125118406834,3.6565647334544944,4.401339447083568,4.312861721972291,4.225797437637934,4.140112263736049,4.055773267276106,3.9727488421204393,3.891008642997405,3.8105235236905037,3.7312654790945214,3.6532075908562507,3.57632397634133,3.5005897406902537,3.4259809317463628,3.352474497656289,3.2800482469595105,3.2086808109983194,3.138351608492861,3.0690408121380712,3.0007293170903644,2.933398711222131,2.867031247031258,2.8016098151014144,3.5014452801068767,4.332277842408597,4.2538740099901755,4.176399003544858,4.099836002986064,4.024168742080161,3.949381487951687,3.8754590216560914,3.802386619760402,3.7301500368764566,4.68615169750572,4.607699041381064,4.530050257245501,4.453191600672119,4.377109738327247,4.301791734093479,4.2272250358702905,4.15339746301854,4.080297194417454,4.007912757104811,3.936233015472995,3.865247160995531,3.794944702460334,3.725315456687752,3.6563495397128247,3.588037358412804,3.5203696025623628,3.4533372373001736,3.386931495991876,3.32114387347567,3.255966119677881,3.1913902335870428,3.127408457576058,3.0640132720631326,3.0011973905031497,2.9389537547022258,2.877275530449134,2.8161561034583493,2.7555890756204096,2.6955682615563243,2.6360876854737825,2.577141578323921,2.51872437525849,2.4608307133883636,2.4034554298454553,2.346593560151288,2.290240336896736,2.23439118873876,2.179041739721327,2.1241878089292823,2.069825410485438,2.0159507539029784,1.9625602448070627,1.9096504860416188,1.857218279179488,1.8052606264565612,1.7537747331531868,1.7027580104491027,1.6522080787814395,1.6021227717388673,1.5525001405291508,1.5033384590617047,1.4546362296918778,1.4063921896793257,1.3586053184190907,2.1950736357513616,2.1382844499103957,2.0818466944481604,2.025756046505664,1.9700082624993265,1.9145991761943175,1.8595246968360757,1.8047808073379095,1.7503635625226686,1.6962690874165716,1.642493575593332,1.5890332875668254,1.53588454923059,1.4830437503425398,1.4305073430533257,1.3782718404768386,1.326333815301426,1.2746898984404251,1.223336777720698,1.1722711966078796,1.1214899529671214,1.0709898978581418,1.0207679343634624,0.9708210164487276,0.921146147854064,0.8717403810154729,0.8226008160152799,0.7737245995607124,0.7251089239896985,0.676751026303029,0.6286481872220434,0.5807977302710389,0.5331970208836215,0.4858434655322649,0.43873451088034743,0.3918676429559801,0.34524038634695137,0.298850303416155,0.2526949935368619,0.206772092347256,0.1610792710236388,0.11561423557175114,0.07037472613568317,0.02535851632381779,-0,-0,-0,-0,-0,-0,-0,-0
4,0,0,0,0,0.6202559256407345,1.1315059671900705,0.9364875020445618,1.431990244799999,1.242768817499322,1.081193869424283,0.9413677901127215,1.383294793769083,1.8538914807351403,2.3492562351235238,2.867059660609602,4.210490203339501,3.9652922465319875,3.738026098273209,3.5266136958194356,3.329321148325351,3.1446866505610127,2.9714663339804983,3.4904727907013218,4.034337025621886,3.8479038510404684,4.405761749724226,4.989158229468594,4.791427965037328,5.391194321755903,5.192680607927733,5.810482781033481,5.611000765089499,5.419229767826395,5.234696302094207,5.05697029060047,5.668119118826132,6.310613883354484,6.122000256362818,5.939493466942537,5.762779153294033,5.591567435141221,5.425590448677227,5.26460018437001,5.890919558611822,5.726588772865173,5.566835935421626,5.411464422232585,5.260290640235449,5.113142911735061,4.969860475851746,4.830292592593395,4.694297737145801,5.294662779976195,5.154473747827447,5.787438675110157,6.4636388537329665,6.311976724120789,7.027987726604781,6.872398660441077,6.720012851882861,6.570726559369539,6.424441373982476,6.2810638687204685,6.140505276364747,6.002681193187252,6.721289330196371,6.579125939071753,6.4395585300005695,6.302514207463684,6.167923415386925,6.035719744088104,5.905839751192501,5.778222795327824,5.652810881526326,6.375437103508422,6.245362494357352,6.1173975899887605,5.991491224422872,5.867594335851758,5.745659860221912,5.6256426316794235,5.507499289361285,5.39118819006128,5.276669326339674,5.163904249682546,5.05285599834991,4.943489029581635,4.835769155857551,4.729663484932766,4.625140363391638,4.522169323484272,4.420721033028056,4.320767248173511,4.222280768849435,4.125235396716151,4.029605895468807,4.679523294834426,5.409273930255532,5.301718954700557,5.195531408811761,5.09068768805988,4.98716500243478,4.884941347140859,4.783995474862846,4.684306869515402,4.585855721396146,5.35897349100249,5.2549845972095675,5.152185731821959,5.0505584208901455,5.927681186704111,5.820360310806253,5.714160656556293,5.609064780410427,5.50505578141792,5.402117284884833,5.300233426886617,6.310696812625019,6.202823778168528,6.095951560304531,5.9900648173652495,5.885148642784745,5.781188552605463,5.67817047360382,5.576080732010931,5.4749060428063725,5.374633499564634,5.275250564835618,5.17674506104219,5.079105161879356,4.98231938420118,4.886376580383105,4.791265931148794,4.696976938852076,4.603499421206097,4.510823505453225,4.418939622970686,4.327838504308562,4.23751117465814,4.147948949750376,4.059143432185709,3.9710865081983604,3.883770344859878,3.7971873877287514,3.711330358954855,3.6261922558496646,3.5417663499355747,3.4580461864900935,3.3750255846034865,3.292698637771391,3.2110597150472384,3.1301034627828406,3.0498248069895983,2.9702189563570505,2.8912814059704663,2.8130079417746416,2.7353946458371188,2.658437902470953,2.582134405284808,2.5064811652369214,2.4314755197792857,3.3938379502143006,3.3097430536561614,3.2261701970698917,3.143112938839761,3.060564955850583,2.9785200405987355,2.8969720983906946,2.8159151446259187,2.735343302161043,2.6552507987524945,2.5756319645747365,2.4964812298114785,2.417793122317286,2.3395622653471464,2.26178337535162,2.184451259835332,2.1075608152766208,2.0311070251062624,1.9550849577432778,1.8794897646858846,1.8043166786557625,1.7295610117938307,1.65521815390587,1.5812835707562987,1.5077528024085685,1.4346214616106274,1.3618852322240103,1.2895398676951386,1.2175811895674786,1.1460050860332565,1.074807510523471,1.0039844803350002,0.9335320752936337,0.8634464364519024,0.7937237648206429,0.7243603201332292,0.6553524196414849,0.5866964369423021,0.5183888008340265,0.45042599420171064,0.3828045529303728,0.31552106484540315,0.2485721686793305,0.1819545530641441,0.11566495554843614,0.04970016163861176,-0,-0,-0,-0,-0,-0
5,0,0.41084906328133314,0.16956396801670717,0.03874966743202227,1.0623869359577855,1.502145758560191,1.943001141127504,2.3871316126488553,2.094388101513409,2.5316314260552253,2.2668619684425693,2.6996086741210537,3.142376063449236,3.5951857128039766,4.058209153979594,5.335788434845769,5.837641723806018,5.511712472790555,5.208554010979622,4.925648073045604,4.660876293890418,4.412439736301483,4.889232102856296,5.380298014949388,5.885961935823386,6.406651994768212,6.942895779317853,6.670244325039757,7.216004751645963,6.948720230515747,7.505058625316322,7.2421681994507985,6.989584103172695,6.746669058892806,6.512844722092916,7.060372534342698,7.627997241715751,7.388870852989661,7.157680923445374,6.934017350655855,6.717502212452157,6.507786504391401,6.3045472807996665,6.852593560368575,6.648613301071508,6.450512890398331,6.258039771997778,6.070958245582233,5.8890480154695615,5.712102892290475,5.5399296288542965,5.372346873861632,5.889222047005305,5.719244609337768,6.254980196070554,6.817753228289762,6.638752816870236,7.223689389721338,7.04231547164823,6.8649294451245275,6.6914038687008075,6.5216179170561395,6.355456944354314,6.192812083341439,6.033579876734798,6.604285660065975,6.441956548683704,6.282852464394729,6.87435217803324,6.712036682343424,7.333581031636418,7.168022622199886,7.0054395239311145,7.654188722120201,8.346829009598187,8.174666308131606,8.00532500475335,7.838736542242964,7.674835206178252,7.513557980632696,7.354844413241344,7.198636488926537,7.044878511637182,6.893516993511237,6.7445005509216625,6.59777980691191,6.453307299568249,6.311037395913703,6.170926210942498,6.032931531444492,5.897012744297366,5.763130768929701,5.631247993681404,5.501328215809057,5.3733365849032415,5.2472395495024395,5.85780761188127,6.524142353898663,7.254922023384509,7.111716068356868,6.970313383678095,6.830683115317843,6.692795476651148,6.5566217106822835,6.422134054309604,6.289305704521013,7.051623254683278,6.91395460832506,6.777877193932413,6.6433664067630955,7.47974544804242,7.340202339286637,7.202157560261412,7.0655883012703535,6.9304724855278135,6.7967887476892646,6.6645164135409605,7.582062730276997,7.4444012369786545,7.3080832129169195,7.173089140716181,7.0394000981309635,6.906997742331625,6.775864295058018,6.64598252861185,6.517335752661149,6.389907801832795,6.263683024071663,6.138646269747226,6.014782881491012,5.892078684750625,5.770519979048306,5.650093529934509,5.530786561629213,6.506232910523555,6.3805535534982,6.255919548822084,6.13231796474664,6.00973625347025,5.888162244871785,5.76758414079239,5.647990509866803,5.529370282907898,5.411712748850333,5.295007551261931,5.179244685433885,5.064414496063935,4.950507675549672,4.8375152629125555,4.725428643376922,4.614239548632228,4.503940057811385,4.394522599222687,4.285979952878625,4.178305253870607,4.0714919966456975,3.9655340402488473,3.8604256146028386,3.756161327907699,3.6527361752523575,3.550145548543623,4.599246196616825,4.487672820773749,4.376794253470306,4.266601894116141,4.157087300839328,4.048242186604641,3.9400584154497613,3.8325279988351872,3.7256430921037023,3.6193959910455185,3.5137791285653086,3.408785071447531,3.3044065172165884,3.2006362910884913,3.0974673430108757,2.994892744788276,2.8929056872897636,2.7914994777361066,2.6906675370637645,2.590403397363114,2.4907006993884173,2.3915531901371208,2.2929547204962084,2.194899242953355,2.0973808093707884,2.0003935688197814,1.903931765473814,1.807989736558518,1.712561910356554,1.6176428042656865,1.5232270229083478,1.4293092562910765,1.3358842780122442,1.2429469435165637,1.1504921883949293,1.0585150267281735,0.9670105494733834,0.8759739228914848,0.7854003870148231,0.695285254153524,0.6056239074394765,0.5164117994067863,0.4276444506076302,0.33931744826244037,0.2514264449434104,0.16396715729034,0.07693536475786569,-0,-0,-0,-0,-0
6,0,0.32612008823809663,0.7472531212705976,0.4669411048197471,1.5021457585601912,1.86739059093248,2.231205241674425,2.5958702550342605,2.2589277996532386,2.6213646229708063,3.707783864001873,4.087158215293514,4.47191034290758,4.862530952669548,5.259471731544143,6.469961041221748,6.889151858282148,6.492439322268226,6.123934325306835,5.7804908000206945,5.459466796780743,5.158622150076263,5.5690529445518475,5.9885781298474186,6.417528851122114,6.856269041461956,7.305196170796555,6.995642394096787,7.450460996794408,7.1502159922527895,7.611359527977923,7.3189511301820245,7.038489622088039,6.769235526201064,6.51051811016005,6.9619382857477605,7.426442999129664,7.166078385372386,6.914817933663234,6.672192344995921,6.437769322926883,6.892972542419986,6.660381591618995,7.124498720857485,7.604084642541805,7.367178239422104,7.13717533044892,6.9137862939075845,6.696740565946148,6.485785025093865,6.280682544660609,6.081210692484724,6.536198077517856,6.336174002622841,6.802892261104928,7.288104800201342,7.081556502189562,7.580424394776443,7.373082335323826,7.170527658196975,6.972608569270556,6.779181219061863,6.590109176182497,6.40526294405815,6.224519516717725,6.703556750798786,7.204687737918781,7.016329049352647,7.535139926734664,7.344890032880722,7.882968340159834,7.690736868677214,7.502130235551448,8.055593624929065,8.637932363518821,8.441463131909726,8.248410558063947,8.850695572418607,8.655285905185023,8.463117565098386,8.274116664644165,8.088212335214546,7.905336580531139,7.725424139327145,7.548412356612791,7.374241062905084,7.202852460855196,7.0341910187537104,6.868203370436647,7.441385878568669,7.2721813430975955,7.105537019016634,6.94140566918296,6.779741844497763,6.620501812146576,6.463643487932044,7.039249235520856,7.656671263725174,8.321108421839428,8.148741472598221,7.978626763871641,7.810726613396191,7.645004678373177,7.481425908713374,7.319956502854849,7.1605638660155355,7.83628643223171,7.672799414825672,7.51130521785494,7.351774336813153,8.071106080505306,7.907257279535299,7.745290247013531,7.585178085468453,7.426894826662407,7.270415406147171,7.115715639300229,7.8709373107708664,7.711517743105529,7.55380072160171,7.397763940145565,7.243385864336907,7.090645713982771,6.9395234467461435,6.789999742918754,6.642055991290361,6.495674276090491,6.350837364982121,6.207528698090178,6.065732378051111,5.925433161073199,5.786616449000611,5.649268282377635,5.5133753345130705,6.250705629184593,6.10906637496809,6.956732979793325,6.809107897260836,6.662795885897024,6.517783310225492,6.374057052143142,6.23160450737095,6.090413582785464,5.950472694653462,5.81177076779668,5.67429723571844,5.538042041729347,5.402995641114892,5.2691490043943245,5.136493621726798,5.005021508528705,4.874725212374355,4.745597821261545,4.617632973334066,4.490824868164539,4.365168279714214,4.240658571100621,4.117291711320445,3.9950642940933507,3.873973559013106,3.754017415216091,4.569170312353515,4.440755024721801,4.313343505605975,4.186931003591043,4.06151330568576,3.937086759919128,3.813648300877879,3.6911954785287566,3.5697264907217794,3.4492402198317627,3.329736274067486,3.211215034063079,3.0936777054670723,2.977126378364641,2.86156409451208,2.746994923534643,2.633424049446249,2.5208578691005443,2.409304104488006,2.2987719311667023,2.1892721255724514,2.0808172345200124,1.9734217709098705,1.8671024405338035,1.7618784059777,1.6577715950199645,1.554807062709794,2.329101290033323,2.2100767994449346,2.0916885452797627,1.973929761365778,1.856793788900954,1.7402740741933218,1.6243641664601751,1.5090577156845917,1.3943484705274614,1.2802302762933286,1.1666970729483839,1.0537428931890063,0.9413618605593215,0.8295481876162909,0.7182961741408906,0.6076002053940136,0.49745475041574017,0.38785436036670784,0.27879366691031743,0.17026738063459615,0.06227028951253693,-0,-0,-0,-0
7,0,0.2583644239981095,0.6157928467779493,0.34798829886909155,1.2428238490939352,1.5426504555327956,1.8397230958532622,2.1361765390487473,1.8170851453386494,2.110201741359053,3.0335169418447747,3.337716882079596,3.6453025677726343,3.9566601741523786,4.272131770363932,5.291943807827154,5.6221168172257,5.246257461992569,4.898661308996288,4.576180594990521,4.27617152980658,3.9963919530374286,4.931826879597373,5.268744596232495,5.612011199195889,5.961859390628014,6.318535294928085,6.682299191279125,7.053426436196785,6.738540749423598,7.11359803763524,6.80897480601728,6.51744325580582,6.238193956682367,5.970492967916656,6.987351462945354,7.375299415078273,7.0935287637709985,6.822050039618281,6.560333138661486,6.943707567010734,7.337092114202497,7.074848028218045,7.473857924445503,7.88373075929677,7.620409510444923,7.3650599950710705,7.1173482290275745,6.876962329191179,6.643610630417696,6.41701999901942,6.196934318607101,6.583346096567125,6.364284448253192,6.757836575040275,7.164237396161103,6.940806011383269,7.3554926814248,7.132627099204879,6.915229686754139,6.7031289257594855,6.496162337633267,6.294175881660135,6.09702340268759,5.904566123525462,6.907331405441309,7.3355796785431275,7.1274175788080285,7.5669013052319745,7.3580416042452335,7.809657356686636,7.59995973206155,7.39446879398,7.854025813076912,8.332986007619827,8.121206889650503,7.913382248265551,8.402602587836624,8.19342287077519,7.987993913140598,7.786232765103741,7.588059935925304,7.393399226374488,7.202177571765956,7.0143248948336945,6.829773967726654,6.648460282471178,6.4703219292990015,6.295299482288936,6.7480744574749725,6.570679243863157,6.396271694693512,6.2247997024322865,6.05621321136404,5.890464135998924,5.727506284117871,6.171030653009778,6.639905190945774,7.136192437240764,7.662312318373564,7.479814883585298,8.033008719551523,7.847487561721548,7.66453151007521,7.484102018710375,7.306161985888434,7.872604075550443,7.691335377550077,7.512460699979494,7.335946926380947,7.925041925941488,7.744953544146755,7.567135664176494,7.391558612787595,7.218193845007453,7.047013915764816,6.877992453313217,7.476226606285202,7.303202721493261,7.132255648106172,6.963361679200495,6.796498068228507,6.631643010887398,6.468775628436901,6.307875952432704,6.148924910847139,5.99190431555307,5.836796851150841,5.683586065122321,5.532256359299776,5.382792982641531,5.235182025309909,5.089410414050944,4.9454659088790125,5.491679109252456,6.096877281100663,6.773054774643025,6.610086498028717,6.44877333843798,6.2891022992777055,6.131061107305197,5.974638214139985,5.81982279916913,5.666604773897547,5.514974787802328,5.364924235758017,5.216445267108413,5.069530796469849,4.92417451636109,4.78037091176624,4.638115276749106,4.497403733250986,4.358233252218497,4.220601677224261,4.084507750761099,3.949951143410138,3.8169324861048763,3.6854534057375443,3.5555165643804747,3.4271257024249637,3.300285685972647,3.872306565646174,3.7378689204973985,3.604880123186658,3.4733450256997838,3.34326969190209,3.214661466901525,3.0875290537452535,2.9618825982600185,2.8377337829545857,2.7150959310258966,2.5939841216522077,2.4744153179192425,2.3564085089124607,2.2399848677239236,2.1251679273699717,2.0119837769013476,1.9004612803154468,1.7906323212575985,1.6825320769306489,1.5761993251263948,1.4716767888544606,1.3690115236790437,1.268255353583171,1.1694653619605133,1.0727044451735233,1.4794984901681787,1.370251345872251,1.9065209970780521,1.782648731483421,1.6601803301583822,1.5391613762760377,1.4196444787364586,1.3016905063792448,1.1853701125664493,1.070765635937245,0.957973494263471,0.8471072330773692,0.73830145618765175,0.6317169627895511,0.5275475645392108,0.4260292878935139,0.3274530386552786,0.7884481949654056,0.6563741200394112,0.5249552773572945,0.39418519717090084,0.2640575050918588,0.134565920226555,0.005704253356472294,-0,-0,-0
8,0,0.20238569608796247,0.5082636911840289,0.25269326314175466,1.033105337760352,1.2810775625247337,1.5254861702118092,1.7683449927836088,1.4668910588725668,2.2540944913728795,3.101147262911548,3.348332983783985,3.598344411543829,3.8513816928181255,4.107634400584347,5.01767483149145,5.283209509287949,4.8974740438281605,4.541892984712674,4.213099446027515,3.908266816475653,3.6249986736582986,5.029990163216534,5.310731617408445,5.595994484724562,5.8859615749227405,6.180819468790802,6.480759511938066,6.785978761243863,6.4563506006619455,6.764542102539543,6.4476293155263615,6.144967381461271,5.855675272721956,5.5789543658970135,6.469912816318633,6.786409123066666,6.498211762579208,6.221144227537222,5.954634915542481,6.266014765727644,6.584375700825628,6.3194579993215205,7.242955479447343,7.583676056144551,7.306643916965044,7.038429283471717,7.379163852074332,7.115221412200049,6.859274401889584,6.611012708099985,6.370145638775183,6.702173471990129,6.463930260498599,6.800430109427939,7.146213568129495,6.905781992661847,7.256771031753066,7.018281114824679,6.785949945842173,6.55958579892965,6.339007110833492,6.12404180066016,5.914526645674641,5.710306707653942,6.592289810958885,6.947578258499718,6.7292409321101525,7.0914161256481245,6.8734324054042855,7.243004853357042,7.0251953465869015,6.812101379618625,7.184909347160527,7.570974651342538,7.353006823770215,7.139469022140946,7.5299784717530915,7.315989743398377,7.106205998389444,6.900537331299637,6.698897656639742,7.0847939807072065,6.882215518713695,6.683479818954464,6.488512395648193,6.875146794801509,6.678917624162526,6.486294022410255,6.879313952452405,6.685220617793329,6.494583615939212,6.307344174761723,6.123445885670677,5.942834609594795,5.76545838827726,6.1453082521016835,6.543446228292181,6.961084274086282,7.399597478586209,7.204666823741337,7.6603793357307834,7.463224580790028,7.269047509183151,7.077806138928384,7.541751238679422,8.031905106197192,7.832753821326811,7.636403495710377,7.442817316568279,7.945145037019173,7.7487358592727045,7.554991211967353,7.3638785718441575,7.175366746061079,7.686507674439639,7.494838261376164,8.034841436945742,7.839860529019342,7.647326621035351,7.45721312471068,7.269494597443701,7.0841467221015115,6.9011462885444566,6.720471176850587,6.542100342207386,6.366013801443265,6.1921926211758915,6.020618907559025,5.851275797613994,5.684147452136313,5.519219050171996,5.356476785062432,5.195907862060429,5.675849632327932,6.198437488705181,6.770288806299965,6.591930253485046,6.415573586548876,6.241206443230378,6.068817392173155,5.89839593920115,5.729932535460539,5.563418587501716,6.143767819053875,5.971872537029767,5.801844957850395,6.4361463439737445,6.260344595936626,6.086319945646801,5.914065142425909,5.743573857838337,5.57484070788575,5.40786127804528,5.242632151365674,5.079150939860475,4.917416319465119,4.757428068855913,4.599187112463332,4.442695568051399,4.287956799278124,4.89945544848375,4.737353787936644,4.576892226145612,4.418074143978235,4.260904246693699,4.105388639815235,3.95153491337445,3.7993522354933673,3.6488514564061068,3.5000452241794253,3.352948113574082,3.207576769701455,3.063950068377474,2.9220892953652347,2.782018347036119,2.6437639553761754,2.5073559407307076,2.3728274962283833,2.2402155084722017,2.10956091984631,1.980909138686081,1.854310504618689,1.7298208176299976,1.6075019408817344,1.487422489022306,1.9312722383205363,1.7985964402683727,2.371930850396303,2.2245376342523446,2.0787046635184563,1.934479441983773,1.7919171130678873,1.6510818305486252,1.5120484596426667,1.3749047085396868,1.2397538277805553,1.1067180689320546,0.9759431738393771,0.8476042860294174,0.7219138612362136,0.5991324470625442,0.4795836783313441,0.9701973122635683,0.8160833318948643,0.6627358692650274,0.5101473364455494,0.3583102576365049,0.20721726696787993,0.05686110635455072,-0,-0,-0
9,0,0.15505375820428982,0.41825155725504565,0.17463304330601187,0.8595101307846641,1.0653898145879572,1.2672153608467391,2.010924605522726,1.6656103547444703,2.4024243710638564,3.183686336725989,3.380386116603129,3.580185919594193,3.783017523203489,3.9888629412712717,4.808784114001237,5.020407404905444,4.62474560466306,4.261150128708267,3.9260301832195688,3.6163723917726727,4.366242578806553,5.749587039420791,5.985096587573282,6.850566928435935,7.0972909037405225,7.348297905519134,7.603701368766429,7.863622705627922,7.481160125779359,7.745525001772618,7.380524316233048,7.032050079338899,6.69907403477107,6.380664828677932,7.233437798935231,7.507821683845257,7.182642155515341,6.870193169633723,6.569818038414568,6.841609493410748,7.118646271250748,6.823661192599347,7.689188548324531,8.600008720427272,8.28300897553725,7.976180080347117,8.279440112091427,7.979267563400139,7.688284121950137,7.4061319254387525,7.132475670116854,7.429090940669318,7.160010928016524,7.459877351331622,7.7668461630550585,7.4982104269887975,7.808913840067856,7.543876325495828,7.285837504890409,7.034579513490896,6.789896105588387,6.551591872908662,6.319481527660183,6.093389243859047,6.917609634930906,7.229111851127722,6.990721254266685,7.306880135073519,7.070066301086694,7.391209045267069,7.155739311648281,6.925582890211995,7.247872136237275,7.580062211762839,7.346634535345132,7.118188125595041,7.4522354280613214,7.224357565192439,7.0012059767729795,6.782681246543631,6.56868823077878,7.457721366932071,7.234907982973446,7.016468716937615,7.362673257943535,7.721355539925494,7.498232760881244,7.279255821866389,7.642042760667383,7.422571130411513,7.207068801453583,6.995468533014688,7.358264431612862,7.145829190465797,6.937140783927686,7.305118026196592,7.688529088807152,8.088353229512627,8.505686687340008,8.281536643427765,8.712756911634228,8.487229348621192,8.26512970493668,8.046409625468106,8.482869155706723,8.940913031631998,8.71544201991222,8.493192812546514,8.274123417782612,8.740150018891768,8.519011209488852,8.300938411228223,8.085894794320037,7.873845073348464,8.343985209821993,8.129492741797689,9.369930677122783,9.144455630584547,8.921793847528233,8.701914324359247,8.48478738810462,8.270384672827564,8.058679098095022,7.849644849455676,7.643257360892279,7.439493299217941,7.238330550392178,7.039748207737857,6.8437265620462,6.650247093562215,6.459292465848527,6.270846521530783,6.084894279933182,6.552451441990937,7.056797245840682,7.60311716392714,7.400408690249226,7.200010127984008,7.001907688993788,6.806088678435583,6.612541503078584,6.421255681862871,6.232221858791246,6.779314543336711,6.5854325464202,7.181636677925694,7.846001438838216,7.639467043259382,7.4349348401190385,7.232394844834467,7.0318380825606175,6.833256610645254,6.636643544204577,6.441993085057653,6.249300554287251,6.058562428726649,5.869776381708496,5.68294132845271,5.498057476516309,5.315126381780499,5.9576496500132095,5.767627765387045,5.579436351763364,5.3930770709403175,5.208553005418185,5.025868738907592,4.845030446015588,4.666045992196256,4.488925045211009,4.313679199528109,4.140322115306724,3.968869673863112,3.7993401518134164,3.6317544164367033,3.4661361452146746,3.302512072993156,3.1409122707909587,2.9813704609729768,2.823924374329993,2.6686161555960926,2.515492825121013,2.3646068058422127,2.216016526422062,2.0697871134931853,1.9259911884660432,2.4000374750995697,2.243639872447776,2.8470742293416444,2.6759563428950246,2.5065510219128186,2.3389070175646234,2.173081229323379,2.009140190016213,1.8471619154696919,1.687238231375419,1.5294777328195588,1.3740095944143178,1.2209885419368058,1.0706014376282507,0.92307615101208,0.7786937379629871,0.63780552805491,1.1528565838706228,0.9765902772729356,0.8012029092003893,0.6266857564331905,0.4530302249910621,0.2802278475924349,0.10827028117578484,-0,-0,-0
10,0,0.11433623430408163,0.3416043086524059,0.5346748831660653,1.2355320018017002,1.3915253141614439,1.548356870072353,2.8565738793173745,2.402424371063856,3.130866383133669,3.8857389876820148,4.027441462979243,4.175028949294094,4.327724835843172,4.484980559976163,5.255962162278555,5.417606851544211,4.980707658564878,4.579744080259645,4.210668678042981,3.8700889059862558,4.570593039749915,5.877328180425883,6.066699256842853,6.859811206670496,7.057291117914277,7.258535203633959,7.463574081957735,7.672450322278131,7.2747572755374,7.488581461316312,7.11090550662153,6.750965335317738,6.407656393401305,6.0799785295096065,6.844268230201468,7.06802293444147,6.736232010500413,6.418038257314823,6.112741093447537,6.870529255172361,7.102690200853564,6.791126609827479,7.579510105476045,8.405030479396734,8.073949170961757,7.753917311094118,8.005980680710586,7.694188363807816,7.392366999183265,7.10012948163596,6.8171131944069625,7.063617888279468,6.786502758037658,7.03507702637279,7.2888717210055285,7.5480673184791405,7.81285452142008,7.531877397763832,7.258612756910425,6.992821469599147,6.734277221249295,6.482765644874587,6.238083525798437,6.0000380710264025,6.7458242011938925,7.537267519573068,7.278637841021507,7.555025392907397,7.83840645594795,8.12905750661617,7.866174521879726,7.609296735457482,7.900376756315624,8.199332954057352,7.940997196283846,7.688274481031055,7.98805668867649,7.737049471449712,7.491361540406495,7.25088138331641,7.015502320553539,7.853518725401059,7.610290669657786,7.371976329029701,7.67916041617717,7.996089400784472,7.754534224815629,7.517630226935144,7.8366348077183545,7.600168050808895,7.368153795470504,7.689524042559169,8.022115889369465,7.7860101473909475,7.554140165348927,7.889986492390596,8.238276130803701,8.599736828773473,8.975171689977005,8.729938541865508,9.11577739130716,8.8700089080932,8.628109144272887,8.390024672823206,8.77796584952587,9.182713265880576,8.939056968643179,8.699041291554796,8.4626203681224,8.871096225058318,8.63337892443677,8.399132761638764,8.16831791510479,7.94089632005238,8.348846922499177,8.119731246798718,9.228524842667992,8.989130112041114,8.752938714841079,8.519918114139601,8.290037305577357,8.063266792739615,7.839578564879441,7.618946076939543,7.401344231830224,7.186749364927108,6.975139230758033,6.766492991854004,6.560791209744328,6.3580158380809335,6.158150217881325,5.961179074883859,5.767088519012779,6.772035905138978,7.218932728711604,8.440121181362596,8.212872864165849,7.988246363904514,7.766226424399972,7.546799049311797,7.329951512563169,7.115672371399809,6.903951482193044,7.420640843515786,7.204618721287035,7.761433425973569,8.37391046034451,8.146030412270674,7.920455172050904,7.697175141387813,7.476181940711037,7.257468439283415,7.041028789204237,6.826858463611234,6.614954299419514,6.405314544975252,6.197938913047085,5.992828639628827,5.789986549083506,6.37459510510167,7.041542866163783,6.823367712329549,6.607213647929923,6.393080434325504,6.1809693393287715,5.9708832210452,5.7628266215345105,5.556805871474451,5.352829207185623,5.150906901582666,4.951051410858879,4.753277538996654,4.557602622532355,4.364046738402773,4.172632938173684,3.9833875125151983,3.7963402904634598,3.6115249788181276,3.4289795480003034,3.2487466718742355,3.070874230465551,2.895415886248371,2.7224317467983,2.551989129211596,2.3841634448910987,2.8828739597757163,2.70251020458257,3.3304866306697285,3.1354606795458926,2.942297138080988,2.7510455021997005,2.5617638449243954,2.374520398251118,2.1893955291405316,2.006484233239086,1.825899317704294,1.6477755145914426,1.4722748711398992,1.2995939237065517,1.129973413464311,0.963711706799409,0.8011837557483776,1.3364351727006756,1.137902966334603,0.940363272033073,0.7438062138231644,0.5482220624333155,0.3536012324016044,0.159934279254951,-0,-0,-0
11,0,0.07883840673950106,0.27547849772860106,0.4391244012411758,1.0658956523726684,1.192113689236105,1.3190504449710032,2.4984886022598265,2.600458020398257,3.2770283324667595,3.9726235294294217,4.068809431983908,4.172558112427482,4.282639663298845,4.398163636990148,5.09960993646584,5.218711817010168,4.77160714142063,4.36242604733888,3.9868833955865077,3.6413888871778672,4.783953521934234,6.024175394656719,6.751817009594918,7.502696054260417,8.276566861941356,9.073375332470707,9.232778215025744,9.396881348456944,8.925339811803058,9.098116497905805,8.65277635119725,8.228127985064987,7.822869907520583,7.435824903870987,8.192652938628585,8.382735008224785,7.997608295563123,7.628133245177738,7.273496842420738,8.019348962994657,8.220142195763627,7.863847080243952,8.632582712995204,9.432148164644467,9.060197156934873,8.70070286044448,8.919526058165701,9.142435007228384,8.792400891004188,8.453351965048837,8.124868935666818,8.347446220405219,8.027233224989722,8.252124459266433,8.481377134633963,8.71514280586028,8.953580375023126,8.63452666837208,8.324198710249545,8.022324148204564,7.7286453294925845,7.442918302421351,7.164911901034616,6.894406904803617,8.151432934813856,8.949104190456884,8.650001606949374,8.907753371581961,9.171443746775992,10.027664172155676,9.71760125631238,10.000586109868255,10.90627306038438,11.213966771363332,10.892629673025866,10.577841663346836,10.887673050362853,10.57625123357521,10.271011837211658,9.971820894113199,9.678550241214467,10.59791943708072,10.298103116154515,10.00396000743223,10.323670906440185,10.652817541221834,10.357351575698244,10.06722621928772,10.399275878536743,10.110800356891847,9.827420461481736,10.162569305735921,10.508621521472463,10.222770057335934,9.941742435026667,10.291693222159632,10.653773337934407,11.028720724297116,11.417348253894307,11.125314641270098,11.524488294937239,11.23285277617885,10.945582503833979,10.662614286197664,11.06480558482117,11.483510037658938,11.196201425591093,10.912983236852904,10.633801210481533,11.05702931088614,10.777327000052424,10.501513042966225,10.22954018968708,9.96136318905566,10.385079395400782,10.115911068192888,11.295394837549853,11.016550559617821,10.741277063461403,10.469535663936394,10.201289398822125,9.936502999337977,9.675142863376465,9.417177031400074,9.162575164957317,8.911308527781548,8.663349969444088,8.41867391154084,8.177256336399138,7.939074778298985,7.704108317210302,7.472337575054621,7.243744714507129,8.32021556050327,8.785164698943351,10.075333299392875,9.81432554841502,9.556210005322235,9.300967679353143,9.048580953763889,8.799033595134746,8.552310765582696,8.308399038004787,8.843399455414085,8.595607956751564,9.17062383823779,9.8010255872902885,9.541952674946288,9.285414559574763,9.031398730587659,8.77989398411669,8.53089045303721,8.284379641153045,8.040354461866755,7.798809281699976,7.55973996907239,7.323143948798839,7.089020262819975,6.8573696377464275,7.461357820030226,8.147429580006706,7.900880877327362,7.656544821221973,7.414419131137313,7.174503111669309,6.936797738797454,6.701305756463909,6.468031784756318,6.236982441144815,6.008166476447793,5.78159492746496,5.557281288527863,5.335241704587176,5.1154951888949265,4.898063868863248,4.682973264308107,4.4702526030395235,4.259935179668471,4.052058764601049,3.84666607152881,3.6438052933581644,3.4435307185258908,3.245903442115966,3.0509921892461898,2.858874271986647,3.377701379986865,3.173156796060313,3.82113598570266,3.602030901825153,3.3849366434055685,3.1699030644944157,2.956988963249885,2.746263746698324,2.5378095152507183,2.3317237002703903,2.128122440163384,1.9271449573692483,1.7289593142875717,1.5337701040369778,1.3418289123745368,1.1534488418545863,0.9690251506277224,1.520942380759566,1.3000295305107765,1.0802239364408612,0.8615145520019694,0.6438904951694112,0.42734104518997834,0.21185563941024146,-0,-0,-0
12,0,0.047561464229419814,0.21784076441001168,0.35642789603046593,1.4383069513451983,1.5105440274630435,1.59216529226799,2.7445937956945468,2.8002567975538963,3.427797542110512,4.068809431983907,4.722648140534551,4.771987395995025,4.831353893396793,4.899093024136306,5.557803922989531,5.630797776603492,5.1415176671148,4.694192099038672,4.284052032784813,3.9071068127465085,5.004696406767059,6.1859100604870445,6.858804884599831,7.550566882137036,8.261089715319866,8.99039888725274,9.105205626880089,9.224775050989708,8.737295552151682,8.866840271094851,8.408252081355606,7.97162821240411,7.555585025831603,7.158871442691558,7.844655390806217,7.993693325062824,7.601653561021575,7.754914026068972,7.380143356937551,8.070164668134025,8.2322496477185,7.858854251548491,8.565612464826337,9.298114987534257,8.911652462833734,8.538559774951345,8.71634748928721,8.897438039167541,8.536183781256332,8.186697938921167,7.84853223934913,8.030534541370711,7.7020099874623105,7.886016981575476,8.073389597350351,8.264234346900551,8.458662460881579,8.134314935623165,7.8192866922668145,8.014024149305651,7.70611955705113,7.406843688045374,7.115946492039848,6.833190895242798,8.001993301868863,8.728862610545187,8.419064170127722,8.634126612538827,8.853751273726898,9.626043193459385,9.862689627682215,10.1046578452788,10.940635746643084,11.202191428004738,10.864649493873724,10.534240531075316,10.797276833749725,10.471312075238506,10.152080712378034,9.839438444879244,10.101031213821898,10.965358623691037,10.644478520789262,10.329831863603316,11.217016494489009,11.515055140702795,11.191670106783793,10.874194130871734,11.174560236290635,10.859773361847651,10.55062099771499,10.853335144367728,11.165126472906309,10.85494141444514,10.550085661179407,10.86469762927304,11.189311902940053,11.52449261531416,11.87085473410952,11.557189576191876,11.911786106425492,11.599393055051157,11.291820082534718,10.988998612595944,11.344821389015161,11.713855483831766,11.407916029549167,11.106498516175833,10.809544575832394,11.18059299640487,10.883916950916593,10.591546229826344,10.303430415558397,10.019521316575855,10.388459888872102,10.104330717125551,11.17492813921248,10.881846732814598,10.592736796101146,10.307558003775444,10.02627196766243,9.748842206133629,9.475234116577507,9.205414950855808,8.939353793695421,8.67702154397341,9.05415498348593,8.790497235292984,8.530466426128616,8.274038892225109,8.021192714456273,7.771907715508965,7.526165459923779,8.53315676058319,8.946700500242116,10.128601737511275,9.85167976923031,9.57801494863217,9.307588930572047,9.040384974555183,8.776387959491219,8.515584401912689,8.257962477809821,8.71904227430759,8.458247844092346,8.947434984962085,9.47621324594368,9.205201656202282,8.937111390755762,8.671933622493444,8.409661175878485,8.150288572954825,7.893812084874777,7.6402297893815545,7.389541634731225,7.141749510594684,6.896857326542584,6.65487109878639,6.415799045927013,6.901536351007578,7.439495761584793,7.186840835932837,6.936877842688366,6.689615453128218,6.445064724044216,6.203239242819504,5.964155288687066,6.5118520188450155,6.265932876579298,6.0226258121958045,5.7819502499869655,5.5439288254614585,5.308587644284696,5.075956573565846,4.8460695701292495,4.618965051198192,4.394686313861962,4.17328201082644,3.9548066913045203,3.7393214175360425,3.526894469399315,3.3176021519644894,3.1115297237370214,2.9087724668622656,2.7094369248501664,3.134261806469421,2.923828977048634,3.427831864130873,3.2043632473721484,2.9837594233582245,2.766131561751488,2.551608075830995,2.340337780879349,2.1324938162723197,1.9282785605641317,1.727929852007256,1.5317289456166212,1.3400108095498757,1.1531776152896465,1.5580580431179183,1.347347260681234,1.1408022825739255,1.7063876519748036,1.4629782249629684,1.2207919870103372,0.9798167028030602,0.7400403197415185,0.5014509643193765,0.26403693859191796,0.027786716731027495,-0,-0
13,0,0.01976546602890538,0.6396556534236476,0.7112626324491096,1.8274345734761965,1.8384772137508147,1.8703483617415197,2.99280074797789,3.001988574982504,3.582568397463001,4.172558112427481,4.771987395995025,4.781009974401358,4.802062632392198,4.833055528495587,5.434404876194101,5.4714590444384745,4.9716417654940726,4.5158488886527435,4.099058948367916,3.7170719051144885,5.231744651033308,6.359666752341588,6.982651300921541,7.620998925254986,8.274714084509101,8.9438897546532,9.017987666867915,9.097135503291092,9.18106821757886,9.269559684265912,8.77889059694357,8.312079201814994,7.867615526737077,7.444135094779453,8.084964438693307,8.19814750652316,7.783301579255879,7.901830999395399,7.506701092615755,8.680339223308383,8.808210924409329,8.403254424157069,9.072788238653851,9.76397292985057,9.349283405674079,9.492073952645518,9.637943348469946,9.786935763972469,9.389023274539738,9.004115416098823,8.631713985821655,8.784553834170202,8.423900743523715,8.579315395581457,8.737669687610605,8.89904090643884,9.063510306275223,8.71153198107252,8.369771701103712,8.535601888656945,8.202580860047034,7.879007769885205,7.564608198740885,7.259122052222388,8.387944826976538,9.074730627407165,8.743986633862288,8.927366358446653,9.114479381326335,9.837624317715752,10.038444840188925,10.243590485479784,11.019619336158735,11.240484773865798,10.886583544312488,10.540407354472688,10.762585673670149,10.421945734395353,10.088597532273475,9.762386191044122,9.983292567688308,10.774063947183533,10.441052020497354,10.114787566092735,11.511139417623326,11.769470451079474,11.426848624911935,11.090668163534302,11.350708494495573,11.617769787045447,11.282572049183702,11.554253777653644,11.833602445624848,11.498835730372177,11.169911436661769,11.45147059093546,11.741399687776246,12.04013948444952,12.348166631689468,12.012664561239236,12.327296044492693,11.993952728290147,11.665890641550659,11.343035687490708,11.657878718682111,11.983492201091282,11.658758216859658,11.338983371514885,11.024105085472202,11.350222549830061,11.036430383146083,10.727365783853653,10.422975082700257,10.123207068836544,10.445768889045604,10.146561051069371,11.1293908045822,10.82196189656479,10.518909817461559,10.220192541576841,9.925770197878373,9.635605038083492,9.349661408108256,9.067905722810549,8.790306443966562,8.516834061428428,8.839982639934206,8.565942985568238,8.295928778311135,8.029916830050652,7.767885919011336,7.509816788755125,7.823484542750744,8.771899439498446,9.141535934405015,10.23646436384613,9.943514414254611,9.654190737925065,9.36847562109809,9.08635318884512,8.807809425192213,8.532832197255106,8.261411283560822,8.663567028485492,8.389687913893388,8.812359011514756,10.044253449542145,9.751441084121902,9.461863769356237,9.175513049569744,8.892382344165567,8.612467001862528,8.335764361301466,8.062273818524,7.7919969018850574,7.5249373550245435,7.261101228595004,7.000496981522688,6.743135592668475,7.189450353703117,7.679031791187771,7.408983859909163,7.141969213624027,6.878001078431035,6.6170955176425466,7.124077070687864,6.857290944021628,7.4172580023164,7.143932838380119,6.873402979518662,6.605686385604588,6.340804345230371,6.078781744030565,5.819647367101733,5.56343424049498,5.31018001762329,5.059927417466386,4.812724722709015,4.568626347462602,4.327693486056464,4.089994856619473,3.8556075559024077,3.6246180451362577,3.3971232908344753,3.173232089519708,3.6112079189280624,3.3763835959677833,3.893466147021042,3.6457561881788045,3.4010722412065975,3.1595273147356147,2.9212523503468577,2.6863995505294254,2.4551465249711275,2.2277015058595966,2.004309976042392,1.7852631881351746,1.5709092490236984,1.36166773599176,1.7782107614084384,1.5449756090880689,1.3161052835122424,1.8927805750978723,1.6267574311066955,1.3620746163910171,1.0987186883010247,0.8366764054710973,0.5759347238199711,0.31648079264980394,0.058301950841195486,-0,-0
14,0,-0,0.5627798929843205,0.6155323699301395,1.6428312395384974,1.6353320913009761,1.648704294482993,2.676806456178968,2.6668227211998206,3.188576028312202,3.7183487873156005,4.256138935640727,4.244276681168721,4.244210788449346,4.253840457979639,4.790179503981922,4.804936427707819,4.32676436225093,3.892628166247825,3.497497913574399,3.137164140892967,4.495271759166748,5.5059082722452315,6.055710218547475,6.6188732592765085,7.195319651757685,8.347186357698352,8.388142612250014,8.434137580154484,9.051792572051808,9.103719262676693,8.5994121165479,8.120282114951884,7.6647324262086975,7.231320601480685,7.816137750784363,7.896266499871683,7.474320387514084,7.5605406043049435,7.160052664261342,8.244766742930958,8.338666528096178,7.930531528984149,9.05415239721375,9.69137567872811,9.2617913919841115,9.369805617705879,9.48061960766912,9.594242952501073,9.184755425078057,8.789083976391725,8.406699782507513,8.525957685407814,8.156736652706934,8.278764019728792,8.403234266314822,8.530195232453254,8.65969802369664,8.30225135640235,7.955633401472596,8.087018682034813,7.7502663267541845,7.423525622201654,7.10650744385476,6.798937788585076,7.828166485290138,8.442381985240322,8.11092338014318,8.256430435547882,8.890989469852098,9.551360036136446,9.71462811263908,9.881336139245988,10.584991437690835,10.763992658841516,10.403234699712925,10.0507245894045,10.230909760297127,9.884911840252853,9.546702640974313,9.216119125364271,9.395232208457982,10.101724561692919,9.765655965598343,9.436799276219293,10.696097217384466,10.903769404942757,10.559783398969024,10.222685581797066,10.43119327198986,11.207809141007393,10.864071455887636,11.088898103763967,11.319644927714407,10.977652926151762,10.641959678202591,10.87388591007444,11.112187908294063,11.357167844212848,11.609149381408983,11.268956725507024,11.525488811282028,11.18829074477918,10.856805661064179,10.530957028901511,10.786244357070226,11.049443911805948,10.7229302856649,10.401799470402015,10.085987651341025,10.347775689410556,10.033863695471286,9.72510023359005,9.421431305079013,9.122805582893447,9.379256416814965,9.082007968765447,9.919365060766378,9.614693301476692,9.31482472609231,9.019718623508767,8.729336657318829,8.44364283383402,8.162603473586909,7.8861871862119814,7.6143648486068,7.347109586278447,7.595852041256415,7.328905302158482,7.066435189389053,6.808422178031818,6.554848944946095,6.305700368431995,6.542412590737287,7.310156233341896,7.584615427467783,8.454619770262546,8.172945362541363,7.895404742531129,7.6219873568194085,7.352684867514767,7.0874911837640235,6.826402497681549,6.569417324820022,6.8540312703333175,6.59571104597952,6.890300085563095,7.8072904591325925,7.531806369868053,7.260179691899898,6.992415353577458,7.330718402538916,7.691528218740072,7.414957570184306,7.142110261650986,6.87299742482726,7.23893271148041,6.966685006142355,6.698111358562909,6.43323032235071,6.805479913638833,7.208943889366291,6.932707675530977,6.659992411660917,6.390822323144385,6.1252252631669,6.532376737206542,6.2619286685311994,6.701657934222432,6.4257633182816996,6.1532513083686515,5.884158449697183,5.61852603672832,5.356400504717401,5.797113652443541,5.528285096546541,5.26286700967544,5.000916634286556,4.742498120141722,4.487683230350258,4.236552146425912,3.989194388668374,3.7457098712750576,3.5062101153282224,3.2708196473200366,3.039677616332517,4.099149169752769,3.8397319636480516,4.3671661416587275,4.095036618574076,3.8260923962857563,3.5604478169620744,3.2982357553139203,3.039611094225367,2.784755066812922,2.5338807346487684,2.287239974115745,2.045132491263606,1.807917604511903,1.57602986333684,2.00193410295877,1.7459942580941792,1.4946099944235678,2.080130886681099,1.7913756591995473,1.5040791275045267,1.2182266226514877,0.9338036959388445,0.6507961145193331,0.3691898571201821,0.08897110986886006,-0,-0
15,0,-0,0.49357625435954827,0.5300705743577953,2.031471379589652,1.9593947761788937,1.9219158282490048,2.9251385188959733,2.871204345836543,3.353127328965191,3.8404836039550543,4.333670410059955,4.286714223239204,4.25384045797964,4.232489644216747,4.723716917786879,4.708975681402634,4.220284327273442,3.777718490528972,3.799296800246799,3.407156342765514,4.7387195564605324,5.710790522214158,6.221738830174527,6.743562580480228,7.276284854435407,8.3681503628543,8.374768441068394,8.387012625827357,8.953664428353084,8.971816922887468,8.45373004094733,7.962159075843688,7.495418306400831,7.051985534007735,7.586964507855414,7.637285022861933,7.208180339417036,7.265483160042882,6.859596941017959,7.866466121917834,7.930344218104189,7.519008572862636,8.556700551799661,9.13218435020298,8.701311144691001,8.7774408921686,9.36055838866098,9.442035593743135,9.020862248880995,8.614327260522812,8.221870494063927,8.310962421632077,7.933100290088938,8.025333433932275,8.119687094282547,8.216184598055756,8.314852335611404,7.951895507986439,7.600384293734821,8.15638824624367,7.805002128465609,7.464334086760659,7.134074789694559,6.813931143963213,7.786357594123731,8.354336714680079,8.011905977436157,8.128097784551178,8.711820167642873,9.317599749391091,9.447719043110549,9.580643921632905,10.222097103567858,10.364713118196926,9.99704218365774,9.638147469462462,9.782133484506218,9.43073628519775,9.087629707875672,8.752642342827766,8.896090579548133,9.531628292512455,9.192481767538283,8.861015606145248,10.524579685640711,11.234232580049518,10.870741284834251,10.514684005524979,10.692368811111264,11.422258005491813,11.060978924744353,11.252255023892708,11.448429951754424,11.090313171209726,10.73898945755139,10.936140216448797,11.13850399126015,11.346308865201921,11.55979784892592,11.206167962845814,11.423219167024973,11.073459848464204,10.729867884209265,10.392362604881098,10.60788440069365,10.829700322396478,10.49277545459914,10.161670961303741,9.836320170137467,10.056174515548891,9.733546358708129,9.41649492977882,9.104964316974273,8.798901504080275,9.013105456563704,8.709229149779915,9.462538656545496,9.152011965825585,8.846710050926514,8.546591887050022,8.251619038840198,7.961755626419818,7.676968294981994,7.891718841821391,8.11416012270828,7.826931320084694,8.053674395518302,7.767471122147725,7.486127279012761,7.209622141005165,6.93793739899351,6.671057160284155,6.886014042872134,7.622308147409757,7.8696934917886665,8.695469534184822,8.397655213412513,8.104352437843296,7.815551291644828,7.531244312345531,7.251426526939003,6.9760954928064125,6.705251343581246,6.958118699506212,6.686665742314586,6.947103964076723,7.798167888233341,7.510596211025103,7.227280496541031,6.948229347215379,7.242455577457298,7.5545278128900915,7.267819939017697,6.985256186493593,6.706853306030195,7.019752585848984,6.739046867627363,6.462461545832507,6.190022758867866,6.50402756585913,6.841488911991016,6.559034835907253,6.280593393545767,6.006199781727034,5.735893599698362,6.069401118839127,5.79527924541301,6.149942194520206,5.871471874423343,5.596974968149451,5.326506425747504,5.060127313170851,4.797905313787957,5.141099503348672,4.873527951021055,4.6100954073235085,4.971055971061429,4.701373096020401,4.435798597019543,4.1744318401928675,3.917383350271865,3.664776061308438,3.41674674979457,3.1734476806220155,2.935048501743844,3.871094448216258,3.6057385498025325,4.032416414229738,3.755909286839731,3.4834717652097695,3.2152822838312085,2.9515464759264733,2.692502180477583,2.4384256517651135,2.18963932530783,1.94652161713872,1.7095194048763858,1.479164079326843,1.2560923922230054,1.5470438877493178,1.3051337416634974,1.0708389412800736,1.4073113392198862,1.1446845140356137,1.6468129358105308,1.3383467139781497,1.0314272105024598,0.7260389852002335,0.4221668280326963,0.11979575455239076,-0,-0
16,0,-0,0.4309723816855353,0.4534264955511223,1.850135757031911,1.7646699319494936,1.7138785028977959,3.176270650535444,4.808784114001237,5.255962162278554,5.708913426542632,6.16779837067323,6.021375381342943,5.900215020312137,5.799684753788296,6.272115806310759,6.188665383896374,5.5904267693152345,5.046955431312992,5.019665267216905,4.999415811412837,6.451245364323499,7.468939830763002,7.970224688082195,8.479915763699815,8.998228025599811,10.107718025765315,10.06165053420642,10.02353039990797,10.570392650495009,10.540771627515056,9.950966237106307,9.390958823327864,8.858834238356017,8.352865214331565,8.875788434695753,8.890375198157273,8.405398580630806,8.429868952253294,7.9722189099339875,8.985042947308374,9.01703996202718,8.558782610289098,9.59509508283237,10.151281380133312,9.677535320333346,9.723194089432978,10.285339591721074,10.336078998137586,9.877150894300481,9.933961772221657,9.493727201478778,9.555791572167777,9.132750970332738,9.199368403660888,9.268300352952918,9.339542415393007,9.903037238542487,9.48895945399885,9.087581881740833,9.6476629898789,9.248485088748017,8.861161228508916,8.485345270289413,8.120709434458448,9.121300298369942,9.69040757492865,9.305825280400922,9.401519074733569,9.983917126410756,10.586002514931314,10.693889932658895,10.804511820470285,11.438055731030387,11.557334564859197,11.153370389427735,10.758958313156024,10.880815668889541,10.495304690111595,10.118806275152018,9.75113231927459,9.874114653056193,10.498867202905464,10.128805538487647,9.76707231284115,11.431852288228866,12.122487305067127,11.73014452145288,11.345837960192906,11.499489576956336,12.206608483904098,11.818617205391032,11.984378605993774,12.154476159856983,11.771175496901343,11.395202638579176,11.566613389511609,11.742582657318112,11.92329532413251,12.108947914519613,11.732991340271617,11.921847433096826,11.550682288576713,11.186163562562545,10.828204719322176,11.015937156240712,11.209039407526225,10.852944333706338,10.503123051026298,10.15950441258204,10.350853769440016,10.010793630059881,9.676747622331405,9.348656373742033,9.026463652698165,9.212634342771741,8.893433318216426,9.602476833058578,9.277376479221516,8.957919819244182,8.644063971432626,8.335768867091138,8.032997213976026,7.735714463503194,7.920960405263218,8.11247672609825,7.813900487837706,8.008557578353077,7.711787014618429,7.4202870396493426,7.134037283677187,6.853020012340692,6.577220126780756,6.760301500108075,7.4351403418471085,7.644448512767738,8.393978271632513,8.089108716159457,7.789176618771234,7.49417479334763,7.204098782422349,6.918946898134997,6.638720268089325,6.363422886168065,6.5729978598188925,6.297957807317269,6.512464105105956,7.263320908317381,6.973459158116288,6.688330399019868,6.407949938364719,6.645630720836964,6.8962870355942085,6.609692420393431,6.327759980952561,6.050515850505035,6.29792721802683,6.019442764306969,5.745639832985485,5.476556602469457,6.262025810674816,6.546424292207885,6.257720544992535,5.973525298533855,5.693884702941038,5.418850069073151,5.694816110719918,5.417007356363638,5.7069981749528855,5.425945144711679,5.149460025818629,4.877615983627301,4.610493604839484,4.348181493174708,4.620320080402669,4.354016269657728,4.092581827055924,4.3721906655189935,4.1060475823971405,3.8448430098954076,3.588713504212185,3.3378098195160737,3.09229842230672,2.8523632026146606,2.618207407237819,2.3900558217159333,3.1162741161131033,2.863761058926527,3.1531427444804048,2.892401594848104,2.6373187913843,2.3881923844320894,2.145361927975978,1.9092154866411941,1.680198070887678,1.4588218034667426,1.2456781608996552,1.0414526478898078,0.8469422052302105,0.6630754268576537,0.8056906698719715,0.6128904620659876,0.4328656395722282,0.5640460501165614,0.7428004179798193,1.0061200513899782,1.4590852663084175,1.1295520458533852,0.8016672437881122,0.47541444273785893,0.15077746948916995,-0,-0
17,0,-0,0.37410293391259847,0.7885236813486837,2.2401907519163142,2.0865747802272683,1.983326893441142,3.4304292640165635,5.020407404905444,5.417606851544211,5.8215196414656925,6.231847939559753,6.048128589025717,5.8927215677459595,5.760409858965809,6.188665383896375,6.07617723864763,5.466606791735163,4.914054730864803,4.863057427592043,4.819907878922261,6.191357452922424,7.142203373607609,7.595936674362531,8.056783262423826,8.524939371738462,9.555915967605381,10.046199231895457,9.975364685887541,11.051026301999203,10.982877760129496,10.359008550445152,9.767008879846312,9.204819133860772,8.670583014002359,9.675324049808015,9.655003094803483,9.129551054500947,9.12160365423175,8.62691107187179,9.617589410710279,9.618125917141747,9.622260075806247,10.652852491332602,11.187141099802941,10.6697957518157,10.683528980110351,11.222810913075323,11.241717666058673,11.263959843960354,11.289449252670106,10.800590430991718,10.833101183337241,10.86849087890636,10.906708364277543,11.463128246573389,11.506722111552369,12.618960446664504,12.129585217582045,11.654518475720442,12.237204665146308,11.76699644008022,11.310089266055817,10.866086814780468,10.434614003017353,11.504930012806966,12.096443864559243,11.647985030903087,11.723498312734938,12.327397588861862,12.949523680507513,13.036937900467155,13.127391856123474,13.778902897843613,13.877965245418135,13.417399618670538,12.967340994625483,13.070885458826993,12.63144265555897,12.73843723607089,12.309008882940317,12.419211226925631,13.078704348846752,12.649163847841184,12.228787935490887,14.019952302871147,14.743051301656957,14.293803584267456,13.853352217388052,13.995795478468633,14.735420095843676,14.293165833703636,14.448365270176446,14.608103707803176,14.172386165590435,13.74464254533706,13.90699392039502,14.074071573899646,14.24605568492361,14.423138250995935,13.998100411306353,14.179029019500721,13.75982679949195,13.347815287368377,12.94289683667946,13.124211313215625,13.311005397037366,12.909335735383648,12.51443224132145,12.126214369987313,12.312591628242423,11.92879757827938,11.551474089931672,11.180553603319195,10.815972003578603,10.998739175473602,10.637933450410628,11.381933684226087,11.015913638909396,10.655940020666572,10.301963405230792,9.953937433263896,9.61181877080056,9.275567074232205,9.45946429379647,9.649651033315843,9.313059284544421,9.506689319466917,9.172535326827948,8.843995402050998,8.521044592252265,8.20366080024847,7.891824787372207,8.075202047088258,8.785913211628909,8.995262200320653,9.779753035525028,9.439999513200029,9.1054814400219,8.77618797640156,8.452111189753674,8.133246099176269,7.819590726021593,7.511146150520212,7.722065732896645,7.41435835764456,7.630389665738852,8.416314693420084,8.094374448668887,7.777424768869245,7.465478587817047,7.704994909819121,7.957463508043934,7.639910935308499,7.327262663998978,7.019542941053017,7.269254375973122,6.960694371357611,6.657048491030464,6.358353567607595,7.178579963692696,7.465506375644907,7.147640401959327,6.8344998120221785,6.526129550875404,6.222579936969016,6.5016078903988825,6.195627814565252,6.488776188489959,6.17988484553564,5.875764954825322,5.576489365464829,5.2821386433699065,4.992801705157825,5.268633647467359,4.975607316149379,4.687649716659372,4.971106879279633,4.678727333976467,4.391482005061344,4.109509282226595,3.8329623822325467,3.5620109791478662,3.2968430592406404,3.0376670334710427,2.784714144511083,3.544231090243152,3.2669737491239172,3.560593567693053,3.275330760861989,2.9959229978203257,2.722675397524975,2.455936552220033,2.1961060891054434,1.9436438551409603,1.6990811093331644,1.4630341866206487,1.2362211716247948,1.0194821559216478,0.8138035710241095,0.9597077155525212,0.7452718742099785,0.5441375454211013,0.6778789297965085,0.8591749715911019,1.125008406731129,1.5804486815591323,1.2281833776137256,0.8776848585691118,0.5289354807558125,0.18191786362440657,-0,-0
18,0,-0,0.3222592923889639,0.7010078080586999,2.061035759759224,1.898012202802721,1.7854391177971964,3.1357020815449923,4.624745604663058,4.980707658564879,5.342693808404788,5.710373024546472,5.515928032327245,5.349702953012479,5.732074315287965,6.118992442339752,5.978920496473524,5.357906889708063,4.796193803839304,5.1776139172707945,5.102827245974235,6.44255059578582,7.35490754110135,7.771156157452401,8.193460761845758,8.622013995802627,9.602050679369334,10.049255788276371,9.947149895493904,10.96470474716319,10.865542079778143,10.226872742532107,9.621517153100342,9.047316291307576,8.99483342646698,9.960767564506495,9.909309703768452,9.35940380618212,9.322279138387335,8.80583001302637,9.753234521845576,9.725308328096173,9.701367366361552,10.682018376503915,11.174894653038821,10.641695234268449,10.627181649629929,11.12377494818478,11.114159975481025,11.108031964239736,11.105273447479492,10.605588518081765,10.610683415040253,10.618700905331162,10.629565435816788,11.138602493012963,11.154128223580193,12.720802103276547,12.213470603081518,11.721275760439191,12.26220700254491,11.776295038744623,11.304441708834814,10.84622819857446,10.40125825277892,11.414703775966832,11.961052882225609,11.500806367153961,11.54760741119346,12.103558912889515,12.675220877621717,12.731688808368165,12.790915470027313,13.387044560645462,13.453368333458503,12.985302209615691,12.528301071917488,12.59973610013367,12.15438713298236,12.229334308744752,11.795002757221596,11.873170769866944,12.470615812530319,12.03755769824937,11.614157149272565,13.274324576528407,13.924547988629985,13.473476340454411,13.57798083992516,13.68587625285437,14.363653644926035,13.912188586735601,14.030794774610111,14.73201642466418,14.279428568081327,13.835332842693118,13.964958884044803,14.098635778291255,14.236498066023074,14.378689062591693,13.939595480610453,14.085246269475315,13.652902788906507,13.228224107464516,12.811108044890604,12.957534406307097,13.108490200751161,12.695918928537202,12.290569252549801,11.892357487847612,12.043110484675026,11.650176732510573,11.264158505825979,10.884986130398117,10.512593622597096,10.660253537717866,10.292474807183101,10.969657888196151,10.59746157162921,10.757335571986662,10.389247157435378,10.027535412409808,9.672155476964923,9.323065716032264,9.478048136841576,9.638231223538348,9.289979331690894,9.452813860554667,9.107799128110583,9.273366376220345,8.931375250055245,9.099772172199563,8.760593249171029,8.931933781530326,9.643573311939655,9.839060166727986,10.619863038299918,10.254203593925135,9.894125032813506,9.539614859299272,9.190663697350654,8.847265338992113,8.509416799281048,8.177118378046707,8.3739068500431,8.042966359556825,8.244341927354174,9.020566864994091,8.676240692336982,8.908374371387904,8.56455924598362,8.80375358577249,9.055902948562652,8.707106871741432,8.363457371503674,8.024976494752517,8.274907801638978,7.935995361667242,7.602229127142284,7.273644228439184,8.12485226674976,8.412313530292915,8.065034131248265,7.72269682824039,7.385345057107661,7.0530278128589226,7.333181522003537,6.998785983153153,7.293184967895649,6.956219693741081,6.624228416348524,6.297283294922644,5.975464459970448,5.658860678674339,5.936548828012944,5.616567097348082,5.301850882797944,5.587358461203034,5.268516534323621,4.95500162994292,4.646953348558423,4.344526655224413,4.047893607585384,3.7572453322095725,3.4727942888391317,3.1947768683125184,3.984505202347574,3.682279694021647,3.978490831444983,3.6684954619560157,3.3645463719002313,3.066954560309525,2.776076217248368,2.492320771689675,2.2161607356338684,1.948143802406851,1.6889077732622484,1.439199017392323,1.1998952955189235,0.9720338384199279,1.1199509316724834,0.8835330582505521,0.6608985566251173,0.7960398612025374,0.9786818578379821,1.2457974575546713,1.7024434615739732,1.3273264619746168,0.9540958594396282,0.5827327646469878,0.213218570752534,-0,-0
19,0,-0,0.27485366930179256,0.6210608321064535,1.8960590374271864,1.7252919044542527,1.6050711456571316,2.865610521254372,4.261150128708266,4.579744080259646,4.903778309005487,5.232892503541205,5.02982434092351,4.85491079706324,5.197605901671075,5.544147164826338,5.394809217071843,4.796193803839304,4.25688774575963,4.597327891266387,4.513124311788863,5.744795487557402,6.579299609316523,6.950254916400423,7.326364927765219,7.707792577142798,8.603302859170402,9.000837165123686,8.885646361685133,9.813768644722915,9.70058118941579,9.086579303119517,8.505996619979278,7.956672771858397,8.356438535999041,9.248100771619892,9.176651649209594,8.635516763173877,9.049545694422905,8.527033792873663,9.415084642699474,9.363575865853333,9.3162821256193,10.231966224039684,10.678589319910369,10.143642908470088,10.105325304501768,10.554378767626273,11.012479217871807,10.979695511605007,10.950482324078086,10.439860019131336,10.419421067601279,10.40202811052306,10.387582237705095,10.853638645659654,10.84338194347424,12.32409638815932,11.810413029907632,11.312539587536753,11.805110683799859,11.314695605692556,10.838959933038472,10.377467940383196,10.388586596891946,11.350429247879598,11.855511687066166,11.383357579827019,11.403480188614662,11.915952131547886,12.442021566398388,12.470092476256296,12.500757068547015,13.047274799503294,13.083892135711917,12.608254777545035,12.14424670693378,12.186748706753997,11.735440223101351,11.78165975315435,11.83028051134031,11.881321194493855,12.43686215691706,11.990753184448385,11.554860903762362,13.136877193478309,13.73761400237494,14.357869399405141,14.436634522782624,14.518645517317195,15.171828468398141,14.692662909849686,14.784811239841677,16.049412999792274,15.561553966180378,15.082784182774429,15.189589193724624,15.300303439414215,15.415038989512032,15.533915695301983,15.062713907873592,15.18531372883445,14.721867099224784,14.266606283652582,13.819420897346665,13.943908902079535,14.072635224398615,14.205755480456942,13.763351628675014,13.328573290459309,13.463744405420988,13.035132909099755,12.61390177776597,12.199974296004859,11.793277741222003,11.926814673985522,11.525553038466992,12.20749772212956,12.355052603296217,12.5077136260703,12.098784784406474,11.696632121723878,11.301204262766726,10.912453306047473,11.061633213746807,11.21609636512112,10.829177403534748,10.986672028934205,10.60364564212719,10.764235681997217,10.384866486759428,10.548632468240033,10.17268826920126,10.339728547184395,11.078909439656385,11.270006909081863,12.077719623812245,11.676542350938648,11.281249239602849,10.89182369191617,10.50825239499416,10.130525370789373,9.75863603322683,9.392581252926377,9.586549594501317,9.22235135553086,9.421155150929003,10.224950273837962,9.848000855123223,10.077652125032353,9.701676130066144,9.938615711461342,10.188535849218853,9.808220018977444,9.433293987800187,9.06377734660604,9.312062496389753,8.942531011200911,8.57837816976836,8.219637113086332,9.098453238433668,9.384659533694455,9.007722933566681,8.635945657163072,8.26936938185565,7.908041509645035,8.187579738200442,7.824533380711705,8.118467385477837,7.7532004569973125,7.393109829562468,7.038266668524963,6.688750333304548,6.3446490689552135,6.622536708386751,6.275376886471407,5.9336777991944745,6.219613019294622,5.874092678545826,5.534090294942277,5.199746175769926,4.871216457459789,4.548674916843297,4.232315050945353,3.9223524706779287,3.6190276618263786,4.436169489494738,4.108764335041416,4.406073633869695,4.071145061368932,3.7424498668081205,3.4203039464173295,3.105069895880953,2.7971654863545816,2.4970740906932134,2.20535758426387,1.922672394528902,1.6497895576688868,1.3876198507084438,1.1372452670355937,1.2859853519819497,1.0272741469320623,0.7827905749152885,0.9182426079952661,1.10111976858954,1.368383606257341,1.8250762102141336,1.426986637377312,1.0309043391883732,0.6368091609053577,0.24468125003156282,-0,-0
20,0,-0,0.23139293612231462,0.5478458379163739,1.7437093807238429,1.5666706492444737,1.4402828607094196,2.617421249837405,4.480366821866461,4.7562946838749705,5.039377076787754,5.328685289045804,5.092874321584873,4.888460677957661,5.195907606208102,5.507001406102502,5.333139611585542,4.723079882086934,4.174638731090196,4.483851572560161,4.381051721855586,5.551415026580639,6.807311825671314,7.145722146612637,7.488637181119648,7.836204089551929,8.690182572185059,9.051328670719148,8.908301768940989,9.789411478922394,9.649050890374573,9.020200743674792,8.426235947179142,7.864894108943356,8.229732615050121,9.071763230347115,8.977117593692546,8.42802689606752,8.804975616295582,8.276344914772721,9.110285058829689,9.037014913566406,8.968247015408936,9.824979603739884,10.22962238043924,9.692914714483837,9.633013591100449,10.039151701612152,10.453042219180752,10.398093583732175,10.346809452125791,9.838120363827338,9.796243822996296,9.75745253122268,9.72163036121408,10.140351761310626,10.10819661051999,11.483022587862298,10.974778020972291,10.48285417809393,10.92315191020984,10.901464230793364,10.421811937643866,9.957013326623247,9.945122991861496,10.840624810739703,11.298409748068286,10.82496118914846,10.82065312438029,11.283723046209511,11.758430180445604,11.760414250088367,11.76481202915557,12.256208858669202,12.265460960936307,11.79225199000704,11.331156476177988,11.346932722024206,10.899446657738524,10.919093601590797,11.884567613703243,11.90995428200896,12.426954147869418,11.967662172126088,11.999999691908593,13.545535834406511,14.11395803604181,14.699753587991445,14.750376653295273,14.804037975211607,15.418552105190816,14.920638081071697,14.983669307394456,16.19309226340042,15.687904964468373,15.19234073126282,15.268634249559515,15.348414516053413,15.431761202013039,15.518760080364325,15.033126354221327,15.123770856059172,14.646831710015416,14.178565263799523,13.718856322058958,13.812125986025897,13.909017092040369,14.009643527565366,13.556466691372323,13.11137951633819,13.767750527049834,13.320830319196434,12.881751959585317,12.45043479480682,12.026802441616372,12.133855378068983,11.716508044148256,12.359762384501959,13.033196039985755,13.162976074455726,12.730617958722986,12.305462190917883,11.887454014501623,11.476542396757727,11.603834896466324,11.735868166416608,11.872872806856583,12.584250667200465,12.162809706874773,12.316299929036415,11.899161504552493,12.0562101640128,11.643120783936569,11.803809674790287,12.566864490369367,12.751591511324825,13.582663921039885,13.14563140689845,12.71478941573773,12.290117013367533,11.871596709886926,11.459214509735844,11.052959969675404,10.652826265038934,10.842109175149899,10.444339462848202,10.638735712593888,11.466787604576835,11.056921866760568,11.28231919320996,10.873897538207752,11.106837847274507,11.352804291127976,10.940698299254631,10.534226871134612,10.133406926029105,10.37835985801978,9.977949378838487,9.583150991184013,9.193995608354458,10.097386853755816,10.38071931743507,9.973886511383911,9.572431292785613,9.176393370811441,8.785818329223169,9.063164493730646,8.671237846510092,8.963152973665455,8.569361955103915,8.18094987718592,7.7979866586928805,7.420550610376841,7.048729148517329,7.32531301986154,6.950759526843722,6.5818611908831235,6.866750480977,6.4943426635894,6.127642652193181,5.766791046222689,5.411944680218727,5.0632785064713595,4.720987763634266,4.385290481647334,4.0564303829852335,4.898440297412127,4.5456531189802645,4.842699488991929,4.482644617997965,4.129007123409423,3.7821069773430747,3.4423121847214033,3.11004763808435,2.785806059903645,2.470161616710477,2.163786970026176,1.867474762382739,1.5821648267724022,1.308978739052872,1.457431739003369,1.1761436120193067,0.909495357689518,1.0442364505796717,1.2263146972513985,1.4926786738034736,1.9483536355039768,1.5271693262383539,1.1081144548119493,0.6911675808749846,0.27630758651081655,-0,-0
21,0,0,0.19145917546819574,0.4806539861959432,2.1111518086812584,1.8651960173340973,2.1269705845524856,3.3678893378601065,5.289401975570115,5.50858505580056,5.740230705183165,5.981974681484234,5.685543587690718,5.427432278347824,5.699072601473154,6.490809066214615,6.255338051071473,5.564542756312224,4.942495467093393,5.229462965280773,5.084047260636669,6.267637676812332,7.525425869393481,7.8339759915812675,8.146806453010415,8.464020519829594,9.294059675814147,9.622846793549446,9.4430620384525,10.295213378173889,10.119761281197174,9.45581209231694,8.828939145404474,8.236723440776181,8.573696955686843,9.385897416320113,9.263027456986835,8.688956422769769,9.036907129628382,8.485951875602455,9.286593093006847,9.188179979078596,9.548069877316207,10.862984905190597,11.246598045109359,10.664727652379803,10.573039443076109,10.95883010098512,11.351478152537007,11.26580806114254,11.18448086408259,10.638538420966468,10.568421161775566,10.501942724470721,10.438952864562449,10.836605852626818,10.777682980883307,12.13723568119725,11.598724911402362,11.077566717794134,11.494229736721662,11.446622341106217,10.94032246242465,10.449785527177081,10.413884426596583,11.284993858725262,11.716713470876055,11.22037241510451,11.191875531140248,11.627867601867537,12.074140947183166,12.531025742844442,12.510081393508369,12.979984716543777,12.963747382625709,12.46260778688566,11.974333758571728,11.966103547188412,11.49281013782814,11.489187428790018,12.920172029041783,12.921657329660137,13.423866020126408,12.93198369406779,12.940809319127276,14.483895548684714,15.032961071012203,15.597885830310352,15.622582730853907,15.650320947602063,16.812475124668104,16.276940759051598,16.315929871434026,17.524916570649104,16.98373838830505,16.45279976228329,16.505210412113993,16.561103902571823,16.620541693759627,16.68359087436791,16.165235550629898,16.232361574127534,15.723737550291215,15.224322651149329,14.733993042851678,14.805058193972016,14.879616745241686,14.95776235300963,14.475822000670712,14.002462550544987,14.642476845165342,14.168135264943952,13.702108455534727,13.244310006361916,12.794658078812253,12.880718057277468,12.43820532792071,13.063828879144449,13.717256418368756,13.824083067967361,13.368064287855375,12.919679492333016,12.478870431004506,12.045582833706579,12.1510273735559,12.813223013576643,12.933968962943158,13.641848381582857,13.19073689337814,13.327265944080377,12.88117164540761,13.021297646063863,12.579953472899753,12.723717855042757,13.479103007894063,13.645392267672605,14.46479706284425,14.001047767373185,13.543845667978822,13.093167777720089,12.648994769616362,12.21131102938843,11.780104716737446,11.355367835539251,11.526418755203611,11.104692749496417,11.280484827928898,12.092062463164575,11.659136355846078,11.863417247855978,11.432577766844162,11.64365206885168,11.86656870862112,11.432988808067426,11.00538989216496,10.583790451186688,10.805256747951354,10.384721906128066,9.970153086990427,9.561584085847963,10.433830399566428,10.688965077918157,10.2636655082864,9.844113255651559,9.43035289279901,9.022435383383128,9.27051132297364,8.861970414678966,9.122149161015907,8.712497998699877,8.308639515967203,7.910652885804234,7.51862654068029,7.132658962125226,7.376035173814971,6.988205043984841,6.606512662966999,6.854982796180179,6.470736447759055,6.092731078010898,5.7211280159712325,5.356106869074041,4.997867634160021,4.6466331242913945,4.302651765204189,3.9662008248192406,4.734171561997743,4.375169179266135,4.620634798370096,4.255994891295699,3.8987055955218644,3.549154724052849,3.207787069206727,2.8751146931228706,2.5517295418269224,2.742071577274506,2.411782439332326,2.0918034808219583,1.7831002068302673,1.48682932114392,1.6339585088755197,1.3298318947524816,1.0407300361467002,1.1738011807992534,1.3541155616115148,1.6186072231978428,2.0722825518333994,1.6278800367202237,1.1857304288650192,0.7458109816905871,0.30809929167246963,-0,-0
22,0,0,0.5226787752936647,0.7896056307956997,3.086173935745501,2.6887663909471753,2.894597380717973,4.173449297310337,6.1350850411374145,6.289866605218899,6.46409201603402,6.653560933597776,6.293475336616598,6.513675343643995,6.741399585690279,7.518101784808373,7.216485978954064,6.442550595785819,5.7447954875574,6.473258932653448,6.267637676812331,7.488737305209441,8.772167719202496,9.04864087708435,9.329859547302066,9.61582114392626,10.433777225836078,10.730243913964657,10.502389857472618,11.338466791271214,11.117799565130486,10.397763726706732,9.717770489882469,9.075183742567095,9.387955635538672,10.185431170846583,10.027413362635995,9.410836568595856,10.205297664230102,9.598953124500467,10.397349300381054,10.263049332635257,10.602958513691092,11.923422228922657,12.283772668195986,11.655939510113289,11.531078419658867,11.894677207219319,12.264445379834585,12.14698913952333,12.034627000504958,11.450842915710975,11.351591761934143,11.25659969594577,11.165680546591913,11.541392658154495,11.455104706394211,13.292796928074834,12.711515047865811,12.148814909810895,12.54835734942433,12.47221390689041,11.92743093012208,11.399486289755847,11.337420337478527,12.201099560701765,12.614609743442962,12.084183418139348,12.030071938453418,12.447464772382338,12.874114943407276,13.310327079823274,13.263531163196543,13.711452561149807,13.669364742988618,13.13993867844669,12.624143415146984,12.591624487176524,12.092205157862622,12.065095091502535,13.474566044664076,13.451335749497831,13.927671841510087,13.412502609470009,13.396852537601246,14.905653386415578,15.423900638258136,15.9563575625018,15.953849055798393,15.954322915866568,17.07211419058739,16.5173050865564,17.09330320614741,18.275416215076547,17.707121165016783,17.149654451140197,17.175090461572943,17.20390791572608,17.23614713615053,17.27185341971994,16.729536817638557,16.769633093440987,16.238057761292136,15.716214130838917,15.203971359874155,15.24919266941944,15.297671138381993,15.349476227413668,14.847464358588569,14.354520579504538,14.961421237032662,14.46835348143102,13.984074252417631,13.5084929501471,13.041523839998467,13.102405820158445,12.643448121344175,13.233975490112245,13.84934412713127,13.928342239180342,13.45745254003075,12.994644389407304,12.53985771104077,12.093036672340482,12.171694270143268,12.790807472307812,12.88242606939596,13.54134278958303,13.078639363035832,13.759559506630776,13.293472261216017,13.40842529684766,12.947864805325478,13.066165582893799,13.786547312710804,13.924674034764285,14.702335401424575,14.221142591681867,13.746904663037347,13.279598995415915,12.81920690747888,12.36571371526774,11.919108800054754,11.4793856858001,11.621426156634062,11.185499803429021,11.331444419843566,12.092262600077795,11.64626715754896,11.81626699947977,11.373172456526683,11.548541125873708,11.733726906921857,11.28912266964145,10.850949297687404,10.419231264998688,10.601925311093558,10.172158313846376,9.748834032404721,9.331994447856244,10.128718709252174,11.003685713866231,10.559774469198315,10.121983857818982,9.690363345159923,9.264969311890834,9.48527697159418,9.059995230700622,9.290403530570075,8.864773207492602,8.445353229724217,8.032232115109558,7.625508521399525,7.225292112981909,7.4380342633549565,7.0368331514081035,6.642256985336999,6.857660717564793,6.461494967858917,6.07210843666605,5.68968340115852,5.314422479604931,4.9465509701452275,4.586319533964828,4.234007279489795,3.889925313361974,4.594198551978802,4.228950100180877,4.430843233150568,4.061599139812814,3.7006460724028907,3.3484396608290705,3.0055012274900865,2.672429369217102,2.3499140159331984,2.494989119958961,2.168462459581777,1.853932021893888,1.5525404995336056,1.2656472634867315,1.3649938607727738,1.0754709241010798,0.8040364433236119,0.8821717433388692,0.9847361787071045,1.1269741384891716,1.3422243383383703,0.9517906648634059,0.5794217671503149,0.2334589127196495,0.3400581039873186,-0,-0
23,0,0,0.46998969609809377,0.712988492157062,2.89828322572227,2.4984741219594753,2.679282971143348,3.886249184791255,5.74958703942079,5.877328180425883,6.024175394656726,6.7539661049576205,6.359666752341589,6.543436952179196,6.735777051749369,7.468939830763002,7.142203373607608,6.355448832293096,5.64744591130584,6.334837659597233,6.110752073905098,7.275404025021461,8.497850593655757,8.740856434659323,8.988402400241187,9.240438591921944,10.006410954992589,10.267679154937701,10.023300809942269,10.80438422032713,10.567598275510184,9.852272281214779,9.17782726108107,8.994252339812006,9.741723765235614,10.509251890184682,10.32251459064702,9.680079509007328,10.443119178328889,9.8135436936628615,10.578986925268461,10.419295713473353,10.729171793506787,12.005713822158288,12.333237165937975,11.68836717663863,11.539428853430104,11.87054658155915,12.207117046701695,12.066181584937285,11.930770075278076,11.33531465152763,11.214212673954638,11.097716638822202,10.985616750476044,11.327787697034069,11.676077974412756,13.46791967793922,12.86759211351092,12.286742248188107,12.65545226168448,12.555300034819552,11.99463754789418,11.451606578362945,11.367232479739334,12.656588761017549,13.043997787152623,12.490016899745054,12.411522093527184,13.27747617569189,13.683647005149451,14.098480648235103,14.025336560883249,14.450805493588327,14.885691505579764,14.317290475818446,13.76339072311731,13.705212400979473,13.169267930732463,13.117523043458268,14.532619129343265,14.48401593409399,14.943674253614248,14.395149221677945,14.354807020695361,15.859453132976505,16.357635575214623,16.86887648480654,16.840082572067793,16.814386062540752,17.911472417146577,17.32770921806119,17.87874229514259,19.034444049156484,18.43871877796281,17.854419999217946,17.852947154640447,17.854815915522664,17.860047439936686,17.868667400990525,17.302126015657645,17.315524494713934,16.760749336371852,16.778629512604052,16.23513225687874,16.257218496782034,16.28254244679854,16.311156872644258,15.779807682214683,15.258032040023513,15.848096080096079,15.327074342710391,14.815327300950612,14.312758263508027,13.819275723424882,13.858880335134666,13.901587661956013,14.490762399714235,15.10370076500933,15.164312099262478,14.660260942057201,14.164723868478738,13.677635283768916,13.198934105961682,13.260662717075691,13.876535310399202,13.950656105054847,14.604409582741393,14.111549830326659,14.786060182452692,14.29050226048366,14.387250979217791,13.897940977315669,13.99816095413514,14.709402487925717,14.82832295545114,15.593704624318368,15.08535016286565,14.584315991758453,14.090577284176332,13.604113376868199,13.124907831466036,12.65294850565344,12.188227634626477,12.311832002958612,11.851571382039173,11.978921399934238,12.72435127900901,12.254942414047783,12.404610860643148,11.9387611407858,12.093387646477511,12.907467013090075,12.430402593170049,11.960022667822733,11.49634879531763,11.671843371110187,11.210566689953747,10.755974434089685,10.308106153996478,11.122458793672422,12.014817806729118,11.540389938897304,11.072308099191634,10.610619538408672,10.155378570687326,10.369748160300446,9.915006611748804,10.139700474144643,9.684986675440225,9.23669238703312,8.794904709299887,8.359721084618924,7.931250186730864,8.13909861744356,7.709990613655263,7.287708260778403,7.498538666459503,7.075000444349596,6.6584381381956845,6.24903439532712,5.846992658960474,5.452539590783445,5.06592785925847,4.687439356613661,4.3173889188229655,5.040238344630264,4.649216884077834,4.847539259096596,4.452810479815881,4.0665717755863495,3.68928492387248,3.321479334667078,2.9637642219551124,2.6168434775747142,2.7587493286441798,2.4081000813763787,2.0697129179897478,1.7447613115530354,1.4346471225292203,1.5307875788199454,1.2183777774512867,0.9245106792455597,0.9991852639993928,1.0981764741786686,1.2367065814248628,1.448084841604123,1.0347934139427195,0.6399722753514137,0.27221667126359916,0.3721857894852352,-0,-0
24,0,0,0.4208908332827554,0.6418356178739584,2.7218343809050927,2.320652278953859,2.478518246235887,3.617874577242627,5.38846362480332,5.491494668833222,5.613342629367663,6.293803012010147,5.897902227345613,6.055710218547475,6.221738830174525,6.903195252585469,6.574442192506556,5.81089679224669,5.126125894103622,5.7609438054514595,5.534785476901349,6.619258824067029,8.243499447325878,8.455182941476014,8.6712931149608945,8.891731661705672,9.609376211254451,9.83799579682014,9.578413019337894,10.308558203585719,10.057072461653595,9.346494585680796,8.677640982231049,8.481386227689532,9.177089064308069,9.890998959620958,9.691444623594226,9.057753341642233,9.765506295795435,9.145760534348259,9.854437183334964,9.68264472092939,9.957131819700988,11.148732967076965,11.438377801197527,11.264785412425892,11.097927416089602,11.394420738753203,11.695679033375452,11.537069086419928,11.38426041377505,10.790430648262015,10.652782446828136,10.519960811567183,10.391739415835346,11.136339414438286,11.452480022291185,13.170667664705261,12.563327259421428,11.97619154537142,12.310146028589825,12.189823013068674,11.624742590871323,11.077943941232878,10.974776961615147,12.195291257965062,12.545174993847526,11.989497150010743,11.891578403967683,12.69965768260819,13.06548478973867,13.438786361822967,13.344823488478117,13.727107920696374,14.117491626343101,13.551176128743595,12.999875979219523,12.920952944907308,12.38856940133232,12.31650795353325,13.633945395131356,13.563411548248968,13.973283247565268,13.430409291333923,13.36783626708011,14.76022099219464,15.202470703777324,15.655749065896732,16.120499489851415,16.068445787933666,17.0863317875395,16.501852403140994,16.99731958034171,18.065097922070166,18.0293339077343,17.436678970403317,17.406567590356428,17.37957491839579,17.35570065643048,17.334948321623205,16.762410076263077,16.746597744261685,16.186770637644795,16.175568582279453,15.627951483726646,15.621052215102747,15.617020525932071,15.615883107270623,15.082206141402555,14.55857890700894,15.090557610732526,14.568548118999013,14.056286285906653,13.553674564557864,13.563922135740524,13.576846214050232,13.592495494435592,14.133245625310574,14.69466654660982,14.725034886958664,14.214853475026857,13.713654726071587,13.746949455397665,13.254364976668214,13.290474604012353,13.866465213373644,13.913184541321451,14.522393631161536,14.017637355411955,14.644313288031713,14.137672185484059,14.203910105499265,13.704377377732637,13.773720722083116,14.429623700501628,14.514537445410749,15.216838094916824,14.70028246443265,14.191510679472776,13.690500751137307,13.197235202849832,13.292581964404892,12.804905506673222,12.324888553963529,12.421334490804208,11.946580287189335,12.04626437124183,12.746688658621373,12.263940462427188,12.382726379079998,11.90436763287424,12.02721185242615,12.784569098851884,12.29620426518904,11.814982048695706,11.340930047234055,11.480684761938392,11.009931929542812,10.546348692581919,10.089982905297173,10.83696327934281,11.65055143184554,11.168969926221845,10.69426651074934,10.226500513079342,9.76573924917922,9.933979619179345,9.47482448421465,10.31062204101641,9.839632159386465,9.375486230482428,8.918280801712573,8.468123667426005,8.025134838588182,8.203434898571873,7.760702289101727,7.3252903064258215,7.504752268283199,7.069065245721505,6.640901044624322,6.220463689940112,6.3922844116122874,5.971039552416903,5.557835328429522,5.152955790438433,4.756718765818348,5.496346265158787,5.079349722709604,5.2731135658075585,4.852703494674765,4.440979513739734,4.038408643884638,3.6455272691056098,3.2629538335851964,2.891404443558784,3.0292241775403754,2.6542337567378937,2.29176003112972,1.9430039106407628,1.609405271693744,1.7015028280831832,1.365943839213368,1.04935285965759,1.119793237319631,1.2144432155443954,1.3485020963417675,1.5552485165047976,1.118928328324802,0.7014676189086483,0.31170265814623616,0.40448414234075986,-0,-0
25,0,0,0.37507073173296707,0.575672101358115,2.5558493705175995,2.154231202370217,2.291050385249958,3.878997008822368,5.623901736279574,5.682709829108041,6.321904923602868,6.967820099453511,6.505387247537347,6.618873259276506,6.743562580480229,7.395497637096863,7.020265165891197,6.207427401072652,5.478600939690922,6.090894295328715,5.832249402625809,6.894734527947053,8.491317697974575,8.671293114960893,8.856081473470805,9.045493675842796,9.728378127405145,9.92551492871511,9.64012130238344,10.333397899954951,10.05765627121779,9.33115129988174,8.64797041348682,8.431360424157925,9.090878850826893,9.766711082561109,9.547593036202521,8.905208064970894,9.57377778895916,9.37525968217084,10.055303125818773,9.859483426089541,10.107113751160567,11.262024287602214,11.52267017829144,11.325903422684263,11.136505591082459,11.404052718077727,11.675885327622304,11.495667544061671,11.321756253020753,11.153833121504974,11.433067660200585,11.271612058331671,11.115478001964316,11.845611129850463,12.139864016707804,13.848429778251433,13.209303166261863,12.591490147388699,12.90219853223474,12.755719406758443,12.162740363308258,11.589015175761968,11.461904497441335,13.119748657648275,13.450647584162516,12.859834084326993,12.735585676568848,13.531828110684115,14.354107438402892,14.712557093647321,14.590039168155572,14.957059770048799,15.33162478135943,14.72561245151371,14.135513678886781,14.030258880925926,13.460706229972208,13.363439120751341,14.686678482374697,14.590532640214281,14.98403662066634,14.40726241219864,14.32000302717875,15.71051819614343,16.13403254300305,16.56774358200465,17.01205815264303,16.9342540565846,17.934249741461805,17.32032486274324,18.343944624388897,19.4087578450892,19.346582908350978,18.717144175821733,18.661406935338643,18.608975184089925,18.559834587620234,18.513974661061347,17.90748265113161,17.867230717085828,17.274551623347826,17.23953744688644,16.660133379637394,16.630011408033912,16.6028366918674,16.578622507462228,16.01513104325083,15.46220861075,15.978388848660638,15.427986528088894,14.887831013221668,14.357818400498429,14.346864912990705,14.338577488671781,14.332990917322318,14.85642905985434,15.399088282402511,15.40706352064086,14.87235548271283,14.347084272380739,14.358675773828034,13.84286497917579,13.857526848499354,14.412177551796942,14.436522789913763,15.02162662813917,14.495538091565493,15.09625582009238,14.569046463295539,14.611542436183885,14.092246700358702,14.137864760830302,14.763725399615172,14.823236824849314,15.491063005179742,14.9565815649794,14.43030537700741,13.912212712791435,13.402286651325277,13.471666814271417,12.968131637639795,12.472681514732944,12.543252333762407,12.053875936357407,12.127341732962226,13.385353461385359,12.878825755938617,12.97765524639179,12.47619113023865,12.57889951329299,13.316424198677383,12.805899638581627,12.302879024111833,11.807391467748639,11.92578620284097,11.434283108852306,10.950318401051412,10.473942855802258,11.197091057022012,11.981954292284062,11.481308310201193,10.98792460338398,10.50186746419778,10.023209722069534,10.1667633870726,9.690469941620531,10.48945848601386,10.002064591698316,9.521943028410703,9.049199873316084,8.58395336854342,8.126334972410394,8.276849781857617,7.820389296207257,7.371749005513989,7.522071156884083,7.0741456349791125,6.634294921106317,6.202744644577623,6.344302055419182,5.913099692202832,5.49058865623837,5.077084898949998,4.672941544011389,5.353544333952789,5.518857434930989,5.70714024505155,5.2608563304274325,4.823452237994904,4.395399455974371,3.9772403873046542,3.569601517179517,3.173209667352601,3.3060826658379527,2.906541440125607,2.51976210539254,2.1469701068345133,1.7896394386149301,1.876902885204113,1.5179478375186237,1.178360991941816,1.2438317349183259,1.3334120760186132,1.4622776858913802,1.6636756615967672,1.2041589170605504,0.763876145325187,0.35189257092340587,0.43695498547436157,-0,-0
26,0,0,0.33225567662315153,0.8811991444402543,2.953384313825338,2.4692057049321496,2.562607794126039,4.1447214114532525,5.862952822771233,5.876989593777051,6.475737992889804,7.080800695596161,7.129096913500628,7.195319651757678,7.276284854435402,7.8966059659067085,7.473527026670846,6.6103524220110375,5.836587288972129,6.425368719935996,6.133566901435743,7.6364774550343455,9.240438591921944,9.890777128641096,10.038039766690995,10.191273665323655,10.85789123686826,11.01978034146046,10.683803854377627,11.359895682691018,11.037335903460034,10.252659201010951,9.514477633921556,9.258865205159424,9.905027157304044,10.565446220989704,10.309996077211409,9.62340203440936,10.276475007396693,10.04532572251519,10.708124930693257,10.481097380049563,10.704313952687372,11.843698540682952,12.078149790968249,11.852050549885988,11.634235328824134,11.876346938530602,12.122472781580923,11.915480387133202,11.715535263074582,11.522279417532115,11.776450530158941,11.590576101987528,11.410624875146114,12.113677920769964,12.381809919016533,14.052247282306139,13.393356204920346,12.7567193756018,13.03991783027148,12.870933703037228,12.261509025881127,11.672167909957551,11.524435123795659,13.134599304131553,13.43623241235696,12.832293053244177,12.687309932722933,13.444832023294696,14.226023100861752,14.552168025597616,14.408127257856274,14.741857880720286,15.082250673949465,14.467644746334374,13.869577739210124,13.743766215157835,13.167400669534615,13.050264936047755,14.309592675331222,14.192620099440868,14.549131276936587,14.436592441896211,14.32710647920989,15.666761552300363,16.056334356050442,16.454961369279612,16.862993456659105,16.76091413792489,17.70877812381749,17.08434729981052,18.05254954864564,19.058006555957142,18.969032842233716,18.330911157846316,18.248788213238583,18.169878863296088,18.09415203636189,18.021580164788435,17.408826567515426,17.342181606265633,16.744209606787624,16.683093510284333,16.09935139055242,16.04339238285312,15.99017506035406,15.939693966483892,15.373697771837197,15.846934211550646,16.33504498091594,15.765132472488455,15.205965576921555,14.657435695387624,14.623478384048948,14.592096136841176,14.563307579991575,15.056307753184544,15.566666862255618,15.549794486511153,14.999530295990015,14.986308579014974,14.976012798556525,14.436740620961599,14.429820614767024,14.96322303246951,14.965200308714792,15.526583315182501,14.978953580308467,15.554326064130663,15.006349345146132,15.025408768371094,14.486160724131787,14.508434855353318,15.105425238954902,15.140156586877936,15.775211432723053,15.824429472346203,15.270743683913842,14.725618211073536,14.1890339770665,14.239307873597415,13.709812080935622,13.188770686021835,13.240667666388667,12.72638874061731,12.781257122861078,14.029308192094254,13.498790710360037,13.5773909519722,13.052619166292708,13.13498514929698,13.852668222174152,13.31979366319566,12.794788084476824,12.27768207820745,12.374748811178298,11.862320072880317,11.357802134165915,10.861248680456185,11.5611152728292,12.318301355926495,11.798434163496752,11.286217106356839,10.781719460879204,10.285019597409498,10.404587564350779,9.911017694050681,10.67538539224289,10.171456824872616,9.675232924165295,9.81733306101502,9.3230679723578,8.836642905237841,8.97939265615335,8.494492087511428,8.017618811082254,8.16054747617502,7.684742260471479,7.217215228714522,6.758192381469484,6.892840560954347,6.43450374249681,5.985060555329494,5.544828956617833,5.114164910018938,5.808383546226204,5.967309351280391,6.149246533169761,5.676899177348288,5.21362371358187,4.7598954262402,4.316261912281197,3.883356671517009,3.4619159477138193,3.5890322169251396,3.164737621876478,2.7534422251621673,2.3563934787041445,1.9750960863635003,2.0567760666702593,1.6741907172252868,1.3113519202784567,1.371153083079168,1.4549718352922145,1.5779597301792252,1.7733316240449577,1.2904530897288848,0.8271697696726652,0.39276458887739885,0.4696001711698023,-0,-0
27,0,0,0.29220374579932024,0.8066670059104855,2.78666039669236,2.303819527566134,2.37933667336356,4.415167535023471,6.105744569049986,7.2585352036339605,7.811678155520019,8.373546518938907,8.347382477388734,8.347186357698352,8.368150362854298,8.958339613821657,8.460059316069485,7.507424665439064,6.652595544930766,7.2256228222904095,6.881934033250654,8.398989370088433,10.006410954992589,10.630325082461516,10.740533981888738,10.857891236868262,11.496886823275831,11.623837212227668,11.24836456219247,11.896374781488676,11.537322081918239,10.714632250253452,9.940912379848621,9.6549429999094,10.276161960342806,10.910017979599717,10.626334601348011,9.912702148153176,10.991220842475464,10.726478126617621,11.370773990632706,11.111752764661233,11.309726141164305,12.432823629840797,12.640573734389736,12.384680194492642,12.138035145287096,12.354451361569803,12.574715081332334,12.340709637386144,12.114534263295662,11.895789879971826,12.125023101573342,11.914670431802215,11.710879750391975,12.38752781818346,12.63000820323191,14.264277573632302,13.585371190778485,12.929675348626354,13.186173718012952,12.995022152775384,12.368954455161822,11.763812759864619,11.595850596500542,13.161337262536653,13.434976683369364,12.817762363876547,12.652655017108083,13.373723155523734,14.116332038987293,14.41194326634485,14.24725487354567,15.020351756718625,15.333513892153656,14.699615048887772,14.082986761070348,13.935023567826562,13.341437650115912,13.203043374396506,14.424450360605697,14.285647902995054,14.61360841053108,14.479306444731463,14.34825278528809,15.640469117017446,15.99795076127866,16.363498061602737,16.737414513845554,16.612146702461974,17.511652892925667,16.876604860861114,17.793599745407125,18.744388554702176,18.6302303929456,17.983335563319603,17.87651278831478,17.77287987938676,17.67239145583018,17.575005454984073,17.480683069385897,17.38938869318278,16.776713406814185,16.691433446491462,16.09399669583736,16.01433113011762,15.937375740309143,16.378560614308704,15.791520222170583,16.23880558996011,16.699667782948108,16.11003905023926,15.531661294316288,14.964421082558903,14.90785039178947,14.853813438707984,14.80231458178134,15.266188836191159,15.745778250053737,15.704832149249377,15.138855886337119,15.101838117068402,15.067576943891355,14.513915389459287,15.007456487752576,15.519667718944774,15.499255766727975,16.037232929600986,15.467849243529981,16.018391630225864,15.449444756344615,15.445310049019351,14.88591685975604,14.885156297720172,15.454276185466542,15.464743820734647,16.068479003259252,16.09192225009166,15.520357917429667,14.957784893775216,14.404184559785097,14.429389720257848,13.883697218496387,13.346893668537408,13.374008405095767,12.844795492592421,12.874740611168118,14.07142796540672,13.527120454172685,13.577703720718892,13.039996835426617,13.093909770125604,13.763505608561424,13.218938903643311,12.682712237074947,12.154862323398124,12.221267183770488,11.699020990015295,11.185184075700755,10.67981860019173,11.928983361565368,12.659385900515765,12.120137929686699,11.588931661934735,11.065841374681982,10.550951004427246,10.647119845558073,10.13613272563272,10.867736704380551,10.34714012799926,9.83468453594076,9.950438435631183,9.440791084110048,8.939450704924218,9.055062895691165,8.556163775376818,8.677528592014086,8.812183600217246,8.30828830032218,7.812874625120285,7.3261686019739685,7.453049257214968,6.967371709324173,6.490789199742795,6.023621193304715,5.566225906056304,6.272608501655911,6.424326799607364,6.5991052713884235,6.1005069559554865,5.611171459302491,5.131577277253051,4.6622764833741055,4.203908700502066,3.757218471449349,3.8778136153131784,3.428568646383449,2.9925535747717094,2.571035646271332,2.165547284458521,2.240932806283696,1.8344932517319834,1.4481595606378923,1.5016241295889126,1.5790228421497827,1.6954828058207172,1.8841861327641205,1.3777825917640494,0.891323537572402,0.4342990934698236,0.5024215817082058,-0,-0
28,0,0,0.2546999880548012,0.7367490923804074,2.6288421263375596,2.148081208015422,2.2072008320532404,4.149864754347577,5.7636763043747274,6.858068173220779,7.37234549071094,7.894720491687623,7.849639768705794,7.830310171198373,7.831916056323292,8.92592466539994,8.936242808574992,8.439135355459866,7.500860541074621,8.053522742682695,7.65535302693767,9.181849268495306,10.789167981827179,11.38443703921067,11.455914172352823,11.535935738182951,12.145978112663379,12.23695551266226,12.335224135267362,12.960915683043037,12.551896387318445,11.668819031060988,10.838069758145988,10.510520016732707,11.114824739754164,11.73027275074003,11.408372921683512,10.649119490187518,11.718032530200494,11.418752100385476,12.043360196879975,11.751567933769957,11.923494867262411,13.029581396833676,13.210120856073148,12.923959921993431,12.648059778392959,12.838500763233759,13.032718323620246,12.771438887098437,12.971814369326014,12.721294165676099,12.92750556011914,12.686822863067647,12.453554904421775,13.569167132791927,13.790968857311356,15.441136508335049,14.716563870703396,14.01657073300363,14.252542055297694,14.030162972796477,13.363204733509734,13.157115373403448,12.956480466513744,14.55696905719829,15.284952238250582,14.608587818877755,14.408477114479268,15.139745111485231,15.8911972077943,16.173620933346285,15.975255501790706,16.75527504506773,17.05484492283853,16.36928184115239,15.70203489077291,15.52329013683563,14.88097562758955,14.71322749839759,15.959041781891434,15.791058106864607,16.107122996369732,15.94434168710663,15.785279881757479,17.096555174917114,17.440931428923165,17.793032139226074,18.153143310815217,18.000289211189976,18.898619189296607,18.22354311465145,19.138224397497865,20.085010710261635,19.94358711330704,19.258946819600403,19.125771701862327,18.996074805884895,18.86979818244545,18.746887424738816,18.627291582104235,18.510963083385228,17.86458479833632,17.755026485279334,17.124998884177344,17.021772902408262,17.444541452818836,17.879353109609216,17.252393000289484,17.69332129531774,18.147387016373088,17.519225268727318,16.902843686104912,16.298119956161557,16.220126819537313,16.144861620958864,16.072319891871558,16.529923148900927,17.002682369781564,16.940666355698305,16.34017276713961,16.282636339287176,16.227984588897414,15.641067996977599,16.12742914741446,16.631746515348798,16.591059672851262,17.12013468166351,16.51930944681373,17.060409927931865,16.46075997368273,16.436597163000425,15.847273005030116,15.826853194762727,16.38549909303607,16.375904433773464,16.967584580951772,16.97043230872575,16.370985626609077,15.78091634964013,15.20020352262627,15.205729530524371,14.633640028999112,14.07081752354697,14.078791493975205,13.524265601898007,13.535249377491722,14.722290485149582,14.153607940331543,14.184051153439672,13.62266764469441,13.656478421309362,14.30754862747853,13.740286563112083,13.181737608767385,12.631939938477348,12.677799755732469,12.134314278495918,11.599618527994169,11.073777608085445,12.300659875782971,13.00504360982499,12.446252477179879,11.895898359669602,11.354060550611432,10.820828575724898,10.89408998933318,10.365542122141061,11.065969456109876,10.528568900735165,9.999749657149737,10.09017326876262,9.565019660555496,9.048644237497774,9.13838445940084,8.625375498620247,8.719733079764119,8.825531465745131,8.308993365705996,7.801500733644797,7.303301747715085,7.400708406742019,6.90471925473843,6.418490242971996,5.942373771608798,5.476764595694455,6.128065683628299,6.242899759331275,6.376076603369938,5.872344848080094,5.378862215173349,4.896181203166602,4.424938147440978,3.96586895885153,4.058845988011167,4.172196724704781,3.6978087227145373,3.236875788912614,2.7906830181165025,2.3607879208558646,2.4292031084225214,1.9986939161757276,1.588633268619011,1.6351247045368722,1.7054756861442821,1.8147886853114337,1.9962127414642135,1.4661225300733203,0.9563152548827142,0.4764784281445188,0.5354211300192969,-0,-0
29,0,0,0.2195524810301113,0.6711052649044538,2.4792839465750425,2.457108591816733,2.471409170205861,4.4208321355924385,6.0091583223425715,7.064611135807105,7.536449297507765,8.017488521535643,7.934504980514665,7.880148949443305,7.8489955224401085,8.900367690207187,8.87957132837778,8.875445474814766,7.888248970832946,8.411709690239627,7.976788541486653,9.479025833775884,11.055497467696325,11.616071747063595,11.65385402361436,11.701132078888083,12.276131323527405,12.335224135267362,12.402237943383968,12.991980056600593,12.557934585531946,11.657197276623084,10.810569954041844,10.462451008385282,11.03327367111628,11.614096196205278,11.734806378260204,10.94750465236149,11.988965987104006,12.122216666169418,12.726014168480688,12.400677895936527,12.545775301790862,13.634157420764824,13.786972150152865,13.470058951205319,13.164465512704734,13.328632690044241,13.496593926825362,13.207758681500563,13.382383912484892,13.105648210344961,13.286487971169327,13.020786679105996,12.763212602615393,13.85121157457222,14.04701973494476,15.661973519627269,14.916660847463904,14.196923866446086,14.406455026945853,14.16179402429029,13.477605112212279,13.2505297455786,13.029372325194641,14.586699519383304,15.2803623118259,14.590103631712122,14.825394280141063,15.531401213953865,16.255945763034926,16.51201393228979,16.289428788593106,17.039685796228913,17.31158088832164,16.606018630494837,15.919532817018409,15.71817699647665,15.058016021683574,14.868631751023882,16.07720818670033,16.36378489580535,16.656370406578404,16.46912122236256,16.285927301948444,17.572213349697773,17.89091879180284,18.216728873308647,18.549897362621998,18.372420345910246,19.2393925270638,18.543458055735503,19.424899189209434,20.33599025831812,20.169215655851445,19.465758118059394,19.307935016705397,19.15373396671238,19.003084637680058,18.85592030749612,18.712177751612685,18.57179714185319,17.910286535301694,17.777252349793347,17.133129575860462,17.00697656499215,17.396682101468016,17.797170552895146,17.157973754914625,18.09347348589154,18.52007684271509,17.871665543829774,17.23555425287615,16.611615459120653,16.510757693233142,16.41265226250443,16.31728221325339,16.74617737358731,17.188847258584214,17.102987685988523,16.486360364111235,16.405351644794674,16.327143844271117,15.725449730180243,16.179160095306848,16.64904439647597,16.58369772675392,17.07557930786649,16.46203400318003,16.964141981838097,16.352631537308508,16.30262981142335,16.25582586204055,16.212275497280775,17.327969453209292,17.29769868845707,17.876438816154618,17.858147078078485,17.23055320793603,16.612727613261654,16.004646884967944,15.989991591391084,15.3912589053754,14.802175630455286,14.790544293856806,14.210472368804773,14.202064589186968,15.378802979561097,14.785525580819765,14.795534690903617,14.210262938940746,14.223723594696478,14.856112411041684,14.26595550214152,13.684888640140702,13.112951415727272,13.13817569884301,12.573266822142939,12.017531869413066,11.471038868267971,12.676123347688122,13.355144344265018,12.77664485908569,12.206981485293937,11.646238544794581,11.094511173477336,11.145277415404122,10.599022656166213,11.269637666805295,10.715294558526416,10.169977130053526,10.235929140841032,9.695142771255178,9.163610092488035,9.228546148393676,8.701313655161456,8.769977425639672,8.848526375095492,8.319245011433791,7.79957807156218,7.2897961127657345,7.359712320734428,6.853332033563657,6.357383078972122,5.872251127302745,5.398367837377909,6.000143723418406,6.081902883609866,6.822515089842878,6.2922295537715955,5.772389580176635,5.263551246859079,4.7663558742171945,4.28154619934887,4.366556688624612,4.471976856122344,3.9722565192898047,3.4862118111152585,3.015143958913807,2.5606332333889736,2.6214343318020608,2.1666470033518452,1.7326363499634285,1.771546258387456,1.834250048211505,1.9358254854486714,2.1093883606614083,1.5554509722361445,1.0221251722913476,0.5192866910490955,0.56860076035043,-0,-0
30,0,0.036553703866679436,0.5186727954245187,0.9760495647182789,2.8645700205876765,2.778679893148041,2.744188908032578,4.696944870063256,6.258593191754283,7.2747572755374,7.704078438322238,8.144060203601182,8.023335981376816,7.93428981643223,7.8708556930471145,8.881132327114681,8.82996311538823,8.79686986556286,7.797000623162193,8.286762578168732,7.835068306851982,9.284710640664686,10.804384220327133,11.327276575695198,11.857210717772432,11.871984675532582,12.412672394429261,12.440333306379832,12.476630642682249,13.031520004170792,12.572667105628781,11.654032901686055,10.791321488184416,10.42294537203187,10.961672174445548,11.509379841639554,11.603848595080628,10.806628746751867,11.80581748927359,11.913050222628208,12.481079183959334,12.139475563864277,12.25849860158986,13.298363697044799,13.424056970336768,13.092053091407813,12.771921091115532,12.909411954204483,13.05050912004506,12.748120333528169,12.895873064788153,12.606212977811245,12.760092559194574,12.48201761847127,12.212440792072625,13.242142467773443,13.409732187488606,14.945092211604933,14.204576450543309,13.490237910012977,14.115726443730177,13.85425830021413,13.164839757086456,12.92200255775487,12.685446010984377,14.178522854992838,14.829973624029412,14.137272361079022,14.343247123583286,15.004863752486829,15.683259876017436,15.907450836562225,15.668805260945392,16.369629531409725,16.607854764897404,15.903801603714665,15.219387458744654,15.00276764030741,14.345724923301006,14.141752512507297,15.278665871145455,15.53008700423623,15.786721709431976,15.583889093369457,15.385235655267264,16.58958004800405,16.868782800142732,17.154098727270718,17.445735256802234,17.251021103973464,18.048853246326413,17.361508825974365,18.170997386231896,19.006765463528033,18.820643432769547,18.12740488188214,17.95063157730603,18.284849808700987,18.11349370363599,17.945626501990212,17.78117425160197,17.620066315571194,16.962324563665618,16.808990060233807,16.169590420617645,16.023549568761876,16.367230640089904,16.72008439726607,16.08737789234849,16.94519766983304,17.319914933977223,16.67926743828104,16.05141813245098,15.436240199118195,15.313996746710636,15.194330950215573,15.077211504345183,15.450911508613167,15.836075889567512,15.72633876029583,15.12167971802341,15.016974392444443,14.914759331419821,14.326514873595098,14.71774727539095,15.122220388204735,15.030486433609736,15.452352208555032,14.854658145256307,15.283668815945488,15.203333696679625,15.125688620220059,15.05075241984686,14.978547822407279,15.98470851721068,15.922263330880167,16.42363250567334,16.370258962184277,15.75395980403886,15.14802391877161,14.552436614641646,14.503452288116321,13.918398674829813,13.343627534661389,13.297895693407325,12.733384843643085,12.690499384861402,13.721665665181977,13.145782434453821,13.666796291951504,13.089574587262465,13.06684522363151,13.613144577331328,13.032865473089972,12.462367905114512,11.901707207302499,11.888005094596313,11.335781382655819,10.79349183392744,10.261224439930766,11.314048809350405,11.883731485221322,11.321626279948282,10.769229965579367,10.226654403210041,9.694024031504458,9.697326999512896,9.172058178413575,9.718518485977,9.187120838801878,8.665857781701467,8.677569926258462,8.163118697570425,8.176424765677135,8.195285753640908,7.6833901526190544,7.703868741442202,7.730663116401497,7.220115826789556,6.720480982938209,6.232095838135781,6.2500185006531765,5.767917355488927,5.297853697404359,4.840308052424996,4.395815467169039,4.859873037579589,4.878948739941814,6.001701786808215,5.487594542485715,4.9857346120263815,4.496823822712457,4.0216681419907845,3.561196693664939,3.5870882369009487,3.623681108980111,3.6735786215175343,3.192952074789144,2.7293660075525716,2.284657202320523,2.304364077152149,2.3382209598819967,1.880044713146335,1.910790659406525,1.9652737042707773,2.0585469395366918,2.223692862231057,1.6457486060783364,1.0887357153800121,0.562709555438754,0.6019624489539704,-0,-0
31,0,0.01916445855942004,0.4735904750569199,0.9028077944588918,2.713004416067086,2.6143500598334,2.567119080051959,4.436973143991559,5.93113245773449,6.896734163139539,7.293347421103517,7.700148564612089,7.564928060539719,7.461238114213617,7.383007313998945,8.339048019506192,8.78686318901752,8.725544909926509,8.190411399278911,8.650779462819754,8.161656489719693,9.588614360913207,11.079840535652545,11.569520883342838,12.065843596169119,12.048286207583985,12.555291776329085,12.551896387318434,12.557934585531948,13.078942228890947,12.595452221804582,11.658678578252044,10.779672257041147,10.391303606518289,10.8991799019824,11.415131891655196,11.48428474714127,11.113381383207196,12.086991462780102,12.16756960037479,12.7080124008213,12.341458875912632,12.434522480608937,13.44297279587478,13.542016055532736,13.187332005830633,12.845371064146732,12.957384151423382,13.073015199055488,12.750520276121845,12.873209324008062,12.564524088971734,12.693636497189022,12.397503179387074,12.110445768253491,13.10064702028298,13.242911824315259,14.725946210687406,13.977325271471152,13.255695792222753,13.84553722418033,13.567955029787862,12.873251364513218,12.615375495960809,12.364165064482602,13.797125113842801,14.409036435212338,13.713867814051333,14.328198049715844,14.957450199919908,15.602017690697425,15.7989639497785,15.541066876518366,16.20551081372195,16.415305143727362,15.701852815718963,15.008713624741114,14.774271821744588,14.109746155548068,13.88882784387034,14.976610744177925,15.199218277176934,15.426477456491039,15.206314990712986,14.99056650222745,16.137568800513666,16.384872883702315,16.63758352894086,16.895874629082545,16.683165644273114,17.429937819722564,16.741331533484114,17.497701427294373,18.27776370478687,18.07253170703224,17.37982254860379,17.184510518730523,17.479940475266925,17.289798636050744,17.103203923603402,16.920073326144593,16.740327154943408,16.08639148630989,15.914909677967044,15.2802792934577,15.116569360872536,15.418797534232143,15.728847986220837,15.102694548243502,15.89058373829422,16.218989623154524,15.586181071878023,14.966673214642867,14.360339846119292,14.219674410407464,14.081503534125234,13.94578531897245,14.27078872448358,14.605365353395106,14.47543405826617,13.882857141042882,13.758266205985578,13.635983815978157,13.06131593562389,13.398234974856662,13.746041626185269,13.632600556085261,13.99418540917184,13.412494414717555,13.778898735102254,13.674719318999498,13.57283747509457,13.473247402409402,13.375945772374452,14.263868889974493,14.17310737578428,14.595152859996993,15.034215044166075,14.429323220038302,13.835395123275337,13.252424758465777,13.175258432549112,13.100616205739794,12.530041242640817,12.458513534529198,11.899327364830967,12.322962161503648,13.287596100939584,12.708061741717886,13.179467751666031,12.599601733363224,12.549895327803009,13.041360558582124,12.460006340755312,11.889027715601785,11.328491055069414,11.28685591337063,10.73594865932119,10.195618194809054,9.665966847246352,10.62716554998824,11.679134872071751,11.10927394802408,10.549688362759392,10.000502716432205,9.461855172480634,9.43960706741742,8.90949519694238,9.945632383323781,9.397163704431376,8.859286001852217,8.851110110216501,8.320931698122068,8.314214938610405,8.312420736854403,7.786184541718208,7.7857547852348965,7.790829277671334,7.26745570364403,6.755577954028738,6.255556362599278,6.252446130865836,5.759928688547966,5.2801370554113864,4.813585776594637,4.360847481090511,4.791870479276277,4.788493598710202,5.842978517148781,5.887720757570166,5.359275622380144,4.843994436095336,4.342690690291136,3.8563036892376443,3.8730688518812117,3.9005798197381374,3.941436052841879,3.4354548270438108,2.946766297266625,2.4772344544447353,2.488190283439359,2.5132969193346733,2.030745657567588,2.052769132806161,2.098481659625663,2.182911772864163,2.3391087435147804,1.7369984491031916,1.1561312525684582,0.6067341134740988,0.6355082047936412,-0,-0
32,0,0.002712479176289102,0.4309527706989727,0.8335713672865056,3.107227481684204,2.9400047246392775,3.315023944775578,5.265148261639909,6.769891273876557,8.322684388857114,8.652776351197247,9.000349794606334,8.77889059694357,8.599412116547903,8.994928029307134,9.95096623710632,10.359008550445154,10.226872742532107,9.595753110372405,10.027701448050957,9.455812092316936,10.909780040297198,12.419570444280998,12.878593088201871,13.344530803683986,13.278368224187387,13.756593683570344,13.708296497956672,13.671473737701014,14.165674939495704,13.628570729609786,12.62817569848904,11.689211214746441,11.256497319248256,11.745062287406421,12.24091713351826,12.279710644784375,11.870165841558634,12.83204671786081,13.348254758661028,13.872620358676516,13.461665167029198,13.52551931819764,14.530376560343964,14.600162751797068,14.205540912033863,13.825100730166822,13.910451737045328,13.99979870919451,14.093069191606526,14.19020102882554,13.840842240787525,13.945720547609826,13.61107676544724,13.28669237852587,14.281850942604043,14.401001132665092,15.89772603941532,15.101667690992292,14.334063469929585,14.913044746843523,14.602572256803743,13.865388931447612,13.576624677763117,13.719347554606955,15.181758341819831,15.789199246467009,15.044463659265638,15.654204269139267,16.277885926544922,16.915899488903538,17.092657755054617,16.802220699144602,17.45886762677854,17.6484789725582,16.89246348222787,16.15776950613304,15.893791921405084,15.18953938677251,14.940502256259498,16.031050690683003,16.235400591323632,16.444255119088083,16.19681269259672,15.954273502142007,17.09909479165801,17.327248565950377,17.560580922362405,17.79924805875725,17.560467635727125,18.29325222231082,17.573368498005593,18.314878026527005,19.078663627286968,18.847963390121024,18.126241272950505,17.906398120380373,18.180968947060727,17.966655335156567,17.756185340766173,17.54946548251043,17.34640585962651,16.667430277810322,16.47343472086611,15.814887094616124,15.629431135976754,15.91123774571409,16.200294245544637,16.020610836434084,16.801373196411888,17.114050098825693,16.45115229453633,15.80210374659254,15.166770775015317,15.004507765048663,15.31141611903989,15.153360469679036,15.470641950848062,15.797217623469077,15.645309170669677,15.017369312208793,14.871466898980888,14.728095567451712,14.119394601728654,14.448808524604429,14.788749996251758,14.654830704621313,15.008138190060606,14.394319219258263,14.752359344053108,14.628180906337253,14.506455231421972,14.387169325502573,14.270312604325172,15.159086977797681,15.048531212088749,15.460206883791997,15.888234683168637,15.254752546385472,14.632640310206018,14.021889552916535,13.925737168396752,13.83217065237047,13.234916835301966,13.144864512407102,12.559741757129299,12.972375571130591,13.931327371066757,13.326793550470862,13.784902628336823,13.18072322619528,13.11215117774881,13.588968942865552,12.984330730924167,12.39045940466374,11.80742293421031,11.74737829314961,11.1747142259633,10.613026271742418,10.062420012676021,11.01099406258283,12.04604525334274,11.456154174708598,10.876952459117422,10.308570094655936,9.751151264417826,9.710305837734403,9.1622403311631,10.175814598947118,9.610129152770996,9.055495241502337,9.027689937673543,9.004220032433865,8.98540974402886,8.97162955364194,8.415972398840395,8.403836670756945,8.397306062604342,7.845080407954734,7.304573926203082,6.776148238172396,6.762022745761229,6.241486395459047,5.733903114460391,5.239791713398413,4.7597305585101095,5.197220524316182,5.183530162768681,6.26112583052245,6.295568169214057,5.740338592519103,5.198485666126101,4.6708294986532435,4.158318424003715,4.165355240632494,4.183188594812728,4.214414048371333,3.6828817729309233,3.1688883183878045,2.6743224841017184,2.6759654552228023,2.6917674098139055,2.1846367878267126,2.197401325052089,2.2338153952890227,2.308883164728776,2.4556208406318705,1.8291855993416288,1.224297894786388,0.6513487398813053,0.6692400702704605,-0,-0
33,0,-0,0.39060212124361604,0.7680848909996089,2.9536677660547612,2.775806136433711,3.612990123095897,5.55753904729709,7.032050079338892,8.547537552880199,8.832517837249299,9.137746868230614,9.459476693141095,9.221119722216086,9.575359082710147,10.501268955056526,10.869477434335515,10.692198927065045,10.013622302471248,10.412087001909292,9.79981268257278,11.227847183356408,12.707028681372817,13.131212119877906,14.109207149806219,14.000394745999797,14.44543503460034,14.357505676795265,14.28268324095806,14.745385060789419,14.168001758665765,13.125589335716256,12.14747266926455,11.68175261391414,12.144759923318807,13.083924573687872,13.090920888295011,12.641598103618302,13.59020541302723,14.083653916499646,14.584609042006264,14.137775790935413,14.172857188632845,15.159130537486528,15.200087075471732,14.773331791962141,14.361980020145685,14.420657459197534,14.48363049864249,14.55079245066721,14.622048905686254,14.245789983527162,14.325616445013786,13.965567578717096,13.616611302119098,14.587334579298755,14.681846448688276,16.14935428424819,15.33153984141537,14.543242466115222,15.095562819687737,14.763364020025461,14.008065633081141,13.699024820617753,13.818529533760035,15.244893944571258,15.822648757547272,15.063258898694361,15.642737080707713,16.23496017394016,16.840286444679972,16.99052912844955,16.681012845090827,17.30292728495429,17.465202300854155,16.699367750646132,15.955551798628173,15.674178385462383,14.962086835019944,14.696593014732427,15.741275894683083,15.918473337687676,16.553015169413023,16.28520541602876,16.022656862127022,17.13104536187911,17.332821279390828,17.53935062597903,17.75076556148994,17.49197271849381,18.188816393672685,17.457417836585417,18.161637682929324,18.886263923564407,18.635401430888837,17.904155361925707,18.147006837104843,18.395820541925367,18.159588981392794,17.927454739658472,17.699314844614012,17.95893593014163,17.254625056422903,17.0378875862857,16.355144511414164,16.147743585183896,16.409049566749452,16.67709783919005,16.47565826215421,17.2345182173676,17.524479888420007,16.840714201960083,16.171343720565552,15.983961550084633,15.799580079677805,16.090841912623876,15.910875286167489,16.21200244347203,16.521910255031028,16.348183839022816,15.694061769550478,15.526972920698755,15.362586952735052,14.729089186367188,15.041755023245797,15.364298078353169,15.20967977215528,15.544717324653748,14.908145083658441,15.247517530311022,15.102777329711154,14.960577210944777,14.820895099037878,14.683711126388728,15.55122653426518,15.419696726267961,16.337250024533763,16.753383183148078,16.091029684697958,15.440457246203932,15.323248769053306,15.208816327112615,15.097176768742685,14.462635258509446,14.355001710860432,13.73321030511949,14.147931690101556,15.127969025034485,14.487501713017663,14.947741426744718,14.308158978452488,14.223215956875908,14.702443913601801,14.063168557705811,13.434950469910973,12.817854274119457,12.742431211296436,12.136227403630112,11.541277060993346,10.95768322198316,11.927988641176821,12.984476931194381,12.362132834378627,11.750737053142045,11.1504173372727,10.56131588762941,10.506762717724438,9.92747114728111,10.962790915869414,10.36623141041157,9.780964428127445,9.740148313368598,9.70378556275202,9.672198292966355,9.645754906642773,9.060444195290586,9.035934978764928,9.017137831726112,8.435834822443754,7.866474229814835,7.309418507600701,7.283633014298421,6.734854377854913,6.199254406236801,5.677355431024554,5.169740654596652,5.612679239198508,5.588059811798791,6.687360319452656,6.7109022585436895,6.12869039549255,5.560066318512293,5.005855951887264,4.467015644110603,4.463747005768327,4.471331611428464,4.492361095010838,3.9350839869477077,3.3955866437658644,2.875780530599266,2.867570743500948,2.8735352151673195,2.3416250432677796,2.344614478225877,2.371222210215115,2.4364282833104722,2.573216082688483,1.9222970208069126,1.293223321858568,0.6965429725510455,0.7031601219689178,-0,-0
34,0,-0,0.3523952273238366,0.7061161955858021,2.806953376281386,3.10603160325653,3.919337592231312,5.855675272721956,7.298753998514909,8.77658626679284,9.01610745977626,9.278972080735528,9.560599411674726,9.286164764174812,9.604281272205625,10.490525819237037,10.823157460210371,10.616803235339045,9.91729714103387,10.283264978003004,10.148929330723956,12.078859675151353,13.54782197124476,13.936191317406866,14.888233365050784,14.735312572470637,15.145880722872281,15.017203146387432,14.90340451109584,15.33382404311136,14.71536220037665,13.630143287964435,12.61216368893662,12.577289505441017,13.017889200946183,13.944154696060325,13.917950138080865,13.427714536222583,14.361582102271797,14.831114191907256,15.307646491705741,14.824125479466751,14.829650469120963,15.79664494213184,15.80818026121736,15.348726124954025,14.905942040316177,14.937528151135488,14.973774679206489,15.014538661467457,15.059691613350498,14.656231274546798,14.710877789191002,14.325194084821403,13.951466009916578,14.898136893681187,14.968104144525174,16.407298455204327,15.567431930876317,14.758164214220129,15.284397149195875,14.930521069627146,14.586145964054829,14.250881951339563,14.348088958154875,15.759712372595873,16.315821906914795,15.529614053491162,16.08718083253723,16.656507359578043,17.237930633839955,17.363745533122977,17.49342261979019,18.097737043844575,18.2367597426708,17.438604282108734,16.66339953962378,16.35594340264104,15.61415852797864,15.323900268040589,16.35491338155455,16.510620580792757,17.125949682932468,16.833902337975726,16.547572701336154,17.63677206293802,17.81572238658271,17.999183925792444,18.18726963966832,17.905315692980736,18.577797918724414,17.82461365654378,18.503565115051956,19.201482824908332,18.92795358786071,18.177098165095444,18.39517165768716,18.6187680373967,18.360812908003314,18.107232499880535,17.857914566460444,18.091820626226255,17.371637226547566,17.134472886943154,16.43696097437071,16.209880581695877,16.445722079436848,16.687685256825947,16.46660303550952,17.190933047934536,17.4527310125729,16.757486896691873,16.077179952859925,15.870703831603448,15.667376933447278,15.930173858608994,15.731186363713748,16.002734663374596,16.28211278947545,16.08894467618701,15.4276116661377,15.241638084151267,15.058442076389886,14.419204279530087,14.700181613171882,14.9898627906387,14.816207448748218,15.116691264301844,14.476657433957323,14.780529307012019,15.094544638261894,14.932223998471775,14.772450321967357,14.615193653432636,15.442270246997664,15.289714826136377,16.16201910975726,16.542555769640725,15.871294921665285,15.212331760794434,15.073170202774765,14.93665168082619,14.802775198116766,14.161791527871289,14.032235941648805,13.405027983460478,13.780746437405295,14.69985545065666,14.583716728173707,15.013633876707033,14.360150000353338,14.800740540548965,15.263770090551215,14.600736890369609,13.949159893924644,13.30910513663479,13.214325188185112,12.585921156431773,11.969176963907472,11.364198742044874,12.320139881913002,13.358270154031903,12.715492199316763,12.084083630140753,11.464177503109473,10.855921967960136,10.782134679470179,10.184521175576608,11.196430789235302,10.58230201771911,9.979933433965478,9.919105872968318,9.862327155547355,9.809862067346005,9.762013219953904,9.16187526453744,9.115836967391376,9.07483357810434,8.480252137321145,7.898208423202416,7.854952926946656,7.816889105133805,7.2396467454647,6.675807574223643,6.125896795288431,5.590501664551436,6.037917081998305,6.0017778452001105,7.1214473658337045,7.133512677758579,6.52412152841644,5.928528202341486,5.347563727820084,4.782191568298816,4.768063079105011,4.764850247243662,4.775140762518805,4.191926981867766,3.6267295207802377,3.0814805910487713,3.0628983058130306,3.058512370949126,2.501625831727293,2.4943427009016625,2.51065464586182,2.5655178821235936,2.6918832801729247,2.0163213580152237,1.3628966314912498,0.7423074076437499,0.7372704714241186,-0,-0
35,0,0.29129549859916143,0.6653588540226794,1.4146633264391724,3.779768918952406,3.9916059495766407,4.783139976510421,6.766381465217586,8.199299736478315,9.658031804742986,9.830678671421536,10.034154920925518,10.26200314391131,9.924814424289762,10.19868924056346,12.228651716090033,12.504667962563556,12.214189094714923,11.408337578441527,11.734164331586,11.53538604881159,13.502701083043323,14.976941665821418,15.325010979096191,16.256951389837795,16.047305376287394,16.4209809706758,16.240743618282874,16.078020545769036,16.475623485997424,15.798997340624103,14.646437847172917,13.56512482719949,13.493889430083446,13.910183144914647,14.821663172121848,14.760879525484352,14.228593174352463,15.146320902233386,15.590810950682545,16.041930428450467,15.520902813914695,15.49609007586337,16.443124530602486,16.424639582573338,15.931908320878557,15.457158607867553,15.929846055951051,15.936829105915917,15.948895828949295,15.965874305370264,15.526629987871383,15.554481809357362,15.135072521539051,14.728724456145374,15.663626320964285,15.708207354397627,17.138327233357103,16.26263710106902,15.41887378958521,15.925471612302502,15.543349842774237,15.17153946143577,14.809618336501126,14.884141342603975,16.280854949803224,16.815175575277813,16.001774490380356,16.537393461511126,17.083880832179066,17.64155332279604,18.210743948593723,18.31690049422744,18.902919844444877,19.018120721771748,18.187185546294504,17.380151478962606,17.04615134492709,16.274265253112468,15.958818991644458,16.97574532884355,17.10962838766003,17.70550802980655,17.388935353145005,17.078557875585318,18.148610079312586,18.304662939152973,18.465035428331902,18.629822169555336,18.32460039553856,18.97304697267779,18.19781011935989,18.851939541603958,19.523713447157718,19.22757211116046,18.456873905459304,18.650576456173038,18.849424906001023,18.569900825933953,18.295050939025906,18.024753874746672,18.71523615319211,18.447973693616085,18.185037359944552,17.453047118773085,17.201125279728203,17.421130582601165,17.64703635060326,17.40170835903722,18.117435373312865,18.36240438648622,17.636197242323163,16.925499837958498,16.6960718648024,16.941419062095527,17.19372326951001,16.970434532850522,17.231478592664267,17.50018718366161,17.283258454885804,16.58559339472788,16.376590679824275,16.17063277237231,15.496453794137981,15.767622661541138,16.047259682208384,15.85166092398162,16.141893456221144,15.468914914910613,15.762603861182525,16.06612606727915,15.882570435438698,15.70175787607627,15.52365193308825,16.864718761946207,16.691091970936874,17.580882996187373,17.95966414305187,17.248881050135758,16.550767092695757,16.391641797903223,16.235386168889395,16.081995035685836,15.403150242626529,15.254596593007772,14.590165029968572,14.965736297616253,15.902897846363611,15.768416859411868,16.198191416017483,15.508752091684222,15.94942748018183,16.41254049071176,15.714302161739417,15.027817388488288,14.353148505963086,14.24158078012201,13.579097036747294,12.928556233205368,12.290061568773256,13.264673697557944,14.321225878508434,13.645496061951073,12.981400072160369,12.329068407795226,11.688646900148662,11.599855612599185,10.970544387107797,12.00130854236302,11.355850983922512,10.722398923236206,10.647318340787189,10.576415891506189,10.509954111319914,10.448233387156591,9.818023038180089,9.758420260226117,9.703970052707124,9.079909854410571,8.468614210838098,8.412378150299638,8.361441619422395,7.755515305808982,7.163216137321599,6.585071621009143,6.021672381959504,6.472635941975315,6.424408781153814,7.563176188295369,7.563210699273186,6.926443647590736,6.3036837642423595,5.695766546320482,5.103661771081472,5.078139798118687,5.063601352817398,5.0626301752560465,4.453289278779842,3.862197558807349,3.2913062493780556,3.261850273761939,3.246619278335192,2.664562256768832,2.6465263235446015,2.652069981575353,2.6961259487362295,2.8116129420799827,2.1112487750437823,1.4333082074701493,0.7886336071681258,0.7715732659105199,0.004634140094839732,-0
36,0,0.2664809043370294,0.6182986808734202,1.331830237170341,3.6156959121554872,3.8045197502637276,4.557457270912492,6.469912816318633,7.846447130451726,9.247665683163712,9.394949827396001,9.57274655036258,9.774585755336275,9.428077121866394,9.675413330354232,11.626189819575607,11.874415601396052,11.573594306314144,10.775182712343904,11.07255235033591,10.863094295784194,12.745936176770257,14.152402261307733,14.46947184671867,15.350596843576193,15.128304573776278,15.469491255282366,15.276150085724382,15.100160024971897,15.996762913206139,15.310265416423805,14.16090813581644,13.083924573687865,12.993229256208286,13.377435916626236,14.243023419840192,14.162515855390101,13.624530933888767,14.494644987819946,14.904850806504193,15.321110580789616,14.79527992744104,14.750685119126631,15.646217349979947,16.081321260142733,15.574755848196784,15.08687592031181,15.526813815319928,15.973584735167645,15.960614571419539,15.95279515757204,15.493962428663828,15.951887350980966,15.506065260981817,15.074231746305582,15.985048161436875,16.004786289415556,17.87946912144987,16.967385932687964,16.53992160214359,17.03172411050555,16.613991782401733,16.207569442036093,15.811994512957943,15.863153534556593,17.26294585932472,17.781321685384395,16.92812684785683,17.447946198844793,17.97793089373271,18.518384288617174,19.06962436138686,19.15158840297234,20.205814674414942,20.29739163474924,19.421788514594617,19.04251739328923,18.67135875787552,17.846758513968883,17.49591832927994,18.525521479097314,18.640129506618887,19.23179319689691,18.881318346939967,18.53769603894264,19.617300580534632,19.754361897006486,19.8958228253702,20.0417640830742,19.70507724254781,20.347440587403383,19.529283991611823,20.177162489923916,20.841931580942894,20.51596656211127,19.70493593709009,19.880779699096866,20.061712677886042,19.754045437695712,19.451491276032556,19.153916999091116,19.83652524960282,19.542405795919276,19.253006428484767,18.486108232693145,18.20868115871255,18.411971152563748,18.620976699469974,18.350800982606827,19.056952063012336,19.284361224287476,18.52682597150895,17.78538202225102,17.532486358540478,17.761000221464045,17.99616875178302,17.749830309596614,17.993456643828043,18.244384863735053,18.004723294512516,17.280057462231934,17.04902806751937,16.82127047724469,16.12153508753896,16.375313936488748,16.63708808347237,16.420276348369143,16.69206910625571,15.995664029082784,16.270737625284244,16.5550406477904,16.350585740455166,16.149017697748587,15.950292578080232,17.270456127721317,17.075493944918435,17.940997729650736,18.295531803331336,17.565280453371884,16.848175494248444,16.667687116817746,16.49009880547353,16.31539395124373,15.619319923993805,15.449889868820847,15.283203682627736,15.645178178740398,16.57364450439356,16.41850488157055,16.832372513645826,16.117654298274445,16.541797967578606,16.987333770824034,16.264851186846016,15.55452922829,14.85643145481528,14.7246358420361,14.039497422199302,13.91149254679441,13.239192992966627,14.230996799059524,15.304512676538838,14.595558271447208,13.89850478409066,13.213479941564145,12.540627028295088,12.43618452065386,11.774915687838712,12.823139254395997,12.146101786425211,11.481316867677204,11.39136289587419,11.30572198298977,11.224654346502213,11.148458081597411,10.487940790273505,10.414178578586057,10.34569195108458,9.691925973293314,9.051152052779635,8.981357553321052,8.91697565980661,8.282145757358883,7.661166824162802,7.054568167602914,6.462943179641989,6.916566051890815,6.855703474556196,8.012357401365685,7.999826997286617,7.335487418914087,6.685364018140446,6.050296191117153,5.431259312163177,5.393829211400967,5.367455734339829,5.3547186739042205,4.719061148682791,4.101882566416402,3.5051516290461953,3.464337835326015,3.437783921177003,2.8303644283647382,2.801111327891743,2.7954297910369226,2.828229398029903,2.9323971173005727,2.2070708154029894,1.5044496042606403,0.8355140173257035,0.8060706892530802,0.01446261679415795,-0
37,0,0.24273915833419868,0.5734313481073788,1.2527483583294061,3.4581470209067766,3.6252094234570826,4.341233222661729,6.18545823336407,7.507821683845258,8.853807686075772,8.977177312370493,9.130770752552236,9.887271102452258,9.504665346979197,9.717207511105336,11.624003654505806,11.83717696332369,11.507379471987962,10.687584189734746,10.954031582500487,10.720676674714326,12.551473432681464,13.91025248713759,14.195058908117073,15.034725364091678,14.78952611135481,15.098487989801566,14.88332528500623,14.686106927100079,15.539635761230674,14.843811977431862,14.186574278472394,13.090920888295011,12.97549830290327,13.331056540561397,14.162515855390101,14.05794352660707,13.5023395214716,14.337035898626368,14.717365838208703,15.103339108112703,14.562181195933022,14.49526613997177,15.352052492663264,15.755882759827047,15.235939979887712,14.735403519833099,15.1441371805193,15.559119568407306,15.524265700725813,15.494664846429878,15.025137590785215,15.450416941490982,14.994607710681647,14.55329781174753,15.418834490221496,15.416990860853854,17.2175865110269,16.309718582222434,15.873598645363089,16.32932466237823,15.903383656350842,15.489139846546285,15.086117577100842,15.11535172772799,16.44681774028488,16.9259914207318,16.081636578659282,16.561685766405105,17.05088227532341,17.549493812841,18.057800457998475,18.11420428086749,19.104685425985195,19.169370024831224,18.305937556314273,17.91968633230977,17.541792651160176,17.171980456441627,16.8099864325379,17.78459858743232,17.872744479396722,18.421776517753344,18.060019015778696,17.705392956874142,18.72354778847946,18.831904743468414,18.944230012905017,19.06058215177885,18.71270598688727,19.305627270921153,18.495820483112446,19.567614645818132,20.188524156022165,19.847209296322657,19.03610613916999,19.182067149422576,19.33258594603189,19.010250072239895,18.693248232087914,18.381441046227238,19.015433138661926,18.706896255393186,18.40326953627696,18.104429494980447,17.810256856826935,17.98481010642177,18.16447760602536,17.87762564746267,18.53983792719145,18.735897518348864,17.976079406042835,17.232903673446177,16.963953265493966,17.16109536542107,17.364080018079765,17.101474966251267,17.311834664712137,18.01043112810783,17.751924448077727,17.0195524166753,16.770323519216106,16.524513893679455,15.81859634882885,16.04287023526467,16.274233210761846,16.039519167138874,16.279652874294367,15.579419838765784,15.822219999979128,16.07312353960908,15.850372542759983,15.630561868770464,15.413639524961427,16.661138138535975,16.44651584030541,17.25145837118029,18.095188797180228,17.355545297961704,16.629581360703057,16.428150022941054,16.229595003459803,16.03388709579225,15.330962149314834,15.140978319532795,15.463588165552617,15.79999126233105,16.695333954455556,16.51813754197844,16.90212542902269,16.17294106241243,16.565866067295925,16.978255737876122,16.242624950161655,15.519672865044457,14.809469382092626,14.655188882100886,13.958960901704463,13.808749512243626,13.126407306987895,14.069186936724876,15.08668895120992,14.369073746117484,13.663953453740044,12.971469012766185,12.291778009426706,12.163348019338606,12.03818356175741,13.061076363450347,12.365894885871397,11.683444080544412,11.572588190268956,12.049840888865793,11.95357910832833,11.862324315199404,11.1712648930931,11.082768736999453,10.999676330291884,10.31597711785952,9.645498454391898,9.561587570714883,9.48320738625808,8.819254343270693,8.169376338096457,7.534104031149571,6.914033047674921,7.369463258376786,7.2954365733315525,8.468820884655088,8.443209713431253,7.751100638993971,7.0734167303140865,6.411000769091348,5.764833082556238,5.714997584204009,5.676296818879998,5.65130664110038,4.9891435033797515,4.345686520498597,3.7229204569169676,3.6702804187943197,3.631941173223776,2.9989688478160437,2.958048841100811,2.9406995514827083,2.96180780356135,3.054229256605493,2.303780279644964,1.576313445670869,0.8829418961820977,0.8407649626615431,0.024347016893247222,-0
38,0,0.655364345257422,0.9216867856375847,1.6051687848996548,3.8827591439455547,3.986343130867408,4.667447654431123,6.498211762579207,7.787235739940777,9.09603650281903,9.173727329442785,9.285741324910385,10.003659037532747,9.58485375562633,9.762917152354913,11.627086104035937,11.805803682544315,11.447393858223627,10.60631783431585,10.842668897028092,10.585964266052844,12.366773281902873,13.679704506114767,13.933382340282806,14.733207787721138,14.46592170865906,14.743958542879646,14.507866991228479,14.290343154084807,15.102707594257952,14.398064746387309,13.732939106312484,12.6415981036183,12.508585525720045,12.834951501158026,13.624530933888765,13.962229814100699,13.389204717487127,14.189801428866794,14.541281773546775,14.898057808652466,14.341888026333404,14.253407209721837,15.073116397735301,15.446978302185912,14.914075057326734,14.844175099462161,15.226296752549704,15.614227692171283,15.555498918888349,15.50233954934223,15.01374048406038,15.411808206559696,15.374021831973064,14.907217038345115,15.750312307964958,15.724315746826868,17.49948204468677,16.568307892575653,16.552000248261983,16.987350736338374,16.532144162579623,16.089524375433154,15.658980423571114,15.665043020516242,16.982422901211763,17.44019343162256,16.567688678195797,17.026454608145382,17.4937194468655,17.969733884454815,18.45475962044318,18.949069983592057,19.926495978663258,19.96670011088985,19.06936348224847,18.65494713310358,18.24954359449435,17.852856060034767,17.464601496418165,18.424501557029146,18.490132597295474,19.019421314705912,18.632433863566405,18.25311430383348,19.25270110409863,19.338167378346732,19.899248910432615,19.99405218335561,19.618209068221145,20.1960342331314,19.352982259832878,20.414902874136452,21.01920546526,20.651198971176232,19.809263181862786,19.934045539541273,20.063283232553804,19.715824024029942,19.374113800185132,19.038002590909528,19.654148360660265,19.321668190128737,18.994471930596642,18.672426791297788,18.355404521685408,18.9817676637437,19.14387805325568,18.831581840382213,19.48374568679881,19.66183816631411,18.870135682731114,18.09567382117247,17.80283833031137,17.982907067031892,18.168608820758337,17.882675717723306,18.557759385056723,19.256074249347513,18.972122242784458,18.202401654046632,17.928520956455348,17.65836630401063,16.916555882483774,17.128924950863407,17.348246169487748,17.090183464011506,17.31823173127844,16.584197587616522,16.81510570126539,17.05391909946855,16.808778244019724,16.566816554841143,16.327976066093854,17.58204768667159,17.345403477112775,18.14593299189387,18.984055605215705,18.214268772798896,17.458599696204782,17.235710650918957,17.0158674162409,16.79903409365939,16.067980770781386,15.85740392972589,16.166267638132044,16.48839363591748,17.37446601054517,17.176181207216704,17.543963963940847,16.789067135288374,17.165328759701854,17.560188528605217,16.799905864670894,16.052718267038948,15.318696791889279,15.144109854574292,14.42485581519387,14.25472600255735,13.550157523389625,14.476877965661878,15.475034936179549,14.736192311521044,14.010281497270228,13.297448645863865,12.597857228183653,12.449589897857567,12.304470086936224,13.30265860537253,12.589171182583224,11.888896991020395,11.757339342454669,12.208811130889659,12.090429157154498,11.976623045152396,11.27003221636444,11.158983161526926,11.052781625805316,10.355143763015903,9.671337079073679,9.56478760705714,9.463068447347284,8.78762967297197,8.126984022814991,7.481698289995614,6.852408376822454,7.27197011822457,7.173973254242393,8.27843739485124,8.220415600852228,7.523167101682799,6.841477223259608,6.777743176224404,6.104246340980646,6.041524078688921,5.990019478149001,5.952304468730004,5.263446916353417,4.593520651478748,3.944525226541115,3.879604966507181,3.829032184205125,3.17031785858211,3.117294686637379,3.0878482986470965,3.096843161640278,3.1771040921874723,2.40137111815149,1.6488933356203863,0.9309112494463155,0.8756583455886484,0.034287980437062104,-0
39,0,0.6217113051875497,0.8684898525073307,1.5198889820962789,3.7231996645722933,3.807215421193508,4.454280534989204,6.221144227537221,7.459803683617169,8.717306322149643,8.773612664708255,8.863998988114124,9.544369980924452,9.119085885852865,9.274732385661277,11.067797191340931,11.223092833133421,10.857435661020219,10.025562327935084,10.23800140540293,9.973831770631016,11.679262877666112,12.932364366340574,13.16011247333632,13.915912478893295,13.639660150840974,13.890615341372172,13.645233176645984,13.418311286030509,14.18422162382943,13.488338465780167,12.83204671786082,11.768306399837538,11.625586411168486,11.923173986478304,12.664289485977154,12.972073121186654,12.407876499932327,13.158210725816904,13.478499096318698,13.803560580631398,13.256018326638051,13.155766146832704,13.922030865823006,14.262434500741435,13.737992436912329,13.655337240520995,14.002969852964078,14.355789824614092,14.283403361815475,14.216391594283195,13.736118323969416,14.097553407674164,14.045303282390865,13.997577313777237,14.789311842010289,14.745813859111545,16.431332742391856,15.518190524399039,15.483556326551449,15.881622422446837,15.426635909251148,14.984487612613753,14.554660539069147,14.542154721632027,15.780702064372424,16.19817143158442,15.76658410126422,16.189333792924973,16.619734849614606,17.058009191859824,17.504388110331778,18.40970665242486,19.340034329320552,19.82312501888653,18.914725064671238,18.483263185595796,18.061290344097078,17.648496053866996,17.244584330454675,18.16581173178792,18.207754225665347,18.704451383489033,18.754073493952514,18.354851875521387,19.32336348282421,19.384862656042976,19.91701448953791,20.46113084440591,20.06142136220519,21.09852783734765,20.221781835646897,21.273081394991326,21.86018213443747,21.46502506675768,20.591854478656696,20.694995876994206,20.802526129646132,20.429560582525518,20.062775893861385,19.702011285566538,20.30000996038302,19.943283411710496,19.592230970660694,19.246710411056295,18.90658439421931,19.513705701619887,19.654334189260922,19.79989278928315,20.441113816296113,20.600545574196147,19.77657491107723,18.97045280286398,18.653224146388446,18.81559393560306,18.983419075343004,18.673703651691977,19.33621201909574,20.020902237871613,19.713282688105682,18.91569846136761,18.61892484869626,18.326151732816214,17.557984697270385,18.23676105249726,18.44306569750014,18.16098471940397,18.37601063508219,17.607806396124015,17.825915523089552,18.051755074920496,17.783617808432997,17.518909352850738,17.257565710007153,18.516930231102194,18.257714855372303,19.05286799885639,19.8844750972917,19.08423829933269,18.29856325072664,18.053734405573863,17.812132508002517,17.573715096053743,16.814254120025044,16.582642632644053,16.877177363682588,17.184478802737377,18.060660235328704,17.84093048968971,18.19208561165338,17.411230713241565,17.770460926563032,18.147478415827578,17.362311659013177,16.590660920215168,15.832598342240765,15.637469196997968,15.445454092947859,15.256568242327841,14.51744051260436,15.457666094900304,16.469153805864902,15.696368980587655,14.936793602098964,14.190570784615764,13.457861193088496,13.292310253120208,13.130069700571054,14.142119522744718,13.396367775226787,12.664084811034671,12.516031321606985,12.966338432895126,12.831698859774788,12.701780403024715,11.964213698214175,11.837392913387173,11.715557166119968,10.987570119069957,10.273647336766633,10.151975170098792,10.035260506073834,9.330304585336144,8.640370118083798,7.966025041828028,7.307907272115114,7.727730571355507,7.6156192621427525,8.734709144958698,8.66267713907438,7.937316847802335,7.227729844747978,7.150399743447506,6.449375417179987,6.373299586721836,6.308528990074386,6.257631647871331,5.5418907569062705,4.845304630603275,4.169886450060926,4.09224528788786,4.029003834943532,3.344359155559909,3.278808984916989,3.23684832142164,3.2333196835995355,3.3010175322389554,2.4998383369672927,1.7221837793697101,0.9794167733225576,0.9107531366131376,0.04428615852174588,-0
40,0,0.5892950870001451,0.8174936972957726,1.4381390601913318,3.5695257235988787,3.6350461006237835,4.783767648619417,6.536612796537567,7.742174863288262,8.963497084413799,8.974559739711106,9.024151244288648,9.667577404425806,9.206778242325571,9.329393324443002,11.083371461711382,11.205998804836966,10.812944348684058,9.96039172937311,10.144794796538951,9.858704247164715,11.518631835681614,12.729841864959806,12.928955644572158,13.648337763501761,13.351811002372198,13.574580620103767,13.310186221418403,13.064918833576442,13.793542383920006,13.089958358454135,12.426915278185707,11.367676315571705,11.209501140217712,11.481069723435285,12.184594273462341,12.465457893869406,11.897801827113925,12.60904127002867,12.90173237145704,13.198831710840008,12.649037595477463,12.533886776061344,13.258382215846032,13.56981612661094,13.044164167344842,12.946527043409016,13.26472969115784,13.587631943201462,13.499939363348739,13.417634111692253,12.937536369540158,13.268198778780537,13.20062225095279,13.137536913602345,13.880866375640542,13.821457841382871,15.421998926037011,14.527035245926305,14.475793401357269,14.839142168778093,14.794027818533396,14.345896738554439,13.910500800059948,13.879816431865434,15.059669334453092,15.444079431901983,15.007336466289596,15.396332286297044,15.792215217274146,16.195181957949398,16.60543720704713,17.457498959187824,18.332707388590308,18.776169724381436,17.88000624244027,17.443788622049375,17.017352081408543,16.6003801506815,16.19257125929366,17.054582715151362,17.07360249683999,17.52760466890382,17.99098250431074,17.582540355137954,18.49739810634741,18.53427623129987,19.02558640105249,19.527661543993084,19.11859386086391,20.094795276706762,19.226255649492145,20.214309554856147,20.7544127605794,20.349615364025862,19.486427530673794,19.56103660150258,20.108246494228712,19.722077935598577,19.342370349814242,18.968957330230662,19.994128679767986,19.620781749732153,19.25341300299843,18.89187379133179,18.536020627980164,19.10606230235971,19.219659766112148,19.337735201206197,19.93847163934149,20.068937196522437,19.242280409903955,18.434044556215326,18.10186242431946,18.235579900847796,18.374150330682827,18.049560123906993,18.66648638168684,19.30344208035931,18.980247467781936,18.184396193507226,17.872737389075493,17.565249131267613,16.800421489300845,17.428358017056254,18.078867245547116,17.77939440751869,17.964420363831298,17.19194030478446,17.379666284348104,17.574228576529045,17.288748978433663,17.00682749065409,16.728394376769522,17.92134055853961,18.148393321749626,18.904580337944385,19.694371916046194,18.884227065075297,18.089194505423833,17.824160649866013,17.56241698856997,17.303912050069528,16.53716419641155,16.286023863644825,16.54734274194722,16.81997352663116,17.64363063334632,17.402193034609546,17.71348150319761,17.478431957544977,17.808044784653454,18.15391035398962,17.35509175794228,16.570322613502384,15.79968143092662,15.583019767067487,15.369388918973979,15.158785591306318,14.40914400265764,15.303433172092504,16.86526939293326,16.070817459690023,15.290019867789878,14.52302484389856,13.769998847959581,13.584063932353844,13.401359376258291,14.388199210460531,13.623756250322366,12.873272444009567,12.70419243077142,13.128599017988952,12.971694631647415,12.81915704759083,12.065720045811904,11.91637255851314,11.771551309357486,11.0293111241812,10.301754726352097,10.157695227084666,10.01802056563781,9.301300236651459,8.600329763673594,7.915713805386877,7.248131260134936,7.633618124966485,7.498472903972593,8.553553274949994,8.45139854539492,7.720706729588876,7.0069378565239395,7.528859039246371,6.8001085616236985,6.710225695956775,6.631740120353427,6.567215965154007,5.824402423125383,5.1009658469949,4.398931988968415,4.308141482468096,4.2318082529629155,3.5210453461748146,3.442555797634923,3.3876748910998735,3.3712236124444828,3.4259665684594958,2.599177914889184,1.7961801138229525,1.0284538035512791,0.9460516743483584,0.05434221355064874,-0
41,0,0.5580542744685126,0.7685889234124753,1.359745115793345,3.4214473641481953,3.469492552435576,4.573175784916606,6.2660147657276415,7.424634635897558,8.598190126197073,8.59014993379621,8.620433742812047,9.229378395390286,8.763795582263985,8.866436747906539,10.554059431689975,10.655842179911579,10.257375145837548,9.415084642699474,9.578249362199685,9.74960667225188,11.365673263844755,12.53646043709203,12.707840755947862,13.39209862529378,13.07595005617487,13.27157548575428,12.988884810389232,12.7260141684807,13.418885036959539,13.17149868182109,12.940144111849573,11.8384340040913,11.65068405975218,11.898183385670345,12.58131019298529,12.837646171168187,12.240347093932401,12.930200140135648,13.198831710840008,13.471789596426245,12.896393955868746,12.757440791243368,13.458669675274852,13.746291176183268,13.198483795258783,13.078672912681547,13.37363959057614,13.67302279884136,13.563885060825106,13.460534320646463,12.962656581109158,13.270091011733944,13.182498623993531,13.099690002988309,13.815136749742688,13.735949335105765,15.719887464029457,14.801352955837345,14.728029366560634,15.069299818969544,15.00239245503854,14.939671968283156,14.476895765691618,14.423958039029475,15.593123429398219,15.958207607167877,15.495916167039098,15.865517089464745,16.2415474154053,16.624190396569503,17.013636499184756,17.845339977551113,18.698775024383647,19.11907624527255,18.199947583240014,17.74144113869972,17.29332318653521,16.855259312347627,16.42693095073227,17.265336895192537,17.262750552471516,17.693162837020505,18.1322652085576,17.704439690436367,18.59125833901017,19.052343581075313,19.52319309422397,20.00414047896136,20.030632146779283,20.99774744666401,20.09493418725595,21.07293117543916,21.596276980432293,21.164158873414287,20.269228271127854,20.322461999806745,20.85265457625064,20.44076744211229,20.035805513650093,19.63759134452116,20.648536361077543,20.250700880507285,19.85926598705149,19.474073444871575,19.094970562844644,19.64641862691137,19.738910372788478,19.835735780562914,20.416014672173304,20.524548715895776,20.153239633842677,19.787364048068966,19.426796801068143,19.545575626853566,19.669246887266034,19.31718454612131,19.931863241956037,20.5660571333225,20.215940397345722,19.38173441795037,19.04400677790532,18.710792960345962,17.909133613146068,18.534664650229626,19.182161310569015,18.85782551197014,19.02879820563071,18.22156170436534,18.395528657232152,18.576218109676812,18.26704263785185,17.961699969437472,17.6601145183823,18.85749430496832,19.070139283007027,19.820005536908074,20.602493498797106,19.761371451904648,18.935817564272572,18.648289994196148,18.364262829191382,18.083678676679153,17.288050870352862,17.015421359030185,17.78790225431865,18.054572492593554,18.888558802701983,18.6250910700528,18.93063635900613,18.673954656482305,18.998054529651643,19.338473143817808,18.502826834798412,17.681552603547143,16.874724545115445,16.63780257896931,16.404115972861298,16.17365798803553,15.388937696619225,16.29452350747421,17.882722615713256,17.053795088106025,16.238806576389127,15.43790197544012,14.65124463756374,14.446947980501992,14.246054717362137,15.244572201123093,14.447381683341364,13.664411716690413,13.477807205804844,13.89947720807933,13.725308083953834,13.555660238522604,12.770803584518543,12.604702078133645,12.443273267539679,11.670258244459353,10.912165009581953,10.752031088568225,10.596417879460603,9.849777151859204,9.11911913223437,8.40504941377725,7.708248686952084,8.092566081253011,7.942408631142841,9.010185324552856,8.893142482072983,8.133986604515863,7.391974020521556,7.913020809028287,7.156344923641136,7.052213772499642,6.959576308634417,6.880992791648855,6.110916661206126,5.360438763693252,4.631596454951809,4.527239424719678,4.437402381190605,3.7003335574029985,3.6085028105137287,3.5403060208182526,3.510543060655262,3.551949194726211,2.699386730304111,1.870878445727539,1.0780182698832441,0.9815563383774444,0.0644568194976622,-0
42,0,0.5279319787065251,0.7216741438492069,1.71587412421329,3.841720993113945,3.8227196078526666,4.906326819759863,6.584375700825629,7.709872522276795,8.847951178992606,8.79489010577015,8.7849525397166,9.924044502981742,9.391505024065836,9.448464934139452,11.127263961366568,11.185740155253583,11.26285935238822,10.337206283073538,10.460174875100446,10.593612033358648,12.216936521088153,13.375866154912261,13.509026736974715,14.167416878398031,13.805262325584946,13.966839266054066,13.642859063180744,13.3410300985957,14.010932386065395,13.72739596865784,13.461665167029198,12.316657017136562,12.098623484786788,12.321457501046147,12.983741475643187,13.21514930073425,12.587725410193485,13.256018326638047,13.500412715731658,14.185391176724412,13.571741573729577,13.403385484675358,14.089080844380058,14.354222416659706,13.772981950215065,13.626436726963242,13.900148194058714,14.178140512495277,14.04363507150977,14.328449043422458,13.793536295261921,14.082876311102597,13.968759282105715,13.860065080212646,14.565217282476123,14.46061370373014,16.452114024215007,15.49551515434533,15.397332680407004,15.71962339987684,15.628456444768126,15.541900485167899,15.051228269422454,15.381981703890755,16.554387873340396,16.903269411788884,16.407750445552274,16.76135575464299,17.550969063586663,17.92082030836737,18.297224998301665,19.127499097218102,19.978388795732396,20.384082747785488,19.4178583893256,18.92414527514013,18.441653638504434,17.97002221850838,17.508906972807868,18.34446701667638,18.319371233959362,18.73653228221129,19.161985084781314,18.703440525991997,19.58450616349241,20.031027134896537,20.48685803642208,20.95231606086205,20.956271165271243,21.913460634006288,20.975900141618087,21.94309581343416,22.449071010433236,21.989149386321323,21.062052338516477,21.093419865752615,21.606111582110305,21.16809825552818,20.737490343966634,20.314099080750623,21.310477806643124,20.887823153394134,20.47200677472703,20.062860649981445,19.660222704691105,20.192903057812984,20.26410832630698,20.339536505775918,20.89934251344552,20.98588165563787,20.592020616590123,20.203949292397034,19.821535222407288,19.91859238885685,20.020321521115168,19.647002733270906,20.23831165144808,20.84794569584263,20.476629002518568,19.623799818047974,19.265680007780436,18.91235697399992,18.093669800203017,18.693618402008575,19.314096695055074,18.969987197134127,19.116886080035034,18.294911256464395,18.444752600768155,18.60078507470627,18.272463182974764,18.43643233956575,18.11359313257072,19.292371881501722,19.483704138295206,20.21129180484868,20.969773568769448,20.107884685618497,19.262076315527562,18.953230625116156,18.648053499279918,18.346481088632686,17.532487901877033,17.239485896690105,17.98527055339513,18.22719257461124,19.59110285263602,19.305386000693353,19.59355191265778,19.31466667729657,19.620682945879192,19.942354176829486,19.08110482331808,18.234662858689585,17.4031032377744,17.144929274464552,16.890076907765664,16.638529638483167,15.830691096671616,16.718853827480192,18.286905267947386,17.435857481391523,16.599201957491676,15.777088594015373,14.969686440866285,14.744482828025973,14.522637776054905,15.495505511399653,14.679226510941211,13.877666505705738,13.669716407956397,14.06537267372002,13.868781546276132,13.676426045411894,12.875349036808675,12.686716803371866,12.502384464618515,11.714791037547485,10.942747966421217,10.76042280164868,10.582156788394569,9.8234626857844,9.081490125231106,8.356881997249603,7.65036066812078,8.001674883542623,7.829271195283543,8.837226866385924,8.691945493824075,8.553757515585174,7.783295248897462,8.302795033997024,7.5179936423296665,7.399184145681352,7.291968946109184,7.198904452402659,6.40137496037352,5.623664343259617,4.8678206730156415,4.749490303500352,4.645747593331277,3.8821850835329386,3.7766210498901556,3.694722251428333,3.6512678664028475,3.6789643354400567,2.8004624965025755,1.9462755967715721,1.1281066553377417,1.0172695502159037,0.07463066217814687,-0
43,0,0.4988753997345545,0.6766551976375554,1.631557479487613,3.6911149909389436,3.656457724173837,4.697891796492711,6.3194579993215205,7.401109196542416,8.494611325836921,8.42451962272908,8.397379087432297,9.490377576064118,8.954537991784202,8.9936222794359,10.610068659513779,10.649907314543993,10.708165623811798,9.793696229571628,9.897585613442855,10.011706409859727,11.568856609821673,12.676009162937694,12.788435601694653,13.409685525031941,13.042371436945636,13.182369171001909,12.85302523810103,12.545775301790862,13.17673249847406,12.887456361590209,12.615922579347895,11.499124637959376,11.275367747110472,11.893285475778809,12.521418509523821,12.728593349290968,12.098581245075414,13.15576614683271,13.375711631111598,14.030887692581395,13.40338548467536,13.635472910405268,14.297756948979856,14.538893875439422,13.934933855722454,13.765963558944264,14.016540949968839,14.271232812687956,14.115290939923492,14.376796386710541,13.82370074205536,14.090005660888867,13.955873091762037,13.827523391411695,14.50560512210273,14.38145206702721,16.330164697748327,15.36345366982293,15.245756276684599,15.543188114557816,15.432711008714584,15.327052405211,14.823834762839569,15.12948294595818,16.262129098862612,16.584300516435327,16.077198829090417,16.403819519934977,17.15746972296471,17.498934936343705,17.846400104422134,18.637509169290194,19.89966074085486,20.277730445093006,19.299724172234047,18.789603148101428,18.29124478741865,17.804272977267303,17.328329663122858,18.13049191468658,18.0842840183976,18.473214669491707,18.869754109279963,18.397348333129813,19.24064257096712,19.65645814124546,20.08079515764949,20.513938684428098,20.494680412291714,21.407854032155843,20.467532092649527,21.38911573643176,21.859099188306562,21.386125680582094,20.921619394113012,20.929298699951957,21.41113405384283,20.956207174389256,20.509070662894302,20.06952826777878,21.025703638720298,20.587006592443906,20.155501527768497,19.731014112354185,19.313376285667847,19.81221250176529,19.858586094734253,19.908883281154985,20.432204434202443,20.49253135006636,20.083968019954884,19.68148611266144,19.284948726075015,19.355528212631945,19.43034162436442,19.043213991241466,19.593077852036725,20.159523412660114,20.255379267766724,19.39386160962503,19.01884769655004,18.648898039601324,17.823161082397526,18.387898402903,18.971447562540114,18.610892438112916,18.73024499578809,17.90362671333582,18.502054198027608,18.634066387451774,18.28686846549699,18.42627386828698,18.08474306202014,19.224165592368337,19.38856999033314,20.079877206126973,20.799742164251736,19.927452810944057,19.071812953565228,19.263187510519828,18.936874546727235,18.614347738730388,17.781796713602546,17.4684817896908,18.188225695976943,18.405870676343035,19.735173615633784,19.427686770261513,19.68814760182303,19.387242678628965,19.66404178277713,19.955201707408584,19.0797131916459,18.219581059716873,17.936464236637057,17.656799793231276,17.38055914601767,17.107716741356096,16.27654076393867,17.1472010375104,18.695309123912278,17.821933839343934,16.96340870484931,16.119888603866624,15.291548276042022,15.045402648357392,14.802598912602186,15.75033688842205,14.914792933264124,14.09447114863642,13.865306387444255,14.235501408563083,14.01675611645392,13.802018394282229,12.984571768597128,12.773803298018347,12.56703432751638,11.764728277309967,10.97860689090767,10.774649640699954,10.574383488471764,9.803524797462853,9.05013332556135,8.314889674005789,7.598558357362914,7.918641285798756,7.725040305245274,8.677594492187003,8.506018696805992,8.340193666764641,7.565214459708588,8.028692908188859,7.2417746626397435,7.751065382407821,7.628856733129558,7.520899666425934,6.69572501410672,5.890589534721971,5.107551199938148,4.974850209807296,4.856809350340142,4.066565070089669,3.9468846291616746,3.850906460563704,3.793389465845614,3.807011782289685,2.9024037043858377,2.022369054725121,1.178715959685246,1.053193774302706,0.08486443952820058,-0
44,0,0.4708354396676258,0.6334444587386912,1.5504227273508633,3.5456253416749437,3.4962034968650526,4.496924963386849,6.063785654538948,7.103129278744147,8.153631810405647,8.067524225192118,8.024211406293231,9.072788238653851,8.534405135841407,8.556700551799661,10.112892697159758,10.135234396200534,10.175791356263609,9.272984053834808,9.35898039043576,9.454991152256419,10.948305964328442,12.005713822158288,12.09871143644787,12.684548986473093,12.313028333996842,12.432823629840795,12.099097221689778,11.787419267111877,12.381303783512559,12.087317354532216,11.81102268783921,10.72258456922508,10.494159378934718,11.073790112364104,11.662965683002511,11.847726528082095,11.229596892218858,12.229080023285768,12.42560389709361,13.039104687088773,12.423386314080366,12.631145866785394,13.250347619988244,13.466209271729774,12.874018101990186,13.095990669816818,13.321712054252277,13.55122651619671,13.784582947652106,14.0218347277714,13.46061195426255,13.702728707009483,13.552808361661235,13.408892269044237,14.053213748480708,14.309458712744473,16.217098696238416,15.24014770625995,15.103384773964526,15.376729938158961,15.247452961762349,15.123228279944534,14.607706745121872,14.889159740380354,16.39586584594106,16.695161728593813,16.169166989899875,16.47289944912797,17.200459903013655,17.944891947590936,18.706583684091854,19.485949641389734,20.7412739019452,21.099500994029455,20.085352532549013,19.545500793723654,19.01818296099941,18.502998824278524,17.999567511459983,18.7881260742717,18.719314278227127,19.089559497066972,19.467004993946187,18.969008523264637,19.795775471454046,20.19152638914804,20.595321867010796,21.007427107286983,20.96533124416028,21.857690480088664,20.892810947179985,21.792639823077046,22.2395350526563,21.743577975452123,21.25658601519432,21.241589376998363,21.699679791480357,21.22314929778253,20.754864720657825,20.294620188597086,21.22441674482065,20.765324810784843,20.313843473015865,19.86979025232994,19.432989329990917,19.906490092739496,19.930429686380094,20.421177593843154,20.92476059664206,20.96352001576084,20.532434711450666,20.10781773459036,19.68952494494417,19.73902862843818,19.792630036694305,19.38446583196287,19.912466745657326,20.45605939141596,20.52963902297323,20.125269396727557,19.726426714520052,19.332994945774207,18.479670870327457,19.0302036539494,19.59870464293048,19.215455637477206,19.315680824011423,18.463735235514402,19.04601644039481,19.158587269816532,18.7896227172453,18.909415279230533,19.03515661520038,20.177038917105673,20.325718813052774,21.009316392376007,21.72068050540638,20.816589959349123,19.92962353512301,20.10501668803585,19.7554218747139,19.40985399318571,18.54763446010522,18.211921612199998,18.922370938912408,19.123740054610273,20.44736945053856,20.117157987808675,20.359856779478328,20.03635512299403,20.29484356000704,20.56714324428249,19.665601198500806,18.77986120412236,18.474888458592936,18.173493641375067,17.87564006752596,17.581293767240776,16.72655767045359,17.57962876015087,19.107971592798787,18.212058200445227,17.331457567434665,16.466329543272803,15.616854547234858,15.930794643754417,15.668316323157626,16.624805878405287,15.7557860726281,14.902259756446355,14.654140573442772,15.019466665595155,14.782056575540588,14.548821649406941,13.699288498433365,13.47040199106934,13.245674143291403,12.411955163293111,11.594667564325304,11.37331669165995,11.155805129457617,10.354424813471852,9.570753089131111,8.805471432399802,8.059346136858121,8.376318401517244,8.166465169822917,9.129121421610284,8.941444436118498,8.759642729053972,7.955852703464533,8.41655057710179,7.601160023229746,8.107793640232014,7.970185107026517,7.846933048378241,6.993920239631257,6.161166814685024,5.350739891927348,5.203279767312221,5.070556893155432,4.253442229893018,4.119270521629615,4.008843692113233,3.9369007795122495,3.9360921383655985,3.0052095716463993,2.099156929895135,1.2298436666716512,1.0893315190207769,0.0951588618917719,-0
45,0,0.4437663603944497,0.5919602245531623,1.4723291475098224,3.4050255571502506,3.3416915908011746,4.303095073663713,5.816944981557548,6.8154473066586325,7.824452540528698,7.723297709105363,7.664796041862389,9.209532722739711,8.636218530972204,8.627721044280968,10.151281380133316,10.144054461037777,10.659920491513885,9.704083750340352,9.756832837561534,9.821293980697618,11.29924626518846,12.333237165937977,12.394733959315554,12.952603200657729,12.549310642008962,12.64057373438974,12.278381771490976,11.939868895406018,12.507836933780121,12.188973698710285,11.889040070074419,10.781004595820702,10.531807925389513,11.087244702574372,11.65143355789913,11.813568713941992,11.179700669521555,12.149808995694228,12.323790879675286,12.910123384709983,12.281273398297946,12.466690365979119,13.057910104901316,13.250896244368633,12.648014429213235,12.8474725838914,13.050510418261624,13.25715648579196,13.467444340976854,13.68141232148517,13.112394735821107,13.331349982610345,13.166353671308661,13.007604374204805,13.6196614119491,13.851908896860724,15.696684068435351,14.72381706021897,14.571884489404585,14.819880392084455,14.675512855166271,14.536327298302439,14.016954243366966,14.27267661943768,15.718206835910665,15.989992596700226,15.46068007553725,15.73658049910713,16.4229049948753,17.124864992167957,17.842811511094656,18.577119052716476,19.771333127858558,20.096438065496578,19.09442054730087,18.55201722176299,18.4480329622368,17.92429341185014,17.412749268764653,18.16072853705987,18.07284792782832,18.41231189385849,18.758305264165603,18.25297320771921,19.034907017175858,19.397432111624063,19.767227342692486,20.14452657078695,20.08117410891353,20.922626515093643,20.413204762426798,21.270808644445605,21.68438980725421,21.17620842664647,20.6773806615578,20.639635363927187,21.52597961055038,21.03295761014445,20.548597184208365,20.07268489692925,20.96519128584153,20.49064976805516,20.024104241240412,19.56536598938638,19.114253313977883,19.556497663302157,19.557380564523385,20.474485697053705,20.951148048833016,20.966801453769566,20.517403597956083,20.074837638567036,19.638953737491175,19.66564455466022,19.696216762685616,19.27108321236488,19.769270582554686,20.28185376440843,20.330945887512062,19.909782605874465,19.494452062294453,19.084834244437676,18.680812897803698,19.207399181136484,19.750810955077057,19.34814409863106,19.425665358510653,18.55848112761354,19.113966607309802,19.20318151440649,18.815532329721478,18.911584674807905,19.013137599559418,20.11718129800571,20.239654316444167,20.888451226819527,21.562955421643814,20.648119234824282,19.750989017495023,19.8979556663243,19.529340695016934,19.164929349934816,18.294671428666316,17.940827535738517,18.610202813426074,18.780500925512456,20.044222117478576,19.693871245328115,19.90101572421085,19.55699249136338,19.777948772904836,20.01105305145569,19.1066414913212,18.21870210857492,17.893297039489077,17.571452354287963,17.253118055873546,16.93824606327305,16.084582860781854,16.872198263849825,18.302184232219435,17.409143880251133,16.53221889293672,15.671591597312512,14.827466595053508,15.091163687941847,14.805829346276328,15.673683029843502,14.81317057615634,13.969139533962805,13.696646996056346,13.999278299664985,13.73477979629361,13.473721201634117,12.638725872172385,12.382332946009994,12.129232582693465,11.313745037251353,10.516124872520074,10.268130862121126,10.023025833917256,9.245846657229341,8.488162069176017,7.7507665927477465,7.034551175059646,7.27392985848351,7.038780265964879,7.837863744311812,7.613315106961344,7.391936418212604,6.632214998368507,7.5400219234971,6.748811962085539,7.142319425963799,6.952751086942641,6.7706931658354765,5.954117435449496,5.162150058906949,4.397477099561419,4.19635281996053,4.6078624359946145,3.8098359437122413,3.627645278374761,3.4567520070086313,3.303001206086601,4.066206768715002,3.1088799976344683,2.1766379162660674,1.2814877145651777,1.1256853377480218,0.10551465231655248,-0
46,0,0.4176254797395622,0.5521261732652925,1.3971455062993625,3.2691047947090466,3.1926750246388047,4.11609400699755,5.578551487708408,6.537612334866103,7.506553543468773,7.3912774666250405,7.318526718761375,8.808416347692317,8.23392450544333,8.210567029055502,9.677535320333345,9.654831826900129,10.140905128790202,9.197591392208643,9.234437489134773,9.282810562005707,10.700766652789826,11.688367176638634,11.732617228330248,12.257938477304497,11.852050549885988,11.925406735216232,11.560487925822791,11.21922111430549,11.75321032446824,11.431368092850148,11.128424846754543,10.049060888837364,9.796967775123518,10.317411580298302,10.84601891089523,10.988407707062526,10.747706039930891,11.676959286503648,11.829676445282509,12.383898253844686,11.755075041778328,11.918996976575489,12.477155861517543,12.648014429213235,12.046446704434015,12.223814334522485,12.404520548745506,12.588581755480815,13.163029057200992,13.354620510810365,12.778119037634516,12.974873658013745,13.17504815803479,12.997900351931161,13.585842251718493,14.18539371542654,16.01556970745544,15.017744818572224,14.844048586812782,15.071306996969296,14.90579892829139,14.745884767819513,14.206391848717557,14.441923619804182,15.864174951267326,16.114304307101218,15.566357497500107,15.820720241336568,16.48296653947577,17.15982051930952,17.85161518990886,18.558704689115675,19.720657205656394,20.46737048784612,19.440848267635502,19.308197363980923,19.180195851137686,18.627751917370542,18.088262771855117,18.82282640963613,18.712196804346487,19.033135773085494,19.360289908659954,18.82912211587434,19.59524309546882,19.938223746054465,20.28809861271389,20.645084228790342,20.5592908946244,21.381303770534647,20.84812336559411,21.6851176927304,22.544976877026983,22.008204990387192,21.4813769335565,21.421312441954377,22.294972389254088,21.77498414946331,21.264197351532644,20.762386347774754,21.641137663231174,21.14122919814693,20.649812285266524,20.166687844248102,19.691664281900536,20.116138786322153,20.096240008655883,20.996842102429962,21.453932793558813,21.44802084557705,20.975871392764997,20.510968614716855,20.053155315523256,20.05895344069525,20.06856322784877,19.622327452980105,20.099424623749602,20.5900770900587,20.617464053914667,20.175747313451616,20.209486459061377,19.775963265938312,19.348402306690947,19.860318437054787,20.388327730950834,19.962512190047732,20.02059121206461,19.127561077335635,19.666813152075814,19.736439749085683,19.326736956215825,19.40314103152207,19.484834338465408,20.57122972083906,20.672644269955036,21.30033450295571,21.952438554995588,21.015981587595775,20.09776871228551,20.222699083389518,19.832885088644336,19.447508788884566,18.55809470842122,18.183998068060227,18.828934227844556,18.9760721251087,20.76110872587071,20.387734105254747,20.577057415975485,20.21022511185276,20.412976132066053,20.627445940773615,19.696564862247964,18.782612638390198,18.435326382371198,18.09176835131209,17.751882448515293,17.415614374100418,16.538036241276878,17.30938146919817,18.72218608714263,17.806277314367033,16.906957537705257,16.024414178286968,15.158857678414549,15.402397572845494,15.096384442334106,15.941529636101896,15.061260310963661,14.197991408227761,13.905001587420502,14.18445158375192,13.898940946623354,13.6168184605399,12.765052396074529,12.488052708747942,12.214262729032765,11.383713110492486,10.57168531006544,10.304085556695831,10.039281584621358,9.249669279090572,8.480321724625174,7.732072730677904,7.005857158124232,7.219912128188711,6.967012284710022,7.724330533059401,7.479297730291737,7.237004014137013,6.472751325922141,7.320900782706755,6.527515293240718,7.483762950354571,7.278108543718363,7.080077357326498,6.235408246138284,5.415588744997806,4.623319856760233,4.406810763479558,4.814939282755562,3.989782646993199,3.7924462687894875,3.6064628713781346,3.4376583482966017,4.1973577565600335,3.2134155232354593,2.254811256785305,1.3336464696620467,1.162257829939972,0.11593254685887429,-0
47,0,0.39237290102655425,0.877557935683149,1.7501030540889213,3.679288709383437,3.5323502327482728,4.436107875719862,5.886889253772598,6.816227990477301,7.7539173110941215,7.596185642512347,7.486165642713585,8.949158419702984,8.339973021761065,8.286628349199978,9.72319408943298,9.672007366038617,10.128810779595492,9.16514651051664,9.177996100670924,9.649708431962289,11.053291262012303,12.018416002355089,12.031571692274603,12.529844464932223,12.092451795126122,12.138035145287084,11.745095820373528,11.812474070706939,12.325645956953338,11.968279602817766,11.631782261417234,10.50823451101495,10.226985255531014,10.730246050056657,11.240924444628952,11.360602288689936,11.093854969769623,12.007759603721919,12.138150579641971,12.672436769638223,12.017685979366723,12.160238331638011,12.69816820626901,12.8474725838914,12.223814334522483,12.380479556016395,12.540493691831049,12.703853486989056,13.256489723998126,13.42696748148209,12.832733389706549,13.008897539921328,13.188381288536037,12.993017021062954,13.557432974748751,14.132619126675877,15.926196924422012,14.91773264012511,14.726101208287046,14.931256832256983,14.748245039727355,14.571132925966438,14.01993298663281,14.233622677183103,15.61615108149469,15.842989449129854,15.284463420492806,15.909782972137606,16.548451641673125,17.20076727802253,17.867046095764543,18.547623327005123,19.678340139361417,20.396083459282046,19.792670130459747,19.637323130603708,19.486917790513438,18.91230548469465,18.351324007528437,19.063928792895833,18.9319055264669,19.230646398274768,19.535232312047203,18.984375615347528,19.725873876056784,20.045403312314466,20.371386566338177,20.704020099782547,20.596671894461515,21.39006915850936,20.838900746752838,21.645952086357873,22.474474828453193,21.92018792501482,21.37632456371576,21.294360145761047,22.134585039898152,21.5982455888546,21.527558629534514,21.00485208295657,21.858832918187883,21.33846753254554,20.827055402400198,20.32438895420712,19.830268539703713,20.230949899798183,20.18957038526978,21.061930594245908,21.493021030969945,21.464557004195314,20.97420458893541,20.952510355908355,20.472574606157107,20.457396298069423,20.445987842703456,19.97850532805504,20.434631717606226,20.90353239582783,20.90929007762783,20.44695620579269,20.459121537788736,20.00551617057418,19.558226113138282,20.046572855210503,20.55000884240925,20.104690596107236,20.140390903949303,19.231712727677802,19.745014990063847,19.791817338419985,19.36354276323496,19.41687653878521,19.475145695922624,20.525866006297587,20.60214482389998,21.197024557114094,21.8145438745161,20.867040937460782,19.93837743551041,20.03649428056653,19.62839467335436,19.734878331370098,18.826101424575,18.431737778473064,19.05266624233289,19.1769329840502,20.9279455745909,20.533239788077996,20.696740581870536,20.308596870236563,20.48455000712418,20.671328546683657,19.725545291908052,18.797263548867345,18.429395939273242,18.065382684491198,17.705160675456316,17.348668381752546,16.459488949495785,17.192898646358056,19.14638373200984,18.207386164219493,17.2854561896255,16.380786297643848,15.493592755425801,15.716967430332454,15.390198550592912,16.212910069747828,15.312695889772629,14.430006166926594,14.116537177631685,14.373097774502074,14.06667990816791,14.348426188721469,13.463957278734371,13.16765166223433,12.874726767565038,12.012181042256586,11.168416142733214,10.882280042641426,10.599099666771124,9.778430078360365,8.97828078979044,8.19948755172252,7.442988411130292,7.652268728586853,7.382058681043282,8.147248539557117,7.885077846594738,7.62578278829074,6.832304994186907,7.688387220613928,6.866081134294032,7.830262160228711,7.608136659295043,7.393751019936229,6.520785769420698,5.672910610567242,4.8528404130615055,4.620577492127576,5.024797018744806,4.172313459843425,3.9594761974547845,3.758052734038584,3.573850258241705,4.329547864513141,3.3188172951781385,2.3336767123261266,1.3863187024342631,1.1990516422451583,0.12641329489744302,-0
48,0,0.367971271726566,0.8304270569106561,1.6692112666877799,3.540325007105007,3.381779723305479,4.249825622777764,5.6519878053275745,6.5443322376838395,7.444472281071345,7.274280335012513,7.151694115171164,8.562982665449306,7.953885501470382,7.887452943739887,9.270756995622724,9.205945376855391,9.635369618959567,8.685059647179985,8.683932716279894,9.127653755204157,10.47473033923564,11.396515302695118,11.394420738753205,11.862752131300416,11.424246670475783,11.454017516505113,11.0598722243349,11.111156251217288,12.024195495918335,11.653807897509195,11.304959655581353,10.185838345908476,9.893829375804033,10.36980998959195,10.852637855685812,10.953037382226736,10.67631474911677,11.551882055750914,11.66259798335519,12.166966940218979,11.512852698463705,11.635661595291644,12.142923616932135,12.658306086067837,12.404520548745511,12.54049369183105,12.679871175162466,12.822628716285381,13.35373568616805,13.503290885273467,12.891247124508679,13.047076162773994,13.206163532086958,12.992741818344314,13.534176381351502,14.085599579908417,15.843878340042595,15.219147814427915,15.005665873814648,15.190319862241601,14.98620053144597,14.788445548376412,14.216963204806271,14.410949863791032,15.771800907796822,16.37698924830108,15.791536169576036,16.40129833597093,17.02358045373976,17.65867257842189,18.306881361356858,18.96853067433291,20.080894444170806,20.7775697306582,20.1499384498446,19.971772464692698,19.798866567907385,19.201893065610392,19.041273556408843,19.739776667634878,19.584298151636602,19.86394218990938,20.149200115789743,19.571867733410027,20.297325044963785,20.59705272039715,20.902943480872278,21.21517758232084,21.08517011391897,21.859439105310038,21.284167593245986,22.071118156506557,22.878418978319615,22.300787307755435,22.191791637251672,22.086934429500108,22.914168938667245,22.350289201181425,22.257052907343585,21.707774547933685,22.5475910574107,22.0012612115217,21.923847435536214,21.390905236912406,20.86705608932141,21.255174988993645,21.19291186129199,22.060072871981085,22.47760890280635,22.428065879119785,21.909746163381566,21.867428345092705,21.360324585865904,21.324939032178296,21.293406210212815,20.799814783728607,21.24200515377807,21.696480405724312,21.6820976922891,21.194599294477268,21.186896893770854,20.708773723621885,20.237355300592945,20.71054469159866,21.19818888786891,20.72923889546341,20.745140928671972,19.810079279960846,20.306995752933425,20.334003384616693,19.8833466885375,19.91692454898438,19.95529155875264,20.98893906626726,21.044320577196345,21.61870359728413,22.214614955924564,21.24506952416327,20.294915291034584,20.371516359300422,19.942324647884224,20.02700032841751,19.604432836314523,19.186638439489876,19.797389493300887,19.904619900435733,21.65534326218717,21.237084712756758,21.38228916623147,20.97087103628865,21.128256321619194,21.296117379679288,20.323384620672073,19.368621199691187,18.97854433907223,18.59251969553645,18.210479125015503,17.83235604951723,16.918843609038795,17.636303624050154,19.574837441351224,18.612527080384883,17.667767967862996,16.740757633039948,15.8317181496498,16.034906732542975,15.687295417346585,16.487816995511672,15.567466872276928,14.665170342829837,14.33122467547434,14.565153283857981,14.237910791237338,14.495197570644756,13.593573984806433,13.2764453594928,12.962661586904485,12.08469658510226,11.226176579728165,10.920334985994334,10.617412622892113,9.783991802294363,8.971872643932954,8.181930805659702,7.415149006395719,7.5995620359927445,7.3118033486987635,8.036870407740293,7.75482452857407,7.475374804469637,6.677160709934347,7.477448062255174,6.652792883430649,7.545199582756699,7.294244458385397,7.048968205330913,6.18011065650586,5.338685920975539,4.527732693187926,4.269376533225328,4.594345225845014,3.7610155917926447,3.5119236987542526,3.2673881471832904,3.0291589451309466,3.5404229531856646,2.5890547860841644,1.6831739642188166,0.8468403830172364,1.236069469654483,0.13695765945697308,-0
49,0,0.7898183373704165,1.2005584592163832,2.0461317573926308,3.9645744102532374,3.729371311193814,4.574514187489789,5.963539384768923,6.825396019284944,7.694188363807818,7.481223756787745,7.321406568945126,8.707163149779477,8.063516890292757,7.967772847564949,9.322641658288244,9.230292331572619,9.631904430434782,8.661549038424319,8.637626042538827,9.05592510888189,10.369081055553906,11.259310621003545,11.234852368970516,11.675885327622307,11.221661323637242,11.230609982146362,10.822520609473676,10.853965191433344,11.73310930037645,11.350211144572075,11.39792378984052,10.258464419943483,9.946500278365896,10.400736990860086,10.861256277014768,11.328173433375573,11.025133083800283,11.885860827804438,11.974408442196852,12.45936785424991,11.779101950561122,11.880948165312692,12.368782016470513,12.864102194779884,12.588581755480812,12.703853486989063,12.822628716285378,12.944860753123336,13.454690154085203,13.583488068021001,12.953545210926398,13.08926697724866,13.228223315978274,12.99688168145676,13.515838200979196,14.044056495138541,15.76825234111671,15.128989716067434,14.897945195330522,15.45354743711743,15.228182004962271,15.009672987193447,14.417717106295674,14.59204869075767,15.931687424345482,16.51516778207727,15.910816661375732,16.4983419870247,17.097561990527343,17.708752991010176,18.332206239124996,18.968228495023716,20.050753948152717,20.71962970370383,20.075246797866843,19.876896231319314,19.684049662828535,19.071909385951,18.89202456264165,19.561379632798513,19.38656555717538,19.641428680519375,19.901522823849344,19.311047116890514,20.00466949980525,20.2782971191399,20.557632316548112,20.842834535383414,20.693107256593215,21.431515708346318,20.84456204836199,21.594296633836468,22.36297897570965,21.774055182214006,21.64455013959454,21.519178471282356,22.30513430819951,21.730839999956086,21.61671634519808,21.057673915381802,21.853702622139526,21.297872712428653,21.199270118629006,20.657424519126817,20.125055644518408,20.479367651348845,20.395736567317243,21.21384639396194,21.59467868310963,21.522203709200532,20.995777937775035,20.930442737231335,20.415714467141363,20.357189171084567,20.302245443759485,19.80160468282445,20.20313624510065,20.615607332770622,20.57610245869292,20.081658798132363,20.04851224234638,19.563819233052072,19.086146958717823,19.513512683586367,19.95362611986433,19.478220793230115,19.46634356226813,18.54705697253913,18.99367653960517,18.991708998791022,18.53513264470378,18.539034770497622,18.54702368764166,19.497876677387513,19.519913291874,20.03222615510444,21.06633182400056,20.107295565102127,19.168361499706716,19.211921809945636,18.77219030631622,18.82270582084081,18.389650062175377,17.96160628832094,18.510654048872738,18.580133437301285,20.204931213478616,19.773512765711104,19.87446815275827,19.449514009655097,19.560315979080563,19.67962473574109,18.72747631949293,17.794218138637653,17.391136348274177,16.992202105804203,16.597343522720625,16.20649020421606,15.319110233841897,15.944694215692564,17.69420370121566,16.760574890638505,15.845672869924012,14.949736625483965,14.073032476372692,14.214693975587448,13.852399228598298,14.532548030843298,13.64934470133795,12.785708793773678,12.436683584857839,12.596811165628127,12.252348211511295,12.427872163107766,11.572667763721336,11.237343452651029,10.904959381692736,10.079301633432541,9.2753901383511,8.954863386351903,9.111962653528568,8.321753952570399,7.5552237586519455,7.247417049987822,6.511024146577705,6.639153820916198,6.338590542306471,6.944268302569939,6.643972590579068,6.827885620258399,6.049776995290458,6.744127419163563,5.944092513580958,6.704832397711308,6.421802206731416,6.141856339172475,5.310050383767448,4.51016269232346,3.7458618709691183,3.4641428699022216,4.206191568770654,3.392227582805139,3.115938940939636,2.8407051911973302,2.566460496029785,3.663616705110911,2.685322945399436,1.7528864923205878,0.890601785908413,1.2733140566857455,0.1475664175414079,-0
50,0,0.7571006283861124,1.1463055058954479,1.9597362476885083,3.8226097660346814,3.5771949253572095,4.388730628529193,5.731690859244372,6.5588089008088915,7.392366999183267,7.168482511684398,7.4940594099603715,8.854188944532822,8.17551142679758,8.050281740801974,9.377122851821593,9.257294417602282,9.631406236888399,8.640896818699506,8.594458746336809,8.987844075590024,10.26801554929472,11.127522371718829,11.081195311438426,11.49566754406167,11.026087040090305,11.014813136661566,11.013037599878352,11.019925661647326,11.876429831852455,11.469315182272151,11.493963469494588,10.333849451315585,10.001908640205341,10.434686473868137,10.873241322095977,11.317690335984182,11.379232914189267,12.62394473949198,12.687641187179757,13.156928353442298,12.436110355302732,12.515135891152447,12.987828563861449,13.467444340976853,13.163029057200994,13.256489723998124,13.353735686168056,13.4546901540852,13.948234569686413,14.055806013141927,13.396682859163908,13.512222942309112,13.631117266218633,13.376697282799897,13.878886447460518,14.389679690073693,16.101495334536292,15.437784267219223,15.184730935244886,15.72098745584903,15.4742233564556,15.234834792666401,14.622203529350204,14.776908860174832,16.095763359949558,16.657795746462273,16.034433503585614,16.600059456257927,17.176610520643525,17.764349901235246,18.363554240303845,18.974514154406243,20.02803667309727,20.66981067845476,20.008732805892613,19.79050215732468,19.57804249742155,18.950839981646002,18.752056764662985,19.3931769712415,19.199454210946172,19.430269165782743,19.66597541969371,19.062567020247823,19.725509639461176,19.97393619966637,20.227662559293925,20.486828883746202,20.31805676709953,21.022076261212028,20.42379251742021,21.13790326175726,21.8696584740598,21.71488614364506,21.56443943354397,21.41823081682056,22.173589097597986,21.58335174289794,21.448380851673235,20.87419422695276,22.09028434101358,21.51395097526038,21.393984880078577,20.832472221541,20.720683421403375,21.057026730219807,20.95220605975636,21.75436790966905,22.1159880788071,22.02195295039155,21.47231644222952,21.385814502862836,20.848646600047246,20.76931093318544,20.693597855215458,20.171536978049314,20.553025900158293,20.94485031353729,20.884356278101315,20.827600316149503,20.774601582331442,20.265196135731944,19.76322507402164,20.17586547535871,20.600734278994164,20.5669839215741,20.537213523281466,19.58049446246436,20.019448334407436,20.00005413630625,19.51680898335471,19.50361578643449,19.494573228617476,20.445931796692964,20.450656550387226,20.95393955780402,21.9864642619895,20.99407224536495,20.022297415715986,20.048776389110625,19.584562451317318,19.618144257455373,19.161089892359534,18.70935045384327,19.248373326540616,19.30086311506723,20.926410272251175,21.007487977360956,21.096299788111583,20.645244622103796,20.744264291522427,20.85192831807351,19.860474294450746,18.88827809422063,18.4604385475724,18.037001533044783,17.6178908631556,17.20303194750948,16.278301407968943,16.9074653495743,18.687340832008918,17.71702421396692,16.765758129744277,15.833777731170356,14.921345821230844,15.053955119645305,14.669592255841325,15.353986577084012,14.436033066119636,13.53794474580589,13.167672188678226,13.319597481779182,12.954226795015671,13.121769905395029,12.233302246266433,11.877635745520742,11.525092265983584,10.666917733650347,9.830765416132682,9.490715418675443,9.640848637747332,8.819073730139117,8.021251425771236,7.694650694905506,6.927464169622807,7.04928652993737,6.730411951064032,7.341934353417089,7.023521826168235,7.2013669104311155,6.393540466849033,7.093796286814074,6.264374742837098,7.031039017220013,6.730576076938032,6.433327371596142,5.572824037374144,4.744515193554621,3.952094369402155,3.6537702501011156,4.401690909077962,3.560051945459318,3.2673962669391017,2.975883970088926,2.685434881229661,3.7879998649281266,2.782594524541641,1.8234110852307528,0.9349704219242037,1.3107881986047278,0.15824036047751988,-0
51,0,0.7253322359217784,1.0938018982166569,1.8761119191616156,3.6848468197043354,3.4298999246026574,4.718492329653943,6.0467407567996325,6.842454724847238,7.6444093231628125,7.377312863730259,7.6697382220003405,9.00411541609882,8.289895646961314,8.134979596953992,9.43416212490243,9.286886175447671,9.633776911845246,8.62299150577455,8.554293480109745,8.923239316473165,10.171309983243,11.000879449929666,10.933148092653552,11.321756253020752,10.837159731480904,10.806230517446021,10.785224381853642,10.77324518712093,11.597687170431167,11.178774048709752,11.185080481409228,10.411952876447602,10.05999734104354,10.471573606871196,10.88847833235269,11.310828058778268,11.352208305509144,12.568709087008779,12.611763142787082,13.057126440987838,12.323319419194222,12.38255935832017,12.831257825682712,13.286365771710432,12.966859933331119,13.040626760083933,13.11822192766797,13.199549710202367,13.667468338365454,13.755151931180764,13.089095382382537,13.185185004369117,13.284568950963626,13.01772081695634,13.493081499457684,13.976403326405302,15.635782157731079,14.967591982798883,14.702194506098188,15.208886443675606,14.949948111900552,14.698636314366578,14.083649852188806,14.217564209270256,15.485796808253847,16.01563454484253,15.39073892348295,16.31253677272786,16.86109213189654,17.420047180583538,17.98965993278571,18.570200919734177,19.58482356583083,20.194114559332267,19.524414970110023,19.28978855017979,19.06112211749086,18.426640336069983,18.212205819055942,18.819410707013578,18.609911987518952,18.815334281548616,19.025260845257616,18.41627681295516,19.0426505715484,19.264336979983206,19.490867946535758,19.7223639797249,19.537245845449817,20.200763566708755,19.598129370858516,20.27040922106128,20.958973675302115,20.7867480336616,21.05366183109271,20.88846865555684,21.605849956690367,21.0060116662409,21.29094751150445,20.701795405878624,22.332489706701786,21.735552929863903,21.59429498398543,21.457003345538975,21.323618344014704,21.64168260776114,21.515367682375558,22.301372150119498,22.643578258041344,22.527760549990546,21.954651587864717,21.84679811799517,21.286956982092747,21.186663973139563,21.090057284873275,20.54638597485533,21.36431830270996,22.209473991865522,22.129060471688025,22.052574680847393,21.980027059161117,21.440592772989874,20.90903715971255,21.313321462751258,21.72959996567164,21.677075081210685,21.62865875830701,20.634065060332823,21.064476953325837,21.0269428614393,20.516469781447668,20.485492824901403,20.458744193527522,21.4096883908147,21.396461229024883,21.889968921967935,22.92007981215362,21.89396372578445,20.888987429623068,20.89781302700418,20.408663390344774,20.424764939343707,19.943277932419647,19.46741731740714,19.995815438582728,20.030827047070343,21.656433800339464,21.71904950781452,21.78923803426513,21.867369141427044,21.953847456124834,22.049116421167962,21.01798144947236,20.006477525079582,19.553332546992404,19.104851190496053,18.660952842349946,18.22155859361731,17.259133629551155,17.8910001410438,19.700022021434496,18.69268941594429,17.70473544650586,16.736391184443477,15.78791565761075,15.910813283968668,15.50390208257338,16.19172387742633,15.2387216184401,14.305885527678846,13.91390424579507,14.05700246166052,13.670272524120831,13.82922162422603,12.907213871399145,12.530766554123566,12.157629198264749,11.266669579402356,10.398009735331025,10.038011904938989,10.180599980832659,9.327000295754617,8.49762778885777,8.151822125652767,7.353585679751115,7.468545879419015,7.130959653548245,7.7476332384000015,7.410713594427972,7.581956476887518,6.744176240660703,7.449667085853369,6.590629987190151,7.362559169918423,7.044298348937185,6.729385254277193,5.839967311716391,4.98301798921186,4.162254015158927,3.846972058867746,4.6001593877833145,3.730633491426162,3.4212725155054544,3.1131479461091796,2.8061657359405214,3.913571759533641,2.8808674441769138,1.8947447052473783,0.979943124053116,1.3484947426840987,0.16898029426927338,-0
52,0,0.6944771420106192,1.500117096179497,2.2693560983505217,4.116789673299947,3.779355554403537,5.059316282138247,6.370145638775183,7.132475670116855,7.901478224923035,7.589962712970307,7.848532239349131,9.157002051981701,8.406699782507513,8.221870494063928,9.493727201478778,9.319009324757227,9.638927214388373,8.60773079651938,8.947094767608876,9.291312149474779,10.526655126088825,11.33531465152763,11.236963952288647,11.600110082152082,11.084275191783561,11.026894603050161,10.98050111253528,10.944073591010783,11.746649213486153,11.303555131875793,11.287206456507532,10.492740591039986,10.120716364258373,10.511322327740707,10.906863281433836,11.307452719514153,11.328911584709262,12.517947122887078,12.937536369540148,13.362689523650518,12.60146674009806,13.028110972952636,13.460611954262548,13.899103368444612,14.343722908518536,14.391194513814234,14.443196891589547,14.499584379314873,14.958758534105222,15.02220716856774,14.303048938592058,14.376815955188214,14.45431687639495,14.152486616735617,14.620257694260552,15.095491595788559,17.194052287639167,16.470027752189754,16.167012180780848,16.669178260345614,16.374126087794007,16.08772147946916,15.423605343049411,15.539342999988873,16.832427380941144,17.357361499994592,16.686588381123556,17.616801838604427,18.159732492696058,18.71256741257525,19.27556440438566,19.84899281057787,20.867345496591977,21.468180293443858,20.757399525614584,20.49333218606909,20.235840664799166,19.563033838879804,19.321164810651926,19.920699830357453,19.684385017787427,19.872591156568344,20.065302919838853,19.421932366158234,20.039927776458782,20.244593892394786,20.45405568671498,20.668421496403106,20.458809717482296,21.112328252415566,20.478717155119064,21.140580675339436,21.818029292735268,21.62206016854361,21.871325832419704,21.682807327395825,22.38771223739776,21.759667633832937,22.026749291259843,21.410330437190254,23.036145819789763,22.412395971095297,22.24877920209537,22.08933802328295,21.93400151705042,22.233474106634606,22.085355418930092,22.854988806994342,23.177571890952443,23.039741237667425,22.44289056823967,22.776270360076644,22.188010454543747,22.066412422562816,21.94866789584092,21.377803186835425,22.187063383851896,23.022613744489934,22.921014004554447,22.823452077107838,22.72992757852331,22.16483313411518,21.608053176749845,21.99644237828821,22.39636433862674,22.3231913441067,22.25415769382366,21.23204469496241,21.645606881178836,21.587717313982342,21.054096418249795,21.002971979217552,20.956038467513824,21.890643756335347,21.856566683703853,22.330351982219426,23.34059974069209,22.291491876693883,21.264104588524166,21.25172982787182,20.74126878113805,21.24259104835299,20.736238792865972,20.235832932192306,20.753021302248705,20.77007367821037,22.39507479225629,22.43879895257513,22.48995353960545,22.548884910444407,22.615972261537706,22.691631294765997,21.63253771903614,20.5935666847531,20.11745904290083,19.646264985040172,19.179900323471188,18.718282712544923,17.730646503036027,18.346852504585232,20.14292020426512,19.111448045217667,18.099860703953023,17.108394341979576,16.13731390205031,16.240802657180005,15.81318723220015,16.481148259518516,15.507329887939331,14.554230632809148,14.142316714514543,14.264825171834962,13.85817363282729,13.995466769199883,13.055758040357492,12.659867085949124,12.267436935967426,11.360590271997062,10.476738337274481,10.098860359280922,10.21943386406443,9.352657007996886,8.510922880571409,8.148574550069853,7.339644724794923,7.432912149022661,7.0794969221554425,7.663410951372799,7.309506592682779,7.452257424801698,6.609426590205407,7.269187373066556,6.407568740857422,7.1233620213707916,6.783324478388199,6.4460145848467425,5.560704667133914,4.710295685023248,3.8988391356558783,3.56809367038864,4.231818156941294,3.381728028600604,3.0516396558776284,2.7215045076362747,2.39060667914775,3.257392334055243,2.284970231480974,1.379457766695357,1.0255171539159433,1.3864365895016284,0.17978703996276316,-0
53,0,0.6645014258836965,1.4407381883690729,2.180388030777846,3.975926480919131,3.6302309598983524,4.868254235728045,6.13640035962698,6.867000785123916,7.60385575426747,7.283510023036441,7.521266548569685,9.312912498270565,8.525957685407812,8.310962421632077,9.555791572167768,9.353612224954873,9.646776074824448,8.595020799929552,8.910157330553941,9.230257589559404,10.434547376164513,11.214212673954638,11.094910805379548,11.433067660200582,10.902532430296967,10.826216447835998,10.761386280117254,10.706954024700234,11.479116204324507,11.024855278447163,10.991217003247984,10.193976250899432,9.812922982859753,10.180037883788279,10.551717239298377,10.928067518273433,10.933251295298335,12.080273504694217,12.474191823360199,12.873267369603495,12.113613112671342,12.514069749113055,12.91994068062161,13.33134998261034,13.748425232695025,13.778354708421624,13.812763913326027,13.85149410242756,14.28187785854774,14.327311265981887,13.612874961365591,13.668799283071117,13.72833515322399,13.420331299189678,13.857937044496314,14.302419088308993,16.318730376429183,15.600737787134463,15.291114495230143,15.760284488276058,15.458619353835989,15.165736027148348,14.509011047254095,14.604774234921969,15.835014585384924,16.324319469143365,15.661400664984384,16.5403160858177,17.04584668404766,17.560467101744212,18.084409918048404,18.617917901852053,19.578968134679513,20.137751235928505,19.43511115890774,19.162413414036415,18.896316237389136,18.232383892243035,17.982130490538918,18.944283919378236,19.104194138202203,19.268227113616692,19.436449839373438,18.78784543987493,19.371196510311346,19.966998566529494,20.152747183741692,20.343094315466047,20.115748751068303,20.73797962748718,20.093645600480702,20.723275868246663,21.36742074365577,21.153338928205518,21.37626191071647,21.169612174149652,21.838589157418312,21.201332239122458,21.44080831644039,20.815793959526534,22.38312057512985,21.750881278412297,21.568535263224046,21.39037501541874,21.21631941432506,21.485463686788936,21.31831490440731,22.04421525525486,22.334295347070316,22.176394409076675,22.022485463840148,22.326686119737786,21.726433548498733,21.584195144125108,21.445757780210663,20.863811861196716,22.09007893723018,22.893815646528083,22.770271009403487,22.650711930725848,22.535124158674904,21.954373772118768,21.382347323176827,21.742032826181497,22.11235485930485,22.016564945693162,21.924755377331202,20.896534273862457,21.753156180937154,21.673419401457757,21.121188775833744,21.048298622975633,20.97946312796923,21.883204236975924,22.321954722647945,22.775944359209436,23.76639811595773,22.69403497302883,21.643980854714012,21.61035574146162,21.078448512715767,21.55823073153879,21.030715986920857,20.509474423126633,21.003956008132743,20.998859923379023,22.594641832103452,22.614361904685147,22.641103079497615,22.675170865865727,22.716899867616128,22.76665694409204,21.691479795899646,20.63703573356664,20.14086305482315,19.649854960033725,19.163925285153624,18.68298992565293,17.68278322725541,18.26652082422781,20.010366625527762,18.967788941897957,17.945782511839706,16.944598054689322,15.964516440324575,16.040277489965316,15.594613230139515,16.22169117399237,15.241462085308003,14.282761135926874,14.373567651870829,14.475553373347516,14.048944314865128,14.164748104327595,13.207162987308362,13.326055738788034,12.912226415406508,11.972094074208808,11.055239811777184,10.656630438345156,10.768590182558814,9.869513677195409,8.995759429803746,8.613452543760618,7.773013689006349,7.858394010761338,7.485536723413047,8.0733109299124,7.7001868598135825,7.835347241824412,6.962149178288996,7.625891228122831,6.7342597010935545,7.454080927639387,7.095582026751465,6.73995253021136,5.825365219596468,4.945963638365357,4.1058249184094,3.7575112724202886,4.425319582206362,3.5470492231519035,3.199685678811671,2.852388048528504,2.5044310442095363,3.3748625854405216,2.3749971370977883,1.4425423954033818,1.0716901844135085,1.4246166942791543,0.1906614340230963,-0
54,0,0.6353731030181865,1.383096690775456,2.0940719428942693,3.838989559892386,3.4856490709597288,4.682884090664093,5.909520484846063,7.160010928016526,7.863439490578193,7.498052429777321,7.702009987462311,9.471914620417193,8.647706776098394,8.40226711804805,9.620334136597908,9.39064939785035,9.657249959086064,8.584775352944646,9.311634897765183,10.501942724470723,11.72578751307224,12.496927084457782,12.3238995710683,12.632745737015396,12.034809092316001,11.914670431802213,11.808586537163253,11.715190389739396,12.482017618471268,11.976127240223615,11.908325932785221,11.447095456288313,11.0114087254305,11.364883526475246,11.722782530527434,12.085204045339754,12.45224869777059,13.632125975423337,14.428326029097974,14.816501600770758,13.968759282105722,14.36051887589915,14.757561098604738,15.160006400246528,15.567978623135879,15.566292995105584,15.57012162545172,15.579238194433083,16.00164535343231,16.430077851216712,15.636354618956117,15.664750135954186,15.69757993438018,15.340191959515085,15.776050631457624,16.218492631961496,18.31994277596548,17.53333178944381,17.17832610896142,17.644785249256255,17.299700390221613,16.964659220478342,16.24738051691057,16.322940348381483,17.58988756044001,18.077146985829557,17.35768181981618,18.25274686682667,18.755990042301992,19.26798719563638,19.788972517841568,20.319189737181755,21.29254301186529,21.84703690154608,21.093860970459765,20.787020664377604,20.487549273268655,19.776321613289134,19.494377300260314,20.468008569972415,20.610756019364885,20.75779141724533,20.909169049878425,20.217633588418398,20.79778965856744,21.389974586411252,21.559366424292882,21.7334495352625,21.478050818002792,22.096039598935274,21.41281944711863,22.038114795886987,22.677451650966272,22.43673031896787,22.643955104994287,22.411333660122985,23.074882058474987,22.40222303146978,22.626400658684002,21.967105496325146,23.547151709088453,22.88128410777654,22.674819126525122,22.472861980337395,22.275319967591837,22.52954101122078,22.339312083619802,23.05806623988873,23.332817337609388,23.15208952738255,22.97559916480049,23.264419859396494,22.635079394278495,22.47093423460544,22.310794898167057,21.701066061760613,22.92428711231477,23.717870023603624,23.57256810497519,23.43140093763635,23.29434394821868,22.687391426864828,22.089621499168782,22.433124163496093,22.786878077007778,22.67015614996092,22.55748975748595,21.50121455385074,22.344357631476623,22.24392170135914,21.66811138363841,21.574804174309644,21.48556064434427,22.373166075258297,22.792715866189905,23.226826001741973,24.19753820090557,23.101651280761853,22.028669667776267,21.973731540505465,21.4202342258943,21.878578906435404,21.329793013541362,20.787619659055363,21.25960890930468,21.2324746627519,22.799787517752677,22.795745257646463,22.798361280499286,22.807903775930274,22.824666734099523,22.8489726730525,21.757532960618864,20.687443894294248,20.171378717709175,19.660750288209012,19.155471243521628,19.186502796590442,18.160623515853505,18.728710606310802,20.460282995087997,19.39313152141006,18.3470693567638,17.322352325246605,16.31926725710208,16.375821390912105,15.909406846545664,16.517416985671552,15.516014716897487,14.53670603679474,14.607673723860747,14.68918738383477,14.242573646009648,14.33703183219015,13.361391924978978,13.458575177167088,13.025135031811624,12.068724248271744,11.136297093479202,10.719540364831795,10.809403824489202,9.896800350550757,9.010346780342175,8.611349664436997,7.759904696385822,7.823740677076202,7.435045618496533,7.990892621610361,7.601000672181766,7.708588849403806,6.830109622540927,7.450349545616611,6.555940855757123,7.223154535156656,6.844375264156608,6.468155785112438,5.557578362045943,4.684658943650087,3.853816031116437,3.49234824443569,4.080849905180957,3.2221610595020396,2.859375154850402,2.4969076115629867,2.134107154990195,3.4936361172747468,2.4661263963756586,1.506518685241081,1.1184602837350226,1.4630380682638522,0.2016043287228746,-0
55,0,0.6070619792250982,1.327131661801679,2.010315466435468,3.7058413809902833,3.3454521729780606,4.503007196672428,5.689264803810796,6.898710728956424,7.571914524519148,7.199003300605077,7.383802238063626,9.099124440493886,8.2787640197287935,8.025333433932282,9.199368403660888,8.96135502588492,9.20736232399331,8.150815243149651,8.844553790411037,9.988750958513444,11.165680546591918,11.901907371956074,11.719263074561756,12.005407478381038,11.84997181176637,11.710879750391971,11.586448509139315,11.475234274166263,12.212440792072616,11.695485477223807,12.019383936908122,11.938342529250821,11.469466228171752,11.803205959041577,12.14124917612671,12.48367766799142,12.830576473021713,13.997577313777235,14.775610039398776,15.14181210736479,14.264688266166702,14.635327068625502,15.011014458168614,15.391858511072282,15.777970835797234,15.753561560500977,15.735048860814304,15.722171998838233,16.122580775814413,16.528677119364925,15.715086516937816,15.722581253348327,15.734718052468082,15.358499522894967,15.772335153277046,16.59197844855451,18.68277072450373,17.86951982551651,17.490752504758856,17.93691492320757,17.56900405004245,17.21179738957196,16.472318879235246,16.52760893725528,17.774640128595546,18.240742062221535,17.901067427783268,18.782975837282216,19.268495070676366,19.76229512909185,20.264599913482492,20.77564208371606,21.73147565876833,22.265456730352938,21.48647909941304,21.156189873309568,20.83375250770195,20.098974272432525,19.795180135592304,20.749139857016008,20.870533940519383,20.996151091354083,21.126031260547148,20.413843624359092,20.972116964718044,21.541725208935876,21.689158386336306,21.84113089699956,21.56525722795687,22.158983675407022,21.457718897533322,22.058138167802884,22.671766465134915,22.410855698336352,23.038722159715427,22.783813356493408,23.426769483134276,22.73148795320954,22.934239041618028,22.253237581895984,23.811063723659448,23.123924834479325,22.896047466357793,22.67287593594696,22.45430686765465,22.68624734701822,22.47511392730801,23.169145333292576,23.42050690224041,23.21861673717471,23.021080224533993,23.285844242040966,22.6387743267092,22.453867970616557,22.27304116108206,21.646699601293058,22.83652314725931,24.073629240235043,23.906397593945893,23.743382983918263,23.584549425288298,22.95648837045253,22.33806211941916,22.659416386738712,23.469622981199237,23.331599679603993,23.19772475720533,22.113054341969743,22.942410223022005,22.82097794896673,22.221287961653047,22.10729851610064,21.997401136060052,22.8687299438765,23.77458081248487,24.19681018769243,25.1629356108466,24.031959900654044,22.924443799001704,22.85020999539143,22.270345698061224,23.236620474116286,22.65747513749039,22.085288132718475,22.555114209475885,22.512184768687487,24.10461005376704,24.084927755569037,24.072089716660674,24.066360616341594,24.068031021264495,24.077420109945567,22.94496530266409,21.834258141993026,21.291016809107134,20.753495824315337,20.221602956412692,20.2391674948078,19.174344921274677,19.742143527837886,21.49875473588882,20.393392712045138,19.30946778854843,18.24723113435592,17.20696524152866,17.25153815759222,16.760900254571943,17.36954440285994,16.33202403734549,15.3169152190451,15.37673738206383,15.44721737551917,14.977628468509618,15.061327071753958,14.051131984085005,14.137874773777574,13.682243637350206,12.69203362524283,11.726096867975402,11.287839155208367,11.36806005944583,10.422670195426733,9.503715173012699,9.08401998837055,8.20059606807832,8.255558897735394,7.846705313334247,8.4051847525186,7.995374071447631,8.094421759937902,7.185150624479633,7.808180679001055,6.88335038801854,7.553417576823145,7.155526713774805,6.760345708580976,5.820116802423371,4.917841416995273,4.0579661519683,3.6783337923203945,4.269800824466409,3.3826292275168846,3.002015493955436,2.6218550433424657,2.2414933961871553,3.613710934508342,2.5583547571484577,1.5713828107653156,1.1658259006351115,1.5017037801534403,0.2126165925428774,-0
56,0,0.579539518116272,1.2727855366981422,1.929031401008266,3.5763522520275113,3.209491531615106,4.328436345778445,5.475406128244185,6.644921626308555,7.288871721005532,6.909085150850753,7.07555527144533,8.737669687610607,7.921662848420468,7.660932604168721,8.79219471205175,8.546569851340022,8.772902942700743,7.732628665100172,8.394385873635521,9.493839020012565,10.62525287466347,11.327787697034074,11.136339414438297,11.400825759856117,11.23631835641491,11.088056000028162,11.371035088490286,11.242501258568153,12.374106168289648,11.832035591784056,12.133415131986323,12.439217283562419,11.936223345247846,12.249444746773005,12.566936503002998,12.888758017824307,13.214973546374747,14.368756508959992,15.128308328453778,15.472220493051518,14.565217282476125,14.914520803913774,15.268694381137296,15.627831446078277,15.992029362154792,15.944787218520633,15.903862586454713,15.868958696042927,16.24748584536173,16.63140693358082,15.7977788485701,15.784474234416619,15.776050631457624,15.381031990513925,16.16754773203732,16.970928732339647,19.05113330707023,18.210848281210687,17.808032468500258,18.23380646466622,18.252158589932968,17.866783883882984,17.09457955769539,17.12868608781398,18.369061235549047,18.817975806907118,18.45249710661125,19.32086087875559,19.788286166193874,20.26356392822901,20.74690735043522,21.23853770799739,22.176729143144193,22.690055408524067,21.884930387608723,21.53094796638576,21.18532350062487,20.42671038276792,20.100887032700463,21.461746351156698,21.562382957912757,21.667296928216974,21.776513829214885,21.03555274611248,21.577540244300526,22.130315765702147,22.257104112332122,22.388401445730985,22.08900815339978,22.664756918856053,21.937990174849112,22.520074980777185,23.11471461991941,22.831106898313582,23.43923279468219,23.16186343002424,23.784260305179142,23.51314291024217,23.696757264520905,22.98704572659772,24.539419880742237,23.824167266127397,23.572894223888078,23.326615558383295,23.085216522056218,23.298040601467264,23.06440318041253,23.742112253617442,23.97373097128862,23.749437152405278,23.52970627175328,23.77448437329815,23.10359786931452,22.897062857576085,22.694775601782418,22.49666715714416,23.68278611752327,24.91480982695492,24.725032267564416,24.539656125604317,24.35863527403502,23.703668131007802,23.058817278682067,23.363393818201903,24.160724032428668,24.00102849121235,23.845591435665536,22.732177900872408,23.547439917869784,23.40471084047831,22.780836267174895,22.645895418506484,22.515093794264516,23.36999953537781,24.258124654510354,24.65992554887662,25.605896592110543,24.450781654026795,23.319738955180615,23.223752971564622,22.62181113036925,23.566213683601745,22.96518254523083,22.371468287871288,22.818255899411053,22.752776891621167,24.316462660469384,24.27264546248359,24.235359955409077,24.204836505391118,24.181328466695017,24.165114532324804,23.01590221073871,22.442556942843012,21.875321768082884,21.31409881805923,20.7587929584996,21.313300109914163,20.2091661401792,20.775893818354287,22.556495432419858,21.412570811258725,20.290436310878945,19.190338199023607,18.112554374832783,18.14454062069727,17.629215797586763,18.237765797605373,17.163808889793113,16.112585461115852,16.160684710625723,16.219559615111923,15.726561731042507,15.798940249592498,14.753896189426136,14.829647925395763,14.351410008127525,13.327117759288225,12.327390978199922,11.867227258559543,11.93727823822395,10.958830878701498,10.0071048754181,9.566320679384292,8.650651687340426,8.696236143471339,8.266843483705976,8.827340369489564,8.3972395291977,8.487260745877295,7.546950777045216,8.172177500826828,7.216685119902478,7.889022767270765,7.471672347049768,7.0571851918203485,6.0870748637364755,5.155211625973588,4.266068305183534,3.867933594075141,4.461833299655167,3.545951015619449,3.147183730747518,2.7490078939014375,2.3507659576274973,3.735085933236973,2.651679732446486,1.637131544560423,1.2137858508946873,1.54061695756698,0.22369911058586356,-0
57,0,0.5527787205002919,1.2200038799900417,1.8501373332502649,3.4503997417813714,3.0776267257501697,4.158994921457482,5.2677302462959,6.398390378167217,7.014024286111197,6.627990741288516,6.776933853595669,8.387164191264707,7.576002455722924,7.308641187219941,8.398342925903997,8.145799826305463,8.353345081275615,7.3296804141377905,7.960553726866159,9.016576894623517,10.103819564593167,10.773835628690652,10.574367090236594,10.818199199982661,10.64542739963642,10.488812624447993,10.750538819226607,11.016654888204453,12.114506595495298,11.561871504471846,11.840919681096834,12.124248601634816,11.612356095832611,11.903280064982935,12.19826817379818,12.497366055050042,13.200071486363926,14.327432996071128,15.061484623884041,15.381926150437673,14.46061370373014,14.78702272425757,15.118084216537303,15.453877417727627,15.79448580105561,15.727903597025051,15.667886897830499,15.61411283041274,15.968744950112967,16.328448990095136,15.487418730517522,15.455903839667236,15.429384889271088,15.022669466595282,15.778409613814619,16.550062830468423,18.575903737275894,17.731065780308917,17.31684513345567,17.716007745769772,17.715356885280407,17.319205639417515,16.544936120984442,16.94900617278623,18.15701209258229,18.581159951339792,18.20015474228392,19.038207154529545,19.479649385776032,19.928417634708417,20.384709299601735,20.84872910555769,21.752174697042438,22.236434059132133,21.422873146809025,21.053928578949392,20.693647585074157,20.341716924323332,19.99783870399238,21.326528600285688,21.405123608298688,21.487900962028753,21.57487202514272,20.820851199188382,21.33595370748533,21.861138229579467,21.96510043819422,22.07339006019411,21.756743370437658,22.30312522424063,21.565603994324622,22.117656164690995,22.681407228497935,22.81673070686754,23.398946332752303,23.10166174072335,23.697173065906945,23.406205789068633,24.015783731521793,23.283827680961192,24.814309255085114,24.07731717411702,23.804381344712784,23.988894692928096,23.724277472016805,23.917638275733033,23.66114868711719,24.322272392226974,24.533884759449574,24.28690516220481,24.044716278805712,24.269318968052225,23.5743336148213,23.345961913635943,23.12202484519347,22.902443525987728,24.07016335908633,25.2820226362967,25.069937001079367,24.862374271773774,24.65927741565798,24.460593506562983,23.78890364203851,24.076273259733163,24.860320700668755,24.67858008503025,24.50122497357403,23.35871341242878,24.159576093157217,23.99524620634587,23.34687698218185,23.19071137784637,23.03875039360139,23.87708117461283,24.747387333147465,25.12865759600541,26.0544985250863,24.87495927208052,23.720113287133774,24.11834152302167,23.489240113955844,24.427431527906382,23.799623260913233,23.179497037873258,23.612868192925436,23.52751909928465,25.088495293291448,25.589896773593278,25.53586564347298,25.48879442706139,25.448932756672402,25.416555695193903,24.225605005827695,23.62377195904863,23.028350366115696,22.439237074129263,21.85633180230284,22.40873260095187,21.264913644856716,21.82980402123554,23.63337751775829,22.450532898960837,21.289836883979362,20.15153059690892,19.0358870946848,19.054690067372402,18.514216978848435,19.121959944025374,18.011243824941207,16.923587323871867,16.95939500136822,17.006102052318926,16.48926382275828,16.54977032013609,15.469579965665316,15.533798571666596,15.0325406454765,13.973879984756078,12.940079835735785,12.457607932520105,12.516969980698164,11.505191466553029,10.520422694300429,10.058161637606778,9.109979681176837,9.145688610092378,8.695379526078803,9.257291597237984,8.806532208022702,8.88704875815888,7.915451383933914,8.542293586213393,7.5558969703214505,8.229934097034468,7.7927789712535755,7.35864385454635,6.358420654259664,5.396736593078537,4.478088994334222,4.0611173450865055,4.656926906064175,3.7121054209965187,3.294861792933134,2.8783509757804833,2.461912474635774,3.8577608643383456,2.746099569810693,1.7037622355872104,1.2623393048875762,1.579780788563071,0.23485278500334295,-0
58,0,0.5267540144370179,1.168735159801733,1.773555289751689,3.327868155587249,3.4105444029490792,4.4834482881602105,5.576612571523707,6.6869350326142,7.270151271982228,6.8394943635187015,6.955999122225169,8.547828782308963,7.700182423459971,7.4039106584470975,8.470275798632679,8.192058049298549,8.37558923198037,7.3320345545726076,7.940060804322518,8.970196800241528,10.02978295026143,10.673800900590699,10.455091083762268,10.676605558173605,10.486036639225924,10.312368435137786,10.552689368870915,10.797379859267584,11.862435155796835,11.299577655904223,11.55698565080518,11.818559344186726,11.298164197692975,11.567552305304586,12.231366365156685,12.509120713987187,13.188787542169194,14.290287038945898,14.999321311778914,15.296677759280879,14.361037563031038,14.66499644469323,14.973425141967931,15.286388014108923,15.60395408847003,15.518444379613838,15.43977242662081,15.367588676402985,15.698988014236324,16.035169384368423,15.18689934376643,15.13772520115446,15.093683847134287,14.675669559509476,15.401650157502447,16.14263837471741,18.11589663564875,17.266766360719974,16.84164147039777,17.21517847056368,17.19630169482849,16.789926697379762,16.013910382804852,16.39203045473667,17.55635281058721,17.953084999408247,17.56240324517656,18.3631552929044,18.77586100676645,19.19533814269504,19.621767091897905,20.0553348122927,20.917026154366834,21.369329093601525,20.55671249535272,20.17796963891431,19.808102209529647,19.446788612147316,19.09372301689964,20.365150450567963,20.421853154769124,20.48249814969371,20.547083934142353,19.796542077616134,20.27592412774579,20.764544394527295,20.844975804806708,20.929413231088617,20.60293677977659,21.530605386030093,20.790217285520868,21.307842621349817,21.83625572809947,21.946733198193233,22.49203765367413,22.18091821455173,22.73819497550003,22.43319156968008,23.44438808249297,22.704170250614315,24.18213783200662,23.437177477249563,23.147297399370313,23.30519659013906,23.023634587451486,23.189805667972585,22.916323684772387,23.538602864380444,24.176671315552248,23.910317775280564,23.648865150870066,23.84683603670917,23.140247500571192,22.892885562452093,22.65003043874476,22.411593729856186,23.5339758179345,24.697987294964513,24.46550269066827,24.237533930816983,24.014012440073955,23.794873524920437,23.113703422282065,23.840437901696628,24.590284963973332,24.386775449708484,24.187624226304994,23.512679525276877,24.28779620094979,24.101504245722023,23.433900127736685,23.25605080304437,23.082393976717135,23.89176085684742,25.242469577028988,25.603097233790685,26.50881794834022,25.3045637339232,24.12563241039005,24.50252698302948,23.850840913004955,24.766997911552316,24.116859063610985,23.47478246101316,23.885018730208376,23.776933217106507,25.309692841452385,25.78451134532196,25.705698045181673,25.633547762016725,25.568275929637494,25.51012053437388,24.301897860496442,23.679016319306005,23.629242525866854,23.015657106369243,22.408583958263023,22.943599020596082,21.77285391042742,22.319761203740324,24.10814645453885,22.899530961642522,21.71360411245657,20.55061161895221,19.410832004830336,19.408678122490993,18.84605390676763,19.432788630667652,18.299840661323486,17.190537358236938,17.204957053290205,17.229706809944908,16.69165614692327,16.72944800108404,15.630251937690446,15.67149054130147,15.149564520282803,14.073728125469978,13.023477122073292,12.521874502047702,12.558117438929708,11.53198961487626,10.533720142823325,10.053931645124866,9.093984899018837,9.10738100370129,8.640551554611172,9.170183859170423,8.702194236045136,8.755094789714427,7.777593007742465,8.361839705451489,7.372097395716784,8.57612024273389,8.118817729964647,7.6646953089815755,6.634126083829772,5.642386918724915,4.693998030838469,4.257857701278736,4.85506371018677,3.881073697808036,3.445033553905931,3.0098707451451556,2.5749219346441783,3.981736300546888,2.841613223305217,1.7712727892001086,1.311485776181097,1.6191985232072172,0.24607853543635305,-0
59,0,0.9789415976142066,1.5797843564394758,2.153598190145276,3.740991090278614,3.759733867239551,4.819960510966912,5.894680196724346,6.982666239093219,7.531877397763829,7.055167733969856,7.138341808117561,8.71153198107252,7.826707516113064,7.501147428267011,8.544273825850048,8.240238962074724,8.399821383238068,7.336178031204495,7.9216718741940335,8.926423540837614,9.958928285543033,10.577453377783064,10.339782918931473,10.539433232331593,10.331416234312906,10.141072543856032,10.360536811492157,10.584380342937454,12.03082427457332,11.442789974783503,11.678469742602186,11.91841931396971,11.376494775497688,11.62513997061699,12.267441236010352,12.524037843206928,13.181013864482836,14.257177712590094,14.941647067725729,15.21627759269788,14.266281648202607,14.548207471622812,14.834454342066802,15.12507102219258,15.42011149993305,15.316062794533442,15.21914781442792,15.128989716067414,15.437784267219229,15.751101776129886,14.895744932490746,14.8294347924978,14.768415477048087,14.712460287146389,15.416743710874707,16.13515171844286,18.0786633733167,17.213800420112946,16.77145983086689,17.122895673911962,17.084620137447065,16.662224391617453,15.874113426030773,16.230300294904055,17.36445685718063,17.737946602251796,17.332499781372597,18.10501301330441,18.493467870916113,18.888244803628105,19.28951023581327,19.697436574767497,20.52695316945084,20.952345640626113,20.13188398297356,19.739340457823317,19.356011166724183,18.9815620988323,18.615675658735267,19.84483720444299,19.880875492553233,19.92073375612191,19.964397984677984,19.20959004520041,19.65960223061134,20.118158604772347,20.17700235876303,20.239653226047942,19.900800827866192,20.786691464942514,20.043890524584864,20.528677145918184,21.023406856994722,21.11035190739835,22.043995561622246,21.7168701498083,22.24343214978795,21.922439536550083,22.893732884186644,22.145597175575205,23.573188630437688,22.82064552219981,22.514596658876055,22.647073987078215,22.349402366487283,22.48966158491081,22.200085734002556,22.785338624123046,23.385174720958307,23.102051824207287,22.823901396308383,22.993410808154298,22.28206942360807,22.018174280826035,21.75882410142378,21.503922070815626,22.570008836198152,23.67500081376929,23.424310127920755,23.17809540813902,22.936277531456344,22.69878102562045,22.014788233514142,22.691320494015642,23.388917643653933,23.165607543884402,22.946509414359546,22.26930107451665,22.98788799386829,22.780713047827106,22.111244035583173,21.91249319168287,21.71769488589907,22.464314997975315,23.727373598462073,24.040879585885083,24.874088366207356,24.19386371175314,23.025362229725552,23.35898981850182,22.700422914159468,23.55173570813313,22.894620216314802,22.245992924166444,22.607894118061317,22.47153178333835,23.905900417221048,24.324429557543535,24.212296077941673,24.657792704147028,24.560529599967,25.03612244671466,23.822949583570228,23.183508498383983,23.104506517238438,22.47468947655568,22.404853255134714,22.90846033003246,21.72371185566356,22.814834029906095,24.587966856336394,23.353310762924263,22.14188965110685,20.953953756052158,19.78978701600401,19.76655282609208,19.181608462556856,19.74735898439051,18.59194945414784,17.46077578372837,18.02122251026984,18.032756726076542,17.470055706512664,17.494948195115324,16.36004002385455,16.38873682384006,15.843016488068471,14.732269871616374,13.647411100813475,13.122749674655706,13.147338718335067,12.087367570955378,11.055549690957333,10.553564694516469,9.560612402778158,9.56320948899731,9.074767116734753,9.604690932384633,9.115363012322502,9.157870102197073,8.148633352347025,8.733406943371518,7.712328510681912,8.92755435116404,8.449763904761536,7.975316978771022,6.914166694826151,5.892136628171483,4.913768402203478,4.45813016510766,5.056228165237625,4.052839269430699,3.597684759738004,3.143555242723651,2.689784631153577,4.107013606684504,2.9382203280248977,1.8396616487353685,1.3612251111046734,1.658873475190384,0.2573772994703961,-0
60,0,0.9454233234286404,2.047066951735208,2.5680868351306705,4.178437198933252,4.665464841423535,5.721965246511335,6.785949945842173,7.858545527717285,8.360022076664368,7.790737223385182,7.819286692266814,9.941017538920105,8.926550153546435,8.518819184053045,9.567145359036108,9.193225243470346,9.312249323635935,8.150917225534029,8.724404916501442,9.733301831632236,10.766503953768503,11.367919211522796,11.085105025039613,11.25566663351394,11.007781783836444,10.780165537151435,10.975008774649583,11.174865526014255,12.62455585431666,11.995157995466382,12.207681083831364,12.4248579460428,11.84734327280199,12.074863645719644,12.701804204100366,12.937146329507259,13.577626254676764,14.640625189040192,15.30658892260713,15.558735620662826,14.5776213378049,14.83834330260884,15.10338477396453,15.372773473860882,15.646543530983628,15.51997929770459,15.401095171620836,15.28947337127023,15.577587554621811,15.870076448739766,14.994506255184172,14.908403325134403,14.827933355828728,14.752843441127327,15.435763006907523,16.13197047249104,18.046559115679383,17.165901853737832,16.706439011775785,17.430502126141533,17.370937576026545,16.926133080563535,16.494371588920345,16.834505999215697,17.962532599575425,18.318893366491327,17.88709518237543,18.64677158705113,19.01761510787212,19.3945008409619,19.777584807045592,20.167028683794857,20.98051514863929,21.386511842799262,20.539579380335837,20.12365493625292,19.71752540936074,19.32083550388475,18.933247464129828,20.146219254084038,20.161778433711774,20.18123099990912,20.20454932692006,19.428854676868163,19.859143018228337,20.297497924921785,20.33610266089133,20.378508839367925,20.020262863775198,20.883844279572678,20.123180431762272,20.586241772137363,21.058663313119794,21.12482569769761,22.03280515008883,21.686866849318616,22.18917001384278,21.849582232637246,22.792376127270213,22.029267379059927,23.422974198440716,22.655948516940754,22.3316395786373,22.44146739538082,22.125788050331504,22.24315762222984,21.935784514847363,22.49220486817777,23.062258813232926,23.201464841860258,22.903150931645232,23.050578956320898,22.321623416637966,22.038178342758027,21.75946512419334,21.485378356483494,22.522673014740494,23.597043518160387,23.782676977689565,23.515048547410426,23.251998840076176,22.993443134194315,22.288507494071784,22.944111163134888,23.61977776009434,23.375346054659715,23.135243060133167,22.438410101278414,23.13333324974669,22.905204489270943,22.216926757392443,21.997604523805542,21.782290475062904,22.50267314597695,23.734548127964644,24.022349679163156,24.824694968851755,24.126429620778342,22.945134487092446,23.25165022502261,22.57615031869245,23.393562708321923,22.719753905758612,22.054858644662268,22.38730472767973,22.733371688629294,24.14271667232554,24.5367421951876,24.401258490245592,24.82076506545166,24.699402401226646,25.147263255385734,23.916482412239734,23.256402316791682,23.15300267849553,22.50300657419598,22.408519822387007,22.881564141176597,21.682650049024183,22.735409190171136,24.45831886906798,23.210988752429074,21.98762407766845,20.78848972754018,19.613885788633638,19.56335954380129,18.96002708780839,19.487102501596613,18.887605976362213,17.734334497809918,18.273102360983557,18.262233299073397,17.677876236220587,17.679699451712825,16.525320643354572,16.530759265906198,15.964038552860808,14.83568220450475,13.733950122878262,13.189875071130164,13.191260973866983,12.116551088189867,11.070855937259127,10.551169270606252,9.546101828764021,10.027713686041482,9.517287278313864,10.04693444653238,9.535905793011729,9.567561057448371,8.52633292566799,9.11108547971429,8.05842088596047,9.284213841662837,8.785596733621176,8.290489933080742,7.1985215065507795,6.1459630295838,5.137376148490045,4.66191297831831,5.260407014691186,4.227387646523689,3.7528029608678364,3.2793940384127516,2.8064921204413826,4.233594912795172,3.0359211769135714,1.908927778579516,1.4115574792260086,1.6988090235006807,0.2687500331053951,-0
61,0,0.9127048064306426,1.9813369602623538,2.478793690065142,4.045568394753654,4.508584069415404,5.530580031582927,6.559585798929651,7.596720998839797,8.07293697144967,7.499592143755118,7.513288765071128,9.576383224053401,8.568508832837454,8.15638824624367,9.16692200012694,9.246062855290715,9.339847723736284,8.15689264839374,8.707262173282649,9.690598360247167,10.69676320849925,11.272705542744209,10.97066793083028,11.119445177556546,11.275278255203743,11.019906827897342,11.191480646386747,11.368504227894926,12.801213484996763,12.145573590926707,12.748404232849586,12.941786402621311,12.327666621476851,12.533223783795579,13.551279523032138,13.763839109792436,14.392560350933602,15.453079017682901,16.10524133336688,16.333916570440643,15.303988743945265,15.543188114557815,15.786887131978293,16.035084172850656,16.28778605983698,16.133795429191114,15.988308575746833,15.850850974243318,16.119252445664205,16.392009874975013,15.482475831586642,15.373121320837772,15.26994236301684,15.172650461004457,15.840949048770675,16.521731325908245,18.428485914578975,17.519894340523663,17.036166815418817,17.74291959624394,17.661844492007187,17.194364814333134,16.740695391862808,17.06175536326465,18.171868698172325,18.50808476981178,18.05553013888166,18.794953082824755,19.14505765206786,19.500892379287638,19.862601124803728,20.230333065474763,21.020317778432677,21.403626797148792,20.539416199328315,20.105015827707117,19.680897690467777,19.266689091075584,18.8620358161409,20.04693674646316,20.042434949652307,20.04184028092003,20.04511234214935,19.256930467480064,19.663595721199624,20.0778021293252,20.096239071070904,20.11841604428298,20.14432193301749,20.98593676083892,20.207298640004343,20.6489176702505,21.09935294989262,21.55888643051867,22.450836571452935,22.082689924558245,22.566263595657073,22.20487759375642,23.129444078850852,22.34387806735315,23.718830563353762,22.929987737467336,22.584698804514282,22.673815535754983,22.33758855800804,22.434232878138307,22.106701955408994,22.64137530970586,23.1889548937289,23.30650491985228,22.98809828465578,23.113689586346936,22.367073654061034,22.064206654959943,21.766277867042007,21.473173531967973,22.482421514611282,23.52700786110672,23.68899135131018,23.40150437059959,23.11873368175175,22.840585606321188,22.1209721583992,23.20178893531301,23.85572124026766,23.590161696835597,23.329067667718547,22.612508145642384,23.284105595252658,23.503655689175478,22.79037804714714,23.016953756823106,22.779981159579986,23.49574398983041,24.730606715428443,25.00459069987133,25.80066122752269,25.07300554895947,23.855272275839376,24.14806202595087,23.444342370503882,24.254964684343065,23.55342590467219,22.861205413387967,23.179791673338098,23.511704136171634,24.918451093286468,25.297132124284378,25.140510976710424,25.544089096029037,25.40143458908685,25.832657542464872,24.57140782982646,23.885862361796125,23.76155865859768,23.08663858780739,22.971379823638053,23.427013653914525,22.20042061007979,23.23824019019776,24.946486311424295,23.672619848473296,22.42327872000692,21.19873229262983,19.99928606182475,19.92777508123773,19.301986946136395,19.80866594195292,19.186848633163677,18.011247941155833,18.52842002165834,19.08192866750371,18.472114490491744,18.460034948353986,17.269361440451284,17.26127363306639,16.669988231298113,15.506164125694413,14.369274634815945,13.801394899012516,13.790186217268378,12.681106475804663,11.601343355423761,11.058745938329361,10.020167121831909,10.500837756197036,9.968057905656602,10.496870193766723,9.963779998317678,9.984130784949665,8.91065253448524,9.494845694528397,8.410342643575113,9.646080225407704,9.126299244801276,8.610198734780429,7.487172872146376,6.403846582678481,5.3648002468331635,4.86918702140116,5.467589203344561,4.404706350719559,3.9103774483535036,3.4173781794747105,2.925037180981212,4.361483089957165,3.1347166997262628,1.979070648633104,1.4624833646793258,1.7390086141503238,0.28019771124112025,-0
62,0,0.8807613541650338,1.917191721589949,2.3917930691732634,3.9159616952333094,4.355707900373322,5.34408100148737,6.339007110833493,7.341599438781791,7.793360530191956,7.216509604585365,7.216047836664746,9.221762650261573,8.2209249910761,7.8050021284656035,8.778772981070436,8.84282974838024,8.92137052594947,7.756632788902258,8.280400628693364,9.225382588989453,10.192590849332138,10.740621163955744,10.43374592504308,10.565858911617651,10.704828713217779,10.444346889271278,10.598735976184086,10.758363245855833,12.136691556019903,11.48765897485821,12.059885472665842,12.234780248989521,11.627199613822501,12.203168249416546,13.187851027141091,13.379852141554865,13.980781811927583,15.005535903469555,15.628557246965633,15.835421084204592,14.807685751414256,15.025403869303465,15.247452961762358,15.473818087495852,15.704493172861786,15.537246599652853,15.378639836201872,15.228182004962246,15.474223356455605,15.724363644924079,14.821377175247532,14.6993587424936,14.583568658294249,14.4737073289563,15.108628755724324,15.755307580101753,17.594395306242326,16.694126189128614,16.20802221965551,17.26793607963837,17.170445277784022,16.69394514644309,16.231678465817282,16.529299685964077,17.5997888461101,17.9114011798284,17.450589745353692,18.156517641899903,18.48106751109155,18.81092937426678,19.14623304004895,19.487113167811767,20.240025051760497,20.595306194301326,19.733151441283816,19.689363434703466,19.25260128981365,18.826124091136236,18.409565285901262,19.5554963536523,19.531989968272413,19.51234439558919,19.496507771362534,18.704631077420764,19.08453418641527,19.471410831802977,19.47039402660994,19.867895198759513,19.8740050745426,20.685712581406467,19.897198296083836,20.313352363537618,20.737720427955352,21.170562637629367,22.028820749551144,21.645611475538452,22.100776573260887,21.724482910529193,22.612404394195583,21.81942958767767,23.148346730412584,22.3525352605956,21.992532104240546,22.058578220750324,21.707839643987977,21.781121161395323,21.439244470381954,21.940605875659976,22.453882608948295,22.54644263995799,22.21323572359394,22.31335538171837,21.56301156679708,21.245731934235945,20.93350649231595,21.044368495711282,22.014714100935375,23.01843034115612,23.154507526005013,22.849370763235036,22.54905187392439,22.696652438746113,21.962463950671946,23.009896664527837,23.633835523059457,23.348539988514503,23.06780224780293,22.337803670718102,22.977311828125664,23.17031830405789,22.444245902427458,22.64380257142902,22.38696081529103,23.06652123708818,24.254546934381555,24.497671941677037,25.25199490795447,24.51199066224179,23.292812744217137,23.552952034058663,22.838070148624233,23.603225578758966,22.890750523651466,22.678752736714667,22.96871682524595,23.271021386806932,24.631581478508494,24.97727466962272,24.795408957893883,25.16392636556103,24.994923052270266,25.38868199706451,24.122062936553863,23.967734706643245,23.819248921087567,23.124064001404513,23.540410206717723,24.554914720327332,23.286949715997924,24.331666244300447,26.058595734420805,24.7441511033277,23.454619638535227,22.190264714386103,20.951386159831024,20.86409867764352,20.211117459833357,20.713931218160635,20.065355215857597,18.851826978777762,19.3655608879505,19.91566787465615,19.279970085451158,19.25346742647241,18.026180995314395,18.004056323798185,17.387798791007594,16.18820144732703,15.015852751438999,14.423773196321957,14.39948263357801,13.25574237401469,12.141623392391917,11.575735468677374,10.503362719207198,10.982533181456793,10.427031831588442,10.95446032955097,10.398949077880527,10.40754798377359,9.30155835855225,9.884662772148864,8.768066526458558,10.013138940401747,9.471858105082749,8.934431301696645,7.780106347239167,6.665770777392403,5.596022503795898,5.079935719619045,5.677765795457368,4.58478484372631,4.070399194540675,3.5575001422286827,3.0454137755211628,4.490681728570296,3.234608443984287,2.0500902200908837,1.514003558295066,1.7794757619600667,0.29172132817862034,-0
63,0,0.8495694919684609,1.8545839410143323,2.3070173296190375,3.7895202929565808,4.206718100330507,5.162323427982736,6.1240418006601605,7.09298051360598,8.63894651658636,7.962473542491589,7.902681427533775,10.487764221464438,9.347364371687002,8.841879277766516,9.815755303311356,9.828603642127845,9.860603601453894,8.59239142395613,9.099987196442525,10.045765186965829,11.010882025112638,11.539235391879771,11.184547480155487,11.285509840074994,11.394758968269143,11.094503881999529,11.222281924010773,11.765952498959363,13.164839757086453,12.45563443709512,13.015633703540388,13.58266731456688,12.907568672817847,13.476662671070718,14.471823912661936,15.060316466000915,15.656587002259057,16.697841646298052,17.314255895513277,17.49363170316065,16.380052813586094,16.573714664631645,16.772309270024646,16.975770836546864,17.184046607955246,16.977990096499216,16.781999141081037,16.59549058049212,16.82218388851207,17.05324759318402,16.087721479469167,15.934204786486488,15.787888516229351,15.648416407701905,16.280638129453212,16.92389112141777,18.795301171668356,17.841929467061288,17.31625099214151,18.382596110804233,18.257786190180962,17.744109542645685,17.245857203767077,17.528537593703966,18.603204935625556,18.899132871244678,18.40460686797204,19.103990733259913,19.412907146156606,19.727029133120794,20.04647606672211,20.371372165243045,21.115412861558188,21.454150560164717,20.5550916748448,20.48871552660887,20.023362920762562,19.56902802434531,19.12531794345224,20.267467994296528,20.222774314995856,20.182172598904568,20.145595915435866,19.3236720184238,19.688211710396164,20.05943128987618,20.038396702582823,20.41986856310313,20.406027787678607,21.20463326112807,20.38967361512209,20.789160859945056,21.196486298557893,21.61189628634783,22.454485280504702,22.048901232894167,22.48563053092169,22.087452492312824,22.957799558072256,22.14212297714981,23.453350676406064,22.63553989554735,22.25467549224327,22.300451508818128,21.9293614991134,21.982457313643373,21.62069781614069,22.10128973861268,22.593165183078266,22.6648630891246,22.31203236655066,22.391223089321425,21.623364954766284,21.28724928040558,20.956434171043817,21.046597521906886,21.99062807479333,22.966473379440263,23.08004262215727,22.755777230361172,22.436513334587538,22.561230608056267,21.812554580244473,22.827632792985963,23.422457433167814,23.117838894795504,22.817896040114473,22.07464044384052,22.68313232786886,22.85043985436697,22.111817855064377,22.28528233642513,22.00920460035235,22.653974144558358,23.79710907219124,24.497456326150743,25.222706493139263,24.46471398645711,23.232184249133677,23.466674525144377,22.735045733099987,23.96580094956299,23.230963903140484,23.49496983761826,23.770438807495513,24.058004215950774,25.415528773894966,25.745436651871834,25.541973022989644,25.894235809266352,25.703569759602406,26.080495468889417,24.78284648052749,24.60715847723941,24.437317432530115,23.71670941999298,24.115714893834927,25.115602463206013,23.819295917713376,24.84813202495536,26.559492250282243,25.21787912020766,23.901752092765598,22.611378763500603,21.347064126554752,21.238131688199314,20.562092317092528,21.043892745012645,20.37243957792136,19.136042093649625,19.627679229620636,20.15412203287087,19.495935120999228,19.44553999835915,18.1980196592491,18.151895259215735,17.513929438268242,16.29600448140284,15.106081212970636,14.493942043870367,14.445911619823299,13.286778230535779,12.158145428891304,11.574031196044047,10.488942673170044,10.93955225175542,10.366519969192778,10.8608780220915,10.287335831576435,10.267855506136923,9.155073669787408,9.69592646410821,8.575161901164687,9.752877332479128,9.190570783471609,8.63210148498922,7.480499509465528,6.371479909968941,5.310014248286964,5.29414495543346,5.890929899544951,4.767614461617208,4.232860797983739,3.699753787127496,3.1676170157550843,4.62119511893638,3.335598557786444,2.1219869324650755,1.5661191504843988,1.8202140524034098,0.30332189813852806,-0
64,0,0.8191068845188437,1.7934686535113435,2.2244021800085556,3.666152252673899,4.061502424128065,4.98516997614407,5.914526645674641,6.8506742755768135,8.353071897535841,7.674093590011315,7.601348280510143,10.120484033936954,8.987925441244725,8.479639100905109,9.418357749364528,9.417353465532019,9.435357544220475,8.185984585165045,8.668464179085749,9.577631282696325,10.505581634172248,11.007615755171791,10.64921845043045,10.734907672512751,10.828705761745576,10.524512337728504,11.038003431209537,11.557558390016649,12.922002557754874,12.202976849970337,12.737886195473063,13.279396333256038,12.59631402409314,13.139771758125574,14.102355322812393,14.664033027042523,15.23301951725408,16.239305221476396,16.82724878685548,16.985332424916212,15.873852802481462,16.046653066036537,16.64173369836295,16.823284633436042,17.00965684723668,16.785303781720604,16.981522955842017,16.772406003852872,16.977747107393228,17.187474430095147,16.200365192628272,16.026477817533234,15.860259108163238,15.701321539732922,16.31269957162674,16.934448083205474,18.779096605171034,18.20978804677832,17.65894393460225,18.710069763484487,18.563010914546442,18.025788519074343,17.89411649322144,18.159040545380805,19.226391177831665,19.50382115341434,18.98129469205703,19.666958988159532,19.957313520709572,20.25273417175123,20.553328269923377,21.273646238796037,22.007957212945563,22.32933588920323,21.39258507863242,21.302867611725116,20.808199627878157,20.325310818620068,20.252583753934317,21.401320746795612,21.33363658714251,21.270391501485324,21.211501337403757,20.349911631286563,21.106480701698743,21.468174034046115,21.42529645617194,21.7972576827649,21.762018350782892,22.562626501168538,21.70377715231061,22.09389877711463,22.49170164051304,22.897424673097696,23.740613843746925,23.304267850587394,23.730988251045307,23.302875253172335,24.17290193378037,23.318404498056783,24.638171849317093,23.782507930526286,23.373549069896217,23.400492249102687,23.002118243802617,23.036822688913823,22.648540931326917,23.11919669899194,23.60082756368484,23.65433203452273,23.275904407690046,23.337215246597786,22.53722918806702,22.176681354445527,21.821801665725285,21.894962636979706,22.834931122427783,23.805811476044894,23.901604104823665,23.55373189201273,23.211172399350286,23.318378080064733,22.541520850296752,23.549548051742857,24.13145581746817,23.804152392499947,23.4817803533274,22.71201103278726,23.307007278255224,23.45632572559178,22.69214790293605,22.847707269157503,22.550208003938998,23.179953342494805,24.309986852022806,24.993366584711698,25.70074261496549,24.918574160873185,23.660564667521484,23.87517014685644,23.120637703291667,24.33331742789139,23.575915291201877,23.81890984470698,24.07285547202308,24.338342843889748,25.67181248701836,25.9776078530727,25.750828929982852,26.077849283306115,25.863391101038516,26.78039063237072,25.451363515678782,25.253955310700132,25.06241310285513,24.316051470988196,24.697400727234786,25.682401505378575,24.35744286254849,25.37018941577651,27.06588692586689,25.69681044346119,24.353800025290543,23.03712740080702,21.74710265598052,21.616367123762995,20.917069921824012,21.37782130779073,20.683326007783105,19.42381479002611,19.893415021688654,20.39633303485012,19.715572136550858,19.64138118162326,18.373410909378936,18.303443579364735,17.643769696713004,16.407320667307488,15.199633970487653,14.567470812691814,14.496010379455115,13.321316970655944,12.178012350810183,11.575791033088699,10.477847089964184,10.90070094898154,10.310379825433936,10.772843016926313,10.181674442382304,10.135182545750585,9.015530989916885,9.51626709286752,8.391285963033434,9.505855781806215,8.923918540764982,8.346017242341082,7.197173593823289,6.09353893415061,5.040463720037317,4.988923301246491,5.510938613631822,4.406488650092461,3.8588817016625088,3.314451602306968,2.773089078731098,3.9833312760602495,2.7591096691022616,2.1947616917838966,1.618831524836445,1.8612271435130274,0.31500045579667063,-0
65,0.21742234652826253,1.3449947491049563,2.2883154537270696,2.6451572021021996,4.701347866602668,5.002314325004781,5.904566123525464,6.811169722500445,7.723597943678166,9.23186940322064,8.445149429106934,8.30751056929988,11.448984943072757,10.165646409859743,9.559477583260875,10.49248281222924,10.434614003017357,10.401258252778916,9.043670385743708,9.50663996130989,10.413884426596583,11.337420337478537,11.817601866251035,11.409150238987596,11.461904497441333,11.52443512379566,11.178979193138748,11.675396731748307,12.177507662402455,13.542653894106833,12.77832686528499,13.295321750793384,13.818529533760037,13.096054775754256,13.622019912522823,14.572546452351958,15.115351727727973,15.665043020516244,16.656101116231234,17.223479823443558,17.356940445332526,16.21129971250958,16.36127354638179,16.936376726976434,17.09522452504588,17.259089464074997,17.01079368375727,17.185124458245834,16.95322027042134,17.137156806305654,17.325531768087895,16.316571998330613,16.122263621564407,15.936120684744047,15.757723241556826,16.34849053970322,16.94900617278623,18.767545509923313,18.180000394738904,17.611706354775936,18.63774670997225,18.471598944506116,17.918154405664744,17.76818715307144,18.012093710728465,19.05171294237197,19.307252625382738,18.77006306653624,19.429907597891393,19.697905137933628,19.97071007690844,20.248416817882383,20.940668924489533,21.646120085261224,21.943252091264664,20.998697973605317,20.8905209991482,20.38338979417556,19.888463805732133,19.797872496972776,20.909255616814544,20.8231862106503,20.74157467915843,20.664325467821776,19.799032539427042,20.522564091949747,20.85805505746656,20.79653071075918,21.1415398080169,21.087334051314233,21.851408270562484,20.990929640230984,21.352675992690966,21.72150882438244,22.09764465613472,22.90057619717345,22.45362872463344,23.2721796866292,22.829505842127745,23.66466311618501,22.80275564503878,24.078994772136923,23.216451188717684,23.217877711170917,23.22350683882414,22.8077927160412,22.82119361633684,22.415982206224605,22.860552255255584,23.315392400760775,23.346729812845137,22.95149786158664,22.99049660960642,22.179952362478335,21.80332436233775,21.432592047429264,21.483550022661237,22.38714532503707,23.319937239212155,23.39148393461119,23.027026106197532,22.668047901917387,22.750511375194915,22.399734935455673,23.376431923248173,23.930079209069273,23.583730212566316,23.242470967646973,22.459445582160118,23.024564162284396,23.60697579754124,22.823602348032164,22.95745918867074,22.639752887465473,23.24522480934083,24.347267244194168,25.00369266554381,25.68284622219232,24.88259926993334,23.61082134738948,23.80045555515378,23.029167709903415,24.20680777451417,23.432915435586583,23.64910365001812,23.87547861188422,24.112572574078218,25.402645786374084,25.677160370731553,25.426222038806902,25.720276094915135,25.48084643719167,26.35303530169393,25.01811075799166,24.794906282085563,24.577229479534214,23.815860596295675,24.158786673248294,25.090340466043784,24.32836518689524,25.304211003536903,26.952702935200108,25.56980097874422,24.21373252973264,22.88478407603258,21.58328207113417,21.42621690473852,20.70861797758226,21.133278732672725,20.420536780662665,19.153222595009908,19.584536601706276,20.046353252065888,19.347555647650957,19.242246153775536,17.970480896592445,17.86904572522043,17.192321235311496,15.95509387186524,14.747840019751443,14.10127139787583,13.99855260711816,12.827914352780395,11.690144778243727,11.076609095605866,9.987289968466946,10.360269961711284,9.759988191205151,10.16513578841495,9.563432737090661,9.479067669580491,8.378815887043569,8.807930535596626,7.70728863471995,8.699388293059902,8.67064882425043,8.074734530630389,6.928685236005914,5.83050574804945,4.785930615188443,4.702298205440655,5.720408106886783,4.585248888554119,4.016741195535732,3.45159033174634,2.889690664765428,4.107148565352826,2.8531577716370857,2.2684158599027513,1.6721423523893226,1.9025187678519189,0.32675805683790055,-0
66,0.210699387478888,1.307293327050574,2.220972649443949,2.557450891997525,4.56475772836468,4.845039171520997,5.716672177758494,6.592289810958885,7.473349971432513,8.939694796965513,8.151432934813856,8.516049234468296,11.65209868442706,10.321524008738919,10.18574834047553,11.100149143384064,10.996636421654154,10.921756422157108,9.49558827952512,9.935486525385576,10.827950235586773,11.735078740879278,12.190881867822538,11.746670347769832,11.771527672000436,11.807351300455096,11.432359998874158,11.907867701087431,12.388793607898192,13.737061281630814,12.944545502736528,13.43993025429739,14.369239537514328,13.606236383678471,14.113873492343064,15.051666659982514,15.574933707663524,16.1047394463386,17.08013318848977,17.626496688986652,17.73485919738793,16.5543878733404,16.68116793591534,17.236059679003798,17.37193520763437,17.513068655100586,17.240560576183928,17.39286055286274,17.137975534591554,17.3004394594461,17.878222784851964,16.832427380941123,17.008753351306357,16.793333415745636,16.586545350641654,17.166661230700612,17.75596533570865,19.585825209357786,18.9628739819306,18.360475458984126,19.38085662830899,19.1884744891723,18.603204935625573,18.42848751620231,18.65388298871109,19.685721874649364,19.922160267844422,19.356189728561684,20.001960137907023,20.250985582373033,20.504743167221363,20.76331440231166,21.43983343842895,22.128905022038314,22.40605698347125,21.433142591353263,21.30289248375776,20.771624292236698,20.253246642603486,20.14185361679638,21.237839552352646,21.130809669212177,21.43426900021698,21.335043169074474,20.43831891901215,21.150141247123546,21.4688419011613,21.38614592324976,21.714162017965286,21.639001145953685,22.389321114475457,21.501249186883566,21.845687021115786,22.196925804518923,22.55516898117677,23.342265628470418,22.872252343522852,23.67409557847111,23.20879097337591,24.026308800534938,23.140853863218215,24.39976257365153,23.51446704479582,23.495249916234087,23.48025190817391,23.04366282051741,23.03664670023625,22.611135437118985,23.035100543124365,23.468809667927285,23.47935331483127,23.0643201793526,23.513505977168904,22.67751091177412,22.278830049854772,21.886391563876483,21.9183573331007,22.807119003211987,23.72398580652169,23.775488940259535,23.389552259259595,23.00938528352346,23.07192236484301,22.700333244040777,23.658026522712948,24.191214345185745,23.823883463208404,23.461875165873735,22.658738535992843,23.20246621121349,23.7626428306484,22.959965081850758,23.07228796184112,22.734433318156587,23.316012104647804,24.390674482189603,25.02066643102435,25.672190113223724,24.85388517737599,24.048021526872756,24.217753022363592,23.42321253582457,24.583291966385804,23.786550436486127,23.98195387385949,24.187112867405986,24.402522690439405,25.66970712622492,25.92075954355426,25.646859116956925,25.91652265692129,25.653807387065044,26.498237641717868,25.1443360253369,24.897642823586825,24.656368876071976,23.874648539107607,24.190314333006043,25.089034545024422,24.30683802934005,25.246866218738226,26.84984395582785,25.45294892173808,24.083663991000872,22.742290559969234,21.42917163062848,21.246490129036815,20.510914178549214,20.900824656373935,20.170255864741495,18.895042490447377,19.289699239565504,19.71229535542763,18.996106646517518,18.861154720015374,17.58554665447492,17.45429787313848,16.761409673344733,15.523394210060262,14.316579163476442,13.656582316951164,13.52471241213039,12.358183883891963,11.226024352967718,10.60238991636251,9.521814370916452,10.334174638602638,9.717496846651137,10.094210179660232,9.476176860052904,9.889092351768776,8.755462917154974,9.181614136507951,8.048051443596272,9.04729198010289,9.005814578035501,8.387398603290068,7.2092411109139025,6.079274862975717,5.00326008468187,4.907640039493543,5.932925397570554,4.766810768583139,4.1770912788821954,3.590911238048398,3.0081684873663743,4.232363600778307,2.948374281955737,2.3429512448702594,1.7260535865399373,1.9440927345519665,0.3385957785287531,-0
67,0.2040789165614397,1.2703636142395143,2.1551015337177426,2.4718340458726034,4.431191951705427,4.6914380785656755,5.533216179147306,6.378626377266865,7.22911185112772,9.243776138842303,8.39796513122075,8.728862610545187,11.85963983401084,10.480716109316186,10.311286753947847,11.199006546575331,11.065666997857234,10.96311677208041,10.417660488413949,10.831604479418449,11.716713470876051,12.614609743442962,13.04399778715262,12.545174993847525,12.533263178346727,12.534386067601268,12.114885744767127,12.570716131527849,13.03186292207968,14.379083624434337,13.53889479840585,14.014697249484419,14.931817579396027,14.127115805818965,14.615579060623222,15.539957037047657,16.04300780855675,16.55232487133076,17.51160762462184,18.036491129186185,18.119263168691322,16.90326941178888,17.006473198424423,17.540905483052814,17.65352421527023,17.77168655062479,17.474681229243988,17.604792734036785,17.326718559020925,17.467626410401333,18.024580834070676,16.956145515875374,17.11176576642787,16.875844642753815,16.649086591264727,17.208444108945788,17.77644899366868,19.580734899426464,18.939117170058335,18.318893366491324,19.314595910345304,19.10303964887425,18.501320424723954,18.308319390265513,18.51295674149752,19.517803035280167,19.732737789717955,19.55001206073516,20.175961607498134,20.40436334049912,20.63737470697495,20.875063992360356,21.530015287727384,22.196856446532294,22.452167859294644,21.460960626335048,21.310609009280135,20.76105954306315,20.224983191449844,20.094512224779756,21.164987553026734,21.038618392876746,21.320224052930197,21.201748026592412,20.291996940435443,20.978709600089324,21.274999963369822,21.17328081893082,21.478413934656178,21.38416901562588,22.106663383809874,21.20839504566238,21.529084288070234,21.856140465086593,22.6024750699592,23.36622214378061,22.877409816583462,23.654889588283563,23.17111150431456,23.963183094660018,23.06220653580963,24.29183926312021,23.39173036380349,23.351765520677304,23.315976752942156,22.862310914352463,22.834605740361862,22.392502569202932,22.79143146738787,23.1994843420673,23.18870575610762,22.75738446380747,23.17979083085009,22.333294098278095,21.91896564221329,21.92653365312313,21.93820697698153,22.802149759539635,23.69289242548882,23.72272344964591,23.31801103053853,22.919325014862313,22.960118603001366,22.57030109460332,23.497978175396465,24.004004691847,23.618059288725174,23.237636099245577,22.421352798096542,22.936591141259736,23.467226333316887,22.65215514748822,22.74022788203412,22.384273356229397,22.93412511352298,23.968296440057912,24.56342255406614,25.178594457395327,24.348966813470813,23.532323186139813,23.67340859286594,22.868785463595078,24.4692719174534,23.65606356997178,23.82555157051951,24.004137307359578,24.19226562880382,25.418392210252524,25.63961917100115,25.342517402160148,25.58093807725333,25.294411385338968,26.096870081612604,24.73683541340149,25.006102615884767,24.741411268733234,23.939338109622902,24.22820712648575,25.09489679150522,24.292561335503546,25.197775409133452,26.75680678419062,25.3457478295823,23.96308490390158,22.60913446367509,21.28425624286811,21.076611218074486,20.323349113919534,20.6797417295035,19.931724359893476,18.64851370655271,19.008006857686546,19.39310105391725,18.6601047039089,18.496850950058725,17.217351317801466,17.05778837556788,16.349537289495213,15.110723772370653,13.904353615244728,13.231814088784876,13.072694758827259,11.910331609736476,10.78385859044795,10.151227097389652,9.079516143938124,9.830511531336608,9.20604983119879,9.532556016897903,8.906863106008958,9.261933372798419,8.147828295889383,8.5097394374327,7.4007434526688876,8.290923772132286,8.199987452637336,7.571688977185775,6.431339271945076,5.344286009855063,4.317047246573763,4.1783530990131705,5.0237098032939596,3.926813954974405,3.8198478912708422,3.226648186552987,2.640194398858246,3.6660633267288096,2.4445229923320246,2.418370092296231,1.780567458560556,1.9859529314226625,0.3505147203097261,-0
68,0.19755785587808786,1.2341841621951852,2.090662001911322,2.3882507176851178,4.30056844178904,4.541412341645108,5.354078824205475,6.170038920876426,6.990721254266684,8.955285548999164,8.108891954298766,8.419064170127726,11.477774942118403,10.108253114181835,9.927615683251245,10.783158123713912,10.638272424931662,10.524061683957003,9.977459273711165,10.368873008719419,11.22037241510451,12.084183418139343,12.49001689974505,11.98949715001075,11.964750443642949,11.952894885699209,11.531540118115563,11.962824735149134,12.39910039499486,13.697979412149957,12.867024460148942,13.31703608048867,14.196169419910373,13.400636905554544,13.862433703043216,14.747650928742813,15.223167640225821,15.704556141670441,16.623036059865257,17.119059535780153,17.185248066415266,15.990724435316155,16.07719882909041,16.581743048176328,16.67707862823538,16.77772264844746,16.476204596774064,16.588418797793732,16.305636710966457,16.4282532977115,16.95299566857265,15.906886473927607,16.04365249593098,15.802539797695665,15.570524073174091,16.096280645077616,16.630122811366643,18.356145654609424,17.72271951515839,17.110781797248535,18.055530138881657,17.837154619908137,17.62633486104717,17.42273575849037,17.60571707020909,18.565994933979812,19.1520966468687,18.954850232744484,19.55098539272281,19.756858302862295,19.967083834877812,20.181718004514337,20.804769096974134,21.43897628256065,21.669937685361322,20.68159737760019,20.51618435854269,19.96107749826774,19.419790628983453,19.27470030989854,20.30058811665309,20.15908167958897,20.811781941043645,20.676133454669447,19.7629570665059,20.418917034049908,20.690900453694297,20.571989081828722,20.85224078518369,21.1380076572802,22.24131282452297,21.32388889109606,22.029889732263783,22.339240939183377,23.0703989531252,23.818228585605798,23.305894842493334,24.066706038224154,23.559919899307957,24.334516022089122,23.409517221266615,24.622288046176898,23.699013200829395,23.638410962024032,23.582046311105657,23.107388726851976,23.05940061027088,22.596950866496258,22.975728870730272,23.36317532196321,23.33193614768295,22.880925944564893,23.282016146781007,22.417369184794392,21.984215179597037,21.971747373110997,21.963304865298692,22.80290742085789,23.668065214657606,23.676505180033473,23.253162691691625,22.83612137741509,22.855526843986528,22.447686258501687,23.346139814501225,23.825671140584628,23.421402683006505,23.022877088107094,22.193557615720334,22.681119967580393,23.18309399212459,22.79907051269319,22.86614816778462,22.490319852712126,23.017291808931784,24.495226441667082,25.073765919284785,25.67164221053098,24.817227002480486,23.976315756760204,24.097671425370862,23.26954551290248,24.85467224550401,24.018291856460742,24.167140281955543,24.324727458203277,24.49146599669099,25.69569093282973,25.893974412260025,25.574162403557974,25.788887145591993,25.47946132384513,26.25551877461799,24.87611158173369,25.12016449462264,24.83221198906147,24.0097701811785,24.272267717789617,25.107671886504036,24.28526081016981,25.15659144093362,26.673132010027583,25.247734968743394,23.851529393305945,22.484846953688738,21.14806430183264,20.91605370286937,20.68977270369478,21.026219572850938,20.25503995015081,18.94789822994814,19.286972718255722,19.650591751943207,18.89532271172529,18.70981831722672,17.40918845109504,17.227644094833582,16.498431184562055,15.240513779384996,14.533711376746098,13.83497009239296,13.660318286123273,12.461821823922982,11.299553181659725,10.641739434427778,9.534860191702398,10.291716382129442,9.642671122674926,9.964979108283625,9.315052539255028,9.666078770091431,8.518143305164772,8.876195221402455,7.733846687145755,8.630132539699671,8.52573593452054,7.874376445183453,6.701531276033329,5.582327579918062,4.523316942016213,4.371969760939718,5.223474724166434,4.095345643584723,3.975929490420221,3.3611912180583983,2.7534136930985493,3.7849945406807075,2.533206489406508,2.4946750776727864,1.8356864736929517,2.0281033271329303,0.3625160044080593,-0
69,0.1911332641342946,1.1987344994719642,2.0276157994072377,2.3066475568329277,4.172808976368982,4.394867946886019,5.179146524902736,5.966393722795443,6.75802374294196,8.673450634868763,7.826954501472933,8.117090327961822,11.104957141839378,9.74523874463725,9.554011523828956,10.37822331489439,10.22242963264467,10.09720485182511,9.54999513289609,9.919658421153276,10.738461328146528,11.569117917552102,11.952220947541793,11.450588059760506,11.846151044488062,11.814273180407328,11.376960783837847,11.78576921046762,12.199368368714653,13.466511274927301,12.625966974707442,13.052886893340684,13.90345738831845,13.100383135929212,13.538752195376462,14.394330259935755,14.845570012926059,15.302363280424013,16.189333792924987,16.6598843682767,16.70726608632282,15.515471744923587,15.583757597108823,16.062594062129364,16.1395334149745,16.22174525982945,15.909782972137608,16.003620319453567,15.710740282127569,15.814974873109367,16.312536772727853,15.27416621560087,15.392526369150941,15.1419865473512,14.900694754602338,15.398497639385894,15.903869352274189,17.571379382238412,16.937931881049646,16.326328912705797,17.23068993008006,17.00243270331148,16.781806384974463,16.568467384433212,16.73088162894098,17.64814951063801,18.201521462358123,17.993877212704458,18.556373216036697,18.73978273393568,18.92723395434882,19.118771875214442,19.706003896725388,20.704343435085935,20.911953866154434,19.926844016268,19.747184865875692,19.18712835085613,18.641250911762757,18.482405664315024,19.465311693996718,19.30958710218968,19.927704144147196,19.777500609308042,18.87085198670364,19.49114646199056,19.73756729141978,19.988868428235307,20.245169118926217,20.506593980337936,21.569140410334956,20.65073705511447,21.32294514514868,21.606228482433597,22.301896754203774,23.013199512777224,22.491752236849504,23.21476963379997,22.698978694461516,23.434431477850335,22.510862541392815,23.672684814973714,22.751371007713328,22.671254437825752,22.595223770314025,22.112261399458117,22.45528717052107,21.980678402104825,22.331340221798506,22.690009907879762,22.638049831718003,22.175092420337766,22.54618366435775,21.679115046633676,21.23460696424244,21.20125228654695,21.171701734218985,21.96911507919641,22.790433484784316,22.775853817706505,22.340645807858415,21.911942384403034,21.9079575864434,21.488613559902337,22.338049510722033,22.779649435637317,22.796054112669598,22.382576548800728,21.547753620353234,22.001905262821555,22.469322833834475,22.070319632048804,22.111963049968086,22.15873159949169,22.655668012516866,24.088451831551513,24.633719890797867,25.196994473263114,24.331543290866943,23.480166261748707,23.574330286349333,22.736509960524277,24.265393818514113,23.41947697778502,23.538854075350446,23.666179676404205,23.8018098341577,25.460896789714944,25.630619100857984,25.810780583749448,26.536930297314854,26.20466384942909,26.96832116394783,25.55607711250702,25.782525615126968,25.472089855840284,24.62283735120617,24.86748049325421,25.68851520763907,24.839868935945635,25.6956768794616,27.198234486349836,25.744070487739375,24.319717426867612,22.925511046942145,21.561833140864994,21.308264720437652,21.060378602429964,21.376757495325187,20.58220319841468,19.25086506701003,19.56946677828582,19.911608478345187,19.133914599572012,18.926128148653248,17.60413407607634,17.400617827777847,16.65035277710222,15.37311904998018,14.646412836003464,13.928228249352005,13.73239321904069,12.517643238393756,11.340065055531634,10.665187893235343,9.5449319897815,10.275084689538101,9.610031408466378,9.906247092438369,9.240705717267277,9.562379886165893,8.407164365746064,8.733270852865418,7.5864503102863745,8.435216236393979,8.302006191086642,7.635746251080156,6.465610841894813,5.3518966767845235,4.301559098292228,4.126273368834595,4.902195500388952,3.793472037995214,4.134549340430101,3.497962180488505,2.8685523479446093,3.9053943554526596,2.6231154658384006,2.5718692996043346,1.891413407794159,2.0705479734691306,0.37460077647183687,-0
70,0.18480232867288152,1.1639950745808678,1.9659264129791827,2.2269736540813834,4.047838977625241,4.251715292950159,5.0083110687627,5.767563440927428,6.530872297288797,8.398096726794714,7.551968391553417,7.8227391754305335,10.740946512171114,9.391426645723739,9.190213006048362,9.983917126410754,9.817837918769994,9.682229511515521,9.134939323301552,9.483610738340994,10.270603730658436,11.069009350108407,11.430182748228399,10.928006867627078,11.301264960578774,11.25777683164461,10.819754105147839,11.205666019169884,11.596072333088502,12.817098701063095,11.986747081256393,12.389640663991328,13.204294468045424,12.411388767877554,12.824942871192597,13.64353571932642,14.06916891695107,14.499997719400632,15.348477227454074,15.792215217274142,15.82477691534836,14.655261482478238,14.708619743846532,15.159737463723067,16.017210112792185,16.07952397973241,15.750705032598734,15.825146929345088,15.516312224038694,15.601544524220394,16.076360212247337,15.0308318506127,15.130714478332496,14.866068320542219,14.611041728417035,15.085944175770848,15.567940397953048,17.1958437712985,16.55379873279177,15.934220018758174,17.186803462735114,16.940811543160535,16.702850889444644,16.472555443981353,16.616024358854716,17.509085466033053,18.040082864778995,17.815655080315015,18.355151086797296,18.518500006299625,18.685761922877244,18.85696983588717,19.41958578216381,20.388307418240895,20.574465495096636,19.582076108254306,19.77366323897831,19.195962229123616,18.633067301869346,18.45630816983902,19.41629768851695,19.242540920053735,19.838451304024954,19.67024198850645,18.75091412317281,19.348419989050203,19.57436353294109,19.804929658755302,20.040224851197472,20.280360636804808,21.313478318682428,20.385118216763434,21.031006622240373,21.29172799385142,21.959660656349545,22.642351797019124,22.107371727199485,22.800779473269326,22.27175272108449,22.976529629401885,22.046129112370092,23.16998802466295,22.242521422326213,22.143375839077713,22.048271244381258,21.553397360066633,21.87000701775393,21.383786187589912,21.707416411903882,22.038442938424748,21.966663315337662,21.49240411926613,22.245242575127357,21.36807953210822,20.908993122722457,20.856027541382673,20.80675995340689,21.57253251129512,22.78182604419527,22.74680420570645,22.293569928963578,21.847152571082283,21.82288563808839,21.386247276987774,22.634966206975236,23.057595111690844,23.053987212859933,22.62009789682404,21.764983669963705,22.19943632528964,22.646513887694976,22.227694651685233,22.24902494611904,22.27530065918273,22.75022322516306,24.156704523799963,24.677617516570013,25.215601801335232,24.332192942704225,23.463421894348286,23.534657591706583,22.680257358284145,24.17488808131249,23.31269944947003,23.40779929569991,23.51034913352877,23.62066585256812,25.236855421467705,25.378800520498356,25.53045058357592,26.220045449273613,25.86486519028584,26.589151831178683,25.170273342633934,25.364673222221032,25.030580147964198,24.16729930649148,24.378190211295042,25.153048471535527,24.290606154360205,25.096699931094122,26.53222505359105,25.657640636003077,24.21932372757832,22.81198251484555,21.436015926512614,21.704937502123013,21.43524234605892,21.731424156703298,20.91327673733865,19.557471962594622,19.855537538778854,20.176188071458373,19.375909665317646,19.145798173442852,17.802201629881512,17.57670993556871,16.80529318531299,15.508526795960131,14.761839904820825,14.024151125517667,13.807246585779334,12.576058921503,11.38299695709992,11.165085301998674,10.009084404425373,10.74399963182534,10.053671138242663,10.34474097652367,9.654291618127846,9.970991569750415,8.78142050781769,9.10275476686866,7.922073621827791,8.775916179846856,8.62848965683317,7.938554320423685,6.735452545220183,5.589128421533666,4.506572991284873,4.3179294906241985,5.099022309653246,3.9586634840776602,4.295705996290994,3.6369597180376796,2.9856091876459563,4.027266972122921,2.71425196057747,2.649956273905767,1.9477513045099326,2.1132910076724114,0.3867702062262322,-0
71,0.17856235808042126,1.1299472030274489,1.9055589699985105,2.1491803985442046,3.9255873006614452,4.111868933245513,4.841469303904203,5.573426735278466,6.309126878024564,8.129057506616173,7.283758113516928,7.535818575281465,10.3855148218595,9.046582538317292,8.835971733390984,9.59996869457634,9.424211563128482,9.278834753584421,8.73197960409655,9.485025805870116,10.248795853328879,11.02316847891266,11.361372873749627,10.840803466605488,11.192011984805854,11.129413080986478,10.676178114299821,11.040809333795758,11.409776840139644,12.600785362948733,11.761501732078543,12.54336815688742,13.33886607966973,12.521495891320633,12.914856664736659,13.713421056087808,14.11809732469366,14.527757395448047,15.354208608995663,16.195181957949398,16.20317532433104,14.998030111846374,15.029019868275919,15.46139900253759,16.302689553042224,16.748815679056616,16.388661150111467,16.439830853904308,16.496189886782254,16.557563276676046,17.01955238861716,15.92037122967271,15.998582994656308,15.70322324156294,15.418524101829883,15.88226757952087,16.352721615190276,17.992881789845722,17.31434905379157,16.65971353791899,17.91446180572015,17.64162596352439,17.37756870061857,17.121885802537218,17.246702499869183,18.132773317046816,18.650301722422842,18.401538176755157,18.92723395434882,19.0716317532014,19.220000808068445,19.37235991800219,19.920124610367335,20.87720829456129,21.043859788774082,20.022239839460937,20.194997152264484,19.592771333601682,19.006128566210045,18.808844941341466,19.755345547668878,19.561142122777575,20.14048101573082,19.952055330450456,19.0100299220288,19.59066229878141,19.79818737664381,20.010176928447276,20.2267258862471,20.447934041694083,21.462049052659697,20.514362732607943,21.140588101464107,21.381534293665545,22.4334208287113,23.10082549415125,22.542143540769114,23.219688797928757,22.667583339797357,23.355871972715768,22.401142149238776,23.5096617100479,22.558806978993935,22.439597113469844,22.324554976886535,21.80898878290127,22.10675127896673,21.60042278929565,21.904995220198906,22.216610606592727,22.125223896901886,21.631744861421893,22.36414589081947,21.46880759655962,20.991354796776896,20.919325362351618,20.8509905311903,22.00490336300283,23.201922899271512,23.147141120283386,22.672281061724334,22.20460829901365,22.161011018281695,21.70367193775822,22.93657847326768,23.340213625409397,23.755019076130488,23.297373396320395,22.414072951269596,22.834847041787025,23.267847218099767,22.826179842071753,22.829020726860193,22.836772418434517,23.296733410374387,24.694356230742446,25.19875906063213,25.719645435160253,24.81088685064413,23.917320019591216,23.968935941549475,23.090582398272463,24.57115706842461,23.68544428401164,23.76037028874942,23.842495163345564,23.932110283096776,25.528596620871568,25.64831868695129,25.777344856963154,26.443221102409964,26.065155061037185,26.76401531559296,25.325028284373595,25.49493836001775,25.137925479209468,24.254148672170693,24.439740485956893,25.18524289818913,24.30281255146683,25.0774347265606,26.47425599428607,25.579532476321575,24.127076098234202,22.706434655196404,21.31802440148481,21.55751084767945,21.81444147925043,22.09029032443246,21.248325280145725,19.867778616979454,20.145235734124622,20.444370052639858,19.62134001092051,19.368849366465096,18.00340768965966,17.755924497050312,16.963247543415353,15.646728150619966,14.879974524527228,14.122711049458946,13.88483349150391,12.637020530190137,11.428297259892819,11.190670354408871,10.020871180467063,10.729203245656885,10.022639636083563,10.287841011581039,9.581654026113364,9.869520468360015,8.672342866379708,8.962558568378796,7.777122855696372,8.585297298446463,8.41024798745226,7.706041987954583,6.5054825561859895,5.364530801562821,4.290591455012423,4.0799605746486645,4.7913069022193,3.6704944681092573,3.9462082574772563,3.283815057457412,2.6331081164715875,4.150617325586486,2.806618613620877,2.728939928532127,2.0047034729547497,2.1563366548588077,0.3990254881530022,-0
72,0.17241077531731375,1.0965730181102875,1.8464801448005794,2.0732213447542747,3.805986037210935,3.9752473366508303,4.67852284682308,5.383867920380079,6.092654020944512,7.866174521879729,7.022156506772321,7.256145586100415,10.038444840188921,8.71048350274803,8.491051413931382,9.22612043902522,9.041278924149934,8.886734560865376,8.34081922500132,9.064060927957403,9.797623432513669,10.979783475508379,11.295255557006898,10.756380962243203,11.085857503651996,11.004405674505252,10.536154190199342,10.87991644146648,11.2278850569102,12.38954006247186,11.541519632418959,12.297539101531726,13.06647862518393,12.24233867816766,12.614076928411913,13.385214233750016,13.767559068204358,14.154634881198799,14.952018056094868,15.763228179843777,15.754058926950496,14.552234650698136,14.566770043808955,14.975606615453824,15.785688183784979,16.207418038022556,15.837915949475574,15.872206958081238,15.911663887088952,15.95609855922855,16.392762695482272,15.301804812524775,15.36320817737986,15.059705465307646,14.767056718630096,15.204973479039488,15.649157738137896,17.234309656458016,16.556877755589507,15.90373176559024,17.111104236055894,17.205392062071404,16.92848350011842,16.660215459190077,16.766384543708934,17.620638171073264,18.112172898978464,17.85077941665615,18.34984030267222,18.474382337279813,18.602732087554998,18.734897409265045,19.25440298279648,20.17451493206808,20.319820086153033,19.30203778316774,19.453563681903955,18.847424324687307,18.257265565712835,18.04782125922188,18.95448547544385,18.74779184998344,19.295391258032073,19.09426782138337,18.15957733974625,18.707618892511636,18.89219087731866,19.08087623388368,19.273756433942733,19.47091738168266,20.438041596280378,19.499496493570934,20.089013182419272,20.304249843569014,21.30562027972536,21.933443036008242,21.37230004694135,22.00904783458401,21.454566297768075,22.100766407304313,21.15725215087724,22.208773026617518,21.26963504452826,21.134360295376357,21.00311223544749,20.48582876208546,21.145475462679812,20.632886362567955,20.90868910206761,21.190899977202008,21.081451161865488,20.58195296011658,21.271300838749944,20.382602679994243,19.89956306752591,19.80913330593008,20.110644859482502,21.216714066845682,22.363676456114295,22.28812432515756,21.80296921374941,21.325265513814113,21.26078734328599,20.79371948193131,21.97024724491879,22.339397795753367,22.718700194688587,22.25042327378864,21.369802205718592,22.17843630303184,22.57930750276968,22.123844173656593,22.103227276224853,22.087160657402347,22.5122730959595,23.851371959253903,24.31748298700331,25.270806454883193,24.351332997337853,23.447661724569073,23.47396682500735,22.586383564612976,24.015303898304804,23.120667537830716,23.168586427705474,23.223095324370977,23.284441621881292,24.81900921837277,24.907534017894687,25.004487472616773,25.624508415803877,25.2252560008654,26.406349791265214,24.960461797408687,25.100035700384893,24.72052419243534,23.82322764773255,23.977147801182827,24.679623393833143,23.784125324625304,24.51270507127673,25.847802299985148,24.93960860397925,23.48752012293546,22.068297863942757,20.682388060864024,20.884006451966243,21.101177620511024,21.8898304443456,21.030615620327854,20.181846712696135,20.438614328434795,20.716196578022046,19.870240472664168,19.595305832223815,18.207771852723628,17.938269130685182,17.124214787322096,15.787717951131023,15.000802648913833,14.223884717739933,13.965114364563178,12.700484961247495,11.475919498049919,11.218718189080198,10.034959863419408,10.717308912222256,9.994588596724094,10.234545410749082,9.512789088783633,9.772710509043387,8.567834075180432,8.828095017023127,7.637846176887339,8.402507382830617,8.201240646875057,7.483588671286837,6.285606603403155,5.150100889901516,4.084895576456809,3.8543395773669484,4.501546822535438,3.400566510587217,3.621772480571934,2.959145363421625,2.3132116771463727,3.6247172612517566,2.3442587811868694,2.1736657002094844,1.4413031252336597,1.288211860296731,-0,-0
73,0.16634511132765098,1.0638554251629324,1.788658071602083,1.9990520889551606,3.688970333244718,3.841772665146956,4.51937781093029,5.19877664254126,5.881326460558077,7.609296735457482,6.767004279063558,6.983545928538112,9.699529698880502,8.867984811143891,8.617043158939556,9.328870597809406,9.11671213487279,8.937153662959872,8.367773549747143,9.069544872042398,9.780839597532006,10.93879549571325,11.231755649670273,10.674652542231422,10.982698692308839,10.882638302087589,10.399555553075619,10.722844231284466,11.050237146627918,12.183178910781859,11.326609785378446,12.057376343711121,12.800379025541789,12.356741252650895,12.708589497192007,13.460256410723021,13.822092491182167,14.188513828888825,14.964640877473434,15.753802707935545,15.72392169067337,14.505717206775593,14.50108233243573,14.889203287193478,15.676206231197908,16.076438690168548,15.69038044473747,15.705947667723068,15.726849813564264,15.752876120699776,16.167760333013657,15.069495738297206,15.113224193781306,14.796183726544298,14.490427540994197,14.906748205935942,15.328942170617658,16.8769674944178,16.1914706037406,15.530929274713076,16.704337060473023,16.780439382107577,16.491141120930795,16.210764444853545,16.29891510112664,17.12228557539726,17.58864919748696,17.315173964799115,17.78847020768025,17.893897021129145,18.002989301142176,18.115744305126753,18.607966515889014,19.492291199176112,19.61711355208064,18.603503395763333,18.734695835510987,18.49547968831819,17.89537016960159,17.6714866578957,18.54819419067542,18.32692491304282,18.848830864306972,18.63312545734168,17.695990202882438,18.21776564374079,18.38180990025241,18.54971632223691,18.72155436578822,18.897397637184348,19.82842059836459,18.88987527754532,19.449759507947448,19.642446831133135,20.604709039427195,21.20045583765714,20.632199663642115,21.235909254737663,20.6745838477319,21.286720187825917,20.73189837532722,21.74892625831465,20.804249287708654,20.651811395694217,20.89181260017942,20.35902481187604,20.994835867484216,20.467115388702638,20.721537262940917,20.981976834814443,21.248625791621468,20.730189354493834,21.801366955929293,20.88610344302361,20.380636611177067,20.271454557488745,20.55734352651268,21.653029433453987,22.788328728418723,22.6931246345492,22.186286094207144,21.68729980912207,21.603713108850872,21.115983643957374,22.277727210865045,22.62852599311256,22.989026615140844,22.50024931691334,21.598967521558528,22.38883433896648,22.769901229289204,22.294583314122235,22.25401569668315,22.21789800511993,22.621918282351643,23.936653245030733,24.37967810068201,25.307116077834998,24.36951397202721,23.448314794226945,23.452567160819076,23.0028653327373,24.41842400174754,23.499977446878024,23.527918803217748,23.562261348927613,23.603230414363573,25.119387155499446,25.1862205326118,25.2611656632333,25.858561556008166,25.436837234249083,26.59286095281628,25.12642693956734,25.24222957455892,24.840203774186406,23.92244505694867,24.052025544904126,24.726742866600848,23.811439734454726,24.51047249220996,25.809771400283644,24.881845538271637,23.41534104246021,21.982564666994588,20.583980531150193,20.75818072708926,20.946823984700146,21.69890641426087,20.822685579229137,19.95748392099098,20.182289460217596,20.426208836525134,19.56423178693232,19.263851420105933,17.87154914814322,17.57705595651334,17.288197465086235,15.931494545583064,15.124314014738609,14.32765292470092,14.048054592704727,12.766413984687965,11.525821996989173,11.728031779413525,10.50765777490542,11.193201205667439,10.444184262742072,10.677631243663352,9.929972191293476,10.18358089100581,8.943559848058623,9.197735073245992,7.972865405388578,8.741132612305865,8.52455255023145,7.782324729394718,6.55067894208203,5.381890678979339,4.283826643681266,4.038903478652215,4.689871771947656,3.5566984267054096,3.772683859947475,3.0871905527380674,2.4186739986436536,3.742259580707704,2.430540075801964,2.2459834999272967,1.491291734679147,1.3237941275172618,-0,-0
74,0.16036299908921942,1.0317780589528471,1.7320622634194909,1.926630153828271,3.5744782193016076,3.711370566904843,4.363944554056373,5.018047579777732,5.675022780327623,7.358280107490007,6.518149558689487,6.7178534895761075,9.368572300580588,8.539027697981105,8.280330762475387,8.964640309902611,8.744493889135375,8.55687685154474,7.989382138858174,8.662840414104688,9.345447389732708,10.464041452347194,10.73783941962149,10.182223737235228,10.470807010211042,10.361619425448275,9.879929698486574,10.183281978668926,10.490491969261715,11.581255970141715,10.73666867850989,11.435549430032871,12.146208350518211,11.70338508741212,12.03354483563233,12.75186634105597,13.09134567495665,13.435111317115657,14.17660801691812,14.930617401919815,14.888828167508471,13.694353249005108,13.677762299298141,14.041699134767029,14.791975391975344,15.555996407012014,15.16150777598632,15.161380682392759,15.166597443315254,15.176933962033232,15.568029956936153,14.478530266479726,14.506786156591875,14.182705223029789,13.870125524522258,14.262315892995845,14.65998153326793,16.155662042078763,15.472224319246731,14.814148408353752,15.942706560813031,16.002073818208242,15.705784850383637,15.4185509435972,15.489834536938432,16.27554212575989,16.713906412427832,16.433260710627412,16.877888121320744,16.965106397590358,17.055786082503438,17.14991574507459,17.611830081845852,18.453595596305576,18.55861265458375,17.560868604718493,17.672237757821122,17.425184808321752,17.184418069403947,16.949708477404496,17.78903556683073,17.556697020060028,18.049085583728903,17.82218701409848,16.89313096708841,17.74141618325257,17.885632575369062,18.033485280607728,18.185032312362864,18.34033559502965,19.236427074678698,18.2981640614193,18.829462702302216,19.000491636798163,19.924977458321052,20.489827819785482,19.915022922244145,20.486945190433303,19.919378404886814,20.49877756375428,19.937990506540324,20.91180881552582,19.970871713916623,19.80328554046643,20.400264407149578,19.857188278089716,20.463249838333642,19.925530862917334,20.156246664219193,20.39252695043794,20.634543302579267,20.106584116274856,21.136514053324987,20.220000145346802,19.70553944518861,19.57908435629884,19.838729384339647,20.889043391131302,21.976940306701934,21.862382604245312,21.34624565167681,20.838263219531896,20.735371378639837,20.23903671825655,21.347728595316838,21.666444005993995,21.993969078718337,21.49595585463776,20.598161626409453,21.341225900533246,21.686918865622424,21.20240661698826,21.139034175578576,21.079735453211722,21.445519646913986,22.69019194900214,23.09135981052344,23.959002112804654,23.026680968104152,22.111453565098895,22.087824030573337,21.62739367659212,22.958943732290496,22.04751487239502,22.044715648695203,22.047488106935358,22.05600483187255,23.474710415387907,23.505250509864652,23.542748059454574,24.07771465313981,23.639740742667463,24.70353955621501,23.270881174016843,23.34300253840963,22.92299138672321,22.014831163506514,22.596764912526634,23.723581850129527,22.80327729705911,23.445824267122433,24.66607365754307,23.732794040218785,22.2814572850155,20.865133975586755,19.484332031378226,19.61629084033413,19.760606391546844,20.442754431800182,19.56487238661459,18.698892321020168,18.87287031476867,19.062869724276776,18.200572494717118,17.871901809146937,16.510245472920026,16.188167863041297,15.87080386224542,15.048978410266852,14.238591599350604,13.931404367275881,13.628698338406014,12.35058613978092,11.115147910824748,11.281971446035499,10.523669883466797,11.183295333987791,10.417858944849508,10.62620831297194,9.862811321497228,10.08887476336863,8.840808932929127,9.065689953328755,7.835707249417914,8.56197863583123,8.3201168479796,7.564910152239676,6.335663336688832,5.172195914431175,4.082804674840294,3.819526253520272,4.410903322315756,3.2977114108050314,3.4647661782953594,2.7818217119586475,2.121482037169603,3.2680361227702295,2.0210456346221606,1.7749415190758935,1.0427713926081577,0.7522833370765135,-0.06623946852259499,-0
75,0.1544621680677517,1.0003252439782042,1.6766635364912026,1.8559148809451136,3.4624504524743953,3.5839699835193453,4.212137443304289,4.84158016247376,5.473627087217824,7.112987206875788,6.275447478043334,6.458909861479722,9.045384769872648,8.21829326214649,7.952382534425017,8.609897167197825,8.382320097385207,8.187208269989828,7.622076680923461,8.671959739358961,9.333183099242115,10.428696729198734,10.68082081340478,10.107517453840655,10.784983469532003,10.648387658755606,10.136158235569415,10.419624307269746,10.707072370711778,11.784418043968975,10.911289116796368,11.593250728442749,12.286160116724073,11.820445062049103,12.13132663791162,12.831021332616874,13.150715188481964,13.474600847414338,14.594625864800175,15.334066895420534,15.26769821521031,14.036689571668061,13.997974000191617,14.343872896844863,15.079141908568346,15.827333248719057,15.40860325632455,15.387521527102866,15.372180775749937,15.742072427791673,16.11686448624173,14.98786872424272,14.99527251704647,14.645567151880211,14.308294151109886,14.685837750182582,15.068569864404498,16.56098183630035,15.850069910312765,15.165777076309597,16.285425286829625,16.32568913509388,16.007781554464046,15.699567364742787,15.752727262604502,16.52443083108487,16.94619650021611,16.645563071339797,17.073334112670707,17.142253811966363,17.21469860295544,17.29064364214935,17.73482488618929,18.558612654583758,18.644890169873488,17.629105370715298,17.72235241706292,17.45776007390024,17.19980662725208,16.948247456764065,17.767527287058854,17.87763043841612,18.354757058138887,18.108247967189904,17.510106548507007,18.35295436509155,18.480683067420063,18.612052356050782,18.747109820353465,18.88590702649145,19.773981497738532,18.80655109425857,19.325313756630678,19.47966748476849,20.394308244265748,20.945153127477965,20.34677964950073,20.904326286120924,20.31394541857757,20.878555990070296,20.295663109017767,21.256287010652027,20.291857722763396,20.105118495528743,20.686196932747873,20.122675197961343,20.712266618022678,20.154664353244797,20.367552800014547,20.585768609786307,20.809469550746005,20.2626377456655,21.273998709987374,20.33914667579761,19.8067101561037,19.662162166527747,19.90302011251172,20.932091749637866,21.99731662378694,21.863556441429612,21.733726558241848,21.204382762278204,21.082532352514065,20.56552087877347,21.660311371783685,21.961206113141483,22.270529171429366,21.752164194026847,20.83362899447486,21.558948867697755,21.885678466852696,21.381619703168212,21.298952816794074,21.22031644278803,21.56612856308861,22.788413307584545,23.167867619865405,24.011553185217842,23.06136327629605,22.12889488737846,22.08446274850336,21.605432490407903,22.90789469208833,21.980556370542747,21.956091316209935,21.936926269633673,21.923208671111507,23.306444563850242,23.313067574808244,23.32622704348657,23.83085960213822,23.37313396112409,24.398337150238692,22.958673983694837,23.004187038916193,22.56431053152975,21.644005131305217,22.190519031849718,23.271087087729626,22.33897569407678,22.941239352230422,24.107931993596168,23.162939280480074,21.711986585274072,20.297143907367513,18.918950897891442,19.514151139792112,19.632380977652392,20.28165663309636,19.387726093080065,19.017322056628664,19.171833527040516,19.341749814536627,18.987903195711148,18.639265363511853,17.237234267558517,16.895697438380267,16.559070870847055,15.70801988539826,14.868696436009417,14.54291520113556,14.221797547023137,12.905535321836151,11.632323085320202,11.791315682162775,11.005636677097053,11.667429510097904,10.874990029300747,11.075924546468467,10.2859364508862,10.504799858817684,9.221022907290964,9.438948461574816,8.173796598955073,8.902716707622577,8.644801629786738,7.864393655055106,6.600974072466489,5.403727130522456,4.280994589791421,4.002664555742743,4.596902040739143,3.451084713578685,3.6121481476846187,2.9058297429109214,2.2224389064650403,3.380025501642641,2.101504800453233,1.8408895384956339,1.0861652686011587,0.7809014864390121,-0.05782382154598776,-0
76,0.14864043904291147,0.9694819574277697,1.6224339397528624,1.7868673303007823,3.3528303690867216,3.4595029702014224,4.550826531610432,5.153670651928162,5.7600422079286,7.39669520282276,6.502972437534445,6.656154276734572,9.244956911375017,8.376060496817239,8.078999724061545,8.714319004652554,8.460103105517573,8.240781618210963,7.652859304259995,8.682760147846295,9.32276619785979,10.395505412915439,10.626131409670304,10.035187563911478,10.69024716084217,10.535699960142972,10.009136078243165,10.273223991990813,10.541273184565382,11.591693461045413,10.710540856673408,11.368912270338376,12.037625658315598,11.561345919048211,11.852519082191725,12.527174291897396,12.826633608788457,13.130116746920672,14.217929553669466,14.930177998480389,14.848478398270224,13.621435608750776,13.56822055343614,13.893026471320683,14.600058397599547,15.319392009934344,15.274068359992519,15.235032764119023,15.201974826224768,15.551375780469296,15.905429238427473,14.769087005530935,14.759693098752408,14.397099139496467,14.04742249381796,14.404718897408012,14.766881796568255,16.22462055936661,15.506248670282945,14.815210743675582,15.903250697052382,15.926755193559298,15.597589136217245,15.278442912418193,15.31516615351127,16.058369816351398,16.45705991278181,16.145727765070124,16.54996175920681,16.60165920116362,16.656798668673996,16.715345393383753,17.134758294766844,17.92581837671298,17.993841482783836,16.98308898173727,17.058327057430777,16.783683883005683,16.51584439671342,16.25455562716329,17.03849494575169,17.12991493642908,17.579168178580534,17.322560711976365,16.723738736525018,17.528421033101274,17.636373030815555,17.747715680950456,17.86248566894258,17.980723401396673,18.826952532264595,18.227782568091172,18.719241690375647,18.853006986159606,19.731571072471215,20.253011783631063,19.648718071960104,20.176083284395922,19.580156124932184,20.113754506424673,19.52565986011193,20.44528432659254,19.85890866913358,19.656430505469377,20.210027836918655,19.636685174073385,20.19792697078642,19.630865087285503,19.82125319057063,20.01657888101836,20.21698198351361,19.661316964166783,20.633616559765866,19.69791129433432,19.157282916761712,18.99668779911043,19.212985836280083,20.19931358636531,21.219941772074854,21.068359974477442,20.92062165142308,20.38322862232268,20.243512598698036,19.718925635426977,20.763689427881094,21.03468424553982,21.313326762558127,20.787000723462246,19.87270187932533,20.958884460643613,21.257459476079585,20.74170043586426,20.638841432880678,20.53981510292403,20.85556302779991,22.02696814537676,22.37367608479274,23.172672485739437,22.220834921962258,21.716920428576596,21.650469933369738,21.156266209246997,22.862621588451393,21.91934677971626,21.87351899780875,21.8327536652572,21.79717486071078,23.14594085454205,23.129131585180172,23.11848272882705,23.59360167743204,23.116510081851956,24.104354567626206,22.65758965998187,22.677280489926527,22.21807467255641,21.285874433810577,21.79824576671414,22.83436361060875,21.890802940128534,22.45443419509148,23.569897073082956,22.613688284858775,21.163125274125193,19.749784596957955,18.374238246365387,18.927163270099797,19.013006690443916,19.61501107805632,18.71344028760446,18.32172595778667,18.439345602560714,18.570471694356574,18.19318310359004,17.8207322480135,16.937683570932016,16.57394293248924,16.21488137840049,15.351774129405555,14.50121599062624,14.153554803031236,13.810238949301903,12.497299632042209,11.229067614328383,11.354435670730323,10.562476941412285,11.17181620150334,10.373673665858858,10.533411073203887,9.738908790516522,9.912130614945296,8.647673350160943,8.816897351981892,8.038695805673997,8.727003014436312,8.444637047021468,7.651648435198589,6.390439613309911,5.1983801450037,4.084253163649168,3.7889873243750753,4.3276937419662165,3.202009485521494,3.3190315087549127,2.6177063412012656,1.9454677423834095,2.949122186142322,1.736532862846854,1.4369809982401645,1.1302406095019988,0.8098932912429906,-0.049576835431520784,-0
77,0.14289571927650715,0.9392337945909014,1.5693466889570367,1.7194501863440574,3.2455637471853205,3.3379045278514483,4.397135536278541,4.976446405542364,5.559044294506036,7.153228940823271,6.262924857757098,6.400957068037628,8.927306281006928,8.061722947683885,7.758455753723938,8.368290902285375,8.107678724969713,7.881907871481569,7.297249482691385,8.291129122897482,8.904546032809707,9.940308428646953,10.153703164574026,9.56569290619696,10.193024727827114,10.031036774839244,9.885091564126943,10.130138380132045,10.379152365120346,11.40320229482369,10.514188936435456,11.14948775178436,11.794547471823444,11.308006926066069,11.579966995397607,12.230187118227125,12.509946995578906,12.793581257901371,13.849945354959333,14.535693349209915,14.439175751115844,13.216324866599596,13.149148086246171,13.453515514773171,14.133087944469729,14.824364103738626,14.764687436235906,14.711371946110239,14.6640921659955,14.991706748060551,15.323690761320952,14.196642683083773,14.173273023840693,13.804865547036016,13.792731963440163,14.130263295713686,14.472361118365882,15.896263992551146,15.170669176368127,14.473137100342534,15.530370709005124,15.537615915135767,15.903962450641757,15.563592898317754,15.582138648692208,16.31162884262066,16.69392024649237,16.362537815984226,16.75021225668446,17.143765941856234,17.180182927129515,17.220186734478382,17.62567294602399,18.406692981894526,18.455950258024554,17.415252640152552,17.472624064055232,17.176845382831793,16.88836270457473,16.955876439535906,17.735948842006444,17.810199434745627,18.248428367149867,17.96880640489957,17.34181370086399,18.140950827222145,18.59427775618282,19.0558458974889,19.155187652335552,19.258164378330846,20.112790913133534,19.475162010067717,19.96315431140124,20.082029716352288,20.967722093022648,21.48486175188005,20.844326439278195,21.36741207256239,20.736347340635533,21.265651656613013,21.027268646410757,21.961214670983875,21.335802783027255,21.108109088119157,21.66268433390591,21.05195892416101,21.614220163227444,21.010758970991215,21.18994098436751,21.374133337705562,21.56346936918718,20.973227811407778,21.958142676836736,20.977078694551118,20.403324627337827,20.221424000549064,20.42780713427015,21.426075900579473,22.45802815636494,22.28537209344349,22.11683957842911,21.54858076497975,21.388737374379176,20.83418825851925,21.8892864858589,22.15041309134976,22.419141100813015,21.863832218762607,20.9116051121994,22.00692381856361,22.295753367566764,21.752224881316554,21.630885136754024,21.51355207081809,21.819741216306397,22.99828426760793,23.334877705761837,24.131690124531254,23.145448538782045,22.615585870735103,22.531280392977806,22.011742775268935,23.730236777010628,22.754471429515547,22.691012463877374,22.63268231784187,22.579594820271595,23.930816848129773,23.896111885397836,23.867580947181278,24.330920731794947,23.82983221810185,24.811241031580646,23.329405997232616,23.331253257691564,22.848843126043626,21.888511662313107,22.388339146071278,23.41605767657594,22.445080914277668,22.994888362119113,24.099809113516184,23.116810546730903,21.6362316387706,20.193574862527445,18.789418200617856,19.328077289417084,19.39578534206042,19.982010696861593,19.056426752878675,18.643517584998623,18.742039692590104,18.853564649322166,18.454847689455327,18.061021492868047,17.155866794889437,16.771126010784613,16.39108226568549,15.507100936542884,14.63624332265614,14.268303138268111,13.904685936329368,12.574021464984467,11.289097720839296,11.394014876351179,10.585169455714036,11.170072261308432,10.35561776438487,10.491766074884616,9.681863681469796,9.829684388138114,8.556876383915373,8.699599918462495,7.908534205976086,8.557933752216677,8.252197629409649,7.447254332479208,6.188288049905088,5.429832426366813,4.2818656733246385,3.970867909985569,4.511558479296483,3.3528023801966285,3.4630785784377482,2.737870919616484,2.0421166294903643,3.0557926258096804,1.811414323486422,1.4968400555467902,1.1750001216983248,0.8392610120519307,-0.04149434833686837,-0
78,0.137225997996123,0.90956693652418,1.5173761050658308,1.6536276699725694,3.1405986780526476,3.219112446034587,4.246905793394847,4.8032785467928,5.362707880712927,6.915180753384135,6.028706605901944,6.152149874909966,8.61698596993792,7.755149021528062,7.446187626096869,8.031213127693576,7.764731148669146,7.533043130435038,6.952103498261388,7.910757977904993,8.498310118361553,9.497918362685368,9.694744053114775,9.110160635171448,9.710534524550484,9.541703965766047,9.763925921657734,10.3712903103768,10.600243354534808,11.61121717918489,10.692919956632444,11.311650082301256,12.328551138548265,11.805738120720353,12.058615149498305,13.084367378898863,13.344647762306023,13.609066325400343,14.66899719693687,15.345708420521433,15.2188012179643,14.320088441104357,14.22146448451295,14.509612149283276,15.18662510897574,15.874487978309745,15.785316348986367,15.703481660690441,15.628590368339507,15.940773505137555,16.25731965215996,15.072601388873588,15.02504458101688,14.623253156790181,14.588494314562574,14.913085488668573,15.242095141127107,16.678230714878907,15.913759128850753,15.53399125551823,16.60429382071785,16.588822454364426,16.94407153460789,16.570801181249507,16.568009759077693,17.29704332948636,17.66816715216905,17.306098639777655,17.682781822743365,18.065137738390256,18.081286428498345,18.10132346615004,18.495479688318216,19.27302873786873,19.30238993542256,18.219174066071336,18.257820458651516,17.93633925551795,17.622780647477647,17.672570575419975,18.448103516573877,18.504488802848233,18.93105425858834,18.627748050668146,17.971913361788797,19.13206806120671,19.5772667184356,20.030423653111374,20.112584821523846,20.198507379769616,21.05233374693401,20.381731033482044,20.860657765125904,20.96267736569747,21.84612027089299,22.353206065570987,21.681692024298005,22.194643012937828,21.533610147702014,22.052658024263994,21.791400950948425,22.72064838852709,22.066808645100732,21.816949373606754,22.360484920516736,21.722675509578632,22.27363483377662,21.643874746878993,21.8067722087575,21.97459702337238,22.147471500576703,21.53237182182892,22.50889421551405,21.499684555377076,20.902268452721177,20.70073567860044,20.89100148527205,21.879157797405455,22.899939073845083,22.707193732722867,22.51873029120244,21.928382573668713,21.749072783068097,21.17320934165124,22.21458210922227,22.45776905615981,22.7082537291884,22.132160929037422,21.158571021718764,22.237268507607592,22.930112788814796,22.3623653064581,22.221709628850984,22.085162601971934,22.376350386770422,23.547351807217964,23.867925556072226,24.65178156596511,23.638929463357034,23.086226889669213,22.9823846994521,22.440561546441,24.149699879121126,23.149248111867195,23.065978636222237,22.987780889750507,22.914752820511147,24.250026926227875,24.194484937405647,24.144970218176333,24.5876846716844,24.06472643323234,25.0245017894411,23.52116062119736,23.5012254526658,22.997478031761297,22.016921379039193,22.493747090119548,23.495679108427954,22.50513954995097,23.029302343644826,24.63627797923613,23.626136410184444,22.11518012868291,20.642855137486624,19.20974526810931,19.733874841529442,19.783187854666913,20.35342766090587,19.40354807731939,18.96920814648706,19.04845589345984,19.1402314160132,18.71990929600199,18.30454998129539,17.377082449357346,16.97121840685948,16.57009186038905,16.17368815946256,15.272773298500086,14.884998422317839,14.501743614361692,13.131992507151702,11.808376263873784,11.90414196465095,11.066892024449396,11.652527869345063,10.810071145758089,10.93753631079515,10.100072579985225,10.239449805056248,8.930135964209647,9.064685223848173,8.24695674454702,8.897626621967168,8.574756008800735,7.743689315588524,6.449794412018693,5.6657966935361275,4.483678179773207,4.156574860341852,4.69881976274186,3.506687395391735,3.609830728598236,2.8604115504245318,2.140809891955596,3.164094488762503,1.8876369825508967,1.5577086065403425,1.2204467747075962,0.8690070520666942,-0.033572362369349455,-0
79,0.1316293421697795,0.8804681197986676,1.466497556578532,1.5893654560089276,3.0378854460166655,3.1030671559666434,4.100063529460012,5.117278052008628,5.649483296278398,7.199174053612362,6.255087445150669,6.803148771607144,9.335505340425692,8.38375927303325,8.017093004959507,8.582917551192196,8.268866843683071,7.99488580000996,7.364773542131614,8.725142772657799,9.302348566611885,10.308439680974221,10.475485780493223,9.831799627244056,11.24852393267003,11.018257096845499,11.622036900040563,12.232970864238974,12.431599922043413,13.476713227997138,12.437904961973786,13.060551703792335,14.108315816634079,13.505382345644367,13.735013797823507,14.78853988175292,15.442847129570222,15.683562341570978,16.777487710080926,17.458075487892675,17.28058572725831,16.28172231689276,16.138567053833132,16.408588018823835,17.091754216338806,17.7849347950106,18.069182412733067,17.943723863014363,17.826935910855727,18.124437709991575,18.426640336069987,17.130131859448905,17.04710470992325,16.587744748446603,16.52041009982001,16.835837444765463,17.155767787280475,18.647254318349916,17.809488423464988,17.379673642369685,18.48230759425195,18.43825540761317,19.175016328865944,18.749236287799874,18.718295619666748,19.46464720844014,19.83041006597244,19.41979062898345,19.79186244837308,20.16960993304396,20.160559122516393,20.15603619014669,20.546196161129668,21.3393752565541,21.345034773413566,20.181495485458818,20.19838196690343,19.837132622003217,19.48481341525886,19.51477703657366,20.30632291094262,20.343201046099367,20.767869254232536,20.428617965145207,19.72093359530545,20.91306319124262,21.35663761768846,21.80805333389903,21.872513638502504,21.94104387473848,22.80861325873659,22.090358542981,22.567760297275772,22.653302922395472,23.549760834602978,24.05490692728163,23.338606711421885,23.849900444776566,23.145441931226955,23.663075927714893,23.373204811154647,24.314408559540883,23.619324205488244,23.342065191456257,23.884382350751373,23.207129739319118,23.75700112546756,23.0888715392364,23.23857195922883,23.393313910631093,23.55321229641133,22.90173145567527,23.888973776290037,22.832708022581706,22.20047721201086,21.975951380435895,22.154614039515213,23.152992511219157,24.183422814674774,23.968049980363546,23.75727161400985,23.13459784456567,22.933702783849988,22.32647931629606,23.37670446415753,23.608630492576125,23.84783912579347,23.24147737833058,22.228726058787977,23.31523631622695,24.00616521107384,23.409351819710643,23.24891377990399,23.092784872118123,23.373135724418812,24.549975679832723,24.85921948219418,25.63968731895065,24.59132831287769,24.011580503141232,23.888792015051763,23.320585064023252,25.04077059534211,24.00683609369268,23.90494723555222,23.808222044356743,23.716748397568477,25.053574964496534,24.979262053832084,24.911017456541128,25.34114952930296,24.79338646478917,25.746017099566597,24.20679309058562,24.168308325262682,23.640646109792126,22.631234536436878,23.094933180897918,24.087989503913523,23.069376036283668,23.579273525510573,25.179426932972813,24.1417830848825,22.600080681477777,21.09772833048695,19.635315563571826,20.144650316158483,20.175305149777444,20.729349552994506,19.754886183007606,19.298874327389157,19.87774585806831,19.957706354495574,19.515456626794837,19.078399800971123,18.11932575464528,17.692263969275146,17.270157384361177,16.852987550976636,15.921585285785929,15.513510959518783,15.110159206761551,13.700947194824593,12.338268511357077,12.424399379468053,11.558345087782797,12.144201738175306,11.273352848910637,11.391671751747591,10.526265940402387,10.656746364513316,9.310592632314343,9.436524114626952,8.5917689155637,9.243237614725091,8.902840463419114,8.045299782641164,6.7161639340783745,5.9062778797419275,4.689693178066633,4.346110962254903,4.8894830738954,3.663667858209084,3.75929251740114,2.985331975677528,2.2415508193062816,3.2740336978412774,1.9652046902080287,1.6195902929457986,1.2665838029467238,0.8991339581565687,-0.025807035086493638,-0
80,0.1261038925494034,0.8519246081674862,1.4166874054863747,1.526630595716204,2.937376415898949,2.9897115926972906,3.956538125024775,4.943137572242313,5.453259134491085,6.962562826968761,6.48730514419297,7.011276077242876,9.546521015704991,8.549893959273248,8.150437177910444,8.693802263915428,8.352420550079167,8.053910778896375,7.400673875768096,8.74257360446603,9.299082686646841,10.283465008964502,10.42957742342712,9.768336302778135,11.160202877229473,11.32365615208556,11.90942106987722,12.50183984664442,12.677354148939763,13.707120240772413,13.04660821514932,13.654927473125229,14.696593014732427,14.052918425718865,14.259869768497143,15.305539484611023,15.943743901774264,16.161509078999615,17.244584330454668,17.907497687972846,17.70166251716005,16.666174589731646,16.497445476183746,16.746675948661085,17.412749268764657,18.08826277185512,18.351324007528422,18.202095530816575,18.06217395822148,18.339179032560317,18.62086587112405,17.29782606163347,17.194029083657515,17.09715133947515,17.006864968366408,17.304742538381916,17.60704291599394,19.09372301689962,18.225217493977965,17.769922075860396,18.8620358161409,18.79653725577944,19.518203740194405,19.068425344354928,19.016794095413292,19.747301660790566,20.094512224779752,19.661521945642463,20.015087646699982,20.374101315035343,20.34494249718474,20.320501026607538,20.691628650009225,21.46598914997908,21.45158261158569,20.26785353626592,20.265528603394152,19.8854553394918,19.51477703657366,19.526171903813133,20.29746240124753,20.315482842516545,20.72004655779642,20.363269726279178,20.01468501120142,21.193681779939272,21.619712046029417,22.053225797382474,22.098237823528464,22.147348445619773,22.997068471025127,22.257861154186575,22.716250300926067,22.78217166670145,23.658929708463955,24.556744796820926,23.814282085862548,24.309306600693166,23.57963979193074,24.080814050989915,23.769124711780115,24.695682687558485,23.976821762589683,23.67835797422347,24.203216636630643,23.50345343069977,24.035510092835192,23.345604614860054,23.476116035366278,23.611536566774774,23.751967955544465,23.08005464627238,24.048304344315838,22.97203040955825,22.320503379400694,22.076919474882533,22.236210161265188,23.21350929290637,24.2216347799846,23.98651596736883,23.756114139847465,23.11553211989929,22.89542432762962,22.271045607690567,23.29584325312885,23.50592896658023,23.72290220757096,23.099789151328512,22.07377433404302,23.131333029934535,23.795332236928964,23.182339083543784,23.00202669351897,22.82599118792919,23.08177243888854,24.223442841418485,24.50624217124601,25.25384075747885,24.195251150846577,23.599894989135894,23.455458839081487,22.872099119070544,24.54223446049101,23.50004472886749,23.375346342609543,23.712902427250107,23.59944398231388,24.902892159926814,24.80528355884027,24.713474585316018,25.114919871447533,25.03758452203176,25.96849315932805,24.407093858830436,24.346569002887758,23.797214827566922,22.767108301777778,23.207818666785784,24.175368131453684,23.136810913157912,23.621310213904696,25.189370759670982,24.132223068049818,22.57481793628317,21.05770749012385,19.581500807686183,20.063564467348158,20.069690114987566,20.59369389715065,19.60330271022052,19.126625419859156,19.672741587455192,19.72454800143959,19.260458537532156,18.801531223171782,17.82879200856516,17.380280754335605,16.936652829484938,16.497863137116607,15.555123375891803,15.125824611268307,14.701096841063848,13.294601038061053,11.936354194219195,11.990814438521495,11.118932209629714,11.65602074889072,10.78028579929162,10.861005079026114,9.992313977731417,10.081880028947369,8.75499275559296,8.83809709751381,8.460647811688995,9.073916726584443,8.710456785341588,7.840951161027914,6.513617994108737,5.696136449074937,4.487670978823813,4.127831359758356,4.61847294686858,3.4126234253849894,3.467826120558091,2.700665208056936,1.9704090917743824,2.8667356819520453,2.0441218393358898,1.6824891558605608,1.3134147077138771,0.9296444220598316,-0.018194671535599852,-0
81,0.1206478599628423,0.8239241660075014,1.3679229565734394,1.4653914439493305,2.8390259274997285,2.8789910657474787,3.8162619537445908,5.264448388752579,5.745136960423496,7.250881383316412,6.725581387340686,7.224325883521773,9.76238619104412,8.719600066987443,8.286579358388986,8.80715509449015,8.438004749091508,8.114659858889107,7.438012825754081,8.761649583557277,9.297557358564296,10.260460058266318,10.385746705822728,9.706946855200853,11.074381098139982,11.21790031552979,11.781593244596076,12.351557362050888,12.927914903892349,13.942097655093942,13.251577819024918,13.840599559294368,14.8649320465159,14.19465958348305,14.380120171579685,15.407067309162997,16.024481441570323,16.220410553185435,17.282395513031723,17.92317734133669,17.695403427232563,16.639920628166774,16.451164125408297,16.67977661005619,17.32382386093948,18.397295778931735,18.638849289607492,18.465481819500347,18.302099825739862,18.55840610571406,18.819410707013578,17.4693757714669,17.344628872566915,17.227256073252416,17.11689634155765,17.395658996798737,17.678728847161494,19.14628647350189,18.258049644268688,17.783847274956337,18.8554162415733,18.77076053434315,19.471447474552992,19.003820492924557,18.933513769897594,19.64222326353623,19.968859348434666,19.519204087089907,19.852118264469865,20.190218032077603,20.142542006412263,20.099690961533433,20.44945624080715,21.19889009418087,21.165757594386584,19.97420398608232,20.336579120459486,19.937615401338817,19.54853178239995,19.54141284075042,20.29269242290897,20.29195483165229,20.676623355101054,20.30237344157246,19.936709920611033,21.09199778182282,21.497057007573115,21.909198695223985,21.934819623116354,21.964510649150736,22.789200683476523,22.03605161046774,22.471706989928403,22.517785320190704,23.367464404533564,24.23723649248038,23.481862649471786,23.952031355747604,23.210130711593585,23.68598224104621,23.357948953733562,24.25343710364433,23.523273947508827,23.2086892497832,23.706483771349266,22.9963288377414,23.500665843236973,22.80088200529939,22.909337131003372,23.022418710777988,23.140212584051046,22.459350980620666,23.39031178354224,22.31275881816101,21.653147738673884,21.394173982753955,21.530150453778752,22.467141268185213,23.43335529496777,23.181541124116617,22.9344552405387,22.28652121357814,22.049955289042693,21.418855014294387,22.806916238144343,22.992514929674755,23.184513476757036,22.549714256562776,21.519446090091662,22.53719283098418,23.167184077108143,22.542948260060257,22.343618449236363,22.56764271854579,22.7994333417908,23.906926482020896,24.163969101796553,24.879646041371085,23.81097338893113,23.200387942474386,23.034930756489693,22.436847572370432,24.058628274692985,23.0084293070903,22.86172011652522,23.169232117801947,23.032951016794566,24.2873416029832,24.16522504934911,24.048531361774497,24.414707737254723,24.31122179330284,25.19350818834222,23.63816915760756,23.550347180380772,22.98518577805568,21.95183040692868,22.835517512776946,24.267430840404572,23.208812361261906,23.66822687428414,25.20490270555154,24.12819768135267,23.068116319279294,21.520315178675613,20.01416277720215,20.48118528149238,20.468366262225647,20.97607321936695,19.960650556826803,19.462021338527634,19.99075966524145,20.022333747627847,19.536068746850287,19.055092398529126,18.059381438350737,17.589330783476058,17.124267667934628,16.66413400327589,15.700230900420571,15.25008085866875,14.804568134534897,13.379361415217499,12.003478578744545,12.03748898644883,11.148188409904929,11.661582585925615,10.769194628619292,10.827116490344187,9.942896238458086,10.008381354213586,8.672535846604521,8.730993305772637,8.334127799236864,8.910674787206641,8.525070633612712,7.644126717963731,6.3186231572237,5.494192765727313,4.293967505741082,3.919349905512763,4.36097997300889,3.567253928865578,3.6142044926418238,2.821978451957678,2.06706496870792,2.9716452381758782,2.124393369568836,1.7464096389288353,1.3609432593969777,0.9605412817561948,-0.010731716791591616,-0
82,0.11525952183592392,0.7964550334016,1.3201824098070452,1.4056175905731636,2.7427901965703545,2.770853137520583,3.6791702313290497,5.089229824013015,5.548880408661474,7.015502320553547,6.4866377552167584,6.963711708484971,9.443163677623902,8.893005528539385,8.42561048476935,8.923045721753914,8.52566574605099,8.177160767879721,7.476802397711272,8.782369984954682,9.297758402723796,10.23939657210049,10.343952590931755,9.647580379942926,10.990991780544514,11.11479003211378,11.656732592395747,12.20459294210335,12.758494579011723,13.746622548298646,13.460642615634523,14.030132625462759,15.037050765374431,14.339760253519998,14.503556001933475,15.51183310193256,16.108458938801075,16.282501787621573,17.76278985588545,18.38512155073788,18.127914362760208,17.034456148722317,17.23565834964928,17.44192414487056,18.072847927828324,19.141188042238504,19.360122652668768,19.15671012359594,18.964289336493177,19.199454210946172,19.439489256154104,18.043538524491012,17.893449113355835,17.751427318762403,17.61706620375566,17.877456010682213,18.142145861176523,19.60467355647863,18.684629207617434,18.184107162007518,19.244966634760633,19.13829430656161,19.8236763729939,19.33144641402814,19.24005142097,19.932874895969082,20.240821420118014,19.76840062636491,20.082772873952443,20.402154876813608,20.334277207754823,20.271460356101823,20.60235495940786,21.333350806941873,21.280243993193324,20.0681227576094,20.411525617936405,19.993593679016893,19.58604747255293,19.56045736693165,20.29195483165229,20.272545849759993,20.63751327154671,20.24583117711134,19.86314803206369,20.995168545437345,21.379544421091733,21.770627049873863,21.777094163380458,21.78762365933768,22.587775382916885,21.820771787123643,22.234125240339555,22.26070567850513,23.08390825223852,23.926278184106582,23.158164366551446,23.604046283617063,22.850115716962,23.301262737440084,22.957259016481544,23.822494977879906,23.081302026074294,22.751031066784755,23.22251977097277,22.50229619880136,23.381268275109537,22.665733374695666,23.15415591957472,23.248144139140894,23.346744985492283,22.645378251704443,23.558108286179436,22.4603364670705,21.781453973224643,21.50368804308773,21.620814429681115,22.53776167820904,23.482807437834765,23.2117084776214,23.355102259345422,22.68408662415962,22.42736674506121,21.7740807374595,23.150645541548553,23.317927826347404,23.491398731727337,22.835056177468637,21.78244290816137,22.784098262853664,23.3959935238788,22.751158725829356,22.53213537647905,22.736788895434312,22.948866758103858,24.03569828797043,24.271784896241403,24.965229347805707,23.8776529585073,23.687446994666946,23.50179664845235,22.880592712988385,24.49360185726286,23.417738762133688,23.70187577777249,23.997083541123793,23.841424971208184,25.096768901937843,24.955062585647358,24.818869307463398,25.171871802018135,25.048878153082114,25.92349366723484,24.331183827691206,24.224138888560468,23.634303551591714,22.5712305325537,23.446563995751575,24.874107647578466,23.786435824982266,24.231000797247706,25.76067279460056,24.655600054628955,23.56769500055018,21.988822608077243,20.452354118948158,20.904058868293667,20.87201672131732,21.36320007689435,20.32243888847838,19.801597091028263,20.31279715606968,20.323965269836854,19.815321210897014,19.312109718429795,18.293194384641996,17.801450285707286,17.314818098823675,16.8332281173127,15.847984884920955,15.376910947385365,14.910566697645454,13.46641733391645,12.072678984081401,12.086354102308361,11.179555789994799,11.669606790973376,10.760542648024213,10.796013487575545,9.896303431973411,9.938207246218276,9.047005914301078,9.09565390154097,8.679939737193127,9.255960548297034,8.851748185924306,7.9433814363967565,6.581828337043042,5.730602749847088,4.495159924555688,4.103079174306727,4.544587747233528,3.725019590097588,3.763336127570762,2.94570716083685,2.165795152400459,3.07823636597429,2.206024771589305,1.811356591772495,1.4091734999225587,0.9918275230138568,-0.003414748956164852,-0
83,0.1099372189276393,0.7695059027394829,1.2734448155827174,1.3472797958088485,2.648627221769949,2.6652475088631036,3.5452008735988354,4.917789079639514,5.356949743759647,6.785122268387583,6.253142331640692,6.709120048595314,9.13078846430347,8.577212996455023,8.10637774654754,8.581792687656755,8.18084646812799,7.828748575108548,7.517056360103388,8.804736160047284,9.299673880024592,10.650427691656265,10.727117018502426,9.989540131895353,11.329021388695057,11.427826427343918,11.951149646646048,12.48006770575394,13.014707243891117,13.987195298788151,13.673922272410325,14.223630807143037,15.213039756884601,14.488291338685016,14.630232768572762,15.619878835577778,16.19570378621082,16.34779539642219,17.807790344574716,18.407897197113464,18.12835595741673,17.014236969974824,17.19446775570334,17.37986790341323,17.988761841429348,19.033135773085494,19.230646398274768,19.007825165275293,18.796477144056954,19.01072252860516,19.22980687751454,17.824324891652438,17.657084490851098,17.49822413201742,17.34731168801259,17.587759305642898,17.832366669154368,19.262491744262423,18.334219575928955,17.821957626359957,18.85323345882998,18.730402079052393,19.389841257345537,18.886539687892547,18.77922347690748,19.445260541950034,19.731485366073887,19.248768765044677,19.9277041441472,20.226589413018623,20.14048101573081,20.059582172969293,20.369663987531293,21.076516621528135,21.005138761612972,19.785115222159966,20.107376199303115,19.675553018139347,19.25451404741903,19.211716825404554,19.917448564941665,19.88053252233434,20.223333012935228,19.818823763300866,19.42363838303486,20.52270642648827,20.883754621425624,21.251091892412767,21.23918698886903,21.231278627081142,22.392581975689275,21.6118011692125,22.003263779068007,22.010673690337434,22.80797551289606,23.62355579270405,22.84286212411854,23.265000643637844,22.49923271264211,22.926266125004695,22.962370837352882,23.805793153667537,23.047118601729373,22.69855000046886,23.148741381871453,22.412249125775425,23.267497081701134,22.536247257836134,23.00233580455765,23.076060924285922,23.15423636532361,22.43830508761249,23.324206769957737,22.2157102030165,21.52338715823665,21.22898630837894,21.715522228596317,22.612652710004877,23.53679713162022,23.656768897000962,23.782036521612298,23.08759447778116,23.219402853462242,22.53810649153284,23.91729866866897,24.068644022841433,24.226105200963698,23.542693503765168,22.45815369568883,23.454764314721402,24.055754822471865,23.38505852096138,23.14535980805616,23.334040273280046,23.52997555130021,24.608712196462363,24.827887625152567,25.50788616929922,24.392166979942274,24.181343886008545,23.975180540625814,23.330512828547004,24.934630059418843,23.832745556964014,24.09890951613184,24.375763962855434,24.199386827552416,25.439150502775444,25.276092940868754,25.118512852628655,25.45103903851253,25.306301726633123,26.159894825421862,24.544574345102045,24.415693210596476,23.804096208622948,22.71994775361387,23.572382337041248,24.97418394481365,23.866021134794103,24.285658537384013,25.784644570060305,24.659686764582883,23.552575172669272,21.95813242188893,20.407092925116125,20.832065021029443,20.775835473854418,21.23785392225945,20.18091335856811,19.639645362410263,20.11941082418855,20.10345738645566,19.573583501622924,19.04922160056826,18.016800634980427,17.504525667177948,16.997424601538604,16.495412591799287,15.49932085319145,15.008484149318068,14.52240842204449,13.080766980420066,11.69131428741158,11.676349459395052,10.76481929322377,11.680038816268969,10.754265380739184,10.767605792471814,10.317450284402428,10.348836201899223,9.428831476744916,9.46723212762327,9.032264985058152,9.60730214006921,9.1840868531978,8.247935741060177,6.8500017455269004,5.971624034947848,4.7006302806304054,4.290710028423649,4.73168397657443,3.8859283740723187,3.915229474177741,3.0718583830249067,2.2666057143424627,3.186516762520153,2.2890220917228143,1.8773352737102431,1.4581097454583136,1.0235062811139568,0,-0
84,0.10467935226296882,0.743065896725246,1.227690032608595,1.2903499291977985,2.5564966971448633,2.5621259112009582,3.414294362927214,4.750053130185896,5.1692617646321395,6.55964351715323,6.0249908759648605,6.460435773370449,8.82512521268116,8.268599247586165,7.794794697190736,8.248787876015399,8.270084174427058,7.892929956604572,7.558790256634825,8.828751518116448,9.303294041955324,10.632940530303577,10.688584209735744,9.93291136040161,11.248804773985087,11.327911296007345,11.829757359357782,12.336920983778231,12.849524469379475,13.79660359244574,13.46716830126053,13.994224294383171,14.956799834509045,14.220863363110471,14.344001518557924,15.305813860949513,15.857803082749252,16.416307979898956,17.85624182202859,18.434206769333972,18.132265208557605,16.99728323630201,17.15663518942595,17.32129132082246,17.908389164548954,18.929144455828563,19.10543261286993,18.863342697050363,18.633231989556805,18.826831242046357,19.02526084525762,17.61022299411983,17.426083097121257,17.250655145689908,17.083481171434947,17.304380218890802,17.52931841890257,18.927743465079217,17.991426068015564,17.467713603475357,18.47007910670577,18.331504030937044,18.965625112746764,18.45160422061893,18.328832140825156,18.968766528633903,19.23387374273475,18.741273981829586,19.3930473430104,19.670241988506444,19.568427316901257,19.471877492397653,19.75977556450755,20.437378870963933,20.3499684708485,19.135138639709734,19.434646264358413,18.994494150012667,18.565412193659633,18.871058248143026,19.55163534428053,19.49763728204711,19.818823763300863,19.401840284713455,18.99452105540866,20.061482063561805,20.399846799214146,20.744108580265944,20.714400243540656,20.688642907937577,21.813886571677116,21.40893110424268,21.778894190025493,21.767443993940585,22.539395517584953,23.328771805382914,22.535647863541637,22.934562124372913,22.15713858609482,22.560623489862436,22.577078416130167,23.39154290883494,23.01769203693265,22.650877934419086,23.0800348211577,22.327265965005136,23.159200010749153,22.41226086589748,22.85637385929957,22.910113489897906,22.968164694749877,22.237761848373037,23.09741726507157,22.371359262074407,21.65959480088683,21.346437610245918,21.814268277666866,22.69179300223609,23.595285672810874,23.69520019673718,23.800221963173563,23.087745131473305,23.199310026889417,22.500701788683553,23.854168952447274,23.984305827835136,24.120271550543695,23.420080559277906,22.321875240594217,23.291439748036343,23.867140146868994,23.180536294295006,22.92181894303241,23.087709738465904,23.260416097601507,24.306582438495894,24.500998716460792,25.150606598621717,24.02472517594526,23.79357701439766,23.567037834097878,22.90795325222049,24.466276405667816,23.3563835502455,23.594531969729854,23.84256280692649,23.64424952527092,24.837431926393197,24.651011673158788,24.469797759748314,24.769015061472118,24.59963730975889,25.40760716948942,23.79805830691334,23.643755080209353,23.017613791452167,21.93079570742565,22.733539563089156,24.06960369915451,22.959244729773648,23.33604121089429,24.76012661295984,23.63348747557414,22.525648690745733,20.94745994407967,19.414162490993892,19.79216976336687,19.704079123031295,20.114532413762536,19.549768244236223,19.484312135919804,19.93345762565325,19.891044843705778,19.340391436665875,18.795377171780682,17.749676073026038,17.21745425133938,16.690526393405552,16.168797449727972,15.162225581942545,14.652445633855407,14.147536971420223,12.70844201045153,11.323341326591542,11.281265656773849,10.365638551844015,11.22608336424159,10.297181926802073,10.278705218294885,9.811190898181584,9.807296097116817,9.3459824785218,9.359602438473914,8.90501649914409,9.443864379070916,8.998662791681236,8.050953924032994,6.654368256230431,5.769078278120382,4.506001594170435,4.08207014775554,4.476622046913748,3.6327232283845716,3.624789373402974,3.200440185325806,2.369503509680473,3.2964948622590455,2.3733919368886105,1.9443513577948852,1.5077565893820868,1.055580842755872,0,-0
85,0.09948438024916788,0.7171245476893129,1.6481974792370027,2.056761070488963,3.442626170598152,3.325379262944077,4.193310194670412,5.579506780964112,5.9530078322767626,7.3719763290297005,6.734722914868338,7.138618452793527,9.568373861264742,8.9317139652605,8.390406105159924,8.81944576780669,8.801614096131066,8.803462438116707,8.404547401391444,9.701113805068694,10.156890742146368,11.505468797386273,11.522541372103156,10.698274659818459,12.02828263060187,12.074496889780328,12.558692082152998,13.048091159089637,13.542803222018536,14.483165154050182,14.113632390538653,14.62296432070863,15.577015294344744,14.795949232909956,14.893550667651857,15.845997991105214,16.38012520514907,16.92049107489658,18.354851875521394,18.913286817773592,18.58033941886135,17.405401833467753,17.541876158449664,17.68401734532852,18.25297320771921,19.258949457380297,19.412610284210164,19.145055865839947,18.890325187131182,19.062567020247837,19.65857605907623,18.195589325208505,17.984972955539117,17.783874199919598,17.591782995697884,17.793718956121374,17.99977837388992,19.393459925594993,18.424313387668864,17.87358902671656,18.865534691881404,19.092471415518183,19.716282355264887,19.169890947377464,19.02279752044791,20.043287667539843,20.291996940435453,19.762957066505905,20.40878370069788,20.6700149824266,20.54302016938132,20.421824424320445,20.694307453368495,21.36495223149878,21.2536046630584,19.99131799829499,20.276223201825925,19.806347954966444,19.348366585465094,19.64006650224582,20.313441886319985,20.238413238219334,20.545297352630968,20.477659818384794,20.039332383482808,21.11366626840069,21.440069433316303,21.77226416443265,21.721608571958026,21.675193246285648,22.805134765674755,22.371304521008568,22.72896302930359,22.697290323024728,23.46438436619076,24.24833341504586,23.420518059689588,23.806662332506683,22.995842375042162,23.38672671679074,23.38392020477105,24.191782702844097,23.79251358200049,23.400754642262083,23.81688227394032,23.034179675183072,23.858472603006554,23.082473559617974,23.51336705754808,23.54873994387289,23.588469019775147,22.830767845479567,23.68116754923873,22.928550683486165,22.190878320969354,21.856315445889216,22.310421167217413,23.177285972507278,24.06929423234945,24.150786131312206,24.237315398216797,23.50084247080077,23.59410971031552,22.872346989564257,24.214200557275227,24.32549153612083,24.442462109519415,23.719947756802096,22.59847776490153,23.552023289089984,24.109603657992896,23.40181116432338,23.12307327448402,23.26954941949932,23.422572999299256,24.4487036339691,24.622377325072627,25.250346327470503,24.105046263571516,23.853480573506957,23.606582897164415,22.92851501399366,24.46033388384144,23.333269930810573,23.548845297972182,23.773766471223094,23.554453313941345,24.71760250661714,24.50927013072533,24.306039109906088,24.579176252361577,24.387216843425552,25.163140145211027,23.54477992435453,23.367622927330935,22.72383243682638,22.087864392483702,22.868876749076758,24.180908615571845,23.050084890356352,23.4031882210134,24.79888644760478,23.652541752218184,22.525711360183628,21.418472566007424,19.854029735966197,20.216923276955907,20.109662762389735,20.50406291634521,19.916611417983894,19.83152897707553,20.263302609764835,20.20051464744945,19.627303560463776,19.059945413477838,17.9906482355103,17.43675224288509,16.888356898136237,16.345361568444,15.317278837717542,14.786927467290244,14.261647810503112,12.803112468026766,11.39970819702874,11.338519958294416,10.405623708765251,11.243184720099064,10.297778202647457,10.258402653795835,9.772487687288134,9.746313703479197,9.266366017613612,9.255817795803916,8.782081164046105,9.286028985247906,8.819626683758136,7.860805279523497,6.465588975782302,5.5739477228889,4.318910335758498,3.8822513062101036,4.233503766047099,3.3926988548793764,3.351350015096457,2.912557165544766,2.4744961929139566,3.4081798410600097,2.459141479954152,2.0124109351966957,1.5581189055300955,1.088054648146913,0,-0
86,0.09435081596249216,0.6916717781107832,1.5966126852334093,1.9868530071772117,3.3380043575893223,3.210578612511575,4.051531303192768,5.401817739187454,5.756268656701302,7.138482161467068,6.499380637708152,6.883700888925404,9.257750108431603,8.618989533511343,8.075568283912613,8.484213926401045,8.89810150691478,8.875460208867489,8.452108380024724,9.73029684831129,10.164699150574348,11.950259612667898,11.935481581265652,11.065606835548005,12.390053973383521,12.408605357568574,12.872246794423308,13.341027103397192,13.815034182377998,14.73888004713251,14.340330638083904,14.82903392974456,16.213805200999246,15.385958501444522,15.456835986424961,16.399118415164534,16.914512005590215,17.435940829027736,18.86427012421974,19.402501707885122,19.037680469317078,17.821769294431785,17.93477122333756,18.053857773939598,18.604285441714293,19.595243095468813,19.725873876056806,19.43239890340752,19.15263959047951,19.303249680533042,19.880106751735365,18.387550202134996,18.154879924334146,17.93234689018778,17.719399295608714,17.9019746882054,18.088697051928495,19.464494146091234,18.474566875216087,17.90443197109711,18.87703835279297,19.084534186415254,19.688211710396153,19.1237145299718,18.95821022489881,19.95684882770289,20.18568735805662,19.639963547262184,20.26421211707048,20.50537043088084,20.360386617400255,20.22141298445197,20.47370209091395,21.12115041139687,20.992023134417327,19.7215944563112,20.36639517074618,19.877316941805987,19.400719356182965,19.6740044587956,20.328366807521903,20.234889369373125,20.522706426488266,20.43673183214322,19.981338587536353,21.033761716184017,21.340276989212317,21.65230266943308,21.583113076077627,21.51823613633531,22.62286304355674,22.172635786336432,22.50893476251832,22.45842939961748,23.20056435162487,23.95875888742966,23.11832732415745,23.481612892799767,22.65901908022802,23.0268019358033,23.004657440366092,23.784295079637168,23.369774284189777,22.963036522923364,23.354515207172184,22.562157307555534,23.757159708259728,22.96518483324426,23.374338448726892,23.389841965285765,23.40960481532363,22.63727768600579,23.46202945100577,22.69533066444504,21.944147211680804,21.593211151206255,22.023877239456425,22.862763234329805,23.72563518519535,23.785683413062703,23.85053054582187,23.10179866036816,23.173315986100036,22.439997434208014,23.74351790422781,23.83191463110536,23.925646718343415,23.606469529562727,22.471084397755224,23.398400996589125,24.356751653142556,23.627555284750496,23.328667879928137,23.455692409767288,23.58901960117812,24.59529204953837,24.74826670670764,25.354761002081283,24.18985329520685,23.917888102451215,23.650670882036184,22.953575975216907,24.459412204679378,23.315061223283138,23.508316913923807,23.71041802317798,23.470298094600487,24.604063345814822,24.374085545892957,24.149134638320515,24.396689704374154,24.182519181241435,24.92718344797083,23.299880066160153,23.100343135793466,22.4392078890044,21.7862691272557,22.53316824271673,23.802496988531704,22.66065521617256,22.982126598921592,24.32896375657982,23.17238920592273,22.03619659532974,20.92048575978553,19.35743464799551,19.685992828074774,19.552750659101093,19.90983598456238,19.305702030549732,19.192462305338427,19.582611598689645,19.489091762261793,18.898098165203862,18.31313094732989,17.241466838870142,16.670943784544114,16.106115270533948,15.54687886680914,14.520350112963792,13.974926903117797,13.434811324776009,12.000928590354263,10.624737145832043,10.532626725216833,9.610569782903227,10.369768046322209,9.436914545493737,9.361216168670909,8.864026351145965,8.797670269014176,8.305713093877362,8.249922449446263,7.762881323386235,8.174717135181563,7.689964809449256,6.758442920250623,5.442512978212641,4.5916569916462855,3.434536051361193,3.690756243474884,4.001585108817656,3.16503019400582,3.4948648823947246,3.0377801513238536,2.5815922331736516,3.5215816211721584,2.5462784655384283,2.081520519959573,1.609201851736837,1.1209312932806312,0,-0
87,0.08927722459342514,0.6666978822638518,1.5460105726956197,1.9183911091759214,3.235405164683036,3.098235535979881,3.9127539047539446,5.227730637686261,5.563642703501739,6.909718567134948,6.269197814981622,6.6344777417957594,8.953568100303945,8.3131578823775,7.768077858350177,8.156896828676576,8.550745781292163,8.517069100263438,8.091837553094894,9.33085431201541,9.744384423082737,11.480328593776484,11.453575301048962,10.590844727430287,11.874125151700621,11.880261846211056,12.321527766279099,12.767663553362839,13.218751585308263,14.109341870636856,13.707483909818064,14.17248558685789,15.512704162802777,14.691448789260097,14.748200297192094,15.655228727176468,16.145453511582364,16.641385303665302,18.022387868403555,18.53427623129987,18.16459346697807,16.965686267555352,17.062825075444806,17.16584800439419,17.688818126090325,18.640644177993835,18.7543387241849,18.455163763108366,18.169635338400177,18.302801468065155,18.850277318486697,17.38681048204194,17.14808103234874,16.919412741446788,16.70025230190731,16.864467116225953,17.03257214120898,18.352627597942305,17.38041376097605,16.815756770265164,17.74375850218009,17.931263133951983,18.50187352362397,17.94244570957799,17.76912287046619,18.72060190405924,18.927907473651207,18.38694483869102,18.975802961848476,19.19453007726437,19.04042209112,18.89219087731866,19.121211592160265,19.730995172562352,19.591856846247044,18.718293925605,19.329636056632225,19.206210183850732,18.72237087536177,18.973944623548483,19.59869999282353,19.490465363244912,19.755607641235745,19.654701136733433,19.192582537125528,20.20496661489526,20.487538437312722,20.775229591417183,20.690259693537957,20.609532737662228,21.670305439666166,21.21305452410293,21.52323681498517,21.456000923839788,22.16120003146738,22.881537506446602,22.43216683655095,23.164599399384432,22.330384577178492,22.67557206354356,22.634505668446835,23.386597193033964,22.957165820973156,22.535808012307125,23.299094046599247,22.490222542327256,23.66111204978037,22.853157064070675,23.24087964441697,23.23674669053279,23.23679825526423,22.449907604815046,23.249526576378944,22.46884232017617,21.70426004154726,21.337193153203224,21.744917603281095,22.556481876685933,23.390921760439646,23.43000214814648,23.473670928725266,22.712922106792462,22.76324196947867,22.018646184631688,23.284912079772234,23.351067104567672,23.42224741234701,23.086280262403143,21.94672704228168,22.838450995423788,23.759634922036096,23.020257036733216,22.704393426718074,22.80693714719268,23.335483035896743,24.310922053481974,24.440236204524357,25.46383873273324,24.279125647082235,23.986766144665257,24.137948889756665,23.416527352733958,24.91407196479646,23.742679773605232,23.917907496195728,24.101710454079797,23.84069311287532,24.959901814455385,24.70861629223517,24.462416237053187,24.690174890684936,24.92908230839568,25.665285629980662,23.99916350615396,23.779313857601828,23.092249739050956,22.41376372230329,23.1517845159031,24.416708899272226,23.24444945853228,23.55072660106995,24.89114904653213,23.70505043363602,22.53993775828083,21.395912718229148,19.801081186096035,20.11440668129579,19.96180386879995,20.302852159835755,19.675789532960593,19.542896981556652,19.91591244510302,19.802142645411408,19.188554560892676,18.581254822934753,17.485796017515206,16.893699042113283,16.307559677109456,15.727273822107554,14.679192019860244,14.113526240877666,13.553441622574642,12.099850204563886,10.705126105371493,10.594837262337927,9.65575689521847,10.394225791876913,9.44529198788871,9.35032767343257,9.263188041115301,9.184802264424873,8.671867722856463,8.604307162309013,8.096642034982661,8.505866024793134,8.00077414998786,7.040302416755509,5.687030464888382,4.807961249796139,3.6145064693883806,3.868602362070631,4.177304460665919,3.3134978596059357,3.6412152663354633,3.1654751523795746,2.690800929265427,3.6367108770210455,2.634811216306122,2.151687054155544,1.6610108736793638,1.1542145324080815,0,-0
88,0.0842622210394166,0.6421935089089313,1.4963726472227028,1.8513490078164598,3.1347914769980973,2.988306356972721,3.7769246777954866,5.057180543700259,5.375056509379486,6.685599710375144,6.04408337825388,6.3908488502016585,8.655710406768447,8.014096041242809,7.467806114647616,7.8373557861930525,8.211731620748637,8.167539479782564,8.14124190910762,9.362622093795057,9.755317517846159,11.470885426923227,11.422233138679736,10.540132307105633,11.800550956071524,11.786862352582862,12.207037719691332,12.63195965922919,13.061694142483553,13.928001329525914,13.935888675777253,14.380503385232076,15.706429950119993,14.855686718901714,14.889798530052175,15.778527849426037,16.24801625659811,16.723019520738866,18.08475060519005,18.574680914229063,18.623593997893646,17.810001914219264,17.88055426218786,18.38412269410947,18.89385275052715,19.846432538406727,19.932312962365824,19.592873167021267,19.26872432729585,19.377047933885507,19.91208843964837,18.37880806246686,18.106986954350525,17.84639103218499,17.596394050411632,17.740636341936003,17.889045361668387,19.217256486741558,18.19822974889581,17.597476601935593,18.52375243257486,18.692609416119343,19.252401446540823,18.65954019197913,18.46112948017243,19.408699218159548,19.597947110881027,19.026326149416946,19.60384090202058,20.19060534188473,20.010176928447272,19.836238489522167,20.049044883698347,20.651332318593024,20.48741063468813,19.573235196117057,20.177152477785256,20.030423653111374,19.516250187241,19.752870406119087,20.369667786756203,20.239359058311152,20.48940438391908,20.36694296096823,19.877423475704106,20.887063946689974,21.154424784667736,21.426800462582293,21.321032219072737,21.219779151851824,22.27521166070042,21.792581939661353,22.087179729968543,21.999801734811207,22.693476789980046,23.40171468869948,22.928233300847015,23.647986270519784,22.786742829190015,23.11557263765208,23.054838618060284,23.793166801501265,23.341244292463273,22.897850575196344,23.64659872135928,22.813883348822618,23.97163116074325,23.140525292957705,23.91214988133232,23.88883918343026,23.86981445576395,23.054583758765556,23.844650741661308,23.036464791458677,22.24508318436866,21.855945191010743,22.24969284544416,23.050608577478826,23.873666263055952,23.894089548836604,23.91909181846145,23.133789240237345,23.165747081261237,22.397534103368347,23.652953603236046,23.700399273930582,23.752788633988676,23.39609458218337,22.23266382895866,23.109058403074137,24.013922275384644,23.25298894277292,22.917044022869778,23.00043903304126,23.510139493004868,24.9019439161735,25.01359876917429,26.02742822196976,24.81294635480744,24.499023280330587,24.63235157606343,23.886219217489117,25.37531574584746,24.176482148626715,24.33343213657633,24.498707074127726,24.21653112065184,25.791278760306334,25.518418980876532,25.250823033324302,25.463823947098906,25.68782861293091,26.415085837036077,24.70961564915908,24.468968730939753,23.75549157806236,23.050985269377072,23.779702701126052,25.039832374099053,23.836700489663496,24.127390637146455,25.461065040946256,24.24501834095806,23.05057246860112,21.877830829039524,20.25080582612349,20.54858408719498,20.376299640483793,20.70103463792824,20.050724823220403,19.897907318263645,20.253573963428444,20.119323658200948,19.482884207774823,18.85300986954391,17.73347799497544,17.612497704739102,17.001636051461908,16.396891663478225,15.314943291009582,14.725386523069863,14.141661161967821,12.645668727854348,11.209014152734792,11.085411832750713,10.114481166358336,10.858562418032166,9.878226565641741,9.770550936053361,9.670818807834877,9.579956676851316,9.045621439033713,8.965854466376223,8.437151922282348,8.843319163465985,8.317484369603628,7.327681699585626,5.936704700220921,5.029043613155683,3.7988841821574355,4.050452350525436,4.356626662126693,3.4652027539084393,3.790413860843602,3.295653575980837,2.802132424646588,3.753579041877626,2.724748639792606,2.222917913462491,1.713551709038646,1.1879082807071415,0,-0
89,0.07930446763503188,0.6181496449553988,1.4476811111083623,1.785701341194511,3.0361276462063467,2.8807491358533652,3.6439924621091713,4.890105196008979,5.190439666286901,6.4660433522800655,5.82395011902988,6.15271833491539,8.364064632787695,7.721686375907733,7.174629971727821,7.525458223384572,7.88091672598991,7.826721137260531,7.790329854556182,8.973828564326688,9.346772539349475,11.014162415764424,10.954594402797019,10.491373837303154,11.729248007496603,11.695861983760583,12.09518081602051,12.499152072652949,12.907823221441893,13.750231411796305,13.739487867773974,14.162606857697517,15.459899136231286,14.598009947807395,14.614278274972214,15.47700201937653,15.924235093296803,16.37674999021562,17.70614677036514,18.1727063322907,18.203183541382852,17.809078675969598,17.858449033089414,18.340668658205402,18.82879627615376,19.758543967634697,19.823258724015172,19.464327909294564,19.12134931570876,19.209516371175564,19.722363979724893,18.581841265203472,18.287410822819627,18.004922117526405,17.733701725440422,17.8585341368958,17.987634755494316,19.298774221469166,18.258435629157376,17.638061662719352,18.545775828366885,18.695578453111843,19.23592752438607,18.625005494020417,18.408528830393877,19.335368342331662,19.505454953684588,18.917430571167326,19.47444161609927,20.04022485119747,19.84231729579688,19.65116832267303,19.84465769612558,20.42494693319274,20.2439856286946,19.318785870577514,19.900264994549357,19.73708460843569,19.210054917314338,19.427120336496134,20.020369142307327,19.873867553989584,20.103705574592375,19.9651134719535,19.46403510909461,20.4439444534126,20.690259693537953,20.94130769998115,20.819125313740532,20.70150528343108,21.72392589845581,21.230227101610236,21.502280132318898,21.398108918044855,22.062413740076533,22.740502967796132,22.644840908068897,23.339512333130713,22.466623436667607,22.773415828822927,22.694175890727944,23.405803123143407,22.93927394770072,22.481598718330883,23.20245347560267,22.36040319484978,23.48433564557321,22.64436830909031,23.386080673134764,23.34324022446219,23.304574467675906,22.48163549383786,23.239745595791327,22.42438195993343,21.626391384609317,21.224470967032246,21.591732538136757,22.358275248369033,23.145764390788226,23.1449590470799,23.148484531407696,22.35782880407779,22.368239763709514,21.59540178845739,22.802565575459365,22.827292929248628,22.85661491152657,22.48616036754708,21.32876575503951,22.16178329767035,23.021570087075546,22.257047557083595,22.312087821488912,22.372228244912254,22.850710003811603,24.1943425849891,24.280281933185854,25.250564554324193,24.03551959063172,23.703733713976906,23.80975670533843,23.055209231594098,24.485970701748776,23.2889760761263,23.416602811372574,23.551777185138718,23.250220774300317,24.75745323253901,24.46352696735416,24.17466715379372,24.819798365483138,25.012858496525876,25.698879021059398,23.99866896020049,23.735307359116717,23.009088297929484,22.2922806480258,22.976320492178974,24.177542466453602,22.973197289485793,23.22615726395919,24.49360433167892,23.277332398829007,22.083724324292927,21.391188275253356,19.765089100888595,20.030225620363467,19.83328247221476,20.122821883795964,19.45683245121595,19.277684831950545,19.594551913547736,19.431879417579758,18.77928162721964,18.133566859931886,17.012582730433767,16.862350806164038,16.236640174358016,15.617393978228336,14.537923120005336,13.935320161778566,13.338975563718202,12.303718107077628,10.87119657839984,10.724523185972851,9.75097862174129,10.448727371889442,9.467356295157733,9.334327675659216,9.641504916573044,9.529714108152005,8.977686469457325,8.875825475069425,8.329533760650355,8.7051753281195,8.160761981688307,7.161327049023212,6.191556983641496,5.254922690910156,3.987684912382322,4.236321947580807,4.539567706586025,3.6201586586087555,3.9424745878723892,3.428327869867733,2.9155977224867553,3.8721983154321307,2.816100235798008,2.2952209131894943,1.7668303919910464,1.222016617155106,0,-0
90,0.0744026720102051,0.5945576000285887,1.399918831885277,1.721423707715848,2.9393794255996903,2.7755235902109656,3.5139081614367433,4.726444887245104,5.009724686126968,6.250970693103947,5.608714516232203,5.919994406532858,8.078523196947991,7.435816350983639,6.888431725894192,7.221077399579822,7.558165105095074,7.494470561231978,7.448496216278798,8.594785269902099,8.948556354695556,10.568512642541428,10.498573777321534,10.034347044915283,11.233090622512986,11.18890334786022,11.56763869568882,11.950785458305997,12.338386176870106,13.149586347406293,13.127151993949923,13.528432250992912,14.783408493487315,13.929516372976115,13.933431752134362,14.763064018016468,15.187145429708126,15.616214436554845,16.900766373344236,17.343114233400193,17.359778346439835,17.384218982113243,17.416017492678204,17.875081201028642,18.33976826132109,19.23978231887672,19.2864635332014,18.915845402121295,18.561496798866767,18.6319499096966,19.120260409058428,17.982606754420225,17.67769703578351,17.384940524568673,17.10364688895227,17.211096774099044,17.32270595332642,18.592891244013757,17.558159418572767,16.935990750505837,17.809605275382093,17.941233396844854,18.45478107890362,17.842404959533447,17.616094211850957,18.5066075662374,18.657617997707607,18.068581443094267,18.597104059365137,19.1338889022752,18.925585787704623,18.724068979589532,18.89739763718434,19.447302040248847,19.255624669058584,18.340149322335428,18.89046097408135,18.716540398329833,18.189371992943094,18.385026583066242,18.94562895420224,18.78799513241707,19.359113325547263,19.206968594156166,18.70029912163938,19.642550512423863,19.8667752963416,20.09540709382178,19.959099873367624,19.827338384147584,20.808702855222567,20.30946293986477,20.55764804029066,20.438697223608663,21.06883985470535,21.711950868432513,21.98274937165785,22.6470030534188,21.77067706519284,22.828648417240732,23.122284573008415,23.820129589552128,23.330711393217136,22.850639697875284,23.956574271207366,23.478085390143796,24.609441842076592,23.731018435379074,24.470605241024302,24.407819856393147,24.3494249027569,23.490228668832764,24.24574159136375,23.395141183255852,22.562703750884463,22.13485937257939,22.49184047501356,23.255346411839326,24.03927897523929,24.020215697928922,24.00559641905922,23.18332687325445,23.17610226704076,22.37273043711458,23.58171964432926,23.588876230706084,23.600681014166387,23.206903437948434,22.415170177041688,23.251639057928628,24.114447093247367,23.31586710726538,23.355540948183627,23.400405339661464,23.872466943861706,25.22673342371504,25.297088408358736,26.268527106814133,25.013092272004126,24.65789930758751,24.7487718105817,23.963418326601172,25.402412383907187,24.167482335173958,24.280246088759256,24.400534811748827,24.07690284576507,25.590304042349448,25.274218656476087,24.963407568806357,25.599892470621192,25.77749917363373,26.45414901237894,24.71376191605789,24.42906257398767,23.675828832262074,22.93242537040907,23.60691102899247,24.80326901002097,23.567456059118854,23.804626089446746,25.06546361777402,23.8187279959834,22.59529646077968,21.87791215466817,20.21894338754697,20.468353689307953,20.25147843218312,20.524645988850086,19.835108869208373,19.635934174773997,19.93558941228166,19.752467341099038,19.076902798930146,18.40854202505765,17.263229209827617,17.092994939489394,16.445600197457665,15.804992599169315,14.703452788199483,14.080411334234613,13.463973650529667,12.408702722339287,10.956906036753898,10.792007734793582,9.801009349696418,10.47873422474251,9.480991495051251,9.329134551139799,9.614372225687438,9.481932053177871,8.91239927378307,8.788881321767118,8.225323846313309,8.571368480088543,8.008923871103379,7.000164771776143,6.023210588287319,5.081855811597648,3.822928477086249,4.03949844150596,4.303828217495151,3.389035867519443,3.6632030407040026,3.1368053807758485,2.613554123123235,3.4458953035462963,2.41020325867264,1.8656850374790623,1.3097047988601065,0.7271530871514097,0,-0
91,0.06955558506801714,0.5714089918788969,1.353069312582029,1.6584926220788327,2.8445139087578912,2.6725910195075406,3.3866246512998766,4.566142352837795,4.832846873024687,6.040306223795621,5.398296573250053,5.692589183960304,7.79898312312151,7.156378305985124,6.609098809626657,6.924092146483145,7.24334678892243,7.170650632810682,7.115596563149305,8.22533455135967,8.560501615705675,10.133752322235706,10.053979376406131,9.589237680092968,10.749558983282547,10.695129544698405,11.053902438381014,11.416854941764596,11.78402487229993,12.564724213895667,12.531200219131405,12.91131090715186,14.124773382680921,13.279383014217013,13.271581306741355,14.068896383497433,14.470548013941443,14.876904589216817,16.117495642760133,16.53639229639459,16.53994394985052,16.55111353085317,16.569479199951836,17.004088553175304,17.44399540158499,18.30786113211532,18.340124261441442,17.96609350539243,17.60829183278876,17.66392424022865,18.125803202787292,17.00732489071364,16.698720754073417,16.402224490453477,16.11714490064587,16.57949655429572,16.674269458887036,17.90441516851022,16.875727126976976,16.252292744945425,17.09268647831538,17.20686561405267,18.068148605891754,17.446456582394802,17.20677785944322,18.069730348864365,18.202375974428776,17.60516019532569,18.11011489862356,18.622869522405853,18.40135349507515,18.18679416896617,18.34128918101187,18.866074322480646,18.661338069349767,17.745766907437837,18.270427285327372,18.08379776075605,17.55089075086336,17.727146452778136,18.260922948541488,18.090611834284203,18.634087443808568,18.46907724844479,17.95740748189408,18.863066294678493,19.06606186770241,19.27316157636228,19.12351114324009,18.97840803792001,19.919930944381296,19.415859723544866,19.641177819371254,19.508332661488776,20.105511218389633,20.71488032889389,20.961064007601262,21.971491355717333,21.092139614398615,22.112862909765173,22.382451352422372,23.048419801660383,22.549112014686003,22.059434910735536,23.12422587168394,22.636014351175863,23.72441659749228,22.844683278269486,23.5484829847188,23.46695245643711,23.389665905740287,22.530195250724137,23.247712553225572,22.39731904548453,21.56563671639347,21.128986820375996,21.45668326158736,22.17957988815312,22.921636206162727,22.881794587520403,22.8461171273729,22.025742445633913,21.9973477012357,21.196590511795137,22.347286863275894,22.332001140546264,22.3209848688616,21.917164314202527,21.128865441982043,21.914754567383586,22.72516716954544,21.93000843196507,21.944449104686758,21.963548226015448,22.393953828132386,23.673589908767962,23.71497802862881,24.6233883342214,23.387882867625166,23.019207811210165,23.078903243832197,22.71893479454663,24.086072628258115,22.86346212113551,22.945281627936676,23.471064640169047,23.129207745779976,24.578013094389846,24.242220278872324,23.91158249106246,24.502351406446113,24.645682264511308,25.27298475387033,23.552940654383143,23.710812735848513,22.945489683714257,22.190488565500686,22.822377289772952,23.96262014964195,22.7260472809696,22.927578071531673,24.125666011202192,22.879345803374456,21.657439393889614,20.928869848091555,19.287613974771933,19.49838338981082,19.25648696213105,19.487970311739357,18.788285005313124,18.562178368262657,18.815928443398743,18.60346863513317,17.91742095633398,17.23905024639772,16.10517362986772,16.371107875047525,15.710596356098627,15.057353853156902,13.959412201932635,13.325441708990105,12.69866765077011,12.079057575351563,10.631333238799128,10.861262473858002,9.852653752914916,10.510558016754253,9.496331982515908,9.325763675796473,9.589363428372831,9.436532426876788,8.849664610053228,8.704898359529654,8.124375307396424,8.441695901795708,7.861731055260116,6.843935312479157,5.860144626250051,4.914485986703542,3.6640030188831703,4.225055100538239,4.485676238589021,3.542275984474686,3.812783035053663,3.266357460470008,2.723281261700967,3.5599469845529446,2.4964859503014094,1.9323881682938593,1.3569322153786627,0.7549241626792109,0,-0
92,0.06476199907408163,0.5486957325755797,1.3071166635729476,1.5968854735137683,2.751499471560616,2.571914233563079,3.262096691659637,4.409142666100069,4.659744202601738,5.833977585989753,5.192619663809505,5.470418522690357,7.52534584428149,6.883269244059699,6.744545727818494,7.0386018198674085,7.337439615200062,7.242212189650668,7.166284988801369,8.260194695920063,8.576028677377499,10.131084547765987,10.030858585222303,9.947464513374198,11.103249990333252,11.02101140428857,11.35979192967924,11.702900036782111,12.050335077484988,12.816084769609404,12.758238163305869,13.118755147058794,14.319371111675022,13.444682261498276,13.41507797146384,14.195537627596053,14.577723793874094,14.964505165894055,16.187786402324516,16.586237566381364,16.56861847581619,16.559067583427588,16.96996773569019,17.385943085967927,18.22837067014591,19.08444767228116,19.089861389190432,19.102468298650702,18.703514557895325,18.732341501451142,19.18033938550151,18.000758225412067,17.656858044448168,17.326403942724117,17.00862047174987,17.459730904539985,17.533169523884723,18.77089221300663,17.69308383274017,17.031722864605243,17.869820294059593,17.964321768847768,18.822117776180544,18.16531430324005,17.899281227146663,18.757998858710028,18.871802240507623,18.242692295020923,18.73598811092822,19.23672715467903,18.991077646760605,18.752970850807984,18.88987527754529,19.40231836436681,19.17494718587292,18.227782568091172,18.740224297181275,18.53237121702691,17.974580368073553,18.134530812105204,18.655656265238566,18.46530794531872,18.99565706957271,18.810915623184666,18.276955327553015,19.171799623823947,19.358125826306882,19.548465435626568,19.379834631698028,19.216013896784006,20.14431346662457,19.619903965783006,19.828235007800263,19.677056025079143,20.258132878968134,20.85085316539126,21.079202373584163,22.072478460495688,21.55061970370469,22.562296174098112,22.81522043112258,23.46753425069926,22.945068201904167,22.432761852765367,23.486001239096616,22.97550107164647,24.05119155011189,23.147377308458616,23.835563048765724,23.73435923269781,23.63750037986904,22.755792155939766,23.456660508316762,22.584887459762903,21.732546827406434,21.276669564814327,21.5865942534474,22.29169562280414,23.015185972276765,22.95617738384689,22.901321340653713,22.062624842603928,22.01537149920484,21.197280594922333,22.326446378678988,22.29193971244672,22.26161943720658,21.83999743308997,21.035930576504498,21.79885411964264,22.5852415673764,21.774834111897313,21.769397960000983,21.768439295122796,22.175490857659884,23.424257444806354,23.4439911093534,24.32256281086658,23.07690015313346,22.690318966014658,22.727658551005057,22.349853214864382,23.678616113630493,22.44836222907943,22.50654836549655,23.002217061332825,22.64180811818414,24.045380193042966,23.690021988320755,23.339827803452447,23.895579721110497,24.01057383128231,24.60017499131897,22.885397157276632,23.013726632968865,22.237040450085136,21.471202754212975,22.062291686929765,23.14874273490385,21.911971908014987,22.079648309561467,23.217796796925132,21.972585067385463,20.752928973385796,20.014413886235182,18.39118346407995,18.56565865515913,18.300713664984183,18.493201307481005,17.785004292022123,17.534339935070854,17.745433839245617,17.50639110818201,16.811987616943934,16.125848331329358,15.004892403658534,15.223272404703451,14.556218976260286,13.897118805711047,12.817268087503923,12.602666236167082,12.392747322622402,11.75937522549177,10.315790356311366,10.515917736684015,9.505335685315973,10.120781846389606,9.51335829240432,9.324182095470954,9.566425292862704,9.393442298370847,8.789393272666423,8.623760734416978,8.026550544884426,8.315968309867891,7.718960839380991,6.69239710001783,5.70209782233909,4.752531349319,3.5106296766253045,4.031590880979315,4.671207814656144,3.698820334182778,3.965280454125051,3.398453447738955,2.8351826145295895,3.675799143590584,2.5842188098668686,2.000191053190462,1.4049156640336706,0.783116859607689,0,-0
93,0.060020745850231066,0.5264100154321513,1.2620455759100426,1.5365804861116372,2.6603057173057674,2.473457484577741,3.1402808440311016,4.255393139008454,4.490357207724607,5.631915439840805,4.991610385963004,5.253401852071402,7.257517017578453,7.0503598943865065,6.883011684258857,7.155638195573926,7.433689380036346,7.315561705370741,7.218497900286234,8.29664803734919,8.997519083786042,10.561813121298213,10.42896917467842,10.315256483243394,11.465880338663183,11.354773270496736,11.672787115723615,11.995369702153011,12.32247238126128,13.072878352866825,12.990127746777235,13.330659969393011,14.518317908229506,13.613724018333611,13.56199142253583,14.325508274443406,14.688086277087187,15.055188618524072,16.261269896950584,16.639238580546042,16.600359299853544,16.57003431057231,16.960689597676698,17.356269916780487,18.177724773006176,19.012169844589142,18.99708380302457,18.989497747002535,18.572021341545813,18.581406220252457,19.008320814251096,17.815703437017948,17.848011202402578,17.49533493472581,17.15611204703578,17.58948429177736,17.643649331587653,18.865343751750814,17.76553928467737,17.084292116558515,17.904819092302255,17.98076047042702,18.819896147180497,18.14488759356411,17.86103154113428,18.700232934212753,18.795578805407317,18.15024817391493,18.62420163773689,19.10520760604383,18.842789641192265,18.588256716157158,18.707012568407745,19.199021167859467,19.325313756630685,18.3567038145726,18.85250787514669,18.626166962837527,18.049706181975814,18.192366769732,18.696285148542838,18.488358805791453,19.000967601670187,19.15888424428267,18.60221572008072,19.486105668144788,19.65551682741639,19.82887232605571,19.6409934762117,19.458208661571774,20.373254572634764,19.82823500780026,20.019458836285594,19.84978006428739,20.414742203225224,20.99082360333014,21.201300843359782,22.177553069267102,22.01711086163657,23.01951746246746,23.255453623778823,23.89387303033859,23.3478395233165,22.812515817224387,23.854086889408112,23.320947594150322,24.383854057312707,23.455580255608467,24.12805531132665,24.006969270816043,23.89034819401837,22.98609611905658,23.670298740698886,22.776874539369768,21.903622649413986,21.810089614187,22.105473809929546,22.799784469709696,23.511883463695817,23.433657045471495,23.35966833034694,22.495346007639895,22.429439769162116,21.58682070232747,22.70613638982512,22.652934565689,22.60393991091408,22.161403336718127,21.334659827780595,22.08327048119171,22.854537303035492,22.02216581464437,21.998121181008624,21.978492978639675,22.367760346962328,23.599672396729286,23.599675665568263,24.45891312463166,23.192624115215615,22.78617846769831,22.80359416282192,22.406178401967345,23.712564049278573,22.46425565498831,22.501866027361846,22.975253902085857,22.59514343430336,23.97133096951344,24.04344242971131,23.671762972536637,24.210111362424342,24.305291184782856,24.876257222357268,23.135750913395235,23.244064970582965,22.44524479428571,21.657764419592247,22.229219287192603,23.29516357004946,22.036965670738443,22.183197426285712,23.29795743871346,22.03254027668066,20.79352223639647,20.03521942309041,18.395642797742966,18.54831246601776,18.26296555880862,18.432546946093872,17.70621040967915,17.434855930019086,17.621636857588815,17.36120059790152,16.64944126423604,15.946437524239213,14.813957937817323,15.006374538248688,14.32365164193975,13.649425803662034,12.5614675422235,12.326445901108226,12.095724795293084,11.449185697764088,10.00980906731759,10.181437574672257,9.169335207696623,9.744273044579296,9.126210985917218,8.915206362807787,9.121466033648028,8.923708492684618,8.30936199290661,8.117601949111366,7.511006476001364,7.752375369371924,7.14547209979557,6.1333909252232575,5.5488269944737425,4.59573009907142,3.362549732042164,3.845443911972751,4.860444479909927,3.8586874769790125,4.120713355713604,3.5331092670673487,2.949272043876119,3.793466029942442,2.6734128909376476,2.069102512262628,1.453661670018313,0.8117352573205217,0,-0
94,0.05533069506573725,0.5045443026142487,1.696155295054974,1.9004487362079046,3.0543539225269445,2.788707186313055,3.4455394305175955,4.566636490138101,5.234592466031069,6.400111499975439,5.648960064123015,5.875657943509056,7.946112429082129,7.67738960872688,7.457183553963699,7.701220674568048,7.952505629744815,7.794639279941141,7.661755517005343,8.742954533709664,9.432611503109449,11.005419745699436,10.838369578661686,10.692962462898253,11.837784085203188,11.696704645933982,11.993147548160751,12.29449657264321,12.600645023827644,13.335296185350451,13.227034399059203,13.547171765072926,14.72174921762222,13.78661733893907,13.712412971550982,14.458887236535178,14.801700242905428,15.149006080840374,16.337986151227245,16.695421912920228,16.635179275414707,16.584013563340452,16.954471537824094,17.32973256799098,18.130396656991305,18.94341710201607,18.907904722507993,18.88022571339479,18.44427699446156,18.434370163673563,18.840447543187537,17.634774016790143,17.648837954861374,17.280501125430064,16.926152064713254,17.339232731966884,17.75769749756474,18.963485157330183,17.841361457144117,17.140018818278662,17.943086013118663,18.379098431799022,19.20673906682871,18.50419059526647,18.197545937624007,19.024574144683154,19.100775735121996,18.430706540748055,18.888862907781583,19.353736213762026,19.070422225029212,18.795498023235865,18.896125737100434,19.37163052403292,19.47966748476849,18.48929256091079,18.96844389027697,18.723481866036366,18.128171308445623,18.253520152134463,18.74029898809921,18.514744411470634,19.00972162476337,19.14990254955454,18.576455385794965,19.441390095112165,19.592782845536973,19.7480054488823,19.543116822409203,19.705104553619766,20.606858442353445,20.04094557463165,20.214932159489937,20.02657722857072,20.575401951686263,21.134844276166163,21.327401465014624,22.28674613721383,22.107309732314338,23.09154004713519,23.7033558035875,24.32763336877811,23.757610436525436,23.19886897205156,24.22864847559123,23.672507632599807,24.722550514505087,23.76942591601498,24.426084728129798,24.284896916388835,24.14831312481551,23.22119958689469,23.888709917664542,22.973352119652557,22.078925616006266,21.966665209016366,22.244053356837163,22.92051706331569,23.614049428857253,23.516425197411575,23.423064773668816,22.539979719482847,22.455092508952657,21.594765725945763,22.692946572910348,22.62052137327857,22.55226048955513,22.488177276031212,21.638418791454082,22.372623651290574,23.128703096913327,22.2740751623192,22.231270054338395,22.192839090362558,22.564274922405072,23.7794517910024,23.759658331659747,24.59967198641979,23.735345090863266,23.306504249605506,23.305769131643913,22.886378697820096,24.185434470307897,22.908222791414225,22.92759436651365,23.385693364841742,22.984071886165694,24.349597743428514,24.402359209435332,24.008928371445954,24.529741230344836,24.60493899482066,25.157190571796097,23.390565108601102,23.47875465037886,22.657573607976058,21.848239140999652,22.400086862206184,23.445673119752378,22.16580968383769,22.290635320393434,23.382275145725348,22.096461592457924,20.837906189813975,20.05975891951218,18.403589416140328,18.98194839124928,18.676592232128307,18.830192368870055,18.080076262992495,17.788944399668697,17.959331392208064,17.67898509338927,16.94443532456696,16.219059914647524,15.06208660341585,15.237825406942507,14.533809064577353,13.83872754845148,12.728724532844192,12.475390419976263,12.226283260873101,11.56049530903189,10.101185213880948,10.255755703080863,9.225989177712066,9.782804721864379,9.55240214343932,9.32626910136589,9.526567017002842,9.313922586102152,8.67591145424654,8.469593620655274,7.839764056069753,8.075651452027536,7.445870425920183,6.4025085249881,5.795600016892473,4.811919122750968,3.5402568813719393,4.026612834668481,5.053409437885588,4.0218973834039495,4.279101088725661,3.6703419368224606,3.065564314261642,3.9129627015056343,2.7640798661767803,2.139131822508798,1.5031770632488932,0.8407836001659957,0,-0
95,0.050690752619823067,0.4830913133844206,1.6452945344331382,1.8350481622807495,2.9587680992945335,2.6866408600105918,3.32093124457613,4.410985295731625,5.05580910721471,6.189499488589809,5.4401808545377905,5.6517043583143,7.67233788955989,7.39666291088784,7.169455180831134,7.39764775402235,7.63293473963096,7.467819067010742,7.327626055345188,8.784260578907361,9.454938039187596,11.009555686527706,10.820822441849947,11.080953371518572,12.219315417406747,12.047111570422787,12.321146941576497,12.600525471618592,12.88507178801135,13.603538983104542,13.469131571898918,13.76844399236316,14.92980721533309,13.963476706332175,13.866438674932162,14.595757927897484,14.91863464814258,15.246012618533726,16.41797920362941,16.75481802283657,16.67309495592579,16.60100877455346,16.951304717975855,17.306310073076276,18.086353149473197,18.878143783422157,18.8222666913869,18.77458327427592,18.734666542078,18.702128811513848,19.08909397982541,17.853175185190008,17.846463379643144,17.455532299833838,17.079436718970562,17.474829206815645,17.875371462247998,19.06536369155558,17.92058363950598,17.57251913469301,18.365030033019483,18.78534579894089,19.601198497196204,18.870494615932756,18.54057257915098,19.355217673719842,19.411927587566343,18.71664333629016,19.158790963704515,19.607345278966175,19.302820686768182,19.007218456225054,19.46266786876273,20.305262596760233,20.39430824426576,19.35922289540321,19.828898946251996,19.557836166241547,19.294133835020236,19.40267888075224,19.88391493181624,19.630852677592067,20.120167690422402,20.244004742283085,19.63403531592348,20.503227134783415,20.63867583679931,20.778065408483467,20.548125757332475,20.694674614260805,21.598897753786552,20.99985882424023,21.158607915485753,20.94674099322894,21.488736725553494,22.04100120140552,22.21826832007769,23.177481566151283,22.975011871480593,23.958189211803806,24.96670476246827,25.58697502165991,24.982213997985795,24.389494664124417,25.425163499471086,24.835791974967243,25.891067413180792,24.89614368141289,25.548419379753486,25.384629790170738,25.225753292521812,24.259433699245637,24.922442532930155,23.969082496372327,23.037547366814614,22.904992122930583,23.1701321262941,23.84190907559637,24.530335921333528,24.412520473523895,24.299166262313786,23.382222257183898,23.27801323276208,22.3850735331052,23.484280900580128,23.392850489552355,23.711642836319427,23.62908034091332,22.741617353613726,23.477163034540766,24.234237403496298,23.342988369675666,23.282626104256423,23.226797679662397,23.589917930556066,24.814245434516273,24.77696662062566,25.616668348638882,24.718053927266094,24.263811987542198,24.246176215811683,23.801963596779242,25.1080477993224,23.790690887670557,23.793604925900283,24.242781127076615,23.81731997484939,25.188113810944557,25.224153530624147,24.807100704333134,25.31809649823017,25.3765511527333,25.918477448099807,24.10959264904178,24.18135562205285,23.331570221963993,22.494116958166863,23.03569800962784,24.07613455781857,22.76322661779582,22.871632715229143,23.956827877628985,23.11967297890561,21.818612719557724,21.008959665256356,19.300868755215994,19.879618784413683,19.55409460530737,19.697976219329377,18.91794560586645,18.60733983709687,18.768506749631726,18.469068331893318,17.70572823226192,16.951891943202384,15.75699174984278,15.924434215273676,15.192852321652632,14.470513212784203,13.32399984730341,13.053565070126856,12.787537986742374,12.09561828514627,10.591815848535033,10.739466886409984,9.675205603547491,10.23453132806583,9.988377253100753,9.74664895933892,9.940519002583157,9.712531781516763,9.05041071233823,8.829090124079896,8.175591792020375,8.405558246722093,7.752475486004877,6.6774177699854675,6.047749365619738,5.033074466505635,3.7225154126726063,4.211936045150947,5.250127590983194,4.188471465841556,4.440464317143024,3.8101695915309564,3.1840751129829394,4.034305038615214,2.8562320396307275,2.2102887276737286,1.553468985541122,0.870266301722101,0,-0
96,0.04609985910966593,0.46204401294158487,1.5953129217946316,1.770930950687792,3.380578715978237,3.0185745000208506,3.638236135739225,4.7317382761691045,5.355918774715003,6.483182756613872,5.6751541674343535,5.859369908460345,7.887996770380446,7.576202859102706,7.317675012830642,7.522810692589176,7.736076704615278,7.546830764456241,7.384610893522074,8.827323646365278,9.479014723749698,11.015659830890716,10.805150275326646,11.479623871505613,12.610850200783071,12.406317839749194,12.657074190160209,12.913714263739205,13.175982717366182,13.877817588719786,13.716601251809651,13.994637609757012,15.142641200549294,14.565589447160756,14.438019421761565,15.155867224206991,15.458125536697311,15.765090436758324,16.931786475028883,17.683664162076482,17.568477574859944,17.464279042656422,17.794952092663905,18.13049430814075,18.901592421549925,19.68372855528954,19.598312428799897,19.522028922789147,19.454379203018547,19.394910078433988,19.763619756481003,18.479215354163276,18.448342443011878,18.027016750166666,17.621721333585533,18.001291388113295,18.779349717050692,19.975106317286745,18.777041114156045,18.39676153581971,19.18487941071241,19.591418238932008,20.401687559310528,19.63237155942154,19.27316455113414,20.081860230548997,20.11742741505827,19.38741017744063,19.81619879925997,20.25115054161042,19.920375837170997,19.599239474784664,20.041242013977165,20.87560391036337,20.945153127477965,20.253011783631038,20.71232418556533,20.414121171895047,20.123941331363895,20.214419124214366,20.68530222538795,20.406904863062888,20.885697969402752,20.9917895082423,20.350779926710096,21.215824871586722,21.33380819783678,21.45580235997988,21.202635559839422,21.332092278124716,22.23025653114302,21.60318528303647,21.74491416194093,21.511106414410186,22.041001201405525,22.580772367881814,22.740783540055038,23.691056673082706,23.46688601854023,24.44009303271138,25.437825376455223,26.043060438008933,25.413071236934208,24.79574433557712,25.818972865273242,25.616146069723893,26.66690767206896,25.637533659260857,26.278977816355894,26.092955163634855,25.91210033459642,24.913755186119865,25.56554737375945,24.581289334255448,23.619717786923154,23.46694808373686,23.716369913955294,24.376393461587163,25.052528489146827,24.914322784031413,24.780716949586115,23.836752049862962,24.118202438863285,23.19191441573761,24.291635167811815,24.180579208934752,24.486195699631335,24.384150530813926,23.465356578340238,24.193657567145127,24.942949909491688,24.02135890932786,23.942078307781106,23.86741340574865,24.216807042684962,25.43684014292807,25.380255274392077,26.209680428589962,25.282814079908132,24.805143775433386,24.768426243185342,24.301263786263746,25.59937400470394,24.252042289085885,24.23590469118562,24.669088997802373,24.221285924255895,25.58095293841027,25.59696202327013,25.157418847853577,25.650358453746836,25.688253985144367,26.211029868320537,24.375104460196997,24.426266022599613,23.55346395750517,22.693529639833866,23.21524305654553,24.23524541641969,23.37019775244202,23.461748181785037,24.5401311808633,23.675588323679168,22.342793534568337,21.506810458079535,19.763746745125225,20.330538510158437,19.984080142442334,20.111105613836955,19.30638359069968,18.975139128758155,19.119104924342576,18.798940744772107,18.01198192877114,17.23496672617717,16.014751207741277,16.164824561595605,15.411207165484347,14.667292425589117,13.497995249692627,13.20861526492684,12.923598598165881,12.211805961495138,10.687370592624966,10.817492763915823,9.73496616348226,10.275843230479238,10.01110611647311,9.75058658756519,9.92340885526619,9.675469566585834,8.996147944301528,8.75456540983327,8.084719037894068,8.288571181228393,7.61933537165361,6.535874014512975,5.892718849842064,4.874242232227518,3.5720129191674506,4.401439295846427,5.450625571391049,4.358432610737856,4.6048250450939,3.9526115049858483,3.3048210712176105,4.157509758911258,2.9498823597012205,2.282583448593354,1.6045448981313166,0.9001879492629534,0,-0
97,0.0415569883785346,0.441395601815927,1.5461963138463837,1.7080775160383659,3.2805557779138423,2.9128494005489616,3.510771599382042,4.574095353130592,5.176012460637183,6.272377306734814,5.466964126519173,5.636879700537358,7.6167659941698815,7.29887742533164,7.034213383557536,7.224433324506608,7.422642896680731,7.627838398196689,7.443259575654037,8.872173456206923,9.504858948036611,11.023739780964922,10.791346991717992,11.445241285276463,12.555047813678085,12.330152182799992,12.560447217326386,12.796842831977143,13.039037290823657,13.718800279486459,13.53986314384457,13.798114494855636,14.920489953624507,14.32958044515225,14.185711925086059,14.880331875773567,15.162762462303847,15.870623162393663,17.020176130193146,17.752365526082507,17.614748110174652,17.488789569497783,17.79876797565131,18.113599365034837,18.8638907936166,19.624673336085024,19.518446825019783,19.421788793242786,19.33416055271672,19.255072468805242,19.602955879406906,18.304635196215234,18.25546578668287,17.818285397928605,17.397754775946453,17.757420517206302,18.512540398939418,20.08735752248153,18.865370955422623,18.464651053442264,19.23495018898035,19.62257883680085,20.413937980235755,19.624987286099117,19.246972875588842,20.036185393419483,20.05281306934811,19.305597649639097,19.715048976703937,20.13036235244942,19.782416513635688,19.444544316234772,19.86669788415308,20.678928729800013,20.729891301111756,20.023785105394754,20.46238899305026,20.148427807458983,19.842810428063586,19.91515028732129,20.364662719692717,20.07119314194412,20.52813600931255,20.615646793034056,19.963689110713798,20.802229022091232,20.901319047903947,21.38204721939104,21.11117664008249,21.221989214496833,22.098609291728145,21.4555269654957,21.57832315903197,21.327401465014603,21.836180425453243,22.354332547478897,22.494694294955444,23.41981442686432,23.571197331956483,24.526074271284973,25.504597023538444,26.089702562194127,25.439534186425142,24.802584245909603,25.804702112055587,25.995372644765535,27.032412561903307,25.976430340503615,26.60112346481989,26.814714434621074,26.611297531583926,25.580241685760143,26.220396176708444,25.204597748013832,24.212372015249247,24.03890514558252,24.27220098442144,24.920139195977075,25.5836706362154,25.424664055272405,25.2704141097107,24.708099813543875,24.97599818612657,24.01560935583897,25.115330870829048,24.984019407349876,25.275891076711126,25.153766091322332,24.202974150653407,24.92355209569699,25.664601418592625,24.71204812796219,24.613332205631387,24.51932948537531,24.85455403934549,26.069956808901043,25.993612088121576,26.81241666539128,25.85678237254311,25.355230673254795,25.299040715096055,24.808506294866206,26.098430825769107,24.72063415059231,24.68511878313547,25.10205355312567,24.631564963047474,25.979996673009044,25.975723854834083,25.513398338410813,25.98812911769707,26.00527347276647,26.508796036199723,24.64540792648204,24.675833247763602,23.779759824674297,22.89710566040238,23.398950414178163,24.39863499976579,23.51121509761312,23.580852797552993,24.63607136555674,23.7495340907458,22.396123659359432,21.539410983919566,19.77860533769651,20.32175731305352,19.95413243915211,20.057805629211476,19.234093177121974,18.881634003654703,19.001136975129445,18.659255027034476,17.854394297455052,17.06004347419908,15.827572513699922,16.408674075339437,15.632746644934869,14.866996774131152,13.674622509078004,13.36611892751541,13.061957272828996,12.330101102251016,10.784742116201562,10.89730278787948,9.796313696548077,10.318851392146714,10.035541375140598,9.756282635009526,9.908266148102946,9.640541949161983,8.944112341456067,8.682556219177465,7.996562305525006,8.623128095165091,7.9297920509574,6.813866645083807,6.1471787813742695,5.096968906934408,3.755142605273264,4.595150155947344,5.654931773593257,4.531805211638769,4.772206643176596,4.09768811431708,3.427819785831726,4.282594433298922,3.045044432849094,2.356026694078785,1.656412589565753,0.9305533084382651,0,-0
98,0.037061146139074984,0.4211395057827658,1.497931081464702,1.6464689954930387,3.182282598957987,2.8092574901811536,3.3858949373943426,4.4195322311484855,4.999653519676034,6.0656227068872255,5.263216552826056,5.419288809631567,7.351021333540301,7.027479285731763,6.757124644019263,6.9329120001763505,7.526807039416046,7.710901156401858,7.503612450331729,8.918842105836044,9.532490323725549,11.033805540140609,10.779408649249286,11.412823600678497,12.501423791860985,12.256182135817422,12.466147149106154,12.682462183328315,12.904776099589819,13.562748634362269,13.366275210316163,13.605010122626041,14.702160969729508,14.097590852301142,13.937699951108032,14.609493581646158,14.872461845908541,15.55677899437919,16.67812186890026,17.385670399531318,17.2321270123567,17.090539327001842,17.380181269727224,17.674553809546367,18.398943422924084,19.133350191212042,19.01153378485392,18.899451012715296,19.217618277107253,19.119014069158663,19.44626999879984,18.133973623541323,18.066682212628677,17.613776653549444,17.17816254292959,17.518223404429385,18.250787341540136,19.796637181449324,18.56606536444099,18.536032584533903,19.288582598996584,19.657315992169888,20.429880613191518,19.621125650263853,19.224238227559287,19.994145614233993,19.99188537161753,19.227400585918186,19.617680449505837,20.01354154418573,19.648487138398597,19.29396224549261,19.696510208971095,20.486945190433296,20.51953176454002,19.79954558227274,20.217760131906616,19.8882336890144,19.567389435329606,19.621891837668098,20.050425751176874,19.74214629604666,20.551047070077654,20.62021541805627,19.950406934271005,20.77010106033119,20.850814507904527,21.692813465612353,21.400992025833812,21.49359157374547,22.356312351619238,21.690710854892114,21.795279508657146,21.524504084593413,22.01659041768227,22.51763419085343,22.63941389346458,23.547609785515824,23.679895620117087,24.616567090897906,25.57603113616942,26.141103143718773,25.47062901664945,24.813949676827946,25.795195155122588,25.965323252513627,26.980002080591824,26.321775992416462,26.92958006869948,27.12366613173923,26.89866592251972,25.84270137390176,26.465201900626838,25.425578108146567,24.410373970201746,24.216938177267306,24.431312324032437,25.060805107429232,25.70526070129803,25.525909726248766,25.351414462986707,24.768983088490806,25.016759290843613,24.03716053448151,25.115500274769143,24.9640770762095,25.234857910135386,25.092470653965787,24.12419465235308,24.821722808451067,25.538825177622126,24.569586737184576,24.450484636690884,24.336030548908866,24.648069656360857,25.83386745598842,25.735890811620198,26.526039788511543,25.555350344635208,25.03555967240098,24.957302139046213,24.448829362943773,25.702602848347787,24.316193603534398,24.697525505427688,25.091934160616866,24.600914656408385,25.922714888055086,25.89562796251065,25.412352775138977,25.861545728503838,25.854960645952765,26.331379098794866,24.456174709573745,24.462584349754728,23.54950196738916,22.650450131287812,23.123918499784583,24.08929592811562,23.18566526938044,23.229143688786728,24.245953088648843,23.343434306666328,21.981018896342423,21.109820005145707,19.34886903727353,19.85782266725789,19.46966063283693,19.544557667041214,18.708311297376643,18.335033505075803,18.424037371508646,18.524587751131065,17.70196841509956,16.890454694527403,15.64576483631075,16.19703623810174,15.405153857256678,14.624106027046698,13.42305988268821,13.094721377033661,12.770544431867608,12.025900728962874,10.484029786335869,10.570049278927446,9.467713364486366,9.953121855135135,9.650112453539624,9.350764521359585,9.469755887399323,9.17988722658038,8.475161904203636,8.191045848554548,7.498495979633644,8.064553060182256,7.364080623845306,6.264407342139563,5.595798054273704,4.939549347625105,3.6059096870548824,4.399495520320328,5.397231249524045,4.277860665633159,4.471472252281305,3.7857227120095627,3.107365390304062,4.409577503052931,3.141732538079629,2.4306296723762504,1.7090801839822354,0.9613673281782394,0,-0
99,0.032611368667131435,0.4012693662614272,1.450504089404606,1.5860872187790436,3.085733085344083,2.7077688004234606,3.263570152138668,4.268005590887458,4.826792283883187,5.8628614318271,5.063851292705961,5.20653168894296,7.090686166736334,6.761927661579489,6.486323712978078,6.648155778451539,7.21922556956168,7.389049686451448,7.176204962975252,8.550183551708317,9.140029634277898,10.599112167401664,10.338526607283319,10.947313595796412,12.001731737194378,11.749884705210201,11.94380364778892,12.14389800547893,12.349813009511317,12.981643001874868,12.777964864783302,12.99974394908507,14.487552781064846,13.869513166821019,13.6938689162851,14.343227642419148,14.587090310689462,15.24828853957231,16.341914409739683,17.025279326969862,16.856177319154444,16.699343541216976,16.969098723269088,17.24347649674425,17.942495359905358,18.65107277551249,18.51411939766366,18.387078095051887,18.684537536557087,18.5711104104323,18.877451523148387,17.569501065357628,17.48799059381707,17.027588866120333,16.584811804673095,16.904153308246762,17.608674169342443,19.111519625252924,17.888307016497894,17.84399013598597,18.56701462874072,18.913414673223496,20.050420409844573,19.232194655549478,18.82251029414331,19.567208583252935,19.548000689291214,18.775815526725985,19.1447802608443,19.51901825544247,19.142198558662816,18.776218497281793,19.156807533762777,19.919378404886807,19.934871594688442,19.580156124932195,19.97828797641725,19.633379797119208,19.297510017582702,19.334464203762362,19.742398219511053,19.41956168280719,20.204079099142344,20.25523071684608,19.57477788737821,20.368900612922467,20.431394298355762,21.246627920203032,20.940462209441083,21.014377590451744,21.84881221428106,21.17376008413666,21.25925517665238,20.974496826756642,21.441955683244355,21.917848627849235,22.019713424837384,22.89589127711463,23.007507104021176,23.91063091639034,24.835549795500725,25.37179136589778,24.692584078305295,24.02758852507413,24.971939649599445,25.119010569933828,26.094967767270752,25.428371392127733,26.004049549176365,26.173499753728596,25.93194338786502,24.87668079568319,25.465338666810226,24.42714760764196,23.414049797007422,23.59954352689483,23.7905740258913,24.390046313934693,25.003620866365875,24.805992914536453,24.613191375474145,24.019545015393366,24.650114480984982,23.659137429638875,24.706193017518196,24.535301245095855,24.78199144015365,24.619855887705924,23.641790784028952,24.30942894023396,25.418492396345215,24.432542807407273,24.293245573274874,24.158554813621546,24.447753959933994,25.604550340787508,25.48524454061817,26.247313684969157,25.261682112876507,25.157491834219023,25.058418908148468,24.52915213832393,25.76117145345327,24.354879949397993,24.71447937221812,25.535426217741165,25.021173685880267,26.33174890352225,26.284045979567633,25.777553569443004,26.208431932872724,26.18089229011724,26.63806313559846,24.734636564432343,24.720232851914513,23.78351205046236,22.861407756752666,23.31524007007723,24.26080816621074,23.334598481155748,23.356412307480365,24.350834796981772,23.426257563795552,22.042962501204798,21.15104917303398,19.371923391982033,19.858093394862102,19.44919526403052,19.501533209154065,18.646578523297045,18.25274010897255,18.318363453115627,18.394784033757446,17.55453379040085,16.726013776850966,15.46913177096367,15.991298152120656,15.183727248975355,14.38768475124545,13.17811169373328,13.255685411344233,12.912324574718625,12.147466147777992,10.584216015702193,11.062357001615771,9.923824258110509,10.40996608750805,10.089499206955438,9.772871950925962,9.883740313843726,9.576885264319367,8.846465230058978,8.545747320570156,7.827995063314784,8.395248117672388,7.669924072319895,6.537076707653423,5.844218648629261,5.163993963112968,3.7900308730237136,4.593389773566396,5.600907859397329,4.449904719753339,4.636767891860458,3.9280246988864387,3.2269268843572094,4.538478298120239,3.239961642259667,2.5064041032402513,1.7625561498084448,0.9926351458367579,0,-0
100,0.02820672156180461,0.38177903116750217,1.4039026770203913,1.5269146795538568,2.990882152569484,2.6083545374522625,3.143762692987912,4.119473895262844,4.657381160597955,5.664038382894751,4.86881077558148,4.998545638097941,6.83568722168526,6.502145360423264,6.631008503005891,6.770458872575949,7.324333291402497,7.4731206752479755,7.2376157543671935,8.598513840785014,9.169749201378417,10.611976879266402,10.329696467861934,10.918587857534353,11.952529893757736,11.680804985274676,11.85500779719234,12.035675147409133,12.644054001978946,13.259250600575282,13.028226487682545,13.22869969441129,14.708105007234634,14.060612753738338,13.860949321965219,14.493090840024003,14.71668129951562,15.359983539158875,16.437142148997502,17.10133737546196,16.90995210856768,16.731596033604763,16.981181112640787,17.235440537123694,17.914510133778364,18.602651777201036,18.445466758576472,18.298695081223926,18.576012386830737,18.443488012663,18.7297883381451,17.407988264063658,17.308894960569884,16.833224478987994,16.37585761289372,16.676353455126065,17.35922809367913,18.83429566053362,17.602871542789952,17.542123827298326,18.242158273541385,18.568524351379864,19.677886196278347,18.8504159533676,18.428241481913997,19.148242971596087,19.11248905704317,18.7053059915124,19.055588354267496,19.41090099986858,19.017264062486195,18.634960416878634,18.99657761895107,19.73816145270222,19.735849082348235,19.737764295896692,20.118742106297496,19.75397342430541,19.398751491104164,19.417661837051984,19.808270569313308,19.466906700102292,20.60795601019922,20.64044668377447,19.934575625416198,20.717131628074203,20.761276035332987,21.563965472092644,21.23654203638169,21.292121613991995,22.112862909765166,21.414958233127805,21.48222058381297,21.177498453361107,21.628480363570866,22.087522505005676,22.170955563102705,23.030701816589584,23.12345157594702,24.008956918370256,24.91545810715193,25.43219309598334,24.732742839784503,24.048118660606015,24.972416385444728,25.507827127613695,26.47047015139827,26.193498465488577,26.75737181572953,26.908902963013684,26.643827913541053,25.55454459294329,26.13113487502037,25.060209726236238,24.015330129939336,24.184190257564783,24.3585044867558,24.94555902114061,25.546263214766295,25.327214437199586,25.113204017707538,24.49483769913734,25.11183799040616,24.09330862033996,25.129658512801125,24.938111663046783,25.16713430836428,24.984450579508,24.39188639977789,25.051164022631948,26.157286021509258,25.139007285911607,24.97929685870427,24.824340838694415,25.098667526901412,26.250550224834374,26.11071983636439,26.861840252431072,25.84639988276071,25.721953503398765,25.602690445169642,25.049199629603947,26.273008328839428,24.835109170860953,25.17840144348944,25.986035150653475,25.448177042452418,26.74739992472173,26.678801952104116,26.14877040797332,26.561153894379864,26.512437596378025,26.950226789465546,25.018125020706922,24.982741254321436,24.022096728388888,23.076671031247137,23.510829842801815,24.43666163523484,23.487658519734474,23.487776511163492,24.459990269680212,23.513200823051225,22.10879654927876,21.19605101795284,19.398461575816523,19.862059855064466,19.432473940376806,19.46244093437977,18.5887725564404,18.17451123017206,18.217054385833165,18.269698372378077,17.411929952317493,16.5665448477259,15.297487987884626,15.791236976558825,14.968225758069694,14.15747290522483,12.939507562529295,12.992342539322069,12.629722999321555,11.85259741759659,10.292735717656504,11.147646069782624,9.99001832534785,10.458081947076101,10.119010885593864,9.783731978552165,9.874293144951215,9.548062405503574,8.800735015690623,8.480791491649205,7.7473980253933465,8.286110081755703,7.545276955372083,6.404234655809642,5.698994667811763,5.007899857746109,3.9788353780051007,4.791579502974871,5.808485972102108,4.625437764421678,4.805159386207936,4.073024988308762,3.3487931453556756,4.669317056676778,3.339747416318041,2.5833622306583996,1.8168493089027107,1.0243620925862447,0,-0
101,0.02384629856776129,0.36266254618898,1.3581146399316903,1.4689345080154699,2.897705688229794,2.5109870355974397,3.457426366360666,4.434912548287686,4.950660206809614,5.950693771274378,5.09525600393155,5.618393554171993,7.5206892159753025,7.118046103430208,7.20920728236094,7.314652703202329,7.854558580088417,7.973061078473116,7.695336431823075,9.070119599384299,9.626337971074513,11.076054500792079,10.754776086669818,11.327240384923426,12.35339609532284,12.047109621995357,12.196771618038769,12.353732384280484,12.945394755191394,13.543432165516737,13.28429514871384,13.46293155645231,14.933870554235588,14.25624380175325,14.03209125708711,14.646827809217891,14.849890577185857,15.475185782753917,16.53589960968611,17.180877030241582,16.967002157759214,16.766961090947067,16.996337088566932,17.230469350703,18.31545943233883,18.987828019512495,18.804481246068754,18.632406272337615,18.889427158756845,18.732785147614813,18.999240829183105,17.64458566473322,17.523879626138285,17.02449331050086,16.54446025153158,16.82739948928492,17.494470368653655,18.956477292592783,17.700638662890004,17.62075096858379,18.303803196382546,18.611899716260595,19.703872272284183,18.85649919371378,18.415633814497767,19.117179987026503,19.063038610080078,18.638200952019393,18.96993369327239,19.686166919871088,19.64792381604231,19.614435057731658,19.963882905024253,20.702828588392602,20.678469689230905,20.658714209177447,21.027268646410747,20.632625694318094,20.24834335565784,20.247118596405613,20.625796629753264,20.2569006965405,21.401069802875536,21.413772351587273,20.67420595770898,21.451535416709515,21.47651688480226,22.27313515944212,21.92023249346542,21.95694889518753,22.770690514281824,22.04247678369486,22.091268807922773,21.762911976124872,22.200896147075166,22.646651006901944,22.711784503500926,23.562355914313596,23.636551423594373,24.511880762465243,25.407511885866747,25.908864025181884,25.18280669330316,24.472304091856895,25.794983820410675,26.318833943902725,27.275971531059305,26.974270875250316,27.525810617956193,27.658839651415363,27.36961074282778,26.66432863624825,27.233411856107608,26.120176054902046,25.034035652776456,25.187539439923018,25.346522240803523,25.92624084238864,26.519299077994475,26.276957108254212,26.039958000246877,25.391547916998203,26.00067227952106,25.360109380951812,26.405183235164927,26.190756895894342,26.407444613709266,26.20236296824787,25.577739923164998,26.23497950236917,27.348498856847407,26.289293430280825,26.10829805332168,25.93230571971605,26.194994572467586,27.353259784378544,27.1925573648993,27.94054071108176,26.88712345748714,26.74241634287275,26.603077525385515,26.021449381631403,27.24996221910774,25.76831112569905,26.10014635087355,26.90388845668551,26.339031729864896,27.641336353972054,27.553248075261568,26.996679035820424,27.3968816557513,27.328913693615746,27.75420745683529,25.776529952677084,25.72246570386701,24.73055877127522,23.754439607919984,24.176583911242492,25.095911201667075,24.116972203689528,24.098810866646375,25.063392115254096,24.08746814408442,22.64939276128419,21.708712611208266,19.874099834781347,20.32507041565313,19.87345048971289,19.885852514077488,18.98627961251136,18.55056548905388,18.57554078537791,18.610357431750874,17.727949455256066,16.85845189568867,15.562876781364562,16.041926108402702,15.196040570927051,14.800045308400227,13.542836725276109,13.585336638898134,13.203058298989955,12.397118171612036,10.790174938211818,11.654012649793723,10.45922843221042,10.927099469461115,10.569646407486387,10.216175584852326,10.297714701519977,9.953607465920744,9.179706686998536,8.842294863418006,8.082845500860666,8.621904667985616,7.855389809957953,6.68036142866301,5.9500703850144046,5.234211675627609,4.172358181387863,4.994099094746968,6.02000022565203,4.804489579160043,4.976674784107624,4.22074794816666,3.4729849945997073,4.802114945997288,3.441106252382137,2.6615168362676096,1.8719688461637292,1.0565536990785815,0,-0
102,0.01952922045607876,0.3439141464587124,1.313128212573509,1.4121304446635248,2.806180516727609,2.4156397128036717,3.3345743667058483,4.284128763055192,4.779807857293775,5.75128211867465,4.900398468098295,5.403038614747176,7.259157728359835,6.8525255886193275,6.931087096637886,7.023825134223184,7.542209141800134,7.64772540531527,7.365698766300429,8.700695557690706,9.234506539734772,10.643525836469506,10.317382994916171,10.866684404972814,11.86021425843657,11.548697972099854,11.683775874502826,11.82599734269011,12.39333723390534,12.966768138852956,12.701838045581207,12.865022656052428,14.29131734681749,13.617183452134029,13.386777877355856,13.975501347102355,14.16215152968048,14.760859118374496,15.78459245048241,16.402241532118108,16.18110029365923,15.973710126931897,16.185330249743817,16.401489201059093,17.447340075217564,18.090591298360874,17.899000799024854,17.718583185772662,17.956400775081843,17.791144054891593,18.037974423139993,16.707324749649207,16.961812866715224,16.455918324425944,15.969754919456237,16.233356908658013,16.8739673298814,18.29492812454534,17.047311889720774,16.954531374562055,17.60981870783182,17.897223318625137,18.952820061532623,18.86594865380268,18.406286347332863,19.08950984534598,19.01699114195149,18.57446157180083,18.88776689628382,19.584521567261092,19.528282819942635,19.476955209232557,19.807294168657307,20.525305156320638,20.482940036691023,20.44528432659253,20.79390270832607,20.383659389584853,19.984198373560325,19.965539647121776,20.323995193065038,19.940565127010377,21.057876401398357,21.052732353235054,20.67525350169207,21.4340665043358,21.440502315326828,22.217621865543773,21.846573224324015,21.864668663339042,22.657726119597513,21.912980769677247,21.943155376737405,21.597727862212754,22.01547315392529,22.44059197072633,22.873291092777773,23.70732767028641,23.76229771781454,24.61998979294547,25.497230504429947,25.978992763317855,25.23218274131472,24.501586452291793,25.80428704166756,26.307558049309748,27.24315953415276,26.921096386077057,27.450799752941222,27.562531399964435,27.253090691741704,26.52921380088887,27.075477083707977,25.945987409763244,24.844460286064216,24.977096502976277,25.114988622394016,25.670860621054373,26.239412854986366,25.977745923366875,25.721524533355797,25.057280806359703,25.640554478112286,24.98451553311577,25.998929869053477,25.765028065665227,25.957919811839055,25.73320301229188,25.093715134741178,25.721547093677415,26.799414518294025,25.730606228948186,25.52941775370001,25.76105236224861,26.000706200118717,27.13028779244128,26.94797588713977,27.66813409209999,26.59913894258548,26.87961357193985,26.718683636274214,26.115346656723556,27.322032569390814,25.81928723841707,26.129036189471307,26.909340628027067,26.32311261913905,27.599228235325093,27.48796605092117,26.909849324968633,27.284668241373783,27.192893903181794,27.591480517159546,25.600622045726908,25.522738684912248,24.513348970448302,23.520432717685644,23.915090968158555,24.80162298430906,23.806347665234988,23.762932720778487,24.69120444058433,23.699484841700013,22.25213521049172,21.297328679072347,19.46191624635915,19.880941365964706,19.410071376382593,19.39579391891237,18.484634696515567,18.029879127818056,18.027081874712255,18.033142760883816,17.14061913306034,16.26186902269574,14.968477971965916,15.407315966438688,14.554100724569967,14.139523917184974,12.88932496340504,12.900960849996036,12.500492018411817,11.691154228663775,10.112718714136472,10.91258886347133,9.73430299051358,10.149522049696312,9.773627600019802,9.401403338474452,9.441705192902893,9.076609932091388,8.306115438850767,7.947947168669021,7.59314996641641,8.076819204960207,7.3058352282782,6.148878131237062,5.420163074026436,4.708908668549059,3.6802154497670183,4.404552948106117,5.759096404523848,4.987091599195874,5.151343628697186,4.37121921827157,3.5995243079122363,4.936894084700293,3.5440552819054254,2.7408812535028106,1.9279243196369513,1.0892157013868213,0,-0
103,0.015254633960169673,0.32552824859744145,1.2689320515725453,1.769034276946275,3.227236179757467,2.736263711106641,3.6620265386099655,4.61046320973345,5.0811111983916994,6.044459943756761,5.571809006952023,6.056009966237579,7.975718799035314,7.493234918236725,7.529646502679501,7.584740541296779,8.08670437477221,8.159347620738544,7.8325267050445015,9.180769410930735,9.698303786187052,11.114444683506433,10.74770387265877,11.279827907886935,12.265228886673048,11.91812847716651,12.463414083956444,12.575986919907711,13.1295053407307,13.688730038621285,13.383265512391587,13.520636634837699,14.956719897331288,14.234544118544937,13.96986683293303,14.54539883086541,14.709234266136319,15.294290640169208,16.74430230063021,17.35064669932355,17.09110825485284,16.847149367585487,17.035939112252702,17.22974144144353,18.27601746767621,18.907603716831378,18.68313853557786,18.471123662288257,18.687942220153463,18.49292869875446,18.71964553036906,17.33631467882439,17.572448083333125,17.03348087982449,16.515729776982425,16.762480542546317,17.392680893549727,18.81508000579865,17.52596441302843,17.410791319535406,18.054769189556172,18.325271868933022,19.373533220143475,19.26458732313882,18.779008428346188,19.83755669990989,19.741244779281395,19.267899704045952,19.565926652159423,20.254360266225454,20.17566576003242,20.10229403160579,20.417255170802736,21.1258450048703,21.061812070108356,21.002825977384024,21.33580278302726,20.899471308741685,20.47466092927727,20.43604286413114,20.77925936804428,20.371853108922465,21.482092368402583,21.457240647901436,21.056568391265753,21.803188571979433,21.79023903707129,22.5543158267708,22.160870500803156,22.159793117945924,22.938842504902006,22.170079055668726,22.181375500969622,21.815181235404832,22.216146618425853,22.624172357511405,23.03945552516832,23.856982474381564,23.89262070160501,24.732742839784574,25.59168355174498,26.05388932184624,25.28614121006831,24.535287980982456,25.818259526397846,26.301066749687255,27.215353395393276,26.872920315687963,27.38096941717733,27.471522514825494,27.141922858674874,26.818962059013014,27.347305919187065,26.192290910778897,25.066200069905467,25.179576224303744,25.298093998268268,25.835546246479684,26.38516538709688,26.102625741356732,25.825727556668053,25.140637343703382,25.704112250197557,25.027751537626358,26.021535116594727,25.767215533364542,25.939214723595192,25.694132345140684,25.03536046791078,25.64085497745537,26.694212515521425,25.607810868000954,25.3862520922093,25.595545731052244,25.8124554680981,26.91388844205843,26.710214582306794,27.403051603837273,26.318548091827186,26.574117707211926,26.391380674462994,25.77001788504228,26.942482880241457,25.430279626324875,25.71335508528227,26.46132196863627,25.857106383953134,27.093476245865862,26.95795286205888,26.36143288638793,26.705223207116255,26.588220752002684,26.954048037195303,25.430845818102068,25.32944168691316,24.30263733351872,23.29301467668325,23.660714644918702,24.51518819105065,23.503754064593448,23.435611543783867,24.328502670522475,23.321264569725273,21.864761326166953,20.896160631001553,19.05993448852347,19.447985622390316,19.40430665830001,19.368123580396116,18.43816407474032,17.963307619992772,17.938211725170483,17.921423849723578,17.01163591421389,16.116358082759724,14.81079013977956,15.223069924890002,14.355059141032864,13.921753833123136,12.663236417916556,13.068744275815753,12.648875862907548,11.81890188157425,10.218116445493084,11.002824272003274,9.804970501442082,10.202757205497587,9.808526590002701,9.418058015458525,9.438991340514384,9.055299982001452,8.26842533146267,7.892204153255791,7.519342331841141,7.976439997224183,7.190776888318529,6.026079228851554,5.665571072150615,4.9288310250853495,3.8666861362086165,4.599210155740631,5.9702572049070755,5.173276959118412,5.329196994764518,4.524465743636417,3.728434045061677,5.073677566433889,3.648612394843005,2.821469382521109,1.9847256711467756,1.1223540472436802,0,-0
104,0.011021710763563368,0.30749944310329125,1.2255152198955974,1.7070711697394205,3.131106020089323,2.637072435205625,3.536054146018866,4.45733300360509,4.908707260826787,5.844325567855632,5.368689045813264,5.833160347935839,7.707502311598629,7.2218187245142405,7.246438377098295,7.289642159267527,7.770929676450278,8.256176587972018,8.318857965481127,9.679304208652553,10.178828469700045,11.601289087229125,11.191842434050027,11.705567167841691,12.682028289539101,12.297838625951302,12.824900941495551,12.911633115289595,13.447051745247709,13.987917706221468,13.65247304575508,13.7667882805978,15.194465384153682,14.440518757429942,14.150295524848543,14.708133123569224,14.850965636403991,15.417930589067845,16.854109646069098,17.441011626227894,17.158265275773132,16.892042672881324,17.48542841251636,17.657174021694217,18.693623483811816,19.308680754350895,19.05669979492882,19.246153219301515,19.440748178362327,19.214623372261844,19.42014750306488,17.982415570670383,18.199263418440882,17.626037380491123,17.07559469969796,17.304733807586306,17.923939297411145,19.34749212190245,18.015716876608487,17.877433993642182,18.509657750604635,18.762730157621714,19.80338280161809,19.671784719606947,19.159646383097122,20.209198651251175,20.09109651455543,19.592701075977836,19.873408926732775,20.547651694050632,20.44820539605213,20.35440876386229,20.651811395694217,21.345070358113873,21.260827372948036,21.18189074169852,21.49690074402612,21.03934134495925,20.593923477225125,20.536415752865604,21.24388050998395,20.811915357562967,21.91488067472125,21.869876125984423,21.445505922051645,22.17970745798852,22.147000262353384,22.897850575196344,22.872030149200693,22.850639697875256,23.621804780259794,22.82092999061427,22.812515817224384,22.421281924219212,22.80837300257579,23.202295795824657,23.60323939775109,24.41094805360178,24.426982168821137,25.25640662470847,26.104019796098317,26.55021011924908,25.75457485173218,24.976638597391563,26.25075258771842,26.71703663477175,27.617598798745753,27.251872945180576,27.742536818191976,27.81274226237935,27.460363546827082,27.114949496424515,27.625251257301162,26.444295693346767,25.29325136389298,25.387224037357406,25.486243616608203,26.005248508945353,26.535929012384063,26.65377163487745,26.354190719538394,25.642711303731026,26.1918358167993,25.489775152098975,26.89938071811266,26.621655149152662,26.777290648584803,26.509217767355594,25.82128678760634,26.417037919686496,27.466385560824246,26.345455843044345,26.534161562192846,26.7302467115385,26.933966609139617,28.04057392207949,27.814411387158508,28.502840948430975,27.378532949597986,27.62100496666537,27.416621689863288,26.76545213932777,27.94157165386815,26.383746147326196,26.654111191988434,27.397123238200507,26.764456472982378,28.003088071693227,27.846858154194713,27.22247832014931,27.553115558668523,27.41578431615848,27.768246951000886,26.20459281168423,26.08342368123593,25.024019624642168,23.982412054552643,24.337296750087525,25.184684285670613,24.142151328977935,24.054936803727294,24.939805810685492,23.902407272107094,22.41107775117719,21.413609337888758,19.53912861491473,19.914237052924996,19.852548037830232,19.798255010671912,18.841551740265434,18.344633278662553,18.301610666688227,18.26671685569146,17.331666463989574,16.411708083587154,15.078894085332804,15.476697277811645,14.585431390543727,14.131975061274611,12.848977864286883,13.239214415983035,12.799730773657616,11.948872371429397,10.325401801187503,11.09495769174213,9.877289249927406,10.257670605732443,9.845039414680517,9.436296551318096,9.43795709635857,9.035728883061326,8.232477696143423,7.838357767714772,7.4476484311107924,7.878764621151368,7.078663435427079,5.906356989325449,5.528872145015899,4.782430888817782,3.720690323001274,4.411433239933007,5.714644999361186,4.906931636142392,5.017873293446915,4.203151555287234,3.400766548628222,4.6034653198760855,3.202154781522399,2.363196822569881,1.5222843272021285,0.676513780859117,0,-0
105,0.006829646536543852,0.2898224870651424,1.1828671717190642,1.6462691893250223,3.0365839994000505,2.5398536993658807,3.412492910166843,4.307055947867451,4.7395846104765,5.647925197826844,5.169705892001349,5.614894134044136,7.444377581581718,6.955916517788964,6.969189829978207,7.00095441344118,7.462042829133772,7.926880892879595,7.977724598654428,9.299689809772216,9.778092564652328,11.161232719838097,10.748181261576683,11.240093620333354,12.185344761685013,11.797229722863584,12.30180913352999,12.375130673015228,12.88761819777378,13.405291727590967,13.065388108510625,13.165652582619378,14.550274021077072,13.80114745453721,13.506070872630241,14.039435324205266,14.167355022824193,15.124173850189608,16.53087373495697,17.09518811812225,16.797878177602065,16.517550488808013,17.088081013270585,17.24136921109413,18.2495282408756,18.840686006611982,18.574910669289807,18.745458537844712,18.92109018551781,18.681656812540073,18.868216780049156,17.435599367999508,17.633861227495192,17.05461616628998,16.498592329581275,16.709285790804344,17.30311382141642,18.68705225534307,17.363930124389437,17.589740800299687,18.20026194455241,18.43436391111292,19.449165364232847,19.301515263130284,18.77724444443406,19.79962262676629,19.665665909725824,19.155791436356203,19.416712481056557,20.066422084320916,19.951321143936507,19.84197059691039,20.118883401125913,20.78623628833609,20.686196932747887,20.591520381771623,20.88518945739796,20.417615441906076,20.33809298257875,20.263343914716458,21.331466483749214,20.87962941270002,21.965834035620134,21.90173082978901,21.458139439843166,22.173879460211822,22.122288326601964,22.853815175511436,22.808950239054624,22.768601186933914,23.519256852099165,22.701182410999696,22.673993606791903,22.651082101684818,23.02095894515473,23.397394561273565,23.780568228883226,24.57161019546848,24.56788183953763,25.379660504607507,26.20894127385963,26.635424234228125,25.818259526397842,25.019523179427793,26.274188544103836,26.72001847570037,27.599481678085287,27.2131525978612,28.111423258865265,28.161007019218356,27.78551462014576,27.417334007679145,27.909460162993067,26.702133435063995,25.52573128266275,25.600145719401283,25.679531879665397,26.18005091863461,26.691775981433132,26.789315548977076,26.46862223103849,25.735748813290996,26.26501889161108,25.542164306826557,26.93124984583524,26.632679553873032,26.767183157352452,26.478393903600054,26.19516195461834,26.774612869492746,27.809581510826632,26.66196016136012,26.831170763485886,27.007547466700444,27.19132790916077,28.280782409576215,28.03245049156223,28.70104051248176,27.552511472738956,27.773800311115167,27.547359197370298,26.873838152116544,28.028513095331736,26.448576436532246,26.69688329706909,27.416828295050774,26.762450672632806,27.975725901605866,27.796411839840136,27.15035108695254,27.45615255680816,27.774952402411458,28.59763987209299,26.992817806344178,26.851311400240217,25.75866582040437,24.68444734019978,25.026023806524357,25.865885956775276,24.791666423885502,24.68488575346424,25.56133285070356,24.493224937411526,22.96649526263961,21.939639452272964,20.026324060759677,20.38810957875977,20.3080072594191,20.23521532721355,19.251314916157988,18.731933720287824,18.670637798477912,18.617307753733705,17.656595908866283,16.7115721300517,15.351099722637782,15.734198954396525,14.819337304466611,14.345450276629727,13.037617805180801,13.412433770447912,12.953111839089216,12.081112969502549,10.434614004916494,11.189020902361237,9.951283427156083,10.3142772355799,9.883171966466415,9.456115135747398,9.438586385655775,9.017868657304877,8.198234358172849,7.786355877604892,7.37800037558085,8.208014116713345,7.380648684766421,6.172830702953213,5.777273970272896,5.004524292986004,3.9085230212503994,4.606670367699192,5.9255983227719815,5.092138038986287,5.193978652662063,4.353912250753863,3.5264801273444397,4.7362635093451955,3.302076848390448,2.4385285124403393,1.5733041679907402,0.7035878077763005,0,-0
106,0.002677660018837781,0.27249229717868023,1.1409777379714265,1.5866137428793576,2.9436494256847663,2.8737230361229096,3.749213265666947,4.639857609061082,5.044587842149945,5.943534662936169,5.412171930408783,5.836468709877841,7.67517862819958,7.145127823113099,7.1303399590961885,7.1365878937530125,7.578879719875415,8.024851887245783,8.053478493582121,9.362382919923725,9.821015262491393,11.187848416107594,10.751281188771296,11.223106956185466,12.148484881647422,11.739757785112262,12.224169813530636,12.277996566100091,12.770242197075973,13.267450318109058,12.91050402967838,13.413298249393584,14.789904104096847,14.008628884843827,13.68789082104142,14.203795285506898,14.31086227113019,15.252659839008887,16.64592595298082,17.19089404926939,16.870197659050998,16.5675058508488,17.11892632122355,17.251856413359633,18.241154749553782,18.81220232594423,18.52566895592543,18.676019051915826,19.257566629752038,18.992225863919934,19.157860339541937,18.091984985783274,18.27008179257495,18.051586023737652,17.84314478823982,18.035040247886744,18.62616447720944,20.037899236106707,18.635142589976702,18.843312275648746,19.45063762499637,19.667188640589075,20.691769659231802,20.513043789735438,19.945756650777852,20.976692513553413,20.813503684625662,20.657494428355257,20.90335202825542,21.553397360066626,21.408287927523215,21.26970685842087,21.532397497150434,22.19963937579583,22.07155309156103,21.949491431356968,22.229538751916326,21.722675509578625,21.617568360962554,21.517778533959355,22.597537390289517,22.10907790967757,23.20595835592871,23.11750144493868,22.6389067244326,23.35317025848737,23.2782922488601,24.00781505599439,23.939986785093513,23.87704460460477,24.625064735403743,23.765479346803385,23.716703487389214,23.672507632599775,24.030340824917953,24.394613002461004,24.765496476336764,25.5525131836306,25.52782080172959,26.33491507861553,27.158999525057048,27.57208521797439,26.718896520770002,25.8851025880468,27.141104843346728,27.573513670048232,28.446108036544,28.032590481612623,28.923365170455263,28.95240487146527,28.550425648367163,28.15620907811056,28.634111322787966,27.3902252843571,26.178386027510196,26.233915287606006,26.294445800073355,26.780940590103395,27.278305357795155,27.356665301373333,27.012477656487246,26.252298222693874,26.76677332213918,26.017378834162027,27.398593536193093,27.077298915879478,27.192591083273665,26.88140528932939,27.007024372554884,27.57583947871764,28.60607073617898,27.422576036122866,27.574607879376806,27.733736910784074,27.900187751048186,28.983100275856994,28.7116285324403,29.834149208540524,28.644251954922712,28.85124744620775,28.601884470066707,27.89720616606344,29.054637998413483,27.42758042551848,27.662124578253753,28.376193074100293,28.161928364167867,29.390067242810208,29.189705284603278,28.511083935650454,28.808227161706753,29.118483465086847,29.944307099332324,28.285162181576357,28.124281279168553,26.98991617712235,25.874569500592486,26.208973131116423,27.052817293945683,25.938563986691296,25.81410366114936,26.69477386984814,25.58775269468847,24.011952609705776,22.94729509763397,20.975648799580082,21.33209034414286,21.236324080704055,21.148055855539713,20.12837433296785,19.58383544098278,19.507793487341466,19.43988841178811,18.44480841611303,17.46584127399156,16.062008860165303,16.441370611554902,15.493658680256972,14.996962816163162,13.647423246296439,14.019107633806168,13.5377462807335,12.634554608106397,10.938584774462349,11.699720248005617,10.422541754239598,10.78316820818983,10.331498563813039,9.884098516395024,9.855432396650585,9.414743852609643,8.566475959270518,8.135100124089668,7.707449316567518,8.544492061752063,7.689385129936274,6.445569123839315,6.031488346834284,5.231967706909429,4.101227297462285,4.80639731718373,6.140668346774363,5.281025334466561,5.373359916666678,4.507524669282375,3.6546255729918298,4.871131879331581,3.403653144522129,2.5151146792088572,1.6251839502720498,0.7311322670584028,0,-0
107,-0,0.25550394304523794,1.099837112503242,1.528090783600524,2.852282427682104,3.234235745811598,4.107675599941839,4.990700490404034,5.363870737252921,6.251309338882142,5.663501722866506,6.065340491229723,7.91309820314323,7.339685591966933,7.295769804494912,7.2756768900877535,7.698695407840793,8.125428762116455,8.131423862691582,9.427308279920625,9.866013242258097,11.21665649072041,11.204854219980437,11.656933765890154,12.572708164539478,12.125079857954864,12.590539392632396,12.617598958731106,13.091330994692077,13.569892245290932,13.182224362507508,13.667031447719529,15.03550983464985,14.221242918346341,13.874253716297103,14.372431900350428,14.458302575826163,15.385008378533296,16.76491256306734,17.290406879613318,16.94602043097875,16.620713422912402,17.153000862726596,17.26548798309024,18.236043699099422,18.787035129075097,18.479658141163373,18.60983648947895,19.17106922268825,18.88612789679974,19.031972998133213,18.355719926060615,18.513776815588805,18.2721753646598,18.04133983641723,18.21413761309973,18.788650947295796,20.18779146538515,18.757378731463213,18.946684987877173,19.937467416723223,20.134886270438493,21.15098571252886,20.947735702239605,20.35180488900755,21.373102837830665,21.18657590613746,21.007747827835846,21.235021564095497,21.87000701775393,21.7027368348779,21.542418402829,21.78661552004403,22.437949881573328,22.28858345764591,22.145585163067636,22.407024351305424,21.87784249011004,21.75270581223475,21.633150969688042,22.696973461666488,22.187627630615307,23.26749708170111,23.15920001074913,22.6605221581965,23.356018982653016,23.26165692105583,23.971631160743286,23.884243257172475,23.801871709948642,24.529274871405395,23.651785181364797,23.98212336797832,23.91779861937186,24.257756683846658,24.60392174031892,24.9564559551847,25.726435345349508,25.681313323421172,26.470470151398256,27.275971531059284,27.668970624013642,26.793413243367457,25.93803371992336,27.174650354556775,28.014515739850875,28.872848542565574,28.434800560799093,29.3105428416521,29.318190130104433,28.892199892116427,28.474364596657505,28.93360963802148,28.092134034932958,26.844060201417403,26.88017408835865,26.921338181900417,27.393394983460883,27.876003982164832,27.934729297712508,27.56653463562181,26.778482317156726,27.27783930338467,26.501378326137523,27.874583246364924,27.530147450336447,27.625904457547506,27.29194317518708,27.398017587930124,27.94996870330957,28.96543981418244,27.7541924340317,27.886133542435637,28.024995705684272,28.170986395586116,29.23655860775922,28.94232778994663,30.046011256170654,28.830905844258574,29.01618804814512,28.74413377213183,28.01636615358315,29.152222790735443,27.502099835828353,28.17914002642949,28.878330133922752,28.641332868064325,29.857077045108284,29.63359342086805,28.928874817579324,29.206014721612295,29.495883355295074,30.303289430888213,28.61390971251214,28.429974436614224,27.268862267815404,26.12748805512176,26.440945676300924,27.26442547630303,26.125017355069385,25.977590140585704,26.83598074948422,25.70475858952787,24.105451555777147,23.01821673036413,21.025432411275084,21.359412307647364,21.24124690342075,21.130263705545335,20.090569132972686,19.525028055354255,19.426120024596084,19.334900670420183,18.32163215152082,17.325287222538698,15.908221373617675,16.261209769275847,15.298100765955118,14.782483663311256,13.42387839051449,14.200119077584025,13.69818540720917,12.773080229903579,11.455328905434822,12.222708889536564,10.905519110097183,11.263287922925853,10.79053422344995,10.32227815062416,10.28198523294629,9.820826162107487,8.943415258611406,8.4920554164165,8.04462888631741,8.88827245636142,8.004940735136778,6.724633274743822,6.291571955141803,5.4648125961948155,4.298849037231224,5.010658345657358,6.359899528137018,5.473632800971007,5.556053524096419,4.664020259015633,3.785229531658917,5.008096470944821,3.5069037402200696,2.5929706867526887,1.6779344249650765,0.759153342458197,-0,-0
108,-0,0.23885264073471013,1.0594358388416063,1.470686790591916,2.7624639286449457,3.127136288679594,3.9752105012372976,4.832575956128293,5.188020934414823,6.049323230685282,5.4600999438765925,5.843837770644265,7.647978745157504,7.072990389424736,7.018956677761443,6.988666594124162,7.3927666991119985,7.800391569849764,7.795839243325651,9.05464403262504,9.473588903068674,10.78636603453865,10.763284554314154,11.194916297580004,12.080901147542654,11.630679477311293,12.075079780655768,12.090131745371455,12.54239659651206,12.999251136080941,12.608536222019064,13.071265178415695,14.398266077902509,13.590186050726347,13.239772464442739,13.715024955301375,13.787500195815136,14.680935386583673,16.017211717047726,16.518537417643547,16.16983304192742,15.84016013667414,16.347658106465268,16.44530848031804,17.38019500206921,17.905457549471958,17.59296873905486,17.707443644510867,18.242172982146958,18.365009577153057,18.492898515562263,17.810433239855882,17.95071472863031,17.697458444577702,17.455167374818277,17.61019801185174,18.16020451340334,19.520944475084022,18.099417455914367,18.27044689205966,19.228481512148345,19.80485221327426,20.795484226271036,20.575957889315138,19.96753408191762,20.962202746293368,20.759797008018385,20.565308948061507,20.77293619971344,21.383786187589916,21.200913444811583,21.025154180906366,21.249224533941593,21.87526128132341,21.710375231963937,21.947564061568556,22.189241039270275,21.64387474687897,21.50105947153475,21.364002111581193,22.403270564342428,21.878778109172625,22.933000925669905,22.806898635993736,23.082473559617956,23.764552446583316,23.64879201478747,24.344708769230436,24.236043940774096,24.132639597282857,24.84514639234806,23.941157100811495,24.253663003470805,24.168937776877993,24.49085439964689,24.81876611633503,25.152824884926602,25.905744060315353,25.840022920078834,26.611259393565142,27.398215988996284,27.77110307285105,27.295598920693838,26.4109866380028,27.638357041261433,28.464374569923006,29.308248025995862,28.845224485070876,29.70577577522688,29.691715464914058,29.2413331438105,28.799520858209636,29.23994179386412,28.372714257130944,27.09761382397848,27.113275008859866,27.13396910786669,27.586993740287795,28.050160596700405,28.087919776422893,27.697773164986817,27.314585488316872,28.233982182532795,27.423995080309304,28.80110845265653,28.430932091508627,28.508345345228783,28.1492067599356,28.237157095682853,28.77754860309555,29.78753463317192,28.538992983040423,28.652792472103627,28.773478064217965,28.901244301143418,29.959690755988348,29.641354906337618,30.73690738558701,29.487512460274385,29.65412003890786,29.358513354619422,28.602804353212225,29.72885420814451,28.042674073883102,28.705145801405106,29.389176546740647,29.129049117744128,30.332226253485256,30.085259917606397,29.35403064365968,29.6109140641669,29.880163106601312,30.669017725821718,28.948912461104285,28.741677111285448,27.553440045691268,26.385679447831524,26.678079610086407,27.48119217355057,26.316325732129542,26.14581401581809,26.982010030332113,25.826343277631924,24.689419464620524,23.57116915603837,21.537719499064924,21.857206263946207,21.719376785781986,21.588687036650953,20.520374524928314,19.931119276268184,19.81285881242794,19.702172671991107,18.66198966534903,17.639370245166617,16.193348698625353,16.530919328417255,15.543141092987534,15.006209212545343,13.621647791492238,14.38413348173446,13.86138313688779,12.91408453214904,11.57350303268376,12.324838931822667,10.986317649523487,11.325813372875242,10.833576416592416,10.770760119100823,10.718346796484072,10.236211856110048,9.329141584490957,8.857305806317504,8.389618003670108,9.23943332682675,8.327387152466944,7.010087478161812,6.557584499626415,5.703113121139896,4.501436408959821,5.219499956879472,6.583338511755721,5.670001631552288,5.742097634873492,4.8234319337834695,3.9183198648812008,5.147184423416365,3.611849553152604,2.672112526805012,1.7315667601278681,0.7876574354855606,-0,-0
109,-0,0.2225337465949114,1.0197647974881343,1.4143887495003775,2.674175621387522,3.021958651957879,3.8450802354962113,4.677203857679669,5.015334556204286,5.85092923748753,5.260688505882546,5.626753902686905,7.387748873230986,6.811601179076495,6.747882441120949,6.707833143199108,7.513675390635494,7.902071696003017,7.8748586135799155,9.121101059159395,9.520371267458177,10.817510917235415,10.772227846614927,11.183727806002878,12.050172750503934,11.57904335011386,12.003579969827532,11.999333091213614,12.431841698476934,12.868791196912623,12.461335664733548,12.904377928379924,14.207102959718487,13.385803561524401,13.020853028991331,13.476241240792113,13.531845012876513,14.401669259034641,15.710104430718644,16.19016071533954,15.827906244278772,15.485223617311942,15.971377044356231,16.051968551730592,16.960361627952693,17.463408054082908,17.552719883934994,17.64757327901266,18.162667807099552,18.26598011487321,18.37448950842756,17.674619467566014,18.198931470856508,17.922288999920237,17.65738676642502,17.79330847189334,18.326883233334097,19.6755392813687,18.617897209355068,19.16547061327554,20.1245164472651,20.69088678125758,21.68097336758119,21.431410726176587,20.7847039187456,21.77785563579141,21.547258583437642,21.325336204028556,21.514203054171986,22.11413033422007,21.904995220198884,21.70360218170455,21.90954065582681,22.524188225104574,22.334580272766125,22.55376488651955,22.777455769328313,22.20264988451395,22.036809994519274,21.87715447018301,22.90933713100338,22.35753119763019,23.403724918845416,23.255428336448585,23.51336705754806,24.181751912421845,24.04414144452812,24.72576702582131,24.5954211862022,24.4706052410243,25.16804389905064,24.23704228765485,24.531496123921524,24.426084728129766,24.72978161067284,25.039281834144756,25.354727060299357,26.090552528581455,26.004049549176386,26.757371815729496,27.525810617956243,27.878547855274594,27.380969417177305,26.89345564034967,28.111423258865265,28.923365170455263,29.752571573824184,29.26410990160007,30.109301608319992,30.073203962827947,29.59803224880634,29.13186901340664,29.553287060862644,28.659890902853324,27.357290174949423,27.35229576266473,27.352336868577233,27.786248070499937,28.229912309859497,28.246582469055053,27.834298322127964,27.42927684023682,28.329016919586156,27.49677609000223,28.853525142193476,28.46150050431358,28.517169551782658,28.136466842502905,28.202546981676218,28.72015156683559,29.705780125276032,28.437595066245038,28.52867952102955,28.626391989871866,28.730906628698644,29.76178686761135,29.421366494633,30.487513630130124,29.220940726493765,29.362561991443386,29.0447021872497,28.27013842110959,29.363339138236768,27.66605965724723,28.298349816321867,28.951076910197433,28.66786644936624,29.832918754712733,29.56185793772276,28.81195919387966,29.038862137553192,29.277314609551667,30.027920162745485,28.302375444526977,28.06980407066096,26.870781889506013,25.693116167421874,25.952589168077438,26.71315623091725,25.539177121724894,25.342195424666986,26.132117680227672,24.96829241080001,23.82414603827979,22.69963573902973,20.682824630775418,20.96476016565325,20.799650067537,20.640968548999272,19.56979003981186,19.419029460408215,19.27491391889833,19.13771672032636,18.088112482313704,17.057136654068195,15.613439937307199,15.915155814639917,15.353484785159704,14.797872567578063,13.404097335548073,14.1341329450849,13.593073395670807,12.633789255799481,11.693885802589579,12.429165728659786,11.069024839752085,11.390243863455002,10.87842188366972,10.795845984985986,10.72298544033585,10.221056413699232,9.29624303686036,8.805477969171042,8.319052928038515,9.13875879097714,8.210833354580902,6.884416736515293,6.413897518371784,5.54865153864745,4.346286756256364,5.022743135921767,6.320203274348189,5.3961785382077725,5.425178799716443,4.497778395706446,3.5883858832810636,4.686500583067185,3.718512374803267,2.752556839284681,1.7860925552283562,0.8166511735338063,-0,-0
110,-0,0.20654275129079333,0.9808151937215571,1.3591841338443569,2.587399944526485,2.918681653604074,3.7172590383238076,4.524553690048348,4.845777359728575,5.656088141253902,5.065226636284009,5.414044205194855,7.13235616327417,6.5554639878508585,6.482490184688953,6.433116609884876,7.21232524924498,7.582477993146665,7.545579222387154,8.755663361291584,9.136076457332647,10.396302451822498,10.340650870528032,10.732644988050232,11.570277098791722,11.097477831053896,11.50193567579796,11.486650223298042,11.898698514553294,12.314962296597649,11.905438288111979,12.327450170609772,13.58982193696366,12.775693867898664,12.408345109368026,12.841913170016966,12.885207735403469,13.722934866151974,14.98897362230486,15.446036278562206,15.080574214926113,14.734648822804296,15.1972358924797,15.26418741834176,16.138217595981004,16.61681603136395,16.69179804237693,16.7721480663563,17.262004140154403,17.3503869498692,17.443781687981915,16.750136411844192,17.248262061453953,16.966904840762076,16.697230056642766,16.817277193188076,17.710584294342755,19.021926047712377,17.966888562387275,18.489998044528278,19.417128136753803,19.958134577699465,20.915138929549382,20.65419157311053,20.003805008224305,20.962759112289582,20.72082252008258,20.487643071852045,20.657217311659146,21.229422555757733,21.00883263420681,21.190899977202008,21.3771661067413,21.967127073856446,21.762399986252667,21.96143177872874,22.164790284302786,21.58044945040515,21.399848862262143,21.225532004176404,22.225261228170034,21.664609116067197,22.67727127234228,22.513835096168965,22.750112009357277,23.38984196528577,23.236746690532794,23.88883918343026,24.14578404577394,24.003205194608206,24.675047647203183,23.73435923269785,24.00696927081608,23.883894984279603,24.16533019424816,24.45225826282143,24.744808664262205,25.452254728045556,26.17349975372859,26.908902963013688,27.658839651415363,27.991376674110846,27.47152251482549,27.81274226237935,29.030759915735867,29.834623810909907,30.655274663995744,30.13685875386242,30.97302088115567,30.91416778772332,30.410019175051932,29.91543013235029,30.321033673679484,29.394029683294196,28.053032868822303,28.027297539005545,28.00670588801712,28.425216417918165,28.85321856906588,28.84915889302271,28.41158869949683,27.981679428151523,28.869712941559364,28.00872324158491,29.35701595606842,28.94051415979314,28.97560600165338,28.570909204864993,28.616516049113656,29.116618044429288,30.087146971122817,28.789743821260938,28.860038956779814,28.936845131616696,29.02032027379384,30.033828844601583,29.669951772248137,30.71737769435848,29.891483736604027,30.01383655783754,29.671718075028764,28.868395231098603,29.951609674060844,28.21722739402733,28.834694626519006,29.472056288549457,29.165240957629102,30.317778789532763,30.02284731531844,29.24592397800212,29.452437140506703,29.670189237013535,30.40240243925995,28.645420943216745,28.389434019943902,27.16284300243313,25.95838894890536,26.197017166628168,26.937705149411197,25.737996868424162,25.518128729283173,26.286573343437183,25.09817731622553,23.93023266193016,22.782704115135502,20.743793265527277,21.003850655869936,20.81673646561873,20.635844375168748,19.54457779558299,19.371726941994766,19.205236750481966,19.045340265516842,17.977563831166403,16.92930994923618,15.472198613087059,15.74896512381766,15.168587467728356,15.464518393495638,14.026856278418128,14.761464391999729,14.196314475028707,13.203754083814895,12.23097964628152,12.971125968917203,11.569353490684612,11.886318523262249,11.351936685248923,11.25615853719982,11.170228307791714,10.64635382601786,9.690894681902234,9.17871267573536,8.671098825138822,9.49614214537252,8.538572097678657,7.174225188361331,6.68339018846369,5.789551119439298,4.550591689848196,5.232525128177896,6.543818448104015,5.591897743885346,5.609783038211971,4.654960899725558,3.7184871379125077,4.821827061277538,3.826914898362274,2.834320933678221,1.841523856107962,0.8461414183735233,-0,-0
111,-0,0.1908752740578293,0.9425785458676923,1.3050608869694331,2.5021200598373796,2.817285018471602,3.5917222798265316,4.3745963162620445,4.679316680348685,5.4647625506178334,4.873675544026114,5.205666207714742,6.881750747719695,6.304527578402947,6.222725946549687,6.164460228902882,6.9174954719663955,7.26985940558831,7.223724202253246,8.398138747761708,8.760167321762314,9.983980107006772,9.918434398097299,10.291414122740694,11.10074293901798,10.62675441509805,11.011644252022101,10.985824758259106,11.377936833501362,11.774046031844394,11.362963160819223,11.764489481509173,12.987090626361498,12.180647575770553,11.811435048693818,12.223757084812906,12.255307207188762,13.061544968462027,14.285822815775997,14.720500372579162,14.352408958436113,14.003825632203739,14.837259488412455,14.888090088971955,15.736689356605169,16.194104769648188,16.25262702060622,16.718039899656667,17.188908258214074,17.258354879872076,17.33299005216458,16.622424323298286,17.10144737865144,16.80324462068055,16.900184247781848,17.001343703354575,17.881287246452047,19.181016800228246,18.099567934447585,18.605829462492853,19.517542780093816,20.040797853105854,20.98108428788879,20.69915858271975,20.027445075573162,20.968724615468624,20.706873997588026,20.454239713374495,20.604826712865876,21.157889777916587,21.316693986311357,21.479729051211805,21.647001902434575,22.220983780511972,21.994314236012457,22.174392696441604,22.358786659999325,21.751205093846988,21.94317510014686,21.74564254439967,22.738241045359793,22.149574562195713,23.154236365323623,22.968164694749866,23.186575218258746,23.812585049759587,23.63732568296488,24.275176867259685,24.513810428809574,24.349424902756912,25.006182328055804,24.03784214609017,24.292297013313814,24.148313124815477,24.41150392270784,24.680034475670833,24.95402398668777,25.64462591009303,26.34848691180625,27.065955139634486,27.79739403643339,28.10966781476182,27.567322101320606,27.88817175178354,29.08683656353287,29.869903092728155,30.669110712650586,30.128311443561735,30.942236623615276,30.861014149377304,30.33500356372714,29.818950822192786,30.20177770724175,29.697374639018758,28.327684718363802,28.280666983783632,28.238835638743105,28.63785370656071,29.04601370806869,29.020396178903066,28.560092412828414,28.10779555573544,28.976156404920903,28.092272353071294,29.420435212874914,28.98168967365299,28.994852464649547,28.56827847138947,28.591913375573334,29.06934288292295,30.01585695033342,28.698308971289137,28.745964116832823,29.25402424539479,29.316242748069882,30.312349146324106,29.92475612229282,30.953477482399457,30.102312925110297,30.202378562327375,29.836747122397608,29.00926140541233,30.071264359261836,28.312219602519903,28.907327144911243,29.52154391300942,29.191332472736157,30.318982554140433,30.492125661339916,29.687724348622133,29.873561074506302,30.070346471310675,30.78399970667949,28.99504812543262,28.71536247305342,27.460785807578965,26.229146771597733,26.446781152983146,27.16754633642565,25.94176792299626,25.698854816495967,26.44585808776889,25.232609962313987,24.040606526990853,22.86982024507336,21.261688987465806,21.50676557354298,21.299376880024806,21.09823282474269,19.977457969077687,19.784726746872977,19.598334214053786,19.418492196205968,18.32297462291229,17.247677661302344,15.76069371214183,16.0220357189782,15.419506299106164,15.699287495456163,14.234460271290843,14.95493427058136,14.368184368891278,13.352537448809,12.357502556371601,13.08112582990767,11.656902075608373,11.955122350984944,11.40056048190778,11.28456249405509,11.177780226840897,10.633658061824892,9.659941157814094,9.1284819718993,8.60184874635581,9.397028487615863,8.423327969276617,7.049516572119548,6.9589885691057765,6.0360636515495525,4.75999668860986,5.447019641890262,6.771776477888355,5.791494654726624,5.797844703771181,4.815148102413797,3.851145057719496,4.959348384769275,3.937080748149855,2.9174228115421137,1.8978731706843746,0.8761352750389175,-0,-0
112,-0,0.17552705715476716,0.9050466740012023,1.252007404570388,2.4183198306510327,2.7177493510325377,3.4684464323375006,4.2273039299363635,4.515921388534762,5.276916852334186,4.685998363529348,5.001579589167113,6.6358852491828095,6.05874337516368,5.968538630855543,5.901810306554375,6.629127376992107,6.964153320346582,6.909228184052498,8.048455071572432,8.80803427083476,10.017151728192726,10.365226289949646,10.717693847775196,11.517398470116731,11.003274062116823,11.36914528391188,11.316297918989067,11.690188336572037,12.068086414982334,11.626257909334026,12.010517056552333,13.226361443400737,12.38707581693021,11.99219703027034,12.387944052845818,12.399327550532181,13.192002400228695,14.404730432695743,14.82140346059887,14.43077063011706,14.060821852555224,14.878313310375729,14.909981547302134,15.741629985549665,16.18063805516274,16.220050680640792,16.66681210868173,17.118775321162428,17.16931843445386,17.225251343142627,16.497718666218752,16.957807511235895,16.642826852828506,16.72207212578412,16.805621523192034,17.66431747956997,18.940141344583036,17.846873642487736,18.3329185971138,19.221508579096856,19.72369300415056,20.639670770501723,20.748091740631665,20.054800938245336,20.978514757355676,20.696634103935693,20.42445614725634,20.55606744893382,21.09009458370602,21.229738250518952,21.373603630677586,21.521685376977366,22.075609914524534,21.83050371398101,22.393049947164922,22.55825532592769,21.927048273262688,22.100223424792258,21.882073174604493,22.85921294619373,22.248615140606113,23.236927819219027,23.030579965045213,23.22985562415482,23.83729593113384,23.64204251248879,24.26073463689162,24.479609606426465,24.2954029645901,24.932046434084953,23.944831390919358,24.179455258596303,24.01627019135211,24.663816121468237,24.91375518611989,25.169009963597446,25.84270137390176,26.529131509140218,27.228637656019053,27.941571654945523,28.233506337104398,27.66843847954527,27.968882975590585,29.148354728574276,29.910718181811195,30.68859879052731,30.125284720578634,30.917130883365658,30.813539159104778,30.265599045906264,29.728037480776912,30.088240208134906,29.562749675589632,28.174624070358096,28.10631536711551,28.043170747200858,28.419137414213907,28.80381234400638,28.756349050575427,28.27640314430653,27.804757434566927,28.64603680882045,27.745648298250263,29.04258863930282,28.5843825121422,28.57482889544446,28.12904968851529,28.12978808097797,28.57997429073125,29.49418971117115,28.612337212663068,28.637472298661514,29.12153967142655,29.16063394913775,30.129932639281353,29.72025140568187,30.72050945444907,29.84932159858771,29.924675183515195,29.536851551006336,28.69034992914736,29.720603862558555,27.949830806745275,28.515720966865924,29.09971393081679,28.746947855261393,29.838127268293324,29.982946543129493,29.160073295986262,29.316902282485827,29.483978872324407,30.160981622590302,28.366354211086815,28.06235001411427,27.2787164135959,26.02850075878272,26.219916584931763,26.910541453625513,25.667300347182508,25.400354912261975,26.114892292543384,24.885447175658694,23.678169423176076,22.493050407408308,20.876729609066984,21.093203609506325,20.86208681838543,20.63687073865802,19.505035833155137,19.288275257409747,19.077414305645643,18.872613350694493,17.768422885778367,16.68562722739735,15.201445734277401,15.429570481946051,14.812461213161198,15.493807884518896,14.019062769789448,14.707687166763082,14.102593658930202,13.07474444415527,12.486444129036002,13.193515949771184,11.746524681798737,12.02597523200419,11.451106219155214,11.31487369163596,11.187273266412825,11.069232533250085,10.063852606267032,9.510012328852746,8.961240227166492,9.760921361670302,8.756617836870813,7.343904078393404,7.240764179627719,6.288253853519276,4.9745590588964905,5.666281818697675,7.004132105604746,5.9950174859300445,5.989408108516125,4.97837807427165,3.9863917139360265,5.099095164426402,4.049034510666907,3.0018811901971754,1.95515348544233,0.9066401011328777,-0,-0
113,-0,0.1604939605017426,0.8682116890448794,1.2000125177203742,2.335983801217231,2.6200561092366628,3.347409039646533,4.082650019724471,4.355561848854636,5.092517165316388,4.50216010096109,4.801746118091067,6.394714717807285,5.81806539385244,6.124010719637663,6.032026701995614,7.160312781759409,7.899124427451829,7.792548250808784,8.966225680090655,9.729076102637485,10.964499045215787,11.286890806523898,11.614705701955737,12.411725466599547,11.833876610498475,12.17846489667855,12.087510606383605,12.441911415313147,12.80059825670243,12.310850575014054,12.677792856780844,13.90248391818096,13.007697387840661,12.573376344394104,12.953646398497572,12.93925963874007,13.72645759337526,14.942115990904018,15.341965177585179,14.917503029592462,14.515605017181876,15.325047312966408,15.333563868958686,16.156062836810122,16.57866533292086,16.595464391046644,17.02578838928906,17.46111643677409,17.489788016948307,17.5242770581291,16.767081796789963,17.211069528352137,16.872342146031315,16.932089617526344,16.996390303095303,17.84176861736467,19.10624410992348,17.985827920547425,18.455026468029473,19.328402825535193,19.812915519151435,20.712452623781385,20.801047005645284,20.08591294374529,20.992160194116263,20.690120433656155,20.39829762325041,20.51093368407784,21.026020776330625,21.548369635720793,21.672715707814188,21.8013669559293,22.747857795804244,22.476158638272146,23.02599158874162,23.17173515723261,22.508894215514083,22.663269123417216,22.4207391842906,23.390311783542238,22.750425928967214,23.7303817618774,23.500448119117102,23.68116754923874,24.274444686169936,24.056228146032048,24.660318506338744,24.860368633436973,24.65369741167774,25.691207165364993,24.66583572259158,24.883196294633823,24.696396526294272,25.332961263970937,25.565547373759422,25.803398991642897,26.465201900626838,27.139308262240597,27.826047761029447,28.52576403229358,28.799147848470355,28.206080117774825,28.488115712432382,29.657651065783053,30.405096979725066,31.167547923247277,30.57695577921971,31.35283674183495,31.22592235882476,30.651623902914068,30.088240208134906,30.428781141104643,29.87810602880475,28.460399730449573,28.370491924588435,28.285831938334418,28.642242551966955,29.0070536126348,28.937879544272757,28.434916615938967,27.940642947835418,28.76256611040584,28.275142728329858,29.563635840349132,29.080015573337107,29.049259971865087,28.57867225143859,28.55843232765984,28.990922176268185,29.890167125581204,28.980929133984393,28.98483382097322,29.45016380745263,29.46771674980748,30.419719270343634,30.453590038124325,31.44490836256381,30.5422309799449,30.59733728186337,30.18409715228717,29.3075038944216,30.32743114988242,28.985073479089603,29.542432004882933,30.117666752361938,29.73941444238299,30.8297177276209,30.95718133732692,30.101302379802455,30.24103570879311,30.390985403786125,31.058203610089798,29.21721938791082,28.889249172050416,28.074902291738685,26.787647899900445,26.96280338708865,27.643548577046495,26.364553817326698,26.075026144168163,26.77920638422091,25.51535850691618,24.274405904811093,23.05633694563545,21.40233776194539,21.603335670119407,21.35136738017538,21.105360737935076,19.943265168264478,19.706160835361025,19.474977078431138,19.249855363893452,18.11731937997013,17.006916122539124,15.49220375222975,15.704834918261234,15.06528031544524,15.733493464173941,14.230904883722271,14.905436848051787,14.278432772449694,13.227088952171394,12.617860005768685,13.755528231075106,12.265190140047011,12.538965209826987,11.940003041582697,11.789118738776482,11.647017198502287,11.51462274142335,10.477023250325187,9.900279237570313,9.32885276426124,10.13260134278309,9.09716812383805,7.645007511676202,7.528792053882226,6.546189589949485,5.1943388145636735,5.890369411111678,7.240942589515449,6.202516654334061,6.184519539909492,5.1446905657532565,4.1242605685015095,5.241099269160447,4.162801767374214,3.0877155276914996,2.013378282764383,0.9376635165788515,-0,-0
114,-0,0.14577195649048288,0.832065982233481,1.1490654763489236,2.2550971769652817,2.5241875794089963,3.2285886876196925,3.940609335533837,4.198209880933259,4.911531297078876,4.322127582594894,4.606129595174558,6.158196572036354,5.58245017410673,5.872344435104535,5.772710677788383,6.867482082285652,7.581049276171929,7.466442962072415,8.605642928720982,9.342474474223517,10.542660369818583,10.847397346691006,11.157378657251686,11.927284322545455,11.34947645155141,11.67572629993047,11.575488158270467,11.911215368992037,12.251028365289551,11.761015622280992,12.108785663883745,13.2950525313061,12.40928040957142,11.974446021716922,12.334854848078017,12.310116076797073,13.067263230513985,14.65396817924198,15.03406972383847,14.597258418682202,14.183658858417303,14.969312707402343,14.96223328070014,15.760165714220792,16.162354190717583,16.163375407742556,16.57297644823425,16.987337233920055,17.40655059315745,17.422170989778778,16.647589312649703,17.072747358907108,16.717102430822806,16.759210645125883,16.806001954788343,17.630531998186303,18.8716655388258,17.739264405140364,18.188624682828905,19.039409513513082,19.503296242646055,20.37912176991077,20.449229892321693,19.72191780989337,20.603427955416052,20.687355064668306,20.375773608456946,20.469423682738615,21.368079532108197,21.874583030282906,21.97902679195737,22.087892624710165,23.021289043014644,22.726464279511973,23.25941861344917,23.385266090871152,23.104747453085885,23.239681565073237,22.972030409558272,23.933714490268894,23.263734258125513,24.235054070520604,23.98091302933716,24.55465850092971,25.137600503175836,24.89277022782843,25.486249446296245,25.66779574192483,25.435363870575536,26.468907232179546,25.40426822115689,25.603688514767136,25.392497635976152,26.017578842467167,26.232209085500074,26.452078243003662,27.10155269657575,27.762914924751723,28.43648691671584,29.122604039440304,29.376962288586228,28.755222840855588,29.018421197628818,30.177825776193483,30.910071608094093,31.65682970892423,31.038400235241003,31.79809230175301,31.647445614027756,31.046302505947097,30.456637068184857,30.777273462476927,30.201001055748346,28.75314358671358,28.64136590794858,28.534940630909873,28.871654142196018,29.21648034261121,29.12540626722668,28.59917054059697,28.082035395000727,28.884648313664222,28.81520147447081,30.095066227665672,29.585509720783374,29.533139922379796,29.03726431990102,28.995673628992773,29.410199469553287,30.29431200478552,29.357201561616332,29.339580735995117,29.785982900317503,30.24474415584857,31.188359556233873,31.20144686160373,32.18343769577525,31.248565098118675,31.282903644890656,30.84366334221508,29.93633518708783,30.945626619160237,29.56841507114856,30.109953392764023,31.158324957359504,30.753793518162237,31.842665136522168,31.952082162402437,31.062377707879914,31.184354547107347,31.316530315406766,31.973399258073812,30.085169687159006,29.73256447269923,28.886787000211672,28.052444677160327,28.215538699245183,28.895759404713765,27.5710477976975,27.258864956313985,27.96294531369524,26.654784971120897,25.37015679003454,24.109034272200688,22.40182876407959,22.59309996038678,22.320903100359068,22.054921315031518,20.852170942242765,20.595724228507244,20.3454344391015,20.1014383229972,18.929905495433747,17.781020277344822,16.218325181722804,16.42335727876228,15.75652437179134,16.427236360745535,14.87832374574867,15.555542641538757,14.902284711029958,13.815441214799032,13.180641757641487,14.330784015710245,12.796450854865386,13.064037083142757,12.440413621570407,12.274347251978202,12.117221108137509,11.969956119324326,10.899571239341965,10.299393547906293,9.704790114016784,10.512170050863007,9.445072014313487,7.952910511077228,7.823150865496143,6.809941987677261,5.419398787605166,6.119342878392643,7.482267789835191,6.414044854573073,6.38322732830406,5.314127065889336,4.2647865242715,5.38539386911678,4.278409129308053,3.174946049112914,2.0725615591567226,0.9692134138491018,-0,-0
115,-0,0.1313571249540208,0.7966022149101794,1.0991559331113778,2.1756458055930548,2.430126852089473,3.111964976095073,3.801157856380701,4.043838722222891,4.733928702409296,4.14586940499932,4.41469579776991,5.926290542551598,5.351856714877435,5.626124254819437,5.519264514363575,6.5809673936089155,7.269735155854929,7.147540258650914,8.252723176686908,8.9639972342052,10.129416783716742,10.416968628621811,11.158159135725784,11.908916280507444,11.309244483673217,11.615973810612031,11.496569443552504,11.813281044374161,12.134088011374093,11.627742047042862,11.957039881646208,13.120942831512439,12.222565885144878,11.774280815438873,12.116517558744842,12.076476456531006,12.812111335907147,14.370022078730784,15.567823597031463,15.095532912585009,14.648515725245982,15.425644155154961,15.394447440091982,16.182878429346353,16.568107859104295,16.545788670330175,16.938535244943854,17.33590230762295,17.737975673353937,17.731360475258775,16.92594689605778,17.334607702417454,16.954457253281248,16.976591016804928,17.003719422831168,17.81494076645685,19.04495857974291,17.884605251353975,18.317079268463086,19.152816456111463,19.599069665019986,20.45869332328894,20.508930510964948,19.759476477670084,20.62386580940239,20.68836465578921,20.35689785375046,20.431539850592337,21.311587895264434,21.798802449825374,21.883825334363074,21.97331567794455,22.886204587598513,22.57243559292635,23.084923619477717,23.19106981987544,22.89216601414373,23.00754143465927,22.721998291763086,23.660449940463405,22.974692128542433,23.921931651204957,23.650143449581254,24.2013404161227,24.76128984777315,24.49882953187815,25.068725800517974,25.229462371572303,24.979495553389942,25.98490328699144,24.910094152533183,25.088374402607634,24.859961794119812,25.45938609104301,25.65225480629568,25.850132045342395,26.47258333267005,27.106327834302636,27.751671310677317,28.408932064057904,28.639263076782832,28.00449151946405,28.67880585215033,29.81031707311974,30.5163617771079,31.23626742619897,30.59946439914016,31.331498048846548,31.159339072673234,30.540331200115563,29.93319766629493,30.228756370130416,29.63539204100745,28.179553963715136,28.047207643083045,28.353664198077006,28.66763598580232,28.98935270412814,28.876613347701927,28.330719911464715,27.79428591115714,28.570715140916633,28.479460204246497,30.181305631698354,29.648732842736027,29.57409837185173,29.055744301578933,29.441776823494422,29.838059371585793,30.706868089546038,29.741380112085185,29.701925135327926,30.129197457900815,30.56842360318101,31.494412875059794,31.48474865448463,32.44778890528192,31.486088429890728,31.981754150327,31.5159131115527,30.5771874093739,31.575526801266196,30.162755982860034,30.688110060632347,31.724265493595333,31.294001408418573,32.36950288819902,32.45695274070374,31.537804816374372,31.63784601126281,31.747876400733766,32.38541504214138,30.46291089644063,30.08534812505183,29.212258141589235,28.351112706962017,28.492055752812664,29.15157501072103,27.798912414405198,27.462472115479024,28.14458915798699,26.809918456074342,25.49965469331465,24.213778962962724,22.48240877919835,22.651132609349858,22.35602154073342,22.06703747594641,20.842751315838473,20.56365155120046,20.290559748161712,20.023580834877848,18.832868578630475,17.665815346123527,16.088505987906554,16.26927244253018,15.583695499756878,16.225042391797757,15.100273250370444,15.762768958883026,15.086741068967468,13.975486274479977,13.318958850494571,14.453350228683357,12.894775010413346,13.142623711482958,12.497539752089507,12.310257243438052,12.131391001326177,11.961756713997838,10.871568029933313,10.250793344466867,9.63593113396104,10.412848139318498,9.328398954627756,7.825453390960073,7.671146568161904,6.645481008983502,5.252527292275027,5.910588124252449,7.208085997349882,6.128605739418542,6.055897796158955,4.978658630927387,3.926437406503448,4.9260842658342225,4.395884273647199,3.263593774337352,2.1327178444287345,1.001297968701228,-0,-0
116,-0,0.11724564828398244,0.7618133086246438,1.050273927592853,2.097616158917458,2.7711364849472395,3.447655890310687,4.127563452587315,4.337292496972766,5.016225342634759,4.371258343455951,4.618810937394504,6.141918241262626,5.5253720936251876,5.77987141021381,5.64760443006886,6.702632434605392,7.377260072702587,7.231572443555191,8.325365681264406,9.02030367856362,10.171258218029624,10.43832225550313,11.161012863054557,11.892649630960856,11.270902084171007,11.558132771121885,11.419549325141329,11.717339109323174,12.019261835852387,11.496624945667465,11.80762852297884,12.949458986522606,12.038562303378217,11.57699113651114,11.901316488765447,11.84621710841523,12.560664523872505,14.090183601790528,15.261928026230812,14.777334474698623,14.31873213149026,15.072545306040714,15.02606068135203,15.790461183780376,16.15574916377898,16.11806872835204,16.49063076822736,16.86759927784028,17.24905373899145,17.226999049600323,16.41739001780741,16.805301736065438,16.415929711113627,16.423117237834354,16.435308848614785,17.218941427997354,18.414401633059107,17.258124006468474,17.668591651960195,18.475174971393496,18.898685526967004,19.728160564329603,19.762113844644805,19.011026834798464,19.844265868426163,19.892247118241897,19.551912804128285,19.60996532363961,20.45731137533133,20.919325362351632,20.9870128873527,21.059031071557932,21.93730261076203,21.61413434416193,22.099808102843635,22.187596941100196,21.879169154514948,21.97595138043587,21.680891046407048,22.581682066115384,21.895652387687253,22.804278620393738,22.522501773068658,23.043885001617337,23.573505581260196,23.300583037629707,23.8393567075958,23.978891059262917,23.718045909493203,24.68030556860581,23.615940839519624,23.772099623559736,23.532415752938345,24.50260469814889,24.673266925740062,24.848652379380955,25.854822214399803,26.46154155977186,27.079271911843325,27.708315230299043,28.348985818508723,27.696038567916556,28.34592930587251,29.450004119444635,30.130248681678534,30.823726691325525,30.168746854710246,30.873591411758337,30.68024367056552,30.043631646011676,29.419312753816385,29.6902674881216,29.080137472988266,27.616499017376967,27.893761168203813,28.178007394219815,28.46944043467458,28.768273365297393,28.634030299532434,28.068576116435263,27.512962681103506,28.263611036672827,28.150800208781284,29.820129377123305,29.2680185803798,29.171031067811775,29.079586826254353,29.443537174152024,29.817310446871442,30.662840140243063,29.675282204782157,29.613036493270105,30.01649024133416,30.431358624939243,31.331054372890463,31.297234501703862,32.232298242453645,31.249688758123483,31.718314083766785,31.22972022713556,30.271145546723766,31.23844875115943,29.809378048175034,30.305782225676495,31.30836231088499,31.844385447963276,32.906281905881144,33.486492179620846,32.53196280087926,32.613031659729714,32.70410226096102,33.3302840838563,31.358826205590848,30.955394344835277,30.049533842777066,29.156162332538038,29.27913224702268,29.92729081990475,28.536675708932368,28.175879718544266,28.846277301399642,27.475151291458747,26.1292173093787,24.808452114678417,23.037353034456018,23.18926285316775,22.87184006019032,22.5606490918849,21.30440490672079,21.003634440786882,20.70893865675176,20.420404806636796,19.19983644239836,18.003716328518983,16.394313963951817,16.558695644700943,15.849522055923877,16.47712474715228,15.326051193046876,15.973660673110425,15.274546198997468,14.138523057331643,13.459992969896554,14.57864778927302,12.995471177451776,13.223530934035212,12.55682465896482,12.348278666383889,12.14767152031446,11.955720489195068,10.845630155652964,10.204308674086164,9.569294925288006,10.316334740584805,9.682460840403511,8.138464948112981,7.96971288086616,6.912471187632719,5.479837567511569,6.141026521567685,7.450125846393889,6.339940179446844,6.253580141312798,5.146201472850298,4.064232872803991,5.066881552252815,4.51525598235415,3.353680547305274,2.193862221888772,1.0339256514565618,-0,-0
117,-0,0.10343380668409133,0.7276924355025524,1.0024098707902591,2.020995315420448,2.6728145281107913,3.3273934893131845,3.9851332215858832,4.180657807919418,4.83706217080186,4.606094434562465,4.830603688955178,6.365020244149659,5.704360431724155,5.938149420776362,5.779502467238208,6.827660248257141,7.487815039963931,7.318048798875924,8.400416988323675,9.078878470495743,10.215403864103028,10.461795778236862,11.165969826587817,11.8785032455979,11.234451644655554,11.944198726160263,11.774682706908322,12.051762990425257,12.33331434795168,11.77661039450941,12.068850139299261,13.203931001942884,12.257305421030962,11.768224079970928,12.075397163311688,11.99927424896609,12.700337909765123,14.222336634926418,15.381846275746053,14.872702556990916,14.391041486155224,15.128907666483155,15.062436916652493,15.810116238568483,16.15689489735404,16.50787046176491,16.863107002441946,17.222671380504167,17.58663320778489,17.54183488249228,17.099673496788114,17.472617803297332,17.050018951775595,17.03401461321237,17.02355985357135,17.80095971695078,18.99725149757127,17.795876844423276,18.191886361691147,18.990608870238542,19.3990068944145,20.21947714036232,20.231624404804023,19.447675871314125,20.271166668928164,20.298294524267323,19.932474185998093,19.97044977480769,20.806759953406896,21.252838171015366,21.300337234375682,21.352351023410833,22.62840956181976,22.276774838135907,22.7488409463005,22.815939162546186,22.887558949985333,22.96365880629982,23.044203730444238,23.951554626295948,23.218519717472667,24.13320805411961,23.818720090536154,24.333009552510745,24.85530892565667,24.5509108060824,25.08232888032711,25.20277347062293,24.911807677801594,25.877616900031867,24.76217045957108,24.90039648616197,25.043232039101245,26.023928055594613,26.177529887104235,26.33604001814048,27.35162401714141,27.954267955159672,28.567690101250722,29.19218986194833,29.828078683751404,29.133690383723305,29.778839507142695,30.88968704626022,31.564507260596677,32.2523007178141,31.557662615377897,32.256790062610314,32.035737002542724,31.361238399004474,30.699870935019373,30.955010880938286,30.309013659717863,28.790662721716355,29.053172900343647,29.322655083132766,29.599302881429924,29.883320106833153,29.725267538011014,29.127525227181962,28.540255693280876,29.285097583292636,29.149552486717464,30.828821679629197,30.245808465215124,30.12625815506376,30.01245405367742,30.36168703955917,30.720596306252123,31.558243841607652,30.534409152993103,30.450303420338898,30.838661993919587,31.238224735063138,32.12870490759331,32.072797120572524,32.9978148070252,31.981290428169338,32.433654469072735,31.917553365515467,30.92654431596383,31.88258811081218,30.416830360817965,30.896647416734307,31.886826176904094,32.405253217644116,33.45330154422497,34.01477402732348,33.02953453091934,33.08776790375659,33.15582942271996,33.76201826455066,31.75484704159623,31.3255449771152,30.39133998674612,29.470173863736033,29.570350745637498,30.19736550915548,28.77776374325967,28.39203110915044,29.040149058397354,27.641594451489528,26.26915049297978,24.922801326644233,23.12659657766057,23.255679778514068,22.914956354261367,22.580425282074078,21.302027044754116,20.978360778514077,20.66067520588797,20.349028912939946,19.10884987242963,17.89418127965261,16.26965970438499,16.410044411135296,15.682099961189389,16.280985656287765,15.115024919080328,15.73158259916534,15.465787363800203,14.304627826624154,13.603810458340941,14.706735209514601,13.098586719488653,13.306796019385883,12.618294790649243,12.388426400583299,12.166064940116756,11.951835771587294,10.821734282739492,10.159902285976209,9.504829310876337,10.222548399411584,9.567489702921764,8.012254686532792,7.819141960264343,6.749373593914798,5.712602275510067,6.376519252197316,7.696848776185003,6.555448159927568,6.454989583069941,5.316975923378331,4.204770060766497,5.210051321395244,4.636554183022043,3.4452290669246195,2.25601034962294,1.0671052388566469,-0,-0
118,-0,0.08991797354911332,0.6942330088569774,0.9555545298157955,1.9457709434251738,2.5762615934660937,3.2092766794675276,3.8452293952474856,4.026934124618419,4.661200933905066,4.424488540918761,4.634912886813006,6.129855003822929,5.471711158406869,5.691020511714831,5.526338004812765,6.542556342163657,7.179088722315197,7.002970276111901,8.052516871470614,8.706655388580918,9.80965374321915,10.040148071870004,10.719214877199258,11.406373423612814,10.764158707634465,11.448154600157723,11.271132387645498,11.531325753472426,11.795813530499247,11.648466501221908,11.922449990152257,13.035838976244557,12.076436285773404,11.574053730975715,11.863585874072731,11.772621430031645,12.452946378300183,13.947219109848115,15.08127225490281,14.560087651587503,14.0671628285712,14.782312936956556,14.701030973953472,15.425334387737346,15.752781622034538,16.084256997882942,16.419817194760835,16.759521839278314,17.10343343379818,17.043717262081362,16.99101154484448,17.345206094876943,16.905255432143125,16.87159117221997,16.843703868245765,17.60094895134727,18.774925001798074,17.56110243195949,17.937921940076425,18.71500841497238,19.103560080751365,19.90140024804486,19.89573806069979,19.09992276141064,19.899941593897466,19.909509956142976,19.529634874333,19.550319112513495,20.3617897669877,20.786343708517393,20.81609266791189,21.2496601516346,22.505620852206278,22.544028687774393,22.998989355006124,23.04567880730478,23.09703228406449,23.152992511219182,23.213509292906362,24.10529263581606,23.348045247342025,24.246495314304717,23.91030175515245,24.406091394958498,24.90954772849488,24.583926275038557,25.096145125060143,25.1963830941287,24.884762983206834,25.831022005982017,24.694921621414615,24.813183105871506,25.3498528842354,26.31709185644022,26.450649471440205,26.589097597012167,27.58969436198854,28.174209968922145,28.769087920105846,29.374616909010037,29.991097100196193,29.27184643730314,29.897203917802965,30.989090381545623,31.642981230597588,32.309343244978756,31.590474026721203,32.2676592298692,32.023357040082544,31.325625218521672,30.641594062373184,30.874179429102742,30.206209740963022,28.667635985802317,28.907970636586228,29.15500391812242,29.40891375728133,29.66988772873181,29.4900349086622,28.872303068891025,28.2654712613541,28.984705557691935,28.82747555844823,30.474841441320432,29.872067160394927,29.730161621504383,29.5939481935988,29.91732284627494,30.249861031376483,31.056777292151203,30.017363991509526,29.90990201338513,30.270265327087372,30.641191287462657,31.497389521864925,31.41643110283257,32.305203918149985,31.274042307132813,31.694559804641457,31.15822701132882,30.153612740567894,31.069785748622465,29.597733469671287,30.04335999346674,30.99069506449457,31.472457529544478,32.474365254774106,32.996382336585725,31.997280998107893,32.02371199177103,32.05924319027613,32.62209402612308,30.621829977483042,30.169335506878706,29.222786660720814,28.28982466738637,28.355383066780707,29.44290463305512,28.013866486668206,27.603683421409233,28.210122616456356,26.80381417489427,25.916893707913943,24.554879542201274,22.74875512484002,23.326331622821176,23.444236500959807,23.08667941801566,21.775281479989726,21.42919523848157,21.089193185447233,20.755317517347137,19.484385369417023,18.239792858754996,16.582236710060442,16.70583882194791,15.953689386169629,16.538667676404376,15.345748058022838,15.947379137578874,15.660555283587511,14.923120015154927,14.194440428830204,15.308092698507446,13.653467635147628,13.853536862678608,13.138210806000853,12.891144037159759,12.651768320062667,12.420705096718317,11.255675249699372,10.568405214369971,9.88818311793444,10.607865468462716,9.928022103516978,8.330645061329449,8.122165814486678,7.0198182710100205,5.9508954109191,6.61713724006538,7.948324465970716,6.775190876815341,6.660181918785776,5.491029715094951,4.348088949715749,5.355631030349557,4.759809992068174,3.538262919705632,2.3191784829282094,1.1008458265364276,-0,-0
119,-0,0.07669461095894581,0.6614286740126492,0.9096990127652543,1.8719312848371992,2.4814631561259075,3.093288098257116,3.70783169331825,3.8760991483322202,4.488616325363155,4.24655294746162,4.443291180949535,5.899159531342349,5.243944255185273,5.449188375986058,5.278889961469106,6.26359255856774,6.876930817042511,6.69489714474881,7.7120589565654525,8.342318051282563,9.41223503164613,9.627289252785378,10.281708795580583,10.943958298083768,10.7306417082856,11.396007213031105,11.199703688369215,11.44120520650557,11.687126315173588,11.522408083945201,11.778289421046612,12.87025663106818,11.898139646728387,11.382602499360578,11.654736081484645,11.549158315779664,12.209049969834785,13.675974589755684,14.784931392574363,14.251959708091706,13.748047440564424,14.440849475048736,14.345088182764307,15.046407295075971,15.354903485582655,15.667271160524578,15.983559419738219,16.303820501809557,16.628109678111887,16.553895068997235,16.48680899457177,16.82109133427626,16.372578481177168,16.324789243227393,16.282832898638148,17.01359816965923,18.154266824879077,16.94521362894344,17.301155156471914,18.050348641986407,18.417363176645818,19.18639425330013,19.16563652414198,18.36923528041734,19.13955510365022,19.52668046376038,19.133018895184545,19.13673860173772,19.923792737334402,20.327219171712684,20.339588868377184,20.751573934926324,21.97694030670195,21.99731662378694,22.429573587944645,22.45802815636494,22.491110515154347,22.52875243493607,22.570892992093064,23.43335529496777,22.6684607839857,23.536797131620244,23.187483535956176,23.65824054201965,24.13624255199635,23.797448819624506,24.28363611601685,24.364053807222255,24.039278975239284,24.951588267597106,23.81640940023268,23.91446268543634,24.42327290623821,25.354528016013845,25.46677145233899,25.58367063621541,26.546314902192687,27.100214230457503,27.66387649587551,28.237572662255598,29.26438071986555,28.53246876856179,29.12903189170541,30.185808327831875,30.80948643131053,31.44498363200905,30.713315571761388,31.358821983982967,31.095369922140566,30.385318346520652,29.689354836700236,29.8960154502144,29.216480342611185,27.681825769086927,27.89617511466717,28.11678916426643,28.343826836293385,28.577455910616372,28.378328747283994,27.749987414215155,27.132843112890267,27.81453136736788,27.6375533534856,29.226498922903684,28.61263851823194,28.449813787906898,28.292474782378413,28.58394851966619,28.883859692168965,29.646318896125525,29.05646797189442,28.926085671544442,29.25520164234985,29.59413227975177,30.408914081643662,30.302987146528345,31.148100091141114,30.10965305695326,30.494422513013784,29.94138464653712,28.930452144433566,29.798768862672848,28.33149621184157,28.738583082256223,30.114274228047474,30.560510149633462,31.517649439506606,32.00149626641176,30.989341158799018,30.985191727778187,31.49472362391765,32.02304826862953,30.01557860033534,29.539735627502687,28.5760948406992,27.626638554078987,27.662637346434334,28.705369887361062,27.267384897655297,26.833655224151933,27.399780607937576,26.479918587930385,25.572638962283182,24.195088908533975,22.379070478897777,22.924376565784577,23.013688737929442,22.63231839543898,21.78027900414589,21.41100605618729,21.047777507083797,20.690609790889773,19.39958581836257,18.13601606678454,16.4627908287836,16.562612275376864,15.79161637167421,16.348460869764185,15.140520243122676,15.711899270801212,15.40200969885992,14.64636200070848,13.900075138750674,14.971528028246059,13.3122779275553,13.480561275937063,12.747908263483842,12.475172109378631,12.20921181319693,11.950487344730714,10.779988320924716,10.077189590332017,9.382217111476185,10.042853854088246,9.346149765963098,7.768489220555218,7.5283743952501805,6.434613394500005,5.37938868021269,5.962657805198509,7.158582239645453,5.996802365999251,5.819485426931491,5.15553488377146,4.011512841300103,4.907365625402075,4.88505576042529,3.632806614240563,2.383383497976421,1.1351568421553955,-0,-0
120,-0,0.06376026527808235,0.6292732993144731,0.86483475369396,1.7994651393853198,2.3884054308836253,2.979411311646769,4.037574262595384,4.169388052182589,4.769215605361515,4.482078916797741,4.654571840080335,6.122108163988986,5.421445651680104,5.605704770366954,5.408768966771722,6.387064752767834,6.98630011185118,6.780365058151836,7.78677786148681,8.401168713029763,9.457436810189119,9.652429967330537,10.289106603749776,10.933073423400378,10.698946569444264,11.34575082918351,11.130109834631867,11.35297877043619,11.580423050584093,11.398397434156871,11.636323998510132,12.707132747541399,11.722359153693736,11.193809726662709,11.448781948326712,11.328814960386433,11.968572857698907,13.408519094219765,14.4927323307014,13.948224614498487,13.433598895186549,14.104414573568063,14.386990929166497,15.072081818343424,15.36242832714723,15.656588468695697,15.954599811021339,16.256503654283286,16.96962119942192,16.872171653143408,16.782491539945045,17.099481195805343,16.624801370937547,16.55605942943984,16.49361622978707,17.21125024309983,18.341504135289153,17.102776248958943,17.441900307394924,18.1765928491886,18.526226830376217,19.279771802874624,19.239213534920196,18.420172595409294,19.174339980153775,19.543563092442422,19.129946028538587,19.11503773858974,19.88460272207712,20.269616746330847,20.263211761127273,20.6564735864972,21.862382604245305,21.863556441429612,22.276113332802872,22.28537209344349,22.29934131026978,22.3179388082337,22.341090186639033,23.593760324645007,22.804329263096513,23.656768897000994,23.28566876254737,23.738185121177757,24.197638177730006,23.837660952706877,24.30501450512064,24.365485130546592,24.020215697928947,25.330940599587525,24.16394840343868,24.24240514789795,24.735099638827425,25.653173867177852,25.74535582782767,25.84221468919019,26.790253732807308,27.326281796438078,27.87169436245722,28.867425636290374,29.884963660836704,29.12141050344927,29.702764840957595,30.749019139444886,31.356589727819685,31.97560300373205,31.213569592062026,32.307773965657105,32.016644599507764,31.27190538914006,30.542085048292783,30.729717867681465,30.017483076771967,28.43769900790687,28.63403029953243,28.836577614647815,29.045488548080638,29.26091936551264,29.037815649268225,28.380263436204395,27.73453648984391,28.40362196251167,28.203644088707858,29.788962734115174,29.147161765028297,28.961385403054468,28.781267180123503,29.054194133506243,29.335345672794016,30.082540674242647,29.46619437170521,29.31314545635252,29.62285407941894,29.942083890524668,30.739652035653677,30.610579175801146,31.437409724068207,30.37102387747767,30.73471199394612,30.156522878654606,29.119172573961055,29.96753046988127,28.47330822811314,28.858661220166713,30.213680275386544,30.636652909959842,31.570254417498084,32.02935020556075,30.992171199246087,30.96295890316545,31.446550402417337,31.948127376545962,29.91866525343821,29.418395166095692,28.432053701229965,27.460526280511065,27.470936354430467,28.48283875478775,27.025803731964892,26.568291905341013,27.10416406877024,26.163566399484306,25.23614256255776,23.843172357799645,22.017277429452967,23.003156721407056,23.069362910508428,22.664464940012934,21.78927239049935,21.396794306085674,21.01035337983974,20.62994217208418,19.318699588153056,18.036056659648086,16.34699564063679,16.423320754761004,15.633592573379772,16.162809228671172,15.376376745083466,15.9327449309156,15.601518686093161,14.822159988691213,14.052669620494706,15.10836513743715,13.422961138821284,13.571148622862939,12.81611639558599,12.52181171310751,12.2339820475053,11.953013370851162,10.762104501469844,10.03882273185782,9.323981713679581,9.956804796407836,9.239601914149846,7.650736393541767,7.387923550334686,6.282663552626523,5.21887779050524,5.764011145594701,6.901407423990562,5.731229302188253,5.5193850273174485,5.327932365789801,4.152279074526511,5.049620950264956,5.012325121893198,3.7288856176495373,2.448642916790974,1.170048059231102,-0,-0
121,-0,0.0511115628511093,0.5977609672920067,0.8209534976424464,1.7283618492959814,2.2970753542085127,2.86763079355749,3.8969972962165733,4.016079184182414,4.594835534301892,4.303111997256284,4.462656091243211,5.891780330696214,5.194864512761959,5.3658291802168945,5.542430440722794,6.931654589723722,7.523636062667598,7.272614315018809,8.288655787204771,8.893511356569356,9.954469858902542,10.122879593323514,10.747373618443765,11.378427085057002,11.556652460272687,12.195925776702989,11.932902599041364,12.130042970360991,12.332722227554928,12.110677706054323,12.753609191149284,13.845731037500768,12.770927142173345,12.18041806160344,12.415983007610402,12.258756900611406,12.898191547188453,14.371386302319484,15.469378828665647,14.871519228132726,14.306966809930843,14.97464638317048,15.239059661937903,15.919917701570393,16.191981862805225,16.468039310343976,16.7481045854052,17.032197655907304,17.739094614361264,17.61257203252829,17.908917353245215,18.209418000777003,17.68858623503897,17.59009301201094,17.49885030886687,18.215399843951232,19.357113986191834,18.051772069648283,18.376698599167707,19.109096632053127,19.44412243606536,20.194358054196716,20.53996990613585,19.66247638430838,20.419136195040814,20.775798434375616,20.321589943715338,20.281059398319915,21.052115422059494,21.424948731122793,21.39357269330033,21.77476137896583,22.99283933298735,22.969263248839926,23.369159638554475,23.354291543259905,23.344566871687555,23.339879008328914,23.34013034146054,24.601002737282016,23.768576497718133,24.618339939297325,24.215407276339537,24.6553686386313,25.102079797272975,24.71158945095486,25.166229902359216,25.205450204484304,24.831083137000647,26.14481459857518,24.93380432339682,24.992019585254376,25.471812693837364,26.38374651990737,26.4554879114412,26.532032630088878,27.47272332200529,27.994496919691937,28.52536278990066,29.512158911690623,30.520111560568267,29.724071613337813,30.289805159758515,31.3252763999685,31.916364542185306,32.51853826840054,31.725423476091862,32.807003747089134,32.489755462067706,31.715236929330533,30.956397697080575,31.122945711400835,30.382720548404635,28.769276202093714,28.945352296750908,29.127525227181938,29.315929422889088,29.510707689465427,29.264539951416506,28.5820738567934,27.912010791782617,28.562313215545316,28.339998465667094,29.908336738562408,29.24259394291616,29.03430616049409,28.831782902872856,29.082930074823157,29.341990439160796,30.066908111507523,29.42770182936832,29.25196983015509,29.53855038861314,29.834242245941304,30.606957661915555,30.454335285034645,31.254934935094425,30.167499162079583,30.505668176882974,29.9053562088179,28.848398370469965,29.6682098437925,28.157654089968375,28.984417470658343,30.318931920720587,30.718647618929264,31.628845364790763,32.06325507886081,31.000836852263767,30.9465775332673,31.40437896919111,31.879393699516115,29.827610509104524,29.30293687253277,28.293838491351927,27.30021192249429,27.2852539875974,28.26681711592186,26.790677185957605,26.30959593314377,26.815712809280928,25.854542940377172,24.907172677639164,23.49888505271584,21.66312313464227,22.613529429443297,22.652051186771548,22.224086702954377,21.33151185194746,20.916197711291872,20.97689928897963,20.573277644676512,19.24167670027796,17.939852176318787,16.234778633093992,16.28787374134173,15.479513300189442,15.981584054673796,15.176806313184773,15.703648740427816,15.349772202864013,14.552481725047132,13.765758303674081,14.780815933010576,13.090836405249979,13.208579886280328,12.437116827456576,12.11854824817818,11.805766353197761,11.957670329372034,10.746195124141709,10.002412886636607,9.267739037301903,9.873200651112091,9.135690601940189,7.535613228069609,7.250602619601654,6.134154879681664,5.448299498486058,5.994581107307478,7.14170819317613,5.938466595268286,5.710845553693502,5.503730492202649,4.295921597691443,5.194375470498018,5.141653044325441,3.826526394122842,2.5149749336244356,1.20552961172263,-0,-0
122,-0,0.0387452057853366,0.5668859659517455,0.7780472856531455,1.658611284333954,2.207460566796249,2.757931906121514,3.7588687422499545,3.8655966473033634,4.884292771353314,4.544325505822384,4.6779472142671015,6.118804055563558,5.794535044958031,5.933587676458352,6.081177883993718,7.5088828467242,8.090881526165388,8.227348507695881,9.270992771187135,9.869241554612275,10.9511540682637,11.082516801710199,11.697714611923573,12.318739786413534,12.463339168462854,13.09235199792523,12.7776442211899,12.946020381823931,13.121166977878527,12.85593200344923,13.490112542499228,14.588173841408912,13.44468177527557,12.805231825689471,13.020196920758089,12.83107059715058,13.462378729825975,14.94849274407125,16.04676912015942,15.40723291008082,14.803794877292132,15.461224263098353,15.70632035884912,16.37605810934393,16.62871732429239,16.885513263218844,17.146438006967525,17.411490694634537,18.10562303983857,17.95400850658878,18.231502592081366,18.51318177788557,17.963914782871175,17.842763005035014,17.729444255992345,18.43208184597136,19.563001996299963,18.225632478517966,18.53282288874348,19.250162925582888,19.567000194848585,20.301284236052258,20.628240618217024,19.726361060200173,20.466368418684837,20.804392000139746,20.329017528690436,20.268988799415617,21.02223322240521,21.37612804918277,21.32526551381411,22.098983637505384,23.307957943833852,23.262456464273136,23.644406773059526,23.607924657930926,23.576836420437193,23.551016086308344,23.530347555799874,24.778279119266365,23.919872290644385,24.753381595442338,24.32760260287501,24.74880320290894,25.176485886676797,24.763919744186893,25.19933390114563,25.21803768639277,24.82244583573708,26.117793748574428,24.88482201105151,24.922915714485278,25.382619288147637,26.27396791695572,26.32504357200884,26.3809067586654,27.299530440715206,27.799340891655298,28.307835566655072,29.27066390377421,30.253880033371967,29.43839313837021,29.98017039642873,30.989325742093893,32.02049795851103,32.601265561355284,31.782824303035497,32.84362031440912,32.502407119629865,31.70364520959772,31.380680268856363,31.52578148185236,30.756999370734412,29.109144698716364,29.264675759609354,29.42620477898888,30.04375825953772,30.219351255946655,29.94803278188802,29.235009157832025,28.535074715256794,29.17216954041793,28.92586607312512,30.49046216788122,29.79565687259219,30.017809490198818,29.790626744447156,30.025323395099655,30.267875365755422,30.983821210294472,30.3129166642596,30.113333034202885,30.383379257190736,30.66241838712352,31.425122136912226,31.248796505578447,32.038748475837984,30.915069724591913,31.718426678234977,31.085414057899754,29.98664131664584,30.803500053870966,29.242792648973655,30.066563219621145,31.40683210372209,31.793732964896275,32.69983081717116,33.12103884206774,32.01964174067857,31.94391003155608,32.38859870324395,32.85031163171522,30.745303922802712,30.19206596453297,29.147147409802116,28.118367788098045,28.08354018713958,29.059589927647167,27.54228546046768,27.034678915598263,27.527949086300488,26.533991441814138,25.554431794496587,24.108341300740605,22.229641802409784,23.173615977908405,23.19350993284598,22.741269188297228,21.81928417582319,21.380281993427158,21.422453989783072,20.995312821126767,19.631180784719774,18.297743522086147,16.557765277122453,16.593391023742704,15.759682164327874,16.247660765047367,15.418007828647596,15.92971213927551,15.554142903619788,14.732689352441403,13.922367383464078,14.922005320052994,13.205265491994618,13.303083751338884,12.509137321318347,12.621746805256993,12.289976516069183,12.432424373403771,11.183794256850005,10.412511931922667,9.650663515530901,10.256422797672682,9.492158401802438,7.847814069342248,7.545642572347894,6.394686860185628,5.68345816416423,6.230476640305137,7.3869622929722505,6.150100606596439,5.90622880813335,5.682984151471746,4.442486185837961,5.341671590609727,5.273075883839383,3.9257564456999137,2.582398442831507,1.2416120094151957,-0,-0
123,-0,0.02665796781207786,0.5366427801691751,0.7361084397181096,1.5902038271404222,2.11954939658811,2.650300880615184,3.6231717875954867,3.7179223065535125,4.707979428415693,4.364193815838059,4.485601159505704,5.888684215559036,5.560447399578759,5.686922992404877,5.821836588130379,7.21060004485321,7.770772373665108,8.336076889545557,9.367421767433116,9.947374880466585,11.014480766032024,11.122934752115745,11.718748902271935,12.320057996980937,12.442874379266657,13.051940808672393,13.186042611450373,13.328500580430752,13.478664526067009,13.180878182132775,13.799990140715702,14.88989769637775,13.702892327992208,13.030468359154375,13.22552332659126,13.012008631815066,13.628694799155603,15.107956695480743,16.19391131296877,15.526559907859767,14.897290879636097,15.538410878087353,15.76432121718096,16.417030230388185,16.650354111689865,16.887873773569492,17.1295628661043,17.37540335800385,18.051046373117735,17.879503896455848,18.137763624008116,18.400173132774267,17.83221847099906,17.692727143750286,17.561448562792123,18.24434231933215,19.35384346700344,18.002685098265168,18.29100595391696,18.987470337610237,19.28495661625958,19.997529496713963,20.304633161383286,19.390480194141034,20.108026079311642,20.426003081639685,19.93663540039949,19.859804046748057,20.58938413489572,20.922708973239125,20.85484437069302,21.603713108850858,22.78320744920857,22.720078063511625,23.08005195862277,23.02588338331775,22.97714644266344,22.93370278384998,22.895424327629623,24.110118255368647,23.2443402778766,24.048999457490094,23.610753359844708,24.008086890210254,24.411544910126423,23.986669042567303,24.39741087998582,24.397507036639865,23.989833699751543,25.246235267496104,24.014808829874138,24.034023412082252,24.46746926716697,25.324715398993018,25.35600777335701,25.3919225444855,26.274693431544247,26.745849866554373,27.22516836766535,28.149945709615725,29.094232353305284,28.27357312227716,28.784089433328894,29.75237222756014,30.741703693367832,31.288985265530595,30.464982607686487,31.481757756973682,31.125137536293877,30.776494052417853,30.43561452865241,30.55600051695678,29.776345416966244,28.1326143150739,28.26361103667285,28.400258324478887,28.98470555769195,29.134470030086334,28.845183439849993,28.122646190112746,27.41358456783371,28.015298620621557,27.750909465275292,29.260098479290818,28.555745427756648,28.74917277125203,28.50269550880121,28.707750826707446,28.920050061779822,29.59438509508687,28.913597826316334,28.69321765745463,28.930792709386683,29.176604225878286,29.89326684237945,29.694109905467563,30.435738708313185,29.77910023753481,30.53996953232022,29.89184221595305,29.25351058026026,30.033771182829497,28.4674432930243,29.25336283661186,30.54732231940683,30.900485054949705,31.764219390502408,32.14938894172116,31.03577958517388,30.93140846385638,31.33801295509236,31.76038815712742,29.662917233887836,30.086155669034483,29.017845566832122,27.966382854123204,27.906030370318604,28.852030394802032,27.31498776465629,26.783624009362004,27.247409505110642,26.232603721862617,25.23287782342505,24.248043052694864,22.3422511907836,23.265411467328917,23.26207122344346,22.7859864337638,21.84033342381646,21.377983001696357,21.396251506743937,20.945612788172646,19.56053517831854,18.207385457267254,16.450750917870764,16.463252151290465,15.610733811782634,16.518624962828316,15.663660869613972,16.160006206258902,15.762415399003753,14.916425097852333,14.082153810643035,15.06632602214718,13.322382316820168,13.400148114249376,12.583475891922504,12.675098768136454,12.321232377083472,12.440922368222044,11.170973694921729,10.378623450805518,9.596437328593979,10.174841321459995,9.389932042054278,7.733801766697778,7.409446306825523,6.247097655701963,5.521047689973429,6.030507301134963,7.129980918606987,6.366202180399611,6.1055987564654695,5.865750567371904,4.592020538165042,5.491553450865331,5.406631442252759,4.026604355436108,2.650933068339323,1.2783061541608132,-0,-0
124,-0,0.014846690218475,0.8562193695877499,1.0138901568976848,1.9245494292699385,2.4479185091107594,2.9690867265689267,3.9571997084313897,4.011525996990477,5.007080261428097,4.611564728200936,4.705224127593268,6.120096576430993,5.752836355313221,5.855312289269307,5.9679812216567445,7.356517685345223,7.900067946976207,8.44827974016314,9.467206067503959,10.028580380700031,11.080837738311999,11.166030480444919,11.74233697211711,12.323847982133126,12.424715518667044,13.013835000747429,13.126746230247196,13.248542445695804,13.378493895376051,13.061315935623883,13.660480313509696,14.729089186367187,13.526598860278975,12.839351254819531,13.016579439340775,12.787778986550501,13.800086237318617,15.272598478736825,16.34618363364663,15.650360128469803,14.994701718531342,15.619409089856154,15.825932446267286,16.46156034370174,16.675407236811036,16.893539559143978,17.115910783313037,17.342484140848597,17.999698173780285,17.80813387626825,18.047178249890948,18.290359525557864,17.703637279235593,17.545830008075146,17.396641496423552,18.05998406668452,19.148333316543646,17.78332461211498,18.052963103716024,18.728805851997784,19.00715922909199,19.69830326095399,19.985802463514613,19.059505838692683,19.754915445324322,20.053142269392744,19.550012050309462,19.456667407834896,20.162963454572605,20.476074780965938,20.391542607117316,21.524000529776234,22.68452785838286,22.601611325159784,22.941761022252418,22.867994526235446,22.799835988691374,22.73713034598922,22.67973352796305,23.871813431797445,22.98936201066027,23.771890909665245,23.316150695161333,23.692547730228,24.07478172773743,23.632963027776924,24.022209742453818,24.003137170583578,23.579147765328653,24.807583922438035,23.5661748782532,23.566391985778626,23.977273316156122,24.807892356651923,24.819542268454235,24.83575171298608,25.690362734595382,26.136958463722827,26.591280715932385,27.485942791943696,28.39932563694331,27.56696238397321,28.490190872100815,29.433203537199653,30.39648023456738,30.918981932405398,30.076553131001447,31.065646427623996,30.688421920929567,30.319405244062967,30.411633565113892,30.509595867944,29.707133133975177,28.0414557863562,28.150800208781273,28.265648711551517,28.82747555844823,28.9549161116837,28.644156686110424,27.901578422047187,27.173050176470525,27.750909465275292,27.46570788108628,28.94608812933305,28.222594844143256,28.39252755799895,28.124874209466814,28.30598674627471,28.493989730163314,29.140393909379394,28.891483440371836,28.648513196303274,28.863400553361522,29.08619023180125,29.778879961249615,29.556563144731225,30.2730146733897,29.59405036510085,30.328645560474794,29.658368561832418,28.99828634766221,29.750776470122638,28.63125642495151,29.396770245633576,30.670655571829734,31.000492977826767,31.84113891786712,32.20172294008222,31.062127386085688,30.932658745344455,31.313822849751194,31.7100856807566,29.589216990591495,29.98618831366373,28.894382437159784,27.82016185504869,27.73445610761728,28.650841297567947,27.09396157997582,26.539003438929942,26.97374158329304,25.938203634721795,24.91846224878536,23.91433601989175,22.45924817934995,23.36167068423593,23.33502543689641,22.8349619960017,21.865440318472604,21.37966460243429,21.374082432317728,20.89993556859394,19.49373199120034,18.120722450228158,16.347220675951995,16.336817511592006,15.465549909548555,16.34433030904358,15.47076374170006,15.938290858485859,15.518325736489981,14.654498311730423,13.803215700848405,14.748518679717636,13.44225294179593,13.499828626573972,12.660176199376918,12.730748967786823,12.35468595812988,12.451655115466986,11.160195582485557,10.346724488027542,9.54420035826334,10.095652480422059,9.29024706058463,7.622294691841612,7.276201796645223,6.1027355012704625,5.362411918750235,5.835616903481917,6.880223680923633,6.096964196480597,5.802970936764296,5.524808122465143,4.251130922638019,5.046741929760726,5.542359027965844,4.129099833120144,2.7205991948247887,1.3156233570344342,-0,-0
125,-0,0.003308277842147553,0.8202667692511664,0.9666881015438789,1.8511003644597221,2.355489968204838,3.3139841568517485,4.3143316627222905,4.322715451122652,5.322017272291177,4.870537580290412,4.934111782020854,6.360579232452211,5.952095755889574,6.029298568763613,6.118710657275287,7.507022322497074,8.03342893887573,8.564116890496678,9.570491432434649,10.112980186390262,11.150334678122661,11.211886556120565,11.76854461046361,12.330160320225927,12.408895151802758,12.978054990889275,13.069691846232313,13.17079017995917,13.749874036464936,13.398234974856662,13.981557067706277,15.041755023245793,13.79358789848651,13.071921789435203,13.22859744117864,12.974599169567874,13.976764938841791,15.442627650630298,16.503785089896475,15.778794875202882,15.096156770296746,15.704334716448695,15.891252419295036,16.50973447875497,16.703947193489462,16.902566598920362,17.10552412879511,17.312762609682018,17.951598014225457,17.739904473347266,17.959741611686322,18.18372571559631,17.578144078738053,17.40203464485585,17.234977017785425,17.878953154712878,18.946409874128065,17.56748113369341,17.818616998073757,18.474084476621904,18.733515703106,19.403505395522043,19.671641096224928,19.13225634207821,19.811357800155495,20.091107875380715,19.566595469831366,19.453830767925876,20.14285718994046,20.437418262146554,20.33364809639763,21.448165845650077,22.589931508820438,22.4872049129986,22.80760765905731,22.714263263344858,23.042955020161852,22.958733412270675,22.880105014611946,24.059787397014837,23.150645541548556,23.917298668668977,23.43840440640415,23.796280373347685,24.579910798380613,24.110477745356345,24.483264720404076,24.44252894206504,23.99233745659249,25.21348396856388,23.937540311915367,23.917116222106795,24.31142485272591,25.12897488795482,25.119809587007147,25.115330870829027,25.95570549200853,26.384427059689074,26.820588362379297,27.69945598542989,28.59640050930603,27.737681092196002,28.643790290702334,29.569008243939614,30.51380164555415,31.01548959134813,30.147621119488605,31.116896717710215,30.715977156808133,30.323621380058253,30.850949115632456,30.927041161890187,30.095066227665697,28.393545532704845,28.482128031767576,28.576176955967227,29.120158590015713,29.2264989229037,28.891930301468886,28.12341443815913,27.369632299029142,27.928962536712927,27.62104228823192,29.085589119814124,28.337575153442053,28.486154823941916,28.195867727886768,28.35542302864372,28.52164798098556,29.146547544365877,28.874854530322512,28.60922856465857,28.80147867994517,29.001320627395675,29.67023047562936,29.424782544713747,30.116302295352302,29.41499508130998,30.123615924656086,29.431223653367244,28.74945259983483,29.474556637957917,28.33575418947897,29.072818624981544,30.314413161000722,30.616362975991475,31.425157974520282,31.756199313666652,30.59779144506676,30.442153178295474,31.295643574689947,31.66590920135504,29.52125185206428,29.892126122482033,28.776703990693772,27.679634937491535,27.56872967232662,28.45591324904037,26.879083228854668,26.300675854026593,26.706781071950072,25.650610734009266,24.610988600661443,23.587741635117066,22.11815056059533,22.98657513845333,23.41243014946825,22.88823860024155,21.89463264245458,21.38533977593344,21.835006681425188,21.3361933856036,19.895926558985266,18.48984415263907,16.679839849373252,16.651284506870667,15.753631275549168,16.62176007019805,15.722198511517725,16.174179081474897,15.731764637418738,14.842873753786446,13.967172991785366,14.8972680875075,13.564946626999916,13.602183972954297,12.739284646024629,12.788732205422946,12.390359459989966,12.464631059082325,11.151455612841419,10.316797298102587,9.493921154798052,10.018802996462771,9.193033352211199,7.513213633221662,7.145807427840074,5.961486027163803,5.207416734275396,5.645614365618449,6.637387582707612,5.836039695791364,5.510917098310834,5.197535200063233,4.398356226127366,5.193526205781788,5.680299520526151,4.233273763718211,2.7914180007174134,1.3535753564694435,-0,-0
126,-0,-0,0.7849490783593455,0.9204513141740938,1.7789714533589231,2.2647326744423277,3.196329173658561,4.169362195161864,4.166801593284652,5.138319960726856,4.68417953108274,4.736616625936897,6.126170281441819,6.158617074741853,6.209185399696954,6.274262625109525,7.662351656374927,8.171057113355248,8.683759248885575,9.677433774385612,10.200704950096096,11.223089155628156,11.26059168681131,11.797442878766008,12.339050159862566,12.395449538108448,12.944624478972438,13.014888618028364,13.095240362975709,13.654320412401324,13.746041626185285,14.312828914647548,15.364298078353167,14.06873577554847,13.311457865772768,13.446971754635271,13.167040838945038,14.158956253058866,15.618267293988312,16.666927709308847,15.912035974859965,15.201793947620246,15.793311498956795,15.960386570063916,16.561645259171325,16.736050396740147,16.91501621434922,17.098450119888124,17.286272756911313,17.9067697051685,17.674825490107956,17.87545238423951,18.08025980141098,17.455714717710574,17.261306896564562,17.07641175630318,17.70119838394338,18.748014358809886,17.35508744625691,17.58789304455202,18.223224118575978,18.46393672758022,19.113038973293065,19.362044997745663,18.80828375605653,19.465725579038683,19.726123542236138,19.188077917177143,19.0591727437729,19.725508491530753,20.000385280258058,19.880419169110407,20.96736869875044,22.08080068571769,21.961206113141483,22.260582515991135,22.150413091349726,22.457769056159776,22.356719538112678,22.261329113519754,23.40908377627032,22.903591037155962,23.64848870142595,23.15207060164211,23.4893083424305,24.250089136295223,23.763605816517366,24.115134878659536,24.893165751333473,24.416071784120046,25.62982676038059,24.73499453207581,25.11131582558368,25.919316956913164,26.742743701349212,26.709284939001357,26.68093809763642,27.526563860692352,27.945889317579773,28.37258930990524,29.2557217118229,30.15649087410881,29.24749049647954,30.157189288448627,31.08555249763793,32.03304623608964,32.52429034662593,31.60852608311023,32.57992688082974,32.14451301487697,31.71836293535504,32.23571811837727,32.29027519456585,31.41462431965818,29.648732842736027,29.717526415063002,29.79194925542064,30.32677148958634,30.41359522351115,30.049687377506498,29.24259394291615,28.45112186176803,29.0016086314809,28.666229304963476,30.139801358581824,29.355569416927732,29.94170557949153,29.62298972810039,29.76656505253658,29.9169325937094,30.537790895709634,30.238757720119363,29.946204670223754,30.123148942374094,30.307763352517114,30.972462435429936,30.700969993175157,31.388103331112998,30.650631808204942,31.354784401110006,30.627022123319104,29.91051039960077,30.631144605203517,29.44858577060715,30.18113044477441,31.42738868185377,31.71473481721294,32.518081264806376,32.834258653652306,31.634165595005204,31.455166787104798,32.30269814183016,32.65813050004353,30.45698089489681,30.813466620482785,29.659539180417067,28.524726208732133,28.392129802080547,29.272734455119778,27.652041140891722,27.04517302138129,27.437236217841484,26.346165428698793,25.272329976455364,24.215549184209674,22.70674636960646,23.56787314339878,23.979703843485357,23.429422720525665,22.404365505704792,21.869729781797965,22.30486830336783,21.780849965507322,20.305851799451847,18.86605162518509,17.018854176991653,16.97175218292344,16.0472007458703,16.904457279621557,15.978425315722335,16.414612667831385,15.94938512004489,15.035018923372059,14.134511868192224,15.049324871610725,13.690535977204707,13.70727599699378,12.820850477670666,12.8490860394216,12.428277722618192,12.479861356044776,11.144751978030175,10.288826615562275,9.445570818330978,9.944242917118904,9.555488010479868,7.828985240903174,7.442467552016566,6.2214663129379195,5.440030558299935,5.8773439716219364,6.876970281676222,6.048632036407348,5.7054174896167735,5.374093199365151,4.548662578188691,5.342998531779305,5.820495439131889,4.339158258734819,2.8634114931554167,1.392174337441428,-0,-0
127,-0,-0,0.7502615896432101,0.8751734867021377,1.7081546732014041,2.1756370600802755,3.080681625674898,4.026744436063712,4.013613921918734,4.957700380897025,4.501298914829759,4.542988702127678,5.89597947936858,5.917412371074436,5.9568890234849645,6.010792354632963,7.361177728546674,7.849513604344901,8.341651071383561,9.305562892505836,9.807817599936511,10.799871884108924,10.82505496897473,11.340266290965769,11.860018842378889,11.90365318789202,12.43058382871422,12.487785392800097,12.554945547362374,13.091196438154556,13.169410158798767,13.712943163929717,14.73124832275091,13.450746651853217,12.698918817594592,12.82031784328408,12.535987709738459,13.91654118149894,15.350356069122492,16.37525410296447,15.607651284862824,14.885918022381539,15.45631549447983,15.605630859604107,16.185246660609387,16.34172744508687,16.502767252842045,16.668258945347706,16.838109584667887,17.86524145787991,17.612910621275223,17.794312861517724,17.97995327912049,17.336328044714875,17.12361539971504,16.920904986890534,17.526671251723663,18.970404322832593,17.54295514553398,17.75769204786702,18.378184270171886,19.007657869015276,19.64622226578814,19.876880031764863,19.29091562351866,19.93730885445906,20.59333453633247,20.01667677577509,19.860848697678676,20.520737417637186,20.77897996766222,21.041437236317275,22.139915935994047,23.263964340827194,23.114952798990625,23.398255182656985,23.259717892355635,23.551362829319487,23.847839125793477,23.72290220757095,24.887475148642576,24.33783157870921,25.08378647756134,24.54477528205581,24.868711043594,25.630018121022367,25.102889842508176,25.441355194484537,26.219333529763148,25.703338959000014,26.929254951130748,25.98412489232622,26.347646819738827,27.154587590394357,27.976486818956833,27.918171905765977,27.865349327163994,28.708735036025637,29.11456012291107,29.52765503389135,30.407450548667182,31.30439837849157,30.351084604784944,31.2566370760973,32.180355206520936,33.122700201258155,33.59901091093093,32.64105832118388,33.606560864006894,33.138823138671505,32.68098680894462,33.18357852643676,33.21516426562228,32.30118582657133,30.483046561822835,30.530444823766793,30.583570537271807,31.1040634291109,31.16955893118651,30.777877496788335,30.39402627435473,29.563549352966977,30.10441714288752,29.74049257732662,31.222674832736274,30.40102307518794,30.97703269888446,30.630572434445362,30.755287797788842,30.886830284329086,31.497043365864606,31.17106274425695,30.851913193585318,31.010220303605344,31.176171360465766,31.829468212916055,31.531920561491138,32.20719524223203,31.437077761855612,32.620062025246135,31.85574146068275,31.58921682508898,32.312114038752384,31.076251153551876,31.81136348501632,33.07383240960297,33.35000156991052,34.155815399931335,34.46102952101817,33.21033008901114,33.0078340582597,33.85828374878177,34.203638701583095,31.928443560786274,32.275583577225454,31.074686875129686,29.893678825364,29.74028301362257,30.624880401203484,28.94733119973497,28.30858722959193,28.69310290746472,27.559044069823596,26.442884620825186,25.34442713497015,23.78308803165119,24.649497702027613,25.05519490226472,24.47631118755992,23.411879268271495,22.849505668438223,23.279265895582974,22.72807640049014,21.204623105724572,19.717094215794422,17.812277411513953,17.750484788671983,16.790523627073473,17.65432593649288,16.69349157132786,17.126034593906727,16.63684092279335,15.688711910764063,14.754886583462165,15.676580050988461,14.275136181167577,14.279197190098447,13.360748906552612,13.376690869527652,12.934108934973501,12.973709657793194,11.598314809672814,10.712028307697338,9.83878898462582,10.335573149594246,9.92652611974551,8.152618890687746,7.7464334135831665,6.488101493244738,5.678708123825214,6.114707995818546,7.121808442549908,6.265914006336941,5.904097149858639,5.554327753920572,4.702104659132281,5.495209058818425,5.962991015351606,4.44678671069622,2.936602545033555,1.4314329517749114,-0,-0
128,-0,-0,0.716199807750534,0.830848599999858,1.638642499553933,2.0881942163973255,2.9670304368188467,3.8864647998528317,3.863138452467071,4.780141886955516,4.32187988491606,4.353211766354396,5.669986696261005,6.127533957067685,6.139278860091445,6.168062383835887,7.518502634273466,7.98888688879328,8.462894981214623,9.414272076903059,9.897313475106206,10.87465861422538,10.875753149394576,11.371359625105248,11.871358209889584,11.892848502110366,12.400150403190937,12.436289360081634,12.483069574813225,13.470012833553843,13.521423749077426,14.048052433462793,15.05763940190391,13.72838958077855,12.94014008013792,13.040141965415987,12.729541252506161,14.105238407885391,15.532823079120787,16.54529236891228,15.746845434115986,14.996747206160222,15.550472954945205,15.67978088491714,16.242251272670707,16.378865370199414,16.520246873579744,16.666261436694246,16.816791104652747,17.827046065621303,17.554177586818735,17.71632905651417,17.882801112846117,17.21996594151481,16.988931591395435,17.170240143065385,17.76189289203047,19.19972261170496,17.736775746687247,17.933127582185996,18.538627937199383,19.152665551173946,19.775352083902234,19.986948201207813,19.37706226662237,20.007032894957224,20.646185924941786,20.046925148697046,19.870908738630018,20.5134678210496,20.75284435013697,20.99635090771714,22.077140958195105,23.18272390487456,23.013294743094573,23.2766252913489,23.118055783478038,23.389662703638475,23.665955337770534,23.52133563044375,24.66393602158066,24.095448680994206,24.819521850530545,24.262236244937135,24.56526723794903,25.73791972267284,25.186907102233107,25.505725571600685,26.265488495042884,25.72646502733098,26.934796399764128,25.965973045769484,26.30921311764682,27.09627644720534,27.89771640112026,27.81773485340725,27.743365632998028,28.56512342675511,28.948940743029674,29.339732451946322,30.19631837233879,31.06939834433944,30.095334565804308,30.97630753811788,31.874747771366476,32.791099797903136,33.242328715503234,32.26445776040344,33.20255377631102,32.71332684313932,32.234336046007364,32.710781386853014,32.718576534450506,31.786784824973605,29.958090268739838,29.982485488026658,30.012454053677416,30.505748755870364,30.547536136760172,30.136213788469576,29.73291199600093,28.887851724677322,29.400029161794944,29.01693909503076,30.45888585307079,29.622989728100368,30.16811947191331,29.8018899761453,29.90075682570788,30.006073804965357,30.583055938592057,30.236635926999053,29.897064705232467,30.027647632297327,30.165382610991323,30.782147135115363,30.46311396461676,31.100220066087974,30.316508163893825,31.45096932158235,30.672814839831002,30.383456741029057,31.063993847642504,29.824276120725173,30.515449069565577,31.72188072467019,31.961641256318817,32.71877659759635,33.50014126926841,32.23738268904848,32.00762995137777,32.81370780893081,33.12169253303489,31.876358196000126,32.19652377801707,30.970325752568097,29.764862819878896,30.09486455297569,30.96077200092246,29.249364932218864,28.583249501678747,28.94552394775594,27.78215417845141,26.637464097714876,26.005788532613003,24.4033556134426,25.261480561299322,25.652017082058265,25.04559726283053,23.94813874991867,23.359044443780146,23.77324252840378,23.195528066545332,21.63575427559954,20.112964192883307,18.169315405908893,18.087936143684693,17.099791599420268,17.952009404817783,16.963479617213313,17.379438414564003,16.86640414456711,15.891674551681323,14.931955277420544,15.837835359076209,14.408776744508481,14.391624562500093,13.448714922522756,13.442816497462783,12.977087721488417,12.993480921445942,11.595271493353613,10.687034942638174,9.792796695015353,10.263269914238506,10.3063023632622,8.484252779685285,8.057833353902456,6.7615065968030015,5.923553473948379,6.357804788862493,7.371996829840462,6.487969692071823,6.1070315165612,5.738305830590676,4.858739472971911,5.650210028318235,6.1078322703608565,4.556193850979177,3.0110149342921266,1.4713643396536575,-0,-0
129,-0,-0,0.6827594432010752,0.7874709118552615,1.5704278957851947,2.002395881582102,2.8553653813514748,3.748510745319978,3.715362405944937,4.605629243657627,4.145908156872844,4.167271306103469,5.448173795015276,5.886802959106734,5.888222976343265,5.906607832695695,7.219974589037088,7.670734313441581,8.58824512034362,9.526902932740384,9.990341411560903,10.952878152006253,10.929412176918419,11.40521534818712,11.885310732314972,11.884413444440579,12.372032764347885,12.386979711331152,12.881808155497666,13.862072690284649,13.88538392166895,14.394319219258268,15.3948220623289,14.014881542732171,13.18886982303027,13.266787665524564,12.929093243462155,14.300004175049146,15.721448182820644,16.721387058055946,15.891249761584671,15.112069266951883,15.64895248755582,15.757965548006093,16.303177171683156,16.419706828850032,16.541248219216108,16.66763743096087,16.798729389792495,17.792221105877736,17.498648281804343,17.64151081576933,17.78880181782413,17.106613365919976,16.85722972421273,17.020277233044048,17.593041692290956,19.010062603624686,17.53207956304566,17.710160590589155,18.295863510546326,18.88969447436179,19.491763844291075,19.68431305758621,19.059757154518024,20.081412922357323,20.703649386686095,20.081432420378412,19.885019966812436,20.510266205333956,20.7307136099561,20.955227147679473,22.018487281774316,23.10577766321441,22.91584854853639,23.589317677366623,23.407137422984544,23.659609270422088,23.91671060715567,23.74925171899499,24.879501336747694,24.28503380788153,24.99274195573302,24.410381230639608,24.694072459089828,25.851896208823216,25.710655888694404,26.011253371568454,26.758359583161837,26.189845149585807,27.390296333911554,26.387607959143516,26.7124633346316,27.485562778576863,28.272518027680025,28.169087740491868,28.07151576268815,28.877848056385407,29.24206560824291,29.613053402719643,30.452864664681695,31.308592504708027,30.76834520665931,31.637853265510408,32.52429096113906,33.42809417405516,33.86032254347902,32.84628211934562,33.77095144899188,33.25195650706041,32.743790082038,33.20118242012526,33.18504685253823,32.220687581774925,30.352221884884493,30.354142215211326,30.36168703955917,30.83608453729188,30.855313713491192,30.418343165306265,29.989792728503144,29.117199779935692,29.610019612421524,29.65635185036995,31.09459069783768,30.225939389394984,30.755287797788846,30.362468982681918,30.440129551516186,30.524207745551042,31.084563365825247,30.712137517948108,30.816275714975173,30.92740587819134,31.045700258123713,31.650544779234316,31.304535254283614,31.929338032624646,31.111928768613573,32.24064077172212,31.42935110493814,31.113964962570556,31.78130626439379,30.503486747978894,31.18119703296871,32.379435236150904,32.59895918150218,33.34107284483406,34.63119831174722,33.32382837726683,33.06855200040069,33.8672314462519,34.1586531239734,32.87075696485121,33.17461688260078,31.907066080099717,30.66109583783973,30.975302359328932,31.83307085716279,30.074746789623184,29.37779880409534,29.724299173349024,28.523479055312002,27.34209785464254,26.681271516018686,25.036848188007657,25.88626761033028,26.26114597378337,25.626528532815374,24.49531375742185,23.878876442132043,24.277078408481028,23.672251920358168,22.075424514271596,20.516665913811828,18.533426391317654,18.43203247219367,17.415143645188042,18.255538915039256,17.23879182952739,17.6378949905888,17.100618213684733,16.098832628508767,15.112788984796156,16.002761874537796,14.545630446352309,14.50707517537012,13.539385084454333,13.511527544694575,13.022489785116198,13.50163884948396,12.061738383989276,11.121868269967887,10.196396932911181,10.664053529112937,10.694978620575892,8.824031498259002,8.376801607990561,7.041801872767667,6.174675310320769,6.606737102461565,7.627634419469863,6.714886885186043,6.314299318402735,5.9260972863206725,5.018626456051738,5.808055867895495,6.2550670970221605,4.667415811226795,3.086673385609443,1.5119821524218233,-0,-0
130,-0,-0,0.6499364064169019,0.7450349447122817,1.5035043026534392,1.9182344288035198,2.745677073906409,3.612870766800026,3.5702741975673717,4.434148616521747,3.973370993408669,3.9851545217511073,5.230524619062052,5.65061549621552,5.642115772625211,5.650511752609492,6.927155698742573,7.358688306058991,8.24777043240956,9.15770347067654,9.60126151567316,10.534540230550977,10.500000561978679,10.955345600924929,11.41478341365324,11.402409746415023,11.869012457225562,11.87221499971096,12.345654470249496,13.294728877190712,13.305797846283518,13.792682310091704,14.761166936993485,13.397820949898627,12.578733435717568,12.643875024915404,12.30320998135306,13.631142236576563,15.00912890356642,15.97524162049224,15.151576666864365,14.378938721449408,14.89160290258468,14.9864628824152,15.506967209214679,15.608964638556321,15.715808546904366,15.827331880710053,15.943386353000903,16.900265423107502,16.60193918107983,16.72916549925749,16.860634232211495,16.18434793863891,15.9299148970442,16.076761823118346,16.621968590331164,17.988634571998077,16.538755963626365,16.699818613289253,17.256847376973955,17.82163891189972,18.39429616635616,18.568715899391762,17.9492724091028,18.928843172686545,19.520332108438023,18.902878756222638,18.699239768004748,19.292889535769607,19.49352800549481,19.697959944152476,20.716082443089693,21.757603219915687,21.558948867697747,22.198262180498475,22.006923818563614,22.237268507607606,22.47191956507481,22.294705665215428,23.375686824689616,22.784098262853668,23.454764314721402,23.291439748036336,23.552023289089956,24.667173520902978,24.511683191852885,24.78807522694719,25.500616322312208,24.927374330317473,26.082119061361944,25.084934551153058,25.384037685589274,26.120283787800552,26.86970584694196,26.75000351038743,26.63601504252681,27.40322695783388,27.738993684146745,28.528928616789322,29.333678676458184,30.153600309279593,29.601580933902827,30.434203809639882,31.28295528453828,32.14824821413298,32.55004403064795,31.53237633543082,32.41676384303149,32.35931733294677,31.834219882958838,32.73951837943066,32.699778754736016,31.71748066097342,29.83805937158579,29.817310446871446,29.802076252458868,30.2498610313765,30.24584895568378,29.789589597084603,29.341990439160785,28.455112019553138,28.920050061779826,28.942822496056454,30.341857754528682,29.459227868616566,29.958500399776703,29.546440801186012,29.598995044303763,29.657642231760835,30.185781875187157,29.793653339220935,29.87126044319467,30.423369255683387,30.516054976500524,31.09114278030611,30.722620650527862,31.316444116638714,30.480692325279925,31.572571492527505,30.74299859597453,30.404579267856548,31.03785216435716,29.747977779988478,30.39048841284001,31.54603649207359,31.73428808765522,32.43750727274321,33.68013618717835,32.36087900815434,32.07903027093655,32.83455734317142,33.615830434400614,32.30887687947097,32.58040337148896,31.294801592666772,30.031706010062557,30.312788125230284,31.13040522195674,29.36194711486235,28.643118687777903,28.95395646003667,27.73846668672604,26.54335747261658,25.861670212354618,24.698641907723644,25.514071358639292,25.857214460467294,25.198677402962723,24.048616922916302,23.40903577122535,23.772975908657017,23.144552774468746,21.537239376062182,19.96975187453728,18.442832080034144,18.31737851294254,17.27979932849426,18.091234084781355,17.054267744190042,17.424641860989507,16.86427207146345,15.843603734251204,14.839715551399228,15.692500121573435,14.2234283281034,14.625626154599962,13.632822193980761,13.582874265161681,13.07035163194243,13.526362630484535,12.539701245906954,11.567499778089433,10.610109283535937,11.07445496305232,11.092724315891672,9.172106343217399,8.703478592396817,7.329113050479332,6.432187228352026,6.861612304725847,7.888824598790581,6.946757258747213,6.52598273124448,6.117775004534027,5.181827592274679,5.968803293242269,6.404745347162824,4.780490188613684,3.163603614673618,1.5533005767707646,-0,-0
131,-0,-0,0.6177268018030777,0.7035354731264266,1.4378656279413016,1.8357028543663698,2.637956960090444,3.47953438638616,3.4278634262484338,4.738865426562934,4.219417413536077,4.200317493626437,5.458230510741901,5.860374727923813,5.823304685701505,5.806086573819296,7.083307128344573,7.496932918655729,8.374841702236242,9.272172254725715,9.696065623452995,10.614753164013582,11.046055187201674,11.481572539836865,11.92133959098908,11.87484799562531,12.322884501050666,12.294993508615017,12.750582073420366,13.692750906013448,13.674719318999488,14.143429689133002,15.10277732971115,13.687159470754395,12.829351491707225,12.872089802950411,12.503903808926479,13.827449787531629,15.199723580219644,16.15356715161759,15.297806891800251,14.495824694635429,14.991877904092114,15.066586176259586,15.570134582455392,15.652274725272585,15.739548903459303,15.831758081788562,15.928724719217383,16.86938260724399,16.550688664754606,16.65907596863112,16.771846336132505,16.076613105383103,15.804337368290879,15.933509069118236,16.460480614901805,17.807095116804852,16.34269185367029,16.486177244721983,17.024155930435487,17.569510455018108,18.12234258944145,18.27850384880178,17.645159673414614,18.601985662148696,19.17254241912732,18.940311514168418,18.71662437494445,19.293507387551756,19.47570951008152,19.661671166900398,20.66296411518817,21.686918865622413,21.468291722997346,22.08861243399068,21.877569967174416,22.088443237261718,22.303527366039976,22.10713333300218,23.167184077108143,22.557198406145286,23.206951971697904,23.024665187541714,23.26508240827235,24.356751653142556,24.18214035707933,24.437666107039274,25.12705772644082,24.53692984217473,25.665476536428642,24.65431067188233,24.93182305527083,25.643243312441683,26.367264752649206,26.22817718702427,26.094883739687486,26.835508257128392,27.147885647081676,27.910132226347073,28.68654660444289,29.4774699593311,28.909183151506138,29.711908433092574,30.53005403267388,31.36401429422761,32.21420106742804,31.176629222453297,32.03468741824604,31.954152470479677,31.40816754269175,32.28577388847501,32.22269996419217,31.222602215541492,29.332250582475638,29.289175454594112,29.251528249651333,29.673159646322144,29.646318896125504,29.17113769649717,28.704882341503826,27.80406997155935,28.241703836743202,28.241453045934428,29.602056737317035,28.70589805363961,29.175783812594865,28.745058938274802,28.773182763680044,28.807105095383935,29.303841592661534,28.892704514507205,28.94458351688661,29.463531810630894,29.529474089468355,30.069854613943406,29.68124253383616,30.238923559198728,29.860582795507643,30.916389310210725,30.06894766223979,29.708039311546084,30.308020609226396,29.0065082079652,29.614673760408483,30.728545516359915,30.886375488436435,31.551717226808524,32.7480546357016,31.41754130060662,31.110050387802833,31.823677614899793,32.561470064721405,31.24423443892678,31.479379676770915,30.184512093002827,28.91314257607507,29.156772603843198,29.925221567552093,28.159958361680697,27.423615122325955,27.69388937521667,26.472684711374548,25.272919972789442,24.574770981578286,23.408879765936316,24.167249814381226,24.464815168291107,23.78873110939721,22.636770504347982,21.980480310723436,22.29452439474151,21.648455709457107,20.059400184185286,18.512677560747953,17.00918157193337,16.85090795395697,16.25670383272856,17.00728507354602,15.968382078419182,16.288844399756012,15.710209775794912,14.689529927418633,13.687368676209259,14.922367570023715,13.458882595823866,13.813125011574774,12.814215677807955,13.18793335585606,12.652602827790217,13.067274676669737,12.065928983920287,11.080545201258985,10.111645312807248,10.526700225762033,10.504356432480277,9.060177386085387,8.568097293737257,7.18026982161832,6.267514084537091,6.661053092492889,7.635452786476913,7.183676554760603,6.742167543924933,6.313415040077692,5.3484075354573974,6.132511416493486,6.556918924435987,4.8954561152454374,3.2418323752245994,1.5953343604141867,0.0012476301838280645,-0
132,-0,-0,0.5861269218531548,0.6629675108671111,1.373506236061309,1.7547947658475553,2.532197307566584,3.348492147108511,3.2881208648440547,4.564854308491763,4.045157303732386,4.017215906265816,5.240139260522302,5.624439980392826,5.578220762254118,5.551792365654291,6.792889427890419,7.188024611042417,8.038189075563523,8.907489733474147,9.312269464697069,10.202414316256815,10.614191002055342,11.029996862467309,11.449862855936711,11.3927244581117,11.82052009564146,11.78173260712055,12.216727690530394,13.12845151828088,13.099054834122741,13.546541428308114,14.4746496903103,13.076711210343749,12.226863298939778,12.25775257628781,11.887592877314669,13.168933287508512,14.498537564034642,15.419414338615265,15.006643169020919,14.193566821116441,14.669641539390254,14.727626378024516,15.210816626119145,15.276232896593084,15.346865891995838,15.422498144514147,15.917264422378919,16.84179394434984,16.502533955971145,16.592018241315422,16.686053267633174,15.971705154531602,15.681538556088183,15.793084190548756,16.30195327008992,17.62878936255523,16.14972678636369,16.275763945094614,16.79488896276541,17.321016308839017,17.85424646076876,17.99234050613463,17.345221885508376,18.279609236018874,18.82951249594627,18.58154434528881,18.342449202352178,18.898089348454516,19.061843965684545,19.629194050397217,20.613792964182075,21.620330573202104,21.381619703168212,21.983036128769868,21.75222488131655,21.943667608952257,22.558331278642413,22.338991495141368,23.38734156202839,22.751158725829356,23.385058520961376,23.18053629429498,23.40181116432338,24.47936755458141,24.28267193500327,24.518588635082654,25.190232592353745,24.576564466044015,25.688469070285255,24.652950528813868,24.910599403176743,25.602944125387985,26.30737366049087,26.146937278065106,25.992501283336487,26.71256869653379,27.003785208064137,27.744518500443093,28.49884635589219,29.267098228194307,28.677434913398987,29.456762708226965,30.250889314414245,31.060194611234124,31.885075119498968,30.82757777941417,31.659638915310108,31.55620522369734,30.989466666585187,31.839773159679275,31.753621903514976,30.735853152528673,28.834589379584823,28.769519376547787,28.709813388418578,29.105736988161024,29.056467971894424,29.012615846977134,28.524346058919626,27.602617566152734,28.01730332356053,27.9947608819953,29.32907125553776,28.412826106295448,28.858197137718307,28.406247782224657,28.411284287817594,28.421952254435862,28.892704514507205,28.46047328820914,28.488492662662665,28.98014975051907,29.021515095677763,29.53340487586075,29.589045470886894,30.122682180708072,29.720530534521952,30.750727687694514,29.880049635801967,29.495408044842254,30.06910870579563,28.746830667838072,29.32801177917564,30.411990278925135,30.543130277656985,31.17877828384382,32.34160925101457,30.991364564066256,30.658499805267642,31.339472408584495,32.04339993233869,30.707819865705826,30.912190275794543,29.60014922535323,28.312619496509814,28.524969592086965,29.255526181140713,27.48108607840634,26.72449018576083,26.961438873154258,25.727121288021802,24.515297466052242,23.798386833074215,22.622256178903893,23.33726021773237,23.598253628111888,22.903144865060256,21.742366722484128,21.068087365688324,21.342703705965352,20.678243108156092,19.55547627725976,18.001601169220166,16.492944524625972,16.747979845209603,16.132352124699803,16.855678068081367,15.7973844208586,16.09091115708926,15.490587732211951,14.45228571101175,13.433702758225136,14.629618375395355,13.155181796191233,13.477096622870146,12.463422067285562,12.801908432775011,12.244720755011006,12.619560405555646,11.604579184635739,10.607213141975462,9.628176278518968,10.461446380073108,10.412884923438401,8.950779311503258,8.435588428691693,7.034480767141938,6.10634385158107,6.4651250868724075,7.388538551082341,6.907243448764327,6.433968652939401,6.513096773399642,5.518433739380592,6.2992418615803984,6.711641883184477,5.012354332002477,3.321387509074147,1.6380988393632196,0.008521450147116773,-0
133,-0,-0,0.555133241252934,0.6233262975937367,1.310420937549853,1.6755043700993524,2.4283911975232906,3.2197356070003007,3.1510384509963876,4.393818379433609,3.8742821689945366,3.837890026466496,5.026150457031734,5.392984260626537,5.338022902231148,5.3027957895551,6.508106452729956,6.885144982072689,7.707934406703748,8.549577649901074,8.935650515780416,9.797633198903638,10.190300499584783,10.586815619875614,10.987206180336605,10.919883049554175,11.327873526230254,11.278661857898289,11.693509545796369,12.575208043209393,12.53493464615738,12.961659636991051,13.858964482720339,12.479305521425307,11.637991141476986,11.6575479446062,11.285968103977472,12.525538019794148,13.81291328600619,14.701301445384729,14.286456042461829,13.481593637941206,13.934872162979227,13.980233838690552,14.856185039618413,14.90518783862268,15.37534484232598,15.431621795710193,15.90906517530856,16.817551231156813,16.45750931124768,16.52801356216829,16.603264189191787,15.869618380364939,15.561501440799397,15.655461125954016,16.146352884627582,17.453677792973153,16.350245947910746,16.457788581707945,16.962303189123187,17.47345168031071,17.99133565857626,18.516061081369674,17.83404826183084,18.76433227362428,19.302140332311854,19.027956380234315,18.763428143523935,19.306740034665477,19.451780875322612,20.00624011088894,20.98313608995589,21.98122283813354,21.71765171486566,22.304613976889108,22.049557683166675,22.22170962885098,22.821303870110608,22.578507456457505,23.615123756233988,22.952143682124944,23.570047038423994,23.342894349289836,23.54479234956563,24.608277082035112,24.389175307985745,24.605310245727477,25.259172175716657,24.621603043724125,25.71697885511495,25.08491715524432,25.32384780865485,26.002375419179792,26.69253000384757,26.508126833462903,26.330065425345154,27.03511968387717,27.306842305080156,28.031749911850298,28.769751009337778,29.521166510595762,28.904324702567305,29.666262733036024,30.442461434283135,31.23328986184435,32.03913299155747,30.952597589546002,31.765123920161262,31.637653129034383,31.045315421047924,31.875084235845517,31.765073555123994,30.7213579405163,28.79351821285017,28.706062584172113,28.624020249161916,28.99783584011014,28.926085671544442,28.859759422891006,28.34941813296923,27.40665566235449,27.79856369165309,27.75383532021076,29.062240197078857,28.125886278463753,28.54700235824699,28.073943194840027,28.056116129430105,28.043778360730208,28.488903062522724,28.035794808361217,28.04028080747135,28.50508267952382,28.522252421102344,29.006146016687584,29.036838331756652,29.541228124321158,29.586399907474714,30.591266759126743,29.697253849588474,29.28891028446691,29.83658817538089,28.493434988769575,29.04794504168219,30.102478246990824,30.207207806793814,30.813580085875795,31.943471401085564,30.573553781345726,30.21562674288924,30.864514986763673,31.535196369497264,30.181467806744873,30.35564929385992,29.026708594019766,27.72333491968356,27.90511782546805,28.598676258995663,27.306757723757343,26.52615759507606,26.735876952233706,25.48002764648987,24.247696325745768,23.508592363038098,22.313743798946973,22.997658930775707,23.229664654247358,22.512740282644685,21.334960490836984,20.640002986467515,20.883971745952636,20.198829566166662,19.06173779279484,17.50110830395511,15.987755395346715,16.21135367120802,15.57828731072937,16.259690927549016,15.19208807625827,15.449451508005112,14.831074439166358,13.785764583686632,12.761815446559787,13.893615857244646,12.42686181297908,12.7048972345659,11.68820385089508,11.978767234588824,11.403306677555651,11.723852717938245,10.707792154380027,9.711871953454414,8.737135687558377,9.482873495892,9.386853088886982,7.957201840922901,7.422144094476482,6.4720869854866905,5.546497560029341,5.843319414584129,6.665134323369678,6.151701301750404,5.64304789959075,5.639408789524914,4.64061801881482,5.235705857453421,6.131435730420221,4.4232894976565476,2.7417983924893767,1.1156197255488594,0.015940255396318742,-0
134,-0,-0,0.5247424109548617,0.5846072850285092,1.2486049783608562,1.5978264609954904,2.326532516424258,3.093257333967545,3.0166092784212433,4.2257481290729455,3.706784396837533,3.662332900378529,4.81625454102478,5.165997569096891,5.102702000169756,5.059088614685251,6.228946732552537,6.588282005132477,7.384063415483205,8.198419267932165,8.566191261740867,9.40038956426694,9.77436250789467,10.15200665801728,10.533346366616282,10.456301530043309,10.844921417628653,10.785758794268558,11.180903934553433,12.032993256524554,11.982332335501182,12.388756411285136,13.255689892384384,11.894918238775778,11.062716074424161,11.07145766746878,10.699014164548968,11.897242425689601,13.142822454789409,13.999195568480488,13.58285801415636,12.786831953649939,13.217841389100327,13.251147637417091,14.093875972688261,14.1304371205459,14.577377196243939,14.620870460395032,15.0746277379223,15.94833855561226,15.585760133542372,15.642754500645598,15.704336466370124,14.979006456321908,15.053390692021392,15.131636713645008,15.60092656257627,16.87443434910743,15.772895375645467,15.864394344679653,16.346374294658244,16.834649904985586,17.32931866304551,17.830482121587245,17.14532729667446,18.044634947644123,18.558046935675723,18.273705025760815,17.99917801209155,18.51743543918155,18.644743166631883,19.1734837697054,20.11632472546697,21.079735453211725,20.805317120213157,21.364921984841423,21.513552070818083,21.66621155374934,22.241848900072416,22.402669914172034,23.418805033190772,23.160420604487722,23.76217033816493,23.51196732042359,23.694235341576668,24.743680973316543,24.50182892128904,24.69799236135841,25.334025269017637,24.67217099624071,25.751122670921692,25.52915110706243,25.748874458384,26.413291634081638,27.088894948839833,26.87993424580594,26.677689845464492,27.367513717021353,27.61938859856069,28.328288175014844,29.049796686044296,29.7842265861188,29.139644215174574,29.88408101665256,30.642257076258122,31.41453081191568,32.20127586981411,31.55884953616315,32.35779627735974,32.20448926970204,31.580980026220463,32.39646569515899,32.261166104387264,31.182455309867922,29.211495923937992,29.100640978699186,28.995363875476485,29.350106219928158,29.25520164234985,29.16584304617232,28.629176413252402,27.657447563500455,28.030163241546727,27.96314800996211,29.257105122191955,28.2931391606037,28.694071967150816,28.196445281346953,28.156239397585757,28.12150100694275,28.545579412330508,28.06859088558091,28.05052028064214,28.493461150213875,28.947735164462348,29.413790070583243,29.422203411216493,29.90811758259455,29.930713932624677,30.91986892117841,29.996173146891945,29.56192624042826,30.08966976923599,28.715495353287,29.249739742337194,30.28563947172554,30.366669132296806,30.95090758538804,32.05956458764812,30.66041402852327,30.276581068292085,30.901464533654504,31.547304510174694,30.16621799472082,30.31456524057595,28.95963446234108,27.631331480693003,27.78737376190222,28.453760355046256,27.138219888767498,26.333606011224003,26.51634086270054,25.23891213766973,23.986065429461963,23.22490722358912,22.011413557098702,22.664785386348658,22.868295645540314,22.129867734565753,20.935329541890273,20.2201027623438,20.434127477540848,19.72882475623687,18.5778617862692,17.010868757409646,15.49327852265571,15.68645548472241,15.036798771311277,15.677630513304262,14.60160041023823,15.262729688767353,14.623538494163146,13.56137107609209,12.521906406800523,13.617020657679484,12.14026640747159,12.388298257661432,11.358475825844542,11.616715779175749,11.021922176409419,11.306365691944084,10.717449921229033,9.699600979265393,8.704283704940481,9.425191978459594,9.304908769746914,7.858543685884189,7.734202105797314,6.75166010381586,5.7940378565742,6.0865046074494265,6.913078598607422,6.377200854075089,5.846334191841075,5.8295811785096125,4.80012686698607,5.391073986044271,6.2826487393483434,4.535548922808326,2.8156811648283133,1.1519410435665258,0.023507429222184694,-0
135,-0,-0,0.4949512521942018,0.5468061225446283,1.1880540288628019,1.5217564067837965,2.2266159479222054,2.969050901369323,2.8848275884613304,4.060635438306931,3.5426579050796225,3.4905392585618173,4.610443925066939,4.943472091485393,4.872251329190109,4.820665180824578,5.95540165941886,6.2974267537287725,7.06656517489144,8.309741498137008,8.658461358941738,9.478900892380182,9.833344055711255,10.191572604538486,10.553573830723934,10.454526558746917,10.824370939664172,10.744806200462333,11.121500284589311,11.955812954079603,11.885724140042894,12.273374951049691,13.121130798598513,12.173483722685738,11.302495882572416,11.289296197458167,10.889771062717665,12.08461025475649,13.325518442234134,14.170578529166262,13.727383145315482,12.902078714336099,13.317190138564403,13.33096981550669,14.160649833627788,14.177747789694017,14.608030940556665,14.632437083762419,15.069260293060141,15.927421117086615,15.544355654413376,15.582779365444564,15.626021534089825,14.88177891466953,14.93873917405485,14.999704842327434,15.451438854139841,16.706042147769704,15.588935474061866,15.66332999500095,16.127005206885933,16.59664301145929,17.072339171185998,17.554193158956735,16.85533227730251,17.732954967318285,18.2263519069846,17.92667049002951,17.63720330014011,18.134989780000762,18.244543505745384,18.75221914762877,19.670234380271047,20.608172559873772,20.31856676018633,20.855563027799917,20.985175059215045,21.118723229739118,21.670820572555282,21.812149297800822,22.799433341790795,22.525749913182693,23.102521610150227,22.837059901039908,22.998978127427115,24.017097768161943,23.759787639956457,23.93491326182587,24.543842560288667,23.87246694386171,24.91753259375374,24.679867708214996,24.877476642951596,25.51287618962732,26.158906870918923,25.933703574496192,25.7152702160272,26.374354396579754,26.602319153221828,27.279401556389995,27.968459396688626,28.66978877271386,28.01560378765469,28.726046124505288,29.44953012635856,30.186394839019975,30.936993581823785,30.284280402414364,31.0460306709038,30.873183711033406,30.706736133715903,31.48946578146185,31.332619992818103,30.244744155848554,28.278330110206483,28.14692421574975,28.021008797025612,28.3479450968795,28.682295121695542,28.57099439006315,28.016276336629392,27.471873852997593,28.269745812414424,28.180115132340088,29.459684982720656,28.46757745221353,28.84818270404808,28.32563322251486,28.262833326707987,28.20550214024967,28.60847405108559,28.10735030122326,28.06660029309714,28.487684950138615,28.91962436201032,29.36284351095714,29.347604796627504,30.284941664166503,30.284565548130196,31.257887355911613,30.303902712897678,30.323879141656718,30.83718521708428,29.421102332886914,29.940882144932935,30.968373835746895,31.02775396814188,31.596355878749417,32.69484536803309,31.256142667941564,30.844837582923176,31.45309438925537,32.08177453890828,30.663340312132437,30.78944489049422,29.398640316451942,28.035523710345803,28.16984659106097,28.8180532273705,27.469216556782932,26.635687188431344,26.79631928028552,25.48771438854019,24.204706173975467,23.416811281623712,22.17494729587207,22.808617558377,22.98975269118972,22.70216539298475,21.471555874227562,20.727376526292158,20.92503908753594,20.191346145620788,19.006802681054715,17.401664802882852,15.847245879108394,16.024953304680253,15.34984264910601,15.979368571228626,14.873772656713387,15.522580840433749,14.858515008657383,13.768342050564648,12.701848987040641,13.785842829268846,12.279966427969983,12.509918133941623,11.455112704711802,11.694346469471068,11.076980565513281,11.340759180862495,10.729152113679303,9.689167766489351,8.673117168619788,9.369482321205222,9.225126468803582,7.761998487362684,7.613484774299058,6.614437350846503,5.642678991275212,5.9035048150608995,6.684068675101426,6.607983335825084,6.054313782022512,6.023930108763595,4.963177929612683,5.549546012797451,6.436529636900432,4.649815604908954,2.890921770097861,1.188978442680128,0.031226485926727877,-0
136,-0,0,0.4657567504166865,0.5099186420838848,1.1287641724344142,1.8124868756945796,2.5371888923568093,3.2903366825444267,3.1573557526391434,4.3605286999212485,4.206332602814532,4.093770085299647,5.273388752430239,5.584684453484899,5.899120879272457,5.781013414219803,6.989454087622936,7.310474984942516,8.099847846083286,9.399744926703326,9.722360467454719,10.553907999101936,10.882362353805702,11.215695457403767,11.553734339143727,11.403105185279943,11.751972058423682,11.626893732686275,11.984724543494616,12.823058310177425,12.71195674250701,13.081401031555737,13.930719359832358,12.909008783754915,11.971562553741991,12.35166341899038,11.8944707982714,13.123110515544688,14.395734345988405,15.248630767844912,14.749361421653843,13.85245526220932,14.256075376691385,14.240364574815652,15.075946164853208,15.064245133965914,15.482749462701618,15.479638208061743,15.904719629719182,16.765503071609142,16.34163124368547,16.354595236266324,16.373070784810796,15.580276077089984,15.614660436236626,15.653558239753618,16.09447601442601,17.359193419424617,16.18922361766906,16.242839587171634,16.69537259659109,17.15355096448025,17.617472523463146,18.087238358727845,17.75036532900202,19.04472383262224,19.53266248655929,19.193102471275314,18.865158117621107,19.357849374453437,19.446212012102716,19.94845843043,21.299020722571832,22.25403381572714,21.922617906620776,22.45675627874009,22.56465971303679,22.676885587741573,23.22584512950628,23.346202286022745,24.347325473197845,24.03569828797045,24.608712196462356,24.306582438495877,24.448703633969142,25.47863752003423,25.18600712212102,25.341758525319985,25.946347653266365,25.226733423715032,26.281752467290776,26.011245629193564,26.190427395310763,26.82099813086163,27.461879846716567,27.205164357938592,26.955895027519162,27.60963189921591,27.819655608278243,28.490904701122535,29.17378741831238,29.868596916384362,29.1732597765819,29.87701844426612,30.593458950296363,31.32291605216928,32.06573834089149,31.373615178312587,32.127348408644394,31.926138773168184,32.21255687501328,32.99263993089968,32.80650008723068,31.66414138324762,29.619919494023264,29.461994123159702,29.309960300348465,29.62291831563375,29.943259263057545,29.806517356853075,29.215551599722822,28.63567485445912,29.430941065612846,29.317149694487526,30.604024035843285,29.56729417188721,29.934350867012906,29.378498911669848,29.29262635298122,29.21243994080378,29.601994374754934,29.069177447843863,29.006146016687584,29.413790070583243,29.832095945009158,30.261476606039924,30.22399257954183,31.155231769009273,31.132461420777386,32.098854192851626,31.107262503890937,31.105068402900258,31.603376552887337,30.144236115004052,30.649029947480518,31.667754856737762,31.70485010026699,32.25734327475647,33.34535271675495,31.866098644005632,31.426631876128788,32.01786427576982,32.629005095902606,31.17233760203747,31.275731530939524,29.848230740357124,28.44951487485331,28.56172074226479,29.19148998273315,27.80865201925902,26.945649366773672,27.083872790865932,25.743476788637224,24.429726130604354,23.614651206823034,22.343900485594126,22.95778939130165,23.11639527248468,22.804258223546473,21.546638599498273,20.777453816699513,20.95191663453846,20.193650317815358,18.98498668974515,17.801085098294802,16.209024453723305,16.370835040506975,15.669682912052133,16.287600181114097,15.151803929104975,15.78802624776504,15.09858223818637,13.979840424010668,12.885784465259684,13.95856484350963,12.422999778104547,12.634667321387415,11.5544576192228,11.77454730516699,11.134341433611462,11.377402234630186,10.74292277850561,9.680581266988725,8.64363062101212,9.315722544503155,9.147466254338921,7.667512969282164,7.495187369875541,6.479885941505729,5.494376142595627,5.724520443128275,6.460585625347009,6.350033880357634,5.769846767920616,5.695567012648264,4.621381426154414,5.123235007057505,5.879864633411084,4.094285804523539,2.362111314452421,1.2267480793654,0.03910107769251463,-0
137,-0,0,0.43715604908579314,0.47394084231281103,1.0707318935446803,1.7315326478789674,2.4327961707739045,3.1621315190989523,3.0223039277670094,4.192580770852651,4.031456013323314,3.9119476403144158,5.057916400044276,5.807671097227606,6.101325475313327,5.952478477038258,7.161931666650533,7.462648422591481,8.240220302330725,9.534938579950927,9.835573355214859,10.651988862755603,10.958551471055015,11.270400823902946,11.58728675730071,11.412296119306589,11.7410585883871,11.593810146713261,11.932218968943,12.752432071157271,13.097777228509722,13.44719752743557,14.286983393889788,13.216472754128818,12.235781245181478,12.598928865377172,12.111072245402632,13.336167269524388,14.604006863082482,15.444722143587096,14.915588786864667,13.986121951166064,14.37265983745389,14.335782451180902,15.157840401595918,15.12524345539953,15.526245047096305,15.502831128344047,15.910282738306545,17.194962960527437,16.7385294867796,16.72815677890123,16.723854321566797,15.895456216922852,15.908831785602384,15.927121733092825,16.353296112717537,17.613709801231554,16.40786913544071,16.441853308096455,16.879280217049782,17.32206013320816,17.770290101856542,18.224070085940834,18.271335137587755,19.569235523056463,20.04354485508355,19.674736996091415,19.318551990974765,19.797726472331203,19.865575528869012,20.353920420228924,21.702807603381036,22.648991823104897,22.29028851151648,22.809047609781466,22.8958810710905,22.98718929705337,23.520213574609315,23.619654838978292,24.608816464525802,24.716038505054556,25.276029975743306,24.944349181479136,25.06541435380537,26.08957141511623,25.768279341934942,25.903079192242433,26.493653703710084,25.739873015259644,26.787091879525104,26.489572350269274,26.648142108948328,27.26379403314032,27.889367652510455,27.606385503478922,27.33132813392265,27.96925930927226,28.15844877266166,28.813220553931686,29.94840494579764,30.630826799244975,29.899324389287223,30.59044067661915,31.293832824311757,32.009828251710424,32.73876769846831,32.01192890836605,32.75142840361247,32.522804521852436,32.78827971612351,33.55326365618793,33.340037340939446,32.159993077232606,30.06920399788877,29.88642303183869,29.7097785040681,30.002787380870373,30.30298714652834,30.141844118245288,29.52284592050687,28.915553794390615,29.694109905467588,29.556563144731182,30.828861397783367,29.7623392039375,30.108356285110737,29.526344757535227,29.4169755424727,29.313340836333865,29.681242533836134,29.123265449655833,29.036838331756652,29.42220341121646,29.81779117783198,30.22399257954181,30.162311957093223,31.069911505430223,31.02231354214923,31.963556416442998,30.94705872263883,30.919595683765117,31.3916544884534,29.909718758843272,30.38780050411633,31.377580614474695,31.387982122132914,31.91146694941209,32.96737081690806,31.46714013644798,31.002329640204696,31.56219847362144,32.140948778694074,30.66532163525647,30.73918704889165,29.294254104284544,27.879319116284833,27.962012856791308,28.55643810163753,27.655515059705696,27.263768595527775,27.379260352744552,26.006431933357412,24.661332749850313,23.81861314011725,22.518436200444327,23.11245107558145,23.2483580847464,22.911424760945955,21.626370685024952,20.831893099150438,20.983104530955476,20.200042422800458,18.966971595473414,17.75982407326227,16.146203865039634,16.285042245196582,15.562474336891938,16.154851332262652,14.999620078064842,15.608271476047326,14.897703586730737,13.761642016058039,12.651749249372898,13.689091509905458,12.569476264495158,12.762644284810047,11.656591926593268,11.857387993752575,11.194059531750154,11.416336936586411,10.758788817656315,9.67385289420557,8.6158207534823,9.263893163129895,9.071890947479348,7.57503650689766,7.379239336360336,6.763403246064468,5.743951521151598,5.968364023560551,6.707980744881839,6.582506807413851,5.978384157653759,5.889466679441531,4.7827940918417,5.279185317277981,6.030340432852173,4.203944171268744,2.4316603661597957,1.2652667820169936,0.04713500190268903,-0
138,-0,0,0.4091464433360494,0.4388688719214729,1.013954065192294,1.6521642844119226,2.330313476512593,3.036157911023813,2.8898644371341344,4.027542310064701,3.8598831996506333,3.733827356488752,4.846451398250025,5.571456736221592,5.849219211794561,6.130602780855301,7.341053631995369,7.620541832617112,8.385934249114532,9.675539808672447,9.953521809188418,10.754568048990082,11.038740442974188,11.328697003953547,12.14209985092265,11.924669781490813,12.230194088963803,12.54049474175562,12.855431092829171,13.677274287159912,13.999147843183932,14.325673604341656,15.164563121724994,14.010806512981562,12.95591551251263,13.301935789844384,12.765206002723527,14.005080393551902,15.286077511065082,16.123340015457497,15.547236055611048,14.561325821791131,14.93187155541135,14.867371153957254,15.684796168370625,15.625302589997442,16.010351769507068,15.961235551156497,16.352862289734407,17.63937041625453,17.148985354062873,17.11431856096173,17.52142258516704,16.639823481358313,16.627937867524476,16.62163267608365,17.035318873477316,18.305659983490514,17.042716430000098,17.053898122135166,17.47886053056106,17.908921223276135,18.344177048472645,18.784727462739042,18.809796874057266,20.111188511792434,20.571227201920454,20.17199119007961,19.786463515705204,20.251594281712833,20.29818154395732,20.77215405283365,22.119389645159142,23.056543212863904,22.66967853370384,23.17267248573944,23.237860806571238,23.30771069716965,23.824486895140165,23.902529121628056,24.879646041371096,24.96522934780569,25.507886169299216,25.150606598621707,25.250346327470496,26.260225398403346,25.914000422403955,26.027428221969753,26.599489696029444,25.819016679512096,26.84987307792641,26.52866731432162,26.665917024840557,27.261963993754524,27.867514121875356,27.561313796114884,27.263421501691102,27.880696395446982,28.04801615407812,28.68137925072766,29.79510662616399,30.454994052867153,29.70027487508288,30.368352267818654,31.04818649224022,31.74009222702159,32.444396798696864,31.69493881379155,32.409175267959405,32.157221874005074,32.39804980271369,33.13647320888694,32.89973808746415,31.70052024876292,29.596420441272667,29.391739821062334,29.193272310270935,29.461473962214242,29.736511747341986,29.553267031856564,28.91584685221062,28.290577602245715,29.039279306390014,29.34026799144447,30.5874831032136,29.499016226257908,29.820699955364216,29.216557771617044,29.0839523671176,28.957057768453893,29.299691858854878,28.72032755985754,28.610472905204073,28.969686457844215,29.338577704590723,29.71751146064407,29.631248455613772,30.50706978849964,30.43405514598225,31.341717261107856,30.30729813291964,30.25370480900645,30.694618912201705,29.20068989504865,29.646972539297693,30.59855096670353,30.580866473546106,31.069765469908003,32.08369612362076,30.57307361631101,30.085226525775614,30.60757370459173,31.14756557829905,30.16758599768342,30.21240712930433,28.750235931278137,27.31932298463292,27.373111989679526,27.9329629040227,27.012288868263518,26.595698793707694,26.680218076676926,25.29487515068723,23.93857834433298,23.078874181260915,21.769856983876522,22.324809642838282,22.42816036855249,22.066367902337564,20.774623247642456,19.96530537289913,20.082039558241384,19.74471854630361,18.497875537665664,17.278400628952745,15.660244580197833,15.770058706577926,15.031741479798125,15.585799877637314,14.85097992485351,15.432457187604466,14.700914381907676,13.547636135933482,12.42207327085966,13.424740846264564,13.156324075567282,13.341168418493142,12.195675526365761,12.388496228114583,11.696777102642304,11.911351626882835,11.2259640783901,10.103543426378872,9.008560388203229,9.65948021192895,9.450699421899703,7.908168003591838,7.696136015710195,7.0547083226889615,6.000570518712317,6.21875239494833,6.961501741145533,6.820541787091434,6.191855763250147,6.087754175325638,4.947916011278904,5.438386257719609,6.183611420741897,4.315687781069002,2.50259567664209,1.3045520869245217,0.055332208947739214,-0
139,-0,0,0.38172537343684493,0.40469901196376273,0.9584279355676274,1.5743792503132297,2.229737997774875,2.9124124396016593,2.760035293683629,3.8654094950463866,3.691612132986339,3.5594089179680446,4.63899143357782,5.339584642952334,5.601834446748185,5.867579505732472,7.043731334265389,7.307214582859147,8.047082878658665,9.30147275209359,9.562883958812488,10.337667037633791,10.60492342383,10.877809859647428,11.664295927119744,11.439167469403005,11.727140511239003,12.019723309521526,12.31677211131368,13.110625444021549,13.414213625276167,13.722274504909914,14.532438856010442,13.390182491273567,12.346908264018671,12.673970614754992,12.138656418416689,13.338614080019214,14.579282420317046,15.386242018286294,14.811005444697972,13.836526699104155,14.186794054060393,14.112464262839191,14.898503632017027,14.82884660084807,15.192779044123677,15.133211377728236,15.50330902768207,16.746013329337625,16.255644848509746,16.209851960000588,16.594495460053206,15.72398551868241,15.70064343421486,15.682745531214707,16.07322889191926,17.29702436439561,16.056598415308002,16.05554535792339,16.456374816290424,16.862007296514154,17.272533842424334,17.688047941048374,17.699797472196213,18.95139102826659,19.385361045311075,18.984221442143976,19.007466568936053,19.448925033223926,19.47910700286346,19.928862121229393,21.235890563979268,22.139985766934004,21.74358500148825,22.22083492196227,22.268218470722967,22.320142140078328,22.810279523590264,22.86999111270476,23.810973388931124,23.87765295850731,24.392166979942267,24.024725175945253,24.546750887241767,25.526168932129668,25.164533207751525,25.257337421601378,25.803044157030126,25.013092272004158,26.01118228917293,25.674731389393827,25.79062887537749,26.358710625173448,26.935799192707247,26.614095976505823,26.30083973685569,26.888673540903653,27.033247580107197,27.63621775623808,28.711449740689055,29.339641233393248,29.039645250919797,29.6800538436079,30.331653479699348,30.994743875913702,31.66963666902038,30.904325076622484,31.588401794387387,31.315858112631137,31.530858898717245,32.23764303939883,31.979912900299855,30.77156993959645,28.671646180391278,28.447292876794155,28.229156228052123,28.470866226031344,28.71899055213023,28.51559199484729,27.865390222799796,27.22771064726256,27.94077970298414,28.21327642645889,29.414995081309964,28.321895436632648,28.613644145395885,27.996785705525216,27.842606573799603,27.693951836307598,28.005017334667368,27.413076527309453,27.280802901403796,27.60701297764231,27.942136413744375,28.28650413303627,28.175913953956883,29.00439034062286,28.905790176642082,29.7637148329684,28.726623176914977,28.646153774458437,29.526134650844575,28.031849760985057,28.44198966199949,29.34685070186203,29.300491770351588,29.750031950358938,30.712936690922152,29.203406697126617,28.69571986496106,29.17527970925731,29.671067833386434,28.681985877530625,28.693232952631693,27.23546678595942,25.81037053044427,25.83029850228688,26.34119138929411,25.413401702036506,24.97535716010825,25.02273272818101,23.64685961110317,22.30163198887623,21.437799700846504,20.14275847604176,20.641895327887365,20.705340737889458,20.321185121829636,19.046022177294503,18.23499740967527,18.308963376675642,17.948648016833143,16.72299048793239,15.527016796502668,13.958610150267322,14.024052043494427,13.290073551052481,13.77037100049637,13.039529686920531,13.540643576808606,12.812402257918459,11.694434481501894,10.994424089692387,11.89566576687404,11.59937545616021,11.726283473494565,10.609043628574213,10.739392549132296,10.046840328788662,10.19150230063119,9.504442218552029,8.826264673260415,7.759085359673928,8.309726300844472,8.060191037959692,6.589527484328166,6.337917415687524,5.69784522399185,5.066835589994268,5.21034924266038,5.82136289158309,5.616356460788833,4.966911448371336,4.7772217315141035,3.6793317263720264,3.9646945940920917,4.399052617250674,2.67300267335296,1.532140233459672,0.4522144879710616,0,-0
140,-0,0,0.3548904180291384,0.37142765713277937,0.9041511137871034,1.4981756080132171,2.1310677416660964,2.7908927157107164,2.6328156806136196,3.706179930170333,3.5266423869558152,3.388693772871728,4.435536241854175,5.112053748682912,5.3591708542154315,5.609661748391303,6.751816692389144,6.9996871641726,8.195173864302118,9.444761221845626,9.683148862158777,10.442609753516328,10.687301267393655,10.938220778366013,11.708020878318488,11.457040892497366,11.724285677635558,11.996416049733675,12.770399643703037,13.555143168793025,13.835395123275344,14.120607057460594,14.919982186641425,13.723081338937975,12.63181337415161,12.940390953171681,12.371542093730671,13.568213395776132,14.804400151012612,15.598803604544647,14.991431710947175,13.981942624683859,14.3145316400911,14.218072352566764,14.990621208131776,14.899319330907609,15.245503929496703,15.165108481532766,15.517487621557459,16.747161020759542,16.233924958201012,16.168198801873686,16.53473848233449,15.64269767319355,15.600892694315265,15.564840852711278,15.937575502637703,17.143413513979315,15.885404659787833,15.866918641971921,16.249655039271374,16.636941195328156,17.02886476759368,17.425515662317846,17.41972753711437,18.648618327551745,19.062746500114276,18.64566518663132,18.651175193534105,19.072454520666316,19.084852930010907,19.931245998244627,21.22415727457253,22.111453565098895,22.128894887378458,22.59022212901347,22.615585870735096,22.645728189580215,23.119573738987313,23.157651356678553,24.086832990877014,24.131713662009552,25.081145014523553,24.682230493204354,25.190263454437737,26.1635888031277,25.771315756835502,25.8418571235573,26.37284215593999,25.546558438124112,26.53676323765402,26.171819593979397,26.266186660933524,26.81894614421188,27.380372898834,27.031250035429274,26.691152685626403,27.263002234530234,27.38622629585786,27.972643781085555,29.03557488836278,29.646256474181047,29.319824806144,29.94226453126549,30.575474989708216,31.219746269285764,31.87537985378478,31.080483228641526,31.744908962640828,31.446526538070476,31.638628226907226,32.324822066132434,32.04150786611166,30.803977458944026,28.67297502088022,28.883999758656138,28.640561404836646,28.862053204210447,29.089827895860022,28.86154759208277,28.182588149799685,27.516863682801347,28.213586254877477,28.46565141531105,29.653434812383026,28.529636340476316,28.800468841497217,28.15703440954668,27.979324115547712,27.80726146398617,28.09707232700482,27.479880173623272,27.32447849916638,27.629022450787208,27.942114271605274,28.264065196547786,28.129851071766094,28.93587845272749,28.813186424869674,29.64732644370017,28.58569917853932,28.480965085900255,29.33555158468889,27.818601391760787,28.20335948524263,29.080991886847475,29.009201931426972,29.431393626112158,30.364275911749697,28.834478752305014,28.30287398816707,28.753212594715734,29.218901346656363,28.20872471423623,28.192407693758756,26.7183682883505,25.2783654764677,25.271148662458288,25.749548761600906,24.803582107187793,24.342591447059327,24.361232840570672,23.440992020121257,22.075170086570473,21.19008057202275,20.31909128625317,20.799430694657662,20.841098353159737,20.432901840340687,19.130599860276206,18.295014672843458,18.347193782892717,17.963857983832458,16.7143786551847,15.495915679539285,13.906614857594585,13.951033617733069,13.19722942075824,13.65466179231777,12.90444082522808,13.380776429468026,12.633508473846764,11.500248649596166,10.783318899067933,11.652923393448328,11.335031728832162,11.435057134502712,10.30637493706471,10.408587298952638,9.70013190685897,9.814315068116843,9.111819140967851,8.41926635443954,7.34936111449722,7.8544073568539,7.579194302622361,6.124250725388116,5.848790040617455,5.200981107078137,4.564562043967241,4.662090302230809,5.194314770554075,4.950152824293157,4.288599448305645,4.4919989360907735,3.391480366356222,3.615709447274854,3.9619939367528536,2.7625429280594176,1.5888972031479227,0.4772626198616451,0,-0
141,-0,0,0.3286392870951671,0.3390512958595345,0.8511215545351472,1.423552008455878,2.0343015315530275,2.67159738285807,2.5082059485912636,3.549852656429579,3.3649751437222566,3.2216851329157206,4.23608762386216,4.888865289766402,5.121230644656417,5.356852708682035,6.465310212275177,6.697961020937331,7.8591400116542935,9.07405968531706,9.296639340249339,10.030506002886026,10.259061922151435,10.493700537140585,11.237279646934777,10.97951079555167,11.230020615841113,11.485258686199886,12.232206493376205,12.989652979314545,13.25242475846577,13.519986387190206,14.291358511956982,13.107098120359991,12.02859879024041,12.319071355996774,11.752707778021325,12.910129245799318,14.106666034470939,14.87155939164657,14.266164915194551,13.269332469241613,13.582570876363059,13.477324737487624,14.219335515301402,14.118936179330591,14.44497884507405,14.355222542323636,14.68707222099491,15.873747848843946,15.785441047288865,15.704728908671484,16.051537077746897,15.15489714088581,15.098742745005751,15.048447283464778,15.401325708997998,16.575488832882908,15.32071790136637,15.28809868730992,15.65040295701047,16.01699708445122,16.387964225980195,16.763389625701002,16.742952772128483,17.936265026163145,18.32820607928631,17.90307082561616,17.893426999166426,18.292002638849464,18.28902521837887,19.10445810627229,20.35804035312196,21.213196296805272,21.214024535349974,21.650469933369738,21.658917492835247,21.6720500900271,22.120192483508553,22.14090884197945,23.034930756489693,23.06192806280285,23.975180540625807,23.56703783409787,24.047270974996,24.98292279000191,24.581045567820034,24.632351576063435,25.134043418109314,24.308039330811916,25.258245090338075,25.327296958272385,25.400958790825516,25.92650852199053,26.460259568303,26.09631021049778,25.74156912380367,26.28486077011733,26.836987351729658,27.39817188769069,28.4320085257877,29.01632423372603,28.670451492026913,29.265823236522987,29.87143488875208,30.48756233454525,31.114492192585203,30.304090858375236,30.93914194699046,30.620742495258614,30.78775918649649,31.929721389872302,31.623309313868763,30.366613422068724,28.221997203431123,28.409394883305904,28.14468020384076,28.342205451987077,28.545724693767994,28.296103218334462,28.05279624397025,27.364094871408057,28.03831682760665,28.26743923872952,29.431223653367244,28.285278220856892,28.532456374593377,28.325013016121254,28.123439932578908,27.927663896481562,28.196066249797383,27.553243339206283,27.374485512464332,27.65727782140656,27.948274160845948,28.24776649721571,28.08979570279836,28.873491375993,28.72662317691496,29.53714215983834,28.450727919473795,28.321726298281924,29.1511547821171,27.611278972938006,27.97083989451899,28.82155975009916,29.209240001253225,29.60948271221646,30.522316249434542,28.96064923273486,28.402331024900136,28.82962333998522,29.271651456210794,28.233565075977886,28.192005881131738,26.690486100034093,25.224359969229198,25.192677972369072,25.64618649231845,24.675719516789123,24.190294620536736,24.660277782239817,23.71035600818407,22.312321880786445,21.39928511014654,20.501087316894345,20.9624781654709,20.98213368815453,20.54958125637835,19.21964572652603,18.801650275736403,18.83619383204221,18.428643996765267,17.142750198551216,15.8889569198373,14.667812728601673,14.700623722709771,13.912488159138963,14.370080510545458,13.586197752493378,14.06285896562412,13.28257378237138,12.10578633837818,11.356866580763388,12.23812852011983,11.899476880114445,11.989673557174855,10.819476923054898,10.912254837843475,10.173601706798529,10.278662374748334,9.54658333775015,8.824840299231798,7.716075971107949,8.22273801276424,7.929213066651466,6.42667084516698,6.133515390432409,5.458572981159085,4.795387769062498,4.885355124668475,5.419489541929392,5.158421902053751,4.470833202615559,4.66688617307096,3.531658833730134,3.7486307050629093,4.087631080466782,2.85409700343183,1.6469845024383818,0.5029615903652696,0,-0
142,-0,0,0.30296981461881184,0.3075664891181321,0.7993375414326451,1.3505076814099453,1.9394390042453646,2.5545261206785104,2.3862076123729987,3.396428162299628,3.2066132003125425,3.427689828371525,4.45550665518158,5.102514214799216,5.313888941780681,5.529516469953761,6.6396064256704594,6.851058093986314,8.009698897683261,9.220112843663625,9.939519422599394,10.66742922273563,10.865178749148415,11.070672448069647,11.806668608706039,11.502209313788454,11.727210993029333,11.9578255122422,12.696024719730968,13.443791078149102,13.68205070297314,13.925737168396749,14.685979457246969,13.44481136278936,12.316583881475875,12.58816892849907,11.987363204031015,13.141814956248275,14.334209548229031,15.08663054383976,14.44847713144878,13.415987344727418,13.711589957029066,13.584145237006231,14.312946271189935,14.190935184725184,14.499441941221413,14.388997762741683,14.703417065513342,15.87756604575562,15.768735099563905,15.668032060831923,15.996887850732229,15.078505163110638,15.004017546417645,14.935747989542863,15.271197239630403,16.427935604725334,15.155616928916752,15.10591188731027,15.450569436365583,15.799289392350357,16.152151164384666,16.509236103493585,16.47176648650792,17.643032798882803,18.015725172069693,17.575198762107384,17.548441632708947,17.927513447062914,17.907432969691406,18.700143520728165,19.92752591526948,20.758708578387516,20.741342866648996,21.156266209246986,21.1464410409861,21.141342341057562,21.56735050914182,21.569694002849957,22.436847572370425,22.445108595258418,23.33051282854703,22.907953252220487,23.364309895041444,24.270708268600043,23.854408225092506,23.886219217489096,24.362807415245776,23.528420375486075,24.447265149654964,24.49629352683781,24.54981657535125,25.048738794981396,25.55541216186702,25.17725362725853,24.808506294866174,25.32388737404275,25.847610269756057,26.37988553701078,27.376838150457775,27.93104416273136,27.570048288131904,28.134504827454368,28.708626401153662,29.29267295320754,29.88691445334893,29.068967595811703,29.670541638352272,29.33591665837915,29.47759275945376,30.575239927072058,30.251905147646116,28.99771675116994,26.87640771697202,27.037889075415674,26.757215083344896,26.928177118297683,27.555271206194984,27.286880451874516,27.024828880005014,26.32490176563819,26.965175803722182,27.167421748701674,28.287690152428073,27.590695366614128,27.812064682189693,27.58325580183183,27.360321074627308,27.143172530871112,27.38462938100354,26.72591470442708,26.52566182078397,26.780632977309892,27.04325415994401,27.31379103601024,27.1332011198582,28.346523674689163,28.175787641808313,28.955062062479755,27.851870074972716,27.69867599351228,28.49496826267411,26.94405829900691,27.274246234222122,28.089684676400775,28.44623693180296,29.302932840189648,30.186319635165173,28.603921498810866,28.021733606749333,28.42034234916383,28.832878227839863,27.773736496347137,27.70514919495437,26.18734994117113,24.706410822283637,24.64834588211308,25.07040364390109,24.55309241969035,24.043187323261634,24.487160408464153,23.513782847185993,22.094580763728334,21.160005738776714,20.6889434045584,21.131220712280943,21.128612652320975,20.671369552055708,19.31328170797215,18.871533535680758,18.883754825728975,18.452493288879023,17.141739471703826,15.864499422475252,14.621366747832779,14.632574707886247,13.823713446357388,14.258147694146938,13.454099941976153,13.905803278296203,13.105832505526282,11.91299651011369,11.146657691490374,11.996543247873316,11.636122592973281,11.699542217622431,10.517576793705125,10.582537511069624,9.8280685150125,9.903243780975108,9.156107144090926,8.420541244168996,7.6968453732294435,8.181766712886269,7.8663464876871485,6.347674997350689,6.034114137218014,5.7241403318208794,5.0334614006066944,5.115336878536743,5.650945674648224,5.37236429031919,4.658054909894145,4.846258608359832,3.6755732659002596,3.8848040751460458,4.216041162408182,2.9477138941185097,1.7064346276328135,0.5293279404267658,0,-0
143,-0,0.0111722412137353,0.5844278098497537,0.519653345754399,1.056934537840368,1.6356657924736941,2.2404861609949123,2.8635093250942125,2.6416259763977235,3.679448119077351,3.4438723601911767,3.6451393395348286,4.686188940674352,5.326395500623501,5.515137262697159,5.709427575482094,6.821127617336454,7.0102993478096405,8.166432810649429,9.37239618947756,10.076268296591635,10.787885239684694,10.961150514384581,11.680103498062133,12.406891160634792,12.051769967376057,12.248921611478709,12.45281812666114,13.18125749219483,13.918398674829817,14.130472249615428,14.34877278446146,15.097176768742678,13.796073739795373,12.615673726033792,12.86753427636185,12.230790879500223,13.382311299979056,14.570617177001614,15.310283017129574,14.638164752319728,14.00784362610857,14.285341425011275,14.127242711947678,14.85079537812339,14.699336385396423,14.990551220356236,14.852354282268733,15.149947890820577,16.326626749477402,16.190731297564632,16.063898391798833,16.37577020694437,15.416956540922023,15.73251387605236,15.636899952371024,15.958289273815854,17.125378953645157,15.791051241463718,15.716608417627173,16.04779917424487,16.382901456269426,16.721991189687312,17.0651461824841,17.004234239367598,18.179751779680714,18.5377271712496,18.06525147196713,18.015876706311793,18.380529253557945,18.338329318375507,19.123728948067466,20.350340126839786,21.17279971880386,21.132513746458272,21.531307423560055,21.93538409066707,21.905821694120597,22.318172414675196,22.296536183975995,23.1597667525288,23.144142228249187,24.0247168744719,23.569255226087545,24.011187958683756,24.911548517581867,24.463427330910918,24.921565164912806,25.386394419540064,24.50436864306544,25.4233099506748,25.449034365353494,25.479539541914995,25.966496083169467,26.460961149352126,26.50427197718301,26.098430825769107,26.605411497096238,27.120516027253885,27.643951507540972,28.6451811811329,29.189885963563587,28.793361408331645,29.348254589382876,29.912568330768906,30.486557703329712,31.07048751446578,30.206671609268966,30.797978628204003,30.430304639848515,30.550534436338953,31.648424053048483,31.78158208349997,30.464084101844275,28.25399093426668,28.397100844560597,28.084941600378386,28.237994442782718,28.8601093908952,28.56118886034733,28.26914701581544,27.52766270698966,28.16293925828727,28.348153536092976,29.474556637957924,28.73747872058057,28.94191130320346,28.68523977476226,28.434850655008525,28.190639157657678,28.41569023755689,27.720364731546177,27.494126712322103,27.733091554815626,27.979638239429878,28.23402131722547,28.028061622544516,29.243141742701308,29.046964000569535,29.8182779605385,28.67289826765116,28.494968262674114,29.282755639431443,27.68370588773582,27.997507393109473,28.80377485727621,29.143325555358636,29.989867747598538,30.86249669736327,29.235048107205237,28.622167671907945,29.003081746362582,29.39758027339093,28.302424144030276,28.20996916820109,26.652098640440453,25.132478581151894,25.051740520851663,25.45576669329848,24.91096051330972,24.37391745513415,24.799114542698934,23.795013899755713,22.34239852849458,21.37898304011009,20.88286800805718,21.3058524137941,21.28071157314913,20.79842248283253,19.41163813857524,18.945847954548206,18.935596132317936,18.480398196387334,17.14438944250336,15.843354788333388,14.577934416878552,14.567562311587972,13.737855194476058,14.1493298399272,13.325086548254772,13.75212882870184,12.932544143077218,11.72370217532012,10.94014302058913,11.759276339153011,11.37751742470126,11.414774087127704,10.221446269494948,10.673623445857997,9.8955911015559,9.951037694749907,9.181152758570304,8.42372960211602,7.679141872196722,8.142469820315926,7.805199485899751,6.270254027149946,5.936512182678565,5.606089334013869,4.899309816126738,4.955100130909235,5.453641337904095,5.148419774086064,4.41673135940607,4.561309588997535,3.389385183951747,3.541552381451237,3.792133931605923,3.0434448431907333,1.767281529905628,0.5563789086099192,0,-0
144,-0,-0,0.5527190262175592,0.48274544089641086,1.3584776419968736,1.9585867354009163,2.5742280800374884,3.201030203144062,2.917521315236404,3.9825586499715593,3.696055886279248,3.8749126301069223,4.929015930198394,5.561293556569749,5.725601330818505,5.8970904180929224,7.010378630596701,7.176094417947159,8.32975079069059,9.531317689008528,10.219204978493822,10.914135909417276,11.062160736463845,11.76379931343097,12.472681514732951,12.087876557837761,12.262365486371255,12.444197657956543,13.154335134539398,13.872646176853904,14.062823519139938,14.25961746699242,14.988351158018428,13.663300226970687,12.463148008895436,12.696410032499974,12.043194256902845,13.174113021207088,14.341054411585716,15.060062241855396,14.372348858567216,13.727879068505821,13.986994421947095,13.813392230967967,14.515461536722668,14.348765602844388,14.62146397423299,14.46849436585286,14.74752530546857,15.897088678177898,16.18397983694705,16.03627197272411,16.32975529987596,15.347870875983332,15.645626140562811,15.531227554450739,15.834784261522135,16.984722968834586,15.631337574510967,15.539306607984358,15.852662462814658,16.169741612371975,16.490615045035195,16.815355580841718,17.144037931373635,18.31083271213135,18.651475146616615,18.154512695369654,18.084772581641474,18.432235445441034,18.370013271123632,19.140438174642455,20.353830034084012,21.16001631467289,21.0988680374859,21.47876132171584,21.863708027924492,22.253814808705584,22.649191431070008,22.604694419188583,23.45620954580486,23.417738762133666,24.285707369261377,23.80264336020762,24.226692240212834,25.113234365500546,25.093054468427468,25.53564751727024,25.98470902017488,25.063217013797008,25.9741170347841,25.976469839485713,25.983833364954396,26.454649693637915,26.932705120753262,26.952944863293165,26.51813032293724,27.008441402822502,27.506574500466403,28.012729437211416,29.001664686202744,29.528258111658115,29.10348990926368,29.639973326666418,30.18552593928969,30.740393521037372,31.304831161740744,30.409556467564048,30.981144794560116,30.58656127062758,30.683460208543863,31.763900162107504,31.873219710726325,30.524312600409942,28.744787704280537,28.86638959876505,28.527085954741352,28.658794371772643,29.2647211772724,28.939154363528715,29.088008469058487,28.309617653917734,28.933550551814296,29.09896328493184,30.22131882694771,29.448585770607163,29.633092383604623,29.34918696984665,29.07191134505494,28.801143474363826,29.006508207965176,28.746830667838047,28.49343498876957,28.71549535328702,28.945090102740348,29.182462345915976,28.950067260883966,30.166542759541155,29.943899541891124,30.70669325414857,29.51772393474237,29.314118717461124,30.09289340764919,28.444217768742593,28.740968036946708,29.537607056046717,29.85952442988591,30.695484434908963,31.55694135946165,29.883142322325565,29.238668870410876,29.60135695023369,29.97730518651318,28.84514879750218,28.72819665938034,27.129185807512215,25.569866091972703,25.465911440411762,25.85152759051105,25.278587084774255,24.71379566287104,25.119903305430334,24.084389367629846,22.59758009136696,21.604709721187337,21.08308199707603,21.486579195889533,21.43861787572815,20.93090598566993,19.514854271709556,19.02471286744592,18.991820045814396,18.512441788673875,17.150760642186942,15.825562522808646,14.537535749909875,14.505591405919589,13.6549015795891,14.043600213403868,13.19911494094748,13.601776560678031,12.762634320253124,11.537815965912984,10.737222286256102,11.526205469088163,11.123522512967218,11.13520916905835,9.930916566863027,10.350931149611334,9.557805959898413,9.584683298536628,8.800876206438748,8.031014461802371,7.275643529628828,7.696418905611659,7.745753252954534,6.194375113626176,5.840661717308355,5.490118534019599,4.767620061351571,4.798072996415316,5.26068597455882,4.9300536222760964,4.1824506116025555,4.2858620170964805,3.115200849604353,3.21504892252503,3.392729922675747,3.1413434742264656,1.8295607016520663,0.5841324734928021,0,-0
145,-0,-0,0.5215931124116013,0.446740818008431,1.2942689157246767,1.8733489498773719,2.467639330051438,3.0728296697106425,2.7855695264396356,3.8196395105032415,3.529396509690829,3.6953035789638697,4.71771388540808,5.327332562779587,5.47826399197364,5.636278525705205,6.716776203631835,6.868709311857423,7.989018152905174,9.156903046654884,9.820632758328825,10.49118862290856,10.624560312399202,11.301429460601259,11.985316717954351,11.595451910531693,11.754708302978313,11.92116750898367,12.605565667018327,13.297895693407327,13.472165287312034,14.173251366230367,14.882365045431593,13.532951621714153,12.312810479610238,12.527549484343284,11.857855339124807,12.968401588629531,14.114215668936586,14.812761427124506,14.10954255988405,13.451067862219906,13.692021904009435,13.503140177878926,14.183989541457123,14.002316575389031,14.256780102403637,14.089335302895686,14.350112905164583,15.472866254957555,15.740878688185859,15.578717186817881,15.85323400621988,14.867239699365088,15.146219458229632,15.428549177216654,15.714280826700854,16.84728001259031,15.47453513317656,15.76812143580134,16.065239434787213,16.365952492043593,16.670325818722052,16.97842651631154,17.290323621474688,18.44850889582707,18.771556609713638,18.24951382126066,18.15904047259341,18.489138464816186,18.823448489492804,19.58613234834426,20.79885655363859,21.595937902185206,21.510538759043705,21.87351899780875,22.241387802267507,22.614245705031834,22.992196298924082,22.924165459651608,23.763805871944665,23.701875777772468,24.55711062706554,24.501554530534186,24.909934627870562,25.78984177820254,25.74441486493337,26.17078264651093,26.6034211215437,25.640918287792523,26.543485322201906,26.521610722944356,26.971953554821173,27.429174745136656,27.893441468561154,27.88865357243104,27.418447606326694,27.89501128263188,28.379171870012065,28.871123148976732,29.855437938503,30.367138284607595,29.90847680441837,30.429969663445465,30.960264875655653,31.49960070497769,32.04822441391828,31.11213592523322,31.667901001903754,31.24174194831214,31.315107845128427,32.386596182660334,32.47208348025253,31.079137099135565,29.25108561972255,29.350574666464855,28.983338512278976,29.093153869702324,29.682567548112175,29.329655885605696,29.456518229243233,28.646654563181517,29.25336283661186,29.396770245633583,30.505262959792425,29.70206053251446,29.864211373056463,29.554350454119657,29.251400594439467,28.955222633496327,29.13817094248991,28.853327610569377,28.574981180201092,28.77436298694325,28.981021236422713,29.195180723447642,28.937829327651365,30.13319077111143,29.885127126530296,30.624233616660486,29.40838237738603,29.179592896344563,29.9334058252254,28.259620798827743,28.531072190249727,29.301274395370065,29.596644387976262,30.40439605866843,31.751350793342503,30.042491156625385,29.369408809659458,29.708361923401988,30.060059161095488,28.897912809260077,28.75482151192915,27.12604221053389,25.538509150874344,25.409573978247263,25.770369280082573,25.171770795393435,24.581664790811033,24.961727572159646,23.901767735733777,22.392591420473213,21.3774472145302,20.832668377606193,21.209031210106417,21.1353310826902,21.068996842992142,19.62307884561246,19.108256249814602,19.052536922171015,19.004543697744875,17.603291664203567,16.239757016937357,14.914641472550334,14.864651805363206,13.984345702244806,14.360626578350715,13.904953018149959,14.305761487082298,13.430197091997774,12.158119418822777,11.322287744360134,12.121271494733417,11.69504806018063,11.694539818966847,10.445323587413437,10.864483513288558,10.038119433661969,10.053590844335796,9.237265964019086,8.43534313622962,7.6483625248810485,8.068890364621762,8.107687234063802,6.505182334633889,6.131308198203971,5.760832689908701,5.0087805513653825,5.029582363357049,5.492347050457284,5.142451890810561,4.366210108738532,4.460283550823587,3.252172194945863,3.3428318682572558,3.5113004069418743,3.2414659331606583,1.8933092691320066,0.6126073991207592,0,-0
146,-0,-0,0.49104902772262826,0.4116380730731495,1.231279560190656,1.7896413356683074,2.362890012631187,2.9467780869050952,2.6561715188062363,3.659544943740314,3.365981208300434,3.5193138345035124,4.510307396048704,5.097595276317671,5.693693387089142,5.827646513448269,6.909909391221076,7.037455925400604,8.155531668189822,9.319295406685859,9.966841999489448,10.620580204971471,10.728261934127211,11.387832039713384,12.053875936357407,11.633928216532956,12.299962428058192,12.436657595290733,13.110020138863016,13.790568849974717,13.936364181613373,14.624947123033595,15.320905409498838,13.905218335114945,12.627960708035696,12.8214752917219,12.113018527867878,13.220964268528121,14.363056390630144,15.048534792064265,14.30919806456336,13.61771989839736,13.839719553321688,13.626686895631419,14.294092360985886,14.089230862017303,14.325441247563488,14.136122684037218,14.379014354456876,15.489934471500778,15.739376291483538,15.556156909060423,15.812349824359334,14.80293003359367,15.06428284526521,15.328888637560489,15.596791684207862,16.7130586558587,15.320631258975414,15.596487303864384,15.875730584357028,16.569987560107702,16.85748869265761,17.1486046805497,17.44339787131269,18.593084612770877,18.898252718238393,18.350495651307266,18.238892955263903,18.551432229318635,18.868020943356544,19.61559686082116,20.81536524226209,21.5960846071749,21.489044525209845,21.832753665257208,22.181162435675528,22.53436443049338,22.8924562439971,22.803149209756274,23.623711270360737,23.54046275647961,24.375763962855427,24.29880777132733,24.686151232555545,25.54480365821315,25.477780574277066,25.882318364275953,26.292846358392747,25.31033737849184,26.18972106534421,26.146400871214823,26.573956012289116,27.008062207917046,27.448877420306175,27.896564969156454,27.400946413711377,27.856651001696026,28.31963337326948,28.790078112965528,29.754017022908787,30.243340669861315,29.75979083517938,30.258547694380294,30.7657269747692,31.281555628762657,31.80626915987074,30.845666035571174,31.377218221275204,30.9271939061636,30.976439197850148,32.022081661126265,32.08285705286869,31.1583249573595,29.29625754504729,29.37257817277816,29.45438028279221,29.541720751880522,30.114274228047492,29.73327806286181,29.837642947142534,28.99544324555333,29.584664760281846,29.705638566312334,30.800223966953414,29.96581101056257,30.10524840203236,29.768931714403234,29.439839233854926,29.11781409099875,29.278090607217877,28.967700935531806,28.664053329396875,28.84057537119594,29.024138937841226,29.214950755463764,28.93239921252948,30.106823638062007,29.83314443921478,30.54865369327524,29.30553011757937,29.051451222734464,29.780465013866618,28.081174789220892,28.327427589475786,29.071433307756998,29.340412365830414,30.120254894156833,31.43706806525096,29.705295737711193,29.00733716441632,29.317696167533587,29.640104796174196,28.455799497987805,28.28565953029806,26.639363401037034,25.035988980663056,24.881070995843697,25.21137089697171,24.59042625869012,23.978290067433093,24.326147964222507,23.24963192019623,21.73088961275222,20.70161165590388,20.136990650885622,20.47948342962611,20.837756497941008,20.745536116635574,19.282468034378468,18.745347138433697,18.663745644659258,18.589314435630445,17.17494077822835,15.800220364680081,14.465942559566553,14.390815376629746,13.497680316381766,13.841318320781298,13.366215311952779,13.731547364797374,12.84442575008745,11.571489773876587,10.727568550281102,11.477163292763484,11.03165728299707,10.999610998634632,9.75664117213171,10.129296896246654,9.297776021798597,9.277663373696752,8.458094452950252,8.044653856108017,7.247533224067651,7.626911294872215,7.631898693453462,6.047120868712342,5.654033767771496,5.264175084071775,4.511335020358234,4.493269189899223,4.887291114536093,4.925801907574361,4.134458554129329,4.189238968894701,2.9842516976674696,3.0266486410942512,3.1290007180732133,2.7999981220903054,1.958566091988279,0.6418232837952311,0,-0
147,-0,-0,0.46108591562835005,0.3774359425525238,1.169510356256408,1.7074654541621683,2.7192551820880855,3.302321072966805,2.941478596676156,3.971866178116053,3.6223247535175553,3.7509853993632047,4.755152774015245,5.33377219975521,5.919681291508805,6.027815239827517,7.11181993744841,7.213577588717797,8.329446395032825,9.48913783224353,10.119953221032114,10.756392875344954,10.837485781464164,11.479426451868338,12.127341732962222,11.676391149875757,12.324421219649286,12.43797713261562,13.092834315234498,13.754420639027957,13.877682267577857,14.54680370323864,15.222877506528137,13.780746437405282,12.48201343219658,12.656746162836198,11.931145625168925,13.019085456818752,14.140435106692877,14.805627472185709,14.050409578908756,13.791582214910317,13.994111035763979,13.756195073623061,14.410002151400064,14.181342649485574,14.398977691505264,14.187303090360746,14.412069633208425,15.511300454036519,15.741971783591731,15.537366557364287,15.775102793143187,14.741761695044598,14.985429076060631,15.232274591688142,15.482333910730116,16.5820719371565,15.169616463363827,15.427796962029907,15.68923796697497,16.365132314028948,16.634341781164544,17.326246126150625,17.603590833533982,18.74488779673419,19.031866591229356,18.457717854746186,18.32455944645859,18.61932629042161,18.91800203498115,19.65046171607879,20.837441012355498,21.601811501471296,21.472843390638232,21.797174860710808,22.12603667658764,22.459515070726447,22.797699252507275,22.686960660830465,23.488557180558004,23.383879780938205,24.19938682755242,24.562548152783016,24.93101789616088,25.775570990611087,25.684336882871367,26.06942285829399,26.460290990966612,25.446044223724115,26.309636821901492,26.242922654297473,26.65051879201904,27.064410990868815,27.48474895478712,27.911687528894817,27.390243024155026,27.82501422077473,28.26676202180274,28.71566176731048,29.659345406111456,30.126286485260856,29.617592726821243,30.093649602973173,30.577766876906754,31.07016029738463,31.57105374388666,30.585697067399998,31.093169748198356,30.619218249920113,30.644414782904356,31.6645063623474,31.700682650926794,30.753793518162237,28.873312028622724,28.926034299814198,28.984111357814964,29.047585397238684,29.593738015726412,29.190925961421613,29.270910034944155,28.410241453476047,28.971801556088998,29.067951806381068,30.130127002448138,29.277708083358416,29.391518124961785,29.033628234280407,28.683104216053486,28.339773960123473,28.473762786197394,28.142028002356938,27.817115142708968,27.966617228565482,28.122725187307843,28.28562224168345,27.98119680736494,29.11344168879262,28.817064774961942,29.49531936963674,28.243893128537298,27.966918257501337,28.656756814753525,27.431794665325068,27.649646461760288,28.359976979906246,28.599088756182443,29.343202855458845,30.617614511888057,28.876025637206393,28.15777157041411,28.934470171559312,29.227925932018913,28.52094288923697,28.324461393305075,26.647526731548133,25.015182609678885,24.835300278214916,25.14108766934597,24.494417681966787,23.85698045758629,24.179315683759626,23.078315707214816,21.537069488919848,20.485689640719052,19.898377352837283,20.21466170591464,20.54577485603847,20.427958103794598,18.947783974285443,18.388658855729638,18.281616912182706,18.18124668981954,16.75403358957849,15.368489233720792,14.025495528294993,13.925984452833653,13.020700981717027,13.33268414384267,13.248130503907323,13.589435999129606,12.682390075355945,11.393011797854546,10.532048126838468,11.252699777819608,10.786882109387932,10.73036207995301,9.47695259322885,9.81929642949277,8.974015055522804,9.331308500425779,8.48858491407738,8.054068321211512,7.235714120833304,7.594531325908186,7.5774636109330515,5.975688473169655,5.56317017069814,5.154086923157989,4.386601558031433,4.345314361288087,4.706603880047818,4.714390327090183,3.9093496667388004,3.927125257197832,3.1197083040803064,3.151901473701489,3.2440296939596984,2.8954591457164334,2.0253718702799706,0.6718006125060356,0,-0
148,-0,-0,0.4317031005315514,0.3441332841896117,1.108962578889101,1.6268235822010124,2.6091805973595226,3.1714102991747626,2.808052177189451,3.808092976597942,3.456075246679243,3.5728580258692784,4.546022020900297,5.102887385497343,5.666839435744467,5.762583883401245,6.814461886582699,6.903550892860965,7.986770400466254,9.113494408714669,9.721093980183756,10.334113362652978,10.401732101227777,11.019883397906991,11.643796554753838,11.189213664162615,11.81290108700854,11.912278970400202,12.542393337978597,13.17900864209503,13.287596100939572,13.931327371066745,14.58177314540006,13.156471122396376,11.874741972024735,12.034284360162108,11.315026576772592,12.365789457569159,13.44960258669729,14.087886976169147,13.338634128591265,13.07472618410878,13.260954227952814,13.017789806581987,13.643730068091017,13.409586419185327,13.610279096581962,13.392936702436295,13.600452419208167,14.659096725116207,14.872016518627344,14.661156163291613,14.880805975775496,13.864654670759512,14.090015587280984,14.3183460491329,14.549677835629268,15.606298952299268,14.223178394436273,14.462104174507907,14.704062985011099,15.34787310618561,16.00277362354241,16.668792992680956,16.92654987147303,18.034353238706004,18.30106960345696,18.14325808910105,17.99259690303579,18.268145921627834,18.547430834118718,19.258004225957055,20.42021026465579,21.1615656974649,21.01442367645725,21.31786502090533,21.625629779834444,21.93779675197883,22.25444765138372,22.125573287099115,22.901543064023016,22.77858414927252,23.567630685589403,23.908033912764427,24.253476693028006,25.070148233369967,24.959901814455367,25.321103786187905,25.687784819889536,24.6649304922961,25.49868383985835,25.412782159033828,25.795357338755416,26.18387733152694,26.5784818383805,26.97931539803785,26.444340669170785,26.852542802390573,27.267317761330027,27.688829381802915,28.597579138468046,29.036108045633963,28.513446022685248,28.960488789419028,29.415113711255387,29.877522406946056,30.34792408122152,29.356507988277464,29.83291875471272,29.344773630359864,29.34703352950088,30.325785032708204,30.338179999251096,29.386204597432975,27.520750238437714,27.55005425600349,27.584424458534095,27.623888398328827,28.135159105376438,28.18529678112182,28.24074100991944,27.369452211357558,27.899012952508752,27.969968451066745,28.991208204534384,28.128353627007165,28.21595128360673,27.839873432296102,27.471234423519277,27.109848963179687,27.216686270540887,26.866724497041776,26.523602373043772,26.645012158905512,27.236313588836605,27.372023441897074,27.04644810672195,28.137384095485313,27.819102180017385,28.46100906984505,27.20207533735557,26.903116071408977,27.554801232639797,26.323821925919,26.510808591823285,27.180677276131696,27.387214544466172,28.088509934501552,29.308957274913176,27.571684093350648,26.838657672845954,27.56865323171151,27.82484172015991,27.10242454910139,26.879020955156204,25.211385975738022,23.59028846623373,23.38446749618191,23.65040423420034,22.990264743712427,22.339669053235994,22.619648825340487,21.520382383336646,20.442999460261706,19.387350523306804,18.78535472526771,19.063043896347498,19.354017997483883,19.207491044288872,17.738712224521628,17.16508802927768,17.029110996490104,16.89893260858204,15.488779851409722,14.123148060773286,12.803101436006221,12.675736505808333,11.779059931774905,12.043067672755393,11.928088347194276,12.216438614123271,11.319523204472642,10.065656072247881,9.220584385368916,9.858729342159895,9.763389869687549,9.674004481891457,8.44909108885645,8.735929437669798,7.901225699021053,8.197170745727753,7.742431422582429,7.292431037811213,6.478884093207948,6.781282736566421,6.7245438956877805,5.180692697056293,5.108978447270086,5.045847701672188,4.264053269143276,4.200212389816245,4.529769387230079,4.5080677836159175,3.690716657888874,3.6737089876932676,2.8577064030965795,3.2806339829021307,3.3619995379407888,2.9932297258869336,2.093769259740589,0.7025608133482009,0,-0
149,-0,-0,0.4029000842808462,0.5737542865760793,1.432129619995828,1.963693354480091,2.9997912669862226,3.555441477608008,3.111090924196832,4.137863332412517,3.7235742775420495,3.812779065766497,4.7990844794487035,5.845082379025316,6.406892376194607,6.4573522894965105,7.544772295317435,7.590170080200907,8.701701551940577,9.85339126581519,10.448860661786608,11.049048201128185,11.073916147985994,11.679454956864326,12.29012004939247,11.77408414259456,12.38553251242539,12.451479695692816,13.069000604605874,13.692416310927884,13.769791603654353,14.399929564081852,15.036235931280228,13.53948879007642,12.196772313356716,12.33405002277197,11.573986483729861,12.62256394840717,13.703100793843937,14.328246033557727,14.005016592988106,13.701790587884561,13.86614912531879,13.58708576339401,14.20643898568298,14.382195482211795,14.561597165916467,14.303611639381474,14.491315878711507,15.567588860313148,15.760031600041012,15.511557062851178,15.71190889472816,14.629098138937039,14.837163162477857,15.048326691202488,15.262604149678204,16.32987844694526,15.285206095071992,15.508601986337311,15.735131331712362,16.381470414997384,17.038240393525612,17.70548513893204,17.946785153254197,19.071620240064824,19.32118242346605,19.130351779456632,18.947700328791715,19.20708335610077,19.47022790656469,20.178940806890157,21.352897452613842,22.091039760518846,21.912775454719217,22.19906048006651,22.489663437279223,22.784653651704566,23.084103595373087,22.92612656011435,23.696688536404213,23.545129500686755,24.3280626664078,24.65101167315878,24.978924081703862,25.788230402213337,25.650026958847352,25.993420661610717,26.342184447497896,25.274218656476084,26.099248574385186,25.987090010198344,26.351949991299943,26.722594473781918,27.099155335102925,27.481769184650645,26.914017544738503,27.304064533100195,27.70047874219676,28.10341580388321,28.999654788044825,29.418945398458256,28.865137220473922,29.29287001570437,29.72792541861839,30.17049560669673,30.620780052279677,29.594926103093822,30.051222846904505,30.022847315318437,30.000097997036054,30.96992701828564,30.95718133732693,29.96535816141937,28.047456369481772,28.053536208332243,28.06478825729091,28.081225563539544,28.57556075577292,28.602582684292333,28.634961699561185,27.730023494661236,28.242089005480278,28.29026711048102,29.298091250167996,28.87881032424061,28.94438808856131,28.538237835396433,28.140034480112956,27.749572073229775,27.83513576564186,27.456763828426926,27.085663664941624,27.18614314851385,27.762925543134287,27.87737771534804,27.52441183176012,28.605840776468813,28.260130589654125,28.885821861892083,27.589191353574048,27.263713872731977,27.89859991506563,26.632175571907354,26.797633454863316,27.449790453294362,27.634103297183753,28.316545871130685,29.520913342794326,27.746981858426707,26.984882377360414,27.694400241142564,27.926812915883662,27.175789007417826,26.92627406567498,25.227679717445262,23.577416822328363,23.34710555084287,23.58926792177127,23.3707670958973,23.158235611235803,23.424373004959353,22.751278763031813,21.62348290110951,20.518334666828476,19.88152919745585,20.15236131963614,20.43656249100125,20.269813361321187,18.740972790130613,18.1347881781169,17.979836974600865,17.830938994769923,16.36373461724147,14.942095765197456,13.567061405624047,13.422807008333839,12.484885236389319,12.744793286621167,12.613644133605744,12.898048338043505,11.961418116791855,10.656697103181205,9.773277037042313,10.419830334891039,10.309783314997462,10.20586024175858,8.932650004838395,9.216720700491388,8.345882898100944,8.639265815209994,8.160048784791861,7.685885877726769,6.837751827175122,7.137995983558204,7.0684977049791025,5.470097998671156,5.386141563849378,5.310878782238741,4.496710025153326,4.421072799872069,4.74894639719906,4.715557478616765,3.8668387278522514,3.8383986490485293,2.991705993886109,3.4129413471062913,3.4829915890094014,3.0933743570985683,2.1638029960490743,0.7341263183019453,0,-0
150,-0,-0,0.3746765424258921,0.5346287200101101,1.3654532759313491,1.8772380834711122,2.8841039583899306,3.4193936115917327,2.9733893255344057,3.970155226753437,3.5542627950539685,3.632300653595714,4.588003012985585,5.603011463258411,6.14338551687719,6.182165286299469,7.237834696644322,7.271292055537971,8.350579598402723,9.46972237614008,10.042569605472188,10.619939624963282,10.63210372260551,11.214472679336566,11.801763847379306,11.283047564640023,11.870797616734569,11.92337717591501,12.5168164891464,13.115931065885592,13.17946775166605,13.784902628336837,14.396276876544123,12.917693771493758,11.593331014857707,12.176044587617705,11.39863829537419,12.427851694251238,13.48831034209909,14.093683868353581,13.75311717102685,13.433458289964006,13.579863264312023,13.285514181477946,13.884424122242574,14.042369447254321,14.20397409524332,13.931788264534346,14.101906287699814,15.152555038280765,15.32690849127399,15.06468605152653,15.247052756378286,14.16089290697549,14.351374669643434,14.544852611731756,14.741334578395959,15.779425379725767,14.733862111330067,14.939249406943526,15.147629017002625,15.769324777654138,16.401038163854537,17.042810962699534,17.26488931242351,18.356745813545917,18.586453919489273,18.382660505175398,18.187189183918967,18.426453188345867,18.669279461504548,19.349801269399443,20.48738224729028,21.19632353481171,21.004306781981597,21.268773566901633,21.53732100288574,22.26624755667278,22.544254778313764,22.368082720692335,23.113361760342404,22.94354618460503,23.700412814844995,24.000862497898435,24.306039109906123,25.087930622192378,24.9309265250462,25.250823033324295,25.57581806400552,24.499362159586994,25.295151535152943,25.164231627342847,25.50462917457161,25.850490829894785,26.201938620054708,26.559099043379035,25.97836034464082,26.342560293222565,26.712755356543557,27.089090040441256,27.951268312205997,28.829719268595827,28.25645777287168,28.65890550910778,29.068299653734154,29.484820199480207,29.90865401904544,28.867635554457653,29.29717132059695,29.245923978002118,29.200238878098958,30.137579749440402,30.10130237980246,29.09616408904097,27.17681461575861,27.627344715484437,27.615471904489365,27.60871468148349,28.077609623658983,28.555693566425923,28.564380078830474,27.63302864531285,28.122869210646815,28.147434760467966,29.132988158250964,28.68896791448774,28.73042559923483,28.300008391070573,27.877878342934537,27.463812107879896,27.525324241206842,27.12368712805162,26.72959542991011,26.805848306777204,27.356471895234982,27.445963333424356,27.0699038789247,28.121278923177552,27.752050931077687,28.348689560569728,27.034528366312834,26.685952286288654,27.290527698233632,26.008519909498048,26.14692187181657,26.767078887685404,26.92307570005422,27.571684093350648,28.735909805130508,26.95311499468379,26.172298413380886,26.845106145446955,27.539008877629403,26.76403127105623,26.488586971054737,24.772594364892093,23.106872701191946,22.852228360789976,23.06606567694278,22.822671476070663,22.585082338283915,22.821101360793122,22.127401852128546,20.985090770577983,19.866691038825692,19.211488655357567,19.45077032332818,19.702285334095386,19.509235537519878,17.977859888248332,17.792733876718586,17.613183434921563,17.439341969818592,16.391103497648054,14.943334662695449,13.544090839859347,13.378653280483501,12.419327552777142,12.657944342163967,12.505230296263079,12.76660207469262,11.81042195057913,10.489620296903613,9.590017273560738,10.20961738048986,10.077230147193324,9.950344353123432,8.667762010541018,8.923828284025827,8.041181299650958,8.304098033365277,7.807171994515022,7.699578220207468,6.829931198172921,7.1103608383282895,7.019580010022841,5.404249582453641,5.299900653063863,5.20308788039308,4.737508559350461,4.649442446415045,4.975130912411142,4.9294375921987825,4.0485072351699625,4.008039732719888,3.12983911830065,3.5489235417097906,3.6070912879866275,3.195960765727906,2.235520028989862,0.766520628796562,0,-0
151,-0,-0,0.34703232015386865,0.4964078322044208,1.2999727370650516,1.7922843356161802,2.770166617895643,3.2853995652188654,2.838176065055227,3.805186110356442,3.3881388345637165,3.4553979528493133,4.380757020684854,5.36503045212107,5.884296333531929,5.911802582866474,6.935978979814709,6.957911084170177,8.00521596592103,9.092073703167623,9.642644382109262,10.197545971644312,10.197442018738625,10.756997934324584,11.889089340656133,11.33659557879077,11.906037856113356,11.934472254053416,12.509370796284047,13.089574587262462,13.130121569106233,13.716347947027216,14.308158978452491,12.80200805552947,11.455780843142568,12.020245157935273,11.670056027077319,12.6972409147161,13.754603290342546,14.346351225974356,13.974264285091708,13.625063250010342,13.75060255555273,13.4293306028221,14.01441441756525,14.152403551681337,14.294287889119035,13.998011552669055,14.149200710425555,15.188787896172272,15.79634158158816,15.502322861660211,15.664528702542578,14.529819902936506,14.701872372178098,14.877044197179027,15.055325907479332,16.090903580013265,15.004497214089684,15.192263086753726,15.383056273631556,15.993365734390197,16.61317915294855,17.242544550088493,17.44613204309196,18.53016375984526,18.740774697247105,18.513093793462723,18.29440241714424,18.515088864439996,18.73928931024733,19.404711090638166,20.53021035803327,21.222901878107535,21.007878239788408,21.25260381038081,21.501322095367268,22.212675629934182,22.47041443782261,22.271976481164664,22.99864200383762,22.80676163477426,23.54429604537577,23.823830563781534,24.10793561520813,24.869232777451924,24.690174890684933,24.988476857934582,25.291684992575146,24.19414180692503,24.967766586885148,24.815568138437428,25.133896595422968,25.45744538809858,25.78632727967106,26.12065932952597,25.520360841923118,25.861545728503845,26.208431932872735,26.56115389437986,27.396881655751308,28.24824245348224,28.137807567887695,28.517932411812176,28.904713718770054,29.298320682015653,29.69892906215703,28.632635503286096,29.038862137553192,28.963861508460674,28.894487876482895,29.807485850373823,29.74713675204564,28.719579486246616,27.247618631709106,27.677601250895115,27.642199695645985,27.61196474704752,28.059572194893406,28.51597108685171,28.500781674196904,27.542578555764592,28.010207187712126,28.01105935556716,28.974526691266213,28.505582784923604,28.522892754943797,28.068089135579438,27.621947596827617,27.184226990670812,28.168536502296323,27.73698932549778,27.31349262596661,27.367842978703994,27.903402265394668,27.970751447471145,27.56610282084071,28.607902693107018,28.21014795000815,28.790222090852144,27.43671496610557,27.060719438301977,27.64828117310919,26.329432817655384,26.445887477919616,27.048253016430447,27.181701518610353,27.811467854294836,28.959957449733654,27.139220258796122,26.328698233590043,26.98124226185256,27.654111388294258,26.849806755433125,26.547880314008115,24.799856371239976,23.10403156519771,22.824767126511418,23.014997091898522,22.746789459720503,22.48439468015247,22.6957148773881,21.97703538983401,20.810833218888348,19.669786789291773,19.435245258438464,19.654869329542688,19.88623709458019,19.669340518737755,18.105534165358993,17.897302310544724,17.694572196668613,17.49744885115168,16.86141822432669,15.370826546771925,13.93030007841861,13.744844950141456,12.752828186876384,12.978040571023314,12.805574737720793,13.052802324076387,12.065782402043006,10.710178196835475,9.782221237949264,10.392206715773648,10.240638846582677,10.09438840945379,8.781912084572642,9.022238809222744,8.114849303821263,8.755132087172893,8.232149365842382,8.109931644664023,7.203824873293425,7.481000126206607,7.376129440635989,5.704001124621298,5.58613592008526,5.475934764844518,4.986678556629853,4.8855332244823835,5.2085214183660815,5.14988952490961,4.235879018573706,4.182772729955725,3.2722229156828035,3.6886856613338126,3.734388448991657,3.301060122266511,2.308969667477924,0.7997683865269957,0,-0
152,-0,-0,0.31996742784845156,0.4590926212326078,1.23569094902313,1.7088364302114887,2.6579830411197287,3.1534641493745896,2.7054612238274767,3.6429652895999074,3.2252173366746306,3.282089419524966,4.177364334338762,5.131155823140832,5.629642402263804,5.646285746465244,6.639224759367711,6.650050891195417,7.665632099258702,8.720464087863487,9.249104540218251,9.781887447034853,9.769955504592689,10.30705580747232,11.405918630238533,10.851771989831613,11.398206926287358,11.41414599534956,11.965670358268044,12.522288596052029,12.54989532780301,13.112151177748828,13.679771124595373,12.193238354048875,11.320323596923553,11.866637428440649,11.953397896684498,12.9785786331809,14.032882042061363,14.61051803845236,14.20549369405488,13.825515715831123,13.929480502141539,13.580303511212431,14.151323662737267,14.268835048487265,14.390530274987167,14.069490645261073,14.201394037858746,15.230049395409049,15.821806379518126,15.504298733255713,16.09977502707307,14.91405162671232,15.066785350440153,15.22281672143809,15.382115715864936,16.415211310524718,15.286160797830297,15.455678599181416,15.628299170120332,16.226975829494375,16.83465853974499,17.451401238988257,17.63601592274763,18.712319395760936,18.90339274026677,18.651165255570998,18.40865437866161,18.610437355908076,18.815713621648523,19.465967620830853,20.57953503260646,21.255930072339332,21.017476142617124,21.24226245710227,21.470977203996004,22.16477469043114,22.40210876788295,22.181136353180015,22.889249905531614,22.675091527916162,23.39338391239964,23.65197210144632,23.914994125408157,24.65582688806171,24.454620044288372,24.731373118627353,25.012858496525904,23.89401857898906,24.645682264511315,24.472245199511292,24.76865227089978,25.07005310925815,25.376551152733295,25.688253985144367,25.068480197745195,25.386889346431712,25.710722908988533,26.04010532635252,26.849726478120672,27.67435519649111,27.542080096476813,27.89743075566252,28.259097280596766,28.627237017431224,29.002013518246518,27.92086840026565,28.301038634273567,28.20380872839734,28.11219005847132,28.99361340696952,29.399594460850665,28.349481481278122,26.857216894699395,27.73596020466828,27.67672258921021,27.62273073225884,28.04895965374244,28.4836013327803,28.444328466969946,27.458801275490533,27.904214238195156,27.881230910241257,28.82278500589855,28.32870841382343,28.321823387901926,27.842491527030457,27.372232585119793,26.910787139445056,27.87021708128154,27.414875646067777,26.967927881415765,26.997912383609414,27.50747357787755,28.029131217097017,27.59806908359618,28.620217644547992,28.195948751057173,28.753212594715745,27.370441672936607,26.968851078835886,27.532860514814157,26.187172464054527,26.279126476427386,26.85682111197701,26.96491992628198,27.568653231711508,28.68973278796934,26.84510614544694,26.01031432179699,26.634855297555497,27.27873949953212,26.450314384798013,26.12260587658902,24.35676844728799,22.64521455893865,22.342033020031973,22.504618948519557,22.212096290110193,21.92531033900993,22.107444395997145,21.368838493872467,20.188751742099072,19.0352188383707,18.77703740870166,18.96616493028024,19.166005021187246,19.37723409921792,17.79589280016002,17.563617069602554,17.336633466681533,17.560273870052637,16.898831716548706,15.38062730733679,13.914528102543573,13.707321609063426,12.69295790805413,12.896673175506475,12.702292062280064,12.926427260185848,11.91925769552582,10.546907367714308,9.602431205387163,10.185938584939167,10.012267589664576,9.843417848507224,8.521584511847601,8.7347231237961,7.816056966263975,8.420316926881688,7.879883045891383,7.732445099635799,6.81880584317358,7.059682565425361,6.926346457773359,5.276366542953909,5.131787575681871,4.9927809247243875,4.490546201273446,4.357004489069709,4.620168383030848,4.516820984417761,3.6125728488971305,3.5068080470126084,2.616785495444855,2.915288499154179,2.8573769073890998,2.3553003345595616,1.8493330662585623,0.4346172726599509,0,-0
153,-0,-0,0.29348203620632424,0.4226843045854881,1.1726114396040204,1.6268994987928536,2.5475580726180262,3.0235934491767402,2.5752564111090472,3.483503854718743,3.0655152967855788,3.11239582714638,3.9778454130089447,4.901406928366799,5.379444448841982,5.385639832766853,6.347595357347591,6.347739271305255,7.33185371962175,8.354916831923239,8.861974375648765,9.372989294564984,9.349674100149919,9.86467713852424,10.930581327663978,10.375331491785142,10.899128870220112,10.903039351363164,11.43156741601957,11.96498182857197,11.980128719285222,12.51880423145829,13.06262736476112,11.596495407919415,10.733024457148863,11.255214588977651,11.328891082655547,12.318215355413619,13.336329415993086,13.88885312481443,13.481410806549041,13.562201417101551,13.648103313291498,13.283353085398145,13.834272801367,13.934124550477089,14.038249405820942,13.703147007399043,13.817850024691353,14.82157055861577,15.391716583045769,15.060585157558691,15.634017092223411,14.444627697821641,14.580122108130473,14.718867268556467,14.860823283018727,15.86544258149964,14.735776400961585,14.887899646928634,15.043029765550044,15.617801301092781,16.20119205694458,16.793253911659143,16.959443317624785,18.00363370259709,18.175711109071134,17.91142334372477,17.657059886850142,17.839720621822345,18.02571365113529,18.64880601914647,19.72701360888086,20.375289598083988,20.12429015857514,20.328459473918453,20.53635758018615,21.20068197733896,21.416638011517012,21.182794843621757,22.32011094483954,22.088201614587714,22.78126810443599,23.01810192505253,23.25918045672963,23.97354674484368,23.754316399048484,24.00850506014988,24.267201009115336,23.140708393600598,23.864276281822743,23.67316872938483,23.94629992277038,24.224150670894193,24.506814897954516,25.261783087951063,24.622607294389173,24.918471069072027,25.219499427483193,25.525806856832244,26.309656575958027,27.107902321152828,27.4351134279444,27.768246951000886,28.107443764831213,28.452850452562075,28.804619545031386,27.697825909797697,28.054998785110993,27.934175816854214,27.819081637937792,29.16703234144361,29.55182306576542,28.468707600301233,26.94149087973766,27.80272204521147,27.719312038704057,27.64125627640679,28.527827120497776,28.944172454262045,28.87988147280461,27.857279084510857,28.284281678434077,28.236926828764265,29.16505038515108,28.64109907045084,28.60985541952123,28.101542462673812,27.602860615676036,27.113528359112472,28.05723013835697,27.574185083374093,27.100015586019445,27.106384172230666,27.595223509515456,28.09565963591807,27.637760559330175,28.640350339858777,28.189199406992582,28.723627793531282,27.310992059166118,26.883547460389522,27.424055382342136,26.051066254243256,26.118494043889815,26.67164591274352,26.754424091025953,27.332305429114736,28.426307758471044,26.557430322457506,25.698300921707975,26.29513869167513,26.9103704957255,26.05786936502767,25.704573229334088,24.395171829497134,22.652458287937232,22.324445364256,22.463518943647017,22.14611207936994,21.83452608891558,21.992264706118203,21.228624521984894,20.476826849182142,19.289895108488402,19.007842541863734,19.177110863527687,19.356663618115487,19.547138440779335,17.932070555290768,17.676248901272537,17.42571821829696,17.627972388503863,16.940715510746088,15.394295991024286,13.902091542157589,13.672990726046724,12.635970194540702,12.818235854801427,12.601930219314522,12.803111672014397,12.183279984838302,10.774554736238906,9.800496498213837,10.37414218680463,10.180654836384774,9.991879432192878,8.63904728456802,8.836266531574928,7.892183488558201,8.482127677182277,7.919393889943364,7.751721387553531,6.8155603688311555,7.036670709986533,6.882029069023309,5.576279659477505,5.416920223847969,5.2632793961799855,4.735943735757113,4.58811968132708,4.847577630861116,4.730113035030316,3.7913005957216,3.6717654938329054,2.7480409548191105,3.0429349441750015,2.971464855380473,2.44603897745799,1.9168199442316152,0.46098533895099975,0,-0
154,-0,-0,0.2675764708393975,0.3871843040141816,1.110738324500439,1.5464794991408641,2.438897634676064,2.895794861461394,2.447574799757889,3.3268147335877143,2.909051815575544,2.946340319209836,3.782223421466609,4.675806091272962,5.133726458170919,5.129893505715407,6.0611179381056814,6.051008236075856,7.00391098503,7.995459867980541,8.4812831140971,8.97088199014286,8.936633389321425,9.429898746548078,10.463111386319387,9.907317286445691,10.408848041237507,10.401201929679104,10.90711268484821,11.4177060444931,11.42087881670283,11.93636516582642,12.456786670954619,11.48511810839745,10.601200646845937,11.105692821666606,11.161479149247665,12.132169660833215,13.130966462551754,13.664088318028591,13.239029032092493,13.301699280244325,13.369693611359153,12.98952859448499,13.520568077109935,13.602980429365648,13.689774031444983,13.340872233018933,13.438653960016481,14.417703368474042,14.966522182535934,14.622098413335497,15.173790037909583,13.981167952284817,14.099786600889832,14.221621543808908,14.34662268805567,15.323074595505076,14.19334596097005,14.328500129289479,14.466576340386371,15.017832223627652,15.577328144991327,16.145114021407053,16.293351534831167,17.305788853493933,17.45936134014343,17.183580650705284,16.91794771946352,17.08201343816925,17.249261201977895,17.84566719935846,18.88892608247939,19.509575523649268,19.246680916879484,19.430821403546542,19.618502322425243,20.25388539999294,20.449084435568096,20.20308487640266,21.301493564902398,21.057090333941996,21.719324069971012,22.392086339747397,22.611593388764323,23.299880066160146,23.063028228868678,23.295069311690646,23.531407615474205,22.397751008663676,23.093673787286015,22.885397157276635,23.13575091339522,23.390565108601113,23.649924304197278,24.375104460197008,23.724677740759155,23.99653953801573,24.273257869643086,24.55493691494635,25.306749020160012,26.07232346115387,26.37355260952616,26.680341106894467,26.992817806344195,27.311116907178057,27.635378170966536,26.52542489213594,26.854760403427363,26.714325864015585,26.579544073029616,27.88059550030362,28.72421221735644,27.62849092375653,26.09501867591876,26.92382511995533,26.818506109737225,26.71847573729137,27.570786127626,27.958259450406356,27.871033145513028,26.838858510833642,27.236125503158163,27.165641654587883,28.05567275083941,27.515382479660257,27.46021586895884,26.93587046568768,26.421422402790814,25.916577561895437,26.818337947349274,26.319431823391643,25.82961359280508,25.810877181060565,26.26438920018876,26.728652024768657,26.25440115982633,27.20889269294633,26.74076926801674,27.23601835325455,25.82891296674596,25.384765958118,25.8844722968377,24.982011125061696,25.021705098174344,25.538080881310474,25.591831953467103,26.61446422292786,27.670457181415188,25.7928248088514,25.392591374748367,25.96200881817718,26.548903173685737,26.16160379962297,25.781222840603363,24.440360248195123,22.665722922648506,22.312599079486038,22.428051490849523,22.085548454311454,21.748987254798635,21.882318405948563,21.09341910204515,20.317071480647748,19.106853937546102,18.801103627357246,18.94547000875656,19.099452522952276,19.263633889123536,17.63045758894827,17.350769935187042,17.076257620336172,17.250937796408113,16.54281423055987,14.984891147256908,13.483849077858812,13.23245837650879,12.581895466031508,12.742743121368147,12.504485780506238,12.682835796467913,12.041448598728078,10.615209702178277,9.624213330649669,10.171805130102156,9.956386410673934,9.745310301638577,8.383072268255685,8.941098778071945,7.9710040440381595,8.546533376878475,7.961106652147838,7.772967649432095,6.8139043375373225,7.01523581319902,6.839247496364732,5.514384799780166,5.334503099301079,5.1595427170487085,4.61366357470929,4.443381016214829,4.672424837188581,4.527228244307056,3.577991231183964,3.4283330629098,2.5019342376787637,2.7424176209576694,2.6218984184953307,2.0652590699016216,1.9860781639768836,0.4881518125068835,0,-0
155,-0,0,0.24225120628329935,0.3525942284500993,1.0500763127700559,1.467583229564601,2.3320087581623374,2.7700771350574267,2.3224311626696372,3.172912749031049,2.7558481507311656,2.783948461741601,3.590524312548272,4.454378710412791,4.892515791766869,4.87907916549634,5.779823653694906,5.7598941722313874,6.681838663964083,7.642125944929536,8.107065110061667,8.575601454852665,8.530874851007436,9.00276367552427,10.003549177518137,9.447779609328899,9.92741617342767,9.908691210221725,10.392365112868863,10.880521600545391,11.373201099897429,11.870448380380617,12.372312097815229,11.376023095448055,10.471357687135493,10.958236881636443,10.996152150483807,11.948402074124104,12.928081544664701,13.441933694803712,12.999286400348677,13.043961048012177,13.094198760723533,12.698774516206827,13.210150764413259,13.275342033584007,13.345042203886882,12.982605597993013,13.063745148081534,14.01838272709453,14.546155935032216,14.188774503274542,14.719027996079372,13.523617364452967,13.625725809246417,13.731028764287165,13.839465594777543,14.78805385996887,13.65883070193139,13.777444376236945,14.303592563529685,14.837517710054678,15.379265117779866,15.928886509984077,16.05882997127614,17.0519892943197,17.186760463024292,16.89310993197255,16.610146892543103,16.75581293603383,16.904608807534707,17.480564160255387,18.50094126737487,19.100140758729108,18.82000849648707,19.42577854258923,19.5938838485609,20.212357805684928,20.387668110214626,20.119559732333784,21.20219517215286,20.9357324955606,21.579398081663133,22.233123433085694,22.431888984929355,23.10034313579346,22.841555474363634,23.05254971813417,23.267719558949526,22.112864732847246,22.7876683082783,22.558743162148883,22.787965851414278,23.47875465037887,24.18135562205284,24.895976668357154,24.20970091919494,24.462584349754735,24.72023285191452,24.982741254321446,25.72246570386701,26.475439712887006,26.75666876308326,27.043324076512075,27.335524532166595,27.633394250389447,27.937062789437466,26.78958124960279,27.098627325730643,26.932691583586937,26.772692641474826,28.062350014114276,28.889249172050413,27.75943074442603,26.189762915318692,27.001330176924437,26.87159491293364,26.747313802457718,27.581037717212602,27.94661845138976,28.31972595844403,27.24901872750705,27.627583968394806,27.5321321113042,28.40886190717978,27.83786599240397,27.757902934150657,28.167204152828344,27.614222579927375,27.07168189032298,27.975200203954994,27.439292642098444,26.9132420572942,26.871132021902103,27.313413879417364,27.766231264539844,27.2571809928289,28.211479509825942,27.70904760792976,28.192407693758764,26.730451539197002,26.25382923257566,26.741826028653,25.79762697011576,26.29443983724457,26.80481578808771,26.838593581037937,27.868668310951364,28.93166532826674,26.980544235025423,26.547880314008125,27.110983465327074,27.691332800720353,27.272216580448628,26.860493627683695,25.464750537536222,23.625030531139725,23.24295179415467,23.341082388403645,22.970202838416693,22.605637560501293,22.721963141270777,21.895119670775856,21.081603756516945,19.825054645175182,19.493563704505302,19.621985399851162,19.7599093973791,19.907898600279967,18.22268148324285,17.918544709854885,17.619797478947156,17.77867248352776,17.038463569795272,15.433667993090108,13.887529032728864,13.614131170900059,12.934817648980813,13.08081090473436,12.820919972303601,12.983877363317504,12.314853648205606,10.850526233840183,9.828605354658908,10.366043152383474,10.130095510850454,9.898457581713869,8.504008215700187,9.049363892299498,8.052633492939549,8.613637684044697,8.005101758370717,7.796245563767419,6.813875386135845,6.9954006233828485,6.798006979359253,5.45378013342479,5.253505891615375,5.0574724476753365,4.493363195311842,4.301188977302994,4.904505336956104,4.743877803812917,3.7583283818112165,3.5936408957828068,2.6319014784253105,2.8677611655361774,2.7324883405000597,2.1511720618365704,2.0571638261237526,0.5161427990660608,0,-0
156,-0,0,0.21750685932431227,0.3189158547453012,0.9906307118820585,1.3902183432890356,2.2268996154694802,2.646450413913287,2.199841909895666,3.021814679640341,2.605927769353702,2.6252482950508615,3.402776913070571,4.2371533698924315,4.6558433134122525,4.633233084610532,5.503747800254545,5.4744380111510615,6.365676322926617,7.294952829287847,7.73936006328123,8.187189286606003,8.13244611022333,8.583321461600006,9.551941768553839,8.996776034086155,9.454892703123956,9.425572888453942,9.887392242093712,10.853824875308653,11.328491055069415,11.807422934210313,12.290677096328084,11.26923496717678,10.343493513248774,10.81283732639962,10.832890547421298,11.766889753620362,12.727648411584608,13.222356810230512,12.762141333492758,12.788939588838454,12.821567228331233,12.411036484131246,12.90296340480136,12.951150147600154,13.00399362835277,12.6282883798804,12.693065207540743,13.623545967900524,14.1305532611847,13.760552591605274,14.26966852704183,13.071925221484289,13.157891498922933,13.247043425666327,13.339309459047458,14.260332839609955,13.132198916224484,13.234704360989904,13.738356974646466,14.249424959302527,14.767952087378275,15.293988217232128,15.406768745826914,16.368816443969116,16.91773741406692,16.606248110153867,16.306022568652875,16.433436275235398,16.56394578711518,17.11967125757191,18.117435492487562,18.69542331675211,18.398236764534847,18.98223272816954,19.13081602286199,19.72679389524371,19.882197915454178,19.59737949233069,20.6531725474659,20.369905061266852,20.989385671527824,21.6184660090184,21.79620499883098,22.439207889004393,22.16335820686052,22.352847260768833,22.546333910779115,21.384979587549335,22.032898484424106,21.787588399227058,21.994852665312163,22.657573607976055,23.331570221964,24.017041067158875,23.31998183071013,23.549501967389165,24.245868760374194,24.48584721391031,25.20061683213925,25.928064430479015,26.185662838342648,26.448431683858946,26.7164785870162,26.989916177122346,27.268862267815408,26.107022197126263,26.391303937022837,26.204313233576524,26.023346746395806,27.278716413595895,28.07490229173869,26.932753993838325,25.3571236217446,26.13709468566643,25.98614496611786,25.84063662620224,26.641036962146927,26.97865029113485,27.323306772464957,26.243552312431408,26.59323517902093,26.475474422436616,27.315129687954773,26.728644596391856,26.625737935368946,27.003904984083416,26.43565979701325,25.878180930717132,26.740686637064815,26.189605251814037,25.64866554715984,25.582355079708613,25.990342821222622,26.408072417547142,25.88367808293981,26.791139704912087,26.272869984733518,26.718368288350497,25.73444727842196,25.238759022642054,25.69279655886239,24.73722592166948,25.198996287559858,25.673363233097838,25.67878968699771,26.66211578000068,27.67673705883264,25.732634892459892,25.279418231439486,25.80145589051035,26.339441347936013,25.89841162848326,25.46475053753624,24.07049890284927,22.24615390692483,21.843980097343966,21.908888664901163,21.51734213670038,21.131994906103163,21.213029288386487,20.379471569965215,20.01209710963318,18.754495300190943,18.40136706663596,18.496392812101256,18.599819632863785,18.712127484248207,17.042408202085102,16.71571745909599,16.83209206556859,16.95817981144062,16.2030325875317,14.60447549639468,13.067942129170318,12.773166764861388,12.084335065365403,12.196311365018474,11.914173336013876,12.04036516342107,11.362391641200952,9.92180839012848,8.911772529826765,9.776864444671638,9.518555725410602,9.264094504068822,8.252194830488541,8.766875504187349,7.759003507680298,8.285732024522282,7.660911211318413,7.428741580681559,6.44068964122348,6.589129195698274,6.366878705969742,5.035348056923815,4.812131592657603,4.59195544768747,4.020465905469648,3.8030204614790217,4.332271314602118,4.134859849242808,3.168722903986219,2.964835498858065,2.390531673231091,2.575539166635434,2.396724340348651,2.2396060407428906,2.1301360657202277,0.5449857520108651,0,-0
157,-0,0,0.1933441815476978,0.28615110595046284,0.9324074321351941,1.3143933627317175,2.1235795555536687,3.017678577439601,2.479953420758646,3.3287320334087784,2.8461337127408366,2.836672289519833,3.6279687095789175,4.4726457540672815,4.878970653620983,4.8266712530205185,5.700056576363794,5.642523386536727,6.5329308568752635,7.459631368460298,7.8873720284439255,8.853196173856064,8.752336462555572,9.189734981994723,10.1726285337702,9.549529243061748,9.994314496381165,9.92899494659764,10.89495552801465,11.888005094596311,12.350738452928397,12.817389457761612,13.288031295086618,12.161375345674744,11.143771235607053,11.60519838723151,11.592582641553415,12.54181234177568,13.51644731959254,14.000504107758333,13.485840304891523,13.482163889224768,13.968176847346449,13.495451995936769,13.982697173980505,13.999427851285652,14.021984722128352,13.593361834814175,13.630838306922238,14.579023506717562,15.080454836507444,14.662113941962735,15.165580023373717,13.884683369835686,13.947545920595884,14.014116516448842,14.084283783976375,15.016340980639685,13.818874642007751,13.901060303525936,14.39906677719703,14.904000121386636,15.415913397488735,15.934864984826099,16.026891406546685,16.99414254469996,17.53461094914097,17.632709295965466,17.292547781274365,17.398925356299504,17.508698249896078,18.060577215468538,19.070572955791842,19.643536129003458,19.309038211824703,19.887635148632757,20.01522514568304,20.605165527574933,20.73959114746418,20.420038232351718,21.482895689458154,21.165456895509553,21.77762072485316,22.39894682161039,22.555934185866597,23.190520263934097,22.881929750747197,23.050985269377065,23.224117614570368,22.01047568434236,22.649317956691895,22.374459165802616,22.56243559743075,23.21525342846797,23.878886672205933,24.55353169464624,23.818893625522577,24.02876871451567,24.713578696302523,24.933553468666585,25.635969708901822,26.350576449715167,26.58745436351562,26.829416668012286,27.076560252871182,27.32898698372031,27.586803855718554,26.385679447831514,26.649259681408385,26.43601398523055,26.229146771597744,27.47357593539477,28.253158572081723,27.07567142179379,25.46245133270901,26.225410733989975,26.04972069266919,25.87969866698116,26.661837661776328,26.977649613378777,27.300211922494313,26.19094017302844,26.518521503810952,26.376475816361324,27.19519782040888,26.582739756161324,26.45558906056597,26.810454261671136,26.21720850450507,25.635321195860463,26.474183478749545,25.8989180903407,25.33433247991577,25.244156353469112,25.62728283751711,26.019621364811865,25.472066519411346,26.351811254491114,25.810370530444295,26.228782834545417,25.224359969229198,24.706410822283637,25.132478581151894,24.15809118128507,24.591126690843417,25.035988980663056,25.49319106412752,26.45174150919173,27.440470847568676,25.470359148763297,25.475312969808922,25.9769130174033,26.493839086070803,26.02425705488033,25.562380444304782,24.134725142687802,22.276288058920027,21.848295299725685,21.88938914806574,21.472258736228707,21.061568984505477,21.11831548820077,20.25901574663581,20.324321582224936,19.03035433036775,18.651772744896814,18.726065042845192,18.808447834043047,18.899367582490704,17.63639827071319,17.284169162702383,17.836503595151008,17.951050145723396,17.155921048229427,15.489902138417094,13.887299737260461,13.568785387878998,12.842980526993628,12.945441319249182,12.640538580831425,12.7575198287738,12.044150630835906,10.542827009161575,9.485996671235824,10.368402103903293,10.089299608542337,9.814311677385025,8.757375188980301,9.27681623291776,8.224817032507332,8.756392745730015,8.100290185392682,7.849167902408182,6.8188675103487055,6.960636274432931,6.720183129333599,5.3363899902928,5.0956584743433,4.858158112387017,4.258478750144333,4.024166775435669,4.558483203059169,4.344340453704064,3.3402380584020226,3.120090554201489,2.5192662396115835,2.6985915263193334,2.5037720320609154,2.3306435018468794,2.205057272970746,0.57470957147396,0,-0
158,-0,0.06280422468651556,0.4663337992300646,0.5164936057111932,1.2516945256925947,1.6378301843321625,2.499429941579234,3.4345245189226614,2.789008204983059,3.664295261739375,3.558289547043392,3.485997226871931,4.3331441641512,5.227184938990103,5.622224344919833,5.510216229142117,6.41900629381984,6.306770560170445,7.225733109144789,8.177835924786246,8.589300245100048,9.575285811050543,9.421393142834098,9.842185913576884,10.839163784930225,10.140549271382614,10.569750869844958,11.002392064707951,11.996664223171647,13.015941480095616,13.462401755872637,13.912711838703183,14.366936650860959,13.12270325155259,12.003303972209224,12.454453139768937,12.405003446747145,13.369262230154641,14.357590750015117,14.828992123405225,14.254692455622784,14.217397631566156,14.691823791971899,14.167690055029055,14.643751861081498,14.630970995290648,14.625061412653123,14.625612249142268,14.63225563645214,15.597911860088606,16.091984399982692,15.620693082904877,16.11693703749776,14.746398471784596,14.783709507326348,14.825386139108504,14.871267512646728,15.81421973523472,14.542647181242517,14.602696994458714,15.094129926573887,15.592030748316935,16.096460918228352,16.6074864889446,16.67722007567979,17.649610592993987,18.18086362569376,18.256245768648263,17.88127642867144,17.966015167969836,18.05441376877826,18.59628688957178,19.606911600548035,20.168792486127018,19.801799012090697,20.36895231449447,20.47487307798571,21.05276153386464,21.165492774867428,20.815663141866246,21.87437385359647,21.527117033811777,22.125959808156214,22.73353956308915,22.868876749076755,23.489053345359107,23.1517845159031,23.299374826397166,23.4510766937155,22.198714821016605,22.82237728977296,22.521533971517318,22.68888990203138,23.325650640292377,23.972758035031916,24.630403950760588,23.86620557405907,24.054906971516658,24.721903962621266,24.920274021439052,25.60403342598249,26.299473028407245,26.51391950416092,26.73331331825356,26.957739940137294,27.18728973527915,27.422058095978965,26.193316684537958,26.434130198320283,26.197017166628168,25.96655367869256,27.188828876751163,27.945037227851397,26.74328404643533,25.107807527215602,25.84683218028601,25.648264883303266,25.4555176268019,26.212310364972247,26.50358023446527,26.801243842031436,25.672758232480355,25.975298812168166,25.810342811003878,26.600675104248594,25.967860829780253,25.817629305240846,26.145907314207886,25.533059868453975,24.932091227797336,25.739431792824487,25.145175029724633,24.562071518164835,24.448705066641935,24.80317419099711,25.166236397916048,24.600389246739056,25.443934102508816,24.884056036761837,25.271148662458288,24.255301991166633,23.7196640900905,24.113289155787786,23.12905520895942,23.528712059347114,23.93930631437668,24.361309982450535,25.27479700121504,26.216924763484727,24.732549979540185,24.71017997069572,25.178609849963802,25.661359584120664,25.168602618968052,24.683733840856647,23.246907439135605,21.388407737551027,20.939763462727022,20.952262444120702,20.514370454884773,20.083029162797388,20.109938788561838,19.239434336099507,19.274168352007546,17.980595311434033,17.582112393086934,17.62493275575116,17.674877156976972,17.73231812569695,16.909539312508844,16.535089550729403,17.048366024027114,17.13073950232007,16.321039996011205,15.090030103731516,13.477751335075604,13.137513103928727,12.39553158891136,12.47068971245046,12.143974246561163,12.231885866789243,11.503650396627476,10.005628225275155,8.947017034937657,9.780379769243694,9.479820068542262,9.183093922865917,8.128968564925946,8.601022866361587,7.5548633409425126,8.034023436540465,7.370330081152071,7.0953883779869225,6.44648424465149,6.945769144527643,6.683623730963698,5.27958300346389,5.018755537846384,4.760831351245175,4.1437878469743215,4.253876379918652,4.792814584755972,4.5611699767483485,3.518019244035148,3.280871044050392,2.652637312460599,2.825726045141443,2.6141995120231614,2.4243715595247814,2.281993334186363,0.6053447124359407,0,-0
159,-0,0.04851126985173825,0.4354227658703756,0.47738014532019774,1.1867005739061365,1.5555502041033034,2.3897627371059094,3.2969283518577726,2.6540207686843504,3.5011106413262736,3.38745975581143,3.3075130190892126,4.1258968675231404,4.990823884191684,5.3672160576945,5.247232695410595,6.126258583275958,6.005866551557922,6.894635014405158,7.816263903510511,8.208104941046718,9.163134797256294,9.00046322049103,9.401139349011267,10.366514607561552,9.670122209432908,10.078738150966497,10.490615575741142,11.452434590665991,12.438984132950925,12.86403596119977,13.292748643074916,13.72518415701098,12.494202461116002,11.388194233436268,11.817249302473105,11.757422015596058,12.687255846450292,13.640856477770713,14.089280729170303,13.516020489987898,13.467590853450144,13.91853187355269,13.395271687205867,13.847496085281977,13.823053969979153,13.805360708855751,13.79400322218706,13.788611380566971,14.71679494696754,15.185738926176844,14.714591925866396,15.185303707581419,14.28305602923823,14.303942103822338,14.329273722648919,14.358873898094995,15.274779102793056,14.003566486020922,14.047647840725707,14.516964037168295,14.992416593743238,15.474065093155716,15.961973422696314,16.01490687056812,16.956846264005474,17.463959553867696,17.521876016904912,17.1366552025857,17.203997055287758,17.274927527310346,17.791470527335186,18.768553980323063,19.304246533690197,18.926877193714827,19.467305755081025,19.55451049881808,20.105001072582994,20.663188675231066,20.295986055938354,21.328481947051024,20.96390619535691,21.538869498583598,22.122143395194154,22.236491497656097,22.831632520661707,22.477148780392895,22.60345649485421,22.733756960948334,21.47456693236828,22.07198698155986,21.75505969824091,21.901009946479686,22.51046397781778,23.129762833318125,23.75908962548726,22.98457686553527,23.150718911520542,23.788335673890934,23.963507455997405,24.616912952551544,25.281429790895817,25.471551427892983,25.666345499213932,25.865885956775276,26.070251414330176,26.27952525645298,25.049534139958737,25.26474402922789,25.010324527242815,25.233961598296553,26.42311606155442,27.14961597988176,25.93583259797247,24.294739574297406,25.003338071396314,24.78452707382984,24.571608050727797,25.296407034509752,25.56099635713071,25.831560161854075,25.161627432815557,25.439413137083093,25.251789874410786,26.01412711644663,25.36119382619859,25.188211177426407,25.490309037454427,24.8582049944054,24.23854309870114,25.014883496261444,24.40208893186888,23.80096426267649,23.66496262092548,23.991375978382155,24.32579154469367,23.742292620548103,24.55033578221239,23.97273348619162,24.329262392431705,23.762278140721495,23.205125220206344,23.57180356802395,22.569570275015398,22.9416475426302,23.323958388650617,23.716942015450304,24.5964285420202,25.503282786768064,24.005903977890206,24.43489690840867,24.87682483319283,25.33230406879504,24.813722489367883,24.303358793306096,23.32060710793362,21.4269207999692,20.952262444120727,20.941071242214885,20.477566093936385,20.02094419320311,20.481966344405233,19.577936508497483,19.59134744485742,18.260218087171673,17.835753978447936,17.8576528244029,17.88643345781528,17.92243802239015,17.070075594357334,16.670508992005615,17.1654809581939,17.225556139095016,16.387724621149534,15.127218213038034,13.485383496633062,13.122316527792904,12.356680007893672,12.410323200013872,12.061229214151666,12.126666007571783,11.376457931126717,9.859955614044768,9.154383541223961,9.982745082481928,9.660303222516612,9.341839034343964,8.257454692509436,8.716638468995676,7.642008403231648,8.106801799805853,7.41910408511548,7.123258054304096,6.451910636062152,6.9326262482432774,6.648653565133908,5.224023277949153,4.943167035662098,4.665005480152188,4.0308628520591645,4.116521259741598,4.6218243237211665,4.364285205782393,3.31291940318042,3.050333662427899,2.4099343864488905,2.5350546689227857,2.284718885440548,2.5208822996614235,2.3610138952314017,0.6369233028212538,0,-0
160,-0,0.034492787844776794,0.40508578254030747,0.43918255318754224,1.1228976535008368,1.4747762192992044,2.281835218243263,3.1612915544546367,2.521504949038192,3.3406277696426145,3.219761061353687,3.132594020701636,3.922452223771283,4.758496822166056,5.116583008020288,4.989081757291627,5.838578255241875,5.7104970679950595,6.5693093690450075,7.46070142953952,7.833278756416658,8.757592502993859,8.5866317807715955,8.967561128006196,9.901581069146758,9.20804026096711,9.596451936396274,9.987950597470137,10.917576139303463,11.871659642243872,12.849247193975987,13.257441317080247,13.66927854408581,12.405577211537198,11.272865728569917,11.683564740101309,11.604037087920352,12.516138342279117,13.451368584793963,13.880164872809996,13.793848762370395,13.71783710394663,14.152645119492458,13.593562307459305,14.52686218510822,14.470703379694294,14.422547226684395,14.381866751555133,14.348190483861098,15.2801666260987,15.736345504250766,15.222722272881839,15.68083981429313,14.726413927708613,14.72300263658024,14.724631633779119,14.731076139442331,15.645314765610536,14.321308511281845,14.777349964238065,15.239050491465436,15.70647309496505,16.179684472842954,16.65875497711347,16.687599991591274,17.63477287524946,18.13187903176128,18.16547018374786,17.743146735289617,17.78748181859187,17.835760070298164,18.341779408142965,19.319681706895544,19.843819873548266,19.43224180612576,19.960845723710886,20.02544680945175,20.563575500908037,21.10901352474319,20.709743103861147,21.73832368297393,21.34229858320011,21.90360214185409,22.472818766298452,22.564673380092124,23.145160511053174,22.760744979730177,22.864928647731325,22.973197289485796,21.673463709856158,22.255665870808507,21.911971908014984,22.036965670738457,22.63042105313231,23.233276985785405,23.845712250742103,23.040816853830577,23.185665269380447,23.805675558146362,23.959197127532153,24.594207823331995,25.239845039317643,25.407594262554163,25.57992161472236,25.756889253696745,25.93856398669129,26.12501735506937,24.867116619154768,25.059899392482972,24.78183547822618,24.982914692314342,26.150586416523996,26.854199126774088,25.615886796884354,23.952264647864972,24.637531227051287,24.396192086562795,24.160958538922138,24.86111851907978,25.101788132756184,25.34811860970665,24.657413573706354,24.91071913821432,24.700660635642986,25.435386725114466,25.232508730754617,25.035233565206035,25.314413911683086,24.657110586578355,24.012977577015345,24.766584392629856,24.129739065137343,23.50523442747107,23.345990336324327,23.648478508409028,23.95851311314322,23.352537036595567,24.134232136310693,23.53434579236952,24.332038010538906,23.738136150593263,23.154678106414245,23.499205635520635,22.46971702109264,22.819296975871342,23.1785797901858,23.547979097668158,24.403893951336315,25.28614879823005,23.76244789722746,24.165817940130456,24.581421056844945,25.009836909432153,24.46542541640668,23.92960999118504,22.923526743405365,21.937483480456216,21.432939642658713,21.399538404557443,20.906821764578904,20.883734595262148,21.33662860004408,20.389878611230767,20.383850197299093,19.000542707482968,18.546637907745883,18.549956124949585,18.560154168873197,18.577556853504408,17.68693669409734,17.25952314039265,17.745678654176015,17.787290384320865,16.913046394860086,15.60840422212236,13.915681035791811,13.527545944031301,12.729483104120254,12.766304659035972,12.39300468401704,12.4413672233692,11.660589116023445,10.102010675852535,9.368314907307479,10.191501883044197,9.846529130794611,9.505712427707975,8.390189490758074,8.836263677632305,8.115427240583294,8.583542629403842,7.8616142613271025,7.544396321889852,6.839721034701935,7.323967736488625,7.019298758224165,5.538513700214427,5.237766798124508,4.939947064229603,4.274884004049244,4.352814488334866,4.861810491322088,4.585249210236956,3.492779485607084,3.2117481305046836,2.5422766938203183,2.660019974470359,2.3916189788273203,2.620273165487915,2.4421926500562727,0.6694792727334348,-0,-0
161,-0,0.020749073671394832,0.37532520002185876,0.4019054794784175,1.0602937203815996,1.3955193591404913,2.1756593408126212,3.027625783032693,2.391482113760904,3.1828683009199485,3.055221993941628,2.9612756112806946,3.7228460691762537,4.5302392466598365,4.870364235546794,4.73581035680798,5.5560114986461455,5.420716500834207,6.249809558229012,7.111200468680498,7.4648771640686,8.358712562067915,8.179961312707535,8.541517243220515,9.444427059645351,8.754381999333987,9.122974364612558,9.494482818677332,10.392172237645559,11.314048809350407,12.259159259010922,12.646509021063455,13.037317873366463,11.78843336316996,10.670694399670515,11.060090155052226,10.971253922630993,11.849467772432593,12.750514317653497,13.15715704063618,13.567531180386613,13.98170030202541,14.399728917093624,13.802972233686123,14.72962387969966,14.647190776115554,14.573690201933937,14.508504912672745,14.451083408380745,15.373262469006548,15.81224691716179,15.269213436491103,15.710212338773522,14.72406229583379,15.163047437700218,15.139562611243795,15.121537532999218,16.03412873475487,14.654389122390837,15.097778187610695,15.54646476020785,16.00051564575932,16.46000083885953,16.92499350727392,16.931174982267358,17.87180978002642,18.353795577147576,18.364464939272768,17.912711323709367,17.93518352652505,17.96186995599909,18.452206021092415,19.41965914144832,19.927170618360332,19.488428033413786,20.000105606913404,20.042954459746134,20.56362068353381,21.091222316696122,20.66641144898136,21.68019386340331,21.259069421212065,21.801577907814337,22.351606904189126,22.421444337797315,22.982126598921607,22.573671644526478,22.655999077081784,22.742436764066614,21.418329468559012,21.97998227278524,21.614707579974983,21.718583549482886,22.290635320393434,22.87163271522914,23.461748181785044,23.10594067411025,23.22914368878673,23.83146806267573,23.96303238719628,24.57959917920727,25.697929071912718,25.843413495813994,25.993494056346993,26.14822011973007,26.307645843018744,26.971187497970224,25.65586547788502,25.82800259313099,25.518128729283177,25.69885481649599,26.86753977431994,27.560804230061617,26.270654904104962,24.548079698935354,25.22306368745783,24.952890196774366,24.6893062720689,25.378341136819067,25.599111116506982,25.82541909107772,25.09919920348744,25.332664001634694,25.095498613229367,25.8171557284708,25.587264845609205,25.363299049013744,25.622158329006552,24.932685361715805,24.257289349740148,24.995942241540305,24.328529463507323,23.674292280141856,23.49037474042721,23.772404732511028,24.061655607450014,23.4273938190938,24.191371091078157,23.563656500750056,24.342591447059327,23.721253109956102,23.111020322542682,23.90125269178915,22.83410799934182,23.16559661346687,23.506422588002664,23.85698045758631,24.69919749083025,25.566957522425838,24.002316597527447,24.385521896062222,24.78046653918363,25.187703196284918,24.613419598260553,24.04824706911115,23.009946844197724,21.9928592185819,21.461047278316503,21.403163138491447,21.351186016518426,21.30527627073376,21.741999250008973,20.759148542427564,20.730297332691343,19.306569770228705,18.824859497503525,18.805944027788744,18.7937159226426,18.788470335789743,17.866282605283782,17.41226298393734,17.879473046179882,17.897802790212122,16.993753979744206,15.657694445860754,13.933306522215656,13.521341604066599,12.6984040530545,12.71317665340592,12.316751998016054,12.34225787632583,11.538678728049137,10.35187548411775,9.589142378771859,10.406973203044906,10.03878823835882,9.674973063088121,8.527387219083595,8.960097710972109,8.212967812323733,8.665992425194702,7.918418103225409,7.57904899005548,6.850465939442996,7.31563267457228,6.988126797797016,5.48506243535603,5.163528988409173,4.844850434090708,4.162023498372904,4.215463816421118,4.69118549895961,4.388985674954455,3.6793963825911256,3.3791017459513926,2.679573855347142,2.7893323394955876,2.5020921460869094,2.722647380855483,2.525607657259237,0.7030484961257301,-0,-0
162,-0,0.007280508681830549,0.34614363630525985,0.6758512063571099,1.422131819871052,1.7489163218989938,2.58064778548579,3.4730971214115023,2.709687813249686,3.5273961981501882,3.346190009775664,3.209933150468178,3.98500460902825,4.802578726981863,5.125181128832898,4.952724322602253,5.775987437523805,6.104417634973363,6.96194308454703,7.848706012376969,8.181850675665672,9.095956437045391,8.857058972265152,9.199130563830723,10.11638001953419,9.343530209139237,9.694793756385538,10.048966055865662,10.954975742686312,11.88373148522132,12.83436355999842,13.20063115510992,13.570517951357402,12.237996617737204,11.049689474233336,11.423642022619333,11.30430865126129,12.181469672545436,13.080502310146557,13.470205929573515,13.863455255004697,14.26031297976258,14.660842533628276,14.024370883183202,14.944447462274736,14.834582018723953,14.734701190649094,14.64408445527981,14.562089151908376,15.474578065035248,15.896048382344548,15.322536351574124,15.746181079919944,14.727145461019449,15.149122396219608,15.104267714645538,15.06531967462656,15.963881143154651,14.554966169843935,14.981093346705851,15.412199774666762,15.848352778238581,16.289622515544096,16.73608197734473,16.722352447337656,17.64487625128449,18.10737131056579,18.097775988387873,17.625967236784028,17.628870659198768,17.636138959530605,18.10627137584825,19.052198004512253,19.53864014537448,19.081239259400405,19.57148742371516,19.594422520790452,20.09310357557061,20.598353457129903,20.629854488360838,21.629012183728282,21.18225098360826,21.70592533831899,22.236741055445446,22.284340982364025,22.825224833592504,22.39237366781814,22.45271283745661,22.517215087610737,21.168221968911034,21.709431312122906,21.32244353557294,21.40522418649887,21.956025360212607,22.51532940209601,23.083302545469753,22.7061823646749,22.807562387274995,23.386822735453883,23.496160118348044,24.088852128179983,25.181190615752843,26.299606869887064,26.426629955922873,26.558338785159318,26.69477386984814,27.343081027984386,25.98242468243876,26.132117680227662,25.793148526265547,25.951613198021665,27.11025584392903,27.786626434768685,26.456205861468764,24.69058212487139,25.348595352758,25.0518271058041,24.762062486072846,25.43313148304005,25.631579295364865,25.835382207541468,25.080035044705866,25.291050990248774,25.028566087275543,26.215966025380432,25.958146313699906,25.70661819747711,26.432796645418872,25.70303362797356,24.988456134687585,25.719460967119126,25.013860743816615,24.322453976278744,24.111560692172112,24.375927866776635,24.64731948814739,23.977914931677557,24.73231742697477,24.070192203580323,24.838788161898773,24.18370556384882,23.540537510958476,24.319401816854057,23.21322538806879,23.526137989787816,23.8480428770973,24.179315683759626,25.007674621499035,25.860794836905352,24.25381602146942,24.616506530608472,24.990464687755086,25.37621668234597,24.77132212795222,24.17610219957561,23.104736209132238,22.055822541756864,21.496211609896267,21.413539895884597,21.33662860004408,21.265611798061755,21.678701042020805,20.667316826899135,20.612977922093275,19.161670013989937,18.654646286842,18.610596989436008,18.57286777183673,18.54171335433285,17.59568135497363,17.117234718138267,18.02041723369963,18.015076218035023,17.080507309415097,15.712207505249504,14.384698646797716,13.945952505837582,13.088544131120585,13.08531312500574,12.663170913330877,12.670527841659158,11.834640565160587,10.609950361196146,9.817220609175568,10.629504889484368,10.237391509205567,9.849898228341335,8.669277358796984,9.088354043560061,8.314217792285397,8.75194668463094,7.978113042207702,7.616185927663026,6.8632185927659615,7.3092848938809265,6.95873426949958,5.432943956994401,5.0906309952467135,4.751224102809916,4.414529340278444,4.458920031353811,4.9373568683798945,4.6145107381198365,3.8730156773737834,3.5526103092097148,2.82200606936597,2.9231499529321385,2.616268698281677,2.828114415454737,2.6113416880294142,0.7376689463822116,-0,-0
163,-0,-0,0.7002114468462804,1.0336869699780196,1.868302399187958,2.1684081413222853,3.0512835996632632,3.983757626749732,3.0650573546373923,3.9088103680011743,3.6643415082518365,3.4792583373054953,4.267689022441022,5.095332516213027,5.39790424893036,5.183633905896659,6.009924602576334,6.319403185840458,7.17629307116859,8.060776040520674,8.372299324307455,9.281379205764987,9.005338263521319,9.913908375509353,10.845315380709552,9.979038140336183,10.309938635805185,10.643997437339847,11.558226464559622,12.493778278075082,13.449865584207151,13.792548507936349,14.139211456655234,12.715492199316762,11.450883823527779,11.80816941345005,11.656119850438778,12.532239369483275,13.429280223937434,13.801058482926397,14.17626180392187,14.554947592543083,14.937174200407439,14.25872912371121,15.172302494895476,15.033724454891681,14.90632051777516,14.789251606138944,14.681770908791716,15.584674690489958,15.988272227793182,15.383113328482848,15.789137283216768,14.735953084845665,15.140746369073836,15.074083399705533,15.484084673927114,16.38110682113157,15.371422576413073,15.78778066142092,16.20879194342522,16.63452826681452,17.065063803589165,17.50047508123856,17.458460749697966,18.386242951062687,18.83676470030509,18.799047127511322,18.284808888437123,18.26143896335552,18.242982162235872,18.701198874617177,19.648112841645283,20.121689587503536,19.62600905282143,20.103305484765116,20.101273760617488,20.58660319128464,21.078164711604032,21.084926951319922,22.080433746164314,21.598710838183706,22.107821820901997,22.62372491938341,22.646895331743906,23.172389205922745,22.706832488071374,22.743464091198163,22.784459400211627,21.390984474574772,21.916617798603863,21.501001102765336,21.56185055225624,22.096461592457917,22.639170210735315,23.190138382437482,22.78551683238325,22.864724812871366,23.426257563795552,23.513200823051225,24.08746814408442,25.16482293625822,26.267560647635115,26.370813906915153,26.478734334778697,26.591348648213728,27.218621911317282,25.82634327763194,25.952550084437576,26.083427320554513,26.21902834082028,27.36775363910347,28.027012778214004,26.654784971120897,24.84442142490068,25.48532773471534,25.161285357130723,24.844708207906958,25.49773086611481,25.673538312594733,25.85454294037717,25.069339289101,25.25767649149901,24.96945554069413,26.13931519213135,25.85547746752918,25.57822849825077,26.282740726971806,25.52556920756794,24.784492438739942,25.492758882705935,24.761317222886856,24.044908592033188,23.809847079377537,24.04998614634862,24.296761651848517,23.603738294190247,24.33219139876217,23.646859611103174,24.388302370539026,23.710356008184057,23.044997681659336,23.795013899755716,23.136364079793843,23.901767735733777,24.204251982319533,24.515761534729066,25.33008401063934,26.168401265916852,24.517594197500397,24.85938876416236,25.212001847197335,25.575933628818845,24.939634700238805,24.313625234183366,23.208284693397005,22.126707321426526,21.538723437062732,21.43092721740951,21.328779802992262,21.23238959667712,21.62178927712962,20.58133823132716,20.501361893116172,19.021910808505208,18.489377268528543,18.420183970861384,18.356986206410763,18.300000067093784,17.33001163945727,16.827209695276895,17.70046875624384,17.667786916348902,16.71078825129045,15.324647387993602,13.981707025174133,13.949853533430895,13.066182975021489,13.040267916781687,12.5941286828306,12.578151578178051,11.718494024006548,10.472045178312111,9.658782299757315,10.444730301557808,10.030226140064247,9.620559354145405,8.42519391581223,8.81525137884727,8.024519295950252,8.429953600215,7.64051928300008,7.257304260271891,6.878054412141487,7.304984072153355,6.931155729730633,5.38216036371267,5.019055791444151,4.659034038590355,4.301877925602825,4.3216481364823505,4.767113867554484,4.418797449225147,3.660123163416533,3.3140498196037886,2.5716076274458,3.061640751843162,2.7342869505051195,2.936790497131703,2.699482609299206,0.7733808674926536,-0,-0
164,-0,-0,0.6633297022839721,0.9807896867936472,1.7892548800073504,2.073183257289931,2.929137384332254,3.8343107322400236,3.464006280575291,4.333518037338036,4.013620462820566,3.7718683107741153,4.57351648889501,5.411118737366797,5.690709185946059,5.430083598174412,6.2593680283050785,6.548101783563636,7.404361239939124,8.286586793905945,8.574976554920362,9.479081402179391,9.163408207610079,10.06479623285324,10.987924603383979,10.072987590079997,10.382998913633035,10.696331504504839,11.598956830090946,12.522073164281327,13.464933780614912,13.78487463001289,14.108980275463104,13.223937880160857,11.876492784711397,12.215729397607742,12.028466158697245,12.903555310219057,13.798626123061437,14.15136963963632,14.507492085551723,14.867040233430155,15.230062542183166,14.507135232358113,15.41427597894465,15.245565418715243,15.08937384714275,14.944725564885047,14.810754352390065,15.704176143107587,16.08949867788639,15.451412601201465,15.839514732429118,14.750805962259351,15.138214080827755,15.049258697405527,15.441662777364167,16.324894340093312,15.286080118641413,15.684584412907773,16.56624663813535,16.976929812671084,17.392135990343522,17.811942005146076,17.744206345072154,18.665671345054417,19.099758957451705,19.03640874622912,18.488890406560337,18.44140390062217,18.39926852508614,18.840987017216,19.77780661481767,20.23401494739971,19.708401692125634,20.168190677835067,20.142935682576415,20.610342965793308,21.083654320140973,21.067270589546375,22.048428171328577,21.539329505482034,22.02926737876924,22.525648690745737,22.525711360183628,23.031173223783075,22.539937758280825,22.55392925562704,23.06723059726582,21.627236836553294,22.13699900968409,21.691716829327326,21.730027800436662,22.24822174779305,22.774122531470134,23.307887802253006,23.359453121395713,23.415225240471397,23.963813357769112,24.02730555927657,24.58805472128729,25.661222147376435,26.759112286189474,26.837795896330473,26.921260037073502,27.009515616449,27.621020795778687,26.179970892044793,26.282615011647906,26.389957528562324,26.502037801215973,27.640968299206175,28.282870376138636,26.867177782398382,25.010254157551977,25.633894946928425,25.281840176639832,24.93776326407693,25.57263896228318,25.725452061715647,25.883330640832632,25.067480182446108,25.232877823425053,24.918462248785357,26.071013634718202,25.760751975746405,25.457418598792266,26.14033074087651,25.355263319149987,24.587263499862082,25.272919972789442,24.51529746605226,23.7736073475584,23.514290543766453,24.204706173975467,24.42972613060435,23.706111808062204,24.416724920343547,23.70149790158451,24.42417332616629,23.716957266914566,23.023156387167415,23.753134897041033,23.06655983988777,23.810815887006097,24.089412848711707,24.376571166870182,25.167455923046386,25.981385794452713,24.30066611440307,24.61648993423625,24.942533871260274,25.279264855845224,24.615738991021257,23.963085408122264,22.832824357634202,21.72769546431299,21.115493080694414,20.981639612803928,20.85321495704807,21.205827530120075,21.57145848767066,20.50136189311617,20.39556955907687,18.887366829503325,18.329096452653772,18.234724683042895,18.146067336965544,18.063303620696313,17.069218895523974,16.542110786463283,17.385878498547378,17.326117311970766,16.346809551068198,14.942959117320282,13.584844820359082,13.527093895513252,12.626699296408818,12.574513776160593,12.107382216666258,12.064079081350025,11.190736231174778,9.940443256531866,9.117834432548026,9.857790239517637,9.424157644557186,9.394714097389578,8.184821797306961,8.546446557471862,7.739651084244255,8.113590030917232,7.309380278308538,6.905915582522422,6.506666126069033,6.894360871130785,6.498452725150333,4.96477870332074,4.948788072263793,4.56824755265359,4.1908802322094925,4.186526145705242,4.599794698658473,4.22693459288504,3.4523689279012695,3.0825092854210796,2.7134421019928046,3.204983254386939,2.856293900244395,3.0487991772015515,2.790123806489121,0.8102269627467641,-0,-0
165,-0,-0,0.6269875063101253,0.9287362447992242,1.7112677487357524,1.9793367302414102,2.808573854637775,3.686643780093596,3.9150405783566247,4.810018626423093,4.398978885053631,4.090936557235151,4.905660718992092,5.753112089107351,6.006199781727036,5.693884702941038,6.526129550875404,6.792044444440759,7.6476785298788075,8.52766882616358,8.791183582847651,9.690363345159925,9.332222979133139,10.226500513079342,11.141432616714479,10.17475002612586,10.463137051786278,10.755103491548434,11.646238544794581,12.557040653166466,13.486803212879218,13.783465420518073,14.084550234981482,13.163364393197972,11.780902972018481,12.100625411546474,11.891124174578572,12.749199783798922,13.626652970612321,13.959114490849231,14.294868337328387,14.633952073581012,14.976405536469967,14.232688381059013,15.119279869394749,14.9306930781518,14.755317950925173,14.592101852846197,14.440111475170054,15.310869010301625,15.67555977334786,15.022712271651596,15.390229773412837,14.29230646964425,14.659291830287104,14.554207001693866,14.92589333096913,15.78326600848937,14.738628584144752,15.116003096502661,15.97063699559726,16.359504058492927,16.75262979389514,17.15008773792117,17.066000692820868,17.958304009003722,18.36921917848092,18.289131614554236,17.73201619371813,17.668195787051214,17.6097851481544,18.027567790036596,18.932379979881272,19.85686575681497,19.311384406249648,19.749784596957962,19.70418872331818,20.149750447925182,20.60088850337303,20.564023236648122,21.520315178675613,20.992887115337844,21.459636574348444,21.932475091203177,21.911726246678,22.393084427824018,21.88450509202001,21.87783082903952,22.3663685094547,20.91884046084219,21.40365619920181,20.942946874453988,20.961018232685237,21.453461628177315,21.95318057828038,22.460324947450356,22.490719828151125,22.525232271829495,23.04612339595096,23.087926504901407,23.62016741369116,24.657562042585162,25.71895457178197,25.774322195322874,26.346027186594775,26.410120817218974,26.995262747347677,25.53696708173696,25.615641078680873,25.698882814526698,25.786718229893022,26.894330818449255,27.507604370953786,26.078123885163972,24.21377896296271,24.80845211467841,24.43664139183646,24.073089956406257,24.677744616398254,24.805310063546337,24.93765489970701,24.108341300740616,24.248043052694854,23.914336019891763,25.02687492460401,24.69677770577413,24.373749421235818,25.021719520004,24.22455614327515,23.445197409300857,24.094437880473148,23.325833630604887,22.573857289981895,22.295401348649385,22.9471915174669,23.142519897687603,22.87404271946313,23.55141715027288,22.81956745984749,23.5076600317214,22.784125058387406,22.07469385704486,23.241174927423433,22.53263704803314,23.247304545188086,23.981828708240197,24.244553602149942,25.012130612228486,25.80182514714216,24.090484374220313,24.380374724498342,24.67991631161324,24.989543794001317,24.801584130656373,24.11684485003064,22.951011434543236,21.8117761010706,21.17027152303943,21.48789489097617,21.334233642413636,21.6695891014192,22.01754007163486,20.907110602531695,20.776304930217027,19.693573121546656,19.1003918419321,18.98343691875778,18.872321916381892,18.767209189265028,17.728879464427983,17.169344369970467,18.012645485701743,17.931015378630306,16.909796775480057,15.455531287232002,14.048832722555368,13.971066744782904,13.033234740858344,12.961411979229128,12.466447376753795,12.403557208026575,11.495499000835643,10.2046053847531,9.350002633038333,10.084394005199846,9.625561534879798,9.57700703734255,8.331871005246734,8.679581196252537,8.238648626258827,8.613042979764838,7.768809446083431,7.339273480881515,6.914311128648829,7.302792447361405,6.881602232191988,5.284618711843952,5.257010676007359,4.852435009258149,4.451346625845787,4.435824943316754,4.8502414552338955,4.4541377424054325,3.6446378633426093,3.252204374995131,2.8608097901452423,3.353367480690242,2.9824459772519014,3.1642719555374064,2.8833646508767616,0.8482526031564611,-0,-0
166,-0,-0,0.5911880528528918,0.8775332282050173,1.6343483720550038,1.8868800706576523,2.689604393312952,3.5407673619824056,3.75331916144012,4.6209439996342905,4.205361669421406,3.892780668059146,4.67979411816183,5.499255402405279,5.735893599698362,5.418850069073152,6.222579936969017,6.4716923976740475,7.298379258711266,8.149179185260213,8.395401077010428,9.264969311890836,8.90144906396772,9.765739249179221,10.650445336325287,9.690431248110132,9.960676811256649,10.234350699227802,11.094511173477342,11.974090522307744,12.872381818719195,13.14997427951312,13.431824431516596,12.516759043569257,11.153323712594737,11.453550078417791,11.237331253111842,12.062604230456436,12.906980241921671,13.219176660237277,13.534478671954624,13.852920848054495,14.174539979391266,13.436422329880093,14.288516632078732,14.091980010494119,13.90857122778595,13.737236147190329,13.577039925035885,14.412112053134194,14.754532141291397,14.598236993340201,14.945417908519332,13.838634359337277,14.185482537762226,14.064615672846609,14.415893601574556,15.247665292962,14.197735016697962,14.554323986804722,15.382202487274702,15.749611685775397,16.12102396965036,16.496509545505294,16.396548285674946,17.25999022216944,17.648134716154264,17.551821500513807,16.985747163127012,16.906142950158877,16.832022874208985,17.226326718187018,18.099473288582992,18.991796082694016,18.43787344157813,18.851556884118207,18.789418200617856,19.20974526810931,19.635315563571815,19.58150080768617,20.50258471412503,19.96704835833732,20.407092925116117,20.85286259894664,20.81439826750276,21.268064642365566,20.751543433819734,20.726930944737255,21.18697216962221,19.75323373281024,20.20922055087302,19.741429834135307,19.741350836719505,20.204040340222868,20.67355903885762,21.15004758181666,21.161150663263214,21.176195080747075,21.665253820823377,21.687034002255793,22.18656857625609,23.178184334894624,24.193063600737595,24.226647545599263,24.763379467262343,24.805008141569456,25.35416118053085,23.91312740144966,23.968863031772845,24.028866423050687,24.09315182821907,25.148407536569618,25.722739002083998,24.311916166273665,22.482408779198344,23.03735303445601,22.655825248724213,22.28259246822183,22.845902988998926,22.947327632561862,23.053092893914297,22.22964180240978,22.342251190783603,21.99789920252197,23.04833711968218,23.175663378278742,22.83743278041014,23.444660655473704,22.644859400739108,22.323492460144838,22.93711258109421,22.15863091597359,21.397529809202517,21.10103757355278,21.715111003413924,21.88180358189605,21.59450074889883,22.23179630808729,21.491415215347853,22.13792118666092,21.406052940337425,20.688943404558408,21.799581387351704,21.083081997076036,21.752010772870438,22.439494128513733,22.667044922120226,23.385058800460374,24.123719984121305,22.910988836828068,23.166735770552258,23.431268525524185,23.70497655821173,23.490589309230373,22.790031435872635,21.620323537371316,20.4787290797084,19.823938961166803,20.103087688269966,19.92295580174035,20.21773921479054,20.52377699223216,19.413614226216836,19.254328807063207,18.173859066152726,17.568253257986594,17.42243604522753,17.28173708138739,17.146258705449625,16.562079315239174,15.9864116202387,16.77242610708707,16.659207291201888,15.635559628812024,14.634575140670428,13.229310000071502,13.123496324371592,12.597984185183304,12.927820400123272,12.407963993624568,12.321445513867634,11.388691377914052,10.478196070124321,9.590449806036835,10.319045839791897,9.834152321761142,9.765874460581836,8.484319328519662,8.817774055213539,8.352158689111839,8.71062937797678,7.83787077673829,7.384405779123343,6.935918672924191,7.305053073038284,6.859720948985483,5.237877825544124,5.188669535725594,4.762706309429462,4.340717520753962,4.300825337183614,4.683249864460672,4.262633910896291,3.4375256681604864,3.4286179370155416,3.013932646485552,3.506995973270977,3.1129098743282677,3.283348973240938,2.9793110173828095,0.8875060581462993,-0,-0
167,-0,-0,0.5559349213592474,0.8271878869755203,1.5585050558772924,1.7958260864964364,2.572241906316036,3.3966937657257676,3.5937419773266868,4.43420891566662,4.014586643601726,3.697972876733461,4.457485714408288,5.24916374673741,5.469719130514912,5.148478195446249,5.923907009494908,6.15659520719755,6.954550060682689,7.776374669813285,8.00569062108582,8.84586551532885,8.4775321639086,9.31205856094632,10.1667633870726,9.79620559679317,10.044354803755573,10.29630289131291,11.145277415404122,12.012858461932543,12.898378689561325,13.152461388716153,13.411145745896196,12.459194833674603,11.060297777271723,11.341265660799177,11.103042443716438,11.911689243957694,12.738844272961375,13.031127853193471,13.326460978734099,14.177185047848253,14.478583716659486,13.692723556398066,14.538805260006653,14.310523134680555,14.096996876718938,13.897002021988209,13.709456155999785,14.53554187933698,14.859597849339698,14.676897321893621,15.005850851203062,13.861349825318634,14.190747534645899,14.047074656858209,14.380824230720796,15.199358831726787,14.119293619419533,14.458287047583623,15.271479396449548,15.62054475296357,15.97338019782247,16.330053548446553,16.20896199540495,17.05519322988108,17.423803352663693,17.306370235106222,16.718824622908357,16.619259804499013,16.525502268302578,16.90009313561507,17.752816392409326,18.62416970388564,18.5310409517716,18.9271632700998,18.84121802567381,19.243678111395525,19.651094957308686,19.573787589987223,20.48118528149237,19.917622540133234,20.338789820728202,20.765372241837714,20.703820754528948,21.137882748454103,20.5955592319287,20.54858408719498,21.47753283866802,19.994733844389835,20.43488805704317,19.93646506121868,19.91351724459288,20.831485521319408,21.288686888820227,21.75253148232327,21.738824406845357,21.72934261604065,22.20520483961477,22.202596200386278,22.68845739050775,23.67646427458234,24.68710199003575,25.205080294183162,26.251312766768525,26.265451682248646,26.80823640635666,25.27968954187004,25.309870387208793,25.344635578350864,25.38398134930274,26.45152273674114,27.019058270860036,25.529546333492945,23.60831477938452,24.15731628893783,23.737207080008815,23.326331622821172,23.883410368115694,23.963107920057343,24.04726871576705,23.173615977908398,23.265411467328924,22.88671691462027,23.943520014346124,24.04994510313572,23.677977371145957,24.27725721792238,23.432075425547435,23.07856693763165,23.683774984407876,23.337260217732375,22.52615139969996,22.19654183175629,22.808617558377023,22.957789391301617,22.638162692609786,23.27276201495775,22.486272642873207,23.12972033981005,22.353026881821137,21.59229885609945,22.712636224007436,21.953285285221668,23.098093114662426,23.789341538105933,24.00284509782355,24.724128662469326,25.46573958415851,24.18790728174447,24.429825731022742,24.680509813855394,24.94033906174618,24.69608343143077,23.950452004218448,22.721436194253986,21.522194727996993,20.825815111039354,21.09272459125234,20.8861548900465,21.16863755034523,21.462233344452418,20.299221260956852,20.11459398531067,18.98343691875778,18.3409515798991,18.171159880659104,18.00667279493276,18.317968833723377,17.693972202329846,17.079188078916545,17.878236700337098,17.743688643635245,16.66526727563398,15.610590272623734,14.13635387547609,14.01138393826565,13.450970300628484,13.7781726713234,13.224184495600973,13.119648126742236,12.138270126806765,11.18004719990779,10.245448168368515,10.987427794501832,10.471319581854758,10.38693704797882,9.046022449253625,9.37842036221213,8.883265475965862,9.240824567722067,8.32511532697084,7.84323310836938,7.36673379500493,7.7353815178540515,7.2625371680449256,5.57379341280614,5.511312745674958,5.059235528582666,4.611489591873132,4.558860680295215,4.941301358150849,4.495496852113214,3.6331618988714145,3.612026533975965,3.1730474508185162,3.666084930470806,3.2478634698825983,3.4061797819133885,3.0780758594622064,0.9280387514420306,-0,-0
168,-0,-0,0.5212320929146469,0.7777081650340879,1.4837470959254822,1.70618895370958,2.456500912964746,3.2544370793594775,3.4363286877415344,4.249832246300499,3.8266851092333702,3.506556664563198,4.238779006828938,5.0028801020850295,5.207725650481791,4.882831725872165,5.630172910098282,5.846821571989272,6.6162587239368555,7.409321838383467,7.622125371609786,8.433123600479428,8.060558804236907,8.865543411516667,9.690469941620533,9.315375933032184,9.546158068841972,9.780595657401856,10.599022656166214,11.435813570665642,12.290300916793088,12.526123054088963,12.766389770891882,11.822121432701367,10.444200839928234,10.706521160377067,10.462812895327211,11.239146560732372,12.033719613009925,12.30661876505913,12.582389439144823,13.399795961498254,13.681213731325576,12.9025631028788,13.714645478879946,13.479672110052414,13.259383927894502,13.052555204737985,12.858102234210222,13.64904061621929,13.951758916138852,13.76170105043316,14.068949180594537,12.945551353382216,13.252984689464046,13.101619685977202,13.413014466837451,14.194341998657627,13.13549504030507,13.451555045608048,14.226724841651974,14.552302532096022,14.881398791330389,15.214077031167244,15.083839331950221,15.890440530275535,16.234260196323294,16.10707432613061,15.525076144308949,15.415603453187712,15.311812695052145,15.660545507636467,16.471364315844085,17.30038467200075,17.19621472407265,17.565179541542502,17.938614365549064,18.31660475576921,18.699238651151767,18.605949119694944,19.478801089752142,18.908329942987848,19.30366877168342,19.704079123031292,19.625932185200753,20.033245393397483,19.484386382491326,19.420701539698783,20.311529807726487,18.844207957577655,19.256486962131046,18.75239732807538,18.712536951691526,19.590138332540757,20.01806786925417,20.452207572914283,20.892690951864957,20.863124856621774,21.312461723993362,21.289452254985385,21.748062092541186,22.701498495960315,23.676876864743956,24.165906928834417,25.175539019652035,25.166919448059442,25.679271115911813,24.151097675039324,24.15859630416286,24.170522649533222,24.18686010132243,25.213566339156436,25.748318091626697,24.761387169209733,22.83285983155334,23.353943989124627,22.914956354261363,22.485606895755826,23.013688737929456,23.06936291050844,23.12928943463892,22.715882821478488,22.783963023700426,22.38292265555598,23.412430149468246,23.494348534879837,23.09988635471798,23.672008049316045,22.80719439187871,22.90562472659053,23.48892966013014,23.116757996129017,22.279296926822916,21.925146001118772,22.513946726817114,22.63883313800967,22.29466856387381,22.904392406007474,22.093901130543795,22.711494745465817,21.9115801282009,21.128612652320985,22.219945063623626,21.438617875728163,22.552507777917018,23.21406855586126,23.399683220489074,24.0895122529402,24.798623597561672,24.00018227134066,24.215860434788866,24.43982312555445,24.67241989075909,24.399968629265516,23.62620531029424,22.370369653445504,21.14603076090952,20.424784955409805,20.663972481928326,20.431057200049505,20.68465603865741,20.94856806880924,19.764561914072328,19.55314322462314,18.4033197321447,17.739147704051295,17.543186585392437,17.816127643438577,18.101283489254005,17.4508688291066,16.810322368001412,17.580596484144923,17.41852530878701,16.316344640431986,15.23959750386901,13.748384061822856,13.597620288784517,13.01539988280907,13.311450669819871,12.735683833027958,12.603803782974078,11.608031252486386,10.637537594737918,10.098104830314831,10.81436729772555,10.274570018483567,10.164864390357202,8.806672352001602,9.110504463819666,8.593297606133456,8.919008447168828,8.405427305283238,7.897878085176883,7.396210743232588,7.74475894778957,7.246307371384029,5.530299398943953,5.4453975667500885,4.97092680222006,4.501462691195691,4.4241228864560505,4.774706467175699,4.304309274181669,3.426542171950622,3.8027257978748272,3.338407198393154,3.8308654685111376,3.3874968548663094,3.5329241999778755,3.1797798488462234,0.9699055455466827,-0,-0
169,-0,-0,0.48708396753468447,0.7291027301718811,1.4100848327658084,1.6179842926142862,2.342397644691593,3.1140133059135464,3.28110135700622,4.067835450273075,3.641691792029099,3.3185797116989173,4.0237220004107925,4.760452206878696,4.949967769520462,4.621979540569494,5.341446302398763,5.542447325907828,6.283580424492961,7.0480948588414,7.244786734935547,8.026823666404832,7.650625073631181,8.426288544849738,9.221658150925748,8.842640229584958,9.05647794544765,9.273831594338176,10.061943522965894,10.868178220636173,11.691868363141678,11.909869207876419,12.13216163490019,11.196430789235299,9.840554761270827,10.084689110163666,9.836168671453443,10.580452395256634,11.342708456123937,11.596700994755473,11.853391551009722,12.637754388227258,12.899681663914828,12.129166763033808,12.907535220305206,12.666594644944002,12.939426362017326,12.71504196829454,12.503720210353023,13.272907737056329,13.556094007197961,13.842175331603842,14.131197816009932,12.969333026488414,13.735124282688986,13.552559303261274,13.848677376272125,14.629157914915796,13.513032961629866,13.814199260899588,14.586793351839605,14.896685671462912,15.209911897369823,15.526533019666836,15.369100524482386,16.17021078689578,16.497396438176825,16.343503092153046,15.726559587178025,15.592409601295701,15.464568316298708,15.797179653362921,16.598919755634974,17.418272732227535,17.28973253479505,18.123025126353326,18.48172814456629,18.844759330023624,19.212204140109183,19.090653263440434,19.96068799120128,19.350118950184207,19.729917309242904,20.114532413762518,20.009447659099596,20.400723754059825,19.815516964823125,19.72632241615178,20.610272832566682,19.091634110379243,19.962706958901467,19.417808877505532,19.352087843009215,20.230675969609347,20.64573192357395,21.066703058480662,21.49371965031448,21.438061874217414,21.87356548623515,21.824742760372075,22.26912432556792,23.219213927077764,24.190629272947984,24.66399298028173,25.66847886280669,25.632666665501688,26.1283341824542,24.54398684305652,24.525767525690643,24.512170367699827,24.503160689929196,25.52111024502753,26.038221608056404,25.01001206417674,23.028472402328628,23.53224759723154,23.063073617438125,22.604310933012247,23.1145027669158,23.146560534132053,23.182874671742645,22.741269188297228,22.785986433763803,22.357634296173085,23.371315122981645,23.429422720525665,23.00789285359205,23.559194189229153,22.665117979127338,22.73985498927744,23.30130885738386,22.90314486506026,22.03886429996029,21.659948259666333,22.22561740060898,22.326220872771938,21.957402228231178,22.542458015527828,21.707791370212412,22.299785602246242,21.476577068333988,20.671369552055708,21.73412434774273,20.930905985669938,22.014344116879716,22.646623325254108,22.804700925243893,23.463536942785122,24.14063933483632,23.319575784791798,23.505608758040527,23.699320355553333,23.901024830427716,23.60184518642401,22.80663990647479,21.536013201241744,20.298699568909626,19.559385992541735,19.766716309230517,19.508683811979804,19.72898549787648,19.95862819055382,18.76588454567806,18.528612760061513,17.37260817846397,16.693554567777728,16.47233586928235,16.708104670776493,17.41926623959079,16.748058742556363,16.087437804124402,17.28832651168246,17.098861575672444,15.972879529223306,14.874135284509991,13.802773422118719,13.627797036186893,13.018559986703345,13.29272633904561,12.690363367417872,12.53387836960623,11.511552941057317,10.516359607229584,9.953666354634137,10.644521054740416,10.08105046384632,9.946239846918942,8.570825396341537,9.26568722957506,8.721478704348812,9.030306667341112,8.48984711662456,7.955979154837417,7.428565496001861,7.756863453490383,7.232373784941218,5.488341632890516,5.380974434999176,4.884070360442388,4.393018171924373,4.291369190806109,4.610775841874961,4.5434525197161,3.625966755410321,4.001032263926567,3.5102826509642022,4.001585030342858,3.5320134787303696,3.6637532682023326,3.284552089134119,1.0131650587374494,-0,-0
170,-0,0.19378286425783706,0.9490596363689799,1.1429017414503102,1.909726807825001,2.0632411323175885,2.8377337829545857,3.648851456406106,3.7576373452637526,4.569751087020468,4.678424116669533,4.188988728258192,4.947467151876434,5.7315776603262245,5.871471874423342,5.425945144711679,6.179884845535643,6.3451692359354865,7.114235905478568,7.903801455028808,8.06250888769912,8.864773207492602,8.40025202763255,9.19224353666101,10.002064591698312,9.544962729596465,9.72935693852366,10.528568900735165,11.344618239030213,12.176881894643175,13.024808744222375,13.203851213078952,13.389145128723545,12.316111638610902,10.801427533433955,11.023550379594772,10.716915023904454,11.476614026577444,12.253069671779114,12.485209325570395,12.720409106810251,13.515803221017167,13.755615117567038,12.904722184320233,13.691464023978844,13.403583736482053,13.657327962425104,13.389881663518658,13.137964928572085,13.911648618504605,14.701503099269404,14.969969197667249,15.241462085308006,13.972442449296064,14.751627971780142,14.52562884677099,14.806655678468843,15.598224963667498,14.391238433143435,14.678364091501908,15.460032067845777,15.755080957065744,16.05336027914031,16.35492653449467,16.161291912569993,16.968153002700518,17.27993349191496,17.09096274041439,16.42185266748114,16.255754750539666,16.096971931449072,16.415587596882418,17.219083284643144,18.039554671852763,17.880166844481472,18.713440287604463,19.056426752878675,19.40354807731939,19.754886183007613,19.603302710220518,20.47055138733351,19.817406360783473,20.180913358568127,20.549009398809517,20.41555703486148,20.7901432348603,20.166624889318108,20.05072482322042,20.927874598234183,19.355105895079877,20.21848309222303,19.63995063840067,19.549663723887406,20.419064400754603,20.81679162776935,21.22012649106251,21.62919433666939,21.548588375523508,21.965727001272402,21.892132279946463,22.317699582920742,23.25427192196763,24.211541121461043,24.664608847523407,25.653735510362115,25.591598477960307,26.065862639121658,24.442507068250617,24.3991710920319,24.360583364873506,24.326691642294236,25.325537892662144,25.820008686983588,24.76153228320126,22.748366604081436,23.229655968692494,22.735577975840155,22.252584731872382,22.73955712013729,22.747830242356653,22.760300241132278,22.295384705800362,22.31637179051827,21.865440318472608,22.852471373130683,22.886213051297275,22.442151046669178,22.966786428950407,22.052991805167867,22.103209586375293,22.636770504347982,22.216799829427213,21.334960490836984,21.401026258909205,21.943691370704926,22.019990149820856,22.10104152535044,22.668374996854357,21.800204961529516,22.373805219029748,21.518295342332703,20.682027864679327,21.729240363981916,20.895596224250156,21.96192932505868,22.57302236614808,22.70637109249606,23.342670273154976,23.996421428138532,23.14507486173982,23.3049753496327,23.4721399401253,23.646854674731426,23.31949589932857,22.496009533945738,21.198332422130946,19.93590585390591,19.172086935290505,19.352502815398676,19.06887488609809,19.261280075125384,19.462317342463095,18.717954057477534,18.454179601467885,17.268093506719424,16.562079315239178,16.315657412735817,16.526798711591216,17.212901438986368,16.515339314688955,15.829183414984874,17.001382770612494,17.263065205734165,16.10075547411779,14.96738528337391,13.863126298117894,13.663478493604261,13.026609138709183,13.278732636035079,13.093850911447618,12.91414528706208,11.851254507631813,10.816998351753934,10.224529704402258,10.908738431910065,10.315651968364863,10.158652504605659,8.741987207545181,9.427223791962955,8.855141366784226,9.146717044791721,8.578611497213302,8.450219669447918,7.891014340234966,8.216751177668904,7.661090601633515,5.844264248156252,5.720926777666503,5.1945206989751425,4.6744002681441135,4.5574670355519835,4.8750533588691445,4.792616900530595,3.8339560877286214,4.20728542308649,3.688964072098727,4.178508962508596,3.6816314315017564,3.798850318594237,3.392530913723146,1.0578800191623845,-0,-0
171,-0,0.7423956244975112,1.6962690874165716,1.7167095155072027,2.5694362264070545,2.6169403659682313,3.441144465690003,4.29138098876852,5.162538754458802,6.051224014466896,6.008166476447794,5.263559670027134,6.074720019847389,6.905596694995931,6.967418236389692,6.364426928383359,7.152419786816341,7.267164614684283,8.063823747742434,8.878131861123979,8.986516385445606,9.808762462737407,9.23669238703312,10.0448191985112,10.868921318231719,10.31930788894845,10.468250902071539,11.277298740365488,12.101765870409235,12.94111427866897,13.794869217213545,13.935662901745367,14.084641489471966,12.909122507599415,11.282607755237835,11.481316867677203,11.129578337622341,11.888896991020392,12.664084811034673,12.873272444009569,13.08586330126036,13.87766650570574,14.094471148636417,13.187957661456998,13.969139533962805,13.645350987389902,13.878534107272303,13.578184429359773,13.295254073091574,14.06044219499718,14.841165423264417,15.089337761400092,15.340544531010245,14.025553275737114,14.793538347353813,15.053291718507445,15.316001729073365,16.10667736055065,14.831612469511773,15.101389402097588,15.880474375472446,16.15750232464007,16.437676917907314,16.721047750417068,16.496156270045997,17.297584575528965,17.59085787335567,17.371578293652597,16.662560546407985,16.468802159679125,16.283201771947567,16.58445236221044,17.379007306530237,18.18996269318452,18.003758571539674,18.82648713145742,19.665751073607492,19.995898420421014,20.33010310340467,20.14651034183936,21.011003623876036,20.312524812297543,20.658902683083635,21.009672045793934,20.846264426951493,21.203432674478538,20.539430703116977,20.39550182218513,21.265926785756793,19.635934174774015,20.491701769016284,19.87791336135747,19.7620880883274,20.622404868972694,21.002398519238316,21.387711611900706,21.778464296800525,21.67209678981387,22.070552908634564,21.971455219984644,22.377937321986384,23.301149676352725,24.24443823323444,24.676971428950598,25.65092050608708,25.561852885074654,26.014527968593768,24.35059668977114,24.80124349562483,24.735355188552752,24.674434205859917,25.664791678962978,26.140966727083715,25.037938114991228,22.96724655764178,23.430800408888146,22.904724145888185,22.390652550581677,22.859455580022903,22.84324623349504,22.83130666954798,22.336908835839157,22.333893574826018,21.85458077561126,22.82625436381735,22.835716051757814,22.363737539532373,22.867651763106092,21.923518563607896,21.949861304852504,22.461804361292096,22.015425917716893,21.106158547445816,21.148475159698084,21.668247133947467,21.72019355024631,21.776707015639065,22.319550705947027,21.426290913037594,21.974564588967798,21.095068506058244,20.236029788338332,21.25537732311019,20.399493681469732,21.436155156078893,22.0185309402033,22.124707102908822,22.73067965909126,23.353140560867462,22.47929177028989,22.610191710865628,22.747824682193578,22.892443769494342,23.044320382905394,22.192201012855982,20.867042441928863,19.579188872271722,19.259061597666975,19.41655858857149,19.10566249487866,19.27459057690295,19.451684759295063,18.676975912823583,18.386287507273707,17.169344369970464,16.891456511797053,16.618539197363717,16.81032236800144,17.483382192931007,16.75241332160523,16.033743046820188,17.19693781431367,17.43699846549137,16.23711717038583,15.067975104018984,14.380960616258879,14.15658980596506,13.484897909758008,13.72282086030065,13.513593230663778,13.309618778440822,12.204508346459342,11.1296118977091,10.506157336145845,11.183418038788279,11.000509323484465,10.82308982754692,9.339271548117607,10.036034762640954,9.429043803094418,9.716765631346272,9.114492744468274,8.967441665081152,8.374947383665209,8.69732712639285,8.109047661025745,6.217042889055277,6.0766800939726195,5.5194226649864815,4.968911324711974,4.835699074993274,5.1507822854661915,5.0522642442259365,4.050903168607252,4.421850026190485,3.8747631741641917,4.361922284885254,3.836584881999921,3.9384121732542474,3.503864780345042,1.1041176613860557,-0,-0
172,-0,0.714310559411023,1.6424935755933328,1.648758439955253,2.4758498108089,2.5095517753519188,3.307830065809598,4.131881599254647,4.976629505690309,5.838698595764079,5.78159492746496,5.035665175271368,5.819873262718154,6.623580788922891,6.671021059939957,6.066591839112878,6.826992807243228,6.927079873580369,7.695776031762404,8.481905755746055,8.575215445987062,9.36890893178706,8.79490470929989,9.574145538979444,10.369143561348592,9.817333061015018,9.95043843563118,10.72985227652765,11.524460406897976,12.333724336068649,13.157168385832867,13.281251466391634,13.413377335906807,12.248763057522916,10.647318340787194,10.829000574872023,10.474256008436454,11.20207305956416,11.945505683458942,12.13699336825886,12.331723111834398,13.09107934448817,13.289635968357043,12.393792447782007,13.141889015129864,12.814060680004243,13.0284164907131,12.72386307530884,12.436683584857835,13.167672188678225,13.913904245795068,14.142316714514541,14.906064099306596,13.579933563479266,14.324657629084873,14.564360173175867,14.806892983809664,15.573078863465327,14.291180441861826,14.540830225086943,15.294355441535021,15.550702989862316,15.810027671410987,16.072373511663184,15.832394672823877,16.606313004078828,16.87800295573774,16.643652470535603,16.419118608145126,16.203847257291212,15.997329062849033,16.27878840823042,17.053875247152146,17.84484852526961,17.63752025815297,18.439345602560717,19.257190672741427,19.565548415088855,19.877745858068323,19.6727415874552,20.513954906801455,19.79552058725256,20.11941082418855,20.44743761406377,20.263302609764835,20.597411518058,19.915912445103007,19.752105216909012,20.59568879094879,19.443019555633274,20.281193093258615,19.641579721833516,19.503043092554748,20.344332348886418,20.703006084643295,21.06669063033046,21.435499618144245,21.305962815575324,21.682036112179205,21.55988089435374,21.943503705344423,22.843427999709046,23.762797474461834,24.170977497354894,25.119785584333126,25.006013856874308,25.43317865539088,23.748717237670864,24.173825726141576,24.084021253451706,23.999251571695883,24.960588657695524,25.40964463416686,24.28817256242274,22.208364173719225,22.64484844187578,22.10002432739273,21.56782190090022,22.008728910135062,21.969390696368237,21.93422561868688,21.42245398978307,21.396251506743937,21.374082432317728,22.31972605413145,22.304868303367815,21.81020328470888,22.28788776687573,21.32382909379508,21.32598611730371,21.810611853701438,21.34270370596535,20.41613385593221,20.434127477540848,20.925039087535946,20.951916634538456,20.983104530955476,21.495248559912383,20.58667144552211,21.103252522463436,20.209440474418162,19.796282298799486,20.78816482011337,20.377434528067454,21.397536585596526,21.958858612312493,22.040046433783093,22.623704272375285,23.22308030030626,22.318075608955667,22.42284968564645,22.534011763902015,23.16085585767808,23.288388299407643,22.398865120909015,21.52700329800099,20.18533116721029,19.83463741834748,19.97232998674119,19.631345385240103,19.780316745265925,19.93721907646052,19.123661933391798,18.803940650793425,17.541548900288085,17.235887900949802,16.935458597232422,17.107252006926615,17.76700166818429,17.001382770612487,16.24902563327138,17.403328859556552,17.62128172869044,16.38249218306863,15.176346154859656,14.458480279726743,14.20797785381108,13.506756822021059,13.721879641434919,13.486382091919591,13.25601381119807,12.121325022685905,11.019002119721348,10.37045055951674,11.022390780111099,10.81342795391468,10.609561634596554,9.531559929407381,10.217990876851088,9.580684735746878,9.849940688586647,9.67573206572368,9.508783323812175,8.8814219602867,9.199608636976276,8.577185439708051,6.607491120307878,6.448994685950213,5.859468328692608,5.277177385979633,5.126642449934434,5.43850700399964,5.322891992949988,4.277230914779803,4.645118678337184,4.068015309281733,4.552131682560167,3.997125695726059,4.082650492674777,3.618713276609744,1.1519501716546845,-0,-0
173,-0,0.6863896405424726,1.5890332875668258,2.4964812298114794,3.4087850714475327,3.21121503406308,4.058692093448618,4.921449444552057,5.796972607843731,6.683605135741032,6.4784410106837,5.5439288254614585,6.340804345230371,7.154157539605179,7.1388814618976,6.433682869588013,7.197264218697924,7.25748686271745,8.025997775183388,8.810432103979583,8.865248585351583,9.654716034452578,9.017270728504991,9.790224430139926,10.577913727294462,9.972641343122492,10.077771116464788,10.84742199752892,11.63145686279775,12.429378833357832,13.240749368056687,13.335400470376262,13.439274476885409,12.224766681922981,10.57641589150619,10.737397784288948,10.357664846782702,11.0697583787851,11.796904745082648,11.96782165635988,12.142133855338045,12.883717502689814,13.061527505101212,12.142610608062212,12.871650182580618,12.523728808621552,12.718519025883715,12.395477380942799,12.090832869727418,12.800771424075023,13.525496559415354,13.73416183144576,14.475553373347507,13.138538451258771,13.86022062326158,14.080133187911605,14.302763754749664,15.044692567259197,14.250822552755583,14.48130540457971,15.220972440363616,15.457591595303263,15.69710281809655,15.939542160148225,15.67565971951904,16.433358832152464,16.684817620090406,16.427230842013802,16.18023162896669,15.943205554043837,15.715588621410195,15.977286740180517,16.733108117844353,17.50430797760137,17.275770233802575,18.056912269579055,18.853564649322138,19.140231416013215,19.430536892025934,19.204150409441834,20.02233374762785,19.28395000613585,19.58554922934774,19.891044843705775,19.68636800456178,19.997665660189742,19.298903507786438,19.115511308542654,19.932553534153854,18.768041075957623,19.578806901433012,18.92445183177506,19.24981153959859,20.072288507454076,20.40963952496429,20.75170923995699,21.09860465533616,20.945755931482864,21.299517470140103,21.15422800777061,21.515102227488295,22.392013340314858,23.28774790060537,23.671718202625915,24.595687934244413,24.457245021070456,24.859091776429107,23.153894603212414,23.553714858187416,23.44018641913706,23.331794304330774,24.264477017118946,24.686734722699253,23.54703735198172,21.458425219901684,21.86824869984217,21.305136378306237,20.755317517347137,21.16880446636903,21.106878101043804,21.049058593674808,20.52058424239597,20.471834976747555,20.427007781553787,21.3361933856036,21.29784282634389,20.786886801779275,21.233392590472302,20.261271559606485,20.70969914020594,21.16737387451431,21.153587274367982,20.198829566166662,20.193085462192705,20.661467716504557,20.664114823716492,20.670952213432642,21.15910251530952,20.22529814136577,20.717153221967866,19.799460038419777,19.362701544701185,20.327509733264286,19.892907508856617,20.88408423007166,21.417188423213407,21.96412633038579,22.525449157440526,23.10174052274411,22.164817491518573,22.2432739109846,22.327808483863194,22.92934609461452,23.029236386441294,22.10972098325221,21.20909379658602,19.840037626368805,19.462811786928796,20.06051724232413,19.690506923921117,19.814990346354804,19.94699989529143,19.10099435359455,18.752987106999225,17.931015378630306,17.596439273708427,17.267403750838042,17.41852530878701,18.064672034929536,17.263065205734158,16.47575923314036,17.62128172869044,17.81659642401666,16.537460219777465,15.292983827661807,14.543321247337389,14.266077687999438,13.534524158077913,13.726592394901015,13.464380559265571,13.207233663475606,12.042242191977742,10.91190081082473,10.237953144835318,10.864818377558358,10.629804931822632,10.399582608118713,9.29906965142687,9.954084511939339,9.292556399551568,9.529865893577682,9.326438692472733,9.129314159402053,8.47783023911394,9.234471286425473,8.581481723894269,6.576428645931672,6.3924296811954955,5.776687028089607,5.169298401696515,4.992054785467849,5.738815170560287,5.6050369962357385,4.513395336030308,4.877514769184585,4.269081942382797,4.749467754388463,4.16352526019328,4.231793296462464,3.737248253524762,1.2014551892589957,-0,-0
174,-0,0.6586309602883276,1.53588454923059,2.417793122317286,3.3044065172165875,3.0936777054670714,3.915340428005818,4.752082492597483,5.601403172633628,6.461653181912611,6.2431853663971895,5.308587644284697,6.0787817440305645,6.865250176636911,6.836368796969793,6.130995952470392,6.8672975268167455,6.913662352034755,7.654538597161775,8.41112987239764,8.451694288079477,9.212957860319568,8.574898655126404,9.31932842623254,10.078281281554366,9.472157811333838,9.562318689007423,10.302722336300238,11.057290246345806,11.825525153777098,12.606987687772769,12.68583004281453,12.77376136408309,11.572075031316816,9.951237005222143,10.096138198275822,9.71486445890378,10.395910106893659,11.09175994100913,11.245956521940002,11.403396426532733,12.113010550916098,12.273577560413337,11.367398121424694,12.063852077827324,11.713460054359391,11.890472285253551,11.56482579976726,11.257548429611573,11.933826773689155,12.62460625821081,12.814613095796913,13.521521771949155,12.212589649196389,12.8993656434737,13.099926560957512,13.303008041457915,14.009195001125553,13.227446729414787,13.437836283788728,14.140977173287402,14.35700776461149,14.575711521372,14.797120629120151,14.528486458064764,15.248192609216533,15.477928743132667,15.215104566842639,14.962801311245801,14.720403220959662,14.487344935818864,14.72638861976923,15.442104572059177,16.172806341558452,15.937983976282855,16.677923406944185,17.432961325674675,17.695097748120517,17.960580150345073,17.7267724000872,18.50182952859808,17.773482278633466,18.049201571243948,18.32849612997572,18.115489816058044,18.89809816520385,18.688289074092513,18.48560552402396,19.27640101758725,18.100441615211334,18.884107501244422,18.21546499470536,18.517585461135678,19.3115347369722,19.62483342909784,19.942530996762,20.264726906507057,20.092587249588423,20.421158897730827,20.256566914088527,20.5917229841408,21.435937575476785,22.29834618996538,22.655093731456553,23.54451501422409,23.384974315838473,24.29218681750571,22.566015416660377,22.94078726453351,22.803714799719586,22.671916190328993,23.57630299610943,23.972074670637046,22.81436420286104,21.203714485419482,21.591391093027436,21.00239243487269,20.427626064692266,20.8185180185962,20.732962152545923,20.65158568006475,20.099797294622128,20.027907321194093,19.959961303809823,20.84387480728152,20.78177541925917,20.248698533284564,20.669748523087538,19.678417564058392,20.100844972087547,20.53192594987444,20.494022546260293,19.52213874179264,19.49263725425683,19.93288943569837,19.91114991981734,19.89341281898328,20.351737447352686,19.403428734933716,19.864578406965695,18.933634774681753,18.47830426098077,19.404237545192366,18.950661102873,19.900880063478727,20.399230878773434,20.91044737416227,21.43504192420541,21.973556838003116,21.02375811743086,21.07208395120715,21.125933042460712,21.68637047018866,21.753993037350817,20.82276638106275,20.4018479526279,19.0201227520439,18.619567413388904,19.18048551922318,18.786608405812856,18.879732487086716,18.979632699376033,18.117733017517676,17.745865968419988,16.909796775480057,16.552003761314865,16.19977851286704,16.316344640431986,16.91509483529912,16.1007554741178,15.301927720822007,16.38249218306862,16.53746021977748,15.260672479294955,14.021508071796834,13.263481774026285,12.961631895436886,12.223531372869223,12.371783727207145,12.083697874332811,11.800126300577855,10.65256277130682,9.54385468300244,8.870923899100084,9.422018867446619,9.160325642145223,9.323542121744111,8.236555937400519,8.820641344399053,8.152345789172637,8.334609586304746,8.098157935520085,7.86627813422662,7.639175109947292,8.321187342053985,7.650713618193261,5.7041619331280495,5.485991168644174,4.863884746687158,5.063126563598107,5.295680547963665,6.052342470032203,5.899279813543417,4.759889133661982,5.119495793391467,4.478353451611265,4.954287559199368,4.336076550595834,4.386086683691543,3.8596551070628444,1.2527163727100785,-0,-0
175,-0,0.6310326441065894,1.4830437503425402,2.339562265347146,3.2006362910884913,2.9771263783646402,3.7731374525582577,4.584026703544443,5.407307892534158,6.2413393469607135,6.00997980784222,5.075956573565845,5.819647367101733,6.579409138225776,6.537352371001579,5.832489249388878,6.541700167745678,6.574650319742201,7.28808429935211,8.017025313230725,8.043791532091777,8.777047888543056,8.139098617443558,8.855207196682699,9.585627357653456,8.979392656153351,9.055062895691165,9.766432013907894,10.49174698510024,11.23051040425477,11.982282286629617,12.045810553635198,12.118298277728211,10.930494021683804,9.33852053434986,9.467861420306573,9.600433675439147,10.266098137068832,10.94601238018583,11.079911780453628,11.217259282661177,11.909475394446696,12.049676054430504,11.121009883165243,11.798804815748195,11.951778009800961,12.107647090561969,11.747703511416805,11.408432235148949,12.076850535907639,12.759154877060405,12.928870719345158,13.626169690792505,12.268181230009255,12.944423867867936,13.125544696475696,13.30920391487226,14.003302697469197,13.188361063534007,13.379756422137314,14.069421997392272,14.265944610371102,14.46509221157423,14.666887692377873,14.374607056130301,15.07852457828949,15.796457216841903,15.501080413889627,15.217570302248998,14.945208843389052,14.68333854071241,14.904440438004892,15.611858486792661,16.333711335641237,16.070544708334396,16.800649951888353,17.54531075105718,17.787706209091645,18.033330217584613,17.771743574161647,18.534481833967607,17.771929947537522,18.027904342713256,18.287288375025508,18.048566998771612,18.816546829164505,18.58125482293475,18.353707501205147,19.12846955889958,17.920516830791698,18.687279276043604,17.99215732361529,18.273886335482793,19.04949901372457,19.34165413762725,19.637948723971498,19.93847541639373,19.743060516356138,20.049645790641993,19.86208629968008,20.174897785488763,20.996694844682146,21.83608284264575,22.16909035779283,23.034324786639637,22.850497939212545,23.732391011335984,21.98497089783144,22.334923623825862,22.690454535465356,22.532290029186132,23.418828792079406,23.79197413962811,22.600588678723774,21.45131897623991,21.820707443341888,21.19671682366326,20.588206645418435,20.960698702419265,20.84944660142363,20.74259851050587,20.15950925509276,20.062903295922926,19.97040612375185,20.83998237300159,20.75291020954151,20.190577560373868,20.591285763961697,19.567985419008963,20.446138022191516,20.861159394089327,20.798035206097108,19.784666063939984,19.73085409394364,20.15433641302386,20.108108915494018,20.06593906612859,20.506461216465524,19.521047033975403,19.963971465233623,18.997776671457142,18.51373935312998,19.42553523757173,18.943340596090902,19.87790894407985,20.355561253891146,20.845426978933357,21.34799392014266,21.86377822297587,20.881389611543117,20.90354683971064,20.930995706173984,21.46672232998608,21.50707285669772,20.54581494332406,20.096921123534635,18.68738507420019,18.260573061300654,18.794085188684132,18.373800094181036,18.439325645533984,18.51111777855231,18.104181819910135,17.703665901411448,16.83635723790551,16.45104702869118,16.071624985779607,16.16289875885144,16.737154099754907,15.894174241866999,15.067975104018984,16.121848433803834,16.24869789425705,15.418422923880689,14.139789350588188,13.34942488917203,13.020781959118537,12.252194115459979,12.37789989982159,12.063521524696547,11.753769719268465,10.57643538083626,9.440636846510873,9.14803902261244,9.692058419996375,9.405458418797423,9.551861495715881,8.424934764341279,8.998951536269342,8.29918366570492,8.463093252899139,8.201687172662893,7.944752906353537,7.6924287941944405,8.356617614758322,7.655732893402846,5.673916178135947,5.851303371542075,5.193029726139261,5.3866786039797026,5.6136736329295704,6.379778031486576,6.206249612098377,5.017245791828069,5.371557125880783,4.696252309974309,5.166977508441658,4.515096474959527,4.545796785236257,3.986134231622033,1.3058240410646489,-0,-0
176,-0,0.6035928497571759,1.4305073430533257,2.26178337535162,3.0974673430108752,2.8615640945120795,3.6320849916797413,4.417282503716896,5.214685661640655,6.022660887269664,5.778833391010224,4.846069570129253,5.563434240494981,6.296666298896998,6.241876418951932,5.5382328002907695,6.220541504923946,6.240532905284801,6.926716199337463,7.628198686531877,7.641633691938049,8.34707830846802,8.365903855717711,9.076084342488548,9.79957325547514,9.815624341233923,9.844629357094966,10.566102743049711,11.300149185717952,12.046353047239482,12.804347876098516,12.820176728487892,12.848236253306577,11.538604562883163,9.818023038180089,9.92125104303754,10.028542302990129,10.694305888160853,11.373464534001576,11.481290478943812,11.593274234950353,12.282493527654424,12.39728809584994,11.406153601605034,12.079051028679514,12.209216346999407,12.342636877370083,11.946003732595646,11.572667763721336,12.233302246266437,12.907213871399144,13.055758040357492,13.743541065042406,12.333295822026207,12.999107819029941,13.160196656567592,13.323889898036615,14.00601901314909,13.65906315706224,13.83053921272071,14.518160770456548,14.694306036766633,14.873171476023286,15.054764647279283,14.72702691017262,15.42617924308483,16.138768625872608,15.80866765365351,15.49197165068346,15.187841795992693,14.89551238296028,15.097944248567252,15.797149966500754,16.510245472920026,16.722490042765198,17.453124710574652,18.197732463761827,18.420510915949283,18.64650639332779,18.347714268307136,19.10832782398617,18.29319438464201,18.530283745148452,18.770704521223518,18.498335742068043,19.2617710581352,18.993427055825357,18.733806345634658,19.502578996498244,18.23916915690623,18.999053046703658,18.263175195984495,18.526574676348538,19.293866243707072,19.56700980153758,19.844103791213495,20.125234239733626,20.41049000055017,20.69996286109079,20.47965943497644,20.775346569854275,21.594648350916238,22.430977462801422,22.745655359336535,23.60675010925577,23.389811301973044,24.26652751636218,22.447291220216407,22.77874871740163,23.115541609784735,22.926742214594046,23.805680978368475,24.159313628387732,22.91629292911299,21.71849551853209,22.069078645423545,21.40841574767287,21.26091474859274,21.618474922579566,21.47821952430621,21.34276848698778,20.718711111913795,20.594651440366007,20.47502696108473,21.340985384338477,21.22658616737026,20.626310071365733,21.01112906584905,19.941176311990105,20.813115716916425,21.21155924306475,21.122137178177933,20.06517144064746,19.986104904115898,20.39241644275517,20.320827180374337,20.253394080273093,20.67578156117662,19.651629117536785,20.076053951466335,19.07315233977129,18.559444584979612,19.45727846080719,18.945585964778488,19.864701762935915,20.3215242810646,20.789927512969903,21.27037526520072,21.763358155836972,20.747411321252574,20.743101843361906,20.743892098634465,21.25495252274768,21.26784154265749,20.275930662212346,19.798761506279572,18.360808795635158,17.907615442332933,18.413975245382872,17.967265644190867,18.005378665069898,18.049295495905834,18.09924852491404,17.669402733353984,16.769960352132394,16.356599933152857,15.949514609384002,16.015327545054493,16.56518993757889,15.693049825029155,14.839069321543898,15.866659837905624,15.965464858553057,15.1077832877488,13.804613134558405,12.990250868242931,12.636147198863302,11.845741963753845,11.94273736322016,11.603235501392057,11.268412726943783,10.078536295874333,8.933750594178948,9.0240734863213,9.544401575011886,9.232859999474334,9.353257355209903,8.204508544572354,8.749022894963717,8.026824258225332,8.16125858619848,7.873509649486896,7.589857013822113,7.749941847508994,8.396218832412048,7.664116830841949,5.64572355003429,5.7997599149271135,5.115525160195728,5.282782099746872,5.480241175505374,6.2095106594470035,6.000543022809968,4.787385266921101,5.634236329420349,4.923236712758264,5.38795666363842,4.700928545552432,4.711211986713735,4.116902673825382,1.3608759027116912,-0,-0
177,-0,0.5763097665639875,1.3782718404768388,2.1844512598353325,2.994892744788276,2.7469949235346434,3.492185992304495,4.251851522681569,5.023536649014631,5.8056163995729175,5.549757602046342,4.618965051198192,5.31018001762329,6.017058306773363,5.949991090639686,5.248304644898931,5.903899134875272,5.91140166081598,6.570525257880967,7.244740101142412,7.245325231862877,7.92315260398099,7.928888842998203,8.611095599125088,9.306404730997725,9.308957028471642,9.324357842235285,10.017122074698532,10.722248543691848,11.43932113629924,12.167972534412002,12.169407646213614,12.182952047675347,10.889286561471902,9.200261850854414,9.288893785862575,9.381461126488952,10.016770206698052,10.665235261261824,10.757815359167964,10.854415104459878,11.512297803908657,11.611361951378822,10.636249012314428,11.277225891940299,11.391279851264297,11.508436005973468,11.111603515189572,10.738066548965046,11.365718233328352,12.006372531895058,12.13784723973369,12.79185831810514,11.41401824969324,12.045659375932699,12.690293795198928,12.834887856082236,13.493607566705572,13.131711139240439,13.283917091987359,13.947027917604096,14.103461515528025,14.262531244390303,14.424236147605447,14.082754368412537,14.755563972860163,15.441394155924174,15.097500212618218,14.767550636489432,14.450661054695946,14.146025048645285,14.328196421773365,14.998549651399605,15.682362082241823,15.873411185545967,16.573942932489242,17.288007856688107,17.48862537383577,17.692263969275142,17.380280754335597,18.10875650940355,17.29027315882191,17.504525667177948,17.721875097693474,17.43675224288509,18.166068522738055,17.88482002063573,17.6124977047391,18.345895135216463,17.5810384821174,18.314543718909224,17.564165229430017,17.804825963313633,18.544369670027642,18.794030659765156,19.04737062958569,19.304467830690196,19.56540316971013,19.830260304862172,20.099125747684166,20.372088970632117,21.169364835838014,21.98308068376938,22.27370862362448,23.111054794461865,22.868894509891973,23.720760295863187,21.877721620475427,22.184318764095483,22.495911141041223,22.283119585943357,23.134588247012058,23.461937961900215,22.19945901744842,20.9845145085902,21.30896784265663,20.6295013164052,20.45974396721545,20.790519897357,20.62787900139308,20.47012791585243,19.82950881784646,19.68360586503887,19.542171352701068,20.373112326225762,20.236257549565572,19.620729704697606,19.9758369629099,18.899214546279865,19.73268143833812,20.10002385990161,19.987497301475056,19.399323760255005,19.2963865698823,19.67503336389671,19.579134182275816,19.487317873743454,19.88055806463801,18.84163348298968,19.236204345019942,18.220232154128848,17.688616384059557,18.548858270576385,18.019103811150785,18.89865667771487,19.3220721338901,19.75618014875432,20.201409114917027,20.658212050718202,19.63097876622146,19.598371078610274,19.570447388462046,20.04244477770554,20.025298272309048,19.024353232555118,18.528237791557157,17.095813900418342,16.625497570767394,17.0888006981028,16.624560651811173,16.63135022991819,16.643195094346577,16.660277109801342,16.212266074449534,15.311205152023447,14.880774805703089,14.456839013072203,14.487668206354407,14.98266002004238,14.111550648338604,13.260357846140021,14.20797785381108,14.266077687999433,13.86743296420483,12.574516339553051,11.756963190984264,11.383411399639495,10.59273396134583,10.651324173443017,10.292545323726282,9.938451798074988,8.775826077065515,7.663751413868353,7.713401317065131,8.163678060132481,7.833796190406298,7.905951717747923,6.799994867313797,7.260899197111664,6.552674321656464,6.630639229392522,6.320786121825914,6.014303454132148,6.514881720043792,7.066139130965108,6.335139652554856,4.819726357524587,5.328022359945018,4.631608416002929,4.754590191630343,4.901884810067605,5.551370386363991,5.798098828731543,5.0529279888828675,5.908118087829203,5.159804728301095,5.617680508814883,4.893945932725264,4.882645468386783,4.2521960207561635,1.4179778863513717,-0,-0
178,-0,0.5491816146979319,1.3263338153014257,2.1075608152766208,2.8929056872897636,2.6334240494462486,3.3534446176514825,4.087736692770403,4.833862402515341,5.590205928142429,5.322766575863191,4.394686313861963,5.059927417466384,5.740627037257559,5.661753018187239,5.614853759850047,6.274036650215436,6.236692246287869,6.896124438322356,7.569179721669546,7.527822824022139,8.20202280114074,8.16916331993691,8.84563740941352,9.534224458448415,9.499950568456992,9.48144117972654,10.165024294508454,10.860188454380001,11.56655757321934,12.28380012134369,12.25108471025983,12.232561708604155,10.88001339592903,9.703970052707122,9.763547775500083,9.828213802973508,10.463767433656969,11.111635730782417,11.175826912285935,11.244997482559995,11.900075684182246,11.97190106843382,10.929489624336986,11.56578899006058,11.655881135914866,11.749569053248042,11.314108696215929,10.904959381692736,11.52509226598359,12.157629198264749,12.267436935967426,12.912226415406504,11.47999916480991,12.101519488772453,12.735485355396717,12.859421538697813,13.506455565558333,13.115308540376043,13.247199009933658,13.897225707845017,14.032966917556442,14.171411931255866,14.312544577973362,13.94534377057284,14.602828578531268,15.27284471434329,14.903767969299562,14.549837671235313,14.210070722260042,13.883572872067912,14.0462227181134,14.698322803685484,15.363402615553799,15.53398985135785,16.214881378400495,16.908826318374913,17.08803208105484,17.27015738436118,16.936652829484927,17.64328372989339,16.8045942385376,16.997424601538604,17.19319653236964,16.88835689813624,17.593738421389613,17.29295666938747,17.001636051461894,17.709803994701833,16.929752622607108,17.637167225001903,16.87272982109681,17.091019847619773,17.8031241733076,18.029693409715865,18.259685776687224,18.493171734830067,18.73022424806043,18.9709188681818,19.215333824787372,19.46355012072248,20.229336173659366,21.010969008943697,21.27547715969631,22.079590105438538,21.81742325895604,22.634934488928554,20.794751777442993,21.074106854204892,21.35807336224835,21.12587257561965,21.940302957024187,22.23880793850531,20.975121719082523,19.76087580139558,20.056374464655647,19.368761413170663,19.667925441782682,19.972352287884263,19.787829498514665,19.60832201498183,18.95180971495622,18.784699870660138,18.622130837060666,19.418526408800957,19.74442876389379,19.5880005536605,19.92240719271929,18.81073742409004,19.627627174475805,19.973471240163597,19.83520500191216,19.21818517434449,19.571707298347018,19.93269142031984,20.30139096831559,20.18186679042294,20.561716513848662,19.46810993416633,19.849252454979837,18.78127844299254,18.21185899066659,19.070453801566927,18.50345916291125,19.380173369318065,19.7888250125826,20.20771603557839,20.637258041303,21.077886198392694,20.00380694347844,19.94508373225608,19.891071732244963,20.345847390372665,20.302254078642402,19.758009110391125,19.223173880282047,17.726278739749382,17.21978517139357,17.67252393497586,17.172774852188006,17.156521247467875,17.145292316097414,17.13924914210953,16.657264804264727,15.712663558962229,15.24999046048457,14.794431915699318,14.803157511161814,15.28456363214313,14.37399630373431,13.484897909758008,14.425343266191605,14.460463329636925,14.031735969155612,13.149286841502377,12.735948387559603,12.328370042193624,11.484023221943971,11.5299288229214,11.138792270608842,10.752867967048108,9.520383994225158,8.340121462545428,8.378934345716601,8.83709645461527,8.478024466055164,8.539706870703577,7.369177902382333,7.838074304403709,7.084505934042855,7.152905320764308,6.816198493763689,6.483249334346032,6.991854354220847,7.551093028529059,6.777131276024928,5.186486092305836,5.702804012388426,4.965479038021356,5.080305531767713,5.219501667133748,5.8769146295826324,6.1155730996584445,5.330811202329499,6.1938398777363055,5.406499065911099,5.856645282664002,5.094554968960147,5.0604381179091815,4.39227056369174,1.477245091875096,-0,-0
179,-0,0.5222066444801887,1.2746898984404247,2.0311070251062624,2.7914994777361066,2.520857869100543,3.2158663544187296,3.924942362941404,4.6456659678415155,5.376431087913396,5.097877345875047,4.924145138308383,5.602309392938519,6.29301065573126,6.135881394139056,6.026561359602181,6.68929849191583,6.598444792248386,7.25818044977969,7.9300842723808485,7.840275044686477,8.51087772475937,8.434375986287268,9.105166126797677,9.787088729710026,9.711996040284097,9.656351907247782,10.330832774772047,11.016120425888998,11.711878402258591,12.41781061089513,12.348326955080998,12.29557375642128,10.879325183228394,9.655107142207319,9.691925973293314,9.73449914895153,10.355143763015901,10.98757011906995,11.0293111241812,11.076560500818466,11.714791037547487,11.764728277309969,10.695503709176666,11.31374503725135,11.383713110492486,11.457509962620595,11.002488842087729,10.575463298126802,11.17561677259504,11.787743921408692,11.878405250611333,12.501987804471083,11.059127305611641,11.658803990103653,12.27051243756687,12.375543723269448,12.999548819539498,12.593619770940682,12.706579785588037,13.332502262954614,13.448924045658565,13.56800748043797,14.207852990186124,13.814058100437585,14.45636728148511,15.110723772370653,14.715738604603224,14.337228065534454,13.974097601899523,13.625354270206364,13.768415153284568,14.402443944562226,15.04897841026685,15.199072170197297,15.860521301492211,16.534549680196122,16.692347448852292,16.852987550976636,16.497863137116607,17.182873887261426,16.323855867654856,16.495412591799283,16.669775450552766,16.345361568444,17.027060758309617,16.70695113309107,16.39689166347823,17.08010059107231,16.285207222374517,16.96681418578027,16.18877601628567,16.385066846747417,17.070034869932414,17.273907086683977,17.48096275341941,17.691264500720393,17.90487733030054,18.12186868769133,18.342308540064955,19.071508481543972,19.815822903589687,20.575413805521375,20.816215647079677,21.5971853069874,21.309994382444607,22.103294707221295,20.758867822701824,21.016256237243375,21.27801732960851,21.017561549971717,21.815082865775807,22.090610179398176,21.30940520668444,20.0423697564261,20.318554856808642,20.092201471860616,20.375173377960476,20.663199636169537,20.446540637922165,20.235482355552943,19.533705471732674,19.336618823942757,19.144563264248127,19.9378037974946,20.246973207826077,20.06101377554661,20.378364201497888,19.214510453035484,20.025641630444984,20.3539812001616,20.18720155935643,19.531929559290006,19.867624450653857,20.210403187483823,20.56050652402087,20.413060789657553,20.773732787047305,19.63618028613605,20.49870516410446,19.37544213249666,18.765895037962906,19.62286017381178,19.01642119246631,19.890327359862468,20.28353325753412,20.6865439163652,21.09975429484022,21.523581888853062,20.40007838318373,20.314054774183614,20.23281720845533,20.66986899758919,20.59876651425637,20.01831364502154,19.448132672246363,18.39155731766163,17.84669153689815,18.288140158549517,17.75080610258691,17.710169524077223,17.674566978480076,17.64413830769304,17.126354369413605,16.135889380628736,15.639321762938314,15.150561914054732,15.136186523141879,15.603549682023125,14.651615496047292,13.722820860300647,14.656174528417793,14.667518167646582,14.207525333972265,13.287767472016261,12.844704415773784,12.407904008274087,11.529928822921404,11.552465121429126,11.133523441599669,11.165047527104438,9.879740637860293,8.64929029098924,8.67059383279681,9.120827367737242,8.733723853192627,8.776854248127512,7.561690924355002,8.02025819405922,7.232315232264308,7.281622844694804,6.918706152925281,6.5598743061963445,7.053144496686913,7.594950580957363,6.788771133123328,5.162473099629377,5.6575327703710405,4.892970958815591,4.981701340102324,5.092113858029482,5.7144509361674185,5.914883687155074,5.621759179153895,6.492098516305308,5.663912574909017,6.105392973397158,5.303199185343652,5.244961883638744,4.537405787044016,1.5388028825420341,0.0022241894738731184,-0
180,-0,0.49538313570503617,1.2233367777206978,1.9550849577432776,2.690667537063764,2.4093041044880055,3.0794581354164077,3.7634744293516755,4.458952025325255,5.1642952062264795,4.875110130039895,4.690726769608309,5.343151197181989,6.007923185491603,5.839925013687263,5.71968334779084,6.356089940470686,6.254139977616358,6.887230874765525,7.532296579299282,7.431067402073756,8.07450649142171,7.9863689309702615,8.629660718491225,9.283888971441447,9.196784155129599,9.129035333700745,9.775321532818229,10.432212478000679,11.099371106100406,11.776500382496272,11.694173503031106,11.628469108217732,10.231794117069118,9.027366066928645,9.051152052779635,9.08057878808108,9.67133707907368,10.273647336766631,10.887256374679637,10.912165009581948,11.53369311355114,11.561408770042892,10.46445769290487,11.064798147814944,11.114552519805088,11.168416142733221,11.226176579728165,10.759822160459612,11.352653871773892,11.956871640192833,12.024359773614941,12.638948718859073,11.136297093479197,11.726096867975398,12.327390978199919,12.410884278001413,13.02347712207329,12.586557839617726,13.199379683981268,13.823613135738274,13.916329497217022,14.012036483180706,14.648542300708646,14.21220707426183,14.850150199850512,15.49958490440317,15.063633165819013,14.64641283600346,14.24663308347342,13.863128256856884,13.985824225905223,14.612171515172713,15.250501937646918,15.379363130874644,16.03162306108282,16.695948169326,16.831653349170338,16.97025595423109,16.582708212723002,17.256178414796178,16.356614160592123,16.50710563504649,16.660372540205543,16.307353004408597,16.975332684037408,16.627287904535066,16.29029825099826,16.958466486394958,16.132201570304062,16.79789893683716,15.9905381520101,16.16634744424982,16.83406296723608,17.016834138903437,17.202628759428105,17.391501321612747,17.58350864731089,17.778709946159868,17.977166879570277,18.685691268512368,19.408774103116585,20.146571032889142,20.363676833631768,21.12176686241734,20.809375599846497,21.57874440593166,20.20944623338183,20.442456118249975,20.67955811089959,20.395391907754277,21.16642282102422,21.41638732267909,20.613520658672257,19.329238324619627,19.580110170033656,19.331742090942654,19.588905925572224,19.850737206641778,19.61203463272808,19.379160169470254,18.661276810599556,18.93020782572044,18.713808265607756,19.483411893059298,19.76798925429628,19.557217074118427,19.849373253497482,18.662961728806053,19.447291698441337,19.749545806813504,19.55811666097465,18.880826180512383,19.189646464339074,19.505008824603536,19.827135307694935,19.654761531223492,20.492622303935264,19.323816250704322,20.163465708750337,19.010820798329828,18.374673633203443,19.206677564550272,18.57399636070911,19.421297721310804,19.787286940214273,20.16239852462854,20.546999953283173,20.941479599132244,19.793094051775995,19.679261113705493,19.570074452975334,19.97587358875428,19.87604207819247,19.27061926718688,18.676213642470326,17.601412203917796,17.034341770091768,17.441554892995818,16.882223323560574,17.30006140706342,17.236415095645242,17.17764024210422,17.123856710886585,16.097352440003668,15.57043657723054,15.052035383418762,15.011504111215528,15.454915921905396,14.471726384478131,13.513593230663794,14.422368012227444,14.406077960046591,13.917949355665343,12.971379859865785,12.501890964245757,12.03919611675568,11.138792270608844,11.133523441599674,10.690225468975893,10.69287038974783,9.821940572189597,8.561089418533514,8.559128510390074,8.986255746079875,8.573582985803606,8.591113926001547,7.353359999806683,7.784073504100485,6.974669490536771,6.996655792351724,6.60995436131433,6.227735133516958,6.683482997079526,7.183735648207039,6.358870552310334,4.740712094777426,5.187039392133699,4.412828722825025,4.4605744341767295,4.525003088604128,5.07254302389026,5.717287877107101,5.386922310836905,6.199281024003431,5.932694614087718,6.364517102012369,5.520363980743707,5.436623651044889,4.687907243003072,1.602788144437934,0.012285711132852588,-0
181,-0,0.46870939698158276,1.1722711966078798,1.8794897646858852,2.590403397363114,2.298771931166702,2.944228480238421,3.6033404854950373,4.273727047538341,4.953803486421334,4.654488659440415,4.459961241540459,5.086813909970718,5.725824344062578,5.547480754250977,5.416846114527811,6.027099344285662,5.914591440755232,6.521218826302837,7.139627755433038,7.02753005554719,7.643991077137382,7.544777832970878,8.160760966294252,8.787485370615283,8.688940563468012,8.609664261016603,9.22795403899702,9.856647678010996,10.495407719921483,11.143936373683259,11.04936172709473,10.971306810852784,9.595603649893082,8.412378150299638,8.423756939193812,8.44066858506603,9.00177226700561,9.574199118002392,10.157695227084668,10.169427647655393,10.760422801648685,10.774649640699952,10.236395937578418,10.818990088024506,10.848413937737902,10.882280042641426,10.920334985994335,10.434981709836043,11.008134890791606,11.592252763167414,11.640339407477192,12.234048470052139,10.719540364831795,11.287839155208365,11.86722725855954,11.931942052485365,12.521874502047698,12.070239164907157,12.659699864686704,13.26017559114066,13.333564953646041,13.40996582020916,14.021621391193161,13.571532798126851,14.18392763182691,14.807417113326022,14.358035042271624,13.928228249352006,13.51663152830173,13.12201416714941,13.225588713817437,13.824007778027005,14.43400032147574,14.542915201135585,15.16605926266802,15.800850641211966,15.915754903938028,16.03342847328393,15.634646674690343,16.277075648937124,15.376910947385365,15.506326952701821,15.638343482172784,15.77297761735344,16.417714704012848,16.05017911702448,15.694433131035984,16.338115945763175,15.497005627164738,16.13739231860186,15.316704893754725,15.471010189831796,16.11212381710747,16.27274414735353,16.436185750030877,16.6024949348458,16.77172025993361,16.943912577085033,17.119125082252783,17.79767529940215,18.49022537005663,19.196922658899986,19.38902401784639,20.11491713499194,19.783880960532425,20.519985359283307,19.14774859601174,19.354755756022435,19.565526957348627,19.263551716345667,19.998702720085543,20.221286750332172,19.409926414411885,18.128675893188504,18.352145313647544,18.086944639005722,18.316097062318402,18.54948210635354,18.787214254573687,18.53304981151074,17.799731531906748,18.04226816906902,17.805290731190745,18.541377351855697,18.798225908011062,19.060130877489286,19.327245382904977,18.118038475883544,18.875911342896487,19.152320548801033,18.93640864563925,18.237253507924482,18.519537250558834,18.807844972529843,19.102380505288288,18.90546924078522,19.710999418399197,18.525730930772692,19.331522620262746,18.16418744354944,17.509654595500283,18.305474379963293,17.65465569004173,18.463927130395184,18.797658594518808,19.139726548338587,19.490466575716216,19.850233277918267,18.691277629928123,18.55072560256856,18.414608414753676,18.783412957127457,18.65569161929296,18.032818408414247,17.421713877672477,16.822058609486806,16.233548861966206,16.60724790852076,16.026849728257158,16.409618725663854,16.3173769719085,16.229606178811565,16.14638685108357,15.584701372130558,15.032511641410787,14.489581522709495,14.421029547450205,14.831405334623698,13.829098094013455,12.854062536418706,13.721268087541937,13.674824608868539,13.163478881457332,12.202866135084976,11.712165309331553,11.675546776707657,10.752867967048108,11.16504752710444,10.692870389747831,10.671097669020233,9.768742326042519,8.891807117430574,8.870590396609861,9.288979478857694,8.84581819079674,8.843283788550501,7.557194239671855,7.977034577818574,7.130704688690215,7.132570101094055,6.718146836730805,6.308739613010428,6.749087980581635,7.231965406427682,6.373649137676998,4.718426529447406,5.144137930637903,4.342960292959923,4.365722814669814,4.402936676534343,4.917541604838813,5.5226900216984,5.155904809844312,5.911816018874186,5.595577457622608,5.953229540604238,5.054089078732608,4.873721988595078,4.025099898099878,1.6693507449540335,0.02276212170525699,-0
182,-0,0.4421837650937757,1.1214899529671214,1.8043166786557625,2.490700699388417,2.18927212557245,2.810187657103562,3.4445499953484076,4.0899994814134315,4.744963197199972,4.436040556924265,4.231896648994711,4.8333452098979075,5.44676114032194,5.25861707036474,5.118139733023477,5.702416536690333,5.5799111412745335,6.160256030862266,6.752189032692073,6.629797070684171,7.219465032170935,7.109759488910023,7.698623106649612,8.298033386927187,8.188644517314893,8.098441956947923,8.688932858013501,9.289627681331877,9.900188803385994,10.520317878214215,10.414115599050447,10.324335745112244,8.971080285495596,8.361441619422392,8.350451285955607,8.345793440645878,8.892480998105578,9.449969663350917,10.018020565637809,10.007527445941234,10.582156788394563,10.574383488471767,10.011374801812053,10.576374637108659,10.585320308336351,10.599099666771126,10.617412622892111,10.112954992554583,10.666601495457105,11.230795258891908,11.259579363205725,11.832592213782261,10.306394345931443,10.853384059892056,11.411061945639455,11.457256825778114,12.024732678569523,11.558771038099279,12.125082681027132,12.702016799994674,12.756419777125814,12.813877223657395,13.400911368410226,12.937628215110212,13.52471241213039,14.122498690059313,13.660318286123271,13.218614924196407,12.795943981461042,12.391005516325173,12.476005432759132,13.046767597585816,13.628698338406023,13.718238678978034,14.312553089992294,14.918102105220706,15.012802714420578,15.110159206761566,14.701096841063867,15.312798422589756,14.910566697645462,15.019094298392318,15.130155504617335,15.243757594899055,15.86549205320252,15.478626641469294,15.104356665491785,15.72381119979965,14.868203139901338,15.483548241748988,14.650018456261881,14.7831966741669,15.397996596917372,15.536868537529237,15.678378320870532,15.822563928520637,15.969465535788675,16.11912554258229,16.271588609691964,16.920504172101282,17.582869483403748,18.25882390455192,18.42645894185042,19.12052977271273,18.771607146846115,19.47484011529678,18.1009339408472,18.282589964010878,18.46770097488824,18.148873769253235,18.848586726720157,19.044519027203975,18.226007264321694,17.43397731846697,17.633066045699827,17.34703815357194,17.55141570804313,17.75968022891601,17.971934413513488,17.697019248135692,16.948968000399855,17.16564387876541,16.908783650783157,17.611791584016792,17.84151180804916,18.075837424359396,18.314906376219245,17.100618213684747,17.821994610606936,18.069373251186292,17.83264141167264,17.601056747368915,17.85713271484761,18.11873889693457,18.386061369670202,18.164999156480384,18.93864440967292,17.73740855902641,18.50981935674704,17.328481532761003,16.65632349782597,17.416486302747412,16.748413582095214,17.520222905278704,17.822417584870028,18.132195410251388,18.4498612702616,18.77573729129685,17.60761725455424,17.44147865497889,17.279629602127244,17.61245615780837,17.458162071583917,16.8195154939961,16.193513484607752,15.579831578649864,14.97816347428603,15.312372220650843,14.719168506626016,15.060656233131935,14.940744517391273,14.824835340439094,14.712968155405333,14.138921245749005,14.034666383336305,13.474225754050767,13.83840178937387,14.216335257319178,13.195572565610304,12.204508346459344,13.030871668962522,12.955206211335222,12.421783764252906,11.448592073414442,10.938182639637795,10.872218577891454,9.941906752497044,10.312463899773602,9.821940572189595,9.768742326042515,8.863532385760863,7.987052265395089,7.934503250745629,8.301966790816868,8.262785519319166,8.22916086757076,6.94525860226828,7.745480375399934,6.876835643975579,6.851540609602855,6.413450070600884,5.9811291520898076,6.3850293123119,6.827661649058557,6.39226926635654,4.698358121347077,5.103433687145507,4.274659680400891,4.272432794015236,4.282586447072335,4.764738907366301,5.3309970502215585,5.45599604938529,6.217449407971742,5.871972893702643,6.217874218912581,5.272960476360199,5.064215491298314,4.170804329577222,1.7386552292783402,0.03368027330687499,-0
183,-0,0.41580460437807815,1.0709898978581418,1.7295610117938307,2.3915531901371208,2.080817234520013,2.6773478696564093,3.2871144937073336,3.9077799593833054,4.537783892533941,4.21979777492501,4.006587445726932,4.582799359990869,5.170787363979121,4.973411357507562,4.823665380231828,5.382142742257885,5.250224659993794,5.804468143673931,6.370105845776133,6.238019061159531,6.801078744377036,6.681489940280785,7.243422922495346,7.815708300941756,7.6960975953904445,7.595596546532951,8.158485730531648,8.731379612123138,9.313940655515292,9.905870180730558,9.788687760778533,9.687836171861349,8.35858942116444,7.7555153058089825,7.733378894375788,7.717478532706118,8.234922960212748,8.762943296359087,9.301300236651464,9.849777151859207,10.408178148071665,10.377972452759154,9.78946477036042,10.337019711672099,10.325304359032987,10.318879451637901,10.31739156357206,9.793696734683891,10.328005753797429,10.872448483386371,11.42690783810594,11.991278750589881,10.396739012963604,10.934225863606136,11.481878169823586,11.505191466553029,12.061671214797602,11.562129538391302,12.116551088189869,12.681106475804658,12.712869303325247,12.7479992414333,13.321316970655941,12.827914352780398,13.40044192150942,13.983207398742751,13.492298889257114,13.023790079651734,12.576058921503003,12.147651425740891,12.212978010852048,12.766413984687976,13.330565116266655,13.399681590488568,13.975359828937814,14.561819850374919,14.635333361532487,14.711533239422538,14.280906523616055,14.871897980910088,14.44888798201175,14.536632747227376,14.626870708791033,14.719598551246023,15.318566227699113,14.912525056166364,14.519963173721639,15.115442202840127,14.245696997371866,14.836265075903242,14.463853705520172,14.576519704176839,15.174710815752695,15.29254273830613,15.412924816525376,15.53588553778881,15.661455658311933,15.78966821455901,15.92055854072825,16.549580376601128,17.19151913423073,17.84650845723173,17.99098991723658,18.663057587157322,18.28934493616882,18.9695709158182,17.57126495609719,17.729493560437025,17.890959909827288,17.549590903478684,18.223863398558112,18.395437066560067,17.556950691865367,16.746688809220327,16.92173746529575,16.615277330834413,16.795277118875568,16.978840379147016,17.166058161765726,16.870947355259652,16.108900396712592,16.300257410308802,16.02423701919702,16.69459577509772,16.897798547165646,17.105179374804923,17.31686142025703,16.09883262850876,16.784210165308824,17.003311099322243,16.746796687960536,16.495608499758085,16.722371656038437,16.954107587404803,17.190982496706315,16.949555195301514,17.680854334347586,16.481497628256903,17.20993055292263,16.032339515717137,15.353168364627441,16.06686757912885,15.392065933130601,16.11542775160031,16.382161954801333,16.65563643054098,16.936121822293387,17.223904048046826,16.5421218916384,16.35157078101908,16.165233860766666,16.463113091190678,16.28361393308591,15.63096565861028,14.991972621791405,14.82704648069763,14.206209228679917,14.508668459391009,13.897048344995266,14.20545190897348,14.059500332955544,13.91731737837302,13.77890979501282,13.187963550234759,13.057101514045224,12.480980168768271,12.806491230712181,13.14428591711003,12.12066948339316,11.129611897709102,11.898975112670538,11.793887186210995,11.246449575909125,10.708536360088445,10.179993563881512,10.520283795306332,9.568915282400406,9.910062581102254,9.396660285739774,9.316490691812435,8.39539981961458,7.506185927128892,7.427601870815723,7.759458597938128,7.691732125700563,7.628531874353481,6.349494324339597,7.094670879803673,6.626281609545353,6.995610739808595,6.527992749277876,6.066912703931892,6.455246273997979,6.880455174911918,6.415022678996655,5.090016198239346,5.500029361523332,4.620385318659269,4.604757151389071,4.601626622047843,5.0887131540342665,5.6598884078808664,5.771688519356926,6.538031832981003,6.1615481387348146,6.494511856009939,5.501587021530913,5.262806764158533,4.322479174113866,1.8108828031057422,0.04506970692991983,-0
184,-0,0.389570306118235,1.0207679343634626,1.6552181539058695,2.2929547204962084,1.9734217709098696,2.5457234733401797,3.1310478188122177,3.7270815450457073,4.332277667964052,4.005797103585212,3.7840951954682174,4.335237992232697,4.897964398325543,4.691951027042942,4.533536669175865,5.06639195595925,4.925672844099011,5.453996445540352,5.993519573904633,5.852365216272349,6.3890015153542095,6.2601668443602945,6.795358165827321,7.34070768242241,7.211526483830361,7.1013841064053365,7.636868723545945,8.182159263833231,8.736918560306703,9.300847843030382,9.173363154096508,9.062123708575243,7.758540229255518,7.1632161373216,7.1306442452494005,7.104218550298201,7.592651215585178,8.091434750047569,8.600329763673596,9.119119132234365,9.647606111737195,9.605904136628718,9.024548114383936,9.541635519936785,9.518096680240879,9.499735274480418,9.486195852462677,8.96949148036154,9.472353598924471,9.98509682815907,10.507602208071567,11.039762543986175,9.490700506576816,9.99563705942001,10.51047085273064,10.520422694300432,11.043585371398295,11.055549690957333,11.587189584228268,12.1285792020052,12.141623392391903,12.15814542889131,12.707242923403577,12.201103233760158,12.748738598875043,13.306228115033278,13.331398030581715,12.835037261011696,12.36139664092329,11.908844921541691,11.954300791559517,12.490576523656438,13.037118992236183,13.085663387087966,13.64288613546902,14.21044297342351,14.262668845949221,14.841217825586137,14.375341310468526,14.95548729236963,14.498735009350492,14.5643787885594,14.632622700210447,14.703448059761268,15.289391271629158,14.852785892477034,14.431115443714695,15.012310788109591,14.108331526476348,14.683789398766857,14.284915173324281,14.376752830177743,14.95850699037465,15.055022152946608,15.154032702387584,15.25555673957607,15.359614773833812,15.466229711063992,15.575426848966483,16.18476894391105,16.80650220256566,17.440754719707865,17.562010987741687,18.212318124713303,17.813515830840437,18.47099181206263,17.558169091652797,17.693947329288996,17.83284956650506,17.46160803558511,18.1202408727128,18.26884499035371,17.395316883665316,16.552367700093438,16.705303729564715,16.372547510111126,16.53033821301029,16.691463990038972,16.856005137784766,16.53551009735128,15.747005616233258,15.915815520181368,15.616117992234214,16.264178542825302,16.443929270448304,16.627531959272535,17.304584179338107,16.044893865844426,16.715168168371324,16.912491795787968,17.11418632276148,16.831597692367215,17.0393337987776,17.25177841661871,17.46908573587954,17.691417433423716,18.42423854038893,17.156022938547046,17.885033723285897,16.641957467409412,15.91591335693064,16.628776123643625,15.908419162148888,16.629863005910046,16.879894690928644,17.136344244661075,17.39946758092752,17.669535097935086,16.944272608987433,16.723695470593558,17.000922121188793,17.285886715646296,17.074992770962854,16.373819952965047,15.687780422838065,15.493515060209095,14.827839361284152,15.11745921523104,14.462479851584982,14.757763853426013,14.583971746284158,14.414186855240748,14.248395137957345,13.61740516644566,13.459955468812513,12.845566858029601,13.156610338495357,13.479359832346189,12.407945564474913,11.37157760698119,12.135070563945915,12.0044236947399,11.422819636997422,10.851790430331166,10.291179553848666,10.613925150119929,10.058467477237691,10.391677805047077,9.840931943255372,9.738179009125671,8.767772265246878,7.83141642863779,7.731777748638052,8.054281001738513,7.96492524144288,7.879952768545764,6.548219882608647,7.291989133484619,6.792341636633539,7.148578701633283,6.650023120439108,6.15887856742627,6.5313030593501855,6.938786532135105,6.90726650503517,5.50738332671832,5.9215808794926605,4.988286490155762,4.957872408693297,4.940094442073427,5.431411814449521,6.006800085347605,6.104076034629182,6.874612680035238,6.465224638301455,6.783980751580054,5.740646451556001,5.470057468435084,4.480536969049998,1.8862336615629942,0.056963024883560205,-0
185,-0,0.3634792879565668,0.9708210164487275,1.5812835707562989,2.194899242953355,1.8671024405338035,2.415331226986104,2.9763663835273615,3.547920020129875,4.128459460501959,3.794080762816946,3.5644894441020636,4.090731020595957,4.628362167857667,4.414334756486446,4.247881194750145,4.755292546881862,4.6064137160701275,5.108999815978271,5.622589569844682,5.473025659151723,5.983423979425437,6.503972852802255,7.034169185681866,7.573576536068395,7.401382212794632,7.252970936753417,7.7801521890942,8.316391557216326,8.86139001985894,9.41488304007186,9.250373508947602,9.105255311256423,7.739623434461212,7.109026846000067,7.0545681676029135,7.00721095175265,7.481698289995616,7.96602504182803,8.459966653737435,8.963319528723423,9.475899252898364,9.411957311012618,8.805471432399802,9.305457610505407,9.261753705077727,9.223764122536481,9.191072332640472,9.16330874956821,9.659439894961753,10.164889090989018,10.679549305615367,11.203324423165492,9.581687580711423,10.077391856108266,10.582479866617069,10.569036508625613,11.081500080802359,11.07015096784806,11.590164834479587,12.119449159791822,12.108806547091106,12.102090477242811,12.637771120415582,12.099761158119112,12.633156461872828,13.175951098055876,13.178190010782556,13.183997559964366,12.665886864739674,12.171841175336377,12.194249721903544,12.723494214102336,13.262509080133542,13.287427801560833,13.836187131180248,14.394792941481363,14.422811486862859,14.991487933224857,14.48787290175112,15.057278685235557,14.564574071860116,14.607163318080119,14.652521236731616,14.70061086747394,15.273658489242047,14.804859087224447,14.352641161872267,14.919695876920096,14.475109353754982,15.04496935821395,14.607523169770158,14.677442886511502,15.252250825098901,15.326490541645484,15.403303705405973,15.482694922861501,15.564671585029732,15.649243819044585,15.736424449024856,16.335598907781772,16.946653803465725,17.569713798765733,17.66757780877852,18.305704473034933,17.87226650274829,18.516611472692556,17.560473431918016,17.673125034023087,17.788825744851184,17.386379767550846,18.0295428585966,18.68607920427281,17.75937403248969,16.866376959978364,16.998068594721577,16.6312627835697,16.767993305560655,17.412365007380348,17.557093768732518,17.197743156722687,16.353553600957518,16.503492073216293,16.167997265625917,16.813773428001642,16.974294325166785,17.138527838300917,17.81173280941592,16.48695202332727,17.15244896795551,17.330087090419116,17.511900113542058,17.19586152128343,17.383623542704544,17.575860545804147,17.77271438040234,17.97433394812661,18.69788316455342,17.37467166957051,18.093314106576692,16.798660613787543,16.033467330734535,16.734310323692196,15.976085132946249,16.68422716794001,16.912419844228157,17.146612779176465,17.387042662940466,17.63395965080192,16.872671755513352,16.623012495712107,16.87651064334344,17.137202293016188,16.89703502552719,16.163122444658395,15.445797934607878,15.22393097387788,15.006401979223822,15.276258764999838,14.584086264367754,14.859080938219734,14.656851305378305,14.45879926990348,14.264886132064397,13.600043013221818,13.415194738725177,12.768845028442987,13.057243159226338,13.356516044777248,12.250984300030588,11.183418038788279,11.924490759486336,11.766900897452038,11.157605432533535,10.560105217166646,9.974259282060268,10.269507497156976,9.689597907664812,9.993429685463092,9.418901770079371,9.288979478857692,8.301966790816872,7.352679758752258,7.635746241948526,7.935769822089481,7.8210093450761216,7.710182821855054,6.353729552759722,7.069933844163286,6.545633755672901,6.8719551876678,6.348905957308629,5.834587759038256,6.171616439602824,6.5402123122604925,6.474295339297966,5.070154687227755,5.437242908867426,4.495221525661779,4.426878102279668,4.367427596484211,4.789534413199602,5.283505508675694,5.311976847337565,5.967064017883291,5.490602053574467,5.680263177593102,4.584471156383802,4.172981659361886,3.0772447239881653,1.964929739549448,0.06939633001904702,-0
186,-0,0.3375299933212531,0.9211461478540639,1.5077528024085685,2.097380809370789,1.7618784059776988,2.2861905865684804,2.8230894928068757,3.3703142211541857,3.926347401076667,3.584697095114908,3.347848736431027,3.849357708039986,4.362060247885108,4.884898615402643,4.641797591199119,5.153231221659384,4.942191435283611,5.4456639213375855,5.958746455775864,5.7554676381967,6.262998770010303,6.7795955742465175,7.304832592649706,7.8383415534470124,7.6168336395899825,7.42530537540381,7.9442461793097126,8.471503861795671,9.006817196468306,9.549955561273,9.344631223547157,9.16261189444416,8.345742737315039,7.62510615508499,7.532347130468756,7.449212140530237,7.924638560215184,8.409111708908412,8.902436443699154,9.404436380174662,9.914952291607957,9.814033742683742,9.143378121420106,9.639469267910863,9.564236383303859,9.49614529113551,9.43462923768812,9.379188038396897,9.868645610366436,10.366863536185237,10.873746615525267,11.389209721080054,9.68759885039321,10.174151288718289,10.669578995269582,10.631348467473629,11.133207628760701,11.097287544301881,11.605779156073996,12.123066762509557,12.087607017415019,12.056631361806463,12.579016834531322,12.007264291688474,12.526549610711335,13.054784168902843,13.033356662692462,13.015888836424375,12.468412062082766,11.947308874497807,11.948705930005996,12.461065124834569,12.982756231330015,12.986097818102392,13.516705585982901,14.056722257802848,14.06257786847738,14.611836534337785,14.083811150629872,14.633015444819383,14.117218091461428,14.138315636749837,14.162263351222084,14.189008654156996,14.739872840883642,14.250706708530828,13.779376182753863,14.323085218102879,13.860195352561414,14.405887855490642,13.95086258321647,13.999843802150986,14.549226611309997,14.602042891913715,14.657359521502482,14.715170306016503,14.775471994635181,14.838264204600524,14.903549356679356,15.474157757331238,16.056126457628967,16.649572935774355,17.25462146203531,17.87140326945797,17.950857467629824,18.582209110956555,17.579840104613634,17.668575765174957,18.299379531704407,17.85513088238158,18.492391315236706,19.142500659575994,18.15814789128973,17.21105227926099,17.32028934895859,16.91705786274315,17.031645221205167,17.666870992988407,17.788871904520825,17.3944372182519,16.505011288757768,17.138765837454358,16.764410372144855,17.407924620545042,17.547760390408005,17.69121156152754,18.360608224697344,16.965345017878956,17.626113417711437,17.78284484086016,17.943592400061306,17.591771888833964,17.758477357619334,17.929459033339874,18.10484595551458,18.28477382192622,18.999152280098926,17.61701842923405,18.325407168811456,16.97565404506791,16.16894587466339,16.85790477004077,16.05965171197254,16.754644925951762,16.960433615875036,17.171834407426285,17.389064902024774,17.6123551949634,16.813343958314086,16.533640904156545,16.76307624783052,16.999190838997446,16.728963478609412,16.46388051171857,15.703792252851036,15.451244342281756,15.203399247071502,15.452857614022115,15.211948327951179,15.471943111646485,15.238189400426164,15.008990536341988,14.784284489668732,14.07448415799724,13.859962130282737,13.170890723019651,13.44349003426781,13.726434538300076,12.567773822464458,11.908060002954269,12.659998946581448,12.474343396828063,11.81876886817137,11.176234596869959,11.00268283410907,11.29833344772243,10.666996142840299,10.971477556916435,10.346827738853992,10.192726970247778,9.132680883823893,8.11220965458783,8.396893240008536,8.698518701570357,8.561743888730444,8.429209873128162,6.982624264089362,7.723614405682323,7.156202380547478,7.4846596628838675,6.919440237961661,6.363725703684289,6.7031314580141155,7.0740861331851645,6.989069812434388,5.503006179948774,5.872691786403781,4.871621647481911,4.785722384506943,4.708896362910503,5.133720210085288,5.630394032802261,5.64167368279069,6.299457150966757,5.786348015102424,5.959221449867868,4.808377495934275,4.361583040841568,3.2123301150376955,2.0472179784691433,0.08240974664629591,-0
187,-0,0.3117208908690863,0.8717403810154729,1.4346214616106272,2.000393568819781,1.657771595019964,2.1583240497354996,2.6712397170624245,3.1942864362317747,3.7259632306961397,3.377701379986865,3.1342618064694214,3.6112079189280615,4.099149169752768,4.5970380621613325,4.347205202615284,4.833434887975306,4.61556383731069,5.093560459139082,5.5809796490072685,5.3706509466568955,5.852231078917067,6.342690313009579,6.841605198570758,7.348608715125432,7.119553120998156,6.92042278726398,7.412422197959253,7.912548464236229,8.420540448233833,8.936167234470824,8.72264062911563,8.532351302932327,7.726825264017037,7.017644899788231,6.916566051890818,6.825040164633706,7.271970118224569,7.727730571355509,8.19212617770789,8.664979989593787,9.14613190288713,9.0359261143925,8.376318401517242,8.842524557736148,8.757738623684805,8.680002625445466,8.608748134783843,8.543473262240576,9.002072061220561,9.4691881967444,9.944724657477497,10.428594277466344,8.779912044509217,9.234558045192358,9.697820627001079,9.648627253670696,10.11784439678878,10.070626691102243,10.545986220915289,11.029868086777267,10.982533181456793,10.939552251755416,11.427783363562718,10.865774632336615,11.35041910049567,11.843716304130934,11.809376437164843,11.778848391594398,11.240770645213827,11.221829287015115,11.206010856402841,11.691771667031224,12.18648320051957,12.171995297565452,12.674903641435016,13.186832956104384,13.174212809518135,13.694648664754256,13.158530087812474,13.67821322884735,13.154984651398326,13.157563047535893,13.162948274316568,13.171077223615523,13.690616308060996,13.1953405348677,12.718641418888406,13.229950321262033,12.762057746878481,13.274575886623635,13.300559016903359,13.32895088194014,13.853174624082053,13.884951608588342,13.919184070886216,13.955854439715635,13.994948305007263,14.036454312167722,14.080364068749969,14.62271960197399,15.175922830190926,15.740084285913488,16.315320916653427,16.901756244916285,16.95739540377864,17.557367721517263,16.546350587394187,16.61114284704775,17.20911571891734,17.279390007077616,17.89211012703811,18.51710273413485,17.508125857800888,17.06016492088993,17.14527587210068,17.23340652277588,17.324595698476475,17.950770633004737,18.048843395940793,17.616952794668162,16.678978005599703,17.301764985766532,16.892600228026083,17.524095509066186,17.64033364614731,17.760047634828105,18.41572747519794,16.967670421492386,17.61371240113872,17.746400551169486,17.882893980933808,17.49899325588641,18.16769601303554,18.316218087968675,18.46897296675209,18.626082535146676,19.33138947139708,17.88586864697825,18.584116140305046,17.17526778564627,16.324361493098497,17.00156926745227,16.665175647953397,17.35842330615316,17.544540897333352,17.736037328072015,17.933115071238053,18.135988424133856,17.285262328000485,16.970469251921127,17.179600938294836,17.395075526813468,17.090338053576453,16.791283084441233,15.985626913683221,15.700670106499677,15.420868633985432,15.649201698715288,15.376601796805124,15.614796933259568,15.349518404372755,15.089120410977152,14.83351434803395,14.582617817853315,14.336354665866908,13.601591148714359,13.857455589617725,14.123160490055149,12.907789593644878,12.206374439869744,12.952627361523529,12.737217779461114,12.04140800150697,11.36008111824554,11.158312739179484,11.434643721117197,11.240556223640857,11.534404036161556,10.864758645295307,10.683136484870746,9.564395092456866,8.487964216686596,8.761646551920991,9.051605668421121,8.888763447548923,8.730171627631162,7.220796842498591,7.9604148129042525,7.356143651206674,7.6697989722386,7.068526274200611,6.477999122270739,6.80019452777143,7.152246115296317,7.039126030188173,5.506666261832167,5.85379648848515,4.816951128573105,4.7028589646892165,4.596328679737212,4.988393899262923,5.446514699156563,5.415735628299111,6.0190523487708285,5.45653329938236,5.560818558073881,4.363410664958113,3.841249423029899,2.637558226631036,1.414726602274625,0.0960480420816546,-0
188,-0,0.2860504739431976,0.8226008160152803,1.3618852322240105,1.903931765473814,1.5548070627097934,2.031757561856146,2.5208433334697617,3.019862875151603,3.527332794377967,3.1731567960603124,2.9238289770486348,3.3763835959677833,3.8397319636480503,4.312837842105363,4.057011471797175,4.518210186075218,4.294260058995717,4.7469594551757215,5.208892582979495,4.9922860453059945,5.448097626229938,5.912600978128187,6.38537508931295,6.866054549113529,6.6302517695528795,6.424326799607364,6.889576019540529,7.362762237187187,7.843624686101478,8.331932403632514,8.111036144908285,7.913316839040065,7.120626843306604,6.424408781153815,6.3158799592740404,6.216841158423665,6.6355029955247495,7.062778633975532,7.498472903972592,7.942408631142843,8.394425134422434,8.275840914152582,7.628883059212439,8.065445899144729,7.972042013976112,7.885605257251179,7.805565672408667,7.731419813431175,8.159420022719083,8.595695263268794,9.040147010790013,9.492686334787573,7.900112724621341,8.323131779440482,8.754509632355596,9.194170477259132,9.642046548932122,9.577363391661072,10.030689477654153,10.49216928623576,10.427031831588444,10.366519969192781,10.831343706714673,10.258379878432832,10.718979378795458,11.18786405566322,11.136002016866895,11.08811866161238,10.541445585833591,10.505852881305657,10.473475695768826,10.932889386144836,11.40087671253807,11.36925064869971,11.84472422454178,12.328835262208472,12.298465031661475,12.79035701107775,12.247387318216422,12.73783913898779,12.20849953384371,12.193395998795593,12.682415471240587,12.669807178255065,13.16764982723646,12.652929078081733,12.15825101030252,12.646734875847702,12.161880505112094,12.650775425424516,12.65651368362065,12.664675024913617,13.164001475296443,13.175135463385475,13.188710710738759,13.204697587578051,13.223069912197705,13.243804810026672,13.266882587317696,13.781293497354644,14.306046817290342,14.841246365653806,15.38700200938882,15.943429813748581,15.97586356817676,16.544812120718635,15.526417687651504,15.56797976524724,16.1335033648861,16.179882109865588,16.75905652983429,17.34990751376814,16.865074461553494,16.393470134873127,16.45395806417033,16.517322501464516,17.112493606866792,17.7202294810364,17.792840844887053,17.329777321413445,16.357268097430396,16.95958115843289,16.521670219210186,17.131562230939014,17.222369157458346,17.31646196411929,17.94869872113782,16.469186960680002,17.09069330245145,17.197236776591954,17.307317730370027,16.896882275531237,17.538427299743205,17.659636189824536,17.784743606589295,17.913853507928447,18.589048164529313,17.121577964401503,17.788352069915444,16.361315395152968,15.49125481948573,16.134928259070026,15.77492628097921,16.432904465082185,16.588785451798444,16.74947999146738,16.915163878789567,17.08602337086393,16.218492288894527,15.879808223865886,16.05603622875053,16.23787119207314,15.908830842780814,15.585711228943355,14.767872772464763,14.459921295364202,14.157301526073997,14.349285352546337,14.053460531360017,14.253708888919965,13.96466092776393,13.680527084391958,13.40119170255364,13.614149597214016,13.341436506625488,12.590898464822166,12.809736638517744,13.037157895273833,11.820123535355755,11.57157077915824,12.279596976237837,12.524017936872054,11.795998194601129,11.08414622079869,10.853909442367563,11.101683092493799,10.878380564916261,11.141595012128104,10.443847049711076,10.232605058283045,9.092413837675013,8.438679971526557,8.689487145084286,8.955284051988441,8.763635323228852,8.575998075565929,7.034269123690098,7.746724969840548,7.114009989021773,7.396983902816436,6.768160667779943,6.151974002242073,6.438698507047104,6.7520190341786215,6.60409265356224,5.0658087118349,5.367202250499085,4.323087863931321,4.1738725902026586,4.029511476011082,4.8453811879232305,5.265430686065846,5.19314773192502,5.743194879134279,5.13284169876148,5.171342087382539,4.5908826806126175,4.029172904990522,2.7666419692138327,1.486039294854054,0.11036137309548014,-0
189,-0,0.26051726004527564,0.7737245995607125,1.2895398676951388,1.8079897365585182,1.4530134186056702,1.9065209970780523,2.371930850396303,2.847074229341643,3.330486630669729,2.971135563636624,2.7166638132328247,3.1450005105782384,3.5839259917163275,4.032416414229738,3.771379690939628,4.207722012321514,4.653060522457889,5.10678323358199,5.568375927094874,5.287822433116735,5.740975911215062,6.201759267273198,6.6698269796128375,7.144880007707799,6.8528880237043905,6.599105271388424,7.05642865120346,7.520962997294986,7.992484392769485,8.470794992061418,8.205854763716523,7.969055357421652,7.121447365833706,6.382413928354165,6.2496361874091315,6.12792447727987,6.5331337299970675,6.946462213626982,7.367729068387012,7.79677019964101,8.233436878781502,8.091477835633402,7.417797230196032,7.83786374431181,7.724330533059399,7.618597145135331,7.519998849382232,7.427950446571222,7.837626826212031,8.255185777938022,8.680533856657767,9.113586687384977,7.510643089879246,7.913624816186584,8.324589374013655,8.74346407577602,9.170183859170425,9.08836686839548,9.519851985181859,9.959125736153265,9.876572887421101,9.798960842588896,10.24058535410472,9.657438661611462,10.094210179660223,10.538902990583294,10.470072466522582,10.405421108686747,9.851181992709435,9.799611411792439,9.751376552888983,10.184692193612355,10.626208312971942,10.578181807516053,11.026482783073442,11.483041955692999,11.435695617877128,11.89931983804049,11.350845705962763,11.812353281184523,11.278333879563741,11.246442086768758,11.705480260395413,11.67573149750503,12.142830880312227,12.115378431911335,11.602898078978157,12.068785698222241,11.567290541290504,12.032802249083629,12.018631228346868,12.006932865486847,12.481619661801766,12.472521849382323,12.465884553220512,12.461665280602269,12.459825354676013,12.460329732466226,12.46314684038038,12.949916687359835,13.446530767535519,13.953086410660013,14.469686638249906,14.996440303974024,15.006308015747646,15.544582421675361,14.520195786720171,14.53927927643445,15.072729000892494,15.617000282415493,16.172237650625508,16.738592802076013,16.228900551041875,15.733626471460482,15.769676900631543,15.80849756975775,16.376628634403435,16.956712438803503,17.00355837110506,16.517841569564137,15.527973301548286,16.10049331304026,15.642010932710368,16.220909293845796,16.2855922524652,16.353313673517,16.952586062004652,15.466801116106573,16.054176119922207,16.133577792361702,16.216189003225875,15.78672708361887,16.39130696832717,16.483958520728677,16.58010961867408,16.67984495211726,17.314855496437833,16.89043412801069,17.53677644571605,16.067943657773714,15.164370836866036,15.78582166748937,15.39677114168389,16.031036758498182,16.15997350742273,16.293319697156363,16.43122869353916,16.57386328326869,16.19490385762437,15.823035651812635,15.974121507639577,16.130405610179263,15.768805252531017,15.413737345868974,14.559602567809014,14.221514642242532,13.889286873213962,14.055078557132992,14.226802841743828,14.40474638787403,14.082774284002012,13.766236142522496,13.954226467895916,14.149379030840006,13.84177263453385,13.041011115643817,13.241879780490418,13.45089195549303,12.171929022288829,11.89151671739782,12.594159702662042,12.819129717473986,12.04639628801275,11.291627291545819,11.516568751637356,11.752275869093175,11.496841478770152,11.747499670562233,10.999166369662188,10.756862975760157,9.551243628177875,8.85159165518545,9.089697625069528,9.342179120491945,9.121232373411774,8.904450506448097,7.292639714808469,8.003865899848773,7.3303969148381,7.597495426002914,6.929197579581547,6.275142785859845,6.543985291439445,6.8378519743030886,6.66045905865707,5.072395222289211,5.351354550970091,4.270335566951667,4.093419791123572,3.920414088730712,4.704665889545004,5.087082455232522,4.973793721443282,5.471713925344472,5.437187974264147,5.454165820499266,4.831053092034094,4.227259179680662,2.902629901519386,1.5611100313371753,0.12540618864381733,-0
190,-0,0.23511979032181432,0.7251089239896985,1.2175811895674786,1.7125619103565548,1.3524233336306013,1.7826487314834207,2.2245376342523455,2.6759563428950233,3.1354606795458944,2.771720309207002,2.51289508517966,2.91719034822637,3.3318651381654036,3.7559092868397315,3.490495582644232,3.902158348218108,4.322626911076933,4.751295523487365,5.187654439673237,4.902453700027813,5.33010976842672,5.76521502293368,6.2074258959194575,6.65644458991753,6.359388178953834,6.100506955955487,6.53139323329601,6.969305136659508,7.414019079915464,7.865337155256305,7.594772159324753,7.35230264839878,6.520736107101373,5.7979004647336865,5.659493403983147,5.532106016447193,5.9094427578377005,6.29468383236651,6.687648933045752,7.088174082980323,7.496110294168241,7.347673677388723,6.690067144458484,7.080922157854441,6.960726818533763,6.848267474866494,7.236763912360037,7.126791316901647,7.518295554946873,7.917293456707197,8.323696639474127,8.737425274726304,7.12433707001565,7.507453817966781,7.89818075312382,8.296448334687659,8.702194236045136,8.603592824878746,9.013427076126455,9.43068831782641,9.331130164226371,9.23687607226745,9.65550711385944,9.063018565659448,9.476176860052902,9.896896120591018,9.811689268561382,9.7308987233307,9.170216086403986,9.10339036915082,9.040050487146052,9.447515372120167,9.862811321497222,9.799176052701766,10.220564536232818,10.64983600317573,10.586343746829963,11.02197394664511,10.469462790839124,10.902310957067712,10.36517106586401,10.317450284402428,10.746809511863596,10.7009098297678,11.137579192909561,11.093631147574753,10.579635051171557,11.01401913449361,10.511636137341137,10.94490811360621,10.91410745814172,10.885722694118583,11.326971177989444,11.3007305978476,11.276869988831585,11.255337697964034,11.236086032849244,11.219071053583306,11.204252383731944,11.654668605695742,12.114431329072145,12.583629933583367,13.062359114425607,13.550719013239908,13.540580894194042,14.039454787534611,13.03369174775575,13.525301947964996,14.027047397408518,14.539056639097847,15.061464708684369,15.594413350254554,15.071437665237712,14.563828435320909,14.576548548188175,14.591866696373515,15.123966707955017,15.667378095136195,15.68938842695403,15.191773041552072,14.20488655521565,14.738502478906412,14.269757629402768,14.808487994496835,14.847522104378427,14.88928599508771,15.446301204598257,14.477596767430356,15.0312818467237,15.084307851532035,15.140252982825302,14.69298704930632,15.261100494907932,15.326112956012983,15.394265030118694,15.465622664396136,16.06101579509565,16.140395120988885,16.756001548992472,15.784597634813762,14.846023771824177,15.44552384463196,15.02669088268795,15.637540677314234,15.739376925674469,15.8452602474909,16.486222875312162,16.603179714770047,16.18854727047992,15.78186278286901,15.907145151405537,16.037258294834803,15.641736017232828,15.253483337125584,14.361294531525415,13.992130706984822,13.62947390966761,13.76885794421093,13.913626358244603,14.064032857895088,13.711776304154302,13.365468320643318,13.524831069278472,13.690630638442366,13.353138874800656,13.021192573691954,13.197199918874116,13.38069466334034,12.057182520066934,11.74600124484445,12.427272910302348,13.139977966295419,12.31940522626851,11.518802164102146,11.722937055914718,11.937145198690246,11.648607411271355,11.876619860356257,11.085565000871998,11.319903270576049,10.043904937943967,9.29480824644971,9.51905542041243,9.757088035115231,9.50465798535774,9.256622862804663,7.569777683486372,8.279783865951853,7.562814352756484,7.8131832555519125,7.102898654454162,6.408642273912475,6.658923775062582,6.932702217973405,6.724550245343397,5.083672537295657,5.339832855051798,4.220155835851566,4.015031360882899,3.8130949206708324,4.566239774323034,4.911415600614836,5.3214508924153305,5.818400463980936,5.760165158744347,5.7536570548720665,5.085047107885698,4.43640418702578,3.046126331065084,1.6402661353896841,0.14124632987259347,-0
191,-0,0.2098566290639451,0.6767510263030285,1.1460050860332562,1.617642804265686,2.0916885452797627,2.5681670492054294,3.0471034398015826,3.5285232324369935,4.012452342280085,3.3849366434055677,2.983759423358225,3.401072241206598,3.8260923962857567,4.258147914022254,3.891608311959434,4.307456732613075,4.730476706851262,5.160218891150332,5.59630682642422,5.230977013500321,5.656072629147149,6.087571285298174,6.525203681979071,6.968737312702981,6.604858663059293,6.290781703531523,6.7139134209672635,7.143355735068999,7.578921251359872,8.020444608049003,7.700661868940032,7.415398697246894,6.524121528416441,5.756082525990947,5.592950512518256,5.442717760267015,5.80686335770818,6.178426304664691,6.55724036259089,6.943154434255278,7.336031319879215,7.164342675316485,6.480548847145364,6.855223285432654,6.715570942948329,6.584623615248235,6.955827978430832,6.827885620258399,7.2013669104311155,7.581956476887515,7.969570979757978,8.364135125294606,6.7411426898286475,7.104564730884245,7.4752275696348205,7.853064839354573,8.23801698084091,8.123001867239864,8.511373106509197,8.906813055948149,8.790686984044466,8.680281421372687,9.076122534791766,8.47521360153795,8.864971451336245,9.261933372798405,9.16098758024483,9.064735372784314,8.498840148281463,8.417539590536904,8.339907518550588,8.72176767270007,9.111093015079803,9.032703654729064,9.42743821661071,9.829684388138114,9.750942057776546,10.158850133159067,9.603909360266437,10.008381354213586,9.938207246218276,9.871221174533769,10.280406153489944,10.215122402474758,10.630823190902483,10.567345681502253,10.50686496276907,10.928231650944937,10.394478178193493,10.813928467606488,10.76099283506627,10.710749898902154,11.136914534812192,11.088663418163495,11.04302552781303,10.999929619898376,10.959309308143208,10.921102776064348,10.8852525150228,11.317633651310016,11.758883148447664,12.209086011518167,12.66833225168045,13.136717009251754,13.103520771949016,13.581473604855244,13.045031340383531,13.523896803827418,14.012397792955833,14.510657738001834,15.018806216415781,15.536979156625607,14.976853924467678,14.433996739927368,14.421660617201805,14.41200882980222,14.926990551736289,15.452729565038451,15.44883886812872,14.91873035018866,13.895720547486235,14.409726834913737,13.911991415214503,14.430038987086453,14.444160599251303,14.460941020074468,14.995527853835586,13.997251436880745,14.52740653414453,14.555010549268099,14.585384741206948,14.11247493518902,14.654578783984013,14.693475650799998,14.735296972530838,14.780091288631255,15.34669004164303,15.398538681621638,15.98381051551934,14.99012322714632,14.032126384336642,14.59925391676261,14.15748851841442,14.73432468290834,14.80707884260486,14.883442651059793,15.487638786305222,15.573676320353332,15.135292819678462,14.705551484151679,14.79918783031921,14.897053479602686,14.478831930835648,14.06847718281657,13.166875868706581,12.77755421163969,12.395286990925346,12.501015986359484,12.61129857066678,12.726342608978744,12.353913895200423,12.475043590123615,12.601465775950132,12.733449868645737,12.370684986696741,12.013892128198558,12.15420990765609,12.300924321795355,10.97769058444111,10.643159387132949,11.271675097645977,11.929405272419109,11.09819075471862,10.289579152865514,10.451037293562512,10.62083850040209,10.305999926707477,10.486509912347184,9.690232515771434,9.874304758943847,8.62098412700625,7.874043474144171,8.045015829996162,8.702915145341326,8.420573987048781,8.142270794858845,6.494492398743116,7.127864624516229,6.407702885823075,7.068093096392523,6.341950108233611,5.6354458579870075,5.835245162864009,6.054159245300299,5.809976869044872,4.215945172527716,4.409418611764266,3.3267416134386845,3.092166233198303,2.8592554741000944,3.479045845121843,3.7220534457388093,4.011263448401369,4.362311740155973,4.7993143636364035,4.689271074181499,4.6293787560435185,3.906638246626181,3.197819984334579,1.7238801879443828,0.15795438149971322,-0
192,-0,0.18472636322042588,0.6286481872220436,1.0748075105234707,1.5232270229083475,1.973929761365778,2.4269391172171413,2.8822788434268705,3.3399730621029313,3.800046272192956,3.169903064494416,2.766131561751488,3.1595273147356164,3.560447816962074,3.968229257581631,3.5991266361916194,3.990499472244274,4.3888665533509705,4.793782869363909,5.204874998083782,4.8367749492476815,5.2366311337524625,5.642716760826303,6.054763933923663,6.472540964190345,6.105531001995777,5.788303614399587,6.185301231116522,6.588428749914608,6.997499030788367,7.412346603570522,7.088941211353104,6.800027216887302,5.928528202341487,5.180457135568172,5.01378435816536,4.859983354783772,5.196653145701422,5.54052635296101,5.891437724316715,6.249236674787908,6.613786106576336,6.437801604986096,5.77407429994344,6.1199715565871475,5.975902940995494,5.840497704686377,6.182382490489399,6.049776995290458,6.393540466849033,6.7441762406607015,7.101600108973238,7.465735624872634,5.913508093220027,6.246269778551337,6.586020092745373,6.932691576382807,7.286223284003704,7.165373004780103,7.521868577716515,7.885170689360807,7.762737977281558,7.645954807346422,8.008970805004894,7.427913439523117,7.784410558964157,8.147828295889383,8.039833954729081,7.936449821387221,7.39050752374305,7.302056241413536,7.217187022286006,7.56408734243578,7.918138879256764,7.831921529202124,8.190806146507954,8.556876383915373,8.4696771449917,8.840805964967265,8.75499275559296,9.131371016431862,9.047005914301078,8.965932181559856,9.345982478521798,9.266366017613612,9.652202162719421,9.57412307711147,9.499097412322538,9.889504316366537,9.357742453768115,9.745521557000021,9.67777803490444,9.612733913226082,10.00606578383745,9.942633147208095,9.88179503275153,9.823470288888462,9.76758289905047,9.714061658496794,9.662839879675058,10.05957260506138,10.464689306216048,10.878267584376568,11.300389685116913,11.731142613628942,11.6803475171949,12.119695170795199,11.586321704452725,12.025643909307197,12.474048611991577,12.931648906174251,13.398563574532018,13.874917276504698,13.833046965018937,13.279555495693195,13.245192104591625,13.213420879840797,13.693106357880346,14.182927983659766,14.155704303465903,13.616123596156982,13.09247863265827,13.57775081765953,13.562400512436751,14.059995583122458,14.048834295472124,14.040315298677509,14.552730394305563,13.523720453924847,14.03061988526812,14.032694786890985,14.037441340167359,13.53860794248903,14.055017723878157,14.067890680226983,14.083521703096284,14.101941711050557,14.640110505380747,14.664679137321746,15.220008903853204,14.204270688476576,13.22740558658513,13.762595052020737,13.2986028032873,13.841893230211234,13.886226652136557,13.933782848251552,14.501737891398895,14.557639969546576,14.096642833662195,13.645131120120421,13.708129963633736,13.774813004213975,13.335505231515059,12.904816499570602,12.482485316846626,12.068262831061423,11.661912148774519,11.738557582153764,11.819151698952336,11.903865461334359,11.99288286956074,12.086402128002877,12.184636945856315,12.287817991053824,11.895564697449135,11.509980597018194,11.620431517276236,11.736495018311702,11.359266639037328,10.988160137178955,11.61179912432155,12.263703050219277,11.380312011213054,10.52205779998904,10.661898803959758,10.809490274360469,10.459782840649243,10.61720145628986,9.775939557614437,9.936317836354348,8.632295659393943,7.84681209747873,7.993907991611759,8.632866229189364,8.318425752022996,8.00831920248229,6.768160667779943,7.400663180809385,6.63370713699525,7.290777197272781,6.518979936556662,5.769179262224252,5.949885395108008,6.148343839856953,5.872336949845612,4.2231594503646805,4.394476348977037,3.2739284497551817,3.0131451826934463,2.754250612419746,3.345179512118723,3.5546607882706036,3.8046659591384255,4.681862125441807,5.115686880806267,4.978109462984151,4.890936785585482,4.1174019834441955,3.3585005115492863,1.812378785172644,0.1756133468254861,-0
193,-0,0.1597276019233708,0.580797730271039,1.0039844803350004,1.4293092562910765,1.8567937889009543,2.286460142195671,2.7183307203310965,3.1524282746207333,3.5887759107514086,2.9569889632498856,2.551608075830996,2.9212523503468586,3.2982357553139203,3.6819035818689576,3.3112731593061806,3.6783419750307855,4.052225595220476,4.432483997447451,4.818747320859442,4.448962215046384,4.823754282283521,5.204601326025358,5.591237246166483,5.983431502569227,5.61441567617535,5.295172212351307,5.666223730039417,6.043224001002683,6.425986457697882,6.814345798713864,6.488488464356457,6.1971046554754405,5.93435421601739,5.138251778471627,4.946312598867871,4.769499736598482,5.09322978732627,5.423683934868445,5.760710722775502,6.104172218217936,6.453942922987037,6.254894182895165,6.069319770854282,6.412008640312658,6.232298461576179,6.063701481352827,6.400735061158638,6.2365981839489315,6.574471053156967,6.918691891134763,7.269187373066556,7.625891228122832,5.983887255134486,6.308422906795575,6.639470068814263,6.976968801154436,7.32086517097559,7.174242438381931,7.520242911135823,7.872605290501659,7.72479251424009,7.583717604592177,7.934581696307435,7.3199922249098774,7.663581136023132,8.013670082201832,7.883382141167449,7.758479385980568,7.638639199538126,7.523566056632641,7.412988639000925,7.75392602672162,8.10155830565655,7.989655068692706,8.34125851226426,8.699599918462496,8.586703755249768,8.949257344048561,8.838097097513804,9.20506135527759,9.095653901540977,9.467232127623271,9.845750450074375,9.736003505154015,10.119423931927614,10.01162370851092,9.907656609221497,10.294356141394529,9.710570088816965,10.093814243141473,9.998782677512542,9.90705877033536,10.294580989511521,10.20462977486031,10.117810980287379,10.034011198220838,9.953124047317504,9.875049685101878,9.799694365090515,10.187693545840592,10.583617091625307,10.987540050190407,11.399541853471495,11.81970642552052,11.743073827741659,12.17093393971152,11.598428337662474,12.025398986653114,12.4609661685031,12.905238175518345,13.358328666513401,13.820356843360113,13.751428383696704,13.160313965866143,13.100105837056354,13.04270009957551,13.505733819873322,13.978365992241798,13.924727617031099,13.351447451992142,12.79605588919055,13.262203179620164,13.221561155019455,13.698929018119108,13.662014817240712,13.627788880573355,14.118283324418254,13.057159991301349,13.541072168970048,13.517448252581996,13.496454465562413,12.97133134754349,13.46235584238723,13.44925901622324,13.438808413599526,13.431016957901068,13.941112370921566,13.938630683896754,14.464402366423888,13.426831771235827,12.43168644933922,12.935363168002041,12.449893928812724,12.960096621243283,13.484591129770674,13.504966147321024,14.048216101038749,14.606880765971221,14.10696401602892,13.617870272294475,13.654325655015594,13.69424723022536,13.219225583874625,12.75401677104574,12.298323532606936,11.85186452712367,11.4143735028026,11.465010753892509,11.519205962235608,11.577100602687157,11.638847455665495,11.704611601596461,11.774571531030178,11.848920386239467,11.42686971167573,11.01235841707306,11.09317045547619,11.178876180548516,10.773231625098663,10.374482237345891,10.962157778949189,11.57636525491193,10.668869842777427,9.789732838390576,9.895119470537665,10.007047003362715,9.629995153998316,9.749766477407084,8.89304803243213,9.014230199763654,7.713600113024207,6.922042666001554,7.028951358948913,7.606404302256849,7.266763082052591,6.931764322735671,5.716916167596893,6.275142785859846,5.51283869593809,6.086910225850435,5.321602680899964,4.584525389353993,4.705231714227805,4.838531128400603,4.535317797416409,3.0099645022076706,3.1099395403528423,2.096616575358647,1.8298219043454738,1.9016901498220897,2.367377168232659,2.491165608703841,3.104960444093273,3.859096251615926,4.182840070775711,3.9560582058796117,4.439455178523736,3.5968899060758286,2.754853902264555,1.1808359622636193,0.19431874407432093,-0
194,-0,0.1348589760263273,0.5331970208836213,0.9335320752936331,1.335884278012244,1.740274074193321,2.1467222216404855,2.5552497972192647,2.9658782034345976,3.3786291751788475,2.7462637466983235,2.340337780879348,2.6863995505294267,3.0396110942253673,3.3993278735535655,3.0282900828905506,3.3712300388216736,3.720802586046803,4.076573443504684,4.438176915355778,4.067883564608091,4.417789755410709,4.77357509961907,5.134975748595706,5.501762693319102,5.131963160653105,4.811935041460265,5.1572318928954575,5.5082954023296375,5.864939946110098,6.227000714101939,5.899963849281655,5.6073936729779374,5.3434498928212255,4.571784155290964,4.37874364726693,4.6832223362362155,4.994101941240798,5.3112311030245465,5.634471975154337,5.96369911189153,6.2987984684972735,6.075600809706543,5.867872678813908,6.194750677226316,5.994259298238967,5.8063789005482205,6.126528332946445,5.944092513580958,6.264374742837099,6.590629987190152,6.922789887359568,7.260792654266123,5.609729528241503,5.915069908399315,6.226561761594777,6.544148399079286,6.86777874549515,6.706030390111633,7.031119371551874,7.3622215625501655,7.199376375153678,7.043885123155422,7.372558885845003,7.21991290727752,7.5506984405943225,7.8875678686844655,7.733846687145747,7.5864503102863745,7.444980535629148,7.777122855696373,7.637846176887342,7.972865405388585,8.314127626293105,8.173796598955075,8.518176102189534,8.86885040886911,8.727744921503206,9.08179322404537,8.94298194260452,9.300610495071904,9.164049573195447,9.525467267969352,9.893392482913274,9.756544087079781,10.128550787753857,9.994037224200772,9.864081367020555,10.238159055692574,9.617003113037454,9.986848676432992,10.363573099783663,10.242118069102634,10.623879051934045,10.504544013400963,10.389050566226073,10.277242933809678,10.16897513962591,10.06411026518677,9.9625197795312,10.341862277604465,10.728674578688825,11.123029256621587,11.525003012981852,11.934676778180602,11.830255810887817,12.246736023423688,11.631450893269129,12.04618735163126,12.469040197185087,12.900113039835434,13.33951454086009,13.787358578740088,13.689798106314457,13.05807053326098,12.970744969068743,12.886525993760813,13.333078647298908,13.788699205732167,13.707570700381348,13.098501431304582,12.509579399699799,12.956806285494999,12.890198753084594,13.347559706398785,13.284301010965859,13.223849153304663,13.692668502409544,12.597785189887396,13.058972659607607,13.009404983199346,12.96249108497166,12.410607980360432,12.87654931070295,12.837492583005847,12.801031906374655,12.767161628809884,13.249532560606388,13.220206507858032,13.71679575330217,12.657595981235096,11.644800418154192,12.11738091830038,11.611240100926812,12.088803630731368,12.579754386260204,13.084461264675122,13.603313199360832,14.136720521392318,13.604898790205583,13.085287555157318,13.093120648026737,13.104129152238167,12.600468173511661,12.107877765498326,11.626031981816789,11.154624729862592,10.69336882407267,10.715660783281265,10.741030615152988,10.769585643795482,10.80144245491009,10.8367276896655,10.875578932109276,10.918145702821443,10.47361495425756,10.037619672616621,10.085656488796078,10.137730891503315,9.711193591645726,9.292485457600765,9.829443762878899,10.390855656387206,9.47814083752286,8.597752223954759,8.664780689279533,8.736939032229962,8.340704853264981,8.41846074207231,7.567796192192297,7.6453380216281746,6.3850293123118975,5.612296820073847,6.096390610650056,6.613730415636655,7.166939725933596,6.800194527771431,5.986320204306393,6.543985291439445,5.730901093242592,6.30207673188812,5.949885395108007,5.145140147622481,5.2588323363755185,5.385176731167269,5.04580402192452,3.399930722236367,3.493805851179548,2.3928969002041387,2.0940155274647614,2.1602584558436937,2.6465224642254475,2.7646114990825397,3.3991198352126837,4.174135503023581,4.492049914244491,4.2329165569851135,4.710534267019509,3.8099986827216874,2.9109687076936654,1.2563535355505013,0.21418125801316412,-0
195,-0,0.11011913765431307,0.485843465532265,0.8634464364519023,1.2429469435165632,1.624364166460175,2.007717577478539,2.393026947209765,2.780312350868452,3.1695941745383984,2.5378095152507174,2.1324938162723184,2.4551465249711275,2.7847550668129224,3.120686297743675,2.7504594134687634,3.0694504920630377,3.394888398406053,3.7263454672578704,4.063460868107664,3.69394169864582,4.0191443400682685,4.350048356114354,4.686392681458579,5.027950284286341,4.658701041610563,4.339231736609776,4.658970205158834,4.984291678469334,5.315011915861384,5.6509669785469505,5.324140823754629,5.03178626527553,4.7680630791050085,4.023459579150505,3.830758251580128,4.1085278741731965,4.392485451475801,4.682481570615268,4.978379758711565,5.280055450304984,5.587395053210055,5.363839038580857,5.1557512655873,5.454392044800624,5.2534027704762725,5.065021570863183,5.356432451757743,5.173348204829453,5.4645169480364935,5.761428193788202,6.06401300750439,6.372208736419923,4.806615679088437,5.081979669062655,5.363246552572637,5.650359091440013,5.943265340512482,5.780006703775388,6.073939544152265,6.373628668115893,6.2088865582192785,6.051477467836297,6.348092875454058,6.193310468333203,6.491566513172713,6.795630509696915,6.639334646598947,6.489332964485428,6.345226667026433,6.643634486196575,6.50146630161489,6.802227852245939,7.108929494428055,6.9652033606527795,7.274474658471325,7.589726234906489,7.444686623739947,7.762738231850883,7.619681380338809,7.940720600733222,7.799587906726587,8.123804058803465,8.454180384539454,8.312133085304525,8.64594736135398,8.505866024793137,8.37026322689608,8.705175328119498,8.111646439726831,8.44169590179571,8.778229132331468,8.65022514778447,8.991056202606957,8.864730906290744,8.742140973113049,9.085448220801954,8.964462527992898,8.8469692195730385,8.732827431105697,9.077349342862517,9.428875819592385,9.787472535321395,10.153208959816727,10.526158452619628,10.407199853888176,10.786026962320735,10.179374991809894,10.555568667031787,10.939349185522364,11.330810595588154,11.730051577306321,12.137175594318487,12.022730829677881,11.39929264168598,11.295404962968162,11.1945423113416,11.59779885159582,12.00949483840199,11.910524736872583,11.311014127122894,11.221070398995924,11.63128563986895,11.543858271021005,11.962971097386149,11.878252050047447,12.306723919194846,12.744739060744037,12.145887079652754,12.584606530740901,12.508758468777918,12.435663256680257,11.856422835641697,12.297576528105527,12.232516863742173,12.17007361754267,12.110221713257635,12.565209528557647,12.509217736861244,12.976992041977496,11.896349050803114,11.352363214692987,11.804567016254227,11.266991613411927,11.72284610411591,12.191314111104647,12.672742277445698,13.167495963103205,13.675960509701243,13.111228221319779,12.56033636274562,12.539434978170972,12.521488771411601,11.988909742878588,11.468888720184928,10.961069122666476,10.465119357115157,9.98073173106494,9.975326262917282,9.972593933242718,9.972609587109076,9.975455477756118,9.981221873508588,9.990007737982896,10.001921493451649,9.536714120816614,9.081298308387332,9.098077757783983,9.118139309777574,8.673368226857813,8.237658211707535,8.72484850443761,9.234471286425473,8.791352989478561,7.8946422415361015,7.930099714740318,7.969709265455832,7.551093028529058,7.5949505809573665,6.737010959100757,6.779974344454073,5.953079376443952,5.164093233864919,5.612417785172423,6.091556289577665,6.6039243955060325,6.211141402563423,5.383982932271317,5.893292436890991,5.070363768051369,5.5869136169767275,5.670662337204348,4.838531128400603,4.919645294569869,5.011123224938172,4.6418688612461585,3.831096176526362,3.9170921042685047,2.7215644552386764,2.3872248205160824,2.446240729086677,2.9531556608897054,3.0639453604639755,3.7191874404076426,4.515071734223535,4.825546289684919,4.530929332930395,5.001208481385545,4.038220746633843,3.0778710673111123,1.3371279843010149,0.2353301332661533,-0
196,-0,0.0855067597654422,0.4387345108803473,0.7937237648206428,1.1504921883949297,1.509057715684591,1.8694385534654894,2.2316531867679155,2.5957203845790495,2.9616592056923503,2.33172370027039,1.928278560564131,2.2277015058595975,2.533880734648768,2.846195907917006,2.478111137140502,2.773339730283608,3.0748248823347555,3.3821465664360773,3.694949636621214,3.3276094834645513,3.6282965066295203,3.934504427147216,4.245975590879006,4.562485469109969,4.195250611530811,3.8778136153131797,4.17219672470478,4.471976856122343,4.776971677518648,5.087018575292537,4.761930675677171,5.0658476445894465,4.764850247243661,3.971609569655072,3.7545088484500138,4.020143021094635,4.291484128460259,4.568397200690936,4.850759046409108,5.138457309562201,5.431389617570602,5.183875192405742,4.9542079531634995,5.23733011378593,5.52572534242546,5.297943131956078,5.584712264077416,5.365025004893207,5.650539598902883,5.941287669730717,6.237210685769178,6.538255743560723,4.870130579509697,5.137568441052867,5.410446547148822,5.688714785408235,5.97232788162763,5.781915281458588,6.065721320895921,6.3548521148747525,6.16385359493772,5.981704613916329,6.266588653325378,6.0880790814813315,6.373826408771847,6.6649738229516675,6.961504421812352,6.777743758108681,6.601560140239608,6.895106162506935,6.721995267275476,7.017037394729906,7.317577679913485,7.143536256071561,7.445810050289459,7.753630795627413,7.578822478923918,7.888623061114423,8.204034509947398,8.525070633612712,8.346275567390352,8.669613739524623,8.998662791681234,8.819626683758147,9.151255422217517,8.975184029287751,8.804907341397197,9.136379701035885,8.480556930675405,8.806362620205732,9.138215633260067,8.978203037790188,9.313518683982606,9.155803768320466,9.002780707303293,9.339339870136424,9.188422822602508,9.041845347322798,8.899417720179168,9.235555365968091,9.57825451449587,9.92757850631195,10.28359423808675,10.64637225004091,10.497856039397151,10.865645634455442,10.212983119802926,10.577307713885787,10.948752145785413,11.327406050865587,11.713363402204195,12.106722652343722,12.507586883965402,11.822370504386924,11.685989440024937,11.553295235728086,11.949490808747917,12.353645794092335,12.222593676646627,11.569508151325163,11.449585661068758,11.8504737692483,12.259837115071903,12.677825023374004,12.559462742445655,12.985901758001372,13.421401846882047,12.758607671089166,13.193915153368588,13.085171238979209,12.97966124817559,12.342193411077965,12.77807551788577,12.681877690397306,12.588669293185651,12.498400273430486,12.946097823441109,12.859499636589575,13.318894385195465,12.695114515333762,12.089681458776996,12.542263233646903,11.945471748451444,12.400745776205842,12.868095675005444,13.347855743801501,13.840378236761602,14.34603457025251,13.722294569769275,13.114780536596317,13.064178439048343,13.016672857427398,12.43142127264895,11.860827992900939,11.304462376607624,10.761926596006305,10.232854084310507,10.201534379221634,10.172847301784685,10.146844660931938,10.622445047657742,11.114949287864007,11.100141425157705,11.08863989729289,10.564056260126607,10.050996667172017,10.045856985256112,10.044102628747492,9.544576841352853,9.055674720057723,9.553798929373801,10.073860933275478,9.578163889092687,8.600729022198188,8.616062347299895,8.63549269641166,8.168945898578192,8.192930562142863,7.262958807472349,7.286747666362216,6.3922692663565375,5.5393616021785554,5.99184093359078,6.474295339297965,6.989069812434386,6.554695580138721,5.667350587510309,6.176279512434417,5.296060559492907,5.809976869044874,5.872336949845612,4.986388525976262,5.045804021924521,5.114564796222758,4.708805485683231,3.8522367969733025,3.9141949362204715,2.6731922553115472,2.3114807731788245,2.3458248060834355,2.825543095991232,2.9038939633755887,3.519264139168854,4.265425631134934,4.518348608630125,4.163347817032351,4.54565452278057,4.283382537626028,3.2568542628257444,1.4237842035687556,0.25791757311121416,-0
197,-0,0.06102053572379045,0.3918676429559799,0.7243603201332292,1.0585150267281735,1.3943484705274611,1.7318776126544098,2.0711196727193695,2.412092134101704,2.7548127493674515,2.128122440163385,1.7279298520072548,2.0043099760423924,2.287239974115744,2.5761139488193914,2.2116335814371872,2.483294577393235,2.7610161720495947,3.0443871825317887,3.333059114174042,2.9694455284292878,3.245812488923772,3.527516236365902,3.8143032769295573,4.105952211913382,3.74234813047477,3.4285686463834493,3.697808722714536,3.9722565192898034,4.251732250448615,4.536075177309338,4.214414048371333,4.492361095010839,4.194738172191712,3.4345535303706374,3.2210006986065745,3.4603380367457586,3.7051672038113175,3.9553558338243193,4.210782702065876,4.471336870185417,4.736916907392105,4.492399014692437,4.265759272714181,4.521086625913804,4.7814694622694125,4.5565042084176985,4.8149149844718435,4.597945708938852,4.854745209845085,5.116550882206169,5.383303810439191,5.654950417379391,4.084966285549132,4.322893417655418,4.566013244305127,4.814275531190834,5.067634538061102,4.879345032982818,5.132482800299688,5.390690531066833,5.201502481113199,5.02118711104744,5.274536683201094,5.097703688583596,5.35146367311865,5.610349886154907,5.8743435654128815,5.691703034417588,5.516655175608124,5.77697813409552,5.604810956600007,5.866126512847605,6.132642169955237,5.959120822082826,6.2268424596454075,6.4998018181212815,6.325056812619305,6.599442744572285,6.879117996271722,7.164092616371472,6.984613318769451,7.271299335745738,7.563356888747241,7.383091355467671,7.6771074592041275,7.499508088802054,7.7956708402969355,8.097362871258836,7.45108475541264,7.746460256266427,8.047486067279252,7.877159652809192,8.180906618482584,8.012811018186753,7.849661087966849,8.153536849771594,8.463323221620623,8.299475905436028,8.140241783958663,8.45078349655173,8.76743871169965,9.090265645472787,9.419325782410304,9.754683956519093,9.587812874816027,9.92729818790986,9.762737627964187,10.106601538554028,10.457106279842243,10.814335590289252,11.17837722318684,11.549323077677526,11.927269337968589,11.214078263865382,11.052981154062982,10.896015245646835,11.267443406543052,11.646289110590892,12.032670041270674,11.33849059451977,11.190379943723896,11.572990030302874,11.96353075188494,12.362142304417683,12.214591310203069,12.62057868800032,13.03504415503724,12.335119584362484,12.748323008999966,12.610506835423564,12.476249803361394,11.80651612187237,12.218037177763176,12.093907313252478,11.972987535936596,11.855203322419793,12.276019226680603,12.161432521522968,12.592556876091512,11.941448408213796,11.835936893897333,12.268451634803915,11.63362161638459,12.067529896506818,12.51276104274568,12.969628022877332,13.438460512352732,13.91960601131532,13.257159096417515,12.613258800834489,12.531869426097863,12.4535362503698,11.835579157770544,11.234382741887716,10.649468960805171,10.080401633583895,9.526784545295714,9.467623198799757,9.41085905006057,9.356513273403076,9.796517256114374,10.252155835601442,10.206408321448803,10.163543550464798,9.61665442655946,9.083097659989843,9.046748985410925,9.013205599416398,8.495538523310213,7.990308804248916,8.439619202947977,8.908916560966455,8.395676449637994,7.422945815557988,7.403818535704021,7.3877474078126735,6.909084370202708,6.896361037785381,5.984761107169317,5.971671375793073,5.104306858212633,5.090016198239346,5.507383326718318,5.952375017411874,6.427138637411835,6.4421439526711595,5.514695042283754,5.999745078181582,5.083672537295657,5.569584296806685,5.600091531416572,4.683582033930616,4.710265631102282,4.74431272293328,4.308722670096936,3.435383290516905,3.4601104132599767,2.2337494455194493,2.2370630398470768,2.2465054251322,2.6994062253353723,2.7454421921981877,3.3216420210444038,4.019075135711384,4.215586698311885,3.8022143394005967,4.100117389958762,3.7474215566849685,3.449461536838733,1.5170661686926223,0.2821245239312145,-0
198,-0,0.036659178883147826,0.34524038634695176,0.655352419641485,0.9670105494733834,1.280230276293329,1.5950273349299031,1.9114176993409138,2.229417587485781,2.549043466322729,1.9271449573692485,1.5317289456166214,1.7852631881351761,2.0451324912636073,2.3107473108012955,1.9514866833453535,2.1997862545849562,2.453943281573314,2.713556859123042,2.978286295375255,2.6201142567868763,2.872367072300369,3.1297677376454702,3.3920678231570487,3.65904981636756,3.300872369088973,2.99255357477171,3.236875788912614,3.4862118111152576,3.7403851868180915,3.9992377271382766,3.682881772930925,3.935083986947706,3.6427414432661784,2.9191900432965787,2.711111493804725,2.9244453849509062,3.143048230415325,3.366791342818196,3.5955564066462764,3.829234731397453,4.067726562345707,3.8282461479506185,3.606693168708654,3.834514275387893,4.06716873748149,4.304579524331625,4.546675925599348,4.31258720911357,4.552402400172631,4.7968606648090635,5.045908034024914,5.2994954192191415,3.7291246805502256,3.9485809035089816,4.172878440623623,4.401970624314622,4.635814885372515,4.436242621278277,4.669256440874618,4.907000769159393,4.707023614191859,4.516850331887216,4.7488702169500545,4.985657810101873,5.227191052581487,5.473450980793758,5.724421651900907,5.518748005886707,5.322117985867137,5.568343434042377,5.375588064441444,5.622082400419123,5.873390179794144,5.679841956459328,5.931638500304733,6.188288049905091,5.993990963267866,6.251352200237997,6.51361799410874,6.780798112882263,7.052904818556431,7.3299528600100015,7.611959468761654,7.401318489564358,7.684500642638027,7.477563819346674,7.76211115697064,8.051775219922172,7.844752011869742,8.13604466470402,8.432561254169437,8.225522550177523,8.523942839573122,8.320217714070331,8.122818070125401,8.420161059026858,8.722987487040168,8.525404654772943,8.333650358919693,8.636021130142119,8.944073045939227,9.257862121362018,9.577447412545933,9.902891091615938,9.70266424054564,10.031390169089683,9.834139525641257,10.166388159415051,10.504822191692371,10.849521172252432,11.20056838632284,11.558050976378953,11.922060071613108,11.156193577532356,10.963133246841297,10.775030510488358,11.130774412337987,11.493434920248456,11.863122743002585,11.12383972929508,10.945875007670201,11.310391492738706,11.682301578219853,12.0617365521511,11.883512134521434,12.269263164445823,12.662917822047287,11.923140214754888,12.314479735691261,12.146566146770205,11.982673841089156,11.27901353603361,11.666450305607981,11.513884605777935,11.36487047426727,11.219305908921754,11.613560266711547,11.47084686192486,11.874045534747669,11.195325448716563,11.062351966860488,11.46489843987151,10.80560099674965,11.2080944173242,11.621061996155065,12.044791469965606,12.479585840199075,12.925764387853027,12.237952105576293,11.571127908294079,11.460361574465285,11.352573696010506,10.715583298535963,10.09763376899905,9.498222907799121,8.916901304625835,8.353270232801638,8.741791041853826,8.657650529381668,9.060944531708243,9.478304953856764,9.910275474222777,9.834328588553458,9.761122069728428,9.18068759861263,9.112795185300051,9.047567801616303,8.985047554765714,8.4266973201863955,7.882968652914273,8.313670065823732,8.7631667790022,8.211671593994005,7.196864015965083,7.149638860996976,7.105079990633588,6.5950211031746475,6.553817413330783,5.614511721617066,5.573841114249352,4.6871716130702445,4.646248028493322,5.029080698646455,5.437242908867427,5.87269178640378,5.853796488485149,4.912983236119279,5.35135455097009,4.874768959619713,5.333075071399278,5.331599519416175,4.383943531487493,4.378360281210573,4.378381666956679,3.914194936220472,3.026940164668947,3.0165718645394475,1.8128530786289139,1.783660454012167,2.1482734368777985,2.574720386249183,2.588484625157351,3.1261896698855405,3.775850505612576,3.917007222701076,3.447268565330282,3.6643020973939566,3.2283469927009962,2.818512950302677,1.6178692973894624,0.30816840453730054,-0
199,-0,0.0124214221813346,0.298850303416155,0.5866964369423024,0.8759739228914852,1.166697072948384,1.4588804146056162,1.7525386955262523,2.0476868880171706,2.3443401936166524,1.7289593142875723,1.3400108095498757,1.5709092490236998,1.8079176045119025,2.0504649337136995,1.6982191612702808,1.9233785539526338,2.15418317686285,2.3902441228426574,2.6312298878707443,2.280412055430322,2.5087707878476935,2.742082057814826,2.9801036033127946,3.222622721802135,2.871880709035428,2.571035646271333,2.790683018116503,3.0151439589138063,3.244246325133836,3.477835320709703,3.168888318387805,3.3955866437658635,3.1106585689944044,2.427738521020327,2.2272768863069623,2.414937827343453,2.6076338846835734,2.8052414557422267,3.007646366973845,3.214743260460331,3.426435015616371,3.1942802485527637,2.980120295283216,3.1807549018978225,3.3859937850175084,3.5957617442579144,3.809989393619612,3.58298907975623,3.7946007560787054,4.010624927238433,4.231008004282507,4.455700926130379,2.9999889374292783,3.190553953542022,3.38570468217788,3.585395547344706,3.7895846219603744,3.5968801081000565,3.799846428861679,4.007283515511254,3.813970755884293,3.630543065365752,3.8316933188046,4.0373387487487555,4.247456672525322,4.462027176110319,4.681033063474057,4.481367331701624,4.699831878910409,4.922745924000275,4.722550288917168,4.945136005449043,5.172195914431178,4.971437220915557,5.198380145003703,5.429832426366817,5.228487734915061,5.460034585930749,5.6961364490749355,5.936801361786862,6.182039624169307,6.431863795997807,6.686288695822661,6.46755639010757,6.7225010262508835,6.507772636548428,6.763413476309749,7.0237960131383295,6.8089246049991425,7.07024403375508,7.336400211337377,7.121391859465217,7.388734263071843,7.177187705983676,6.972412082812967,7.237602526018582,7.5078589874319,7.3026286006574095,7.103614504244879,7.372278460967888,7.646182000518083,7.925374904989813,8.20990969930064,8.499841720105668,8.290830669909953,8.583175976016037,8.377054957465052,8.672024188656497,8.972678389122063,9.27908845304016,9.591328637148061,9.909476670564946,10.233613871281891,9.486312980029556,9.282944012506631,9.084740338563593,9.398686057708032,9.718956922865946,10.045651482134613,9.32766409863531,9.139074761455971,9.458981359521925,9.78562538441733,10.119123446529638,9.92868016463271,10.267202871060254,10.612911079301226,9.895625078594607,10.237733569975266,10.056497364657108,9.879295464861135,9.200986492225486,9.536438340362205,9.370522399740398,9.208118450559043,9.548584045474101,9.897305620068769,9.735686892646616,10.091718436059905,9.422496889819564,9.270723102902178,9.623663643409852,8.976347658892822,9.327496579364576,9.688075356781775,10.058338804060169,10.43855515494783,10.829006952237636,10.151395349711294,9.49704570171233,9.363904664395495,9.743101245330344,9.612730065031982,8.980710983417282,8.369934479215713,7.779945038390921,7.210351928156189,7.555702013192882,7.446831018800957,7.804523392676798,8.174906998942493,8.558467589400834,8.453880157956878,8.351709652256188,7.76620053355291,7.66967070589676,7.575377353223093,7.483316762120268,6.924615551037076,6.383354876931178,6.752134607395858,7.137496728950184,6.588043449574218,5.616482882598614,5.539079591130934,5.463496973516879,4.965479038021358,4.892970958815591,4.020056838816962,3.9496409824106173,3.1445169009415825,3.0759203940334197,3.3684675916575944,3.681934825953853,4.017926679324417,3.9581432191415673,3.4967442618054854,3.8444323091557484,3.790739693433715,4.172750711457918,4.128362627570032,3.6442784448590495,3.6010916590662254,3.561233502119713,3.525120393930157,3.047350677704831,3.011800194507657,1.7597245041032727,1.7081416990082672,2.0511293288129644,2.4514698534744195,2.432907190460096,2.93276693861836,3.535573966017226,3.6223427805141974,3.0982628144649587,3.2379809881104293,2.7263750723946107,3.0102100120049844,1.7272846103954411,0.3363136219942489,-0
200,-0,-0,0.252694993536862,0.5183888008340264,0.785400387014823,1.0537428931890065,1.3234296580831924,1.594474222024486,1.8668903310250304,2.1406919409705623,1.533770104036978,1.1531776152896458,1.3616677359917608,1.576029863336839,1.795714321329965,1.4524909888516715,1.6547517728465853,1.8624340253300342,2.075162920593984,2.2926178254450695,1.951301739927596,2.1560059326186707,2.365458932531967,2.5794260092972205,2.797700413588852,2.4566570372065732,2.1655472844585213,2.3607879208558633,2.5606332333889723,2.764916632324309,2.973487783678681,2.674322484101718,2.8757805305992648,2.600672433426689,2.3549900425659325,2.134212188869421,2.3102451661547296,2.4908475166674098,2.6759091254558975,2.865328319303017,3.059011312950129,3.256871689029203,3.0057190536071414,2.7754625143440452,2.9612401836400086,3.151234088425444,3.3453765134197835,3.543604960097089,3.301826159615857,3.496793239855515,3.695813750013512,3.898839135655879,4.105824918409399,2.6610173483054047,2.8335496887775324,3.0103163710099055,3.191275828321988,3.3763897221724166,3.176131450157447,3.3594387801387438,3.546878081852624,3.3467307164648097,3.1575619091141762,3.337898809076498,3.522393023230287,3.7110235300377408,3.9037717556873415,4.1006215394619385,3.8950180792491724,4.0907475680446765,4.290591455012426,4.0848955764568124,4.2838266436812615,4.486893976122633,4.694094277244668,4.905426375376198,5.120891209317362,4.900569897734477,5.115435749586314,5.334479908212005,5.557710212444906,5.785136548911403,6.01677085039577,6.252627096050563,6.014430194884585,6.250102566624214,6.016908127735807,6.252567795317407,6.492582183424493,6.259817081020816,6.500047913876914,6.744721406891114,6.512293407153826,6.757417708731953,7.00708318814707,6.774919394657808,7.02527727501929,7.280286223540189,7.539985615155981,7.304284819139656,7.565010348650014,7.830554344921336,8.100964487939153,8.376290988642511,8.65658665191824,8.410618158379032,8.6925040927439,8.450585025220391,8.734261905760334,9.02318090095069,9.317408932315736,9.61701602359102,9.922075401845381,10.23266360481668,9.427529835439675,9.19042687550612,8.959694559022129,9.258397637878925,9.562940146634057,9.873414048551803,9.64033633597413,9.413197912605744,9.724360889680032,10.041783105689994,10.365574719150892,10.136492540703962,10.464365834763246,10.798919518730795,10.017984621048882,10.348005042906518,10.68499665034422,10.465329351400621,9.710198504029925,10.040934471062899,9.835835124563658,9.635236398585755,9.969561037077337,10.311621974003216,10.11179172444782,10.460140791582583,9.724780441456506,10.070006269653339,10.423682186566237,9.695971748245228,10.046947182194083,10.406850195971277,10.775924567411494,11.154426845707539,11.54262719154561,10.787145686205916,10.609189458312178,10.43488038310514,10.820760131288344,10.649594391006639,9.932863048992205,9.241486601248681,8.574817806381636,7.932298652919534,8.281701367711142,8.139220629170673,8.499955309319406,8.872837720504352,9.258334918293622,9.119075855402416,8.98268014658895,8.330279830508832,8.201308142763482,8.074927568259255,7.951107378003904,7.332625456286216,6.7346480892254785,7.099915528311374,7.480972109230343,6.876460360642128,5.831017422150342,5.726248097119283,5.623414663299718,5.080305531767713,5.423532938477796,4.4605744341767295,4.365722814669815,3.479095243787176,3.3880964246226224,3.6849156809081687,4.001922982020686,4.340660427994035,4.256307964439407,3.7456621562187813,4.093419791123575,4.015031360882902,4.394906034123377,4.324462796239672,3.7933938065686847,3.7245493814655295,3.6585841990039247,3.5957980905201326,3.0760534145275416,3.013719623239613,1.708141699008267,1.6334892128662017,1.9550875576127806,2.3296518695083517,2.278584571742875,2.7412220110299583,3.2980563847079796,3.331305118219498,3.3991130519798674,3.520680257638919,2.95398191874584,3.219777672079385,1.8466602618117192,0.3668861737434206,-0
201,-0,-0,0.20677209234725608,0.45042599420171076,0.695285254153524,0.9413618605593217,1.188667981570792,1.4372159687490393,1.6870183607702414,1.9380878872253993,1.3418289123745368,0.9717166501460405,1.1580492513971716,1.350000073922449,1.5470438877493178,1.2151031438467301,1.3947346400591851,1.579549091836744,1.7691883014201677,1.9633445729906118,1.6339585088755202,1.8152748975089492,2.0011252012441174,2.1912839290647383,2.385551719655661,2.0567760666702597,1.7779582661941655,1.9490961050668583,2.1246178536424485,2.304364077152149,2.4881902834393577,2.20150175598244,2.3780160544274627,2.11545685065087,1.8823865521733465,1.6742788004500493,1.825186363355533,1.9804164850721941,2.139865750345014,2.303438076671195,2.471044313744327,2.6426018518605647,2.404150715096931,2.186696264681778,2.345866505527021,2.5090131374544926,2.676071642068439,2.8469820829906896,2.61791796830343,2.7852652468373287,2.95642715982676,3.131356662508957,3.310010336320194,2.0013064193504757,2.145713311891696,2.2940810228762114,2.4463710556647684,2.6025475156573425,2.4152732479974777,2.5692849472934434,2.727155415631569,2.888857643070798,2.6958653809745674,2.85562471714739,3.01920350028724,3.1865826047250065,3.3577450200645393,3.5326758336876125,3.323268472010019,3.4965150028164476,3.6735413858716726,3.4646392524327245,3.6401833325404644,3.81952625352027,4.00266455574274,4.189596643131761,4.3803227779969545,4.156574860341855,4.346110962254905,4.539480812227584,4.736690818524669,4.937749203711406,5.142666007966102,5.351453093429851,5.109182561626346,5.31715609828288,5.080468590504544,5.287787430950177,5.499092441300541,5.263066894959989,5.4739245881600285,5.688844685999042,5.453315230234296,5.66799770184557,5.886827824374612,5.651649745706227,5.870456093324938,6.093505042080785,6.320831037518968,6.081798297653548,6.309391427441648,6.541372215492585,6.777782456370223,7.018666191120949,7.264069764884961,7.013600387920163,7.259757346644605,7.013524120627409,7.260606861476912,7.512444572600651,7.769096020718441,8.0306227205893,8.297089025365898,8.568562222235123,7.791306353754427,7.549291295334522,7.314090777870722,7.5718496865183145,7.834873592743446,8.103243065768423,7.864657381298927,7.632395162892629,7.899820121325512,8.172867946635083,8.451634968223363,8.216157845752091,8.497766087666436,8.7853596256445865,8.038363306026126,8.32020306025437,8.608268834379794,8.381246205045846,7.663043065190795,7.942864127150791,7.7311107753867665,8.014859288387866,8.305380634210827,8.60282593642382,8.388196956629448,8.690358795441414,7.972606713173715,8.270114029858863,8.575144753464448,7.867127799773262,8.16779446925157,8.47638019225914,8.793097649420726,9.118170580386943,9.451834508748865,8.715561379929506,8.520120820591025,8.328420044066334,8.655604161136727,8.465995342527656,8.279928595342199,8.097294333238628,7.421989601392355,6.7747432403936125,7.081772201011458,6.916074729557722,7.232091645226855,7.558928315833394,7.896996850614918,8.24673676617611,8.080291953886917,7.916808344083886,7.756213909520896,7.598440335129542,7.443422939564527,6.793932776352436,6.16888172498586,6.502146645272486,6.8497460655997155,6.21989928183005,5.6136736329295704,5.4802411755053715,5.348864410826214,4.774436668437566,5.0921138580294825,4.101987318001905,3.9816958262858506,3.462866190885324,3.3475596447672173,3.630145418462651,3.931488367992428,4.253015675567696,4.140378886577551,4.0295114760110815,4.377332313905431,4.270965107801446,4.648708710032868,4.549058647629715,3.9650579999540705,3.8677893168184867,3.7730921586309294,3.681157943965194,3.114875107038483,3.02377216054512,1.6583599714419088,1.559754417188437,1.860183324024852,2.2092830136128097,2.1253767813072106,2.551387516086508,3.0630928906203505,3.043575728670262,3.049222113957331,3.094004179256223,2.4543146831055105,2.584433356070057,1.1437004894980154,0,-0
202,-0,-0,0.1610792710236383,0.38280455293037213,0.605623907439476,0.8295481876162903,1.0545884088593744,1.2807557521549064,1.5080615674130622,1.7365173768888778,1.1534488418545856,0.7962244430847251,0.9606819992134615,1.1304840865926806,1.3051337416634967,0.9870374265256585,1.1443474600519485,1.306582909442582,1.473405344610901,1.6445225710101827,1.819681216457945,1.998660688195111,2.1812682253063573,2.3673348281731648,2.5567118923711623,2.1620185008945505,1.834493251731983,1.9986939161757264,2.166647003351844,2.3382209598819954,2.5132969193346737,2.1875583133681875,2.3543088114194455,2.060936931118364,1.8036480223022147,1.5764818698974565,1.7159728721821192,1.8593298199555461,2.0064621440692973,2.1572857218751276,2.311722520719747,2.4697002516200284,2.6311520369235866,2.3673556262989024,2.523726444703294,2.68354974418272,2.8467723435149264,3.013345138843701,3.1832228955981434,3.3563640516936735,3.532730532213884,3.712287575524165,3.895003570593459,2.3416416019937727,2.4888992083820782,2.6396130476638513,2.793751283177045,2.9512846120722935,2.718451528734281,2.8728446913436336,3.0306296820960323,3.191784840315263,2.956215181359008,3.114523167579339,3.276207978717157,3.4412547426899045,3.6096505499651244,3.7813844217167487,3.531220606629578,3.7004408281217396,3.873023425575948,3.6261491202099063,3.7964490345341453,3.9701403186145177,4.147221735385074,4.327693741966216,4.5115584792964825,4.251212006293338,4.433123505437072,4.618472946868577,4.807267792530747,4.999517141479731,5.195231730443915,5.3944239358083825,5.116387927507953,5.3140227865330365,5.0439484629862354,5.24018793038287,5.440021558106382,5.172421103366512,5.371066894397689,5.57338084254006,5.307896860492289,5.509229025384878,5.714310532948079,5.45062557139105,5.654931773593256,5.8630763886556085,6.075091440476811,5.808485972102106,6.02000022565203,6.235487186230617,6.4549853946552505,6.678535415501136,6.906179889086546,6.628167757173993,6.855759121934827,6.58333851175572,6.8110341960404375,7.04303780190132,7.279402945599834,7.5201857157418726,7.765444754702725,8.015241344788741,7.208085997349878,6.942468109865602,6.6850153846519405,6.919417619821502,7.158582239645453,7.40258200559693,7.141708193176129,6.888360166456863,7.12998091860699,7.376679806612798,7.628543444303456,7.37169548547198,7.625339245353424,7.884382417104925,7.125347555337591,7.3775977133504105,7.635452786476914,7.388538551082341,6.665134323369677,6.913078598607421,6.684068675101424,6.934673860540788,7.1913451834194335,7.454216749018136,7.221286336771959,7.487478790678215,6.771306634783383,7.0314921206954075,7.298382018531847,6.595485134171081,6.856551232920761,7.124648963553411,7.39996511232415,7.682696095984146,7.97304859195295,7.748479795762982,7.528452817420195,7.312813440050283,7.603754419121006,7.389965638658872,7.1802891933702915,7.475134596830479,6.772740877918905,6.103354352150262,6.380102742580501,6.189083976389381,6.472861899695357,6.766354574572424,7.069930025813883,7.383980567355664,7.18867524818634,6.996722453387535,6.808020201779848,6.622470374076987,6.4399784776258135,5.780641943040867,5.1507822854661915,5.438507003999639,5.73881517056029,5.106787895797471,4.503761489501771,4.347916993335363,4.194295940681181,3.633219072172727,3.8934553013868927,2.9633190689627154,2.8260811284772975,2.6906871249244113,2.925416786027633,3.1756786252348097,3.4426046667626595,3.7274579538112422,3.5868252482389065,3.447892611514607,3.7518268366575303,3.61457960863761,3.9423479745854872,3.8081362635019955,3.6758642113254822,3.5455273015066746,3.4171319853535356,3.290698728099776,2.699406225335372,2.574720386249183,1.6107354315384252,1.487022437153679,1.766483454267637,2.0904095241127627,1.973124556266768,2.363075288666443,2.83045696822123,3.3998615383872606,3.380099488204508,3.3996355319242815,2.691401227226806,2.796647493379033,1.247267370253972,0,-0
203,-0,-0,0.11561423557175228,0.3155210648454027,0.5164117994067857,0.7182961741408904,0.9211840691549916,1.1250855126821375,1.3300106840575774,1.5359699167703469,0.9690251506277225,0.6274397482126329,0.7703485204820575,0.9183029452463196,1.0708389412800734,1.2275708463507473,1.3881754999638574,1.5523800831306438,1.7199527283164053,1.8906951924557631,2.0644370824252896,2.241031260838466,2.420350158262483,2.602282788236038,2.7867323122167864,2.301476551334493,1.9109268484284396,2.0681567393155684,2.2285155134784524,2.391899386784012,2.5582149382053125,2.1846367878267143,2.3416250432677788,2.011962500866719,1.7271150525535561,1.4790118971277142,1.607124731518157,1.7386538963472211,1.8735212631426912,2.0116543014698536,2.1529857639745096,2.297453382695078,2.444999579213194,2.1634319246141946,2.305242329361221,2.4501298835291,2.5980484207242167,2.7489553125838992,2.9028112914757664,3.0595802826889185,3.219229246288423,3.381728028600601,3.5470492231519035,2.0049906353807283,2.1346425904694106,2.267408140526881,2.4032593484850415,2.542170422685923,2.305311310030619,2.4405492753680047,2.5788472112009657,2.720185960863329,2.4820528488222475,2.6200169863622764,2.761029509427746,2.9050771671795403,3.0521483776727347,3.2022332093895525,3.355323362015356,3.5114121469691604,3.6704944681092573,3.4005665105872156,3.5566984267054065,3.7158562112826976,3.878039592666404,4.04324978934137,4.2114895011992255,3.929570578209473,4.095197656986046,4.263899142183177,4.435682303079091,4.610555850600552,4.78852993869791,4.9696161669707015,4.670919057298433,4.849779491588184,4.561202962559238,4.737995916229603,4.918009393416609,4.633552809039492,4.811696516664236,4.993127828742034,4.712246741728007,4.8920011901128415,5.0751158718504055,4.797326281354634,4.9789540969334185,5.16402097713291,5.352555455348815,5.072659016999272,5.2599527399390835,5.450803734020608,5.645246201911155,5.843316125142988,6.045051311036778,5.753690887479977,5.954576582877442,5.670001631552286,5.87017499277419,6.074198086570615,6.2821182153602715,6.493984850668454,6.709849705517312,6.92976681085802,6.128605739418538,6.339940179446848,6.060113442687568,6.2713997528495895,6.48695304712678,6.706838478781042,6.931124045542331,6.644122508361036,6.868813638854368,7.098086992007342,7.332021433020263,7.0420679472251875,7.276812166086896,7.516427400292107,6.714886885186043,6.946757258747215,7.183676554760605,6.907243448764326,6.638519769005892,6.873057728358151,6.607983335825082,6.844160853671269,7.085850671886424,7.3331754921500485,7.064264594053245,7.313806932624251,7.04821664551181,7.300232625127247,7.55841444142474,6.781674607368718,7.0330176805762035,7.2908199914732155,7.555254342731578,7.826502403758325,8.104755286572596,7.838440440599097,7.578040084042201,7.323343981786098,7.599746563340485,7.347535202286564,7.100637698283694,7.3789267317616085,6.622076125627983,5.904566905144089,6.162736808566816,5.939898467103656,6.20349723426503,6.475917739589658,6.757493716787147,7.048580812315506,6.8190811481060125,6.593774497754415,6.890055888390646,6.666462322541667,6.4467992636249765,5.731891265282594,5.052264244225936,5.322891992949988,5.605036996235743,4.927364888133905,4.734405600406205,4.544524303038434,4.357631569182417,3.740906378029511,3.992469673664881,3.392557636360054,3.222398483591884,3.054829376145853,3.2944043853332703,3.548863657885418,3.8192872053457125,4.106880549960908,3.9318306700069536,3.7590335221939526,4.063083913452944,3.891499948852815,4.217262514379806,4.047961507352718,3.8808824838302054,3.715963525074224,3.5531457087148417,3.3923737313111606,3.233596883302794,3.076770564159234,1.9804131276351296,1.826913087212981,2.1253767813072106,2.4684702826740885,2.321213362284252,2.730209967308326,3.216781342658518,3.805497102586422,3.755357434620425,3.7447824840577715,2.9585650080436436,3.0343751170942426,1.3631872893594592,0,-0
204,-0,-0,0.07037472613568345,0.24857216867933032,0.42764445060762984,0.6076002053940138,0.788448194965405,0.9701973122635682,1.152856583870622,1.3364351727006754,0.7890653802551955,0.9389555570648463,1.0921541227293354,1.248354994666654,1.4073113392198853,1.5688216854301762,1.732719893675207,1.8988677626014343,2.0671494834257214,2.2374674142036057,2.4097388143826315,2.5838932893634228,2.7598707677428727,2.9376198835323373,3.1170966700031357,2.494218545244605,2.0167476129792137,2.166959919855635,2.3196853784566653,2.474847934086859,2.6323794916265557,2.197401325052089,2.3446144782258775,1.9706343410842637,2.1087178298337004,1.7806179116651857,1.9105632103689347,2.0432803555965644,2.1787097270033504,2.3167965084605227,2.4574903539303974,2.6007450800239473,2.7465183836222202,2.3958624361211815,2.5348147625428927,2.676331898612511,2.8203790559539517,2.9669244113309974,3.115938940939636,3.2673962669391017,3.421272515505455,3.577546185690562,3.7361980283838823,2.0251479395330585,2.1474100182151896,2.2723707935566764,2.400007528790237,2.530299385855591,2.262099218627185,2.3879785063807257,2.5165269413529647,2.647729136189149,2.3821531561021825,2.5092819726159963,2.639081867570887,2.7715423648948025,2.906654444681027,3.0444105246027786,3.184804441270571,3.3278314318740105,3.4734881163880376,3.1779991508736205,3.3200500592660114,3.4647661782953634,3.61214814768462,3.762197900842801,3.9149186575522608,3.609830728598235,3.7592925174011396,3.9114697549309865,4.066369503326724,4.224000077784094,4.384371048547592,4.5474932439994555,4.227341289759916,4.387582869810623,4.080373934894215,4.237890549479706,4.398258479365222,4.097412614381536,4.2552443700380085,4.415987565793499,4.120713355713604,4.279101088725661,4.440464317143023,4.604825045093901,4.772206643176598,4.942633876176841,5.116132932315838,5.2927314541634924,5.472458571350623,5.655344935213891,5.841422755508906,6.03072583932952,6.223289632375207,5.882198785452178,6.073133041087769,5.742097634873498,5.931532181938687,6.124398925843461,6.320741512401174,6.5206055336055755,6.724038592035665,6.931090368978186,6.055897796158955,6.253580141312799,5.934369642550839,6.131156312220738,6.331753247592033,6.536219635741365,6.744617207804877,6.419299108286361,6.627200572476509,6.839195398235346,7.0553548674304665,6.728310541735448,6.944323952958513,7.164687783040417,6.3142993184027345,6.525982731244482,6.742167543924932,6.433968652939402,6.135489639968489,6.347735496854764,6.564738909116642,6.786601864518107,7.013431005984994,7.245337882280112,6.935228572651972,7.1682647161932165,6.863017302135634,7.097394482171661,7.33731863036202,6.50423027795795,6.736179043073534,6.973924417377599,7.217621866560606,7.4674347825128216,7.723534995335068,7.986103327618108,7.6784386024294635,7.378335358505939,7.640321666091046,7.34385927023336,7.054404220495283,7.316285792576521,6.495555193131537,5.7222344910453,5.962002926015623,5.70422039827927,5.947843357920258,6.199410232566188,6.4592213255344575,6.727596558209194,6.461247801699243,6.200341292409784,6.471073698174969,6.212117414444946,5.958237817178622,5.7092809099716275,4.971876261727755,5.225561112932149,5.489714612722499,4.75988913366198,4.533520369511927,4.311317354664504,4.093179782518381,3.8790145460946346,4.121944273409083,3.462265325613519,3.259532478920128,3.0604749677535064,3.2874031118299243,3.5279478524948233,3.783093705348632,4.053939325690132,3.84338367024472,3.635857583674868,3.9183670020304695,3.7110256187926445,4.01126344840137,3.804665959138426,3.6006598530758915,3.3991198352126824,3.719187440407645,3.519264139168853,3.321642021044403,3.12618966988554,1.9534787859945135,1.7677304162439211,2.045148872732816,2.363075288666444,2.176069163647407,2.549231104380112,2.991938058944058,3.5260225471356392,3.4053903498664,3.3114865198693635,2.442711226586656,2.386507769171927,0.6812760775939987,0,-0
205,-0,-0,0.025358516323818046,0.1819545530641444,0.33931744826244026,0.49745475041574094,0.6563741200394118,0.8160833318948646,0.9765902772729358,1.1379029663346032,0.6142347415464564,0.7425084473729995,0.8738555303417146,1.007991201462624,1.1446845140356148,1.2837459972522118,1.425018657347823,1.5683713027313964,1.7136935083626093,1.8608917590495075,2.00988645544011,2.1606095612282927,2.3130027337255625,2.46701582351009,2.622605659205909,2.0281285624448766,1.5790228421497827,1.7054756861442837,1.8342500482115063,1.9652737042707784,2.098481659625664,1.6924415143169533,1.8152625819285728,1.4703820493168829,1.584004921120153,1.285167483065982,1.3905838307048322,1.4985405194583141,1.6089829786854566,1.7218606509257888,1.8371267542819087,1.954738057421075,2.0746546677837636,1.754108778570643,1.8670474425249084,1.9823271996597385,2.0999152914430548,2.219781487132217,2.341897961579311,2.4662391795849663,2.5927817868726577,2.7215045076362743,2.8523880485285047,2.0647323067167846,2.1795785053995567,2.2967143186645345,2.4161221895099687,2.537786196453972,2.2310811535842565,2.347602136012073,2.46640737698324,2.587485164276202,2.2892412152639574,2.4055583210305254,2.524175000705643,2.6450834418238904,2.7682770809288306,2.8937505853305927,3.0214998353654843,3.1515219073592857,3.2838150574574114,3.41837870645364,3.555213425723106,3.6943209243440585,3.8357040374756752,3.979366716045335,4.125314017787693,3.762107274706385,3.904054581517538,4.048336910109062,4.1949623051727,4.343939895077729,4.495279892363277,4.648993595511997,4.275638762676282,4.425754700953597,4.07116061813931,4.217839979845761,4.366994382330999,4.023556005994861,4.169465623618974,4.317908389042053,3.984270044394379,4.129647991699975,4.277619298713727,4.428204189391141,4.581424079775811,4.737301601846352,4.895860628809901,5.057126301945688,5.221125059102432,5.387884664955666,5.557434243133209,5.729804310320957,5.905026812464999,5.525921571004379,5.698744880614524,5.333366190667089,5.5039078169532365,5.6774530320636885,5.85404064592884,6.033711163832709,6.216506842706149,6.402471750663827,5.486730864056167,5.662547115119822,5.3169759233783305,5.4910297150949505,5.668412619211288,5.849176525752245,6.033375528317961,5.682984151471745,5.865750567371906,6.052089398036115,6.242062840858878,5.891354845873203,6.080178548206076,6.27279315110094,5.40947645059237,5.592444996100533,5.779322149399601,5.453327003476296,5.139258701111189,5.32055256313775,5.505959480561815,5.695567012648264,5.88946667944153,6.087754175325637,5.761375094521939,5.959477011076703,5.639344556320121,5.837408083502114,6.040238619888629,5.218898805328145,5.412399797176063,5.6108531070313115,5.814390242317919,6.0231493534752785,6.2372756626695525,6.456921927478609,6.134778420617535,6.355636319305924,6.582397448796061,6.2605377662773964,5.947533749120058,6.171548376720751,5.346965804161144,5.058896889090311,5.269311742201908,4.9844425779528905,5.1968675746647515,5.416190308990853,5.642670500202389,5.876584706044396,6.118227791350974,5.818478104444875,6.063951842454948,6.317925562352367,6.0167881434224455,5.7223623226043685,4.916011667988316,5.152894726595218,5.399215023373992,4.608169457141905,4.344725837694231,4.087065438335764,3.835084556304065,4.058618386027784,4.292947389814084,3.5613236440688083,3.3206489455286996,3.0852118410529537,3.299555938999958,3.526268101560042,3.7662395935790736,4.0204647741532575,3.770061394131804,4.035532474238938,4.318157105417875,4.064044140874488,4.362311740155973,4.1089074238207814,3.8590962516159255,3.612719331422721,3.9254230342570064,3.679912367870761,3.43741977563813,3.1977497406676303,1.93464766435166,1.7131593268087348,1.969672830849245,2.2626559988822614,2.033303179804476,2.3711013374732763,2.7706354830335043,3.2511187978897174,3.8423955575596778,3.705308544830297,2.733757259215287,2.635884953212102,0.7758019080314172,0,-0
206,-0,-0,-0,0.11566495554843545,0.2514264449434112,0.3878543603667082,0.5249552773572953,0.6627358692650274,0.8012029092003888,0.9403632720330731,0.4454270855235368,0.5524089512028681,0.6622059164794634,0.7745584962509895,0.8892548354918886,1.0061200513899784,1.1250084067311283,1.2457974575546698,1.3683836062573416,1.4926786738034759,1.6186072231978441,1.746104445076362,1.87511446960309,2.005589005672149,2.137486234245116,1.5779597301792272,1.163605025489638,1.2666706282831235,1.3718513247669029,1.4790803209616756,1.5882971358744857,1.217823137789731,1.3166724199886446,1.0074600576950274,1.097142165081287,0.8340590335768101,0.9155782061570477,0.999377615833781,1.0854103119868665,1.173632318790643,1.2640025202141025,1.3564825409479104,1.4510366262288867,1.1677848083035636,1.2552921533713168,1.3448957996846305,1.4365667838681297,1.5302780805756535,1.626004538963856,1.7237228184888478,1.8234113250271862,1.925050148078784,2.0286209996159843,1.3454284753351773,1.4331121756519143,1.522827549025316,1.61455908666306,1.708292488493846,1.4409703517902184,1.5293687170606194,1.6197845181147832,1.7122073334254373,1.453917780751466,1.5413617234810093,1.6308268814822036,1.7223063772625358,1.8157942208529787,1.911285315332287,2.0087754603517403,2.1082613541025097,2.2097405941051007,2.313211677146373,2.418673998643653,2.5261278516755956,2.6355744258860496,2.7470158064380494,2.860454973170751,2.537440368976453,2.6464945212243003,2.757582670136537,2.8707104094608944,2.9858842036801465,3.103111393616629,3.2224002024807015,2.8892839241418207,3.0045192985402025,2.6908009292654276,2.802132424646588,2.915597722486754,2.6135541231232353,2.723281261700964,2.8351826145295926,2.5434710114595234,2.651786009036897,2.7623165275683745,2.8750785217318953,2.9900888681310613,3.1073653903040626,3.2269268843572094,3.3487931453556747,3.472984994599708,3.5995243079122368,3.728434045061678,3.859738280443323,3.993462235142818,3.65462557299183,3.785229531658919,3.460810565410801,3.5883858832810636,3.7184871379125073,3.8511450577194934,3.9863917139360243,4.1242605685015095,4.2647865242715,3.9264374065034486,4.064232872803991,3.7384352970898003,3.8735789684178776,4.0115128413001,4.152279074526512,4.295921597691444,3.9657157492509016,4.1069342086028255,4.251130922638018,4.398356226127367,4.068444526827129,4.213434850133072,4.3615693021397375,3.589017268970881,3.7265328191589853,3.8672620935940887,3.5661917161128596,3.278891678015213,3.4122716215213007,3.5489981931980137,3.6891410392299977,3.8327728795355487,3.979969678788544,4.130810828644591,4.28537934218678,3.9741088654151,4.127185177598166,4.284175238547667,3.531757756293777,3.678053833672131,3.8283738385804953,3.9828230995674305,4.141512167287707,4.304557155188057,4.472080107320545,4.160171303470438,4.326948147297948,4.4984833725306475,4.187162536192865,3.8868281157097213,4.05244936910448,4.223167186539938,3.9225604094703317,4.093068735400526,3.797271389360997,3.967714574999599,4.143848427524319,4.325885784938468,4.514053120349372,4.708591727840072,4.395049019013557,4.590768243172215,4.793448840315864,4.478261693198447,4.172084630846948,3.4062677924780504,3.5861726195587122,3.773586573818964,3.4876398156622983,3.21010042437633,2.9409260379987003,2.6801085944521192,2.8506127066570914,3.0296994549801477,2.7639286098590463,2.5061392523054757,2.2564073668304423,2.424134661237397,2.601814260366985,2.790161443114999,2.9899731341309908,2.719505535169157,2.9248390688048582,3.143798059367573,2.866177134834292,3.0933819323574507,3.337252097030011,3.052354665422247,2.772839289888207,3.0228158076011025,2.7417939195415784,2.465531210500741,2.193971548913887,1.456511622665319,1.2105483446452536,1.4076592791560378,1.6332639019392785,1.369381023470041,1.6200610239880535,1.9173363122602087,2.2755250903906092,2.7166938814971977,2.4594933885529198,1.4463039543499556,1.9879635383582208,0.8865279588614955,0,-0
207,-0,-0,-0,0.04970016163861089,0.16396715729034106,0.2787936669103176,0.39418519717090106,0.51014733644555,0.6266857564331905,0.7438062138231649,0.28388099030535335,0.36998007065418026,0.45860451681426784,0.549525179275331,0.6425533814578196,0.7375321741387569,0.8343298373777628,0.932834970766044,1.0329527279079171,1.1346018894832433,1.2377125604524386,1.3422243383383685,1.4480848416041245,1.5552485165047993,1.6636756615967678,1.14747980743322,0.775895466814052,0.8560738054109259,0.9381377725869143,1.0220282888172054,1.1076914200382915,0.7810713836078291,0.8565308939042999,0.5910385228458136,0.6575307786083359,0.43796238966406353,0.4965303320838681,0.5570716505343349,0.6195507871149386,0.6839338049466719,0.7501884202272903,0.818284012900088,0.888191620834713,0.6510397493000512,0.7139912093145901,0.7787574142350941,0.845315967493733,0.9136456031633269,0.9837261987632121,1.0555387790754307,1.129065512852832,1.2042897039769813,1.281195778352387,0.7214409876445524,0.7829411519948326,0.846178160196226,0.9111411048254807,0.9778196819099242,0.760087249885615,0.8213891672922882,0.8844049703881417,0.9491279902942709,0.7413537491632433,0.8010350816409297,0.862420265128351,0.9255059009548011,0.9902889544104346,1.0567667947171724,1.1249372300332725,1.1947985381353654,1.2663494933533954,1.3395893902718532,1.4145180646548166,1.4911359120021024,1.569443904098925,1.6494436038814138,1.7311371789048402,1.4609701169790608,1.5379944875433305,1.616732181909754,1.6971876827711267,1.779366056899916,1.8632729712131655,1.9489147080899878,1.6695411427545268,1.7507679762753148,1.8337537197890745,1.9185069298443638,2.005036788151398,1.7279528141997298,1.8102596962804205,1.8943694302986114,1.630296638582061,1.7103239276864348,1.7921796070538891,1.8758770013922754,1.9614300917079341,2.0488535418951352,2.1381627253053845,2.2293737514393923,2.3225034928989183,2.41756961273101,2.5145905922935365,2.6135857597681533,2.7145753194448887,2.404158204747755,2.5013651050444095,2.2079161511612773,2.3014186985590017,2.3969824699618467,2.4946320394579065,2.5943929901113814,2.696291955705779,2.8003566640009874,2.906615981672281,3.015099961104564,2.6974735166474986,2.802494593477416,2.9098020267757336,3.019430052545067,3.131414300758167,2.811655479397749,2.9203239465200617,3.0314205028036456,3.1449857360534983,2.8278924951132747,2.938257228479963,3.051171266603301,2.348711134048199,2.450208274155711,2.5542809104019795,2.274692454226613,2.0120326988701893,2.1072776527972534,2.205166573851338,2.305754481869154,2.4090986946538555,2.5152589639975163,2.6242976199781864,2.736279724316172,2.449548351679463,2.558682295090005,2.6708822608003278,2.3882835474099062,2.4977017948773765,2.610321498365927,2.7262262827771067,2.845503804336558,2.9682460185235846,3.094549468794199,2.7913964630422012,2.915288499154181,3.042934944175002,2.7424176209576703,2.456437935733744,2.575539166635433,2.6985915263193343,2.4142872268915676,2.535054668922786,2.2583241702984624,2.376807040371767,2.49961018320973,2.6268946824307946,2.758831673440222,2.895603223834224,2.599515382984709,2.7346002070414266,2.874904542972794,3.0206545813076304,2.7171704628420423,2.4264519001879825,2.563901990194749,2.707277352415164,2.414814666851498,2.1348602817263607,1.8675602225841472,1.9945970339542953,2.128102137477233,2.268451517913732,2.4160558036663513,2.1294583619508036,1.8549424054643748,1.993690744453646,2.140619529348965,2.2963157833290007,2.4614330160555093,2.6367018746609907,2.8229429959015238,3.0210826307695675,2.6975156972524115,2.9001898602165808,3.117281458516563,2.7857165921748765,2.4628301009185622,2.6784594601908625,2.9127181004026705,2.5796851193708954,2.254083612304803,1.4351337294891582,1.1478421971560933,1.3245639323202465,1.525988743804692,1.218231252703361,1.4350975605253595,1.6913684605468824,1.9990561807933687,2.3766090127631463,2.038148117189344,0.9672483114656766,1.3605784749779546,1.019041440274843,0,-0
208,-0,-0,-0,-0,0.07693536475786547,0.17026738063459643,0.26405750509185955,0.35831025763650465,0.4530302249910621,0.5482220624333156,0.6438904951694112,0.7400403197415185,0.8366764054710971,0.9338036959388446,1.0314272105024602,1.1295520458533852,1.228183377613726,1.3273264619746172,1.426986637377312,1.5271693262383546,1.6278800367202242,1.7291243645488932,1.8309079948798073,1.933236704213835,2.0361163623648095,1.2904530897288848,0.8137367942989379,0.8864870147232489,0.9605811910454465,1.0359809873298664,1.1126516941148838,0.7296849099491814,0.7953631667874196,0.5006521254350852,0.5567391816078922,0.3246945103819137,0.37238825970909023,0.4216362853327758,0.47241266460807124,0.5246926299703164,0.5784525936037713,0.6336701577888989,0.6903241140438482,0.45226911461908387,0.501639328958358,0.5524538074920712,0.6046968047933481,0.6583532938785573,0.7134089895134713,0.7698503639078721,0.8276646561816189,0.8868398767706583,0.9473648077581766,0.4272367363492433,0.4725506830763813,0.5192465662930372,0.5673182838362579,0.6167599722198157,0.4198746969547898,0.46377204477551565,0.5090278544527462,0.5556396251461941,0.3735500675578657,0.4149884699224672,0.4577669165423203,0.5018859779908409,0.5473462310770804,0.5941483094124755,0.6422929491477349,0.6917810303483111,0.7426136144457399,0.7947919781708623,0.8483176443443681,0.9031924098705771,0.9594183712522218,1.0169979479176179,1.0759339036267195,0.8373927089035466,0.89137839838461,0.9467261099564925,1.0034406606110748,1.0615271861013855,1.1209911635059597,1.1818384325112121,0.9383304600311422,0.9944387995895371,1.0519386371509993,1.1108377745682403,1.171144374993779,0.9337356948762096,0.989473502610712,1.0466269724311277,0.8257100964273798,0.8784436765744347,0.932598364734047,0.9881860183100927,1.0452188450512676,1.1037094328239403,1.1636707787961005,1.2251163181626827,1.2880599525392908,1.352516078148497,1.4184996139201844,1.4860260296252665,1.5551113741601743,1.2911102386923698,1.3558812430513716,1.1122376883455614,1.1727815183844386,1.2349042212366605,1.298625439791984,1.363965456366303,1.4309452305955064,1.4995864380336599,1.5699115095977885,1.6419436720052647,1.376766473517472,1.4446500877460637,1.514269450852734,1.5856508450307119,1.6588214893999598,1.3944038090901172,1.4634849909583159,1.5343889370172308,1.6071464037407455,1.348412500765923,1.4171228133664469,1.4877235224665935,0.9547544520020697,1.0135943107947327,1.074285866125551,0.8634277022854141,0.6730982812412208,0.7240271524787834,0.7767836943652746,0.8314095591467824,0.8879477494634394,0.9464427207937394,1.006940489202445,1.06948874489691,1.1341369721497225,1.2009365762035875,1.2699410178382458,1.039979251717775,1.1049723678689096,1.172229478307362,1.241811750628289,1.3137830148226681,1.3882099554811977,1.4651623180438027,1.544713130550035,1.6269389425150642,1.7119200827475087,1.4437687954863963,1.1955971403663623,1.2698157987454812,1.3468388820259514,1.104774792708416,1.177703996776003,0.9484082028542331,1.0171523500047808,1.0888382200297033,1.163579035169831,1.2414946323771376,1.3227120602245523,1.407366238644268,1.4956006899060978,1.5875683505877791,1.6834324758768981,1.4062025988720124,1.1483675329018452,1.2321316699204403,1.319952208067705,1.0651795007905498,1.1487116669983182,0.905238327769584,0.9842634949753853,1.0677324918578714,1.155908946326511,1.2490800296312397,1.3475595252437937,1.451691401266273,1.5618539894379517,1.6784648993309883,1.8019868293222252,1.9329344789621272,2.071882824006745,2.21947709068023,2.376444866907958,2.0231041765703353,2.179375992429087,2.346782292147424,1.9865880030932208,1.6421626751359784,1.7975730033218915,1.9666543286010272,1.6117661867660167,1.2729203502728197,0.9520264983714818,0.6518624680013092,0.7715629712973955,0.9084314857887266,0.5895344633947959,0.7241988569214594,0.8842340240897965,1.0773323438367866,1.315222954503377,1.6171257034832096,1.1926280905698705,1.600806406271353,1.1824247290188974,0,-0
209,-0,-0,-0,-0,-0,0.0622702895125381,0.13456592022655606,0.20721726696788031,0.280227847592434,0.35360123240160435,0.42734104518997895,0.5014509643193765,0.575934723819972,0.6507961145193335,0.7260389852002338,0.8016672437881123,0.877684858569111,0.9540958594396279,1.0309043391883728,1.10811445481195,1.1857304288650188,1.263756550846135,1.3421971786204037,1.4210567398801275,1.500339733644677,0.8271697696726652,0.4209639816024091,0.47133949013478266,0.5228265794072386,0.5753942325006997,0.6290140506180348,0.3174907015959268,0.36073518748214084,0.13562250479591045,0.17005987606877218,0.20568279442267678,0.24247257951614004,0.2804112449346217,0.3194815373462569,0.3596669627544865,0.4009518023466438,0.44332112001230484,0.48676076324751344,0.2531474772055567,0.2891481243474918,0.32622625305936426,0.36437231009527254,0.40357710916861356,0.4438318585368008,0.4851281828560373,0.5274581401884906,0.5708142349256503,0.6151894272876329,0.37297660270788047,0.4107776942252849,0.44960253946282847,0.48944702078941266,0.5303072758027361,0.5721797174232961,0.6150610511035274,0.6589482895339791,0.703838765186125,0.45931930711549424,0.49821353747892194,0.5381129725827863,0.5790171618986378,0.620925862417689,0.6638390564937485,0.7077569679215089,0.7526800764624118,0.7986091310109524,0.8455451615765911,0.8934894902402278,0.942443741229429,0.9924098502431692,1.0433900731447796,1.0953869941307994,0.807159605914806,0.8535852684873294,0.9010367729777108,0.9495181511509564,0.9990337263164695,1.049588125165805,1.1011862891919828,1.1538334857739816,1.20753531900446,1.2622977403336657,1.3181270590979157,1.3750299529970402,1.0634423708593834,1.115055540497243,1.1677539322119088,0.8874020781224137,0.9349971221789707,0.9836834324145316,1.0334701834348994,1.0843668950493548,1.1363834495877931,1.1895301092372128,1.2438175334669015,1.2992567966106892,1.3558594056739028,1.4136373184321938,1.4726029618892769,1.5327692511608253,1.5941496088522111,1.6567579849987064,1.3305832865288467,1.3882147446466755,1.4470895148618592,1.507223309111026,1.568632423841422,1.631333765589941,1.6953448774931812,1.7606839668207068,1.8273699336276261,1.4902423846106982,1.5520340096796184,1.6151927031189288,1.6797396014281858,1.7456966365593554,1.4202235811661212,1.4813375341566495,1.5438825119772484,1.6078830512169031,1.2983258797116952,1.3575164125110595,1.418182900275255,0.8234262982911921,0.8716866608158886,0.9213664822735443,0.6880389489744179,0.48382646255290435,0.5228096560658004,0.5631529955168625,0.6048883009929584,0.6480484234503272,0.6926673188442207,0.7387801264337557,0.7864232516265501,0.8356344537666616,0.8864529393123572,0.9389194608974377,0.9930764228222692,1.0489679935788294,1.1066402260789703,1.1661411863274425,1.2275210913626176,1.290832457378891,1.3561302590476945,1.4234721011700153,1.4929184039246168,1.5645326031252258,1.2579428771691832,0.9805080795022287,1.0397965157316,1.1012308545096836,0.838062981360373,0.8942628149236392,0.6524892730914104,0.7033543385442832,0.7563808751219728,0.8116534262658371,0.8692614212384882,0.929299611226735,0.991868551592668,1.0570751363820432,1.1250331921695478,1.1958641394694494,0.9108963616828852,0.9760238346921367,1.0441480983798188,1.115416792637212,0.8329950089361748,0.8982831248406857,0.6364427295944214,0.6954468119562297,0.7577224359053348,0.8234651776035381,0.8928879850432808,0.9662234226415928,1.0437262831614476,1.1256766416787927,1.2123834447056305,1.3041887513288914,1.4014727741542874,1.504659908493073,1.6142259921758924,1.7307071107260048,1.3538945690430098,1.4647304493519706,1.5835124233648261,1.207101860832305,0.8603094033803158,0.9574917179220009,1.0635479657784692,0.7157684705817318,0.40386559831353347,0.4821564349156585,0.5701814024630268,0.6696467128572655,0.782732059796102,0.4203359513278127,0.5225440783749142,0.6435087057883239,0.7888801588361875,0.9672483114656757,1.1926280905698698,0.689331683184943,0.9544644637865165,0.39029416149008356,0,-0
210,-0,-0,-0,-0,-0,-0,0.005704253356471708,0.056861106354550384,0.10827028117578484,0.15993427925495057,0.21185563941024171,0.26403693859191835,0.31648079264980405,0.36918985712018276,0.42216682803269673,0.4754144427378597,0.5289354807558124,0.5827327646469868,0.6368091609053577,0.6911675808749846,0.7458109816905882,0.8007423672429039,0.8559647891696196,0.9114813478726975,0.9672951935629434,0.39276458887739923,0.07962722830585439,0.10886108225841386,0.13891956828483645,0.1697827279607551,0.20143194248086024,-0,0.004884857776557084,0,0,0,-0,-0,-0,-0,-0,0.011083450067331505,0.03259913584374083,0,-0,-0,-0,-0,-0,-0,0.01650271136778463,0.036736474401410896,0.0576458649212859,-0,-0,-0,-0,-0,0.0027951268658676083,0.021517696421953673,0.04088228846310389,0.06089149555528121,0.081547799587177075,0.10285359638514731,0.12481121877577664,0.1474229581801276,0.17069108482612735,0.19461786666651723,0.21920558708950663,0.24445656150812742,0.2703731529123731,0.2969577864657599,0.32421296322514914,0.3521412730595725,0.380745406840564,0.4100281679731734,0.43999248333352076,0.21828877793584645,0.24286352412861337,0.2681037196914763,0.29401383272868725,0.32059840481215623,0.34786206422835037,0.3758095387800254,0.4044456681864081,0.43377541612500536,0.46380388195761424,0.4945363121824039,0.5259781116532479,0.29424423322486165,0.3204824894288613,0.3474137836519231,0.1547632995649694,0.17682061933898557,0.1995439076940663,0.22294124600456397,0.24702080647382493,0.2717908672412684,0.2972598274752142,0.3234362224728786,0.3503287387916438,0.3779462294381172,0.4062977291438382,0.43539246975867607,0.465239895795059,0.49584968015827835,0.5272317401000867,0.3029274639771095,0.3293126552174517,0.35644785948123087,0.3843443681101798,0.4130137280112027,0.442467760554424,0.47271858094684055,0.5037786181287929,0.5356606352441633,0.3113201704363505,0.33819310036457423,0.3658633281771654,0.39434512572696856,0.42365313299112994,0.4538023829523183,0.48480832744984775,0.5166868640778325,0.5494543642144789,0.3227146972777975,0.3503857009805713,0.3789187205144708,0.18333337149838244,0.20692177854824706,0.23133483788579765,0.06498860565451513,0,-0,-0,-0,-0,0.016147775364780008,0.034260725264090824,0.05315474080708851,0.07285393718549724,0.09338316830755948,0.11476807829840623,0.1370351569434478,0.160211799373343,0.184326370324688,0.20940827335037068,0.23548802539822575,0.2625973372267411,0.2907692001830445,0.3200379799319152,0.3504395177964621,0.3820112404522639,0.17490986470615963,0.2007238338083407,0.22765536035623052,0.2557459375711134,0.07091303497590296,0.09319637469581496,-0,-0,-0,-0,0.016983151697816605,0.037778353524751486,0.05971480337342477,0.08284869957748489,0.10723958736842082,0.1329506722581495,0.16004917102224916,0.18860670560973772,0.2186997462258882,0.2504101109414698,0.04818032740850751,0.07258051767779837,0.09849208434617843,0.12600822086112648,0.15522963428782696,0.18626544395724973,0.21923421887468325,0.25426518004485793,0.2914995998409307,0.3310924381265402,0.3732142645384411,0.4180535288400875,0.4658192575104736,0.5167442760527158,0.5710890847418442,0.6291465533109134,0.691247651189419,0.7577684998988233,0.8291391313001846,0.9058544719860121,0.5232300546959495,0.5881744549235904,0.6589284100834696,0.736240178684661,0.35407490472698794,0.41706039619129964,0.48731959112049683,0.5661130931387176,0.6550508037849977,0.2376268347620483,0.30727048849048194,0.3892456148263736,0.4872413872664187,0.6068507528986719,0.7571619006424682,0.18884545733628963,0.31742795970868537,0,0,-0
211,-0,-0,-0,-0,-0,-0,-0,-0,-0,-0,-0,0.02778671673102765,0.05830195084119284,0.08897110986886142,0.11979575455239241,0.15077746948916956,0.18191786362440648,0.21321857075253478,0.24468125003156307,0.2763075865108161,0.30809929167246985,0.34005810398731995,0.3721857894852351,0.40448414234076013,0.43695498547436,0.469600171169803,0.5024215817082077,0.5354211300192981,0.5686007603504303,0.6019624489539712,0.6355082047936422,0.6692400702704597,0.7031601219689193,0.17896989853348963,0.2020870299612343,0.22555668158664957,0.24937427271036122,0.2735356357275572,0.29803698885033053,0.3228749114192161,0.3480463215286839,0.3735484557254524,0.3993788505678361,0.06208953502675342,0.07983898626783252,0.0979620283901945,0.11645634498077183,0.1353198005102415,0.1545504377724675,0.17414647524458624,0.19410630441077162,0.21442848708558115,0.23511175276675975,-0,-0,0.01389012308122213,0.028790280711865176,0.044049078400497994,0.059666791098084385,0.07564375454290993,0.09198036993719884,0.10867710827692245,0.12573451437278643,0.14315321059743702,0.16093390039119,0.17907737155609835,0.19758449936583844,0.21645624951682985,0.23569368094404852,0.25529794852326154,0.27527030567982474,0.2956121069227279,0.3163248103212967,0.3374099799407815,0.3588692882520123,0.3807045185293876,0.40291756725059513,0.4255104465107895,0.44848528646325686,0.4718443377980936,0.4955899742698969,0.5197246952851425,0.5442511285595063,0.5691720328552219,0.5944903008082805,0.6202089618552166,0.6463311852691089,0.6728602833143774,0.6997997145300855,0.3438668307954248,0.36489892726765344,0.3863338910983651,0.4081755542076716,0.4304278798065485,0.4530949674025481,0.4761810579247832,0.4996905389822183,0.5236279502695506,0.5479979891353919,0.5728055163278453,0.5980555619330679,0.6237533315230097,0.6499042125290608,0.6765137808591192,0.703587807776299,0.7311322670584037,0.7591533424581937,0.4035964952891542,0.42583408801102307,0.448530453093998,0.4716921943199056,0.4953261266840536,0.5194392858870632,0.5440389382233715,0.5691325908958551,0.594728002787947,0.6208331957266214,0.6474564662718992,0.6746063980709279,0.702291874817393,0.7305220938598609,0.7593065805058784,0.7886552030720543,0.8185781887341649,0.8490861402354482,0.4802139051972576,0.5047320738955714,0.529807733479202,0.23431691016008493,0.2536382448220754,0.27347579644456915,0.04357173787568881,0,0,0,0,-0,-0,-0,-0,-0,-0,-0,0.0065371352212310165,0.020389334153578915,0.034743513412903416,0.04961550809958691,0.06502179720608377,0.08097954652171288,0.09750665497746384,0.11462180475852633,0.13234451555047744,0.15069520332846126,0.169695244147934,0.1893670434516602,0.20973411147165125,0.23082114537787676,-0,0.010883761979575881,0,0,0,0,0,0,0,0,-0,-0,-0,-0,-0,2.918846972511716e-4,0,0,0,0,0,0,0,0,0,-0,-0,-0,-0,-0,0.006458918047879595,0.027336107175872322,0.049749063573456806,0.07384558932056326,0.09979451720085962,0.1277899502544785,0,0,0,0,-0,-0,-0,-0,-0,0,0,0,0,0,0,0,0,0,0,-0
212,-0,-0,-0,-0,-0,-0,-0,-0,-0,-0,-0,-0,-0,-0,-0,-0,-0,-0,-0,-0,-0,-0,-0,-0,-0,-0,-0,-0,-0,-0,-0,-0,-0,-0,0.004634140094843338,0.014462616794146236,0.024347016893250896,0.03428798043705824,0.0442861585217453,0.054342213550656444,0.06445681949765068,0.07463066217815477,0.08486443952820556,0.09515886189175685,0.10551465231655094,0.11593254685886434,0.1264132948974431,0.13695765945696672,0.1475664175413924,0.1582403604775351,0.16898029426927202,0.17978703996276754,0.1906614340231182,0.20160432872287798,0.21261659254288023,0.22369911058586042,0.23485278500334694,0.24607853543635247,0.2573772994703919,0.26875003310539897,0.28019771124112164,0.29172132817862384,0.30332189813852534,0.3150004557966673,0.32675805683790177,0.33859577852875306,0.3505147203097241,0.3625160044080614,0.37460077647183654,0.38677020622623615,0.39902548815300304,0.41136784219401445,0.4237985144800314,0.43631877808571495,0.44892993381204294,0.4616333109973407,0.4744302683581792,0.48732219486148193,0.5003105106292283,0.5133966678772449,0.5265821518896087,0.5398684820303302,0.5532572127940141,0.5667499348973274,0.5803482764131855,0.5940539039496809,0.607868523875896,0.6217938835968394,0.635831772879898,0.6499840252353296,0.664252519353444,0.6786391806012986,0.6931459825818889,0.7077749487589927,0.722528154151016,0.7374077270973709,0.7524158511011783,0.7675547667522445,0.7828267737345818,0.7982342329229603,0.8137795685732516,0.8294652706116864,0.8452938970284005,0.8612680763810253,0.8773905104144809,0.8936639768034591,0.9100913320245986,0.9266755143657593,0.9434195470803219,0.9603265416949991,0.9773997014801968,0.9946423250926117,1.0120578104004272,1.0296496585022,1.0474214779513287,1.0653769891988516,1.0835200292682656,1.101854556677044,1.120384656620658,1.1391145464360783,1.1580485813630303,1.1771912606227013,1.1965472338351135,1.2161213077980662,1.2359184536523722,0.42267894946221146,0.4356484638782396,0.4488083025003864,-0,-0,0.001247630183833335,0.00852145014711933,0.015940255396320793,0.023507429222195533,0.03122648592673871,0.03910107769252534,0.047135001902687636,0.05533220894773445,0.06369681055884516,0.07223308871108051,0.08094550514416865,0.08983871155326813,0.0989175605073041,0.10818711715838471,0.11765267181231942,0.12731975343759366,0.13719414419841006,0.14728189510658973,0.15758934289757412,0.1681231282474607,0.17889021546124095,0.1898979137773847,0.20115390045091205,0.2126662457963421,0.2244434403939101,0.23649442468742765,0.24882862123085714,0.26145596987343545,0.2743869662108795,0.28763270367359994,0.3012049196729318,0.3151160462843603,0.32937926601400225,0.3440085732728788,0.3590188422749301,0.37442590218170274,0.3902466204423228,0.40649899542547574,0.42320225961523755,0.44037699485043136,0.4580452613348014,0.47623074244134805,0.4949589076897731,0.5142571967047553,0.5341552274823047,0.5546850329237524,0.5758813303704527,0.5977818298234524,0.6204275877084914,0.643863414509421,0.6681383464234977,0.6933061934973471,0.7194261796261182,0.7465636935334036,0.7747911746584313,0.8041891641201807,0.8348475591051905,0.8668671198383834,0.9003612927397999,0.9354584328770413,0.9723045354820259,1.0110666232037837,1.0519369875693954,0.21418125801317628,0.23533013326614102,0.2579175731112123,0.2821245239312108,0.3081684045373,0.33631362199424114,0.3668861737434219,0.4002944032523972,0.4370593097894841,0,0,0,0,0,0,0,0,0,0,-0
213,-0,-0,-0,-0,-0,-0,-0,-0,-0,-0,-0,-0,-0,-0,-0,-0,-0,-0,-0,-0,-0,-0,-0,-0,-0,-0,-0,-0,-0,-0,-0,-0,-0,-0,-0,-0,-0,-0,-0,-0,-0,-0,-0,-0,-0,-0,-0,-0,-0,-0,-0,-0,-0,-0,-0,-0,-0,-0,-0,-0,-0,-0,-0,-0,-0,-0,-0,-0,-0,-0,-0,-0,-0,-0,-0,-0,-0,-0,-0,-0,-0,-0,-0,-0,-0,-0,-0,-0,-0,-0,-0,-0,-0,-0,-0,-0,-0,-0,-0,-0,-0,-0,-0,-0,-0,-0,-0,-0,-0,-0,-0,-0,-0,-0,-0,-0,-0,-0,-0,-0,-0,-0,-0,-0,-0,-0,-0,-0,-0,-0,-0,-0,-0,-0,-0,-0,-0,-0,-0,-0,-0,-0,-0,-0,-0,-0,-0,-0,-0,-0,-0,-0,-0,-0,-0,-0,-0,-0,-0,-0,-0,-0,-0,-0,-0,-0,-0,-0,-0,-0,-0,-0,-0,-0,-0,-0,-0,-0,-0,-0,-0,-0,-0,-0,-0,-0,-0,-0,-0,-0,-0,-0,-0,-0,-0,-0,-0,-0,-0,-0,-0,-0,-0,-0,-0,-0,-0,-0,-0,-0,-0,-0,-0
