gene,logFC_Training_Young,logFC_Training_Old,pi_score_Young,pi_score_Old,pi_score_Interaction,significance,quadrant,imputed
GPT2,1.8694,-0.5923,5.14e-4,0.061045,1e-6,Interaction,Discordant (Young Up / Old Down),TRUE
CTSG,-2.0956,0.0999,0.00138,0.977766,0.001288,Interaction,Discordant (Young Down / Old Up),TRUE
CCDC137,-1.6349,-0.2159,1e-6,0.902033,0.004074,Interaction,Concordant Down,TRUE
FLT1,-1.6628,0.0425,4e-6,0.99653,3.08e-4,Interaction,Discordant (Young Down / Old Up),TRUE
IFT81,-1.4634,-0.0882,0,0.983043,0.001497,Interaction,Concordant Down,TRUE
COL3A1,-1.1308,0.3481,0.002338,0.709575,9.25e-4,Interaction,Discordant (Young Down / Old Up),TRUE
COL4A1,-1.397,-0.0793,1.2e-5,0.984177,0.002521,Interaction,Concordant Down,TRUE
XIRP1,-0.9142,0.4334,5.07e-4,0.328499,8e-6,Interaction,Discordant (Young Down / Old Up),FALSE
CAV2,-0.9489,0.3588,0.081374,0.404217,0.00735,Interaction,Discordant (Young Down / Old Up),TRUE
ACTN2,-0.7902,0.4935,0.168048,0.569013,0.030701,Interaction,Discordant (Young Down / Old Up),FALSE
COPS7B,0.8274,-0.4562,0.038965,0.218391,5.9e-4,Interaction,Discordant (Young Up / Old Down),TRUE
UTP15,-1.1283,0.1129,0.002214,0.970638,0.010257,Interaction,Discordant (Young Down / Old Up),TRUE
MSRB3,-1.2086,-0.0131,0.004066,0.999164,0.007673,Interaction,Concordant Down,TRUE
UBN2,-0.8973,0.2349,0.036412,0.872262,0.031391,Interaction,Discordant (Young Down / Old Up),FALSE
COL1A1,-1.0773,0.0285,0.004668,0.998302,0.035301,Interaction,Discordant (Young Down / Old Up),TRUE
MYL2,-0.8504,0.2189,0.010807,0.845928,0.009407,Interaction,Discordant (Young Down / Old Up),FALSE
CILP,-0.7974,0.2436,0.148306,0.624597,0.03551,Interaction,Discordant (Young Down / Old Up),TRUE
PREX1,-0.5843,0.4446,0.056335,0.154025,4.2e-4,Interaction,Discordant (Young Down / Old Up),TRUE
COL4A2,-0.979,-0.0439,0.002154,0.994672,0.040642,Interaction,Concordant Down,TRUE
RPA2,-0.9585,0.0234,0.001848,0.997194,0.004734,Interaction,Discordant (Young Down / Old Up),TRUE
TES,-0.5976,0.3649,0.269507,0.485538,0.040978,Interaction,Discordant (Young Down / Old Up),TRUE
SSU72,-0.9328,0.0159,1e-6,0.998027,2e-5,Interaction,Discordant (Young Down / Old Up),TRUE
SLC25A46,0.8803,-0.0505,5.5e-4,0.980473,8.81e-4,Interaction,Discordant (Young Up / Old Down),TRUE
TOMM22,-0.7464,0.1652,0.00218,0.861974,0.002871,Interaction,Discordant (Young Down / Old Up),FALSE
NID1,-0.7469,0.1158,0.022075,0.949829,0.034087,Interaction,Discordant (Young Down / Old Up),TRUE
PLEKHF1,-0.8062,0.0467,2.54e-4,0.981944,6.13e-4,Interaction,Discordant (Young Down / Old Up),TRUE
CHDH,-0.4579,0.3925,0.298283,0.200482,0.012687,Interaction,Discordant (Young Down / Old Up),TRUE
CAPRIN1,-0.5672,0.2793,0.148957,0.642895,0.031087,Interaction,Discordant (Young Down / Old Up),TRUE
LAMC1,-0.8153,0.0149,0.005931,0.999262,0.040291,Interaction,Discordant (Young Down / Old Up),TRUE
DHRS11,-0.5959,0.1796,0.109979,0.788462,0.035869,Interaction,Discordant (Young Down / Old Up),TRUE
DCTN5,0.5456,-0.1373,0.029539,0.848182,0.014512,Interaction,Discordant (Young Up / Old Down),TRUE
NDUFA6,-0.5088,0.1307,0.028365,0.882746,0.025692,Interaction,Discordant (Young Down / Old Up),FALSE
RPL24,-0.1886,0.3759,0.701421,0.15099,0.041869,Interaction,Discordant (Young Down / Old Up),TRUE
PVALB,-0.8461,-0.6525,0.094268,0.435974,0.956291,NS,Concordant Down,TRUE
WARS2,-1.1186,-0.1704,0.075794,0.859353,0.194847,NS,Concordant Down,TRUE
TGFBI,-0.7845,-0.4502,0.051003,0.315986,0.749387,NS,Concordant Down,TRUE
ACTN1,-0.8139,0.3836,0.157838,0.735995,0.059195,NS,Discordant (Young Down / Old Up),FALSE
ACTN4,-0.7242,0.367,0.15837,0.700597,0.050073,NS,Discordant (Young Down / Old Up),FALSE
GSTM1,-0.4638,0.5979,0.642583,0.461141,0.149784,NS,Discordant (Young Down / Old Up),TRUE
MYLK2,-0.5075,-0.5517,0.093372,0.059169,0.993903,NS,Concordant Down,FALSE
SLC2A4,0.6318,0.4043,0.27094,0.222824,0.891671,NS,Concordant Up,TRUE
TMPO,-0.6158,-0.4116,0.169006,0.157419,0.887711,NS,Concordant Down,TRUE
HAT1,-0.2268,0.7996,0.899863,0.144398,0.116881,NS,Discordant (Young Down / Old Up),TRUE
ACTN3,-1.0077,-0.0167,0.074148,0.999619,0.23047,NS,Concordant Down,TRUE
NES,0.741,-0.274,0.121038,0.882753,0.143929,NS,Discordant (Young Up / Old Down),TRUE
SAMHD1,0.6298,0.3682,0.148393,0.277705,0.813095,NS,Concordant Up,TRUE
MYOZ2,-0.5798,-0.4144,0.392389,0.696966,0.965216,NS,Concordant Down,TRUE
CSRP3,0.4827,0.509,0.103372,0.08181,0.997787,NS,Concordant Up,FALSE
TXNDC12,0.3963,-0.5892,0.765301,0.230965,0.162047,NS,Discordant (Young Up / Old Down),TRUE
RRAD,0.432,0.5022,0.476988,0.233594,0.989727,NS,Concordant Up,TRUE
FTL,-0.5209,0.4099,0.500043,0.649453,0.168474,NS,Discordant (Young Down / Old Up),TRUE
GSN,0.4492,0.4731,0.107749,0.086231,0.99796,NS,Concordant Up,FALSE
HMOX1,-0.7232,-0.1805,0.077753,0.868883,0.396892,NS,Concordant Down,TRUE
PPP1CC,-0.678,-0.2231,0.130996,0.680679,0.509789,NS,Concordant Down,TRUE
MYH7,-0.613,0.2559,0.15594,0.798157,0.074497,NS,Discordant (Young Down / Old Up),FALSE
CSTA,0.3019,0.5633,0.753352,0.259782,0.869996,NS,Concordant Up,TRUE
THRB,-0.5873,0.2694,0.268369,0.81731,0.142485,NS,Discordant (Young Down / Old Up),TRUE
ANKRD2,0.5179,0.3283,0.103539,0.49361,0.881149,NS,Concordant Up,FALSE
CPA3,-0.5355,-0.3087,0.158957,0.496555,0.839351,NS,Concordant Down,TRUE
TPM3,-0.659,0.179,0.134547,0.910952,0.117261,NS,Discordant (Young Down / Old Up),FALSE
ARPC1B,0.3666,0.4676,0.275995,0.050725,0.956187,NS,Concordant Up,TRUE
KCTD12,-0.642,0.1828,0.240759,0.769071,0.09513,NS,Discordant (Young Down / Old Up),TRUE
TRMT112,-0.6763,0.1413,0.10682,0.905901,0.065172,NS,Discordant (Young Down / Old Up),TRUE
COL6A2,-0.5457,0.2557,0.296491,0.801786,0.140937,NS,Discordant (Young Down / Old Up),TRUE
DHCR24,-0.5779,0.2219,0.24809,0.691336,0.073853,NS,Discordant (Young Down / Old Up),TRUE
NFU1,-0.4509,-0.3488,0.207921,0.148197,0.958038,NS,Concordant Down,TRUE
LGALS3,0.4616,0.3342,0.057149,0.246432,0.919231,NS,Concordant Up,TRUE
TSPAN8,-0.3451,-0.4462,0.306107,0.106736,0.957635,NS,Concordant Down,TRUE
S100A16,0.3459,0.4443,0.712708,0.442578,0.983364,NS,Concordant Up,TRUE
MYH13,0.5241,0.2656,0.378793,0.777423,0.871907,NS,Concordant Up,TRUE
CAPG,0.3303,0.4457,0.7035,0.260238,0.971468,NS,Concordant Up,TRUE
IGLC2,0.4475,0.326,0.325182,0.602909,0.963767,NS,Concordant Up,FALSE
SOD3,-0.3404,-0.4323,0.600008,0.250879,0.978565,NS,Concordant Down,TRUE
MYH1,-0.6568,-0.1138,0.16076,0.967586,0.497259,NS,Concordant Down,FALSE
CTTN,0.3692,0.4007,0.609196,0.355388,0.997911,NS,Concordant Up,TRUE
MT2A,-0.2336,-0.5349,0.694842,0.066218,0.665096,NS,Concordant Down,FALSE
IGKC,0.3992,0.3679,0.30029,0.386857,0.997146,NS,Concordant Up,FALSE
NQO2,-0.5068,-0.2585,0.364343,0.81252,0.882537,NS,Concordant Down,TRUE
DNAJA4,0.4583,0.3054,0.107097,0.421814,0.901677,NS,Concordant Up,TRUE
TNNT1,-0.6682,0.0875,0.113623,0.97936,0.175421,NS,Discordant (Young Down / Old Up),FALSE
LAMB2,-0.6621,-0.0888,0.099305,0.973955,0.348817,NS,Concordant Down,TRUE
FLNA,0.4815,0.2679,0.059542,0.534486,0.793719,NS,Concordant Up,FALSE
ACTA1,-0.3988,0.3443,0.44736,0.578567,0.111031,NS,Discordant (Young Down / Old Up),FALSE
PRUNE1,0.3838,-0.3554,0.583812,0.129672,0.091449,NS,Discordant (Young Up / Old Down),TRUE
COL6A3,-0.4819,0.2562,0.309717,0.775743,0.13774,NS,Discordant (Young Down / Old Up),FALSE
FBLN2,-0.5819,0.1538,0.409824,0.849304,0.237109,NS,Discordant (Young Down / Old Up),TRUE
TNNC1,-0.6412,0.0916,0.091492,0.973739,0.141547,NS,Discordant (Young Down / Old Up),FALSE
MYL1,-0.3214,0.4077,0.636872,0.463178,0.140726,NS,Discordant (Young Down / Old Up),FALSE
IQGAP1,0.3247,0.4003,0.351429,0.054346,0.972443,NS,Concordant Up,TRUE
KLHL40,0.3844,0.3359,0.421005,0.546652,0.994108,NS,Concordant Up,FALSE
RPL3,0.5389,-0.1811,0.120678,0.869811,0.089193,NS,Discordant (Young Up / Old Down),TRUE
FLNC,0.5072,0.2128,0.060318,0.727518,0.648015,NS,Concordant Up,FALSE
MT-CO1,-0.435,0.2849,0.264011,0.586366,0.051763000000000003,NS,Discordant (Young Down / Old Up),TRUE
CACNG1,-0.3014,-0.4172,0.466598,0.176371,0.947735,NS,Concordant Down,TRUE
NDUFA1,-0.4557,0.2623,0.379402,0.749493,0.154228,NS,Discordant (Young Down / Old Up),TRUE
UBE3C,0.652,-0.0659,0.094016,0.973124,0.082752,NS,Discordant (Young Up / Old Down),TRUE
HLA-B,-0.6137,0.1031,0.109848,0.945793,0.088073,NS,Discordant (Young Down / Old Up),TRUE
MYH2,-0.2315,0.483,0.82459,0.350497,0.185931,NS,Discordant (Young Down / Old Up),FALSE
TNNI1,-0.6487,0.061,0.109676,0.989559,0.19619,NS,Discordant (Young Down / Old Up),FALSE
SELENOW,-0.4913,-0.217,0.14807,0.75013,0.741057,NS,Concordant Down,TRUE
G3BP2,-0.6086,-0.0981,0.060561,0.952182,0.29291,NS,Concordant Down,TRUE
H3-3A,-0.661,-0.0445,0.0818,0.994234,0.288001,NS,Concordant Down,FALSE
ATL2,-0.2435,-0.4611,0.647469,0.113205,0.808078,NS,Concordant Down,TRUE
SRM,0.5576,0.1408,0.440395,0.939034,0.716423,NS,Concordant Up,TRUE
IGHV3-7,0.3333,0.3641,0.493906,0.429869,0.997424,NS,Concordant Up,TRUE
KYAT1,-0.3708,-0.3264,0.255205,0.283106,0.991963,NS,Concordant Down,TRUE
PTER,0.6523,0.0404,0.376966,0.992773,0.461721,NS,Concordant Up,TRUE
ERI3,-0.4131,-0.2733,0.140403,0.424317,0.905061,NS,Concordant Down,TRUE
CRYAB,0.3227,0.3623,0.296062,0.207572,0.99323,NS,Concordant Up,FALSE
GPX3,-0.2698,-0.4111,0.462025,0.116744,0.901725,NS,Concordant Down,FALSE
C6orf136,-0.1237,-0.5521,0.955633,0.324123,0.654087,NS,Concordant Down,TRUE
MYBPC1,-0.5152,0.1596,0.265287,0.918584,0.216908,NS,Discordant (Young Down / Old Up),FALSE
COMMD6,0.6649,-0.005,0.106094,0.999878,0.149676,NS,Discordant (Young Up / Old Down),TRUE
IGHG1,0.4165,0.2533,0.176944,0.612882,0.892683,NS,Concordant Up,FALSE
ATPAF2,-0.346,-0.3238,0.406053,0.307441,0.99827,NS,Concordant Down,TRUE
SLC16A3,-0.53,0.1362,0.080941,0.905809,0.069785,NS,Discordant (Young Down / Old Up),TRUE
ACOT1,-0.574,0.0918,0.068234,0.958618,0.082141,NS,Discordant (Young Down / Old Up),TRUE
KLHL41,0.4957,0.1667,0.165308,0.877929,0.66988,NS,Concordant Up,FALSE
IGHG2,0.4829,0.1778,0.123412,0.834634,0.666091,NS,Concordant Up,FALSE
TPM4,0.4587,0.2017,0.065641,0.670907,0.661023,NS,Concordant Up,TRUE
SNCG,0.2758,0.381,0.89105,0.342347,0.985666,NS,Concordant Up,TRUE
FLNB,0.3974,0.2591,0.209508,0.591893,0.923392,NS,Concordant Up,FALSE
GBE1,0.4099,0.2462,0.061734,0.476695,0.839655,NS,Concordant Up,FALSE
NAMPT,0.2608,0.3942,0.5963,0.251257,0.932646,NS,Concordant Up,FALSE
MYL9,-0.228,0.4232,0.918859,0.500947,0.481198,NS,Discordant (Young Down / Old Up),TRUE
CLPTM1,0.4396,-0.2105,0.496901,0.741057,0.222472,NS,Discordant (Young Up / Old Down),TRUE
SMPX,0.3569,0.2928,0.199364,0.388474,0.981083,NS,Concordant Up,FALSE
APOBEC2,-0.4386,0.2093,0.191783,0.767286,0.07736,NS,Discordant (Young Down / Old Up),FALSE
TPM1,-0.3448,0.3023,0.633674,0.722003,0.28833,NS,Discordant (Young Down / Old Up),FALSE
TAGLN,-0.0576,0.5876,0.988916,0.127242,0.204855,NS,Discordant (Young Down / Old Up),TRUE
LRBA,-0.4432,-0.2016,0.653563,0.931587,0.930332,NS,Concordant Down,TRUE
TGM2,-0.2571,0.3838,0.701414,0.255753,0.096888,NS,Discordant (Young Down / Old Up),TRUE
PPP1R14B,0.3527,0.2875,0.218819,0.415197,0.980905,NS,Concordant Up,FALSE
MYOZ1,-0.5597,0.0798,0.450947,0.988911,0.509381,NS,Discordant (Young Down / Old Up),FALSE
SYPL2,-0.3463,-0.293,0.164265,0.319317,0.98532,NS,Concordant Down,FALSE
MVP,0.2024,0.4342,0.890993,0.311571,0.882198,NS,Concordant Up,TRUE
IL18,0.5624,0.0737,0.235455,0.981627,0.491155,NS,Concordant Up,TRUE
TAPBP,-0.5073,-0.1271,0.35341,0.895887,0.632173,NS,Concordant Down,TRUE
NRAP,0.3011,0.3331,0.593799,0.525789,0.997319,NS,Concordant Up,FALSE
ACTB,-0.369,0.2639,0.485326,0.728649,0.200149,NS,Discordant (Young Down / Old Up),FALSE
H2BC4,-0.521,0.1102,0.237984,0.961133,0.255228,NS,Discordant (Young Down / Old Up),FALSE
BDH1,-0.3085,-0.32,0.482073,0.445487,0.999581,NS,Concordant Down,TRUE
TPM2,-0.3639,0.2607,0.589871,0.789566,0.311945,NS,Discordant (Young Down / Old Up),FALSE
MT-ND3,-0.4785,-0.1447,0.072627,0.870237,0.533276,NS,Concordant Down,FALSE
TFRC,0.0884,-0.5339,0.978464,0.261803,0.320471,NS,Discordant (Young Up / Old Down),TRUE
EFEMP1,-0.4961,0.1253,0.321659,0.911609,0.206917,NS,Discordant (Young Down / Old Up),TRUE
NUDT2,-0.1529,0.4668,0.927454,0.314745,0.27953,NS,Discordant (Young Down / Old Up),TRUE
SH3BGRL,0.1629,0.4553,0.864411,0.151984,0.689261,NS,Concordant Up,TRUE
CD99,0.3151,0.301,0.38822,0.442037,0.999286,NS,Concordant Up,FALSE
AAMDC,-0.3351,-0.2753,0.201715,0.389904,0.981832,NS,Concordant Down,FALSE
PPP1R12B,0.583,-0.0255,0.096606,0.997467,0.186986,NS,Discordant (Young Up / Old Down),TRUE
CRELD1,-0.1939,0.4137,0.84565,0.320119,0.194463,NS,Discordant (Young Down / Old Up),TRUE
P3H4,-0.4208,0.1866,0.308028,0.844111,0.175215,NS,Discordant (Young Down / Old Up),TRUE
HSPB2,0.3446,0.2621,0.179956,0.435699,0.964038,NS,Concordant Up,FALSE
LMOD3,0.4397,0.1639,0.416334,0.9073,0.822592,NS,Concordant Up,TRUE
RPL32,-0.0927,0.5108,0.969141,0.216564,0.245219,NS,Discordant (Young Down / Old Up),TRUE
RGS12,-0.38,-0.2213,0.257178,0.709882,0.900652,NS,Concordant Down,TRUE
SEC61B,0.1121,-0.4878,0.978418,0.377842,0.502434,NS,Discordant (Young Up / Old Down),TRUE
SLC16A1,0.4282,0.1711,0.153654,0.819093,0.721239,NS,Concordant Up,TRUE
PLIN4,-0.3117,-0.2876,0.213929,0.297036,0.996961,NS,Concordant Down,FALSE
LRG1,0.1839,-0.4153,0.85851,0.214856,0.161739,NS,Discordant (Young Up / Old Down),TRUE
BCO2,0.2153,-0.3839,0.873173,0.43135,0.330895,NS,Discordant (Young Up / Old Down),TRUE
IGLC3,0.3285,0.2702,0.448456,0.616996,0.98919,NS,Concordant Up,FALSE
PDIA4,0.2972,0.3009,0.516315,0.414562,0.999955,NS,Concordant Up,TRUE
PEX11B,-0.3446,-0.2534,0.521881,0.632703,0.975226,NS,Concordant Down,TRUE
NID2,-0.5649,-0.0317,0.207242,0.997012,0.418282,NS,Concordant Down,TRUE
TMSB4X,0.3055,0.2908,0.575023,0.613945,0.999433,NS,Concordant Up,TRUE
MRPS18A,0.2812,0.315,0.646341,0.499717,0.996771,NS,Concordant Up,TRUE
METTL7A,-0.249,-0.3471,0.501122,0.216302,0.951662,NS,Concordant Down,FALSE
VDAC3,-0.403,-0.1925,0.060491,0.654164,0.719942,NS,Concordant Down,FALSE
NAE1,-0.2708,-0.3244,0.330356,0.177519,0.983458,NS,Concordant Down,TRUE
OXCT1,-0.2534,-0.3402,0.81175,0.465329,0.983172,NS,Concordant Down,TRUE
ALDOC,0.377,0.216,0.70279,0.903834,0.963984,NS,Concordant Up,TRUE
TMX2,-0.4967,-0.0923,0.055213,0.945376,0.342964,NS,Concordant Down,TRUE
SNAP29,0.4749,-0.1139,0.169324,0.87869,0.085821,NS,Discordant (Young Up / Old Down),TRUE
MT-ND2,-0.4442,0.1433,0.209308,0.889012,0.138851,NS,Discordant (Young Down / Old Up),TRUE
IDH3B,0.2912,0.2936,0.259105,0.264453,0.999971,NS,Concordant Up,FALSE
APOL2,0.3451,0.2391,0.361675,0.607861,0.955204,NS,Concordant Up,TRUE
ECHDC3,-0.2334,-0.35,0.738515,0.398338,0.956554,NS,Concordant Down,TRUE
ABHD16A,0.1175,-0.4652,0.956156,0.144388,0.252996,NS,Discordant (Young Up / Old Down),TRUE
VPS29,0.2134,0.3636,0.92192,0.368974,0.964559,NS,Concordant Up,TRUE
PLIN2,0.1503,-0.4257,0.918412,0.281102,0.255284,NS,Discordant (Young Up / Old Down),TRUE
RPL37A,0.1336,0.4402,0.894884,0.148917,0.619472,NS,Concordant Up,TRUE
TNNT3,-0.2811,0.2925,0.737191,0.723213,0.366224,NS,Discordant (Young Down / Old Up),FALSE
RPL18,0.116,0.454,0.929589,0.16092,0.583051,NS,Concordant Up,TRUE
ME2,0.3906,0.1793,0.100222,0.730885,0.743993,NS,Concordant Up,TRUE
LMOD2,-0.4127,0.157,0.59429,0.954762,0.55554,NS,Discordant (Young Down / Old Up),TRUE
RPS6,0.2677,0.3004,0.294078,0.190923,0.993514,NS,Concordant Up,TRUE
UBAP2L,-0.1205,0.4475,0.94139,0.354427,0.291693,NS,Discordant (Young Down / Old Up),TRUE
NDUFC2,-0.4636,0.1043,0.105662,0.939201,0.114025,NS,Discordant (Young Down / Old Up),FALSE
PHYKPL,0.3975,-0.1698,0.245266,0.799636,0.105089,NS,Discordant (Young Up / Old Down),TRUE
TXNDC5,0.3088,0.2571,0.156593,0.266349,0.981512,NS,Concordant Up,TRUE
ECHDC2,-0.3293,-0.2354,0.269612,0.536671,0.955701,NS,Concordant Down,TRUE
MARS1,0.3498,0.2099,0.475488,0.607329,0.926475,NS,Concordant Up,TRUE
MARCKS,0.4241,0.1351,0.078896,0.848453,0.54821,NS,Concordant Up,TRUE
COX6A2,-0.3857,0.1735,0.418102,0.862907,0.252274,NS,Discordant (Young Down / Old Up),TRUE
TMOD4,-0.3153,0.2437,0.682859,0.818147,0.4094,NS,Discordant (Young Down / Old Up),TRUE
PAK1,0.54990000000000006,0.0057,0.35732,0.999876,0.43372,NS,Concordant Up,TRUE
NIBAN1,-0.442,-0.1121,0.071443,0.9079,0.467755,NS,Concordant Down,TRUE
ADD1,0.4829,0.0706,0.327565,0.972416,0.535356,NS,Concordant Up,TRUE
CNIH4,0.401,-0.151,0.167556,0.861368,0.111619,NS,Discordant (Young Up / Old Down),TRUE
SFXN4,-0.3813,0.1694,0.375686,0.800862,0.168466,NS,Discordant (Young Down / Old Up),TRUE
THBS4,-0.0741,0.4765,0.979132,0.144523,0.241154,NS,Discordant (Young Down / Old Up),TRUE
CAPN2,0.3473,0.2027,0.050948,0.481472,0.81944,NS,Concordant Up,FALSE
HUWE1,0.3333,0.2151,0.270377,0.651763,0.932769,NS,Concordant Up,FALSE
GABARAPL2,-0.4204,-0.1266,0.136606,0.905721,0.627749,NS,Concordant Down,TRUE
MECP2,-0.1354,-0.4112,0.897775,0.089132,0.656264,NS,Concordant Down,TRUE
LMNB2,-0.5455,-0,0.068615,1,0.198821,NS,Concordant Down,TRUE
GPT,-0.3209,-0.2234,0.273687,0.600979,0.952411,NS,Concordant Down,FALSE
VPS36,-0.2447,-0.2981,0.619009,0.267105,0.987414,NS,Concordant Down,TRUE
ALDH1A1,-0.2932,-0.249,0.346324,0.505952,0.990809,NS,Concordant Down,FALSE
PEA15,-0.3846,-0.1575,0.670285,0.847327,0.893608,NS,Concordant Down,TRUE
CKAP4,0.2546,0.2854,0.751688,0.560293,0.99753,NS,Concordant Up,TRUE
AKR1C1,0.4509,0.089,0.075331,0.949266,0.419294,NS,Concordant Up,TRUE
CPNE1,-0.2767,-0.2624,0.347003,0.418449,0.999001,NS,Concordant Down,TRUE
BOLA2,0.3764,0.1577,0.137905,0.771178,0.717741,NS,Concordant Up,TRUE
TMLHE,-0.2565,0.2767,0.720375,0.655847,0.300211,NS,Discordant (Young Down / Old Up),TRUE
CPT1A,-0.3137,-0.2193,0.476001,0.701148,0.967682,NS,Concordant Down,TRUE
TSN,-0.2604,-0.2719,0.368169,0.322186,0.999308,NS,Concordant Down,TRUE
LSM8,-0.4995,0.0302,0.072889,0.994603,0.133406,NS,Discordant (Young Down / Old Up),TRUE
ERGIC1,0.1208,0.4086,0.923112,0.22293,0.68303,NS,Concordant Up,TRUE
DAZAP1,0.1723,0.357,0.960909,0.718425,0.962367,NS,Concordant Up,TRUE
NDUFB7,-0.4704,-0.0558,0.052853,0.980962,0.289936,NS,Concordant Down,FALSE
ARIH2,-0.4457,0.08,0.170567,0.948211,0.131451,NS,Discordant (Young Down / Old Up),TRUE
ISOC1,-0.4879,-0.0372,0.089954,0.990251,0.236281,NS,Concordant Down,TRUE
NDUFB6,-0.5077,0.017,0.050485,0.998561,0.153332,NS,Discordant (Young Down / Old Up),FALSE
DRG2,-0.0606,0.4615,0.980136,0.28378,0.276349,NS,Discordant (Young Down / Old Up),TRUE
HLA-DRB1,-0.3365,-0.185,0.504978,0.815173,0.926189,NS,Concordant Down,TRUE
TMEM70,0.2909,0.2298,0.538998,0.722639,0.988013,NS,Concordant Up,TRUE
APOD,-0.2309,-0.2897,0.731961,0.595978,0.9898,NS,Concordant Down,FALSE
NIPSNAP3A,0.5005,-0.0201,0.239698,0.998733,0.387385,NS,Discordant (Young Up / Old Down),TRUE
RPS2,0.2504,0.2701,0.417107,0.360088,0.997985,NS,Concordant Up,FALSE
PLIN5,-0.1296,-0.3905,0.94643,0.366923,0.821695,NS,Concordant Down,TRUE
MRPS15,0.5139,0.006,0.175836,0.999877,0.357491,NS,Concordant Up,TRUE
COL15A1,-0.2057,0.314,0.80987,0.53011,0.289315,NS,Discordant (Young Down / Old Up),TRUE
IDH3G,0.281,0.2379,0.356238,0.517927,0.990769,NS,Concordant Up,FALSE
GLUD1,0.3574,0.1607,0.067432,0.704733,0.70132,NS,Concordant Up,FALSE
COMMD7,0.2994,0.2185,0.62919,0.57324,0.97824,NS,Concordant Up,TRUE
TNNI2,-0.249,0.2681,0.787385,0.759865,0.442918,NS,Discordant (Young Down / Old Up),FALSE
SET,-0.2159,0.3002,0.67621,0.394477,0.125833,NS,Discordant (Young Down / Old Up),TRUE
HCFC2,-0.3224,-0.193,0.557728,0.842998,0.953803,NS,Concordant Down,FALSE
GNA11,-0.3043,-0.2107,0.559073,0.713365,0.970127,NS,Concordant Down,TRUE
RPL13A,0.3194,0.1932,0.48817,0.806132,0.94691,NS,Concordant Up,TRUE
HSPG2,-0.4514,-0.0608,0.15599,0.982374,0.464601,NS,Concordant Down,FALSE
DNAJA1,0.4366,0.0748,0.233155,0.959185,0.488728,NS,Concordant Up,TRUE
HYOU1,0.3261,0.1836,0.181685,0.65479,0.867425,NS,Concordant Up,TRUE
IGHG3,0.4565,0.0525,0.343776,0.991506,0.615367,NS,Concordant Up,FALSE
BLMH,-0.4068,-0.101,0.126049,0.92175,0.524176,NS,Concordant Down,TRUE
TMEM120A,-0.3426,-0.1645,0.759958,0.876494,0.943568,NS,Concordant Down,TRUE
MFN1,-0.4047,-0.1008,0.313461,0.938299,0.656529,NS,Concordant Down,TRUE
NEK9,0.4914,-0.0126,0.109711,0.998924,0.165486,NS,Discordant (Young Up / Old Down),TRUE
AKAP12,0.2304,0.2734,0.658152,0.432605,0.992504,NS,Concordant Up,TRUE
BST2,-0.3722,-0.13,0.093399,0.822653,0.601035,NS,Concordant Down,TRUE
AP1B1,0.2523,0.2496,0.496176,0.411779,0.999967,NS,Concordant Up,TRUE
PSME4,0.4186,0.0828,0.239879,0.962755,0.579585,NS,Concordant Up,TRUE
TUBB,0.289,0.2123,0.107933,0.375889,0.947399,NS,Concordant Up,FALSE
CLIC1,0.2812,0.2199,0.301295,0.527077,0.978305,NS,Concordant Up,TRUE
TMEM43,0.2999,0.2008,0.329003,0.670615,0.950127,NS,Concordant Up,FALSE
NUDT16,-0.364,-0.1346,0.206293,0.818785,0.696061,NS,Concordant Down,TRUE
RAB6A,0.4166,0.0818,0.061335,0.945607,0.384286,NS,Concordant Up,TRUE
CARM1,0.0889,0.4093,0.956726,0.330342,0.645364,NS,Concordant Up,TRUE
CLIC4,0.2463,0.2519,0.536818,0.51273,0.999872,NS,Concordant Up,TRUE
KRT18,-0.2206,0.2751,0.822022,0.729384,0.449005,NS,Discordant (Young Down / Old Up),FALSE
SORD,-0.2764,-0.2179,0.594391,0.672755,0.987833,NS,Concordant Down,TRUE
MRPL47,-0.3342,-0.1595,0.249671,0.727611,0.813344,NS,Concordant Down,TRUE
MMP24OS,-0.2738,-0.2183,0.814393,0.769462,0.994053,NS,Concordant Down,TRUE
MRPL9,-0.1784,0.3135,0.880085,0.653542,0.448036,NS,Discordant (Young Down / Old Up),TRUE
RNPEP,-0.2684,-0.2229,0.311603,0.493549,0.98777,NS,Concordant Down,FALSE
IGHM,0.3041,0.1869,0.619124,0.860164,0.96411500000000006,NS,Concordant Up,FALSE
HHATL,-0.3266,-0.164,0.314421,0.81018,0.874841,NS,Concordant Down,FALSE
SYNPO2L,-0.4012,0.089,0.489235,0.97528,0.486347,NS,Discordant (Young Down / Old Up),TRUE
CSRP1,0.0644,0.4247,0.980861,0.244079,0.558354,NS,Concordant Up,FALSE
LYPLAL1,-0.451,-0.0373,0.475138,0.991738,0.581851,NS,Concordant Down,TRUE
PPID,-0.2787,-0.2091,0.741034,0.81166,0.988861,NS,Concordant Down,TRUE
TIMM8A,-0.4024,0.0851,0.392193,0.966024,0.356686,NS,Discordant (Young Down / Old Up),TRUE
USP24,0.2373,-0.2499,0.67679,0.462615,0.180637,NS,Discordant (Young Up / Old Down),TRUE
APMAP,0.3368,0.1495,0.231911,0.751146,0.777186,NS,Concordant Up,TRUE
TNNC2,-0.2268,0.2591,0.804075,0.750273,0.449164,NS,Discordant (Young Down / Old Up),FALSE
AP2A1,0.2805,0.2052,0.427795,0.578316,0.97062,NS,Concordant Up,TRUE
NUBPL,-0.2874,0.1982,0.690511,0.729799,0.352362,NS,Discordant (Young Down / Old Up),TRUE
ERMP1,-0.4155,-0.0699,0.752943,0.980346,0.838668,NS,Concordant Down,TRUE
NDUFV3,-0.3516,0.133,0.342276,0.901291,0.247233,NS,Discordant (Young Down / Old Up),FALSE
PFKFB1,-0.1269,0.3576,0.936363,0.282623,0.323092,NS,Discordant (Young Down / Old Up),TRUE
UBE2F,0.2257,-0.2581,0.81791,0.611501,0.390688,NS,Discordant (Young Up / Old Down),TRUE
PYURF,-0.3443,0.1394,0.532225,0.910656,0.383406,NS,Discordant (Young Down / Old Up),TRUE
RBKS,-0.2022,-0.2813,0.684433,0.433924,0.971327,NS,Concordant Down,TRUE
DCTN3,-0.1948,0.2875,0.822425,0.440628,0.278467,NS,Discordant (Young Down / Old Up),TRUE
CORO6,0.3108,0.1714,0.544047,0.874288,0.942493,NS,Concordant Up,TRUE
DBNL,0.4627,0.0183,0.354847,0.99819,0.457303,NS,Concordant Up,TRUE
LRRC20,-0.3334,-0.1466,0.079348,0.732426,0.706338,NS,Concordant Down,FALSE
ELMOD2,-0.3762,-0.1037,0.679257,0.933219,0.842416,NS,Concordant Down,TRUE
MT-ND5,-0.2435,0.2358,0.73236,0.755557,0.386281,NS,Discordant (Young Down / Old Up),FALSE
SCARB2,0.2984,-0.18,0.314925,0.673813,0.087189,NS,Discordant (Young Up / Old Down),TRUE
MAP1LC3B2,-0.4447,0.0332,0.359939,0.991933,0.345142,NS,Discordant (Young Down / Old Up),TRUE
TIGAR,0.2243,-0.2502,0.846495,0.713013,0.488576,NS,Discordant (Young Up / Old Down),TRUE
TCEA3,-0.3777,0.0963,0.422158,0.921365,0.285901,NS,Discordant (Young Down / Old Up),TRUE
CUTA,-0.1823,-0.2913,0.7499,0.418985,0.944982,NS,Concordant Down,FALSE
LANCL2,-0.2998,-0.1737,0.23634,0.657431,0.890791,NS,Concordant Down,TRUE
NIPSNAP1,-0.2486,-0.2248,0.771862,0.81907,0.998786,NS,Concordant Down,FALSE
RPL10,0.1194,0.3539,0.902645,0.263699,0.738151,NS,Concordant Up,FALSE
ASPSCR1,-0.2671,-0.2053,0.506988,0.596941,0.981645,NS,Concordant Down,TRUE
MYH11,-0.0181,0.4536,0.999114,0.366113,0.524865,NS,Discordant (Young Down / Old Up),TRUE
NME2,0.2733,0.1972,0.163537,0.466354,0.95081,NS,Concordant Up,FALSE
TUFM,0.2248,0.2451,0.341857,0.275243,0.99703,NS,Concordant Up,FALSE
DENND5A,-0.2939,-0.1758,0.48619,0.75228,0.938637,NS,Concordant Down,TRUE
MICOS10,-0.3075,0.162,0.526794,0.868418,0.339125,NS,Discordant (Young Down / Old Up),TRUE
PPIB,0.1686,0.3004,0.758766,0.324969,0.905858,NS,Concordant Up,TRUE
UBQLN1,-0.1695,-0.2994,0.892027,0.532049,0.951904,NS,Concordant Down,TRUE
MRRF,-0.4665,-0.0018,0.110966,0.999981,0.216243,NS,Concordant Down,TRUE
KIF5B,0.2538,0.2132,0.271697,0.445265,0.988444,NS,Concordant Up,FALSE
CPT1B,-0.229,-0.2377,0.519235,0.499361,0.999636,NS,Concordant Down,FALSE
PTGR2,-0.3214,-0.1445,0.194706,0.802153,0.798134,NS,Concordant Down,FALSE
NT5C1A,0.2041,0.2614,0.765848,0.628515,0.989238,NS,Concordant Up,FALSE
MT-ND1,-0.4476,0.0178,0.057951,0.998111,0.163337,NS,Discordant (Young Down / Old Up),FALSE
RPS15,-0.091,0.3738,0.925614,0.100895,0.092528,NS,Discordant (Young Down / Old Up),FALSE
DHRS4,0.1145,0.3496,0.939391,0.21376,0.776282,NS,Concordant Up,TRUE
MRPL53,-0.3485,0.1147,0.487945,0.923596,0.354181,NS,Discordant (Young Down / Old Up),TRUE
ACSS2,-0.2968,-0.1657,0.172751,0.63219,0.8585,NS,Concordant Down,TRUE
NDUFS2,-0.3428,0.1195,0.217785,0.890853,0.153025,NS,Discordant (Young Down / Old Up),FALSE
MAPK12,-0.2996,-0.1618,0.283146,0.756055,0.88625,NS,Concordant Down,TRUE
ACTR2,0.281,0.1793,0.145275,0.550996,0.907997,NS,Concordant Up,FALSE
IDI1,-0.1169,-0.3417,0.895365,0.225491,0.725502,NS,Concordant Down,TRUE
LAMA2,-0.376,0.0822,0.385284,0.96863,0.37527,NS,Discordant (Young Down / Old Up),TRUE
S100A8,0.1668,0.2911,0.922796,0.758836,0.971576,NS,Concordant Up,TRUE
AP1M1,0.4434,0.0144,0.062996,0.998551,0.191287,NS,Concordant Up,TRUE
NDUFS6,-0.4202,0.0374,0.070852,0.99065,0.150616,NS,Discordant (Young Down / Old Up),FALSE
CLEC3B,0.3848,-0.0722,0.358328,0.969351,0.32569,NS,Discordant (Young Up / Old Down),TRUE
DDI2,-0.3146,0.1423,0.643648,0.931401,0.520537,NS,Discordant (Young Down / Old Up),FALSE
EIF4H,-0.2649,-0.1919,0.220252,0.523824,0.958389,NS,Concordant Down,FALSE
MYOM2,-0.2774,-0.1793,0.42596,0.751651,0.953735,NS,Concordant Down,FALSE
CORO1B,-0.132,0.3247,0.964296,0.28986,0.591247,NS,Discordant (Young Down / Old Up),TRUE
AAMP,0.2134,0.2407,0.818938,0.643591,0.997954,NS,Concordant Up,TRUE
JUP,0.2023,0.2512,0.861784,0.666684,0.994172,NS,Concordant Up,TRUE
YBX1,0.3706,0.0829,0.070867,0.93485,0.445396,NS,Concordant Up,FALSE
NDUFB4,-0.4469,-0.0062,0.066369,0.999783,0.22031800000000001,NS,Concordant Down,FALSE
MYL6,-0.1911,0.2611,0.845686,0.716287,0.461218,NS,Discordant (Young Down / Old Up),FALSE
NLN,0.2556,0.1964,0.638788,0.716022,0.987013,NS,Concordant Up,TRUE
EPM2A,-0.4284,-0.0231,0.151111,0.997282,0.37238,NS,Concordant Down,TRUE
ACADS,-0.1116,-0.3399,0.922522,0.337184,0.770574,NS,Concordant Down,FALSE
IFITM1,-0.3357,-0.1156,0.330893,0.890539,0.755816,NS,Concordant Down,TRUE
VPS13A,-0.3298,-0.1209,0.775253,0.908848,0.91673,NS,Concordant Down,TRUE
S100A9,0.1072,0.3431,0.965663,0.63054,0.879968,NS,Concordant Up,TRUE
SHMT1,-0.2042,-0.2458,0.780906,0.678284,0.994679,NS,Concordant Down,TRUE
TLN2,-0.0875,-0.3624,0.921681,0.07544,0.465771,NS,Concordant Down,TRUE
CLUH,0.4296,0.0199,0.470018,0.998244,0.578311,NS,Concordant Up,TRUE
COX6C,-0.3508,0.0987,0.264519,0.937944,0.236136,NS,Discordant (Young Down / Old Up),FALSE
ANK1,0.2016,0.2473,0.844569,0.700168,0.994676,NS,Concordant Up,TRUE
VAMP2,-0.2029,-0.246,0.896723,0.745199,0.996485,NS,Concordant Down,TRUE
RPL34,0.2814,-0.1674,0.694757,0.895984,0.507854,NS,Discordant (Young Up / Old Down),TRUE
RPL6,0.1801,0.2686,0.818031,0.606808,0.973218,NS,Concordant Up,FALSE
SAE1,0.1209,-0.3278,0.967389,0.29592,0.574516,NS,Discordant (Young Up / Old Down),TRUE
PTGR1,0.1744,0.2734,0.87050399999999994,0.65442,0.972629,NS,Concordant Up,TRUE
EHBP1L1,0.3423,0.1052,0.099624,0.873626,0.569361,NS,Concordant Up,TRUE
SLK,0.2518,0.1952,0.540569,0.607961,0.984214,NS,Concordant Up,TRUE
VDAC1,-0.3132,-0.1335,0.093147,0.763026,0.708204,NS,Concordant Down,FALSE
A2M,0.3786,0.0674,0.362094,0.980608,0.680938,NS,Concordant Up,FALSE
LMNA,-0.3605,0.0855,0.299983,0.959935,0.301019,NS,Discordant (Young Down / Old Up),FALSE
MRPS36,0.2275,-0.2185,0.695552,0.704767,0.311841,NS,Discordant (Young Up / Old Down),TRUE
AKR1C2,0.246,0.1999,0.673014,0.812182,0.993718,NS,Concordant Up,TRUE
JPH2,-0.3539,-0.0918,0.061701,0.906955,0.470474,NS,Concordant Down,FALSE
SSR4,-0.2154,0.2288,0.860323,0.69422,0.516409,NS,Discordant (Young Down / Old Up),TRUE
PDLIM7,-0.36870000000000003,0.0741,0.528855,0.982677,0.547886,NS,Discordant (Young Down / Old Up),FALSE
KRT19,-0.2603,0.181,0.773907,0.895853,0.581154,NS,Discordant (Young Down / Old Up),FALSE
UNC45B,0.2326,0.2081,0.370912,0.484865,0.99613,NS,Concordant Up,FALSE
NDUFB9,-0.392,0.0486,0.098444,0.983259,0.16578,NS,Discordant (Young Down / Old Up),FALSE
C11orf54,-0.1745,-0.2659,0.626935,0.27365,0.938584,NS,Concordant Down,FALSE
MTAP,-0.2745,-0.1652,0.527289,0.804849,0.949294,NS,Concordant Down,TRUE
COX6B1,-0.3389,0.1006,0.196119,0.91885,0.162518,NS,Discordant (Young Down / Old Up),FALSE
SCO1,-0.1688,0.2706,0.83029,0.51788,0.300062,NS,Discordant (Young Down / Old Up),TRUE
NAA10,0.2647,0.1733,0.540681,0.689356,0.959172,NS,Concordant Up,TRUE
MPP1,-0.3469,0.0906,0.455479,0.954151,0.38303,NS,Discordant (Young Down / Old Up),TRUE
MOB4,0.3693,-0.0673,0.18893,0.959826,0.171826,NS,Discordant (Young Up / Old Down),TRUE
RPL38,-0.3121,0.1242,0.235792,0.857249,0.13707,NS,Discordant (Young Down / Old Up),TRUE
RBP4,-0.1669,-0.2666,0.951307,0.701681,0.984882,NS,Concordant Down,TRUE
DBI,-0.1977,-0.2357,0.637448,0.511403,0.992684,NS,Concordant Down,FALSE
TUBA1B,0.278,0.1551,0.185046,0.686113,0.872717,NS,Concordant Up,FALSE
ACSF2,-0.2515,-0.181,0.446589,0.706379,0.973502,NS,Concordant Down,FALSE
FKBP2,-0.3297,-0.1025,0.424359,0.942718,0.799065,NS,Concordant Down,TRUE
NDUFA7,-0.3511,0.0809,0.248608,0.958154,0.255549,NS,Discordant (Young Down / Old Up),FALSE
COX5B,-0.2999,0.1304,0.294273,0.855276,0.171776,NS,Discordant (Young Down / Old Up),FALSE
GLRX,-0.2554,-0.1726,0.597398,0.824527,0.97462,NS,Concordant Down,TRUE
KPNA1,0.2737,0.1541,0.258226,0.719097,0.893534,NS,Concordant Up,TRUE
SELENBP1,-0.1755,-0.2522,0.678037,0.398269,0.964154,NS,Concordant Down,FALSE
PRKAG1,0.2919,0.135,0.120023,0.744187,0.767474,NS,Concordant Up,FALSE
MRPL21,0.1294,-0.2972,0.954136,0.630699,0.595945,NS,Discordant (Young Up / Old Down),TRUE
SPATA20,-0.1993,0.2268,0.911236,0.853259,0.691986,NS,Discordant (Young Down / Old Up),TRUE
DCTN6,0.3175,0.1085,0.480055,0.912437,0.813126,NS,Concordant Up,TRUE
HSPB3,0.2952,0.1307,0.404273,0.882162,0.871,NS,Concordant Up,FALSE
GGCT,-0.2449,-0.1804,0.319734,0.599395,0.970093,NS,Concordant Down,FALSE
GPC1,-0.1415,-0.2836,0.842969,0.35948600000000003,0.890867,NS,Concordant Down,TRUE
NDUFB5,-0.326,0.099,0.212646,0.918665,0.17381,NS,Discordant (Young Down / Old Up),FALSE
CRYBG3,0.1887,-0.2362,0.920907,0.873226,0.721735,NS,Discordant (Young Up / Old Down),TRUE
KRT2,-0.3057,0.119,0.678359,0.95522,0.595498,NS,Discordant (Young Down / Old Up),FALSE
HNRNPH2,-0.3247,-0.1,0.591769,0.927676,0.828349,NS,Concordant Down,TRUE
SYPL1,-0.3611,-0.0635,0.108652,0.966416,0.452805,NS,Concordant Down,FALSE
NGLY1,0.143,0.2806,0.822197,0.301095,0.884997,NS,Concordant Up,TRUE
BANF1,-0.2197,0.2038,0.668296,0.721878,0.303512,NS,Discordant (Young Down / Old Up),FALSE
NDUFB10,-0.4031,-0.0197,0.099627,0.997583,0.307903,NS,Concordant Down,FALSE
GFM1,-0.1944,-0.2277,0.668928,0.452791,0.994098,NS,Concordant Down,TRUE
UQCR11,-0.3837,0.0384,0.228832,0.992325,0.334046,NS,Discordant (Young Down / Old Up),FALSE
IMPA2,-0.2596,-0.1612,0.401139,0.759725,0.94413,NS,Concordant Down,FALSE
NDUFS5,-0.3904,0.0301,0.153683,0.994693,0.269403,NS,Discordant (Young Down / Old Up),FALSE
JCHAIN,-0.1428,-0.2773,0.961588,0.757414,0.972007,NS,Concordant Down,TRUE
RPS13,0.1119,0.3071,0.911494,0.372231,0.811961,NS,Concordant Up,FALSE
MIEN1,-0.1013,0.3171,0.940605,0.260804,0.287345,NS,Discordant (Young Down / Old Up),TRUE
UBE2D1,-0.1113,-0.3068,0.864119,0.181868,0.712165,NS,Concordant Down,FALSE
RNF7,-0.2587,-0.1594,0.23958,0.664338,0.918596,NS,Concordant Down,FALSE
AHCYL1,0.2666,0.1513,0.277651,0.738609,0.902802,NS,Concordant Up,FALSE
ANXA2,0.2747,0.1432,0.272755,0.778369,0.877066,NS,Concordant Up,FALSE
IDH3A,0.1926,0.225,0.522349,0.396155,0.992811,NS,Concordant Up,FALSE
LYRM7,-0.2061,-0.2108,0.653599,0.634642,0.999906,NS,Concordant Down,TRUE
STXBP3,-0.2751,0.1417,0.322924,0.778704,0.132777,NS,Discordant (Young Down / Old Up),TRUE
PDE4DIP,0.1742,0.2423,0.876992,0.763444,0.988508,NS,Concordant Up,FALSE
EPB41,0.151,0.2653,0.912589,0.652051,0.963574,NS,Concordant Up,TRUE
MYOM1,-0.3182,-0.0975,0.390939,0.944334,0.788755,NS,Concordant Down,FALSE
SSPN,-0.1007,-0.3141,0.878467,0.126927,0.623357,NS,Concordant Down,FALSE
BAG3,0.2529,0.1613,0.46837,0.781659,0.956404,NS,Concordant Up,FALSE
NDUFAF4,-0.2276,0.186,0.736785,0.789315,0.418929,NS,Discordant (Young Down / Old Up),TRUE
MYL12B,-0.0808,0.3325,0.954808,0.285961,0.271238,NS,Discordant (Young Down / Old Up),FALSE
ZNF33A,-0.1746,-0.2383,0.928402,0.867162,0.993936,NS,Concordant Down,FALSE
MYOZ3,0.043,0.3696,0.993218,0.74652,0.822163,NS,Concordant Up,TRUE
GCN1,0.2918,0.1199,0.482296,0.85169,0.847623,NS,Concordant Up,TRUE
OBSCN,0.3663,0.0451,0.23928,0.988588,0.542492,NS,Concordant Up,FALSE
MRPL37,-0.3685,0.0427,0.365995,0.990524,0.414026,NS,Discordant (Young Down / Old Up),TRUE
DPP7,-0.3978,-0.0133,0.490126,0.999086,0.580104,NS,Concordant Down,TRUE
PFDN5,-0.2561,-0.1543,0.2683,0.674609,0.914374,NS,Concordant Down,TRUE
RPL7,0.196,0.2143,0.769905,0.731673,0.998902,NS,Concordant Up,FALSE
PMPCA,-0.0973,0.3126,0.96332,0.362743,0.455386,NS,Discordant (Young Down / Old Up),TRUE
HAGH,-0.2268,-0.1829,0.311669,0.520252,0.984526,NS,Concordant Down,FALSE
CZIB,-0.2692,-0.1404,0.275426,0.779493,0.878513,NS,Concordant Down,FALSE
ARIH1,0.1239,-0.2846,0.919824,0.390327,0.358544,NS,Discordant (Young Up / Old Down),TRUE
DNAJB2,-0.1975,-0.2102,0.683234,0.59093,0.999259,NS,Concordant Down,TRUE
ERAP1,0.2675,0.1401,0.504831,0.861493,0.925608,NS,Concordant Up,TRUE
NDUFA12,-0.3874,0.0199,0.157821,0.997718,0.295762,NS,Discordant (Young Down / Old Up),FALSE
EEFSEC,0.0408,0.3662,0.993464,0.251123,0.619177,NS,Concordant Up,TRUE
ETF1,0.2554,0.1514,0.491694,0.811191,0.945007,NS,Concordant Up,TRUE
TUBB2A,0.2852,0.1214,0.155229,0.807029,0.759119,NS,Concordant Up,FALSE
SVIL,0.1762,-0.2304,0.860572,0.764899,0.522736,NS,Discordant (Young Up / Old Down),TRUE
HNRNPH1,-0.2249,0.1812,0.397303,0.594904,0.092231,NS,Discordant (Young Down / Old Up),FALSE
ERP44,0.0461,-0.36,0.993292,0.514022,0.59124,NS,Discordant (Young Up / Old Down),TRUE
TSG101,0.2092,-0.1968,0.546011,0.522039,0.123279,NS,Discordant (Young Up / Old Down),TRUE
SDR39U1,-0.2418,-0.1637,0.664451,0.828479,0.977619,NS,Concordant Down,TRUE
RPL22,-0.0211,0.3841,0.997075,0.131341,0.248027,NS,Discordant (Young Down / Old Up),FALSE
MYH9,0.0757,0.3292,0.962576,0.317238,0.687004,NS,Concordant Up,FALSE
CCT5,0.2432,0.1612,0.114402,0.479874,0.915743,NS,Concordant Up,FALSE
NDUFA10,-0.2977,0.1062,0.312825,0.909382,0.233432,NS,Discordant (Young Down / Old Up),FALSE
TOMM70,0.3697,-0.0342,0.075681,0.990039,0.148644,NS,Discordant (Young Up / Old Down),TRUE
PTCD3,0.1638,0.2393,0.766893,0.509266,0.970344,NS,Concordant Up,TRUE
SGCD,-0.1947,-0.2079,0.48961,0.443925,0.998827,NS,Concordant Down,FALSE
PPME1,0.241,0.1613,0.770006,0.868961,0.982604,NS,Concordant Up,TRUE
RDH11,0.2785,0.1233,0.706523,0.912444,0.928123,NS,Concordant Up,TRUE
DARS1,0.3468,0.0548,0.080401,0.970968,0.389929,NS,Concordant Up,FALSE
FLG2,-0.1762,0.2242,0.929569,0.871538,0.734284,NS,Discordant (Young Down / Old Up),TRUE
GSTZ1,-0.1343,-0.2654,0.890023,0.606797,0.934579,NS,Concordant Down,TRUE
GLRX5,-0.2485,-0.1511,0.649426,0.850279,0.96402,NS,Concordant Down,TRUE
AGK,0.0886,0.3109,0.953944,0.363635,0.772197,NS,Concordant Up,TRUE
NDUFA2,-0.3233,-0.0758,0.201917,0.952427,0.616265,NS,Concordant Down,FALSE
PHKA1,0.172,0.227,0.638714,0.42162,0.979475,NS,Concordant Up,FALSE
ETHE1,-0.3252,-0.0729,0.451895,0.952572,0.703848,NS,Concordant Down,TRUE
RPL12,0.0764,0.3215,0.974687,0.526837,0.805339,NS,Concordant Up,FALSE
NDUFB3,-0.3955,0.0023,0.115161,0.999968,0.280513,NS,Discordant (Young Down / Old Up),FALSE
PLP2,-0.3176,0.0801,0.735481,0.979111,0.680993,NS,Discordant (Young Down / Old Up),TRUE
MAN2C1,0.279,-0.1186,0.456522,0.902543,0.324477,NS,Discordant (Young Up / Old Down),TRUE
TMEM63A,0.3081,0.0894,0.408158,0.947574,0.776524,NS,Concordant Up,TRUE
EEF1G,0.2326,0.1648,0.161788,0.481845,0.947028,NS,Concordant Up,FALSE
RNF181,-0.2198,-0.176,0.798658,0.811839,0.994475,NS,Concordant Down,TRUE
EEF2K,-0.2877,-0.1079,0.513124,0.919124,0.857397,NS,Concordant Down,TRUE
G3BP1,-0.1295,0.2661,0.924838,0.587524,0.482603,NS,Discordant (Young Down / Old Up),TRUE
HMGB1,-0.276,-0.1194,0.173099,0.810079,0.776761,NS,Concordant Down,FALSE
FAM98A,0.3379,0.0573,0.371704,0.984018,0.689933,NS,Concordant Up,TRUE
STK38,-0.2838,-0.1105,0.648574,0.9311,0.900415,NS,Concordant Down,TRUE
DCN,-0.3375,-0.0567,0.417336,0.98508,0.710958,NS,Concordant Down,FALSE
LAMTOR1,0.3938,-2e-4,0.130153,1,0.231082,NS,Discordant (Young Up / Old Down),TRUE
CLIC5,-0.223,-0.1709,0.438052,0.662514,0.982164,NS,Concordant Down,FALSE
PLEC,0.2348,-0.1589,0.580643,0.813212,0.317021,NS,Discordant (Young Up / Old Down),FALSE
KRT10,-0.2566,0.1369,0.767212,0.938607,0.640899,NS,Discordant (Young Down / Old Up),FALSE
SCRN3,-0.2244,-0.1686,0.714074,0.807744,0.988733,NS,Concordant Down,TRUE
PDPR,-0.3011,0.0919,0.494419,0.946064,0.402283,NS,Discordant (Young Down / Old Up),TRUE
NDUFA8,-0.3787,-0.0135,0.127966,0.998842,0.33666,NS,Concordant Down,FALSE
SND1,-0.1156,0.2764,0.895238,0.362764,0.260297,NS,Discordant (Young Down / Old Up),TRUE
NDUFAB1,-0.3041,-0.0873,0.346655,0.947246,0.755739,NS,Concordant Down,FALSE
COL14A1,0.3167,0.0745,0.790733,0.989307,0.916737,NS,Concordant Up,TRUE
DAD1,0.2179,-0.1731,0.905654,0.813559,0.715562,NS,Discordant (Young Up / Old Down),TRUE
FABP5,-0.2317,-0.1588,0.539824,0.787132,0.972957,NS,Concordant Down,FALSE
ARMT1,-0.1292,-0.2611,0.88255,0.483538,0.915728,NS,Concordant Down,TRUE
MOGS,-0.2854,-0.1047,0.7445,0.942192,0.915429,NS,Concordant Down,TRUE
PADI2,0.2819,0.1082,0.201283,0.863523,0.752358,NS,Concordant Up,FALSE
QDPR,-0.24,-0.1497,0.352332,0.731781,0.939883,NS,Concordant Down,FALSE
COQ10A,-0.2689,0.1207,0.505596,0.904778,0.365516,NS,Discordant (Young Down / Old Up),FALSE
PHKA2,0.0309,0.3586,0.992558,0.123852,0.368248,NS,Concordant Up,FALSE
ADK,0.0889,0.2998,0.939289,0.311156,0.744807,NS,Concordant Up,TRUE
AP2M1,0.3072,0.0814,0.223419,0.937976,0.652771,NS,Concordant Up,TRUE
PPP3CB,-0.2107,-0.1776,0.493887,0.640006,0.993211,NS,Concordant Down,FALSE
IMPACT,0.2975,-0.0897,0.599432,0.960184,0.52079,NS,Discordant (Young Up / Old Down),TRUE
HNRNPH3,-0.2595,-0.1276,0.541745,0.894493,0.923712,NS,Concordant Down,TRUE
CMBL,-0.1802,-0.2063,0.716407,0.639109,0.99681,NS,Concordant Down,FALSE
LRRC40,-0.3662,-0.0201,0.712685,0.99737,0.754177,NS,Concordant Down,TRUE
COX7A2,-0.2458,0.1396,0.522256,0.849996,0.311739,NS,Discordant (Young Down / Old Up),FALSE
MYBPC2,-0.2735,0.111,0.775722,0.966446,0.705363,NS,Discordant (Young Down / Old Up),FALSE
SNRPA,-0.3146,0.0693,0.298565,0.956991,0.260608,NS,Discordant (Young Down / Old Up),TRUE
CCT4,0.2111,0.1719,0.303709,0.504993,0.985874,NS,Concordant Up,FALSE
GLUL,-0.1237,-0.259,0.95197,0.607088,0.95124,NS,Concordant Down,TRUE
LASP1,-0.2391,0.1436,0.775557,0.899614,0.579706,NS,Discordant (Young Down / Old Up),TRUE
MAPT,0.3119,0.0704,0.133174,0.947964,0.54048,NS,Concordant Up,FALSE
NDUFA9,-0.3436,-0.0387,0.183795,0.989505,0.479708,NS,Concordant Down,FALSE
GAPDH,0.1938,0.188,0.515382,0.55259,0.999784,NS,Concordant Up,FALSE
MTIF2,0.2376,0.1435,0.601266,0.713471,0.950368,NS,Concordant Up,TRUE
FAM120A,0.2115,0.1692,0.655933,0.697785,0.99114,NS,Concordant Up,TRUE
RPS27A,0.1728,-0.2076,0.843515,0.777323,0.513066,NS,Discordant (Young Up / Old Down),FALSE
TWF2,-0.116,0.2644,0.904861,0.500143,0.357576,NS,Discordant (Young Down / Old Up),TRUE
CCT2,0.2602,0.1201,0.174238,0.783791,0.801612,NS,Concordant Up,FALSE
RPL31,-0.2633,0.1169,0.450121,0.894575,0.310973,NS,Discordant (Young Down / Old Up),FALSE
RPL11,0.1016,0.2786,0.945201,0.570578,0.882242,NS,Concordant Up,TRUE
HINT2,-0.2087,-0.1696,0.715416,0.819307,0.994402,NS,Concordant Down,FALSE
NDUFS4,-0.3323,-0.0459,0.291228,0.987259,0.601809,NS,Concordant Down,FALSE
MRPS35,0.293,-0.0852,0.565381,0.944174,0.441034,NS,Discordant (Young Up / Old Down),TRUE
DCTN1,0.2947,0.0832,0.109667,0.909303,0.574216,NS,Concordant Up,FALSE
PCBD2,-0.2098,-0.1681,0.394546,0.597469,0.986424,NS,Concordant Down,FALSE
TMX3,-0.2229,0.1548,0.921121,0.909311,0.792871,NS,Discordant (Young Down / Old Up),TRUE
PUF60,-0.2745,-0.1022,0.486026,0.873763,0.824769,NS,Concordant Down,TRUE
CHCHD2,-0.1385,0.2376,0.89639,0.684873,0.494831,NS,Discordant (Young Down / Old Up),TRUE
DES,-0.166,0.2097,0.903992,0.847566,0.665736,NS,Discordant (Young Down / Old Up),FALSE
NDUFS3,-0.3298,-0.0453,0.17313,0.983789,0.493413,NS,Concordant Down,FALSE
SELENOF,-0.2446,0.1301,0.906705,0.911869,0.791763,NS,Discordant (Young Down / Old Up),TRUE
FGGY,-0.3295,0.044,0.664466,0.989566,0.628684,NS,Discordant (Young Down / Old Up),TRUE
IGHA1,0.2906,0.0824,0.588556,0.97058,0.858504,NS,Concordant Up,FALSE
CAVIN2,-0.1696,-0.2022,0.640676,0.514242,0.993029,NS,Concordant Down,FALSE
SLC27A1,0.0194,-0.3522,0.998288,0.158501,0.41819,NS,Discordant (Young Up / Old Down),TRUE
ARPC5,0.241,0.1298,0.708799,0.903045,0.957559,NS,Concordant Up,TRUE
MAVS,0.2079,-0.1625,0.4077,0.6269,0.106524,NS,Discordant (Young Up / Old Down),FALSE
MYO6,0.1056,0.2644,0.924553,0.520045,0.882149,NS,Concordant Up,FALSE
GLO1,-0.1988,-0.1711,0.46452,0.601352,0.994459,NS,Concordant Down,FALSE
RPL29,0.1827,0.1858,0.83874,0.837431,0.999973,NS,Concordant Up,FALSE
ABLIM2,-0.2794,-0.0888,0.702993,0.967302,0.900137,NS,Concordant Down,TRUE
TPPP3,0.297,0.0707,0.657629,0.978416,0.85122,NS,Concordant Up,TRUE
HP,0.307,-0.0604,0.678559,0.989218,0.692875,NS,Discordant (Young Up / Old Down),FALSE
ALDH9A1,-0.2005,-0.1663,0.526378,0.676826,0.992542,NS,Concordant Down,FALSE
RPL13,0.2148,0.1516,0.722272,0.868935,0.985999,NS,Concordant Up,FALSE
ARL3,0.2781,0.0882,0.516934,0.922882,0.809759,NS,Concordant Up,TRUE
ENOPH1,-0.2339,-0.1322,0.399879,0.799998,0.925451,NS,Concordant Down,TRUE
EIF2S3,0.3054,-0.0604,0.236435,0.969951,0.267806,NS,Discordant (Young Up / Old Down),FALSE
NMT1,-0.2362,-0.1295,0.710311,0.828219,0.952671,NS,Concordant Down,TRUE
SHMT2,0.0701,0.2955,0.974739,0.410419,0.779911,NS,Concordant Up,TRUE
SYNPO,-0.2141,-0.1508,0.738322,0.865057,0.985997,NS,Concordant Down,TRUE
SF1,-0.3139,0.0509,0.645318,0.989385,0.637353,NS,Discordant (Young Down / Old Up),TRUE
ABHD10,-0.2013,-0.1623,0.670727,0.756841,0.992671,NS,Concordant Down,TRUE
RTCB,0.2261,0.1369,0.253269,0.687334,0.918242,NS,Concordant Up,FALSE
NAXD,-0.208,-0.1541,0.575522,0.772552,0.983882,NS,Concordant Down,FALSE
PDIA3,0.2271,0.1346,0.254764,0.70167,0.91254,NS,Concordant Up,FALSE
FN1,-0.2253,-0.1362,0.91398,0.944369,0.989077,NS,Concordant Down,TRUE
MYL6B,0.1683,0.1926,0.933281,0.913955,0.999135,NS,Concordant Up,FALSE
SPTBN1,0.2028,0.1577,0.523685,0.714307,0.986915,NS,Concordant Up,FALSE
NOMO2,-0.2663,0.0939,0.389852,0.913562,0.276375,NS,Discordant (Young Down / Old Up),TRUE
SLC25A3,0.2719,0.088,0.230281,0.912924,0.720809,NS,Concordant Up,FALSE
TRAPPC3,0.3558,0.0035,0.460447,0.99993,0.549919,NS,Concordant Up,TRUE
MYO1C,0.221,-0.1375,0.632311,0.835084,0.369353,NS,Discordant (Young Up / Old Down),TRUE
EIF2B1,0.2807,0.0774,0.369684,0.933366,0.718654,NS,Concordant Up,TRUE
CLU,0.2667,-0.091,0.608238,0.958351,0.53961,NS,Discordant (Young Up / Old Down),TRUE
ARHGDIB,0.2084,-0.1493,0.672268,0.830295,0.400888,NS,Discordant (Young Up / Old Down),TRUE
MCU,-0.2705,-0.0865,0.469252,0.949173,0.830354,NS,Concordant Down,TRUE
FHL3,-0.1521,-0.2041,0.809525,0.661813,0.987278,NS,Concordant Down,FALSE
SARS1,0.2529,0.1029,0.430132,0.90149,0.85828,NS,Concordant Up,TRUE
UBL4A,0.2303,-0.1253,0.662103,0.873384,0.434562,NS,Discordant (Young Up / Old Down),TRUE
NDUFV1,-0.3426,-0.0128,0.161038,0.998878,0.381327,NS,Concordant Down,FALSE
UBE2V2,-0.1916,-0.1638,0.33236,0.489753,0.992297,NS,Concordant Down,FALSE
MTDH,0.2864,0.069,0.2943,0.953144,0.669238,NS,Concordant Up,TRUE
RPS21,-0.0638,0.2906,0.964451,0.282616,0.285678,NS,Discordant (Young Down / Old Up),FALSE
BROX,-0.3532,0.0011,0.386379,0.999993,0.486986,NS,Discordant (Young Down / Old Up),TRUE
MRPL11,-0.2256,-0.1284,0.720375,0.861437,0.961481,NS,Concordant Down,TRUE
RAP1A,0.2999,-0.053900000000000003,0.64799,0.984219,0.606119,NS,Discordant (Young Up / Old Down),TRUE
NDUFS1,-0.3443,0.0091,0.139897,0.999416,0.296845,NS,Discordant (Young Down / Old Up),FALSE
PHKB,0.1271,0.2262,0.813595,0.441899,0.930005,NS,Concordant Up,FALSE
CYB5A,0.2167,-0.1364,0.690354,0.854389,0.43897,NS,Discordant (Young Up / Old Down),TRUE
HSPE1,0.1384,0.2147,0.749858,0.438993,0.955592,NS,Concordant Up,FALSE
PICALM,0.3498,-0.0032,0.526414,0.999933,0.568288,NS,Discordant (Young Up / Old Down),TRUE
RIDA,-0.1903,-0.1625,0.380332,0.534725,0.99291,NS,Concordant Down,FALSE
SCP2,0.1246,0.2276,0.873973,0.580189,0.945396,NS,Concordant Up,TRUE
ACY1,0.241,0.111,0.442075,0.884936,0.892393,NS,Concordant Up,FALSE
RPL36AL,0.1016,0.2502,0.932982,0.57795,0.900904,NS,Concordant Up,FALSE
CST3,0.1968,0.1534,0.636308,0.781858,0.990179,NS,Concordant Up,TRUE
VCAN,-0.0372,-0.3129,0.988605,0.169748,0.482196,NS,Concordant Down,TRUE
NDUFS8,-0.3452,-0.0048,0.224348,0.999867,0.429532,NS,Concordant Down,FALSE
RPS28,0.1861,0.1638,0.724885,0.794415,0.997886,NS,Concordant Up,FALSE
SGCG,-0.1751,-0.1739,0.541334,0.558436,0.99999,NS,Concordant Down,FALSE
DDAH2,0.3434,0.005,0.154052,0.999806,0.322504,NS,Concordant Up,TRUE
TACC2,0.1475,-0.2005,0.811063,0.626669,0.347932,NS,Discordant (Young Up / Old Down),TRUE
CCDC124,0.2355,0.1124,0.519551,0.886694,0.912013,NS,Concordant Up,TRUE
ERO1A,0.1729,0.1749,0.621239,0.576548,0.999975,NS,Concordant Up,TRUE
NIF3L1,-0.2339,-0.1137,0.342867,0.838839,0.880238,NS,Concordant Down,FALSE
NAPRT,-0.3366,0.0109,0.549209,0.999578,0.658788,NS,Discordant (Young Down / Old Up),TRUE
AP2B1,0.1735,0.1736,0.731313,0.706091,1,NS,Concordant Up,TRUE
LPCAT3,-0.2361,-0.1106,0.742715,0.929286,0.947519,NS,Concordant Down,TRUE
MYH4,-0.275,0.071,0.805936,0.988814,0.795644,NS,Discordant (Young Down / Old Up),TRUE
COX7C,-0.3131,0.0326,0.373027,0.994121,0.474675,NS,Discordant (Young Down / Old Up),FALSE
SSBP1,0.2408,0.1036,0.346094,0.877104,0.850797,NS,Concordant Up,FALSE
COX7A1,-0.3235,0.0205,0.307281,0.997561,0.445244,NS,Discordant (Young Down / Old Up),FALSE
SLC25A24,0.114,0.2297,0.836314,0.363784,0.889533,NS,Concordant Up,TRUE
RPS12,-0.0579,0.2855,0.970133,0.281167,0.296938,NS,Discordant (Young Down / Old Up),FALSE
RTCA,-0.1232,-0.22,0.810306,0.430179,0.927862,NS,Concordant Down,FALSE
DNAJA2,0.2184,0.1248,0.313885,0.75824,0.914859,NS,Concordant Up,FALSE
CAP1,0.0571,0.2855,0.978581,0.409616,0.729222,NS,Concordant Up,TRUE
LCP1,-0.0171,0.3248,0.997878,0.156377,0.314358,NS,Discordant (Young Down / Old Up),TRUE
TMEM109,-0.1571,-0.1848,0.757811,0.672591,0.996014,NS,Concordant Down,FALSE
NEXN,-0.062,0.2795,0.984628,0.635747,0.640207,NS,Discordant (Young Down / Old Up),TRUE
HNRNPL,-0.1975,0.1439,0.573223,0.775377,0.275193,NS,Discordant (Young Down / Old Up),TRUE
BCAM,-0.2584,-0.0829,0.446286,0.944134,0.819102,NS,Concordant Down,TRUE
CPPED1,0.283,0.0568,0.675088,0.988179,0.857913,NS,Concordant Up,TRUE
CAST,0.149,0.1903,0.75757,0.614927,0.989905,NS,Concordant Up,FALSE
PRXL2A,-0.1526,-0.1866,0.860632,0.793212,0.99603,NS,Concordant Down,FALSE
HSPA2,0.2742,-0.0646,0.621515,0.981912,0.618565,NS,Discordant (Young Up / Old Down),FALSE
FKBP5,-0.1639,-0.1746,0.732532,0.6723,0.999389,NS,Concordant Down,TRUE
RRAS2,-0.1975,-0.1408,0.562027,0.77368,0.979193,NS,Concordant Down,TRUE
CAV1,-0.298,-0.0399,0.190263,0.985647,0.510009,NS,Concordant Down,FALSE
HBB,0.2151,0.1224,0.782139,0.935209,0.975283,NS,Concordant Up,FALSE
HRC,0.302,0.0355,0.089597,0.985572,0.364191,NS,Concordant Up,FALSE
COL18A1,-0.2738,-0.0636,0.791201,0.98153,0.896358,NS,Concordant Down,TRUE
KTN1,0.2819,-0.0552,0.481211,0.979047,0.468537,NS,Discordant (Young Up / Old Down),TRUE
RPS16,0.0853,0.2517,0.935215,0.428753,0.823339,NS,Concordant Up,FALSE
PCYT1A,-0.2076,-0.1292,0.522185,0.784119,0.955717,NS,Concordant Down,TRUE
MEMO1,0.274,0.0628,0.320174,0.966354,0.700729,NS,Concordant Up,FALSE
PLN,0.194,-0.1424,0.784824,0.89070800000000006,0.579599,NS,Discordant (Young Up / Old Down),FALSE
MT-CO2,-0.3235,-0.0124,0.23406,0.998992,0.462832,NS,Concordant Down,FALSE
GYS1,0.232,0.1035,0.407335,0.884532,0.877617,NS,Concordant Up,FALSE
PPP6R1,-0.3164,0.0191,0.303756,0.996558,0.353022,NS,Discordant (Young Down / Old Up),TRUE
CAP2,-0.2871,0.0483,0.258976,0.980069,0.313628,NS,Discordant (Young Down / Old Up),FALSE
GNB2,-0.179,-0.1564,0.64703599999999994,0.738501,0.997083,NS,Concordant Down,FALSE
RPL14,0.2307,0.1046,0.732349,0.948645,0.948854,NS,Concordant Up,TRUE
SULT1A1,-0.1703,-0.1644,0.862181,0.854985,0.999901,NS,Concordant Down,TRUE
SPTAN1,0.2325,0.1022,0.488811,0.897915,0.890608,NS,Concordant Up,TRUE
CHCHD4,0.2099,0.1246,0.726457,0.87389,0.968695,NS,Concordant Up,TRUE
CELF1,-0.2655,0.0687,0.531491,0.96826,0.486057,NS,Discordant (Young Down / Old Up),TRUE
PGAM5,0.1569,-0.1772,0.847474,0.762843,0.508223,NS,Discordant (Young Up / Old Down),TRUE
RUVBL2,0.2542,0.0796,0.498529,0.950792,0.83203800000000006,NS,Concordant Up,TRUE
TTC38,0.2366,0.0971,0.870532,0.960958,0.962655,NS,Concordant Up,TRUE
NDUFB1,-0.293,-0.0406,0.388917,0.989582,0.671362,NS,Concordant Down,TRUE
REEP5,0.3171,-0.0156,0.134914,0.997934,0.271444,NS,Discordant (Young Up / Old Down),FALSE
MMAB,-0.0483,-0.2844,0.987015,0.3163,0.710352,NS,Concordant Down,TRUE
NDUFB11,-0.2942,0.0381,0.327845,0.990031,0.412725,NS,Discordant (Young Down / Old Up),FALSE
CCT8,0.2224,0.1095,0.164459,0.747172,0.823613,NS,Concordant Up,FALSE
ECI1,-0.2466,-0.0852,0.221145,0.898668,0.735381,NS,Concordant Down,FALSE
DCPS,-0.1898,-0.1411,0.848428,0.854763,0.992657,NS,Concordant Down,TRUE
PRELP,-0.2847,-0.0458,0.556745,0.990384,0.788159,NS,Concordant Down,TRUE
SQOR,-0.229,0.1011,0.815974,0.946085,0.688322,NS,Discordant (Young Down / Old Up),TRUE
CALM1,0.1707,0.1591,0.618876,0.67704,0.999135,NS,Concordant Up,FALSE
MAP3K20,0.1986,-0.1311,0.794941,0.916846,0.628289,NS,Discordant (Young Up / Old Down),FALSE
MAPRE3,0.1827,0.1464,0.803657,0.884773,0.995663,NS,Concordant Up,TRUE
RPS17,0.0636,0.2652,0.968956,0.380404,0.749794,NS,Concordant Up,TRUE
DSTN,0.1317,0.197,0.90031,0.764663,0.984707,NS,Concordant Up,TRUE
EEA1,0.2931,0.0354,0.32214,0.989373,0.577627,NS,Concordant Up,TRUE
PSAP,-0.1805,-0.1475,0.683132,0.796816,0.994316,NS,Concordant Down,FALSE
RASA4,-0.1917,-0.136,0.808908,0.880092,0.989316,NS,Concordant Down,TRUE
SLMAP,0.2834,0.0439,0.287395,0.984314,0.616599,NS,Concordant Up,FALSE
HSP90B1,0.2093,0.1176,0.373697,0.796364,0.922056,NS,Concordant Up,FALSE
NDUFA5,-0.2917,-0.035,0.270903,0.99047,0.572346,NS,Concordant Down,FALSE
SEC61A1,0.1821,-0.1445,0.715918,0.899052,0.571448,NS,Discordant (Young Up / Old Down),TRUE
RPL23A,-0.0727,0.2539,0.960881,0.491326,0.445097,NS,Discordant (Young Down / Old Up),FALSE
YWHAH,0.2425,0.0833,0.175971,0.887782,0.703604,NS,Concordant Up,FALSE
ERLIN2,-0.2387,-0.0869,0.497221,0.93936,0.86515,NS,Concordant Down,FALSE
MRPS21,0.1827,0.1422,0.840683,0.889335,0.995024,NS,Concordant Up,TRUE
LMCD1,0.2608,0.0641,0.416209,0.968399,0.766942,NS,Concordant Up,FALSE
PDK2,-0.2476,-0.0772,0.759184,0.973728,0.916949,NS,Concordant Down,TRUE
VWA8,0.0346,-0.29,0.996635,0.465178,0.702385,NS,Discordant (Young Up / Old Down),TRUE
TNS1,-0.2593,-0.0653,0.467791,0.969748,0.793384,NS,Concordant Down,TRUE
DYNLRB1,0.0868,0.2372,0.943279,0.510349,0.873171,NS,Concordant Up,TRUE
SEPTIN9,0.1987,-0.1253,0.750634,0.837958,0.484001,NS,Discordant (Young Up / Old Down),TRUE
ARPC5L,-0.1096,0.2142,0.965377,0.684596,0.714823,NS,Discordant (Young Down / Old Up),TRUE
NHLRC2,0.3016,-0.0221,0.250031,0.996092,0.360731,NS,Discordant (Young Up / Old Down),TRUE
PRDX6,-0.1465,-0.177,0.711552,0.592206,0.993507,NS,Concordant Down,FALSE
HEBP1,-0.1363,0.187,0.803304,0.621015,0.332434,NS,Discordant (Young Down / Old Up),TRUE
MAPK3,-0.1673,-0.1554,0.781088,0.776851,0.999361,NS,Concordant Down,TRUE
MSRB2,-0.2211,0.1015,0.809425,0.938839,0.669214,NS,Discordant (Young Down / Old Up),TRUE
DCTN2,0.2154,0.1068,0.175207,0.751172,0.831666,NS,Concordant Up,FALSE
TSNAX,-0.0893,-0.2329,0.957228,0.630423,0.915453,NS,Concordant Down,TRUE
LAMTOR2,0.3074,0.0145,0.726498,0.99863,0.769966,NS,Concordant Up,TRUE
PHKG1,0.1614,0.1604,0.568451,0.584302,0.999993,NS,Concordant Up,FALSE
SIRT3,-0.2827,0.0389,0.463446,0.990578,0.512587,NS,Discordant (Young Down / Old Up),TRUE
COL7A1,0.1762,-0.1452,0.816777,0.868729,0.58129,NS,Discordant (Young Up / Old Down),TRUE
VAT1,0.2446,0.0764,0.390504,0.944519,0.797876,NS,Concordant Up,FALSE
CLASP2,-0.1822,-0.1385,0.843984,0.853471,0.993598,NS,Concordant Down,TRUE
HNRNPM,-0.1118,0.2087,0.927541,0.605208,0.51842,NS,Discordant (Young Down / Old Up),TRUE
CLTC,0.2404,0.08,0.337849,0.92886,0.787654,NS,Concordant Up,FALSE
UBE2N,-0.1948,-0.1253,0.478572,0.786552,0.960817,NS,Concordant Down,FALSE
EIF3C,0.1571,0.163,0.717967,0.704331,0.999803,NS,Concordant Up,FALSE
HNRNPDL,-0.2675,-0.052,0.402329,0.980154,0.725157,NS,Concordant Down,FALSE
DMAC2L,-0.0217,-0.2976,0.99751,0.339257,0.625856,NS,Concordant Down,TRUE
RBBP7,-0.2141,0.1051,0.835982,0.931625,0.691166,NS,Discordant (Young Down / Old Up),TRUE
RPS7,0.0394,0.2795,0.991624,0.511653,0.748388,NS,Concordant Up,TRUE
MLX,-0.2958,-0.023,0.584618,0.997369,0.72856,NS,Concordant Down,TRUE
TIAL1,0.2035,0.1152,0.673876,0.869521,0.958132,NS,Concordant Up,TRUE
NTMT1,-0.09,0.2287,0.95844,0.643451,0.587676,NS,Discordant (Young Down / Old Up),TRUE
NACA,0.2421,0.0765,0.170184,0.90546,0.673161,NS,Concordant Up,FALSE
COQ9,-0.1797,-0.1385,0.558358,0.743468,0.987475,NS,Concordant Down,FALSE
COBL,-0.1842,0.1332,0.872157,0.899925,0.691861,NS,Discordant (Young Down / Old Up),TRUE
TPSB2,-0.2073,0.1098,0.773195,0.938934,0.641094,NS,Discordant (Young Down / Old Up),TRUE
MRPL38,-0.1941,0.123,0.710041,0.89224,0.510402,NS,Discordant (Young Down / Old Up),TRUE
NME1,0.1801,0.1367,0.545695,0.726595,0.985283,NS,Concordant Up,TRUE
GSTO1,-0.052,-0.2646,0.97538,0.332545,0.675315,NS,Concordant Down,FALSE
RPS14,0.1345,0.1818,0.745026,0.549864,0.982809,NS,Concordant Up,FALSE
CLTB,0.3002,-0.016,0.118788,0.997425,0.238386,NS,Discordant (Young Up / Old Down),TRUE
BGN,-0.2922,-0.024,0.469621,0.996843,0.677727,NS,Concordant Down,TRUE
HDDC2,0.2075,-0.1087,0.62267,0.870211,0.394089,NS,Discordant (Young Up / Old Down),TRUE
ALDH16A1,-0.2617,0.0544,0.847159,0.983335,0.792988,NS,Discordant (Young Down / Old Up),TRUE
TKT,0.1749,0.141,0.822605,0.855104,0.995762,NS,Concordant Up,TRUE
EHD4,-0.1896,0.126,0.843924,0.869354,0.631356,NS,Discordant (Young Down / Old Up),TRUE
QKI,-0.0709,0.2441,0.979154,0.678326,0.667974,NS,Discordant (Young Down / Old Up),TRUE
USP5,0.2494,0.0652,0.1654,0.936815,0.615278,NS,Concordant Up,FALSE
CRKL,-0.1915,-0.1221,0.462076,0.782624,0.95809,NS,Concordant Down,FALSE
EEF1A1,0.2587,0.0549,0.387125,0.975492,0.729383,NS,Concordant Up,FALSE
RDH13,0.0904,0.2232,0.96146,0.686248,0.935894,NS,Concordant Up,TRUE
OSBPL11,0.1348,0.1787,0.918738,0.77478,0.993766,NS,Concordant Up,TRUE
CALD1,-0.088,0.2253,0.976811,0.743452,0.740795,NS,Discordant (Young Down / Old Up),TRUE
TOMM40,-0.286,0.0272,0.246993,0.993763,0.356061,NS,Discordant (Young Down / Old Up),TRUE
PRDX3,0.1764,0.1363,0.427018,0.650984,0.983779,NS,Concordant Up,FALSE
RPL35,-0.0691,0.2435,0.973892,0.634252,0.598792,NS,Discordant (Young Down / Old Up),TRUE
TMEM11,-0.2371,0.0753,0.328171,0.934475,0.274194,NS,Discordant (Young Down / Old Up),FALSE
CCT3,0.1785,0.1338,0.411562,0.660353,0.97934,NS,Concordant Up,FALSE
KYAT3,-0.1831,-0.1291,0.853317,0.904295,0.991268,NS,Concordant Down,TRUE
MYOT,-0.0688,0.2433,0.981493,0.745127,0.713838,NS,Discordant (Young Down / Old Up),FALSE
DIABLO,-0.2809,-0.0308,0.314184,0.992452,0.588426,NS,Concordant Down,TRUE
PRKCQ,0.1462,-0.1652,0.862572,0.752726,0.525686,NS,Discordant (Young Up / Old Down),TRUE
PLIN3,0.2578,0.0534,0.240962,0.968381,0.627956,NS,Concordant Up,FALSE
MRPL4,0.129,0.1819,0.963428,0.819858,0.994762,NS,Concordant Up,TRUE
TSC22D1,0.0388,-0.272,0.997893,0.769938,0.870311,NS,Discordant (Young Up / Old Down),TRUE
ANXA4,0.2261,0.0846,0.498968,0.935247,0.869799,NS,Concordant Up,TRUE
BPGM,-0.2454,-0.0652,0.575289,0.974274,0.848635,NS,Concordant Down,FALSE
PRKDC,0.2579,0.0523,0.308524,0.967926,0.641189,NS,Concordant Up,TRUE
H6PD,-0.1132,-0.1969,0.86835,0.582696,0.954693,NS,Concordant Down,TRUE
DDX1,0.2363,0.0737,0.296787,0.932612,0.753051,NS,Concordant Up,FALSE
RPL23,-0.1032,0.2066,0.891379,0.564451,0.381849,NS,Discordant (Young Down / Old Up),TRUE
DCTN4,0.2263,0.0835,0.595969,0.943577,0.888846,NS,Concordant Up,TRUE
DYSF,0.2385,0.0706,0.239615,0.931419,0.706447,NS,Concordant Up,FALSE
RPL8,0.0753,0.2336,0.975823,0.735174,0.92141,NS,Concordant Up,TRUE
CHCHD7,-0.2908,-0.0177,0.438859,0.998264,0.647747,NS,Concordant Down,TRUE
COPB2,0.1627,0.1457,0.80286,0.780783,0.998666,NS,Concordant Up,TRUE
COQ10B,-0.1677,-0.14,0.806244,0.875931,0.997119,NS,Concordant Down,TRUE
NDUFB8,-0.2623,0.0453,0.378331,0.983877,0.42862,NS,Discordant (Young Down / Old Up),FALSE
DDOST,-0.149,-0.1585,0.682345,0.644839,0.999371,NS,Concordant Down,TRUE
NUDT19,-0.2289,0.0784,0.778774,0.972459,0.70939,NS,Discordant (Young Down / Old Up),TRUE
ALDH1L1,0.128,-0.1791,0.852317,0.709602,0.454436,NS,Discordant (Young Up / Old Down),FALSE
GPD2,-0.1437,-0.1633,0.801443,0.747627,0.99804,NS,Concordant Down,FALSE
ACTR1A,0.1783,0.1286,0.498011,0.74154,0.978306,NS,Concordant Up,FALSE
SEPTIN11,0.2162,-0.0906,0.672269,0.93599,0.531885,NS,Discordant (Young Up / Old Down),TRUE
NTPCR,0.2471,-0.0592,0.594899,0.978544,0.574557,NS,Discordant (Young Up / Old Down),TRUE
RAB35,0.0553,0.2506,0.98419,0.512699,0.825945,NS,Concordant Up,TRUE
PRKG1,-0.0207,-0.2848,0.997394,0.40756,0.637517,NS,Concordant Down,TRUE
ATP5MF,-0.1019,-0.2032,0.907759,0.619067,0.940658,NS,Concordant Down,FALSE
GRB2,-0.2104,0.0937,0.513877,0.909246,0.371808,NS,Discordant (Young Down / Old Up),TRUE
NT5C,-0.2373,-0.0668,0.577532,0.970255,0.853735,NS,Concordant Down,TRUE
EEF1B2,0.226,0.0778,0.395342,0.933075,0.820348,NS,Concordant Up,FALSE
GPX1,-0.1608,-0.1425,0.545365,0.648678,0.997108,NS,Concordant Down,FALSE
COX5A,-0.2538,0.0495,0.465979,0.982765,0.496105,NS,Discordant (Young Down / Old Up),FALSE
FHL1,0.1668,0.1361,0.639296,0.768379,0.993648,NS,Concordant Up,FALSE
HIBCH,0.124,0.1782,0.9059,0.802271,0.989109,NS,Concordant Up,FALSE
MCCC2,-0.2913,-0.0109,0.566273,0.99938,0.690101,NS,Concordant Down,TRUE
DCD,-0.268,0.0339,0.666152,0.995632,0.717413,NS,Discordant (Young Down / Old Up),FALSE
AKT2,-0.0442,0.2572,0.990293,0.491598,0.596575,NS,Discordant (Young Down / Old Up),TRUE
ATP1A1,0.191,0.1103,0.40325,0.799171,0.933455,NS,Concordant Up,FALSE
CCDC47,-0.1939,0.1074,0.636683,0.856453,0.390909,NS,Discordant (Young Down / Old Up),TRUE
U2AF2,-0.1243,0.1767,0.867837,0.70784,0.475145,NS,Discordant (Young Down / Old Up),TRUE
HBA1,0.1955,0.1054,0.822437,0.953188,0.976865,NS,Concordant Up,FALSE
FBP1,0.0656,-0.2342,0.982596,0.754246,0.724988,NS,Discordant (Young Up / Old Down),FALSE
TCP1,0.2017,0.0979,0.364008,0.849105,0.887474,NS,Concordant Up,FALSE
PPP1R7,-0.096,-0.2035,0.895796,0.52209,0.913963,NS,Concordant Down,FALSE
KRT1,-0.2674,0.032,0.754608,0.997076,0.794122,NS,Discordant (Young Down / Old Up),FALSE
RPS10,-0.0384,0.2609,0.991304,0.534445,0.581409,NS,Discordant (Young Down / Old Up),FALSE
MRPL54,-0.2362,0.0627,0.798374,0.980046,0.736813,NS,Discordant (Young Down / Old Up),TRUE
AASDHPPT,-0.1556,-0.1433,0.873704,0.840578,0.999471,NS,Concordant Down,TRUE
SEC23IP,0.2489,0.05,0.303144,0.971323,0.650996,NS,Concordant Up,TRUE
CCT7,0.2069,0.0919,0.292348,0.853686,0.84352799999999994,NS,Concordant Up,FALSE
GDI1,-0.1641,-0.1345,0.472402,0.644773,0.991129,NS,Concordant Down,FALSE
EEF1D,0.2577,0.0406,0.115262,0.975889,0.447573,NS,Concordant Up,FALSE
PDLIM5,-0.0469,-0.2513,0.98461,0.499183,0.76809,NS,Concordant Down,FALSE
CSE1L,0.1884,-0.1097,0.430943,0.808013,0.211263,NS,Discordant (Young Up / Old Down),FALSE
DTNA,-0.0862,-0.2119,0.890733,0.362616,0.840739,NS,Concordant Down,FALSE
PGRMC2,0.1601,-0.1379,0.791098,0.852185,0.533143,NS,Discordant (Young Up / Old Down),FALSE
TNPO1,0.1663,0.1316,0.657835,0.765867,0.991653,NS,Concordant Up,TRUE
PLGRKT,-0.2654,-0.0322,0.608415,0.995052,0.791412,NS,Concordant Down,TRUE
AKAP1,-0.1809,-0.1166,0.8252,0.922899,0.986027,NS,Concordant Down,TRUE
EIF2B3,-0.103,0.1945,0.974112,0.712538,0.785796,NS,Discordant (Young Down / Old Up),TRUE
NAGK,0.1619,0.1352,0.606788,0.721942,0.994468,NS,Concordant Up,TRUE
SPAG9,-0.1392,0.1575,0.857376,0.79799,0.548296,NS,Discordant (Young Down / Old Up),TRUE
PGM5,-0.2236,-0.073,0.614247,0.964582,0.887342,NS,Concordant Down,FALSE
MMGT1,0.2294,-0.0672,0.661332,0.968775,0.589624,NS,Discordant (Young Up / Old Down),TRUE
LIMS3,-0.1241,0.1723,0.913224,0.727929,0.591008,NS,Discordant (Young Down / Old Up),TRUE
DHRS7C,-0.1648,-0.1315,0.765178,0.858459,0.994785,NS,Concordant Down,FALSE
CRIP2,0.0143,0.282,0.999122,0.523567,0.723141,NS,Concordant Up,TRUE
RPL15,0.2399,0.0563,0.609701,0.982084,0.849881,NS,Concordant Up,TRUE
ARPC4,0.2246,0.0715,0.517946,0.953268,0.845708,NS,Concordant Up,TRUE
ORM1,0.2941,-0.0014,0.611714,0.999993,0.735457,NS,Discordant (Young Up / Old Down),FALSE
ITGA7,-0.1113,-0.1842,0.86186,0.60946,0.96393,NS,Concordant Down,TRUE
TAGLN2,0.0628,0.2322,0.950093,0.316046,0.725688,NS,Concordant Up,FALSE
MPST,0.0289,-0.2659,0.992174,0.270763,0.365362,NS,Discordant (Young Up / Old Down),TRUE
MCEE,0.1634,-0.1314,0.928628,0.9143,0.794868,NS,Discordant (Young Up / Old Down),TRUE
ATP6V1H,-0.1912,-0.1024,0.704297,0.907407,0.958434,NS,Concordant Down,TRUE
STX7,0.198,0.0951,0.598729,0.906523,0.930091,NS,Concordant Up,TRUE
DHX15,0.1955,-0.097,0.672931,0.902329,0.47746,NS,Discordant (Young Up / Old Down),TRUE
SRSF11,-0.288,0.0043,0.622341,0.99986,0.655766,NS,Discordant (Young Down / Old Up),TRUE
NDUFA11,-0.0701,-0.2221,0.977846,0.754252,0.924401,NS,Concordant Down,FALSE
IBA57,-0.1879,-0.1041,0.813576,0.936802,0.975412,NS,Concordant Down,TRUE
FXN,-0.1461,-0.1458,0.799908,0.802709,1,NS,Concordant Down,TRUE
PXN,0.2912,-2e-4,0.532789,1,0.605357,NS,Discordant (Young Up / Old Down),TRUE
UBE2D3,-0.154,-0.137,0.745232,0.806297,0.998414,NS,Concordant Down,FALSE
GRSF1,0.1618,0.1288,0.832961,0.892993,0.995952,NS,Concordant Up,TRUE
HK1,0.1435,0.1465,0.662146,0.657673,0.999932,NS,Concordant Up,FALSE
PARP1,-0.1701,0.1193,0.650599,0.827652,0.375751,NS,Discordant (Young Down / Old Up),TRUE
DGLUCY,-0.2564,-0.0328,0.496599,0.992952,0.730098,NS,Concordant Down,TRUE
VIM,0.105,0.1836,0.943272,0.818991,0.979443,NS,Concordant Up,FALSE
JAGN1,-0.1356,-0.1526,0.881428,0.845053,0.998931,NS,Concordant Down,TRUE
RPS3,0.1319,0.1562,0.819,0.748497,0.996707,NS,Concordant Up,FALSE
TALDO1,-0.1341,-0.1539,0.685078,0.597665,0.996627,NS,Concordant Down,FALSE
KRT8,-0.2838,-0.0038,0.768095,0.999966,0.848775,NS,Concordant Down,FALSE
MACROD1,-0.1881,-0.0994,0.535285,0.879014,0.937396,NS,Concordant Down,FALSE
FDX1,-0.0626,-0.2247,0.989123,0.753813,0.935778,NS,Concordant Down,TRUE
SEPTIN7,0.1811,0.1062,0.607266,0.872159,0.960602,NS,Concordant Up,TRUE
PPP3R1,-0.1572,-0.1296,0.772671,0.853372,0.996245,NS,Concordant Down,FALSE
SUCLG2,-0.1904,-0.0964,0.766578,0.946549,0.965553,NS,Concordant Down,FALSE
PAFAH1B2,-0.0987,0.188,0.967635,0.806121,0.761639,NS,Discordant (Young Down / Old Up),TRUE
SYNM,0.1207,-0.1659,0.940934,0.887268,0.763548,NS,Discordant (Young Up / Old Down),FALSE
ACACA,0.2842,0.0023,0.364694,0.999967,0.557402,NS,Concordant Up,FALSE
UFM1,0.176,-0.1104,0.755935,0.899939,0.557661,NS,Discordant (Young Up / Old Down),TRUE
ACAD8,-0.2107,0.0753,0.630125,0.950494,0.522941,NS,Discordant (Young Down / Old Up),TRUE
PNPO,-0.085,-0.2005,0.954715,0.727943,0.94249,NS,Concordant Down,TRUE
NADK2,0.1852,-0.1003,0.766628,0.921462,0.596765,NS,Discordant (Young Up / Old Down),TRUE
VPS4B,-0.1758,0.1096,0.836825,0.906894,0.65412,NS,Discordant (Young Down / Old Up),TRUE
RTN4IP1,0.2581,-0.0266,0.69249,0.996191,0.705865,NS,Discordant (Young Up / Old Down),TRUE
TRIM54,-0.1981,0.0864,0.666331,0.943007,0.552458,NS,Discordant (Young Down / Old Up),TRUE
LANCL1,-0.2086,-0.0755,0.492804,0.940757,0.865021,NS,Concordant Down,FALSE
DHRS7,0.2003,0.0837,0.524772,0.92518,0.897846,NS,Concordant Up,FALSE
QARS1,0.2067,0.0769,0.221075,0.883081,0.760285,NS,Concordant Up,FALSE
SEC23A,0.2063,0.0771,0.445386,0.927869,0.854262,NS,Concordant Up,TRUE
CES2,0.2038,0.079,0.803304,0.970341,0.950311,NS,Concordant Up,TRUE
UBE2K,-0.0997,-0.1825,0.868288,0.535663,0.942275,NS,Concordant Down,TRUE
PDXP,0.1644,-0.1177,0.883907,0.891981,0.704248,NS,Discordant (Young Up / Old Down),TRUE
RPS3A,0.013,0.2681,0.998616,0.305672,0.530039,NS,Concordant Up,FALSE
IPO7,0.2046,-0.0764,0.59951,0.950498,0.511553,NS,Discordant (Young Up / Old Down),TRUE
DYNC1LI2,0.2321,-0.0483,0.513173,0.979902,0.503937,NS,Discordant (Young Up / Old Down),TRUE
RPS8,0.1424,0.1376,0.767047,0.789341,0.999871,NS,Concordant Up,FALSE
SURF4,0.1941,-0.0853,0.693031,0.948072,0.5875,NS,Discordant (Young Up / Old Down),TRUE
ADIPOQ,0.149,-0.13,0.777234,0.819541,0.479288,NS,Discordant (Young Up / Old Down),TRUE
EPDR1,-0.1884,-0.0906,0.723588,0.938849,0.953313,NS,Concordant Down,TRUE
LAMP2,-0.1433,-0.1353,0.870649,0.871122,0.999764,NS,Concordant Down,TRUE
MCCC1,-0.1409,-0.1374,0.856027,0.856062,0.999951,NS,Concordant Down,TRUE
RPS15A,0.1199,0.1581,0.822872,0.698298,0.990259,NS,Concordant Up,TRUE
HMGB2,-0.073,-0.2047,0.956087,0.59986,0.895041,NS,Concordant Down,TRUE
CTSZ,0.2695,-0.0079,0.526984,0.999614,0.625368,NS,Discordant (Young Up / Old Down),TRUE
CPT2,-0.1248,-0.1526,0.835419,0.755125,0.995603,NS,Concordant Down,FALSE
PPP2R5A,-0.2724,0.0046,0.577246,0.999892,0.681911,NS,Discordant (Young Down / Old Up),TRUE
RPL28,0.1445,0.1324,0.854146,0.882545,0.999435,NS,Concordant Up,FALSE
TMEM198,0.1343,-0.1425,0.896576,0.885765,0.696612,NS,Discordant (Young Up / Old Down),FALSE
DNAJA3,-0.1617,-0.1151,0.868486,0.931943,0.993247,NS,Concordant Down,TRUE
FDXR,-0.2676,0.0089,0.831233,0.999543,0.83131,NS,Discordant (Young Down / Old Up),TRUE
RPL36,0.1367,0.1397,0.891401,0.889361,0.999971,NS,Concordant Up,FALSE
MAPRE1,0.1342,0.142,0.859229,0.815601,0.999728,NS,Concordant Up,TRUE
NPEPL1,0.1213,0.1548,0.906829,0.847481,0.995842,NS,Concordant Up,FALSE
ARCN1,0.2699,-0.006,0.459942,0.999766,0.585907,NS,Discordant (Young Up / Old Down),TRUE
PIP4K2B,-0.1954,-0.0803,0.530253,0.919481,0.890339,NS,Concordant Down,TRUE
SRSF3,-0.0476,0.2281,0.992235,0.720414,0.76787,NS,Discordant (Young Down / Old Up),TRUE
PRPSAP2,-0.2348,-0.0403,0.606885,0.989913,0.814077,NS,Concordant Down,TRUE
HSPA14,-0.0795,0.1952,0.967626,0.671547,0.658881,NS,Discordant (Young Down / Old Up),TRUE
GARS1,0.1035,-0.1709,0.903126,0.714545,0.526244,NS,Discordant (Young Up / Old Down),TRUE
CACNA1S,-0.1019,-0.1721,0.895158,0.690048,0.969524,NS,Concordant Down,FALSE
RPL4,0.0842,0.1893,0.964353,0.798012,0.961285,NS,Concordant Up,TRUE
MYO18A,0.2062,0.0672,0.740241,0.977563,0.927099,NS,Concordant Up,TRUE
TFG,0.1956,0.0777,0.573867,0.93863,0.900797,NS,Concordant Up,TRUE
GPHN,-0.0814,-0.1916,0.958891,0.684149,0.942133,NS,Concordant Down,TRUE
RPLP2,0.0392,0.2326,0.990757,0.615386,0.819463,NS,Concordant Up,FALSE
HSDL2,-0.1796,-0.0919,0.606146,0.906817,0.944009,NS,Concordant Down,FALSE
RPL3L,0.1124,0.1589,0.948871,0.892135,0.994396,NS,Concordant Up,TRUE
SUOX,-0.0872,-0.1839,0.92872,0.661382,0.942007,NS,Concordant Down,FALSE
ETFRF1,-0.0703,-0.2005,0.974952,0.747405,0.935121,NS,Concordant Down,TRUE
PACSIN3,-0.0785,0.1915,0.94436,0.639705,0.528541,NS,Discordant (Young Down / Old Up),FALSE
CSNK2A1,0.1869,0.0828,0.705418,0.94845,0.943784,NS,Concordant Up,TRUE
CAMK2B,0.0521,0.2175,0.976174,0.527312,0.813462,NS,Concordant Up,FALSE
RPS5,-0.1295,0.14,0.819119,0.792826,0.493945,NS,Discordant (Young Down / Old Up),FALSE
AMPD3,-0.2636,0.0059,0.704167,0.99988,0.791694,NS,Discordant (Young Down / Old Up),TRUE
CAPZA1,-0.1626,0.1069,0.833733,0.934041,0.693276,NS,Discordant (Young Down / Old Up),FALSE
SEC31A,0.1482,0.121,0.820742,0.834777,0.996192,NS,Concordant Up,TRUE
UFD1,0.0951,0.1741,0.937254,0.759787,0.971103,NS,Concordant Up,TRUE
PRMT5,0.1385,-0.1306,0.712453,0.748429,0.350458,NS,Discordant (Young Up / Old Down),TRUE
RPS19,0.0487,0.2204,0.976066,0.447373,0.763884,NS,Concordant Up,FALSE
STUB1,0.1942,-0.0748,0.529495,0.938464,0.432209,NS,Discordant (Young Up / Old Down),FALSE
RNF123,-0.0096,-0.2589,0.999157,0.264105,0.489907,NS,Concordant Down,TRUE
ATP6V1G1,0.0456,-0.2228,0.977018,0.297829,0.362274,NS,Discordant (Young Up / Old Down),TRUE
PARVA,-0.0957,-0.1726,0.939036,0.730284,0.971713,NS,Concordant Down,TRUE
PCCB,0.244,0.0242,0.506764,0.995753,0.711589,NS,Concordant Up,TRUE
GNPDA1,-0.157,-0.1109,0.691134,0.853399,0.985421,NS,Concordant Down,TRUE
NUCKS1,-0.1496,-0.1178,0.692091,0.819107,0.992761,NS,Concordant Down,FALSE
GANAB,0.2263,-0.0409,0.249309,0.977505,0.295393,NS,Discordant (Young Up / Old Down),FALSE
GART,0.2226,0.0444,0.298731,0.973468,0.656758,NS,Concordant Up,TRUE
THNSL1,0.2522,-0.0148,0.852677,0.998746,0.845497,NS,Discordant (Young Up / Old Down),TRUE
HADH,-0.1533,-0.1131,0.642314,0.81546,0.987022,NS,Concordant Down,FALSE
MOCS2,-0.2412,-0.025,0.602053,0.995739,0.760103,NS,Concordant Down,TRUE
CDS2,0.1894,-0.0764,0.671693,0.945077,0.549155,NS,Discordant (Young Up / Old Down),TRUE
UBL5,-0.2497,-0.0156,0.366728,0.998003,0.600688,NS,Concordant Down,TRUE
DPP3,0.234,0.0308,0.383584,0.991284,0.671121,NS,Concordant Up,FALSE
EPHX1,0.2452,-0.0193,0.545299,0.99781,0.645201,NS,Discordant (Young Up / Old Down),FALSE
PRDX5,0.1829,0.0816,0.512221,0.911936,0.906698,NS,Concordant Up,FALSE
TBCB,0.2426,0.0214,0.359268,0.99593,0.61574,NS,Concordant Up,TRUE
HINT3,-0.2159,-0.0481,0.730782,0.989459,0.897421,NS,Concordant Down,TRUE
SRSF1,-0.238,0.0257,0.752731,0.996052,0.747858,NS,Discordant (Young Down / Old Up),TRUE
RAB5B,-0.1089,-0.1539,0.858254,0.700711,0.986057,NS,Concordant Down,TRUE
HNRNPU,0.0377,-0.2245,0.988307,0.510294,0.546522,NS,Discordant (Young Up / Old Down),FALSE
SDHC,0.1085,-0.1537,0.950116,0.894744,0.787267,NS,Discordant (Young Up / Old Down),TRUE
MDH1,-0.1357,-0.1262,0.689339,0.740471,0.999272,NS,Concordant Down,FALSE
PREB,0.2518,-0.0096,0.435814,0.999142,0.521743,NS,Discordant (Young Up / Old Down),TRUE
COX4I1,-0.2547,-0.0067,0.414524,0.999689,0.613567,NS,Concordant Down,FALSE
PEBP1,-0.081,-0.1802,0.905838,0.514413,0.905807,NS,Concordant Down,FALSE
KLHDC8B,0.2277,0.0333,0.771622,0.99492100000000006,0.877505,NS,Concordant Up,TRUE
ATAD3A,-0.2499,0.0108,0.606597,0.999387,0.699874,NS,Discordant (Young Down / Old Up),TRUE
CAMK2A,0.0336,0.2268,0.99432,0.66727,0.843291,NS,Concordant Up,TRUE
LAP3,0.1897,0.0697,0.395318,0.924721,0.836642,NS,Concordant Up,FALSE
STX4,-0.1767,-0.0827,0.879461,0.945738,0.971789,NS,Concordant Down,TRUE
RAB21,-0.0835,-0.1758,0.920862,0.60443499999999994,0.934384,NS,Concordant Down,TRUE
PCYOX1,-0.1359,-0.1232,0.82007,0.858499,0.999175,NS,Concordant Down,FALSE
CYCS,-0.2572,0.0018,0.568503,0.999985,0.705566,NS,Discordant (Young Down / Old Up),FALSE
SGCB,-0.1093,-0.1497,0.809254,0.642685,0.98587,NS,Concordant Down,FALSE
DYNLL2,-0.2302,-0.0286,0.697665,0.996404,0.850075,NS,Concordant Down,TRUE
NUDT3,-0.1471,-0.1116,0.746558,0.863218,0.992083,NS,Concordant Down,TRUE
SZRD1,-0.2106,-0.0479,0.650563,0.983442,0.856438,NS,Concordant Down,TRUE
SH3GLB1,0.1229,-0.1356,0.850476,0.812724,0.550684,NS,Discordant (Young Up / Old Down),TRUE
CASQ1,0.0144,0.2439,0.998854,0.589332,0.749826,NS,Concordant Up,FALSE
ME1,-0.0813,-0.1769,0.919789,0.595757,0.926501,NS,Concordant Down,FALSE
EIF3I,0.1363,0.1215,0.780528,0.81814,0.998643,NS,Concordant Up,TRUE
EIF1,0.1016,-0.1559,0.914144,0.781804,0.605994,NS,Discordant (Young Up / Old Down),TRUE
MYCBP,-0.1668,0.0906,0.761733,0.920048,0.587695,NS,Discordant (Young Down / Old Up),TRUE
CA3,0.1854,-0.0718,0.620872,0.951263,0.531723,NS,Discordant (Young Up / Old Down),FALSE
CYB5B,0.0522,-0.2049,0.986244,0.738589,0.730258,NS,Discordant (Young Up / Old Down),TRUE
KPNB1,0.2468,0.0102,0.142228,0.998688,0.36547,NS,Concordant Up,FALSE
MT-ATP8,0.1751,0.0818,0.756399,0.953581,0.958309,NS,Concordant Up,FALSE
MT-ATP6,0.0786,-0.177,0.961142,0.785864,0.69507,NS,Discordant (Young Up / Old Down),FALSE
CACYBP,0.195,0.0604,0.703353,0.974722,0.908095,NS,Concordant Up,TRUE
PPP1CB,0.0629,0.1919,0.973565,0.721952,0.919028,NS,Concordant Up,FALSE
RAB1B,0.1586,-0.0953,0.774667,0.926723,0.620171,NS,Discordant (Young Up / Old Down),FALSE
KLC1,0.114,0.1398,0.927355,0.814896,0.997336,NS,Concordant Up,TRUE
ECPAS,0.1704,-0.0832,0.451401,0.876724,0.284419,NS,Discordant (Young Up / Old Down),FALSE
CSNK2B,0.1348,0.1185,0.771977,0.824759,0.998298,NS,Concordant Up,TRUE
MAP4,0.2185,0.0345,0.535761,0.990835,0.780084,NS,Concordant Up,FALSE
RPL19,-0.0364,0.2162,0.99218,0.671353,0.695212,NS,Discordant (Young Down / Old Up),FALSE
DAG1,-0.1322,-0.1202,0.748951,0.800594,0.998996,NS,Concordant Down,FALSE
HBS1L,0.0856,0.1664,0.920498,0.653626,0.952622,NS,Concordant Up,TRUE
SNCA,0.1002,0.1516,0.983874,0.944991,0.996674,NS,Concordant Up,TRUE
SH3BGRL3,-0.0168,0.2349,0.998272,0.504998,0.64096,NS,Discordant (Young Down / Old Up),TRUE
IDH1,-0.153,-0.0983,0.607562,0.849206,0.972345,NS,Concordant Down,FALSE
TUBA4A,0.0861,0.165,0.923233,0.698902,0.958602,NS,Concordant Up,FALSE
MRPS18B,0.0795,0.1716,0.943699,0.703065,0.948452,NS,Concordant Up,TRUE
THEM6,-0.1316,-0.1194,0.886345,0.862085,0.999355,NS,Concordant Down,TRUE
BBS4,-0.094,-0.1568,0.947725,0.848079,0.985169,NS,Concordant Down,FALSE
PFDN1,-0.2052,-0.0455,0.473371,0.977535,0.778763,NS,Concordant Down,TRUE
S100A10,0.1475,0.1032,0.77302,0.897806,0.988703,NS,Concordant Up,FALSE
APPL1,0.2151,0.0353,0.378739,0.985114,0.680411,NS,Concordant Up,TRUE
ATIC,0.1705,0.0798,0.52817,0.906665,0.918554,NS,Concordant Up,FALSE
KPNA4,0.1651,0.085,0.501885,0.87728,0.929569,NS,Concordant Up,FALSE
GCLM,-0.114,0.1356,0.931137,0.892383,0.75417,NS,Discordant (Young Down / Old Up),TRUE
C3,0.2203,-0.0292,0.72522,0.996162,0.76617,NS,Discordant (Young Up / Old Down),FALSE
PTPA,-0.2197,-0.0297,0.728977,0.9944,0.843949,NS,Concordant Down,TRUE
DCXR,-0.1107,-0.1385,0.899693,0.842126,0.996414,NS,Concordant Down,FALSE
MAPK1,0.0463,0.2027,0.970831,0.380848,0.734376,NS,Concordant Up,FALSE
RPS4X,0.0631,0.1851,0.958676,0.600767,0.887792,NS,Concordant Up,FALSE
RPA1,-0.1365,-0.1116,0.836488,0.870321,0.996775,NS,Concordant Down,TRUE
VDAC2,-0.2039,0.0442,0.466037,0.97943499999999994,0.482506,NS,Discordant (Young Down / Old Up),FALSE
ALDH2,0.1417,-0.1061,0.875015,0.934711,0.738474,NS,Discordant (Young Up / Old Down),FALSE
ATXN10,-0.0278,0.2199,0.994498,0.492292,0.600546,NS,Discordant (Young Down / Old Up),TRUE
EMC1,-0.1278,0.1198,0.900286,0.904092,0.724665,NS,Discordant (Young Down / Old Up),TRUE
BCAP31,0.1805,0.0667,0.37333,0.920261,0.830814,NS,Concordant Up,FALSE
EWSR1,0.0788,-0.1681,0.949238,0.631672,0.574749,NS,Discordant (Young Up / Old Down),TRUE
TMEM205,-0.1468,-0.0995,0.750654,0.895072,0.985781,NS,Concordant Down,FALSE
STAC3,-0.0839,0.1622,0.95211,0.774042,0.674315,NS,Discordant (Young Down / Old Up),TRUE
PLAA,0.1313,-0.1142,0.734604,0.804255,0.420372,NS,Discordant (Young Up / Old Down),TRUE
CANX,0.2013,0.0439,0.357995,0.973855,0.721565,NS,Concordant Up,FALSE
SERBP1,-0.2177,0.0273,0.57502,0.994838,0.642878,NS,Discordant (Young Down / Old Up),FALSE
GSK3A,-0.0536,-0.1912,0.981152,0.66391,0.898007,NS,Concordant Down,TRUE
PARVB,-0.1749,-0.0699,0.698815,0.951311,0.927969,NS,Concordant Down,TRUE
USP47,0.0723,-0.1725,0.962332,0.682103,0.63385,NS,Discordant (Young Up / Old Down),TRUE
PAK2,0.184,0.0606,0.59254,0.963018,0.884308,NS,Concordant Up,FALSE
COQ7,-0.1197,-0.1249,0.758384,0.743518,0.99979,NS,Concordant Down,FALSE
TYMP,0.1125,0.1317,0.904005,0.840651,0.998283,NS,Concordant Up,TRUE
TRIM25,-0.1703,-0.0737,0.832928,0.962486,0.961931,NS,Concordant Down,TRUE
AHCYL2,0.1901,0.053900000000000003,0.469272,0.962386,0.815388,NS,Concordant Up,TRUE
KHSRP,-0.1356,-0.1083,0.826422,0.883855,0.996017,NS,Concordant Down,TRUE
SGCA,-0.1185,-0.1253,0.794931,0.77588,0.999678,NS,Concordant Down,FALSE
THAP4,0.1485,0.0952,0.81062,0.92168,0.985357,NS,Concordant Up,TRUE
CAND2,0.1942,-0.0494,0.619436,0.980064,0.608332,NS,Discordant (Young Up / Old Down),FALSE
PLS3,-0.0636,0.1798,0.97731,0.720864,0.708561,NS,Discordant (Young Down / Old Up),TRUE
TMED9,0.203,0.0397,0.681362,0.989263,0.859644,NS,Concordant Up,TRUE
NDUFAF2,-0.2394,-0.0032,0.669277,0.999943,0.753764,NS,Concordant Down,TRUE
CHMP5,-0.1885,-0.0538,0.8462,0.981674,0.9375,NS,Concordant Down,TRUE
ASPH,0.1465,0.0956,0.891567,0.954659,0.991924,NS,Concordant Up,TRUE
PDLIM1,-0.1122,-0.1297,0.929278,0.906252,0.998997,NS,Concordant Down,FALSE
GALK1,0.0545,-0.1871,0.981483,0.700179,0.692054,NS,Discordant (Young Up / Old Down),TRUE
PMPCB,-0.1015,0.1398,0.901846,0.768608,0.580668,NS,Discordant (Young Down / Old Up),TRUE
KRT5,-0.1792,0.062,0.902826,0.989669,0.879993,NS,Discordant (Young Down / Old Up),FALSE
ENO1,0.0964,0.1447,0.919902,0.812911,0.987908,NS,Concordant Up,FALSE
HSP90AB1,0.172,0.0681,0.545195,0.938149,0.896773,NS,Concordant Up,FALSE
OCIAD1,-0.2057,-0.0344,0.433039,0.98708,0.727197,NS,Concordant Down,TRUE
EHD2,-0.1939,-0.0462,0.423004,0.97267,0.771148,NS,Concordant Down,FALSE
COPS7A,0.2261,-0.0135,0.353266,0.998173,0.487059,NS,Discordant (Young Up / Old Down),TRUE
MRPL46,-0.1677,0.0719,0.80679,0.961242,0.707113,NS,Discordant (Young Down / Old Up),TRUE
OPLAH,-0.1475,-0.092,0.745905,0.9023,0.979005,NS,Concordant Down,TRUE
FUBP1,-0.1338,-0.1053,0.784017,0.866681,0.994692,NS,Concordant Down,TRUE
SFPQ,-0.1113,0.1278,0.924101,0.889828,0.739686,NS,Discordant (Young Down / Old Up),TRUE
PEPD,-0.0958,-0.143,0.903192,0.776612,0.986177,NS,Concordant Down,FALSE
RPS27,0.2038,0.0349,0.476441,0.987866,0.756929,NS,Concordant Up,FALSE
ACSL3,0.2111,-0.0266,0.418109,0.992775,0.504002,NS,Discordant (Young Up / Old Down),FALSE
COASY,-0.1812,-0.0563,0.72169,0.972019,0.907762,NS,Concordant Down,TRUE
PRKAA2,0.2149,0.0224,0.337718,0.994274,0.618407,NS,Concordant Up,FALSE
RPS18,-0.0227,0.2145,0.995633,0.512321,0.591573,NS,Discordant (Young Down / Old Up),FALSE
UFL1,-0.122,-0.1151,0.844033,0.858233,0.999734,NS,Concordant Down,TRUE
RPL30,0.1167,0.1203,0.926105,0.923339,0.99996,NS,Concordant Up,FALSE
PPP1R3A,0.0559,0.1808,0.970032,0.638741,0.888593,NS,Concordant Up,FALSE
ATP2A2,-0.0173,-0.2193,0.997239,0.44094,0.664422,NS,Concordant Down,FALSE
GUK1,-0.2328,-0.0037,0.831506,0.99992,0.853023,NS,Concordant Down,TRUE
ESYT2,0.1336,0.1024,0.873102,0.894792,0.995426,NS,Concordant Up,TRUE
VAPB,-0.1387,-0.0973,0.716632,0.871663,0.986505,NS,Concordant Down,FALSE
TMEM38A,-0.1096,-0.1261,0.920325,0.895194,0.998961,NS,Concordant Down,FALSE
CD47,0.0471,-0.1885,0.983568,0.684984,0.67033,NS,Discordant (Young Up / Old Down),TRUE
TACO1,-0.1885,-0.0468,0.720414,0.985017,0.895819,NS,Concordant Down,TRUE
TFAM,0.0972,-0.1378,0.929444,0.84839,0.698836,NS,Discordant (Young Up / Old Down),TRUE
PSMB5,0.1306,-0.104,0.802217,0.88268,0.579211,NS,Discordant (Young Up / Old Down),FALSE
LUM,-0.1093,0.1251,0.90821,0.880593,0.703375,NS,Discordant (Young Down / Old Up),FALSE
RPL18A,-0.1521,0.0821,0.877732,0.965609,0.795046,NS,Discordant (Young Down / Old Up),TRUE
FH,0.1106,0.1234,0.755371,0.701051,0.998446,NS,Concordant Up,FALSE
HSPBP1,0.0392,-0.1945,0.99141,0.681069,0.725819,NS,Discordant (Young Up / Old Down),TRUE
PPP1CA,0.1112,0.1225,0.839042,0.807408,0.999159,NS,Concordant Up,FALSE
PRMT1,0.1367,-0.0968,0.765987,0.892216,0.555989,NS,Discordant (Young Up / Old Down),FALSE
ADSL,-0.1268,-0.1064,0.789382,0.86004,0.997204,NS,Concordant Down,FALSE
HSPA5,0.1568,0.0749,0.569824,0.91315,0.930176,NS,Concordant Up,FALSE
CTSD,-0.074,-0.1573,0.936353,0.685214,0.946475,NS,Concordant Down,FALSE
FLOT2,-0.0391,0.1922,0.98904,0.577203,0.645995,NS,Discordant (Young Down / Old Up),TRUE
CD38,-0.1696,-0.0612,0.815726,0.978802,0.952314,NS,Concordant Down,TRUE
CYB5R3,0.1937,-0.0367,0.507982,0.986106,0.542168,NS,Discordant (Young Up / Old Down),FALSE
HNRNPK,-0.1487,-0.0813,0.631866,0.90176,0.956945,NS,Concordant Down,FALSE
TXNRD1,-0.0814,-0.1483,0.898885,0.645095,0.957814,NS,Concordant Down,FALSE
DPYSL3,-0.067,-0.1626,0.970962,0.810759,0.958928,NS,Concordant Down,FALSE
ALDH5A1,-0.1542,-0.0751,0.737777,0.946255,0.95947,NS,Concordant Down,FALSE
ROMO1,0.0467,-0.1825,0.989174,0.810698,0.79516,NS,Discordant (Young Up / Old Down),FALSE
PRDX4,0.0742,0.1549,0.962894,0.804486,0.969123,NS,Concordant Up,TRUE
MPC1,-0.0045,-0.2245,0.999865,0.556098,0.706293,NS,Concordant Down,TRUE
SPEG,0.1297,-0.0992,0.864818,0.92318,0.706373,NS,Discordant (Young Up / Old Down),TRUE
GLTP,0.166,-0.0629,0.899007,0.976532,0.834317,NS,Discordant (Young Up / Old Down),TRUE
UBQLN2,0.0747,-0.1542,0.953529,0.742363,0.649286,NS,Discordant (Young Up / Old Down),TRUE
GAMT,-0.1266,-0.1017,0.812143,0.886607,0.996163,NS,Concordant Down,FALSE
AIMP1,0.1942,0.0339,0.40491,0.985517,0.718926,NS,Concordant Up,FALSE
MB,-0.1179,-0.1099,0.79547,0.829378,0.999542,NS,Concordant Down,FALSE
RAB2A,-0.0389,-0.1888,0.985189,0.577868,0.821952,NS,Concordant Down,FALSE
MRI1,-0.1429,0.0846,0.937553,0.973958,0.876736,NS,Discordant (Young Down / Old Up),TRUE
OXSM,-0.1379,-0.0895,0.918683,0.943866,0.992429,NS,Concordant Down,TRUE
SUPV3L1,-0.2193,0.0077,0.856714,0.999735,0.868234,NS,Discordant (Young Down / Old Up),TRUE
PLPBP,-0.1028,-0.1241,0.837449,0.763105,0.996397,NS,Concordant Down,FALSE
MYOM3,-0.1942,-0.0325,0.865627,0.996823,0.939065,NS,Concordant Down,FALSE
DCTPP1,-0.1617,-0.0647,0.880596,0.974049,0.967625,NS,Concordant Down,TRUE
HSPA9,0.0742,0.1519,0.908391,0.590429,0.935378,NS,Concordant Up,FALSE
TIMM9,-0.0546,0.1714,0.97775,0.702231,0.678868,NS,Discordant (Young Down / Old Up),TRUE
ILVBL,0.0997,-0.126,0.939209,0.907384,0.782319,NS,Discordant (Young Up / Old Down),TRUE
MFN2,0.08,-0.1457,0.93961,0.743988,0.621339,NS,Discordant (Young Up / Old Down),TRUE
MLYCD,-0.1978,-0.0279,0.865732,0.996322,0.919486,NS,Concordant Down,TRUE
RPA3,-0.2107,0.015,0.67254,0.998624,0.737674,NS,Discordant (Young Down / Old Up),TRUE
ILF3,0.1895,0.0361,0.826126,0.993922,0.920216,NS,Concordant Up,TRUE
ALPK3,0.0532,0.1724,0.983505,0.757853,0.933366,NS,Concordant Up,TRUE
FXR1,0.0706,0.1549,0.972035,0.847971,0.972256,NS,Concordant Up,TRUE
TMCO1,0.0465,-0.179,0.980573,0.659039,0.635916,NS,Discordant (Young Up / Old Down),FALSE
COX7A2L,-0.2065,0.0188,0.844444,0.998275,0.847008,NS,Discordant (Young Down / Old Up),TRUE
RAP1B,0.2084,0.0162,0.460658,0.99758,0.686957,NS,Concordant Up,FALSE
CTSB,0.0675,0.1569,0.958961,0.748703,0.950306,NS,Concordant Up,TRUE
AGMAT,0.1904,0.0336,0.887708,0.996041,0.942818,NS,Concordant Up,TRUE
TTR,-0.209,0.0147,0.703652,0.998893,0.775695,NS,Discordant (Young Down / Old Up),FALSE
DDX19A,-0.1089,-0.1144,0.79343,0.776859,0.999747,NS,Concordant Down,FALSE
TCAP,-0.1713,-0.0516,0.884427,0.99095,0.963725,NS,Concordant Down,FALSE
PAFAH1B1,0.1695,-0.0534,0.730789,0.978179,0.693234,NS,Discordant (Young Up / Old Down),FALSE
SPRYD4,0.2099,-0.013,0.683166,0.999063,0.759597,NS,Discordant (Young Up / Old Down),TRUE
CLIP1,0.1033,-0.1195,0.876133,0.834702,0.603893,NS,Discordant (Young Up / Old Down),FALSE
BAG2,0.1897,-0.0324,0.770686,0.99363,0.771757,NS,Discordant (Young Up / Old Down),TRUE
PRPSAP1,0.047,-0.1747,0.991116,0.849963,0.840188,NS,Discordant (Young Up / Old Down),TRUE
RPS25,0.0104,0.2109,0.999156,0.543749,0.716411,NS,Concordant Up,FALSE
MRPL13,-0.0673,0.1538,0.973156,0.795788,0.751483,NS,Discordant (Young Down / Old Up),TRUE
TBCE,0.1481,-0.0721,0.876095,0.957764,0.772543,NS,Discordant (Young Up / Old Down),TRUE
FUNDC2,-0.0183,-0.2019,0.996792,0.499012,0.713115,NS,Concordant Down,FALSE
GOT1,-0.1228,-0.0973,0.764133,0.861672,0.994824,NS,Concordant Down,FALSE
FNTA,0.0713,0.1484,0.947417,0.712905,0.956669,NS,Concordant Up,TRUE
RAD23A,-0.0322,-0.1875,0.985534,0.411542,0.713657,NS,Concordant Down,FALSE
TMA7,-0.1213,-0.0984,0.850602,0.907832,0.997142,NS,Concordant Down,FALSE
ZBTB9,-0.1668,-0.0528,0.876241,0.984443,0.956614,NS,Concordant Down,TRUE
FBLN1,0.0802,-0.1391,0.97015,0.869224,0.809898,NS,Discordant (Young Up / Old Down),TRUE
NLRX1,-0.0554,-0.1639,0.977438,0.749766,0.934222,NS,Concordant Down,TRUE
BLVRA,0.1633,0.0556,0.677917,0.969353,0.914108,NS,Concordant Up,FALSE
NDUFA13,-0.1985,0.02,0.632846,0.997212,0.706135,NS,Discordant (Young Down / Old Up),FALSE
PNPT1,0.1172,-0.1012,0.862288,0.88679,0.650511,NS,Discordant (Young Up / Old Down),TRUE
EIF2B4,0.1391,-0.0792,0.887382,0.958492,0.788485,NS,Discordant (Young Up / Old Down),TRUE
JPT1,0.0655,0.1528,0.976121,0.843004,0.969382,NS,Concordant Up,TRUE
ATP2B1,0.1024,-0.1156,0.974967,0.905941,0.888598,NS,Discordant (Young Up / Old Down),TRUE
RPL17,0.0764,0.1414,0.953848,0.83024,0.97841,NS,Concordant Up,FALSE
PSMC1,0.1635,0.0543,0.557575,0.959669,0.876127,NS,Concordant Up,FALSE
BUB3,0.1264,-0.0912,0.937723,0.92504,0.826784,NS,Discordant (Young Up / Old Down),TRUE
EIF3H,0.0949,-0.1226,0.954848,0.901965,0.807689,NS,Discordant (Young Up / Old Down),TRUE
TMEM126A,-0.1039,-0.1131,0.891172,0.870332,0.999538,NS,Concordant Down,TRUE
DMD,-0.073,-0.144,0.929751,0.702422,0.957283,NS,Concordant Down,FALSE
GPD1L,-0.0724,-0.1443,0.89695,0.566204,0.935438,NS,Concordant Down,FALSE
OPA1,0.1176,0.099,0.832843,0.888445,0.997823,NS,Concordant Up,FALSE
CAPNS1,0.1102,0.1064,0.691079,0.721122,0.99984,NS,Concordant Up,FALSE
RPSA,0.0061,0.2103,0.99966,0.468499,0.649998,NS,Concordant Up,FALSE
OSTC,-0.1969,0.0194,0.795699,0.997609,0.801885,NS,Discordant (Young Down / Old Up),TRUE
SEC22B,0.169,-0.0465,0.531358,0.971373,0.507604,NS,Discordant (Young Up / Old Down),FALSE
HSPA4,0.1876,0.0278,0.397335,0.989742,0.696056,NS,Concordant Up,FALSE
VCL,0.1537,0.0616,0.462508,0.923775,0.878042,NS,Concordant Up,FALSE
MRPL12,-0.1671,0.048,0.893193,0.990293,0.865243,NS,Discordant (Young Down / Old Up),TRUE
UTRN,-0.1789,-0.0357,0.706117,0.990685,0.879038,NS,Concordant Down,TRUE
RAB18,0.1388,-0.0757,0.743593,0.932071,0.596264,NS,Discordant (Young Up / Old Down),TRUE
PSMD10,-0.1693,-0.0452,0.624345,0.975914,0.86415,NS,Concordant Down,TRUE
STAT5B,-0.0473,-0.1672,0.973952,0.591998,0.867726,NS,Concordant Down,TRUE
EIF3G,-0.1376,0.0766,0.77811,0.939653,0.6441,NS,Discordant (Young Down / Old Up),FALSE
MARCHF5,0.1193,0.0949,0.90591,0.935072,0.997596,NS,Concordant Up,TRUE
SAR1A,-0.0292,-0.1848,0.991557,0.574588,0.797027,NS,Concordant Down,FALSE
SLC37A4,0.1286,-0.0853,0.883259,0.950253,0.771279,NS,Discordant (Young Up / Old Down),TRUE
HDLBP,-0.179,0.0348,0.834817,0.990765,0.800142,NS,Discordant (Young Down / Old Up),TRUE
AHCY,0.1319,-0.0818,0.698139,0.895826,0.496723,NS,Discordant (Young Up / Old Down),FALSE
CACNB3,-0.1777,-0.0355,0.562883,0.986564,0.818076,NS,Concordant Down,FALSE
SARNP,-0.213,2e-4,0.787692,1,0.828913,NS,Discordant (Young Down / Old Up),TRUE
UBE2M,-0.1035,-0.1095,0.816808,0.799166,0.999708,NS,Concordant Down,FALSE
WDR77,0.0368,-0.1759,0.989752,0.69801,0.710443,NS,Discordant (Young Up / Old Down),TRUE
RSU1,-0.1323,-0.0803,0.79344,0.931107,0.981944,NS,Concordant Down,TRUE
ATP6V1A,0.078,0.1344,0.923705,0.757698,0.975478,NS,Concordant Up,FALSE
ALB,0.191,-0.0213,0.678667,0.997007,0.738452,NS,Discordant (Young Up / Old Down),FALSE
HSD17B12,0.1164,0.0956,0.897552,0.929211,0.99809,NS,Concordant Up,TRUE
LRPPRC,0.0986,0.1134,0.873533,0.833228,0.998502,NS,Concordant Up,FALSE
HLA-A,0.0848,0.1269,0.95384,0.890956,0.992872,NS,Concordant Up,TRUE
TSPO,0.2053,0.0064,0.601051,0.99971,0.747316,NS,Concordant Up,TRUE
ACADM,0.1155,0.0959,0.873912,0.918234,0.998026,NS,Concordant Up,FALSE
SYNPO2,0.1733,0.0379,0.797882,0.992186,0.921649,NS,Concordant Up,FALSE
CFB,0.1756,0.0355,0.804767,0.993086,0.917515,NS,Concordant Up,TRUE
TLN1,0.1136,0.0971,0.721565,0.806987,0.997208,NS,Concordant Up,FALSE
SUGT1,0.1811,0.0291,0.680241,0.991927,0.836052,NS,Concordant Up,TRUE
COA6,-0.1984,0.0115,0.649008,0.999144,0.740846,NS,Discordant (Young Down / Old Up),FALSE
FYCO1,0.2035,-0.0064,0.701923,0.999771,0.78522,NS,Discordant (Young Up / Old Down),TRUE
MTX2,-0.2029,-0.0065,0.504043,0.999644,0.687002,NS,Concordant Down,FALSE
PSMD6,0.1463,-0.063,0.785007,0.966247,0.707293,NS,Discordant (Young Up / Old Down),FALSE
LDHD,0.0981,-0.1112,0.966108,0.945089,0.876261,NS,Discordant (Young Up / Old Down),TRUE
NOL3,-0.0894,-0.1197,0.926881,0.86588,0.995102,NS,Concordant Down,FALSE
ADSS2,-0.1033,0.1058,0.925673,0.917598,0.775237,NS,Discordant (Young Down / Old Up),TRUE
EIF3L,0.0904,0.1187,0.931766,0.878049,0.996064,NS,Concordant Up,TRUE
FIS1,-0.1006,-0.1085,0.893938,0.878522,0.999654,NS,Concordant Down,FALSE
TMX4,-0.0933,-0.1157,0.902566,0.841742,0.996821,NS,Concordant Down,TRUE
PUDP,-0.1719,-0.0369,0.760985,0.990384,0.901864,NS,Concordant Down,TRUE
HADHB,-0.0994,-0.1092,0.844829,0.815308,0.99926,NS,Concordant Down,FALSE
CHCHD3,-0.1517,-0.0563,0.707426,0.966888,0.930233,NS,Concordant Down,FALSE
TIPRL,0.15,0.058,0.651378,0.952964,0.91775,NS,Concordant Up,TRUE
RPL10A,0.1093,0.0987,0.935099,0.949231,0.999643,NS,Concordant Up,FALSE
USO1,-0.0922,-0.1157,0.906286,0.850549,0.996614,NS,Concordant Down,FALSE
CHMP2B,-0.1794,-0.0284,0.655341,0.993253,0.840303,NS,Concordant Down,TRUE
ATP5PB,0.1272,-0.0805,0.762748,0.915073,0.585613,NS,Discordant (Young Up / Old Down),FALSE
PDP1,-0.0692,0.1384,0.968202,0.859681,0.781871,NS,Discordant (Young Down / Old Up),TRUE
MRPS5,-0.0238,0.1836,0.99775,0.769179,0.838612,NS,Discordant (Young Down / Old Up),TRUE
GSTP1,0.0078,-0.1994,0.999408,0.474431,0.607112,NS,Discordant (Young Up / Old Down),FALSE
PURB,0.1472,-0.06,0.882854,0.981321,0.834101,NS,Discordant (Young Up / Old Down),TRUE
PYGL,0.1498,-0.0564,0.881538,0.985263,0.846375,NS,Discordant (Young Up / Old Down),TRUE
NSF,0.0413,0.1648,0.988325,0.771555,0.918818,NS,Concordant Up,TRUE
SEC13,-0.1386,0.0673,0.824378,0.957822,0.718476,NS,Discordant (Young Down / Old Up),TRUE
RNF114,-0.0012,-0.2046,0.999988,0.525599,0.683464,NS,Concordant Down,TRUE
CHP1,-0.1558,-0.05,0.756301,0.977305,0.927036,NS,Concordant Down,TRUE
FKBP4,0.1178,-0.0879,0.852153,0.924029,0.692506,NS,Discordant (Young Up / Old Down),FALSE
FAM98B,-0.2028,-0.0029,0.558735,0.999933,0.700353,NS,Concordant Down,TRUE
CYC1,-0.1401,0.0652,0.743685,0.952972,0.638464,NS,Discordant (Young Down / Old Up),FALSE
TF,0.1813,0.0236,0.76121,0.996886,0.883551,NS,Concordant Up,FALSE
HDGFL2,-0.1191,-0.0856,0.936598,0.942169,0.996186,NS,Concordant Down,TRUE
ABHD11,0.1241,0.0803,0.920827,0.968792,0.993976,NS,Concordant Up,TRUE
DPM3,0.1294,-0.0749,0.945646,0.962128,0.875282,NS,Discordant (Young Up / Old Down),TRUE
DYNLL1,0.0663,-0.1378,0.955127,0.781627,0.675952,NS,Discordant (Young Up / Old Down),TRUE
EEF1A2,0.1367,0.0669,0.834887,0.965757,0.97454,NS,Concordant Up,FALSE
FBP2,0.1547,-0.0488,0.836392,0.986466,0.810275,NS,Discordant (Young Up / Old Down),FALSE
RALA,-0.1966,-0.0067,0.52681,0.999612,0.704722,NS,Concordant Down,FALSE
GLOD4,-0.1274,-0.0759,0.722367,0.912876,0.975211,NS,Concordant Down,FALSE
RACK1,-0.018,0.1851,0.997067,0.593601,0.668203,NS,Discordant (Young Down / Old Up),FALSE
MYH14,0.1999,-0.0027,0.657798,0.999953,0.764052,NS,Discordant (Young Up / Old Down),TRUE
COX11,0.1432,-0.0593,0.857661,0.976114,0.794583,NS,Discordant (Young Up / Old Down),TRUE
TBC1D4,-0.145,0.0572,0.80427,0.964438,0.706376,NS,Discordant (Young Down / Old Up),TRUE
CLPP,0.1698,-0.032,0.850741,0.995154,0.85092,NS,Discordant (Young Up / Old Down),TRUE
SESN1,-0.1285,-0.0729,0.872663,0.957043,0.984819,NS,Concordant Down,TRUE
SMTNL1,0.052,-0.1493,0.986951,0.880704,0.849093,NS,Discordant (Young Up / Old Down),FALSE
TMOD1,0.0923,0.1089,0.971548,0.956706,0.999389,NS,Concordant Up,TRUE
METAP2,-0.0701,-0.1311,0.913383,0.628615,0.9566,NS,Concordant Down,TRUE
PYGM,0.0835,-0.1176,0.917444,0.830165,0.655808,NS,Discordant (Young Up / Old Down),FALSE
ADH5,-0.1022,-0.0983,0.873707,0.887448,0.999905,NS,Concordant Down,FALSE
BIN1,0.1897,-0.0107,0.323567,0.998424,0.473106,NS,Discordant (Young Up / Old Down),FALSE
RDH14,-0.0628,0.1376,0.969318,0.812845,0.744963,NS,Discordant (Young Down / Old Up),TRUE
DDAH1,-0.1345,0.0658,0.817411,0.962467,0.728335,NS,Discordant (Young Down / Old Up),FALSE
RPS23,-0.1176,0.0823,0.902181,0.955154,0.802022,NS,Discordant (Young Down / Old Up),TRUE
STOML2,0.1102,0.0896,0.822408,0.890401,0.996824,NS,Concordant Up,FALSE
EPRS1,0.199,7e-4,0.20044,0.999992,0.400848,NS,Concordant Up,FALSE
LDHA,0.0874,0.1123,0.948138,0.913436,0.997484,NS,Concordant Up,FALSE
NAA50,0.194,0.0056,0.527011,0.999722,0.696193,NS,Concordant Up,TRUE
SNRPD3,-0.026,0.1734,0.993739,0.637304,0.679154,NS,Discordant (Young Down / Old Up),TRUE
RPS20,0.0061,0.1932,0.999711,0.609559,0.751861,NS,Concordant Up,FALSE
PDLIM3,0.1538,0.0454,0.80514,0.98616,0.93996,NS,Concordant Up,FALSE
AGT,0.0489,-0.1502,0.984309,0.798417,0.778227,NS,Discordant (Young Up / Old Down),TRUE
YBX3,-0.1248,-0.0742,0.826427,0.945757,0.983866,NS,Concordant Down,FALSE
CASQ2,0.1662,-0.0325,0.816536,0.994369,0.825612,NS,Discordant (Young Up / Old Down),FALSE
RAB5C,0.0906,0.1081,0.931038,0.901556,0.998524,NS,Concordant Up,FALSE
LARS1,0.14,0.0584,0.810102,0.969775,0.959741,NS,Concordant Up,TRUE
VWF,-0.0321,0.1661,0.998023,0.878836,0.926897,NS,Discordant (Young Down / Old Up),TRUE
UBE2Z,0.1348,-0.0632,0.854907,0.961589,0.75472,NS,Discordant (Young Up / Old Down),TRUE
PABPC4,-0.1662,0.0317,0.85462,0.994945,0.850722,NS,Discordant (Young Down / Old Up),TRUE
AHSA1,0.1874,0.0102,0.576558,0.999035,0.73709,NS,Concordant Up,TRUE
SYNJ2BP,-0.1949,-0.0027,0.554528,0.999942,0.711714,NS,Concordant Down,FALSE
CAVIN1,0.1683,-0.0292,0.583688,0.990616,0.623719,NS,Discordant (Young Up / Old Down),FALSE
UBAC1,0.1013,0.096,0.87582,0.89276199999999994,0.999827,NS,Concordant Up,FALSE
TST,-0.0243,-0.1729,0.995571,0.716533,0.861979,NS,Concordant Down,FALSE
RPLP0,0.0449,0.1522,0.986474,0.819397,0.942613,NS,Concordant Up,FALSE
RPL26,0.137,0.0601,0.89382,0.982152,0.979268,NS,Concordant Up,FALSE
SOD1,-0.0351,-0.1617,0.987514,0.672988,0.870126,NS,Concordant Down,FALSE
CLCC1,-0.1166,-0.0798,0.897264,0.925679,0.992795,NS,Concordant Down,TRUE
ENO2,0.0037,0.1921,0.999907,0.66096,0.780029,NS,Concordant Up,FALSE
ACTR3,0.0962,0.0991,0.877638,0.873152,0.999943,NS,Concordant Up,FALSE
IMPDH2,-0.0788,0.1163,0.918564,0.814526,0.640184,NS,Discordant (Young Down / Old Up),FALSE
SNX6,-0.1293,-0.0656,0.737421,0.931947,0.96111,NS,Concordant Down,TRUE
PSMD9,0.1254,0.0688,0.783,0.943357,0.975136,NS,Concordant Up,FALSE
BAG6,0.109,-0.0851,0.935913,0.928471,0.817048,NS,Discordant (Young Up / Old Down),TRUE
IFIT2,-0.0695,-0.124,0.963642,0.876246,0.985537,NS,Concordant Down,FALSE
TNMD,-0.0244,-0.1691,0.996623,0.799615,0.904159,NS,Concordant Down,TRUE
LMAN1,0.1576,0.0357,0.725905,0.989101,0.897252,NS,Concordant Up,TRUE
NCL,-0.1745,0.0187,0.693113,0.997415,0.753026,NS,Discordant (Young Down / Old Up),FALSE
EIF4A2,-0.0502,0.1429,0.977169,0.785882,0.732866,NS,Discordant (Young Down / Old Up),FALSE
ACOT9,0.111,0.0821,0.859335,0.929385,0.99481,NS,Concordant Up,FALSE
ATP1B1,0.1144,0.0786,0.787199,0.909482,0.988966,NS,Concordant Up,FALSE
C1QBP,-0.0925,0.1005,0.913016,0.898754,0.730511,NS,Discordant (Young Down / Old Up),FALSE
PKM,0.0493,0.1434,0.970162,0.702928,0.920638,NS,Concordant Up,FALSE
SLC29A1,0.0099,-0.1828,0.999555,0.687525,0.827329,NS,Discordant (Young Up / Old Down),TRUE
TPT1,-0.1393,-0.0533,0.815486,0.977562,0.957515,NS,Concordant Down,FALSE
UQCRQ,-0.1278,0.0647,0.784262,0.952687,0.674604,NS,Discordant (Young Down / Old Up),FALSE
SERPINA3,0.1278,-0.0647,0.881856,0.972939,0.815108,NS,Discordant (Young Up / Old Down),TRUE
ATP5F1C,0.1594,0.0331,0.657959,0.988833,0.864346,NS,Concordant Up,FALSE
NPC2,-0.1431,-0.0492,0.954967,0.988219,0.982977,NS,Concordant Down,TRUE
LYPLA2,-0.1683,-0.0236,0.854672,0.996885,0.919437,NS,Concordant Down,TRUE
RABGGTA,-0.0317,0.1596,0.991382,0.697484,0.722776,NS,Discordant (Young Down / Old Up),TRUE
SERPINA1,0.1002,-0.0908,0.93191,0.946432,0.824353,NS,Discordant (Young Up / Old Down),FALSE
DCUN1D1,0.0746,0.1164,0.961353,0.890872,0.991986,NS,Concordant Up,TRUE
GSR,0.141,0.0492,0.638143,0.964556,0.907386,NS,Concordant Up,FALSE
TXN2,-0.0776,0.1125,0.941199,0.868823,0.737963,NS,Discordant (Young Down / Old Up),TRUE
SERPING1,-0.1562,0.0338,0.874018,0.994128,0.862763,NS,Discordant (Young Down / Old Up),TRUE
SUMO2,0.074,0.1156,0.962761,0.897102,0.992322,NS,Concordant Up,TRUE
AGO2,-0.1599,0.0297,0.764961,0.993405,0.775715,NS,Discordant (Young Down / Old Up),TRUE
COQ3,-0.1196,-0.0699,0.835487,0.950669,0.983886,NS,Concordant Down,FALSE
SNX5,-0.0047,-0.1847,0.999957,0.845798,0.93809,NS,Concordant Down,TRUE
IGKV3-20,0.0702,0.1191,0.987537,0.950928,0.995405,NS,Concordant Up,TRUE
YWHAZ,0.1528,-0.0365,0.619727,0.983474,0.619436,NS,Discordant (Young Up / Old Down),FALSE
RTN4,-0.0094,-0.1797,0.99906,0.529475,0.710997,NS,Concordant Down,FALSE
PREP,-0.1328,-0.0561,0.758114,0.964208,0.952752,NS,Concordant Down,FALSE
ABHD14B,-0.1073,-0.0816,0.857856,0.924192,0.995643,NS,Concordant Down,FALSE
SNX12,-0.1447,-0.0442,0.815243,0.984309,0.941872,NS,Concordant Down,TRUE
PYGB,-0.0629,-0.1259,0.955522,0.802729,0.970793,NS,Concordant Down,FALSE
GAPDHS,0.1398,0.0487,0.949895,0.992908,0.984344,NS,Concordant Up,TRUE
S100A1,0.1468,-0.0417,0.878119,0.991761,0.864593,NS,Discordant (Young Up / Old Down),FALSE
HSD17B4,0.1769,0.0116,0.837173,0.99945,0.907096,NS,Concordant Up,FALSE
PELO,0.0456,0.1429,0.988977,0.85344,0.960527,NS,Concordant Up,TRUE
SLC25A20,-0.124,0.0643,0.881062,0.97186,0.812264,NS,Discordant (Young Down / Old Up),FALSE
ELAVL1,-0.1845,0.0037,0.850973,0.999915,0.869076,NS,Discordant (Young Down / Old Up),TRUE
CNBP,-0.1064,-0.0818,0.891848,0.940764,0.996782,NS,Concordant Down,FALSE
PPM1B,-0.184,0.004,0.696773,0.999886,0.781712,NS,Discordant (Young Down / Old Up),TRUE
TOM1,-0.0707,-0.1172,0.944859,0.838119,0.985319,NS,Concordant Down,FALSE
DHRS7B,0.0608,-0.1267,0.974404,0.879071,0.814211,NS,Discordant (Young Up / Old Down),FALSE
RPS24,0.1506,0.0366,0.851358,0.992721,0.945659,NS,Concordant Up,TRUE
NPEPPS,-0.0775,-0.1094,0.910175,0.813707,0.991416,NS,Concordant Down,FALSE
HNRNPA1,-0.133,-0.0538,0.8956,0.981835,0.974763,NS,Concordant Down,TRUE
UQCRFS1,-0.058,0.1287,0.957099,0.761115,0.658625,NS,Discordant (Young Down / Old Up),FALSE
ACAT1,-0.0741,-0.1125,0.930082,0.83005,0.988912,NS,Concordant Down,FALSE
TIMM10,-0.0338,-0.1527,0.991056,0.778164,0.913415,NS,Concordant Down,FALSE
COQ8A,-0.1067,-0.0798,0.849785,0.923076,0.994885,NS,Concordant Down,FALSE
EIF3A,-0.1242,0.0619,0.754697,0.948301,0.637125,NS,Discordant (Young Down / Old Up),FALSE
LETM1,0.1218,0.0641,0.859456,0.966091,0.981561,NS,Concordant Up,FALSE
CRAT,-0.1416,-0.0443,0.734443,0.979382,0.923902,NS,Concordant Down,FALSE
DDB1,0.1602,0.0254,0.419049,0.989097,0.719389,NS,Concordant Up,FALSE
RTN2,0.059,-0.1266,0.956393,0.774695,0.669757,NS,Discordant (Young Up / Old Down),FALSE
STAT3,-0.154,0.0314,0.753068,0.991292,0.75159,NS,Discordant (Young Down / Old Up),TRUE
SLC25A13,-0.0974,0.088,0.890132,0.914639,0.721487,NS,Discordant (Young Down / Old Up),FALSE
SDHD,0.1094,-0.0755,0.906636,0.958455,0.812391,NS,Discordant (Young Up / Old Down),TRUE
APOE,-0.0767,-0.1081,0.983408,0.948319,0.997841,NS,Concordant Down,TRUE
AZGP1,-0.0273,-0.1574,0.994684,0.78168,0.902819,NS,Concordant Down,FALSE
EIF3K,-0.0848,0.0999,0.932616,0.906482,0.7688,NS,Discordant (Young Down / Old Up),FALSE
UQCRC2,-0.12,0.0646,0.790593,0.947857,0.670024,NS,Discordant (Young Down / Old Up),FALSE
HNRNPA2B1,-0.1794,0.005,0.691994,0.999828,0.786854,NS,Discordant (Young Down / Old Up),FALSE
MXRA7,0.0781,-0.1061,0.980739,0.950312,0.910263,NS,Discordant (Young Up / Old Down),TRUE
RTN3,0.1218,0.0621,0.918491,0.980227,0.987658,NS,Concordant Up,TRUE
PSMD11,0.1201,0.0637,0.722564,0.933063,0.966163,NS,Concordant Up,FALSE
BSG,-0.0521,0.1316,0.967495,0.76008,0.682441,NS,Discordant (Young Down / Old Up),FALSE
ECH1,0.1586,-0.0249,0.751661,0.995361,0.781273,NS,Discordant (Young Up / Old Down),FALSE
PSMD3,0.1452,-0.0382,0.694776,0.983676,0.680841,NS,Discordant (Young Up / Old Down),FALSE
RAB14,-0.1053,-0.0781,0.893519,0.942684,0.995902,NS,Concordant Down,TRUE
MTM1,-0.1373,0.0461,0.84738,0.983029,0.8006,NS,Discordant (Young Down / Old Up),TRUE
TXNDC17,0.0384,0.145,0.981828,0.682061,0.891023,NS,Concordant Up,FALSE
PPIA,0.1397,0.0436,0.780159,0.982836,0.93673,NS,Concordant Up,FALSE
SQSTM1,-0.0653,0.1178,0.96322,0.868694,0.779089,NS,Discordant (Young Down / Old Up),TRUE
NIPSNAP2,-0.1653,-0.0177,0.665278,0.997249,0.828157,NS,Concordant Down,FALSE
ADI1,0.118,0.0645,0.952651,0.98268,0.992996,NS,Concordant Up,TRUE
CLIP2,0.172,0.0105,0.852349,0.999485,0.906491,NS,Concordant Up,TRUE
HARS1,0.1817,-5e-4,0.485211,0.999998,0.648392,NS,Discordant (Young Up / Old Down),TRUE
PRKAB2,0.1014,0.0807,0.864819,0.920459,0.997039,NS,Concordant Up,FALSE
PSMD7,-0.0035,0.1785,0.999886,0.590734,0.711499,NS,Discordant (Young Down / Old Up),FALSE
HP1BP3,0.058,0.124,0.984866,0.895613,0.984575,NS,Concordant Up,TRUE
BCKDHA,-0.0546,-0.1273,0.98437,0.889899,0.979252,NS,Concordant Down,TRUE
CDH13,-0.0166,-0.1652,0.997825,0.720661,0.8508,NS,Concordant Down,FALSE
SLC35A4,-0.0557,0.126,0.978822,0.875496,0.822794,NS,Discordant (Young Down / Old Up),TRUE
AP1G1,-0.0124,0.1692,0.999561,0.79457,0.903464,NS,Discordant (Young Down / Old Up),TRUE
EML2,0.1294,0.0521,0.904157,0.984185,0.976976,NS,Concordant Up,TRUE
PCCA,0.1564,-0.0248,0.749658,0.994986,0.772527,NS,Discordant (Young Up / Old Down),TRUE
MRPS25,0.0877,0.0929,0.930669,0.912293,0.999858,NS,Concordant Up,TRUE
ATP5PF,0.0903,0.0902,0.91462,0.917228,1,NS,Concordant Up,FALSE
MCTS1,0.1751,-0.0054,0.542578,0.999711,0.67768,NS,Discordant (Young Up / Old Down),FALSE
SNTB1,-0.1575,-0.0226,0.77091,0.996355,0.892002,NS,Concordant Down,TRUE
HNRNPD,-0.1286,-0.0514,0.771256,0.970098,0.951498,NS,Concordant Down,FALSE
PSMD4,0.1666,0.0131,0.469435,0.997737,0.696753,NS,Concordant Up,FALSE
PPTC7,-0.1096,0.0696,0.951901,0.972583,0.892257,NS,Discordant (Young Down / Old Up),TRUE
EIF3E,-0.0353,0.1438,0.991641,0.832639,0.823787,NS,Discordant (Young Down / Old Up),TRUE
UGP2,0.1371,0.042,0.719001,0.979384,0.918039,NS,Concordant Up,FALSE
HEBP2,-0.0702,-0.1084,0.947374,0.867495,0.990536,NS,Concordant Down,FALSE
HDHD2,-0.1318,-0.0465,0.765329,0.97694,0.941921,NS,Concordant Down,TRUE
AIMP2,0.1472,-0.0309,0.584303,0.986389,0.602925,NS,Discordant (Young Up / Old Down),FALSE
LIMS1,-0.1359,0.0421,0.767496,0.979021,0.713664,NS,Discordant (Young Down / Old Up),TRUE
PA2G4,0.0315,0.1465,0.989651,0.719494,0.889234,NS,Concordant Up,FALSE
CMYA5,-0.0431,-0.1348,0.981564,0.786427,0.938458,NS,Concordant Down,FALSE
CMPK1,-0.1094,-0.0682,0.927831,0.973482,0.993705,NS,Concordant Down,TRUE
TRIP10,0.1152,-0.0624,0.778872,0.943282,0.647831,NS,Discordant (Young Up / Old Down),TRUE
ARPC1A,0.0245,-0.153,0.994848,0.682408,0.743243,NS,Discordant (Young Up / Old Down),TRUE
PSMC6,0.1146,0.0627,0.753454,0.936744,0.972202,NS,Concordant Up,FALSE
SLIRP,0.0926,0.0847,0.933012,0.942697,0.99972,NS,Concordant Up,TRUE
TSFM,0.0376,0.1395,0.991275,0.854236,0.950948,NS,Concordant Up,TRUE
CD36,0.0836,0.0934,0.959501,0.950064,0.999669,NS,Concordant Up,FALSE
USP13,-0.0987,-0.0783,0.95837,0.96169,0.998712,NS,Concordant Down,TRUE
PMM2,-0.0535,0.1232,0.985528,0.911782,0.876078,NS,Discordant (Young Down / Old Up),TRUE
SGTA,-0.1092,-0.0668,0.822853,0.941823,0.985343,NS,Concordant Down,FALSE
GYG1,0.1643,-0.0117,0.616597,0.998658,0.711382,NS,Discordant (Young Up / Old Down),FALSE
PSMC2,0.124,0.0514,0.617358,0.945916,0.92354,NS,Concordant Up,FALSE
PITHD1,-0.0761,-0.0993,0.973773,0.926925,0.998148,NS,Concordant Down,TRUE
PPIC,-0.0896,-0.0857,0.95622,0.96197,0.99995,NS,Concordant Down,TRUE
MIF,0.1051,0.0701,0.898655,0.959175,0.993554,NS,Concordant Up,FALSE
MRPL1,0.0471,0.128,0.986228,0.873566,0.969765,NS,Concordant Up,TRUE
TXN,-0.0984,-0.0765,0.881871,0.934078,0.996837,NS,Concordant Down,FALSE
RPL5,-0.0352,0.1394,0.993797,0.888769,0.879285,NS,Discordant (Young Down / Old Up),FALSE
SETD7,0.1396,0.0349,0.752748,0.988111,0.914342,NS,Concordant Up,FALSE
UBXN4,0.0679,0.1064,0.971718,0.91128,0.993647,NS,Concordant Up,TRUE
CACNA2D1,-0.1091,-0.0649,0.81714,0.943543,0.983515,NS,Concordant Down,FALSE
TUBB4B,0.1606,0.0134,0.624558,0.998169,0.795907,NS,Concordant Up,FALSE
SERPINF1,-0.1558,0.0179,0.825965,0.998166,0.854446,NS,Discordant (Young Down / Old Up),TRUE
HGS,-0.0908,-0.0826,0.941257,0.937228,0.999687,NS,Concordant Down,TRUE
ISOC2,0.1258,-0.0475,0.777967,0.974388,0.720491,NS,Discordant (Young Up / Old Down),FALSE
USP15,0.1327,0.0405,0.76522,0.982781,0.931508,NS,Concordant Up,TRUE
XRCC6,-0.148,0.025,0.686242,0.993235,0.714346,NS,Discordant (Young Down / Old Up),TRUE
SERPINB1,0.1135,0.0595,0.89478,0.974608,0.985831,NS,Concordant Up,FALSE
STBD1,0.141,-0.0319,0.713451,0.988975,0.717604,NS,Discordant (Young Up / Old Down),FALSE
CLPB,0.1083,0.0646,0.94374,0.975453,0.993554,NS,Concordant Up,TRUE
PSMD1,0.1545,0.0182,0.618888,0.996293,0.809013,NS,Concordant Up,FALSE
ATP5F1B,0.0839,0.0886,0.907015,0.898049,0.999846,NS,Concordant Up,FALSE
ENDOG,0.1598,0.0125,0.852555,0.999293,0.918561,NS,Concordant Up,FALSE
ACYP2,0.1108,0.0614,0.833232,0.955749,0.981347,NS,Concordant Up,FALSE
EDF1,-0.109,-0.063,0.871618,0.96149,0.986784,NS,Concordant Down,TRUE
COPG1,-0.095,0.0768,0.902426,0.925179,0.751558,NS,Discordant (Young Down / Old Up),TRUE
NAA15,0.1603,0.0114,0.92167,0.999412,0.943174,NS,Concordant Up,TRUE
KPNA6,0.0224,0.1486,0.995929,0.716814,0.881958,NS,Concordant Up,TRUE
IST1,-0.1041,0.0669,0.821281,0.933209,0.671049,NS,Discordant (Young Down / Old Up),TRUE
PHPT1,0.0059,-0.1651,0.999669,0.630095,0.732961,NS,Discordant (Young Up / Old Down),FALSE
CUL3,0.1232,-0.0477,0.804139,0.976078,0.748639,NS,Discordant (Young Up / Old Down),FALSE
SCCPDH,0.0665,0.1044,0.934009,0.826219,0.987284,NS,Concordant Up,FALSE
HNRNPR,0.0678,0.1029,0.949038,0.87112,0.991591,NS,Concordant Up,TRUE
GNB1,0.0182,-0.1523,0.99643,0.667038,0.719281,NS,Discordant (Young Up / Old Down),FALSE
TUBA8,-0.0834,0.0871,0.897196,0.890224,0.695441,NS,Discordant (Young Down / Old Up),FALSE
EIF1AX,0.1327,0.0376,0.79849,0.987263,0.936725,NS,Concordant Up,FALSE
FAM136A,-0.0381,0.1321,0.993214,0.898076,0.88898,NS,Discordant (Young Down / Old Up),TRUE
PFDN2,0.0425,-0.1273,0.981079,0.794537,0.752804,NS,Discordant (Young Up / Old Down),TRUE
PRDX2,0.1111,0.0586,0.779059,0.947874,0.97263,NS,Concordant Up,FALSE
CAPZB,-0.0683,0.1014,0.974235,0.941726,0.882264,NS,Discordant (Young Down / Old Up),FALSE
TXNRD2,-0.0814,-0.0883,0.958013,0.946105,0.999813,NS,Concordant Down,TRUE
SPPL2A,-0.0953,-0.0743,0.946111,0.970735,0.998477,NS,Concordant Down,TRUE
ANP32A,0.1205,0.0488,0.79856,0.972461,0.957855,NS,Concordant Up,TRUE
PFKFB2,0.055,0.1142,0.98007,0.892263,0.983359,NS,Concordant Up,TRUE
PPIL3,0.1422,-0.0269,0.87967,0.996445,0.885143,NS,Discordant (Young Up / Old Down),TRUE
PSMC4,0.1041,0.0649,0.814262,0.936805,0.98576,NS,Concordant Up,FALSE
CHMP4B,0.096,0.0728,0.892121,0.942813,0.996573,NS,Concordant Up,FALSE
HSPA8,0.1517,0.0167,0.516341,0.995936,0.747728,NS,Concordant Up,FALSE
RAB12,-0.0385,-0.1292,0.988948,0.835838,0.951911,NS,Concordant Down,TRUE
PPP1R2,-0.057,-0.1104,0.968036,0.868314,0.981597,NS,Concordant Down,FALSE
FXYD1,0.1088,0.0585,0.938568,0.983368,0.991699,NS,Concordant Up,TRUE
RHOA,-0.0602,-0.1071,0.951476,0.831657,0.98146,NS,Concordant Down,FALSE
MAT2A,-0.0675,-0.0996,0.918488,0.812775,0.989597,NS,Concordant Down,FALSE
YARS1,-0.0629,0.1038,0.971006,0.911479,0.841871,NS,Discordant (Young Down / Old Up),TRUE
CFL1,0.1091,0.0574,0.877798,0.970685,0.983984,NS,Concordant Up,FALSE
GMPPB,0.141,0.0252,0.805599,0.994901,0.914021,NS,Concordant Up,TRUE
PPP5C,0.1452,-0.0209,0.661563,0.994713,0.701951,NS,Discordant (Young Up / Old Down),TRUE
NNT,0.0967,0.0694,0.896653,0.951472,0.995408,NS,Concordant Up,FALSE
IMMT,-0.1195,-0.0466,0.777039,0.972572,0.951562,NS,Concordant Down,FALSE
PSMF1,0.1619,0.0041,0.690325,0.999858,0.802393,NS,Concordant Up,TRUE
FNDC3A,0.1513,-0.0147,0.941964,0.999682,0.963518,NS,Discordant (Young Up / Old Down),TRUE
TMEM245,0.0915,-0.0744,0.966718,0.945111,0.894526,NS,Discordant (Young Up / Old Down),TRUE
ITIH4,-0.069,0.0967,0.978952,0.949147,0.902543,NS,Discordant (Young Down / Old Up),TRUE
ACADVL,-0.0771,-0.0883,0.921416,0.897123,0.999115,NS,Concordant Down,FALSE
PFKL,0.1426,0.0227,0.848711,0.996982,0.931918,NS,Concordant Up,FALSE
ESD,-0.1142,-0.0508,0.898051,0.982604,0.980945,NS,Concordant Down,FALSE
MYOF,0.104,0.0607,0.928392,0.978021,0.992488,NS,Concordant Up,FALSE
PCBD1,-0.0868,-0.0774,0.897221,0.922576,0.99937,NS,Concordant Down,FALSE
OXSR1,-0.0781,-0.0858,0.890472,0.869047,0.99947,NS,Concordant Down,FALSE
EIF4G2,0.0435,-0.1203,0.983523,0.844637,0.80762,NS,Discordant (Young Up / Old Down),TRUE
XPO7,0.0848,-0.079,0.965701,0.951417,0.886923,NS,Discordant (Young Up / Old Down),TRUE
TARDBP,0.1394,0.0243,0.727532,0.993362,0.87797,NS,Concordant Up,TRUE
ANXA5,0.1153,-0.0483,0.858834,0.97928,0.80774,NS,Discordant (Young Up / Old Down),FALSE
TMED10,0.0319,-0.1316,0.99293,0.824365,0.834073,NS,Discordant (Young Up / Old Down),TRUE
ATP1A2,0.1329,0.0306,0.682728,0.987507,0.884219,NS,Concordant Up,FALSE
ARAF,0.0665,-0.0969,0.986695,0.955578,0.929955,NS,Discordant (Young Up / Old Down),TRUE
UBE2G1,-0.1357,-0.0277,0.921016,0.995447,0.959978,NS,Concordant Down,TRUE
SNF8,0.0949,0.0685,0.939415,0.956298,0.996742,NS,Concordant Up,TRUE
GSTK1,0.0754,0.0879,0.943914,0.923639,0.999115,NS,Concordant Up,FALSE
ITGB1,-0.0481,-0.115,0.963584,0.756901,0.951285,NS,Concordant Down,FALSE
DCAF6,-0.0356,-0.1275,0.985505,0.771806,0.925987,NS,Concordant Down,FALSE
EIF4B,-0.0271,-0.1359,0.992537,0.751767,0.900215,NS,Concordant Down,TRUE
PSMB7,0.134,0.0286,0.753333,0.991585,0.90564,NS,Concordant Up,FALSE
PGAM2,-0.1352,-0.0272,0.776706,0.993213,0.911383,NS,Concordant Down,FALSE
ATP5F1D,0.1072,-0.0551,0.889168,0.974587,0.825677,NS,Discordant (Young Up / Old Down),FALSE
PIN4,-0.0327,-0.1296,0.992126,0.843662,0.945925,NS,Concordant Down,TRUE
ASAH1,-0.0794,-0.0828,0.949349,0.94056,0.999946,NS,Concordant Down,TRUE
TIMM8B,-0.0067,0.1553,0.999763,0.807801,0.872392,NS,Discordant (Young Down / Old Up),TRUE
VPS13C,0.148,0.0139,0.843102,0.998695,0.907322,NS,Concordant Up,TRUE
DDX6,-0.068,-0.0937,0.956218,0.906271,0.99611,NS,Concordant Down,TRUE
TOM1L2,0.0049,-0.1568,0.999763,0.619248,0.741693,NS,Discordant (Young Up / Old Down),TRUE
ACAA1,0.0773,-0.0836,0.944162,0.935497,0.823935,NS,Discordant (Young Up / Old Down),FALSE
WARS1,0.0535,-0.1074,0.965596,0.845212,0.757883,NS,Discordant (Young Up / Old Down),FALSE
PDCD5,0.1329,0.0279,0.712134,0.990622,0.889049,NS,Concordant Up,FALSE
ERH,0.0536,0.1071,0.990707,0.933333,0.992259,NS,Concordant Up,TRUE
APEH,0.1369,0.0233,0.642741,0.992633,0.845161,NS,Concordant Up,FALSE
TOMM5,-0.1424,0.0176,0.877536,0.998141,0.885047,NS,Discordant (Young Down / Old Up),TRUE
DNAJB4,0.1189,0.0411,0.950816,0.994454,0.985941,NS,Concordant Up,TRUE
RPS6KA3,-0.0757,0.0842,0.938692,0.924609,0.800482,NS,Discordant (Young Down / Old Up),FALSE
OSBPL1A,-0.0523,0.1076,0.970773,0.843678,0.774162,NS,Discordant (Young Down / Old Up),TRUE
SEPTIN2,0.1193,-0.0401,0.774203,0.979558,0.73071,NS,Discordant (Young Up / Old Down),TRUE
TRDN,0.0423,0.117,0.991516,0.927643,0.981024,NS,Concordant Up,TRUE
OPTN,0.0283,-0.1306,0.994971,0.847021,0.859611,NS,Discordant (Young Up / Old Down),TRUE
YWHAG,0.112,-0.0467,0.751806,0.965256,0.671452,NS,Discordant (Young Up / Old Down),FALSE
FN3K,-0.1486,-0.0099,0.712362,0.999113,0.839505,NS,Concordant Down,FALSE
GPS1,0.0697,-0.0885,0.920134,0.868065,0.699458,NS,Discordant (Young Up / Old Down),FALSE
CTBP1,-0.1115,0.0465,0.850109,0.975696,0.784457,NS,Discordant (Young Down / Old Up),TRUE
EML1,-0.0843,-0.0734,0.917138,0.940696,0.999246,NS,Concordant Down,FALSE
WDR44,-0.0799,0.0778,0.978886,0.964892,0.926231,NS,Discordant (Young Down / Old Up),TRUE
SFXN1,0.0912,0.0662,0.909731,0.954692,0.996117,NS,Concordant Up,TRUE
AK1,0.1223,-0.0348,0.834096,0.989353,0.817539,NS,Discordant (Young Up / Old Down),FALSE
MRPL36,0.1432,-0.0139,0.802553,0.998608,0.84301,NS,Discordant (Young Up / Old Down),TRUE
CISD2,0.1009,0.0561,0.936511,0.969978,0.990669,NS,Concordant Up,TRUE
ATP5IF1,0.0795,0.0774,0.949612,0.953736,0.99998,NS,Concordant Up,FALSE
TATDN1,0.0473,-0.1093,0.986808,0.908555,0.879327,NS,Discordant (Young Up / Old Down),TRUE
TIMM21,-0.0699,0.0865,0.967202,0.942253,0.871262,NS,Discordant (Young Down / Old Up),TRUE
MRPL19,0.1346,0.0216,0.914163,0.997492,0.954553,NS,Concordant Up,TRUE
PGM3,0.0287,-0.1274,0.994184,0.851029,0.853248,NS,Discordant (Young Up / Old Down),TRUE
PFN2,0.1348,0.0212,0.772067,0.995849,0.898641,NS,Concordant Up,FALSE
HINT1,0.1343,-0.0214,0.826996,0.99665,0.846657,NS,Discordant (Young Up / Old Down),FALSE
UBE2R2,0.154,0.0015,0.840065,0.999987,0.891416,NS,Concordant Up,TRUE
MGST2,0.0596,0.0959,0.979949,0.949899,0.995318,NS,Concordant Up,TRUE
TRIM72,0.085,0.0704,0.853459,0.906574,0.997866,NS,Concordant Up,FALSE
VAPA,0.1087,0.0467,0.829683,0.974236,0.96778,NS,Concordant Up,FALSE
FAHD1,-0.1029,-0.0524,0.899063,0.976091,0.98521,NS,Concordant Down,TRUE
MAP2K4,-0.0792,0.076,0.928958,0.924371,0.786518,NS,Discordant (Young Down / Old Up),TRUE
TPD52L2,-0.1096,-0.0447,0.770411,0.968219,0.952758,NS,Concordant Down,TRUE
DDT,-0.0866,0.0676,0.956339,0.975904,0.903757,NS,Discordant (Young Down / Old Up),TRUE
SPCS1,0.0992,-0.0548,0.894475,0.971224,0.822831,NS,Discordant (Young Up / Old Down),TRUE
TXNL1,0.1022,0.0517,0.778073,0.952813,0.970087,NS,Concordant Up,FALSE
ADHFE1,-0.085,-0.0689,0.964842,0.976848,0.999209,NS,Concordant Down,TRUE
ENO3,-0.0077,0.1457,0.99939,0.692451,0.772203,NS,Discordant (Young Down / Old Up),FALSE
RHOG,-0.0787,0.0747,0.987855,0.964309,0.954504,NS,Discordant (Young Down / Old Up),TRUE
SNTA1,-0.0875,0.0657,0.932589,0.964769,0.853752,NS,Discordant (Young Down / Old Up),FALSE
STOM,-0.1411,-0.012,0.865521,0.999224,0.92592699999999994,NS,Concordant Down,TRUE
ESYT1,0.0201,-0.1329,0.997679,0.878645,0.890048,NS,Discordant (Young Up / Old Down),FALSE
UBR4,0.1056,-0.0472,0.915181,0.976592,0.851057,NS,Discordant (Young Up / Old Down),TRUE
SYNCRIP,0.0893,-0.0631,0.907341,0.955281,0.80496,NS,Discordant (Young Up / Old Down),TRUE
FSD2,0.0212,0.1311,0.997079,0.846094,0.93415,NS,Concordant Up,TRUE
PSMD2,0.0868,0.0655,0.874182,0.93457,0.996053,NS,Concordant Up,FALSE
EIF3J,0.1296,0.0224,0.658999,0.992802,0.854247,NS,Concordant Up,FALSE
PCNP,-0.1214,0.0303,0.936721,0.994001,0.915197,NS,Discordant (Young Down / Old Up),TRUE
MBNL1,0.0724,0.0793,0.939763,0.920541,0.999684,NS,Concordant Up,TRUE
HSCB,-0.0415,0.1098,0.993394,0.905645,0.915985,NS,Discordant (Young Down / Old Up),TRUE
GMPR2,0.1487,-0.0023,0.812816,0.999968,0.874472,NS,Discordant (Young Up / Old Down),FALSE
SNX3,-0.0565,-0.094,0.948619,0.845177,0.986239,NS,Concordant Down,FALSE
SMTN,0.0605,0.0898,0.973493,0.934266,0.995911,NS,Concordant Up,TRUE
DCAF8,0.0514,0.0989,0.980208,0.915666,0.988397,NS,Concordant Up,TRUE
EMC2,-0.0054,0.1448,0.999844,0.853082,0.896544,NS,Discordant (Young Down / Old Up),TRUE
CNDP2,0.1125,-0.0372,0.845225,0.986485,0.816593,NS,Discordant (Young Up / Old Down),FALSE
ACAD9,-0.1453,0.0042,0.847819,0.999899,0.891351,NS,Discordant (Young Down / Old Up),TRUE
DECR1,0.0771,0.0723,0.942273,0.951304,0.999873,NS,Concordant Up,FALSE
PANK4,0.0182,-0.1312,0.997298,0.820796,0.843067,NS,Discordant (Young Up / Old Down),FALSE
CISD1,0.0738,0.0752,0.934857,0.933915,0.999986,NS,Concordant Up,FALSE
PPP2R1A,0.1412,0.0078,0.503551,0.999024,0.706713,NS,Concordant Up,FALSE
SLC44A2,-0.1178,-0.0312,0.897361,0.993749,0.964085,NS,Concordant Down,TRUE
TOR1AIP2,0.0483,0.1004,0.994315,0.937524,0.993998,NS,Concordant Up,TRUE
ATP5PD,0.1136,-0.0349,0.818238,0.986573,0.79342,NS,Discordant (Young Up / Old Down),FALSE
HSPB8,0.1136,0.0347,0.916666,0.993672,0.975174,NS,Concordant Up,TRUE
APOC2,0.0142,-0.134,0.999407,0.9228,0.943764,NS,Discordant (Young Up / Old Down),TRUE
DDX39B,-0.1071,-0.0411,0.90531,0.987795,0.977596,NS,Concordant Down,TRUE
AHNAK,0.1357,0.0124,0.846428,0.999027,0.918783,NS,Concordant Up,FALSE
PRKCSH,0.1339,-0.0139,0.737485,0.998018,0.791942,NS,Discordant (Young Up / Old Down),FALSE
ATP5MG,0.0803,-0.0674,0.921072,0.947792,0.809688,NS,Discordant (Young Up / Old Down),FALSE
AARS1,0.1274,-0.0202,0.743537,0.995316,0.772985,NS,Discordant (Young Up / Old Down),TRUE
L2HGDH,-0.1136,-0.034,0.886265,0.991673,0.965485,NS,Concordant Down,FALSE
FABP3,-0.01,-0.1374,0.999323,0.837104,0.907593,NS,Concordant Down,FALSE
IMPA1,-0.0782,-0.0692,0.888547,0.917674,0.999261,NS,Concordant Down,FALSE
LACTB,-0.1049,-0.0425,0.874514,0.982884,0.973621,NS,Concordant Down,FALSE
SLC1A4,-0.1104,0.0368,0.93903,0.992675,0.91749,NS,Discordant (Young Down / Old Up),TRUE
CDC42,-0.062,-0.085,0.959832,0.922243,0.996717,NS,Concordant Down,FALSE
CALR,0.0962,-0.0505,0.774989,0.94821,0.652479,NS,Discordant (Young Up / Old Down),FALSE
LAMP1,0.086,0.0605,0.92959,0.96202,0.996171,NS,Concordant Up,TRUE
PPM1A,0.1226,0.0238,0.727345,0.992466,0.889739,NS,Concordant Up,TRUE
EIF4A1,-0.1408,0.0056,0.700627,0.999685,0.790455,NS,Discordant (Young Down / Old Up),FALSE
RABL3,0.051,-0.0953,0.982566,0.925853,0.88367,NS,Discordant (Young Up / Old Down),TRUE
PURA,0.0237,-0.1223,0.996115,0.872747,0.877226,NS,Discordant (Young Up / Old Down),TRUE
SMIM20,-0.1323,-0.0137,0.888778,0.998994,0.940012,NS,Concordant Down,TRUE
CP,0.1168,-0.0291,0.911823,0.994691,0.899332,NS,Discordant (Young Up / Old Down),TRUE
PTGES3,-0.0782,-0.0677,0.930261,0.950673,0.999305,NS,Concordant Down,FALSE
TECR,-0.0642,0.0817,0.976647,0.960567,0.909769,NS,Discordant (Young Down / Old Up),TRUE
ACAA2,0.0021,-0.1437,0.999962,0.761254,0.836467,NS,Discordant (Young Up / Old Down),FALSE
COX8A,0.0382,0.1075,0.994442,0.942276,0.985843,NS,Concordant Up,TRUE
DDRGK1,0.0355,0.1102,0.988913,0.872705,0.963722,NS,Concordant Up,TRUE
UCHL3,0.0404,0.1051,0.98234,0.860915,0.967813,NS,Concordant Up,FALSE
UQCRC1,-0.0779,0.0675,0.918763,0.942475,0.797865,NS,Discordant (Young Down / Old Up),FALSE
PM20D2,0.1003,0.0448,0.961059,0.991807,0.991756,NS,Concordant Up,TRUE
BTF3L4,0.1232,-0.0218,0.753456,0.994215,0.771951,NS,Discordant (Young Up / Old Down),TRUE
ALAD,0.0586,0.0863,0.9759,0.946163,0.996601,NS,Concordant Up,FALSE
NEK7,-0.1372,0.0077,0.787454,0.999521,0.845959,NS,Discordant (Young Down / Old Up),FALSE
UBE2V1,-0.0489,-0.0959,0.976998,0.903022,0.985937,NS,Concordant Down,FALSE
ANXA7,-0.0407,-0.1038,0.972837,0.789256,0.953901,NS,Concordant Down,FALSE
TXLNB,0.0456,-0.0989,0.97256,0.852823,0.780953,NS,Discordant (Young Up / Old Down),FALSE
OTUB1,-0.0222,-0.1222,0.993247,0.723528,0.883463,NS,Concordant Down,TRUE
FABP4,0.0107,-0.1327,0.999042,0.806885,0.848761,NS,Discordant (Young Up / Old Down),FALSE
CUL5,-0.0664,-0.0768,0.932112,0.90894,0.999109,NS,Concordant Down,FALSE
APOOL,-0.0569,-0.0861,0.965727,0.91733,0.994419,NS,Concordant Down,FALSE
ATAD1,-0.0327,0.1102,0.990561,0.873823,0.853415,NS,Discordant (Young Down / Old Up),FALSE
DNAJC11,-0.1423,-5e-4,0.872506,0.999999,0.909577,NS,Concordant Down,TRUE
TIMM13,0.0381,0.1047,0.986429,0.881412,0.970236,NS,Concordant Up,FALSE
ANK2,-0.1133,-0.0291,0.903589,0.993971,0.963993,NS,Concordant Down,TRUE
XRCC5,-0.0699,-0.0719,0.932423,0.930029,0.999969,NS,Concordant Down,FALSE
GPI,0.0574,0.0843,0.944334,0.872942,0.992964,NS,Concordant Up,FALSE
ATP6V1E1,-0.1197,-0.0217,0.906667,0.997363,0.958579,NS,Concordant Down,TRUE
UQCRH,-0.0845,0.0568,0.911612,0.96418,0.82687,NS,Discordant (Young Down / Old Up),FALSE
NAP1L1,0.0781,0.0625,0.93884,0.962003,0.998587,NS,Concordant Up,TRUE
FUS,-0.1312,0.0093,0.718619,0.999033,0.788843,NS,Discordant (Young Down / Old Up),TRUE
YKT6,0.1328,-0.0075,0.734678,0.99938,0.800087,NS,Discordant (Young Up / Old Down),TRUE
PSMB6,0.0777,-0.0624,0.922363,0.953423,0.820247,NS,Discordant (Young Up / Old Down),FALSE
SCFD1,0.1123,-0.0278,0.908996,0.994722,0.897343,NS,Discordant (Young Up / Old Down),TRUE
CUL1,0.0772,-0.0628,0.937444,0.958245,0.847407,NS,Discordant (Young Up / Old Down),TRUE
HSPA1A,-0.0308,-0.1091,0.989986,0.84746,0.950995,NS,Concordant Down,FALSE
VBP1,0.0425,-0.0973,0.978577,0.871891,0.815035,NS,Discordant (Young Up / Old Down),FALSE
MAP2K6,-0.1165,-0.0232,0.852005,0.995476,0.941002,NS,Concordant Down,FALSE
GCSH,-0.0238,-0.1156,0.997197,0.903818,0.96496,NS,Concordant Down,TRUE
PFKM,0.1222,-0.017,0.852014,0.997835,0.873606,NS,Discordant (Young Up / Old Down),FALSE
COA3,-0.0139,-0.1252,0.999168,0.915352,0.956785,NS,Concordant Down,TRUE
JPH1,-0.1211,-0.0176,0.831135,0.997364,0.92255,NS,Concordant Down,FALSE
ARL6IP5,0.0791,-0.0594,0.916666,0.957005,0.819313,NS,Discordant (Young Up / Old Down),FALSE
UQCR10,-0.1036,-0.0349,0.902089,0.990798,0.973556,NS,Concordant Down,FALSE
ANXA6,0.0636,0.0748,0.931915,0.90514,0.998876,NS,Concordant Up,FALSE
SSB,-0.1257,0.0127,0.902655,0.999142,0.917939,NS,Discordant (Young Down / Old Up),TRUE
RPS9,0.0043,0.134,0.999879,0.849505,0.906335,NS,Concordant Up,FALSE
MAP2K1,0.0915,0.0468,0.866681,0.970579,0.982039,NS,Concordant Up,FALSE
RAN,0.1146,-0.0237,0.800239,0.993688,0.808861,NS,Discordant (Young Up / Old Down),FALSE
RPN2,0.1356,0.0026,0.846831,0.999957,0.903717,NS,Concordant Up,TRUE
AKR1A1,0.1328,-0.0054,0.785417,0.99975,0.84957800000000006,NS,Discordant (Young Up / Old Down),FALSE
OSBP,-0.1184,0.0197,0.74966,0.994827,0.771029,NS,Discordant (Young Down / Old Up),TRUE
ADPRHL1,0.0939,-0.0437,0.912111,0.983711,0.87031,NS,Discordant (Young Up / Old Down),FALSE
ADRM1,-0.0241,-0.1133,0.995626,0.879425,0.952943,NS,Concordant Down,TRUE
APRT,0.0456,0.0917,0.976858,0.8959,0.984253,NS,Concordant Up,FALSE
PSMA7,0.0938,0.0433,0.804408,0.966134,0.968493,NS,Concordant Up,FALSE
ISCA2,-0.1288,-0.0083,0.863212,0.999538,0.919858,NS,Concordant Down,TRUE
PKIA,-0.0019,-0.135,0.99997,0.799664,0.871174,NS,Concordant Down,FALSE
NONO,-0.1044,0.0322,0.871007,0.989999,0.850301,NS,Discordant (Young Down / Old Up),TRUE
PRKRA,0.131,0.0049,0.920008,0.999899,0.948769,NS,Concordant Up,TRUE
PSMA6,0.112,0.0239,0.793399,0.993097,0.922007,NS,Concordant Up,FALSE
RTRAF,0.0055,0.1303,0.99993,0.928958,0.967156,NS,Concordant Up,TRUE
CHMP1B,-0.0529,-0.0825,0.981711,0.952089,0.996237,NS,Concordant Down,TRUE
MCM5,0.0824,0.0529,0.980459,0.991136,0.998249,NS,Concordant Up,TRUE
HNRNPA3,-0.0041,0.1312,0.999926,0.878147,0.924712,NS,Discordant (Young Down / Old Up),TRUE
RDX,-0.034,-0.1011,0.983925,0.826993,0.953767,NS,Concordant Down,FALSE
SLC25A6,0.1257,0.009,0.916155,0.999654,0.952667,NS,Concordant Up,FALSE
BLVRB,-0.092,-0.0425,0.908453,0.983332,0.984274,NS,Concordant Down,FALSE
NUDC,0.0493,-0.085,0.962206,0.877154,0.782165,NS,Discordant (Young Up / Old Down),FALSE
EIF4E,-0.0665,-0.0675,0.944948,0.939748,0.999993,NS,Concordant Down,TRUE
MAP2K2,-0.0447,-0.0892,0.979115,0.900317,0.985723,NS,Concordant Down,TRUE
RARS1,0.1042,0.0296,0.866112,0.99151,0.958242,NS,Concordant Up,FALSE
UBA1,0.0912,-0.0424,0.83553,0.970946,0.76174,NS,Discordant (Young Up / Old Down),FALSE
SIRT5,0.1229,0.0107,0.835613,0.999086,0.913018,NS,Concordant Up,FALSE
PSMA3,0.1241,0.0094,0.69531,0.998856,0.835261,NS,Concordant Up,FALSE
CKMT2,0.0568,0.0765,0.976096,0.955874,0.998208,NS,Concordant Up,FALSE
IARS1,-0.0739,0.0593,0.960614,0.974276,0.905119,NS,Discordant (Young Down / Old Up),TRUE
RNH1,-0.0482,-0.0849,0.970186,0.899305,0.989071,NS,Concordant Down,FALSE
ATP2A3,0.0738,0.0592,0.968984,0.981066,0.999257,NS,Concordant Up,FALSE
PSMA4,0.0589,0.0738,0.95201,0.923295,0.998268,NS,Concordant Up,FALSE
PSMC3,0.0632,0.069,0.916973,0.901814,0.999647,NS,Concordant Up,FALSE
LPP,-0.0471,-0.0851,0.983935,0.938492,0.992772,NS,Concordant Down,TRUE
XPO1,0.0647,-0.0671,0.943678,0.938363,0.825384,NS,Discordant (Young Up / Old Down),TRUE
AKR1B1,0.0334,-0.098,0.987025,0.867596,0.835205,NS,Discordant (Young Up / Old Down),FALSE
SERPINB6,-0.0323,0.0989,0.989605,0.885695,0.860425,NS,Discordant (Young Down / Old Up),FALSE
PAFAH2,-0.017,-0.1141,0.998117,0.895708,0.951072,NS,Concordant Down,TRUE
ARL8B,0.0777,-0.0532,0.92991,0.970243,0.859543,NS,Discordant (Young Up / Old Down),FALSE
NUDT9,-0.0661,-0.0647,0.965621,0.960106,0.999989,NS,Concordant Down,TRUE
HDHD5,0.0185,0.1119,0.998073,0.913915,0.961194,NS,Concordant Up,TRUE
LDB3,-0.1013,0.0289,0.885072,0.992522,0.872565,NS,Discordant (Young Down / Old Up),FALSE
EIF2S1,0.0749,0.0552,0.86588,0.934496,0.995326,NS,Concordant Up,FALSE
CYB5R1,-0.0125,-0.1175,0.998469,0.821797,0.90793,NS,Concordant Down,FALSE
MPI,-0.0393,-0.0905,0.980994,0.884684,0.97787,NS,Concordant Down,FALSE
COPA,0.0842,0.0456,0.926307,0.979906,0.990598,NS,Concordant Up,TRUE
ACADSB,0.0253,-0.1044,0.996304,0.925759,0.921876,NS,Discordant (Young Up / Old Down),TRUE
GSTM2,0.0628,0.0666,0.967973,0.964613,0.999931,NS,Concordant Up,FALSE
RPL35A,-0.1129,-0.0164,0.942672,0.999036,0.973556,NS,Concordant Down,TRUE
PAIP1,-0.0921,0.0371,0.918335,0.987896,0.885487,NS,Discordant (Young Down / Old Up),TRUE
CPNE3,0.0361,-0.0929,0.985545,0.884446,0.847774,NS,Discordant (Young Up / Old Down),TRUE
PDK1,-0.0669,-0.0621,0.972261,0.976976,0.999915,NS,Concordant Down,TRUE
PTMS,0.0963,-0.0324,0.939917,0.99392,0.925122,NS,Discordant (Young Up / Old Down),TRUE
MAT2B,0.0926,-0.0359,0.905381,0.985935,0.864441,NS,Discordant (Young Up / Old Down),TRUE
LRPAP1,-0.1254,-0.003,0.907368,0.999942,0.931721,NS,Concordant Down,TRUE
TMEM230,0.1164,0.0119,0.903546,0.999025,0.944385,NS,Concordant Up,TRUE
TKFC,-0.0405,-0.0875,0.994214,0.948483,0.993326,NS,Concordant Down,TRUE
PSMA5,0.0966,0.0311,0.80861,0.98492,0.948486,NS,Concordant Up,FALSE
MAPRE2,-0.0426,-0.085,0.979461,0.909539,0.986528,NS,Concordant Down,FALSE
ATP5F1A,0.1155,0.012,0.807902,0.998547,0.903128,NS,Concordant Up,FALSE
MDH2,0.0751,0.0522,0.930476,0.969549,0.996343,NS,Concordant Up,FALSE
PRKAA1,0.1163,0.0109,0.758624,0.998573,0.875688,NS,Concordant Up,FALSE
PGRMC1,0.0185,-0.1086,0.999074,0.95998000000000006,0.964664,NS,Discordant (Young Up / Old Down),TRUE
PFN1,0.1262,-4e-4,0.727522,0.999998,0.824447,NS,Discordant (Young Up / Old Down),FALSE
PTMA,-0.085,0.0414,0.967582,0.989749,0.940884,NS,Discordant (Young Down / Old Up),TRUE
COX17,-0.074,-0.0524,0.964589,0.983478,0.998148,NS,Concordant Down,FALSE
SRPRB,0.0934,0.033,0.923704,0.991422,0.9796,NS,Concordant Up,TRUE
GHITM,-0.0431,0.083,0.985253,0.941419,0.903176,NS,Discordant (Young Down / Old Up),FALSE
FN3KRP,-0.0796,0.0465,0.982576,0.9923,0.96463,NS,Discordant (Young Down / Old Up),TRUE
IDE,-0.0364,0.0895,0.9882,0.908646,0.881279,NS,Discordant (Young Down / Old Up),TRUE
ETFA,0.0253,-0.1005,0.994624,0.89965,0.891468,NS,Discordant (Young Up / Old Down),FALSE
BPNT1,0.1114,-0.0137,0.884223,0.998629,0.902758,NS,Discordant (Young Up / Old Down),TRUE
PLCL1,-0.0243,0.1008,0.998399,0.959649,0.963547,NS,Discordant (Young Down / Old Up),TRUE
ZYX,0.0315,0.0935,0.987814,0.871356,0.965355,NS,Concordant Up,FALSE
MPC2,0.06,-0.0648,0.968383,0.963635,0.899564,NS,Discordant (Young Up / Old Down),FALSE
ARF5,-0.0669,0.0574,0.951759,0.960782,0.870475,NS,Discordant (Young Down / Old Up),TRUE
CAPZA2,-0.0935,0.0305,0.935477,0.994174,0.922613,NS,Discordant (Young Down / Old Up),FALSE
KARS1,0.0194,-0.104,0.994483,0.787716,0.799147,NS,Discordant (Young Up / Old Down),FALSE
OSGEP,-0.0373,0.086,0.990733,0.923926,0.909207,NS,Discordant (Young Down / Old Up),TRUE
CFH,-0.0214,0.1018,0.997728,0.935701,0.938037,NS,Discordant (Young Down / Old Up),TRUE
PPIL1,-0.0728,-0.0504,0.914215,0.961774,0.995451,NS,Concordant Down,TRUE
NUTF2,-0.0139,-0.1088,0.997912,0.831965,0.917985,NS,Concordant Down,FALSE
PIAS2,0.0038,0.1188,0.999892,0.865896,0.916845,NS,Concordant Up,FALSE
SARS2,0.1137,0.0088,0.892619,0.999467,0.938568,NS,Concordant Up,TRUE
MICU1,0.04,-0.0823,0.993419,0.9641,0.949473,NS,Discordant (Young Up / Old Down),TRUE
CAPN3,0.0061,0.1161,0.999759,0.894167,0.936267,NS,Concordant Up,TRUE
LRMDA,0.1153,0.0067,0.893728,0.999722,0.939137,NS,Concordant Up,FALSE
DNM2,0.0587,-0.0632,0.964039,0.958926,0.885787,NS,Discordant (Young Up / Old Down),FALSE
PDIA6,-0.0742,0.0476,0.932279,0.97506,0.871459,NS,Discordant (Young Down / Old Up),FALSE
PSMD12,0.0733,-0.0482,0.943487,0.977886,0.890308,NS,Discordant (Young Up / Old Down),FALSE
TTN,-0.1026,0.0189,0.965197,0.998956,0.966678,NS,Discordant (Young Down / Old Up),FALSE
LDHB,0.0422,-0.0792,0.991348,0.968303,0.946547,NS,Discordant (Young Up / Old Down),FALSE
PDHX,-0.0234,-0.0978,0.993385,0.855529,0.947815,NS,Concordant Down,FALSE
ERP29,0.0254,0.0958,0.994025,0.899114,0.965542,NS,Concordant Up,FALSE
HIKESHI,0.0238,0.0974,0.994459,0.877236,0.957541,NS,Concordant Up,TRUE
DHX9,0.113,0.0076,0.88305,0.999556,0.930745,NS,Concordant Up,TRUE
PPP2R2A,0.1146,-0.0059,0.754931,0.999573,0.825987,NS,Discordant (Young Up / Old Down),FALSE
VPS25,0.0286,-0.0918,0.994627,0.929099,0.920414,NS,Discordant (Young Up / Old Down),TRUE
UCHL5,0.0429,0.0775,0.981141,0.927769,0.991709,NS,Concordant Up,TRUE
PSMD14,0.0706,0.0498,0.917291,0.963052,0.996077,NS,Concordant Up,FALSE
HSPD1,0.0839,0.0358,0.889753,0.983562,0.978916,NS,Concordant Up,FALSE
UQCRB,-0.049,0.0703,0.971465,0.938874,0.871384,NS,Discordant (Young Down / Old Up),FALSE
KRT14,-0.1019,0.0173,0.979208,0.999442,0.980244,NS,Discordant (Young Down / Old Up),TRUE
ATP6V1B2,0.0409,-0.078,0.981215,0.925435,0.87603,NS,Discordant (Young Up / Old Down),FALSE
ACOT2,-0.0705,-0.0477,0.948357,0.978456,0.996846,NS,Concordant Down,FALSE
GDI2,0.058,-0.0599,0.935613,0.932817,0.804048,NS,Discordant (Young Up / Old Down),FALSE
DEK,-0.1102,-0.0075,0.931536,0.999579,0.9515,NS,Concordant Down,TRUE
EIF5,-0.0937,0.0237,0.904358,0.995139,0.89939,NS,Discordant (Young Down / Old Up),FALSE
SDHA,0.1007,-0.0165,0.854679,0.997125,0.870792,NS,Discordant (Young Up / Old Down),FALSE
MTPN,-0.0543,-0.0629,0.961418,0.948188,0.999452,NS,Concordant Down,FALSE
ASMTL,-0.0257,-0.0911,0.998042,0.937585,0.988022,NS,Concordant Down,TRUE
PDAP1,0.0553,-0.0613,0.969714,0.963131,0.900561,NS,Discordant (Young Up / Old Down),FALSE
MMUT,0.0636,0.0525,0.976729,0.983453,0.999541,NS,Concordant Up,TRUE
SLC25A12,-0.0551,0.0609,0.963892,0.956181,0.881245,NS,Discordant (Young Down / Old Up),FALSE
PRKACA,0.0741,0.0419,0.898654,0.972284,0.989389,NS,Concordant Up,FALSE
EIF3M,-0.0613,0.0546,0.962445,0.971633,0.90289,NS,Discordant (Young Down / Old Up),TRUE
MDP1,-0.0049,-0.1108,0.999884,0.892556,0.949427,NS,Concordant Down,TRUE
FAM162A,0.1074,0.0082,0.87516,0.99947,0.932083,NS,Concordant Up,FALSE
ALDH4A1,0.062,-0.0535,0.958483,0.970713,0.895811,NS,Discordant (Young Up / Old Down),FALSE
PSMB3,0.1133,0.0021,0.828562,0.999959,0.894604,NS,Concordant Up,FALSE
FLOT1,0.092,0.0233,0.922277,0.995529,0.971534,NS,Concordant Up,TRUE
SMIM4,0.0889,0.0261,0.948404,0.995759,0.982672,NS,Concordant Up,TRUE
HSP90AA1,0.0768,0.0381,0.915173,0.982313,0.987488,NS,Concordant Up,FALSE
ABHD6,0.0785,-0.0359,0.961386,0.992887,0.943514,NS,Discordant (Young Up / Old Down),TRUE
VPS28,0.0014,-0.113,0.999982,0.819462,0.885799,NS,Discordant (Young Up / Old Down),TRUE
AMPD1,-0.085,0.0293,0.966916,0.996378,0.958026,NS,Discordant (Young Down / Old Up),TRUE
BCAP29,0.056,0.0583,0.975302,0.968,0.999974,NS,Concordant Up,TRUE
LNPK,0.0828,-0.0314,0.925105,0.990809,0.901559,NS,Discordant (Young Up / Old Down),TRUE
LYPLA1,-0.092,0.022,0.893157,0.99524,0.890566,NS,Discordant (Young Down / Old Up),FALSE
UBXN6,0.006,0.1079,0.999783,0.882389,0.94213,NS,Concordant Up,TRUE
UBE2L3,-0.004,-0.1097,0.999802,0.782878,0.86884,NS,Concordant Down,FALSE
YWHAE,0.0635,-0.05,0.930916,0.96056,0.841616,NS,Discordant (Young Up / Old Down),FALSE
PSMB4,0.0691,0.0441,0.934759,0.976323,0.99513,NS,Concordant Up,FALSE
SOD2,-0.0508,-0.0623,0.984362,0.976555,0.999496,NS,Concordant Down,FALSE
EIF4G1,0.0082,-0.1047,0.998989,0.763319,0.81776,NS,Discordant (Young Up / Old Down),FALSE
GBP2,0.0597,-0.0531,0.981397,0.983404,0.948583,NS,Discordant (Young Up / Old Down),TRUE
SBDS,0.0397,0.0729,0.980826,0.929582,0.991299,NS,Concordant Up,FALSE
APEX1,-0.0367,0.0757,0.986484,0.932911,0.897758,NS,Discordant (Young Down / Old Up),TRUE
SMYD1,-0.0709,0.0414,0.971995,0.991225,0.950683,NS,Discordant (Young Down / Old Up),FALSE
SNX2,-0.054,-0.0583,0.97002,0.962577,0.999885,NS,Concordant Down,TRUE
IARS2,0.0207,0.0916,0.995614,0.89491,0.960082,NS,Concordant Up,FALSE
SPR,-0.0072,-0.105,0.999682,0.91442,0.951502,NS,Concordant Down,TRUE
PCBP2,-0.0392,0.0729,0.978805,0.919338,0.863384,NS,Discordant (Young Down / Old Up),FALSE
NT5C3A,-0.0077,-0.1044,0.999335,0.83387,0.90778,NS,Concordant Down,FALSE
UBXN1,-0.0667,-0.0452,0.950554,0.979007,0.996969,NS,Concordant Down,TRUE
PGK1,0.055,0.0568,0.962345,0.960838,0.999979,NS,Concordant Up,FALSE
P4HB,0.1048,0.0069,0.804583,0.99943,0.893016,NS,Concordant Up,FALSE
SPTB,-0.0259,-0.0857,0.995653,0.94678,0.983144,NS,Concordant Down,FALSE
GSS,-0.0257,-0.0858,0.993771,0.919032,0.974912,NS,Concordant Down,FALSE
TIMM50,0.1056,0.0059,0.889236,0.999736,0.936108,NS,Concordant Up,TRUE
RCSD1,-0.0109,-0.1006,0.999028,0.896978,0.946496,NS,Concordant Down,FALSE
ATP2A1,0.0726,0.0386,0.959405,0.989711,0.994505,NS,Concordant Up,FALSE
GALM,-0.0906,0.0201,0.91423,0.996652,0.914352,NS,Discordant (Young Down / Old Up),FALSE
GORASP2,-0.0496,-0.061,0.97438,0.9576,0.999165,NS,Concordant Down,TRUE
METTL26,-0.1045,0.0059,0.91457,0.99977,0.934103,NS,Discordant (Young Down / Old Up),TRUE
PHB2,-0.0593,0.051,0.954309,0.968175,0.885542,NS,Discordant (Young Down / Old Up),FALSE
PFDN4,0.0547,-0.0555,0.972894,0.97166,0.917842,NS,Discordant (Young Up / Old Down),TRUE
ACO1,-0.0091,-0.1003,0.999194,0.870516,0.930432,NS,Concordant Down,FALSE
YWHAQ,0.0797,0.0297,0.891971,0.987799,0.97476,NS,Concordant Up,TRUE
NIT1,-0.0267,-0.0826,0.995196,0.948744,0.98476,NS,Concordant Down,TRUE
TBC1D17,-0.0827,-0.0265,0.94059,0.994649,0.982548,NS,Concordant Down,TRUE
ARHGDIA,0.0062,-0.1029,0.999551,0.826123,0.870569,NS,Discordant (Young Up / Old Down),FALSE
PPP3CA,-0.1045,-0.0046,0.861998,0.999811,0.919663,NS,Concordant Down,FALSE
LTBP3,0.0312,-0.0779,0.995622,0.968049,0.95773,NS,Discordant (Young Up / Old Down),TRUE
EIF2S2,0.0387,0.0703,0.984572,0.941545,0.993057,NS,Concordant Up,TRUE
CUL4A,-0.0324,-0.0766,0.985938,0.909977,0.981999,NS,Concordant Down,FALSE
YWHAB,0.0704,0.0383,0.911071,0.977576,0.989605,NS,Concordant Up,FALSE
NUBP1,0.0064,0.1022,0.999821,0.917506,0.96263,NS,Concordant Up,TRUE
OPA3,0.023,-0.0856,0.997296,0.954906,0.951365,NS,Discordant (Young Up / Old Down),TRUE
LRRC47,-0.0637,-0.0443,0.945402,0.976016,0.997125,NS,Concordant Down,FALSE
NAPA,-0.0589,-0.0491,0.926086,0.952446,0.998932,NS,Concordant Down,FALSE
RPS26,0.0226,0.0854,0.996828,0.94936,0.982071,NS,Concordant Up,FALSE
SAMM50,-0.1006,-0.0074,0.839218,0.999403,0.913239,NS,Concordant Down,FALSE
RAD23B,0.0732,-0.0346,0.912472,0.98370899999999994,0.869356,NS,Discordant (Young Up / Old Down),FALSE
NUMA1,-0.1063,-0.0014,0.883334,0.999986,0.926891,NS,Concordant Down,TRUE
STIM1,0.0885,0.0192,0.907761,0.996543,0.964486,NS,Concordant Up,TRUE
PCBP1,-0.067,0.0406,0.927975,0.976819,0.869435,NS,Discordant (Young Down / Old Up),FALSE
LCMT1,0.0141,0.0931,0.998704,0.926731,0.966929,NS,Concordant Up,TRUE
CD151,0.0216,-0.0855,0.997793,0.958815,0.956552,NS,Discordant (Young Up / Old Down),TRUE
KDM5B,-0.0716,0.0354,0.95942,0.990471,0.934284,NS,Discordant (Young Down / Old Up),TRUE
LUC7L2,-0.0607,-0.0463,0.960435,0.975329,0.998614,NS,Concordant Down,TRUE
COPS5,-0.031,-0.0759,0.990766,0.938136,0.986488,NS,Concordant Down,FALSE
PCMT1,-0.0606,-0.0462,0.9537,0.975101,0.998512,NS,Concordant Down,FALSE
CHMP6,0.077,0.0295,0.955842,0.993279,0.988472,NS,Concordant Up,TRUE
COMT,0.037,0.0693,0.986476,0.948858,0.993158,NS,Concordant Up,FALSE
MTHFD1,0.0614,-0.0446,0.930548,0.966958,0.852347,NS,Discordant (Young Up / Old Down),FALSE
ETFDH,0.0854,-0.0206,0.930229,0.996702,0.92763,NS,Discordant (Young Up / Old Down),FALSE
EIF3F,0.0929,-0.0127,0.8816,0.998356,0.89963,NS,Discordant (Young Up / Old Down),FALSE
MAP2K3,0.0584,0.0469,0.954683,0.972647,0.999023,NS,Concordant Up,FALSE
SRI,0.0132,0.092,0.998806,0.93009,0.966487,NS,Concordant Up,TRUE
TOLLIP,-0.0387,-0.0665,0.985264,0.953983,0.995089,NS,Concordant Down,FALSE
GSK3B,-4e-4,0.1046,0.999999,0.836621,0.898793,NS,Discordant (Young Down / Old Up),TRUE
CBX3,0.0478,0.0569,0.990394,0.976435,0.999727,NS,Concordant Up,TRUE
PALMD,0.1017,-0.003,0.922313,0.999942,0.942324,NS,Discordant (Young Up / Old Down),TRUE
STIP1,0.101,-0.0036,0.785373,0.999821,0.85314,NS,Discordant (Young Up / Old Down),FALSE
ATP5PO,0.0921,0.0121,0.890598,0.998604,0.948161,NS,Concordant Up,FALSE
PRDX1,0.0295,-0.0746,0.991963,0.942409,0.920794,NS,Discordant (Young Up / Old Down),FALSE
DPYSL2,0.0673,0.0365,0.938086,0.984173,0.992432,NS,Concordant Up,FALSE
PGAM1,-0.0567,0.0466,0.959782,0.974428,0.903348,NS,Discordant (Young Down / Old Up),FALSE
MICOS13,0.0122,0.091,0.999171,0.947072,0.973521,NS,Concordant Up,TRUE
GOT2,-0.0574,0.0457,0.959712,0.976196,0.906377,NS,Discordant (Young Down / Old Up),FALSE
PRKAR2A,0.0781,-0.025,0.894871,0.991553,0.876709,NS,Discordant (Young Up / Old Down),FALSE
SDHB,0.0357,-0.0672,0.986483,0.948278,0.912786,NS,Discordant (Young Up / Old Down),FALSE
ALDH7A1,-0.0429,-0.0597,0.989452,0.978732,0.998941,NS,Concordant Down,TRUE
IVD,-0.068,-0.0343,0.960308,0.99102,0.993995,NS,Concordant Down,FALSE
VPS35,0.071,0.0311,0.949965,0.991206,0.990066,NS,Concordant Up,TRUE
MYPN,0.0281,0.0736,0.996984,0.977526,0.994319,NS,Concordant Up,TRUE
PPA1,0.0587,-0.0428,0.962724,0.981666,0.92026,NS,Discordant (Young Up / Old Down),FALSE
ZRANB2,-0.0753,0.026,0.984258,0.997984,0.978726,NS,Discordant (Young Down / Old Up),TRUE
PARK7,0.0051,-0.0962,0.999683,0.842163,0.884297,NS,Discordant (Young Up / Old Down),FALSE
PFDN6,-0.0517,-0.049,0.969894,0.973919,0.999953,NS,Concordant Down,FALSE
PTGES2,0.0379,0.0628,0.987186,0.963091,0.996389,NS,Concordant Up,FALSE
ELOB,-0.0424,0.058,0.978583,0.958683,0.908872,NS,Discordant (Young Down / Old Up),FALSE
COQ5,0.0284,-0.0719,0.994548,0.962154,0.947727,NS,Discordant (Young Up / Old Down),FALSE
VPS26A,-0.0299,-0.0701,0.991428,0.944642,0.98895,NS,Concordant Down,TRUE
PSMD8,0.0973,0.0026,0.891045,0.999944,0.933087,NS,Concordant Up,TRUE
CKB,-0.0342,-0.0656,0.985704,0.942373,0.992005,NS,Concordant Down,FALSE
GSTM3,-0.0448,0.055,0.98755,0.98126,0.954706,NS,Discordant (Young Down / Old Up),FALSE
CRYZ,0.0456,0.0542,0.981741,0.97428,0.999604,NS,Concordant Up,FALSE
APOO,-0.0917,-0.0079,0.906975,0.99948,0.950484,NS,Concordant Down,FALSE
PDXK,-0.0327,-0.0668,0.986252,0.935046,0.989924,NS,Concordant Down,TRUE
TMX1,0.0934,-0.0058,0.918901,0.99975,0.938647,NS,Discordant (Young Up / Old Down),TRUE
SNTB2,-0.0294,-0.0696,0.990108,0.937601,0.987174,NS,Concordant Down,FALSE
FAH,0.0857,-0.013,0.91773,0.998531,0.92768,NS,Discordant (Young Up / Old Down),FALSE
ENSA,-0.0935,0.0048,0.926704,0.999847,0.946091,NS,Discordant (Young Down / Old Up),TRUE
FKBP1A,-0.0111,-0.0872,0.999156,0.938612,0.969065,NS,Concordant Down,FALSE
CAPN1,0.0452,-0.053,0.959823,0.944433,0.856676,NS,Discordant (Young Up / Old Down),FALSE
ST13,-0.0222,-0.0755,0.992633,0.894533,0.967748,NS,Concordant Down,FALSE
ATP2B4,0.0436,-0.053900000000000003,0.981591,0.968085,0.927291,NS,Discordant (Young Up / Old Down),TRUE
KPNA3,0.0973,1e-4,0.910679,1,0.942658,NS,Concordant Up,TRUE
PSMD13,0.0868,-0.0106,0.859235,0.998542,0.88511,NS,Discordant (Young Up / Old Down),FALSE
FDPS,-0.062,-0.0353,0.925219,0.979191,0.992238,NS,Concordant Down,FALSE
RMDN1,-0.0109,0.0864,0.999087,0.930185,0.939627,NS,Discordant (Young Down / Old Up),FALSE
STT3A,0.0031,-0.0931,0.999926,0.903032,0.935215,NS,Discordant (Young Up / Old Down),TRUE
NAXE,-0.0261,-0.0698,0.989946,0.915723,0.980032,NS,Concordant Down,FALSE
NIPSNAP3B,-0.0014,-0.0941,0.999988,0.937746,0.959182,NS,Concordant Down,TRUE
WDR1,0.0108,0.0842,0.99864,0.891954,0.947292,NS,Concordant Up,FALSE
EPHA2,0.0588,-0.0362,0.987575,0.995412,0.97682,NS,Discordant (Young Up / Old Down),TRUE
SEC24C,0.0851,-0.0096,0.913282,0.999123,0.927227,NS,Discordant (Young Up / Old Down),TRUE
BCS1L,-0.0523,-0.042,0.990858,0.991344,0.999724,NS,Concordant Down,TRUE
BABAM2,-0.0345,-0.0597,0.988715,0.953934,0.995635,NS,Concordant Down,TRUE
CARS1,0.0746,0.0188,0.9518,0.997296,0.982338,NS,Concordant Up,TRUE
DEPTOR,-0.0487,0.0445,0.98494,0.987826,0.960228,NS,Discordant (Young Down / Old Up),TRUE
CA2,-0.0036,-0.0895,0.999922,0.941825,0.963945,NS,Concordant Down,FALSE
XPNPEP1,0.0499,-0.0424,0.971895,0.980845,0.930436,NS,Discordant (Young Up / Old Down),FALSE
ECHS1,0.0827,0.0095,0.913592,0.99915,0.957164,NS,Concordant Up,FALSE
ACOT13,0.0144,0.0777,0.998293,0.941745,0.974786,NS,Concordant Up,FALSE
EIF6,-0.0672,0.0248,0.945547,0.993512,0.928482,NS,Discordant (Young Down / Old Up),TRUE
GSPT1,0.081,0.0109,0.918058,0.998765,0.959246,NS,Concordant Up,TRUE
EGLN1,0.057,0.0349,0.989622,0.992899,0.998695,NS,Concordant Up,TRUE
SPRED2,-0.0708,0.0209,0.984866,0.998782,0.98242,NS,Discordant (Young Down / Old Up),FALSE
CDV3,0.0342,0.0575,0.989472,0.966185,0.996674,NS,Concordant Up,TRUE
EEF2,-0.009,0.0827,0.998727,0.85122,0.878321,NS,Discordant (Young Down / Old Up),FALSE
TPP2,0.0804,0.0112,0.914783,0.998747,0.960349,NS,Concordant Up,FALSE
RRAS,-0.0623,-0.029,0.962624,0.992896,0.993395,NS,Concordant Down,FALSE
GPD1,-0.0501,-0.0412,0.974988,0.984027,0.999526,NS,Concordant Down,FALSE
EIF5A,0.0825,0.0086,0.906809,0.999257,0.952802,NS,Concordant Up,FALSE
VPS4A,0.0161,-0.0748,0.99782,0.940568,0.941739,NS,Discordant (Young Up / Old Down),TRUE
THOP1,0.035,-0.0554,0.984604,0.953764,0.915886,NS,Discordant (Young Up / Old Down),TRUE
ATP5ME,0.0694,-0.0207,0.951097,0.996369,0.9439,NS,Discordant (Young Up / Old Down),FALSE
ANXA11,-0.0633,0.0265,0.928741,0.989726,0.901481,NS,Discordant (Young Down / Old Up),FALSE
CACNB1,-0.0543,-0.0355,0.964477,0.986254,0.997462,NS,Concordant Down,FALSE
PRKAR1A,0.0876,-0.002,0.875032,0.999955,0.916319,NS,Discordant (Young Up / Old Down),FALSE
SF3B2,0.0509,0.0387,0.981188,0.988444,0.999299,NS,Concordant Up,TRUE
SUB1,0.0393,0.0501,0.980955,0.968743,0.999141,NS,Concordant Up,TRUE
PGM1,-0.036,-0.0522,0.985119,0.967769,0.998127,NS,Concordant Down,FALSE
HMGCL,0.0812,0.0064,0.940579,0.999698,0.966349,NS,Concordant Up,TRUE
MECR,-0.0266,-0.0609,0.994133,0.966893,0.993281,NS,Concordant Down,FALSE
CLINT1,-0.0781,-0.0092,0.963272,0.999521,0.979996,NS,Concordant Down,TRUE
AFG3L2,0.0361,0.0512,0.985749,0.970509,0.998429,NS,Concordant Up,FALSE
GCDH,0.0207,-0.0664,0.99728000000000006,0.964603,0.960313,NS,Discordant (Young Up / Old Down),TRUE
DNPH1,-0.048,0.0384,0.979785,0.987581,0.95258,NS,Discordant (Young Down / Old Up),TRUE
JSRP1,0.0649,0.0214,0.952815,0.995717,0.986814,NS,Concordant Up,FALSE
PABPC1,-0.0418,-0.0445,0.973484,0.970481,0.999939,NS,Concordant Down,FALSE
ADSS1,-0.0651,0.0209,0.940631,0.995022,0.929624,NS,Discordant (Young Down / Old Up),FALSE
GNG12,0.0294,0.0566,0.994055,0.976985,0.996553,NS,Concordant Up,FALSE
OLA1,-0.0226,-0.0627,0.992584,0.933039,0.983198,NS,Concordant Down,FALSE
PSMA2,0.0739,0.0114,0.936688,0.998815,0.971329,NS,Concordant Up,FALSE
NXN,0.0301,-0.0543,0.992239,0.971425,0.951993,NS,Discordant (Young Up / Old Down),TRUE
SYNJ2,-0.0137,0.0705,0.999354,0.981942,0.981856,NS,Discordant (Young Down / Old Up),FALSE
HDGF,-0.0048,-0.079,0.999786,0.925796,0.95684,NS,Concordant Down,FALSE
UBE3A,0.0516,-0.032,0.980131,0.991987,0.960725,NS,Discordant (Young Up / Old Down),TRUE
MTX1,-0.0493,0.0342,0.976166,0.989215,0.950861,NS,Discordant (Young Down / Old Up),TRUE
ENDOD1,0.0398,0.0436,0.980005,0.976374,0.999897,NS,Concordant Up,FALSE
CDC34,0.0267,-0.0566,0.997554,0.988412,0.982329,NS,Discordant (Young Up / Old Down),TRUE
DTD1,0.0829,-4e-4,0.959293,0.999999,0.970677,NS,Discordant (Young Up / Old Down),TRUE
LAT,0.0182,0.065,0.998192,0.975195,0.991407,NS,Concordant Up,FALSE
PACSIN2,-0.0178,0.0648,0.998407,0.963318,0.968477,NS,Discordant (Young Down / Old Up),TRUE
SLC25A4,-0.0352,0.0471,0.991024,0.983889,0.963908,NS,Discordant (Young Down / Old Up),FALSE
NUP133,-0.0682,-0.014,0.986044,0.999307,0.993302,NS,Concordant Down,TRUE
ALDH3A2,0.053,-0.0289,0.972552,0.992652,0.953943,NS,Discordant (Young Up / Old Down),FALSE
USP14,0.0479,0.0334,0.952968,0.979438,0.997614,NS,Concordant Up,FALSE
VCP,0.0768,0.0044,0.897065,0.999768,0.942301,NS,Concordant Up,FALSE
DDX3X,0.0193,0.0615,0.997551,0.97289,0.99155,NS,Concordant Up,FALSE
SRP14,4e-4,-0.0801,0.999999,0.942407,0.961544,NS,Discordant (Young Up / Old Down),TRUE
TRMT10C,0.0606,0.0197,0.967431,0.996505,0.989791,NS,Concordant Up,TRUE
IPO5,0.0721,-0.0079,0.894097,0.999104,0.915478,NS,Discordant (Young Up / Old Down),FALSE
NPLOC4,0.076,-0.0039,0.920515,0.999829,0.939735,NS,Discordant (Young Up / Old Down),TRUE
DDX17,-0.015,-0.0646,0.997901,0.94649,0.981407,NS,Concordant Down,TRUE
COPS2,0.0526,-0.0264,0.957825,0.990773,0.93342,NS,Discordant (Young Up / Old Down),FALSE
DUSP3,-0.0453,0.0328,0.975034,0.987885,0.94681,NS,Discordant (Young Down / Old Up),FALSE
SH3GLB2,0.0564,0.0217,0.982625,0.996382,0.994853,NS,Concordant Up,TRUE
PGD,0.074,0.0038,0.940677,0.999882,0.965457,NS,Concordant Up,FALSE
HADHA,0.0015,-0.0761,0.999977,0.925202,0.948148,NS,Discordant (Young Up / Old Down),FALSE
NIT2,-0.0043,-0.0731,0.99977,0.911286,0.948888,NS,Concordant Down,FALSE
STRN3,0.0391,-0.038,0.984396,0.984471,0.953829,NS,Discordant (Young Up / Old Down),TRUE
ACSS1,-0.0244,-0.0525,0.997702,0.979264,0.997338,NS,Concordant Down,TRUE
GAA,0.0148,-0.062,0.998778,0.976416,0.974772,NS,Discordant (Young Up / Old Down),TRUE
PAICS,0.07,0.0068,0.921973,0.999456,0.959969,NS,Concordant Up,FALSE
CAT,-0.0181,-0.0585,0.998334,0.981652,0.994122,NS,Concordant Down,FALSE
ASPA,-0.0012,0.0742,0.999993,0.957153,0.974208,NS,Discordant (Young Down / Old Up),TRUE
SNRPD2,-0.0415,0.0337,0.988657,0.990924,0.970211,NS,Discordant (Young Down / Old Up),TRUE
AGL,0.0346,0.04,0.984872,0.979916,0.999781,NS,Concordant Up,FALSE
LACTB2,0.0691,-0.0051,0.96256,0.999786,0.967414,NS,Discordant (Young Up / Old Down),TRUE
COPS6,0.039,-0.0351,0.979622,0.984198,0.946243,NS,Discordant (Young Up / Old Down),FALSE
SAR1B,0.0218,-0.0523,0.995324,0.970866,0.958259,NS,Discordant (Young Up / Old Down),FALSE
RPL7A,0.0347,0.0389,0.993644,0.992452,0.999942,NS,Concordant Up,TRUE
SERPINF2,0.002,0.0712,0.999983,0.968659,0.982323,NS,Concordant Up,TRUE
PGP,0.0649,-0.0079,0.940821,0.99933399999999994,0.950916,NS,Discordant (Young Up / Old Down),FALSE
GMPR,0.0548,-0.018,0.978337,0.997917,0.973597,NS,Discordant (Young Up / Old Down),FALSE
STRAP,0.0562,0.0166,0.941032,0.9959,0.982343,NS,Concordant Up,FALSE
FECH,0.04,0.0326,0.983583,0.989698,0.999652,NS,Concordant Up,FALSE
RAB10,-7e-4,-0.0711,0.999996,0.942737,0.962428,NS,Concordant Down,FALSE
CAB39,-0.0433,0.0282,0.972903,0.989576,0.947347,NS,Discordant (Young Down / Old Up),FALSE
RYR1,0.012,-0.0592,0.998488,0.956382,0.956458,NS,Discordant (Young Up / Old Down),FALSE
UBA2,-0.0017,0.0694,0.999984,0.959336,0.974702,NS,Discordant (Young Down / Old Up),TRUE
TRAP1,0.0241,-0.0466,0.995553,0.982719,0.97133100000000006,NS,Discordant (Young Up / Old Down),FALSE
DPT,-0.0352,0.0354,0.997797,0.995327,0.991874,NS,Discordant (Young Down / Old Up),TRUE
CD59,0.0207,-0.0493,0.995371,0.971447,0.958911,NS,Discordant (Young Up / Old Down),FALSE
PBXIP1,0.0438,-0.026,0.978614,0.993149,0.961605,NS,Discordant (Young Up / Old Down),FALSE
CKM,-0.011,-0.0587,0.998515,0.948755,0.9782,NS,Concordant Down,FALSE
ATP5F1E,0.029,-0.0407,0.993189,0.986461,0.970947,NS,Discordant (Young Up / Old Down),FALSE
LGALS1,-0.0678,0.0015,0.972753,0.999989,0.980935,NS,Discordant (Young Down / Old Up),FALSE
NDRG2,0.0096,-0.0597,0.999255,0.967262,0.969434,NS,Discordant (Young Up / Old Down),FALSE
CUL2,0.0613,0.0067,0.968211,0.999655,0.982693,NS,Concordant Up,TRUE
RAB1A,-0.0347,-0.0332,0.986112,0.98697,0.999984,NS,Concordant Down,TRUE
OGDH,0.0652,-0.0026,0.940158,0.99993,0.957896,NS,Discordant (Young Up / Old Down),FALSE
VTA1,0.0149,-0.0527,0.997985,0.971547,0.967377,NS,Discordant (Young Up / Old Down),TRUE
TMED1,0.0011,0.0663,0.999993,0.965177,0.979582,NS,Concordant Up,TRUE
TRIM28,0.0234,0.0436,0.995798,0.981254,0.997664,NS,Concordant Up,TRUE
AARSD1,-0.0257,-0.041,0.996636,0.991084,0.999181,NS,Concordant Down,TRUE
ARF4,0.0479,-0.0188,0.988355,0.998315,0.984142,NS,Discordant (Young Up / Old Down),TRUE
UGGT1,-0.0305,-0.036,0.993385,0.990086,0.999855,NS,Concordant Down,TRUE
PSMA1,0.0619,0.0045,0.920754,0.999709,0.957227,NS,Concordant Up,FALSE
MOB1A,-0.0411,-0.0253,0.990881,0.99581,0.999021,NS,Concordant Down,TRUE
SCRN2,-0.0569,0.0091,0.983171,0.999615,0.984417,NS,Discordant (Young Down / Old Up),TRUE
BZW2,0.0118,-0.0542,0.998262,0.956315,0.955255,NS,Discordant (Young Up / Old Down),FALSE
HSD17B10,0.0541,-0.0117,0.970252,0.998824,0.970134,NS,Discordant (Young Up / Old Down),FALSE
PDCD6IP,0.0603,0.0053,0.939252,0.999656,0.967956,NS,Concordant Up,FALSE
PALLD,0.0417,0.0234,0.9924,0.997662,0.999015,NS,Concordant Up,TRUE
MRPL40,0.0222,0.0429,0.997538,0.988402,0.998399,NS,Concordant Up,TRUE
ECI2,0.0501,-0.0146,0.978657,0.998424,0.97559,NS,Discordant (Young Up / Old Down),FALSE
HCCS,0.0559,0.0085,0.967039,0.999296,0.983802,NS,Concordant Up,TRUE
CHMP2A,0.0549,-0.0094,0.957098,0.998973,0.959961,NS,Discordant (Young Up / Old Down),TRUE
PGLS,-0.0036,-0.0607,0.999922,0.971875,0.98432,NS,Concordant Down,TRUE
RAC1,0.0067,-0.0568,0.999368,0.942981,0.951777,NS,Discordant (Young Up / Old Down),FALSE
PPP2CA,0.0506,0.0129,0.951021,0.997504,0.983307,NS,Concordant Up,FALSE
CTNNA1,-0.0449,0.0184,0.993608,0.998459,0.989405,NS,Discordant (Young Down / Old Up),TRUE
FAHD2A,0.0112,-0.0517,0.999499,0.986481,0.987247,NS,Discordant (Young Up / Old Down),TRUE
DLD,0.0174,-0.0453,0.99638,0.972777,0.96301,NS,Discordant (Young Up / Old Down),FALSE
FERMT2,0.0076,-0.055,0.999611,0.976637,0.979205,NS,Discordant (Young Up / Old Down),TRUE
SRL,-0.0182,-0.0442,0.996144,0.9751,0.99448,NS,Concordant Down,FALSE
DNM1L,0.0137,-0.0487,0.997957,0.970805,0.966405,NS,Discordant (Young Up / Old Down),FALSE
MTARC2,-0.0159,0.0459,0.998048,0.981577,0.976976,NS,Discordant (Young Down / Old Up),TRUE
FHOD1,0.0598,0.0018,0.953391,0.999968,0.971574,NS,Concordant Up,FALSE
COPS3,-0.0367,0.0247,0.975826,0.990092,0.951597,NS,Discordant (Young Down / Old Up),FALSE
ACSL1,-0.0061,-0.0545,0.999642,0.965927,0.98212,NS,Concordant Down,FALSE
ELOC,-0.0122,0.0484,0.998228,0.967741,0.964775,NS,Discordant (Young Down / Old Up),FALSE
CSTB,-0.0251,0.0352,0.995233,0.9906,0.979856,NS,Discordant (Young Down / Old Up),FALSE
GRHPR,0.0415,0.0187,0.973663,0.995359,0.995127,NS,Concordant Up,FALSE
PTRHD1,0.0048,0.0553,0.99983,0.974144,0.985272,NS,Concordant Up,TRUE
AK2,-0.0517,-0.0082,0.972531,0.999419,0.987417,NS,Concordant Down,FALSE
NEDD8,-0.0074,0.0524,0.999599,0.977313,0.979501,NS,Discordant (Young Down / Old Up),FALSE
RPL27A,0.047,-0.0127,0.988405,0.999261,0.987351,NS,Discordant (Young Up / Old Down),TRUE
CAVIN4,0.0469,0.0128,0.981529,0.99878,0.993572,NS,Concordant Up,TRUE
LTA4H,-0.0159,-0.0433,0.997153,0.977018,0.994078,NS,Concordant Down,FALSE
PSMB2,0.0555,-0.0037,0.949883,0.99983,0.962677,NS,Discordant (Young Up / Old Down),FALSE
EHD1,-0.0107,-0.0483,0.998774,0.971214,0.988549,NS,Concordant Down,FALSE
TIMM44,0.0284,0.0305,0.992639,0.991689,0.999976,NS,Concordant Up,FALSE
COQ6,0.019,-0.0394,0.996906,0.986099,0.978052,NS,Discordant (Young Up / Old Down),FALSE
MYH8,0.0453,0.0127,0.994788,0.999603,0.998126,NS,Concordant Up,TRUE
NSFL1C,0.019,-0.0387,0.994876,0.977019,0.963232,NS,Discordant (Young Up / Old Down),FALSE
CFL2,0.0121,0.0452,0.998185,0.971381,0.990096,NS,Concordant Up,FALSE
SUCLA2,0.0491,0.0081,0.971132,0.999352,0.987044,NS,Concordant Up,FALSE
CAND1,0.0571,0,0.970324,1,0.980358,NS,Concordant Up,FALSE
PRPS1,-0.0102,-0.0467,0.999305,0.984354,0.993549,NS,Concordant Down,FALSE
NAP1L4,-0.0329,-0.024,0.985288,0.99270099999999994,0.999343,NS,Concordant Down,FALSE
DNPEP,-0.0303,0.0261,0.988066,0.991546,0.97003,NS,Discordant (Young Down / Old Up),FALSE
ACO2,0.0347,-0.0215,0.984611,0.994591,0.971373,NS,Discordant (Young Up / Old Down),FALSE
COPS8,-0.0268,-0.029,0.992571,0.990892,0.999966,NS,Concordant Down,TRUE
TPI1,-0.0431,0.0123,0.974944,0.998271,0.971709,NS,Discordant (Young Down / Old Up),FALSE
BABAM1,-9e-4,0.0545,0.999993,0.967102,0.979851,NS,Discordant (Young Down / Old Up),TRUE
GPX4,-7e-4,-0.0543,0.999995,0.965904,0.977608,NS,Concordant Down,FALSE
ALYREF,-0.044,-0.0103,0.989365,0.999431,0.99569,NS,Concordant Down,TRUE
RBL1,-0.0232,0.0309,0.997084,0.993213,0.98702,NS,Discordant (Young Down / Old Up),TRUE
SLC25A11,0.0091,0.0447,0.999475,0.986287,0.994078,NS,Concordant Up,FALSE
PIN1,0.0084,0.0451,0.999509,0.982051,0.992585,NS,Concordant Up,TRUE
ETFB,0.0096,-0.0437,0.999354,0.985459,0.984809,NS,Discordant (Young Up / Old Down),FALSE
PTPN11,0.0189,0.0338,0.997393,0.990031,0.998808,NS,Concordant Up,TRUE
RAB11B,0.0233,0.0291,0.99064700000000006,0.985234,0.999637,NS,Concordant Up,FALSE
NARS1,0.0361,0.016,0.98857,0.997853,0.99765,NS,Concordant Up,TRUE
CNPY2,-0.0114,-0.04,0.999298,0.986563,0.996282,NS,Concordant Down,TRUE
AIFM1,0.0071,-0.0441,0.999406,0.97306,0.974967,NS,Discordant (Young Up / Old Down),FALSE
EPS15L1,0.0306,-0.0206,0.99396,0.996974,0.987122,NS,Discordant (Young Up / Old Down),TRUE
BTF3,0.0491,-0.001,0.982777,0.999994,0.987941,NS,Discordant (Young Up / Old Down),TRUE
CUTC,-0.0423,0.0074,0.986866,0.999643,0.987598,NS,Discordant (Young Down / Old Up),FALSE
NEB,0.0072,-0.0424,0.999843,0.994388,0.994562,NS,Discordant (Young Up / Old Down),FALSE
COPS4,0.0155,-0.0339,0.996393,0.981204,0.971412,NS,Discordant (Young Up / Old Down),FALSE
IAH1,0.025,-0.024,0.993787,0.99464,0.983096,NS,Discordant (Young Up / Old Down),TRUE
LSS,0.0152,-0.0338,0.998254,0.990179,0.985902,NS,Discordant (Young Up / Old Down),TRUE
AKR7A2,-0.0428,-0.0052,0.978415,0.999737,0.989117,NS,Concordant Down,FALSE
MTCH2,-0.0376,0.0103,0.982929,0.998895,0.981027,NS,Discordant (Young Down / Old Up),FALSE
DBT,-0.0034,-0.0439,0.999939,0.988446,0.993317,NS,Concordant Down,TRUE
MLEC,-0.0391,-0.0081,0.983509,0.999394,0.993234,NS,Concordant Down,FALSE
CDC37,-0.0359,-0.0113,0.981332,0.998387,0.994374,NS,Concordant Down,TRUE
PDHB,0.0257,-0.0213,0.990453,0.993757,0.97692,NS,Discordant (Young Up / Old Down),FALSE
BCAT2,0.0019,-0.0447,0.999975,0.98428,0.988305,NS,Discordant (Young Up / Old Down),TRUE
ABRAXAS2,0.0305,-0.0159,0.989742,0.99708,0.982146,NS,Discordant (Young Up / Old Down),TRUE
MRPL22,-0.0257,-0.0205,0.996896,0.997511,0.999904,NS,Concordant Down,TRUE
IDH2,0.0293,0.0162,0.989916,0.997157,0.998723,NS,Concordant Up,FALSE
EIF3B,-0.0111,0.0343,0.998884,0.988652,0.985897,NS,Discordant (Young Down / Old Up),FALSE
CBR4,0.0199,-0.0254,0.997865,0.996634,0.992152,NS,Discordant (Young Up / Old Down),TRUE
TBCA,0.0117,-0.0334,0.998403,0.985971,0.981829,NS,Discordant (Young Up / Old Down),FALSE
BZW1,-0.0068,0.0382,0.999798,0.993804,0.993741,NS,Discordant (Young Down / Old Up),TRUE
ARPP19,0.0397,-0.0048,0.990924,0.99987,0.991887,NS,Discordant (Young Up / Old Down),TRUE
LIMCH1,-0.0019,-0.0419,0.999979,0.984623,0.992069,NS,Concordant Down,TRUE
MSI2,0.0015,0.0418,0.999987,0.986859,0.992453,NS,Concordant Up,TRUE
SH3BGR,-0.0177,-0.0252,0.997662,0.995286,0.999722,NS,Concordant Down,FALSE
B2M,0.0123,0.0304,0.998901,0.992017,0.998211,NS,Concordant Up,TRUE
HSD17B8,0.0212,-0.0213,0.997144,0.997235,0.991876,NS,Discordant (Young Up / Old Down),TRUE
NUDCD2,-7e-4,-0.0411,0.999996,0.986449,0.991226,NS,Concordant Down,TRUE
SLC25A5,0.0145,0.0272,0.997903,0.99242,0.998905,NS,Concordant Up,FALSE
ARF1,0.0051,0.0366,0.9997,0.982283,0.991208,NS,Concordant Up,FALSE
TARS3,-0.0034,-0.0374,0.999956,0.990936,0.996147,NS,Concordant Down,TRUE
TMED2,-0.0245,0.0162,0.995439,0.997924,0.990682,NS,Discordant (Young Down / Old Up),TRUE
PITRM1,0.0093,0.0311,0.999616,0.995263,0.998455,NS,Concordant Up,TRUE
CAMK2G,0.0186,-0.0213,0.996549,0.99552,0.988467,NS,Discordant (Young Up / Old Down),TRUE
GNAI2,5e-4,-0.0362,0.999997,0.983349,0.9883,NS,Discordant (Young Up / Old Down),FALSE
ABCF1,-0.0154,0.0213,0.998262,0.996635,0.992815,NS,Discordant (Young Down / Old Up),TRUE
EMC3,-0.0057,-0.0308,0.999827,0.994602,0.99752,NS,Concordant Down,TRUE
C11orf68,0.0148,0.0215,0.998677,0.996843,0.999805,NS,Concordant Up,TRUE
BAIAP3,0.0029,-0.0326,0.999954,0.993903,0.994841,NS,Discordant (Young Up / Old Down),TRUE
SUCLG1,0.0336,0,0.988596,1,0.992351,NS,Concordant Up,FALSE
DLST,-0.022,0.0115,0.994608,0.998638,0.991238,NS,Discordant (Young Down / Old Up),FALSE
PSMC5,-0.0188,-0.0135,0.995377,0.997754,0.99976,NS,Concordant Down,FALSE
EIF2A,0.0192,0.0129,0.997658,0.998866,0.99982,NS,Concordant Up,TRUE
AK3,-0.0297,-0.0019,0.995839,0.999984,0.997512,NS,Concordant Down,FALSE
AUH,-0.0086,0.0227,0.999553,0.996824,0.995694,NS,Discordant (Young Down / Old Up),FALSE
PPA2,-0.0052,-0.0258,0.999781,0.99434,0.99752,NS,Concordant Down,FALSE
BCL2L13,0.0095,-0.0211,0.998963,0.994644,0.991953,NS,Discordant (Young Up / Old Down),FALSE
DLAT,0.0011,-0.0288,0.999984,0.988673,0.991573,NS,Discordant (Young Up / Old Down),FALSE
CMC2,-6e-4,-0.0293,0.999998,0.994768,0.996695,NS,Concordant Down,TRUE
MRPL50,0.0209,0.0089,0.998554,0.999681,0.999632,NS,Concordant Up,TRUE
ANK3,0.0254,-0.0042,0.995037,0.999863,0.995131,NS,Discordant (Young Up / Old Down),TRUE
PLCD4,-0.0104,0.0191,0.998967,0.996404,0.993877,NS,Discordant (Young Down / Old Up),TRUE
FKBP3,-0.0153,0.0139,0.997074,0.997633,0.992313,NS,Discordant (Young Down / Old Up),FALSE
PPIF,0.0015,0.0273,0.999987,0.995127,0.996954,NS,Concordant Up,FALSE
LONP1,-0.0235,-0.0038,0.994997,0.999884,0.997625,NS,Concordant Down,FALSE
PITPNA,-0.0189,-0.0072,0.998233,0.999583,0.999427,NS,Concordant Down,TRUE
EIF3D,-0.0108,0.0135,0.998987,0.998274,0.99614,NS,Discordant (Young Down / Old Up),TRUE
RPN1,0.0182,0.0058,0.995397,0.999576,0.998587,NS,Concordant Up,FALSE
RAB7A,0.0067,-0.0168,0.999341,0.995704,0.993984,NS,Discordant (Young Up / Old Down),FALSE
PAFAH1B3,0.0011,-0.0223,0.999994,0.997404,0.998152,NS,Discordant (Young Up / Old Down),TRUE
NDUFA4,0.0159,0.0055,0.997855,0.999757,0.999383,NS,Concordant Up,FALSE
PSMB1,0.0177,0.0037,0.99496,0.999803,0.997913,NS,Concordant Up,FALSE
DEFA3,-0.0134,0.0077,0.999319,0.999782,0.998815,NS,Discordant (Young Down / Old Up),FALSE
DENR,-0.0133,-0.0057,0.997975,0.999644,0.999563,NS,Concordant Down,FALSE
HIBADH,-0.0062,0.0126,0.999514,0.997975,0.996757,NS,Discordant (Young Down / Old Up),FALSE
CS,-0.0032,-0.0141,0.999903,0.998024,0.999172,NS,Concordant Down,FALSE
SKP1,-0.0171,2e-4,0.997449,1,0.998219,NS,Discordant (Young Down / Old Up),FALSE
ALDOA,-0.0026,-0.0125,0.999925,0.998268,0.999248,NS,Concordant Down,FALSE
NPM1,0.0072,-0.0077,0.999629,0.999587,0.998881,NS,Discordant (Young Up / Old Down),FALSE
RPLP1,0.0021,0.0076,0.999979,0.999726,0.999897,NS,Concordant Up,FALSE
ILK,0.005,0.0033,0.999694,0.999876,0.999974,NS,Concordant Up,FALSE
CSDE1,0.0011,-0.006,0.999988,0.999668,0.999665,NS,Discordant (Young Up / Old Down),FALSE
PIP4K2A,-0.003,-7e-4,0.999951,0.999996,0.999976,NS,Concordant Down,TRUE
PDHA1,0.0026,5e-4,0.999916,0.999997,0.999963,NS,Concordant Up,FALSE
MYBPH,1.106,1.7206,0.007624,9e-6,0.528362,Sig Both,Concordant Up,TRUE
S100A13,1.1116,0.6608,6e-6,0.045623,0.478987,Sig Both,Concordant Up,FALSE
ADH1B,-0.8157,-0.6936,0.0065,0.037132,0.963269,Sig Both,Concordant Down,TRUE
MYLK,-0.7664,-0.7396,0.004579,0.006109,0.998069,Sig Both,Concordant Down,TRUE
FSCN1,0.7082,0.6486,0.002051,0.003227,0.986841,Sig Both,Concordant Up,TRUE
HPRT1,0.5135,0.5572,0.027417,0.005534,0.991642,Sig Both,Concordant Up,TRUE
SLC25A42,-0.3589,-0.7564,0.84791,0.031353,0.825438,Sig Old only,Concordant Down,TRUE
GLIPR2,0.4482,0.6069,0.297562,0.015933,0.919875,Sig Old only,Concordant Up,TRUE
ANXA3,-0.3828,-0.5734,0.330242,0.012443,0.856611,Sig Old only,Concordant Down,TRUE
CAMK2D,0.404,0.5426,0.128473,0.01502,0.908271,Sig Old only,Concordant Up,FALSE
ASS1,-0.2465,-0.6461,0.841387,0.037511,0.657826,Sig Old only,Concordant Down,TRUE
ARHGAP1,0.3887,0.4729,0.125101,0.031756,0.964842,Sig Old only,Concordant Up,TRUE
MUSTN1,-0.0794,0.7717,0.982157,0.043258,0.088264,Sig Old only,Discordant (Young Down / Old Up),FALSE
SYNE2,-0.3862,-0.4299,0.117804,0.038869,0.990416,Sig Old only,Concordant Down,TRUE
SYNGR2,-0.2717,-0.4793,0.523851,0.036814,0.792972,Sig Old only,Concordant Down,TRUE
ALDH6A1,-0.2025,-0.5215,0.724494,0.036047,0.556504,Sig Old only,Concordant Down,TRUE
PCYT2,-0.0861,-0.48,0.952378,0.025612,0.309737,Sig Old only,Concordant Down,TRUE
TBC1D24,0.054,-0.4741,0.989107,0.02916,0.209627,Sig Old only,Discordant (Young Up / Old Down),TRUE
SERPINH1,0.9077,0.8184,0.020724,0.154859,0.988746,Sig Young only,Concordant Up,TRUE
S100A6,1.1743,0.5318,1.08e-4,0.282655,0.297834,Sig Young only,Concordant Up,TRUE
MYH3,-1.2198,-0.408,0.003395,0.672033,0.285923,Sig Young only,Concordant Down,TRUE
ALDH1B1,1.209,0.4061,1e-6,0.408559,0.056291,Sig Young only,Concordant Up,TRUE
S100A4,1.015,0.4378,1.6e-5,0.281023,0.215408,Sig Young only,Concordant Up,FALSE
JPT2,0.9024,0.4138,0.004538,0.221937,0.391702,Sig Young only,Concordant Up,TRUE
COL1A2,-1.2313,-0.0825,0.003162,0.987296,0.055008,Sig Young only,Concordant Down,TRUE
CARNS1,0.7763,0.453,0.002575,0.223777,0.663046,Sig Young only,Concordant Up,TRUE
FBN1,-0.8339,-0.3808,0.00367,0.441895,0.472333,Sig Young only,Concordant Down,TRUE
ART3,-0.7701,-0.4313,7.94e-4,0.188933,0.575134,Sig Young only,Concordant Down,TRUE
FAM185A,-0.8715,-0.3235,0.030461,0.485214,0.392106,Sig Young only,Concordant Down,TRUE
SORBS1,-0.8067,-0.2993,0.049704,0.583335,0.456563,Sig Young only,Concordant Down,TRUE
SLC20A2,-1.0443,-0.0392,0.016372,0.996901,0.095877,Sig Young only,Concordant Down,TRUE
PEBP4,-0.6072,-0.4404,0.043047,0.169595,0.904331,Sig Young only,Concordant Down,TRUE
UCHL1,0.8545,0.1235,9.23e-4,0.93668,0.066814,Sig Young only,Concordant Up,FALSE
CD81,-0.8207,-0.1559,0.005448,0.875862,0.116902,Sig Young only,Concordant Down,TRUE
HSPB1,0.5239,0.3906,0.024604,0.184052,0.920026,Sig Young only,Concordant Up,FALSE
H1-0,-0.6743,-0.2364,0.001475,0.635238,0.283028,Sig Young only,Concordant Down,FALSE
HSPB6,0.6189,0.2803,0.00659,0.517177,0.523479,Sig Young only,Concordant Up,FALSE
PSME2,0.6116,0.2855,0.006287,0.417846,0.509332,Sig Young only,Concordant Up,TRUE
F13A1,0.7378,0.1256,0.029975,0.914407,0.187596,Sig Young only,Concordant Up,TRUE
COL6A1,-0.7338,0.1196,0.044222,0.955728,0.068294,Sig Young only,Discordant (Young Down / Old Up),TRUE
MYL3,-0.8049,0.0475,0.028796,0.994056,0.091689,Sig Young only,Discordant (Young Down / Old Up),FALSE
EZR,0.6415,0.1968,0.012412,0.792786,0.361022,Sig Young only,Concordant Up,TRUE
TOR1AIP1,-0.6155,-0.2099,0.041779,0.693925,0.431279,Sig Young only,Concordant Down,TRUE
ANXA1,0.5769,0.2383,0.039291,0.702605,0.599006,Sig Young only,Concordant Up,FALSE
FTH1,-0.6764,0.1211,0.034937,0.945141,0.052741,Sig Young only,Discordant (Young Down / Old Up),FALSE
GNAS,-0.4804,-0.3091,0.005338,0.193687,0.789746,Sig Young only,Concordant Down,FALSE
GLRX3,0.5421,0.2165,0.001337,0.534958,0.350567,Sig Young only,Concordant Up,FALSE
DYNC1LI1,0.6395,0.1039,0.001258,0.915758,0.07052,Sig Young only,Concordant Up,TRUE
S100A11,0.5498,0.1931,0.019551,0.742132,0.451674,Sig Young only,Concordant Up,TRUE
MT-ND4,-0.5114,-0.2178,0.046216,0.699531,0.632159,Sig Young only,Concordant Down,FALSE
FARSB,0.6058,0.1229,0.001134,0.879944,0.111914,Sig Young only,Concordant Up,FALSE
UBE2I,-0.4999,-0.2245,0.031533,0.637495,0.631162,Sig Young only,Concordant Down,FALSE
MSN,0.4706,0.2479,0.001696,0.298436,0.571797,Sig Young only,Concordant Up,FALSE
AKR1C3,0.6496,0.0678,0.009124,0.977764,0.129128,Sig Young only,Concordant Up,FALSE
TUBB6,0.4773,0.2373,0.040566,0.578035,0.705664,Sig Young only,Concordant Up,TRUE
MAOA,-0.5056,-0.1942,0.017377,0.699548,0.498354,Sig Young only,Concordant Down,FALSE
CALU,0.3896,0.3069,0.046419,0.199471,0.955913,Sig Young only,Concordant Up,FALSE
NDUFA3,-0.6027,-0.0926,0.007033,0.948311,0.154437,Sig Young only,Concordant Down,FALSE
SNU13,-0.5086,-0.1851,0.008174,0.659394,0.387948,Sig Young only,Concordant Down,TRUE
DYNLT1,0.4338,0.2536,0.009177,0.265284,0.722496,Sig Young only,Concordant Up,TRUE
RPS11,0.4916,0.1915,0.002594,0.581397,0.369458,Sig Young only,Concordant Up,TRUE
VARS1,0.5251,0.154,7.68e-4,0.728405,0.180566,Sig Young only,Concordant Up,FALSE
HSPB7,0.4577,0.2023,0.044458,0.676268,0.652013,Sig Young only,Concordant Up,FALSE
UBE2B,-0.6202,0.0349,0.025595,0.993179,0.053886,Sig Young only,Discordant (Young Down / Old Up),TRUE
RBM3,-0.6173,0.0332,0.049216,0.995802,0.128571,Sig Young only,Discordant (Young Down / Old Up),TRUE
ABCE1,0.4536,0.194,0.027684,0.663161,0.596793,Sig Young only,Concordant Up,FALSE
CBR1,0.4005,0.2351,0.030786,0.420165,0.79621,Sig Young only,Concordant Up,FALSE
MICU2,-0.5495,-0.0824,0.036849,0.944935,0.198612,Sig Young only,Concordant Down,TRUE
NFIC,-0.5034,-0.1285,0.046487,0.875185,0.384113,Sig Young only,Concordant Down,TRUE
COX7B,-0.5736,-0.0301,0.035599,0.995889,0.180951,Sig Young only,Concordant Down,TRUE
MT-CO3,-0.5277,-0.0734,0.040756,0.967639,0.256663,Sig Young only,Concordant Down,TRUE
TARS1,0.4438,0.154,0.048512,0.761761,0.502623,Sig Young only,Concordant Up,TRUE
MAOB,-0.4089,-0.1829,0.031386,0.644216,0.634191,Sig Young only,Concordant Down,FALSE
NDUFS7,-0.5399,0.0464,0.030034,0.988608,0.083098,Sig Young only,Discordant (Young Down / Old Up),FALSE
MGST3,-0.4093,-0.151,0.045758,0.779939,0.568364,Sig Young only,Concordant Down,FALSE
CCT6A,0.3879,0.1657,0.01449,0.622263,0.549816,Sig Young only,Concordant Up,FALSE
TMEM143,-0.493,0.0538,0.039261,0.982399,0.086088,Sig Young only,Discordant (Young Down / Old Up),TRUE
USP9X,0.4166,0.1199,0.017752,0.76464,0.297309,Sig Young only,Concordant Up,TRUE
DYNC1H1,0.4082,0.1194,0.003972,0.784626,0.266177,Sig Young only,Concordant Up,FALSE
FARSA,0.4437,0.0453,0.042067,0.985345,0.244667,Sig Young only,Concordant Up,TRUE
PSME1,0.3728,0.1158,0.021332,0.819458,0.42208,Sig Young only,Concordant Up,FALSE
NDUFV2,-0.4516,0.031,0.0303,0.993249,0.092809,Sig Young only,Discordant (Young Down / Old Up),FALSE
EMD,-0.4253,0.0463,0.029078,0.980396,0.059438,Sig Young only,Discordant (Young Down / Old Up),TRUE
DYNC1I2,0.3647,0.0893,0.026624,0.897991,0.35993000000000003,Sig Young only,Concordant Up,FALSE
WBP2,-0.3821,-0.0341,0.033573,0.987571,0.187841,Sig Young only,Concordant Down,TRUE
ACP1,-0.3585,0.0363,0.042753,0.986642,0.098965,Sig Young only,Discordant (Young Down / Old Up),FALSE
