gene,n_miss,pct_miss,mean_intensity,classification,imputation_reliable,group_miss_pval
MMP24OS,25,40.32258064516129,16.321770897340123,MNAR,TRUE,4.997501249375312e-4
ESYT2,18,29.03225806451613,17.098650595362855,MNAR,TRUE,4.997501249375312e-4
ILVBL,17,27.419354838709676,17.002504397661998,MNAR,TRUE,0.08595702148925537
FSD2,6,9.67741935483871,17.97814975810267,MNAR,TRUE,0.05147426286856572
TARS3,22,35.483870967741936,15.48939782587272,MNAR,TRUE,4.997501249375312e-4
VWA8,34,54.83870967741935,21.47818511719537,MNAR,FALSE,9.995002498750624e-4
CARNS1,9,14.516129032258066,20.23353769295833,MNAR,TRUE,0.09945027486256872
MAP1LC3B2,31,50,20.717490739315913,MNAR,FALSE,4.997501249375312e-4
PGP,0,0,23.020117452198345,Complete,TRUE,NA
DHRS7C,0,0,21.641342562227027,Complete,TRUE,NA
SMTNL1,0,0,23.41462142695677,Complete,TRUE,NA
NUDT19,19,30.64516129032258,17.111583042032816,MNAR,TRUE,0.3708145927036482
NACA,0,0,23.684780525636413,Complete,TRUE,NA
SLC35A4,11,17.741935483870968,18.62197126387633,MNAR,TRUE,0.63968015992004
PDLIM1,0,0,22.347141213884665,Complete,TRUE,NA
MYO1C,12,19.35483870967742,18.5207959037453,MNAR,TRUE,0.018490754622688656
FXYD1,6,9.67741935483871,19.844452967574366,MNAR,TRUE,1
STXBP3,9,14.516129032258066,18.29387534037128,MNAR,TRUE,0.11694152923538231
NDUFS8,0,0,22.64451350364609,Complete,TRUE,NA
PSMD11,0,0,21.83261232871907,Complete,TRUE,NA
PSMD12,0,0,20.5520090426159,Complete,TRUE,NA
PSMD9,0,0,18.078684053184734,Complete,TRUE,NA
PGRMC1,30,48.38709677419355,18.945299243914537,MNAR,TRUE,0.2288855572213893
CLIC1,1,1.6129032258064515,19.374852083696865,MNAR,TRUE,1
EIF3F,0,0,19.653754068548995,Complete,TRUE,NA
PDHX,0,0,23.416767717035135,Complete,TRUE,NA
DCTN6,33,53.2258064516129,15.850289511233024,MNAR,FALSE,0.05997001499250375
IPO5,0,0,21.672215997050895,Complete,TRUE,NA
EEF2K,12,19.35483870967742,16.354049658869478,MNAR,TRUE,0.01199400299850075
EML1,0,0,20.48896541039036,Complete,TRUE,NA
DNM1L,0,0,20.244950247832413,Complete,TRUE,NA
RTCA,0,0,20.840617685962084,Complete,TRUE,NA
NDUFA4,0,0,26.111192477359143,Complete,TRUE,NA
PSMD14,0,0,20.67642448925529,Complete,TRUE,NA
BIN1,0,0,26.344461960250005,Complete,TRUE,NA
KPNA3,1,1.6129032258064515,21.023140149856378,MNAR,TRUE,0.47626186906546725
DDX3X,0,0,19.596587337985405,Complete,TRUE,NA
KPNA4,0,0,22.958610078088306,Complete,TRUE,NA
CES2,11,17.741935483870968,20.520099562750566,MNAR,TRUE,0.12293853073463268
FBP2,0,0,26.001692314334438,Complete,TRUE,NA
PDXK,0,0,19.2753351058978,Complete,TRUE,NA
SDHD,0,0,23.23884205159438,Complete,TRUE,NA
COX7A2L,29,46.774193548387096,16.51417325676416,MNAR,TRUE,0.001999000499750125
GAPDHS,24,38.70967741935484,19.65657842077361,MNAR,TRUE,0.0544727636181909
HSPB6,0,0,27.08194341913435,Complete,TRUE,NA
NDUFAB1,0,0,23.429368407319327,Complete,TRUE,NA
IMPA2,0,0,22.356024831765286,Complete,TRUE,NA
PDCD5,0,0,20.864244213374338,Complete,TRUE,NA
PRMT5,1,1.6129032258064515,20.04597993688854,MNAR,TRUE,1
PSMA7,0,0,23.6552137323145,Complete,TRUE,NA
OPLAH,5,8.064516129032258,18.9451083577061,MNAR,TRUE,0.047976011994003
MGST3,0,0,24.536769202835565,Complete,TRUE,NA
RGS12,3,4.838709677419355,20.555208734623204,MNAR,TRUE,0.8025987006496752
HAT1,18,29.03225806451613,18.910061328294688,MNAR,TRUE,0.7371314342828585
UQCRQ,0,0,25.01447083329647,Complete,TRUE,NA
MYL12B,0,0,21.002867479101024,Complete,TRUE,NA
UQCR11,1,1.6129032258064515,21.527125100455184,MNAR,TRUE,1
CASQ2,0,0,25.64672964483922,Complete,TRUE,NA
HGS,16,25.806451612903224,16.349315748130763,MNAR,TRUE,0.013993003498250875
HNRNPDL,0,0,18.6473750902593,Complete,TRUE,NA
XPO1,1,1.6129032258064515,18.79397998408404,MNAR,TRUE,1
ATP2A1,0,0,28.306311430351034,Complete,TRUE,NA
SYNJ2,0,0,22.902158846414668,Complete,TRUE,NA
SYNM,0,0,21.165489251146624,Complete,TRUE,NA
ARPC1B,13,20.967741935483872,17.155336255502114,MNAR,TRUE,0.03248375812093953
ARPC2,39,62.903225806451616,16.832559662518516,MNAR,FALSE,9.995002498750624e-4
PGRMC2,0,0,21.233548682383745,Complete,TRUE,NA
PFDN6,0,0,20.45926989645674,Complete,TRUE,NA
NDUFA1,15,24.193548387096776,20.913622378562724,MNAR,TRUE,0.2543728135932034
SURF4,2,3.225806451612903,24.39673575555504,MNAR,TRUE,0.8655672163918041
MAPK13,40,64.51612903225806,19.485997867759963,MNAR,FALSE,4.997501249375312e-4
TCAP,0,0,20.986827139719928,Complete,TRUE,NA
PMM2,4,6.451612903225806,17.939662507025375,MNAR,TRUE,0.1924037981009495
EIF3D,4,6.451612903225806,18.86763768161993,MNAR,TRUE,0.18640679660169915
EIF3H,14,22.58064516129032,15.828943928671224,MNAR,TRUE,0.0034982508745627187
BCAT2,1,1.6129032258064515,20.954590434315563,MNAR,TRUE,1
STX7,7,11.29032258064516,17.039613990439868,MNAR,TRUE,0.17891054472763618
SLC16A3,3,4.838709677419355,20.293807482779993,MNAR,TRUE,0.6051974012993503
YKT6,4,6.451612903225806,19.021722925454366,MNAR,TRUE,0.18640679660169915
ARPC5,24,38.70967741935484,17.792340120630172,MNAR,TRUE,0.07646176911544228
TAPBP,34,54.83870967741935,15.366010895466669,MNAR,FALSE,9.995002498750624e-4
DHX15,19,30.64516129032258,16.62317283978454,MNAR,TRUE,0.04097951024487756
CYB5B,4,6.451612903225806,21.284902960456865,MNAR,TRUE,0.3238380809595202
NDUFS4,0,0,24.695432705640936,Complete,TRUE,NA
DYNC1LI2,9,14.516129032258066,16.669732358600413,MNAR,TRUE,0.01699150424787606
PSMD3,0,0,19.989198444221564,Complete,TRUE,NA
RASA4,18,29.03225806451613,19.744009704530473,MNAR,TRUE,0.010994502748625687
HNRNPR,1,1.6129032258064515,19.251803387793245,MNAR,TRUE,1
TXNL1,0,0,21.097390184085643,Complete,TRUE,NA
TPD52L2,1,1.6129032258064515,19.98749402315243,MNAR,TRUE,1
ERI3,8,12.903225806451612,18.918959888197787,MNAR,TRUE,0.017991004497751123
AKR7A2,0,0,21.108419448140868,Complete,TRUE,NA
LAT,0,0,24.530033905444096,Complete,TRUE,NA
DENR,0,0,20.954403944488845,Complete,TRUE,NA
DNPH1,1,1.6129032258064515,21.723303545509342,MNAR,TRUE,1
TIMM44,0,0,20.845785400974865,Complete,TRUE,NA
TRAPPC3,43,69.35483870967742,16.108324941399367,MNAR,FALSE,0.0079960019990005
CHMP2A,1,1.6129032258064515,19.420413682910834,MNAR,TRUE,1
NDUFB5,0,0,23.458916660178602,Complete,TRUE,NA
NDUFB3,0,0,23.911759498629664,Complete,TRUE,NA
NDUFA2,0,0,24.5529791193806,Complete,TRUE,NA
BUB3,28,45.16129032258064,16.0520710312294,MNAR,TRUE,4.997501249375312e-4
ACTN4,0,0,24.39697576505684,Complete,TRUE,NA
GSTZ1,12,19.35483870967742,19.946673206288807,MNAR,TRUE,0.08495752123938032
PRKAB2,0,0,19.8986649738771,Complete,TRUE,NA
AP1G1,30,48.38709677419355,16.55654909712602,MNAR,TRUE,4.997501249375312e-4
SYNGR2,11,17.741935483870968,20.204464998002695,MNAR,TRUE,0.028985507246376812
SGTA,0,0,22.270347645569803,Complete,TRUE,NA
ENSA,3,4.838709677419355,21.59603273188457,MNAR,TRUE,0.4927536231884058
SLC25A20,0,0,20.90547483067009,Complete,TRUE,NA
NARS1,5,8.064516129032258,20.29787220421072,MNAR,TRUE,0.7381309345327336
LANCL1,0,0,21.536497402218483,Complete,TRUE,NA
SLC37A4,2,3.225806451612903,18.56179341710113,MNAR,TRUE,1
IDH3B,0,0,22.761633592011677,Complete,TRUE,NA
CALU,0,0,21.563567808245065,Complete,TRUE,NA
AHCYL1,0,0,19.536637140637318,Complete,TRUE,NA
NDUFS5,0,0,22.68659721060378,Complete,TRUE,NA
TIMM8A,14,22.58064516129032,19.694832366711356,MNAR,TRUE,0.011494252873563218
PPP1R12B,29,46.774193548387096,15.585999479324407,MNAR,TRUE,0.23588205897051473
PRPSAP2,4,6.451612903225806,22.9581706367914,MNAR,TRUE,0.16841579210394803
SPAG9,9,14.516129032258066,15.833734336869869,MNAR,TRUE,0.09945027486256872
OPA1,0,0,21.039779047567645,Complete,TRUE,NA
TBC1D4,17,27.419354838709676,17.52292327253825,MNAR,TRUE,9.995002498750624e-4
SNX3,0,0,20.76773889125087,Complete,TRUE,NA
SYNCRIP,11,17.741935483870968,18.608920300695296,MNAR,TRUE,0.3468265867066467
SELENOF,42,67.74193548387096,13.632429676724438,MNAR,FALSE,4.997501249375312e-4
KLHL41,0,0,25.34062689264519,Complete,TRUE,NA
PLIN3,0,0,23.653682170907352,Complete,TRUE,NA
KPNA6,17,27.419354838709676,19.994000827565827,MNAR,TRUE,0.0814592703648176
SNX2,4,6.451612903225806,19.084794657088597,MNAR,TRUE,0.3448275862068966
USO1,0,0,22.558281828957746,Complete,TRUE,NA
TOM1,0,0,22.498798583324724,Complete,TRUE,NA
PFKFB2,7,11.29032258064516,20.00053943686073,MNAR,TRUE,0.04597701149425287
EDF1,0,0,20.02199902110298,Complete,TRUE,NA
DNAJA2,0,0,22.855391747453638,Complete,TRUE,NA
CUTA,0,0,21.95093380316781,Complete,TRUE,NA
PFDN1,4,6.451612903225806,19.51127205905644,MNAR,TRUE,0.303848075962019
NOL3,0,0,21.62926879580469,Complete,TRUE,NA
WDR1,0,0,23.684079456428645,Complete,TRUE,NA
LDB3,0,0,27.057603167223956,Complete,TRUE,NA
CLASP2,20,32.25806451612903,17.039157856226137,MNAR,TRUE,4.997501249375312e-4
COBL,32,51.61290322580645,17.822993331423174,MNAR,FALSE,0.031484257871064465
CPNE3,1,1.6129032258064515,19.02537075243746,MNAR,TRUE,1
CLUH,34,54.83870967741935,17.21690434260342,MNAR,FALSE,0.00849575212393803
CAND2,0,0,22.95106668900291,Complete,TRUE,NA
COQ9,0,0,25.040792699881745,Complete,TRUE,NA
GGCT,0,0,20.969724189857754,Complete,TRUE,NA
NDUFS7,0,0,22.692088954946474,Complete,TRUE,NA
RTN2,0,0,25.93743208639116,Complete,TRUE,NA
NDUFS2,0,0,24.603951355881325,Complete,TRUE,NA
NIPSNAP2,0,0,25.824202710823048,Complete,TRUE,NA
CILP,36,58.06451612903226,17.966301205212403,MNAR,FALSE,4.997501249375312e-4
TBCA,0,0,21.553034684722252,Complete,TRUE,NA
ATP6V1G1,9,14.516129032258066,16.8831008177337,MNAR,TRUE,0.00399800099950025
VPS4B,25,40.32258064516129,18.866901373471535,MNAR,TRUE,0.001999000499750125
SH3BGRL,7,11.29032258064516,17.089184252074066,MNAR,TRUE,0.191904047976012
FLNB,0,0,25.565636808887433,Complete,TRUE,NA
NDUFS6,0,0,24.38084217534695,Complete,TRUE,NA
CS,0,0,26.51225378355643,Complete,TRUE,NA
SEC22B,0,0,18.326618473276014,Complete,TRUE,NA
MTX2,0,0,21.491386905721654,Complete,TRUE,NA
VPS26A,5,8.064516129032258,18.690602449948866,MNAR,TRUE,0.37031484257871067
NDUFB1,4,6.451612903225806,23.13539043091336,MNAR,TRUE,0.2898550724637681
PMPCB,10,16.129032258064516,20.031275569169892,MNAR,TRUE,0.004997501249375313
NDUFS3,0,0,24.00583250197628,Complete,TRUE,NA
ECI2,0,0,23.712928248964566,Complete,TRUE,NA
BANF1,0,0,22.836226233391464,Complete,TRUE,NA
CSDE1,0,0,19.5785946202732,Complete,TRUE,NA
PRKRA,12,19.35483870967742,18.339649251389503,MNAR,TRUE,0.1634182908545727
LYPLA1,0,0,21.834412566730858,Complete,TRUE,NA
TIPRL,4,6.451612903225806,19.90543169821267,MNAR,TRUE,0.1744127936031984
PPM1B,5,8.064516129032258,17.82046553890236,MNAR,TRUE,0.15142428785607195
SLC25A12,0,0,25.128094026679864,Complete,TRUE,NA
TCEA3,26,41.935483870967744,17.482383008635157,MNAR,TRUE,4.997501249375312e-4
EIF3G,0,0,19.875816085478654,Complete,TRUE,NA
EIF3J,0,0,22.850389797427077,Complete,TRUE,NA
PSMD10,6,9.67741935483871,20.66905928538577,MNAR,TRUE,0.04597701149425287
IDH1,0,0,22.6089509463041,Complete,TRUE,NA
SCO1,20,32.25806451612903,22.878369218960504,MNAR,TRUE,0.18290854572713644
ALDH1L1,0,0,21.302569139133308,Complete,TRUE,NA
ARL6IP5,0,0,24.28517616846086,Complete,TRUE,NA
DYSF,0,0,23.22547632678095,Complete,TRUE,NA
PIAS2,0,0,23.96550521845034,Complete,TRUE,NA
DCTN3,28,45.16129032258064,17.20430054076372,MNAR,TRUE,0.021989005497251374
ATP5PD,0,0,26.126183904742465,Complete,TRUE,NA
FLOT1,5,8.064516129032258,18.98897766915705,MNAR,TRUE,0.15992003998001
ATP5MG,0,0,26.00324250857913,Complete,TRUE,NA
GLRX3,0,0,18.917943866032836,Complete,TRUE,NA
SNCG,40,64.51612903225806,16.026780191182763,MNAR,FALSE,4.997501249375312e-4
DDAH1,0,0,22.32109177914105,Complete,TRUE,NA
TPPP,40,64.51612903225806,16.034725313088174,MNAR,FALSE,4.997501249375312e-4
BAIAP3,2,3.225806451612903,23.087398337045,MNAR,TRUE,0.11344327836081959
TOMM70,1,1.6129032258064515,19.773126245505416,MNAR,TRUE,1
UFL1,3,4.838709677419355,16.165026006389212,MNAR,TRUE,0.6156921539230384
TMEM63A,5,8.064516129032258,19.784807140486215,MNAR,TRUE,0.16841579210394803
PLPBP,0,0,20.261184185531835,Complete,TRUE,NA
ERLIN2,0,0,23.56003286321412,Complete,TRUE,NA
ENDOD1,0,0,21.11525113683099,Complete,TRUE,NA
SEC31A,16,25.806451612903224,18.251561055670724,MNAR,TRUE,9.995002498750624e-4
NDUFB6,0,0,22.265405833754123,Complete,TRUE,NA
MFN2,10,16.129032258064516,17.734574176191412,MNAR,TRUE,0.04447776111944028
NDUFA3,0,0,22.560687075996523,Complete,TRUE,NA
NDUFB4,0,0,24.028609575573366,Complete,TRUE,NA
NDUFB8,0,0,23.559148996592057,Complete,TRUE,NA
NDUFA7,0,0,23.369387143430277,Complete,TRUE,NA
RTN3,12,19.35483870967742,19.138771953329208,MNAR,TRUE,0.9675162418790605
LETM1,0,0,21.15157208356563,Complete,TRUE,NA
STBD1,0,0,24.209034142320302,Complete,TRUE,NA
ZRANB2,16,25.806451612903224,20.153489819521607,MNAR,TRUE,0.12593703148425786
EPM2A,6,9.67741935483871,20.46641413896287,MNAR,TRUE,1
VAPB,0,0,23.350851051313334,Complete,TRUE,NA
NDUFC2,0,0,23.15579790916922,Complete,TRUE,NA
NDUFA10,0,0,24.17489847051185,Complete,TRUE,NA
PGLS,7,11.29032258064516,17.6325022820699,MNAR,TRUE,0.012993503248375811
TACC2,6,9.67741935483871,18.06874472829234,MNAR,TRUE,0.49375312343828087
LYPLA2,22,35.483870967741936,19.96259511969339,MNAR,TRUE,0.03648175912043978
IPO7,0,0,20.14944554444468,Complete,TRUE,NA
ARIH2,20,32.25806451612903,19.245680338111146,MNAR,TRUE,4.997501249375312e-4
PGM3,4,6.451612903225806,17.317797236950216,MNAR,TRUE,0.1854072963518241
SVIL,12,19.35483870967742,17.599734674431804,MNAR,TRUE,0.7141429285357321
AHSA1,4,6.451612903225806,19.123945728145994,MNAR,TRUE,0.18140929535232383
H6PD,3,4.838709677419355,18.82309204311244,MNAR,TRUE,0.5977011494252874
MPC2,0,0,22.7843070410995,Complete,TRUE,NA
ETHE1,25,40.32258064516129,17.40966324063875,MNAR,TRUE,9.995002498750624e-4
ACSL3,0,0,22.21425562256992,Complete,TRUE,NA
ASMTL,33,53.2258064516129,17.63841570681922,MNAR,FALSE,4.997501249375312e-4
CDS2,10,16.129032258064516,18.454862139814882,MNAR,TRUE,0.047976011994003
SNAP29,33,53.2258064516129,16.511016987346594,MNAR,FALSE,9.995002498750624e-4
OXSR1,0,0,20.635679119942314,Complete,TRUE,NA
LSM8,16,25.806451612903224,18.947402868913084,MNAR,TRUE,0.07896051974012994
AP2A1,11,17.741935483870968,19.231090359652004,MNAR,TRUE,4.997501249375312e-4
CAVIN2,0,0,19.747786156383313,Complete,TRUE,NA
BAG2,14,22.58064516129032,14.609477243484777,MNAR,TRUE,0.09045477261369315
BAG3,0,0,23.393256803794205,Complete,TRUE,NA
MLYCD,19,30.64516129032258,16.67501998445484,MNAR,TRUE,4.997501249375312e-4
AIFM1,0,0,24.278402853143458,Complete,TRUE,NA
EML2,8,12.903225806451612,20.50605304203996,MNAR,TRUE,0.01699150424787606
BPNT1,1,1.6129032258064515,18.374940748486353,MNAR,TRUE,1
DDAH2,6,9.67741935483871,16.209262605298257,MNAR,TRUE,0.05747126436781609
ABHD16A,29,46.774193548387096,14.874566938888593,MNAR,TRUE,0.004997501249375313
TXNDC12,40,64.51612903225806,19.117013086023107,MNAR,FALSE,0.0014992503748125937
NUDT3,3,4.838709677419355,18.227119100606533,MNAR,TRUE,0.800599700149925
NDUFB10,0,0,24.83905060660864,Complete,TRUE,NA
CLPTM1,36,58.06451612903226,15.920794996345395,MNAR,FALSE,0.001999000499750125
MOCS2,16,25.806451612903224,18.456469694584104,MNAR,TRUE,0.030484757621189407
TOMM40,1,1.6129032258064515,18.82353668425267,MNAR,TRUE,1
PEX11B,24,38.70967741935484,15.095758409886187,MNAR,TRUE,0.008995502248875561
CYB5A,14,22.58064516129032,17.11047433753259,MNAR,TRUE,0.04147926036981509
ADH1B,1,1.6129032258064515,21.34651629897381,MNAR,TRUE,1
LDHA,0,0,29.158558826437233,Complete,TRUE,NA
ALDH1A1,0,0,23.862171145334504,Complete,TRUE,NA
GLUD1,0,0,21.666701367811626,Complete,TRUE,NA
CYB5R3,0,0,24.52329020476217,Complete,TRUE,NA
GSR,0,0,21.343499169247973,Complete,TRUE,NA
MT-CO1,6,9.67741935483871,21.6284648683944,MNAR,TRUE,0.051974012993503245
MT-CO2,0,0,26.94477988327071,Complete,TRUE,NA
MT-CO3,5,8.064516129032258,22.674288228054724,MNAR,TRUE,0.14492753623188406
SOD1,0,0,26.141775760318193,Complete,TRUE,NA
CP,8,12.903225806451612,20.96072915531492,MNAR,TRUE,0.01249375312343828
F13A1,17,27.419354838709676,18.070589435275597,MNAR,TRUE,4.997501249375312e-4
HPRT1,6,9.67741935483871,18.18683746022571,MNAR,TRUE,9.995002498750624e-4
GOT2,0,0,27.3599601135521,Complete,TRUE,NA
PGK1,0,0,29.023413816693004,Complete,TRUE,NA
AK1,0,0,28.866716667784466,Complete,TRUE,NA
HP,0,0,24.15789133574005,Complete,TRUE,NA
CFB,5,8.064516129032258,19.36618014661223,MNAR,TRUE,0.15292353823088456
MT-ATP6,0,0,25.30783169276842,Complete,TRUE,NA
CA2,0,0,27.373103345751773,Complete,TRUE,NA
ASS1,23,37.096774193548384,19.662925355842763,MNAR,TRUE,4.997501249375312e-4
SERPINA1,0,0,25.614151596287673,Complete,TRUE,NA
SERPINA3,1,1.6129032258064515,21.833520734096382,MNAR,TRUE,1
AGT,10,16.129032258064516,19.21001331677567,MNAR,TRUE,0.04247876061969016
A2M,0,0,23.15199259324786,Complete,TRUE,NA
C3,0,0,22.952211093970433,Complete,TRUE,NA
CST3,1,1.6129032258064515,20.129280288721038,MNAR,TRUE,1
CSTA,18,29.03225806451613,18.219921560338573,MNAR,TRUE,0.5442278860569715
JCHAIN,23,37.096774193548384,16.48116117715116,MNAR,TRUE,9.995002498750624e-4
IGKV3-20,13,20.967741935483872,20.102212576331457,MNAR,TRUE,4.997501249375312e-4
IGHV3-7,2,3.225806451612903,19.23306360005472,MNAR,TRUE,0.8710644677661169
IGKC,0,0,26.55089330501947,Complete,TRUE,NA
IGHG1,0,0,26.110806569329416,Complete,TRUE,NA
IGHG2,0,0,24.581570147410375,Complete,TRUE,NA
IGHG3,0,0,21.491493645019,Complete,TRUE,NA
IGHM,0,0,21.592070779950504,Complete,TRUE,NA
IGHA1,0,0,23.1373081780052,Complete,TRUE,NA
HLA-B,19,30.64516129032258,15.557648498984133,MNAR,TRUE,4.997501249375312e-4
HLA-DRB1,11,17.741935483870968,19.778379273222384,MNAR,TRUE,0.022988505747126436
MB,0,0,33.605519888194046,Complete,TRUE,NA
COL1A1,6,9.67741935483871,20.050835454023808,MNAR,TRUE,0.3588205897051474
COL3A1,3,4.838709677419355,21.1815233695313,MNAR,TRUE,1
COL4A1,5,8.064516129032258,21.38352833649298,MNAR,TRUE,0.17791104447776113
CRYAB,0,0,29.723603537014778,Complete,TRUE,NA
KRT14,1,1.6129032258064515,21.74029349209695,MNAR,TRUE,1
LMNA,0,0,22.92785557302045,Complete,TRUE,NA
TNNC2,0,0,27.809167323001535,Complete,TRUE,NA
APOE,16,25.806451612903224,16.799924073128153,MNAR,TRUE,4.997501249375312e-4
APOC2,11,17.741935483870968,19.366782256124793,MNAR,TRUE,9.995002498750624e-4
LRG1,17,27.419354838709676,18.372696055510232,MNAR,TRUE,0.001999000499750125
FN1,37,59.67741935483871,17.067815065719163,MNAR,FALSE,0.0014992503748125937
RBP4,28,45.16129032258064,20.396937914885168,MNAR,TRUE,4.997501249375312e-4
ORM1,0,0,24.12958631086166,Complete,TRUE,NA
TTR,0,0,22.882648211265238,Complete,TRUE,NA
ALB,0,0,30.06778938262758,Complete,TRUE,NA
TFRC,18,29.03225806451613,16.772374579168282,MNAR,TRUE,0.7991004497751124
TF,0,0,25.404583501254322,Complete,TRUE,NA
FTL,7,11.29032258064516,21.410260110640913,MNAR,TRUE,0.1874062968515742
FTH1,0,0,25.46954855629304,Complete,TRUE,NA
MT2A,0,0,21.729627967038166,Complete,TRUE,NA
MT-ND1,0,0,23.25854662308496,Complete,TRUE,NA
MT-ND2,13,20.967741935483872,20.038426866097605,MNAR,TRUE,0.5317341329335332
MT-ND3,0,0,20.444767779708847,Complete,TRUE,NA
MT-ND4,0,0,21.38315787593195,Complete,TRUE,NA
MT-ND5,0,0,23.12429745437282,Complete,TRUE,NA
MT-ATP8,0,0,22.958978773203246,Complete,TRUE,NA
CAT,0,0,22.45105861100701,Complete,TRUE,NA
ALDOA,0,0,31.48115525106068,Complete,TRUE,NA
CSTB,0,0,24.380663428751326,Complete,TRUE,NA
ANXA1,0,0,21.852437154827964,Complete,TRUE,NA
SOD2,0,0,25.119179410015473,Complete,TRUE,NA
KRT1,0,0,25.524909270996286,Complete,TRUE,NA
VWF,37,59.67741935483871,17.11755916167257,MNAR,FALSE,0.0024987506246876563
GAPDH,0,0,31.394779061969498,Complete,TRUE,NA
HLA-A,0,0,18.240597332169035,Complete,TRUE,NA
CAPNS1,0,0,23.07204339625423,Complete,TRUE,NA
HSPB1,0,0,29.53607630924914,Complete,TRUE,NA
RPN1,0,0,21.348754019760875,Complete,TRUE,NA
RPN2,1,1.6129032258064515,20.136517043314605,MNAR,TRUE,1
GNAI2,0,0,21.830035238665815,Complete,TRUE,NA
ATP1A1,0,0,23.231697834282926,Complete,TRUE,NA
ATP1B1,0,0,22.828003149169376,Complete,TRUE,NA
APOD,0,0,21.71686745156196,Complete,TRUE,NA
ALDH2,0,0,23.36407680629534,Complete,TRUE,NA
S100A8,0,0,21.68869743995609,Complete,TRUE,NA
SLC25A5,0,0,27.755901556879284,Complete,TRUE,NA
SERPING1,9,14.516129032258066,19.626847270868765,MNAR,TRUE,0.0069965017491254375
PCCA,3,4.838709677419355,19.181243627458077,MNAR,TRUE,0.6026986506746627
PCCB,6,9.67741935483871,18.300005301929293,MNAR,TRUE,0.0769615192403798
EIF2S1,0,0,21.905099127703764,Complete,TRUE,NA
RPLP1,0,0,21.10756250414746,Complete,TRUE,NA
RPLP2,0,0,22.965142637895624,Complete,TRUE,NA
RPLP0,0,0,21.26409771121368,Complete,TRUE,NA
FABP3,0,0,28.974083458333737,Complete,TRUE,NA
CLEC3B,15,24.193548387096776,18.67845819284368,MNAR,TRUE,4.997501249375312e-4
SSB,14,22.58064516129032,16.550245323114638,MNAR,TRUE,0.47876061969015493
ITGB1,0,0,20.17476698621093,Complete,TRUE,NA
KRT18,0,0,24.88452064744932,Complete,TRUE,NA
KRT8,0,0,23.422913464505186,Complete,TRUE,NA
MYL1,0,0,30.39586821046543,Complete,TRUE,NA
GSN,0,0,23.54378081119738,Complete,TRUE,NA
PTMA,16,25.806451612903224,15.019556674755652,MNAR,TRUE,4.997501249375312e-4
ATP5F1B,0,0,28.425444397186777,Complete,TRUE,NA
S100A9,1,1.6129032258064515,21.648967903917253,MNAR,TRUE,1
S100A6,2,3.225806451612903,24.837776915883232,MNAR,TRUE,0.23238380809595202
EIF4E,4,6.451612903225806,20.492350253636182,MNAR,TRUE,0.3173413293353323
CKM,0,0,32.37978332811275,Complete,TRUE,NA
ENO1,0,0,29.93052292585217,Complete,TRUE,NA
PYGL,2,3.225806451612903,24.346049975223163,MNAR,TRUE,0.25037481259370314
GPI,0,0,27.453727346079894,Complete,TRUE,NA
NPM1,0,0,22.112511488196343,Complete,TRUE,NA
TPM3,0,0,25.629454670614194,Complete,TRUE,NA
EPHX1,0,0,23.460190635910735,Complete,TRUE,NA
DBI,0,0,25.436127337063546,Complete,TRUE,NA
LDHB,0,0,25.070630096414764,Complete,TRUE,NA
GPX1,0,0,21.745364039478087,Complete,TRUE,NA
P4HB,0,0,24.3706824185164,Complete,TRUE,NA
H1-0,0,0,22.63287152469481,Complete,TRUE,NA
CTSD,0,0,23.260161762700527,Complete,TRUE,NA
ANXA2,0,0,24.432784428061982,Complete,TRUE,NA
CAPN1,0,0,22.836853935588426,Complete,TRUE,NA
TUBB,0,0,26.250789796511995,Complete,TRUE,NA
CA3,0,0,30.951764430313098,Complete,TRUE,NA
DCN,0,0,23.37710861090807,Complete,TRUE,NA
PSAP,0,0,24.137611604208203,Complete,TRUE,NA
PFN1,0,0,25.4995317582112,Complete,TRUE,NA
BPGM,0,0,21.345729914750656,Complete,TRUE,NA
APRT,0,0,21.952818583511604,Complete,TRUE,NA
EPRS1,0,0,21.485594461126226,Complete,TRUE,NA
CTSB,1,1.6129032258064515,20.18777487172092,MNAR,TRUE,1
HSP90AA1,0,0,25.932111958647983,Complete,TRUE,NA
UQCRH,0,0,25.046259997488665,Complete,TRUE,NA
TPM2,0,0,27.354956631197318,Complete,TRUE,NA
FH,0,0,25.279626840009247,Complete,TRUE,NA
COL1A2,2,3.225806451612903,19.553106942004057,MNAR,TRUE,0.25487256371814093
ANXA6,0,0,26.65574929480813,Complete,TRUE,NA
PFKM,0,0,27.62879937490789,Complete,TRUE,NA
HSP90AB1,0,0,24.773080475816506,Complete,TRUE,NA
SOD3,23,37.096774193548384,18.481648033869078,MNAR,TRUE,0.01699150424787606
CTSG,38,61.29032258064516,17.977723674882004,MNAR,FALSE,9.995002498750624e-4
PDHA1,0,0,25.581490502068245,Complete,TRUE,NA
COL4A2,1,1.6129032258064515,21.34073674832796,MNAR,TRUE,1
CYC1,0,0,26.875914403719825,Complete,TRUE,NA
MYL3,0,0,28.02749636103034,Complete,TRUE,NA
CFH,5,8.064516129032258,18.661133101616212,MNAR,TRUE,0.04297851074462768
SNRNP70,44,70.96774193548387,14.615589337399955,MNAR,FALSE,4.997501249375312e-4
NFIC,11,17.741935483870968,18.417661773956095,MNAR,TRUE,0.026986506746626688
VIM,0,0,24.849910234486096,Complete,TRUE,NA
SERPINF2,10,16.129032258064516,18.27610322907145,MNAR,TRUE,4.997501249375312e-4
RPS17,5,8.064516129032258,20.814901531835844,MNAR,TRUE,0.15292353823088456
KRT19,0,0,25.173248425589023,Complete,TRUE,NA
ANXA5,0,0,23.86532267975991,Complete,TRUE,NA
RPSA,0,0,22.2203836795234,Complete,TRUE,NA
SNRPA,11,17.741935483870968,18.32034574457473,MNAR,TRUE,9.995002498750624e-4
ENO2,0,0,30.075812470357096,Complete,TRUE,NA
ACAA1,0,0,20.039937948712744,Complete,TRUE,NA
GSTP1,0,0,25.344923435053843,Complete,TRUE,NA
LGALS1,0,0,26.539116634184538,Complete,TRUE,NA
QDPR,0,0,23.90619758108717,Complete,TRUE,NA
HMGB1,0,0,21.43451561262161,Complete,TRUE,NA
FBP1,0,0,25.808106861844422,Complete,TRUE,NA
GSTM1,21,33.87096774193548,22.384632977048998,MNAR,TRUE,0.9170414792603698
TPM1,0,0,28.425585338703982,Complete,TRUE,NA
CLTB,2,3.225806451612903,18.98452692748479,MNAR,TRUE,0.24237881059470265
ANXA4,1,1.6129032258064515,19.89579449090401,MNAR,TRUE,1
HMOX1,30,48.38709677419355,16.9018338682641,MNAR,TRUE,0.059470264867566215
DLD,0,0,25.64763858570658,Complete,TRUE,NA
HNRNPA1,10,16.129032258064516,18.47117602791336,MNAR,TRUE,0.006496751624187906
COX6C,0,0,26.522830973788366,Complete,TRUE,NA
PARP1,3,4.838709677419355,19.466364755490197,MNAR,TRUE,0.5962018990504747
IFIT2,0,0,25.736798553882455,Complete,TRUE,NA
UCHL1,0,0,22.31303151875704,Complete,TRUE,NA
LTA4H,0,0,23.572995726656508,Complete,TRUE,NA
ALDOC,11,17.741935483870968,26.381349156622363,MNAR,TRUE,1
LIMS3,26,41.935483870967744,17.084450047582205,MNAR,TRUE,0.00849575212393803
HSPA1A,0,0,26.579038677212772,Complete,TRUE,NA
IGLC2,0,0,24.54874535570981,Complete,TRUE,NA
IGLC3,0,0,22.774595945326638,Complete,TRUE,NA
CALM1,0,0,27.13585562677208,Complete,TRUE,NA
FDX1,35,56.451612903225815,17.433241260458356,MNAR,FALSE,0.014992503748125937
COX8A,17,27.419354838709676,21.436347975436927,MNAR,TRUE,0.13093453273363317
GAA,1,1.6129032258064515,18.143569442339007,MNAR,TRUE,1
RRAS,0,0,21.499840611896857,Complete,TRUE,NA
ARAF,31,50,15.267298708358927,MNAR,FALSE,0.001999000499750125
DLAT,0,0,24.939514208498238,Complete,TRUE,NA
TXN,0,0,25.50406015280903,Complete,TRUE,NA
COX5B,0,0,26.880024151914807,Complete,TRUE,NA
MAPT,0,0,23.00185269870044,Complete,TRUE,NA
PRKAR1A,0,0,24.179109455655084,Complete,TRUE,NA
ESD,0,0,24.822277516798433,Complete,TRUE,NA
HSPD1,0,0,24.459119672280835,Complete,TRUE,NA
THRB,1,1.6129032258064515,22.81020296010304,MNAR,TRUE,0.5002498750624688
CLU,1,1.6129032258064515,19.614431189217882,MNAR,TRUE,1
MYL2,0,0,28.250741217454202,Complete,TRUE,NA
HSPA5,0,0,23.86270901401766,Complete,TRUE,NA
LAMC1,3,4.838709677419355,20.041210618749062,MNAR,TRUE,0.6131934032983508
MYH3,1,1.6129032258064515,25.535483342900818,MNAR,TRUE,1
HSPA8,0,0,26.870761155027946,Complete,TRUE,NA
EPB41,24,38.70967741935484,18.35266173527191,MNAR,TRUE,0.11744127936031984
PDHB,0,0,25.47696524645884,Complete,TRUE,NA
DBT,2,3.225806451612903,20.293303611371865,MNAR,TRUE,0.23438280859570215
PYGB,0,0,29.113288769864084,Complete,TRUE,NA
PYGM,0,0,29.25956266386345,Complete,TRUE,NA
RALA,0,0,20.452648030135254,Complete,TRUE,NA
SPTB,0,0,21.620964875363565,Complete,TRUE,NA
LAMP1,8,12.903225806451612,18.793833519033306,MNAR,TRUE,0.022488755622188907
ACADM,0,0,24.393092093679908,Complete,TRUE,NA
UBL4A,19,30.64516129032258,16.304996345583472,MNAR,TRUE,0.020989505247376312
DMD,0,0,23.152951531698736,Complete,TRUE,NA
MTHFD1,0,0,22.533431658482897,Complete,TRUE,NA
ADH5,0,0,23.86737514073069,Complete,TRUE,NA
PABPC1,0,0,20.130924887900754,Complete,TRUE,NA
HARS1,0,0,18.720053727520195,Complete,TRUE,NA
COL6A1,1,1.6129032258064515,20.43265674828657,MNAR,TRUE,1
COL6A2,8,12.903225806451612,19.310132781387573,MNAR,TRUE,0.16091954022988506
COL6A3,0,0,20.76273274752651,Complete,TRUE,NA
SLC25A4,0,0,27.079434530817164,Complete,TRUE,NA
SLC25A6,0,0,26.88775325971202,Complete,TRUE,NA
IMPDH2,0,0,22.19552779769154,Complete,TRUE,NA
CKB,0,0,31.10162918230917,Complete,TRUE,NA
ANXA3,18,29.03225806451613,19.025074750703876,MNAR,TRUE,0.0034982508745627187
BCKDHA,11,17.741935483870968,18.05416322224007,MNAR,TRUE,0.025987006496751622
ACTN1,0,0,24.077482026602606,Complete,TRUE,NA
MYH1,0,0,28.769224630484935,Complete,TRUE,NA
MYH7,0,0,29.214008000961076,Complete,TRUE,NA
PEPD,0,0,18.994492244546016,Complete,TRUE,NA
XRCC6,2,3.225806451612903,19.65893854709788,MNAR,TRUE,1
XRCC5,0,0,19.70582332039095,Complete,TRUE,NA
COX4I1,0,0,27.122424372932976,Complete,TRUE,NA
IFITM1,12,19.35483870967742,15.932788153682734,MNAR,TRUE,9.995002498750624e-4
LAMP2,7,11.29032258064516,22.646766337585085,MNAR,TRUE,0.047476261869065464
RNH1,0,0,24.151757806842376,Complete,TRUE,NA
MYH8,25,40.32258064516129,19.869256398507936,MNAR,TRUE,0.8235882058970515
VCAN,26,41.935483870967744,21.651425063747407,MNAR,TRUE,0.45177411294352826
EEF2,0,0,24.787120536034884,Complete,TRUE,NA
KRT10,0,0,25.54717171056731,Complete,TRUE,NA
KRT5,1,1.6129032258064515,20.987890067604692,MNAR,TRUE,1
PDIA4,12,19.35483870967742,21.367079247403808,MNAR,TRUE,0.0034982508745627187
TPT1,0,0,24.131742831882136,Complete,TRUE,NA
ALAD,0,0,22.85795554598075,Complete,TRUE,NA
LCP1,7,11.29032258064516,18.550244804320133,MNAR,TRUE,0.04697651174412794
PLS3,15,24.193548387096776,19.48769206810689,MNAR,TRUE,0.0034982508745627187
APEH,0,0,24.288015706798255,Complete,TRUE,NA
ETFA,0,0,24.80002785119189,Complete,TRUE,NA
TNNT1,0,0,26.072071641137303,Complete,TRUE,NA
GYS1,0,0,24.49443774770891,Complete,TRUE,NA
PRKAR2A,0,0,23.581409680594533,Complete,TRUE,NA
ENO3,0,0,30.13217710374068,Complete,TRUE,NA
CD59,0,0,24.44624857835371,Complete,TRUE,NA
MIF,0,0,25.299226398443345,Complete,TRUE,NA
CD99,0,0,18.415441462507292,Complete,TRUE,NA
PRKCSH,0,0,20.29112525727503,Complete,TRUE,NA
FDPS,0,0,20.31223995636853,Complete,TRUE,NA
COX7A2,0,0,22.582702003254308,Complete,TRUE,NA
NID1,5,8.064516129032258,18.356310206054847,MNAR,TRUE,0.1619190404797601
AKR1A1,0,0,26.726158178288056,Complete,TRUE,NA
PKM,0,0,29.179659070361176,Complete,TRUE,NA
ACYP2,0,0,25.23970856209514,Complete,TRUE,NA
HSP90B1,0,0,24.470276099362803,Complete,TRUE,NA
MYL6B,0,0,23.309207387104227,Complete,TRUE,NA
SLC2A4,39,62.903225806451616,17.57146768374731,MNAR,FALSE,9.995002498750624e-4
IDE,8,12.903225806451612,18.37898575649739,MNAR,TRUE,0.06296851574212893
COX6B1,0,0,25.33418051058513,Complete,TRUE,NA
HNRNPL,1,1.6129032258064515,17.40380334344965,MNAR,TRUE,1
DARS1,0,0,20.94813460660993,Complete,TRUE,NA
JUP,25,40.32258064516129,19.60057785134049,MNAR,TRUE,0.001999000499750125
UQCRB,0,0,25.90417835827719,Complete,TRUE,NA
CPA3,15,24.193548387096776,19.871288601386887,MNAR,TRUE,4.997501249375312e-4
FABP4,0,0,27.08819566353498,Complete,TRUE,NA
GLUL,26,41.935483870967744,15.51910551919702,MNAR,TRUE,4.997501249375312e-4
AKR1B1,0,0,27.063125325313173,Complete,TRUE,NA
GSPT1,6,9.67741935483871,18.371157575165537,MNAR,TRUE,0.5062468765617192
PGAM2,0,0,29.070950881718808,Complete,TRUE,NA
EZR,2,3.225806451612903,20.70349200448106,MNAR,TRUE,0.8585707146426786
UCHL3,0,0,21.844293775983083,Complete,TRUE,NA
NME1,3,4.838709677419355,21.70061040141637,MNAR,TRUE,0.6056971514242878
RPS2,0,0,21.626886621163752,Complete,TRUE,NA
RPA2,32,51.61290322580645,18.021726329353665,MNAR,FALSE,0.0014992503748125937
COX7C,0,0,25.982284652119144,Complete,TRUE,NA
NQO2,1,1.6129032258064515,22.397324491071974,MNAR,TRUE,1
PFKFB1,23,37.096774193548384,22.552008891920686,MNAR,TRUE,4.997501249375312e-4
CBR1,0,0,22.877537582503184,Complete,TRUE,NA
ANK1,20,32.25806451612903,19.31953661921153,MNAR,TRUE,0.021989005497251374
ACADS,0,0,24.513089516825683,Complete,TRUE,NA
PPP3CB,0,0,21.780323989608586,Complete,TRUE,NA
ATP2A2,0,0,28.49074715611607,Complete,TRUE,NA
CD36,0,0,23.585451702115996,Complete,TRUE,NA
FAH,0,0,21.339345211953674,Complete,TRUE,NA
YBX3,0,0,22.597932130017576,Complete,TRUE,NA
TMEM11,0,0,23.015574220193262,Complete,TRUE,NA
GOT1,0,0,26.984400060453794,Complete,TRUE,NA
CKMT2,0,0,27.73604864413548,Complete,TRUE,NA
NDUFB7,0,0,22.520143039490545,Complete,TRUE,NA
PRKACA,0,0,23.629291926858276,Complete,TRUE,NA
CAPN2,0,0,22.85962706334434,Complete,TRUE,NA
DES,0,0,24.422401733923014,Complete,TRUE,NA
PFKL,0,0,26.027307513239393,Complete,TRUE,NA
LGALS3,7,11.29032258064516,20.27098235116175,MNAR,TRUE,0.1854072963518241
FLT1,5,8.064516129032258,20.983084137472794,MNAR,TRUE,0.06046976511744128
PSMC3,0,0,22.141018922625417,Complete,TRUE,NA
TCP1,0,0,21.46073982649394,Complete,TRUE,NA
RPL35A,19,30.64516129032258,20.07582353922691,MNAR,TRUE,0.33033483258370816
ARF4,1,1.6129032258064515,17.16974462037478,MNAR,TRUE,1
RPL7,0,0,22.226356630440836,Complete,TRUE,NA
VCL,0,0,24.104069978345525,Complete,TRUE,NA
RPL17,0,0,20.860384634662626,Complete,TRUE,NA
PGAM1,0,0,28.991808821212025,Complete,TRUE,NA
ATP5PF,0,0,25.088230434930047,Complete,TRUE,NA
TSPAN8,9,14.516129032258066,18.04444013587922,MNAR,TRUE,1
TNNI1,0,0,26.01037087004672,Complete,TRUE,NA
NCL,0,0,21.857692495395398,Complete,TRUE,NA
HK1,0,0,24.2029020980505,Complete,TRUE,NA
NDUFV2,0,0,25.411362020591955,Complete,TRUE,NA
SRM,29,46.774193548387096,20.36751440412498,MNAR,TRUE,0.0069965017491254375
TYMP,15,24.193548387096776,16.12919322887325,MNAR,TRUE,0.07446276861569215
ATP2B1,34,54.83870967741935,15.801548594638522,MNAR,FALSE,4.997501249375312e-4
EIF2S2,4,6.451612903225806,18.761570003900587,MNAR,TRUE,0.17041479260369816
ANXA7,0,0,27.193858740930963,Complete,TRUE,NA
TPSB2,4,6.451612903225806,21.24130059325324,MNAR,TRUE,0.31134432783608196
BTF3,10,16.129032258064516,20.132408113248346,MNAR,TRUE,0.9740129935032483
RAB6A,4,6.451612903225806,19.167030851322455,MNAR,TRUE,0.889055472263868
PVALB,34,54.83870967741935,22.50929210732782,MNAR,FALSE,0.037481259370314844
PSMB1,0,0,22.99684928697009,Complete,TRUE,NA
COX5A,0,0,26.613708260319044,Complete,TRUE,NA
CAPN3,1,1.6129032258064515,21.829313728619674,MNAR,TRUE,0.47726136931534235
CAST,0,0,21.608345321413026,Complete,TRUE,NA
NEB,0,0,24.6252830359997,Complete,TRUE,NA
PTMS,14,22.58064516129032,20.627480690456853,MNAR,TRUE,0.12043978010994502
GSTM3,0,0,25.40594137758828,Complete,TRUE,NA
ATP6V1B2,0,0,19.677210166680013,Complete,TRUE,NA
CSRP1,0,0,23.599690280570268,Complete,TRUE,NA
FLNA,0,0,26.182827747821428,Complete,TRUE,NA
MAOA,0,0,22.377918316017247,Complete,TRUE,NA
ACO1,0,0,21.656006044473678,Complete,TRUE,NA
GPD1,0,0,26.686180856253227,Complete,TRUE,NA
VDAC1,0,0,27.468322505319314,Complete,TRUE,NA
BGN,5,8.064516129032258,19.521662974176355,MNAR,TRUE,0.7371314342828585
RYR1,0,0,24.38194950797229,Complete,TRUE,NA
SDHB,0,0,25.19092088957519,Complete,TRUE,NA
COMT,0,0,20.638284413585833,Complete,TRUE,NA
TGM2,13,20.967741935483872,18.098744996270803,MNAR,TRUE,9.995002498750624e-4
MMUT,5,8.064516129032258,17.921497885475546,MNAR,TRUE,0.16241879060469766
OSBP,3,4.838709677419355,18.664722961904754,MNAR,TRUE,0.6181909045477262
PCMT1,0,0,23.933609583520372,Complete,TRUE,NA
GART,3,4.838709677419355,19.513941759181346,MNAR,TRUE,0.6091954022988506
PAICS,0,0,19.41719697070577,Complete,TRUE,NA
SCP2,8,12.903225806451612,17.91712500562356,MNAR,TRUE,0.8420789605197402
UBA1,0,0,23.798404750325794,Complete,TRUE,NA
GPX3,0,0,19.428708615105602,Complete,TRUE,NA
NME2,0,0,24.692024049439688,Complete,TRUE,NA
FDXR,39,62.903225806451616,18.016132863057727,MNAR,FALSE,4.997501249375312e-4
HNRNPA2B1,0,0,20.72469032826168,Complete,TRUE,NA
UQCRC2,0,0,27.259963603238106,Complete,TRUE,NA
FECH,0,0,21.813738728421193,Complete,TRUE,NA
AMPD1,2,3.225806451612903,24.62135833249273,MNAR,TRUE,1
FBLN1,14,22.58064516129032,17.873044529938106,MNAR,TRUE,4.997501249375312e-4
SFPQ,6,9.67741935483871,17.07609564289758,MNAR,TRUE,0.49225387306346824
PPIB,1,1.6129032258064515,19.673283513510526,MNAR,TRUE,1
S100A1,0,0,25.986869490161542,Complete,TRUE,NA
HRC,0,0,23.533039084482287,Complete,TRUE,NA
ME2,1,1.6129032258064515,20.350323188999322,MNAR,TRUE,0.4827586206896552
WARS1,0,0,22.457283153597402,Complete,TRUE,NA
RPS3,0,0,24.631895611295842,Complete,TRUE,NA
GCSH,14,22.58064516129032,20.609601869854178,MNAR,TRUE,0.04247876061969016
AHCY,0,0,23.55145297072419,Complete,TRUE,NA
CFL1,0,0,26.281468572281018,Complete,TRUE,NA
EIF4B,1,1.6129032258064515,19.878185573797367,MNAR,TRUE,1
ATP2B4,6,9.67741935483871,18.34841760394919,MNAR,TRUE,0.05147426286856572
CPT2,0,0,22.085718770092395,Complete,TRUE,NA
LAMA2,7,11.29032258064516,18.947061552359923,MNAR,TRUE,0.18040979510244878
GPT,0,0,23.02200868379862,Complete,TRUE,NA
COX7A1,0,0,26.154644467699832,Complete,TRUE,NA
COX7B,0,0,20.248206743462234,Complete,TRUE,NA
EEF1B2,0,0,22.95585954417435,Complete,TRUE,NA
ATP5PB,0,0,25.620663565425478,Complete,TRUE,NA
ACP1,0,0,22.55397740027451,Complete,TRUE,NA
ACAT1,0,0,26.21381460183249,Complete,TRUE,NA
MYL9,41,66.12903225806451,18.400354815966928,MNAR,FALSE,0.008995502248875561
AZGP1,0,0,20.352076457686003,Complete,TRUE,NA
MPST,1,1.6129032258064515,22.11098041293526,MNAR,TRUE,1
RPS12,0,0,22.123981693123763,Complete,TRUE,NA
DNAJB2,8,12.903225806451612,17.700959698958783,MNAR,TRUE,0.0239880059970015
ATP5F1A,0,0,28.05448787059075,Complete,TRUE,NA
PSMA1,0,0,23.14329082131042,Complete,TRUE,NA
PSMA2,0,0,22.052204749825698,Complete,TRUE,NA
PSMA3,0,0,23.56892458929629,Complete,TRUE,NA
PSMA4,0,0,22.99502861305837,Complete,TRUE,NA
MSN,0,0,24.14097291286292,Complete,TRUE,NA
DDX6,11,17.741935483870968,17.44699439811336,MNAR,TRUE,0.5262368815592204
U2AF2,5,8.064516129032258,17.56527291816586,MNAR,TRUE,0.15692153923038482
RPL13,0,0,20.68367638415546,Complete,TRUE,NA
IVD,0,0,20.2307065357114,Complete,TRUE,NA
S100A4,0,0,23.6338634349084,Complete,TRUE,NA
HMGB2,3,4.838709677419355,20.73752864405284,MNAR,TRUE,0.6091954022988506
TARS1,11,17.741935483870968,16.625780315034504,MNAR,TRUE,0.031484257871064465
VARS1,0,0,21.90491334544869,Complete,TRUE,NA
EEF1G,0,0,24.11557068602562,Complete,TRUE,NA
PLN,0,0,24.95530959310435,Complete,TRUE,NA
FKBP2,3,4.838709677419355,19.592012253723045,MNAR,TRUE,0.04847576211894053
STOM,3,4.838709677419355,19.42849171061978,MNAR,TRUE,0.6086956521739131
MAOB,0,0,22.993741847062,Complete,TRUE,NA
YWHAQ,0,0,21.712558827649517,Complete,TRUE,NA
MAPK3,11,17.741935483870968,17.41474536091348,MNAR,TRUE,0.025987006496751622
RPL10,0,0,21.330459113607155,Complete,TRUE,NA
RPA1,10,16.129032258064516,17.43103935482623,MNAR,TRUE,0.005997001499250375
APEX1,3,4.838709677419355,20.439601785401283,MNAR,TRUE,0.6021989005497251
CALR,0,0,21.728113856708735,Complete,TRUE,NA
MAP4,0,0,23.077486756160553,Complete,TRUE,NA
CANX,0,0,22.59865127892742,Complete,TRUE,NA
PSMA5,0,0,23.922865504427826,Complete,TRUE,NA
PSMB4,0,0,22.313588355194966,Complete,TRUE,NA
PSMB6,0,0,22.841543491905064,Complete,TRUE,NA
PSMB5,0,0,22.73816840009379,Complete,TRUE,NA
GSTM2,0,0,25.762986050789088,Complete,TRUE,NA
TMOD1,9,14.516129032258066,21.117872602041317,MNAR,TRUE,0.41629185407296354
NDUFS1,0,0,24.85360466371058,Complete,TRUE,NA
MAPK1,0,0,20.115229516118106,Complete,TRUE,NA
RBL1,26,41.935483870967744,21.38858928908368,MNAR,TRUE,0.04997501249375312
LAP3,0,0,21.579594692547857,Complete,TRUE,NA
CD38,2,3.225806451612903,19.851369027846598,MNAR,TRUE,1
TPP2,0,0,20.740732069623046,Complete,TRUE,NA
IMPA1,0,0,22.58608719642894,Complete,TRUE,NA
EPHA2,2,3.225806451612903,24.67215203263714,MNAR,TRUE,1
TKT,11,17.741935483870968,16.905776419587948,MNAR,TRUE,4.997501249375312e-4
EEF1D,0,0,23.556428079277556,Complete,TRUE,NA
MARCKS,4,6.451612903225806,19.638675194765195,MNAR,TRUE,0.1664167916041979
GNA11,23,37.096774193548384,18.006522580695698,MNAR,TRUE,0.0544727636181909
ALDH4A1,0,0,23.699310580511593,Complete,TRUE,NA
ERP29,0,0,19.491430922169528,Complete,TRUE,NA
PRDX6,0,0,27.464801481712506,Complete,TRUE,NA
BLVRB,0,0,25.719986875381398,Complete,TRUE,NA
PRDX5,0,0,25.00309511642112,Complete,TRUE,NA
DDT,2,3.225806451612903,22.592934740935373,MNAR,TRUE,0.10944527736131934
PRDX3,0,0,26.174557231090343,Complete,TRUE,NA
ATP5F1D,0,0,25.57776875046239,Complete,TRUE,NA
RPL12,0,0,20.896883078788534,Complete,TRUE,NA
ECHS1,0,0,24.54752944578812,Complete,TRUE,NA
CMPK1,1,1.6129032258064515,18.99024946287743,MNAR,TRUE,1
PEBP1,0,0,27.26623561067932,Complete,TRUE,NA
PDIA3,0,0,21.120936999747098,Complete,TRUE,NA
PPP2R1A,0,0,23.75184416202954,Complete,TRUE,NA
PPIF,0,0,22.191611782940306,Complete,TRUE,NA
NMT1,29,46.774193548387096,18.95037356123087,MNAR,TRUE,4.997501249375312e-4
ADSS2,4,6.451612903225806,22.055207893648866,MNAR,TRUE,0.32733633183408295
LRPAP1,17,27.419354838709676,18.00355990144583,MNAR,TRUE,4.997501249375312e-4
TSPO,2,3.225806451612903,20.31424083285156,MNAR,TRUE,1
ADSL,0,0,23.15238178122236,Complete,TRUE,NA
CLIP1,0,0,20.741326344914246,Complete,TRUE,NA
SRI,3,4.838709677419355,18.628121338766388,MNAR,TRUE,1
SERPINB1,0,0,21.84946975808581,Complete,TRUE,NA
ALDH1B1,2,3.225806451612903,22.308333319790158,MNAR,TRUE,1
SDHA,0,0,24.88010744251139,Complete,TRUE,NA
GDI1,0,0,21.41859015392511,Complete,TRUE,NA
MAT2A,0,0,19.918313029130953,Complete,TRUE,NA
CASQ1,0,0,29.02885894415088,Complete,TRUE,NA
DNAJA1,37,59.67741935483871,16.19286331360485,MNAR,FALSE,0.046476761619190406
AKT2,23,37.096774193548384,17.45259809157206,MNAR,TRUE,0.014492753623188406
UQCRC1,0,0,26.679606856716326,Complete,TRUE,NA
HIBADH,0,0,24.461958673481398,Complete,TRUE,NA
ATIC,0,0,22.12517389121927,Complete,TRUE,NA
HNRNPH3,5,8.064516129032258,16.524005405490307,MNAR,TRUE,0.6856571714142928
HNRNPH1,0,0,19.837629383498363,Complete,TRUE,NA
YWHAB,0,0,25.916137818581483,Complete,TRUE,NA
STIP1,0,0,23.453465275308275,Complete,TRUE,NA
S100A11,1,1.6129032258064515,18.42268801506974,MNAR,TRUE,1
PRDX2,0,0,26.87094316095475,Complete,TRUE,NA
GBP2,27,43.54838709677419,17.74654517186429,MNAR,TRUE,0.21689155422288856
ACSL1,0,0,24.962049903769273,Complete,TRUE,NA
KIF5B,0,0,22.88115220660509,Complete,TRUE,NA
MCM5,8,12.903225806451612,24.424757264824095,MNAR,TRUE,0.01699150424787606
SHMT1,2,3.225806451612903,19.40151616982576,MNAR,TRUE,1
SHMT2,14,22.58064516129032,22.287328207272235,MNAR,TRUE,0.0074962518740629685
HSPA4,0,0,20.85376590425481,Complete,TRUE,NA
MPI,0,0,22.571687300564516,Complete,TRUE,NA
GPC1,5,8.064516129032258,17.850948212222182,MNAR,TRUE,0.15142428785607195
PFN2,0,0,23.88261891359165,Complete,TRUE,NA
CTNNA1,21,33.87096774193548,15.421599689282917,MNAR,TRUE,9.995002498750624e-4
SERPINB6,0,0,21.922175710945783,Complete,TRUE,NA
RDX,0,0,22.064623073642366,Complete,TRUE,NA
RPA3,12,19.35483870967742,18.0417546941962,MNAR,TRUE,0.7361319340329835
RPL22,0,0,22.24052374656813,Complete,TRUE,NA
SPR,3,4.838709677419355,20.98934186569334,MNAR,TRUE,0.6071964017991005
THBS4,21,33.87096774193548,17.97027772060152,MNAR,TRUE,0.06596701649175413
FBN1,3,4.838709677419355,20.950733898188304,MNAR,TRUE,0.6081959020489756
AGL,0,0,25.89929313425342,Complete,TRUE,NA
MYH9,0,0,24.174302878040614,Complete,TRUE,NA
COPB2,26,41.935483870967744,16.005427306581428,MNAR,TRUE,0.051974012993503245
ACTN2,0,0,25.130992571500684,Complete,TRUE,NA
ADD1,20,32.25806451612903,17.11334055704695,MNAR,TRUE,4.997501249375312e-4
BSG,0,0,23.136103831320188,Complete,TRUE,NA
FUS,1,1.6129032258064515,19.676647249990342,MNAR,TRUE,1
DEK,26,41.935483870967744,19.718698071420086,MNAR,TRUE,4.997501249375312e-4
MYH11,15,24.193548387096776,19.517237042932212,MNAR,TRUE,0.021989005497251374
GLRX,1,1.6129032258064515,22.212678966833796,MNAR,TRUE,0.4802598700649675
PPM1A,1,1.6129032258064515,19.643887552909494,MNAR,TRUE,1
KRT2,0,0,23.40005235598263,Complete,TRUE,NA
HMGCL,3,4.838709677419355,21.41627080255819,MNAR,TRUE,0.6041979010494752
PSMC2,0,0,22.576765626924647,Complete,TRUE,NA
ARL3,25,40.32258064516129,17.330325246944902,MNAR,TRUE,9.995002498750624e-4
MAP2K2,4,6.451612903225806,18.221210882659783,MNAR,TRUE,0.2988505747126437
ATP5F1C,0,0,26.238193203719145,Complete,TRUE,NA
ATP6V1E1,9,14.516129032258066,19.408695708310972,MNAR,TRUE,0.0544727636181909
RPL4,2,3.225806451612903,20.296581374887054,MNAR,TRUE,0.25337331334332835
LONP1,0,0,21.24084438427743,Complete,TRUE,NA
PGM1,0,0,27.574311260504377,Complete,TRUE,NA
PPP1CC,32,51.61290322580645,15.685023859978331,MNAR,FALSE,9.995002498750624e-4
SERPINF1,2,3.225806451612903,19.376808027722557,MNAR,TRUE,0.23438280859570215
DLST,0,0,24.87642235592515,Complete,TRUE,NA
GMPR,0,0,20.38823037897442,Complete,TRUE,NA
GPX4,0,0,21.709965005268607,Complete,TRUE,NA
SRP14,4,6.451612903225806,19.03595766419534,MNAR,TRUE,0.8985507246376812
TAGLN2,0,0,19.965467385771696,Complete,TRUE,NA
TALDO1,0,0,22.131221717876908,Complete,TRUE,NA
SNCA,34,54.83870967741935,18.87692482553195,MNAR,FALSE,0.03398300849575212
ETFB,0,0,24.153986758322212,Complete,TRUE,NA
ATP6V1A,1,1.6129032258064515,20.344880743032142,MNAR,TRUE,1
HSPA9,0,0,24.324669863683166,Complete,TRUE,NA
RPS19,0,0,21.504402336043626,Complete,TRUE,NA
RPL3,15,24.193548387096776,18.10447344679466,MNAR,TRUE,0.5892053973013494
COL15A1,13,20.967741935483872,17.017909723727314,MNAR,TRUE,0.3798100949525237
COL18A1,23,37.096774193548384,15.924684310387029,MNAR,TRUE,4.997501249375312e-4
DDOST,3,4.838709677419355,21.464719110072764,MNAR,TRUE,1
ANP32A,1,1.6129032258064515,21.611038155651972,MNAR,TRUE,1
CAPG,35,56.451612903225815,15.449494561384007,MNAR,FALSE,0.010994502748625687
CAP2,0,0,23.635814995897096,Complete,TRUE,NA
CCT6A,0,0,24.85171782162576,Complete,TRUE,NA
RPL13A,1,1.6129032258064515,23.616994338186007,MNAR,TRUE,1
STAT3,4,6.451612903225806,17.92470255756197,MNAR,TRUE,0.013493253373313344
MDH1,0,0,28.358734162198314,Complete,TRUE,NA
MDH2,0,0,27.698564922737337,Complete,TRUE,NA
HADHA,0,0,26.08670317196947,Complete,TRUE,NA
EIF2S3,0,0,19.525639579624734,Complete,TRUE,NA
NAA10,18,29.03225806451613,16.716711695584717,MNAR,TRUE,4.997501249375312e-4
PPP1R2,0,0,21.11812898666726,Complete,TRUE,NA
GARS1,2,3.225806451612903,19.56480661361213,MNAR,TRUE,0.24287856071964017
IARS1,8,12.903225806451612,17.223143717056157,MNAR,TRUE,0.05147426286856572
EIF1,2,3.225806451612903,20.8011623969352,MNAR,TRUE,0.24387806096951525
ECI1,0,0,24.55534535052972,Complete,TRUE,NA
TMPO,32,51.61290322580645,15.596086045772275,MNAR,FALSE,4.997501249375312e-4
AKR1C3,0,0,21.348361789224576,Complete,TRUE,NA
RPS27,0,0,21.410818962157528,Complete,TRUE,NA
LRPPRC,0,0,22.695520546492148,Complete,TRUE,NA
ACAA2,0,0,24.40494794635071,Complete,TRUE,NA
RPL35,1,1.6129032258064515,20.803924444237555,MNAR,TRUE,1
SLC1A4,24,38.70967741935484,18.333855338039633,MNAR,TRUE,0.29035482258870565
PAFAH1B1,0,0,21.361928588130166,Complete,TRUE,NA
CRAT,0,0,25.44242224177667,Complete,TRUE,NA
GPD2,0,0,22.134381623540968,Complete,TRUE,NA
NAMPT,0,0,21.128788603460166,Complete,TRUE,NA
PSMC4,0,0,21.05615238467809,Complete,TRUE,NA
TSFM,2,3.225806451612903,17.70264275881623,MNAR,TRUE,1
TNNT3,0,0,27.219410335869824,Complete,TRUE,NA
ASPA,16,25.806451612903224,18.81299029723129,MNAR,TRUE,0.009995002498750625
PPIC,23,37.096774193548384,16.58987413657177,MNAR,TRUE,0.23738130934532733
VDAC2,0,0,25.65161789590679,Complete,TRUE,NA
ACADSB,2,3.225806451612903,22.17626573738606,MNAR,TRUE,1
USP5,0,0,21.25718990476849,Complete,TRUE,NA
MAP2K4,8,12.903225806451612,17.989526855251444,MNAR,TRUE,0.013993003498250875
PHKA2,0,0,22.09832394836085,Complete,TRUE,NA
PHKA1,0,0,23.034656444026012,Complete,TRUE,NA
CRKL,0,0,20.82885975465975,Complete,TRUE,NA
MTIF2,34,54.83870967741935,20.615316096652656,MNAR,FALSE,0.001999000499750125
BAG6,27,43.54838709677419,16.08271222073509,MNAR,TRUE,4.997501249375312e-4
NSF,1,1.6129032258064515,20.368110226972085,MNAR,TRUE,1
MAP2K3,0,0,21.062681840840742,Complete,TRUE,NA
RPL27A,2,3.225806451612903,21.327391945242294,MNAR,TRUE,0.10744627686156921
RPL5,0,0,20.65442267878053,Complete,TRUE,NA
RPL28,0,0,19.87383197218537,Complete,TRUE,NA
RPS9,0,0,22.039196789402833,Complete,TRUE,NA
RPS5,0,0,21.48065215254488,Complete,TRUE,NA
RPS10,0,0,21.758342315845894,Complete,TRUE,NA
GNPDA1,1,1.6129032258064515,22.1125820331683,MNAR,TRUE,1
UTRN,1,1.6129032258064515,20.534200823542257,MNAR,TRUE,1
IQGAP1,17,27.419354838709676,17.37481487458418,MNAR,TRUE,4.997501249375312e-4
GYG1,0,0,25.92349615627852,Complete,TRUE,NA
STT3A,6,9.67741935483871,16.26223783841109,MNAR,TRUE,0.049475262368815595
CAPZA2,0,0,21.81468868956374,Complete,TRUE,NA
CAPZB,0,0,22.2990936213808,Complete,TRUE,NA
EIF1AX,0,0,18.67860039109993,Complete,TRUE,NA
QARS1,0,0,20.258721846796305,Complete,TRUE,NA
RPL29,0,0,19.927532308509765,Complete,TRUE,NA
UQCRFS1,0,0,25.64018846468572,Complete,TRUE,NA
ATP5PO,0,0,26.321144246530448,Complete,TRUE,NA
LIMS1,10,16.129032258064516,19.21640809189974,MNAR,TRUE,0.043478260869565216
PREP,0,0,23.6478254784669,Complete,TRUE,NA
ME1,0,0,21.570592955322763,Complete,TRUE,NA
PIP4K2A,19,30.64516129032258,17.52950860615113,MNAR,TRUE,4.997501249375312e-4
ARCN1,7,11.29032258064516,16.67772687930068,MNAR,TRUE,0.008995502248875561
LSS,6,9.67741935483871,19.61371631105666,MNAR,TRUE,0.07596201899050475
GCLM,5,8.064516129032258,17.2170605185952,MNAR,TRUE,0.14592703648175911
CD151,8,12.903225806451612,17.02091466064858,MNAR,TRUE,0.23088455772113944
PSMD8,1,1.6129032258064515,22.214887217539676,MNAR,TRUE,1
GSS,0,0,20.555234948848284,Complete,TRUE,NA
CCT5,0,0,22.128333160330428,Complete,TRUE,NA
NES,36,58.06451612903226,20.098938322211083,MNAR,FALSE,0.001999000499750125
IDH2,0,0,27.90675527362889,Complete,TRUE,NA
TNNI2,0,0,26.64163711287841,Complete,TRUE,NA
PXN,22,35.483870967741936,14.495263095644546,MNAR,TRUE,4.997501249375312e-4
ALDH9A1,0,0,23.81424702066718,Complete,TRUE,NA
RPL34,10,16.129032258064516,17.29082755570615,MNAR,TRUE,0.2893553223388306
LMAN1,2,3.225806451612903,18.706206346772294,MNAR,TRUE,0.8680659670164917
FNTA,6,9.67741935483871,17.251284706634642,MNAR,TRUE,0.0079960019990005
CCT3,0,0,22.34958585888323,Complete,TRUE,NA
MRPL19,23,37.096774193548384,18.07120984100344,MNAR,TRUE,0.026986506746626688
TUFM,0,0,24.222241126049195,Complete,TRUE,NA
ALDH7A1,2,3.225806451612903,17.952828245106783,MNAR,TRUE,1
CDC34,1,1.6129032258064515,24.048576337011685,MNAR,TRUE,1
PCYT1A,8,12.903225806451612,17.147203539396003,MNAR,TRUE,0.01649175412293853
AARS1,0,0,19.468479358300133,Complete,TRUE,NA
CARS1,18,29.03225806451613,18.00987042068906,MNAR,TRUE,0.7451274362818591
SARS1,6,9.67741935483871,17.734149082192626,MNAR,TRUE,0.48825587206396803
PSMB3,0,0,21.682506312928677,Complete,TRUE,NA
PSMB2,0,0,22.99899327201674,Complete,TRUE,NA
ACADVL,0,0,25.696254562367354,Complete,TRUE,NA
ACOT2,0,0,24.1736493713993,Complete,TRUE,NA
TMED10,13,20.967741935483872,20.465449481581715,MNAR,TRUE,0.0704647676161919
HINT1,0,0,25.445059931767876,Complete,TRUE,NA
NDUFV1,0,0,24.4839932632281,Complete,TRUE,NA
GSK3A,10,16.129032258064516,16.134862294995,MNAR,TRUE,0.0079960019990005
GSK3B,6,9.67741935483871,17.32866917944927,MNAR,TRUE,0.05147426286856572
IDH3A,0,0,24.347278294989515,Complete,TRUE,NA
SULT1A1,7,11.29032258064516,16.93338119369891,MNAR,TRUE,0.01199400299850075
GDI2,0,0,23.615574378981954,Complete,TRUE,NA
EMD,5,8.064516129032258,17.949069816793052,MNAR,TRUE,0.13943028485757122
CPT1A,10,16.129032258064516,18.805597915443748,MNAR,TRUE,0.12493753123438281
SERPINH1,39,62.903225806451616,20.260625180925764,MNAR,FALSE,0.01199400299850075
CSRP3,0,0,27.414109656819225,Complete,TRUE,NA
ST13,0,0,24.258124014443506,Complete,TRUE,NA
DNM2,0,0,20.11421129890157,Complete,TRUE,NA
METAP2,6,9.67741935483871,18.84916248616611,MNAR,TRUE,0.044977511244377814
NUDT2,30,48.38709677419355,19.718562167414916,MNAR,TRUE,0.56071964017991
LRBA,12,19.35483870967742,20.920055733565135,MNAR,TRUE,0.25687156421789104
BCAM,3,4.838709677419355,16.171807183661873,MNAR,TRUE,0.6086956521739131
RPL14,10,16.129032258064516,20.604540235794918,MNAR,TRUE,1
CCT8,0,0,22.64116270768258,Complete,TRUE,NA
CCT4,0,0,22.12586347145511,Complete,TRUE,NA
ATP1A2,0,0,23.41856881546422,Complete,TRUE,NA
ANXA11,0,0,23.510306334448956,Complete,TRUE,NA
FXR1,3,4.838709677419355,20.265907366294023,MNAR,TRUE,0.5902048975512244
RAB5C,0,0,21.938271798054977,Complete,TRUE,NA
RAB7A,0,0,23.217760588317116,Complete,TRUE,NA
DUSP3,0,0,24.506131726470258,Complete,TRUE,NA
IDH3G,0,0,22.310784560184292,Complete,TRUE,NA
GALK1,8,12.903225806451612,20.169573355093824,MNAR,TRUE,0.00399800099950025
SSR4,30,48.38709677419355,13.063858135561562,MNAR,TRUE,4.997501249375312e-4
BCAP31,0,0,21.896531226132232,Complete,TRUE,NA
MECP2,19,30.64516129032258,16.233102096290335,MNAR,TRUE,4.997501249375312e-4
CAV2,39,62.903225806451616,15.975893884469768,MNAR,FALSE,9.995002498750624e-4
ALDH3A2,0,0,20.453434476872154,Complete,TRUE,NA
ALDH5A1,0,0,22.874096506598327,Complete,TRUE,NA
HSD17B4,0,0,17.991561101402528,Complete,TRUE,NA
PSMD7,0,0,20.21700699012216,Complete,TRUE,NA
UBE2D1,0,0,21.918008323753803,Complete,TRUE,NA
SUOX,0,0,20.56441992234788,Complete,TRUE,NA
STAT5B,2,3.225806451612903,19.013379766924018,MNAR,TRUE,1
RPS6KA3,0,0,20.686799163606217,Complete,TRUE,NA
HDGF,0,0,21.169016416435696,Complete,TRUE,NA
LUM,0,0,23.37118673524364,Complete,TRUE,NA
PRELP,4,6.451612903225806,19.494389659912706,MNAR,TRUE,0.28585707146426786
NDUFA8,0,0,24.245557552006364,Complete,TRUE,NA
HNRNPA3,13,20.967741935483872,17.438947238993904,MNAR,TRUE,9.995002498750624e-4
MYOM1,0,0,24.760084324111457,Complete,TRUE,NA
PGD,0,0,21.268908408842428,Complete,TRUE,NA
HNRNPM,17,27.419354838709676,18.30385224952442,MNAR,TRUE,4.997501249375312e-4
KPNA1,2,3.225806451612903,21.272337070738004,MNAR,TRUE,1
MAP2K6,0,0,21.724620437063304,Complete,TRUE,NA
ARHGDIA,0,0,23.612287745788418,Complete,TRUE,NA
ARHGDIB,5,8.064516129032258,17.962266523254364,MNAR,TRUE,0.7406296851574213
RIDA,0,0,22.950522502464104,Complete,TRUE,NA
MRPL12,17,27.419354838709676,17.65774102074359,MNAR,TRUE,0.022488755622188907
THOP1,6,9.67741935483871,17.55660664125276,MNAR,TRUE,0.04697651174412794
AKR1C2,20,32.25806451612903,20.932261257858222,MNAR,TRUE,0.4452773613193403
CAPZA1,0,0,22.045340633062366,Complete,TRUE,NA
CRIP2,8,12.903225806451612,17.671446867720334,MNAR,TRUE,0.01699150424787606
BLVRA,0,0,20.443969056633016,Complete,TRUE,NA
PPP5C,4,6.451612903225806,20.564248711212564,MNAR,TRUE,0.31584207896051975
NUBP1,24,38.70967741935484,15.865541349152693,MNAR,TRUE,0.006496751624187906
SUCLG1,0,0,24.958154189308054,Complete,TRUE,NA
COPA,5,8.064516129032258,17.810541368244373,MNAR,TRUE,0.37231384307846077
HCCS,6,9.67741935483871,18.684647006383624,MNAR,TRUE,0.043478260869565216
MAPK12,2,3.225806451612903,21.27366241600207,MNAR,TRUE,1
SMTN,4,6.451612903225806,19.424930070057968,MNAR,TRUE,0.1729135432283858
SLC16A1,0,0,23.348875533781122,Complete,TRUE,NA
IST1,0,0,19.393319912715704,Complete,TRUE,NA
SEC24C,3,4.838709677419355,21.876171224970776,MNAR,TRUE,0.6036981509245377
SUB1,2,3.225806451612903,18.986768765669623,MNAR,TRUE,0.8640679660169915
RARS1,0,0,19.676488546505603,Complete,TRUE,NA
CACNB3,0,0,22.406677546745488,Complete,TRUE,NA
CACNA2D1,0,0,23.212791707665833,Complete,TRUE,NA
MYOM2,0,0,25.719643725973583,Complete,TRUE,NA
YARS1,5,8.064516129032258,19.274958100136583,MNAR,TRUE,0.7411294352823589
USP14,0,0,22.40573398408458,Complete,TRUE,NA
PRKAG1,0,0,21.47437325388066,Complete,TRUE,NA
PRKAA2,0,0,20.724781395774635,Complete,TRUE,NA
HSPA2,0,0,24.30301805198544,Complete,TRUE,NA
RAD23A,0,0,21.896873049471015,Complete,TRUE,NA
RAD23B,0,0,22.19519217352542,Complete,TRUE,NA
AK2,0,0,23.285125305471322,Complete,TRUE,NA
NAPA,0,0,23.46348964704057,Complete,TRUE,NA
EIF5,0,0,21.609342103081158,Complete,TRUE,NA
PSMD4,0,0,22.535093577192285,Complete,TRUE,NA
DRG2,36,58.06451612903226,16.939601076354606,MNAR,FALSE,0.05697151424287856
RRAD,29,46.774193548387096,18.90235289241527,MNAR,TRUE,0.1839080459770115
CSE1L,0,0,22.142443155267326,Complete,TRUE,NA
VCP,0,0,23.26476606344883,Complete,TRUE,NA
HADHB,0,0,26.00193214278044,Complete,TRUE,NA
NAP1L1,2,3.225806451612903,21.436665857416838,MNAR,TRUE,0.223888055972014
ADK,4,6.451612903225806,19.86673584833579,MNAR,TRUE,0.1374312843578211
LAMB2,8,12.903225806451612,19.762946909076533,MNAR,TRUE,0.005997001499250375
CDH13,0,0,21.860755453203453,Complete,TRUE,NA
SEC13,8,12.903225806451612,17.830707524542046,MNAR,TRUE,0.02048975512243878
SNU13,5,8.064516129032258,17.593449516917858,MNAR,TRUE,0.1664167916041979
NPEPPS,0,0,24.82313358321041,Complete,TRUE,NA
HNRNPH2,37,59.67741935483871,19.072771345625807,MNAR,FALSE,0.0074962518740629685
OXCT1,24,38.70967741935484,18.083075629947874,MNAR,TRUE,4.997501249375312e-4
SH3BGR,0,0,24.11213284914236,Complete,TRUE,NA
EIF3B,0,0,18.867965541501896,Complete,TRUE,NA
ATP5MF,0,0,25.5369059689458,Complete,TRUE,NA
NDUFV3,0,0,21.867225978092176,Complete,TRUE,NA
MARS1,32,51.61290322580645,17.57456664564167,MNAR,FALSE,0.004497751124437781
ARPP19,6,9.67741935483871,20.173969273369444,MNAR,TRUE,0.48875562218890556
ATP5F1E,0,0,24.179053453829045,Complete,TRUE,NA
ATP5ME,0,0,25.18762727199297,Complete,TRUE,NA
EIF6,2,3.225806451612903,20.6841967264041,MNAR,TRUE,0.2448775612193903
NDUFA6,0,0,23.703505793630796,Complete,TRUE,NA
SYNJ2BP,0,0,20.746436177143956,Complete,TRUE,NA
EEFSEC,27,43.54838709677419,16.11510656445548,MNAR,TRUE,0.009495252373813094
MTPN,0,0,21.088384867732564,Complete,TRUE,NA
DEFA3,0,0,22.08161238229232,Complete,TRUE,NA
ARPC4,6,9.67741935483871,19.025929774436577,MNAR,TRUE,0.15242378810594703
CD81,20,32.25806451612903,17.494838969417327,MNAR,TRUE,0.04147926036981509
TPI1,0,0,29.328675645797517,Complete,TRUE,NA
EIF3E,1,1.6129032258064515,19.32909569153551,MNAR,TRUE,1
SEC61B,32,51.61290322580645,16.18900733153025,MNAR,FALSE,0.017491254372813594
GABARAPL2,16,25.806451612903224,18.806662399420816,MNAR,TRUE,0.84007996001999
ROMO1,0,0,18.88957549528386,Complete,TRUE,NA
MYL6,0,0,28.793396959825454,Complete,TRUE,NA
ACTB,0,0,30.898045022096156,Complete,TRUE,NA
EIF4A1,0,0,22.853613265563432,Complete,TRUE,NA
RPS20,0,0,22.574103217645128,Complete,TRUE,NA
PRPS1,0,0,22.08342333014921,Complete,TRUE,NA
PSMA6,0,0,23.759051118476695,Complete,TRUE,NA
S100A10,0,0,22.012581441816753,Complete,TRUE,NA
CDC42,1,1.6129032258064515,22.275204745170797,MNAR,TRUE,1
DSTN,2,3.225806451612903,21.668895549496007,MNAR,TRUE,1
RAB2A,0,0,21.19777319759723,Complete,TRUE,NA
RAB5B,2,3.225806451612903,20.242951494701963,MNAR,TRUE,1
RAB10,0,0,22.245901660956658,Complete,TRUE,NA
UBE2D3,0,0,23.41790511166736,Complete,TRUE,NA
UBE2M,0,0,21.65512246702393,Complete,TRUE,NA
UBE2K,3,4.838709677419355,18.95160009343711,MNAR,TRUE,0.5992003998001
UBE2N,0,0,23.926742154081737,Complete,TRUE,NA
RAB14,2,3.225806451612903,19.67180919491462,MNAR,TRUE,1
ACTR3,0,0,19.23233079701113,Complete,TRUE,NA
ACTR2,0,0,19.098984260006812,Complete,TRUE,NA
ACTR1A,0,0,22.142751102351298,Complete,TRUE,NA
COPS2,0,0,22.54811948668666,Complete,TRUE,NA
ABCE1,0,0,19.142996882016668,Complete,TRUE,NA
RAP1B,0,0,23.117495178208948,Complete,TRUE,NA
RPS3A,0,0,22.494380165369964,Complete,TRUE,NA
RPL26,0,0,20.85782000592503,Complete,TRUE,NA
RPL15,4,6.451612903225806,21.879366526677224,MNAR,TRUE,0.5907046476761619
PCBD1,0,0,22.864548123005655,Complete,TRUE,NA
RPL37A,11,17.741935483870968,18.40613780861936,MNAR,TRUE,0.8370814592703648
RHOA,0,0,23.263511420767642,Complete,TRUE,NA
HSPE1,0,0,24.63567645861293,Complete,TRUE,NA
SEC61A1,36,58.06451612903226,16.932141296324048,MNAR,FALSE,0.013493253373313344
VBP1,0,0,23.249461866540358,Complete,TRUE,NA
B2M,7,11.29032258064516,21.217907236995902,MNAR,TRUE,0.04297851074462768
DAD1,37,59.67741935483871,16.142201313685703,MNAR,FALSE,4.997501249375312e-4
NPC2,30,48.38709677419355,14.562200033909681,MNAR,TRUE,4.997501249375312e-4
PKIA,0,0,21.161718854825704,Complete,TRUE,NA
SUMO2,3,4.838709677419355,18.636975336769382,MNAR,TRUE,0.6011994002998501
UFM1,20,32.25806451612903,18.815820851639085,MNAR,TRUE,0.5892053973013494
NUTF2,0,0,24.36314766665981,Complete,TRUE,NA
HNRNPK,0,0,21.883401617951183,Complete,TRUE,NA
YWHAG,0,0,25.541669214739,Complete,TRUE,NA
RRAS2,2,3.225806451612903,19.706515275876672,MNAR,TRUE,1
TIMM10,0,0,20.00487192097714,Complete,TRUE,NA
RPS7,1,1.6129032258064515,20.444988432605868,MNAR,TRUE,1
PPP1CA,0,0,22.54957059841656,Complete,TRUE,NA
PPP1CB,0,0,22.74348877949534,Complete,TRUE,NA
PSMC1,0,0,21.395281729192426,Complete,TRUE,NA
PSMC5,0,0,20.79615621104712,Complete,TRUE,NA
RPS8,0,0,20.899001259133748,Complete,TRUE,NA
RPS15A,1,1.6129032258064515,22.25252940641878,MNAR,TRUE,0.47476261869065467
RPS16,0,0,23.345494691708485,Complete,TRUE,NA
UBE2G1,32,51.61290322580645,14.95808084340887,MNAR,FALSE,0.01249375312343828
YWHAE,0,0,26.923850000005274,Complete,TRUE,NA
RPS14,0,0,21.175916023141667,Complete,TRUE,NA
RPS23,1,1.6129032258064515,18.75828892622045,MNAR,TRUE,1
RPS18,0,0,22.07721724099686,Complete,TRUE,NA
RPS13,0,0,22.394149619594955,Complete,TRUE,NA
RPS11,1,1.6129032258064515,22.82946808054299,MNAR,TRUE,1
SNRPD2,13,20.967741935483872,17.943120015435404,MNAR,TRUE,0.0069965017491254375
SNRPD3,1,1.6129032258064515,20.18083136734138,MNAR,TRUE,1
TMSB4X,1,1.6129032258064515,19.759545330336174,MNAR,TRUE,1
PSMC6,0,0,22.426298523037183,Complete,TRUE,NA
RPL7A,4,6.451612903225806,19.954062562449973,MNAR,TRUE,0.4942528735632184
ETF1,3,4.838709677419355,18.177142852011254,MNAR,TRUE,0.05647176411794103
CNBP,0,0,21.098508347666392,Complete,TRUE,NA
RPS4X,0,0,21.681166071779618,Complete,TRUE,NA
RPL23A,0,0,21.799675597904688,Complete,TRUE,NA
RPS6,2,3.225806451612903,20.229588243393987,MNAR,TRUE,1
H2BC4,0,0,25.889533464340303,Complete,TRUE,NA
RAB1A,3,4.838709677419355,18.29819432004612,MNAR,TRUE,0.5997001499250375
RAN,0,0,24.017121684288032,Complete,TRUE,NA
RPL23,1,1.6129032258064515,21.22581067899524,MNAR,TRUE,0.49225387306346824
RAP1A,34,54.83870967741935,14.615610934527995,MNAR,FALSE,0.017991004497751123
RPS15,0,0,21.834083253682095,Complete,TRUE,NA
RPS24,5,8.064516129032258,20.577991216126364,MNAR,TRUE,1
RPS25,0,0,22.88830131003691,Complete,TRUE,NA
RPS26,0,0,20.397725152158074,Complete,TRUE,NA
RPS28,0,0,21.19136488833869,Complete,TRUE,NA
GNB1,0,0,22.44894677358628,Complete,TRUE,NA
GNB2,0,0,19.85228908524636,Complete,TRUE,NA
RPL30,0,0,20.090256041034603,Complete,TRUE,NA
RPL31,0,0,20.62028985521177,Complete,TRUE,NA
RPL10A,0,0,21.409139368782764,Complete,TRUE,NA
RPL32,17,27.419354838709676,18.188796210446437,MNAR,TRUE,1
RPL11,7,11.29032258064516,19.042367481019276,MNAR,TRUE,0.23888055972013994
RPL8,2,3.225806451612903,21.21259888109483,MNAR,TRUE,0.2303848075962019
PPIA,0,0,25.51860423807078,Complete,TRUE,NA
FKBP1A,0,0,22.017810941596835,Complete,TRUE,NA
RPS27A,0,0,26.387715201310154,Complete,TRUE,NA
GRB2,0,0,20.40262912324896,Complete,TRUE,NA
RAC1,0,0,22.36759315335735,Complete,TRUE,NA
AP2B1,5,8.064516129032258,19.43082398633342,MNAR,TRUE,0.0014992503748125937
VAMP2,38,61.29032258064516,17.623992106954528,MNAR,FALSE,0.025987006496751622
PPP3R1,1,1.6129032258064515,21.595829169784473,MNAR,TRUE,1
YWHAZ,0,0,22.389648499587715,Complete,TRUE,NA
UBE2B,17,27.419354838709676,18.70779728679334,MNAR,TRUE,0.014492753623188406
PPP2R2A,0,0,21.673557987017794,Complete,TRUE,NA
DYNLL1,1,1.6129032258064515,22.409428506271155,MNAR,TRUE,1
DYNLT1,5,8.064516129032258,21.64076509381884,MNAR,TRUE,0.15642178910544727
RPL38,12,19.35483870967742,20.732365122568886,MNAR,TRUE,0.49825087456271866
SKP1,0,0,22.267920149493428,Complete,TRUE,NA
RPS21,0,0,23.057594001092486,Complete,TRUE,NA
EIF5A,0,0,25.075082733340665,Complete,TRUE,NA
RACK1,0,0,21.815225168001245,Complete,TRUE,NA
UBE2I,1,1.6129032258064515,20.415479656686074,MNAR,TRUE,1
SELENOW,7,11.29032258064516,18.93976321736104,MNAR,TRUE,0.19790104947526238
TNNC1,0,0,26.169872344664356,Complete,TRUE,NA
PPP2CA,0,0,22.62184786770816,Complete,TRUE,NA
YBX1,0,0,22.706330251221797,Complete,TRUE,NA
CSNK2B,1,1.6129032258064515,19.089717816350056,MNAR,TRUE,1
TPM4,6,9.67741935483871,18.165930033253453,MNAR,TRUE,0.05347326336831584
UBE2L3,0,0,22.314686079999806,Complete,TRUE,NA
EEF1A1,0,0,28.01356536927241,Complete,TRUE,NA
ACTA1,0,0,31.329739122888295,Complete,TRUE,NA
TUBA1B,0,0,25.747874835796996,Complete,TRUE,NA
TUBA4A,0,0,25.220468751928237,Complete,TRUE,NA
TUBB4B,0,0,25.488473954811745,Complete,TRUE,NA
CSNK2A1,0,0,19.522766693200314,Complete,TRUE,NA
PAFAH1B2,22,35.483870967741936,19.438364830902206,MNAR,TRUE,4.997501249375312e-4
HBB,0,0,32.24115490624523,Complete,TRUE,NA
HBA1,0,0,31.76829373351114,Complete,TRUE,NA
EIF4G2,8,12.903225806451612,18.23378426742704,MNAR,TRUE,0.9565217391304348
PIP4K2B,6,9.67741935483871,16.417359159871804,MNAR,TRUE,0.06996501749125437
CCT2,0,0,24.899363145953256,Complete,TRUE,NA
GSTO1,0,0,24.049988354997684,Complete,TRUE,NA
PRKDC,9,14.516129032258066,18.591067284469084,MNAR,TRUE,0.005497251374312844
DCD,0,0,22.854084282363278,Complete,TRUE,NA
MRPS25,8,12.903225806451612,18.08452570058148,MNAR,TRUE,0.05897051474262868
MRPS5,18,29.03225806451613,17.220952055868164,MNAR,TRUE,9.995002498750624e-4
MRPS36,4,6.451612903225806,22.22579061584111,MNAR,TRUE,0.3118440779610195
MRPS15,24,38.70967741935484,17.170074592062413,MNAR,TRUE,0.6966516741629185
MRPS21,16,25.806451612903224,15.300083245428375,MNAR,TRUE,0.09495252373813093
SARNP,21,33.87096774193548,15.868060148960067,MNAR,TRUE,4.997501249375312e-4
LACTB,0,0,21.59029452373377,Complete,TRUE,NA
RPL24,2,3.225806451612903,19.675728478540247,MNAR,TRUE,0.8700649675162418
ARF1,1,1.6129032258064515,22.185754093625224,MNAR,TRUE,1
ARF5,7,11.29032258064516,18.604921275321153,MNAR,TRUE,0.018490754622688656
ERH,22,35.483870967741936,16.573608931202497,MNAR,TRUE,4.997501249375312e-4
RHOG,29,46.774193548387096,14.350033922775793,MNAR,TRUE,4.997501249375312e-4
RPL19,0,0,21.741104101739253,Complete,TRUE,NA
SRSF3,28,45.16129032258064,20.055772698642585,MNAR,TRUE,0.03548225887056472
MXRA7,33,53.2258064516129,15.808584786313247,MNAR,FALSE,0.07196401799100449
H3-3A,0,0,24.5178207655495,Complete,TRUE,NA
FBLN2,27,43.54838709677419,17.570965817440975,MNAR,TRUE,4.997501249375312e-4
HSPG2,0,0,21.918023454018506,Complete,TRUE,NA
RBM3,4,6.451612903225806,19.14516933091157,MNAR,TRUE,0.894552723638181
CYCS,0,0,26.724855999485705,Complete,TRUE,NA
MPP1,30,48.38709677419355,15.432614153645629,MNAR,TRUE,0.3333333333333333
TFAM,2,3.225806451612903,21.132612453401176,MNAR,TRUE,0.23488255872063968
PITPNA,23,37.096774193548384,16.80500724810321,MNAR,TRUE,4.997501249375312e-4
SLC25A3,0,0,26.206938374288928,Complete,TRUE,NA
HDLBP,31,50,15.898039216486241,MNAR,FALSE,0.001999000499750125
PURA,1,1.6129032258064515,18.333899341920553,MNAR,TRUE,1
CLTC,0,0,21.12250495244168,Complete,TRUE,NA
FKBP3,0,0,25.119227458687966,Complete,TRUE,NA
REEP5,0,0,24.50678570247388,Complete,TRUE,NA
SORD,16,25.806451612903224,17.726815967791868,MNAR,TRUE,0.031984007996002
HNRNPU,0,0,19.661731564083272,Complete,TRUE,NA
MYBPC1,0,0,27.943540539694588,Complete,TRUE,NA
PLIN5,13,20.967741935483872,17.48358135414669,MNAR,TRUE,4.997501249375312e-4
SPTBN1,0,0,20.411057669612536,Complete,TRUE,NA
TIAL1,16,25.806451612903224,20.42610296385967,MNAR,TRUE,0.01199400299850075
SET,8,12.903225806451612,19.986281137745486,MNAR,TRUE,0.3428285857071464
AMPD3,1,1.6129032258064515,24.45515910131134,MNAR,TRUE,1
FABP5,0,0,22.877509858632198,Complete,TRUE,NA
ANK2,12,19.35483870967742,22.63863578665248,MNAR,TRUE,0.06096951524237881
CAP1,1,1.6129032258064515,21.28007764257365,MNAR,TRUE,1
EWSR1,21,33.87096774193548,17.12540015847405,MNAR,TRUE,0.0074962518740629685
TAGLN,2,3.225806451612903,21.785930980349924,MNAR,TRUE,0.8630684657671165
OGDH,0,0,25.101154885665196,Complete,TRUE,NA
COX6A2,14,22.58064516129032,23.165274319497843,MNAR,TRUE,0.424287856071964
ALDH6A1,1,1.6129032258064515,19.820526042858905,MNAR,TRUE,1
BDH1,2,3.225806451612903,20.032205100421354,MNAR,TRUE,0.2303848075962019
COL7A1,7,11.29032258064516,20.126146681673447,MNAR,TRUE,0.2958520739630185
RPL18A,19,30.64516129032258,19.191887784823006,MNAR,TRUE,0.5112443778110944
CACNB1,0,0,22.695608660927864,Complete,TRUE,NA
MAP2K1,0,0,21.605150690167072,Complete,TRUE,NA
FKBP4,0,0,20.403222426109306,Complete,TRUE,NA
RPL6,0,0,20.68901002487285,Complete,TRUE,NA
AKAP12,11,17.741935483870968,16.151212565717472,MNAR,TRUE,9.995002498750624e-4
SLC25A11,0,0,24.411965338364226,Complete,TRUE,NA
CAV1,0,0,22.21705742098629,Complete,TRUE,NA
ACY1,0,0,20.81228356725484,Complete,TRUE,NA
LMNB2,4,6.451612903225806,19.957988432066077,MNAR,TRUE,0.1794102948525737
UBXN1,1,1.6129032258064515,16.31074847986116,MNAR,TRUE,1
GBE1,0,0,22.781547102723977,Complete,TRUE,NA
EIF4G1,0,0,20.840818974719042,Complete,TRUE,NA
PRKCQ,19,30.64516129032258,18.223882242634467,MNAR,TRUE,0.004997501249375313
GLO1,0,0,25.547387619557504,Complete,TRUE,NA
AKR1C1,2,3.225806451612903,22.80515822365101,MNAR,TRUE,0.8620689655172413
SSBP1,0,0,21.911853763060883,Complete,TRUE,NA
YWHAH,0,0,21.767588036299653,Complete,TRUE,NA
PLP2,29,46.774193548387096,15.891722244055714,MNAR,TRUE,0.15542228885557222
UBE3A,6,9.67741935483871,16.81285847270041,MNAR,TRUE,0.010494752623688156
SRSF11,31,50,16.67140890969618,MNAR,FALSE,4.997501249375312e-4
EEF1A2,0,0,27.133027422881703,Complete,TRUE,NA
CALD1,28,45.16129032258064,16.893281032643138,MNAR,TRUE,0.0074962518740629685
COL14A1,6,9.67741935483871,24.21296846313174,MNAR,TRUE,1
PTPN11,7,11.29032258064516,17.875459420412714,MNAR,TRUE,0.041979010494752625
PSME1,0,0,21.599951295308166,Complete,TRUE,NA
CACNG1,3,4.838709677419355,17.024110607978585,MNAR,TRUE,0.6131934032983508
ZNF33A,0,0,22.500106925905623,Complete,TRUE,NA
PRDX1,0,0,26.62921437772474,Complete,TRUE,NA
RPL18,9,14.516129032258066,20.986403288678815,MNAR,TRUE,0.3853073463268366
C1QBP,0,0,23.55790164991425,Complete,TRUE,NA
CKAP4,28,45.16129032258064,17.944195450995068,MNAR,TRUE,0.0024987506246876563
DPT,26,41.935483870967744,18.012311282291705,MNAR,TRUE,4.997501249375312e-4
KLC1,17,27.419354838709676,16.909404993264694,MNAR,TRUE,4.997501249375312e-4
SRSF1,23,37.096774193548384,18.1433311499372,MNAR,TRUE,4.997501249375312e-4
ARHGAP1,5,8.064516129032258,17.037430748592328,MNAR,TRUE,0.672663668165917
ACTN3,7,11.29032258064516,23.793426994202385,MNAR,TRUE,0.5427286356821589
PPP3CA,0,0,23.230371458584496,Complete,TRUE,NA
DHX9,6,9.67741935483871,18.825221930982867,MNAR,TRUE,0.04247876061969016
CRYZ,0,0,22.81862971720284,Complete,TRUE,NA
SLC20A2,8,12.903225806451612,21.157801716786892,MNAR,TRUE,0.063968015992004
PUDP,5,8.064516129032258,21.171496413475644,MNAR,TRUE,0.1539230384807596
CD47,1,1.6129032258064515,18.928714104560395,MNAR,TRUE,1
PPID,30,48.38709677419355,19.06432582605868,MNAR,TRUE,0.24287856071964017
AHNAK,0,0,24.8401169227516,Complete,TRUE,NA
LMOD3,24,38.70967741935484,16.227908755571672,MNAR,TRUE,0.13943028485757122
HSPA14,29,46.774193548387096,15.564041164822063,MNAR,TRUE,0.017991004497751123
SCRN3,20,32.25806451612903,18.355484398631308,MNAR,TRUE,0.23388305847076463
NEXN,3,4.838709677419355,20.691646469987212,MNAR,TRUE,0.6056971514242878
AP1B1,22,35.483870967741936,15.777841860396567,MNAR,TRUE,0.19090454772613694
BST2,9,14.516129032258066,18.702583428702265,MNAR,TRUE,0.4192903548225887
PMPCA,25,40.32258064516129,17.638592165355988,MNAR,TRUE,4.997501249375312e-4
ASPH,7,11.29032258064516,18.932071723358543,MNAR,TRUE,0.8140929535232384
EFEMP1,36,58.06451612903226,17.57407117233296,MNAR,FALSE,0.009995002498750625
STX4,32,51.61290322580645,14.952023784082842,MNAR,FALSE,4.997501249375312e-4
GRSF1,13,20.967741935483872,19.6967067161376,MNAR,TRUE,0.6951524237881059
AIMP1,0,0,20.574128679655388,Complete,TRUE,NA
ILF3,12,19.35483870967742,19.892182103745903,MNAR,TRUE,0.1199400299850075
TRAP1,0,0,20.7973755264471,Complete,TRUE,NA
ANK3,5,8.064516129032258,16.789713232582155,MNAR,TRUE,0.04447776111944028
HSPB3,0,0,21.360332803181304,Complete,TRUE,NA
ECH1,0,0,25.202173174743553,Complete,TRUE,NA
STRN3,6,9.67741935483871,19.31533864902291,MNAR,TRUE,0.14992503748125938
COASY,13,20.967741935483872,18.804815610508705,MNAR,TRUE,0.015492253873063468
TRDN,1,1.6129032258064515,22.520117838801465,MNAR,TRUE,1
ACACA,0,0,24.186009814028477,Complete,TRUE,NA
GPS1,0,0,21.618501695886287,Complete,TRUE,NA
MTAP,7,11.29032258064516,18.235898978095303,MNAR,TRUE,0.051974012993503245
PRKAA1,0,0,20.668560475656584,Complete,TRUE,NA
TARDBP,5,8.064516129032258,20.164715436802002,MNAR,TRUE,0.16091954022988506
PAK1,41,66.12903225806451,16.011528282761756,MNAR,FALSE,0.008995502248875561
AIMP2,0,0,20.20836575546483,Complete,TRUE,NA
PRDX4,5,8.064516129032258,19.924067411958582,MNAR,TRUE,0.044977511244377814
PAK2,0,0,19.778117936805423,Complete,TRUE,NA
CBX3,26,41.935483870967744,15.865870971015378,MNAR,TRUE,9.995002498750624e-4
PSMD2,0,0,21.752499635787224,Complete,TRUE,NA
MYBPH,9,14.516129032258066,20.6080126953356,MNAR,TRUE,0.025987006496751622
SELENBP1,0,0,24.6427832519482,Complete,TRUE,NA
TRIM28,9,14.516129032258066,17.542603898059138,MNAR,TRUE,0.001999000499750125
G3BP1,15,24.193548387096776,16.299643297833963,MNAR,TRUE,0.00849575212393803
PABPC4,17,27.419354838709676,20.316882757260938,MNAR,TRUE,0.272863568215892
SGCG,0,0,22.6215603129136,Complete,TRUE,NA
EIF3I,4,6.451612903225806,19.095789288593785,MNAR,TRUE,0.3008495752123938
CTBP1,6,9.67741935483871,19.86189518982177,MNAR,TRUE,0.07646176911544228
UBE2V1,0,0,22.347149001991934,Complete,TRUE,NA
DYNC1I2,0,0,20.043801565199043,Complete,TRUE,NA
ILK,0,0,20.259320575626045,Complete,TRUE,NA
NNT,0,0,25.756093409565384,Complete,TRUE,NA
SNTA1,0,0,21.234676814450534,Complete,TRUE,NA
SNTB2,0,0,22.67544770504297,Complete,TRUE,NA
SF3B2,8,12.903225806451612,21.748669574073595,MNAR,TRUE,0.16241879060469766
PDAP1,0,0,21.832018667963982,Complete,TRUE,NA
TMED1,14,22.58064516129032,16.368334318459727,MNAR,TRUE,0.031984007996002
FKBP5,5,8.064516129032258,19.247341793204193,MNAR,TRUE,0.15542228885557222
PICALM,32,51.61290322580645,15.553747380914565,MNAR,FALSE,9.995002498750624e-4
MTM1,10,16.129032258064516,20.371443207632865,MNAR,TRUE,0.030484757621189407
SQSTM1,2,3.225806451612903,16.297865364506343,MNAR,TRUE,1
MTX1,1,1.6129032258064515,17.707273351684684,MNAR,TRUE,1
ART3,3,4.838709677419355,20.9034099414072,MNAR,TRUE,0.6131934032983508
ASAH1,4,6.451612903225806,19.8066495442786,MNAR,TRUE,0.31334332833583206
PIN1,11,17.741935483870968,20.79293051447637,MNAR,TRUE,0.049475262368815595
CAMK2B,0,0,21.81159713770828,Complete,TRUE,NA
CAMK2G,1,1.6129032258064515,21.465290743671176,MNAR,TRUE,0.46976511744127936
CAMK2D,0,0,24.146264035928052,Complete,TRUE,NA
DCTN2,0,0,21.508817347111318,Complete,TRUE,NA
NAE1,1,1.6129032258064515,17.54598788784514,MNAR,TRUE,1
STIM1,1,1.6129032258064515,19.87899096895185,MNAR,TRUE,1
CUL1,4,6.451612903225806,18.68525398617857,MNAR,TRUE,0.3183408295852074
CUL2,5,8.064516129032258,18.619894436997328,MNAR,TRUE,0.04697651174412794
CUL3,0,0,20.19433022814459,Complete,TRUE,NA
CUL4A,0,0,18.921501474914493,Complete,TRUE,NA
FHL1,0,0,30.74316020333474,Complete,TRUE,NA
FHL3,0,0,24.570427607406028,Complete,TRUE,NA
ITGA7,0,0,17.97332303488004,Complete,TRUE,NA
AAMP,23,37.096774193548384,16.862316115588,MNAR,TRUE,0.0029985007496251873
CACNA1S,0,0,19.123364714498845,Complete,TRUE,NA
MOGS,25,40.32258064516129,15.67211503370339,MNAR,TRUE,4.997501249375312e-4
SPTAN1,4,6.451612903225806,19.35125967665908,MNAR,TRUE,0.013993003498250875
AUH,0,0,20.283281914394944,Complete,TRUE,NA
DDX39B,2,3.225806451612903,20.567990312677768,MNAR,TRUE,1
BLMH,8,12.903225806451612,20.262093426512024,MNAR,TRUE,0.1539230384807596
SNTB1,1,1.6129032258064515,19.205128395179322,MNAR,TRUE,1
TUBB2A,0,0,22.967439474171556,Complete,TRUE,NA
IDI1,3,4.838709677419355,20.183206381097108,MNAR,TRUE,0.6116941529235382
PRKG1,2,3.225806451612903,18.942346356763377,MNAR,TRUE,0.23288355822088955
COX17,0,0,20.80412882390436,Complete,TRUE,NA
HNRNPD,0,0,22.458033669168895,Complete,TRUE,NA
SCARB2,8,12.903225806451612,18.305238020587645,MNAR,TRUE,0.014492753623188406
NID2,26,41.935483870967744,18.17730003610807,MNAR,TRUE,0.19540229885057472
IL18,11,17.741935483870968,17.33720120240303,MNAR,TRUE,0.0069965017491254375
DAG1,0,0,22.354941727564604,Complete,TRUE,NA
EIF3A,0,0,20.71387861430205,Complete,TRUE,NA
UBAP2L,26,41.935483870967744,16.79753245874201,MNAR,TRUE,0.18590704647676162
MLEC,0,0,20.845407116338706,Complete,TRUE,NA
DPYSL3,0,0,22.326969227708364,Complete,TRUE,NA
DCTN1,0,0,20.748296805895155,Complete,TRUE,NA
DYNC1H1,0,0,21.353978593683202,Complete,TRUE,NA
EIF2B1,18,29.03225806451613,17.81281653237044,MNAR,TRUE,4.997501249375312e-4
EIF4A2,0,0,24.10288229479296,Complete,TRUE,NA
CTTN,35,56.451612903225815,15.159072888615526,MNAR,FALSE,0.022988505747126436
ENDOG,0,0,20.066969979920355,Complete,TRUE,NA
FLOT2,14,22.58064516129032,18.06193326388222,MNAR,TRUE,0.0014992503748125937
TRIM25,20,32.25806451612903,18.158053702501125,MNAR,TRUE,0.02498750624687656
FLNC,0,0,27.54053840794988,Complete,TRUE,NA
MYBPC2,0,0,23.495041214244765,Complete,TRUE,NA
GAMT,0,0,23.72978141807219,Complete,TRUE,NA
CAPRIN1,22,35.483870967741936,15.609582031375387,MNAR,TRUE,0.18840579710144928
PRPSAP1,10,16.129032258064516,15.250253771595956,MNAR,TRUE,0.6596701649175413
ITIH4,8,12.903225806451612,20.245967506873555,MNAR,TRUE,0.0024987506246876563
CLINT1,15,24.193548387096776,16.278851646021927,MNAR,TRUE,0.28835582208895555
GANAB,0,0,19.914477446081385,Complete,TRUE,NA
SSPN,0,0,21.601725068589715,Complete,TRUE,NA
MVP,35,56.451612903225815,17.68514850578547,MNAR,FALSE,0.05147426286856572
LTBP3,7,11.29032258064516,18.945542789252027,MNAR,TRUE,0.19390304847576212
LASP1,30,48.38709677419355,17.94971819738758,MNAR,TRUE,0.16591704147926037
PTGR1,4,6.451612903225806,18.95348580992661,MNAR,TRUE,0.18840579710144928
KPNB1,0,0,22.780696352614576,Complete,TRUE,NA
NUMA1,6,9.67741935483871,20.895078126364734,MNAR,TRUE,0.9450274862568716
PSME4,22,35.483870967741936,14.892690394246719,MNAR,TRUE,0.16041979010494753
SLMAP,0,0,22.520099805152626,Complete,TRUE,NA
EMC2,5,8.064516129032258,16.331541162599258,MNAR,TRUE,0.383808095952024
PSMD6,0,0,20.70934905336941,Complete,TRUE,NA
ABRAXAS2,6,9.67741935483871,16.922919270004318,MNAR,TRUE,0.043478260869565216
SEPTIN2,1,1.6129032258064515,18.190063770933772,MNAR,TRUE,1
KARS1,0,0,21.448708297964448,Complete,TRUE,NA
EIF4H,0,0,21.545735621253943,Complete,TRUE,NA
EEA1,10,16.129032258064516,17.548633126405345,MNAR,TRUE,0.0239880059970015
PDIA6,0,0,24.20043462567047,Complete,TRUE,NA
PAFAH1B3,10,16.129032258064516,18.932589053418535,MNAR,TRUE,0.05697151424287856
PLCL1,24,38.70967741935484,15.628459494321108,MNAR,TRUE,0.01199400299850075
PDK1,8,12.903225806451612,18.49091293900064,MNAR,TRUE,0.8270864567716142
PDK2,20,32.25806451612903,18.990196240055703,MNAR,TRUE,0.0864567716141929
PEA15,37,59.67741935483871,18.670202298211667,MNAR,FALSE,0.0024987506246876563
PGM5,0,0,21.663577808803762,Complete,TRUE,NA
PLEC,0,0,23.93680803887887,Complete,TRUE,NA
PPP2R5A,25,40.32258064516129,16.79141778578315,MNAR,TRUE,0.0944527736131934
PPA1,0,0,20.32996650794799,Complete,TRUE,NA
PTGES3,0,0,21.674806296261778,Complete,TRUE,NA
STK38,24,38.70967741935484,16.627776451390947,MNAR,TRUE,0.028985507246376812
NONO,2,3.225806451612903,18.25500547109228,MNAR,TRUE,0.24387806096951525
PTPA,20,32.25806451612903,19.944142652095586,MNAR,TRUE,0.005497251374312844
RAB35,29,46.774193548387096,15.899238238115665,MNAR,TRUE,0.127936031984008
TMED2,5,8.064516129032258,19.92148759993619,MNAR,TRUE,0.057971014492753624
PCBP1,0,0,23.853262948909624,Complete,TRUE,NA
PCBP2,0,0,21.529821622408377,Complete,TRUE,NA
ELOC,0,0,21.179902119324225,Complete,TRUE,NA
ELOB,0,0,21.642791199586593,Complete,TRUE,NA
UBE3C,38,61.29032258064516,16.69698167790131,MNAR,FALSE,0.00849575212393803
DHCR24,36,58.06451612903226,16.582366820442214,MNAR,FALSE,0.0034982508745627187
RSU1,1,1.6129032258064515,20.640957822475222,MNAR,TRUE,1
PPP1R7,0,0,19.838221778557717,Complete,TRUE,NA
SEC23A,1,1.6129032258064515,18.565866799002094,MNAR,TRUE,1
MAPRE2,0,0,21.292730891837497,Complete,TRUE,NA
TGFBI,26,41.935483870967744,15.321397375191054,MNAR,TRUE,0.035982008995502246
TSN,1,1.6129032258064515,21.486674222259147,MNAR,TRUE,1
SF1,18,29.03225806451613,14.757145443923688,MNAR,TRUE,0.01649175412293853
TRIP10,1,1.6129032258064515,19.5220581703113,MNAR,TRUE,1
MAPRE1,12,19.35483870967742,18.329059943722854,MNAR,TRUE,0.014992503748125937
TSC22D1,43,69.35483870967742,15.005191541253623,MNAR,FALSE,4.997501249375312e-4
ELAVL1,38,61.29032258064516,16.79382485621694,MNAR,FALSE,0.0079960019990005
MYLK,3,4.838709677419355,22.986692350984587,MNAR,TRUE,0.6216891554222889
SPEG,2,3.225806451612903,18.733869843445365,MNAR,TRUE,0.24087956021989004
TBCE,20,32.25806451612903,15.022163664978288,MNAR,TRUE,9.995002498750624e-4
UBE2V2,0,0,23.553307024876045,Complete,TRUE,NA
NEDD8,0,0,22.342473746968405,Complete,TRUE,NA
ADIRF,42,67.74193548387096,19.3057950753216,MNAR,FALSE,4.997501249375312e-4
ADIPOQ,5,8.064516129032258,21.648095299955077,MNAR,TRUE,0.16941529235382308
RAB11B,0,0,22.615218892134095,Complete,TRUE,NA
ZYX,0,0,18.63454838176305,Complete,TRUE,NA
HSPB2,0,0,24.8723588293795,Complete,TRUE,NA
ETFDH,0,0,25.011308651980332,Complete,TRUE,NA
SEPTIN7,1,1.6129032258064515,17.886949987150345,MNAR,TRUE,1
ADRM1,2,3.225806451612903,18.05738015245588,MNAR,TRUE,0.2383808095952024
DDB1,0,0,24.139469237205176,Complete,TRUE,NA
CDC37,1,1.6129032258064515,21.215255789516387,MNAR,TRUE,1
DPYSL2,0,0,21.58110481807732,Complete,TRUE,NA
SYPL1,0,0,20.8506021435235,Complete,TRUE,NA
RBBP7,26,41.935483870967744,17.56521073415672,MNAR,TRUE,4.997501249375312e-4
SGCB,0,0,21.019342783310236,Complete,TRUE,NA
SGCA,0,0,21.409118867119822,Complete,TRUE,NA
FXN,2,3.225806451612903,20.352963571238764,MNAR,TRUE,1
FSCN1,10,16.129032258064516,17.586233480393023,MNAR,TRUE,0.044977511244377814
DECR1,0,0,25.088101004393497,Complete,TRUE,NA
NDUFA5,0,0,23.908723424824224,Complete,TRUE,NA
CLPP,20,32.25806451612903,17.771785323882956,MNAR,TRUE,0.046476761619190406
TST,0,0,21.898857684556788,Complete,TRUE,NA
KYAT1,10,16.129032258064516,17.809801669287946,MNAR,TRUE,0.028985507246376812
GUK1,30,48.38709677419355,15.096820996330418,MNAR,TRUE,4.997501249375312e-4
HAGH,0,0,24.616751305950835,Complete,TRUE,NA
NDUFA9,0,0,24.338396723106328,Complete,TRUE,NA
PHKG1,0,0,23.269753954719445,Complete,TRUE,NA
PPP1R3A,0,0,20.66430889148366,Complete,TRUE,NA
HADH,0,0,25.381178144422595,Complete,TRUE,NA
UGP2,0,0,26.152262291075427,Complete,TRUE,NA
TXNRD1,0,0,20.767011090619857,Complete,TRUE,NA
IMMT,0,0,24.520632774442262,Complete,TRUE,NA
IAH1,2,3.225806451612903,18.97860980860551,MNAR,TRUE,0.3588205897051474
KLHL40,0,0,23.13822988559422,Complete,TRUE,NA
TKFC,21,33.87096774193548,16.683481813755478,MNAR,TRUE,4.997501249375312e-4
TIMM50,1,1.6129032258064515,19.46052764221791,MNAR,TRUE,1
NADK2,12,19.35483870967742,17.08425085748805,MNAR,TRUE,0.00399800099950025
FAM98B,5,8.064516129032258,18.291445307195968,MNAR,TRUE,0.15442278860569716
HIKESHI,4,6.451612903225806,20.552064109592774,MNAR,TRUE,0.31134432783608196
PDLIM3,0,0,27.38784394496864,Complete,TRUE,NA
HSD17B12,6,9.67741935483871,19.824503936174874,MNAR,TRUE,0.14292853573213393
AGK,28,45.16129032258064,17.37381197053159,MNAR,TRUE,0.10594702648675662
LACTB2,12,19.35483870967742,17.670104383732845,MNAR,TRUE,0.0014992503748125937
DCAF6,0,0,18.741976716912,Complete,TRUE,NA
CAVIN4,0,0,22.702428404422097,Complete,TRUE,NA
FLG2,14,22.58064516129032,17.34717173373112,MNAR,TRUE,0.4382808595702149
RABL3,13,20.967741935483872,15.88428036921489,MNAR,TRUE,0.20089955022488756
COQ5,1,1.6129032258064515,21.42585008737148,MNAR,TRUE,1
NOMO2,13,20.967741935483872,20.774301628164178,MNAR,TRUE,0.062468765617191405
PITRM1,16,25.806451612903224,21.937538945696,MNAR,TRUE,0.7021489255372314
WDR44,26,41.935483870967744,16.15358641658827,MNAR,TRUE,4.997501249375312e-4
COA6,0,0,20.111021257348735,Complete,TRUE,NA
TOR1AIP1,26,41.935483870967744,19.076988837000545,MNAR,TRUE,0.030484757621189407
GNAS,0,0,19.64348364770249,Complete,TRUE,NA
TTC38,33,53.2258064516129,16.384073147007452,MNAR,FALSE,0.001999000499750125
C6orf136,18,29.03225806451613,18.745798251676522,MNAR,TRUE,0.4107946026986507
HP1BP3,19,30.64516129032258,22.873977310190014,MNAR,TRUE,0.0034982508745627187
IBA57,11,17.741935483870968,21.145062773913683,MNAR,TRUE,0.018490754622688656
UBR4,15,24.193548387096776,16.460465641135226,MNAR,TRUE,4.997501249375312e-4
DCAF8,4,6.451612903225806,16.60461201821196,MNAR,TRUE,0.17091454272863568
DDI2,0,0,24.444800858853306,Complete,TRUE,NA
MICOS10,23,37.096774193548384,18.772804899346433,MNAR,TRUE,0.9070464767616192
LYRM7,3,4.838709677419355,19.70345147658951,MNAR,TRUE,0.6281859070464768
OBSCN,0,0,23.704863058641727,Complete,TRUE,NA
MYOM3,0,0,23.30104274947312,Complete,TRUE,NA
PDE4DIP,1,1.6129032258064515,25.422098028541477,MNAR,TRUE,1
BROX,19,30.64516129032258,17.76494484013185,MNAR,TRUE,4.997501249375312e-4
LYPLAL1,39,62.903225806451616,17.896348319465556,MNAR,FALSE,0.0024987506246876563
SYPL2,0,0,24.9970885930449,Complete,TRUE,NA
ECPAS,0,0,20.914278252489822,Complete,TRUE,NA
MICOS13,2,3.225806451612903,22.19450479112675,MNAR,TRUE,0.8685657171414293
RNF123,2,3.225806451612903,19.59837065567668,MNAR,TRUE,1
TMEM198,0,0,25.663497297623838,Complete,TRUE,NA
CRYBG3,15,24.193548387096776,23.23483324279946,MNAR,TRUE,1
NXN,4,6.451612903225806,17.453619111719647,MNAR,TRUE,0.33833083458270863
PTRHD1,1,1.6129032258064515,20.732375497033157,MNAR,TRUE,0.48125937031484256
ABLIM2,23,37.096774193548384,14.393826792045711,MNAR,TRUE,0.16891554222888555
LAMTOR1,18,29.03225806451613,15.758732688842464,MNAR,TRUE,0.001999000499750125
DHRS7B,0,0,20.64807632440793,Complete,TRUE,NA
TWF2,1,1.6129032258064515,19.762505853651678,MNAR,TRUE,1
ETFRF1,21,33.87096774193548,18.17201653494352,MNAR,TRUE,0.5827086456771614
RAB12,6,9.67741935483871,17.85772147057639,MNAR,TRUE,0.06696651674162919
DENND5A,13,20.967741935483872,22.32460569253214,MNAR,TRUE,0.004497751124437781
RCSD1,0,0,19.650857106996856,Complete,TRUE,NA
SLC25A24,2,3.225806451612903,19.050425364101862,MNAR,TRUE,1
HIBCH,0,0,24.22245476862959,Complete,TRUE,NA
CAVIN1,0,0,24.240440713674033,Complete,TRUE,NA
MRPL54,41,66.12903225806451,16.93773666586976,MNAR,FALSE,0.01699150424787606
LPCAT3,18,29.03225806451613,19.290119775565767,MNAR,TRUE,0.006496751624187906
TATDN1,10,16.129032258064516,18.794457377930907,MNAR,TRUE,0.04597701149425287
SFXN4,20,32.25806451612903,18.48375450434634,MNAR,TRUE,0.0034982508745627187
FAHD1,8,12.903225806451612,20.004090918107586,MNAR,TRUE,0.24087956021989004
LMOD2,12,19.35483870967742,20.51154149541243,MNAR,TRUE,0.004997501249375313
SLC27A1,32,51.61290322580645,15.847789222767911,MNAR,FALSE,0.014492753623188406
CCDC137,2,3.225806451612903,21.18553108217763,MNAR,TRUE,0.3588205897051474
CORO6,6,9.67741935483871,19.857304665485454,MNAR,TRUE,0.2063968015992004
TMEM205,0,0,22.445624407065754,Complete,TRUE,NA
DHRS11,21,33.87096774193548,18.278649950923736,MNAR,TRUE,4.997501249375312e-4
APOOL,0,0,22.147426567563794,Complete,TRUE,NA
NAPRT,13,20.967741935483872,19.09686578778803,MNAR,TRUE,0.6796601699150425
HSDL2,0,0,23.84796484443614,Complete,TRUE,NA
KYAT3,22,35.483870967741936,17.23956125766034,MNAR,TRUE,0.03498250874562719
TRIM72,0,0,26.49296539832926,Complete,TRUE,NA
UBN2,0,0,24.639858109595565,Complete,TRUE,NA
TOM1L2,6,9.67741935483871,17.23627978866232,MNAR,TRUE,0.14392803598200898
XIRP1,0,0,22.975117153258346,Complete,TRUE,NA
VPS13C,19,30.64516129032258,17.958967518249132,MNAR,TRUE,0.005497251374312844
UBE2R2,11,17.741935483870968,18.011681862338882,MNAR,TRUE,0.19140429785107446
SND1,6,9.67741935483871,22.793875658934024,MNAR,TRUE,0.011494252873563218
TRMT10C,10,16.129032258064516,19.27151055431148,MNAR,TRUE,0.02148925537231384
BZW1,3,4.838709677419355,20.38692414145827,MNAR,TRUE,0.027486256871564217
EIF3M,13,20.967741935483872,19.157237644193778,MNAR,TRUE,0.3543228385807096
COPS6,0,0,21.53628762135884,Complete,TRUE,NA
CHMP1B,2,3.225806451612903,18.742276744991806,MNAR,TRUE,0.22288855572213892
RRM2B,39,62.903225806451616,16.295927555737734,MNAR,FALSE,4.997501249375312e-4
ERMP1,33,53.2258064516129,14.45105182214822,MNAR,FALSE,4.997501249375312e-4
MRPL21,33,53.2258064516129,17.07361596018,MNAR,FALSE,0.04397801099450275
DGLUCY,2,3.225806451612903,22.316348937737605,MNAR,TRUE,1
MYH14,4,6.451612903225806,21.597362361608678,MNAR,TRUE,0.896551724137931
SZRD1,6,9.67741935483871,17.219007795197026,MNAR,TRUE,0.05647176411794103
MAVS,0,0,19.73932083595957,Complete,TRUE,NA
COMMD6,36,58.06451612903226,15.046337030024397,MNAR,FALSE,0.0014992503748125937
HDDC2,14,22.58064516129032,18.09225865859025,MNAR,TRUE,0.0024987506246876563
HDGFL2,25,40.32258064516129,16.203467554709537,MNAR,TRUE,4.997501249375312e-4
DCXR,0,0,22.5576095628119,Complete,TRUE,NA
SPRED2,0,0,23.155979496215032,Complete,TRUE,NA
HUWE1,0,0,22.56749788056512,Complete,TRUE,NA
GLRX5,18,29.03225806451613,21.40666685721899,MNAR,TRUE,0.13893053473263367
MYPN,2,3.225806451612903,20.213386034558347,MNAR,TRUE,0.23238380809595202
SRL,0,0,25.303067788750155,Complete,TRUE,NA
PRUNE1,33,53.2258064516129,17.111777133882537,MNAR,FALSE,4.997501249375312e-4
ACOT1,14,22.58064516129032,16.916905714608994,MNAR,TRUE,0.1714142928535732
ISCA2,10,16.129032258064516,20.269768289251548,MNAR,TRUE,0.19590204897551225
MTDH,7,11.29032258064516,19.298612106535153,MNAR,TRUE,0.01199400299850075
KTN1,11,17.741935483870968,17.02478281982851,MNAR,TRUE,0.021989005497251374
NLRX1,5,8.064516129032258,18.4519570198991,MNAR,TRUE,0.15992003998001
ALYREF,19,30.64516129032258,17.558626104504608,MNAR,TRUE,0.5102448775612194
MDP1,17,27.419354838709676,17.066625728636964,MNAR,TRUE,4.997501249375312e-4
SLC25A42,44,70.96774193548387,17.011424227500978,MNAR,FALSE,4.997501249375312e-4
NRAP,0,0,21.559108597793163,Complete,TRUE,NA
VPS36,19,30.64516129032258,16.672267400589813,MNAR,TRUE,9.995002498750624e-4
CAND1,0,0,20.98298407083154,Complete,TRUE,NA
COMMD7,28,45.16129032258064,15.648495681804786,MNAR,TRUE,4.997501249375312e-4
LDHD,18,29.03225806451613,19.074063457198605,MNAR,TRUE,0.034482758620689655
CARM1,14,22.58064516129032,17.885506292869817,MNAR,TRUE,0.004497751124437781
NIT1,2,3.225806451612903,19.1715029601276,MNAR,TRUE,0.8660669665167416
NDUFA11,0,0,22.493515542671755,Complete,TRUE,NA
ECHDC2,5,8.064516129032258,18.290186902544246,MNAR,TRUE,0.14342828585707146
PHYKPL,22,35.483870967741936,16.450287320165863,MNAR,TRUE,0.0239880059970015
MUSTN1,0,0,22.51627366410874,Complete,TRUE,NA
NAXD,0,0,22.128312054279508,Complete,TRUE,NA
MFN1,28,45.16129032258064,21.137882401115363,MNAR,TRUE,0.15342328835582209
SLC44A2,7,11.29032258064516,19.856366235705213,MNAR,TRUE,0.4367816091954023
HSCB,36,58.06451612903226,14.955032108163639,MNAR,FALSE,0.013993003498250875
ADHFE1,3,4.838709677419355,21.127446755645387,MNAR,TRUE,0.6121939030484758
UNC45B,0,0,22.54725536562264,Complete,TRUE,NA
MSRB3,35,56.451612903225815,16.973048117921934,MNAR,FALSE,4.997501249375312e-4
KLHDC8B,15,24.193548387096776,21.5310261142941,MNAR,TRUE,0.0074962518740629685
SUPV3L1,26,41.935483870967744,16.222651536200384,MNAR,TRUE,4.997501249375312e-4
THNSL1,32,51.61290322580645,15.105816443632152,MNAR,FALSE,4.997501249375312e-4
PM20D2,9,14.516129032258066,19.002045155080417,MNAR,TRUE,0.0239880059970015
MICU2,18,29.03225806451613,17.33565791433185,MNAR,TRUE,4.997501249375312e-4
ELMOD2,37,59.67741935483871,14.253924414441913,MNAR,FALSE,4.997501249375312e-4
ALDH16A1,36,58.06451612903226,17.829616387885668,MNAR,FALSE,4.997501249375312e-4
FAM185A,30,48.38709677419355,15.173529781863818,MNAR,TRUE,4.997501249375312e-4
ADSS1,0,0,25.11080252801344,Complete,TRUE,NA
NDUFAF2,16,25.806451612903224,16.99711213834042,MNAR,TRUE,0.0014992503748125937
LRRC47,0,0,22.224748183031686,Complete,TRUE,NA
GPD1L,0,0,25.856780667985237,Complete,TRUE,NA
EHBP1L1,4,6.451612903225806,19.869565598999653,MNAR,TRUE,0.19740129935032483
CMYA5,0,0,25.280674542965105,Complete,TRUE,NA
TXLNB,0,0,21.23202631051472,Complete,TRUE,NA
SYNPO,5,8.064516129032258,19.26807647861181,MNAR,TRUE,0.14842578710644677
TOMM5,23,37.096774193548384,18.861924892004584,MNAR,TRUE,0.11144427786106946
CHCHD4,21,33.87096774193548,17.256414806956204,MNAR,TRUE,0.01999000499750125
CBR4,1,1.6129032258064515,20.597714408679746,MNAR,TRUE,0.4892553723138431
MMGT1,18,29.03225806451613,15.62519644095833,MNAR,TRUE,0.015492253873063468
SMIM20,4,6.451612903225806,19.47960030110587,MNAR,TRUE,0.29735132433783107
CISD2,31,50,17.924936518414665,MNAR,FALSE,0.019490254872563718
ATPAF2,20,32.25806451612903,17.628751022133468,MNAR,TRUE,9.995002498750624e-4
JAGN1,20,32.25806451612903,22.146107955486872,MNAR,TRUE,0.48825587206396803
MRPL50,32,51.61290322580645,17.07808620244392,MNAR,FALSE,0.26186906546726635
EMC1,24,38.70967741935484,17.106136174642653,MNAR,TRUE,0.5792103948025987
PTGR2,0,0,23.227881440143133,Complete,TRUE,NA
SMYD1,0,0,23.720000270963915,Complete,TRUE,NA
NHLRC2,4,6.451612903225806,20.089702223467977,MNAR,TRUE,0.009995002498750625
RDH13,29,46.774193548387096,17.303340000047896,MNAR,TRUE,0.3968015992003998
TXNDC5,6,9.67741935483871,17.27809024148912,MNAR,TRUE,0.051974012993503245
ATAD1,0,0,19.036466924068822,Complete,TRUE,NA
SCCPDH,0,0,22.243406255525585,Complete,TRUE,NA
SERBP1,0,0,19.18132014102494,Complete,TRUE,NA
FAM98A,19,30.64516129032258,18.09766198872959,MNAR,TRUE,0.28835582208895555
PDPR,11,17.741935483870968,16.27173786664115,MNAR,TRUE,0.005997001499250375
NAXE,0,0,23.241775189673916,Complete,TRUE,NA
NPEPL1,0,0,20.48938986014519,Complete,TRUE,NA
ADPRHL1,0,0,24.091914884939055,Complete,TRUE,NA
CHDH,19,30.64516129032258,16.11755199456508,MNAR,TRUE,4.997501249375312e-4
ABCF1,1,1.6129032258064515,19.010088975382352,MNAR,TRUE,1
MCU,1,1.6129032258064515,20.887518931638223,MNAR,TRUE,1
ABHD11,5,8.064516129032258,17.929592473980822,MNAR,TRUE,0.12993503248375812
ATL2,3,4.838709677419355,17.931571751161503,MNAR,TRUE,0.6196901549225388
PPTC7,17,27.419354838709676,18.43066284982089,MNAR,TRUE,4.997501249375312e-4
COQ8A,0,0,24.673636212603583,Complete,TRUE,NA
NPLOC4,4,6.451612903225806,19.534657400880402,MNAR,TRUE,0.01199400299850075
SPATA20,21,33.87096774193548,17.34944829066971,MNAR,TRUE,0.0074962518740629685
NUBPL,33,53.2258064516129,18.989957413163275,MNAR,FALSE,0.0014992503748125937
DEPTOR,1,1.6129032258064515,21.501841638794993,MNAR,TRUE,0.463768115942029
RDH11,34,54.83870967741935,16.556902317525278,MNAR,FALSE,0.005997001499250375
LRRC20,0,0,24.144032164431426,Complete,TRUE,NA
NT5C,2,3.225806451612903,18.040980906206748,MNAR,TRUE,1
PNPT1,12,19.35483870967742,18.24540726396832,MNAR,TRUE,0.05697151424287856
SPPL2A,14,22.58064516129032,18.624485743240083,MNAR,TRUE,0.792103948025987
PREX1,29,46.774193548387096,14.923483373070297,MNAR,TRUE,0.4147926036981509
NEK9,22,35.483870967741936,16.77631157113974,MNAR,TRUE,4.997501249375312e-4
GPT2,36,58.06451612903226,15.29882288778772,MNAR,FALSE,4.997501249375312e-4
MYOZ3,32,51.61290322580645,19.32023082799192,MNAR,FALSE,9.995002498750624e-4
NEK7,0,0,20.668252790592575,Complete,TRUE,NA
DTD1,7,11.29032258064516,16.188479522587922,MNAR,TRUE,0.01199400299850075
UTP15,12,19.35483870967742,26.850519090627046,MNAR,TRUE,0.04897551224387806
SETD7,0,0,20.604047363183994,Complete,TRUE,NA
NUP133,14,22.58064516129032,18.961569169721553,MNAR,TRUE,0.0034982508745627187
PDCD6IP,0,0,20.50984822095201,Complete,TRUE,NA
THEM6,35,56.451612903225815,16.543649618569802,MNAR,FALSE,0.03798100949525238
SMIM4,15,24.193548387096776,17.343065918386145,MNAR,TRUE,0.48425787106446777
NUDCD2,4,6.451612903225806,18.74227639534063,MNAR,TRUE,0.312343828085957
SCFD1,11,17.741935483870968,16.30247679399283,MNAR,TRUE,0.2028985507246377
PCNP,34,54.83870967741935,16.45512073859581,MNAR,FALSE,0.009495252373813094
DNAJA4,3,4.838709677419355,19.687700574017068,MNAR,TRUE,0.051974012993503245
SPRYD4,6,9.67741935483871,19.92146412665273,MNAR,TRUE,0.39930034982508744
RTN4IP1,19,30.64516129032258,18.325518517162983,MNAR,TRUE,0.0014992503748125937
PALLD,2,3.225806451612903,19.632545643782116,MNAR,TRUE,0.24037981009495252
SYNE2,7,11.29032258064516,17.94030110729954,MNAR,TRUE,0.04697651174412794
THAP4,5,8.064516129032258,21.939091838761463,MNAR,TRUE,0.15642178910544727
IFT81,37,59.67741935483871,22.324231709831075,MNAR,FALSE,0.06096951524237881
TTN,0,0,26.143793429639274,Complete,TRUE,NA
DDX1,0,0,21.140922616629144,Complete,TRUE,NA
HSD17B8,2,3.225806451612903,20.49007815652394,MNAR,TRUE,0.8610694652673663
CPT1B,0,0,23.359178197070925,Complete,TRUE,NA
PSMF1,9,14.516129032258066,20.86266958075494,MNAR,TRUE,0.5982008995502249
UBXN4,9,14.516129032258066,16.05542388477965,MNAR,TRUE,0.006496751624187906
MYO18A,4,6.451612903225806,19.703361298770854,MNAR,TRUE,0.08745627186406797
GCN1,23,37.096774193548384,17.059924175541525,MNAR,TRUE,9.995002498750624e-4
SGCD,0,0,21.396480637283155,Complete,TRUE,NA
AKAP1,10,16.129032258064516,16.4353592731249,MNAR,TRUE,0.047976011994003
RABGGTA,8,12.903225806451612,18.045591608331353,MNAR,TRUE,0.15942028985507245
TFG,2,3.225806451612903,21.15402097196827,MNAR,TRUE,1
ARPC1A,11,17.741935483870968,18.203576819131168,MNAR,TRUE,0.00399800099950025
P3H4,9,14.516129032258066,22.453481362514243,MNAR,TRUE,0.38780609695152424
DDX17,9,14.516129032258066,19.93664536930799,MNAR,TRUE,0.008995502248875561
CELF1,13,20.967741935483872,16.35412363122756,MNAR,TRUE,0.3493253373313343
UFD1,8,12.903225806451612,20.27951714331193,MNAR,TRUE,0.5077461269365318
RPL3L,2,3.225806451612903,17.77895021786362,MNAR,TRUE,0.24237881059470265
COPS5,0,0,21.223478933324255,Complete,TRUE,NA
KHSRP,7,11.29032258064516,17.57904956143437,MNAR,TRUE,0.2013993003498251
GCDH,7,11.29032258064516,19.400565088118302,MNAR,TRUE,0.0079960019990005
TNPO1,5,8.064516129032258,16.6679787731874,MNAR,TRUE,0.04697651174412794
USP13,33,53.2258064516129,16.82799411859236,MNAR,FALSE,0.08295852073963018
USP9X,14,22.58064516129032,17.733230102391722,MNAR,TRUE,9.995002498750624e-4
CUL5,0,0,22.43955193088404,Complete,TRUE,NA
LPP,5,8.064516129032258,16.933340280815685,MNAR,TRUE,0.14492753623188406
ATP2A3,0,0,27.832859653702606,Complete,TRUE,NA
PHKB,0,0,22.37824609297273,Complete,TRUE,NA
UBE2F,35,56.451612903225815,17.2528978529792,MNAR,FALSE,0.02448775612193903
RPL36AL,0,0,20.399554782043587,Complete,TRUE,NA
WBP2,6,9.67741935483871,19.54466073022047,MNAR,TRUE,0.04997501249375312
ERGIC1,12,19.35483870967742,17.5684340005441,MNAR,TRUE,0.16441779110444776
MTARC2,4,6.451612903225806,17.82078575529518,MNAR,TRUE,0.3053473263368316
FAM162A,0,0,22.893989271010593,Complete,TRUE,NA
CCDC47,23,37.096774193548384,16.289626044446056,MNAR,TRUE,0.06346826586706647
TMEM230,20,32.25806451612903,18.43224143331642,MNAR,TRUE,0.034482758620689655
ISOC2,0,0,21.877031533950195,Complete,TRUE,NA
FERMT2,1,1.6129032258064515,19.32370665795326,MNAR,TRUE,1
FUBP1,2,3.225806451612903,18.109066343329474,MNAR,TRUE,0.2478760619690155
SLC25A46,29,46.774193548387096,17.032640934701718,MNAR,TRUE,0.001999000499750125
TMEM143,2,3.225806451612903,21.250562492725575,MNAR,TRUE,0.22788605697151423
PBXIP1,0,0,24.17580476149457,Complete,TRUE,NA
PTER,39,62.903225806451616,15.96043497225805,MNAR,FALSE,4.997501249375312e-4
ZBTB9,19,30.64516129032258,18.714122105448723,MNAR,TRUE,9.995002498750624e-4
FAM136A,24,38.70967741935484,18.93872368463059,MNAR,TRUE,0.04697651174412794
FGGY,35,56.451612903225815,20.99515076713824,MNAR,FALSE,0.0014992503748125937
GALM,0,0,19.425518506581533,Complete,TRUE,NA
DCPS,22,35.483870967741936,15.975925909507307,MNAR,TRUE,4.997501249375312e-4
PPP1R14B,1,1.6129032258064515,17.889930159184384,MNAR,TRUE,1
ACSF2,0,0,20.045665294928906,Complete,TRUE,NA
ISOC1,20,32.25806451612903,20.689045580358673,MNAR,TRUE,0.0014992503748125937
CCDC124,8,12.903225806451612,18.11492252851393,MNAR,TRUE,0.5807096451774113
OPTN,8,12.903225806451612,17.554671204835145,MNAR,TRUE,0.0014992503748125937
AP2M1,3,4.838709677419355,17.517312552635776,MNAR,TRUE,0.6091954022988506
KCTD12,37,59.67741935483871,17.100296987032817,MNAR,FALSE,4.997501249375312e-4
RMDN1,0,0,19.90533859746277,Complete,TRUE,NA
ECHDC3,7,11.29032258064516,20.003439200423315,MNAR,TRUE,0.04597701149425287
NUDT16,15,24.193548387096776,16.982833627980703,MNAR,TRUE,9.995002498750624e-4
CMBL,0,0,25.657548783774946,Complete,TRUE,NA
MSI2,15,24.193548387096776,19.692841498197236,MNAR,TRUE,0.08745627186406797
MRPL38,11,17.741935483870968,16.735267689629215,MNAR,TRUE,0.06346826586706647
MRRF,17,27.419354838709676,17.589920354869893,MNAR,TRUE,0.001999000499750125
MRPL53,24,38.70967741935484,18.890873766687374,MNAR,TRUE,0.022988505747126436
DAZAP1,41,66.12903225806451,16.756035724178375,MNAR,FALSE,0.005497251374312844
DNAJA3,17,27.419354838709676,17.300849697269744,MNAR,TRUE,0.6811594202898551
PTCD3,3,4.838709677419355,17.197936610838855,MNAR,TRUE,0.6126936531734133
MMAB,22,35.483870967741936,16.571264979618725,MNAR,TRUE,0.006496751624187906
DYNLL2,9,14.516129032258066,19.027874111527144,MNAR,TRUE,0.49075462268865566
S100A16,28,45.16129032258064,17.465874425249723,MNAR,TRUE,0.013993003498250875
SCRN2,1,1.6129032258064515,20.06992463142436,MNAR,TRUE,1
OTUB1,1,1.6129032258064515,21.265891471494772,MNAR,TRUE,1
CHMP6,9,14.516129032258066,15.826502845134803,MNAR,TRUE,0.0069965017491254375
PDXP,24,38.70967741935484,16.719725569004517,MNAR,TRUE,4.997501249375312e-4
DCUN1D1,5,8.064516129032258,17.24278593929689,MNAR,TRUE,0.16691654172913542
FAHD2A,14,22.58064516129032,18.723482663362734,MNAR,TRUE,0.04397801099450275
SNF8,20,32.25806451612903,17.172127065240982,MNAR,TRUE,0.0034982508745627187
PDLIM5,0,0,27.436692402551973,Complete,TRUE,NA
CRELD1,31,50,22.391404782433977,MNAR,FALSE,0.4617691154422789
ERO1A,6,9.67741935483871,16.541603215596087,MNAR,TRUE,0.0734632683658171
AHCYL2,5,8.064516129032258,18.93220401888941,MNAR,TRUE,0.7491254372813593
PGAM5,14,22.58064516129032,19.447840606219604,MNAR,TRUE,0.004997501249375313
DDRGK1,1,1.6129032258064515,17.428684981838096,MNAR,TRUE,1
PYURF,21,33.87096774193548,19.27764990287439,MNAR,TRUE,0.35282358820589704
SUCLG2,0,0,20.705336619946365,Complete,TRUE,NA
ABHD14B,0,0,22.655517837269667,Complete,TRUE,NA
NGLY1,8,12.903225806451612,17.287471980228254,MNAR,TRUE,0.0034982508745627187
TMX3,37,59.67741935483871,18.248153446311274,MNAR,FALSE,0.0014992503748125937
BTF3L4,6,9.67741935483871,20.16394387858599,MNAR,TRUE,1
USP47,16,25.806451612903224,18.2226718771716,MNAR,TRUE,0.008995502248875561
CNDP2,0,0,19.075262166103744,Complete,TRUE,NA
ALPK3,9,14.516129032258066,18.21544746005925,MNAR,TRUE,0.00399800099950025
STAC3,13,20.967741935483872,24.671529172550162,MNAR,TRUE,0.2098950524737631
COQ10A,0,0,21.837535890480613,Complete,TRUE,NA
JSRP1,0,0,23.996222365990295,Complete,TRUE,NA
MCEE,26,41.935483870967744,20.052129608480357,MNAR,TRUE,4.997501249375312e-4
QKI,32,51.61290322580645,17.54745404100085,MNAR,FALSE,0.40429785107446276
PLIN4,0,0,24.543054221421603,Complete,TRUE,NA
ALKBH3,41,66.12903225806451,13.883978847917806,MNAR,FALSE,4.997501249375312e-4
VPS35,5,8.064516129032258,17.905952848429525,MNAR,TRUE,0.7476261869065467
PURB,11,17.741935483870968,16.765732213546055,MNAR,TRUE,0.12293853073463268
BBS4,0,0,22.769182049283298,Complete,TRUE,NA
VPS13A,44,70.96774193548387,17.219850157683254,MNAR,FALSE,4.997501249375312e-4
GFM1,15,24.193548387096776,19.460993635018998,MNAR,TRUE,0.020989505247376312
MCCC1,9,14.516129032258066,18.764647584650174,MNAR,TRUE,0.2433783108445777
METTL26,5,8.064516129032258,19.378174789081385,MNAR,TRUE,0.1619190404797601
CLCC1,33,53.2258064516129,16.907940453659425,MNAR,FALSE,0.01899050474762619
PEBP4,17,27.419354838709676,17.95126451209112,MNAR,TRUE,0.020989505247376312
PLEKHF1,22,35.483870967741936,17.257149031204527,MNAR,TRUE,4.997501249375312e-4
MYCBP,11,17.741935483870968,15.872016072071318,MNAR,TRUE,9.995002498750624e-4
TBCB,0,0,19.29157847095272,Complete,TRUE,NA
PSMB7,0,0,22.210075793116843,Complete,TRUE,NA
PCYT2,14,22.58064516129032,16.549220645843313,MNAR,TRUE,0.04097951024487756
PSMD1,0,0,21.346139407840663,Complete,TRUE,NA
PFDN5,4,6.451612903225806,20.107436434449603,MNAR,TRUE,0.3188405797101449
PAFAH2,5,8.064516129032258,20.958168287244796,MNAR,TRUE,1
PARK7,0,0,26.920356471757387,Complete,TRUE,NA
VAT1,0,0,19.13973294541153,Complete,TRUE,NA
PLIN2,13,20.967741935483872,22.55794523740452,MNAR,TRUE,4.997501249375312e-4
S100A13,0,0,22.843784214116045,Complete,TRUE,NA
TSNAX,27,43.54838709677419,17.393147572647262,MNAR,TRUE,0.3868065967016492
EIF3C,0,0,23.910712438870252,Complete,TRUE,NA
PHB2,0,0,24.498378014309303,Complete,TRUE,NA
COPS8,3,4.838709677419355,22.535734882140986,MNAR,TRUE,0.06296851574212893
SDHC,4,6.451612903225806,23.30024680633225,MNAR,TRUE,0.9065467266366817
CHP1,11,17.741935483870968,18.57716827247884,MNAR,TRUE,0.384807596201899
HSD17B10,0,0,21.516281480921872,Complete,TRUE,NA
NAP1L4,0,0,22.31515556699177,Complete,TRUE,NA
MGST2,8,12.903225806451612,19.730002331263556,MNAR,TRUE,0.3733133433283358
TXN2,4,6.451612903225806,19.595403370533358,MNAR,TRUE,0.8840579710144928
DMAC2L,11,17.741935483870968,18.81476628723077,MNAR,TRUE,9.995002498750624e-4
ACO2,0,0,26.930372471124947,Complete,TRUE,NA
COQ7,0,0,22.68911950122026,Complete,TRUE,NA
SLC29A1,21,33.87096774193548,16.794335353665694,MNAR,TRUE,4.997501249375312e-4
TSG101,13,20.967741935483872,17.732179417465296,MNAR,TRUE,0.06496751624187906
CPNE1,5,8.064516129032258,18.18624054242802,MNAR,TRUE,0.8675662168915542
CCT7,0,0,22.57123920408731,Complete,TRUE,NA
PRMT1,0,0,18.78641846263942,Complete,TRUE,NA
NIPSNAP1,0,0,20.395427252506586,Complete,TRUE,NA
ARPC5L,33,53.2258064516129,18.92913697590113,MNAR,FALSE,0.0014992503748125937
MICU1,11,17.741935483870968,18.550539721221117,MNAR,TRUE,0.0014992503748125937
MACROD1,0,0,24.697305219304354,Complete,TRUE,NA
WDR77,3,4.838709677419355,18.835695444083385,MNAR,TRUE,0.05697151424287856
APOL2,10,16.129032258064516,17.324524369976665,MNAR,TRUE,0.04997501249375312
FYCO1,4,6.451612903225806,19.399956007988287,MNAR,TRUE,0.31284357821089454
JPH2,0,0,20.639743682734608,Complete,TRUE,NA
CORO1B,40,64.51612903225806,14.463312604803706,MNAR,FALSE,4.997501249375312e-4
TXNDC17,0,0,20.519533981506978,Complete,TRUE,NA
PLCD4,1,1.6129032258064515,20.987405176159175,MNAR,TRUE,1
CPPED1,3,4.838709677419355,18.833146871589374,MNAR,TRUE,0.6166916541729135
VPS25,8,12.903225806451612,19.523763371615225,MNAR,TRUE,0.07146426786606697
MIEN1,25,40.32258064516129,20.837574575728777,MNAR,TRUE,0.013493253373313344
PELO,8,12.903225806451612,16.526400879908973,MNAR,TRUE,0.005497251374312844
PRXL2A,0,0,20.251835673740537,Complete,TRUE,NA
ERP44,11,17.741935483870968,18.997056223533,MNAR,TRUE,0.3778110944527736
LXN,40,64.51612903225806,15.063974016951828,MNAR,FALSE,4.997501249375312e-4
NIPSNAP3B,4,6.451612903225806,23.14055339215666,MNAR,TRUE,1
NTPCR,5,8.064516129032258,17.713740580661558,MNAR,TRUE,0.04297851074462768
AGMAT,14,22.58064516129032,20.86815341712357,MNAR,TRUE,9.995002498750624e-4
TACO1,3,4.838709677419355,19.290096913435075,MNAR,TRUE,0.6041979010494752
ESYT1,0,0,22.511655708920756,Complete,TRUE,NA
UBAC1,0,0,21.043931158324995,Complete,TRUE,NA
COPS4,0,0,21.197097994157076,Complete,TRUE,NA
DCTN5,15,24.193548387096776,15.26448839427332,MNAR,TRUE,0.0034982508745627187
AARSD1,4,6.451612903225806,17.153233915133573,MNAR,TRUE,0.8940529735132434
TMEM43,0,0,20.869918512037806,Complete,TRUE,NA
DHRS4,27,43.54838709677419,18.80368672656046,MNAR,TRUE,4.997501249375312e-4
TMEM70,4,6.451612903225806,20.505909935291015,MNAR,TRUE,0.47176411794102946
TUBB6,1,1.6129032258064515,18.709204537966794,MNAR,TRUE,1
CHCHD7,3,4.838709677419355,18.3890072243718,MNAR,TRUE,0.600199900049975
APOO,0,0,22.5741597815917,Complete,TRUE,NA
MRI1,30,48.38709677419355,15.52729556979997,MNAR,TRUE,0.3458270864567716
ABHD6,6,9.67741935483871,20.00017291720735,MNAR,TRUE,0.9425287356321839
ADI1,31,50,19.265100770263388,MNAR,FALSE,0.24037981009495252
MECR,0,0,21.145044465700927,Complete,TRUE,NA
NTMT1,13,20.967741935483872,16.92576718174384,MNAR,TRUE,0.005497251374312844
TMEM109,0,0,21.460001502941637,Complete,TRUE,NA
TMED9,6,9.67741935483871,20.77759279178724,MNAR,TRUE,0.4917541229385307
TIMM21,7,11.29032258064516,18.183806100550587,MNAR,TRUE,0.014992503748125937
TPPP3,18,29.03225806451613,21.012802461535223,MNAR,TRUE,0.037481259370314844
NUDT9,12,19.35483870967742,16.129494254331934,MNAR,TRUE,0.014492753623188406
FUNDC2,0,0,24.39657508362522,Complete,TRUE,NA
SORBS1,34,54.83870967741935,18.14808800708165,MNAR,FALSE,0.013993003498250875
HINT2,0,0,21.79331955842209,Complete,TRUE,NA
OSBPL11,27,43.54838709677419,14.363633766027448,MNAR,TRUE,0.01899050474762619
NT5C1A,0,0,23.01042000381456,Complete,TRUE,NA
TMEM120A,31,50,15.199310293535515,MNAR,FALSE,4.997501249375312e-4
NAA15,30,48.38709677419355,18.38303053848584,MNAR,TRUE,9.995002498750624e-4
BCL2L13,0,0,22.167881106649563,Complete,TRUE,NA
AP1M1,15,24.193548387096776,19.576232256998956,MNAR,TRUE,0.09745127436281859
OSBPL1A,6,9.67741935483871,17.436800997813684,MNAR,TRUE,0.015992003998001
HDHD5,2,3.225806451612903,20.228698803939764,MNAR,TRUE,0.24587706146926536
EIF2A,7,11.29032258064516,16.774165588787792,MNAR,TRUE,0.038980509745127435
MRPL13,20,32.25806451612903,19.119578655044613,MNAR,TRUE,0.06646676661669165
MRPL9,21,33.87096774193548,17.028314089513263,MNAR,TRUE,0.5967016491754122
MRPL4,32,51.61290322580645,20.27444693211477,MNAR,FALSE,4.997501249375312e-4
MRPL1,11,17.741935483870968,17.99874542799987,MNAR,TRUE,0.12893553223388307
NLN,25,40.32258064516129,17.204184190174683,MNAR,TRUE,0.06346826586706647
TRIM54,1,1.6129032258064515,20.87827060219831,MNAR,TRUE,1
BCO2,31,50,17.18326551228405,MNAR,FALSE,0.004497751124437781
MRPL37,21,33.87096774193548,20.88708924166543,MNAR,TRUE,0.10144927536231885
ASPSCR1,35,56.451612903225815,17.567222057657958,MNAR,FALSE,0.1374312843578211
UBL5,1,1.6129032258064515,21.78671002909165,MNAR,TRUE,1
NIBAN1,2,3.225806451612903,19.970654952915066,MNAR,TRUE,1
UBXN6,15,24.193548387096776,17.72691405929707,MNAR,TRUE,0.001999000499750125
UBE2O,37,59.67741935483871,14.377957878762713,MNAR,FALSE,4.997501249375312e-4
LNPK,1,1.6129032258064515,18.713715665334124,MNAR,TRUE,1
PITHD1,24,38.70967741935484,18.470408244531654,MNAR,TRUE,9.995002498750624e-4
SLIRP,3,4.838709677419355,18.38171525803279,MNAR,TRUE,0.049475262368815595
NIF3L1,0,0,20.25002555697401,Complete,TRUE,NA
EGLN1,24,38.70967741935484,15.447233021232815,MNAR,TRUE,4.997501249375312e-4
ANKRD2,0,0,26.514350075642543,Complete,TRUE,NA
NAA50,2,3.225806451612903,19.5487316715063,MNAR,TRUE,1
TMEM126A,1,1.6129032258064515,19.951857639695717,MNAR,TRUE,1
PAIP1,3,4.838709677419355,16.809253945424153,MNAR,TRUE,0.05697151424287856
CLPB,24,38.70967741935484,16.321223058910856,MNAR,TRUE,0.03648175912043978
TOLLIP,0,0,21.71677079815609,Complete,TRUE,NA
PCBD2,0,0,23.15181188142605,Complete,TRUE,NA
NT5C3A,0,0,23.67559596319915,Complete,TRUE,NA
HDHD2,1,1.6129032258064515,19.734742815938016,MNAR,TRUE,0.49725137431284355
RAB1B,0,0,24.250909172304414,Complete,TRUE,NA
C11orf54,0,0,22.23456084372507,Complete,TRUE,NA
NUCKS1,0,0,21.39337183229349,Complete,TRUE,NA
TMX4,2,3.225806451612903,18.784826952186947,MNAR,TRUE,0.2303848075962019
MYLK2,0,0,21.930651345094752,Complete,TRUE,NA
EHD4,26,41.935483870967744,16.53926095608795,MNAR,TRUE,4.997501249375312e-4
SH3BGRL3,10,16.129032258064516,19.972605978199987,MNAR,TRUE,0.031484257871064465
SLK,20,32.25806451612903,17.122081876654995,MNAR,TRUE,0.015992003998001
PPIL3,5,8.064516129032258,19.490064889384154,MNAR,TRUE,1
LRMDA,0,0,24.282150847793826,Complete,TRUE,NA
TNMD,1,1.6129032258064515,24.287434066824904,MNAR,TRUE,1
PPA2,0,0,20.936451755929404,Complete,TRUE,NA
MRPL46,14,22.58064516129032,16.86543988446896,MNAR,TRUE,0.01249375312343828
TMEM245,24,38.70967741935484,21.413478299754587,MNAR,TRUE,4.997501249375312e-4
C11orf68,12,19.35483870967742,18.744174388538816,MNAR,TRUE,0.16391804097951024
GHITM,0,0,19.435942496601335,Complete,TRUE,NA
BOLA2,5,8.064516129032258,18.9843248212057,MNAR,TRUE,0.04697651174412794
TMX1,2,3.225806451612903,18.386577778467565,MNAR,TRUE,0.23888055972013994
CHMP4B,0,0,20.537334931823928,Complete,TRUE,NA
RBKS,5,8.064516129032258,17.87126546273795,MNAR,TRUE,0.6796601699150425
FN3K,0,0,21.659624010924112,Complete,TRUE,NA
TOR1AIP2,31,50,15.88768746955402,MNAR,FALSE,4.997501249375312e-4
RNPEP,0,0,20.668169370937413,Complete,TRUE,NA
GLIPR2,25,40.32258064516129,15.94578915748622,MNAR,TRUE,0.010494752623688156
EHD1,0,0,23.479877951624545,Complete,TRUE,NA
TMEM38A,0,0,22.79807016456705,Complete,TRUE,NA
OPA3,18,29.03225806451613,18.884012187950532,MNAR,TRUE,0.7891054472763618
DCTPP1,19,30.64516129032258,17.881449048506912,MNAR,TRUE,9.995002498750624e-4
AAMDC,0,0,25.23188267307366,Complete,TRUE,NA
PTGES2,0,0,22.16692739691428,Complete,TRUE,NA
UBE2Z,23,37.096774193548384,16.84168090935653,MNAR,TRUE,0.025487256371814093
ACAD9,10,16.129032258064516,17.909042915447433,MNAR,TRUE,0.7736131934032984
METTL7A,0,0,21.837891643486355,Complete,TRUE,NA
COQ10B,12,19.35483870967742,21.665714334503786,MNAR,TRUE,0.8470764617691154
MOB1A,27,43.54838709677419,17.571088027078954,MNAR,TRUE,0.11094452773613193
GORASP2,4,6.451612903225806,16.332563994562683,MNAR,TRUE,0.1794102948525737
JPT2,28,45.16129032258064,15.586112021924821,MNAR,TRUE,0.0024987506246876563
SYNPO2L,4,6.451612903225806,17.700811672497426,MNAR,TRUE,0.13543228385807096
ARMT1,7,11.29032258064516,19.13128364363888,MNAR,TRUE,0.19740129935032483
LRRC40,39,62.903225806451616,14.234276357668584,MNAR,FALSE,4.997501249375312e-4
SFXN1,2,3.225806451612903,19.103767319567375,MNAR,TRUE,0.22288855572213892
L2HGDH,0,0,21.166823009829752,Complete,TRUE,NA
COPS7B,38,61.29032258064516,15.05375562913516,MNAR,FALSE,0.01999000499750125
FN3KRP,26,41.935483870967744,19.397221568143006,MNAR,TRUE,0.050474762618690654
TBC1D17,3,4.838709677419355,17.99183333030332,MNAR,TRUE,0.6056971514242878
CARS2,41,66.12903225806451,15.88638580855801,MNAR,FALSE,4.997501249375312e-4
CACYBP,4,6.451612903225806,20.003774070427383,MNAR,TRUE,0.16941529235382308
RDH14,6,9.67741935483871,16.996797644510142,MNAR,TRUE,0.014992503748125937
PARVB,12,19.35483870967742,18.849880783655387,MNAR,TRUE,0.013993003498250875
TNS1,2,3.225806451612903,20.440244079398386,MNAR,TRUE,1
PLGRKT,3,4.838709677419355,21.005343428128977,MNAR,TRUE,0.6036981509245377
GLOD4,0,0,21.791681222223396,Complete,TRUE,NA
MCCC2,14,22.58064516129032,17.393283275919476,MNAR,TRUE,0.0024987506246876563
HHATL,0,0,23.14099108174589,Complete,TRUE,NA
PREB,13,20.967741935483872,18.468122348714672,MNAR,TRUE,4.997501249375312e-4
MRPL47,26,41.935483870967744,17.50216529274075,MNAR,TRUE,0.10194902548725637
JPH1,0,0,22.400061938045862,Complete,TRUE,NA
APMAP,26,41.935483870967744,17.465327946776554,MNAR,TRUE,0.11094452773613193
TXNRD2,5,8.064516129032258,20.35513732854027,MNAR,TRUE,0.15242378810594703
RAB18,1,1.6129032258064515,19.562180399070517,MNAR,TRUE,1
PALMD,14,22.58064516129032,17.184675794931227,MNAR,TRUE,0.4497751124437781
SSU72,22,35.483870967741936,14.748514100716154,MNAR,TRUE,0.0024987506246876563
VTA1,1,1.6129032258064515,19.19425276425949,MNAR,TRUE,1
SARS2,5,8.064516129032258,17.749651530213345,MNAR,TRUE,0.04847576211894053
DYNLRB1,11,17.741935483870968,17.918224060709914,MNAR,TRUE,0.17791104447776113
MYOZ1,0,0,22.79669353905846,Complete,TRUE,NA
MYOZ2,22,35.483870967741936,20.412960612289165,MNAR,TRUE,0.4107946026986507
OSGEP,13,20.967741935483872,16.796144196109978,MNAR,TRUE,4.997501249375312e-4
ACOT13,0,0,22.54427958128356,Complete,TRUE,NA
MRPL40,14,22.58064516129032,16.66000669678419,MNAR,TRUE,0.011494252873563218
TIGAR,38,61.29032258064516,15.449396751809813,MNAR,FALSE,0.047476261869065464
RTN4,0,0,25.851418101692826,Complete,TRUE,NA
HINT3,6,9.67741935483871,19.00645439032044,MNAR,TRUE,0.24437781109445278
PFDN4,1,1.6129032258064515,17.95878999744258,MNAR,TRUE,1
NIT2,0,0,20.213644764509528,Complete,TRUE,NA
XPNPEP1,0,0,18.22123277476075,Complete,TRUE,NA
GPHN,11,17.741935483870968,15.909780598341756,MNAR,TRUE,0.001999000499750125
PDLIM7,0,0,21.96007410846481,Complete,TRUE,NA
ACSS2,5,8.064516129032258,17.581289003874293,MNAR,TRUE,0.14842578710644677
DIABLO,3,4.838709677419355,20.19242767379955,MNAR,TRUE,0.5857071464267866
SAR1A,0,0,24.079892941396572,Complete,TRUE,NA
SH3GLB2,25,40.32258064516129,17.379746665702992,MNAR,TRUE,0.0034982508745627187
EIF2B3,39,62.903225806451616,17.60279150701698,MNAR,FALSE,4.997501249375312e-4
MBNL1,7,11.29032258064516,20.244250798917175,MNAR,TRUE,0.2913543228385807
SDR39U1,11,17.741935483870968,21.50255325484309,MNAR,TRUE,0.20389805097451275
AASDHPPT,34,54.83870967741935,16.770582679200118,MNAR,FALSE,0.033483258370814596
OSTC,22,35.483870967741936,18.091705804762363,MNAR,TRUE,0.001999000499750125
CMC2,7,11.29032258064516,18.118316747344235,MNAR,TRUE,0.011494252873563218
HEBP1,2,3.225806451612903,19.978743443208977,MNAR,TRUE,1
PHPT1,0,0,25.48866918414342,Complete,TRUE,NA
TOMM22,0,0,19.389199006492287,Complete,TRUE,NA
LANCL2,6,9.67741935483871,18.295637255564685,MNAR,TRUE,0.05847076461769116
FARSB,0,0,23.215475227987717,Complete,TRUE,NA
IARS2,0,0,21.478400711750098,Complete,TRUE,NA
SIRT3,7,11.29032258064516,18.84468070349019,MNAR,TRUE,0.3053473263368316
MAN2C1,2,3.225806451612903,23.074374903015368,MNAR,TRUE,0.8645677161419291
OLA1,0,0,23.41709773022793,Complete,TRUE,NA
CUTC,0,0,22.51681718939242,Complete,TRUE,NA
ACSS1,26,41.935483870967744,17.748358171400277,MNAR,TRUE,4.997501249375312e-4
ABHD10,13,20.967741935483872,18.37649254421998,MNAR,TRUE,0.18590704647676162
DDX19A,0,0,20.67363322626158,Complete,TRUE,NA
SEPTIN11,12,19.35483870967742,17.748745407073223,MNAR,TRUE,0.010994502748625687
PARVA,20,32.25806451612903,17.216832243443815,MNAR,TRUE,0.02948525737131434
PANK4,0,0,19.246818473660227,Complete,TRUE,NA
DNAJC11,14,22.58064516129032,18.645254243906393,MNAR,TRUE,0.12143928035982009
TMLHE,19,30.64516129032258,20.23873365357897,MNAR,TRUE,0.5882058970514743
ATAD3A,7,11.29032258064516,17.598015753844585,MNAR,TRUE,0.17841079460269865
ARL8B,0,0,21.720124421037767,Complete,TRUE,NA
MRPS18A,19,30.64516129032258,16.036276491082024,MNAR,TRUE,0.25687156421789104
PNPO,3,4.838709677419355,21.52050577750865,MNAR,TRUE,0.3148425787106447
OXSM,23,37.096774193548384,17.40194713815669,MNAR,TRUE,4.997501249375312e-4
MRPL22,16,25.806451612903224,16.37201477468941,MNAR,TRUE,0.005997001499250375
CZIB,0,0,22.949206548018015,Complete,TRUE,NA
BABAM1,11,17.741935483870968,17.128831317289468,MNAR,TRUE,0.0029985007496251873
NDUFB11,0,0,23.284918438583887,Complete,TRUE,NA
OCIAD1,1,1.6129032258064515,20.030678662873644,MNAR,TRUE,1
MARCHF5,8,12.903225806451612,16.726170255762245,MNAR,TRUE,0.011494252873563218
CHCHD3,0,0,23.73598071575132,Complete,TRUE,NA
SIRT5,0,0,20.369056599662837,Complete,TRUE,NA
BABAM2,10,16.129032258064516,21.327722784623354,MNAR,TRUE,0.0014992503748125937
DPP3,0,0,20.399156422931977,Complete,TRUE,NA
TUBA8,0,0,22.018699821934774,Complete,TRUE,NA
MAP3K20,1,1.6129032258064515,21.9177364778751,MNAR,TRUE,1
UGGT1,14,22.58064516129032,17.91271520380356,MNAR,TRUE,0.7351324337831084
TECR,1,1.6129032258064515,20.111706113884413,MNAR,TRUE,1
ERAP1,6,9.67741935483871,20.386132397857608,MNAR,TRUE,0.7126436781609196
CISD1,0,0,25.996290978775455,Complete,TRUE,NA
CLIC5,0,0,22.02821040579744,Complete,TRUE,NA
FAM120A,27,43.54838709677419,15.707886026027174,MNAR,TRUE,0.054972513743128434
GLTP,25,40.32258064516129,14.123248100509322,MNAR,TRUE,4.997501249375312e-4
COQ3,0,0,22.30242743868802,Complete,TRUE,NA
HSPBP1,11,17.741935483870968,17.385012416504626,MNAR,TRUE,0.0024987506246876563
MAT2B,7,11.29032258064516,23.400018723225678,MNAR,TRUE,0.0024987506246876563
MYOF,0,0,20.486184479859826,Complete,TRUE,NA
EHD2,0,0,22.897644089221103,Complete,TRUE,NA
TMOD4,3,4.838709677419355,21.489286159934373,MNAR,TRUE,0.7906046976511744
LMCD1,0,0,25.53949091142822,Complete,TRUE,NA
CHMP5,24,38.70967741935484,16.937663510532115,MNAR,TRUE,0.001999000499750125
CNIH4,17,27.419354838709676,20.195951296944585,MNAR,TRUE,0.36281859070464767
NDUFAF4,11,17.741935483870968,18.46370605513603,MNAR,TRUE,0.004497751124437781
EMC3,9,14.516129032258066,17.174004620929065,MNAR,TRUE,0.8150924537731135
NDUFA13,0,0,25.216286448598783,Complete,TRUE,NA
PDP1,5,8.064516129032258,20.791188557422206,MNAR,TRUE,0.13343328335832083
MRPL36,1,1.6129032258064515,23.38035147144463,MNAR,TRUE,1
VAPA,0,0,22.441133691568208,Complete,TRUE,NA
RNF181,30,48.38709677419355,16.57469580541531,MNAR,TRUE,0.04897551224387806
LARS1,5,8.064516129032258,17.737677213058724,MNAR,TRUE,0.04697651174412794
SUCLA2,0,0,24.638084474116216,Complete,TRUE,NA
GMPR2,0,0,19.9503424328786,Complete,TRUE,NA
DPM3,29,46.774193548387096,18.981443791996206,MNAR,TRUE,9.995002498750624e-4
IMPACT,20,32.25806451612903,18.73898009152341,MNAR,TRUE,0.062468765617191405
ATXN10,12,19.35483870967742,16.873119879273787,MNAR,TRUE,0.09995002498750624
EPS15L1,20,32.25806451612903,15.855594759102178,MNAR,TRUE,0.3538230884557721
SAE1,43,69.35483870967742,16.687633542550902,MNAR,FALSE,4.997501249375312e-4
RNF7,0,0,20.76353834196604,Complete,TRUE,NA
MYOT,0,0,24.640137975816213,Complete,TRUE,NA
GNG12,0,0,19.05711932353473,Complete,TRUE,NA
VPS29,44,70.96774193548387,16.0634106741281,MNAR,FALSE,9.995002498750624e-4
EIF3K,0,0,22.686507102693238,Complete,TRUE,NA
GRHPR,0,0,23.55454798425608,Complete,TRUE,NA
CTSZ,12,19.35483870967742,17.32893888210795,MNAR,TRUE,0.009495252373813094
UBA2,25,40.32258064516129,16.28648113383381,MNAR,TRUE,0.15342328835582209
COPS7A,2,3.225806451612903,20.239120759393348,MNAR,TRUE,0.2448775612193903
HSPB7,0,0,26.702405982757558,Complete,TRUE,NA
CLIP2,25,40.32258064516129,19.529126815646656,MNAR,TRUE,0.022488755622188907
UQCR10,0,0,25.78629667609029,Complete,TRUE,NA
DNAJB4,6,9.67741935483871,17.994295451148467,MNAR,TRUE,0.49375312343828087
NIPSNAP3A,13,20.967741935483872,21.350913556231355,MNAR,TRUE,0.8590704647676162
TES,40,64.51612903225806,16.13816378502695,MNAR,FALSE,0.006496751624187906
KDM5B,4,6.451612903225806,19.84331566293459,MNAR,TRUE,0.3258370814592704
WARS2,40,64.51612903225806,15.14877151155979,MNAR,FALSE,4.997501249375312e-4
MLX,22,35.483870967741936,19.942651742389245,MNAR,TRUE,0.06596701649175413
SEPTIN9,21,33.87096774193548,17.595053421560184,MNAR,TRUE,4.997501249375312e-4
UBQLN2,8,12.903225806451612,16.124439050379223,MNAR,TRUE,0.014992503748125937
PCYOX1,0,0,23.398736868706486,Complete,TRUE,NA
DPP7,31,50,14.174013415834363,MNAR,FALSE,4.997501249375312e-4
SMPX,0,0,24.37199131114651,Complete,TRUE,NA
BCAP29,11,17.741935483870968,19.370057940530675,MNAR,TRUE,0.025487256371814093
CYB5R1,0,0,26.118190597832974,Complete,TRUE,NA
PFDN2,1,1.6129032258064515,20.820145070227976,MNAR,TRUE,1
PUF60,30,48.38709677419355,16.52260503634229,MNAR,TRUE,0.0024987506246876563
ENOPH1,1,1.6129032258064515,19.74207735169848,MNAR,TRUE,1
NDUFA12,0,0,23.183569884600463,Complete,TRUE,NA
EIF2B4,27,43.54838709677419,15.024177824660898,MNAR,TRUE,0.30634682658670664
ATP6V1H,22,35.483870967741936,17.062290032928452,MNAR,TRUE,0.22188905547226387
TRMT112,32,51.61290322580645,17.30043807494962,MNAR,FALSE,0.043478260869565216
XPO7,23,37.096774193548384,16.421797382269126,MNAR,TRUE,9.995002498750624e-4
LCMT1,5,8.064516129032258,18.692326708454793,MNAR,TRUE,0.15942028985507245
ATP5IF1,0,0,24.12174502931845,Complete,TRUE,NA
AK3,0,0,23.820738056274823,Complete,TRUE,NA
NAGK,2,3.225806451612903,17.56553748681204,MNAR,TRUE,0.25087456271864067
SLC25A13,0,0,24.837755579699998,Complete,TRUE,NA
DBNL,27,43.54838709677419,16.595939804496965,MNAR,TRUE,4.997501249375312e-4
DCTN4,6,9.67741935483871,18.281579544911022,MNAR,TRUE,0.01249375312343828
HSPB8,2,3.225806451612903,20.47060049119904,MNAR,TRUE,0.1294352823588206
STOML2,0,0,19.800453870637664,Complete,TRUE,NA
VPS28,6,9.67741935483871,17.004469030563573,MNAR,TRUE,0.047976011994003
JPT1,7,11.29032258064516,17.874906344354915,MNAR,TRUE,0.2938530734632684
APPL1,5,8.064516129032258,20.10576389893246,MNAR,TRUE,0.39780109945027486
PACSIN3,0,0,23.582050869836017,Complete,TRUE,NA
ACAD8,9,14.516129032258066,20.764552801447504,MNAR,TRUE,0.009995002498750625
AGO2,5,8.064516129032258,17.566965663085014,MNAR,TRUE,0.729135432283858
MYH2,0,0,29.87576841447911,Complete,TRUE,NA
MYH13,19,30.64516129032258,22.497398395433912,MNAR,TRUE,0.12693653173413294
CDV3,3,4.838709677419355,19.490165478765952,MNAR,TRUE,0.06096951524237881
RAB21,3,4.838709677419355,19.622666135646224,MNAR,TRUE,0.5992003998001
PSME2,7,11.29032258064516,20.072483301556836,MNAR,TRUE,0.012993503248375811
DNPEP,0,0,21.51895852631978,Complete,TRUE,NA
MCTS1,0,0,21.86422404176357,Complete,TRUE,NA
TBC1D24,21,33.87096774193548,15.721319819838142,MNAR,TRUE,4.997501249375312e-4
TMCO1,0,0,20.35633102252933,Complete,TRUE,NA
EPDR1,3,4.838709677419355,21.24973622133798,MNAR,TRUE,0.6241879060469765
MYO6,0,0,25.27709867204631,Complete,TRUE,NA
NFU1,34,54.83870967741935,16.55361076452007,MNAR,FALSE,0.0024987506246876563
SYNPO2,0,0,23.35197998748787,Complete,TRUE,NA
UBQLN1,26,41.935483870967744,16.862827010154138,MNAR,TRUE,0.04297851074462768
SNX12,17,27.419354838709676,19.952066373707837,MNAR,TRUE,0.5332333833083458
NDRG2,0,0,24.84109517207586,Complete,TRUE,NA
VPS4A,4,6.451612903225806,20.677879832901883,MNAR,TRUE,0.17391304347826086
G3BP2,20,32.25806451612903,18.749899011505352,MNAR,TRUE,0.0879560219890055
STUB1,0,0,18.250565022931877,Complete,TRUE,NA
PACSIN2,21,33.87096774193548,17.06082451556191,MNAR,TRUE,4.997501249375312e-4
SNX6,7,11.29032258064516,17.49803953339159,MNAR,TRUE,0.009995002498750625
PSMD13,0,0,21.6643175394072,Complete,TRUE,NA
COPS3,0,0,21.253697113916015,Complete,TRUE,NA
NSFL1C,0,0,23.278973907855033,Complete,TRUE,NA
PPP6R1,26,41.935483870967744,17.5274046058673,MNAR,TRUE,0.009995002498750625
LIMCH1,16,25.806451612903224,19.142598405297253,MNAR,TRUE,9.995002498750624e-4
USP24,21,33.87096774193548,16.778138919066155,MNAR,TRUE,4.997501249375312e-4
MAPRE3,17,27.419354838709676,18.871234349283455,MNAR,TRUE,0.8280859570214892
PA2G4,0,0,21.616251117930073,Complete,TRUE,NA
CAMK2A,3,4.838709677419355,21.53197133038586,MNAR,TRUE,0.6006996501749126
CHMP2B,12,19.35483870967742,17.479543804091815,MNAR,TRUE,0.5957021489255372
RTRAF,31,50,17.15272149061648,MNAR,FALSE,0.015992003998001
RUVBL2,5,8.064516129032258,18.689402410158515,MNAR,TRUE,0.05547226386806597
APOBEC2,0,0,25.782695207742712,Complete,TRUE,NA
PIN4,7,11.29032258064516,18.706212781093846,MNAR,TRUE,0.8350824587706147
EIF3L,1,1.6129032258064515,19.27456307517643,MNAR,TRUE,1
PLAA,0,0,18.61196603010255,Complete,TRUE,NA
NUDC,0,0,19.62925822533655,Complete,TRUE,NA
BCS1L,34,54.83870967741935,16.84909595039192,MNAR,FALSE,0.0239880059970015
VDAC3,0,0,26.138426408538628,Complete,TRUE,NA
CFL2,0,0,26.859100390566915,Complete,TRUE,NA
FARSA,1,1.6129032258064515,19.179107995576402,MNAR,TRUE,1
CNPY2,20,32.25806451612903,16.641188165113746,MNAR,TRUE,0.001999000499750125
FNDC3A,32,51.61290322580645,21.185320730535047,MNAR,FALSE,0.04047976011994003
PADI2,0,0,25.374810296648647,Complete,TRUE,NA
GSTK1,0,0,22.18431386314874,Complete,TRUE,NA
LAMTOR2,37,59.67741935483871,16.33794494461245,MNAR,FALSE,4.997501249375312e-4
MRPS35,33,53.2258064516129,15.308673969494023,MNAR,FALSE,0.031984007996002
COA3,4,6.451612903225806,21.563966784409207,MNAR,TRUE,0.3288355822088955
TMA7,0,0,22.59785896540633,Complete,TRUE,NA
SUGT1,15,24.193548387096776,20.091885932886687,MNAR,TRUE,0.01999000499750125
COQ6,0,0,21.38618792539276,Complete,TRUE,NA
ACOT9,0,0,21.541522118263494,Complete,TRUE,NA
MEMO1,0,0,18.11598797103029,Complete,TRUE,NA
TMX2,10,16.129032258064516,16.58534305606003,MNAR,TRUE,0.657671164417791
SH3GLB1,2,3.225806451612903,20.160430315119356,MNAR,TRUE,1
CAB39,0,0,22.666082087119065,Complete,TRUE,NA
LUC7L2,7,11.29032258064516,17.156498312302446,MNAR,TRUE,0.04597701149425287
DHRS7,0,0,23.928869529091404,Complete,TRUE,NA
MOB4,16,25.806451612903224,17.62897199844622,MNAR,TRUE,0.004497751124437781
SBDS,0,0,22.238148461684112,Complete,TRUE,NA
MRPL11,28,45.16129032258064,19.017499424459714,MNAR,TRUE,0.017991004497751123
PPIL1,3,4.838709677419355,19.963986034426373,MNAR,TRUE,0.6056971514242878
MSRB2,20,32.25806451612903,17.510265166895305,MNAR,TRUE,4.997501249375312e-4
FIS1,0,0,23.0424235241732,Complete,TRUE,NA
STRAP,0,0,21.470873615022537,Complete,TRUE,NA
RTCB,0,0,20.839473790219127,Complete,TRUE,NA
RPL36,0,0,18.237456481011726,Complete,TRUE,NA
SAMHD1,37,59.67741935483871,15.666927973414552,MNAR,FALSE,4.997501249375312e-4
HBS1L,4,6.451612903225806,17.513933435836154,MNAR,TRUE,0.3183408295852074
TLN1,0,0,20.540991608019795,Complete,TRUE,NA
USP15,2,3.225806451612903,17.75565977665569,MNAR,TRUE,0.8615692153923038
TLN2,1,1.6129032258064515,18.03540788880913,MNAR,TRUE,1
DTNA,0,0,21.019606166951384,Complete,TRUE,NA
HYOU1,3,4.838709677419355,16.810895517279288,MNAR,TRUE,0.6051974012993503
AFG3L2,0,0,22.307606081858236,Complete,TRUE,NA
ARIH1,29,46.774193548387096,17.20631814888946,MNAR,TRUE,0.031984007996002
RNF114,2,3.225806451612903,17.60782781671928,MNAR,TRUE,0.24037981009495252
SAMM50,0,0,24.26893087319187,Complete,TRUE,NA
PPME1,33,53.2258064516129,16.93785080840132,MNAR,FALSE,0.15792103948025987
TIMM9,8,12.903225806451612,19.72742104347076,MNAR,TRUE,0.018490754622688656
TIMM8B,8,12.903225806451612,16.369918723818326,MNAR,TRUE,0.0024987506246876563
UCHL5,4,6.451612903225806,18.071941328986334,MNAR,TRUE,0.1904047976011994
TIMM13,0,0,21.15727691421383,Complete,TRUE,NA
SRPRB,4,6.451612903225806,18.205820974795643,MNAR,TRUE,0.3098450774612694
GMPPB,4,6.451612903225806,17.392860716954434,MNAR,TRUE,0.18840579710144928
MPC1,2,3.225806451612903,22.184775640405125,MNAR,TRUE,0.848575712143928
SNX5,32,51.61290322580645,18.595146435959645,MNAR,FALSE,0.001999000499750125
HEBP2,0,0,24.09189075529347,Complete,TRUE,NA
HCFC2,0,0,22.229747972465255,Complete,TRUE,NA
FHOD1,0,0,21.556109821726768,Complete,TRUE,NA
MYH4,3,4.838709677419355,23.395414118139687,MNAR,TRUE,0.30184907546226886
MRPS18B,3,4.838709677419355,18.638024686075745,MNAR,TRUE,0.6221889055472264
COPG1,9,14.516129032258066,17.976818552784593,MNAR,TRUE,0.0024987506246876563
CLIC4,1,1.6129032258064515,19.75289107298608,MNAR,TRUE,1
NFS1,35,56.451612903225815,17.331804698446923,MNAR,FALSE,4.997501249375312e-4
SPCS1,23,37.096774193548384,17.695321441003664,MNAR,TRUE,0.9055472263868066
SAR1B,0,0,23.581153766257177,Complete,TRUE,NA
MTCH2,0,0,23.316741300413046,Complete,TRUE,NA
BZW2,0,0,22.096972387582614,Complete,TRUE,NA
DYNC1LI1,7,11.29032258064516,16.888916103351214,MNAR,TRUE,0.06046976511744128
CHCHD2,0,0,21.637544156730414,Complete,TRUE,NA
NDUFB9,0,0,23.648072835444697,Complete,TRUE,NA
COX11,10,16.129032258064516,18.54282696894469,MNAR,TRUE,0.2353823088455772
SQOR,23,37.096774193548384,17.703591191649114,MNAR,TRUE,4.997501249375312e-4
SESN1,15,24.193548387096776,19.209847181079684,MNAR,TRUE,0.30434782608695654
SEC23IP,11,17.741935483870968,17.026861811198074,MNAR,TRUE,0.14492753623188406
