method,mean_nrmse,sd_nrmse,median_nrmse
bpca,0.11261253559978299,1.2431242805558535e-4,0.11258473849582495
knn,0.34633813783594736,0.004660937939998128,0.34738035524322175
mix_bpca_QRILC,0.3746030282203474,0.0018101612515639216,0.3750077925812207
mix_bpca_MinProb,0.9640912229801063,0.0010657082828786442,0.9638529233636361
MinDet,2.158384810418602,0.001514849426162742,2.158046079789344
MinProb,2.1621761610647625,0.001084925979883285,2.1619335642406052
QRILC,2.5871354923341183,0.0025586388727778073,2.586563363289178
zero,6.761076670543051,0.004430915255899416,6.762067453314525
MLE,138.0797347398688,0.2044283578140296,138.12544629086472
