method,mean_nrmse,sd_nrmse,median_nrmse
bpca,0.11000840360175507,5.883068591194132e-4,0.10987685418889302
knn,0.3464555374573663,0.0016139986400870116,0.34681643852484895
MinDet,2.119615116568218,0.0014789479845988256,2.1192844137453433
MinProb,2.124049702871796,0.0014142489707285916,2.1237334671882304
QRILC,2.5777739779498265,0.006572160034927506,2.576304398290116
zero,6.693811063839282,0.02036301321171239,6.68925775566247
MLE,133.13414360422416,0.8098993884873049,132.95304461338083
