gene,logFC_Training_Young,logFC_Training_Old,pi_score_Young,pi_score_Old,pi_score_Interaction,significance,quadrant,imputed
GPT2,1.872,-0.592,4.37e-4,0.060907,1e-6,Interaction,Discordant (Young Up / Old Down),TRUE
CTSG,-2.0953,0.1002,0.00126,0.977554,0.001184,Interaction,Discordant (Young Down / Old Up),TRUE
CCDC137,-1.6782,-0.2164,0,0.89768,0.001843,Interaction,Concordant Down,TRUE
FLT1,-1.6632,0.0423,4e-6,0.996555,2.81e-4,Interaction,Discordant (Young Down / Old Up),TRUE
ALDH1B1,1.2555,0.4064,0,0.397755,0.032277,Interaction,Concordant Up,TRUE
COL4A1,-1.436,-0.0795,4e-6,0.984086,0.001508,Interaction,Concordant Down,TRUE
COL3A1,-1.1658,0.3477,0.001215,0.707856,5.3e-4,Interaction,Discordant (Young Down / Old Up),TRUE
COL1A2,-1.359,-0.0832,4e-4,0.986704,0.01944,Interaction,Concordant Down,TRUE
IFT81,-1.2969,-0.0873,2.7e-5,0.984962,0.014964,Interaction,Concordant Down,TRUE
ACTN2,-0.884,0.4933,0.081537,0.554066,0.012272,Interaction,Discordant (Young Down / Old Up),FALSE
ACTN1,-0.9384,0.3834,0.06611,0.731653,0.024408,Interaction,Discordant (Young Down / Old Up),FALSE
CAV2,-0.9482,0.3589,0.078459,0.403079,0.006882,Interaction,Discordant (Young Down / Old Up),TRUE
XIRP1,-0.8717,0.4336,0.001245,0.334318,2.3e-5,Interaction,Discordant (Young Down / Old Up),FALSE
COPS7B,0.828,-0.4555,0.036862,0.218858,5.43e-4,Interaction,Discordant (Young Up / Old Down),TRUE
UBN2,-1.0031,0.2347,0.006674,0.860803,0.007495,Interaction,Discordant (Young Down / Old Up),FALSE
COL1A1,-1.197,0.0278,5.95e-4,0.998349,0.010773,Interaction,Discordant (Young Down / Old Up),TRUE
MSRB3,-1.2083,-0.0131,0.003779,0.999154,0.007252,Interaction,Concordant Down,TRUE
MYL2,-0.9503,0.2178,0.001395,0.838716,0.001766,Interaction,Discordant (Young Down / Old Up),FALSE
ACTN4,-0.7896,0.3669,0.091231,0.693083,0.027183,Interaction,Discordant (Young Down / Old Up),FALSE
COL4A2,-1.0712,-0.0443,2.87e-4,0.99442,0.014462,Interaction,Concordant Down,TRUE
CILP,-0.7967,0.2433,0.144696,0.624531,0.034154,Interaction,Discordant (Young Down / Old Up),TRUE
PREX1,-0.5831,0.4448,0.05416,0.153024,3.91e-4,Interaction,Discordant (Young Down / Old Up),TRUE
UCHL1,0.9016,0.1236,2.94e-4,0.93643,0.041209,Interaction,Concordant Up,FALSE
RPA2,-0.9583,0.0235,0.001646,0.997168,0.00438,Interaction,Discordant (Young Down / Old Up),TRUE
TES,-0.596,0.3646,0.265549,0.485294,0.039862,Interaction,Discordant (Young Down / Old Up),TRUE
MYH7,-0.6942,0.2547,0.062203,0.788156,0.029698,Interaction,Discordant (Young Down / Old Up),FALSE
TPM3,-0.7694,0.1787,0.035057,0.903445,0.038052,Interaction,Discordant (Young Down / Old Up),FALSE
SSU72,-0.9314,0.0164,1e-6,0.997887,1.8e-5,Interaction,Discordant (Young Down / Old Up),TRUE
TOMM22,-0.7784,0.165,6.26e-4,0.85532,0.001045,Interaction,Discordant (Young Down / Old Up),FALSE
MYL3,-0.8904,0.0464,0.005216,0.993834,0.032469,Interaction,Discordant (Young Down / Old Up),FALSE
SLC25A46,0.8812,-0.0505,4.75e-4,0.980391,7.87e-4,Interaction,Discordant (Young Up / Old Down),TRUE
NID1,-0.7647,0.1157,0.015716,0.949635,0.026852,Interaction,Discordant (Young Down / Old Up),TRUE
LAMC1,-0.8487,0.0146,0.002972,0.999286,0.027207,Interaction,Discordant (Young Down / Old Up),TRUE
PLEKHF1,-0.8051,0.0468,2.25e-4,0.981901,5.69e-4,Interaction,Discordant (Young Down / Old Up),TRUE
CHDH,-0.4576,0.3927,0.292647,0.199633,0.011995,Interaction,Discordant (Young Down / Old Up),TRUE
CAPRIN1,-0.5661,0.2795,0.145163,0.641737,0.030104,Interaction,Discordant (Young Down / Old Up),TRUE
ACTA1,-0.4891,0.3426,0.244112,0.567564,0.045885,Interaction,Discordant (Young Down / Old Up),FALSE
DHRS11,-0.5953,0.1795,0.106501,0.788385,0.034626,Interaction,Discordant (Young Down / Old Up),TRUE
MT-CO1,-0.4355,0.2848,0.256639,0.586191,0.049924,Interaction,Discordant (Young Down / Old Up),TRUE
DCTN5,0.5467,-0.1371,0.027242,0.848471,0.013644,Interaction,Discordant (Young Up / Old Down),TRUE
NDUFA6,-0.5195,0.131,0.021748,0.881856,0.020899,Interaction,Discordant (Young Down / Old Up),FALSE
RPL24,-0.2261,0.3757,0.573274,0.152057,0.023523,Interaction,Discordant (Young Down / Old Up),TRUE
PVALB,-0.8989,-0.6534,0.055836,0.430321,0.927463,NS,Concordant Down,TRUE
WARS2,-1.1181,-0.1704,0.072747,0.859321,0.190383,NS,Concordant Down,TRUE
TGFBI,-0.722,-0.4501,0.065688,0.3093,0.823774,NS,Concordant Down,TRUE
MYOZ2,-0.7119,-0.4155,0.165868,0.660571,0.870799,NS,Concordant Down,TRUE
SLC2A4,0.6314,0.4044,0.26632,0.22177,0.890946,NS,Concordant Up,TRUE
TMPO,-0.6145,-0.4115,0.165465,0.156765,0.887811,NS,Concordant Down,TRUE
HAT1,-0.2267,0.7992,0.898574,0.144243,0.114772,NS,Discordant (Young Down / Old Up),TRUE
CSRP3,0.4966,0.5084,0.080862,0.078825,0.999552,NS,Concordant Up,FALSE
SAMHD1,0.6316,0.3686,0.141802,0.276315,0.809089,NS,Concordant Up,TRUE
TXNDC12,0.3971,-0.5899,0.761281,0.229264,0.157071,NS,Discordant (Young Up / Old Down),TRUE
RRAD,0.4822,0.5029,0.367559,0.224694,0.99912,NS,Concordant Up,TRUE
MYLK2,-0.4182,-0.5514,0.235308,0.062855,0.93984,NS,Concordant Down,FALSE
ACTN3,-0.9403,-0.0166,0.099189,0.999621,0.278494,NS,Concordant Down,TRUE
DAZAP1,-0.5983,0.3576,0.654543,0.713922,0.341399,NS,Discordant (Young Down / Old Up),TRUE
LRBA,-0.7489,-0.2027,0.202648,0.924395,0.625772,NS,Concordant Down,TRUE
GSTM1,-0.3312,0.5993,0.813006,0.464662,0.252682,NS,Discordant (Young Down / Old Up),TRUE
HMOX1,-0.7218,-0.1799,0.075476,0.869632,0.394382,NS,Concordant Down,TRUE
PPP1CC,-0.6759,-0.2227,0.128769,0.681288,0.508541,NS,Concordant Down,TRUE
THRB,-0.6264,0.2689,0.18968,0.808867,0.097611,NS,Discordant (Young Down / Old Up),TRUE
NES,0.6152,-0.276,0.191091,0.861935,0.178873,NS,Discordant (Young Up / Old Down),TRUE
ANKRD2,0.5392,0.3279,0.07871,0.495063,0.850551,NS,Concordant Up,FALSE
CSTA,0.3022,0.5631,0.749621,0.259568,0.86947700000000006,NS,Concordant Up,TRUE
FTL,-0.4507,0.4105,0.608473,0.650955,0.228813,NS,Discordant (Young Down / Old Up),TRUE
CPA3,-0.5351,-0.3087,0.169558,0.501186,0.842981,NS,Concordant Down,TRUE
ARPC1B,0.3674,0.4676,0.267442,0.050486,0.956637,NS,Concordant Up,TRUE
KCTD12,-0.642,0.1828,0.236095,0.768519,0.092358,NS,Discordant (Young Down / Old Up),TRUE
NQO2,-0.5637,-0.2588,0.255453,0.807744,0.816548,NS,Concordant Down,TRUE
TRMT112,-0.67490000000000006,0.1414,0.104305,0.905701,0.063872,NS,Discordant (Young Down / Old Up),TRUE
F13A1,0.6835,0.1254,0.054146,0.913755,0.260327,NS,Concordant Up,TRUE
NFU1,-0.4506,-0.3487,0.202739,0.147753,0.957811,NS,Concordant Down,TRUE
DHCR24,-0.5771,0.2222,0.24348,0.689871,0.071458,NS,Discordant (Young Down / Old Up),TRUE
LGALS3,0.4614,0.334,0.054276,0.246284,0.918565,NS,Concordant Up,TRUE
LAMB2,-0.7045,-0.0889,0.07366,0.973993,0.29385,NS,Concordant Down,TRUE
TSPAN8,-0.3447,-0.4464,0.300449,0.105943,0.956739,NS,Concordant Down,TRUE
S100A16,0.3463,0.4447,0.708618,0.441128,0.983247,NS,Concordant Up,TRUE
SYNE2,-0.3558,-0.43,0.199862,0.051916,0.972537,NS,Concordant Down,TRUE
MYL1,-0.3788,0.4062,0.485095,0.441235,0.078016,NS,Discordant (Young Down / Old Up),FALSE
CAPG,0.3326,0.4455,0.695574,0.259852,0.972463,NS,Concordant Up,TRUE
KYAT1,-0.4515,-0.3266,0.098743,0.292679,0.929189,NS,Concordant Down,TRUE
SOD3,-0.3404,-0.4321,0.594924,0.25055,0.978422,NS,Concordant Down,TRUE
CTTN,0.3707,0.4014,0.601588,0.352965,0.997992,NS,Concordant Up,TRUE
COL6A2,-0.5117,0.2555,0.348308,0.802158,0.169589,NS,Discordant (Young Down / Old Up),TRUE
FTH1,-0.6421,0.1209,0.052377,0.945692,0.072454,NS,Discordant (Young Down / Old Up),FALSE
MYOZ1,-0.6821,0.0791,0.263077,0.988822,0.349898,NS,Discordant (Young Down / Old Up),FALSE
IGKC,0.393,0.3675,0.308391,0.386798,0.998095,NS,Concordant Up,FALSE
MYH2,-0.2736,0.4817,0.747573,0.345553,0.13805,NS,Discordant (Young Down / Old Up),FALSE
MYH1,-0.6399,-0.1147,0.1763,0.967088,0.522071,NS,Concordant Down,FALSE
GPX3,-0.3377,-0.4114,0.262459,0.122704,0.975696,NS,Concordant Down,FALSE
RPL3,0.5653,-0.1814,0.096044,0.872819,0.075953,NS,Discordant (Young Up / Old Down),TRUE
FLNA,0.4786,0.2675,0.058339,0.53263,0.796475,NS,Concordant Up,FALSE
MYBPC1,-0.5831,0.1585,0.143571,0.915823,0.127687,NS,Discordant (Young Down / Old Up),FALSE
KLHL40,0.4043,0.3362,0.370108,0.545279,0.988047,NS,Concordant Up,FALSE
PRUNE1,0.385,-0.3554,0.576971,0.129041,0.087528,NS,Discordant (Young Up / Old Down),TRUE
C6orf136,-0.1869,-0.5526,0.88306,0.281542,0.718852,NS,Concordant Down,TRUE
MT2A,-0.2019,-0.5348,0.766926,0.063288,0.5905,NS,Concordant Down,FALSE
IGLC2,0.4102,0.326,0.403229,0.60662,0.98316,NS,Concordant Up,FALSE
FBLN2,-0.5806,0.1536,0.407828,0.849428,0.235324,NS,Discordant (Young Down / Old Up),TRUE
COL6A3,-0.4771,0.2561,0.309497,0.773923,0.137196,NS,Discordant (Young Down / Old Up),FALSE
IQGAP1,0.3252,0.4003,0.343524,0.053983,0.972521,NS,Concordant Up,TRUE
TPM1,-0.4206,0.3012,0.454734,0.709757,0.175267,NS,Discordant (Young Down / Old Up),FALSE
SPATA20,-0.4925,0.2271,0.482504,0.844168,0.274893,NS,Discordant (Young Down / Old Up),TRUE
H2BC4,-0.6085,0.1098,0.122536,0.961932,0.157115,NS,Discordant (Young Down / Old Up),FALSE
UBE3C,0.6526,-0.0657,0.089707,0.973176,0.07955,NS,Discordant (Young Up / Old Down),TRUE
NDUFA1,-0.4563,0.2619,0.371777,0.750052,0.151136,NS,Discordant (Young Down / Old Up),TRUE
HLA-B,-0.6129,0.1034,0.106075,0.945358,0.085583,NS,Discordant (Young Down / Old Up),TRUE
CRYAB,0.3522,0.3614,0.214474,0.209278,0.999653,NS,Concordant Up,FALSE
DNAJA4,0.408,0.3052,0.181474,0.426977,0.957443,NS,Concordant Up,TRUE
G3BP2,-0.6085,-0.098,0.057587,0.952232,0.288935,NS,Concordant Down,TRUE
TMLHE,-0.4301,0.2763,0.266656,0.606077,0.057646,NS,Discordant (Young Down / Old Up),TRUE
CACNG1,-0.2867,-0.4171,0.514543,0.178953,0.933259,NS,Concordant Down,TRUE
ATL2,-0.24,-0.4612,0.651359,0.11103,0.799261,NS,Concordant Down,TRUE
SELENOW,-0.482,-0.2169,0.156596,0.749328,0.755933,NS,Concordant Down,TRUE
SRM,0.557,0.1404,0.434898,0.939275,0.713731,NS,Concordant Up,TRUE
TPM2,-0.436,0.2598,0.418592,0.781155,0.199151,NS,Discordant (Young Down / Old Up),FALSE
PTER,0.6528,0.041,0.370385,0.992538,0.456789,NS,Concordant Up,TRUE
FLNB,0.433,0.2589,0.140798,0.593353,0.875243,NS,Concordant Up,FALSE
PPP1R14B,0.401,0.2874,0.111584,0.397351,0.93575,NS,Concordant Up,TRUE
ACTB,-0.4213,0.2624,0.33894,0.717279,0.122585,NS,Discordant (Young Down / Old Up),FALSE
COMMD6,0.6657,-0.0045,0.101207,0.999899,0.145319,NS,Discordant (Young Up / Old Down),TRUE
ATPAF2,-0.346,-0.3238,0.399593,0.306657,0.998267,NS,Concordant Down,TRUE
NRAP,0.3349,0.3331,0.509806,0.529729,0.999992,NS,Concordant Up,FALSE
ACOT1,-0.5732,0.092,0.065496,0.958342,0.080319,NS,Discordant (Young Down / Old Up),TRUE
KLHL41,0.4977,0.1666,0.152301,0.876193,0.659114,NS,Concordant Up,FALSE
TPM4,0.4592,0.2016,0.06181,0.670927,0.656601,NS,Concordant Up,TRUE
SLC16A3,-0.5231,0.1361,0.091792,0.906619,0.077556,NS,Discordant (Young Down / Old Up),TRUE
BDH1,-0.3383,-0.3202,0.395905,0.445023,0.998955,NS,Concordant Down,TRUE
LMOD2,-0.501,0.1565,0.357474,0.946809,0.364131,NS,Discordant (Young Down / Old Up),TRUE
SNCG,0.2762,0.3812,0.889231,0.341103,0.985545,NS,Concordant Up,TRUE
NAMPT,0.2612,0.3942,0.58712,0.246382,0.932027,NS,Concordant Up,FALSE
MYL9,-0.2283,0.4234,0.917518,0.499694,0.476001,NS,Discordant (Young Down / Old Up),TRUE
CLPTM1,0.4409,-0.2103,0.489124,0.741206,0.216837,NS,Discordant (Young Up / Old Down),TRUE
IGHV3-7,0.2848,0.3637,0.611775,0.429002,0.981962,NS,Concordant Up,TRUE
IGHG1,0.3953,0.2529,0.216764,0.615792,0.919547,NS,Concordant Up,FALSE
IGLC3,0.3731,0.2704,0.341975,0.626397,0.96557,NS,Concordant Up,FALSE
TAGLN,0.0496,0.5879,0.992042,0.13867,0.373086,NS,Concordant Up,TRUE
MVP,0.2023,0.4339,0.889654,0.311417,0.881282,NS,Concordant Up,TRUE
TAPBP,-0.5066,-0.1268,0.348336,0.896168,0.628899,NS,Concordant Down,TRUE
SYPL2,-0.3391,-0.293,0.166985,0.308248,0.988893,NS,Concordant Down,FALSE
AAMDC,-0.3502,-0.2755,0.164649,0.391681,0.970834,NS,Concordant Down,FALSE
TMOD4,-0.3816,0.2434,0.533704,0.812899,0.2955,NS,Discordant (Young Down / Old Up),TRUE
VPS36,-0.3265,-0.2982,0.418947,0.31867,0.996907,NS,Concordant Down,TRUE
TFRC,0.0891,-0.5339,0.977843,0.260968,0.315803,NS,Discordant (Young Up / Old Down),TRUE
IGHG2,0.444,0.1777,0.178428,0.834243,0.741651,NS,Concordant Up,FALSE
EFEMP1,-0.4961,0.1249,0.315352,0.912048,0.203063,NS,Discordant (Young Down / Old Up),TRUE
NUDT2,-0.1528,0.4665,0.926431,0.314199,0.275874,NS,Discordant (Young Down / Old Up),TRUE
SH3BGRL,0.1635,0.4554,0.86136,0.151274,0.687814,NS,Concordant Up,TRUE
RPL32,-0.1069,0.5106,0.958042,0.219203,0.225878,NS,Discordant (Young Down / Old Up),TRUE
COL15A1,-0.3014,0.314,0.583608,0.520359,0.141851,NS,Discordant (Young Down / Old Up),TRUE
MT-ND3,-0.4694,-0.1448,0.079188,0.869874,0.553053,NS,Concordant Down,FALSE
CD99,0.3101,0.3009,0.390971,0.435535,0.999693,NS,Concordant Up,FALSE
SYNPO2L,-0.5209,0.0887,0.203132,0.972496,0.242446,NS,Discordant (Young Down / Old Up),TRUE
PPP1R12B,0.5839,-0.0252,0.091771,0.997521,0.182945,NS,Discordant (Young Up / Old Down),TRUE
P3H4,-0.4216,0.1866,0.299529,0.843684,0.170938,NS,Discordant (Young Down / Old Up),TRUE
PLIN4,-0.3202,-0.2876,0.187567,0.297356,0.99427,NS,Concordant Down,FALSE
CRELD1,-0.1935,0.4127,0.844171,0.321485,0.192906,NS,Discordant (Young Down / Old Up),TRUE
TMSB4X,0.3149,0.2908,0.550298,0.617704,0.99845,NS,Concordant Up,TRUE
APOBEC2,-0.3952,0.2091,0.256165,0.757606,0.101743,NS,Discordant (Young Down / Old Up),FALSE
RPL37A,0.1638,0.4403,0.833423,0.14398,0.681309,NS,Concordant Up,TRUE
SEC61B,0.1131,-0.488,0.977724,0.376991,0.497097,NS,Discordant (Young Up / Old Down),TRUE
NAE1,-0.2761,-0.3245,0.300988,0.17192,0.986473,NS,Concordant Down,TRUE
TGM2,-0.2161,0.3836,0.776845,0.253091,0.125154,NS,Discordant (Young Down / Old Up),TRUE
LRG1,0.1841,-0.4154,0.856282,0.214092,0.15799,NS,Discordant (Young Up / Old Down),TRUE
BCO2,0.2157,-0.3837,0.870873,0.431058,0.326132,NS,Discordant (Young Up / Old Down),TRUE
ALDOC,0.3833,0.216,0.68641,0.90251,0.960326,NS,Concordant Up,TRUE
NIPSNAP1,-0.3731,-0.2253,0.438698,0.787711,0.939663,NS,Concordant Down,FALSE
PDIA4,0.2968,0.3008,0.511324,0.414097,0.999947,NS,Concordant Up,TRUE
MRPS18A,0.2818,0.3151,0.640244,0.498984,0.996847,NS,Concordant Up,TRUE
PEX11B,-0.3436,-0.2526,0.518478,0.634424,0.975116,NS,Concordant Down,TRUE
SMPX,0.3023,0.2927,0.323292,0.370792,0.999602,NS,Concordant Up,FALSE
TNNT3,-0.3022,0.2918,0.69155199999999994,0.721998,0.329008,NS,Discordant (Young Down / Old Up),FALSE
OXCT1,-0.2529,-0.3402,0.809826,0.464431,0.98277,NS,Concordant Down,TRUE
RPS6,0.2924,0.3003,0.215924,0.195016,0.999642,NS,Concordant Up,TRUE
SNAP29,0.4766,-0.1142,0.162349,0.877891,0.081723,NS,Discordant (Young Up / Old Down),TRUE
PLIN2,0.1637,-0.4254,0.905024,0.286028,0.245301,NS,Discordant (Young Up / Old Down),TRUE
TMX2,-0.4961,-0.0922,0.052652,0.945371,0.340216,NS,Concordant Down,TRUE
MT-ND2,-0.4443,0.1431,0.202968,0.88909,0.135892,NS,Discordant (Young Down / Old Up),TRUE
ERI3,-0.3138,-0.2733,0.381562,0.450151,0.993253,NS,Concordant Down,TRUE
HSPB2,0.3242,0.2621,0.214738,0.424201,0.979733,NS,Concordant Up,FALSE
ABCE1,0.3922,0.1938,0.101009,0.685996,0.776301,NS,Concordant Up,FALSE
APOL2,0.3458,0.239,0.353012,0.607385,0.95413,NS,Concordant Up,TRUE
ABHD16A,0.1191,-0.4649,0.954324,0.144411,0.24692,NS,Discordant (Young Up / Old Down),TRUE
VDAC3,-0.391,-0.1928,0.066683,0.645786,0.745481,NS,Concordant Down,FALSE
ECHDC3,-0.2335,-0.3502,0.734639,0.397384,0.95615000000000006,NS,Concordant Down,TRUE
ABLIM2,-0.4954,-0.0882,0.198054,0.962486,0.500478,NS,Concordant Down,TRUE
TARS1,0.4294,0.154,0.053891,0.760178,0.535521,NS,Concordant Up,TRUE
KRT18,-0.3069,0.275,0.641155,0.719507,0.289442,NS,Discordant (Young Down / Old Up),FALSE
TNNI2,-0.3138,0.2674,0.644179,0.748157,0.314424,NS,Discordant (Young Down / Old Up),FALSE
VPS29,0.2154,0.3641,0.919212,0.366717,0.964867,NS,Concordant Up,TRUE
METTL7A,-0.2282,-0.3471,0.563149,0.210511,0.92578,NS,Concordant Down,FALSE
HSPG2,-0.5085,-0.0612,0.072674,0.981772,0.33203,NS,Concordant Down,FALSE
PHYKPL,0.3984,-0.1697,0.2372,0.79972,0.101721,NS,Discordant (Young Up / Old Down),TRUE
RPL18,0.1145,0.4535,0.930631,0.161536,0.5782,NS,Concordant Up,TRUE
IL18,0.49370000000000003,0.0736,0.338851,0.98189,0.604041,NS,Concordant Up,TRUE
TXNDC5,0.3095,0.2571,0.149659,0.265875,0.980836,NS,Concordant Up,TRUE
ECHDC2,-0.329,-0.2355,0.263732,0.535643,0.955737,NS,Concordant Down,TRUE
MYH11,0.1087,0.4543,0.964746,0.368568,0.730893,NS,Concordant Up,TRUE
ME2,0.3829,0.1793,0.108274,0.730257,0.760919,NS,Concordant Up,TRUE
TNNC2,-0.3028,0.2582,0.646239,0.749678,0.316381,NS,Discordant (Young Down / Old Up),FALSE
MARS1,0.3505,0.2099,0.469061,0.607003,0.925006,NS,Concordant Up,TRUE
HCFC2,-0.3668,-0.1932,0.449175,0.843916,0.914632,NS,Concordant Down,FALSE
NDUFC2,-0.4551,0.1045,0.113519,0.938885,0.121455,NS,Discordant (Young Down / Old Up),FALSE
MARCKS,0.4242,0.135,0.075131,0.848597,0.544481,NS,Concordant Up,TRUE
IDH3B,0.2651,0.2936,0.347514,0.271806,0.9956,NS,Concordant Up,FALSE
PAK1,0.552,0.006,0.347762,0.999861,0.426174,NS,Concordant Up,TRUE
APOD,-0.2665,-0.2899,0.642573,0.596263,0.99845,NS,Concordant Down,FALSE
RGS12,-0.3338,-0.2213,0.378168,0.715414,0.952624,NS,Concordant Down,TRUE
GNA11,-0.3442,-0.2108,0.452312,0.713722,0.936533,NS,Concordant Down,TRUE
NIBAN1,-0.4421,-0.1123,0.067745,0.907509,0.46427,NS,Concordant Down,TRUE
HUWE1,0.3359,0.2153,0.256791,0.649541,0.929217,NS,Concordant Up,FALSE
SFXN4,-0.3812,0.1692,0.369946,0.801004,0.165405,NS,Discordant (Young Down / Old Up),TRUE
BOLA2,0.3927,0.1577,0.098213,0.769197,0.667201,NS,Concordant Up,TRUE
THBS4,-0.0735,0.4768,0.979226,0.143573,0.237983,NS,Discordant (Young Down / Old Up),TRUE
SET,-0.2502,0.3001,0.576678,0.405247,0.092333,NS,Discordant (Young Down / Old Up),TRUE
ALDH1A1,-0.3009,-0.2488,0.31779,0.506512,0.987041,NS,Concordant Down,FALSE
LMNB2,-0.549,-1e-4,0.070517,1,0.199759,NS,Concordant Down,TRUE
CKAP4,0.2631,0.2857,0.729981,0.555574,0.99867,NS,Concordant Up,TRUE
TMEM43,0.3457,0.2008,0.199722,0.670881,0.887306,NS,Concordant Up,FALSE
GPT,-0.3231,-0.2232,0.260439,0.599439,0.949435,NS,Concordant Down,FALSE
TSN,-0.2734,-0.2721,0.304819,0.318705,0.999991,NS,Concordant Down,TRUE
MECP2,-0.1341,-0.4111,0.898382,0.08895,0.650336,NS,Concordant Down,TRUE
GFM1,-0.3169,-0.2282,0.298301,0.491783,0.957351,NS,Concordant Down,TRUE
PEA15,-0.3841,-0.1579,0.667846,0.846194,0.893507,NS,Concordant Down,TRUE
SLC16A1,0.3706,0.1711,0.265232,0.821948,0.833861,NS,Concordant Up,FALSE
CPNE1,-0.2763,-0.2624,0.341685,0.417827,0.999056,NS,Concordant Down,TRUE
IGHM,0.3509,0.1869,0.511659,0.86242,0.928396,NS,Concordant Up,FALSE
LMNA,-0.4526,0.0852,0.108828,0.959548,0.139337,NS,Discordant (Young Down / Old Up),FALSE
CSRP1,0.1099,0.425,0.941348,0.253911,0.659952,NS,Concordant Up,FALSE
S100A8,0.2426,0.2913,0.827032,0.758846,0.995802,NS,Concordant Up,FALSE
ERGIC1,0.1252,0.4085,0.913522,0.21749,0.684693,NS,Concordant Up,TRUE
CLIC1,0.3129,0.22,0.210848,0.534576,0.947927,NS,Concordant Up,TRUE
CPT1A,-0.3133,-0.2194,0.470757,0.700278,0.967814,NS,Concordant Down,TRUE
RPS2,0.2626,0.2701,0.361347,0.353252,0.999713,NS,Concordant Up,FALSE
NID2,-0.5006,-0.0312,0.333803,0.997128,0.537038,NS,Concordant Down,TRUE
LSM8,-0.4993,0.0303,0.0696,0.994557,0.130485,NS,Discordant (Young Down / Old Up),TRUE
ISOC1,-0.4912,-0.0374,0.064784,0.989458,0.196453,NS,Concordant Down,TRUE
MYOM2,-0.3475,-0.1796,0.188452,0.732507,0.843213,NS,Concordant Down,FALSE
ARIH2,-0.4456,0.0799,0.165271,0.948215,0.128176,NS,Discordant (Young Down / Old Up),TRUE
MYH13,0.2605,0.2649,0.83306500000000006,0.791728,0.999969,NS,Concordant Up,TRUE
RPL13A,0.3317,0.1934,0.449911,0.805729,0.935279,NS,Concordant Up,TRUE
ADD1,0.4547,0.0703,0.398225,0.973862,0.603365,NS,Concordant Up,TRUE
HLA-DRB1,-0.3362,-0.185,0.499497,0.81472,0.925875,NS,Concordant Down,TRUE
MRPS15,0.5144,0.0064,0.169351,0.99986,0.353467,NS,Concordant Up,TRUE
MYH4,-0.4499,0.0705,0.497966,0.988739,0.552007,NS,Discordant (Young Down / Old Up),TRUE
UBAP2L,-0.0706,0.4478,0.98074,0.352505,0.36832,NS,Discordant (Young Down / Old Up),TRUE
COMMD7,0.2992,0.2189,0.625819,0.571251,0.978392,NS,Concordant Up,TRUE
RBKS,-0.2345,-0.2814,0.572067,0.428227,0.990297,NS,Concordant Down,TRUE
DNAJA1,0.4376,0.0749,0.225248,0.959034,0.482073,NS,Concordant Up,TRUE
PDLIM7,-0.4382,0.0736,0.359352,0.982324,0.410546,NS,Discordant (Young Down / Old Up),FALSE
HYOU1,0.3268,0.1836,0.174144,0.653926,0.865103,NS,Concordant Up,TRUE
MAPK12,-0.3478,-0.162,0.175301,0.768406,0.796354,NS,Concordant Down,TRUE
GABARAPL2,-0.3831,-0.1263,0.207215,0.905173,0.710873,NS,Concordant Down,TRUE
MFN1,-0.4052,-0.1008,0.30569,0.93814,0.652346,NS,Concordant Down,TRUE
RPL6,0.237,0.2686,0.6908,0.620749,0.996913,NS,Concordant Up,FALSE
NEK9,0.4928,-0.0124,0.103833,0.998951,0.159885,NS,Discordant (Young Up / Old Down),TRUE
DDI2,-0.3629,0.1422,0.514739,0.928086,0.413291,NS,Discordant (Young Down / Old Up),FALSE
AKAP12,0.2314,0.2736,0.65054,0.43114,0.992709,NS,Concordant Up,TRUE
ACSS2,-0.3392,-0.1658,0.093065,0.654497,0.756657,NS,Concordant Down,TRUE
TMEM120A,-0.3403,-0.1645,0.760252,0.876365,0.944489,NS,Concordant Down,TRUE
PDE4DIP,0.2626,0.2421,0.703626,0.752657,0.998963,NS,Concordant Up,TRUE
TUBB,0.2912,0.2119,0.099614,0.376673,0.94309,NS,Concordant Up,FALSE
DENND5A,-0.327,-0.176,0.373729,0.751828,0.894266,NS,Concordant Down,TRUE
VAMP2,-0.2565,-0.2461,0.830263,0.744864,0.9998,NS,Concordant Down,TRUE
AP1B1,0.253,0.2496,0.487587,0.410941,0.999947,NS,Concordant Up,TRUE
PSME4,0.4193,0.0832,0.232318,0.962341,0.57572,NS,Concordant Up,TRUE
NDUFV3,-0.3694,0.1328,0.292022,0.901309,0.214345,NS,Discordant (Young Down / Old Up),FALSE
BST2,-0.372,-0.1301,0.089364,0.821891,0.598675,NS,Concordant Down,TRUE
CORO6,0.3304,0.1714,0.482172,0.872211,0.922591,NS,Concordant Up,TRUE
NIPSNAP3A,0.4814,-0.0203,0.266987,0.998698,0.415987,NS,Discordant (Young Up / Old Down),TRUE
CPT1B,-0.2635,-0.2376,0.366953,0.478302,0.9965,NS,Concordant Down,FALSE
ACADS,-0.159,-0.3399,0.830476,0.330257,0.85532300000000006,NS,Concordant Down,FALSE
NUDT16,-0.3634,-0.1346,0.201682,0.81868,0.694749,NS,Concordant Down,TRUE
S100A9,0.15310000000000001,0.3432,0.926832,0.631173,0.923044,NS,Concordant Up,TRUE
ETFRF1,-0.2941,-0.2016,0.56963,0.776837,0.97207,NS,Concordant Down,TRUE
NDUFS2,-0.375,0.1194,0.152268,0.893502,0.113842,NS,Discordant (Young Down / Old Up),FALSE
CLIC4,0.2424,0.2519,0.531792,0.508084,0.999615,NS,Concordant Up,TRUE
ZNF33A,-0.2555,-0.2386,0.828977,0.856594,0.999558,NS,Concordant Down,FALSE
MRPL47,-0.3337,-0.1593,0.244341,0.727763,0.812072,NS,Concordant Down,TRUE
COX6C,-0.3935,0.0982,0.135291,0.933433,0.133106,NS,Discordant (Young Down / Old Up),FALSE
MRPL9,-0.1779,0.3138,0.879091,0.652451,0.445251,NS,Discordant (Young Down / Old Up),TRUE
MYOM1,-0.3936,-0.0976,0.147148,0.936472,0.575414,NS,Concordant Down,FALSE
AKR1C1,0.4018,0.0889,0.138759,0.949003,0.538185,NS,Concordant Up,TRUE
MMP24OS,-0.2726,-0.218,0.813786,0.769715,0.994214,NS,Concordant Down,TRUE
IDH3G,0.2522,0.2377,0.422662,0.492502,0.998962,NS,Concordant Up,FALSE
PLIN5,-0.0979,-0.3906,0.968174,0.361019,0.764516,NS,Concordant Down,TRUE
PPID,-0.279,-0.2093,0.736836,0.810945,0.988718,NS,Concordant Down,TRUE
DRG2,-0.0266,0.4616,0.996383,0.282005,0.33149,NS,Discordant (Young Down / Old Up),TRUE
NME2,0.2909,0.1973,0.123168,0.475563,0.924052,NS,Concordant Up,FALSE
MYL6,-0.2279,0.26,0.767371,0.708171,0.376082,NS,Discordant (Young Down / Old Up),FALSE
NEXN,-0.2088,0.279,0.784095,0.61119,0.316714,NS,Discordant (Young Down / Old Up),TRUE
USP24,0.2377,-0.25,0.671226,0.461772,0.17592,NS,Discordant (Young Up / Old Down),TRUE
NLN,0.2909,0.1967,0.549922,0.716286,0.965997,NS,Concordant Up,TRUE
HHATL,-0.3236,-0.1637,0.316919,0.810461,0.878293,NS,Concordant Down,FALSE
TIMM8A,-0.4024,0.0849,0.385678,0.966133,0.352909,NS,Discordant (Young Down / Old Up),TRUE
APMAP,0.3374,0.1496,0.224374,0.750611,0.773765,NS,Concordant Up,TRUE
NUBPL,-0.2872,0.1982,0.686878,0.729143,0.347851,NS,Discordant (Young Down / Old Up),TRUE
PFKFB1,-0.1273,0.3577,0.934995,0.281547,0.317341,NS,Discordant (Young Down / Old Up),TRUE
UBE2F,0.2265,-0.258,0.813899,0.611226,0.384691,NS,Discordant (Young Up / Old Down),TRUE
PYURF,-0.3442,0.1396,0.526711,0.910312,0.379451,NS,Discordant (Young Down / Old Up),TRUE
CNIH4,0.3327,-0.1511,0.284651,0.849513,0.172691,NS,Discordant (Young Up / Old Down),TRUE
ERMP1,-0.4138,-0.0691,0.75238,0.980753,0.83806,NS,Concordant Down,TRUE
DBNL,0.464,0.0184,0.346275,0.998159,0.4505,NS,Concordant Up,TRUE
DCTN3,-0.1944,0.2874,0.820761,0.440028,0.274991,NS,Discordant (Young Down / Old Up),TRUE
RNPEP,-0.2575,-0.223,0.341932,0.490409,0.993064,NS,Concordant Down,FALSE
PTGR2,-0.3334,-0.1444,0.161687,0.802401,0.767146,NS,Concordant Down,FALSE
C11orf54,-0.2116,-0.2661,0.448799,0.256311,0.978959,NS,Concordant Down,FALSE
GLUD1,0.3171,0.1605,0.137106,0.708494,0.814416,NS,Concordant Up,FALSE
MAP1LC3B2,-0.4443,0.033,0.354579,0.992046,0.341145,NS,Discordant (Young Down / Old Up),TRUE
BLMH,-0.3759,-0.1009,0.175489,0.921079,0.601338,NS,Concordant Down,TRUE
SCARB2,0.2967,-0.1801,0.312534,0.671577,0.085781,NS,Discordant (Young Up / Old Down),TRUE
ELMOD2,-0.3735,-0.103,0.680217,0.934037,0.843247,NS,Concordant Down,TRUE
AP2A1,0.2709,0.2051,0.440147,0.573822,0.977321,NS,Concordant Up,TRUE
A2M,0.4083,0.0677,0.293256,0.980614,0.623304,NS,Concordant Up,FALSE
TIGAR,0.2252,-0.2496,0.843129,0.713787,0.483982,NS,Discordant (Young Up / Old Down),TRUE
MOB4,0.4073,-0.0674,0.113484,0.958648,0.108019,NS,Discordant (Young Up / Old Down),TRUE
NDUFB5,-0.3754,0.0991,0.115887,0.921154,0.107199,NS,Discordant (Young Down / Old Up),FALSE
TCEA3,-0.3774,0.0961,0.416278,0.921511,0.281501,NS,Discordant (Young Down / Old Up),TRUE
LRRC20,-0.3268,-0.1465,0.087207,0.733045,0.725314,NS,Concordant Down,FALSE
LANCL2,-0.2993,-0.1739,0.23106,0.656376,0.890854,NS,Concordant Down,TRUE
MT-ND5,-0.2345,0.2361,0.745193,0.751168,0.393186,NS,Discordant (Young Down / Old Up),FALSE
LAMA2,-0.3881,0.0821,0.351626,0.968763,0.349979,NS,Discordant (Young Down / Old Up),TRUE
PTGR1,0.1967,0.2734,0.826616,0.651039,0.983507,NS,Concordant Up,TRUE
SYNPO,-0.3188,-0.1513,0.38695,0.843717,0.875224,NS,Concordant Down,TRUE
ACSF2,-0.288,-0.1812,0.326384,0.711197,0.936637,NS,Concordant Down,FALSE
MICOS10,-0.307,0.1616,0.521873,0.868863,0.337018,NS,Discordant (Young Down / Old Up),TRUE
MRRF,-0.466,-0.0018,0.106973,0.99998,0.213089,NS,Concordant Down,TRUE
AP1M1,0.4531,0.014,0.059172,0.998644,0.180317,NS,Concordant Up,TRUE
RPL12,0.1437,0.3215,0.9055,0.540961,0.902819,NS,Concordant Up,FALSE
DHRS4,0.1153,0.3495,0.937544,0.213153,0.775769,NS,Concordant Up,TRUE
SORD,-0.2465,-0.2179,0.658336,0.669081,0.997146,NS,Concordant Down,TRUE
MTAP,-0.2988,-0.1653,0.441191,0.800699,0.920485,NS,Concordant Down,TRUE
RPL38,-0.339,0.1241,0.149006,0.851114,0.085975,NS,Discordant (Young Down / Old Up),TRUE
MRPL53,-0.3484,0.1145,0.482026,0.923713,0.350295,NS,Discordant (Young Down / Old Up),TRUE
DES,-0.253,0.2096,0.753748,0.838427,0.489853,NS,Discordant (Young Down / Old Up),FALSE
LYPLAL1,-0.4248,-0.0372,0.520085,0.991777,0.625031,NS,Concordant Down,TRUE
RPL11,0.1826,0.2788,0.806931,0.580007,0.967699,NS,Concordant Up,TRUE
GGCT,-0.2806,-0.1806,0.175021,0.579404,0.918461,NS,Concordant Down,FALSE
DBI,-0.2247,-0.2359,0.519923,0.494963,0.999383,NS,Concordant Down,FALSE
UNC45B,0.2513,0.2084,0.295051,0.484563,0.987428,NS,Concordant Up,FALSE
COX6A2,-0.2852,0.1738,0.639865,0.85404,0.403084,NS,Discordant (Young Down / Old Up),TRUE
NDUFB9,-0.4101,0.0487,0.072335,0.983198,0.135848,NS,Discordant (Young Down / Old Up),FALSE
CLEC3B,0.3855,-0.0723,0.350282,0.969205,0.319907,NS,Discordant (Young Up / Old Down),TRUE
CORO1B,-0.1315,0.3256,0.964054,0.286171,0.585539,NS,Discordant (Young Down / Old Up),TRUE
TUBA1B,0.3018,0.1549,0.126709,0.691964,0.815513,NS,Concordant Up,FALSE
PRKAG1,0.3209,0.135,0.059794,0.738302,0.662635,NS,Concordant Up,FALSE
NDUFS5,-0.4252,0.0301,0.100069,0.99477,0.207537,NS,Discordant (Young Down / Old Up),FALSE
AAMP,0.214,0.2409,0.815347,0.642581,0.997998,NS,Concordant Up,TRUE
EIF4H,-0.2626,-0.192,0.222282,0.522954,0.960912,NS,Concordant Down,FALSE
CARM1,0.0458,0.4087,0.989301,0.334342,0.55634,NS,Concordant Up,TRUE
MT-ND1,-0.4364,0.018,0.067143,0.998064,0.180144,NS,Discordant (Young Down / Old Up),FALSE
RPS13,0.147,0.3074,0.844128,0.384963,0.87838,NS,Concordant Up,FALSE
JUP,0.2024,0.2511,0.85972,0.666393,0.994154,NS,Concordant Up,TRUE
IGHG3,0.4013,0.0521,0.447155,0.991536,0.701533,NS,Concordant Up,FALSE
NGLY1,0.1723,0.2806,0.733399,0.29213,0.929898,NS,Concordant Up,TRUE
EPM2A,-0.4296,-0.0231,0.14064,0.997236,0.361651,NS,Concordant Down,TRUE
KIF5B,0.2392,0.2132,0.321357,0.445323,0.995457,NS,Concordant Up,FALSE
UQCR11,-0.4138,0.0382,0.169275,0.992392,0.272794,NS,Discordant (Young Down / Old Up),TRUE
TLN2,-0.0895,-0.3625,0.916643,0.074952,0.469019,NS,Concordant Down,TRUE
MYOZ3,-0.083,0.3686,0.96608,0.685845,0.589791,NS,Discordant (Young Down / Old Up),TRUE
VPS13A,-0.3297,-0.121,0.772419,0.908613,0.915874,NS,Concordant Down,TRUE
ACTR2,0.2713,0.1792,0.165518,0.549412,0.925179,NS,Concordant Up,FALSE
IFITM1,-0.3348,-0.1153,0.326523,0.890893,0.754963,NS,Concordant Down,TRUE
SHMT1,-0.2041,-0.2459,0.777761,0.677469,0.994597,NS,Concordant Down,TRUE
IGHA1,0.3668,0.0829,0.406552,0.97135,0.742874,NS,Concordant Up,FALSE
RPL10,0.0956,0.3537,0.939569,0.267692,0.684334,NS,Concordant Up,FALSE
SAE1,0.1216,-0.3277,0.966566,0.295291,0.568793,NS,Discordant (Young Up / Old Down),TRUE
NDUFS6,-0.4116,0.0375,0.074861,0.990482,0.157278,NS,Discordant (Young Down / Old Up),FALSE
AHCYL1,0.2973,0.1513,0.177885,0.736979,0.836948,NS,Concordant Up,FALSE
CLUH,0.429,0.0196,0.465038,0.998296,0.574704,NS,Concordant Up,TRUE
NDUFAF4,-0.262,0.1859,0.656634,0.789703,0.350826,NS,Discordant (Young Down / Old Up),TRUE
KRT2,-0.3285,0.1192,0.628351,0.95511,0.55474,NS,Discordant (Young Down / Old Up),FALSE
EHBP1L1,0.3424,0.1051,0.095189,0.873791,0.565442,NS,Concordant Up,TRUE
NDUFB10,-0.4267,-0.0197,0.061236,0.997529,0.241678,NS,Concordant Down,FALSE
YBX1,0.3635,0.0829,0.072018,0.933247,0.45539,NS,Concordant Up,FALSE
RPL7,0.2318,0.2143,0.679547,0.735887,0.998998,NS,Concordant Up,FALSE
GPC1,-0.1623,-0.2837,0.781741,0.357767,0.920371,NS,Concordant Down,TRUE
MRPS36,0.227,-0.2186,0.692623,0.704083,0.308973,NS,Discordant (Young Up / Old Down),TRUE
NDUFA7,-0.3635,0.0811,0.208268,0.95737,0.222635,NS,Discordant (Young Down / Old Up),FALSE
COX6B1,-0.3442,0.1004,0.178495,0.918916,0.151155,NS,Discordant (Young Down / Old Up),FALSE
SYPL1,-0.3808,-0.0637,0.077823,0.966464,0.396566,NS,Concordant Down,FALSE
TWF2,-0.1797,0.264,0.745395,0.48249,0.200997,NS,Discordant (Young Down / Old Up),TRUE
SSR4,-0.2135,0.2301,0.860885,0.690374,0.513039,NS,Discordant (Young Down / Old Up),TRUE
ERP44,0.0833,-0.36,0.976985,0.516578,0.524288,NS,Discordant (Young Up / Old Down),TRUE
MYH9,0.1138,0.3294,0.910692,0.324788,0.776148,NS,Concordant Up,FALSE
COX5B,-0.3133,0.1298,0.244087,0.854406,0.142914,NS,Discordant (Young Down / Old Up),FALSE
NDUFAB1,-0.3537,-0.0872,0.17683,0.943192,0.605452,NS,Concordant Down,FALSE
IDI1,-0.0989,-0.3417,0.927673,0.22587,0.681379,NS,Concordant Down,TRUE
VDAC1,-0.3063,-0.1341,0.100879,0.759155,0.729116,NS,Concordant Down,FALSE
ERAP1,0.3002,0.14,0.39356,0.860226,0.87713699999999994,NS,Concordant Up,TRUE
SCO1,-0.1692,0.2707,0.826935,0.516845,0.295145,NS,Discordant (Young Down / Old Up),TRUE
NAA10,0.266,0.1733,0.531294,0.688838,0.957569,NS,Concordant Up,TRUE
CUTA,-0.148,-0.2912,0.840522,0.430095,0.903482,NS,Concordant Down,FALSE
BANF1,-0.2353,0.2038,0.619117,0.72267,0.27059,NS,Discordant (Young Down / Old Up),FALSE
RPS15,-0.0646,0.3738,0.965132,0.108179,0.134935,NS,Discordant (Young Down / Old Up),FALSE
RNF7,-0.2785,-0.1595,0.179665,0.66828,0.880727,NS,Concordant Down,FALSE
HSPB3,0.3072,0.1306,0.360341,0.881571,0.848705,NS,Concordant Up,FALSE
ANK1,0.1903,0.2473,0.858942,0.696856,0.991465,NS,Concordant Up,TRUE
PPIB,0.1373,0.3002,0.843596,0.331176,0.853485,NS,Concordant Up,TRUE
MPP1,-0.3465,0.0908,0.450122,0.953899,0.379332,NS,Discordant (Young Down / Old Up),TRUE
KRT19,-0.2561,0.1809,0.778628,0.895818,0.585953,NS,Discordant (Young Down / Old Up),FALSE
MYBPC2,-0.3247,0.111,0.675174,0.965583,0.617926,NS,Discordant (Young Down / Old Up),FALSE
RBP4,-0.1665,-0.2672,0.950958,0.699803,0.984421,NS,Concordant Down,TRUE
FKBP2,-0.3309,-0.1026,0.413824,0.942464,0.795074,NS,Concordant Down,TRUE
NT5C1A,0.1714,0.2613,0.832068,0.622135,0.971871,NS,Concordant Up,FALSE
CCT5,0.2696,0.1614,0.057014,0.478285,0.843326,NS,Concordant Up,FALSE
CHCHD2,-0.1933,0.2374,0.786032,0.688294,0.373652,NS,Discordant (Young Down / Old Up),FALSE
TUFM,0.1854,0.2451,0.505559,0.268154,0.970797,NS,Concordant Up,FALSE
PTCD3,0.1904,0.2393,0.68193,0.504952,0.988045,NS,Concordant Up,TRUE
JPH2,-0.3361,-0.0918,0.086797,0.907728,0.532727,NS,Concordant Down,FALSE
DCTN6,0.3187,0.1087,0.470551,0.911941,0.809359,NS,Concordant Up,TRUE
KPNA1,0.2734,0.154,0.252617,0.719315,0.892932,NS,Concordant Up,TRUE
MRPL21,0.1303,-0.2971,0.952798,0.630405,0.59107,NS,Discordant (Young Up / Old Down),TRUE
NDUFS3,-0.3821,-0.0452,0.064839,0.983153,0.320112,NS,Concordant Down,FALSE
TUBB2A,0.3039,0.1216,0.102159,0.802252,0.69246,NS,Concordant Up,FALSE
GSTZ1,-0.1582,-0.2655,0.846872,0.617082,0.958102,NS,Concordant Down,TRUE
HNRNPH2,-0.3233,-0.1004,0.589425,0.926993,0.829026,NS,Concordant Down,TRUE
UBQLN1,-0.1239,-0.2996,0.941519,0.526254,0.90624,NS,Concordant Down,TRUE
GLRX5,-0.2719,-0.1515,0.590578,0.850595,0.94423,NS,Concordant Down,TRUE
SSPN,-0.1086,-0.3142,0.844267,0.104061,0.62312,NS,Concordant Down,FALSE
SLK,0.2271,0.1953,0.601079,0.605129,0.995095,NS,Concordant Up,TRUE
DCN,-0.3644,-0.0567,0.331729,0.984771,0.645742,NS,Concordant Down,FALSE
NDUFA12,-0.4008,0.0201,0.122562,0.997633,0.254833,NS,Discordant (Young Down / Old Up),FALSE
UBE2D1,-0.1128,-0.3069,0.856703,0.176229,0.710912,NS,Concordant Down,FALSE
NDUFA8,-0.4061,-0.0135,0.07084,0.998802,0.248493,NS,Concordant Down,FALSE
MAP3K20,0.2887,-0.1309,0.5458,0.910427,0.405036,NS,Discordant (Young Up / Old Down),TRUE
PADI2,0.3116,0.108,0.129256,0.866656,0.66405,NS,Concordant Up,FALSE
JCHAIN,-0.1421,-0.2772,0.961443,0.757368,0.97152,NS,Concordant Down,TRUE
MIEN1,-0.1019,0.3171,0.939016,0.259992,0.281814,NS,Discordant (Young Down / Old Up),TRUE
COQ10A,-0.2983,0.1206,0.398351,0.902732,0.287062,NS,Discordant (Young Down / Old Up),FALSE
NDUFB4,-0.4127,-0.006,0.111337,0.999803,0.295241,NS,Concordant Down,FALSE
GLRX,-0.2461,-0.1726,0.618669,0.823313,0.980083,NS,Concordant Down,TRUE
DNAJA3,-0.3026,-0.1155,0.46208,0.915773,0.850168,NS,Concordant Down,TRUE
HNRNPH1,-0.2368,0.1811,0.346812,0.597471,0.077028,NS,Discordant (Young Down / Old Up),FALSE
ANXA2,0.2737,0.1432,0.268688,0.77682,0.877923,NS,Concordant Up,FALSE
HNRNPH3,-0.2894,-0.1275,0.447137,0.893535,0.881437,NS,Concordant Down,TRUE
BGN,-0.392,-0.0247,0.241145,0.996983,0.478469,NS,Concordant Down,TRUE
EPB41,0.1515,0.2651,0.910646,0.652235,0.963834,NS,Concordant Up,TRUE
PHKA1,0.1892,0.2272,0.541932,0.397201,0.990102,NS,Concordant Up,FALSE
SELENBP1,-0.1642,-0.2522,0.716539,0.400293,0.951923,NS,Concordant Down,FALSE
NDUFA10,-0.3098,0.1063,0.273344,0.909501,0.207726,NS,Discordant (Young Down / Old Up),FALSE
LYRM7,-0.2052,-0.2109,0.662409,0.637314,0.999862,NS,Concordant Down,TRUE
CZIB,-0.2752,-0.1403,0.244522,0.776653,0.863022,NS,Concordant Down,FALSE
IDH3A,0.1896,0.2251,0.52929,0.393847,0.991237,NS,Concordant Up,FALSE
RPL22,-0.0288,0.3841,0.994398,0.131427,0.229878,NS,Discordant (Young Down / Old Up),FALSE
NDUFA9,-0.3739,-0.0386,0.114312,0.989383,0.386719,NS,Concordant Down,FALSE
GCN1,0.2925,0.1199,0.474121,0.851372,0.844634,NS,Concordant Up,TRUE
LASP1,-0.2687,0.1434,0.728455,0.901134,0.535029,NS,Discordant (Young Down / Old Up),TRUE
EEF1G,0.2467,0.1649,0.121669,0.487478,0.92079,NS,Concordant Up,FALSE
AKR1C2,0.2116,0.1998,0.747549,0.811032,0.999601,NS,Concordant Up,TRUE
FABP5,-0.2527,-0.1587,0.466114,0.789693,0.953907,NS,Concordant Down,FALSE
COX7A2,-0.2711,0.1397,0.426464,0.847947,0.247363,NS,Discordant (Young Down / Old Up),FALSE
MAPT,0.3397,0.0706,0.083587,0.948579,0.453513,NS,Concordant Up,FALSE
IMPA2,-0.2487,-0.1611,0.434976,0.759774,0.956192,NS,Concordant Down,FALSE
ARIH1,0.1247,-0.2847,0.91757,0.389428,0.352324,NS,Discordant (Young Up / Old Down),TRUE
PMPCA,-0.0964,0.3123,0.96354,0.362788,0.453323,NS,Discordant (Young Down / Old Up),TRUE
DPP7,-0.3963,-0.0123,0.487383,0.99922,0.576986,NS,Concordant Down,TRUE
ASPSCR1,-0.203,-0.2052,0.694012,0.578694,0.999978,NS,Concordant Down,TRUE
EEFSEC,0.0415,0.3665,0.993144,0.249675,0.616522,NS,Concordant Up,TRUE
MAN2C1,0.2893,-0.1183,0.403893,0.902001,0.289827,NS,Discordant (Young Up / Old Down),TRUE
NDUFS4,-0.3616,-0.0459,0.199405,0.986876,0.510934,NS,Concordant Down,FALSE
DNAJB2,-0.197,-0.2103,0.680394,0.590206,0.999182,NS,Concordant Down,TRUE
ETF1,0.2559,0.1513,0.476402,0.807532,0.942874,NS,Concordant Up,TRUE
TSG101,0.2098,-0.1968,0.537499,0.521112,0.119198,NS,Discordant (Young Up / Old Down),TRUE
PHKA2,0.0468,0.3587,0.981957,0.122632,0.409298,NS,Concordant Up,FALSE
RPL29,0.2193,0.1858,0.765134,0.839306,0.996888,NS,Concordant Up,FALSE
MRPL37,-0.3613,0.0426,0.37073,0.990415,0.419362,NS,Discordant (Young Down / Old Up),TRUE
PPME1,0.242,0.1616,0.765172,0.868284,0.982168,NS,Concordant Up,TRUE
RPL31,-0.2865,0.1167,0.334953,0.886885,0.225208,NS,Discordant (Young Down / Old Up),FALSE
MYO6,0.1388,0.2643,0.865073,0.527124,0.929234,NS,Concordant Up,FALSE
CCT4,0.2307,0.172,0.232475,0.517073,0.967157,NS,Concordant Up,FALSE
ARHGDIB,0.2533,-0.1492,0.529238,0.832776,0.297709,NS,Discordant (Young Up / Old Down),TRUE
NAPRT,-0.3915,0.0106,0.406707,0.999606,0.548918,NS,Discordant (Young Down / Old Up),TRUE
RDH11,0.2787,0.1234,0.702155,0.912184,0.92724,NS,Concordant Up,TRUE
PFDN5,-0.2473,-0.1543,0.293199,0.672944,0.929105,NS,Concordant Down,TRUE
MCU,-0.3145,-0.0867,0.325348,0.948616,0.734519,NS,Concordant Down,TRUE
SCRN3,-0.2322,-0.1685,0.687954,0.806146,0.984955,NS,Concordant Down,TRUE
FLG2,-0.176,0.2243,0.928772,0.871194,0.732319,NS,Discordant (Young Down / Old Up),TRUE
AGK,0.0891,0.3111,0.952784,0.3626,0.770968,NS,Concordant Up,TRUE
RPL13,0.2476,0.1515,0.635821,0.871479,0.966675,NS,Concordant Up,FALSE
RPL36AL,0.1486,0.2501,0.853094,0.594243,0.957479,NS,Concordant Up,FALSE
TMEM63A,0.3081,0.0893,0.401594,0.947684,0.774453,NS,Concordant Up,TRUE
HAGH,-0.2136,-0.1828,0.368259,0.526012,0.992716,NS,Concordant Down,FALSE
FAM98A,0.3386,0.0575,0.363447,0.98388,0.686832,NS,Concordant Up,TRUE
RAP1A,0.3428,-0.0528,0.558823,0.984955,0.527083,NS,Discordant (Young Up / Old Down),TRUE
DARS1,0.3409,0.0547,0.086486,0.971074,0.405642,NS,Concordant Up,FALSE
RNF181,-0.2193,-0.176,0.796568,0.811493,0.994541,NS,Concordant Down,TRUE
G3BP1,-0.1286,0.2663,0.924871,0.586445,0.480253,NS,Discordant (Young Down / Old Up),TRUE
EEF2K,-0.287,-0.1077,0.509169,0.919342,0.85699,NS,Concordant Down,TRUE
KRT10,-0.258,0.1367,0.761819,0.938658,0.636576,NS,Discordant (Young Down / Old Up),FALSE
LAMTOR1,0.3945,1e-4,0.124177,1,0.226141,NS,Concordant Up,TRUE
STK38,-0.2829,-0.1104,0.645753,0.931188,0.900295,NS,Concordant Down,TRUE
DAD1,0.2202,-0.173,0.902462,0.813444,0.709643,NS,Discordant (Young Up / Old Down),TRUE
RPL14,0.2886,0.1045,0.597879,0.950495,0.890056,NS,Concordant Up,TRUE
SND1,-0.116,0.2764,0.89283,0.361424,0.255146,NS,Discordant (Young Down / Old Up),TRUE
HMGB1,-0.2727,-0.1195,0.176239,0.808839,0.78445,NS,Concordant Down,FALSE
CAST,0.2016,0.1904,0.569713,0.627343,0.999326,NS,Concordant Up,FALSE
NDUFA5,-0.3563,-0.0349,0.123443,0.990846,0.394901,NS,Concordant Down,FALSE
RASA4,-0.2545,-0.1361,0.659225,0.876405,0.94737,NS,Concordant Down,TRUE
PLEC,0.2317,-0.1588,0.579913,0.810029,0.313885,NS,Discordant (Young Up / Old Down),FALSE
ARMT1,-0.1288,-0.2612,0.881604,0.482558,0.914305,NS,Concordant Down,TRUE
NDUFB3,-0.3864,0.0026,0.127004,0.999962,0.298628,NS,Discordant (Young Down / Old Up),FALSE
MOGS,-0.2843,-0.1044,0.742881,0.942383,0.915335,NS,Concordant Down,TRUE
STXBP3,-0.247,0.1416,0.407087,0.779091,0.177209,NS,Discordant (Young Down / Old Up),TRUE
RPS7,0.1083,0.2795,0.931437,0.532816,0.880442,NS,Concordant Up,TRUE
COX7A1,-0.3673,0.0202,0.174643,0.99756,0.315686,NS,Discordant (Young Down / Old Up),FALSE
IMPACT,0.2977,-0.0897,0.593434,0.960096,0.516534,NS,Discordant (Young Up / Old Down),TRUE
HINT2,-0.2165,-0.1696,0.68208,0.813965,0.99161,NS,Concordant Down,FALSE
BAG3,0.2245,0.1615,0.548089,0.772201,0.979402,NS,Concordant Up,FALSE
LRRC40,-0.3657,-0.0194,0.709354,0.997556,0.750561,NS,Concordant Down,TRUE
NDUFS8,-0.3796,-0.0048,0.136092,0.999864,0.32818,NS,Concordant Down,FALSE
AP2M1,0.3026,0.0814,0.22736,0.93759,0.661725,NS,Concordant Up,TRUE
SRSF3,0.1555,0.228,0.895364,0.676123,0.983596,NS,Concordant Up,TRUE
SNRPA,-0.3142,0.0692,0.29328,0.957118,0.257969,NS,Discordant (Young Down / Old Up),TRUE
NDUFV1,-0.3706,-0.0127,0.105972,0.998888,0.307287,NS,Concordant Down,FALSE
HNRNPL,-0.2386,0.1438,0.428015,0.786749,0.197316,NS,Discordant (Young Down / Old Up),TRUE
FAM120A,0.2126,0.1695,0.64739,0.696169,0.990684,NS,Concordant Up,TRUE
SARS1,0.2789,0.103,0.333933,0.901137,0.799915,NS,Concordant Up,TRUE
GLUL,-0.1226,-0.2587,0.95218,0.607322,0.95014,NS,Concordant Down,TRUE
MTIF2,0.2375,0.1437,0.596195,0.712461,0.950043,NS,Concordant Up,TRUE
HNRNPM,-0.1723,0.2085,0.804002,0.582922,0.336841,NS,Discordant (Young Down / Old Up),TRUE
CLIC5,-0.2092,-0.1708,0.490353,0.662883,0.99058,NS,Concordant Down,FALSE
MRPS35,0.2941,-0.085,0.556885,0.944302,0.434212,NS,Discordant (Young Up / Old Down),TRUE
TMX3,-0.2239,0.155,0.919761,0.908883,0.790168,NS,Discordant (Young Down / Old Up),TRUE
GLO1,-0.2073,-0.1713,0.41892,0.598101,0.990337,NS,Concordant Down,FALSE
QDPR,-0.2289,-0.1494,0.388447,0.731009,0.953884,NS,Concordant Down,FALSE
PDPR,-0.2857,0.092,0.529233,0.9454,0.430279,NS,Discordant (Young Down / Old Up),TRUE
NDUFA2,-0.3016,-0.0758,0.261614,0.953022,0.679814,NS,Concordant Down,FALSE
CAP2,-0.3289,0.0484,0.147269,0.980142,0.211573,NS,Discordant (Young Down / Old Up),FALSE
RTCB,0.24,0.1368,0.205769,0.694079,0.889052,NS,Concordant Up,FALSE
SGCD,-0.1682,-0.2078,0.598963,0.436612,0.988245,NS,Concordant Down,FALSE
PUF60,-0.2726,-0.1021,0.48601,0.873749,0.826717,NS,Concordant Down,TRUE
FGGY,-0.3304,0.044,0.658372,0.98952,0.623187,NS,Discordant (Young Down / Old Up),TRUE
SELENOF,-0.2433,0.1311,0.906382,0.910267,0.789439,NS,Discordant (Young Down / Old Up),TRUE
NIF3L1,-0.2601,-0.1139,0.257925,0.844562,0.823294,NS,Concordant Down,FALSE
DCTN1,0.2897,0.0831,0.115738,0.909171,0.588838,NS,Concordant Up,FALSE
SLC27A1,0.0199,-0.3523,0.998172,0.157857,0.41222,NS,Discordant (Young Up / Old Down),TRUE
PPP3CB,-0.1944,-0.1777,0.561639,0.643806,0.998336,NS,Concordant Down,FALSE
ARPC5,0.2417,0.1295,0.703119,0.903301,0.956445,NS,Concordant Up,TRUE
RIDA,-0.2081,-0.1625,0.291718,0.534706,0.979499,NS,Concordant Down,FALSE
COX5A,-0.3216,0.0489,0.20621,0.981651,0.272986,NS,Discordant (Young Down / Old Up),FALSE
SNCA,0.2179,0.1522,0.922585,0.944744,0.994633,NS,Concordant Up,TRUE
OBSCN,0.3245,0.0452,0.311376,0.987801,0.620487,NS,Concordant Up,FALSE
NDUFS1,-0.3603,0.0091,0.103481,0.999409,0.250666,NS,Discordant (Young Down / Old Up),FALSE
EIF2S3,0.3087,-0.0604,0.221149,0.969815,0.256014,NS,Discordant (Young Up / Old Down),FALSE
CMBL,-0.1623,-0.2065,0.768104,0.637715,0.990514,NS,Concordant Down,FALSE
ADK,0.0692,0.2996,0.963604,0.311374,0.690388,NS,Concordant Up,TRUE
CELF1,-0.2998,0.0687,0.416013,0.968581,0.396854,NS,Discordant (Young Down / Old Up),TRUE
TPPP3,0.297,0.0705,0.653041,0.978527,0.849607,NS,Concordant Up,TRUE
TNS1,-0.3015,-0.0655,0.31828,0.968485,0.684111,NS,Concordant Down,TRUE
REEP5,0.3514,-0.0155,0.078012,0.998014,0.196991,NS,Discordant (Young Up / Old Down),FALSE
COX7C,-0.3346,0.0322,0.297321,0.994123,0.410511,NS,Discordant (Young Down / Old Up),FALSE
ARL3,0.2781,0.0882,0.511137,0.922779,0.807874,NS,Concordant Up,TRUE
NMT1,-0.2363,-0.1296,0.706243,0.827948,0.952109,NS,Concordant Down,TRUE
CAVIN2,-0.1632,-0.2023,0.661418,0.511065,0.989681,NS,Concordant Down,FALSE
CCT2,0.2454,0.1201,0.224008,0.786954,0.845506,NS,Concordant Up,FALSE
PDIA3,0.2309,0.1345,0.235446,0.702222,0.903706,NS,Concordant Up,FALSE
HSPE1,0.1502,0.2148,0.703345,0.442445,0.969022,NS,Concordant Up,FALSE
SHMT2,0.0695,0.2954,0.974858,0.409961,0.776868,NS,Concordant Up,TRUE
MYL12B,-0.0319,0.3325,0.993642,0.286842,0.383433,NS,Discordant (Young Down / Old Up),FALSE
SF1,-0.3127,0.0511,0.643161,0.989286,0.636137,NS,Discordant (Young Down / Old Up),TRUE
ABHD10,-0.2011,-0.1625,0.666828,0.755831,0.99279,NS,Concordant Down,TRUE
CAP1,0.0781,0.2854,0.956693,0.407413,0.772887,NS,Concordant Up,TRUE
TACO1,-0.316,-0.0474,0.368636,0.986703,0.661233,NS,Concordant Down,TRUE
PCBD2,-0.1953,-0.1678,0.434572,0.581497,0.994055,NS,Concordant Down,FALSE
HP,0.3023,-0.0604,0.680568,0.989091,0.694959,NS,Discordant (Young Up / Old Down),FALSE
RPL34,0.1953,-0.1673,0.85582,0.900306,0.670741,NS,Discordant (Young Up / Old Down),TRUE
MT-CO2,-0.3491,-0.013,0.158611,0.998872,0.380641,NS,Concordant Down,FALSE
GAPDH,0.1748,0.1865,0.602291,0.567017,0.999129,NS,Concordant Up,FALSE
FN1,-0.2237,-0.1367,0.914059,0.943793,0.989509,NS,Concordant Down,TRUE
NOMO2,-0.2663,0.0938,0.383209,0.913673,0.272866,NS,Discordant (Young Down / Old Up),TRUE
DDX1,0.2863,0.0737,0.12238,0.930178,0.565181,NS,Concordant Up,FALSE
TRAPPC3,0.3564,0.0034,0.452726,0.999932,0.544228,NS,Concordant Up,TRUE
TOMM70,0.3245,-0.0344,0.156665,0.990185,0.249483,NS,Discordant (Young Up / Old Down),TRUE
EIF2B1,0.2813,0.0773,0.36089,0.933328,0.71407,NS,Concordant Up,TRUE
ETHE1,-0.2841,-0.0729,0.559686,0.953017,0.79183,NS,Concordant Down,TRUE
PRELP,-0.3109,-0.046,0.476745,0.990211,0.736528,NS,Concordant Down,TRUE
CLTC,0.277,0.0799,0.211973,0.929875,0.679148,NS,Concordant Up,FALSE
PHKB,0.1306,0.2263,0.797874,0.436206,0.933992,NS,Concordant Up,FALSE
MYO1C,0.2193,-0.1375,0.633599,0.834658,0.370132,NS,Discordant (Young Up / Old Down),TRUE
AP2B1,0.1829,0.1736,0.697473,0.705616,0.999582,NS,Concordant Up,TRUE
UBL4A,0.231,-0.1253,0.655576,0.873281,0.428905,NS,Discordant (Young Up / Old Down),TRUE
COQ9,-0.2176,-0.1385,0.411205,0.757751,0.952029,NS,Concordant Down,FALSE
TKT,0.2149,0.1411,0.721034,0.855642,0.978413,NS,Concordant Up,TRUE
UBE2V2,-0.1922,-0.1636,0.32351799999999997,0.490023,0.991759,NS,Concordant Down,FALSE
MTDH,0.2866,0.0689,0.287164,0.953237,0.665739,NS,Concordant Up,TRUE
NDUFB8,-0.3101,0.0454,0.217272,0.983635,0.289396,NS,Discordant (Young Down / Old Up),FALSE
RPS16,0.1032,0.252,0.901508,0.430173,0.860501,NS,Concordant Up,FALSE
PDLIM5,-0.1023,-0.2521,0.912388,0.472949,0.871573,NS,Concordant Down,FALSE
ACAD8,-0.2792,0.0751,0.423974,0.954245,0.363094,NS,Discordant (Young Down / Old Up),TRUE
SLC25A3,0.2666,0.0876,0.229463,0.911007,0.726397,NS,Concordant Up,FALSE
PRXL2A,-0.1674,-0.1868,0.824805,0.788119,0.998708,NS,Concordant Down,FALSE
CYB5A,0.2174,-0.1365,0.683966,0.854101,0.433152,NS,Discordant (Young Up / Old Down),TRUE
PICALM,0.351,-0.0028,0.518169,0.999949,0.562298,NS,Discordant (Young Up / Old Down),TRUE
SCP2,0.1258,0.2275,0.869339,0.57992,0.946456,NS,Concordant Up,TRUE
PAFAH1B2,-0.1656,0.1876,0.911645,0.808563,0.663528,NS,Discordant (Young Down / Old Up),TRUE
RPS27A,0.1443,-0.208,0.889234,0.770674,0.562155,NS,Discordant (Young Up / Old Down),FALSE
FHL3,-0.147,-0.2041,0.820207,0.660479,0.984378,NS,Concordant Down,FALSE
SLC25A24,0.1214,0.2297,0.808781,0.359295,0.902701,NS,Concordant Up,TRUE
PGM5,-0.2776,-0.0733,0.401151,0.961825,0.771042,NS,Concordant Down,FALSE
RPL15,0.2942,0.0564,0.440361,0.982113,0.744622,NS,Concordant Up,TRUE
CST3,0.1967,0.1533,0.631394,0.781938,0.990074,NS,Concordant Up,TRUE
DDAH2,0.3443,0.0052,0.146491,0.99979,0.316368,NS,Concordant Up,TRUE
ACY1,0.2381,0.1109,0.447632,0.885082,0.896583,NS,Concordant Up,FALSE
TACC2,0.148,-0.2007,0.806751,0.625441,0.342221,NS,Discordant (Young Up / Old Down),TRUE
ERO1A,0.1735,0.175,0.613235,0.575286,0.999986,NS,Concordant Up,TRUE
ALDH9A1,-0.1822,-0.166,0.597439,0.676575,0.998394,NS,Concordant Down,FALSE
CCT8,0.2384,0.1098,0.091595,0.726468,0.747735,NS,Concordant Up,FALSE
SPTBN1,0.1907,0.1575,0.572589,0.716812,0.993149,NS,Concordant Up,FALSE
CCDC124,0.236,0.1122,0.511701,0.886986,0.910219,NS,Concordant Up,TRUE
DNAJA2,0.2232,0.1249,0.288704,0.757598,0.904739,NS,Concordant Up,FALSE
SSBP1,0.2445,0.1035,0.326706,0.877285,0.840904,NS,Concordant Up,FALSE
LPCAT3,-0.2357,-0.1106,0.740148,0.929185,0.947456,NS,Concordant Down,TRUE
CAV1,-0.3058,-0.0399,0.16319,0.98552,0.479447,NS,Concordant Down,FALSE
SDR39U1,-0.181,-0.1636,0.809507,0.82747,0.998963,NS,Concordant Down,TRUE
NACA,0.2676,0.0768,0.1132,0.909346,0.587302,NS,Concordant Up,FALSE
RPS28,0.1804,0.1637,0.738504,0.794202,0.998822,NS,Concordant Up,FALSE
DCTN2,0.2372,0.1068,0.11044,0.756304,0.754111,NS,Concordant Up,FALSE
SPTAN1,0.241,0.1022,0.44435,0.896366,0.871823,NS,Concordant Up,TRUE
GYS1,0.2392,0.1036,0.373882,0.884253,0.861827,NS,Concordant Up,FALSE
NDUFB11,-0.304,0.0382,0.291595,0.989897,0.38217,NS,Discordant (Young Down / Old Up),FALSE
HSPA2,0.2775,-0.0645,0.607127,0.981862,0.608079,NS,Discordant (Young Up / Old Down),FALSE
RPS10,-0.0804,0.2607,0.954165,0.49849,0.435027,NS,Discordant (Young Down / Old Up),FALSE
MAPRE3,0.1947,0.146,0.773884,0.885458,0.992053,NS,Concordant Up,TRUE
PHKG1,0.1797,0.1607,0.471629,0.582379,0.99703,NS,Concordant Up,FALSE
BCAM,-0.2577,-0.0827,0.442135,0.944372,0.81868,NS,Concordant Down,TRUE
TMEM11,-0.2649,0.0754,0.224697,0.934552,0.199509,NS,Discordant (Young Down / Old Up),FALSE
CALM1,0.1816,0.1585,0.570154,0.681597,0.996465,NS,Concordant Up,FALSE
CPPED1,0.2831,0.0567,0.67026,0.988201,0.856468,NS,Concordant Up,TRUE
LCP1,0.015,0.3247,0.998356,0.153721,0.398268,NS,Concordant Up,TRUE
RPS21,-0.0484,0.2909,0.979503,0.265155,0.306247,NS,Discordant (Young Down / Old Up),FALSE
TMEM109,-0.1539,-0.1849,0.764382,0.670668,0.994915,NS,Concordant Down,FALSE
MYOT,-0.0954,0.2433,0.961068,0.73285,0.648675,NS,Discordant (Young Down / Old Up),FALSE
RRAS2,-0.1975,-0.141,0.556082,0.772927,0.979125,NS,Concordant Down,TRUE
FKBP5,-0.1637,-0.1747,0.729071,0.671388,0.999352,NS,Concordant Down,TRUE
HRC,0.3021,0.0357,0.086087,0.985368,0.361511,NS,Concordant Up,FALSE
KTN1,0.2826,-0.0551,0.472632,0.97907,0.462971,NS,Discordant (Young Up / Old Down),TRUE
TMEM70,0.1079,0.2296,0.9486,0.767277,0.956907,NS,Concordant Up,TRUE
COL18A1,-0.2736,-0.0632,0.788604,0.981701,0.895099,NS,Concordant Down,TRUE
CRKL,-0.2144,-0.1223,0.310417,0.760452,0.914379,NS,Concordant Down,FALSE
LMCD1,0.2723,0.0639,0.373073,0.968681,0.737345,NS,Concordant Up,FALSE
PCYT1A,-0.2069,-0.1291,0.518894,0.783995,0.956134,NS,Concordant Down,TRUE
RPS12,-0.0503,0.2856,0.976882,0.264318,0.297943,NS,Discordant (Young Down / Old Up),FALSE
HSP90B1,0.2182,0.1177,0.306358,0.78494,0.899264,NS,Concordant Up,FALSE
NAXD,-0.1819,-0.154,0.663855,0.769616,0.995841,NS,Concordant Down,FALSE
CHCHD4,0.2106,0.1247,0.720711,0.873395,0.967946,NS,Concordant Up,TRUE
UFM1,0.2246,-0.1103,0.594482,0.901034,0.420636,NS,Discordant (Young Up / Old Down),TRUE
PRKG1,-0.0498,-0.2849,0.983067,0.389633,0.698267,NS,Concordant Down,TRUE
TTC38,0.2375,0.0972,0.867629,0.960798,0.961785,NS,Concordant Up,TRUE
HINT3,-0.2863,-0.0484,0.521922,0.988975,0.780284,NS,Concordant Down,TRUE
PPP6R1,-0.3155,0.0191,0.300272,0.996552,0.351085,NS,Discordant (Young Down / Old Up),TRUE
PGAM5,0.1574,-0.177,0.844106,0.762821,0.503506,NS,Discordant (Young Up / Old Down),TRUE
RUVBL2,0.2548,0.0795,0.490397,0.950857,0.829301,NS,Concordant Up,TRUE
SLMAP,0.2901,0.0441,0.260229,0.984098,0.593992,NS,Concordant Up,FALSE
SULT1A1,-0.1693,-0.1644,0.862003,0.854889,0.999931,NS,Concordant Down,TRUE
LMOD3,0.1696,0.1639,0.880748,0.87891300000000006,0.999919,NS,Concordant Up,TRUE
MMAB,-0.0479,-0.2842,0.987035,0.316178,0.707145,NS,Concordant Down,TRUE
MAVS,0.1691,-0.1627,0.564552,0.609524,0.164754,NS,Discordant (Young Up / Old Down),FALSE
ARPC4,0.2601,0.0715,0.396961,0.954722,0.7673,NS,Concordant Up,TRUE
ACACA,0.3291,0.0025,0.250149,0.999964,0.45306,NS,Concordant Up,FALSE
HIBCH,0.153,0.1784,0.848822,0.799047,0.997673,NS,Concordant Up,FALSE
ENOPH1,-0.199,-0.1321,0.52782,0.795239,0.968869,NS,Concordant Down,TRUE
TOMM40,-0.3035,0.0271,0.194989,0.993858,0.307262,NS,Discordant (Young Down / Old Up),TRUE
GPX1,-0.188,-0.1426,0.387705,0.637617,0.979796,NS,Concordant Down,FALSE
ATAD3A,-0.3198,0.0108,0.396981,0.999389,0.532321,NS,Discordant (Young Down / Old Up),TRUE
DCPS,-0.1885,-0.1409,0.848347,0.855081,0.9929,NS,Concordant Down,TRUE
SQOR,-0.2284,0.101,0.814457,0.946091,0.686609,NS,Discordant (Young Down / Old Up),TRUE
RPS17,0.0635,0.265,0.96861,0.380514,0.748026,NS,Concordant Up,TRUE
DSTN,0.1314,0.1969,0.899259,0.764569,0.984514,NS,Concordant Up,TRUE
EIF3C,0.1643,0.1632,0.687456,0.703056,0.999994,NS,Concordant Up,FALSE
SEC61A1,0.1829,-0.1443,0.709556,0.899261,0.56839,NS,Discordant (Young Up / Old Down),TRUE
NDUFB1,-0.2866,-0.0402,0.386918,0.989678,0.677463,NS,Concordant Down,TRUE
DYSF,0.2558,0.0709,0.184104,0.932124,0.648526,NS,Concordant Up,FALSE
SEPTIN7,0.2204,0.1062,0.401105,0.861121,0.892827,NS,Concordant Up,TRUE
ECI1,-0.2412,-0.0852,0.231187,0.897647,0.749499,NS,Concordant Down,FALSE
MRPS21,0.1835,0.1426,0.836864,0.888515,0.99488,NS,Concordant Up,TRUE
SVIL,0.0956,-0.2304,0.959028,0.750971,0.659795,NS,Discordant (Young Up / Old Down),TRUE
GRB2,-0.2319,0.0935,0.412567,0.909568,0.302016,NS,Discordant (Young Down / Old Up),FALSE
COL14A1,0.2507,0.0744,0.865974,0.989154,0.955737,NS,Concordant Up,TRUE
VWA8,0.0345,-0.2903,0.9966,0.463515,0.698637,NS,Discordant (Young Up / Old Down),TRUE
PDK2,-0.2474,-0.0773,0.756337,0.973585,0.916648,NS,Concordant Down,TRUE
SEPTIN9,0.1992,-0.1254,0.746069,0.837638,0.478484,NS,Discordant (Young Up / Old Down),TRUE
CLU,0.2327,-0.0913,0.697031,0.958449,0.614935,NS,Discordant (Young Up / Old Down),TRUE
VCAN,0.0106,-0.3132,0.999162,0.158539,0.333395,NS,Discordant (Young Up / Old Down),TRUE
ARPC5L,-0.1096,0.2141,0.964965,0.684443,0.712255,NS,Discordant (Young Down / Old Up),TRUE
ANXA4,0.2385,0.0846,0.433157,0.93318,0.838554,NS,Concordant Up,TRUE
LAMTOR2,0.3081,0.0146,0.722392,0.99862,0.766767,NS,Concordant Up,TRUE
CCT7,0.2304,0.0922,0.186222,0.84955,0.762485,NS,Concordant Up,FALSE
CCT3,0.1884,0.134,0.330689,0.640971,0.966403,NS,Concordant Up,FALSE
MAPK3,-0.1666,-0.1556,0.779787,0.77601,0.999449,NS,Concordant Down,TRUE
DPP3,0.2914,0.0308,0.189887,0.991405,0.485073,NS,Concordant Up,FALSE
MSRB2,-0.2204,0.1015,0.807945,0.938792,0.667408,NS,Discordant (Young Down / Old Up),TRUE
TSNAX,-0.0886,-0.2332,0.957272,0.629121,0.913631,NS,Concordant Down,TRUE
COL7A1,0.1759,-0.1453,0.814878,0.868235,0.578674,NS,Discordant (Young Up / Old Down),TRUE
SIRT3,-0.2824,0.0388,0.457877,0.990642,0.510256,NS,Discordant (Young Down / Old Up),TRUE
ACTR1A,0.1922,0.1286,0.411924,0.733239,0.961889,NS,Concordant Up,FALSE
ATP5MF,-0.1173,-0.2034,0.86628,0.598755,0.955622,NS,Concordant Down,FALSE
GNB2,-0.1639,-0.1563,0.648177,0.69205,0.999632,NS,Concordant Down,FALSE
HBB,0.1996,0.1206,0.806457,0.93561,0.981789,NS,Concordant Up,FALSE
DDOST,-0.1614,-0.1587,0.625953,0.646036,0.999949,NS,Concordant Down,TRUE
TCP1,0.2221,0.0979,0.259492,0.84541,0.828868,NS,Concordant Up,FALSE
CLASP2,-0.1812,-0.1385,0.843728,0.853344,0.993853,NS,Concordant Down,TRUE
RBBP7,-0.2142,0.1051,0.833885,0.931501,0.688268,NS,Discordant (Young Down / Old Up),TRUE
MLX,-0.2959,-0.0231,0.578831,0.997323,0.726201,NS,Concordant Down,TRUE
USP5,0.2534,0.0651,0.149502,0.937037,0.596754,NS,Concordant Up,FALSE
RPL23,-0.112,0.2065,0.869048,0.565747,0.35519,NS,Discordant (Young Down / Old Up),TRUE
TIAL1,0.2035,0.115,0.668851,0.869711,0.957469,NS,Concordant Up,TRUE
PLIN3,0.2645,0.0536,0.205051,0.967366,0.595269,NS,Concordant Up,FALSE
EEA1,0.2827,0.0354,0.334287,0.989272,0.597683,NS,Concordant Up,TRUE
TNPO1,0.1861,0.1317,0.565175,0.767084,0.978255,NS,Concordant Up,TRUE
NTPCR,0.2584,-0.0593,0.564823,0.978624,0.549673,NS,Discordant (Young Up / Old Down),TRUE
RPS14,0.1361,0.1816,0.733608,0.547615,0.983994,NS,Concordant Up,FALSE
HDDC2,0.2082,-0.1088,0.615122,0.869791,0.38764,NS,Discordant (Young Up / Old Down),TRUE
MRPL38,-0.1937,0.1232,0.70753,0.891927,0.508429,NS,Discordant (Young Down / Old Up),TRUE
GSTO1,-0.0524,-0.2644,0.974345,0.327436,0.671789,NS,Concordant Down,FALSE
DCD,-0.2825,0.034,0.627779,0.995603,0.68915,NS,Discordant (Young Down / Old Up),FALSE
NME1,0.1797,0.1366,0.541389,0.726666,0.985371,NS,Concordant Up,TRUE
MPST,0.0505,-0.2658,0.972791,0.249408,0.276644,NS,Discordant (Young Up / Old Down),TRUE
EHD4,-0.189,0.1262,0.842987,0.868819,0.628964,NS,Discordant (Young Down / Old Up),TRUE
DYNLRB1,0.0781,0.2371,0.95306,0.506571,0.85363,NS,Concordant Up,TRUE
ALDH16A1,-0.2604,0.0544,0.846866,0.983277,0.792452,NS,Discordant (Young Down / Old Up),TRUE
OSBPL11,0.1358,0.1787,0.916332,0.774485,0.994014,NS,Concordant Up,TRUE
RDH13,0.091,0.2231,0.960341,0.685916,0.936018,NS,Concordant Up,TRUE
VAT1,0.2374,0.0764,0.4105,0.944319,0.813407,NS,Concordant Up,FALSE
MYOM3,-0.2807,-0.0327,0.685287,0.996498,0.836858,NS,Concordant Down,FALSE
PRDX6,-0.1355,-0.1776,0.744225,0.578088,0.986835,NS,Concordant Down,FALSE
RPL28,0.1808,0.1323,0.770855,0.886128,0.99067,NS,Concordant Up,FALSE
CALD1,-0.0873,0.2256,0.976848,0.742312,0.738769,NS,Discordant (Young Down / Old Up),TRUE
UBE2N,-0.1878,-0.1251,0.504824,0.786615,0.968406,NS,Concordant Down,FALSE
CLTB,0.2968,-0.016,0.122366,0.997399,0.244848,NS,Discordant (Young Up / Old Down),TRUE
RPL35,-0.0694,0.2434,0.973277,0.634289,0.595661,NS,Discordant (Young Down / Old Up),TRUE
NTMT1,-0.084,0.2288,0.965157,0.646706,0.60939,NS,Discordant (Young Down / Old Up),TRUE
TPSB2,-0.2025,0.1098,0.787385,0.939526,0.655428,NS,Discordant (Young Down / Old Up),TRUE
H6PD,-0.1148,-0.197,0.866583,0.585634,0.957031,NS,Concordant Down,TRUE
TSC22D1,0.0406,-0.2712,0.99767,0.770722,0.868064,NS,Discordant (Young Up / Old Down),TRUE
DIABLO,-0.2809,-0.0309,0.307369,0.99236,0.585844,NS,Concordant Down,TRUE
KYAT3,-0.1827,-0.129,0.851833,0.904217,0.991307,NS,Concordant Down,TRUE
ERLIN2,-0.2249,-0.0866,0.536268,0.938799,0.887073,NS,Concordant Down,FALSE
KRT8,-0.3078,-0.0036,0.725562,0.999969,0.820625,NS,Concordant Down,FALSE
FHL1,0.1764,0.1348,0.575776,0.76171,0.987375,NS,Concordant Up,FALSE
DMAC2L,-0.0133,-0.2976,0.999064,0.335935,0.599418,NS,Concordant Down,TRUE
UFD1,0.1364,0.1742,0.849119,0.737491,0.993263,NS,Concordant Up,TRUE
PRKDC,0.2583,0.0522,0.300373,0.968022,0.636438,NS,Concordant Up,TRUE
MRPL4,0.1285,0.1818,0.963283,0.819899,0.994626,NS,Concordant Up,TRUE
HMGB2,-0.1052,-0.2048,0.896101,0.579037,0.938766,NS,Concordant Down,TRUE
COPB2,0.164,0.146,0.79653,0.779272,0.998488,NS,Concordant Up,TRUE
SGCG,-0.1363,-0.1736,0.715295,0.559197,0.98888,NS,Concordant Down,FALSE
EEF1A1,0.2556,0.0542,0.391672,0.976071,0.733533,NS,Concordant Up,FALSE
TAGLN2,0.0767,0.2321,0.920498,0.309657,0.765678,NS,Concordant Up,FALSE
RAB35,0.0574,0.2509,0.982623,0.51043,0.827469,NS,Concordant Up,TRUE
RAB21,-0.1317,-0.176,0.801998,0.633975,0.987355,NS,Concordant Down,TRUE
COQ10B,-0.1672,-0.14,0.811095,0.87725,0.99725,NS,Concordant Down,TRUE
SEPTIN11,0.2165,-0.0906,0.666566,0.935871,0.527224,NS,Discordant (Young Up / Old Down),TRUE
UBE2D3,-0.1701,-0.1369,0.675904,0.801237,0.993476,NS,Concordant Down,FALSE
RPS3,0.1502,0.1563,0.757612,0.746803,0.999801,NS,Concordant Up,FALSE
DHRS7C,-0.1747,-0.1317,0.732866,0.858394,0.991089,NS,Concordant Down,FALSE
MACROD1,-0.207,-0.0993,0.438075,0.876622,0.902311,NS,Concordant Down,FALSE
DHRS7,0.2223,0.084,0.418491,0.923055,0.84842,NS,Concordant Up,FALSE
PACSIN3,-0.114,0.1917,0.879457,0.655905,0.440727,NS,Discordant (Young Down / Old Up),FALSE
CASQ1,0.0623,0.2432,0.971561,0.527199,0.819121,NS,Concordant Up,FALSE
FDX1,-0.0804,-0.2246,0.983522,0.758769,0.953579,NS,Concordant Down,TRUE
GPD2,-0.1413,-0.1633,0.805393,0.746524,0.997504,NS,Concordant Down,FALSE
HNRNPDL,-0.2523,-0.0521,0.445034,0.97987,0.759072,NS,Concordant Down,FALSE
ATP1A1,0.1939,0.1105,0.380951,0.796932,0.927571,NS,Concordant Up,FALSE
RPS15A,0.146,0.1582,0.737365,0.707992,0.999101,NS,Concordant Up,TRUE
ALDH1L1,0.1249,-0.1792,0.858011,0.708523,0.459711,NS,Discordant (Young Up / Old Down),FALSE
NT5C,-0.2369,-0.0669,0.573086,0.970097,0.853461,NS,Concordant Down,TRUE
MRPL11,-0.1751,-0.1284,0.828916,0.862655,0.991602,NS,Concordant Down,TRUE
ITGA7,-0.119,-0.1843,0.833302,0.605281,0.97078,NS,Concordant Down,FALSE
DYNC1LI2,0.255,-0.0482,0.420015,0.980095,0.431559,NS,Discordant (Young Up / Old Down),TRUE
KLHDC8B,0.2699,0.0332,0.680772,0.995017,0.817079,NS,Concordant Up,TRUE
NDUFA11,-0.0809,-0.2221,0.969273,0.750638,0.934021,NS,Concordant Down,FALSE
KRT1,-0.2705,0.0318,0.745184,0.997096,0.788081,NS,Discordant (Young Down / Old Up),FALSE
RPS8,0.1645,0.1376,0.68842,0.79307,0.995685,NS,Concordant Up,FALSE
RPL36,0.1625,0.1396,0.84302,0.890494,0.998268,NS,Concordant Up,FALSE
SURF4,0.2168,-0.0853,0.619452,0.948718,0.528597,NS,Discordant (Young Up / Old Down),TRUE
RPLP2,0.0692,0.2328,0.969115,0.616762,0.87292,NS,Concordant Up,FALSE
PRMT5,0.1713,-0.1306,0.531029,0.729865,0.21427,NS,Discordant (Young Up / Old Down),TRUE
NHLRC2,0.2796,-0.0223,0.328288,0.996143,0.436644,NS,Discordant (Young Up / Old Down),TRUE
MRPL13,-0.1481,0.1538,0.851876,0.794423,0.544605,NS,Discordant (Young Down / Old Up),TRUE
PNPO,-0.101,-0.2009,0.931685,0.724358,0.956769,NS,Concordant Down,TRUE
BROX,-0.3006,0.0011,0.528034,0.999993,0.612597,NS,Discordant (Young Down / Old Up),TRUE
MCCC2,-0.2906,-0.0109,0.562544,0.99937,0.689034,NS,Concordant Down,TRUE
GDI1,-0.1668,-0.1346,0.447026,0.63997,0.989193,NS,Concordant Down,FALSE
EEF1B2,0.2231,0.0779,0.400868,0.932646,0.826544,NS,Concordant Up,FALSE
CSE1L,0.191,-0.1097,0.412476,0.807725,0.201179,NS,Discordant (Young Up / Old Down),FALSE
CCDC47,-0.1928,0.1077,0.635701,0.85535,0.389042,NS,Discordant (Young Down / Old Up),TRUE
YWHAH,0.2169,0.0832,0.289353,0.894053,0.803531,NS,Concordant Up,FALSE
NAGK,0.1648,0.1352,0.584589,0.719744,0.992993,NS,Concordant Up,TRUE
MYCBP,-0.2089,0.0908,0.613465,0.91579,0.445514,NS,Discordant (Young Down / Old Up),TRUE
SEC23IP,0.2493,0.05,0.294552,0.97133,0.646319,NS,Concordant Up,TRUE
CSNK2B,0.1803,0.1186,0.595957,0.832594,0.973166,NS,Concordant Up,TRUE
MRPL54,-0.2357,0.0631,0.796175,0.979763,0.734197,NS,Discordant (Young Down / Old Up),TRUE
RPS19,0.078,0.2204,0.933832,0.456452,0.843131,NS,Concordant Up,FALSE
RAB2A,-0.1094,-0.189,0.886917,0.65718,0.963168,NS,Concordant Down,FALSE
OSTC,-0.2791,0.0193,0.58589,0.997667,0.622752,NS,Discordant (Young Down / Old Up),TRUE
PLGRKT,-0.2659,-0.0324,0.601781,0.994993,0.789154,NS,Concordant Down,TRUE
EPDR1,-0.2073,-0.0909,0.65244,0.938053,0.930518,NS,Concordant Down,TRUE
MMGT1,0.2304,-0.067,0.653868,0.968961,0.584457,NS,Discordant (Young Up / Old Down),TRUE
CRIP2,0.015,0.282,0.999021,0.523079,0.722325,NS,Concordant Up,TRUE
EIF2B3,-0.1025,0.1945,0.974067,0.712017,0.784227,NS,Discordant (Young Down / Old Up),TRUE
AKAP1,-0.1804,-0.1164,0.823648,0.923162,0.986018,NS,Concordant Down,TRUE
CPT2,-0.1434,-0.1527,0.774946,0.753443,0.999531,NS,Concordant Down,FALSE
SPAG9,-0.1383,0.1577,0.857314,0.797281,0.547085,NS,Discordant (Young Down / Old Up),TRUE
LIMS3,-0.1235,0.1724,0.912972,0.727162,0.588762,NS,Discordant (Young Down / Old Up),TRUE
EEF1D,0.2548,0.0409,0.118283,0.975581,0.457082,NS,Concordant Up,FALSE
SEC23A,0.2187,0.077,0.391099,0.928709,0.823202,NS,Concordant Up,TRUE
MT-ATP8,0.2135,0.0821,0.639181,0.953884,0.914254,NS,Concordant Up,FALSE
PRDX3,0.1591,0.1359,0.505343,0.645515,0.994779,NS,Concordant Up,FALSE
MCEE,0.1634,-0.1316,0.927619,0.913997,0.79248,NS,Discordant (Young Up / Old Down),TRUE
PSAP,-0.1475,-0.1473,0.787781,0.796581,1,NS,Concordant Down,FALSE
TMED9,0.2548,0.0397,0.503945,0.989436,0.750149,NS,Concordant Up,TRUE
GARS1,0.1237,-0.1708,0.849179,0.70295,0.445053,NS,Discordant (Young Up / Old Down),TRUE
STUB1,0.2194,-0.0749,0.398652,0.935771,0.329477,NS,Discordant (Young Up / Old Down),FALSE
CAPZA1,-0.1873,0.1067,0.765027,0.93155,0.622356,NS,Discordant (Young Down / Old Up),FALSE
ATP6V1H,-0.1912,-0.1026,0.700178,0.9069,0.958285,NS,Concordant Down,TRUE
RPL4,0.1044,0.1893,0.943979,0.802188,0.975644,NS,Concordant Up,TRUE
STX7,0.1985,0.0951,0.591292,0.906457,0.928719,NS,Concordant Up,TRUE
DHX15,0.196,-0.0969,0.6664,0.902413,0.472046,NS,Discordant (Young Up / Old Down),TRUE
IBA57,-0.1883,-0.1042,0.809928,0.936547,0.975011,NS,Concordant Down,TRUE
SRSF11,-0.2877,0.0043,0.618702,0.999865,0.653293,NS,Discordant (Young Down / Old Up),TRUE
NUDT19,-0.2129,0.0788,0.797869,0.971734,0.727376,NS,Discordant (Young Down / Old Up),TRUE
LANCL1,-0.2159,-0.0756,0.458363,0.940709,0.848312,NS,Concordant Down,FALSE
BPGM,-0.2257,-0.0653,0.635198,0.974356,0.881563,NS,Concordant Down,FALSE
GRSF1,0.1624,0.1285,0.82937,0.893403,0.995711,NS,Concordant Up,TRUE
FBP1,-0.056,-0.2345,0.9885,0.776676,0.913173,NS,Concordant Down,FALSE
AKT2,0.0332,0.2571,0.994582,0.492616,0.771633,NS,Concordant Up,TRUE
U2AF2,-0.1133,0.1766,0.89321,0.709825,0.511165,NS,Discordant (Young Down / Old Up),TRUE
PARP1,-0.1701,0.1192,0.645461,0.827691,0.372196,NS,Discordant (Young Down / Old Up),TRUE
PPP3R1,-0.1589,-0.1297,0.771471,0.854369,0.99585,NS,Concordant Down,TRUE
RNF123,-0.0295,-0.2591,0.991407,0.2673,0.559786,NS,Concordant Down,TRUE
COX4I1,-0.2811,-0.0074,0.301517,0.999615,0.52023,NS,Concordant Down,FALSE
MAP4,0.2537,0.0348,0.394856,0.990575,0.682907,NS,Concordant Up,FALSE
BLVRA,0.2326,0.0557,0.342257,0.966273,0.726594,NS,Concordant Up,FALSE
JAGN1,-0.1357,-0.1525,0.87966,0.845217,0.998948,NS,Concordant Down,TRUE
AASDHPPT,-0.1446,-0.1429,0.896998,0.844388,0.999991,NS,Concordant Down,TRUE
HK1,0.1404,0.1466,0.671166,0.655056,0.999703,NS,Concordant Up,FALSE
PYGL,0.2303,-0.0561,0.697454,0.984563,0.686276,NS,Discordant (Young Up / Old Down),TRUE
NADK2,0.1858,-0.1003,0.761801,0.921436,0.592187,NS,Discordant (Young Up / Old Down),TRUE
TMEM198,0.143,-0.1427,0.879773,0.884708,0.674109,NS,Discordant (Young Up / Old Down),FALSE
PLN,0.143,-0.1425,0.878297,0.883661,0.670888,NS,Discordant (Young Up / Old Down),FALSE
RPL8,0.0519,0.2334,0.988925,0.739328,0.896077,NS,Concordant Up,TRUE
RTN4IP1,0.2585,-0.0267,0.68737,0.996161,0.702185,NS,Discordant (Young Up / Old Down),TRUE
PARVB,-0.215,-0.07,0.547332,0.951822,0.8561,NS,Concordant Down,TRUE
TRIM54,-0.1984,0.0862,0.660488,0.943168,0.548898,NS,Discordant (Young Down / Old Up),TRUE
TBCB,0.2631,0.0214,0.269657,0.995916,0.541196,NS,Concordant Up,FALSE
RPL30,0.1635,0.1203,0.851717,0.925796,0.993985,NS,Concordant Up,FALSE
DCTN4,0.2003,0.0833,0.672608,0.944144,0.926693,NS,Concordant Up,TRUE
CAMK2B,0.0657,0.2176,0.960243,0.52682,0.843394,NS,Concordant Up,FALSE
CA3,0.2101,-0.073,0.487167,0.945574,0.414843,NS,Discordant (Young Up / Old Down),FALSE
PDXP,0.1654,-0.1176,0.880724,0.891938,0.699224,NS,Discordant (Young Up / Old Down),TRUE
RTCA,-0.063,-0.2199,0.950225,0.375871,0.769203,NS,Concordant Down,FALSE
DGLUCY,-0.2498,-0.0328,0.499765,0.992884,0.738676,NS,Concordant Down,TRUE
RPS4X,0.097,0.1852,0.889141,0.587892,0.942188,NS,Concordant Up,FALSE
RPS5,-0.1422,0.1398,0.778161,0.794216,0.454112,NS,Discordant (Young Down / Old Up),FALSE
HADH,-0.1683,-0.1133,0.560211,0.810947,0.974083,NS,Concordant Down,FALSE
CACYBP,0.2212,0.0604,0.619731,0.974588,0.865076,NS,Concordant Up,TRUE
ATIC,0.2013,0.0799,0.375939,0.90674,0.846357,NS,Concordant Up,FALSE
RPS3A,0.0125,0.2682,0.998688,0.304099,0.525196,NS,Concordant Up,FALSE
BCAP31,0.2138,0.0668,0.256862,0.927883,0.734252,NS,Concordant Up,FALSE
MYO18A,0.2116,0.0676,0.722924,0.977202,0.920956,NS,Concordant Up,TRUE
HEBP1,-0.092,0.1871,0.908635,0.595116,0.432029,NS,Discordant (Young Down / Old Up),TRUE
ADIPOQ,0.1487,-0.1302,0.7748,0.818885,0.476145,NS,Discordant (Young Up / Old Down),TRUE
LAMP2,-0.1436,-0.1352,0.868275,0.871196,0.99974,NS,Concordant Down,TRUE
CTSZ,0.2704,-0.0079,0.518163,0.999618,0.620057,NS,Discordant (Young Up / Old Down),TRUE
FXN,-0.1322,-0.1459,0.839974,0.8032,0.999082,NS,Concordant Down,TRUE
UBE2K,-0.0954,-0.1826,0.88199,0.538946,0.93636,NS,Concordant Down,TRUE
HSDL2,-0.186,-0.0917,0.575492,0.907398,0.934184,NS,Concordant Down,FALSE
ARCN1,0.2709,-0.0059,0.450058,0.999775,0.580122,NS,Discordant (Young Up / Old Down),TRUE
FDXR,-0.2679,0.0087,0.828517,0.999558,0.829038,NS,Discordant (Young Down / Old Up),TRUE
HNRNPA2B1,-0.2718,0.0047,0.3433,0.999846,0.521387,NS,Discordant (Young Down / Old Up),FALSE
NPEPL1,0.1217,0.1547,0.903353,0.844715,0.995876,NS,Concordant Up,FALSE
PPP2R5A,-0.2715,0.0045,0.574129,0.999898,0.68147,NS,Discordant (Young Down / Old Up),TRUE
PRPSAP2,-0.2353,-0.0402,0.599956,0.989922,0.811467,NS,Concordant Down,TRUE
PIP4K2B,-0.1945,-0.0802,0.528054,0.919748,0.890941,NS,Concordant Down,TRUE
QKI,0.0307,0.2439,0.996617,0.710167,0.861745,NS,Concordant Up,TRUE
HSPA14,-0.079,0.1954,0.967559,0.670156,0.656039,NS,Discordant (Young Down / Old Up),TRUE
COA6,-0.2621,0.0112,0.386804,0.999133,0.539679,NS,Discordant (Young Down / Old Up),FALSE
CAND2,0.2239,-0.0491,0.51077,0.98066,0.525258,NS,Discordant (Young Up / Old Down),FALSE
MCCC1,-0.1355,-0.1374,0.869872,0.857342,0.999985,NS,Concordant Down,TRUE
TFG,0.1952,0.0775,0.569378,0.93885,0.900258,NS,Concordant Up,TRUE
GPHN,-0.0807,-0.1914,0.959167,0.684756,0.941063,NS,Concordant Down,TRUE
TALDO1,-0.1171,-0.1539,0.766063,0.607174,0.987903,NS,Concordant Down,FALSE
MRPS18B,0.099,0.1716,0.909505,0.701945,0.968954,NS,Concordant Up,TRUE
SEC31A,0.149,0.1209,0.816187,0.834857,0.995898,NS,Concordant Up,TRUE
BABAM2,-0.2095,-0.0604,0.730469,0.976766,0.903501,NS,Concordant Down,TRUE
MAPK1,0.0666,0.2026,0.928557,0.343041,0.783284,NS,Concordant Up,FALSE
EPHX1,0.2498,-0.0191,0.52227,0.997856,0.629576,NS,Discordant (Young Up / Old Down),FALSE
ATP6V1G1,0.0461,-0.2227,0.976093,0.297442,0.35653,NS,Discordant (Young Up / Old Down),TRUE
PDLIM1,-0.1385,-0.1299,0.883267,0.902092,0.99975,NS,Concordant Down,FALSE
PCCB,0.2443,0.0241,0.49957,0.995795,0.708175,NS,Concordant Up,TRUE
DTNA,-0.0558,-0.212,0.959607,0.383461,0.757992,NS,Concordant Down,FALSE
PARVA,-0.0952,-0.1725,0.938824,0.73034,0.97118,NS,Concordant Down,TRUE
RPA3,-0.2527,0.0148,0.529756,0.998665,0.632505,NS,Discordant (Young Down / Old Up),TRUE
GART,0.2227,0.0443,0.291946,0.973566,0.653657,NS,Concordant Up,TRUE
THNSL1,0.2523,-0.0145,0.850948,0.998802,0.844263,NS,Discordant (Young Up / Old Down),TRUE
CDS2,0.19,-0.0765,0.664899,0.944873,0.543592,NS,Discordant (Young Up / Old Down),TRUE
MDH1,-0.1393,-0.127,0.665094,0.733906,0.99875,NS,Concordant Down,FALSE
UBL5,-0.2502,-0.0158,0.357756,0.997971,0.596328,NS,Concordant Down,TRUE
MOCS2,-0.2405,-0.0251,0.598762,0.995696,0.759669,NS,Concordant Down,TRUE
SDHC,0.1119,-0.1535,0.946101,0.894834,0.78051,NS,Discordant (Young Up / Old Down),TRUE
ECPAS,0.1817,-0.0833,0.375536,0.873052,0.232032,NS,Discordant (Young Up / Old Down),FALSE
MTX2,-0.2582,-0.0068,0.3027,0.999626,0.522756,NS,Concordant Down,FALSE
MEMO1,0.2023,0.0626,0.56733,0.965293,0.867834,NS,Concordant Up,FALSE
RPL23A,-0.0107,0.2541,0.999264,0.490062,0.612501,NS,Discordant (Young Down / Old Up),FALSE
SUCLG2,-0.1682,-0.0965,0.814198,0.945527,0.980019,NS,Concordant Down,FALSE
PRKAA2,0.2422,0.0224,0.206849,0.994064,0.492881,NS,Concordant Up,FALSE
HNRNPK,-0.1822,-0.0814,0.474299,0.904411,0.898964,NS,Concordant Down,FALSE
PGRMC2,0.1252,-0.1381,0.870476,0.846478,0.613485,NS,Discordant (Young Up / Old Down),FALSE
SUOX,-0.0793,-0.184,0.940668,0.656664,0.929915,NS,Concordant Down,FALSE
RAB5B,-0.1091,-0.154,0.855593,0.699698,0.985958,NS,Concordant Down,TRUE
SRSF1,-0.2373,0.0254,0.750568,0.99614,0.747016,NS,Discordant (Young Down / Old Up),TRUE
PREB,0.2524,-0.0098,0.427121,0.99912,0.51544,NS,Discordant (Young Up / Old Down),TRUE
ADSL,-0.1556,-0.1063,0.688882,0.866827,0.983027,NS,Concordant Down,FALSE
VDAC2,-0.2171,0.044,0.396166,0.979282,0.427182,NS,Discordant (Young Down / Old Up),FALSE
OPLAH,-0.1687,-0.0921,0.662769,0.900527,0.9577,NS,Concordant Down,TRUE
LAP3,0.1909,0.0696,0.373675,0.922979,0.828078,NS,Concordant Up,FALSE
ACSL3,0.2332,-0.0266,0.325656,0.992873,0.428038,NS,Discordant (Young Up / Old Down),FALSE
PPP1CB,0.0674,0.1921,0.965865,0.692646,0.916469,NS,Concordant Up,FALSE
SGCB,-0.1096,-0.1498,0.804425,0.639931,0.985902,NS,Concordant Down,FALSE
NUDT3,-0.1476,-0.1117,0.732532,0.861078,0.9917,NS,Concordant Down,TRUE
KPNB1,0.2484,0.0104,0.131609,0.99864,0.35419,NS,Concordant Up,FALSE
EHD2,-0.2126,-0.0462,0.325087,0.97225,0.701242,NS,Concordant Down,FALSE
S100A10,0.1554,0.1032,0.744659,0.897967,0.98401,NS,Concordant Up,FALSE
SH3GLB1,0.1228,-0.1358,0.848525,0.812031,0.547425,NS,Discordant (Young Up / Old Down),TRUE
STX4,-0.1761,-0.0821,0.878756,0.946507,0.971542,NS,Concordant Down,TRUE
SZRD1,-0.2101,-0.0479,0.647403,0.983421,0.856216,NS,Concordant Down,TRUE
EIF3I,0.1365,0.1214,0.776577,0.81812,0.998586,NS,Concordant Up,TRUE
HSP90AB1,0.1893,0.0682,0.423795,0.933163,0.843797,NS,Concordant Up,FALSE
RPS20,0.0638,0.1937,0.961839,0.609328,0.885032,NS,Concordant Up,FALSE
C3,0.2282,-0.0291,0.702079,0.99618,0.749878,NS,Discordant (Young Up / Old Down),FALSE
EIF1,0.1012,-0.1561,0.913715,0.780945,0.603878,NS,Discordant (Young Up / Old Down),TRUE
CYB5B,0.0518,-0.2051,0.986275,0.737759,0.728568,NS,Discordant (Young Up / Old Down),TRUE
SNX5,0.0726,-0.1843,0.989106,0.845388,0.870277,NS,Discordant (Young Up / Old Down),TRUE
OCIAD1,-0.2219,-0.0346,0.343807,0.986536,0.662204,NS,Concordant Down,TRUE
FXR1,0.1014,0.1549,0.939243,0.847147,0.989288,NS,Concordant Up,TRUE
GANAB,0.2146,-0.041,0.298571,0.977693,0.34014,NS,Discordant (Young Up / Old Down),FALSE
EIF3L,0.1367,0.1188,0.82291,0.871671,0.998394,NS,Concordant Up,TRUE
PCYOX1,-0.1324,-0.1229,0.820381,0.852868,0.999529,NS,Concordant Down,FALSE
RAB1B,0.1599,-0.0952,0.768134,0.926831,0.614693,NS,Discordant (Young Up / Old Down),FALSE
RPS25,0.0438,0.2112,0.983361,0.549182,0.806404,NS,Concordant Up,FALSE
KLC1,0.1147,0.1399,0.925402,0.814543,0.99745,NS,Concordant Up,TRUE
CACNA1S,-0.0823,-0.1721,0.931674,0.681169,0.94653,NS,Concordant Down,FALSE
RPS27,0.2196,0.0348,0.411276,0.988087,0.711161,NS,Concordant Up,FALSE
CES2,0.1754,0.0785,0.857053,0.970779,0.970876,NS,Concordant Up,TRUE
TMEM38A,-0.1279,-0.126,0.887449,0.895187,0.999986,NS,Concordant Down,FALSE
CAMK2A,-0.0268,0.2265,0.996441,0.679799,0.732896,NS,Discordant (Young Down / Old Up),TRUE
PRKCQ,0.0875,-0.1654,0.951016,0.737783,0.656116,NS,Discordant (Young Up / Old Down),TRUE
HBS1L,0.0861,0.1664,0.918286,0.653414,0.952918,NS,Concordant Up,TRUE
CTSD,-0.0948,-0.1572,0.891959,0.694313,0.971987,NS,Concordant Down,FALSE
SH3BGRL3,-0.0167,0.2348,0.99828,0.504739,0.63865,NS,Discordant (Young Down / Old Up),TRUE
LUM,-0.1262,0.1252,0.873197,0.879966,0.657516,NS,Discordant (Young Down / Old Up),FALSE
TUBA4A,0.0854,0.1649,0.923581,0.698672,0.957649,NS,Concordant Up,FALSE
HNRNPU,0.0249,-0.2247,0.994999,0.503146,0.577689,NS,Discordant (Young Up / Old Down),FALSE
PFDN1,-0.2038,-0.0455,0.486939,0.977668,0.785778,NS,Concordant Down,TRUE
GNPDA1,-0.1385,-0.1108,0.747349,0.846709,0.994722,NS,Concordant Down,TRUE
GCLM,-0.1135,0.1356,0.930794,0.892222,0.753176,NS,Discordant (Young Down / Old Up),TRUE
NUCKS1,-0.1305,-0.1178,0.754145,0.810108,0.998863,NS,Concordant Down,FALSE
PAK2,0.1872,0.0605,0.569393,0.962565,0.875209,NS,Concordant Up,FALSE
EWSR1,0.0794,-0.1681,0.947601,0.631447,0.569236,NS,Discordant (Young Up / Old Down),TRUE
RPL3L,0.0886,0.1588,0.969198,0.894064,0.987033,NS,Concordant Up,TRUE
RPA1,-0.1357,-0.1117,0.835963,0.870027,0.99696,NS,Concordant Down,TRUE
CHCHD7,-0.2295,-0.0177,0.61387100000000006,0.998174,0.776339,NS,Concordant Down,TRUE
STAC3,-0.0846,0.1624,0.950431,0.772893,0.668868,NS,Discordant (Young Down / Old Up),TRUE
DCXR,-0.1085,-0.1383,0.902176,0.841057,0.995776,NS,Concordant Down,FALSE
RALA,-0.2399,-0.0069,0.349724,0.999591,0.566691,NS,Concordant Down,FALSE
ALDH5A1,-0.1713,-0.075,0.671999,0.946346,0.937901,NS,Concordant Down,FALSE
IDH1,-0.1481,-0.0981,0.622986,0.847737,0.976807,NS,Concordant Down,FALSE
PPP1R3A,0.0655,0.1807,0.956849,0.635723,0.904992,NS,Concordant Up,FALSE
ME1,-0.0691,-0.1769,0.943233,0.595114,0.903908,NS,Concordant Down,FALSE
CYB5R3,0.209,-0.0366,0.433533,0.986109,0.483932,NS,Discordant (Young Up / Old Down),FALSE
TUBA8,-0.1586,0.0868,0.633729,0.902461,0.455032,NS,Discordant (Young Down / Old Up),FALSE
QARS1,0.1684,0.0767,0.452192,0.89596,0.898376,NS,Concordant Up,FALSE
HBA1,0.1412,0.1037,0.907517,0.953802,0.996105,NS,Concordant Up,FALSE
KPNA4,0.1596,0.0852,0.52716,0.877106,0.939736,NS,Concordant Up,FALSE
IPO7,0.1681,-0.0765,0.722665,0.950837,0.61822,NS,Discordant (Young Up / Old Down),FALSE
SYNJ2BP,-0.2417,-0.0028,0.379962,0.999937,0.577778,NS,Concordant Down,FALSE
RAP1B,0.2279,0.0165,0.329873,0.997271,0.586952,NS,Concordant Up,FALSE
MPC1,-0.0194,-0.2246,0.997292,0.549138,0.739173,NS,Concordant Down,TRUE
TRIM25,-0.1698,-0.0738,0.831448,0.962297,0.962081,NS,Concordant Down,TRUE
GSK3A,-0.0525,-0.1911,0.981725,0.663799,0.895487,NS,Concordant Down,TRUE
KHSRP,-0.1349,-0.1084,0.825522,0.883564,0.99619,NS,Concordant Down,TRUE
PLS3,-0.0633,0.1798,0.977195,0.720701,0.706689,NS,Discordant (Young Down / Old Up),TRUE
THAP4,0.148,0.095,0.809085,0.921753,0.985463,NS,Concordant Up,TRUE
SLC35A4,-0.117,0.1258,0.886071,0.863524,0.653334,NS,Discordant (Young Down / Old Up),TRUE
PDP1,-0.1041,0.1383,0.923934,0.862492,0.705667,NS,Discordant (Young Down / Old Up),TRUE
ASPH,0.1467,0.0955,0.889705,0.954711,0.99177,NS,Concordant Up,TRUE
NDUFAF2,-0.2389,-0.0031,0.666129,0.999944,0.752518,NS,Concordant Down,TRUE
CHMP5,-0.188,-0.0537,0.844909,0.981727,0.937229,NS,Concordant Down,TRUE
GALK1,0.0544,-0.1872,0.981298,0.69925,0.68932,NS,Discordant (Young Up / Old Down),TRUE
TMCO1,0.062,-0.1791,0.963668,0.660464,0.587161,NS,Discordant (Young Up / Old Down),FALSE
DPYSL3,-0.0776,-0.1627,0.959504,0.809265,0.967587,NS,Concordant Down,FALSE
NDUFA13,-0.2204,0.0199,0.542915,0.997217,0.639412,NS,Discordant (Young Down / Old Up),FALSE
CRYBG3,0.0035,-0.2367,0.999976,0.87547,0.911348,NS,Discordant (Young Up / Old Down),TRUE
BBS4,-0.0835,-0.1566,0.956808,0.840131,0.978496,NS,Concordant Down,FALSE
ORM1,0.2381,-0.0014,0.745215,0.999993,0.829732,NS,Discordant (Young Up / Old Down),FALSE
CAPNS1,0.1328,0.1066,0.544618,0.716746,0.991334,NS,Concordant Up,FALSE
COPS7A,0.2258,-0.0136,0.347402,0.998128,0.483916,NS,Discordant (Young Up / Old Down),TRUE
MRPL46,-0.1672,0.0721,0.805313,0.96107,0.705687,NS,Discordant (Young Down / Old Up),TRUE
PRDX5,0.1575,0.0816,0.618708,0.909934,0.948753,NS,Concordant Up,FALSE
DAG1,-0.1182,-0.1202,0.797832,0.798969,0.999974,NS,Concordant Down,FALSE
SGCA,-0.1129,-0.1254,0.811011,0.772808,0.998859,NS,Concordant Down,FALSE
PSMD9,0.1693,0.0688,0.601363,0.944224,0.914537,NS,Concordant Up,FALSE
PAFAH1B1,0.1847,-0.0534,0.660963,0.977102,0.633183,NS,Discordant (Young Up / Old Down),FALSE
FUNDC2,-0.0359,-0.2019,0.986053,0.477101,0.753294,NS,Concordant Down,FALSE
RPL10A,0.1389,0.0987,0.891599,0.949721,0.994674,NS,Concordant Up,FALSE
ESYT2,0.1344,0.1025,0.869505,0.894454,0.995149,NS,Concordant Up,TRUE
NOL3,-0.117,-0.1198,0.865108,0.863487,0.999959,NS,Concordant Down,FALSE
SFPQ,-0.1086,0.1279,0.924328,0.888336,0.737455,NS,Discordant (Young Down / Old Up),TRUE
EEF1A2,0.17,0.0665,0.737604,0.966445,0.940975,NS,Concordant Up,FALSE
FYCO1,0.23,-0.0064,0.623613,0.999769,0.727155,NS,Discordant (Young Up / Old Down),TRUE
BCKDHA,-0.1088,-0.1274,0.931317,0.886723,0.99873,NS,Concordant Down,TRUE
PDLIM3,0.1913,0.0449,0.693557,0.986555,0.886243,NS,Concordant Up,FALSE
PPP1R7,-0.0328,-0.2033,0.990405,0.555064,0.786153,NS,Concordant Down,FALSE
HSPA4,0.2082,0.0277,0.303779,0.989963,0.618461,NS,Concordant Up,FALSE
CSNK2A1,0.1524,0.0826,0.801548,0.948983,0.975747,NS,Concordant Up,FALSE
PXN,0.2346,3e-4,0.679228,0.999999,0.733586,NS,Concordant Up,TRUE
GUK1,-0.2314,-0.0033,0.83138,0.999938,0.852653,NS,Concordant Down,TRUE
TFAM,0.0967,-0.1379,0.929243,0.847769,0.697431,NS,Discordant (Young Up / Old Down),TRUE
SOD1,-0.0719,-0.1621,0.939685,0.666746,0.936401,NS,Concordant Down,FALSE
HSPBP1,0.0394,-0.1945,0.991194,0.68059,0.722844,NS,Discordant (Young Up / Old Down),TRUE
ACTR3,0.1345,0.0992,0.666973,0.832229,0.988249,NS,Concordant Up,FALSE
MAPRE1,0.0917,0.142,0.938833,0.823708,0.987946,NS,Concordant Up,TRUE
HSPA5,0.1583,0.0751,0.55695,0.912401,0.927226,NS,Concordant Up,FALSE
AHCYL2,0.1795,0.0538,0.52342,0.96268,0.845181,NS,Concordant Up,TRUE
COQ7,-0.1082,-0.1246,0.798558,0.738581,0.997719,NS,Concordant Down,FALSE
TST,-0.0593,-0.1731,0.970502,0.715551,0.921512,NS,Concordant Down,FALSE
UBE2M,-0.1225,-0.1096,0.733672,0.798506,0.998578,NS,Concordant Down,FALSE
FUBP1,-0.1266,-0.1054,0.79946,0.865024,0.997065,NS,Concordant Down,TRUE
PLAA,0.1173,-0.1143,0.783034,0.803115,0.464123,NS,Discordant (Young Up / Old Down),FALSE
APPL1,0.1964,0.035,0.45141,0.985487,0.741704,NS,Concordant Up,TRUE
ALB,0.2088,-0.0223,0.613172,0.996676,0.687736,NS,Discordant (Young Up / Old Down),FALSE
TMEM126A,-0.1178,-0.1132,0.855949,0.870642,0.999886,NS,Concordant Down,TRUE
CD38,-0.1696,-0.0613,0.812881,0.978675,0.952024,NS,Concordant Down,TRUE
CHCHD3,-0.1744,-0.0561,0.578341,0.964212,0.878465,NS,Concordant Down,FALSE
SERPINB1,0.1707,0.0597,0.753456,0.975147,0.936019,NS,Concordant Up,FALSE
DYNLL2,-0.2017,-0.0287,0.765288,0.996374,0.890339,NS,Concordant Down,TRUE
FLOT2,-0.0383,0.192,0.989364,0.57746,0.645801,NS,Discordant (Young Down / Old Up),TRUE
RABGGTA,-0.0705,0.1594,0.953421,0.714627,0.617316,NS,Discordant (Young Down / Old Up),TRUE
UBQLN2,0.0756,-0.1539,0.951575,0.742759,0.64429,NS,Discordant (Young Up / Old Down),TRUE
GLTP,0.1672,-0.0623,0.896086,0.976972,0.831731,NS,Discordant (Young Up / Old Down),TRUE
GOT1,-0.1314,-0.0979,0.716327,0.855307,0.990497,NS,Concordant Down,FALSE
PRDX4,0.0745,0.1548,0.962106,0.804513,0.969159,NS,Concordant Up,TRUE
COQ3,-0.159,-0.07,0.691917,0.949572,0.942856,NS,Concordant Down,FALSE
CYCS,-0.2276,0.0013,0.646657,0.999991,0.763941,NS,Discordant (Young Down / Old Up),FALSE
TTR,-0.2133,0.0147,0.68544,0.998873,0.763411,NS,Discordant (Young Down / Old Up),FALSE
PSMC1,0.1734,0.0543,0.478965,0.957359,0.840727,NS,Concordant Up,FALSE
PEBP1,-0.0468,-0.1807,0.968999,0.473098,0.801481,NS,Concordant Down,FALSE
ATP6V1A,0.0927,0.1344,0.888885,0.757056,0.987124,NS,Concordant Up,TRUE
SUPV3L1,-0.219,0.0077,0.855258,0.999732,0.867213,NS,Discordant (Young Down / Old Up),TRUE
MRI1,-0.1418,0.0848,0.937712,0.973816,0.876714,NS,Discordant (Young Down / Old Up),TRUE
SERBP1,-0.1992,0.0274,0.61714,0.994533,0.674631,NS,Discordant (Young Down / Old Up),FALSE
RPL18A,-0.1442,0.0821,0.888693,0.965404,0.806478,NS,Discordant (Young Down / Old Up),TRUE
OXSM,-0.137,-0.0893,0.91872,0.943946,0.992626,NS,Concordant Down,TRUE
MFN2,0.0804,-0.1458,0.938089,0.74333,0.616794,NS,Discordant (Young Up / Old Down),TRUE
DCTPP1,-0.1614,-0.0648,0.87949600000000006,0.973986,0.967622,NS,Concordant Down,TRUE
ILVBL,0.1003,-0.1258,0.937429,0.907577,0.779811,NS,Discordant (Young Up / Old Down),TRUE
ALPK3,0.0536,0.1723,0.983007,0.757899,0.933428,NS,Concordant Up,TRUE
ATP2A2,-0.0058,-0.2201,0.999701,0.43671,0.621276,NS,Concordant Down,FALSE
GAMT,-0.1244,-0.1014,0.81683,0.88701,0.996744,NS,Concordant Down,FALSE
TIMM9,-0.0545,0.1713,0.977579,0.702325,0.677032,NS,Discordant (Young Down / Old Up),TRUE
RAB18,0.15,-0.0757,0.697869,0.932439,0.556971,NS,Discordant (Young Up / Old Down),TRUE
MIF,0.1555,0.07,0.763667,0.959471,0.957644,NS,Concordant Up,FALSE
PSMD11,0.1615,0.0638,0.412774,0.917464,0.860773,NS,Concordant Up,FALSE
ATXN10,0.0049,0.22,0.999832,0.491335,0.688088,NS,Concordant Up,TRUE
COX7A2L,-0.2058,0.019,0.843295,0.998234,0.846084,NS,Discordant (Young Down / Old Up),TRUE
MLYCD,-0.197,-0.0278,0.865056,0.996346,0.919403,NS,Concordant Down,TRUE
ENO1,0.0813,0.1435,0.943826,0.815071,0.979176,NS,Concordant Up,FALSE
HSD17B12,0.1291,0.0955,0.869788,0.928981,0.994847,NS,Concordant Up,TRUE
SEC22B,0.1778,-0.0466,0.473242,0.970608,0.460547,NS,Discordant (Young Up / Old Down),FALSE
UTRN,-0.1885,-0.0359,0.660073,0.990326,0.856172,NS,Concordant Down,TRUE
VAPB,-0.127,-0.097,0.752584,0.867342,0.99291,NS,Concordant Down,FALSE
STAT5B,-0.056,-0.1674,0.960705,0.58859,0.884416,NS,Concordant Down,TRUE
CYC1,-0.1586,0.0647,0.672973,0.95472,0.582328,NS,Discordant (Young Down / Old Up),FALSE
ATP5PF,0.1326,0.0902,0.792443,0.91361,0.98845,NS,Concordant Up,FALSE
PRPSAP1,0.0482,-0.1744,0.990496,0.850356,0.837541,NS,Discordant (Young Up / Old Down),TRUE
PSMB5,0.1186,-0.1039,0.837897,0.88324,0.61791,NS,Discordant (Young Up / Old Down),FALSE
BAG2,0.1906,-0.0319,0.764957,0.993819,0.768795,NS,Discordant (Young Up / Old Down),TRUE
ALDH2,0.1165,-0.1059,0.917041,0.934908,0.788753,NS,Discordant (Young Up / Old Down),FALSE
CLIP1,0.1026,-0.1196,0.874457,0.831543,0.597954,NS,Discordant (Young Up / Old Down),FALSE
CANX,0.1779,0.044,0.484789,0.974769,0.808363,NS,Concordant Up,FALSE
PPIA,0.1784,0.0435,0.620732,0.982338,0.862556,NS,Concordant Up,FALSE
SLC25A13,-0.1337,0.088,0.794722,0.920499,0.627606,NS,Discordant (Young Down / Old Up),FALSE
TMEM205,-0.1222,-0.0993,0.833593,0.898184,0.996915,NS,Concordant Down,FALSE
TBCE,0.1496,-0.0717,0.871594,0.958148,0.767832,NS,Discordant (Young Up / Old Down),TRUE
NSF,0.0565,0.1647,0.976422,0.769756,0.937368,NS,Concordant Up,TRUE
PLPBP,-0.0969,-0.1241,0.853491,0.759852,0.993918,NS,Concordant Down,FALSE
UFL1,-0.1059,-0.1148,0.882449,0.857214,0.999545,NS,Concordant Down,TRUE
TIPRL,0.1626,0.058,0.569967,0.950824,0.885298,NS,Concordant Up,TRUE
MYL6B,0.0282,0.1922,0.998173,0.907744,0.954056,NS,Concordant Up,FALSE
FBLN1,0.081,-0.1392,0.969118,0.868823,0.806538,NS,Discordant (Young Up / Old Down),TRUE
FNTA,0.0718,0.1484,0.945721,0.712496,0.956978,NS,Concordant Up,TRUE
ASAH1,-0.137,-0.0831,0.834498,0.941904,0.984806,NS,Concordant Down,TRUE
ROMO1,-0.0373,-0.1828,0.992155,0.778926,0.907566,NS,Concordant Down,FALSE
PRMT1,0.1231,-0.0969,0.812736,0.893171,0.604071,NS,Discordant (Young Up / Old Down),FALSE
SPRYD4,0.2069,-0.013,0.686955,0.999056,0.763471,NS,Discordant (Young Up / Old Down),TRUE
LDHA,0.1081,0.1114,0.916106,0.913817,0.999956,NS,Concordant Up,FALSE
ZBTB9,-0.1664,-0.053,0.875043,0.984345,0.95661,NS,Concordant Down,TRUE
VIM,0.0358,0.1835,0.993284,0.793501,0.911437,NS,Concordant Up,FALSE
PSMC4,0.1545,0.0648,0.576194,0.936654,0.914282,NS,Concordant Up,FALSE
RPL19,0.003,0.2163,0.999951,0.68125,0.788763,NS,Concordant Up,FALSE
EIF2B4,0.1405,-0.0788,0.883237,0.958882,0.784576,NS,Discordant (Young Up / Old Down),TRUE
BUB3,0.1281,-0.0911,0.935153,0.925063,0.822314,NS,Discordant (Young Up / Old Down),TRUE
NLRX1,-0.0551,-0.164,0.977452,0.749101,0.933042,NS,Concordant Down,TRUE
JPT1,0.0662,0.1527,0.97524,0.842952,0.969707,NS,Concordant Up,TRUE
CNBP,-0.1366,-0.082,0.808962,0.939354,0.98273,NS,Concordant Down,FALSE
CFB,0.183,0.0355,0.790371,0.99315,0.908963,NS,Concordant Up,TRUE
RPS18,0.0037,0.2146,0.999887,0.499187,0.66273,NS,Concordant Up,FALSE
BIN1,0.2072,-0.0111,0.239021,0.998311,0.393292,NS,Discordant (Young Up / Old Down),FALSE
ATP2B1,0.103,-0.1152,0.974392,0.906442,0.887346,NS,Discordant (Young Up / Old Down),TRUE
EIF3H,0.0958,-0.1223,0.953322,0.902237,0.804834,NS,Discordant (Young Up / Old Down),TRUE
SMYD1,-0.1767,0.0413,0.783803,0.990553,0.782662,NS,Discordant (Young Down / Old Up),FALSE
DMD,-0.0739,-0.1439,0.92624,0.699535,0.957883,NS,Concordant Down,FALSE
UQCRQ,-0.153,0.0647,0.66756,0.95041,0.567652,NS,Discordant (Young Down / Old Up),FALSE
RPLP0,0.0653,0.1521,0.970025,0.821826,0.963702,NS,Concordant Up,FALSE
GPD1L,-0.0726,-0.1446,0.89467699999999994,0.563692,0.934896,NS,Concordant Down,FALSE
SNRPD3,-0.0438,0.1732,0.979886,0.620754,0.602297,NS,Discordant (Young Down / Old Up),TRUE
WDR77,0.0409,-0.176,0.987056,0.698316,0.697608,NS,Discordant (Young Up / Old Down),TRUE
MB,-0.1048,-0.1119,0.833407,0.81552,0.999624,NS,Concordant Down,FALSE
CACNB3,-0.1809,-0.0354,0.543558,0.986625,0.807824,NS,Concordant Down,FALSE
PMPCB,-0.0764,0.1398,0.947506,0.767451,0.659889,NS,Discordant (Young Down / Old Up),TRUE
PTPA,-0.1861,-0.0296,0.802293,0.994402,0.894296,NS,Concordant Down,TRUE
SUGT1,0.1864,0.0292,0.65618,0.991871,0.821928,NS,Concordant Up,TRUE
RTN2,0.0885,-0.1268,0.889855,0.768726,0.551337,NS,Discordant (Young Up / Old Down),FALSE
MARCHF5,0.1202,0.0949,0.902887,0.934972,0.997381,NS,Concordant Up,TRUE
MRPL12,-0.1669,0.048,0.891945,0.990276,0.864284,NS,Discordant (Young Down / Old Up),TRUE
PSMD10,-0.1695,-0.0453,0.618132,0.975687,0.862866,NS,Concordant Down,TRUE
AHCY,0.1331,-0.0816,0.688575,0.89625,0.4897,NS,Discordant (Young Up / Old Down),FALSE
TXNDC17,0.0698,0.1449,0.93517,0.69628,0.951132,NS,Concordant Up,FALSE
DDRGK1,0.1044,0.1102,0.888846,0.877547,0.999818,NS,Concordant Up,TRUE
GSTP1,-0.0148,-0.1996,0.997781,0.477999,0.686873,NS,Concordant Down,FALSE
TPT1,-0.161,-0.0531,0.74943,0.977866,0.931272,NS,Concordant Down,FALSE
TNMD,-0.045,-0.1691,0.987025,0.784833,0.925518,NS,Concordant Down,TRUE
CTSB,0.0573,0.1568,0.970655,0.746458,0.93644,NS,Concordant Up,TRUE
LARS1,0.1555,0.0584,0.754212,0.96954,0.940213,NS,Concordant Up,TRUE
DDX39B,-0.1724,-0.0414,0.734894,0.987591,0.902243,NS,Concordant Down,TRUE
HDLBP,-0.1784,0.035,0.833667,0.990623,0.798746,NS,Discordant (Young Down / Old Up),TRUE
HLA-A,0.0865,0.1268,0.949766,0.889891,0.993329,NS,Concordant Up,FALSE
ABHD11,0.1329,0.0802,0.906611,0.968759,0.99105,NS,Concordant Up,TRUE
HADHB,-0.1031,-0.1095,0.83003,0.813962,0.999682,NS,Concordant Down,FALSE
PPP1CA,0.0898,0.1226,0.900567,0.81177,0.992572,NS,Concordant Up,FALSE
SARNP,-0.2115,6e-4,0.787607,0.999998,0.828968,NS,Discordant (Young Down / Old Up),TRUE
ATP1B1,0.133,0.0788,0.713654,0.911931,0.973907,NS,Concordant Up,FALSE
TSPO,0.205,0.0063,0.596445,0.999722,0.745583,NS,Concordant Up,TRUE
RPSA,7e-4,0.2103,0.999996,0.468054,0.629564,NS,Concordant Up,FALSE
TMA7,-0.1127,-0.0983,0.871607,0.908382,0.998888,NS,Concordant Down,FALSE
CHMP4B,0.1381,0.0728,0.727598,0.934909,0.965637,NS,Concordant Up,FALSE
MGST2,0.1146,0.0962,0.917382,0.950351,0.99882,NS,Concordant Up,TRUE
SAR1A,-0.0262,-0.1846,0.993164,0.574846,0.788078,NS,Concordant Down,FALSE
FH,0.0871,0.1233,0.851069,0.697566,0.986099,NS,Concordant Up,FALSE
VCL,0.1486,0.0617,0.486221,0.923099,0.891764,NS,Concordant Up,FALSE
DDX6,-0.1163,-0.0939,0.865322,0.913049,0.997227,NS,Concordant Down,TRUE
ADSS2,-0.1039,0.1058,0.923695,0.917607,0.772351,NS,Discordant (Young Down / Old Up),TRUE
UQCRFS1,-0.0809,0.1286,0.911473,0.766387,0.58051,NS,Discordant (Young Down / Old Up),FALSE
PUDP,-0.1722,-0.0371,0.756701,0.990276,0.90091,NS,Concordant Down,TRUE
COQ8A,-0.1296,-0.0797,0.765532,0.921927,0.980985,NS,Concordant Down,FALSE
TXNRD1,-0.0603,-0.1483,0.945289,0.63141,0.919787,NS,Concordant Down,FALSE
PYGM,0.0897,-0.1186,0.902263,0.827154,0.629903,NS,Discordant (Young Up / Old Down),FALSE
FIS1,-0.1,-0.1083,0.891373,0.875783,0.999606,NS,Concordant Down,FALSE
OPA1,0.1091,0.0988,0.856815,0.889133,0.999354,NS,Concordant Up,FALSE
PURB,0.148,-0.0597,0.879766,0.981436,0.831765,NS,Discordant (Young Up / Old Down),TRUE
MT-ATP6,0.0304,-0.1772,0.994927,0.794855,0.807214,NS,Discordant (Young Up / Old Down),FALSE
NAA50,0.202,0.0055,0.486324,0.999723,0.667362,NS,Concordant Up,TRUE
UQCRC2,-0.1435,0.064,0.684772,0.947679,0.57579,NS,Discordant (Young Down / Old Up),FALSE
RACK1,-0.0219,0.1851,0.995512,0.590943,0.651574,NS,Discordant (Young Down / Old Up),FALSE
STOML2,0.1171,0.0896,0.789441,0.887497,0.994004,NS,Concordant Up,FALSE
MRPS5,-0.0229,0.1837,0.99789,0.768629,0.838466,NS,Discordant (Young Down / Old Up),TRUE
DHRS7B,0.0798,-0.1268,0.952818,0.876715,0.767941,NS,Discordant (Young Up / Old Down),FALSE
RNF114,-8e-4,-0.2047,0.999995,0.524981,0.679505,NS,Concordant Down,TRUE
CHP1,-0.1553,-0.0501,0.754278,0.977171,0.927311,NS,Concordant Down,TRUE
FAM98B,-0.2023,-0.003,0.555048,0.999927,0.699964,NS,Concordant Down,TRUE
SEC13,-0.1381,0.0672,0.823105,0.957917,0.717786,NS,Discordant (Young Down / Old Up),TRUE
TMX4,-0.0895,-0.1158,0.909189,0.840422,0.995534,NS,Concordant Down,TRUE
DPM3,0.1301,-0.0752,0.944385,0.961848,0.872918,NS,Discordant (Young Up / Old Down),TRUE
PKM,0.0622,0.1425,0.948294,0.698123,0.94187,NS,Concordant Up,FALSE
CDH13,-0.0392,-0.1653,0.9869,0.721561,0.894912,NS,Concordant Down,FALSE
RAD23A,-0.0169,-0.1875,0.996275,0.409982,0.65124,NS,Concordant Down,FALSE
HDGFL2,-0.1186,-0.0853,0.936284,0.942464,0.996206,NS,Concordant Down,TRUE
C1QBP,-0.1031,0.1007,0.888972,0.898752,0.699029,NS,Discordant (Young Down / Old Up),FALSE
CD47,0.0148,-0.1887,0.998453,0.670977,0.742061,NS,Discordant (Young Up / Old Down),TRUE
ENO2,-0.0126,0.1909,0.998873,0.664297,0.740563,NS,Discordant (Young Down / Old Up),FALSE
ATP5PB,0.1225,-0.0807,0.777537,0.914218,0.598731,NS,Discordant (Young Up / Old Down),FALSE
IMMT,-0.1564,-0.0467,0.614302,0.972917,0.882602,NS,Concordant Down,FALSE
COX11,0.1436,-0.0595,0.854653,0.975912,0.791567,NS,Discordant (Young Up / Old Down),TRUE
SYNM,0.0366,-0.1663,0.994763,0.878811,0.874687,NS,Discordant (Young Up / Old Down),FALSE
EIF3G,-0.1261,0.0766,0.814874,0.94003,0.680723,NS,Discordant (Young Down / Old Up),FALSE
ACAT1,-0.0898,-0.1129,0.89309,0.830511,0.996177,NS,Concordant Down,FALSE
EMC1,-0.0828,0.1199,0.961335,0.903417,0.817793,NS,Discordant (Young Down / Old Up),TRUE
HSPA9,0.0506,0.1519,0.961609,0.601159,0.886937,NS,Concordant Up,FALSE
RPL17,0.0613,0.1412,0.970328,0.826463,0.96556,NS,Concordant Up,FALSE
FKBP4,0.1143,-0.0881,0.859607,0.923605,0.700246,NS,Discordant (Young Up / Old Down),FALSE
COASY,-0.146,-0.0563,0.815668,0.972057,0.953578,NS,Concordant Down,TRUE
TF,0.1786,0.0234,0.764767,0.996921,0.886266,NS,Concordant Up,FALSE
TBC1D4,-0.1446,0.0572,0.802385,0.964483,0.704895,NS,Discordant (Young Down / Old Up),TRUE
TCAP,-0.15,-0.0517,0.910544,0.990783,0.975526,NS,Concordant Down,FALSE
SESN1,-0.1283,-0.0729,0.871147,0.956924,0.984829,NS,Concordant Down,TRUE
METAP2,-0.0698,-0.1312,0.912801,0.627659,0.95565,NS,Concordant Down,TRUE
PDK1,-0.1385,-0.0624,0.864825,0.976491,0.975386,NS,Concordant Down,TRUE
TLN1,0.1039,0.097,0.769523,0.809732,0.999526,NS,Concordant Up,FALSE
PKIA,0.0654,-0.135,0.957164,0.80023,0.696513,NS,Discordant (Young Up / Old Down),FALSE
S100A1,0.1581,-0.0419,0.855008,0.991608,0.845074,NS,Discordant (Young Up / Old Down),FALSE
KRT5,-0.1379,0.0619,0.944421,0.989704,0.919056,NS,Discordant (Young Down / Old Up),TRUE
THEM6,-0.0808,-0.1189,0.959988,0.864705,0.993493,NS,Concordant Down,TRUE
RDH14,-0.0621,0.1376,0.969598,0.812459,0.744481,NS,Discordant (Young Down / Old Up),TRUE
AGT,0.049,-0.1503,0.984024,0.797768,0.775779,NS,Discordant (Young Up / Old Down),TRUE
GSR,0.15,0.0492,0.5807,0.96399,0.883388,NS,Concordant Up,FALSE
GLOD4,-0.1232,-0.0759,0.73364,0.911159,0.978959,NS,Concordant Down,FALSE
DDX19A,-0.0846,-0.1145,0.883754,0.783402,0.992103,NS,Concordant Down,FALSE
UBE2Z,0.1358,-0.0631,0.850474,0.961639,0.750135,NS,Discordant (Young Up / Old Down),TRUE
YBX3,-0.1245,-0.074,0.821547,0.94487,0.98355,NS,Concordant Down,FALSE
PGRMC1,0.0904,-0.1079,0.975759,0.960446,0.910155,NS,Discordant (Young Up / Old Down),TRUE
RSU1,-0.1175,-0.0804,0.839805,0.931633,0.991169,NS,Concordant Down,TRUE
ABHD14B,-0.1163,-0.0815,0.829258,0.92466,0.991771,NS,Concordant Down,FALSE
LRPPRC,0.084,0.1135,0.9081,0.829397,0.993689,NS,Concordant Up,FALSE
EPRS1,0.1968,6e-4,0.202016,0.999994,0.404684,NS,Concordant Up,FALSE
VWF,-0.0313,0.166,0.998091,0.878634,0.92669,NS,Discordant (Young Down / Old Up),TRUE
PTGES3,-0.1286,-0.0679,0.814463,0.955724,0.976305,NS,Concordant Down,FALSE
ARPC1A,0.0434,-0.15310000000000001,0.982618,0.68361,0.684146,NS,Discordant (Young Up / Old Down),TRUE
LIMS1,-0.1544,0.042,0.698106,0.979474,0.654842,NS,Discordant (Young Down / Old Up),TRUE
TIMM10,-0.0432,-0.1528,0.984786,0.776756,0.926542,NS,Concordant Down,FALSE
PNPT1,0.0945,-0.1014,0.912513,0.884373,0.713782,NS,Discordant (Young Up / Old Down),TRUE
MYH14,0.1929,-0.0029,0.677239,0.999947,0.778715,NS,Discordant (Young Up / Old Down),TRUE
CLCC1,-0.116,-0.0796,0.896993,0.925984,0.992911,NS,Concordant Down,TRUE
PRKAB2,0.1147,0.0807,0.80272,0.912366,0.990868,NS,Concordant Up,FALSE
CD36,0.1017,0.0936,0.937881,0.949904,0.999775,NS,Concordant Up,FALSE
PSMD3,0.1563,-0.0383,0.642097,0.983609,0.63943,NS,Discordant (Young Up / Old Down),FALSE
BAG6,0.1096,-0.085,0.934259,0.9285,0.814039,NS,Discordant (Young Up / Old Down),TRUE
SNX6,-0.1285,-0.0657,0.736594,0.931743,0.961813,NS,Concordant Down,TRUE
RTN4,-0.0138,-0.18,0.997899,0.525305,0.721813,NS,Concordant Down,FALSE
ATP1A2,0.1627,0.031,0.478895,0.985803,0.77466,NS,Concordant Up,FALSE
PSMC2,0.142,0.0516,0.508553,0.946255,0.876861,NS,Concordant Up,FALSE
CHMP2B,-0.1648,-0.0286,0.711052,0.9932,0.872248,NS,Concordant Down,TRUE
LMAN1,0.1578,0.0356,0.720901,0.989126,0.895862,NS,Concordant Up,TRUE
SLC29A1,0.0103,-0.1829,0.999509,0.686896,0.824654,NS,Discordant (Young Up / Old Down),TRUE
CRAT,-0.1479,-0.0445,0.706012,0.979204,0.912511,NS,Concordant Down,FALSE
TOM1,-0.0753,-0.117,0.935872,0.838236,0.988226,NS,Concordant Down,FALSE
RABL3,0.0973,-0.095,0.930017,0.924754,0.79090800000000006,NS,Discordant (Young Up / Old Down),TRUE
PSMC6,0.129,0.0629,0.658478,0.931614,0.949301,NS,Concordant Up,FALSE
AZGP1,-0.0342,-0.1575,0.991368,0.780437,0.912556,NS,Concordant Down,FALSE
DCUN1D1,0.0753,0.1164,0.960011,0.890774,0.992209,NS,Concordant Up,TRUE
PPP5C,0.1705,-0.021,0.52823,0.994475,0.593926,NS,Discordant (Young Up / Old Down),TRUE
STBD1,0.1597,-0.0317,0.633388,0.989229,0.656951,NS,Discordant (Young Up / Old Down),FALSE
PSMD7,-0.013,0.1784,0.998326,0.577365,0.668239,NS,Discordant (Young Down / Old Up),FALSE
SLIRP,0.1068,0.0846,0.908323,0.943341,0.997714,NS,Concordant Up,TRUE
L2HGDH,-0.1564,-0.0343,0.76649,0.991348,0.911147,NS,Concordant Down,FALSE
HDHD2,-0.1438,-0.0467,0.711597,0.976393,0.921644,NS,Concordant Down,TRUE
NPC2,-0.1419,-0.0483,0.95518,0.988648,0.98291,NS,Concordant Down,TRUE
RHOA,-0.083,-0.107,0.904278,0.839498,0.995654,NS,Concordant Down,FALSE
EMC2,0.045,0.145,0.988092,0.852135,0.955972,NS,Concordant Up,TRUE
SUMO2,0.0741,0.1155,0.960923,0.896064,0.992183,NS,Concordant Up,TRUE
PELO,0.0463,0.143,0.988487,0.852915,0.960641,NS,Concordant Up,TRUE
IGKV3-20,0.0703,0.1189,0.987339,0.95099,0.995412,NS,Concordant Up,TRUE
SERPING1,-0.1555,0.0337,0.873279,0.994153,0.862672,NS,Discordant (Young Down / Old Up),TRUE
USO1,-0.0737,-0.1154,0.934035,0.830243,0.98735,NS,Concordant Down,FALSE
RAB14,-0.1109,-0.0782,0.874928,0.94186,0.993853,NS,Concordant Down,TRUE
AMPD3,-0.183,0.0061,0.858748,0.999872,0.899516,NS,Discordant (Young Down / Old Up),TRUE
AGO2,-0.1595,0.0296,0.762525,0.993442,0.774994,NS,Discordant (Young Down / Old Up),TRUE
FAHD1,-0.1364,-0.0526,0.813697,0.975472,0.956237,NS,Concordant Down,TRUE
SNX12,-0.1447,-0.0442,0.812422,0.984297,0.941356,NS,Concordant Down,TRUE
NIPSNAP2,-0.1706,-0.0179,0.633106,0.997123,0.810666,NS,Concordant Down,FALSE
RPL26,0.1282,0.0599,0.905954,0.982083,0.983606,NS,Concordant Up,FALSE
LDHB,0.1088,-0.0791,0.936061,0.968732,0.866686,NS,Discordant (Young Up / Old Down),FALSE
SLC25A20,-0.1235,0.0643,0.880405,0.971872,0.811954,NS,Discordant (Young Down / Old Up),FALSE
IST1,-0.121,0.0668,0.74541,0.93366,0.600451,NS,Discordant (Young Down / Old Up),FALSE
SYNPO2,0.1496,0.038,0.844291,0.991874,0.945789,NS,Concordant Up,FALSE
ELAVL1,-0.1837,0.0039,0.849983,0.999908,0.868411,NS,Discordant (Young Down / Old Up),TRUE
PPM1B,-0.1835,0.0039,0.694222,0.999891,0.781452,NS,Discordant (Young Down / Old Up),TRUE
CAVIN1,0.1582,-0.0291,0.626435,0.990684,0.658814,NS,Discordant (Young Up / Old Down),FALSE
CASQ2,0.1544,-0.0327,0.841185,0.994305,0.845335,NS,Discordant (Young Up / Old Down),FALSE
EIF3A,-0.1249,0.0618,0.743716,0.947396,0.625912,NS,Discordant (Young Down / Old Up),FALSE
CNDP2,0.1495,-0.0371,0.705885,0.986195,0.700958,NS,Discordant (Young Up / Old Down),FALSE
HNRNPA1,-0.1325,-0.054,0.894928,0.981723,0.97498,NS,Concordant Down,TRUE
CMYA5,-0.0516,-0.1349,0.97262,0.786662,0.949874,NS,Concordant Down,FALSE
ACYP2,0.125,0.0613,0.778121,0.955224,0.967272,NS,Concordant Up,FALSE
RDX,-0.0849,-0.1013,0.899255,0.857276,0.998008,NS,Concordant Down,FALSE
PCBD1,-0.1088,-0.0774,0.830556,0.923213,0.992481,NS,Concordant Down,FALSE
DCAF8,0.0868,0.0991,0.937401,0.912762,0.999254,NS,Concordant Up,TRUE
APEH,0.1624,0.0235,0.481423,0.992179,0.748464,NS,Concordant Up,FALSE
AIMP1,0.1516,0.0337,0.658291,0.987367,0.871177,NS,Concordant Up,FALSE
PA2G4,0.0388,0.1464,0.98377,0.720162,0.903568,NS,Concordant Up,FALSE
ATP5F1C,0.1523,0.0327,0.685737,0.989124,0.879375,NS,Concordant Up,FALSE
SERPINA1,0.0939,-0.091,0.939846,0.945859,0.834068,NS,Discordant (Young Up / Old Down),FALSE
FABP3,0.0468,-0.1381,0.98414,0.842985,0.804858,NS,Discordant (Young Up / Old Down),FALSE
PHPT1,0.0195,-0.1652,0.995971,0.619594,0.677645,NS,Discordant (Young Up / Old Down),FALSE
CAPZB,-0.0828,0.1013,0.959032,0.939317,0.853412,NS,Discordant (Young Down / Old Up),FALSE
MXRA7,0.0785,-0.1056,0.980278,0.950728,0.909549,NS,Discordant (Young Up / Old Down),TRUE
RTN3,0.122,0.062,0.91693,0.980232,0.987436,NS,Concordant Up,TRUE
SMTNL1,0.0347,-0.1491,0.994344,0.881389,0.87494,NS,Discordant (Young Up / Old Down),FALSE
TXN2,-0.0714,0.1124,0.951656,0.870045,0.75794,NS,Discordant (Young Down / Old Up),TRUE
ACADM,0.0878,0.0959,0.927286,0.915256,0.99966,NS,Concordant Up,FALSE
AIMP2,0.1524,-0.031,0.550464,0.986246,0.576908,NS,Discordant (Young Up / Old Down),FALSE
MTM1,-0.1373,0.046,0.845219,0.9831,0.799245,NS,Discordant (Young Down / Old Up),TRUE
TUBB4B,0.1698,0.0133,0.575402,0.998202,0.76479,NS,Concordant Up,FALSE
AGMAT,0.1498,0.0333,0.933027,0.996112,0.96953,NS,Concordant Up,TRUE
UGP2,0.1414,0.0416,0.695779,0.979644,0.908108,NS,Concordant Up,FALSE
PGAM2,-0.1548,-0.0281,0.690987,0.992468,0.870129,NS,Concordant Down,FALSE
DYNLL1,0.0451,-0.1378,0.980189,0.780395,0.737179,NS,Discordant (Young Up / Old Down),TRUE
ADPRHL1,0.1392,-0.0434,0.792799,0.983985,0.764427,NS,Discordant (Young Up / Old Down),FALSE
ADI1,0.1176,0.0647,0.952321,0.982576,0.993082,NS,Concordant Up,TRUE
PFKM,0.1646,-0.0175,0.711834,0.997647,0.770111,NS,Discordant (Young Up / Old Down),FALSE
PSMD4,0.1689,0.0132,0.450276,0.997673,0.685192,NS,Concordant Up,FALSE
RPS23,-0.0999,0.0822,0.929998,0.95492,0.834898,NS,Discordant (Young Down / Old Up),TRUE
ZYX,0.0886,0.0935,0.895433,0.886811,0.999833,NS,Concordant Up,FALSE
TXN,-0.105,-0.0766,0.862629,0.933897,0.994602,NS,Concordant Down,FALSE
ACAA2,-0.0377,-0.1437,0.986187,0.758575,0.916313,NS,Concordant Down,FALSE
EML2,0.1291,0.0519,0.903199,0.984258,0.976874,NS,Concordant Up,TRUE
MRPS25,0.0882,0.0928,0.928853,0.912448,0.999888,NS,Concordant Up,TRUE
AP1G1,-0.0115,0.1694,0.999618,0.793702,0.903127,NS,Discordant (Young Down / Old Up),TRUE
SNTB1,-0.1574,-0.0227,0.76774,0.996315,0.891472,NS,Concordant Down,TRUE
EIF1AX,0.1424,0.0375,0.76287,0.987263,0.92128,NS,Concordant Up,FALSE
STAT3,-0.1483,0.0313,0.761901,0.99127,0.761021,NS,Discordant (Young Down / Old Up),TRUE
DDB1,0.1541,0.0255,0.444124,0.988862,0.741005,NS,Concordant Up,FALSE
GYG1,0.1672,-0.012,0.598122,0.998587,0.698166,NS,Discordant (Young Up / Old Down),FALSE
UQCRC1,-0.1119,0.067,0.829467,0.946923,0.706869,NS,Discordant (Young Down / Old Up),FALSE
PCCA,0.1539,-0.0249,0.754718,0.994957,0.777383,NS,Discordant (Young Up / Old Down),TRUE
PFN2,0.1573,0.0215,0.690127,0.995838,0.853601,NS,Concordant Up,FALSE
PPTC7,-0.1092,0.0695,0.951636,0.972646,0.891899,NS,Discordant (Young Down / Old Up),TRUE
NNT,0.1091,0.0691,0.864722,0.952108,0.989854,NS,Concordant Up,FALSE
UQCR10,-0.1431,-0.0351,0.801585,0.990672,0.930214,NS,Concordant Down,FALSE
ANK2,-0.1489,-0.0291,0.809566,0.99352,0.916637,NS,Concordant Down,TRUE
RPS24,0.1414,0.0365,0.863481,0.992508,0.952523,NS,Concordant Up,TRUE
TRIP10,0.1153,-0.0624,0.775009,0.943087,0.644497,NS,Discordant (Young Up / Old Down),TRUE
TSFM,0.0381,0.1395,0.990894,0.854207,0.951192,NS,Concordant Up,TRUE
SERPINA3,0.1127,-0.0649,0.907568,0.972395,0.840669,NS,Discordant (Young Up / Old Down),TRUE
NAP1L1,0.1149,0.0625,0.850514,0.960467,0.981946,NS,Concordant Up,TRUE
TTN,-0.1586,0.0185,0.907614,0.99896,0.923045,NS,Discordant (Young Down / Old Up),FALSE
ANXA5,0.1287,-0.0481,0.819957,0.979612,0.774043,NS,Discordant (Young Up / Old Down),FALSE
SDHD,0.1014,-0.0753,0.91749,0.958239,0.825009,NS,Discordant (Young Up / Old Down),FALSE
CUL3,0.1289,-0.0478,0.777683,0.975543,0.724502,NS,Discordant (Young Up / Old Down),FALSE
USP13,-0.0979,-0.0786,0.958462,0.961288,0.998836,NS,Concordant Down,TRUE
YWHAZ,0.1398,-0.0364,0.682429,0.983698,0.671656,NS,Discordant (Young Up / Old Down),FALSE
TOM1L2,0.0193,-0.1568,0.99594800000000006,0.619629,0.687825,NS,Discordant (Young Up / Old Down),TRUE
RPS9,0.0417,0.1342,0.987509,0.852097,0.955229,NS,Concordant Up,FALSE
CAPZA2,-0.1457,0.0302,0.812991,0.993764,0.820343,NS,Discordant (Young Down / Old Up),FALSE
MRPL1,0.0476,0.1279,0.985761,0.873561,0.96994,NS,Concordant Up,TRUE
PITHD1,-0.0759,-0.0996,0.973494,0.926426,0.99807,NS,Concordant Down,TRUE
UBXN4,0.0687,0.1066,0.97059,0.910725,0.993789,NS,Concordant Up,TRUE
FXYD1,0.1168,0.0584,0.927245,0.983297,0.98858,NS,Concordant Up,TRUE
EIF4A2,-0.0319,0.1431,0.990446,0.763593,0.759327,NS,Discordant (Young Down / Old Up),FALSE
HDHD5,-0.0634,0.1116,0.97295,0.90864,0.842432,NS,Discordant (Young Down / Old Up),TRUE
SNX3,-0.0806,-0.0942,0.883154,0.841958,0.998335,NS,Concordant Down,FALSE
NCL,-0.1558,0.0187,0.756902,0.997445,0.801202,NS,Discordant (Young Down / Old Up),FALSE
PPIC,-0.0888,-0.0856,0.956486,0.961987,0.999967,NS,Concordant Down,TRUE
ADH5,-0.0761,-0.0981,0.935119,0.891202,0.99693,NS,Concordant Down,FALSE
PSMD2,0.1086,0.0656,0.772124,0.928192,0.980979,NS,Concordant Up,FALSE
COX8A,-0.0668,0.1073,0.981785,0.943579,0.901725,NS,Discordant (Young Down / Old Up),TRUE
USP47,0.0015,-0.1726,0.999986,0.661738,0.801947,NS,Discordant (Young Up / Old Down),TRUE
NUDC,0.0891,-0.0849,0.861023,0.880345,0.636518,NS,Discordant (Young Up / Old Down),FALSE
CLPB,0.1092,0.0646,0.941917,0.975401,0.993224,NS,Concordant Up,TRUE
AHSA1,0.1637,0.01,0.664819,0.999064,0.802039,NS,Concordant Up,TRUE
TIMM21,-0.0873,0.0863,0.947411,0.942518,0.840035,NS,Discordant (Young Down / Old Up),TRUE
ACADVL,-0.0848,-0.0885,0.900374,0.895006,0.999906,NS,Concordant Down,FALSE
TECR,-0.0918,0.0815,0.948064,0.960612,0.867561,NS,Discordant (Young Down / Old Up),TRUE
SGTA,-0.1061,-0.0667,0.821918,0.938645,0.986763,NS,Concordant Down,FALSE
EIF3K,-0.0727,0.1001,0.951669,0.906502,0.798751,NS,Discordant (Young Down / Old Up),FALSE
HGS,-0.0901,-0.0825,0.941479,0.937295,0.999735,NS,Concordant Down,TRUE
SMIM20,-0.1586,-0.0139,0.831239,0.99895,0.906155,NS,Concordant Down,TRUE
ILF3,0.1366,0.0358,0.901018,0.993369,0.962925,NS,Concordant Up,TRUE
NAA15,0.1612,0.0112,0.919676,0.99943,0.941718,NS,Concordant Up,TRUE
EIF4A1,-0.1665,0.0057,0.600028,0.99969,0.720563,NS,Discordant (Young Down / Old Up),FALSE
NPEPPS,-0.0623,-0.1094,0.944027,0.813447,0.980233,NS,Concordant Down,FALSE
SNTA1,-0.106,0.0655,0.892946,0.963872,0.807298,NS,Discordant (Young Down / Old Up),FALSE
HSPA8,0.155,0.0162,0.490851,0.996167,0.730058,NS,Concordant Up,FALSE
PSMD1,0.153,0.0181,0.613642,0.996256,0.807665,NS,Concordant Up,FALSE
COPG1,-0.0943,0.0767,0.902491,0.925319,0.751706,NS,Discordant (Young Down / Old Up),TRUE
KPNA6,0.0223,0.1485,0.995903,0.717058,0.881052,NS,Concordant Up,TRUE
MRPL36,0.1569,-0.0137,0.759876,0.998662,0.813605,NS,Discordant (Young Up / Old Down),TRUE
FAM136A,-0.0381,0.132,0.993164,0.898057,0.888353,NS,Discordant (Young Down / Old Up),TRUE
APOE,-0.0619,-0.108,0.988875,0.94772,0.995098,NS,Concordant Down,TRUE
TXNRD2,-0.0814,-0.0885,0.957411,0.945819,0.999802,NS,Concordant Down,TRUE
LACTB,-0.1271,-0.0427,0.806659,0.982664,0.948957,NS,Concordant Down,FALSE
PFDN2,0.0422,-0.1275,0.981104,0.793677,0.751258,NS,Discordant (Young Up / Old Down),TRUE
SPPL2A,-0.0949,-0.0745,0.945824,0.970546,0.998552,NS,Concordant Down,TRUE
PPIL3,0.1424,-0.0269,0.877518,0.996412,0.883807,NS,Discordant (Young Up / Old Down),TRUE
PFKFB2,0.0547,0.1141,0.980023,0.892403,0.983131,NS,Concordant Up,TRUE
TXLNB,0.0697,-0.099,0.931218,0.856528,0.704507,NS,Discordant (Young Up / Old Down),FALSE
HSD17B4,0.1571,0.0115,0.872316,0.999462,0.928749,NS,Concordant Up,FALSE
SETD7,0.1336,0.0348,0.772253,0.988213,0.924063,NS,Concordant Up,FALSE
PFKL,0.1456,0.0224,0.838963,0.997043,0.926992,NS,Concordant Up,FALSE
OTUB1,-0.0456,-0.1224,0.969007,0.732888,0.936705,NS,Concordant Down,TRUE
PSMF1,0.1641,0.0037,0.676817,0.999882,0.793655,NS,Concordant Up,TRUE
SLC37A4,0.0822,-0.0855,0.95453,0.950587,0.861385,NS,Discordant (Young Up / Old Down),TRUE
CACNA2D1,-0.1031,-0.0646,0.833604,0.943049,0.987487,NS,Concordant Down,FALSE
MAP2K6,-0.1441,-0.0234,0.750995,0.995181,0.890786,NS,Concordant Down,FALSE
PRDX2,0.1092,0.0581,0.782129,0.948293,0.973743,NS,Concordant Up,FALSE
RAB12,-0.038,-0.1293,0.989101,0.835357,0.950828,NS,Concordant Down,TRUE
DCAF6,-0.0396,-0.1276,0.981565,0.771494,0.932372,NS,Concordant Down,FALSE
ATP5F1B,0.0791,0.0879,0.917224,0.899678,0.99946,NS,Concordant Up,FALSE
ITIH4,-0.0705,0.0965,0.977015,0.948697,0.897834,NS,Discordant (Young Down / Old Up),TRUE
HINT1,0.1453,-0.0216,0.788965,0.99654,0.818037,NS,Discordant (Young Up / Old Down),FALSE
SRPRB,0.134,0.0329,0.835753,0.99166,0.940038,NS,Concordant Up,TRUE
GMPPB,0.1417,0.0251,0.800687,0.994906,0.912201,NS,Concordant Up,TRUE
GNB1,0.0143,-0.1522,0.997818,0.666299,0.730371,NS,Discordant (Young Up / Old Down),FALSE
AK1,0.1306,-0.0357,0.806583,0.988779,0.793121,NS,Discordant (Young Up / Old Down),FALSE
YARS1,-0.0627,0.1036,0.970769,0.911758,0.841374,NS,Discordant (Young Down / Old Up),TRUE
MAT2A,-0.0665,-0.0997,0.920345,0.812023,0.988691,NS,Concordant Down,FALSE
TYMP,0.0344,0.1317,0.991867,0.825428,0.945789,NS,Concordant Up,TRUE
BSG,-0.0342,0.1319,0.985438,0.733407,0.712919,NS,Discordant (Young Down / Old Up),FALSE
TMEM245,0.0916,-0.0745,0.966263,0.944919,0.893261,NS,Discordant (Young Up / Old Down),TRUE
APOOL,-0.0796,-0.0863,0.92916,0.918744,0.99973,NS,Concordant Down,FALSE
SQSTM1,-0.0478,0.118,0.981261,0.868093,0.820778,NS,Discordant (Young Down / Old Up),TRUE
ISOC2,0.1182,-0.0476,0.803075,0.974279,0.743009,NS,Discordant (Young Up / Old Down),FALSE
UQCRH,-0.1087,0.0567,0.830697,0.961238,0.736838,NS,Discordant (Young Down / Old Up),FALSE
PMM2,-0.042,0.1231,0.991401,0.91252200000000006,0.893665,NS,Discordant (Young Down / Old Up),TRUE
APRT,0.0732,0.0918,0.930675,0.890253,0.997519,NS,Concordant Up,FALSE
ACAA1,0.0813,-0.0837,0.936869,0.935211,0.813055,NS,Discordant (Young Up / Old Down),FALSE
CLPP,0.1326,-0.0323,0.911766,0.995034,0.902077,NS,Discordant (Young Up / Old Down),TRUE
ESD,-0.114,-0.0508,0.89369,0.982026,0.980369,NS,Concordant Down,FALSE
RPL5,-0.0255,0.1392,0.996781,0.888981,0.8926,NS,Discordant (Young Down / Old Up),FALSE
SNF8,0.0956,0.0685,0.937537,0.95619,0.996537,NS,Concordant Up,TRUE
XPO7,0.0847,-0.0788,0.965355,0.951639,0.886293,NS,Discordant (Young Up / Old Down),TRUE
VPS4B,-0.0536,0.1098,0.987196,0.910907,0.892578,NS,Discordant (Young Down / Old Up),TRUE
ARAF,0.0672,-0.0961,0.98623,0.956226,0.929318,NS,Discordant (Young Up / Old Down),TRUE
ACOT9,0.0815,0.0818,0.927151,0.929244,0.999999,NS,Concordant Up,FALSE
ATP5IF1,0.0856,0.0776,0.940266,0.953539,0.999705,NS,Concordant Up,FALSE
HNRNPD,-0.1116,-0.0513,0.82837,0.970094,0.971205,NS,Concordant Down,FALSE
VPS13C,0.1487,0.0138,0.839143,0.998701,0.905349,NS,Concordant Up,TRUE
PSMA4,0.0885,0.074,0.866723,0.914012,0.998198,NS,Concordant Up,FALSE
PREP,-0.1065,-0.0558,0.840544,0.963034,0.979653,NS,Concordant Down,FALSE
ERH,0.055,0.1072,0.990061,0.933184,0.992606,NS,Concordant Up,TRUE
PIN4,-0.0324,-0.1298,0.992181,0.843036,0.944917,NS,Concordant Down,TRUE
TRIM72,0.0921,0.07,0.82168,0.906953,0.994906,NS,Concordant Up,FALSE
EIF3J,0.1396,0.0225,0.600875,0.992696,0.822516,NS,Concordant Up,FALSE
CUL5,-0.0851,-0.0768,0.881585,0.909407,0.999442,NS,Concordant Down,FALSE
UBE2G1,-0.1338,-0.0275,0.922151,0.995498,0.960866,NS,Concordant Down,TRUE
TIMM8B,-0.0058,0.1554,0.999818,0.807137,0.872468,NS,Discordant (Young Down / Old Up),TRUE
ACOT2,-0.1131,-0.0477,0.860513,0.979481,0.972467,NS,Concordant Down,FALSE
PSMA7,0.1171,0.0436,0.675469,0.964825,0.925872,NS,Concordant Up,FALSE
IMPDH2,-0.0438,0.1164,0.97667,0.808301,0.749588,NS,Discordant (Young Down / Old Up),FALSE
EIF2S1,0.1048,0.0553,0.731278,0.937688,0.96763,NS,Concordant Up,FALSE
ACAD9,-0.1556,0.0042,0.815263,0.999901,0.871193,NS,Discordant (Young Down / Old Up),TRUE
OPTN,0.0289,-0.1306,0.994671,0.846655,0.8571,NS,Discordant (Young Up / Old Down),TRUE
UBE2V1,-0.0634,-0.096,0.957799,0.899305,0.993226,NS,Concordant Down,FALSE
SPEG,0.0598,-0.0995,0.975,0.925035,0.864289,NS,Discordant (Young Up / Old Down),TRUE
TOMM5,-0.1419,0.0174,0.876478,0.998191,0.884994,NS,Discordant (Young Down / Old Up),TRUE
CLIP2,0.1484,0.0103,0.890559,0.999504,0.932389,NS,Concordant Up,TRUE
PSMA3,0.149,0.0096,0.564928,0.998802,0.752875,NS,Concordant Up,FALSE
USP15,0.1182,0.0404,0.816444,0.983035,0.952827,NS,Concordant Up,TRUE
IDE,-0.0691,0.0893,0.950641,0.905049,0.796688,NS,Discordant (Young Down / Old Up),TRUE
GPI,0.0746,0.0837,0.896754,0.871902,0.999225,NS,Concordant Up,FALSE
CTBP1,-0.1114,0.0464,0.848313,0.975818,0.783504,NS,Discordant (Young Down / Old Up),TRUE
CISD2,0.1017,0.0559,0.934594,0.97019,0.990135,NS,Concordant Up,TRUE
WARS1,0.0502,-0.1073,0.969258,0.843086,0.763602,NS,Discordant (Young Up / Old Down),FALSE
STOM,-0.1454,-0.0121,0.859206,0.999221,0.921724,NS,Concordant Down,TRUE
TATDN1,0.0477,-0.1094,0.986366,0.908271,0.877411,NS,Discordant (Young Up / Old Down),TRUE
MRPL19,0.1354,0.0216,0.911874,0.997487,0.953457,NS,Concordant Up,TRUE
PGM3,0.0294,-0.1274,0.993786,0.850778,0.850514,NS,Discordant (Young Up / Old Down),TRUE
UQCRB,-0.0866,0.07,0.900492,0.940193,0.772006,NS,Discordant (Young Down / Old Up),FALSE
WDR44,-0.0784,0.0779,0.979422,0.964723,0.926795,NS,Discordant (Young Down / Old Up),TRUE
ACO1,-0.0551,-0.1005,0.964431,0.872122,0.984684,NS,Concordant Down,FALSE
VAPA,0.1088,0.0467,0.826971,0.974063,0.967532,NS,Concordant Up,FALSE
PPP2R1A,0.1473,0.008,0.460609,0.998966,0.677773,NS,Concordant Up,FALSE
XRCC5,-0.0831,-0.0721,0.900641,0.930324,0.999096,NS,Concordant Down,FALSE
PPP1R2,-0.0446,-0.1105,0.980794,0.867226,0.970972,NS,Concordant Down,FALSE
ENO3,0.0103,0.1446,0.998851,0.690261,0.823278,NS,Concordant Up,FALSE
PEPD,-0.0122,-0.1427,0.998604,0.743904,0.8589,NS,Concordant Down,FALSE
SPCS1,0.0999,-0.0549,0.891289,0.971081,0.819555,NS,Discordant (Young Up / Old Down),TRUE
MAP2K4,-0.0788,0.0759,0.928758,0.924519,0.78623,NS,Discordant (Young Down / Old Up),TRUE
EML1,-0.0808,-0.0735,0.923552,0.94038,0.999664,NS,Concordant Down,FALSE
RTRAF,0.0234,0.1307,0.998604,0.927063,0.974197,NS,Concordant Up,TRUE
FN3K,-0.144,-0.01,0.727184,0.999104,0.84983,NS,Concordant Down,FALSE
CFL1,0.0967,0.057,0.902607,0.970395,0.990556,NS,Concordant Up,FALSE
UBR4,0.1067,-0.047,0.912002,0.976717,0.847536,NS,Discordant (Young Up / Old Down),TRUE
PPM1A,0.1296,0.0237,0.687479,0.992456,0.869817,NS,Concordant Up,TRUE
ADHFE1,-0.0838,-0.069,0.965471,0.976744,0.999328,NS,Concordant Down,TRUE
SYNCRIP,0.0896,-0.0631,0.905319,0.955148,0.802481,NS,Discordant (Young Up / Old Down),TRUE
RHOG,-0.0779,0.0748,0.987984,0.96413,0.954496,NS,Discordant (Young Down / Old Up),TRUE
FSD2,0.0216,0.131,0.996922,0.846167,0.934275,NS,Concordant Up,TRUE
CP,0.1231,-0.0292,0.899817,0.99465,0.888786,NS,Discordant (Young Up / Old Down),TRUE
NONO,-0.1199,0.0321,0.827192,0.990066,0.812772,NS,Discordant (Young Down / Old Up),TRUE
ITGB1,-0.0367,-0.1151,0.979672,0.756571,0.930715,NS,Concordant Down,FALSE
MBNL1,0.0725,0.0792,0.938711,0.920736,0.999701,NS,Concordant Up,TRUE
IFIT2,-0.0274,-0.1242,0.994717,0.871483,0.949351,NS,Concordant Down,FALSE
GSTM2,0.0852,0.0664,0.938381,0.965397,0.998282,NS,Concordant Up,FALSE
HNRNPA3,-0.0204,0.1312,0.998114,0.879262,0.905721,NS,Discordant (Young Down / Old Up),TRUE
GMPR2,0.1493,-0.0023,0.806134,0.999966,0.870667,NS,Discordant (Young Up / Old Down),FALSE
TXNL1,0.0998,0.0515,0.78404,0.95249,0.972466,NS,Concordant Up,FALSE
TPD52L2,-0.1063,-0.0448,0.775649,0.967684,0.95703800000000006,NS,Concordant Down,TRUE
OXSR1,-0.0652,-0.0859,0.926429,0.869644,0.995968,NS,Concordant Down,FALSE
PYGB,-0.0243,-0.1267,0.994283,0.806233,0.918773,NS,Concordant Down,FALSE
PCNP,-0.1203,0.0307,0.937023,0.993849,0.915152,NS,Discordant (Young Down / Old Up),TRUE
MCTS1,0.1455,-0.0055,0.666122,0.999685,0.767733,NS,Discordant (Young Up / Old Down),FALSE
HSCB,-0.0405,0.1103,0.993622,0.904555,0.915611,NS,Discordant (Young Down / Old Up),TRUE
HSP90AA1,0.1129,0.0378,0.797007,0.982342,0.947123,NS,Concordant Up,FALSE
TOR1AIP2,0.0502,0.1005,0.99378,0.937372,0.994361,NS,Concordant Up,TRUE
PRKCSH,0.1365,-0.014,0.712389,0.99792,0.773824,NS,Discordant (Young Up / Old Down),FALSE
SMTN,0.0607,0.0897,0.972888,0.93434,0.995979,NS,Concordant Up,TRUE
EIF4G2,0.0299,-0.1204,0.992257,0.842885,0.835157,NS,Discordant (Young Up / Old Down),TRUE
PIAS2,0.0307,0.119,0.992492,0.866672,0.952957,NS,Concordant Up,FALSE
AKR1B1,0.0508,-0.0985,0.967586,0.865882,0.782495,NS,Discordant (Young Up / Old Down),FALSE
RAN,0.1257,-0.0235,0.755541,0.993829,0.775806,NS,Discordant (Young Up / Old Down),FALSE
HNRNPR,0.046,0.1028,0.977429,0.871687,0.97649,NS,Concordant Up,TRUE
PSMD6,0.0856,-0.0632,0.938365,0.969195,0.868829,NS,Discordant (Young Up / Old Down),FALSE
ATP5F1D,0.0931,-0.0553,0.91703,0.974183,0.853954,NS,Discordant (Young Up / Old Down),FALSE
APOC2,0.0142,-0.1341,0.999401,0.922552,0.943195,NS,Discordant (Young Up / Old Down),TRUE
ACADSB,-0.0432,-0.1048,0.988328,0.922683,0.983289,NS,Concordant Down,TRUE
XRCC6,-0.1231,0.0249,0.790143,0.99343,0.797875,NS,Discordant (Young Down / Old Up),TRUE
DDAH1,-0.0817,0.066,0.930654,0.958093,0.839444,NS,Discordant (Young Down / Old Up),FALSE
EIF3E,0.0038,0.1439,0.999897,0.803416,0.876888,NS,Concordant Up,TRUE
FABP4,-0.0142,-0.1333,0.99827,0.803756,0.897403,NS,Concordant Down,FALSE
PANK4,-0.0161,-0.1314,0.997942,0.827804,0.913229,NS,Concordant Down,FALSE
EIF4B,-0.0112,-0.1359,0.998775,0.750727,0.863291,NS,Concordant Down,TRUE
LAMP1,0.0863,0.0604,0.927848,0.962099,0.995993,NS,Concordant Up,TRUE
APOO,-0.1388,-0.0079,0.752263,0.999445,0.860183,NS,Concordant Down,FALSE
TMOD1,-0.0381,0.1085,0.995269,0.955775,0.94533,NS,Discordant (Young Down / Old Up),TRUE
SLC1A4,-0.1098,0.0368,0.938872,0.99265,0.917428,NS,Discordant (Young Down / Old Up),TRUE
MYOF,0.0856,0.0605,0.950951,0.977507,0.997475,NS,Concordant Up,FALSE
VBP1,0.0487,-0.097,0.970514,0.870922,0.794199,NS,Discordant (Young Up / Old Down),FALSE
PM20D2,0.1009,0.0445,0.960057,0.991893,0.991441,NS,Concordant Up,TRUE
MAP2K1,0.0985,0.0468,0.835715,0.969558,0.974554,NS,Concordant Up,FALSE
FBP2,0.096,-0.0491,0.943339,0.98685,0.910516,NS,Discordant (Young Up / Old Down),FALSE
GSTK1,0.0571,0.0879,0.969306,0.924461,0.99446,NS,Concordant Up,FALSE
BTF3L4,0.1231,-0.0219,0.75016,0.994169,0.770221,NS,Discordant (Young Up / Old Down),TRUE
RPN2,0.1422,0.0025,0.824221,0.99996,0.889828,NS,Concordant Up,TRUE
TARDBP,0.1205,0.0242,0.791519,0.993273,0.914325,NS,Concordant Up,TRUE
HEBP2,-0.0366,-0.1081,0.98733,0.87197,0.964965,NS,Concordant Down,FALSE
RARS1,0.1151,0.0295,0.832867,0.991583,0.9439,NS,Concordant Up,FALSE
ARL8B,0.0912,-0.0532,0.897415,0.969716,0.822792,NS,Discordant (Young Up / Old Down),FALSE
PSMB4,0.1,0.0443,0.853973,0.976622,0.973906,NS,Concordant Up,FALSE
UBA1,0.1021,-0.0422,0.775613,0.969836,0.704562,NS,Discordant (Young Up / Old Down),FALSE
PITRM1,-0.1128,0.0313,0.937865,0.995568,0.928214,NS,Discordant (Young Down / Old Up),TRUE
GHITM,-0.0609,0.0828,0.968732,0.941365,0.870696,NS,Discordant (Young Down / Old Up),FALSE
PSMD14,0.0939,0.0497,0.84281,0.963267,0.980766,NS,Concordant Up,FALSE
SERPINF1,-0.1255,0.018,0.889471,0.998153,0.902609,NS,Discordant (Young Down / Old Up),TRUE
GCSH,-0.0278,-0.1156,0.996088,0.903523,0.967803,NS,Concordant Down,TRUE
SLC25A12,-0.0824,0.0608,0.911483,0.956448,0.81254,NS,Discordant (Young Down / Old Up),FALSE
COPA,0.0974,0.0456,0.89512100000000006,0.979566,0.982067,NS,Concordant Up,TRUE
OSBPL1A,-0.0353,0.1076,0.987341,0.842419,0.820541,NS,Discordant (Young Down / Old Up),TRUE
ATP6V1E1,-0.121,-0.0216,0.900391,0.997291,0.955897,NS,Concordant Down,TRUE
DNAJC11,-0.1421,-5e-4,0.871049,0.999998,0.909171,NS,Concordant Down,TRUE
PDHX,-0.0448,-0.0977,0.971473,0.846005,0.973329,NS,Concordant Down,FALSE
COBL,-0.0089,0.1334,0.999759,0.90575,0.943149,NS,Discordant (Young Down / Old Up),TRUE
MPI,-0.0517,-0.0904,0.965475,0.8862,0.987865,NS,Concordant Down,FALSE
PSMB7,0.1136,0.0285,0.829573,0.991834,0.942014,NS,Concordant Up,FALSE
ANXA7,-0.0376,-0.1044,0.976396,0.782021,0.94649,NS,Concordant Down,FALSE
HARS1,0.1412,-7e-4,0.687935,0.999996,0.797854,NS,Discordant (Young Up / Old Down),FALSE
PSMA5,0.1104,0.0313,0.738087,0.984448,0.920493,NS,Concordant Up,FALSE
IMPA1,-0.0724,-0.0691,0.905143,0.918227,0.999897,NS,Concordant Down,FALSE
CALR,0.0907,-0.0506,0.795796,0.946903,0.669867,NS,Discordant (Young Up / Old Down),FALSE
PRKAA1,0.1305,0.0108,0.696621,0.998621,0.839091,NS,Concordant Up,FALSE
HSPB8,0.1065,0.0347,0.925064,0.993557,0.979094,NS,Concordant Up,TRUE
SCFD1,0.1133,-0.0277,0.905849,0.994769,0.895087,NS,Discordant (Young Up / Old Down),TRUE
PDIA6,-0.0932,0.0477,0.889514,0.975544,0.827558,NS,Discordant (Young Down / Old Up),FALSE
ALDH7A1,-0.081,-0.0598,0.958761,0.97849,0.998265,NS,Concordant Down,TRUE
YKT6,0.133,-0.0076,0.730046,0.999365,0.797686,NS,Discordant (Young Up / Old Down),TRUE
FUS,-0.1313,0.0091,0.713999,0.999061,0.787301,NS,Discordant (Young Down / Old Up),TRUE
CUL1,0.0774,-0.0629,0.936085,0.95803,0.845326,NS,Discordant (Young Up / Old Down),TRUE
PSMD12,0.0919,-0.0483,0.903123,0.977131,0.845314,NS,Discordant (Young Up / Old Down),FALSE
YWHAG,0.0933,-0.0469,0.82486,0.963706,0.734818,NS,Discordant (Young Up / Old Down),FALSE
ATP5MG,0.0719,-0.0677,0.937002,0.946948,0.829163,NS,Discordant (Young Up / Old Down),FALSE
CISD1,0.0634,0.0749,0.952521,0.934224,0.999124,NS,Concordant Up,FALSE
SSB,-0.1251,0.0126,0.902265,0.999146,0.918101,NS,Discordant (Young Down / Old Up),TRUE
OSBP,-0.1181,0.0196,0.747098,0.994876,0.770466,NS,Discordant (Young Down / Old Up),TRUE
ERP29,0.0416,0.0958,0.983157,0.900386,0.980356,NS,Concordant Up,FALSE
LYPLA2,-0.1139,-0.0234,0.936938,0.996968,0.970411,NS,Concordant Down,TRUE
GPS1,0.0487,-0.0886,0.962974,0.865438,0.771014,NS,Discordant (Young Up / Old Down),FALSE
ISCA2,-0.1289,-0.0084,0.860759,0.999529,0.919072,NS,Concordant Down,TRUE
ESYT1,-0.0043,-0.1329,0.999897,0.878777,0.923704,NS,Concordant Down,FALSE
ADRM1,-0.0237,-0.1134,0.995745,0.879014,0.951914,NS,Concordant Down,TRUE
LDB3,-0.1086,0.0283,0.862132,0.992712,0.85464,NS,Discordant (Young Down / Old Up),FALSE
NUTF2,-0.0282,-0.1087,0.990812,0.832812,0.942532,NS,Concordant Down,FALSE
PRKRA,0.1315,0.0047,0.918176,0.999908,0.947713,NS,Concordant Up,TRUE
RPS26,-0.051,0.0851,0.981324,0.94607,0.900069,NS,Discordant (Young Down / Old Up),FALSE
CUL2,0.1288,0.0068,0.854658,0.999679,0.912035,NS,Concordant Up,TRUE
SARS2,0.1267,0.0087,0.865345,0.999478,0.921389,NS,Concordant Up,TRUE
NT5C3A,-0.0312,-0.1042,0.987901,0.836807,0.950438,NS,Concordant Down,FALSE
CYB5R1,-0.0167,-0.1178,0.997182,0.818535,0.913601,NS,Concordant Down,FALSE
EIF4E,-0.0667,-0.0677,0.943784,0.939311,0.999993,NS,Concordant Down,TRUE
PRDX1,0.0593,-0.075,0.963793,0.941834,0.862251,NS,Discordant (Young Up / Old Down),FALSE
TRDN,0.0172,0.1171,0.998617,0.925549,0.963992,NS,Concordant Up,TRUE
PSMD8,0.1314,0.0027,0.792358,0.999939,0.87176,NS,Concordant Up,TRUE
MAP2K2,-0.0444,-0.0894,0.979177,0.899911,0.985291,NS,Concordant Down,TRUE
ATAD1,-0.0234,0.1101,0.995259,0.873143,0.871793,NS,Discordant (Young Down / Old Up),FALSE
DNM2,0.0693,-0.0633,0.948017,0.958996,0.863079,NS,Discordant (Young Up / Old Down),FALSE
PSMC3,0.0635,0.069,0.912347,0.898692,0.999677,NS,Concordant Up,FALSE
AARS1,0.112,-0.0203,0.798118,0.995236,0.816614,NS,Discordant (Young Up / Old Down),FALSE
ATP5PD,0.0967,-0.0353,0.872485,0.986454,0.840675,NS,Discordant (Young Up / Old Down),FALSE
PAFAH2,-0.0176,-0.1142,0.997949,0.895364,0.951248,NS,Concordant Down,TRUE
TMED10,-0,-0.1317,1,0.826521,0.896064,NS,Concordant Down,TRUE
LPP,-0.0466,-0.085,0.984094,0.938517,0.992534,NS,Concordant Down,TRUE
TIMM13,0.0269,0.1046,0.993455,0.882476,0.958696,NS,Concordant Up,FALSE
AHNAK,0.119,0.0124,0.869945,0.998938,0.933836,NS,Concordant Up,FALSE
ALDH4A1,0.078,-0.0532,0.931517,0.971438,0.863974,NS,Discordant (Young Up / Old Down),FALSE
PURA,-0.0086,-0.1225,0.999463,0.860562,0.920934,NS,Concordant Down,TRUE
SFXN1,0.0646,0.066,0.955177,0.953002,0.999988,NS,Concordant Up,TRUE
DECR1,0.0582,0.0722,0.968586,0.951749,0.99892,NS,Concordant Up,FALSE
ALAD,0.0439,0.0863,0.986882,0.946448,0.99181,NS,Concordant Up,FALSE
COA3,-0.0049,-0.1252,0.999895,0.91517,0.948775,NS,Concordant Down,TRUE
NUDT9,-0.0655,-0.0644,0.96587,0.960466,0.999994,NS,Concordant Down,TRUE
PFN1,0.1294,-5e-4,0.709189,0.999997,0.81287,NS,Discordant (Young Up / Old Down),FALSE
LETM1,0.0654,0.0638,0.962883,0.966122,0.999987,NS,Concordant Up,FALSE
LAT,-0.0641,0.065,0.977505,0.97771,0.934456,NS,Discordant (Young Down / Old Up),FALSE
HP1BP3,0.005,0.124,0.999891,0.888269,0.942826,NS,Concordant Up,TRUE
SCCPDH,0.0247,0.1042,0.992522,0.833948,0.939317,NS,Concordant Up,FALSE
DDX3X,0.0672,0.0616,0.964075,0.971306,0.999855,NS,Concordant Up,FALSE
PTMS,0.0962,-0.0325,0.939126,0.99389,0.92454,NS,Discordant (Young Up / Old Down),TRUE
LRPAP1,-0.1252,-0.0031,0.906241,0.999937,0.931387,NS,Concordant Down,TRUE
ANXA6,0.0531,0.0743,0.954383,0.907521,0.995825,NS,Concordant Up,FALSE
ATP5PO,0.1156,0.0117,0.815306,0.998667,0.906771,NS,Concordant Up,FALSE
PAIP1,-0.0901,0.0372,0.918826,0.987719,0.88611,NS,Discordant (Young Down / Old Up),TRUE
PSMB6,0.0648,-0.0623,0.947633,0.953822,0.853998,NS,Discordant (Young Up / Old Down),FALSE
CAPN3,0.0109,0.1161,0.999225,0.893912,0.941571,NS,Concordant Up,TRUE
TKFC,-0.0391,-0.0874,0.994543,0.948517,0.992879,NS,Concordant Down,TRUE
UBAC1,0.0306,0.0957,0.991588,0.9054,0.972324,NS,Concordant Up,FALSE
MAT2B,0.0905,-0.0357,0.906218,0.985922,0.865827,NS,Discordant (Young Up / Old Down),TRUE
FN3KRP,-0.0796,0.0463,0.982364,0.992358,0.964455,NS,Discordant (Young Down / Old Up),TRUE
PTMA,-0.084,0.0418,0.967976,0.989515,0.940928,NS,Discordant (Young Down / Old Up),TRUE
MAPRE2,-0.0407,-0.0851,0.981054,0.90832,0.984891,NS,Concordant Down,FALSE
SERPINB6,-0.0268,0.0989,0.992945,0.885481,0.871951,NS,Discordant (Young Down / Old Up),FALSE
MTPN,-0.0624,-0.063,0.946749,0.947633,0.999997,NS,Concordant Down,FALSE
UCHL3,0.0199,0.105,0.995699,0.848521,0.936484,NS,Concordant Up,FALSE
EIF2S2,0.0547,0.0702,0.967363,0.941305,0.998404,NS,Concordant Up,TRUE
SAMM50,-0.1176,-0.0073,0.777316,0.999428,0.87696,NS,Concordant Down,FALSE
PRKACA,0.0826,0.0421,0.868905,0.971874,0.982557,NS,Concordant Up,FALSE
LDHD,0.0131,-0.1115,0.99945,0.94413,0.957402,NS,Discordant (Young Up / Old Down),TRUE
GDI2,0.0646,-0.0597,0.917708,0.933771,0.780952,NS,Discordant (Young Up / Old Down),FALSE
PLCL1,-0.0234,0.1009,0.99849,0.959491,0.963653,NS,Discordant (Young Down / Old Up),TRUE
UBE2L3,0.0142,-0.1096,0.997353,0.7865,0.816937,NS,Discordant (Young Up / Old Down),FALSE
ATP2A1,0.0857,0.0379,0.9378,0.989544,0.988215,NS,Concordant Up,FALSE
ARF5,-0.0663,0.0573,0.952072,0.960889,0.871032,NS,Discordant (Young Down / Old Up),TRUE
HSPA1A,-0.014,-0.1095,0.99806,0.847974,0.925107,NS,Concordant Down,FALSE
ECH1,0.0984,-0.0251,0.910674,0.995323,0.905826,NS,Discordant (Young Up / Old Down),FALSE
IARS1,-0.064,0.0593,0.969944,0.974043,0.917544,NS,Discordant (Young Down / Old Up),TRUE
PDAP1,0.0619,-0.0613,0.960796,0.963127,0.887284,NS,Discordant (Young Up / Old Down),FALSE
OSGEP,-0.037,0.0861,0.990766,0.923638,0.90867,NS,Discordant (Young Down / Old Up),TRUE
ATP5F1A,0.1118,0.0112,0.818357,0.998715,0.908354,NS,Concordant Up,FALSE
RCSD1,-0.0223,-0.1007,0.99577,0.89719,0.959854,NS,Concordant Down,FALSE
ANP32A,0.0741,0.0487,0.932833,0.973787,0.995455,NS,Concordant Up,TRUE
CFH,-0.021,0.1017,0.997797,0.935768,0.93814,NS,Discordant (Young Down / Old Up),TRUE
SLC44A2,-0.0916,-0.0311,0.935609,0.993391,0.982013,NS,Concordant Down,TRUE
WDR1,0.0381,0.0844,0.980747,0.893147,0.980712,NS,Concordant Up,FALSE
MPC2,0.0577,-0.0647,0.970278,0.963269,0.901899,NS,Discordant (Young Up / Old Down),FALSE
XPO1,0.0547,-0.0672,0.959532,0.937694,0.848858,NS,Discordant (Young Up / Old Down),TRUE
EPHA2,0.085,-0.0361,0.972718,0.99541,0.961104,NS,Discordant (Young Up / Old Down),TRUE
UCHL5,0.0434,0.0774,0.980414,0.927932,0.991947,NS,Concordant Up,TRUE
HIKESHI,0.0234,0.0972,0.994537,0.877466,0.956986,NS,Concordant Up,TRUE
VPS25,0.0287,-0.0918,0.994516,0.928927,0.919535,NS,Discordant (Young Up / Old Down),TRUE
SBDS,0.0474,0.073,0.971552,0.929316,0.994914,NS,Concordant Up,FALSE
EIF3F,0.1075,-0.0128,0.837455,0.998355,0.868041,NS,Discordant (Young Up / Old Down),FALSE
CKB,-0.0533,-0.067,0.961737,0.938905,0.99853,NS,Concordant Down,FALSE
PLP2,0.0392,0.081,0.996677,0.980875,0.997044,NS,Concordant Up,TRUE
YWHAB,0.082,0.038,0.866514,0.976779,0.978512,NS,Concordant Up,FALSE
KARS1,-0.0156,-0.1042,0.996762,0.80602,0.910494,NS,Concordant Down,FALSE
KRT14,-0.1025,0.0172,0.978692,0.999449,0.979953,NS,Discordant (Young Down / Old Up),TRUE
PSMA6,0.0953,0.0241,0.856796,0.993138,0.951929,NS,Concordant Up,FALSE
PSMD13,0.1086,-0.0105,0.774202,0.998587,0.825678,NS,Discordant (Young Up / Old Down),FALSE
NUDCD2,0.0777,-0.041,0.937121,0.983636,0.894309,NS,Discordant (Young Up / Old Down),TRUE
RAD23B,0.084,-0.0345,0.880834,0.98387,0.83986,NS,Discordant (Young Up / Old Down),FALSE
SYNJ2,-0.0481,0.0704,0.991489,0.981856,0.962586,NS,Discordant (Young Down / Old Up),FALSE
CARS1,0.0998,0.0187,0.905945,0.997338,0.960286,NS,Concordant Up,TRUE
MMUT,0.066,0.0524,0.974444,0.983442,0.999302,NS,Concordant Up,TRUE
EIF5,-0.0948,0.0236,0.898773,0.995089,0.894918,NS,Discordant (Young Down / Old Up),FALSE
PDCD5,0.0904,0.0278,0.884221,0.991476,0.966739,NS,Concordant Up,FALSE
DEK,-0.1103,-0.0075,0.930485,0.999578,0.950941,NS,Concordant Down,TRUE
COX17,-0.0652,-0.0525,0.972409,0.983208,0.999363,NS,Concordant Down,FALSE
OPA3,-0.0314,-0.086,0.994304,0.949681,0.987326,NS,Concordant Down,TRUE
PAICS,0.1104,0.0069,0.795494,0.999469,0.887436,NS,Concordant Up,FALSE
SIRT5,0.1064,0.0106,0.876001,0.999096,0.936576,NS,Concordant Up,FALSE
ASMTL,-0.0256,-0.091,0.998033,0.937688,0.987914,NS,Concordant Down,TRUE
GOT2,-0.0715,0.045,0.934001,0.976929,0.877232,NS,Discordant (Young Down / Old Up),FALSE
LNPK,0.0845,-0.0315,0.920542,0.990749,0.897442,NS,Discordant (Young Up / Old Down),TRUE
SPR,-0.0106,-0.1051,0.999313,0.914901,0.955458,NS,Concordant Down,TRUE
FLOT1,0.0923,0.0232,0.92062,0.99556,0.970992,NS,Concordant Up,TRUE
SMIM4,0.0894,0.0261,0.947059,0.995768,0.982237,NS,Concordant Up,TRUE
P4HB,0.1083,0.007,0.78454,0.999412,0.88223,NS,Concordant Up,FALSE
MDP1,-0.0041,-0.1107,0.99992,0.892464,0.94808,NS,Concordant Down,TRUE
PPP3CA,-0.1104,-0.0044,0.842554,0.999826,0.908116,NS,Concordant Down,FALSE
VPS28,0.0018,-0.113,0.999969,0.81932,0.883963,NS,Discordant (Young Up / Old Down),TRUE
SNTB2,-0.0451,-0.0695,0.974172,0.935672,0.995322,NS,Concordant Down,FALSE
BCAP29,0.0563,0.0583,0.97468,0.967991,0.99998,NS,Concordant Up,TRUE
SCRN2,-0.1056,0.0089,0.938968,0.999643,0.951897,NS,Discordant (Young Down / Old Up),TRUE
MYH8,-0.1021,0.0124,0.971722,0.999607,0.974998,NS,Discordant (Young Down / Old Up),TRUE
PABPC1,-0.0697,-0.0446,0.923491,0.972555,0.994492,NS,Concordant Down,FALSE
SEPTIN2,0.074,-0.0403,0.929076,0.981612,0.881658,NS,Discordant (Young Up / Old Down),TRUE
UBXN6,0.0063,0.1079,0.999762,0.88227,0.941908,NS,Concordant Up,TRUE
GBP2,0.0608,-0.053,0.980426,0.983412,0.947155,NS,Discordant (Young Up / Old Down),TRUE
PGAM1,-0.0681,0.0457,0.939507,0.9757,0.880969,NS,Discordant (Young Down / Old Up),FALSE
ATP2A3,0.0548,0.0586,0.983337,0.981525,0.999952,NS,Concordant Up,FALSE
DEPTOR,-0.0689,0.0444,0.967295,0.987842,0.938501,NS,Discordant (Young Down / Old Up),TRUE
PRKAR1A,0.1115,-0.0018,0.754846,0.999959,0.839423,NS,Discordant (Young Up / Old Down),FALSE
STIP1,0.1099,-0.0034,0.742072,0.999845,0.825913,NS,Discordant (Young Up / Old Down),FALSE
RAB10,-0.0416,-0.0712,0.982326,0.945292,0.994218,NS,Concordant Down,FALSE
APEX1,-0.0369,0.0755,0.986165,0.933145,0.896917,NS,Discordant (Young Down / Old Up),TRUE
NAPA,-0.0635,-0.0489,0.91141,0.952833,0.997575,NS,Concordant Down,FALSE
STIM1,0.0933,0.0191,0.893736,0.996533,0.958183,NS,Concordant Up,TRUE
EIF6,-0.0876,0.0247,0.900491,0.993586,0.888654,NS,Discordant (Young Down / Old Up),TRUE
SNX2,-0.0538,-0.0584,0.969792,0.962415,0.99987,NS,Concordant Down,TRUE
LCMT1,0.0192,0.093,0.997513,0.926582,0.971143,NS,Concordant Up,TRUE
RAB5C,0.0043,0.10780000000000001,0.999887,0.913318,0.946307,NS,Concordant Up,FALSE
ADSS1,-0.0912,0.0208,0.880369,0.995306,0.880925,NS,Discordant (Young Down / Old Up),FALSE
ENSA,-0.1074,0.0046,0.900324,0.999858,0.928685,NS,Discordant (Young Down / Old Up),TRUE
CRYZ,0.0576,0.0544,0.969299,0.973891,0.999944,NS,Concordant Up,FALSE
ACOT13,0.0339,0.078,0.989078,0.936335,0.987267,NS,Concordant Up,FALSE
JSRP1,0.0899,0.0216,0.901671,0.99559,0.96519,NS,Concordant Up,FALSE
EIF3M,-0.0566,0.0548,0.967865,0.971339,0.909952,NS,Discordant (Young Down / Old Up),TRUE
SLC25A6,0.1027,0.0085,0.94467,0.999692,0.969501,NS,Concordant Up,FALSE
ENDOG,0.0989,0.0122,0.94581,0.999321,0.972886,NS,Concordant Up,FALSE
GALM,-0.0911,0.02,0.911864,0.99667,0.912855,NS,Discordant (Young Down / Old Up),FALSE
JPH1,-0.0936,-0.0174,0.906017,0.997492,0.961142,NS,Concordant Down,FALSE
VPS4A,0.0361,-0.0748,0.988697,0.943722,0.914595,NS,Discordant (Young Up / Old Down),TRUE
PGK1,0.0545,0.0559,0.962647,0.962062,0.999987,NS,Concordant Up,FALSE
FKBP1A,-0.0233,-0.0871,0.995945,0.935351,0.977444,NS,Concordant Down,FALSE
PPA1,0.0674,-0.0429,0.94744,0.981087,0.901161,NS,Discordant (Young Up / Old Down),FALSE
ARL6IP5,0.0509,-0.0593,0.968774,0.958093,0.891503,NS,Discordant (Young Up / Old Down),FALSE
EMC3,-0.0791,-0.0309,0.96026,0.994656,0.990616,NS,Concordant Down,TRUE
NUBP1,0.0074,0.1021,0.999757,0.917635,0.963226,NS,Concordant Up,TRUE
GORASP2,-0.0487,-0.0608,0.974986,0.957829,0.999053,NS,Concordant Down,TRUE
RNH1,-0.0247,-0.0847,0.99302,0.902754,0.969427,NS,Concordant Down,FALSE
LTBP3,0.0313,-0.078,0.995518,0.967866,0.957127,NS,Discordant (Young Up / Old Down),TRUE
AKR1A1,0.1029,-0.006,0.869306,0.999684,0.905598,NS,Discordant (Young Up / Old Down),FALSE
CMPK1,-0.0405,-0.068,0.99122,0.974394,0.997296,NS,Concordant Down,TRUE
CDC42,-0.0234,-0.0849,0.994749,0.917537,0.972666,NS,Concordant Down,TRUE
TOLLIP,-0.0417,-0.0665,0.982499,0.953707,0.996065,NS,Concordant Down,FALSE
HSPD1,0.0723,0.0358,0.920143,0.983594,0.988272,NS,Concordant Up,FALSE
SRI,0.0162,0.0919,0.998163,0.929616,0.968767,NS,Concordant Up,TRUE
PSMB3,0.106,0.0021,0.847517,0.999961,0.906969,NS,Concordant Up,FALSE
PHB2,-0.057,0.0511,0.956667,0.967247,0.887162,NS,Discordant (Young Down / Old Up),FALSE
CD151,0.0223,-0.0854,0.9976,0.958873,0.955644,NS,Discordant (Young Up / Old Down),TRUE
RPS6KA3,-0.0234,0.0843,0.994813,0.921822,0.910968,NS,Discordant (Young Down / Old Up),FALSE
CHMP6,0.078,0.0297,0.954002,0.993141,0.988029,NS,Concordant Up,TRUE
BPNT1,0.0935,-0.0139,0.920897,0.998616,0.930369,NS,Discordant (Young Up / Old Down),TRUE
PRKAR2A,0.0824,-0.0248,0.879023,0.991644,0.863814,NS,Discordant (Young Up / Old Down),FALSE
KDM5B,-0.0716,0.0353,0.958752,0.990535,0.933844,NS,Discordant (Young Down / Old Up),TRUE
MDH2,0.0552,0.0515,0.963409,0.969774,0.999907,NS,Concordant Up,FALSE
CAPN1,0.0538,-0.0528,0.937039,0.941962,0.81875,NS,Discordant (Young Up / Old Down),FALSE
NIPSNAP3B,-0.0123,-0.094,0.999086,0.93805,0.968688,NS,Concordant Down,TRUE
LUC7L2,-0.0601,-0.0462,0.960734,0.975311,0.998721,NS,Concordant Down,TRUE
PARK7,-0.0095,-0.0967,0.998881,0.842641,0.917386,NS,Concordant Down,FALSE
CBX3,0.0485,0.0573,0.98999,0.976055,0.999739,NS,Concordant Up,TRUE
CA2,0.0157,-0.09,0.998398,0.939174,0.941854,NS,Discordant (Young Up / Old Down),FALSE
PSMA1,0.1007,0.0048,0.771938,0.99967,0.87118,NS,Concordant Up,FALSE
PALMD,0.1024,-0.003,0.920113,0.999943,0.941124,NS,Discordant (Young Up / Old Down),TRUE
KPNA3,0.1053,0,0.892639,1,0.9315,NS,Concordant Up,TRUE
EIF4G1,-3e-4,-0.1048,0.999998,0.763583,0.845921,NS,Concordant Down,FALSE
SOD2,-0.0424,-0.0624,0.98915,0.976379,0.998441,NS,Concordant Down,FALSE
GSK3B,2e-4,0.1046,1,0.836471,0.89925600000000006,NS,Concordant Up,TRUE
NIT2,0.0316,-0.0732,0.985552,0.912134,0.872055,NS,Discordant (Young Up / Old Down),FALSE
ETFA,-0.0041,-0.1005,0.999866,0.896197,0.936515,NS,Concordant Down,FALSE
EDF1,-0.0416,-0.063,0.984978,0.96474,0.997471,NS,Concordant Down,FALSE
CD59,0.0549,-0.0492,0.962229,0.9714,0.901625,NS,Discordant (Young Up / Old Down),FALSE
MECR,-0.0427,-0.0611,0.983567,0.96573,0.998071,NS,Concordant Down,FALSE
ELOB,-0.0457,0.058,0.974501,0.958713,0.901683,NS,Discordant (Young Down / Old Up),FALSE
ARHGDIA,-7e-4,-0.1027,0.999995,0.827421,0.88789,NS,Concordant Down,FALSE
TBC1D17,-0.0766,-0.0267,0.950361,0.994647,0.986475,NS,Concordant Down,TRUE
MICOS13,0.0121,0.091,0.999186,0.947051,0.973226,NS,Concordant Up,TRUE
CSTB,-0.0677,0.0352,0.961896,0.990881,0.938787,NS,Discordant (Young Down / Old Up),FALSE
MTHFD1,0.0582,-0.0445,0.937693,0.967096,0.861411,NS,Discordant (Young Up / Old Down),FALSE
RPL27A,0.0898,-0.0128,0.954971,0.999258,0.961332,NS,Discordant (Young Up / Old Down),TRUE
VPS35,0.0714,0.031,0.9486,0.991262,0.989722,NS,Concordant Up,TRUE
COPS5,0.0262,-0.0758,0.993826,0.941915,0.925778,NS,Discordant (Young Up / Old Down),FALSE
RPL35A,-0.0857,-0.0163,0.969144,0.99909,0.987194,NS,Concordant Down,TRUE
VCP,0.0973,0.0047,0.823892,0.999734,0.900264,NS,Concordant Up,FALSE
NXN,0.0476,-0.0543,0.979025,0.97092,0.92641,NS,Discordant (Young Up / Old Down),TRUE
CPNE3,0.0085,-0.0931,0.999277,0.885545,0.908967,NS,Discordant (Young Up / Old Down),TRUE
CHMP1B,-0.0188,-0.0825,0.997909,0.953458,0.981904,NS,Concordant Down,TRUE
METTL26,-0.0954,0.0058,0.929176,0.999774,0.944976,NS,Discordant (Young Down / Old Up),TRUE
LRMDA,0.0942,0.0068,0.931261,0.999716,0.961818,NS,Concordant Up,FALSE
YWHAE,0.0501,-0.0505,0.95612,0.956976,0.869428,NS,Discordant (Young Up / Old Down),FALSE
CAT,-0.0417,-0.0585,0.990197,0.980748,0.99897,NS,Concordant Down,FALSE
PSMA2,0.0884,0.0115,0.897334,0.998714,0.95152,NS,Concordant Up,FALSE
CAND1,0.0999,0,0.898322,1,0.934541,NS,Concordant Up,FALSE
NEK7,-0.0921,0.0077,0.909547,0.999526,0.930709,NS,Discordant (Young Down / Old Up),FALSE
AARSD1,-0.0584,-0.041,0.980385,0.990715,0.998884,NS,Concordant Down,TRUE
UBXN1,-0.0544,-0.045,0.967922,0.979181,0.999435,NS,Concordant Down,TRUE
NIT1,-0.0168,-0.0825,0.998124,0.948386,0.978288,NS,Concordant Down,TRUE
GSS,-0.0132,-0.0859,0.998444,0.919434,0.962285,NS,Concordant Down,FALSE
LYPLA1,-0.0771,0.022,0.926414,0.995207,0.918346,NS,Discordant (Young Down / Old Up),FALSE
ENDOD1,0.0555,0.0435,0.958673,0.976727,0.998894,NS,Concordant Up,FALSE
UBE2R2,0.0973,0.0014,0.94216,0.999989,0.960928,NS,Concordant Up,TRUE
RPL7A,0.0594,0.0388,0.980437,0.992551,0.998539,NS,Concordant Up,TRUE
ATP2B4,0.0441,-0.054,0.980908,0.967862,0.925693,NS,Discordant (Young Up / Old Down),TRUE
BLVRB,-0.0546,-0.0427,0.968037,0.981835,0.999121,NS,Concordant Down,FALSE
MLEC,-0.0888,-0.0083,0.906988,0.999399,0.95169,NS,Concordant Down,FALSE
STT3A,0.0039,-0.0929,0.999878,0.903356,0.933726,NS,Discordant (Young Up / Old Down),TRUE
TMX1,0.09,-0.0059,0.924044,0.99974,0.942459,NS,Discordant (Young Up / Old Down),TRUE
COMT,0.0263,0.0691,0.993398,0.94937,0.987638,NS,Concordant Up,FALSE
SPTB,-0.0092,-0.0857,0.999475,0.947034,0.971661,NS,Concordant Down,FALSE
PPIL1,-0.0442,-0.0504,0.96972,0.958853,0.999656,NS,Concordant Down,TRUE
CUL4A,-0.0179,-0.0766,0.995861,0.907245,0.965668,NS,Concordant Down,FALSE
MCM5,0.0416,0.0528,0.994948,0.990707,0.999737,NS,Concordant Up,TRUE
SEC24C,0.0847,-0.0097,0.912878,0.999098,0.927099,NS,Discordant (Young Up / Old Down),TRUE
IARS2,0.0023,0.0915,0.999952,0.896581,0.934816,NS,Concordant Up,FALSE
SDHA,0.0769,-0.0165,0.922096,0.997229,0.923749,NS,Discordant (Young Up / Old Down),FALSE
OLA1,-0.0309,-0.0625,0.985383,0.933986,0.98994,NS,Concordant Down,FALSE
MYPN,-0.0199,0.0733,0.998431,0.97672,0.973793,NS,Discordant (Young Down / Old Up),TRUE
RMDN1,-0.0069,0.0863,0.999632,0.930111,0.944447,NS,Discordant (Young Down / Old Up),FALSE
PDXK,-0.0263,-0.0668,0.991008,0.934318,0.985127,NS,Concordant Down,FALSE
BCS1L,-0.0513,-0.0418,0.991087,0.991408,0.999762,NS,Concordant Down,TRUE
EGLN1,0.0574,0.0352,0.989351,0.992751,0.99868,NS,Concordant Up,TRUE
PFDN6,-0.0431,-0.0491,0.978607,0.972624,0.999751,NS,Concordant Down,FALSE
TPP2,0.0811,0.0111,0.910449,0.998745,0.958417,NS,Concordant Up,FALSE
DPYSL2,0.0557,0.0364,0.959006,0.984406,0.997119,NS,Concordant Up,FALSE
PCBP2,-0.019,0.0729,0.995505,0.921092,0.912865,NS,Discordant (Young Down / Old Up),FALSE
ST13,-0.0162,-0.0754,0.99613,0.894563,0.959271,NS,Concordant Down,FALSE
EEF2,0.0085,0.0827,0.998836,0.847272,0.921608,NS,Concordant Up,FALSE
THOP1,0.0354,-0.0555,0.984,0.953583,0.914198,NS,Discordant (Young Up / Old Down),TRUE
YWHAQ,0.0611,0.0295,0.938581,0.987995,0.99046,NS,Concordant Up,FALSE
XPNPEP1,0.0481,-0.0425,0.973692,0.980628,0.932523,NS,Discordant (Young Up / Old Down),FALSE
IVD,-0.0558,-0.0344,0.973851,0.990968,0.997639,NS,Concordant Down,FALSE
FAH,0.0763,-0.0132,0.935173,0.99849,0.94091,NS,Discordant (Young Up / Old Down),FALSE
PPP2R2A,0.0834,-0.0061,0.882221,0.999566,0.912956,NS,Discordant (Young Up / Old Down),FALSE
EIF5A,0.0809,0.0085,0.904322,0.999226,0.952136,NS,Concordant Up,FALSE
PCBP1,-0.0484,0.0409,0.966021,0.977392,0.916316,NS,Discordant (Young Down / Old Up),FALSE
MTX1,-0.0551,0.0341,0.968455,0.988961,0.941287,NS,Discordant (Young Down / Old Up),TRUE
SF3B2,0.0504,0.0386,0.981317,0.988534,0.999332,NS,Concordant Up,TRUE
IPO5,0.0808,-0.0079,0.857617,0.99908,0.890094,NS,Discordant (Young Up / Old Down),FALSE
DNAJB4,0.0476,0.041,0.992613,0.994368,0.999904,NS,Concordant Up,TRUE
PTRHD1,0.0334,0.0552,0.990635,0.974209,0.997418,NS,Concordant Up,TRUE
COQ5,0.0158,-0.072,0.99839,0.962187,0.960939,NS,Discordant (Young Up / Old Down),TRUE
GCDH,0.0209,-0.0665,0.997189,0.964423,0.959671,NS,Discordant (Young Up / Old Down),TRUE
HMGCL,0.0808,0.0062,0.940285,0.999711,0.966296,NS,Concordant Up,TRUE
ATP5ME,0.0658,-0.0208,0.95521,0.996254,0.947253,NS,Discordant (Young Up / Old Down),FALSE
CLINT1,-0.0775,-0.0091,0.963309,0.999529,0.980119,NS,Concordant Down,TRUE
PGD,0.0826,0.0037,0.919894,0.999883,0.953298,NS,Concordant Up,FALSE
COPS2,0.0601,-0.0262,0.940042,0.99061,0.915243,NS,Discordant (Young Up / Old Down),FALSE
MICU1,-0.0038,-0.0824,0.999945,0.963737,0.979974,NS,Concordant Down,TRUE
DHX9,0.0783,0.0074,0.944448,0.999561,0.969047,NS,Concordant Up,TRUE
ELOC,-0.0368,0.0482,0.981044,0.967036,0.923599,NS,Discordant (Young Down / Old Up),FALSE
PBXIP1,0.059,-0.0258,0.957087,0.99299,0.938845,NS,Discordant (Young Up / Old Down),FALSE
BAIAP3,-0.0517,-0.0328,0.983271,0.993994,0.998614,NS,Concordant Down,TRUE
DDT,-0.0168,0.0677,0.9986,0.976528,0.973682,NS,Discordant (Young Down / Old Up),TRUE
UBE3A,0.0522,-0.0319,0.979291,0.99202,0.959802,NS,Discordant (Young Up / Old Down),TRUE
DTD1,0.0836,-2e-4,0.957909,1,0.97003,NS,Discordant (Young Up / Old Down),TRUE
HADHA,0.0071,-0.0764,0.999468,0.923217,0.937805,NS,Discordant (Young Up / Old Down),FALSE
ATP6V1B2,-0.0049,-0.0783,0.999766,0.924049,0.955861,NS,Concordant Down,FALSE
ANXA11,-0.0562,0.0268,0.943889,0.989353,0.915498,NS,Discordant (Young Down / Old Up),FALSE
GAPDHS,0.0345,0.0482,0.997098,0.992865,0.999653,NS,Concordant Up,TRUE
HDGF,-0.0033,-0.0792,0.999899,0.923534,0.953331,NS,Concordant Down,FALSE
NUP133,-0.0682,-0.0141,0.985852,0.999291,0.993279,NS,Concordant Down,TRUE
PACSIN2,-0.0169,0.0648,0.998548,0.963201,0.968842,NS,Discordant (Young Down / Old Up),TRUE
PCMT1,-0.0356,-0.0459,0.984184,0.973529,0.999185,NS,Concordant Down,FALSE
USP14,0.048,0.0335,0.951129,0.978912,0.997542,NS,Concordant Up,FALSE
TBCA,0.0481,-0.0334,0.970099,0.986907,0.938933,NS,Discordant (Young Up / Old Down),FALSE
FDPS,-0.046,-0.0354,0.960266,0.978621,0.998825,NS,Concordant Down,FALSE
NUMA1,-0.0798,-0.0014,0.938496,0.999985,0.961673,NS,Concordant Down,TRUE
VTA1,0.0285,-0.0527,0.992227,0.971659,0.951603,NS,Discordant (Young Up / Old Down),TRUE
CDC34,0.0246,-0.0564,0.997851,0.98836,0.982895,NS,Discordant (Young Up / Old Down),TRUE
GSTM3,-0.026,0.0549,0.995943,0.981266,0.970723,NS,Discordant (Young Down / Old Up),FALSE
BCAT2,-0.0359,-0.0449,0.990075,0.984429,0.999608,NS,Concordant Down,TRUE
SRP14,7e-4,-0.0801,0.999997,0.942304,0.960981,NS,Discordant (Young Up / Old Down),TRUE
DDX17,-0.0158,-0.0647,0.997702,0.946871,0.982233,NS,Concordant Down,TRUE
TRMT10C,0.0606,0.0196,0.966847,0.996524,0.989624,NS,Concordant Up,TRUE
GSPT1,0.0692,0.0108,0.939325,0.998785,0.971744,NS,Concordant Up,TRUE
VPS26A,-0.0095,-0.0702,0.999123,0.939299,0.971102,NS,Concordant Down,TRUE
ZRANB2,-0.0535,0.0262,0.991896,0.997932,0.986665,NS,Discordant (Young Down / Old Up),TRUE
ASPA,-0.0055,0.0741,0.999842,0.957159,0.970754,NS,Discordant (Young Down / Old Up),TRUE
DEFA3,0.0714,0.008,0.980004,0.99978,0.989469,NS,Concordant Up,FALSE
RBL1,-0.0485,0.0307,0.986203,0.993268,0.970625,NS,Discordant (Young Down / Old Up),TRUE
HSD17B8,0.0573,-0.0213,0.976829,0.997175,0.969997,NS,Discordant (Young Up / Old Down),TRUE
SH3GLB2,0.0569,0.0217,0.982074,0.996372,0.994663,NS,Concordant Up,TRUE
GMPR,0.0604,-0.0181,0.972586,0.997872,0.968378,NS,Discordant (Young Up / Old Down),FALSE
PGP,0.0707,-0.0077,0.927401,0.999362,0.941763,NS,Discordant (Young Up / Old Down),FALSE
EHD1,-0.0302,-0.0482,0.988931,0.97075,0.997479,NS,Concordant Down,FALSE
TIMM50,0.0726,0.0057,0.950516,0.999753,0.972669,NS,Concordant Up,TRUE
AKR7A2,-0.0724,-0.0054,0.92856,0.999707,0.961222,NS,Concordant Down,FALSE
CAB39,-0.0495,0.0283,0.963173,0.989472,0.936179,NS,Discordant (Young Down / Old Up),FALSE
CKM,-0.0171,-0.0605,0.996245,0.944959,0.982029,NS,Concordant Down,FALSE
CKMT2,-0.0019,0.0757,0.999977,0.959468,0.97078,NS,Discordant (Young Down / Old Up),FALSE
STRN3,0.0394,-0.0381,0.983942,0.984402,0.953022,NS,Discordant (Young Up / Old Down),TRUE
SDHB,0.0094,-0.0674,0.999118,0.945161,0.951156,NS,Discordant (Young Up / Old Down),FALSE
ARF4,0.0579,-0.0188,0.981867,0.998267,0.977938,NS,Discordant (Young Up / Old Down),TRUE
ACSS1,-0.0239,-0.0526,0.99775,0.979174,0.997218,NS,Concordant Down,TRUE
FNDC3A,0.0604,-0.0159,0.990803,0.999607,0.992157,NS,Discordant (Young Up / Old Down),TRUE
SAR1B,-0.0239,-0.0522,0.994673,0.973149,0.99494,NS,Concordant Down,FALSE
LRRC47,-0.0309,-0.0442,0.989017,0.977107,0.998705,NS,Concordant Down,FALSE
IAH1,0.0509,-0.024,0.97138,0.994675,0.957989,NS,Discordant (Young Up / Old Down),TRUE
AGL,0.0351,0.0397,0.98419,0.980099,0.999836,NS,Concordant Up,FALSE
BZW2,0.0206,-0.0542,0.994371,0.956373,0.940871,NS,Discordant (Young Up / Old Down),FALSE
LACTB2,0.0696,-0.0052,0.961442,0.999779,0.966588,NS,Discordant (Young Up / Old Down),TRUE
SNRPD2,-0.0409,0.0337,0.988838,0.990934,0.970469,NS,Discordant (Young Down / Old Up),TRUE
DUSP3,-0.0417,0.0328,0.978651,0.987675,0.951015,NS,Discordant (Young Down / Old Up),FALSE
FECH,0.0419,0.0325,0.981538,0.989667,0.999435,NS,Concordant Up,FALSE
GAA,-0.0117,-0.0621,0.999212,0.975353,0.989089,NS,Concordant Down,TRUE
SERPINF2,0.0027,0.071,0.999968,0.968733,0.982616,NS,Concordant Up,TRUE
NEB,-0.0306,-0.0425,0.996879,0.994097,0.999685,NS,Concordant Down,FALSE
CACNB1,-0.0373,-0.0353,0.983953,0.986244,0.999973,NS,Concordant Down,FALSE
NPLOC4,0.0683,-0.004,0.934697,0.999822,0.95040500000000006,NS,Discordant (Young Up / Old Down),TRUE
ABHD6,0.0362,-0.0361,0.992303,0.992631,0.978059,NS,Discordant (Young Up / Old Down),TRUE
PTGES2,0.0096,0.0626,0.99925,0.963257,0.982421,NS,Concordant Up,FALSE
CHMP2A,0.0626,-0.0094,0.940076,0.998955,0.947321,NS,Discordant (Young Up / Old Down),TRUE
NAXE,-0.0025,-0.0695,0.999921,0.920893,0.951633,NS,Concordant Down,FALSE
PALLD,0.0488,0.0232,0.989353,0.9977,0.998043,NS,Concordant Up,TRUE
MTARC2,-0.026,0.0458,0.994704,0.981738,0.968657,NS,Discordant (Young Down / Old Up),TRUE
RAC1,0.0149,-0.0567,0.99668,0.942694,0.936348,NS,Discordant (Young Up / Old Down),FALSE
DNM1L,0.0227,-0.0487,0.993886,0.96977,0.953162,NS,Discordant (Young Up / Old Down),FALSE
CFL2,0.0265,0.0447,0.990773,0.972517,0.997173,NS,Concordant Up,FALSE
DPT,-0.0359,0.0351,0.997686,0.995393,0.991708,NS,Discordant (Young Down / Old Up),TRUE
UBA2,-0.0013,0.0696,0.99999,0.95901,0.974619,NS,Discordant (Young Down / Old Up),TRUE
RYR1,0.0112,-0.0592,0.998676,0.956278,0.957208,NS,Discordant (Young Up / Old Down),FALSE
MTCH2,-0.0599,0.0105,0.953478,0.998881,0.957334,NS,Discordant (Young Down / Old Up),FALSE
PGLS,-0.0094,-0.0607,0.999464,0.971628,0.98727,NS,Concordant Down,TRUE
COPS6,0.0349,-0.0352,0.983552,0.983859,0.951357,NS,Discordant (Young Up / Old Down),FALSE
PGM1,-0.0172,-0.0528,0.996808,0.966651,0.990221,NS,Concordant Down,FALSE
CDV3,0.0127,0.0573,0.998625,0.966746,0.987075,NS,Concordant Up,TRUE
GPD1,-0.0271,-0.0416,0.993093,0.98347,0.998709,NS,Concordant Down,FALSE
TMED1,0.0019,0.0665,0.99998,0.964899,0.979789,NS,Concordant Up,TRUE
AIFM1,-0.0241,-0.0441,0.99224,0.972621,0.996504,NS,Concordant Down,FALSE
ECHS1,0.0588,0.0094,0.960197,0.999178,0.982141,NS,Concordant Up,FALSE
GPX4,-0.0132,-0.0545,0.998179,0.964595,0.986706,NS,Concordant Down,FALSE
TRIM28,0.0241,0.0436,0.99545,0.981277,0.997836,NS,Concordant Up,TRUE
RAB1A,-0.0341,-0.0333,0.986395,0.986841,0.999995,NS,Concordant Down,TRUE
FERMT2,0.0124,-0.055,0.998933,0.97653,0.975435,NS,Discordant (Young Up / Old Down),TRUE
NSFL1C,0.0285,-0.0385,0.987432,0.976881,0.947679,NS,Discordant (Young Up / Old Down),FALSE
FHOD1,0.0649,0.0017,0.942927,0.999971,0.965267,NS,Concordant Up,FALSE
NEDD8,-0.0141,0.0524,0.998466,0.976808,0.973647,NS,Discordant (Young Down / Old Up),FALSE
PDCD6IP,0.0612,0.0052,0.935827,0.999666,0.966175,NS,Concordant Up,FALSE
CMC2,-0.037,-0.0294,0.992199,0.994619,0.99977799999999994,NS,Concordant Down,TRUE
UGGT1,-0.0302,-0.036,0.993454,0.990072,0.999834,NS,Concordant Down,TRUE
ETFDH,0.0453,-0.0207,0.982009,0.996649,0.973497,NS,Discordant (Young Up / Old Down),FALSE
MRPL40,0.023,0.043,0.997332,0.988334,0.998488,NS,Concordant Up,TRUE
MOB1A,-0.0406,-0.0253,0.991012,0.995811,0.999079,NS,Concordant Down,TRUE
STRAP,0.0485,0.0165,0.957173,0.995978,0.988752,NS,Concordant Up,FALSE
HCCS,0.0563,0.0084,0.966101,0.999312,0.983341,NS,Concordant Up,TRUE
ATP5F1E,0.0241,-0.0406,0.995226,0.986221,0.974508,NS,Discordant (Young Up / Old Down),FALSE
LSS,0.0307,-0.0338,0.992537,0.990178,0.974847,NS,Discordant (Young Up / Old Down),TRUE
PPIF,-0.0364,0.0271,0.990718,0.99518,0.980045,NS,Discordant (Young Down / Old Up),FALSE
CTNNA1,-0.0446,0.0188,0.993615,0.998391,0.98928,NS,Discordant (Young Down / Old Up),TRUE
TPI1,-0.052,0.0113,0.962011,0.998552,0.962253,NS,Discordant (Young Down / Old Up),FALSE
NDRG2,0.0035,-0.0596,0.999903,0.966966,0.974584,NS,Discordant (Young Up / Old Down),FALSE
DNPH1,-0.0245,0.0384,0.995189,0.987851,0.976406,NS,Discordant (Young Down / Old Up),TRUE
ACSL1,0.0079,-0.0546,0.999391,0.966234,0.969392,NS,Discordant (Young Up / Old Down),FALSE
SH3BGR,-0.0373,-0.0251,0.989042,0.995379,0.999257,NS,Concordant Down,FALSE
COPS3,-0.0375,0.0245,0.974105,0.990078,0.949566,NS,Discordant (Young Down / Old Up),FALSE
ETFB,-0.0181,-0.0436,0.997554,0.985212,0.996632,NS,Concordant Down,FALSE
GRHPR,0.0426,0.0189,0.971741,0.995232,0.994691,NS,Concordant Up,FALSE
PFDN4,0.0053,-0.0557,0.999786,0.97264,0.977488,NS,Discordant (Young Up / Old Down),TRUE
COPS8,-0.0317,-0.0289,0.989334,0.991057,0.999947,NS,Concordant Down,TRUE
SLC25A4,0.0138,0.0467,0.998536,0.982097,0.994058,NS,Concordant Up,FALSE
DBT,-0.0161,-0.0441,0.998483,0.98789,0.996764,NS,Concordant Down,TRUE
FAHD2A,0.0078,-0.0516,0.999748,0.98633,0.988281,NS,Discordant (Young Up / Old Down),TRUE
SUB1,-0.0093,0.0499,0.999093,0.970163,0.970745,NS,Discordant (Young Down / Old Up),TRUE
PRPS1,0.0126,-0.0466,0.998903,0.983889,0.981598,NS,Discordant (Young Up / Old Down),FALSE
ARF1,0.0226,0.0365,0.993433,0.981987,0.998356,NS,Concordant Up,TRUE
TIMM44,0.0283,0.0304,0.992586,0.991672,0.999974,NS,Concordant Up,FALSE
ALDH3A2,0.0296,-0.0291,0.992164,0.992742,0.97787,NS,Discordant (Young Up / Old Down),FALSE
PTPN11,0.025,0.0337,0.995142,0.989985,0.999587,NS,Concordant Up,TRUE
SRL,-0.0138,-0.0443,0.997807,0.974945,0.99225,NS,Concordant Down,FALSE
CAVIN4,0.0448,0.0129,0.982548,0.998732,0.994295,NS,Concordant Up,FALSE
GNG12,-0.001,0.0565,0.999994,0.976213,0.98303,NS,Discordant (Young Down / Old Up),FALSE
MAP2K3,0.0105,0.0467,0.998815,0.973321,0.989397,NS,Concordant Up,FALSE
AMPD1,-0.0271,0.0294,0.996819,0.996233,0.989995,NS,Discordant (Young Down / Old Up),TRUE
ABRAXAS2,0.0398,-0.0158,0.981123,0.997087,0.972999,NS,Discordant (Young Up / Old Down),TRUE
BABAM1,-3e-4,0.0545,0.999999,0.967024,0.98012,NS,Discordant (Young Down / Old Up),TRUE
HSD17B10,0.0428,-0.0119,0.981121,0.998745,0.978971,NS,Discordant (Young Up / Old Down),FALSE
FAM162A,0.046,0.008,0.97874,0.999459,0.990594,NS,Concordant Up,FALSE
NARS1,0.0379,0.0159,0.987152,0.997873,0.997149,NS,Concordant Up,TRUE
CS,-0.0392,-0.0146,0.981868,0.997813,0.995483,NS,Concordant Down,FALSE
ALYREF,-0.0432,-0.0104,0.989638,0.999419,0.995897,NS,Concordant Down,TRUE
ACO2,0.0313,-0.022,0.987491,0.994293,0.974214,NS,Discordant (Young Up / Old Down),FALSE
SLC25A11,-0.0085,0.0447,0.999531,0.986214,0.986217,NS,Discordant (Young Down / Old Up),FALSE
PIN1,0.0081,0.0449,0.999542,0.98223800000000006,0.99249,NS,Concordant Up,TRUE
AFG3L2,-0.0016,0.051,0.999973,0.969711,0.977971,NS,Discordant (Young Down / Old Up),FALSE
DNPEP,-0.0263,0.026,0.990983,0.991531,0.974118,NS,Discordant (Young Down / Old Up),FALSE
EPS15L1,0.0314,-0.0208,0.993533,0.99693,0.986506,NS,Discordant (Young Up / Old Down),TRUE
CUTC,0.0441,0.008,0.98084,0.999467,0.991654,NS,Concordant Up,FALSE
LTA4H,0.009,-0.043,0.999143,0.977959,0.977447,NS,Discordant (Young Up / Old Down),FALSE
PAFAH1B3,0.0295,-0.0221,0.995874,0.99743,0.990426,NS,Discordant (Young Up / Old Down),TRUE
COQ6,0.0109,-0.0395,0.999006,0.986035,0.983882,NS,Discordant (Young Up / Old Down),FALSE
PDHB,0.0286,-0.0215,0.987714,0.993564,0.973039,NS,Discordant (Young Up / Old Down),FALSE
BZW1,0.0119,0.0382,0.999373,0.993828,0.997918,NS,Concordant Up,TRUE
BTF3,0.0489,-0.001,0.98268,0.999994,0.987959,NS,Discordant (Young Up / Old Down),TRUE
EIF2A,0.0353,0.013,0.991477,0.998844,0.997645,NS,Concordant Up,TRUE
CDC37,-0.0362,-0.0115,0.980701,0.998332,0.994268,NS,Concordant Down,TRUE
SPRED2,-0.0261,0.0213,0.998039,0.998753,0.995478,NS,Discordant (Young Down / Old Up),FALSE
LGALS1,-0.0462,0.0011,0.987276,0.999994,0.991018,NS,Discordant (Young Down / Old Up),FALSE
DLD,-0.0017,-0.0455,0.999967,0.971636,0.982273,NS,Concordant Down,FALSE
TRAP1,-4e-4,-0.0468,0.999999,0.982287,0.988017,NS,Concordant Down,FALSE
PSMB2,0.0434,-0.0037,0.969537,0.999829,0.976412,NS,Discordant (Young Up / Old Down),FALSE
BCL2L13,-0.0247,-0.0213,0.992063,0.994382,0.999909,NS,Concordant Down,FALSE
MRPL22,-0.0254,-0.0204,0.996935,0.997529,0.999912,NS,Concordant Down,TRUE
DLAT,0.0166,-0.0288,0.9964,0.988889,0.979846,NS,Discordant (Young Up / Old Down),FALSE
AK2,-0.0371,-0.0079,0.985842,0.999441,0.994304,NS,Concordant Down,FALSE
ARPP19,0.0397,-0.0049,0.990799,0.999864,0.991779,NS,Discordant (Young Up / Old Down),TRUE
OGDH,0.0412,-0.0027,0.976574,0.999921,0.982442,NS,Discordant (Young Up / Old Down),FALSE
PPA2,-0.0179,-0.026,0.997239,0.994249,0.999633,NS,Concordant Down,FALSE
LIMCH1,-0.0016,-0.042,0.999985,0.984503,0.991818,NS,Concordant Down,TRUE
LONP1,-0.0395,-0.0039,0.984947,0.999874,0.991953,NS,Concordant Down,FALSE
MSI2,0.0018,0.0416,0.999982,0.986946,0.992548,NS,Concordant Up,TRUE
GNAI2,0.0063,-0.0362,0.999537,0.983088,0.983685,NS,Discordant (Young Up / Old Down),FALSE
HIBADH,-0.0299,0.0126,0.987602,0.998058,0.982654,NS,Discordant (Young Down / Old Up),FALSE
B2M,0.0121,0.0303,0.998927,0.992105,0.998189,NS,Concordant Up,TRUE
RAB11B,0.013,0.0293,0.997292,0.985321,0.997076,NS,Concordant Up,FALSE
EIF3B,0.0079,0.0343,0.999422,0.988199,0.995255,NS,Concordant Up,FALSE
PABPC4,-0.0086,0.032,0.99971,0.995281,0.99499,NS,Discordant (Young Down / Old Up),TRUE
TMED2,-0.0244,0.0161,0.995426,0.997952,0.990725,NS,Discordant (Young Down / Old Up),TRUE
EIF3D,-0.0269,0.0134,0.993064,0.998305,0.98873,NS,Discordant (Young Down / Old Up),TRUE
SKP1,-0.04,1e-4,0.984589,1,0.989713,NS,Discordant (Young Down / Old Up),FALSE
CNPY2,-2e-4,-0.0399,1,0.986453,0.992386,NS,Concordant Down,TRUE
TARS3,-0.0027,-0.0371,0.999973,0.991085,0.996006,NS,Concordant Down,TRUE
FKBP3,-0.0255,0.0138,0.991386,0.997684,0.985619,NS,Discordant (Young Down / Old Up),FALSE
PLCD4,0.0198,0.0191,0.996163,0.996515,0.999997,NS,Concordant Up,TRUE
ABCF1,0.0162,0.0214,0.99806,0.996592,0.999861,NS,Concordant Up,TRUE
ECI2,-0.0227,-0.0145,0.996297,0.99858,0.99968,NS,Concordant Down,FALSE
RRAS,-0.0084,-0.0288,0.999321,0.991684,0.997178,NS,Concordant Down,FALSE
SUCLA2,0.0291,0.0081,0.990166,0.999328,0.996671,NS,Concordant Up,FALSE
IDH2,0.0216,0.0155,0.994583,0.997394,0.999721,NS,Concordant Up,FALSE
CBR4,0.0117,-0.0254,0.999264,0.996614,0.994747,NS,Discordant (Young Up / Old Down),TRUE
C11orf68,0.0154,0.0215,0.998555,0.996837,0.999835,NS,Concordant Up,TRUE
COPS4,-0.0026,-0.0341,0.999909,0.981853,0.989558,NS,Concordant Down,FALSE
AUH,-0.0138,0.0226,0.998808,0.99684,0.994055,NS,Discordant (Young Down / Old Up),FALSE
DLST,-0.0237,0.0115,0.993584,0.998624,0.990142,NS,Discordant (Young Down / Old Up),FALSE
ANK3,0.0263,-0.0041,0.994626,0.999868,0.994838,NS,Discordant (Young Up / Old Down),TRUE
MRPL50,0.0212,0.0091,0.998503,0.999667,0.999626,NS,Concordant Up,TRUE
NPM1,-0.022,-0.0078,0.996314,0.999567,0.998981,NS,Concordant Down,FALSE
NAP1L4,0.0045,-0.0239,0.999763,0.993003,0.99300600000000006,NS,Discordant (Young Up / Old Down),FALSE
DENR,-0.022,-0.0059,0.994127,0.999625,0.997924,NS,Concordant Down,FALSE
SLC25A5,-0.001,0.0265,0.999991,0.992561,0.994428,NS,Discordant (Young Down / Old Up),FALSE
RAB7A,-0.0101,-0.0166,0.9985,0.995943,0.999588,NS,Concordant Down,FALSE
RPLP1,-0.0185,0.0074,0.998199,0.999727,0.997545,NS,Discordant (Young Down / Old Up),FALSE
PSMB1,0.0217,0.0039,0.992088,0.999787,0.996492,NS,Concordant Up,FALSE
PITPNA,-0.0179,-0.0071,0.998404,0.99959,0.999514,NS,Concordant Down,TRUE
TMEM230,0.0129,0.0118,0.998892,0.998888,0.999994,NS,Concordant Up,TRUE
ALDOA,0.0099,-0.0139,0.998844,0.997733,0.995168,NS,Discordant (Young Up / Old Down),FALSE
CAMK2G,-7e-4,-0.0215,0.999995,0.99545,0.997005,NS,Concordant Down,TRUE
PSMC5,0.0072,-0.0135,0.999356,0.997715,0.996126,NS,Discordant (Young Up / Old Down),FALSE
AK3,-0.0178,-0.0017,0.998527,0.999987,0.999175,NS,Concordant Down,FALSE
SUCLG1,0.0177,-0,0.996843,1,0.997846,NS,Discordant (Young Up / Old Down),FALSE
PPP2CA,0.0037,0.0128,0.999817,0.997695,0.999186,NS,Concordant Up,FALSE
NDUFA4,0.0111,0.0052,0.998944,0.999782,0.999797,NS,Concordant Up,FALSE
CSDE1,0.0081,-0.0061,0.999365,0.999657,0.998636,NS,Discordant (Young Up / Old Down),FALSE
ILK,0.0106,0.0032,0.998607,0.999883,0.99954,NS,Concordant Up,FALSE
RPN1,-0.0018,0.0057,0.999959,0.999601,0.999501,NS,Discordant (Young Down / Old Up),FALSE
PDHA1,0.0031,3e-4,0.99988,0.999999,0.999933,NS,Concordant Up,FALSE
PIP4K2A,-0.0024,-7e-4,0.999967,0.999995,0.999987,NS,Concordant Down,TRUE
MYBPH,1.0138,1.7207,0.015531,5e-6,0.396875,Sig Both,Concordant Up,TRUE
S100A13,1.2092,0.6614,0,0.048215,0.313053,Sig Both,Concordant Up,FALSE
ADH1B,-0.8557,-0.6939,0.002692,0.034066,0.932195,Sig Both,Concordant Down,TRUE
MYLK,-0.7289,-0.7394,0.008735,0.006591,0.999714,Sig Both,Concordant Down,TRUE
FSCN1,0.709,0.6485,0.001794,0.0032,0.986299,Sig Both,Concordant Up,TRUE
HPRT1,0.5482,0.5572,0.012958,0.005349,0.999666,Sig Both,Concordant Up,TRUE
SLC25A42,-0.3587,-0.7565,0.84596,0.031042,0.82305,Sig Old only,Concordant Down,TRUE
ANXA3,-0.486,-0.5736,0.139159,0.014173,0.972551,Sig Old only,Concordant Down,TRUE
GLIPR2,0.4489,0.6074,0.290516,0.015687,0.919478,Sig Old only,Concordant Up,TRUE
CAMK2D,0.4289,0.5428,0.089478,0.015189,0.939485,Sig Old only,Concordant Up,FALSE
ASS1,-0.2463,-0.6463,0.839407,0.037085,0.653565,Sig Old only,Concordant Down,TRUE
ARHGAP1,0.3683,0.4728,0.148629,0.030761,0.943003,Sig Old only,Concordant Up,TRUE
MUSTN1,-0.0292,0.7722,0.997693,0.042317,0.120509,Sig Old only,Discordant (Young Down / Old Up),FALSE
SYNGR2,-0.272,-0.4795,0.516732,0.03641,0.791274,Sig Old only,Concordant Down,TRUE
ALDH6A1,-0.2249,-0.5217,0.657003,0.035648,0.608154,Sig Old only,Concordant Down,TRUE
PCYT2,-0.0951,-0.4799,0.942385,0.027039,0.339503,Sig Old only,Concordant Down,TRUE
TBC1D24,0.0541,-0.4739,0.988931,0.029046,0.205657,Sig Old only,Discordant (Young Up / Old Down),TRUE
SERPINH1,0.9777,0.8207,0.0028,0.096339,0.957251,Sig Young only,Concordant Up,TRUE
S100A6,1.2584,0.532,2.1e-5,0.290197,0.20058,Sig Young only,Concordant Up,TRUE
MYH3,-1.1506,-0.4081,0.006701,0.670264,0.358374,Sig Young only,Concordant Down,TRUE
S100A4,1.0817,0.4382,2e-6,0.282877,0.134252,Sig Young only,Concordant Up,FALSE
JPT2,0.9033,0.4141,0.004031,0.220308,0.385651,Sig Young only,Concordant Up,TRUE
CARNS1,0.7943,0.4533,0.0015790000000000001,0.221116,0.624251,Sig Young only,Concordant Up,TRUE
FBN1,-0.8203,-0.3809,0.004258,0.4414,0.495503,Sig Young only,Concordant Down,TRUE
ART3,-0.7642,-0.4314,0.001047,0.192178,0.592545,Sig Young only,Concordant Down,TRUE
FAM185A,-0.8722,-0.323,0.028414,0.485825,0.385369,Sig Young only,Concordant Down,TRUE
SLC20A2,-1.1463,-0.0392,0.005986,0.996876,0.052052,Sig Young only,Concordant Down,TRUE
SORBS1,-0.8063,-0.2996,0.047259,0.581984,0.453233,Sig Young only,Concordant Down,TRUE
PEBP4,-0.6064,-0.4403,0.040966,0.169072,0.90436,Sig Young only,Concordant Down,TRUE
GSN,0.5256,0.4735,0.043257,0.101214,0.990261,Sig Young only,Concordant Up,FALSE
H1-0,-0.7195,-0.2365,2.35e-4,0.61582,0.175926,Sig Young only,Concordant Down,FALSE
EZR,0.7289,0.197,0.001803,0.788352,0.195504,Sig Young only,Concordant Up,TRUE
HSPB1,0.5302,0.3896,0.020597,0.185261,0.909808,Sig Young only,Concordant Up,FALSE
PSME2,0.6118,0.2853,0.005705,0.417823,0.505152,Sig Young only,Concordant Up,TRUE
HSPB6,0.6109,0.2797,0.006786,0.514381,0.535397,Sig Young only,Concordant Up,FALSE
COL6A1,-0.7609,0.1194,0.029557,0.955377,0.051548,Sig Young only,Discordant (Young Down / Old Up),TRUE
TUBB6,0.613,0.2375,0.007431,0.640315,0.433314,Sig Young only,Concordant Up,TRUE
CD81,-0.6933,-0.1561,0.027233,0.87766,0.272356,Sig Young only,Concordant Down,TRUE
TNNT1,-0.7547,0.087,0.037687,0.978183,0.082516,Sig Young only,Discordant (Young Down / Old Up),FALSE
UTP15,-0.7248,0.1131,0.037834,0.958372,0.063038,Sig Young only,Discordant (Young Down / Old Up),TRUE
H3-3A,-0.7906,-0.0448,0.01523,0.993983,0.124025,Sig Young only,Concordant Down,FALSE
ANXA1,0.5916,0.2384,0.029272,0.700533,0.562779,Sig Young only,Concordant Up,FALSE
TOR1AIP1,-0.6152,-0.21,0.03953,0.69293,0.427756,Sig Young only,Concordant Down,TRUE
TNNC1,-0.7281,0.0911,0.027977,0.972713,0.062537,Sig Young only,Discordant (Young Down / Old Up),FALSE
GNAS,-0.4918,-0.3092,0.003732,0.195403,0.760151,Sig Young only,Concordant Down,FALSE
GLRX3,0.5574,0.2165,6.89e-4,0.530884,0.301821,Sig Young only,Concordant Up,FALSE
TNNI1,-0.7107,0.0606,0.044369,0.988941,0.109169,Sig Young only,Discordant (Young Down / Old Up),FALSE
DYNC1LI1,0.6541,0.104,7.03e-4,0.914913,0.055384,Sig Young only,Concordant Up,TRUE
FARSB,0.6285,0.1232,6.01e-4,0.880935,0.087901000000000007,Sig Young only,Concordant Up,FALSE
NDUFA3,-0.6511,-0.0926,0.001767,0.946872,0.086605,Sig Young only,Concordant Down,FALSE
MSN,0.4949,0.2481,5.67e-4,0.290218,0.477212,Sig Young only,Concordant Up,FALSE
FLNC,0.5282,0.2122,0.043848,0.730899,0.599445,Sig Young only,Concordant Up,FALSE
AKR1C3,0.6694,0.0679,0.005719,0.977685,0.105363,Sig Young only,Concordant Up,FALSE
S100A11,0.544,0.193,0.01724,0.73975,0.453885,Sig Young only,Concordant Up,TRUE
MT-ND4,-0.5174,-0.2179,0.039173,0.697199,0.614208,Sig Young only,Concordant Down,FALSE
NFIC,-0.5819,-0.1288,0.006703,0.860146,0.176397,Sig Young only,Concordant Down,TRUE
UBE2I,-0.4831,-0.2245,0.044145,0.638507,0.675129,Sig Young only,Concordant Down,TRUE
MAOA,-0.5078,-0.1941,0.015495,0.699162,0.488931,Sig Young only,Concordant Down,FALSE
CALU,0.3928,0.3069,0.040021,0.19559000000000001,0.951394,Sig Young only,Concordant Up,FALSE
SNU13,-0.508,-0.1851,0.007561,0.65866,0.38591,Sig Young only,Concordant Down,TRUE
GBE1,0.4435,0.2465,0.030169,0.471041,0.7604,Sig Young only,Concordant Up,FALSE
DYNLT1,0.4335,0.2535,0.008468,0.265105,0.720644,Sig Young only,Concordant Up,TRUE
RPS11,0.4924,0.1916,0.002318,0.580483,0.36461,Sig Young only,Concordant Up,TRUE
HSPB7,0.4731,0.2019,0.033092,0.679465,0.61046,Sig Young only,Concordant Up,FALSE
VARS1,0.5164,0.154,9.26e-4,0.728248,0.19653,Sig Young only,Concordant Up,FALSE
CBR1,0.4263,0.2353,0.017187,0.425499,0.728249,Sig Young only,Concordant Up,FALSE
UBE2B,-0.6201,0.0347,0.023993,0.993236,0.052245,Sig Young only,Discordant (Young Down / Old Up),TRUE
RBM3,-0.6171,0.0331,0.046543,0.995817,0.126127,Sig Young only,Discordant (Young Down / Old Up),TRUE
MICU2,-0.549,-0.0824,0.0349,0.94485,0.195414,Sig Young only,Concordant Down,TRUE
COX7B,-0.601,-0.0304,0.019281,0.995799,0.137446,Sig Young only,Concordant Down,FALSE
NDUFS7,-0.564,0.0465,0.017172,0.988405,0.058651,Sig Young only,Discordant (Young Down / Old Up),FALSE
MGST3,-0.4589,-0.151,0.020239,0.791658,0.441442,Sig Young only,Concordant Down,FALSE
MAOB,-0.424,-0.1828,0.021961,0.646457,0.587188,Sig Young only,Concordant Down,FALSE
MT-CO3,-0.5282,-0.0733,0.038123,0.967698,0.25215,Sig Young only,Concordant Down,TRUE
NDUFB7,-0.5358,-0.0559,0.018655,0.981504,0.178561,Sig Young only,Concordant Down,FALSE
CCT6A,0.4038,0.1658,0.006518,0.605014,0.469694,Sig Young only,Concordant Up,FALSE
NDUFB6,-0.5514,0.0169,0.02056,0.998554,0.09116,Sig Young only,Discordant (Young Down / Old Up),FALSE
DYNC1H1,0.4449,0.1194,8.79e-4,0.781874,0.159864,Sig Young only,Concordant Up,FALSE
TMEM143,-0.5107,0.0536,0.030975,0.982578,0.072531,Sig Young only,Discordant (Young Down / Old Up),TRUE
CAPN2,0.3463,0.2028,0.04797,0.476465,0.819389,Sig Young only,Concordant Up,FALSE
USP9X,0.4173,0.1198,0.016221,0.764688,0.290684,Sig Young only,Concordant Up,TRUE
RAB6A,0.4373,0.0819,0.035369,0.943619,0.312483,Sig Young only,Concordant Up,TRUE
PSME1,0.3948,0.1158,0.011052,0.819473,0.344515,Sig Young only,Concordant Up,FALSE
FARSA,0.4426,0.0452,0.04089,0.985369,0.24418,Sig Young only,Concordant Up,TRUE
NDUFV2,-0.4563,0.0308,0.025808,0.993305,0.085267,Sig Young only,Discordant (Young Down / Old Up),FALSE
EMD,-0.4248,0.0462,0.027478,0.980473,0.05819,Sig Young only,Discordant (Young Down / Old Up),TRUE
DYNC1I2,0.3792,0.0892,0.013879,0.89368,0.290962,Sig Young only,Concordant Up,FALSE
WBP2,-0.3821,-0.0342,0.031453,0.987466,0.184592,Sig Young only,Concordant Down,TRUE
ACP1,-0.3593,0.0365,0.038833,0.986402,0.093638,Sig Young only,Discordant (Young Down / Old Up),FALSE
